"","objectId","event","unixtime","m_PM1_CF1","m_PM1_ATM","m_PM1_b","m_PM25_CF1","m_PM25_ATM","m_PM25_b","m_PM4_b","m_PM10_CF1","m_PM10_ATM","m_PM10_b","n_PM03_P","n_PM05_P","n_PM05_b","n_PM1_P","n_PM1_b","n_PM25_P","n_PM25_b","n_PM4_b","tempC_pms","rh_pms","n_PM10_b","typ_size_b","temp_C","tempC_sen5x","rh","rh_sen5x","o3","vocIdx","noxIdx","lat","lon","alt","sats","counter","moos","ver","coreid","published_at","createdAt","updatedAt","date"
"1","qfYqzKnFQ1","MOOSPMv3Parser",1789689600,3,3,3,5,5,3,3,5,5,3,1298,217,59842,31,23,3,23,23,25,30,23,0,27,28,37,38,40.173,17,2,36.503025,-120.325455,41.678001,9,600,58,3,"e00fce68e77e43df92405fdb",2026-09-18 00:00:02.508,2026-09-18 00:00:02.978,2026-09-18 00:00:02.978,2026-09-18
"2","fIzrKbsHyJ","MOOSPMv3Parser",1789689600,0,0,2,0,0,2,2,1,1,2,251,156,45708,25,16,3,16,16,27,32,16,1,27,30,36,32,28.23,21,1,36.198895,-120.104401,72.333,8,599,58,3,"e00fce686dc2ef0a68fa40b0",2026-09-18 00:00:02.821,2026-09-18 00:00:03.168,2026-09-18 00:00:03.168,2026-09-18
"3","j28bXXdi0t","MOOSPMv3Parser",1789689600,6,6,5,9,9,6,6,10,10,6,1258,345,241698,64,37,5,38,38,25,35,38,1,27,28,41,40,32.384,10,14,35.949665,-119.049973,107.778,8,600,58,3,"e00fce6808784ceaf209f949",2026-09-18 00:00:02.883,2026-09-18 00:00:03.186,2026-09-18 00:00:03.186,2026-09-18
"4","g0b4xLs8Uc","MOOSPMv3Parser",1789689600,4,4,0,6,6,0,0,7,7,0,897,255,217114,47,0,4,0,0,31,19,0,0,30,35,33,28,36.507,31,3277,1.3e-05,0.002357,2586.38208,9,600,58,3,"e00fce68e28dcbc9a589be10",2026-09-18 00:00:03.01,2026-09-18 00:00:03.396,2026-09-18 00:00:03.396,2026-09-18
"5","1HGiMMDbiQ","MOOSPMv3Parser",1789689600,5,5,5,8,8,6,6,9,9,7,1426,296,140937,59,41,5,42,42,27,31,42,1,28,30,36,35,37.726,10,5,35.775051,-119.238503,74.734001,6,600,58,3,"e00fce68e88237db75a60608",2026-09-18 00:00:03.304,2026-09-18 00:00:03.627,2026-09-18 00:00:03.627,2026-09-18
"6","4QsKDWmp5S","MOOSPMv3Parser",1789689601,0,0,5,3,3,5,6,3,3,6,331,232,96833,46,35,7,35,36,29,30,36,1,28,31,35,33,28.992,12,6,35.963158,-119.291771,44.220001,8,599,58,3,"e00fce68d6b773b56ce8baa0",2026-09-18 00:00:03.633,2026-09-18 00:00:04.207,2026-09-18 00:00:04.207,2026-09-18
"7","1bkHJlEZ5w","MOOSPMv3Parser",1789689601,3,3,4,5,5,5,6,7,7,6,677,206,184325,42,32,5,33,33,0,0,33,1,28,29,37,37,24.026,79,11,36.43359,-119.923309,34.717999,10,600,58,3,"e00fce6876826e255108c6bd",2026-09-18 00:00:04.673,2026-09-18 00:00:04.898,2026-09-18 00:00:04.898,2026-09-18
"8","UUDanX6o6B","MOOSPMv3Parser",1789689601,3,3,4,6,6,4,4,6,6,4,874,215,303446,44,31,3,31,31,26,26,31,0,32,29,29,35,513.124,33,3,36.139042,-120.368431,172.766998,8,600,58,3,"e00fce6850cac69f647dc199",2026-09-18 00:00:04.825,2026-09-18 00:00:05.082,2026-09-18 00:00:05.082,2026-09-18
"9","gmZDfN1w65","MOOSPMv3Parser",1789689601,5,5,0,8,8,0,0,9,9,0,1219,289,0,60,0,5,0,0,28,25,0,2,28,31,36,34,31.923,15,83,36.187519,-119.82222,23.030001,7,600,58,3,"e00fce68e739ecbcf9e91965",2026-09-18 00:00:04.974,2026-09-18 00:00:05.301,2026-09-18 00:00:05.301,2026-09-18
"10","GW74hK0DAI","MOOSPMv3Parser",1789689601,3,3,4,5,5,4,4,5,5,4,795,221,105372,34,30,2,31,31,26,32,31,0,27,29,37,36,35.315,15,16,36.523384,-119.278748,82.339996,6,600,58,3,"e00fce68f12da1a0c5de6248",2026-09-18 00:00:06.586,2026-09-18 00:00:06.776,2026-09-18 00:00:06.776,2026-09-18
"11","NJvgm8XPTv","MOOSPMv3Parser",1789690200,3,3,3,5,5,3,3,5,5,3,1315,221,59862,33,22,3,23,23,25,28,23,0,27,28,36,36,40.653,17,2,36.503117,-120.325462,58.466,6,600,58,3,"e00fce68e77e43df92405fdb",2026-09-18 00:10:02.581,2026-09-18 00:10:02.728,2026-09-18 00:10:02.728,2026-09-18
"12","MsVKJps7pP","MOOSPMv3Parser",1789690200,6,6,5,9,9,6,6,9,9,6,1260,339,241731,60,37,4,38,38,25,35,38,1,27,28,41,40,32.835,9,14,35.949669,-119.049767,154.973007,7,600,58,3,"e00fce6808784ceaf209f949",2026-09-18 00:10:02.822,2026-09-18 00:10:03.022,2026-09-18 00:10:03.022,2026-09-18
"13","6OqFs7neFf","MOOSPMv3Parser",1789690200,4,4,0,6,6,0,0,7,7,0,871,244,217114,46,0,3,0,0,30,19,0,0,30,34,34,29,37.892,27,3277,1.3e-05,0.002357,2586.38208,9,600,58,3,"e00fce68e28dcbc9a589be10",2026-09-18 00:10:02.993,2026-09-18 00:10:03.145,2026-09-18 00:10:03.145,2026-09-18
"14","ihAwlufczS","MOOSPMv3Parser",1789690200,5,5,5,8,8,6,7,9,9,7,1421,302,140974,61,43,5,43,43,27,30,43,1,28,30,37,35,37.133,9,5,35.775063,-119.238525,59.872002,8,600,58,3,"e00fce68e88237db75a60608",2026-09-18 00:10:03.237,2026-09-18 00:10:03.367,2026-09-18 00:10:03.367,2026-09-18
"15","DXE7qNlWfh","MOOSPMv3Parser",1789690200,0,0,2,0,0,2,2,1,1,3,242,151,45722,24,17,2,17,17,27,33,17,0,27,30,37,33,28.777,24,1,36.198883,-120.104416,72.786003,10,599,58,3,"e00fce686dc2ef0a68fa40b0",2026-09-18 00:10:03.256,2026-09-18 00:10:03.469,2026-09-18 00:10:03.469,2026-09-18
"16","uwv5sgmcfH","MOOSPMv3Parser",1789690201,3,3,4,5,5,5,6,7,7,6,680,209,184352,44,33,5,34,34,0,0,34,1,28,29,36,37,23.946,79,10,36.433304,-119.923347,14.262,6,600,58,3,"e00fce6876826e255108c6bd",2026-09-18 00:10:04.742,2026-09-18 00:10:04.909,2026-09-18 00:10:04.909,2026-09-18
"17","Z5zDBwOgjF","MOOSPMv3Parser",1789690201,5,5,0,8,8,0,0,10,10,0,1218,294,0,59,0,8,0,0,28,25,0,2,28,31,36,34,31.348,19,85,36.187553,-119.822067,30.399,8,600,58,3,"e00fce68e739ecbcf9e91965",2026-09-18 00:10:04.966,2026-09-18 00:10:05.144,2026-09-18 00:10:05.144,2026-09-18
"18","OEqrJ8FWkH","MOOSPMv3Parser",1789690201,3,3,4,5,5,4,4,6,6,4,863,211,303476,40,31,3,31,31,26,27,31,0,31,29,29,36,513.187,30,3,36.138981,-120.368385,173.393997,9,600,58,3,"e00fce6850cac69f647dc199",2026-09-18 00:10:05.073,2026-09-18 00:10:05.226,2026-09-18 00:10:05.226,2026-09-18
"19","YQyMDWwRCd","MOOSPMv3Parser",1789690201,3,3,4,5,5,4,4,6,6,4,802,224,105398,38,29,2,30,30,26,32,30,0,27,29,37,36,35.213,12,18,36.523384,-119.278748,82.343002,0,600,58,3,"e00fce68f12da1a0c5de6248",2026-09-18 00:10:06.618,2026-09-18 00:10:06.786,2026-09-18 00:10:06.786,2026-09-18
"20","vFIsMmwl7r","MOOSPMv3Parser",1789690201,0,0,4,3,3,5,6,3,3,6,339,241,96861,46,34,6,35,35,29,30,35,1,29,31,35,33,28.474,13,6,35.963116,-119.291794,64.985001,7,599,58,3,"e00fce68d6b773b56ce8baa0",2026-09-18 00:10:33.886,2026-09-18 00:10:34.07,2026-09-18 00:10:34.07,2026-09-18
"21","XKpMCY17Ij","MOOSPMv3Parser",1789690800,0,0,2,0,0,3,3,0,0,3,247,153,45736,25,18,2,18,18,26,33,18,1,27,29,37,33,28.94,19,1,36.198917,-120.104378,73.830002,9,599,58,3,"e00fce686dc2ef0a68fa40b0",2026-09-18 00:20:02.129,2026-09-18 00:20:02.31,2026-09-18 00:20:02.31,2026-09-18
"22","bZTwReVwXY","MOOSPMv3Parser",1789690800,3,3,3,5,5,3,3,5,5,3,1250,208,59881,31,22,3,22,22,25,29,22,0,26,28,37,37,40.753,13,3,36.503098,-120.325394,45.007999,7,600,58,3,"e00fce68e77e43df92405fdb",2026-09-18 00:20:02.592,2026-09-18 00:20:02.74,2026-09-18 00:20:02.74,2026-09-18
"23","eTXiRY1uuV","MOOSPMv3Parser",1789690800,6,6,5,9,9,6,6,10,10,6,1214,325,241763,63,37,5,37,37,25,35,37,1,27,27,41,40,32.588,10,14,35.949657,-119.049866,131.369995,7,600,58,3,"e00fce6808784ceaf209f949",2026-09-18 00:20:02.78,2026-09-18 00:20:02.952,2026-09-18 00:20:02.952,2026-09-18
"24","6VCgJS2831","MOOSPMv3Parser",1789690800,4,4,0,6,6,0,0,6,6,0,859,242,217114,44,0,3,0,0,30,20,0,0,30,34,34,30,37.837,20,3277,1.3e-05,0.002357,2586.38208,9,600,58,3,"e00fce68e28dcbc9a589be10",2026-09-18 00:20:03.062,2026-09-18 00:20:03.251,2026-09-18 00:20:03.251,2026-09-18
"25","6aFnAi2g3Y","MOOSPMv3Parser",1789690800,5,5,5,8,8,6,7,9,9,7,1420,299,141010,58,42,6,43,43,27,31,43,1,28,30,37,35,38.558,8,6,35.774944,-119.238586,61.633999,9,600,58,3,"e00fce68e88237db75a60608",2026-09-18 00:20:03.255,2026-09-18 00:20:03.504,2026-09-18 00:20:03.504,2026-09-18
"26","CFsXklWaNA","MOOSPMv3Parser",1789690801,1,1,5,3,3,5,6,4,4,6,347,250,96729,47,36,6,37,37,28,30,37,1,29,31,35,33,27.575,13,6,35.963249,-119.291702,75.763,8,600,58,3,"e00fce68d6b773b56ce8baa0",2026-09-18 00:20:03.54,2026-09-18 00:20:03.713,2026-09-18 00:20:03.713,2026-09-18
"27","CMIWjSNqK7","MOOSPMv3Parser",1789690801,3,3,5,6,6,6,8,8,8,8,759,233,184380,49,34,6,36,36,0,0,36,1,27,28,36,37,24.393,80,10,36.433643,-119.923317,43.143002,9,600,58,3,"e00fce6876826e255108c6bd",2026-09-18 00:20:04.673,2026-09-18 00:20:04.837,2026-09-18 00:20:04.837,2026-09-18
"28","SaUtd0jr6j","MOOSPMv3Parser",1789690801,5,5,0,8,8,0,0,9,9,0,1218,288,0,61,0,6,0,0,27,25,0,2,28,30,36,34,31.382,22,85,36.18763,-119.822105,31.725,8,600,58,3,"e00fce68e739ecbcf9e91965",2026-09-18 00:20:04.975,2026-09-18 00:20:05.175,2026-09-18 00:20:05.175,2026-09-18
"29","H23C1gQM9g","MOOSPMv3Parser",1789690801,3,3,4,5,5,4,4,6,6,4,817,203,303505,40,30,3,30,30,25,27,30,0,31,28,30,36,513.247,29,3,36.13892,-120.368362,175.576996,6,600,58,3,"e00fce6850cac69f647dc199",2026-09-18 00:20:05.385,2026-09-18 00:20:05.543,2026-09-18 00:20:05.543,2026-09-18
"30","wniFAzIRm0","MOOSPMv3Parser",1789690801,4,4,4,5,5,4,4,6,6,4,819,223,105425,37,31,2,31,31,25,32,31,0,27,29,37,36,34.973,15,19,36.523293,-119.278862,85.497002,5,600,58,3,"e00fce68f12da1a0c5de6248",2026-09-18 00:20:06.525,2026-09-18 00:20:06.717,2026-09-18 00:20:06.717,2026-09-18
"31","aplDCn9JmC","MOOSPMv3Parser",1789691400,3,3,3,5,5,3,3,5,5,3,1250,204,59900,33,22,2,23,23,25,29,23,0,26,27,37,37,40.963,12,3,36.503082,-120.325432,43.962002,7,600,58,3,"e00fce68e77e43df92405fdb",2026-09-18 00:30:02.585,2026-09-18 00:30:02.744,2026-09-18 00:30:02.744,2026-09-18
"32","SZ1R07KNo6","MOOSPMv3Parser",1789691400,0,0,2,0,0,2,2,1,1,2,248,154,45749,25,15,2,16,16,26,34,16,1,27,29,37,34,29.241,17,2,36.198814,-120.104301,45.497002,7,599,58,3,"e00fce686dc2ef0a68fa40b0",2026-09-18 00:30:02.68,2026-09-18 00:30:02.839,2026-09-18 00:30:02.839,2026-09-18
"33","CQJzwRXs6E","MOOSPMv3Parser",1789691400,6,6,5,10,10,6,6,10,10,6,1341,360,241795,63,37,5,38,38,25,35,38,1,26,27,41,40,33.122,10,13,35.949638,-119.049957,112.944,6,600,58,3,"e00fce6808784ceaf209f949",2026-09-18 00:30:02.743,2026-09-18 00:30:02.908,2026-09-18 00:30:02.908,2026-09-18
"34","ZEPg6nUEYA","MOOSPMv3Parser",1789691400,4,4,0,6,6,0,0,6,6,0,832,236,217114,44,0,3,0,0,30,21,0,0,29,33,35,30,37.608,19,3277,1.3e-05,0.002357,2586.38208,9,600,58,3,"e00fce68e28dcbc9a589be10",2026-09-18 00:30:02.995,2026-09-18 00:30:03.165,2026-09-18 00:30:03.165,2026-09-18
"35","h6bGjVU2ag","MOOSPMv3Parser",1789691400,5,5,5,9,9,6,7,9,9,7,1440,309,141046,59,42,4,43,43,26,32,43,1,28,30,37,36,38.656,7,6,35.774944,-119.238586,61.632999,0,600,58,3,"e00fce68e88237db75a60608",2026-09-18 00:30:03.302,2026-09-18 00:30:03.52,2026-09-18 00:30:03.52,2026-09-18
"36","MFcD1CqBxT","MOOSPMv3Parser",1789691401,0,0,5,3,3,5,6,3,3,6,347,246,96759,47,37,6,37,37,28,31,37,1,29,31,35,33,27.864,21,6,35.963135,-119.291748,60.653,6,600,58,3,"e00fce68d6b773b56ce8baa0",2026-09-18 00:30:03.948,2026-09-18 00:30:04.102,2026-09-18 00:30:04.102,2026-09-18
"37","Go7DPoSAwN","MOOSPMv3Parser",1789691401,3,3,4,6,6,4,4,6,6,4,847,214,303535,42,31,3,32,32,25,28,32,0,30,28,30,36,513.247,28,3,36.139038,-120.368454,178.600998,7,600,58,3,"e00fce6850cac69f647dc199",2026-09-18 00:30:04.655,2026-09-18 00:30:04.804,2026-09-18 00:30:04.804,2026-09-18
"38","qs5nsp3CwA","MOOSPMv3Parser",1789691401,3,3,4,5,5,5,6,7,7,6,713,217,184405,46,31,5,32,32,0,0,32,1,27,28,36,37,23.789,80,11,36.433617,-119.92334,29.125999,9,600,58,3,"e00fce6876826e255108c6bd",2026-09-18 00:30:04.675,2026-09-18 00:30:04.923,2026-09-18 00:30:04.923,2026-09-18
"39","3FCZEsXlPt","MOOSPMv3Parser",1789691401,5,5,0,9,9,0,0,10,10,0,1190,287,0,61,0,10,0,0,27,26,0,2,28,30,37,35,31.211,20,100,36.187645,-119.82206,33.240002,10,600,58,3,"e00fce68e739ecbcf9e91965",2026-09-18 00:30:05.124,2026-09-18 00:30:05.287,2026-09-18 00:30:05.287,2026-09-18
"40","5lA3Y4tZVK","MOOSPMv3Parser",1789691401,4,4,4,5,5,4,4,6,6,4,819,226,105452,34,31,2,31,31,25,33,31,0,27,28,38,36,35.448,12,20,36.523285,-119.278824,78.314003,8,600,58,3,"e00fce68f12da1a0c5de6248",2026-09-18 00:30:06.45,2026-09-18 00:30:06.651,2026-09-18 00:30:06.651,2026-09-18
"41","KDzlQFGw6y","MOOSPMv3Parser",1789692000,3,3,3,4,4,3,3,5,5,3,1257,209,59918,32,21,2,21,21,25,29,21,0,26,27,37,38,40.611,11,3,36.503147,-120.325417,49.683998,10,600,58,3,"e00fce68e77e43df92405fdb",2026-09-18 00:40:02.584,2026-09-18 00:40:02.815,2026-09-18 00:40:02.815,2026-09-18
"42","VYwRK1xvue","MOOSPMv3Parser",1789692000,0,0,2,0,0,2,2,0,0,2,242,150,45687,23,17,2,17,17,26,34,17,0,27,29,38,34,28.592,16,2,36.198814,-120.104301,45.502998,0,600,58,3,"e00fce686dc2ef0a68fa40b0",2026-09-18 00:40:02.827,2026-09-18 00:40:02.977,2026-09-18 00:40:02.977,2026-09-18
"43","9xG93qZaFl","MOOSPMv3Parser",1789692000,6,6,5,10,10,6,6,10,10,7,1287,352,241829,68,39,5,39,40,25,35,40,1,26,27,41,40,32.744,10,14,35.949547,-119.04995,109.223999,6,600,58,3,"e00fce6808784ceaf209f949",2026-09-18 00:40:02.744,2026-09-18 00:40:03.006,2026-09-18 00:40:03.006,2026-09-18
"44","Eqo8MkB4P4","MOOSPMv3Parser",1789692000,4,4,0,6,6,0,0,7,7,0,836,237,217114,46,0,3,0,0,29,22,0,0,29,33,35,31,36.85,20,3277,1.3e-05,0.002357,2586.38208,9,600,58,3,"e00fce68e28dcbc9a589be10",2026-09-18 00:40:03.074,2026-09-18 00:40:03.26,2026-09-18 00:40:03.26,2026-09-18
"45","IQAHZUDJYq","MOOSPMv3Parser",1789692000,5,5,5,9,9,6,6,9,9,7,1388,295,141080,64,41,7,42,42,26,32,42,1,28,29,37,36,38.901,7,6,35.775032,-119.238495,65.745003,9,600,58,3,"e00fce68e88237db75a60608",2026-09-18 00:40:03.46,2026-09-18 00:40:03.682,2026-09-18 00:40:03.682,2026-09-18
"46","hjDIFTgH7e","MOOSPMv3Parser",1789692001,0,0,4,3,3,5,5,3,3,6,337,238,96949,46,34,5,35,35,28,31,35,1,28,30,35,33,28.124,18,6,35.963242,-119.291855,39.370998,11,599,58,3,"e00fce68d6b773b56ce8baa0",2026-09-18 00:40:03.642,2026-09-18 00:40:03.809,2026-09-18 00:40:03.809,2026-09-18
"47","PQJKJ84V5I","MOOSPMv3Parser",1789692001,3,3,4,5,5,5,6,7,7,6,689,212,184431,42,31,6,32,32,0,0,32,1,27,28,35,36,23.849,80,11,36.433659,-119.923317,31.42,8,600,58,3,"e00fce6876826e255108c6bd",2026-09-18 00:40:04.682,2026-09-18 00:40:04.891,2026-09-18 00:40:04.891,2026-09-18
"48","QKR17HgdZS","MOOSPMv3Parser",1789692001,3,3,4,5,5,4,4,6,6,4,795,200,303566,40,31,2,31,31,25,28,31,0,30,28,31,37,513.23,28,3,36.138798,-120.368431,131.556,7,600,58,3,"e00fce6850cac69f647dc199",2026-09-18 00:40:04.752,2026-09-18 00:40:04.904,2026-09-18 00:40:04.904,2026-09-18
"49","KDSM0TEMYx","MOOSPMv3Parser",1789692001,5,5,0,8,8,0,0,9,9,0,1204,296,0,57,0,5,0,0,27,26,0,2,28,30,37,35,31.172,22,109,36.187538,-119.822052,29.322001,5,600,58,3,"e00fce68e739ecbcf9e91965",2026-09-18 00:40:05.29,2026-09-18 00:40:05.503,2026-09-18 00:40:05.503,2026-09-18
"50","2rSmdVsXqp","MOOSPMv3Parser",1789692001,3,3,4,5,5,4,4,6,6,4,793,219,105478,35,30,2,31,31,25,33,31,0,27,28,38,37,35.855,15,22,36.523289,-119.278687,57.870998,7,600,58,3,"e00fce68f12da1a0c5de6248",2026-09-18 00:40:06.469,2026-09-18 00:40:06.684,2026-09-18 00:40:06.684,2026-09-18
"51","gRWU90ZwtP","MOOSPMv3Parser",1789692600,3,3,3,4,4,3,3,5,5,3,1226,206,59936,31,21,2,21,21,25,30,21,0,26,27,38,39,40.334,11,3,36.503162,-120.325401,43.291,10,600,58,3,"e00fce68e77e43df92405fdb",2026-09-18 00:50:02.618,2026-09-18 00:50:02.801,2026-09-18 00:50:02.801,2026-09-18
"52","d1mG6U4T67","MOOSPMv3Parser",1789692600,6,6,4,9,9,5,6,10,10,6,1243,338,241861,64,35,5,35,35,25,35,35,1,26,27,41,40,33.086,10,14,35.949547,-119.04995,109.223999,0,600,58,3,"e00fce6808784ceaf209f949",2026-09-18 00:50:02.77,2026-09-18 00:50:02.984,2026-09-18 00:50:02.984,2026-09-18
"53","a7jFzK1SFA","MOOSPMv3Parser",1789692600,4,4,0,7,7,0,0,8,8,0,886,254,217114,52,0,4,0,0,29,22,0,0,29,32,35,32,36.243,24,3277,1.3e-05,0.002357,2586.38208,9,600,58,3,"e00fce68e28dcbc9a589be10",2026-09-18 00:50:02.998,2026-09-18 00:50:03.177,2026-09-18 00:50:03.177,2026-09-18
"54","2gbiJgHKdP","MOOSPMv3Parser",1789692600,0,0,2,0,0,2,3,0,0,3,241,149,45777,23,17,2,17,17,26,34,17,1,27,29,37,34,27.989,27,2,36.198822,-120.104362,61.042999,6,599,58,3,"e00fce686dc2ef0a68fa40b0",2026-09-18 00:50:03.228,2026-09-18 00:50:03.412,2026-09-18 00:50:03.412,2026-09-18
"55","E0ubfmMVc3","MOOSPMv3Parser",1789692600,5,5,5,8,8,6,6,9,9,7,1467,312,141115,56,41,5,42,42,26,32,42,1,28,29,37,37,39.199,7,6,35.775009,-119.238525,58.316002,9,600,58,3,"e00fce68e88237db75a60608",2026-09-18 00:50:03.292,2026-09-18 00:50:03.458,2026-09-18 00:50:03.458,2026-09-18
"56","AbAUg2BLYD","MOOSPMv3Parser",1789692601,0,0,4,3,3,5,5,3,3,6,335,240,96815,45,33,6,34,34,28,31,34,1,28,30,36,34,27.39,15,6,35.963081,-119.291801,53.669998,9,600,58,3,"e00fce68d6b773b56ce8baa0",2026-09-18 00:50:04.047,2026-09-18 00:50:04.238,2026-09-18 00:50:04.238,2026-09-18
"57","3ZHjMNh4Qa","MOOSPMv3Parser",1789692601,3,3,4,5,5,4,5,7,7,5,655,199,184455,43,27,6,28,28,0,0,28,1,27,28,36,37,23.801,80,11,36.433594,-119.923355,27.642,10,600,58,3,"e00fce6876826e255108c6bd",2026-09-18 00:50:04.739,2026-09-18 00:50:04.897,2026-09-18 00:50:04.897,2026-09-18
"58","2DbjHYv3UC","MOOSPMv3Parser",1789692601,3,3,4,6,6,4,4,6,6,4,860,217,303597,44,32,2,32,32,24,29,32,0,29,27,32,38,513.152,26,3,36.139042,-120.368423,164.054993,8,600,58,3,"e00fce6850cac69f647dc199",2026-09-18 00:50:05.067,2026-09-18 00:50:05.258,2026-09-18 00:50:05.258,2026-09-18
"59","KSi5mGDs7t","MOOSPMv3Parser",1789692601,5,5,0,8,8,0,0,9,9,0,1183,289,0,57,0,8,0,0,26,26,0,2,27,29,37,36,31.259,25,121,36.187538,-119.822052,29.323,0,600,58,3,"e00fce68e739ecbcf9e91965",2026-09-18 00:50:05.135,2026-09-18 00:50:05.305,2026-09-18 00:50:05.305,2026-09-18
"60","5chUB07nXT","MOOSPMv3Parser",1789692601,3,3,4,5,5,4,5,6,6,5,825,225,105506,35,33,2,33,33,25,33,33,0,27,28,38,36,35.537,17,22,36.523319,-119.278786,79.317001,7,600,58,3,"e00fce68f12da1a0c5de6248",2026-09-18 00:50:06.448,2026-09-18 00:50:06.622,2026-09-18 00:50:06.622,2026-09-18
"61","JlsSxb3dDc","MOOSPMv3Parser",1789693200,0,0,2,0,0,2,2,0,0,2,243,151,45791,25,17,2,17,17,26,34,17,0,26,28,38,35,28.112,18,2,36.19873,-120.104324,97.931999,5,599,58,3,"e00fce686dc2ef0a68fa40b0",2026-09-18 01:00:02.349,2026-09-18 01:00:02.499,2026-09-18 01:00:02.499,2026-09-18
"62","3rYgEJ4ksA","MOOSPMv3Parser",1789693200,3,3,3,4,4,3,3,5,5,3,1213,201,59956,30,22,2,22,22,24,30,22,0,26,27,38,38,40.907,12,3,36.503162,-120.325401,43.291,0,600,58,3,"e00fce68e77e43df92405fdb",2026-09-18 01:00:02.722,2026-09-18 01:00:03.041,2026-09-18 01:00:03.041,2026-09-18
"63","YLnLtCi228","MOOSPMv3Parser",1789693200,5,5,4,8,8,5,5,9,9,5,1186,321,241893,58,33,4,34,34,24,35,34,1,26,27,42,40,32.193,11,14,35.949551,-119.049957,111.161003,8,600,58,3,"e00fce6808784ceaf209f949",2026-09-18 01:00:02.948,2026-09-18 01:00:03.198,2026-09-18 01:00:03.198,2026-09-18
"64","BeUTUmftHO","MOOSPMv3Parser",1789693200,4,4,0,7,7,0,0,7,7,0,884,249,217114,49,0,4,0,0,28,23,0,0,28,31,36,33,36.27,30,3277,1.3e-05,0.002357,2586.38208,9,600,58,3,"e00fce68e28dcbc9a589be10",2026-09-18 01:00:03.063,2026-09-18 01:00:03.318,2026-09-18 01:00:03.318,2026-09-18
"65","lPLCAQ52nD","MOOSPMv3Parser",1789693200,5,5,5,8,8,6,6,9,9,6,1405,300,141150,58,42,4,42,42,26,33,42,1,27,29,38,38,38.423,9,7,35.775074,-119.238495,63.673,6,600,58,3,"e00fce68e88237db75a60608",2026-09-18 01:00:03.3,2026-09-18 01:00:03.494,2026-09-18 01:00:03.494,2026-09-18
"66","cjvREQtFHg","MOOSPMv3Parser",1789693201,1,1,5,3,3,5,6,4,4,6,360,259,96844,47,35,6,35,36,28,31,36,1,28,30,36,34,27.246,18,6,35.963184,-119.291824,32.730999,9,600,58,3,"e00fce68d6b773b56ce8baa0",2026-09-18 01:00:03.563,2026-09-18 01:00:03.725,2026-09-18 01:00:03.725,2026-09-18
"67","ZfG4efwmO0","MOOSPMv3Parser",1789693201,2,2,4,5,5,5,5,6,6,6,602,186,184479,40,29,5,30,30,0,0,30,1,27,28,36,37,23.622,80,11,36.433666,-119.923363,24.07,10,600,58,3,"e00fce6876826e255108c6bd",2026-09-18 01:00:04.834,2026-09-18 01:00:05.037,2026-09-18 01:00:05.037,2026-09-18
"68","lBekP6d8Zs","MOOSPMv3Parser",1789693201,5,5,0,8,8,0,0,9,9,0,1173,285,0,57,0,7,0,0,26,27,0,2,27,29,37,36,31.328,22,155,36.187523,-119.822243,16.302999,5,600,58,3,"e00fce68e739ecbcf9e91965",2026-09-18 01:00:05.208,2026-09-18 01:00:05.391,2026-09-18 01:00:05.391,2026-09-18
"69","jRBls72wwL","MOOSPMv3Parser",1789693201,3,3,4,5,5,4,4,6,6,4,850,213,303629,43,32,2,32,32,24,29,32,0,29,27,33,38,513.194,27,3,36.138981,-120.36837,171.162994,7,600,58,3,"e00fce6850cac69f647dc199",2026-09-18 01:00:05.458,2026-09-18 01:00:05.62,2026-09-18 01:00:05.62,2026-09-18
"70","3KmMYA9Toy","MOOSPMv3Parser",1789693201,4,4,4,5,5,5,5,6,6,5,805,223,105535,36,33,3,33,33,25,33,33,0,26,28,38,37,34.671,23,22,36.523346,-119.278786,81.304001,7,600,58,3,"e00fce68f12da1a0c5de6248",2026-09-18 01:00:06.498,2026-09-18 01:00:06.688,2026-09-18 01:00:06.688,2026-09-18
"71","ruDzXw6E6C","MOOSPMv3Parser",1789693800,3,3,3,5,5,3,3,5,5,3,1249,209,59974,34,21,2,21,21,24,30,21,0,26,27,38,39,40.834,12,3,36.503151,-120.325394,52.381001,14,600,58,3,"e00fce68e77e43df92405fdb",2026-09-18 01:10:02.507,2026-09-18 01:10:02.704,2026-09-18 01:10:02.704,2026-09-18
"72","ABrVeFvcDg","MOOSPMv3Parser",1789693800,0,0,2,0,0,2,2,0,0,2,239,147,45804,24,16,2,16,16,25,34,16,1,26,28,38,35,28.334,22,2,36.198784,-120.104439,74.352997,5,599,58,3,"e00fce686dc2ef0a68fa40b0",2026-09-18 01:10:02.525,2026-09-18 01:10:02.716,2026-09-18 01:10:02.716,2026-09-18
"73","EpK9h1sy8l","MOOSPMv3Parser",1789693800,5,5,5,9,9,5,6,9,9,6,1159,316,241924,60,35,5,36,36,24,35,36,1,26,27,41,40,31.675,13,12,35.949612,-119.050064,118.883003,11,600,58,3,"e00fce6808784ceaf209f949",2026-09-18 01:10:02.855,2026-09-18 01:10:03.111,2026-09-18 01:10:03.111,2026-09-18
"74","xH9R4nVg6N","MOOSPMv3Parser",1789693800,4,4,0,6,6,0,0,6,6,0,839,236,217114,41,0,3,0,0,28,24,0,0,28,31,37,33,35.724,29,3277,1.3e-05,0.002357,2586.38208,9,600,58,3,"e00fce68e28dcbc9a589be10",2026-09-18 01:10:03.028,2026-09-18 01:10:03.199,2026-09-18 01:10:03.199,2026-09-18
"75","28ZRrk9J29","MOOSPMv3Parser",1789693800,5,5,5,9,9,6,6,9,9,6,1441,305,141186,59,42,6,42,42,25,34,42,1,27,28,39,38,38.367,11,6,35.775036,-119.238472,56.556,7,600,58,3,"e00fce68e88237db75a60608",2026-09-18 01:10:03.478,2026-09-18 01:10:03.636,2026-09-18 01:10:03.636,2026-09-18
"76","wNP9suR3At","MOOSPMv3Parser",1789693801,0,0,4,3,3,5,6,3,3,6,337,239,96871,48,34,6,35,35,27,32,35,1,28,30,36,34,26.399,20,6,35.963184,-119.291824,32.726002,0,600,58,3,"e00fce68d6b773b56ce8baa0",2026-09-18 01:10:03.879,2026-09-18 01:10:04.053,2026-09-18 01:10:04.053,2026-09-18
"77","egr10cDPFK","MOOSPMv3Parser",1789693801,4,4,4,6,6,4,4,6,6,4,883,226,303661,44,32,2,32,32,24,31,32,0,29,27,34,40,513.2,27,4,36.138981,-120.36837,171.162003,0,600,58,3,"e00fce6850cac69f647dc199",2026-09-18 01:10:04.419,2026-09-18 01:10:04.611,2026-09-18 01:10:04.611,2026-09-18
"78","ExVKuBcNzM","MOOSPMv3Parser",1789693801,3,3,4,5,5,5,5,7,7,5,641,197,184504,43,29,7,30,30,0,0,30,1,27,28,36,36,23.577,80,11,36.433613,-119.923355,31.225,9,600,58,3,"e00fce6876826e255108c6bd",2026-09-18 01:10:04.739,2026-09-18 01:10:04.888,2026-09-18 01:10:04.888,2026-09-18
"79","LzM52FT9ZI","MOOSPMv3Parser",1789693801,4,4,0,8,8,0,0,9,9,0,1133,280,0,60,0,8,0,0,26,27,0,2,27,29,38,37,31.423,20,183,36.187511,-119.822083,28.754999,7,600,58,3,"e00fce68e739ecbcf9e91965",2026-09-18 01:10:05.286,2026-09-18 01:10:05.464,2026-09-18 01:10:05.464,2026-09-18
"80","dFlvHsMpGw","MOOSPMv3Parser",1789693801,4,4,4,5,5,5,5,6,6,5,841,234,105563,36,33,2,33,33,25,34,33,0,26,28,39,37,34.97,25,22,36.523441,-119.278862,81.947998,7,600,58,3,"e00fce68f12da1a0c5de6248",2026-09-18 01:10:06.499,2026-09-18 01:10:06.639,2026-09-18 01:10:06.639,2026-09-18
"81","soL4UsdS7H","MOOSPMv3Parser",1789694400,3,3,3,4,4,3,3,5,5,3,1222,203,59992,30,21,2,22,22,24,31,22,0,25,26,39,39,41.307,10,3,36.503136,-120.325333,37.860001,8,600,58,3,"e00fce68e77e43df92405fdb",2026-09-18 01:20:02.588,2026-09-18 01:20:02.76,2026-09-18 01:20:02.76,2026-09-18
"82","1mSXlk5WU2","MOOSPMv3Parser",1789694400,5,5,4,8,8,5,5,9,9,5,1128,309,241955,59,33,4,34,34,24,36,34,1,26,27,42,41,31.343,15,12,35.949505,-119.049934,118.036003,8,600,58,3,"e00fce6808784ceaf209f949",2026-09-18 01:20:02.823,2026-09-18 01:20:03.031,2026-09-18 01:20:03.031,2026-09-18
"83","8GAAEjEzxz","MOOSPMv3Parser",1789694400,0,0,2,0,0,2,2,0,0,2,236,147,45817,23,16,3,16,16,25,34,16,1,26,28,38,35,27.957,26,2,36.198788,-120.104408,73.593002,5,599,58,3,"e00fce686dc2ef0a68fa40b0",2026-09-18 01:20:02.831,2026-09-18 01:20:03.033,2026-09-18 01:20:03.033,2026-09-18
"84","vDJnoGEdBy","MOOSPMv3Parser",1789694400,4,4,0,6,6,0,0,7,7,0,864,244,217114,46,0,3,0,0,27,24,0,0,27,30,39,34,35.471,24,3277,1.3e-05,0.002357,2586.38208,9,600,58,3,"e00fce68e28dcbc9a589be10",2026-09-18 01:20:03.055,2026-09-18 01:20:03.186,2026-09-18 01:20:03.186,2026-09-18
"85","ipLtCiKAKy","MOOSPMv3Parser",1789694400,5,5,5,9,9,6,6,9,9,7,1481,315,141223,61,43,5,43,43,25,35,43,1,27,28,39,39,37.199,14,6,35.774948,-119.238434,82.764,5,600,58,3,"e00fce68e88237db75a60608",2026-09-18 01:20:03.286,2026-09-18 01:20:03.474,2026-09-18 01:20:03.474,2026-09-18
"86","sehbuA2t6f","MOOSPMv3Parser",1789694401,0,0,4,3,3,5,6,3,3,6,333,236,97061,46,35,6,35,35,27,32,35,1,28,30,37,35,26.742,26,6,35.9631,-119.29174,31.023001,10,599,58,3,"e00fce68d6b773b56ce8baa0",2026-09-18 01:20:03.627,2026-09-18 01:20:03.793,2026-09-18 01:20:03.793,2026-09-18
"87","Yj8xsgMr4Q","MOOSPMv3Parser",1789694401,3,3,4,5,5,5,6,7,7,6,679,209,184528,43,30,5,31,31,0,0,31,1,26,28,37,37,23.436,81,10,36.433613,-119.923355,31.225,0,600,58,3,"e00fce6876826e255108c6bd",2026-09-18 01:20:04.675,2026-09-18 01:20:04.847,2026-09-18 01:20:04.847,2026-09-18
"88","wDYKF6bvnr","MOOSPMv3Parser",1789694401,3,3,4,5,5,4,4,6,6,4,803,201,303693,38,32,3,32,32,24,31,32,0,28,26,34,40,513.222,28,4,36.139011,-120.368332,174.296997,5,600,58,3,"e00fce6850cac69f647dc199",2026-09-18 01:20:04.812,2026-09-18 01:20:05.014,2026-09-18 01:20:05.014,2026-09-18
"89","yQWUpuUglx","MOOSPMv3Parser",1789694401,5,5,0,9,9,0,0,10,10,0,1200,295,0,60,0,8,0,0,25,28,0,2,27,28,38,38,30.608,19,206,36.187489,-119.822052,15.252,7,600,58,3,"e00fce68e739ecbcf9e91965",2026-09-18 01:20:05.122,2026-09-18 01:20:05.32,2026-09-18 01:20:05.32,2026-09-18
"90","xEZHk5QLHN","MOOSPMv3Parser",1789694401,4,4,4,6,6,4,4,6,6,4,849,233,105591,37,32,2,32,32,25,35,32,0,26,28,40,38,34.633,22,23,36.523354,-119.278702,60.806,8,600,58,3,"e00fce68f12da1a0c5de6248",2026-09-18 01:20:06.597,2026-09-18 01:20:06.738,2026-09-18 01:20:06.738,2026-09-18
"91","Q2Swk6wGxX","MOOSPMv3Parser",1789695000,3,3,3,5,5,3,3,5,5,3,1521,213,60010,36,20,3,20,20,24,31,20,0,25,26,39,39,41.576,10,4,36.503086,-120.325378,39.583,9,600,58,3,"e00fce68e77e43df92405fdb",2026-09-18 01:30:02.575,2026-09-18 01:30:02.768,2026-09-18 01:30:02.768,2026-09-18
"92","HQoWnkk9ss","MOOSPMv3Parser",1789695000,5,5,4,7,7,5,5,8,8,5,1096,291,241987,54,33,3,34,34,24,36,34,1,26,27,43,41,30.688,18,10,35.949581,-119.049934,121.725998,8,600,58,3,"e00fce6808784ceaf209f949",2026-09-18 01:30:02.748,2026-09-18 01:30:02.928,2026-09-18 01:30:02.928,2026-09-18
"93","MNbwnHycNH","MOOSPMv3Parser",1789695000,3,3,0,6,6,0,0,6,6,0,815,230,217114,45,0,4,0,0,27,25,0,0,27,30,39,35,34.091,30,3277,1.3e-05,0.002357,2586.38208,9,600,58,3,"e00fce68e28dcbc9a589be10",2026-09-18 01:30:03.009,2026-09-18 01:30:03.168,2026-09-18 01:30:03.168,2026-09-18
"94","etFJB2GpAx","MOOSPMv3Parser",1789695000,0,0,2,0,0,2,3,0,0,3,237,147,45831,25,17,3,17,17,25,35,17,1,26,28,39,36,28.435,20,3,36.19886,-120.104469,80.406998,6,599,58,3,"e00fce686dc2ef0a68fa40b0",2026-09-18 01:30:03.074,2026-09-18 01:30:03.258,2026-09-18 01:30:03.258,2026-09-18
"95","IrmeIQEKWB","MOOSPMv3Parser",1789695000,5,5,5,9,9,6,6,9,9,6,1480,315,141258,57,41,5,41,41,25,36,41,1,26,28,40,40,36.589,20,6,35.775059,-119.238518,55.902,10,600,58,3,"e00fce68e88237db75a60608",2026-09-18 01:30:03.255,2026-09-18 01:30:03.409,2026-09-18 01:30:03.409,2026-09-18
"96","ZsOA4nMV4j","MOOSPMv3Parser",1789695001,0,0,4,2,2,5,6,3,3,6,318,223,96927,44,34,7,35,35,27,32,35,1,27,29,37,35,26.182,29,6,35.963181,-119.291786,39.026001,10,600,58,3,"e00fce68d6b773b56ce8baa0",2026-09-18 01:30:03.86,2026-09-18 01:30:04.027,2026-09-18 01:30:04.027,2026-09-18
"97","jY8jFGuYEo","MOOSPMv3Parser",1789695001,3,3,4,5,5,5,6,7,7,6,691,209,184552,44,30,6,31,31,0,0,31,1,26,28,38,38,23.684,81,10,36.433548,-119.923347,19.91,9,600,58,3,"e00fce6876826e255108c6bd",2026-09-18 01:30:04.677,2026-09-18 01:30:04.868,2026-09-18 01:30:04.868,2026-09-18
"98","LP8OSpBv0R","MOOSPMv3Parser",1789695001,3,3,4,5,5,4,4,6,6,4,805,204,303719,40,29,3,29,29,23,32,29,0,28,26,34,40,513.207,28,4,36.139019,-120.368469,164.529999,5,600,58,3,"e00fce6850cac69f647dc199",2026-09-18 01:30:05.226,2026-09-18 01:30:05.401,2026-09-18 01:30:05.401,2026-09-18
"99","gOPm6y1mXI","MOOSPMv3Parser",1789695001,5,5,0,9,9,0,0,11,11,0,1252,306,0,66,0,10,0,0,25,29,0,2,26,28,38,38,29.788,53,216,36.187527,-119.822075,22.608,8,600,58,3,"e00fce68e739ecbcf9e91965",2026-09-18 01:30:05.278,2026-09-18 01:30:05.448,2026-09-18 01:30:05.448,2026-09-18
"100","R6P8aDopNo","MOOSPMv3Parser",1789695001,3,3,4,6,6,4,5,6,6,5,831,230,105619,37,32,2,33,33,24,34,33,0,25,27,40,37,34.087,24,23,36.523491,-119.27877,70.859001,8,600,58,3,"e00fce68f12da1a0c5de6248",2026-09-18 01:30:06.432,2026-09-18 01:30:06.621,2026-09-18 01:30:06.621,2026-09-18
"101","0gtbp8mpyW","MOOSPMv3Parser",1789695600,0,0,2,0,0,2,2,1,1,2,236,146,45845,25,16,3,16,17,25,35,17,1,25,27,39,36,27.107,39,3,36.198891,-120.104401,91.067001,8,599,58,3,"e00fce686dc2ef0a68fa40b0",2026-09-18 01:40:02.362,2026-09-18 01:40:02.529,2026-09-18 01:40:02.529,2026-09-18
"102","qglz7X7TrW","MOOSPMv3Parser",1789695600,3,3,3,4,4,3,3,5,5,3,1341,198,60027,30,20,2,20,20,-10,-10,20,0,25,26,39,40,41.974,9,4,36.503166,-120.325371,48.034,12,600,58,3,"e00fce68e77e43df92405fdb",2026-09-18 01:40:02.747,2026-09-18 01:40:02.974,2026-09-18 01:40:02.974,2026-09-18
"103","kxHTjiSeSD","MOOSPMv3Parser",1789695600,5,5,5,8,8,5,6,9,9,6,1090,299,242019,57,35,5,36,36,24,37,36,1,25,26,44,42,28.069,53,9,35.949589,-119.049889,113.058998,9,600,58,3,"e00fce6808784ceaf209f949",2026-09-18 01:40:02.916,2026-09-18 01:40:03.088,2026-09-18 01:40:03.088,2026-09-18
"104","h2RzHcSGip","MOOSPMv3Parser",1789695600,4,4,0,6,6,0,0,7,7,0,826,232,217114,46,0,3,0,0,26,26,0,0,26,29,40,36,33.049,41,3277,1.3e-05,0.002357,2586.38208,9,600,58,3,"e00fce68e28dcbc9a589be10",2026-09-18 01:40:03.071,2026-09-18 01:40:03.277,2026-09-18 01:40:03.277,2026-09-18
"105","BP1zHUQZkF","MOOSPMv3Parser",1789695600,5,5,5,9,9,6,6,10,10,6,1420,306,141293,61,41,6,41,41,24,37,41,1,26,27,41,40,36.327,22,6,35.775085,-119.238571,75.789001,11,600,58,3,"e00fce68e88237db75a60608",2026-09-18 01:40:03.365,2026-09-18 01:40:03.511,2026-09-18 01:40:03.511,2026-09-18
"106","D1Z6WVmXrh","MOOSPMv3Parser",1789695601,0,0,5,3,3,5,6,3,3,6,334,237,97118,49,36,7,36,36,26,33,36,1,27,29,38,35,25.997,26,6,35.963142,-119.291794,42.967999,6,599,58,3,"e00fce68d6b773b56ce8baa0",2026-09-18 01:40:03.486,2026-09-18 01:40:03.652,2026-09-18 01:40:03.652,2026-09-18
"107","IinGbqrkpc","MOOSPMv3Parser",1789695601,3,3,4,5,5,5,6,6,6,6,681,209,184578,40,30,5,31,31,0,0,32,1,26,27,38,38,23.285,81,9,36.433674,-119.923325,26.1,9,600,58,3,"e00fce6876826e255108c6bd",2026-09-18 01:40:04.602,2026-09-18 01:40:04.744,2026-09-18 01:40:04.744,2026-09-18
"108","A9wckaOm4A","MOOSPMv3Parser",1789695601,5,5,0,9,9,0,0,10,10,0,1293,323,0,66,0,8,0,0,25,30,0,2,26,27,39,39,29.984,32,250,36.187504,-119.822113,18.617001,6,600,58,3,"e00fce68e739ecbcf9e91965",2026-09-18 01:40:05.278,2026-09-18 01:40:05.501,2026-09-18 01:40:05.501,2026-09-18
"109","ouwRC3fNGM","MOOSPMv3Parser",1789695601,3,3,4,5,5,4,4,6,6,4,793,200,303748,39,30,3,30,30,23,32,30,0,28,26,34,40,513.307,29,4,36.139038,-120.3685,164.574997,8,600,58,3,"e00fce6850cac69f647dc199",2026-09-18 01:40:05.461,2026-09-18 01:40:05.635,2026-09-18 01:40:05.635,2026-09-18
"110","vFM4DGba5o","MOOSPMv3Parser",1789695601,4,4,4,6,6,5,5,6,6,5,832,231,105648,39,33,2,33,33,24,36,33,1,25,27,41,39,34.173,27,23,36.523323,-119.278816,84.780998,6,600,58,3,"e00fce68f12da1a0c5de6248",2026-09-18 01:40:06.733,2026-09-18 01:40:06.869,2026-09-18 01:40:06.869,2026-09-18
"111","q6PBDWpG2l","MOOSPMv3Parser",1789696200,0,0,3,1,1,5,5,1,1,6,251,160,45866,28,26,4,27,28,24,35,28,1,25,27,39,36,26.162,45,3,36.198925,-120.10434,83.629997,9,599,58,3,"e00fce686dc2ef0a68fa40b0",2026-09-18 01:50:02.5,2026-09-18 01:50:02.702,2026-09-18 01:50:02.702,2026-09-18
"112","UAN0x3Bo9w","MOOSPMv3Parser",1789696200,3,3,3,5,5,3,3,5,5,3,1261,203,60046,33,21,2,22,22,23,32,22,0,24,25,40,41,40.996,10,5,36.503181,-120.325348,40.377998,9,600,58,3,"e00fce68e77e43df92405fdb",2026-09-18 01:50:02.702,2026-09-18 01:50:02.845,2026-09-18 01:50:02.845,2026-09-18
"113","AJEKGguWFH","MOOSPMv3Parser",1789696200,5,5,4,8,8,5,5,8,8,5,1116,302,242051,54,33,3,33,34,23,38,34,1,25,26,45,42,26.841,88,8,35.949604,-119.049973,111.490997,8,600,58,3,"e00fce6808784ceaf209f949",2026-09-18 01:50:02.824,2026-09-18 01:50:03.014,2026-09-18 01:50:03.014,2026-09-18
"114","YBES7aIelU","MOOSPMv3Parser",1789696200,4,4,0,7,7,0,0,7,7,0,860,243,217114,50,0,4,0,0,26,27,0,0,26,29,41,37,32.215,60,3277,1.3e-05,0.002357,2586.38208,9,600,58,3,"e00fce68e28dcbc9a589be10",2026-09-18 01:50:03.174,2026-09-18 01:50:03.371,2026-09-18 01:50:03.371,2026-09-18
"115","YPJd1xwi8Z","MOOSPMv3Parser",1789696200,5,5,5,8,8,6,7,9,9,7,1440,312,141329,60,42,6,43,43,24,38,43,1,25,27,43,42,34.37,42,6,35.77507,-119.23851,63.716999,10,600,58,3,"e00fce68e88237db75a60608",2026-09-18 01:50:03.232,2026-09-18 01:50:03.418,2026-09-18 01:50:03.418,2026-09-18
"116","7BosoenlQ7","MOOSPMv3Parser",1789696201,1,1,6,4,4,8,10,5,5,11,356,258,97151,53,42,8,45,45,26,33,45,1,26,29,39,36,20.754,104,5,35.963131,-119.291847,43.306,10,599,58,3,"e00fce68d6b773b56ce8baa0",2026-09-18 01:50:03.874,2026-09-18 01:50:04.122,2026-09-18 01:50:04.122,2026-09-18
"117","IUBL5NKRJn","MOOSPMv3Parser",1789696201,4,4,4,6,6,5,5,7,7,5,1039,260,303779,43,34,3,35,35,23,32,35,0,28,25,34,41,513.316,29,4,36.139019,-120.368355,185.231003,7,600,58,3,"e00fce6850cac69f647dc199",2026-09-18 01:50:04.334,2026-09-18 01:50:04.544,2026-09-18 01:50:04.544,2026-09-18
"118","KpNIcFhilu","MOOSPMv3Parser",1789696201,3,3,4,5,5,5,5,7,7,5,710,214,184602,44,30,6,31,31,0,0,31,1,25,27,40,40,22.814,81,8,36.433674,-119.923317,40.275002,10,600,58,3,"e00fce6876826e255108c6bd",2026-09-18 01:50:04.74,2026-09-18 01:50:04.925,2026-09-18 01:50:04.925,2026-09-18
"119","dZ50QiSDTD","MOOSPMv3Parser",1789696201,5,5,0,9,9,0,0,10,10,0,1216,298,0,58,0,8,0,0,24,31,0,2,25,27,41,40,28.926,44,262,36.187542,-119.822021,33.16,8,600,58,3,"e00fce68e739ecbcf9e91965",2026-09-18 01:50:05.127,2026-09-18 01:50:05.266,2026-09-18 01:50:05.266,2026-09-18
"120","5EGQQiHElF","MOOSPMv3Parser",1789696201,3,3,4,5,5,5,5,6,6,5,805,219,105676,35,33,2,33,33,24,37,33,0,25,27,43,40,32.243,43,23,36.523357,-119.278824,79.448997,5,600,58,3,"e00fce68f12da1a0c5de6248",2026-09-18 01:50:06.614,2026-09-18 01:50:06.884,2026-09-18 01:50:06.884,2026-09-18
"121","Z5Mb8xUpQU","MOOSPMv3Parser",1789696800,3,3,3,4,4,3,3,5,5,3,1467,200,60065,30,22,2,22,22,-10,-10,22,0,24,25,41,41,40.702,11,5,36.503155,-120.325386,52.855,13,600,58,3,"e00fce68e77e43df92405fdb",2026-09-18 02:00:02.679,2026-09-18 02:00:03.329,2026-09-18 02:00:03.329,2026-09-18
"122","CTGnURON8f","MOOSPMv3Parser",1789696800,5,5,4,8,8,5,5,9,9,6,1123,305,242082,59,33,5,34,34,23,39,34,1,24,26,47,43,24.925,120,6,35.949547,-119.049942,111.994003,6,600,58,3,"e00fce6808784ceaf209f949",2026-09-18 02:00:02.829,2026-09-18 02:00:03.367,2026-09-18 02:00:03.367,2026-09-18
"123","xUoGBVT4FE","MOOSPMv3Parser",1789696800,0,0,2,0,0,2,3,0,0,3,233,143,45879,22,16,2,16,16,24,36,16,1,25,27,40,37,26.301,46,3,36.198879,-120.104446,70.553001,8,599,58,3,"e00fce686dc2ef0a68fa40b0",2026-09-18 02:00:02.913,2026-09-18 02:00:03.564,2026-09-18 02:00:03.564,2026-09-18
"124","vucNTmUpVT","MOOSPMv3Parser",1789696800,4,4,0,6,6,0,0,7,7,0,816,231,217114,43,0,4,0,0,25,28,0,0,25,28,41,38,31.077,67,3277,1.3e-05,0.002357,2586.38208,9,600,58,3,"e00fce68e28dcbc9a589be10",2026-09-18 02:00:03.256,2026-09-18 02:00:03.705,2026-09-18 02:00:03.705,2026-09-18
"125","ZD32IKQo8c","MOOSPMv3Parser",1789696800,5,5,5,8,8,6,6,9,9,6,1390,300,141365,59,41,6,42,42,24,40,42,1,25,26,44,42,33.034,64,5,35.77507,-119.23851,63.722,0,600,58,3,"e00fce68e88237db75a60608",2026-09-18 02:00:03.382,2026-09-18 02:00:03.732,2026-09-18 02:00:03.732,2026-09-18
"126","iuYg5RuNCH","MOOSPMv3Parser",1789696801,1,1,6,4,4,7,8,5,5,9,380,281,97027,58,47,9,48,48,26,34,49,1,26,28,40,37,23.41,88,5,35.963085,-119.291824,48.105,10,600,58,3,"e00fce68d6b773b56ce8baa0",2026-09-18 02:00:03.486,2026-09-18 02:00:03.822,2026-09-18 02:00:03.822,2026-09-18
"127","00Shlqkt0n","MOOSPMv3Parser",1789696801,3,3,4,6,6,5,5,7,7,5,709,218,184627,43,30,7,31,31,1,0,31,1,25,26,41,40,22.221,81,7,36.433563,-119.92334,24.408001,7,600,58,3,"e00fce6876826e255108c6bd",2026-09-18 02:00:04.596,2026-09-18 02:00:04.8,2026-09-18 02:00:04.8,2026-09-18
"128","I0EEqJebsv","MOOSPMv3Parser",1789696801,9,9,6,12,12,6,6,13,13,6,1808,465,303822,77,46,4,47,47,23,33,47,0,27,25,34,41,319.155,43,3,36.139023,-120.368378,174.475998,10,600,58,3,"e00fce6850cac69f647dc199",2026-09-18 02:00:04.973,2026-09-18 02:00:05.208,2026-09-18 02:00:05.208,2026-09-18
"129","qDWGGswO4F","MOOSPMv3Parser",1789696801,5,5,0,8,8,0,0,9,9,0,1182,291,0,58,0,6,0,0,24,33,0,2,25,26,42,42,27.695,81,248,36.187561,-119.822166,22.362,10,600,58,3,"e00fce68e739ecbcf9e91965",2026-09-18 02:00:05.206,2026-09-18 02:00:05.401,2026-09-18 02:00:05.401,2026-09-18
"130","DZUnpxYrBC","MOOSPMv3Parser",1789696801,3,3,4,5,5,4,5,6,6,5,788,219,105704,36,32,2,32,32,24,39,32,0,24,26,45,42,30.631,62,19,36.523357,-119.278824,79.448997,0,600,58,3,"e00fce68f12da1a0c5de6248",2026-09-18 02:00:06.465,2026-09-18 02:00:06.686,2026-09-18 02:00:06.686,2026-09-18
"131","2nKpILFTV5","MOOSPMv3Parser",1789697400,3,3,3,4,4,3,3,4,4,3,1434,198,60084,30,22,2,22,22,22,35,22,0,23,24,43,43,41.229,12,5,36.503151,-120.325401,54.743999,10,600,58,3,"e00fce68e77e43df92405fdb",2026-09-18 02:10:02.581,2026-09-18 02:10:02.732,2026-09-18 02:10:02.732,2026-09-18
"132","rVduSogOjV","MOOSPMv3Parser",1789697400,5,5,5,8,8,5,5,9,9,6,1128,309,242115,57,36,4,36,36,23,41,36,1,23,25,48,44,21.383,197,5,35.949661,-119.049889,127.958,6,600,58,3,"e00fce6808784ceaf209f949",2026-09-18 02:10:02.907,2026-09-18 02:10:03.066,2026-09-18 02:10:03.066,2026-09-18
"133","mSyh4bGpCp","MOOSPMv3Parser",1789697400,0,0,2,0,0,2,2,0,0,3,232,141,45892,25,16,2,16,16,24,36,16,1,25,27,41,37,25.671,48,3,36.199028,-120.104492,64.385002,5,599,58,3,"e00fce686dc2ef0a68fa40b0",2026-09-18 02:10:03.146,2026-09-18 02:10:03.336,2026-09-18 02:10:03.336,2026-09-18
"134","CEjDBSHNvh","MOOSPMv3Parser",1789697400,6,6,5,9,9,6,7,9,9,7,1452,321,141401,65,42,4,43,43,23,41,43,1,25,26,44,44,32.625,86,5,35.775055,-119.238533,65.255997,11,600,58,3,"e00fce68e88237db75a60608",2026-09-18 02:10:03.314,2026-09-18 02:10:03.534,2026-09-18 02:10:03.534,2026-09-18
"135","KnHtjpX2Gm","MOOSPMv3Parser",1789697400,3,3,0,5,5,0,0,6,6,0,778,220,217114,41,0,3,0,0,25,28,0,0,25,28,42,38,31.009,97,3277,1.3e-05,0.002357,2586.38208,9,600,58,3,"e00fce68e28dcbc9a589be10",2026-09-18 02:10:03.325,2026-09-18 02:10:03.549,2026-09-18 02:10:03.549,2026-09-18
"136","8NoKM1rZVr","MOOSPMv3Parser",1789697401,0,0,6,4,4,7,8,4,4,9,344,251,97060,51,42,8,43,44,25,35,44,1,26,28,41,39,16.511,187,4,35.963127,-119.29184,41.328999,11,600,58,3,"e00fce68d6b773b56ce8baa0",2026-09-18 02:10:03.878,2026-09-18 02:10:04.041,2026-09-18 02:10:04.041,2026-09-18
"137","zbaNN0mPTQ","MOOSPMv3Parser",1789697401,3,3,4,5,5,5,5,7,7,5,697,214,184652,43,30,6,30,31,0,0,31,1,24,26,42,41,21.462,81,5,36.433632,-119.923401,32.327,6,600,58,3,"e00fce6876826e255108c6bd",2026-09-18 02:10:04.66,2026-09-18 02:10:04.819,2026-09-18 02:10:04.819,2026-09-18
"138","U2oQVec4AZ","MOOSPMv3Parser",1789697401,4,4,0,8,8,0,0,9,9,0,1115,272,0,56,0,5,0,0,24,34,0,2,25,26,43,42,26.793,97,236,36.187561,-119.822166,22.361,0,600,58,3,"e00fce68e739ecbcf9e91965",2026-09-18 02:10:05.128,2026-09-18 02:10:05.299,2026-09-18 02:10:05.299,2026-09-18
"139","8p5Ot8Hlt6","MOOSPMv3Parser",1789697401,3,3,3,5,5,4,4,6,6,4,869,218,303843,38,27,3,27,27,22,33,27,0,27,25,35,42,367.513,49,3,36.138988,-120.368309,183.401993,9,600,58,3,"e00fce6850cac69f647dc199",2026-09-18 02:10:05.142,2026-09-18 02:10:05.337,2026-09-18 02:10:05.337,2026-09-18
"140","WvKTC32aHs","MOOSPMv3Parser",1789697401,3,3,4,5,5,5,5,5,5,5,779,218,105733,32,32,2,33,33,23,41,33,1,23,26,48,43,28.586,84,15,36.523251,-119.278687,75.866997,7,600,58,3,"e00fce68f12da1a0c5de6248",2026-09-18 02:10:06.498,2026-09-18 02:10:06.696,2026-09-18 02:10:06.696,2026-09-18
"141","yVxCS91ngv","MOOSPMv3Parser",1789698000,0,0,2,0,0,2,2,0,0,3,247,152,45829,24,16,2,16,16,24,37,16,1,24,26,43,39,24.196,72,3,36.199028,-120.104492,64.383003,0,600,58,3,"e00fce686dc2ef0a68fa40b0",2026-09-18 02:20:02.276,2026-09-18 02:20:02.44,2026-09-18 02:20:02.44,2026-09-18
"142","KRSH8IHIBE","MOOSPMv3Parser",1789698000,3,3,3,5,5,3,3,5,5,4,1505,215,60105,33,24,2,24,24,22,36,24,0,23,24,44,44,41.838,14,6,36.503151,-120.325386,47.889,12,600,58,3,"e00fce68e77e43df92405fdb",2026-09-18 02:20:02.673,2026-09-18 02:20:02.893,2026-09-18 02:20:02.893,2026-09-18
"143","yokURudA4x","MOOSPMv3Parser",1789698000,6,6,5,9,9,5,6,10,10,6,1252,338,242147,61,39,5,39,39,22,42,39,0,23,25,49,46,16.522,258,4,35.949741,-119.049965,112.988998,5,600,58,3,"e00fce6808784ceaf209f949",2026-09-18 02:20:02.824,2026-09-18 02:20:03.054,2026-09-18 02:20:03.054,2026-09-18
"144","xD2QMdG0jE","MOOSPMv3Parser",1789698000,3,3,0,6,6,0,0,6,6,0,765,218,217114,46,0,4,0,0,24,29,0,0,24,27,43,39,30.061,94,3277,1.3e-05,0.002357,2586.38208,9,600,58,3,"e00fce68e28dcbc9a589be10",2026-09-18 02:20:03.137,2026-09-18 02:20:03.271,2026-09-18 02:20:03.271,2026-09-18
"145","a5dI8WKeQc","MOOSPMv3Parser",1789698000,6,6,6,9,9,7,7,9,9,7,1447,321,141440,62,45,6,45,46,23,43,46,1,25,26,45,44,31.143,86,5,35.775101,-119.23848,67.044998,11,600,58,3,"e00fce68e88237db75a60608",2026-09-18 02:20:03.393,2026-09-18 02:20:03.557,2026-09-18 02:20:03.557,2026-09-18
"146","XumPsbBIxL","MOOSPMv3Parser",1789698001,0,0,5,3,3,6,7,4,4,7,336,243,97092,50,39,7,40,40,25,36,40,1,25,27,43,40,7.225,262,2,35.963169,-119.291786,42.137001,6,600,58,3,"e00fce68d6b773b56ce8baa0",2026-09-18 02:20:03.484,2026-09-18 02:20:03.662,2026-09-18 02:20:03.662,2026-09-18
"147","5YgLfDRzbu","MOOSPMv3Parser",1789698001,3,3,4,5,5,5,6,7,7,6,682,209,184680,45,33,7,33,34,0,0,34,1,24,25,44,42,20.338,82,4,36.433651,-119.92337,33.404999,8,600,58,3,"e00fce6876826e255108c6bd",2026-09-18 02:20:04.87,2026-09-18 02:20:05.07,2026-09-18 02:20:05.07,2026-09-18
"148","fDCpsz7nZg","MOOSPMv3Parser",1789698001,4,4,0,8,8,0,0,9,9,0,1110,272,0,57,0,7,0,0,23,35,0,2,24,25,44,43,25.332,125,214,36.187614,-119.822083,14.604,6,600,58,3,"e00fce68e739ecbcf9e91965",2026-09-18 02:20:05.047,2026-09-18 02:20:05.241,2026-09-18 02:20:05.241,2026-09-18
"149","GNatCGlTwI","MOOSPMv3Parser",1789698001,3,3,4,4,4,4,4,5,5,4,745,184,303867,33,28,2,28,28,22,34,28,0,27,24,35,42,513.34,38,3,36.138988,-120.36837,184.621994,10,600,58,3,"e00fce6850cac69f647dc199",2026-09-18 02:20:05.45,2026-09-18 02:20:05.648,2026-09-18 02:20:05.648,2026-09-18
"150","sXreP7XIrw","MOOSPMv3Parser",1789698001,3,3,4,5,5,5,5,6,6,5,800,225,105761,38,33,2,33,33,23,40,33,0,22,25,49,42,27.236,99,12,36.523331,-119.278831,87.087997,7,600,58,3,"e00fce68f12da1a0c5de6248",2026-09-18 02:20:06.498,2026-09-18 02:20:06.682,2026-09-18 02:20:06.682,2026-09-18
"151","QJohpZKEmF","MOOSPMv3Parser",1789698600,0,0,2,0,0,2,2,0,0,2,232,143,45918,23,16,2,16,16,23,38,16,1,23,26,44,39,23.775,84,3,36.198883,-120.104362,67.394997,5,599,58,3,"e00fce686dc2ef0a68fa40b0",2026-09-18 02:30:02.533,2026-09-18 02:30:02.874,2026-09-18 02:30:02.874,2026-09-18
"152","J79OaCU2AJ","MOOSPMv3Parser",1789698600,3,3,3,5,5,4,4,5,5,4,1486,219,60126,34,25,3,25,25,22,37,25,0,22,23,45,45,41.364,18,8,36.503151,-120.325394,52.354,13,600,58,3,"e00fce68e77e43df92405fdb",2026-09-18 02:30:02.699,2026-09-18 02:30:02.894,2026-09-18 02:30:02.894,2026-09-18
"153","IUaYDx3VMx","MOOSPMv3Parser",1789698600,6,6,5,9,9,6,6,10,10,6,1280,351,242182,64,41,4,41,41,22,43,41,0,23,24,50,46,10.884,286,2,35.949741,-119.049965,112.988998,0,600,58,3,"e00fce6808784ceaf209f949",2026-09-18 02:30:02.756,2026-09-18 02:30:02.935,2026-09-18 02:30:02.935,2026-09-18
"154","rfEJz5cqDL","MOOSPMv3Parser",1789698600,4,4,0,6,6,0,0,6,6,0,764,220,217114,42,0,3,0,0,24,30,0,0,24,27,44,40,28.247,125,3277,1.3e-05,0.002357,2586.38208,9,600,58,3,"e00fce68e28dcbc9a589be10",2026-09-18 02:30:03.142,2026-09-18 02:30:03.317,2026-09-18 02:30:03.317,2026-09-18
"155","4k2Aj6OEnd","MOOSPMv3Parser",1789698600,5,5,6,8,8,6,7,9,9,7,1408,301,141477,60,43,6,44,44,23,44,44,1,24,25,45,45,30.039,107,5,35.775124,-119.238495,76.172997,12,600,58,3,"e00fce68e88237db75a60608",2026-09-18 02:30:03.382,2026-09-18 02:30:03.569,2026-09-18 02:30:03.569,2026-09-18
"156","EaorXCsxFX","MOOSPMv3Parser",1789698601,1,1,6,4,4,7,8,5,5,9,374,275,97127,55,43,8,45,45,24,37,45,1,25,27,43,41,4.147,280,1,35.963066,-119.291756,45.550999,11,600,58,3,"e00fce68d6b773b56ce8baa0",2026-09-18 02:30:04.044,2026-09-18 02:30:04.182,2026-09-18 02:30:04.182,2026-09-18
"157","rTBI69i1yq","MOOSPMv3Parser",1789698601,3,3,3,4,4,4,4,5,5,4,684,173,303888,32,26,3,26,26,22,34,26,0,27,24,35,42,513.409,32,3,36.138947,-120.368423,162.662003,7,600,58,3,"e00fce6850cac69f647dc199",2026-09-18 02:30:04.424,2026-09-18 02:30:04.614,2026-09-18 02:30:04.614,2026-09-18
"158","xtk7ioc9Cj","MOOSPMv3Parser",1789698601,3,3,5,7,7,6,8,8,8,8,782,241,184708,50,35,8,36,37,0,0,37,1,23,25,46,44,20.003,82,3,36.433594,-119.923332,29.827,11,600,58,3,"e00fce6876826e255108c6bd",2026-09-18 02:30:04.87,2026-09-18 02:30:05.024,2026-09-18 02:30:05.024,2026-09-18
"159","kBR2WrKcoj","MOOSPMv3Parser",1789698601,4,4,0,8,8,0,0,8,8,0,1095,269,0,53,0,6,0,0,23,35,0,2,24,25,43,43,23.982,155,170,36.187634,-119.822021,27.783001,5,600,58,3,"e00fce68e739ecbcf9e91965",2026-09-18 02:30:05.046,2026-09-18 02:30:05.211,2026-09-18 02:30:05.211,2026-09-18
"160","cAIjjYupUO","MOOSPMv3Parser",1789698601,5,5,9,9,9,21,30,10,10,34,1129,312,105799,69,62,6,74,76,22,43,77,1,21,25,53,45,25.264,133,9,36.523369,-119.278763,68.098,8,600,58,3,"e00fce68f12da1a0c5de6248",2026-09-18 02:30:06.511,2026-09-18 02:30:06.699,2026-09-18 02:30:06.699,2026-09-18
"161","00lnow77KI","MOOSPMv3Parser",1789699200,6,6,5,9,9,6,6,9,9,6,1215,327,242214,62,38,5,38,39,22,44,39,1,22,24,51,47,13.292,265,1,35.949577,-119.049904,120.952003,9,600,58,3,"e00fce6808784ceaf209f949",2026-09-18 02:40:02.903,2026-09-18 02:40:03.15,2026-09-18 02:40:03.15,2026-09-18
"162","bqjNhgEUem","MOOSPMv3Parser",1789699200,0,0,2,0,0,3,3,1,1,3,240,150,45933,26,18,2,18,18,23,38,18,1,23,25,45,40,23.384,83,2,36.198849,-120.104416,56.386002,6,599,58,3,"e00fce686dc2ef0a68fa40b0",2026-09-18 02:40:02.915,2026-09-18 02:40:03.185,2026-09-18 02:40:03.185,2026-09-18
"163","OPBVXphUHY","MOOSPMv3Parser",1789699200,3,3,3,5,5,3,3,6,6,3,1664,226,60146,34,23,3,23,23,-10,-10,23,0,22,23,46,46,39.936,35,8,36.503151,-120.325439,47.575001,9,600,58,3,"e00fce68e77e43df92405fdb",2026-09-18 02:40:03.165,2026-09-18 02:40:03.355,2026-09-18 02:40:03.355,2026-09-18
"164","VhTeWANg1L","MOOSPMv3Parser",1789699200,4,4,0,6,6,0,0,6,6,0,815,230,217114,44,0,3,0,0,24,31,0,0,23,26,46,41,26.982,142,3277,1.3e-05,0.002357,2586.38208,9,600,58,3,"e00fce68e28dcbc9a589be10",2026-09-18 02:40:03.355,2026-09-18 02:40:03.508,2026-09-18 02:40:03.508,2026-09-18
"165","BZYuYyzQ1I","MOOSPMv3Parser",1789699200,6,6,6,10,10,7,7,11,11,8,1527,346,141518,70,49,6,49,49,22,45,50,1,24,25,46,46,28.074,143,4,35.775066,-119.238449,62.991001,13,600,58,3,"e00fce68e88237db75a60608",2026-09-18 02:40:03.384,2026-09-18 02:40:03.572,2026-09-18 02:40:03.572,2026-09-18
"166","FSXMyIlK2C","MOOSPMv3Parser",1789699201,0,0,6,4,4,8,9,5,5,10,365,269,97163,54,46,10,48,48,24,38,48,1,24,26,44,41,7.929,263,1,35.962955,-119.29184,34.895,8,600,58,3,"e00fce68d6b773b56ce8baa0",2026-09-18 02:40:03.627,2026-09-18 02:40:03.787,2026-09-18 02:40:03.787,2026-09-18
"167","QXPZz9Q9kF","MOOSPMv3Parser",1789699201,23,19,20,37,31,23,24,42,37,25,4008,1234,184840,231,156,29,158,158,1,0,158,1,23,24,46,44,18.721,82,2,36.433529,-119.92334,17.23,10,600,58,3,"e00fce6876826e255108c6bd",2026-09-18 02:40:04.683,2026-09-18 02:40:04.877,2026-09-18 02:40:04.877,2026-09-18
"168","4oGukokrY4","MOOSPMv3Parser",1789699201,2,2,4,4,4,4,4,4,4,4,682,170,303911,32,27,2,28,28,22,34,28,0,26,24,36,43,513.418,32,3,36.139111,-120.368309,175.125,5,600,58,3,"e00fce6850cac69f647dc199",2026-09-18 02:40:04.902,2026-09-18 02:40:05.075,2026-09-18 02:40:05.075,2026-09-18
"169","UFzJkYYHMD","MOOSPMv3Parser",1789699201,4,4,0,8,8,0,0,9,9,0,1119,275,0,58,0,8,0,0,23,35,0,2,24,25,43,43,24.607,145,178,36.187599,-119.821991,53.957001,5,600,58,3,"e00fce68e739ecbcf9e91965",2026-09-18 02:40:05.122,2026-09-18 02:40:05.3,2026-09-18 02:40:05.3,2026-09-18
"170","3JGBwDxwYZ","MOOSPMv3Parser",1789699201,6,6,11,11,11,28,42,13,13,49,1285,355,105837,84,72,10,89,93,22,45,94,1,21,24,53,46,24.007,149,7,36.523323,-119.278664,83.806,6,600,58,3,"e00fce68f12da1a0c5de6248",2026-09-18 02:40:06.656,2026-09-18 02:40:06.856,2026-09-18 02:40:06.856,2026-09-18
"171","xHUJHueL9o","MOOSPMv3Parser",1789699800,5,5,5,8,8,5,5,9,9,6,1124,302,242246,57,35,5,36,36,22,46,36,1,22,24,53,48,13.739,241,1,35.949448,-119.049927,100.571999,7,600,58,3,"e00fce6808784ceaf209f949",2026-09-18 02:50:02.827,2026-09-18 02:50:03.058,2026-09-18 02:50:03.058,2026-09-18
"172","9YEA6BQmca","MOOSPMv3Parser",1789699800,4,4,0,6,6,0,0,7,7,0,824,234,217114,46,0,4,0,0,23,33,0,0,23,26,48,43,25.534,190,3277,1.3e-05,0.002357,2586.38208,9,600,58,3,"e00fce68e28dcbc9a589be10",2026-09-18 02:50:03.099,2026-09-18 02:50:03.274,2026-09-18 02:50:03.274,2026-09-18
"173","NWBC47NLs2","MOOSPMv3Parser",1789699800,0,0,2,0,0,3,3,0,0,3,238,149,45947,26,17,3,18,18,23,39,18,1,23,25,45,40,21.737,122,2,36.198891,-120.104401,69.75,5,599,58,3,"e00fce686dc2ef0a68fa40b0",2026-09-18 02:50:03.145,2026-09-18 02:50:03.3,2026-09-18 02:50:03.3,2026-09-18
"174","GAw0S4V2Yy","MOOSPMv3Parser",1789699800,6,6,6,10,10,7,8,11,11,8,1564,342,141559,72,48,8,48,49,22,46,49,1,24,24,46,46,26.593,167,4,35.775112,-119.23851,70.556,11,600,58,3,"e00fce68e88237db75a60608",2026-09-18 02:50:03.376,2026-09-18 02:50:03.575,2026-09-18 02:50:03.575,2026-09-18
"175","ARfxFFxF5Y","MOOSPMv3Parser",1789699801,1,1,6,5,5,9,11,5,5,12,382,286,97363,60,48,10,51,51,24,38,51,1,24,26,44,42,4.172,281,1,35.963226,-119.291824,47.110001,7,599,58,3,"e00fce68d6b773b56ce8baa0",2026-09-18 02:50:04.034,2026-09-18 02:50:04.196,2026-09-18 02:50:04.196,2026-09-18
"176","hjHHOUNGUG","MOOSPMv3Parser",1789699801,7,7,7,12,12,7,8,14,14,8,1346,412,184884,75,51,13,51,51,0,0,51,1,22,24,46,45,19.605,82,1,36.433632,-119.923363,25.249001,11,600,58,3,"e00fce6876826e255108c6bd",2026-09-18 02:50:04.828,2026-09-18 02:50:05.046,2026-09-18 02:50:05.046,2026-09-18
"177","xPKH0TWUDP","MOOSPMv3Parser",1789699801,5,5,6,8,8,6,6,8,8,6,1113,285,303949,55,44,4,44,44,21,34,44,0,26,23,36,43,513.418,31,4,36.13908,-120.368355,170.470001,9,600,58,3,"e00fce6850cac69f647dc199",2026-09-18 02:50:04.99,2026-09-18 02:50:05.174,2026-09-18 02:50:05.174,2026-09-18
"178","NuwhrWh51H","MOOSPMv3Parser",1789699801,4,4,0,8,8,0,0,9,9,0,1100,259,0,55,0,7,0,0,22,36,0,2,24,24,43,44,24.515,140,200,36.187511,-119.822113,14.621,5,600,58,3,"e00fce68e739ecbcf9e91965",2026-09-18 02:50:05.125,2026-09-18 02:50:05.341,2026-09-18 02:50:05.341,2026-09-18
"179","qWfGDGWOoi","MOOSPMv3Parser",1789699801,5,5,8,8,8,14,19,9,9,22,1095,302,105873,58,52,5,59,61,21,48,61,1,20,23,57,49,23.241,166,5,36.52335,-119.278709,88.300003,8,600,58,3,"e00fce68f12da1a0c5de6248",2026-09-18 02:50:06.608,2026-09-18 02:50:06.772,2026-09-18 02:50:06.772,2026-09-18
"180","0EEwmh1sWq","MOOSPMv3Parser",1789699800,3,3,3,5,5,3,4,6,6,4,1523,219,60167,34,24,3,24,24,-10,-10,24,0,22,22,45,46,39.748,41,8,36.503151,-120.325439,47.577999,0,600,58,3,"e00fce68e77e43df92405fdb",2026-09-18 02:50:20.398,2026-09-18 02:50:20.581,2026-09-18 02:50:20.581,2026-09-18
"181","2m4qdybvqx","MOOSPMv3Parser",1789700400,0,0,2,0,0,2,3,1,1,3,238,149,45961,25,16,3,17,17,22,39,17,1,22,25,45,41,22.227,112,2,36.198933,-120.104431,76.615997,5,599,58,3,"e00fce686dc2ef0a68fa40b0",2026-09-18 03:00:02.203,2026-09-18 03:00:02.497,2026-09-18 03:00:02.497,2026-09-18
"182","wkJBZMJtAo","MOOSPMv3Parser",1789700400,5,5,4,8,8,5,5,8,8,6,1080,292,242277,57,34,4,35,35,21,47,35,1,21,23,54,49,15.843,213,1,35.949654,-119.049973,113.095001,6,600,58,3,"e00fce6808784ceaf209f949",2026-09-18 03:00:02.824,2026-09-18 03:00:03.161,2026-09-18 03:00:03.161,2026-09-18
"183","V25V7a1mGg","MOOSPMv3Parser",1789700400,3,3,3,5,5,3,4,5,5,4,1486,213,60186,32,23,2,23,23,20,39,23,0,22,22,45,46,40.255,40,9,36.503128,-120.325409,55.435001,10,600,58,3,"e00fce68e77e43df92405fdb",2026-09-18 03:00:02.756,2026-09-18 03:00:03.195,2026-09-18 03:00:03.195,2026-09-18
"184","CHweUYGRWD","MOOSPMv3Parser",1789700400,4,4,0,6,6,0,0,7,7,0,834,239,217114,47,0,3,0,0,23,35,0,0,23,25,49,45,24.342,227,3277,1.3e-05,0.002357,2586.38208,9,600,58,3,"e00fce68e28dcbc9a589be10",2026-09-18 03:00:03.166,2026-09-18 03:00:03.479,2026-09-18 03:00:03.479,2026-09-18
"185","yMwgrOR4Rl","MOOSPMv3Parser",1789700401,2,2,7,5,5,10,12,7,7,13,401,299,97242,68,53,11,56,56,23,38,56,1,24,26,44,42,7.35,275,1,35.963226,-119.291824,47.112999,0,600,58,3,"e00fce68d6b773b56ce8baa0",2026-09-18 03:00:03.323,2026-09-18 03:00:03.593,2026-09-18 03:00:03.593,2026-09-18
"186","2vneNyCpTE","MOOSPMv3Parser",1789700400,7,7,7,11,11,8,8,11,11,8,1761,390,141602,72,51,6,52,52,22,47,52,1,24,24,46,47,24.012,202,3,35.775082,-119.238525,62.977001,8,600,58,3,"e00fce68e88237db75a60608",2026-09-18 03:00:03.377,2026-09-18 03:00:03.609,2026-09-18 03:00:03.609,2026-09-18
"187","dKRNFfeYgn","MOOSPMv3Parser",1789700401,4,4,5,8,8,6,7,10,10,7,824,257,184915,54,37,11,39,39,1,0,39,1,22,24,46,45,20.287,82,2,36.433697,-119.92337,33.513,8,600,58,3,"e00fce6876826e255108c6bd",2026-09-18 03:00:04.753,2026-09-18 03:00:04.964,2026-09-18 03:00:04.964,2026-09-18
"188","SD2dDLxDHu","MOOSPMv3Parser",1789700401,4,4,0,7,7,0,0,8,8,0,1129,267,0,53,0,6,0,0,22,37,0,2,23,24,44,45,24.364,130,221,36.187485,-119.821968,30.358999,9,600,58,3,"e00fce68e739ecbcf9e91965",2026-09-18 03:00:05.287,2026-09-18 03:00:05.467,2026-09-18 03:00:05.467,2026-09-18
"189","lFWnogXJR5","MOOSPMv3Parser",1789700401,3,3,3,5,5,3,3,5,5,3,756,188,303968,34,26,3,26,26,21,35,26,0,26,23,36,43,513.406,30,4,36.139076,-120.368355,170.468994,0,600,58,3,"e00fce6850cac69f647dc199",2026-09-18 03:00:05.488,2026-09-18 03:00:05.647,2026-09-18 03:00:05.647,2026-09-18
"190","Rv9o31M1FZ","MOOSPMv3Parser",1789700401,4,4,6,7,7,8,10,7,7,11,960,266,105908,47,44,3,46,46,21,51,46,1,20,23,60,51,19.929,189,4,36.523304,-119.278809,91.889999,6,600,58,3,"e00fce68f12da1a0c5de6248",2026-09-18 03:00:06.577,2026-09-18 03:00:06.782,2026-09-18 03:00:06.782,2026-09-18
"191","FyVplocDYp","MOOSPMv3Parser",1789701000,0,0,2,0,0,3,3,1,1,3,237,144,45975,25,18,3,18,18,22,40,18,1,22,24,46,41,21.913,111,2,36.19891,-120.104393,92.376999,8,599,58,3,"e00fce686dc2ef0a68fa40b0",2026-09-18 03:10:02.587,2026-09-18 03:10:02.765,2026-09-18 03:10:02.765,2026-09-18
"192","K31vA8CSuX","MOOSPMv3Parser",1789701000,5,5,5,8,8,6,6,9,9,6,1146,314,242309,56,38,4,38,39,21,48,39,1,22,23,53,50,16.861,203,1,35.949562,-119.049911,121.292999,6,600,58,3,"e00fce6808784ceaf209f949",2026-09-18 03:10:02.903,2026-09-18 03:10:03.07,2026-09-18 03:10:03.07,2026-09-18
"193","9TTNRp2mTk","MOOSPMv3Parser",1789701000,4,4,0,6,6,0,0,7,7,0,798,225,217477,41,0,4,0,0,22,36,0,0,22,25,49,45,23.008,249,3277,2.7e-05,-0.004253,18747.173828,8,599,58,3,"e00fce68e28dcbc9a589be10",2026-09-18 03:10:03.165,2026-09-18 03:10:03.373,2026-09-18 03:10:03.373,2026-09-18
"194","KIwdjpAMGi","MOOSPMv3Parser",1789701000,6,6,7,10,10,8,9,11,11,9,1638,350,141645,70,51,6,52,52,22,48,52,1,24,24,47,48,22.854,220,3,35.775055,-119.238518,65.710999,9,600,58,3,"e00fce68e88237db75a60608",2026-09-18 03:10:03.382,2026-09-18 03:10:03.584,2026-09-18 03:10:03.584,2026-09-18
"195","BcSlGv01F2","MOOSPMv3Parser",1789701001,2,2,3,4,4,4,4,4,4,4,659,163,303989,31,27,2,27,27,21,35,27,0,26,23,36,43,513.443,31,4,36.139011,-120.368378,168.873993,14,600,58,3,"e00fce6850cac69f647dc199",2026-09-18 03:10:04.492,2026-09-18 03:10:04.702,2026-09-18 03:10:04.702,2026-09-18
"196","MOc7Fp5gCP","MOOSPMv3Parser",1789701001,3,3,5,6,6,6,6,8,8,7,751,231,184945,47,35,6,36,37,0,0,37,1,22,23,46,45,20.835,82,3,36.433697,-119.92337,33.516998,0,600,58,3,"e00fce6876826e255108c6bd",2026-09-18 03:10:04.764,2026-09-18 03:10:04.922,2026-09-18 03:10:04.922,2026-09-18
"197","AtWadzZaIR","MOOSPMv3Parser",1789701001,4,4,0,8,8,0,0,9,9,0,1183,268,0,55,0,6,0,0,22,38,0,2,23,24,45,46,23.998,129,235,36.187504,-119.822174,15.896,9,600,58,3,"e00fce68e739ecbcf9e91965",2026-09-18 03:10:05.202,2026-09-18 03:10:05.41,2026-09-18 03:10:05.41,2026-09-18
"198","JaAENtpaQn","MOOSPMv3Parser",1789701001,4,4,5,6,6,6,7,7,7,7,912,253,105942,40,40,3,41,41,20,53,41,1,19,22,62,53,17.273,224,2,36.523369,-119.278664,68.157997,6,600,58,3,"e00fce68f12da1a0c5de6248",2026-09-18 03:10:06.672,2026-09-18 03:10:06.872,2026-09-18 03:10:06.872,2026-09-18
"199","tffZngenrc","MOOSPMv3Parser",1789701600,0,0,2,0,0,2,2,0,0,3,239,150,45988,26,15,3,15,16,22,40,16,1,22,24,46,42,22.748,108,2,36.19875,-120.104393,92.446999,6,599,58,3,"e00fce686dc2ef0a68fa40b0",2026-09-18 03:20:02.749,2026-09-18 03:20:02.929,2026-09-18 03:20:02.929,2026-09-18
"200","LWME1Dcm1a","MOOSPMv3Parser",1789701600,6,6,5,9,9,6,6,10,10,6,1242,340,242343,64,41,5,42,42,21,50,42,0,22,23,53,51,13.728,254,1,35.949692,-119.049904,124.323997,8,600,58,3,"e00fce6808784ceaf209f949",2026-09-18 03:20:02.905,2026-09-18 03:20:03.099,2026-09-18 03:20:03.099,2026-09-18
"201","rLYyTy6pT8","MOOSPMv3Parser",1789701601,1,1,6,4,4,7,7,5,5,7,374,274,97475,55,43,7,44,44,23,39,44,1,24,25,44,43,8.986,253,1,35.963226,-119.291878,51.967999,6,599,58,3,"e00fce68d6b773b56ce8baa0",2026-09-18 03:20:03.161,2026-09-18 03:20:03.339,2026-09-18 03:20:03.339,2026-09-18
"202","LIJJcQa0vP","MOOSPMv3Parser",1789701600,4,4,0,6,6,0,0,7,7,0,815,231,217114,46,0,3,0,0,22,37,0,0,22,24,50,46,24.922,208,3277,2.7e-05,-0.004253,18747.173828,8,600,58,3,"e00fce68e28dcbc9a589be10",2026-09-18 03:20:03.194,2026-09-18 03:20:03.4,2026-09-18 03:20:03.4,2026-09-18
"203","r9eW2jwTXP","MOOSPMv3Parser",1789701600,6,6,6,10,10,7,8,11,11,8,1631,358,141686,70,49,6,50,50,22,49,50,1,23,24,48,48,22.832,216,3,35.775093,-119.238503,56.563999,10,600,58,3,"e00fce68e88237db75a60608",2026-09-18 03:20:03.378,2026-09-18 03:20:03.605,2026-09-18 03:20:03.605,2026-09-18
"204","5bQLnCiQ9Z","MOOSPMv3Parser",1789701601,3,3,5,6,6,6,6,7,7,7,732,224,184974,45,35,7,36,36,1,1,36,1,22,23,46,46,21.348,82,4,36.433765,-119.923409,45.122002,6,600,58,3,"e00fce6876826e255108c6bd",2026-09-18 03:20:04.681,2026-09-18 03:20:04.865,2026-09-18 03:20:04.865,2026-09-18
"205","XtqDkw27C4","MOOSPMv3Parser",1789701601,3,3,4,5,5,5,6,6,6,6,758,186,304019,38,33,4,34,34,21,36,34,1,25,23,36,44,513.394,30,4,36.138988,-120.368439,174.268005,9,600,58,3,"e00fce6850cac69f647dc199",2026-09-18 03:20:04.892,2026-09-18 03:20:05.056,2026-09-18 03:20:05.056,2026-09-18
"206","l8KVZFNN1N","MOOSPMv3Parser",1789701601,4,4,0,8,8,0,0,9,9,0,1131,269,0,54,0,7,0,0,22,40,0,2,23,23,47,47,21.996,165,194,36.1875,-119.822067,26.354,7,600,58,3,"e00fce68e739ecbcf9e91965",2026-09-18 03:20:05.287,2026-09-18 03:20:05.477,2026-09-18 03:20:05.477,2026-09-18
"207","NOePfwBH18","MOOSPMv3Parser",1789701601,4,4,5,6,6,6,6,7,7,6,939,262,105977,41,40,2,40,40,20,55,40,1,18,22,65,54,13.758,239,1,36.523426,-119.278824,62.397999,7,600,58,3,"e00fce68f12da1a0c5de6248",2026-09-18 03:20:06.755,2026-09-18 03:20:06.957,2026-09-18 03:20:06.957,2026-09-18
"208","NFHeUWtuWk","MOOSPMv3Parser",1789701601,3,3,3,5,5,4,4,5,5,4,1417,203,60227,33,24,3,24,24,20,39,24,1,21,22,45,47,39.277,43,11,36.503315,-120.325439,85.861,7,600,58,3,"e00fce68e77e43df92405fdb",2026-09-18 03:20:20.833,2026-09-18 03:20:21.031,2026-09-18 03:20:21.031,2026-09-18
"209","7stH0EqJ17","MOOSPMv3Parser",1789702200,7,7,6,11,11,6,6,11,11,6,1426,395,242377,71,43,5,44,44,21,51,44,0,21,22,55,52,9.173,278,1,35.949421,-119.049896,109.013,8,600,58,3,"e00fce6808784ceaf209f949",2026-09-18 03:30:02.983,2026-09-18 03:30:03.197,2026-09-18 03:30:03.197,2026-09-18
"210","ByLxaCRHqG","MOOSPMv3Parser",1789702200,0,0,2,0,0,2,2,0,0,2,234,143,46000,24,16,2,16,16,22,40,16,1,22,24,46,42,22.964,110,3,36.198799,-120.104469,87.389999,7,599,58,3,"e00fce686dc2ef0a68fa40b0",2026-09-18 03:30:03.086,2026-09-18 03:30:03.259,2026-09-18 03:30:03.259,2026-09-18
"211","ihiyoC3U5B","MOOSPMv3Parser",1789702200,4,4,0,6,6,0,0,6,6,0,816,233,217114,47,0,3,0,0,22,37,0,0,22,24,50,46,24.975,222,3277,2.7e-05,-0.004253,18747.173828,8,600,58,3,"e00fce68e28dcbc9a589be10",2026-09-18 03:30:03.172,2026-09-18 03:30:03.317,2026-09-18 03:30:03.317,2026-09-18
"212","qeVCLFgYl3","MOOSPMv3Parser",1789702201,2,2,6,5,5,7,8,6,6,8,394,291,97514,61,47,9,48,48,23,40,48,1,24,25,46,44,11.339,238,1,35.963188,-119.291885,34.744999,8,599,58,3,"e00fce68d6b773b56ce8baa0",2026-09-18 03:30:03.305,2026-09-18 03:30:03.452,2026-09-18 03:30:03.452,2026-09-18
"213","K2m6MGVFvl","MOOSPMv3Parser",1789702200,6,6,6,11,11,7,7,11,11,8,1670,356,141726,73,47,9,47,48,22,50,48,1,23,23,49,49,22.119,216,2,35.775021,-119.23864,62.57,8,600,58,3,"e00fce68e88237db75a60608",2026-09-18 03:30:03.383,2026-09-18 03:30:03.564,2026-09-18 03:30:03.564,2026-09-18
"214","Z90aMZmJok","MOOSPMv3Parser",1789702201,3,3,3,4,4,3,3,5,5,3,1410,200,60245,31,22,2,22,22,20,40,22,1,21,21,46,47,38.064,61,12,36.503258,-120.325401,66.053001,9,600,58,3,"e00fce68e77e43df92405fdb",2026-09-18 03:30:03.424,2026-09-18 03:30:03.588,2026-09-18 03:30:03.588,2026-09-18
"215","sdcMj7Ld0n","MOOSPMv3Parser",1789702201,3,3,4,5,5,5,6,8,8,7,659,204,184999,43,31,8,32,32,0,0,32,1,22,23,47,47,21.607,83,4,36.433681,-119.923378,17.021999,8,600,58,3,"e00fce6876826e255108c6bd",2026-09-18 03:30:04.907,2026-09-18 03:30:05.089,2026-09-18 03:30:05.089,2026-09-18
"216","3c1Y7UyFVp","MOOSPMv3Parser",1789702201,3,3,4,5,5,5,6,6,6,6,728,183,304046,36,30,4,32,32,21,36,32,1,25,22,36,44,513.481,32,4,36.139057,-120.368355,173.386002,9,600,58,3,"e00fce6850cac69f647dc199",2026-09-18 03:30:05.14,2026-09-18 03:30:05.278,2026-09-18 03:30:05.278,2026-09-18
"217","6UGHAWrIQ8","MOOSPMv3Parser",1789702201,5,5,0,8,8,0,0,9,9,0,1186,285,0,58,0,6,0,0,21,39,0,2,22,23,46,46,19.331,207,119,36.187553,-119.821991,32.873001,7,600,58,3,"e00fce68e739ecbcf9e91965",2026-09-18 03:30:05.134,2026-09-18 03:30:05.285,2026-09-18 03:30:05.285,2026-09-18
"218","ZaTqndQzzI","MOOSPMv3Parser",1789702201,5,5,6,8,8,6,6,8,8,6,1119,311,106014,48,43,2,44,44,20,56,44,0,18,21,67,55,10.319,267,1,36.523472,-119.279045,62.258999,5,600,58,3,"e00fce68f12da1a0c5de6248",2026-09-18 03:30:06.703,2026-09-18 03:30:06.918,2026-09-18 03:30:06.918,2026-09-18
"219","G4BF5DxwCH","MOOSPMv3Parser",1789702800,0,0,3,0,0,3,3,1,1,3,236,142,45940,25,20,3,20,20,21,40,20,1,21,23,46,42,23.065,100,3,36.198875,-120.104362,76.436996,5,600,58,3,"e00fce686dc2ef0a68fa40b0",2026-09-18 03:40:02.328,2026-09-18 03:40:02.609,2026-09-18 03:40:02.609,2026-09-18
"220","61dcBDFRk8","MOOSPMv3Parser",1789702800,6,6,5,10,10,6,6,11,11,6,1347,368,242411,70,40,6,41,41,20,52,41,0,21,22,56,52,9.964,271,1,35.949535,-119.04995,113.539001,8,600,58,3,"e00fce6808784ceaf209f949",2026-09-18 03:40:02.894,2026-09-18 03:40:03.113,2026-09-18 03:40:03.113,2026-09-18
"221","O1OU5dptXm","MOOSPMv3Parser",1789702801,2,2,7,6,6,8,9,7,7,9,427,322,97555,63,51,9,52,52,23,40,52,1,24,25,47,45,9.322,251,1,35.963203,-119.291809,43.598,9,599,58,3,"e00fce68d6b773b56ce8baa0",2026-09-18 03:40:03.247,2026-09-18 03:40:03.426,2026-09-18 03:40:03.426,2026-09-18
"222","7btEnQ9oxf","MOOSPMv3Parser",1789702800,6,6,6,9,9,7,7,10,10,7,1488,334,141765,62,44,5,45,45,21,51,45,1,23,23,49,50,21.534,222,2,35.775089,-119.238525,71.254997,7,600,58,3,"e00fce68e88237db75a60608",2026-09-18 03:40:03.313,2026-09-18 03:40:03.496,2026-09-18 03:40:03.496,2026-09-18
"223","FPCQqvN9Wc","MOOSPMv3Parser",1789702800,4,4,0,6,6,0,0,7,7,0,849,243,217114,47,0,4,0,0,22,38,0,0,22,24,50,47,24.26,214,3277,2.7e-05,-0.004253,18747.173828,8,600,58,3,"e00fce68e28dcbc9a589be10",2026-09-18 03:40:03.461,2026-09-18 03:40:03.612,2026-09-18 03:40:03.612,2026-09-18
"224","A05F6Kmdbi","MOOSPMv3Parser",1789702801,3,3,4,6,6,6,7,7,7,7,675,208,185024,48,31,7,32,32,0,0,33,1,22,22,47,47,21.427,83,4,36.433586,-119.923386,25.601,10,600,58,3,"e00fce6876826e255108c6bd",2026-09-18 03:40:04.763,2026-09-18 03:40:04.944,2026-09-18 03:40:04.944,2026-09-18
"225","XhxWL7vBu3","MOOSPMv3Parser",1789702801,3,3,3,4,4,3,3,5,5,4,1441,204,60263,28,21,2,22,22,20,41,22,1,21,21,47,48,36.72,82,11,36.503235,-120.325417,57.259998,9,600,58,3,"e00fce68e77e43df92405fdb",2026-09-18 03:40:04.816,2026-09-18 03:40:04.988,2026-09-18 03:40:04.988,2026-09-18
"226","pesBLif3d6","MOOSPMv3Parser",1789702801,4,4,0,7,7,0,0,8,8,0,1166,262,0,51,0,4,0,0,21,39,0,2,22,23,46,46,19.44,215,105,36.18745,-119.821991,25.209,8,600,58,3,"e00fce68e739ecbcf9e91965",2026-09-18 03:40:05.35,2026-09-18 03:40:05.54,2026-09-18 03:40:05.54,2026-09-18
"227","DlQkIZL6EV","MOOSPMv3Parser",1789702801,3,3,4,5,5,4,4,5,5,5,734,181,304071,34,29,3,29,29,20,37,29,1,25,22,38,46,513.476,32,4,36.138985,-120.368362,183.332001,8,600,58,3,"e00fce6850cac69f647dc199",2026-09-18 03:40:05.436,2026-09-18 03:40:05.634,2026-09-18 03:40:05.634,2026-09-18
"228","U9ia2UULr8","MOOSPMv3Parser",1789702801,6,6,6,9,9,6,6,9,9,6,1222,344,106054,57,46,2,46,46,19,60,46,0,18,21,68,58,11.751,231,1,36.523346,-119.278831,82.085999,0,600,58,3,"e00fce68f12da1a0c5de6248",2026-09-18 03:40:06.804,2026-09-18 03:40:07,2026-09-18 03:40:07,2026-09-18
"229","y6oqXWMWqO","MOOSPMv3Parser",1789703400,0,0,2,0,0,3,3,0,0,3,237,146,46030,23,17,2,17,17,21,40,17,1,21,23,46,42,23.56,107,3,36.198757,-120.104454,68.383003,6,599,58,3,"e00fce686dc2ef0a68fa40b0",2026-09-18 03:50:02.595,2026-09-18 03:50:02.829,2026-09-18 03:50:02.829,2026-09-18
"230","4XTvOZCy2x","MOOSPMv3Parser",1789703400,6,6,5,10,10,6,6,11,11,6,1363,374,242444,71,41,6,42,42,20,53,42,1,21,22,56,53,11.739,239,1,35.949585,-119.049797,109.495003,6,600,58,3,"e00fce6808784ceaf209f949",2026-09-18 03:50:02.958,2026-09-18 03:50:03.142,2026-09-18 03:50:03.142,2026-09-18
"231","HOlamDehT4","MOOSPMv3Parser",1789703400,4,4,0,7,7,0,0,7,7,0,883,252,217114,49,0,4,0,0,22,38,0,0,22,23,50,47,23.86,233,3277,2.7e-05,-0.004253,18747.173828,8,600,58,3,"e00fce68e28dcbc9a589be10",2026-09-18 03:50:03.245,2026-09-18 03:50:03.434,2026-09-18 03:50:03.434,2026-09-18
"232","o9M7PqvWf5","MOOSPMv3Parser",1789703401,2,2,7,6,6,8,9,7,7,9,415,311,97597,62,51,10,52,52,22,41,52,1,24,25,47,46,7.679,263,1,35.963203,-119.291855,64.236,11,599,58,3,"e00fce68d6b773b56ce8baa0",2026-09-18 03:50:03.372,2026-09-18 03:50:03.579,2026-09-18 03:50:03.579,2026-09-18
"233","U7F7tEQ5g8","MOOSPMv3Parser",1789703400,5,5,6,9,9,7,7,9,9,7,1380,305,141803,59,45,6,45,46,21,51,46,1,23,23,49,50,22.301,206,2,35.775089,-119.238525,71.251999,0,600,58,3,"e00fce68e88237db75a60608",2026-09-18 03:50:03.441,2026-09-18 03:50:03.625,2026-09-18 03:50:03.625,2026-09-18
"234","yZvjjLRelq","MOOSPMv3Parser",1789703401,2,2,4,4,4,4,4,5,5,4,714,174,304093,33,27,2,28,28,20,38,28,1,25,22,37,46,94.636,81,4,36.138973,-120.368385,165.770996,8,600,58,3,"e00fce6850cac69f647dc199",2026-09-18 03:50:04.429,2026-09-18 03:50:04.568,2026-09-18 03:50:04.568,2026-09-18
"235","ZdtliZKbJs","MOOSPMv3Parser",1789703401,3,3,4,5,5,5,6,7,7,7,665,205,185048,46,30,6,31,32,0,0,32,1,21,22,47,47,21.581,83,4,36.433651,-119.923378,27.690001,11,600,58,3,"e00fce6876826e255108c6bd",2026-09-18 03:50:04.754,2026-09-18 03:50:05.001,2026-09-18 03:50:05.001,2026-09-18
"236","hgYBjkgv0W","MOOSPMv3Parser",1789703401,4,4,0,7,7,0,0,8,8,0,1132,255,0,49,0,5,0,0,21,39,0,2,22,23,46,46,19.796,207,117,36.187538,-119.821892,53.129002,7,600,58,3,"e00fce68e739ecbcf9e91965",2026-09-18 03:50:05.134,2026-09-18 03:50:05.305,2026-09-18 03:50:05.305,2026-09-18
"237","Nje5IakmyQ","MOOSPMv3Parser",1789703401,6,6,7,9,9,7,7,10,10,7,1329,375,106098,58,51,3,51,51,19,60,51,0,18,21,66,57,10.835,239,1,36.523293,-119.278885,82.445999,5,600,58,3,"e00fce68f12da1a0c5de6248",2026-09-18 03:50:07.011,2026-09-18 03:50:07.264,2026-09-18 03:50:07.264,2026-09-18
"238","f3i7N0Sc0W","MOOSPMv3Parser",1789703401,3,3,3,4,4,3,3,5,5,3,1642,201,60282,30,22,2,23,23,19,43,23,0,20,21,50,50,30.77,146,9,36.503143,-120.325409,57.77,6,600,58,3,"e00fce68e77e43df92405fdb",2026-09-18 03:50:08.569,2026-09-18 03:50:08.815,2026-09-18 03:50:08.815,2026-09-18
"239","dbgoZ1blMc","MOOSPMv3Parser",1789704000,0,0,2,0,0,2,2,0,0,3,231,139,45966,23,15,3,15,15,21,40,15,1,21,23,46,42,24.09,88,3,36.198757,-120.104454,68.386002,0,600,58,3,"e00fce686dc2ef0a68fa40b0",2026-09-18 04:00:02.8,2026-09-18 04:00:03.191,2026-09-18 04:00:03.191,2026-09-18
"240","D8DB1cm0z7","MOOSPMv3Parser",1789704000,7,7,6,10,10,6,7,11,11,7,1355,374,242480,72,43,4,43,44,20,53,44,1,20,22,56,53,9.342,260,1,35.949558,-119.049858,123.43,6,600,58,3,"e00fce6808784ceaf209f949",2026-09-18 04:00:02.835,2026-09-18 04:00:03.388,2026-09-18 04:00:03.388,2026-09-18
"241","XnX8i87Kiv","MOOSPMv3Parser",1789704000,4,4,0,6,6,0,0,7,7,0,845,242,217114,45,0,4,0,0,21,38,0,0,21,23,50,47,24.618,244,3277,2.7e-05,-0.004253,18747.173828,8,600,58,3,"e00fce68e28dcbc9a589be10",2026-09-18 04:00:03.168,2026-09-18 04:00:03.704,2026-09-18 04:00:03.704,2026-09-18
"242","CJFPVE317g","MOOSPMv3Parser",1789704001,2,2,7,6,6,9,9,7,7,10,408,306,97642,63,55,10,57,57,22,42,57,1,24,24,47,46,9.373,260,1,35.963215,-119.291771,33.573002,7,599,58,3,"e00fce68d6b773b56ce8baa0",2026-09-18 04:00:03.514,2026-09-18 04:00:03.826,2026-09-18 04:00:03.826,2026-09-18
"243","GPaoOCsNB5","MOOSPMv3Parser",1789704000,5,5,6,8,8,7,7,9,9,7,1447,317,141841,57,44,5,45,45,21,52,45,1,23,23,49,50,21.89,201,2,35.774956,-119.238548,73.741997,6,600,58,3,"e00fce68e88237db75a60608",2026-09-18 04:00:03.365,2026-09-18 04:00:04.062,2026-09-18 04:00:04.062,2026-09-18
"244","TdHhf8KyNc","MOOSPMv3Parser",1789704001,2,2,3,4,4,4,4,5,5,4,697,172,304111,31,26,3,26,26,20,38,26,0,24,21,37,46,41.726,135,3,36.13903,-120.368378,187.25,6,600,58,3,"e00fce6850cac69f647dc199",2026-09-18 04:00:04.824,2026-09-18 04:00:04.963,2026-09-18 04:00:04.963,2026-09-18
"245","Xkjkhwh2gM","MOOSPMv3Parser",1789704001,3,3,4,5,5,5,6,7,7,6,687,212,185073,43,30,5,31,31,0,0,31,1,21,22,47,47,21.677,83,4,36.433582,-119.92337,36.944,10,600,58,3,"e00fce6876826e255108c6bd",2026-09-18 04:00:04.907,2026-09-18 04:00:05.128,2026-09-18 04:00:05.128,2026-09-18
"246","E4oL6OB5FF","MOOSPMv3Parser",1789704001,4,4,0,7,7,0,0,8,8,0,1075,244,0,50,0,6,0,0,21,39,0,2,22,22,45,46,20.729,186,157,36.187538,-119.821892,53.132999,0,600,58,3,"e00fce68e739ecbcf9e91965",2026-09-18 04:00:05.193,2026-09-18 04:00:05.417,2026-09-18 04:00:05.417,2026-09-18
"247","rBARwN6Wv6","MOOSPMv3Parser",1789704001,7,7,8,10,10,9,10,11,11,10,1460,408,106149,71,60,4,61,61,19,60,61,1,18,20,65,58,11.698,242,1,36.523354,-119.278877,85.016998,7,600,58,3,"e00fce68f12da1a0c5de6248",2026-09-18 04:00:06.593,2026-09-18 04:00:06.761,2026-09-18 04:00:06.761,2026-09-18
"248","ZiAy3v433Z","MOOSPMv3Parser",1789704001,3,3,3,5,5,3,4,5,5,4,1482,206,60302,31,23,3,23,23,19,45,23,0,19,20,52,51,28.165,200,6,36.503059,-120.325401,47.533001,8,600,58,3,"e00fce68e77e43df92405fdb",2026-09-18 04:00:38.833,2026-09-18 04:00:39.058,2026-09-18 04:00:39.058,2026-09-18
"249","HAwx9INPHz","MOOSPMv3Parser",1789704600,8,8,6,12,12,7,7,13,13,7,1619,444,242517,81,45,6,46,46,20,56,46,1,20,21,58,55,10.482,250,1,35.94965,-119.049812,122.334,6,600,58,3,"e00fce6808784ceaf209f949",2026-09-18 04:10:02.903,2026-09-18 04:10:03.059,2026-09-18 04:10:03.059,2026-09-18
"250","cGQ6NoeJxs","MOOSPMv3Parser",1789704600,0,0,2,0,0,2,2,0,0,3,228,139,46055,21,16,2,16,16,21,40,16,1,21,23,46,42,24.005,88,4,36.198895,-120.104416,77.083,9,599,58,3,"e00fce686dc2ef0a68fa40b0",2026-09-18 04:10:03.18,2026-09-18 04:10:03.346,2026-09-18 04:10:03.346,2026-09-18
"251","R7FCS5ViLo","MOOSPMv3Parser",1789704600,4,4,0,7,7,0,0,7,7,0,877,251,217114,53,0,5,0,0,21,38,0,0,21,23,50,47,26.561,192,3277,2.7e-05,-0.004253,18747.173828,8,600,58,3,"e00fce68e28dcbc9a589be10",2026-09-18 04:10:03.212,2026-09-18 04:10:03.372,2026-09-18 04:10:03.372,2026-09-18
"252","GR4QmrRQdv","MOOSPMv3Parser",1789704600,6,6,6,9,9,7,7,10,10,7,1459,317,141879,63,44,5,45,45,21,53,45,1,23,23,50,51,21.445,210,2,35.77507,-119.238533,54.598999,5,600,58,3,"e00fce68e88237db75a60608",2026-09-18 04:10:03.383,2026-09-18 04:10:03.542,2026-09-18 04:10:03.542,2026-09-18
"253","8s9wT8UMXO","MOOSPMv3Parser",1789704601,3,3,3,4,4,3,3,5,5,4,1355,198,60322,30,23,2,23,24,18,47,24,0,19,20,53,53,26.369,225,5,36.503193,-120.325394,62.834,5,600,58,3,"e00fce68e77e43df92405fdb",2026-09-18 04:10:03.475,2026-09-18 04:10:03.633,2026-09-18 04:10:03.633,2026-09-18
"254","SoTunHqdOF","MOOSPMv3Parser",1789704601,4,4,8,8,8,9,10,9,9,10,496,380,97530,75,62,10,63,63,22,42,63,1,24,24,47,47,8.183,253,1,35.963192,-119.291832,31.615999,8,600,58,3,"e00fce68d6b773b56ce8baa0",2026-09-18 04:10:03.841,2026-09-18 04:10:04.021,2026-09-18 04:10:04.021,2026-09-18
"255","0uvM5RQ4Ez","MOOSPMv3Parser",1789704601,3,3,4,5,5,5,6,7,7,6,644,199,185096,42,27,6,28,29,0,0,29,1,21,22,48,47,21.466,83,5,36.433739,-119.923363,31.926001,7,600,58,3,"e00fce6876826e255108c6bd",2026-09-18 04:10:04.979,2026-09-18 04:10:05.126,2026-09-18 04:10:05.126,2026-09-18
"256","APOctKOQKZ","MOOSPMv3Parser",1789704601,3,3,4,4,4,4,4,5,5,4,685,174,304138,33,29,3,29,29,19,38,29,0,24,21,38,46,34.385,215,2,36.13903,-120.368477,174.311996,6,600,58,3,"e00fce6850cac69f647dc199",2026-09-18 04:10:05.133,2026-09-18 04:10:05.328,2026-09-18 04:10:05.328,2026-09-18
"257","WIRVqgPe1w","MOOSPMv3Parser",1789704601,4,4,0,7,7,0,0,8,8,0,1092,242,0,50,0,7,0,0,21,39,0,2,22,22,45,46,22.383,166,221,36.1875,-119.822052,33.481998,10,600,58,3,"e00fce68e739ecbcf9e91965",2026-09-18 04:10:05.134,2026-09-18 04:10:05.361,2026-09-18 04:10:05.361,2026-09-18
"258","ygIMj0ydud","MOOSPMv3Parser",1789704601,7,7,7,11,11,7,7,11,11,8,1478,409,106196,66,54,4,54,54,19,60,54,0,18,20,63,57,10.735,258,1,36.523342,-119.2789,99.975998,9,600,58,3,"e00fce68f12da1a0c5de6248",2026-09-18 04:10:06.792,2026-09-18 04:10:06.955,2026-09-18 04:10:06.955,2026-09-18
"259","Sda3SSSt7h","MOOSPMv3Parser",1789705200,0,0,2,0,0,2,2,0,0,3,230,137,46068,23,15,2,15,15,21,41,15,1,21,23,47,44,23.454,84,4,36.198845,-120.104446,71.433998,9,599,58,3,"e00fce686dc2ef0a68fa40b0",2026-09-18 04:20:02.365,2026-09-18 04:20:02.542,2026-09-18 04:20:02.542,2026-09-18
"260","iVla5bcOQC","MOOSPMv3Parser",1789705201,3,3,3,5,5,3,4,5,5,4,1420,214,60342,33,23,2,23,24,-10,-10,24,1,19,19,53,54,27.687,221,4,36.503239,-120.325378,62.502998,5,600,58,3,"e00fce68e77e43df92405fdb",2026-09-18 04:20:02.828,2026-09-18 04:20:02.99,2026-09-18 04:20:02.99,2026-09-18
"261","3EE9EnVkaJ","MOOSPMv3Parser",1789705200,8,8,6,12,12,6,7,13,13,7,1729,473,242552,75,44,5,45,45,20,59,45,1,20,21,59,57,11.845,222,1,35.94965,-119.049812,122.331001,0,600,58,3,"e00fce6808784ceaf209f949",2026-09-18 04:20:02.928,2026-09-18 04:20:03.123,2026-09-18 04:20:03.123,2026-09-18
"262","1DINAvatFt","MOOSPMv3Parser",1789705200,4,4,0,6,6,0,0,7,7,0,843,240,217114,46,0,3,0,0,21,38,0,0,21,23,50,47,25.323,229,3277,2.7e-05,-0.004253,18747.173828,8,600,58,3,"e00fce68e28dcbc9a589be10",2026-09-18 04:20:03.118,2026-09-18 04:20:03.312,2026-09-18 04:20:03.312,2026-09-18
"263","sMLE5RzdRw","MOOSPMv3Parser",1789705200,5,5,6,8,8,7,7,9,9,7,1436,319,141918,56,45,4,46,46,21,54,46,1,22,23,51,52,21.229,222,2,35.775097,-119.238503,54.848,8,600,58,3,"e00fce68e88237db75a60608",2026-09-18 04:20:03.312,2026-09-18 04:20:03.459,2026-09-18 04:20:03.459,2026-09-18
"264","rfcd6wS4ml","MOOSPMv3Parser",1789705201,2,2,7,6,6,8,9,7,7,9,424,319,97739,66,55,9,56,56,22,42,56,1,24,24,47,47,6.335,263,1,35.963234,-119.291664,28.628,7,599,58,3,"e00fce68d6b773b56ce8baa0",2026-09-18 04:20:03.382,2026-09-18 04:20:03.56,2026-09-18 04:20:03.56,2026-09-18
"265","4rJxCV7CNB","MOOSPMv3Parser",1789705201,3,3,4,5,5,5,5,7,7,6,675,209,185121,42,30,7,30,31,0,0,31,1,20,22,49,48,21.152,83,4,36.433498,-119.923332,36.382,7,600,58,3,"e00fce6876826e255108c6bd",2026-09-18 04:20:04.915,2026-09-18 04:20:05.125,2026-09-18 04:20:05.125,2026-09-18
"266","dynxTCBGLi","MOOSPMv3Parser",1789705201,4,4,0,7,7,0,0,7,7,0,1124,240,0,48,0,5,0,0,21,39,0,2,22,22,45,46,22.816,165,254,36.18755,-119.82206,29.414,9,600,58,3,"e00fce68e739ecbcf9e91965",2026-09-18 04:20:05.136,2026-09-18 04:20:05.32,2026-09-18 04:20:05.32,2026-09-18
"267","WoeXYrl2UP","MOOSPMv3Parser",1789705201,3,3,4,5,5,4,5,5,5,5,700,177,304168,32,31,3,31,31,19,39,31,1,23,20,39,47,32.463,259,2,36.138947,-120.368454,177.882004,7,600,58,3,"e00fce6850cac69f647dc199",2026-09-18 04:20:05.469,2026-09-18 04:20:05.742,2026-09-18 04:20:05.742,2026-09-18
"268","VwVwfGp5B8","MOOSPMv3Parser",1789705201,8,8,7,11,11,8,8,12,12,8,1535,426,106246,67,57,4,57,57,18,61,57,0,18,20,68,58,9.979,264,1,36.523323,-119.27877,64.892998,8,600,58,3,"e00fce68f12da1a0c5de6248",2026-09-18 04:20:07.431,2026-09-18 04:20:07.638,2026-09-18 04:20:07.638,2026-09-18
"269","i9W8Js1Aau","MOOSPMv3Parser",1789705801,3,3,3,5,5,4,4,5,5,4,1414,210,60363,31,25,2,25,25,18,50,25,0,19,19,53,55,28.639,198,4,36.503242,-120.325325,86.469002,4,600,58,3,"e00fce68e77e43df92405fdb",2026-09-18 04:30:02.659,2026-09-18 04:30:02.843,2026-09-18 04:30:02.843,2026-09-18
"270","K3UW9VVm6i","MOOSPMv3Parser",1789705800,0,0,2,0,0,2,3,0,0,3,228,137,46080,23,16,2,16,16,20,41,16,1,20,22,48,44,21.618,133,4,36.198883,-120.104462,109.203003,7,599,58,3,"e00fce686dc2ef0a68fa40b0",2026-09-18 04:30:02.676,2026-09-18 04:30:02.86,2026-09-18 04:30:02.86,2026-09-18
"271","1H8TP7L0FB","MOOSPMv3Parser",1789705800,8,8,6,12,12,6,7,13,13,7,1655,451,242587,80,44,7,44,44,19,60,44,1,20,21,60,57,12.815,211,1,35.949627,-119.050003,111.262001,6,600,58,3,"e00fce6808784ceaf209f949",2026-09-18 04:30:02.902,2026-09-18 04:30:03.059,2026-09-18 04:30:03.059,2026-09-18
"272","rGjexu68f5","MOOSPMv3Parser",1789705800,4,4,0,6,6,0,0,7,7,0,846,242,217114,46,0,4,0,0,21,38,0,0,21,22,49,47,26.848,183,3277,2.7e-05,-0.004253,18747.173828,8,600,58,3,"e00fce68e28dcbc9a589be10",2026-09-18 04:30:03.153,2026-09-18 04:30:03.324,2026-09-18 04:30:03.324,2026-09-18
"273","wxnWczFqFF","MOOSPMv3Parser",1789705800,6,6,6,9,9,6,7,10,10,7,1466,321,141956,62,45,5,45,46,20,56,46,1,22,22,51,52,21.095,223,2,35.775047,-119.238503,55.790001,11,600,58,3,"e00fce68e88237db75a60608",2026-09-18 04:30:03.392,2026-09-18 04:30:03.553,2026-09-18 04:30:03.553,2026-09-18
"274","KgwK0mitwh","MOOSPMv3Parser",1789705801,1,1,6,5,5,7,7,5,5,8,380,280,97614,59,47,7,47,47,22,43,47,1,24,24,47,47,10.362,242,1,35.963146,-119.291733,40.956001,9,600,58,3,"e00fce68d6b773b56ce8baa0",2026-09-18 04:30:03.685,2026-09-18 04:30:03.853,2026-09-18 04:30:03.853,2026-09-18
"275","JsFJQizQaA","MOOSPMv3Parser",1789705801,2,2,4,4,4,4,4,5,5,4,677,171,304192,33,28,3,29,29,18,42,29,1,22,20,41,50,33.506,271,1,36.139084,-120.368324,162.292999,8,600,58,3,"e00fce6850cac69f647dc199",2026-09-18 04:30:04.431,2026-09-18 04:30:04.634,2026-09-18 04:30:04.634,2026-09-18
"276","F4oztCX2yc","MOOSPMv3Parser",1789705801,3,3,4,5,5,5,6,7,7,6,672,206,185146,41,31,6,32,32,0,0,32,1,20,22,49,48,20.61,83,4,36.43351,-119.923416,56.888,8,600,58,3,"e00fce6876826e255108c6bd",2026-09-18 04:30:04.988,2026-09-18 04:30:05.209,2026-09-18 04:30:05.209,2026-09-18
"277","h06thHi1qE","MOOSPMv3Parser",1789705801,3,3,0,6,6,0,0,7,7,0,1056,226,0,47,0,5,0,0,20,39,0,2,22,22,46,47,21.963,175,262,36.18755,-119.821915,33.049999,10,600,58,3,"e00fce68e739ecbcf9e91965",2026-09-18 04:30:05.359,2026-09-18 04:30:05.539,2026-09-18 04:30:05.539,2026-09-18
"278","Vx700Bu9yJ","MOOSPMv3Parser",1789705801,8,8,7,11,11,8,8,11,11,8,1505,421,106295,66,56,4,57,57,18,62,57,0,18,20,68,59,10.87,247,1,36.523308,-119.278915,105.609001,9,600,58,3,"e00fce68f12da1a0c5de6248",2026-09-18 04:30:06.691,2026-09-18 04:30:06.899,2026-09-18 04:30:06.899,2026-09-18
"279","jhp79pRh0t","MOOSPMv3Parser",1789706401,3,3,3,5,5,3,3,5,5,3,1464,222,60383,34,23,2,24,24,18,52,24,0,20,19,53,56,29.652,172,4,36.503212,-120.325356,75.903999,6,600,58,3,"e00fce68e77e43df92405fdb",2026-09-18 04:40:02.411,2026-09-18 04:40:02.625,2026-09-18 04:40:02.625,2026-09-18
"280","IzqABElGFw","MOOSPMv3Parser",1789706400,7,7,6,12,12,6,7,13,13,7,1543,427,242623,80,43,7,44,44,19,62,44,1,19,21,61,57,12.301,211,1,35.949635,-119.049881,121.813004,7,600,58,3,"e00fce6808784ceaf209f949",2026-09-18 04:40:02.903,2026-09-18 04:40:03.121,2026-09-18 04:40:03.121,2026-09-18
"281","BTn5rMEAru","MOOSPMv3Parser",1789706400,0,0,2,0,0,2,2,1,1,2,229,138,46093,23,15,3,15,15,20,41,15,1,20,22,49,44,19.406,169,3,36.198799,-120.104424,71.822998,10,599,58,3,"e00fce686dc2ef0a68fa40b0",2026-09-18 04:40:02.981,2026-09-18 04:40:03.164,2026-09-18 04:40:03.164,2026-09-18
"282","1BLccVDOac","MOOSPMv3Parser",1789706400,4,4,0,6,6,0,0,6,6,0,799,229,217114,42,0,4,0,0,21,38,0,0,21,22,48,47,28.27,156,3277,2.7e-05,-0.004253,18747.173828,8,600,58,3,"e00fce68e28dcbc9a589be10",2026-09-18 04:40:03.317,2026-09-18 04:40:03.509,2026-09-18 04:40:03.509,2026-09-18
"283","rvkPZq5qUD","MOOSPMv3Parser",1789706400,6,6,6,10,10,7,7,11,11,7,1567,350,141996,69,47,7,47,47,20,56,47,1,22,22,51,53,21.06,210,2,35.775089,-119.23848,54.645,11,600,58,3,"e00fce68e88237db75a60608",2026-09-18 04:40:03.392,2026-09-18 04:40:03.56,2026-09-18 04:40:03.56,2026-09-18
"284","q2t2JnDdi3","MOOSPMv3Parser",1789706401,3,3,4,6,6,5,6,7,7,6,682,209,185173,42,33,7,33,34,0,0,34,1,20,21,50,48,19.738,84,3,36.433647,-119.923386,27.063,8,600,58,3,"e00fce6876826e255108c6bd",2026-09-18 04:40:04.755,2026-09-18 04:40:04.915,2026-09-18 04:40:04.915,2026-09-18
"285","5rlW071HMa","MOOSPMv3Parser",1789706401,3,3,4,5,5,4,4,5,5,4,736,182,304220,35,29,3,29,29,18,44,29,0,22,19,44,51,32.696,266,1,36.138992,-120.368294,157.261993,8,600,58,3,"e00fce6850cac69f647dc199",2026-09-18 04:40:04.783,2026-09-18 04:40:05.012,2026-09-18 04:40:05.012,2026-09-18
"286","RWlx9xlcuO","MOOSPMv3Parser",1789706401,3,3,0,6,6,0,0,7,7,0,1088,230,0,44,0,5,0,0,20,40,0,2,21,22,46,47,20.871,188,254,36.187489,-119.822014,23.285999,11,600,58,3,"e00fce68e739ecbcf9e91965",2026-09-18 04:40:05.288,2026-09-18 04:40:05.485,2026-09-18 04:40:05.485,2026-09-18
"287","r6YBEGGtee","MOOSPMv3Parser",1789706401,8,8,7,11,11,7,7,12,12,7,1514,421,106341,70,53,4,53,53,18,62,53,0,18,19,66,59,11.143,242,1,36.523296,-119.278809,73.463997,8,600,58,3,"e00fce68f12da1a0c5de6248",2026-09-18 04:40:06.742,2026-09-18 04:40:06.896,2026-09-18 04:40:06.896,2026-09-18
"288","rAwB0SEmXP","MOOSPMv3Parser",1789707001,3,3,3,5,5,3,3,5,5,3,1394,213,60404,32,23,3,24,24,18,52,24,0,20,19,52,55,29.54,155,3,36.503136,-120.325409,53.154999,13,600,58,3,"e00fce68e77e43df92405fdb",2026-09-18 04:50:02.687,2026-09-18 04:50:02.846,2026-09-18 04:50:02.846,2026-09-18
"289","8aQBushW09","MOOSPMv3Parser",1789707000,8,8,6,12,12,6,7,13,13,7,1548,430,242658,78,44,5,44,45,19,65,45,1,19,20,62,60,12.34,206,1,35.949589,-119.049896,115.521004,7,600,58,3,"e00fce6808784ceaf209f949",2026-09-18 04:50:02.9,2026-09-18 04:50:03.106,2026-09-18 04:50:03.106,2026-09-18
"290","h7H80ZHgcZ","MOOSPMv3Parser",1789707000,3,3,0,5,5,0,0,6,6,0,762,216,217114,38,0,3,0,0,20,38,0,0,21,22,48,46,29.622,128,3277,2.7e-05,-0.004253,18747.173828,8,600,58,3,"e00fce68e28dcbc9a589be10",2026-09-18 04:50:03.162,2026-09-18 04:50:03.349,2026-09-18 04:50:03.349,2026-09-18
"291","vEmUbMsLoU","MOOSPMv3Parser",1789707000,0,0,3,1,1,3,3,1,1,3,281,184,46109,33,20,3,20,20,20,42,20,0,20,22,50,45,18.198,200,3,36.198849,-120.104355,65.371002,8,599,58,3,"e00fce686dc2ef0a68fa40b0",2026-09-18 04:50:03.312,2026-09-18 04:50:03.497,2026-09-18 04:50:03.497,2026-09-18
"292","GAALko7W5L","MOOSPMv3Parser",1789707000,7,7,7,12,12,8,8,13,13,9,1863,420,142041,78,53,9,54,54,20,57,54,1,22,22,52,53,19.63,207,2,35.775085,-119.238541,76.212997,11,600,58,3,"e00fce68e88237db75a60608",2026-09-18 04:50:03.384,2026-09-18 04:50:03.561,2026-09-18 04:50:03.561,2026-09-18
"293","qlLRcGBZhe","MOOSPMv3Parser",1789707001,3,3,4,5,5,5,6,7,7,6,676,208,185199,42,31,6,32,32,0,0,32,1,20,21,51,49,19.14,84,3,36.433556,-119.923355,52.223,10,600,58,3,"e00fce6876826e255108c6bd",2026-09-18 04:50:04.833,2026-09-18 04:50:04.969,2026-09-18 04:50:04.969,2026-09-18
"294","aZJaE79ldl","MOOSPMv3Parser",1789707001,4,4,8,8,8,9,9,10,10,9,1008,261,304276,68,65,7,66,66,18,44,66,1,22,19,44,51,31.667,274,1,36.138992,-120.368294,157.266006,0,600,58,3,"e00fce6850cac69f647dc199",2026-09-18 04:50:05.205,2026-09-18 04:50:05.4,2026-09-18 04:50:05.4,2026-09-18
"295","XEjbMoLBxL","MOOSPMv3Parser",1789707001,4,4,0,7,7,0,0,7,7,0,1155,249,0,47,0,5,0,0,20,40,0,2,21,22,47,47,19.351,202,212,36.187515,-119.82209,16.514999,10,600,58,3,"e00fce68e739ecbcf9e91965",2026-09-18 04:50:05.208,2026-09-18 04:50:05.598,2026-09-18 04:50:05.598,2026-09-18
"296","Cs8voOqPE4","MOOSPMv3Parser",1789707001,5,5,6,8,8,6,6,8,8,6,1147,319,106381,50,45,3,45,45,18,58,45,0,19,19,58,55,18.216,180,1,36.523266,-119.278786,77.289001,6,600,58,3,"e00fce68f12da1a0c5de6248",2026-09-18 04:50:06.58,2026-09-18 04:50:06.796,2026-09-18 04:50:06.796,2026-09-18
"297","vc6WBfUmMI","MOOSPMv3Parser",1789707000,2,2,7,6,6,8,8,6,6,8,406,307,97860,63,53,8,53,53,21,43,53,1,24,23,47,49,10.558,232,1,35.963131,-119.291824,49.115002,0,599,58,3,"e00fce68d6b773b56ce8baa0",2026-09-18 04:50:07.465,2026-09-18 04:50:07.717,2026-09-18 04:50:07.717,2026-09-18
"298","j7hjZtRuoN","MOOSPMv3Parser",1789707600,0,0,3,1,1,3,3,1,1,3,248,155,46125,26,20,3,20,20,20,43,20,1,20,22,50,45,17.261,214,3,36.198807,-120.10437,64.059998,9,599,58,3,"e00fce686dc2ef0a68fa40b0",2026-09-18 05:00:02.108,2026-09-18 05:00:02.418,2026-09-18 05:00:02.418,2026-09-18
"299","XXUL64q4XW","MOOSPMv3Parser",1789707600,3,3,7,6,6,8,9,7,7,9,438,333,97743,71,57,10,57,58,21,44,58,1,24,23,47,49,3.399,261,1,35.963165,-119.291817,37.144001,8,600,58,3,"e00fce68d6b773b56ce8baa0",2026-09-18 05:00:02.28,2026-09-18 05:00:02.64,2026-09-18 05:00:02.64,2026-09-18
"300","AjdpYtrufB","MOOSPMv3Parser",1789707601,3,3,3,5,5,3,3,5,5,3,1429,211,60424,34,24,3,24,24,18,53,24,0,20,19,53,56,29.469,146,3,36.503124,-120.325371,51.514999,10,600,58,3,"e00fce68e77e43df92405fdb",2026-09-18 05:00:02.503,2026-09-18 05:00:03.018,2026-09-18 05:00:03.018,2026-09-18
"301","47axcdWnaW","MOOSPMv3Parser",1789707600,3,3,0,6,6,0,0,6,6,0,768,215,217114,40,0,3,0,0,20,38,0,0,21,22,48,46,30.197,112,3277,2.7e-05,-0.004253,18747.173828,8,600,58,3,"e00fce68e28dcbc9a589be10",2026-09-18 05:00:03.111,2026-09-18 05:00:03.687,2026-09-18 05:00:03.687,2026-09-18
"302","X0RoKvvJ6z","MOOSPMv3Parser",1789707600,7,7,5,11,11,6,6,11,11,6,1443,400,242690,72,41,5,42,42,19,64,42,0,18,20,63,59,9.492,223,1,35.949711,-119.049995,110.413002,6,600,58,3,"e00fce6808784ceaf209f949",2026-09-18 05:00:02.904,2026-09-18 05:00:03.806,2026-09-18 05:00:03.806,2026-09-18
"303","nJQN3wNpKT","MOOSPMv3Parser",1789707600,10,10,8,15,15,9,10,16,16,10,2488,573,142092,90,59,9,61,61,20,58,61,1,22,22,53,54,16.781,231,2,35.775112,-119.238419,57.568001,9,600,58,3,"e00fce68e88237db75a60608",2026-09-18 05:00:03.453,2026-09-18 05:00:03.879,2026-09-18 05:00:03.879,2026-09-18
"304","miCH5eu2xx","MOOSPMv3Parser",1789707601,3,3,4,5,5,5,5,7,7,5,704,214,185224,42,30,7,31,31,0,0,31,1,19,21,51,50,19.148,84,2,36.433556,-119.923355,52.221001,0,600,58,3,"e00fce6876826e255108c6bd",2026-09-18 05:00:04.915,2026-09-18 05:00:05.132,2026-09-18 05:00:05.132,2026-09-18
"305","JxopKETVaP","MOOSPMv3Parser",1789707601,4,4,0,7,7,0,0,8,8,0,1115,243,0,48,0,5,0,0,20,41,0,2,21,21,48,48,18.876,209,173,36.187553,-119.822029,11.665,12,600,58,3,"e00fce68e739ecbcf9e91965",2026-09-18 05:00:05.377,2026-09-18 05:00:05.619,2026-09-18 05:00:05.619,2026-09-18
"306","qSkwWq3BuT","MOOSPMv3Parser",1789707601,3,3,4,4,4,4,4,5,5,4,706,176,304300,33,28,2,28,28,18,46,28,0,21,19,44,53,34.258,233,1,36.139042,-120.368393,165.298004,5,600,58,3,"e00fce6850cac69f647dc199",2026-09-18 05:00:05.461,2026-09-18 05:00:05.648,2026-09-18 05:00:05.648,2026-09-18
"307","dwqQY06ybK","MOOSPMv3Parser",1789707601,3,3,4,5,5,4,5,6,6,5,816,224,106409,35,33,2,33,33,18,55,33,0,20,20,52,54,24.527,91,1,36.523323,-119.278824,81.061996,7,600,58,3,"e00fce68f12da1a0c5de6248",2026-09-18 05:00:06.537,2026-09-18 05:00:06.738,2026-09-18 05:00:06.738,2026-09-18
"308","peFm70YM4e","MOOSPMv3Parser",1789708200,2,2,7,6,6,7,8,7,7,8,423,321,97951,68,54,8,54,54,21,44,54,1,24,23,47,49,5.129,255,1,35.963184,-119.291725,20.284,9,599,58,3,"e00fce68d6b773b56ce8baa0",2026-09-18 05:10:02.268,2026-09-18 05:10:02.405,2026-09-18 05:10:02.405,2026-09-18
"309","3dxzKlhPY7","MOOSPMv3Parser",1789708200,0,0,2,0,0,3,3,1,1,3,224,138,46062,23,17,3,17,17,20,43,17,1,20,21,49,46,19.365,155,2,36.198715,-120.104378,72.133003,10,600,58,3,"e00fce686dc2ef0a68fa40b0",2026-09-18 05:10:02.504,2026-09-18 05:10:02.683,2026-09-18 05:10:02.683,2026-09-18
"310","pyxuqddBpw","MOOSPMv3Parser",1789708201,3,3,3,5,5,3,3,6,6,3,1415,220,60444,34,23,2,23,23,18,54,23,0,20,19,54,57,29.88,133,3,36.503109,-120.325394,48.521999,10,600,58,3,"e00fce68e77e43df92405fdb",2026-09-18 05:10:02.781,2026-09-18 05:10:02.942,2026-09-18 05:10:02.942,2026-09-18
"311","02rpKoShGR","MOOSPMv3Parser",1789708200,7,7,5,12,12,6,6,12,12,6,1520,419,242724,76,42,6,43,43,18,66,43,0,19,20,63,60,6.454,242,1,35.949585,-119.049973,117.063004,6,600,58,3,"e00fce6808784ceaf209f949",2026-09-18 05:10:02.903,2026-09-18 05:10:03.123,2026-09-18 05:10:03.123,2026-09-18
"312","jXgdv0D1w6","MOOSPMv3Parser",1789708200,3,3,0,5,5,0,0,6,6,0,716,199,217114,36,0,3,0,0,20,38,0,0,21,22,48,46,30.641,103,3277,2.7e-05,-0.004253,18747.173828,8,600,58,3,"e00fce68e28dcbc9a589be10",2026-09-18 05:10:03.308,2026-09-18 05:10:03.479,2026-09-18 05:10:03.479,2026-09-18
"313","DxYmNuLIXy","MOOSPMv3Parser",1789708200,13,13,8,18,18,9,9,19,19,10,2939,682,142144,99,61,9,62,62,20,59,62,1,21,22,54,54,14.633,244,1,35.775066,-119.238495,62.658001,13,600,58,3,"e00fce68e88237db75a60608",2026-09-18 05:10:03.465,2026-09-18 05:10:03.621,2026-09-18 05:10:03.621,2026-09-18
"314","5ov8rEfDFd","MOOSPMv3Parser",1789708201,2,2,4,4,4,4,4,4,4,4,698,170,304329,32,29,2,29,29,18,47,29,0,21,19,45,54,34.851,231,1,36.139095,-120.368279,180.343002,6,600,58,3,"e00fce6850cac69f647dc199",2026-09-18 05:10:04.68,2026-09-18 05:10:04.862,2026-09-18 05:10:04.862,2026-09-18
"315","Gm51ykzSok","MOOSPMv3Parser",1789708201,3,3,4,5,5,5,5,7,7,5,688,210,185250,40,31,5,32,32,0,0,32,1,19,21,52,51,19.342,84,2,36.433643,-119.92334,22.143999,11,600,58,3,"e00fce6876826e255108c6bd",2026-09-18 05:10:04.843,2026-09-18 05:10:04.995,2026-09-18 05:10:04.995,2026-09-18
"316","dxTOVHpYrY","MOOSPMv3Parser",1789708201,4,4,0,7,7,0,0,8,8,0,1164,251,0,50,0,5,0,0,20,41,0,2,21,21,48,48,17.519,223,123,36.187588,-119.822121,6.569,10,600,58,3,"e00fce68e739ecbcf9e91965",2026-09-18 05:10:05.207,2026-09-18 05:10:05.44,2026-09-18 05:10:05.44,2026-09-18
"317","mGPAP2qC3x","MOOSPMv3Parser",1789708201,4,4,4,5,5,4,4,6,6,4,834,233,106435,38,31,2,31,31,19,54,31,0,20,20,51,53,26.705,51,2,36.523323,-119.278824,81.060997,0,600,58,3,"e00fce68f12da1a0c5de6248",2026-09-18 05:10:06.577,2026-09-18 05:10:06.743,2026-09-18 05:10:06.743,2026-09-18
"318","IqwkAXtB5c","MOOSPMv3Parser",1789708800,2,2,7,6,6,8,8,7,7,8,423,321,97834,67,55,9,56,56,21,45,56,1,24,23,47,50,5.139,249,1,35.963161,-119.291908,50.592999,8,600,58,3,"e00fce68d6b773b56ce8baa0",2026-09-18 05:20:02.431,2026-09-18 05:20:02.61,2026-09-18 05:20:02.61,2026-09-18
"319","WAT83X1hux","MOOSPMv3Parser",1789708800,0,0,2,1,1,3,3,1,1,3,219,130,46076,23,17,3,17,17,20,43,17,1,20,21,49,46,22.101,87,3,36.198891,-120.1045,83.759003,9,600,58,3,"e00fce686dc2ef0a68fa40b0",2026-09-18 05:20:02.77,2026-09-18 05:20:02.911,2026-09-18 05:20:02.911,2026-09-18
"320","YHfM7wm8rF","MOOSPMv3Parser",1789708801,3,3,3,5,5,3,3,6,6,3,1487,231,60464,34,23,3,23,23,18,55,23,0,20,19,55,57,30.131,129,3,36.503136,-120.325432,68.143997,11,600,58,3,"e00fce68e77e43df92405fdb",2026-09-18 05:20:02.844,2026-09-18 05:20:03.05,2026-09-18 05:20:03.05,2026-09-18
"321","zh5RQXOHNS","MOOSPMv3Parser",1789708800,7,7,6,11,11,6,7,12,12,7,1438,399,242758,75,44,6,44,44,18,65,44,1,19,20,62,59,7.407,233,1,35.949524,-119.049927,103.928001,8,600,58,3,"e00fce6808784ceaf209f949",2026-09-18 05:20:02.904,2026-09-18 05:20:03.161,2026-09-18 05:20:03.161,2026-09-18
"322","Yej4VkKWF2","MOOSPMv3Parser",1789708800,3,3,0,5,5,0,0,5,5,0,677,195,217114,37,0,3,0,0,20,37,0,0,21,22,47,46,30.204,99,3277,2.7e-05,-0.004253,18747.173828,8,600,58,3,"e00fce68e28dcbc9a589be10",2026-09-18 05:20:03.221,2026-09-18 05:20:03.414,2026-09-18 05:20:03.414,2026-09-18
"323","mIwdgdb1oI","MOOSPMv3Parser",1789708800,13,13,8,19,19,9,9,19,19,10,3047,717,142199,95,63,9,64,64,20,60,64,1,21,21,55,55,13.135,256,1,35.775059,-119.23851,53.956001,13,600,58,3,"e00fce68e88237db75a60608",2026-09-18 05:20:03.463,2026-09-18 05:20:03.702,2026-09-18 05:20:03.702,2026-09-18
"324","6YxvVZSsWv","MOOSPMv3Parser",1789708801,3,3,4,4,4,4,4,5,5,4,691,170,304352,33,28,2,28,28,17,48,28,0,21,18,46,54,36.835,212,1,36.139023,-120.368355,186.714005,9,600,58,3,"e00fce6850cac69f647dc199",2026-09-18 05:20:04.834,2026-09-18 05:20:05.05,2026-09-18 05:20:05.05,2026-09-18
"325","ogB722Tvc1","MOOSPMv3Parser",1789708801,3,3,4,5,5,5,6,7,7,6,677,206,185276,42,32,6,32,32,0,0,33,1,19,20,53,52,18.821,84,2,36.433708,-119.923256,21.273001,9,600,58,3,"e00fce6876826e255108c6bd",2026-09-18 05:20:04.925,2026-09-18 05:20:05.102,2026-09-18 05:20:05.102,2026-09-18
"326","9JGKh8LEqV","MOOSPMv3Parser",1789708801,4,4,0,7,7,0,0,8,8,0,1124,237,0,46,0,6,0,0,20,42,0,2,20,21,49,49,16.995,227,99,36.187565,-119.822052,13.436,9,600,58,3,"e00fce68e739ecbcf9e91965",2026-09-18 05:20:05.44,2026-09-18 05:20:05.691,2026-09-18 05:20:05.691,2026-09-18
"327","MBlzvgfMwk","MOOSPMv3Parser",1789708801,3,3,4,5,5,4,4,5,5,4,736,203,106460,31,29,1,29,29,19,52,29,0,20,20,51,51,27.652,42,4,36.523369,-119.278831,81.175003,6,600,58,3,"e00fce68f12da1a0c5de6248",2026-09-18 05:20:06.585,2026-09-18 05:20:06.806,2026-09-18 05:20:06.806,2026-09-18
"328","sFuxypRtWR","MOOSPMv3Parser",1789709400,2,2,8,6,6,8,9,7,7,9,428,323,98045,69,58,10,59,59,20,45,59,1,24,22,47,51,3.273,251,1,35.963135,-119.291801,29.896999,6,599,58,3,"e00fce68d6b773b56ce8baa0",2026-09-18 05:30:02.353,2026-09-18 05:30:02.545,2026-09-18 05:30:02.545,2026-09-18
"329","Xza3HzFxwy","MOOSPMv3Parser",1789709401,4,4,3,6,6,3,4,6,6,4,1532,244,60485,39,25,3,25,25,18,57,25,0,20,19,56,58,30.347,125,3,36.503082,-120.325333,36.435001,10,600,58,3,"e00fce68e77e43df92405fdb",2026-09-18 05:30:02.663,2026-09-18 05:30:02.831,2026-09-18 05:30:02.831,2026-09-18
"330","CKjYvkglp9","MOOSPMv3Parser",1789709400,7,7,6,12,12,7,7,13,13,7,1453,403,242793,82,44,7,45,45,18,65,45,1,19,20,62,59,8.116,229,1,35.949566,-119.049919,100.300003,6,600,58,3,"e00fce6808784ceaf209f949",2026-09-18 05:30:02.903,2026-09-18 05:30:03.09,2026-09-18 05:30:03.09,2026-09-18
"331","XGSLjFG4OR","MOOSPMv3Parser",1789709400,3,3,0,5,5,0,0,5,5,0,663,188,217114,40,0,4,0,0,20,37,0,0,21,22,47,46,30.22,93,3277,2.7e-05,-0.004253,18747.173828,8,600,58,3,"e00fce68e28dcbc9a589be10",2026-09-18 05:30:03.154,2026-09-18 05:30:03.331,2026-09-18 05:30:03.331,2026-09-18
"332","n4tnzIeHyK","MOOSPMv3Parser",1789709400,0,0,2,0,0,2,2,0,0,2,206,120,46089,19,15,2,15,15,20,44,15,1,20,21,50,48,23.895,48,3,36.198818,-120.104485,87.240997,11,600,58,3,"e00fce686dc2ef0a68fa40b0",2026-09-18 05:30:03.145,2026-09-18 05:30:03.348,2026-09-18 05:30:03.348,2026-09-18
"333","pqn1ukQtHt","MOOSPMv3Parser",1789709400,14,14,8,19,19,9,10,20,20,10,3132,744,142256,101,65,8,66,66,20,61,66,1,21,21,55,55,12.989,257,1,35.775188,-119.238495,63.698002,9,600,58,3,"e00fce68e88237db75a60608",2026-09-18 05:30:03.462,2026-09-18 05:30:03.603,2026-09-18 05:30:03.603,2026-09-18
"334","SoqIRaBixq","MOOSPMv3Parser",1789709401,3,3,4,6,6,5,6,8,8,6,779,235,185304,48,34,7,34,34,0,0,34,1,19,20,54,52,18.275,84,2,36.433609,-119.923393,20.184999,8,600,58,3,"e00fce6876826e255108c6bd",2026-09-18 05:30:04.98,2026-09-18 05:30:05.158,2026-09-18 05:30:05.158,2026-09-18
"335","2KeUGCbsuI","MOOSPMv3Parser",1789709401,3,3,4,4,4,4,4,5,5,4,734,180,304378,29,29,2,29,29,17,48,29,0,21,18,45,55,37.319,196,2,36.138939,-120.368401,170.231995,7,600,58,3,"e00fce6850cac69f647dc199",2026-09-18 05:30:05.07,2026-09-18 05:30:05.25,2026-09-18 05:30:05.25,2026-09-18
"336","pbgNA5n9DU","MOOSPMv3Parser",1789709401,4,4,0,7,7,0,0,8,8,0,1128,239,0,49,0,8,0,0,20,43,0,2,20,21,50,50,16.589,226,84,36.187542,-119.821953,3.134,9,600,58,3,"e00fce68e739ecbcf9e91965",2026-09-18 05:30:05.127,2026-09-18 05:30:05.28,2026-09-18 05:30:05.28,2026-09-18
"337","RTdzTQPgBa","MOOSPMv3Parser",1789709401,3,3,4,5,5,4,4,5,5,4,732,204,106485,31,29,2,29,29,19,52,29,0,20,21,51,51,28.148,35,6,36.523346,-119.278862,87.834999,5,600,58,3,"e00fce68f12da1a0c5de6248",2026-09-18 05:30:06.583,2026-09-18 05:30:06.803,2026-09-18 05:30:06.803,2026-09-18
"338","a1Jg2bFYGp","MOOSPMv3Parser",1789710000,0,0,2,0,0,2,2,0,0,2,225,134,46101,21,15,2,15,15,20,44,15,1,21,21,51,49,23.587,43,4,36.198906,-120.104454,86.537003,9,600,58,3,"e00fce686dc2ef0a68fa40b0",2026-09-18 05:40:02.125,2026-09-18 05:40:02.307,2026-09-18 05:40:02.307,2026-09-18
"339","NQxPgZENS0","MOOSPMv3Parser",1789710000,3,3,8,7,7,9,10,9,9,10,463,358,97935,80,64,11,65,65,20,46,65,1,24,22,47,52,1.904,258,1,35.963139,-119.291786,62.285999,3,600,58,3,"e00fce68d6b773b56ce8baa0",2026-09-18 05:40:02.425,2026-09-18 05:40:02.644,2026-09-18 05:40:02.644,2026-09-18
"340","s58mim03vw","MOOSPMv3Parser",1789710001,4,4,3,6,6,4,4,6,6,4,1483,237,60508,38,27,4,27,27,18,58,27,0,20,19,56,59,30.82,112,3,36.503128,-120.325378,42.597,8,600,58,3,"e00fce68e77e43df92405fdb",2026-09-18 05:40:02.672,2026-09-18 05:40:02.901,2026-09-18 05:40:02.901,2026-09-18
"341","rag96WBpQE","MOOSPMv3Parser",1789710000,7,7,6,12,12,7,7,13,13,7,1503,415,242830,82,44,8,45,45,18,67,45,1,18,19,64,61,7.454,228,1,35.949516,-119.050011,112.164001,6,600,58,3,"e00fce6808784ceaf209f949",2026-09-18 05:40:02.904,2026-09-18 05:40:03.113,2026-09-18 05:40:03.113,2026-09-18
"342","3eEyoXlXDz","MOOSPMv3Parser",1789710000,3,3,0,4,4,0,0,5,5,0,686,196,217114,34,0,2,0,0,20,37,0,0,21,22,47,46,29.365,108,3277,2.7e-05,-0.004253,18747.173828,8,600,58,3,"e00fce68e28dcbc9a589be10",2026-09-18 05:40:03.205,2026-09-18 05:40:03.443,2026-09-18 05:40:03.443,2026-09-18
"343","EqnQVj0weK","MOOSPMv3Parser",1789710000,10,10,8,15,15,9,9,16,16,9,2357,552,142308,90,60,9,61,61,20,62,61,1,21,21,55,56,12.127,263,1,35.775188,-119.238495,63.702,0,600,58,3,"e00fce68e88237db75a60608",2026-09-18 05:40:03.392,2026-09-18 05:40:03.587,2026-09-18 05:40:03.587,2026-09-18
"344","2qG6deW6Bj","MOOSPMv3Parser",1789710001,3,3,4,6,6,4,5,7,7,5,707,217,185329,43,30,5,31,31,0,0,31,1,19,20,55,53,17.856,84,1,36.433544,-119.923401,37.592999,8,600,58,3,"e00fce6876826e255108c6bd",2026-09-18 05:40:04.862,2026-09-18 05:40:05.08,2026-09-18 05:40:05.08,2026-09-18
"345","Te0z6dojXm","MOOSPMv3Parser",1789710001,4,4,0,7,7,0,0,8,8,0,1169,252,0,48,0,6,0,0,19,44,0,2,20,21,51,51,15.436,232,62,36.187534,-119.822037,28.561001,10,600,58,3,"e00fce68e739ecbcf9e91965",2026-09-18 05:40:05.365,2026-09-18 05:40:05.589,2026-09-18 05:40:05.589,2026-09-18
"346","pR3UVo3jVM","MOOSPMv3Parser",1789710001,3,3,4,4,4,4,4,5,5,4,708,178,304405,32,28,2,29,29,17,48,29,0,21,18,45,54,39.456,173,2,36.139038,-120.368401,178.727997,9,600,58,3,"e00fce6850cac69f647dc199",2026-09-18 05:40:05.46,2026-09-18 05:40:05.644,2026-09-18 05:40:05.644,2026-09-18
"347","A2F9FNGgqU","MOOSPMv3Parser",1789710001,3,3,4,5,5,4,4,5,5,4,718,198,106510,32,28,2,28,28,19,52,28,0,20,21,52,51,28.029,39,9,36.523315,-119.278862,94.592003,8,600,58,3,"e00fce68f12da1a0c5de6248",2026-09-18 05:40:06.603,2026-09-18 05:40:06.777,2026-09-18 05:40:06.777,2026-09-18
"348","61Kz5wShP7","MOOSPMv3Parser",1789710601,4,4,4,6,6,4,4,7,7,4,1593,255,60532,38,28,4,28,28,18,59,28,0,20,19,57,59,31.387,110,3,36.503128,-120.325401,45.875,8,600,58,3,"e00fce68e77e43df92405fdb",2026-09-18 05:50:02.619,2026-09-18 05:50:02.779,2026-09-18 05:50:02.779,2026-09-18
"349","Zb6hszCiE4","MOOSPMv3Parser",1789710600,0,0,2,0,0,2,3,0,0,3,231,141,46115,24,17,3,17,17,20,45,17,1,21,21,51,50,24.126,33,4,36.198906,-120.104454,86.541,0,600,58,3,"e00fce686dc2ef0a68fa40b0",2026-09-18 05:50:02.581,2026-09-18 05:50:02.799,2026-09-18 05:50:02.799,2026-09-18
"350","s86ZiilRIX","MOOSPMv3Parser",1789710600,7,7,6,12,12,7,7,13,13,7,1515,419,242867,80,47,6,47,48,18,69,48,1,18,19,65,62,7.768,231,1,35.949516,-119.050011,112.165001,0,600,58,3,"e00fce6808784ceaf209f949",2026-09-18 05:50:03.042,2026-09-18 05:50:03.26,2026-09-18 05:50:03.26,2026-09-18
"351","lfTz31X3gR","MOOSPMv3Parser",1789710600,3,3,0,5,5,0,0,5,5,0,681,193,217114,39,0,3,0,0,20,38,0,0,20,21,48,47,29.22,97,3277,2.7e-05,-0.004253,18747.173828,8,600,58,3,"e00fce68e28dcbc9a589be10",2026-09-18 05:50:03.083,2026-09-18 05:50:03.317,2026-09-18 05:50:03.317,2026-09-18
"352","ACPvkMvbaO","MOOSPMv3Parser",1789710600,9,9,8,14,14,9,9,15,15,10,2050,485,142360,90,60,11,61,61,19,64,62,1,21,21,56,57,9.372,285,1,35.774815,-119.238609,77.194,7,600,58,3,"e00fce68e88237db75a60608",2026-09-18 05:50:03.462,2026-09-18 05:50:03.674,2026-09-18 05:50:03.674,2026-09-18
"353","C3p15o8Y6m","MOOSPMv3Parser",1789710601,2,2,4,4,4,4,4,5,5,4,688,173,304429,35,28,3,28,28,17,49,28,0,21,18,46,55,38.267,173,2,36.138988,-120.368385,175.690002,10,600,58,3,"e00fce6850cac69f647dc199",2026-09-18 05:50:04.635,2026-09-18 05:50:04.85,2026-09-18 05:50:04.85,2026-09-18
"354","jHorJCn3Ml","MOOSPMv3Parser",1789710601,3,3,4,6,6,5,5,7,7,5,720,220,185354,42,31,5,32,32,0,0,32,1,18,20,55,53,17.334,85,1,36.433617,-119.923424,37.820999,7,600,58,3,"e00fce6876826e255108c6bd",2026-09-18 05:50:04.774,2026-09-18 05:50:04.956,2026-09-18 05:50:04.956,2026-09-18
"355","QoomNH1zwC","MOOSPMv3Parser",1789710601,4,4,0,8,8,0,0,9,9,0,1237,276,0,51,0,6,0,0,19,44,0,2,20,20,50,50,14.872,241,41,36.187534,-119.822037,28.563999,0,600,58,3,"e00fce68e739ecbcf9e91965",2026-09-18 05:50:05.289,2026-09-18 05:50:05.567,2026-09-18 05:50:05.567,2026-09-18
"356","XamL3Ylv6u","MOOSPMv3Parser",1789710601,3,3,4,4,4,4,4,5,5,4,758,207,106534,33,28,2,28,28,19,51,28,0,20,21,51,50,28.664,37,11,36.523384,-119.278778,71.280998,7,600,58,3,"e00fce68f12da1a0c5de6248",2026-09-18 05:50:06.749,2026-09-18 05:50:06.9,2026-09-18 05:50:06.9,2026-09-18
"357","Ss5DHWRDxu","MOOSPMv3Parser",1789711200,3,3,8,7,7,9,10,8,8,10,454,350,98040,77,65,10,65,66,20,46,66,1,24,22,47,52,0.952,254,1,35.963043,-119.291824,57.943001,8,600,58,3,"e00fce68d6b773b56ce8baa0",2026-09-18 06:00:02.086,2026-09-18 06:00:02.424,2026-09-18 06:00:02.424,2026-09-18
"358","CzTfXFXnCe","MOOSPMv3Parser",1789711200,0,0,2,1,1,2,2,1,1,2,245,152,46128,24,16,2,16,16,20,46,16,1,21,21,52,51,24.061,29,5,36.198776,-120.104431,60.936001,11,600,58,3,"e00fce686dc2ef0a68fa40b0",2026-09-18 06:00:02.827,2026-09-18 06:00:03.248,2026-09-18 06:00:03.248,2026-09-18
"359","30nyadFDi8","MOOSPMv3Parser",1789711200,8,8,6,13,13,7,7,14,14,7,1561,433,242906,87,46,7,47,47,18,70,47,0,18,19,65,63,7.409,229,1,35.949577,-119.049904,84.163002,5,600,58,3,"e00fce6808784ceaf209f949",2026-09-18 06:00:02.83,2026-09-18 06:00:03.286,2026-09-18 06:00:03.286,2026-09-18
"360","i3DH27Zw8c","MOOSPMv3Parser",1789711201,4,4,4,6,6,4,4,7,7,4,1601,261,60556,39,28,3,28,28,18,60,28,0,20,19,58,60,31.408,110,3,36.503082,-120.325378,50.563,9,600,58,3,"e00fce68e77e43df92405fdb",2026-09-18 06:00:02.805,2026-09-18 06:00:03.629,2026-09-18 06:00:03.629,2026-09-18
"361","1GEUqgHOns","MOOSPMv3Parser",1789711200,3,3,0,4,4,0,0,5,5,0,679,191,217114,34,0,3,0,0,20,38,0,0,20,21,48,47,28.603,101,3277,2.7e-05,-0.004253,18747.173828,8,600,58,3,"e00fce68e28dcbc9a589be10",2026-09-18 06:00:03.236,2026-09-18 06:00:03.879,2026-09-18 06:00:03.879,2026-09-18
"362","FQdGOsECJE","MOOSPMv3Parser",1789711200,9,9,8,16,16,9,9,17,17,9,2227,528,142413,103,62,13,62,63,19,65,63,1,20,21,57,57,6.981,298,1,35.775127,-119.238518,65.008003,6,600,58,3,"e00fce68e88237db75a60608",2026-09-18 06:00:03.622,2026-09-18 06:00:04.11,2026-09-18 06:00:04.11,2026-09-18
"363","lnb4RNOqTh","MOOSPMv3Parser",1789711201,2,2,4,4,4,4,4,5,5,4,725,182,304454,35,28,3,28,28,17,48,28,0,21,18,45,54,41.844,144,2,36.138958,-120.368431,164.210999,11,600,58,3,"e00fce6850cac69f647dc199",2026-09-18 06:00:04.975,2026-09-18 06:00:05.378,2026-09-18 06:00:05.378,2026-09-18
"364","08EsNe8zaT","MOOSPMv3Parser",1789711201,4,4,0,7,7,0,0,8,8,0,1146,251,0,48,0,7,0,0,19,44,0,2,20,20,50,50,15.16,246,35,36.187538,-119.822128,24.183001,8,600,58,3,"e00fce68e739ecbcf9e91965",2026-09-18 06:00:05.287,2026-09-18 06:00:05.496,2026-09-18 06:00:05.496,2026-09-18
"365","9TQMlCrVXj","MOOSPMv3Parser",1789711201,5,5,5,8,8,6,6,9,9,6,938,287,185388,54,40,6,40,40,0,0,40,1,18,19,55,54,15.385,85,1,36.433571,-119.923332,18.462,9,600,58,3,"e00fce6876826e255108c6bd",2026-09-18 06:00:04.842,2026-09-18 06:00:05.618,2026-09-18 06:00:05.618,2026-09-18
"366","7r3cUdBQEG","MOOSPMv3Parser",1789711201,3,3,4,5,5,4,4,5,5,4,731,205,106558,33,28,2,28,28,19,51,28,0,20,21,53,50,28.331,38,13,36.523254,-119.278755,62.174,7,600,58,3,"e00fce68f12da1a0c5de6248",2026-09-18 06:00:06.612,2026-09-18 06:00:06.808,2026-09-18 06:00:06.808,2026-09-18
"367","nzMFwk5NXk","MOOSPMv3Parser",1789711800,6,5,11,12,11,11,12,13,13,12,571,452,98109,98,83,12,84,84,20,46,84,1,24,21,47,52,3.361,247,1,35.963116,-119.291588,44.230999,5,600,58,3,"e00fce68d6b773b56ce8baa0",2026-09-18 06:10:02.496,2026-09-18 06:10:02.715,2026-09-18 06:10:02.715,2026-09-18
"368","RNzBfwaGCM","MOOSPMv3Parser",1789711801,4,4,4,6,6,4,4,7,7,4,1625,267,60581,40,28,3,29,29,-10,-10,29,0,19,19,58,60,31.331,116,3,36.503113,-120.325417,42.952,7,600,58,3,"e00fce68e77e43df92405fdb",2026-09-18 06:10:02.856,2026-09-18 06:10:03.053,2026-09-18 06:10:03.053,2026-09-18
"369","loc4qpbLfX","MOOSPMv3Parser",1789711800,7,7,6,12,12,7,7,13,13,8,1518,417,242948,80,49,7,50,50,18,67,50,1,19,19,61,60,6.615,223,1,35.949451,-119.049957,111.331001,8,600,58,3,"e00fce6808784ceaf209f949",2026-09-18 06:10:02.903,2026-09-18 06:10:03.072,2026-09-18 06:10:03.072,2026-09-18
"370","Bu4EsRfnbX","MOOSPMv3Parser",1789711800,0,0,2,0,0,2,3,1,1,3,250,153,46143,25,17,3,17,18,20,46,18,1,21,21,53,51,24.007,33,5,36.198799,-120.104416,66.130997,10,600,58,3,"e00fce686dc2ef0a68fa40b0",2026-09-18 06:10:03.155,2026-09-18 06:10:03.309,2026-09-18 06:10:03.309,2026-09-18
"371","PLOHqOlhPK","MOOSPMv3Parser",1789711800,10,10,8,15,15,9,9,16,16,10,2272,535,142468,93,64,9,65,65,19,66,65,1,20,21,58,58,6.082,298,1,35.775028,-119.23848,67.344002,7,600,58,3,"e00fce68e88237db75a60608",2026-09-18 06:10:03.395,2026-09-18 06:10:03.59,2026-09-18 06:10:03.59,2026-09-18
"372","5MmGgGGEBp","MOOSPMv3Parser",1789711800,3,3,0,4,4,0,0,5,5,0,666,190,217114,35,0,3,0,0,20,39,0,0,20,21,49,48,28.635,104,3277,2.7e-05,-0.004253,18747.173828,8,600,58,3,"e00fce68e28dcbc9a589be10",2026-09-18 06:10:03.395,2026-09-18 06:10:03.634,2026-09-18 06:10:03.634,2026-09-18
"373","WbBcxLKBmA","MOOSPMv3Parser",1789711801,5,5,5,8,8,6,6,9,9,6,944,290,185423,54,40,7,40,40,0,0,40,1,18,19,56,55,15.82,85,1,36.433567,-119.923302,42.931,5,600,58,3,"e00fce6876826e255108c6bd",2026-09-18 06:10:04.874,2026-09-18 06:10:05.016,2026-09-18 06:10:05.016,2026-09-18
"374","xmgUR63QZt","MOOSPMv3Parser",1789711801,2,2,4,4,4,4,4,5,5,4,684,169,304478,36,28,2,28,28,17,48,28,0,21,18,45,53,41.647,131,2,36.139015,-120.368385,177.085007,11,600,58,3,"e00fce6850cac69f647dc199",2026-09-18 06:10:05.066,2026-09-18 06:10:05.227,2026-09-18 06:10:05.227,2026-09-18
"375","6xvxsSCVWy","MOOSPMv3Parser",1789711801,3,3,0,7,7,0,0,7,7,0,1091,234,0,47,0,6,0,0,19,44,0,2,20,20,50,51,16.268,230,39,36.187489,-119.822014,30.087999,8,600,58,3,"e00fce68e739ecbcf9e91965",2026-09-18 06:10:05.44,2026-09-18 06:10:05.622,2026-09-18 06:10:05.622,2026-09-18
"376","DDYwSKvqrq","MOOSPMv3Parser",1789711801,3,3,4,4,4,4,4,5,5,4,711,197,106583,31,29,1,29,29,19,52,29,0,20,21,54,50,27.004,52,14,36.523273,-119.278748,27.250999,6,600,58,3,"e00fce68f12da1a0c5de6248",2026-09-18 06:10:06.683,2026-09-18 06:10:06.905,2026-09-18 06:10:06.905,2026-09-18
"377","13p400jlSG","MOOSPMv3Parser",1789712400,0,0,2,0,0,2,3,1,1,3,254,156,46157,24,17,2,17,17,20,47,17,1,21,21,54,52,24.187,27,5,36.198711,-120.104439,60.995998,9,600,58,3,"e00fce686dc2ef0a68fa40b0",2026-09-18 06:20:02.106,2026-09-18 06:20:02.349,2026-09-18 06:20:02.349,2026-09-18
"378","yfHYCJbTvx","MOOSPMv3Parser",1789712400,2,2,7,5,5,7,7,6,6,8,394,294,98152,61,51,8,51,52,20,46,52,1,24,21,47,52,8.786,209,1,35.963089,-119.291809,39.900002,7,600,58,3,"e00fce68d6b773b56ce8baa0",2026-09-18 06:20:02.436,2026-09-18 06:20:02.633,2026-09-18 06:20:02.633,2026-09-18
"379","dDCVWw3XNy","MOOSPMv3Parser",1789712401,4,4,4,6,6,4,4,7,7,4,1652,269,60606,41,29,3,29,29,18,62,29,0,19,19,59,60,31.208,128,3,36.503113,-120.325417,42.951,0,600,58,3,"e00fce68e77e43df92405fdb",2026-09-18 06:20:02.656,2026-09-18 06:20:02.806,2026-09-18 06:20:02.806,2026-09-18
"380","T3FkafEcq8","MOOSPMv3Parser",1789712400,7,7,6,12,12,7,7,12,12,8,1526,416,242989,80,48,6,48,48,18,66,48,1,19,19,60,60,7.319,220,1,35.949627,-119.049965,114.903999,7,600,58,3,"e00fce6808784ceaf209f949",2026-09-18 06:20:02.886,2026-09-18 06:20:03.073,2026-09-18 06:20:03.073,2026-09-18
"381","HRZfNnaKdb","MOOSPMv3Parser",1789712400,3,3,0,5,5,0,0,5,5,0,712,201,217114,36,0,2,0,0,20,40,0,0,20,21,50,49,28.097,109,3277,2.7e-05,-0.004253,18747.173828,8,600,58,3,"e00fce68e28dcbc9a589be10",2026-09-18 06:20:03.255,2026-09-18 06:20:03.435,2026-09-18 06:20:03.435,2026-09-18
"382","0byxiNfhyN","MOOSPMv3Parser",1789712400,9,9,8,15,15,9,10,16,16,10,2168,512,142523,96,64,9,64,65,19,67,65,1,20,20,58,58,4.147,301,1,35.775017,-119.238571,51.972,5,600,58,3,"e00fce68e88237db75a60608",2026-09-18 06:20:03.462,2026-09-18 06:20:03.628,2026-09-18 06:20:03.628,2026-09-18
"383","7eA0xtxkEQ","MOOSPMv3Parser",1789712401,3,3,5,6,6,5,5,8,8,6,764,233,185454,46,36,6,36,37,0,0,37,1,18,19,57,56,16.776,85,1,36.43351,-119.923401,6.453,8,600,58,3,"e00fce6876826e255108c6bd",2026-09-18 06:20:05.072,2026-09-18 06:20:05.289,2026-09-18 06:20:05.289,2026-09-18
"384","XDRYJDhbQK","MOOSPMv3Parser",1789712401,3,3,0,5,5,0,0,6,6,0,1012,207,0,41,0,5,0,0,19,45,0,2,20,20,50,52,18.633,185,67,36.187454,-119.822121,24.552,6,600,58,3,"e00fce68e739ecbcf9e91965",2026-09-18 06:20:05.365,2026-09-18 06:20:05.514,2026-09-18 06:20:05.514,2026-09-18
"385","AQfaKfpNNP","MOOSPMv3Parser",1789712401,2,2,4,4,4,4,4,5,5,4,678,170,304505,31,29,2,29,29,17,49,29,0,21,18,45,55,40.575,149,3,36.139015,-120.368385,175.682007,9,600,58,3,"e00fce6850cac69f647dc199",2026-09-18 06:20:05.644,2026-09-18 06:20:05.808,2026-09-18 06:20:05.808,2026-09-18
"386","85xESqKHYb","MOOSPMv3Parser",1789712401,3,3,4,5,5,4,4,5,5,4,759,210,106608,34,29,2,29,29,19,52,29,0,19,21,54,51,27.183,53,14,36.52338,-119.278778,78.600998,8,600,58,3,"e00fce68f12da1a0c5de6248",2026-09-18 06:20:06.619,2026-09-18 06:20:06.792,2026-09-18 06:20:06.792,2026-09-18
"387","dsiHneow78","MOOSPMv3Parser",1789713000,1,1,6,5,5,6,7,5,5,7,370,271,98190,54,46,8,46,46,20,46,46,1,24,21,47,52,10.535,197,1,35.96307,-119.291748,21.705,7,600,58,3,"e00fce68d6b773b56ce8baa0",2026-09-18 06:30:02.571,2026-09-18 06:30:02.753,2026-09-18 06:30:02.753,2026-09-18
"388","tenDCOq6dv","MOOSPMv3Parser",1789713000,0,0,2,1,1,2,2,1,1,2,256,161,46170,25,16,3,16,16,20,47,16,1,21,21,54,52,24.646,25,5,36.198776,-120.104362,72.799004,9,600,58,3,"e00fce686dc2ef0a68fa40b0",2026-09-18 06:30:02.603,2026-09-18 06:30:02.877,2026-09-18 06:30:02.877,2026-09-18
"389","EvB0P970o1","MOOSPMv3Parser",1789713001,5,5,4,7,7,4,5,7,7,5,1683,282,60632,43,30,3,31,31,18,62,31,0,19,19,59,61,31.727,129,3,36.503151,-120.325348,62.719002,7,600,58,3,"e00fce68e77e43df92405fdb",2026-09-18 06:30:02.829,2026-09-18 06:30:02.979,2026-09-18 06:30:02.979,2026-09-18
"390","7wJnjpvqmh","MOOSPMv3Parser",1789713000,7,7,6,12,12,7,7,13,13,7,1554,426,243030,81,47,6,47,48,18,65,48,1,19,19,59,59,10.286,204,1,35.949421,-119.050041,99.053001,7,600,58,3,"e00fce6808784ceaf209f949",2026-09-18 06:30:02.982,2026-09-18 06:30:03.178,2026-09-18 06:30:03.178,2026-09-18
"391","QQOEL8nRGd","MOOSPMv3Parser",1789713000,3,3,0,5,5,0,0,6,6,0,713,204,217115,36,1,3,1,1,20,41,1,0,20,21,51,50,27.896,111,3277,2.7e-05,-0.004253,18747.173828,8,600,58,3,"e00fce68e28dcbc9a589be10",2026-09-18 06:30:03.164,2026-09-18 06:30:03.419,2026-09-18 06:30:03.419,2026-09-18
"392","RoCHAzbHPl","MOOSPMv3Parser",1789713000,10,10,8,16,16,9,10,16,16,10,2267,527,142578,97,64,11,65,65,19,69,65,1,20,20,60,60,4.905,294,1,35.77496,-119.23851,42.964001,5,600,58,3,"e00fce68e88237db75a60608",2026-09-18 06:30:03.393,2026-09-18 06:30:03.598,2026-09-18 06:30:03.598,2026-09-18
"393","5ilicqDqDr","MOOSPMv3Parser",1789713001,3,3,3,5,5,4,4,5,5,4,705,178,304528,35,27,2,27,27,17,50,27,0,21,18,47,55,36.05,235,2,36.138962,-120.368385,182.098999,8,600,58,3,"e00fce6850cac69f647dc199",2026-09-18 06:30:04.439,2026-09-18 06:30:04.631,2026-09-18 06:30:04.631,2026-09-18
"394","SEMzfwiObt","MOOSPMv3Parser",1789713001,4,4,4,6,6,5,5,8,8,5,758,234,185482,44,33,5,33,33,0,0,33,1,18,19,59,57,16.568,85,1,36.433609,-119.92337,17.188,8,600,58,3,"e00fce6876826e255108c6bd",2026-09-18 06:30:04.919,2026-09-18 06:30:05.07,2026-09-18 06:30:05.07,2026-09-18
"395","5V9ssvghhH","MOOSPMv3Parser",1789713001,4,4,0,6,6,0,0,7,7,0,1090,229,0,45,0,3,0,0,19,46,0,2,20,20,52,53,18.027,180,78,36.187466,-119.821991,32.247002,6,600,58,3,"e00fce68e739ecbcf9e91965",2026-09-18 06:30:05.376,2026-09-18 06:30:05.539,2026-09-18 06:30:05.539,2026-09-18
"396","MFYAzSaxsz","MOOSPMv3Parser",1789713001,3,3,4,5,5,4,4,5,5,4,758,210,106633,34,29,2,29,29,19,53,29,0,19,20,56,52,26.506,61,15,36.523346,-119.278877,45.938999,8,600,58,3,"e00fce68f12da1a0c5de6248",2026-09-18 06:30:06.667,2026-09-18 06:30:06.853,2026-09-18 06:30:06.853,2026-09-18
"397","VM5Fkw26B7","MOOSPMv3Parser",1789713600,1,1,6,4,4,6,6,5,5,6,365,264,98226,52,43,7,44,44,19,47,44,1,24,21,47,52,11.527,193,1,35.963165,-119.291809,40.312,7,600,58,3,"e00fce68d6b773b56ce8baa0",2026-09-18 06:40:02.323,2026-09-18 06:40:02.507,2026-09-18 06:40:02.507,2026-09-18
"398","6mWNPEG78U","MOOSPMv3Parser",1789713601,5,5,4,7,7,4,4,7,7,5,1670,281,60657,41,29,3,30,30,18,63,30,0,19,19,59,61,32.248,123,2,36.503078,-120.325424,48.917999,6,600,58,3,"e00fce68e77e43df92405fdb",2026-09-18 06:40:02.626,2026-09-18 06:40:02.79,2026-09-18 06:40:02.79,2026-09-18
"399","fEaDwbnZkx","MOOSPMv3Parser",1789713600,0,0,2,1,1,2,2,1,1,2,253,157,46184,25,16,2,16,16,20,47,16,1,20,21,54,52,24.59,26,5,36.19873,-120.104424,79.637001,6,600,58,3,"e00fce686dc2ef0a68fa40b0",2026-09-18 06:40:02.823,2026-09-18 06:40:02.963,2026-09-18 06:40:02.963,2026-09-18
"400","wwLGqETqJF","MOOSPMv3Parser",1789713600,7,7,6,11,11,7,8,12,12,8,1485,406,243072,78,48,6,49,49,18,65,49,1,19,19,60,59,11.216,194,1,35.949287,-119.049919,114.088997,5,600,58,3,"e00fce6808784ceaf209f949",2026-09-18 06:40:02.835,2026-09-18 06:40:03.007,2026-09-18 06:40:03.007,2026-09-18
"401","ZIEIoA6Gki","MOOSPMv3Parser",1789713600,10,10,8,15,15,9,9,16,16,9,2262,538,142632,91,62,8,63,63,19,70,63,1,20,20,59,60,4.25,299,1,35.77499,-119.238594,66.319,5,600,58,3,"e00fce68e88237db75a60608",2026-09-18 06:40:03.392,2026-09-18 06:40:03.598,2026-09-18 06:40:03.598,2026-09-18
"402","KbMYgkk8YY","MOOSPMv3Parser",1789713600,3,3,0,5,5,0,0,5,5,0,713,203,217116,37,1,2,1,1,20,42,1,0,20,21,52,51,27.854,111,3277,2.7e-05,-0.004253,18747.173828,8,600,58,3,"e00fce68e28dcbc9a589be10",2026-09-18 06:40:03.416,2026-09-18 06:40:03.622,2026-09-18 06:40:03.622,2026-09-18
"403","JfWd687TCa","MOOSPMv3Parser",1789713601,3,3,4,4,4,4,4,5,5,4,748,189,304556,34,29,2,29,29,17,52,29,0,21,18,47,58,32.855,266,2,36.138962,-120.368385,182.106003,0,600,58,3,"e00fce6850cac69f647dc199",2026-09-18 06:40:04.739,2026-09-18 06:40:04.947,2026-09-18 06:40:04.947,2026-09-18
"404","U9Wqdx4n6c","MOOSPMv3Parser",1789713601,4,4,4,6,6,5,5,8,8,5,794,243,185513,47,34,6,34,34,0,0,34,1,18,19,60,58,16.211,85,1,36.433605,-119.92337,24.18,8,600,58,3,"e00fce6876826e255108c6bd",2026-09-18 06:40:04.926,2026-09-18 06:40:05.155,2026-09-18 06:40:05.155,2026-09-18
"405","ybrbp0MJky","MOOSPMv3Parser",1789713601,4,4,0,8,8,0,0,8,8,0,1221,267,0,52,0,6,0,0,19,48,0,2,20,20,53,54,17.092,187,71,36.187424,-119.82196,22.823999,5,600,58,3,"e00fce68e739ecbcf9e91965",2026-09-18 06:40:05.044,2026-09-18 06:40:05.257,2026-09-18 06:40:05.257,2026-09-18
"406","Mnv04qIuC0","MOOSPMv3Parser",1789713601,3,3,4,5,5,4,4,5,5,4,721,202,106659,30,29,2,30,30,19,53,30,0,18,20,58,52,26.014,67,14,36.523346,-119.278877,45.938,0,600,58,3,"e00fce68f12da1a0c5de6248",2026-09-18 06:40:06.66,2026-09-18 06:40:06.812,2026-09-18 06:40:06.812,2026-09-18
"407","6t8eP9AGKO","MOOSPMv3Parser",1789714200,1,1,6,4,4,6,6,5,5,6,362,264,98262,51,43,7,43,44,19,47,44,1,24,21,47,52,12.696,187,2,35.963207,-119.291862,54.164001,7,600,58,3,"e00fce68d6b773b56ce8baa0",2026-09-18 06:50:02.641,2026-09-18 06:50:02.868,2026-09-18 06:50:02.868,2026-09-18
"408","mamIVX1VIp","MOOSPMv3Parser",1789714201,5,5,4,7,7,4,4,8,8,4,1734,293,60682,44,29,4,29,29,-10,-10,29,0,19,19,60,62,34.032,102,2,36.503109,-120.32531,62.436001,7,600,58,3,"e00fce68e77e43df92405fdb",2026-09-18 06:50:02.833,2026-09-18 06:50:03.04,2026-09-18 06:50:03.04,2026-09-18
"409","UFFcFWX5S4","MOOSPMv3Parser",1789714200,7,7,6,11,11,7,7,12,12,7,1480,406,243112,78,47,5,47,48,18,65,48,1,19,19,61,59,10.179,196,1,35.94952,-119.049988,103.829002,8,600,58,3,"e00fce6808784ceaf209f949",2026-09-18 06:50:02.904,2026-09-18 06:50:03.08,2026-09-18 06:50:03.08,2026-09-18
"410","hrByEZlxDK","MOOSPMv3Parser",1789714200,0,0,2,0,0,2,2,1,1,2,242,151,46197,24,16,3,16,16,20,47,16,1,20,21,55,52,24.384,29,5,36.198895,-120.10453,44.641998,8,600,58,3,"e00fce686dc2ef0a68fa40b0",2026-09-18 06:50:03.066,2026-09-18 06:50:03.247,2026-09-18 06:50:03.247,2026-09-18
"411","9Yf88SOxTp","MOOSPMv3Parser",1789714200,3,3,0,5,5,0,0,5,5,0,721,203,217116,36,0,3,0,0,19,44,0,0,20,21,54,52,27.499,111,3277,2.7e-05,-0.004253,18747.173828,8,600,58,3,"e00fce68e28dcbc9a589be10",2026-09-18 06:50:03.225,2026-09-18 06:50:03.415,2026-09-18 06:50:03.415,2026-09-18
"412","AjxG6rZtJD","MOOSPMv3Parser",1789714200,10,10,8,16,16,9,10,17,17,10,2413,573,142689,103,65,11,66,66,18,69,66,1,20,20,59,59,4.422,290,1,35.775085,-119.238571,51.077,5,600,58,3,"e00fce68e88237db75a60608",2026-09-18 06:50:03.475,2026-09-18 06:50:03.666,2026-09-18 06:50:03.666,2026-09-18
"413","PvVwHcDXhQ","MOOSPMv3Parser",1789714201,4,4,0,8,8,0,0,8,8,0,1192,262,0,51,0,7,0,0,19,50,0,2,20,20,54,55,17.179,185,66,36.187534,-119.822014,29.6,5,600,58,3,"e00fce68e739ecbcf9e91965",2026-09-18 06:50:05.039,2026-09-18 06:50:05.204,2026-09-18 06:50:05.204,2026-09-18
"414","1zQ9vhF6Wf","MOOSPMv3Parser",1789714201,4,4,5,7,7,5,5,8,8,5,841,261,185543,51,36,6,36,36,0,0,36,1,18,19,61,59,16.183,85,1,36.433605,-119.92337,24.177999,0,600,58,3,"e00fce6876826e255108c6bd",2026-09-18 06:50:05.069,2026-09-18 06:50:05.283,2026-09-18 06:50:05.283,2026-09-18
"415","DxCoavDRzj","MOOSPMv3Parser",1789714201,3,3,4,4,4,4,4,5,5,4,754,184,304582,33,29,2,29,29,16,53,29,0,20,17,48,58,32.295,270,1,36.139011,-120.368439,158.856003,6,600,58,3,"e00fce6850cac69f647dc199",2026-09-18 06:50:05.139,2026-09-18 06:50:05.305,2026-09-18 06:50:05.305,2026-09-18
"416","tVBFzQHTBN","MOOSPMv3Parser",1789714201,3,3,4,5,5,4,4,6,6,4,786,220,106684,37,29,2,30,30,18,57,30,0,17,20,63,55,21.439,97,12,36.523346,-119.278862,88.211998,5,600,58,3,"e00fce68f12da1a0c5de6248",2026-09-18 06:50:06.858,2026-09-18 06:50:07.041,2026-09-18 06:50:07.041,2026-09-18
"417","jbeCndt0Fb","MOOSPMv3Parser",1789714800,1,1,6,4,4,6,6,5,5,6,369,270,98464,56,46,7,46,46,19,47,46,1,24,21,47,53,13.184,184,2,35.963326,-119.291779,63.101002,5,599,58,3,"e00fce68d6b773b56ce8baa0",2026-09-18 07:00:02.177,2026-09-18 07:00:02.366,2026-09-18 07:00:02.366,2026-09-18
"418","Fn4ZiIK8jV","MOOSPMv3Parser",1789714800,0,0,2,1,1,2,2,1,1,2,247,150,46210,24,17,2,17,17,20,47,17,0,20,21,55,52,24.381,30,5,36.198746,-120.1045,71.882004,8,600,58,3,"e00fce686dc2ef0a68fa40b0",2026-09-18 07:00:02.177,2026-09-18 07:00:02.421,2026-09-18 07:00:02.421,2026-09-18
"419","q7sGyl8JiP","MOOSPMv3Parser",1789714800,8,8,7,12,12,7,8,13,13,8,1588,439,243158,85,52,7,52,52,18,65,52,1,19,19,61,59,8.026,205,1,35.949581,-119.049973,126.966003,8,600,58,3,"e00fce6808784ceaf209f949",2026-09-18 07:00:02.958,2026-09-18 07:00:03.207,2026-09-18 07:00:03.207,2026-09-18
"420","g6WlJOhErw","MOOSPMv3Parser",1789714801,5,5,4,7,7,4,4,7,7,4,1723,290,60706,43,28,4,28,28,18,65,28,0,19,19,60,62,34.502,80,3,36.50301,-120.325356,46.952999,6,600,58,3,"e00fce68e77e43df92405fdb",2026-09-18 07:00:02.679,2026-09-18 07:00:03.317,2026-09-18 07:00:03.317,2026-09-18
"421","5FI0RmR8We","MOOSPMv3Parser",1789714800,4,4,0,6,6,0,0,6,6,0,795,226,217116,41,0,4,0,0,19,45,0,0,20,21,55,53,27.057,121,3277,2.7e-05,-0.004253,18747.173828,8,600,58,3,"e00fce68e28dcbc9a589be10",2026-09-18 07:00:03.435,2026-09-18 07:00:03.72,2026-09-18 07:00:03.72,2026-09-18
"422","RkZfQ8kAqM","MOOSPMv3Parser",1789714800,10,10,8,17,17,9,10,17,17,10,2393,566,142745,106,65,11,66,66,18,68,66,1,20,20,59,59,5.3,275,1,35.774975,-119.238434,74.002998,6,600,58,3,"e00fce68e88237db75a60608",2026-09-18 07:00:03.463,2026-09-18 07:00:03.798,2026-09-18 07:00:03.798,2026-09-18
"423","9Oja8BUrRz","MOOSPMv3Parser",1789714801,4,4,5,7,7,5,5,9,9,5,857,265,185575,51,35,6,36,36,1,0,36,1,18,19,62,60,15.997,85,1,36.433636,-119.92334,29.804001,7,600,58,3,"e00fce6876826e255108c6bd",2026-09-18 07:00:04.925,2026-09-18 07:00:05.125,2026-09-18 07:00:05.125,2026-09-18
"424","kZ7srepp86","MOOSPMv3Parser",1789714801,5,5,0,8,8,0,0,9,9,0,1287,281,0,52,0,5,0,0,19,52,0,2,20,20,54,56,18.016,174,69,36.187534,-119.822014,29.601,0,600,58,3,"e00fce68e739ecbcf9e91965",2026-09-18 07:00:05.286,2026-09-18 07:00:05.523,2026-09-18 07:00:05.523,2026-09-18
"425","Khi3CFV5kf","MOOSPMv3Parser",1789714801,3,3,4,5,5,4,4,6,6,4,767,192,304609,37,29,3,29,29,16,54,29,0,20,17,48,58,31.011,278,1,36.139015,-120.368439,163.923004,6,600,58,3,"e00fce6850cac69f647dc199",2026-09-18 07:00:05.535,2026-09-18 07:00:05.692,2026-09-18 07:00:05.692,2026-09-18
"426","oYkRmDA0L0","MOOSPMv3Parser",1789714801,4,4,4,6,6,4,4,6,6,4,853,237,106711,36,30,2,30,30,18,58,30,0,17,19,65,56,20.049,100,9,36.523216,-119.278847,141.554001,6,600,58,3,"e00fce68f12da1a0c5de6248",2026-09-18 07:00:07.217,2026-09-18 07:00:07.391,2026-09-18 07:00:07.391,2026-09-18
"427","GhErdD2qUm","MOOSPMv3Parser",1789715400,1,1,6,5,5,7,7,6,6,7,393,294,98342,60,51,8,51,51,19,48,51,1,24,20,47,53,12.949,187,2,35.963154,-119.291885,44.297001,6,600,58,3,"e00fce68d6b773b56ce8baa0",2026-09-18 07:10:02.499,2026-09-18 07:10:02.669,2026-09-18 07:10:02.669,2026-09-18
"428","tyDwAjvWyq","MOOSPMv3Parser",1789715400,0,0,2,0,0,2,2,1,1,2,246,150,46223,24,15,3,16,16,20,47,16,0,20,21,55,52,24.33,29,5,36.198696,-120.104385,94.010002,9,600,58,3,"e00fce686dc2ef0a68fa40b0",2026-09-18 07:10:02.511,2026-09-18 07:10:02.675,2026-09-18 07:10:02.675,2026-09-18
"429","Vwz1WaAIVC","MOOSPMv3Parser",1789715401,5,5,4,7,7,4,4,8,8,4,1697,292,60731,45,29,3,29,29,18,66,29,0,19,19,61,63,33.881,77,3,36.503059,-120.325348,55.872002,8,600,58,3,"e00fce68e77e43df92405fdb",2026-09-18 07:10:02.605,2026-09-18 07:10:02.855,2026-09-18 07:10:02.855,2026-09-18
"430","0wy0rO5wuf","MOOSPMv3Parser",1789715400,8,8,7,13,13,8,8,14,14,9,1652,455,243205,93,53,7,54,54,18,65,54,1,19,19,59,59,7.703,202,1,35.949581,-119.049973,126.971001,0,600,58,3,"e00fce6808784ceaf209f949",2026-09-18 07:10:02.911,2026-09-18 07:10:03.122,2026-09-18 07:10:03.122,2026-09-18
"431","Eq9DWeXTdU","MOOSPMv3Parser",1789715400,4,4,0,6,6,0,0,6,6,0,802,231,217116,42,0,3,0,0,19,46,0,0,19,20,56,54,26.869,125,3277,2.7e-05,-0.004253,18747.173828,8,600,58,3,"e00fce68e28dcbc9a589be10",2026-09-18 07:10:03.253,2026-09-18 07:10:03.455,2026-09-18 07:10:03.455,2026-09-18
"432","R3zGiunMqR","MOOSPMv3Parser",1789715400,11,11,8,16,16,9,9,17,17,10,2409,568,142802,101,65,9,65,66,18,69,66,1,19,20,59,59,5.741,268,1,35.774876,-119.238548,60.879002,4,600,58,3,"e00fce68e88237db75a60608",2026-09-18 07:10:03.631,2026-09-18 07:10:03.838,2026-09-18 07:10:03.838,2026-09-18
"433","OclNwGS5i1","MOOSPMv3Parser",1789715401,3,3,4,5,5,4,4,5,5,4,744,189,304635,36,29,3,29,29,16,56,29,0,20,17,50,60,32.8,248,1,36.138878,-120.36824,204.447998,7,600,58,3,"e00fce6850cac69f647dc199",2026-09-18 07:10:04.495,2026-09-18 07:10:04.73,2026-09-18 07:10:04.73,2026-09-18
"434","jyFRLa3njU","MOOSPMv3Parser",1789715401,5,5,0,8,8,0,0,9,9,0,1322,294,0,56,0,6,0,0,19,52,0,2,20,20,55,57,18.149,175,65,36.187492,-119.822113,16.614,10,600,58,3,"e00fce68e739ecbcf9e91965",2026-09-18 07:10:05.038,2026-09-18 07:10:05.178,2026-09-18 07:10:05.178,2026-09-18
"435","bqZ1tPNKqJ","MOOSPMv3Parser",1789715401,4,4,4,7,7,5,5,9,9,5,839,259,185604,52,34,5,34,34,0,0,34,1,17,18,63,61,15.95,86,1,36.433575,-119.92334,37.462002,9,600,58,3,"e00fce6876826e255108c6bd",2026-09-18 07:10:05.016,2026-09-18 07:10:05.204,2026-09-18 07:10:05.204,2026-09-18
"436","FBK6M5MAYJ","MOOSPMv3Parser",1789715401,4,4,4,6,6,4,4,7,7,4,931,261,106738,40,32,2,32,32,18,59,32,0,16,19,69,57,17.811,115,7,36.523388,-119.278809,84.922997,6,600,58,3,"e00fce68f12da1a0c5de6248",2026-09-18 07:10:06.584,2026-09-18 07:10:06.835,2026-09-18 07:10:06.835,2026-09-18
"437","VToqsgnGxl","MOOSPMv3Parser",1789716000,2,2,7,6,6,7,7,7,7,7,421,316,98387,64,53,9,53,54,19,47,54,1,24,20,47,54,11.398,201,2,35.963154,-119.291885,44.299999,0,600,58,3,"e00fce68d6b773b56ce8baa0",2026-09-18 07:20:02.179,2026-09-18 07:20:02.376,2026-09-18 07:20:02.376,2026-09-18
"438","rbK8q8sMUC","MOOSPMv3Parser",1789716001,5,5,4,7,7,4,4,7,7,4,1716,291,60755,45,28,3,29,29,18,66,29,0,19,19,61,63,33.267,82,3,36.503159,-120.325272,93.739998,5,600,58,3,"e00fce68e77e43df92405fdb",2026-09-18 07:20:02.698,2026-09-18 07:20:02.862,2026-09-18 07:20:02.862,2026-09-18
"439","Ft8PaGCEjR","MOOSPMv3Parser",1789716000,0,0,2,0,0,2,2,1,1,2,240,146,46236,23,16,2,16,16,20,48,16,1,20,21,56,52,25.062,27,5,36.198608,-120.104256,104.138,7,600,58,3,"e00fce686dc2ef0a68fa40b0",2026-09-18 07:20:02.758,2026-09-18 07:20:02.928,2026-09-18 07:20:02.928,2026-09-18
"440","pXe7tyyVHh","MOOSPMv3Parser",1789716000,8,8,6,13,13,7,7,14,14,7,1642,454,243246,90,48,6,48,48,18,64,48,0,19,19,59,59,5.215,216,1,35.949661,-119.049866,136.242996,7,600,58,3,"e00fce6808784ceaf209f949",2026-09-18 07:20:02.835,2026-09-18 07:20:03.027,2026-09-18 07:20:03.027,2026-09-18
"441","FJW2DX2P62","MOOSPMv3Parser",1789716000,4,4,0,6,6,0,0,6,6,0,826,233,217116,40,0,2,0,0,19,47,0,0,19,20,57,55,26.54,134,3277,2.7e-05,-0.004253,18747.173828,8,600,58,3,"e00fce68e28dcbc9a589be10",2026-09-18 07:20:03.248,2026-09-18 07:20:03.469,2026-09-18 07:20:03.469,2026-09-18
"442","MdNyci2MXG","MOOSPMv3Parser",1789716000,10,10,9,15,15,9,10,16,16,10,2298,544,142859,95,67,9,67,68,18,69,68,0,19,19,59,59,5.785,266,1,35.774899,-119.238564,73.735001,7,600,58,3,"e00fce68e88237db75a60608",2026-09-18 07:20:03.544,2026-09-18 07:20:03.699,2026-09-18 07:20:03.699,2026-09-18
"443","Lm8GudLEut","MOOSPMv3Parser",1789716001,2,2,4,4,4,4,4,5,5,4,714,179,304664,34,30,2,30,30,16,56,30,0,20,17,50,60,27.72,287,1,36.139099,-120.368469,159.216995,5,600,58,3,"e00fce6850cac69f647dc199",2026-09-18 07:20:04.666,2026-09-18 07:20:04.851,2026-09-18 07:20:04.851,2026-09-18
"444","mDZ65uHSUg","MOOSPMv3Parser",1789716001,4,4,4,7,7,5,5,8,8,5,801,248,185633,48,33,5,33,33,0,0,33,1,17,18,64,62,16.129,86,1,36.433685,-119.923347,25.726999,8,600,58,3,"e00fce6876826e255108c6bd",2026-09-18 07:20:04.929,2026-09-18 07:20:05.076,2026-09-18 07:20:05.076,2026-09-18
"445","wwLAYKhe5A","MOOSPMv3Parser",1789716001,5,5,0,8,8,0,0,9,9,0,1310,289,0,53,0,6,0,0,19,53,0,2,20,20,56,57,17.856,178,54,36.187466,-119.82196,34.304001,7,600,58,3,"e00fce68e739ecbcf9e91965",2026-09-18 07:20:05.527,2026-09-18 07:20:05.719,2026-09-18 07:20:05.719,2026-09-18
"446","gdSwDnzFC1","MOOSPMv3Parser",1789716001,5,5,4,7,7,5,5,7,7,5,989,277,106768,41,34,3,35,35,17,62,35,0,15,19,71,59,15.012,133,5,36.523312,-119.278839,86.114998,6,600,58,3,"e00fce68f12da1a0c5de6248",2026-09-18 07:20:06.744,2026-09-18 07:20:06.944,2026-09-18 07:20:06.944,2026-09-18
"447","drzzlbI47F","MOOSPMv3Parser",1789716600,2,2,7,6,6,7,7,6,6,7,399,298,98430,61,51,9,52,52,19,47,52,1,24,20,47,54,12.533,196,2,35.963112,-119.291901,35.263,6,600,58,3,"e00fce68d6b773b56ce8baa0",2026-09-18 07:30:02.572,2026-09-18 07:30:02.805,2026-09-18 07:30:02.805,2026-09-18
"448","13XFsb0NZF","MOOSPMv3Parser",1789716601,5,5,4,7,7,4,4,8,8,4,1747,300,60781,46,29,3,30,30,18,67,30,0,19,19,62,63,33.032,91,3,36.503014,-120.325447,44.880001,7,600,58,3,"e00fce68e77e43df92405fdb",2026-09-18 07:30:02.671,2026-09-18 07:30:02.85,2026-09-18 07:30:02.85,2026-09-18
"449","uhYQ6XayJR","MOOSPMv3Parser",1789716600,8,8,6,12,12,7,7,13,13,7,1625,447,243287,85,47,6,47,47,18,65,47,0,19,19,60,58,5.794,214,1,35.949615,-119.050011,113.828003,8,600,58,3,"e00fce6808784ceaf209f949",2026-09-18 07:30:02.903,2026-09-18 07:30:03.125,2026-09-18 07:30:03.125,2026-09-18
"450","2vyi8dbDhh","MOOSPMv3Parser",1789716600,0,0,2,1,1,2,2,1,1,2,252,158,46249,25,15,3,16,16,20,48,16,1,20,21,56,53,25.252,23,5,36.198544,-120.104218,94.43,7,600,58,3,"e00fce686dc2ef0a68fa40b0",2026-09-18 07:30:03.078,2026-09-18 07:30:03.266,2026-09-18 07:30:03.266,2026-09-18
"451","8Q49DTTWoC","MOOSPMv3Parser",1789716600,4,4,0,6,6,0,0,6,6,0,814,229,217116,42,0,3,0,0,19,48,0,0,19,20,58,55,26.528,134,3277,2.7e-05,-0.004253,18747.173828,8,600,58,3,"e00fce68e28dcbc9a589be10",2026-09-18 07:30:03.295,2026-09-18 07:30:03.488,2026-09-18 07:30:03.488,2026-09-18
"452","4PQcZrz7xu","MOOSPMv3Parser",1789716600,10,10,9,16,16,9,10,17,17,10,2284,549,142918,97,68,11,68,68,18,70,68,0,19,19,60,60,5.727,262,1,35.774857,-119.238243,108.682999,7,600,58,3,"e00fce68e88237db75a60608",2026-09-18 07:30:03.542,2026-09-18 07:30:03.71,2026-09-18 07:30:03.71,2026-09-18
"453","tc7FBSCDob","MOOSPMv3Parser",1789716601,4,4,4,7,7,5,5,8,8,5,861,263,185663,48,35,5,35,35,0,0,35,1,17,18,64,63,16.288,86,1,36.433544,-119.923325,28.868,9,600,58,3,"e00fce6876826e255108c6bd",2026-09-18 07:30:04.919,2026-09-18 07:30:05.057,2026-09-18 07:30:05.057,2026-09-18
"454","imrhnqGR76","MOOSPMv3Parser",1789716601,3,3,4,5,5,4,4,5,5,4,754,188,304693,35,30,3,30,30,16,56,30,0,20,17,50,60,25.057,316,1,36.139046,-120.368385,167.973999,6,600,58,3,"e00fce6850cac69f647dc199",2026-09-18 07:30:05.151,2026-09-18 07:30:05.296,2026-09-18 07:30:05.296,2026-09-18
"455","SPmnUPHv0m","MOOSPMv3Parser",1789716601,5,5,0,9,9,0,0,10,10,0,1360,297,0,58,0,8,0,0,18,54,0,2,19,19,56,58,18.032,178,46,36.187492,-119.822006,27.26,7,600,58,3,"e00fce68e739ecbcf9e91965",2026-09-18 07:30:05.207,2026-09-18 07:30:05.401,2026-09-18 07:30:05.401,2026-09-18
"456","VRovDiwGSY","MOOSPMv3Parser",1789716601,5,5,5,6,6,5,5,7,7,5,992,276,106799,41,35,2,36,36,17,63,36,0,16,18,71,60,14.664,147,3,36.523312,-119.278839,86.112,0,600,58,3,"e00fce68f12da1a0c5de6248",2026-09-18 07:30:06.784,2026-09-18 07:30:06.954,2026-09-18 07:30:06.954,2026-09-18
"457","yXJdErd5LZ","MOOSPMv3Parser",1789717200,0,0,2,0,0,2,2,1,1,2,244,150,46263,22,16,2,16,16,20,48,16,0,20,21,56,53,25.417,22,5,36.198544,-120.104218,94.427002,0,600,58,3,"e00fce686dc2ef0a68fa40b0",2026-09-18 07:40:02.186,2026-09-18 07:40:02.371,2026-09-18 07:40:02.371,2026-09-18
"458","brAWiarkmw","MOOSPMv3Parser",1789717200,2,2,7,6,6,7,7,7,7,8,423,319,98474,65,53,9,53,53,19,48,53,1,24,20,47,55,9.321,203,2,35.963158,-119.291824,54.463001,9,600,58,3,"e00fce68d6b773b56ce8baa0",2026-09-18 07:40:02.325,2026-09-18 07:40:02.56,2026-09-18 07:40:02.56,2026-09-18
"459","dUDgQTSJYo","MOOSPMv3Parser",1789717200,9,9,7,13,13,7,8,15,15,8,1718,476,243333,85,53,8,53,53,18,65,53,0,18,19,63,59,4.712,230,1,35.949387,-119.049919,137.449005,7,600,58,3,"e00fce6808784ceaf209f949",2026-09-18 07:40:02.831,2026-09-18 07:40:03.025,2026-09-18 07:40:03.025,2026-09-18
"460","Q4HrhRS0QI","MOOSPMv3Parser",1789717201,5,5,4,7,7,4,4,7,7,4,1728,286,60805,43,28,3,28,28,18,67,28,0,19,19,61,63,33.008,97,3,36.503117,-120.325378,51.145,6,600,58,3,"e00fce68e77e43df92405fdb",2026-09-18 07:40:03.054,2026-09-18 07:40:03.216,2026-09-18 07:40:03.216,2026-09-18
"461","37e5FPZ5ZY","MOOSPMv3Parser",1789717200,4,4,0,6,6,0,0,7,7,0,880,246,217116,46,0,3,0,0,19,49,0,0,19,20,58,56,26.494,132,3277,2.7e-05,-0.004253,18747.173828,8,600,58,3,"e00fce68e28dcbc9a589be10",2026-09-18 07:40:03.192,2026-09-18 07:40:03.449,2026-09-18 07:40:03.449,2026-09-18
"462","8myOQH9DO1","MOOSPMv3Parser",1789717200,10,10,8,15,15,9,9,16,16,9,2330,545,142974,96,64,8,65,65,18,70,65,0,19,19,59,60,6.849,249,1,35.77496,-119.238472,73.606003,7,600,58,3,"e00fce68e88237db75a60608",2026-09-18 07:40:03.533,2026-09-18 07:40:03.67,2026-09-18 07:40:03.67,2026-09-18
"463","bEa0RgA6GZ","MOOSPMv3Parser",1789717201,5,5,5,8,8,5,5,9,9,5,903,278,185695,55,36,8,37,37,0,0,37,1,17,18,65,64,16.223,86,1,36.433563,-119.923378,33.226002,10,600,58,3,"e00fce6876826e255108c6bd",2026-09-18 07:40:05.087,2026-09-18 07:40:05.252,2026-09-18 07:40:05.252,2026-09-18
"464","YowlUifiy1","MOOSPMv3Parser",1789717201,5,5,0,8,8,0,0,9,9,0,1313,291,0,57,0,5,0,0,18,55,0,2,19,19,57,58,18.319,170,45,36.1875,-119.8218,43.458,6,600,58,3,"e00fce68e739ecbcf9e91965",2026-09-18 07:40:05.377,2026-09-18 07:40:05.541,2026-09-18 07:40:05.541,2026-09-18
"465","YFMjy31Ajo","MOOSPMv3Parser",1789717201,3,3,4,5,5,4,4,5,5,4,744,188,304725,35,32,3,32,32,16,57,32,0,20,17,50,61,22.858,334,1,36.13903,-120.368431,179.664001,9,600,58,3,"e00fce6850cac69f647dc199",2026-09-18 07:40:05.471,2026-09-18 07:40:05.633,2026-09-18 07:40:05.633,2026-09-18
"466","srVteijuMj","MOOSPMv3Parser",1789717201,5,5,5,7,7,5,5,8,8,5,1054,297,106831,50,37,3,37,37,17,64,37,0,16,18,69,61,17.643,122,3,36.523357,-119.279022,94.882004,8,600,58,3,"e00fce68f12da1a0c5de6248",2026-09-18 07:40:06.659,2026-09-18 07:40:06.839,2026-09-18 07:40:06.839,2026-09-18
"467","DpGYeczhlT","MOOSPMv3Parser",1789717800,0,0,2,1,1,2,2,1,1,2,253,156,46276,24,16,3,16,16,19,48,16,1,20,21,56,53,24.708,27,5,36.198769,-120.104515,91.5,10,600,58,3,"e00fce686dc2ef0a68fa40b0",2026-09-18 07:50:02.489,2026-09-18 07:50:02.672,2026-09-18 07:50:02.672,2026-09-18
"468","VtPMcB87FO","MOOSPMv3Parser",1789717800,2,2,7,6,6,7,7,6,6,7,410,308,98682,61,53,8,53,53,19,49,53,1,24,20,47,55,6.978,218,1,35.963116,-119.291832,41.122002,9,599,58,3,"e00fce68d6b773b56ce8baa0",2026-09-18 07:50:02.498,2026-09-18 07:50:02.687,2026-09-18 07:50:02.687,2026-09-18
"469","RLGk8slCO4","MOOSPMv3Parser",1789717801,5,5,4,7,7,4,4,7,7,4,1787,284,60830,41,29,3,29,29,-10,-10,29,0,19,18,62,63,33.236,89,3,36.503101,-120.325386,52.365002,8,600,58,3,"e00fce68e77e43df92405fdb",2026-09-18 07:50:02.7,2026-09-18 07:50:02.837,2026-09-18 07:50:02.837,2026-09-18
"470","DbxEVpIubj","MOOSPMv3Parser",1789717800,9,9,7,14,14,7,8,15,15,8,1723,480,243381,92,54,8,54,54,18,66,54,0,18,19,63,60,3.988,236,1,35.949471,-119.049988,115.429001,8,600,58,3,"e00fce6808784ceaf209f949",2026-09-18 07:50:02.902,2026-09-18 07:50:03.115,2026-09-18 07:50:03.115,2026-09-18
"471","BZ99RLvMcO","MOOSPMv3Parser",1789717800,4,4,0,7,7,0,0,7,7,0,892,253,217117,45,2,3,2,2,19,50,2,0,19,20,60,57,25.55,150,3277,2.7e-05,-0.004253,18747.173828,8,600,58,3,"e00fce68e28dcbc9a589be10",2026-09-18 07:50:03.414,2026-09-18 07:50:03.553,2026-09-18 07:50:03.553,2026-09-18
"472","3DLIDcqIsk","MOOSPMv3Parser",1789717800,10,10,8,15,15,9,9,16,16,9,2243,536,143029,98,63,8,64,64,18,71,64,0,19,19,59,60,6.401,242,1,35.775093,-119.238625,57.257,6,600,58,3,"e00fce68e88237db75a60608",2026-09-18 07:50:03.526,2026-09-18 07:50:03.708,2026-09-18 07:50:03.708,2026-09-18
"473","8QekiVLztW","MOOSPMv3Parser",1789717801,3,3,4,5,5,4,4,5,5,4,759,187,304755,37,31,3,31,31,16,55,31,0,19,16,48,58,23.292,327,1,36.138935,-120.368401,174.057007,9,600,58,3,"e00fce6850cac69f647dc199",2026-09-18 07:50:04.691,2026-09-18 07:50:04.871,2026-09-18 07:50:04.871,2026-09-18
"474","hQymTc1p2t","MOOSPMv3Parser",1789717801,5,5,5,8,8,5,6,10,10,6,954,293,185727,56,38,6,38,38,0,0,38,1,17,18,66,64,15.97,86,1,36.433662,-119.923462,18.804001,9,600,58,3,"e00fce6876826e255108c6bd",2026-09-18 07:50:05.009,2026-09-18 07:50:05.25,2026-09-18 07:50:05.25,2026-09-18
"475","pWnciCW7If","MOOSPMv3Parser",1789717801,5,5,0,9,9,0,0,9,9,0,1294,289,0,59,0,8,0,0,18,56,0,2,19,19,57,59,18.469,170,44,36.187458,-119.821915,36.953999,7,600,58,3,"e00fce68e739ecbcf9e91965",2026-09-18 07:50:05.286,2026-09-18 07:50:05.471,2026-09-18 07:50:05.471,2026-09-18
"476","OKyF2BlbBe","MOOSPMv3Parser",1789717801,5,5,5,7,7,5,5,7,7,5,996,277,106863,43,36,2,36,36,17,64,36,0,16,18,68,61,17.148,131,3,36.523273,-119.278961,91.864998,7,600,58,3,"e00fce68f12da1a0c5de6248",2026-09-18 07:50:06.833,2026-09-18 07:50:07.04,2026-09-18 07:50:07.04,2026-09-18
"477","2yk8CHnla9","MOOSPMv3Parser",1789718400,2,2,7,6,6,8,8,6,6,8,415,313,98564,65,55,8,56,56,18,49,56,1,24,20,47,56,7.429,214,1,35.963177,-119.291847,23.974001,7,600,58,3,"e00fce68d6b773b56ce8baa0",2026-09-18 08:00:02.322,2026-09-18 08:00:02.719,2026-09-18 08:00:02.719,2026-09-18
"478","3u2DjcyKCs","MOOSPMv3Parser",1789718401,5,5,4,7,7,4,4,7,7,4,1751,288,60856,44,30,3,30,30,18,68,30,0,18,18,62,64,33.164,91,3,36.503101,-120.325386,52.362999,0,600,58,3,"e00fce68e77e43df92405fdb",2026-09-18 08:00:02.855,2026-09-18 08:00:03.162,2026-09-18 08:00:03.162,2026-09-18
"479","ZX0f2ShPbY","MOOSPMv3Parser",1789718400,9,9,7,14,14,8,8,15,15,8,1747,483,243429,90,54,7,54,54,17,68,54,0,17,18,64,61,3.794,235,1,35.949711,-119.050049,131.533005,8,600,58,3,"e00fce6808784ceaf209f949",2026-09-18 08:00:03.065,2026-09-18 08:00:03.337,2026-09-18 08:00:03.337,2026-09-18
"480","GjSj5yjHqy","MOOSPMv3Parser",1789718400,4,4,0,6,6,0,0,7,7,0,896,253,217117,42,0,3,0,0,19,51,0,0,19,20,60,57,25.139,178,3277,2.7e-05,-0.004253,18747.173828,8,600,58,3,"e00fce68e28dcbc9a589be10",2026-09-18 08:00:03.18,2026-09-18 08:00:03.365,2026-09-18 08:00:03.365,2026-09-18
"481","gyi8PQk5Zs","MOOSPMv3Parser",1789718400,0,0,2,1,1,2,2,1,1,2,256,160,46289,24,16,3,16,16,19,49,16,1,20,21,57,54,24.458,39,5,36.198692,-120.104492,65.485001,10,600,58,3,"e00fce686dc2ef0a68fa40b0",2026-09-18 08:00:02.986,2026-09-18 08:00:03.386,2026-09-18 08:00:03.386,2026-09-18
"482","EpjL9Ownnn","MOOSPMv3Parser",1789718400,10,10,10,16,16,11,11,16,16,11,2189,535,143097,110,78,8,78,78,18,72,78,0,18,19,62,61,0.149,289,1,35.775082,-119.238525,67.869003,10,600,58,3,"e00fce68e88237db75a60608",2026-09-18 08:00:03.586,2026-09-18 08:00:03.797,2026-09-18 08:00:03.797,2026-09-18
"483","DNAAOeoGPE","MOOSPMv3Parser",1789718401,5,5,5,9,9,5,5,10,10,5,1002,310,185759,59,38,7,38,38,0,0,38,0,17,18,66,64,15.744,86,1,36.433704,-119.923386,36.903,6,600,58,3,"e00fce6876826e255108c6bd",2026-09-18 08:00:04.93,2026-09-18 08:00:05.139,2026-09-18 08:00:05.139,2026-09-18
"484","laEIJ0RWhS","MOOSPMv3Parser",1789718401,3,3,4,5,5,4,4,5,5,4,720,183,304783,34,30,3,30,31,16,54,31,0,19,16,48,58,25.607,307,1,36.139023,-120.368324,173.313004,12,600,58,3,"e00fce6850cac69f647dc199",2026-09-18 08:00:04.983,2026-09-18 08:00:05.19,2026-09-18 08:00:05.19,2026-09-18
"485","Bm0Wm4XbnY","MOOSPMv3Parser",1789718401,5,5,0,8,8,0,0,9,9,0,1319,289,0,54,0,7,0,0,18,57,0,2,19,19,58,59,18.227,170,40,36.187515,-119.82206,29.628,8,600,58,3,"e00fce68e739ecbcf9e91965",2026-09-18 08:00:05.215,2026-09-18 08:00:05.409,2026-09-18 08:00:05.409,2026-09-18
"486","guXnJcO758","MOOSPMv3Parser",1789718401,5,5,4,7,7,5,5,8,8,5,1039,290,106893,48,35,2,35,35,16,65,35,0,15,17,70,61,16.668,143,3,36.523258,-119.278862,89.893997,6,600,58,3,"e00fce68f12da1a0c5de6248",2026-09-18 08:00:06.739,2026-09-18 08:00:06.936,2026-09-18 08:00:06.936,2026-09-18
"487","1aZ7Fdvh5c","MOOSPMv3Parser",1789719000,2,2,7,6,6,8,8,7,7,8,435,330,98612,67,57,9,58,58,18,49,58,1,24,20,47,56,4.163,222,1,35.963181,-119.291862,35.348,8,600,58,3,"e00fce68d6b773b56ce8baa0",2026-09-18 08:10:02.499,2026-09-18 08:10:02.67,2026-09-18 08:10:02.67,2026-09-18
"488","2KNHjmCNCf","MOOSPMv3Parser",1789719001,5,5,4,7,7,4,4,8,8,4,2001,309,60881,44,29,4,29,29,17,68,29,0,18,18,62,64,32.692,100,3,36.503124,-120.325409,50.692001,14,600,58,3,"e00fce68e77e43df92405fdb",2026-09-18 08:10:02.643,2026-09-18 08:10:02.92,2026-09-18 08:10:02.92,2026-09-18
"489","zrJTlatD60","MOOSPMv3Parser",1789719000,8,8,6,13,13,7,7,14,14,7,1686,469,243474,90,50,6,50,50,17,71,50,0,17,18,67,63,3.784,220,1,35.949768,-119.049988,131.800003,8,600,58,3,"e00fce6808784ceaf209f949",2026-09-18 08:10:02.903,2026-09-18 08:10:03.061,2026-09-18 08:10:03.061,2026-09-18
"490","RRwpRSUDam","MOOSPMv3Parser",1789719000,0,0,2,1,1,2,2,1,1,2,252,158,46303,25,16,3,17,17,19,49,17,1,19,20,58,54,24.566,35,5,36.198799,-120.1045,70.537003,12,600,58,3,"e00fce686dc2ef0a68fa40b0",2026-09-18 08:10:03.153,2026-09-18 08:10:03.36,2026-09-18 08:10:03.36,2026-09-18
"491","EjADF4qa01","MOOSPMv3Parser",1789719000,4,4,0,6,6,0,0,7,7,0,917,260,217117,45,0,3,0,0,18,51,0,0,19,20,60,58,25.522,166,3277,2.7e-05,-0.004253,18747.173828,8,600,58,3,"e00fce68e28dcbc9a589be10",2026-09-18 08:10:03.341,2026-09-18 08:10:03.541,2026-09-18 08:10:03.541,2026-09-18
"492","xRshgHDxQD","MOOSPMv3Parser",1789719000,10,10,10,16,16,10,11,16,16,11,2131,519,143160,108,74,9,75,75,17,72,75,0,18,18,62,61,0.058,286,1,35.775085,-119.23851,62.944,10,600,58,3,"e00fce68e88237db75a60608",2026-09-18 08:10:03.632,2026-09-18 08:10:03.822,2026-09-18 08:10:03.822,2026-09-18
"493","K1fFviTYqw","MOOSPMv3Parser",1789719001,4,4,5,8,8,5,5,9,9,5,896,275,185792,53,38,6,38,38,0,0,38,0,17,18,67,64,15.154,86,1,36.433636,-119.923347,41.000999,7,600,58,3,"e00fce6876826e255108c6bd",2026-09-18 08:10:04.913,2026-09-18 08:10:05.071,2026-09-18 08:10:05.071,2026-09-18
"494","Jk79fgasGc","MOOSPMv3Parser",1789719001,3,3,4,5,5,4,4,5,5,4,726,183,304812,34,30,3,30,30,15,56,30,0,19,16,50,60,24.578,309,1,36.138981,-120.368469,172.076996,7,600,58,3,"e00fce6850cac69f647dc199",2026-09-18 08:10:05.203,2026-09-18 08:10:05.349,2026-09-18 08:10:05.349,2026-09-18
"495","sCLbVd3qEZ","MOOSPMv3Parser",1789719001,5,5,0,8,8,0,0,9,9,0,1289,299,0,54,0,6,0,0,18,57,0,2,19,19,58,59,17.882,173,36,36.1875,-119.822174,25.5,9,600,58,3,"e00fce68e739ecbcf9e91965",2026-09-18 08:10:05.284,2026-09-18 08:10:05.49,2026-09-18 08:10:05.49,2026-09-18
"496","1rizbN2jNt","MOOSPMv3Parser",1789719001,5,5,5,7,7,5,5,7,7,5,1013,284,106925,48,36,2,36,36,16,65,36,0,15,17,71,61,14.78,155,3,36.523376,-119.278831,82.268997,8,600,58,3,"e00fce68f12da1a0c5de6248",2026-09-18 08:10:11.088,2026-09-18 08:10:11.256,2026-09-18 08:10:11.256,2026-09-18
"497","PPRIB56eTZ","MOOSPMv3Parser",1789719600,0,0,2,1,1,2,2,1,1,2,256,160,46317,24,17,3,17,17,19,49,17,0,19,20,58,55,24.545,40,5,36.198822,-120.104416,90.505997,8,600,58,3,"e00fce686dc2ef0a68fa40b0",2026-09-18 08:20:02.182,2026-09-18 08:20:02.32,2026-09-18 08:20:02.32,2026-09-18
"498","p6AQdFOLFE","MOOSPMv3Parser",1789719600,3,3,8,8,8,8,8,9,9,8,475,363,98663,73,61,9,61,61,18,49,61,1,24,19,47,56,4.513,220,1,35.963104,-119.291771,35.27,7,600,58,3,"e00fce68d6b773b56ce8baa0",2026-09-18 08:20:02.247,2026-09-18 08:20:02.41,2026-09-18 08:20:02.41,2026-09-18
"499","A2QMMJhZaE","MOOSPMv3Parser",1789719601,7,7,4,9,9,4,4,10,10,4,3369,438,60907,44,30,3,31,31,17,68,31,0,18,18,62,64,32.285,109,3,36.50317,-120.325394,56.737999,6,600,58,3,"e00fce68e77e43df92405fdb",2026-09-18 08:20:02.594,2026-09-18 08:20:02.805,2026-09-18 08:20:02.805,2026-09-18
"500","GWdwwhB8pl","MOOSPMv3Parser",1789719600,8,8,8,14,14,10,12,16,16,13,1682,469,243524,100,60,9,62,63,17,71,63,1,16,18,68,64,2.665,223,1,35.949429,-119.049866,111.171997,6,600,58,3,"e00fce6808784ceaf209f949",2026-09-18 08:20:02.905,2026-09-18 08:20:03.102,2026-09-18 08:20:03.102,2026-09-18
"501","xuSIfbicdh","MOOSPMv3Parser",1789719600,4,4,0,7,7,0,0,7,7,0,928,264,217117,47,0,3,0,0,18,52,0,0,19,20,60,58,25.404,157,3277,2.7e-05,-0.004253,18747.173828,8,600,58,3,"e00fce68e28dcbc9a589be10",2026-09-18 08:20:03.252,2026-09-18 08:20:03.381,2026-09-18 08:20:03.381,2026-09-18
"502","5FktIW4z4h","MOOSPMv3Parser",1789719600,9,9,9,14,14,10,10,15,15,10,2115,496,143223,100,71,8,72,72,17,74,72,1,18,18,62,62,0.047,280,1,35.775097,-119.23848,64.990997,9,600,58,3,"e00fce68e88237db75a60608",2026-09-18 08:20:03.476,2026-09-18 08:20:03.679,2026-09-18 08:20:03.679,2026-09-18
"503","baV3QpBzJl","MOOSPMv3Parser",1789719601,4,4,4,8,8,5,5,9,9,5,867,267,185823,54,35,7,35,35,0,0,35,0,16,18,68,64,15.341,86,1,36.433731,-119.923325,36.362,9,600,58,3,"e00fce6876826e255108c6bd",2026-09-18 08:20:04.989,2026-09-18 08:20:05.188,2026-09-18 08:20:05.188,2026-09-18
"504","vDrMUlG8G9","MOOSPMv3Parser",1789719601,5,5,0,8,8,0,0,9,9,0,1347,306,0,54,0,6,0,0,18,57,0,2,19,19,58,59,17.691,176,31,36.187519,-119.822151,26.584999,9,600,58,3,"e00fce68e739ecbcf9e91965",2026-09-18 08:20:05.286,2026-09-18 08:20:05.448,2026-09-18 08:20:05.448,2026-09-18
"505","GFv5K1l0hP","MOOSPMv3Parser",1789719601,3,3,4,5,5,4,4,5,5,4,757,187,304842,35,31,2,31,31,15,59,31,0,19,16,52,62,21.533,323,1,36.139011,-120.368423,172.917999,9,600,58,3,"e00fce6850cac69f647dc199",2026-09-18 08:20:05.391,2026-09-18 08:20:05.536,2026-09-18 08:20:05.536,2026-09-18
"506","5aSAM3A3yR","MOOSPMv3Parser",1789719601,5,5,4,7,7,5,5,7,7,5,965,272,106955,42,35,2,35,35,16,67,35,0,15,17,73,64,15.077,156,2,36.523369,-119.278885,99.964996,7,600,58,3,"e00fce68f12da1a0c5de6248",2026-09-18 08:20:06.727,2026-09-18 08:20:06.902,2026-09-18 08:20:06.902,2026-09-18
"507","NnfRt0pm3N","MOOSPMv3Parser",1789720200,0,0,2,1,1,2,2,1,1,2,263,167,46331,26,17,3,17,17,19,49,17,1,19,20,59,55,24.425,35,5,36.199024,-120.104431,96.668999,9,600,58,3,"e00fce686dc2ef0a68fa40b0",2026-09-18 08:30:02.496,2026-09-18 08:30:02.694,2026-09-18 08:30:02.694,2026-09-18
"508","bB3PTrPcYr","MOOSPMv3Parser",1789720200,3,3,7,7,7,8,8,7,7,8,443,338,98710,66,57,8,57,57,18,50,57,0,24,19,47,56,7.19,206,1,35.963123,-119.291801,50.779999,10,600,58,3,"e00fce68d6b773b56ce8baa0",2026-09-18 08:30:02.578,2026-09-18 08:30:02.809,2026-09-18 08:30:02.809,2026-09-18
"509","zSJBR0c1NP","MOOSPMv3Parser",1789720201,6,6,4,8,8,4,4,8,8,4,2349,344,60933,43,30,3,30,30,17,68,30,0,18,18,62,64,31.906,125,2,36.503117,-120.325386,59.973999,8,600,58,3,"e00fce68e77e43df92405fdb",2026-09-18 08:30:02.751,2026-09-18 08:30:02.905,2026-09-18 08:30:02.905,2026-09-18
"510","zgavn85VHs","MOOSPMv3Parser",1789720200,8,8,6,12,12,7,7,13,13,7,1545,429,243564,82,46,6,46,47,16,72,47,0,16,18,68,65,5.393,206,1,35.949612,-119.049904,117.658997,7,600,58,3,"e00fce6808784ceaf209f949",2026-09-18 08:30:02.983,2026-09-18 08:30:03.15,2026-09-18 08:30:03.15,2026-09-18
"511","aAIGaLvUub","MOOSPMv3Parser",1789720200,5,5,0,7,7,0,0,7,7,0,980,277,217117,46,0,4,0,0,18,52,0,0,18,19,61,58,25.091,172,3277,2.7e-05,-0.004253,18747.173828,8,600,58,3,"e00fce68e28dcbc9a589be10",2026-09-18 08:30:03.394,2026-09-18 08:30:03.591,2026-09-18 08:30:03.591,2026-09-18
"512","H0u7rwfsjb","MOOSPMv3Parser",1789720200,9,9,9,14,14,10,10,15,15,10,2019,472,143283,97,69,8,70,70,17,74,70,0,18,18,63,62,0.341,274,1,35.775047,-119.238533,66.685997,12,600,58,3,"e00fce68e88237db75a60608",2026-09-18 08:30:03.472,2026-09-18 08:30:03.637,2026-09-18 08:30:03.637,2026-09-18
"513","lZR3XpY1Y5","MOOSPMv3Parser",1789720201,3,3,4,5,5,4,4,5,5,4,754,190,304873,38,30,3,31,31,15,60,31,0,19,16,52,63,23.046,313,1,36.139011,-120.368423,172.917999,0,600,58,3,"e00fce6850cac69f647dc199",2026-09-18 08:30:04.508,2026-09-18 08:30:04.749,2026-09-18 08:30:04.749,2026-09-18
"514","GYhCDRwvOm","MOOSPMv3Parser",1789720201,4,4,5,7,7,5,5,9,9,5,844,261,185854,54,36,5,36,36,1,0,36,0,16,17,67,64,15.005,87,1,36.433666,-119.923378,39.527,7,600,58,3,"e00fce6876826e255108c6bd",2026-09-18 08:30:05.081,2026-09-18 08:30:05.261,2026-09-18 08:30:05.261,2026-09-18
"515","z1gPc2sOdY","MOOSPMv3Parser",1789720201,5,5,0,8,8,0,0,9,9,0,1264,288,0,52,0,5,0,0,18,58,0,2,19,19,59,60,17.839,172,29,36.187511,-119.821991,30.752001,9,600,58,3,"e00fce68e739ecbcf9e91965",2026-09-18 08:30:05.207,2026-09-18 08:30:05.362,2026-09-18 08:30:05.362,2026-09-18
"516","uUXrGGoWbC","MOOSPMv3Parser",1789720201,5,5,5,7,7,5,5,7,7,5,990,275,106987,43,36,3,36,36,16,68,36,0,15,17,72,64,16.02,140,1,36.523357,-119.278831,76.835999,6,600,58,3,"e00fce68f12da1a0c5de6248",2026-09-18 08:30:06.658,2026-09-18 08:30:06.785,2026-09-18 08:30:06.785,2026-09-18
"517","ybBjFX86jJ","MOOSPMv3Parser",1789720800,3,3,7,6,6,8,8,7,7,8,430,327,98759,66,58,8,58,58,18,50,58,0,24,19,47,57,8.364,202,1,35.963203,-119.291885,48.752998,8,600,58,3,"e00fce68d6b773b56ce8baa0",2026-09-18 08:40:02.259,2026-09-18 08:40:02.502,2026-09-18 08:40:02.502,2026-09-18
"518","LOhMYoYnDV","MOOSPMv3Parser",1789720800,0,0,2,1,1,3,3,2,2,3,290,189,46347,32,19,3,19,19,19,49,19,0,19,20,60,55,23.519,52,4,36.198849,-120.104378,70.872002,8,600,58,3,"e00fce686dc2ef0a68fa40b0",2026-09-18 08:40:02.762,2026-09-18 08:40:03.023,2026-09-18 08:40:03.023,2026-09-18
"519","OujZS11yup","MOOSPMv3Parser",1789720801,5,5,4,7,7,4,4,7,7,4,1750,283,60958,40,29,4,30,30,17,69,30,0,18,18,63,64,31.05,139,2,36.503124,-120.325386,52.07,6,600,58,3,"e00fce68e77e43df92405fdb",2026-09-18 08:40:02.812,2026-09-18 08:40:03.042,2026-09-18 08:40:03.042,2026-09-18
"520","fbsKHJkL85","MOOSPMv3Parser",1789720800,8,8,6,12,12,7,7,13,13,7,1520,419,243607,83,48,6,48,48,16,73,48,0,16,17,69,66,4.049,207,1,35.949471,-119.050011,108.931,10,600,58,3,"e00fce6808784ceaf209f949",2026-09-18 08:40:02.983,2026-09-18 08:40:03.218,2026-09-18 08:40:03.218,2026-09-18
"521","jsOtGHGTUR","MOOSPMv3Parser",1789720800,4,4,0,7,7,0,0,7,7,0,931,264,217117,48,0,3,0,0,18,53,0,0,18,19,62,59,25.296,179,3277,2.7e-05,-0.004253,18747.173828,8,600,58,3,"e00fce68e28dcbc9a589be10",2026-09-18 08:40:03.227,2026-09-18 08:40:03.409,2026-09-18 08:40:03.409,2026-09-18
"522","bb75NaNSSm","MOOSPMv3Parser",1789720800,9,9,9,14,14,9,10,15,15,10,2066,474,143342,101,68,9,68,68,17,75,69,0,17,18,63,63,0.848,265,1,35.775028,-119.238503,67.195999,12,600,58,3,"e00fce68e88237db75a60608",2026-09-18 08:40:03.534,2026-09-18 08:40:03.685,2026-09-18 08:40:03.685,2026-09-18
"523","hDLKHKVb7B","MOOSPMv3Parser",1789720801,3,3,4,5,5,4,4,5,5,4,777,191,304902,34,30,3,30,30,15,61,30,0,19,16,52,63,21.627,315,1,36.138973,-120.368431,165.354996,13,600,58,3,"e00fce6850cac69f647dc199",2026-09-18 08:40:04.819,2026-09-18 08:40:04.981,2026-09-18 08:40:04.981,2026-09-18
"524","A0tmuwUH1r","MOOSPMv3Parser",1789720801,4,4,4,7,7,5,5,9,9,5,864,267,185885,55,35,5,35,35,0,0,35,0,16,17,67,65,14.452,87,1,36.433666,-119.923378,39.522999,0,600,58,3,"e00fce6876826e255108c6bd",2026-09-18 08:40:04.927,2026-09-18 08:40:05.073,2026-09-18 08:40:05.073,2026-09-18
"525","qxYYcvBvzF","MOOSPMv3Parser",1789720801,5,5,0,9,9,0,0,10,10,0,1317,310,0,59,0,6,0,0,18,58,0,2,19,19,59,60,17.503,172,28,36.187519,-119.822159,16.306,10,600,58,3,"e00fce68e739ecbcf9e91965",2026-09-18 08:40:05.27,2026-09-18 08:40:05.446,2026-09-18 08:40:05.446,2026-09-18
"526","wM2MFCzgcs","MOOSPMv3Parser",1789720801,5,5,4,7,7,5,5,7,7,5,1009,283,107017,42,35,2,35,35,16,70,35,0,15,16,74,66,14.91,143,1,36.523335,-119.278793,84.622002,6,600,58,3,"e00fce68f12da1a0c5de6248",2026-09-18 08:40:06.665,2026-09-18 08:40:06.82,2026-09-18 08:40:06.82,2026-09-18
"527","pD0LirIF9s","MOOSPMv3Parser",1789721401,5,5,4,7,7,4,4,8,8,4,1759,290,60983,46,29,3,29,29,17,70,29,0,18,18,64,65,30.189,143,2,36.503151,-120.325378,54.540001,7,600,58,3,"e00fce68e77e43df92405fdb",2026-09-18 08:50:02.663,2026-09-18 08:50:02.897,2026-09-18 08:50:02.897,2026-09-18
"528","8fEjTy0CjZ","MOOSPMv3Parser",1789721400,3,3,7,6,6,7,8,7,7,8,427,324,98806,66,56,7,56,56,18,50,56,0,24,19,47,57,9.668,193,1,35.963154,-119.291763,49.778999,7,600,58,3,"e00fce68d6b773b56ce8baa0",2026-09-18 08:50:02.728,2026-09-18 08:50:02.905,2026-09-18 08:50:02.905,2026-09-18
"529","lyK3k56sVy","MOOSPMv3Parser",1789721400,9,9,8,15,15,9,9,16,16,10,1779,498,243661,102,64,8,64,65,16,73,65,0,15,17,68,65,1.428,216,1,35.949715,-119.049873,138.522003,11,600,58,3,"e00fce6808784ceaf209f949",2026-09-18 08:50:02.91,2026-09-18 08:50:03.063,2026-09-18 08:50:03.063,2026-09-18
"530","t8vwNk8kG2","MOOSPMv3Parser",1789721400,0,0,3,2,2,3,3,2,2,3,298,195,46363,36,20,4,20,20,19,50,20,1,19,20,61,56,22.637,74,4,36.198807,-120.104408,61.556999,8,600,58,3,"e00fce686dc2ef0a68fa40b0",2026-09-18 08:50:03.085,2026-09-18 08:50:03.254,2026-09-18 08:50:03.254,2026-09-18
"531","fqVkxWZKHN","MOOSPMv3Parser",1789721400,5,5,0,7,7,0,0,7,7,0,1006,282,217118,48,1,3,1,1,18,54,1,0,18,19,62,59,25.122,185,3277,2.7e-05,-0.004253,18747.173828,8,600,58,3,"e00fce68e28dcbc9a589be10",2026-09-18 08:50:03.238,2026-09-18 08:50:03.452,2026-09-18 08:50:03.452,2026-09-18
"532","OgvrSPqTgI","MOOSPMv3Parser",1789721400,9,9,8,15,15,9,9,15,15,9,2328,496,143399,98,66,10,66,66,16,75,66,0,17,17,63,63,1.274,254,1,35.775047,-119.23851,58.645,11,600,58,3,"e00fce68e88237db75a60608",2026-09-18 08:50:03.557,2026-09-18 08:50:03.723,2026-09-18 08:50:03.723,2026-09-18
"533","IogBwsHhE5","MOOSPMv3Parser",1789721401,4,4,5,8,8,5,5,9,9,5,879,271,185917,56,36,6,36,36,0,0,36,0,16,17,68,66,14.295,87,1,36.433575,-119.92334,19.264999,7,600,58,3,"e00fce6876826e255108c6bd",2026-09-18 08:50:04.925,2026-09-18 08:50:05.139,2026-09-18 08:50:05.139,2026-09-18
"534","ZzTCG1dwII","MOOSPMv3Parser",1789721401,3,3,4,5,5,4,4,6,6,4,753,188,304934,37,32,3,32,32,15,59,32,0,18,16,51,61,22.221,304,1,36.139023,-120.368446,172.751007,10,600,58,3,"e00fce6850cac69f647dc199",2026-09-18 08:50:05.143,2026-09-18 08:50:05.37,2026-09-18 08:50:05.37,2026-09-18
"535","vTiF0G3UcR","MOOSPMv3Parser",1789721401,5,5,0,8,8,0,0,9,9,0,1376,313,0,60,0,5,0,0,18,59,0,2,19,19,60,61,17.408,175,24,36.187519,-119.822159,16.309,0,600,58,3,"e00fce68e739ecbcf9e91965",2026-09-18 08:50:05.43,2026-09-18 08:50:05.606,2026-09-18 08:50:05.606,2026-09-18
"536","In5FcZCB7f","MOOSPMv3Parser",1789721401,5,5,5,7,7,5,5,8,8,5,1082,300,107049,47,37,3,37,37,16,69,37,0,14,16,75,66,13.302,134,1,36.523357,-119.27874,63.814999,7,600,58,3,"e00fce68f12da1a0c5de6248",2026-09-18 08:50:06.679,2026-09-18 08:50:06.873,2026-09-18 08:50:06.873,2026-09-18
"537","gC3wL3uI9F","MOOSPMv3Parser",1789722000,0,0,2,1,1,2,2,1,1,2,263,168,46377,27,17,3,17,17,19,50,17,0,19,20,61,56,23.279,58,4,36.198948,-120.104355,60.842999,7,600,58,3,"e00fce686dc2ef0a68fa40b0",2026-09-18 09:00:02.272,2026-09-18 09:00:02.504,2026-09-18 09:00:02.504,2026-09-18
"538","X2EOaIxLlO","MOOSPMv3Parser",1789722000,3,3,8,7,7,8,8,8,8,8,452,345,98855,70,60,9,60,60,18,51,60,1,24,19,47,58,8.571,193,1,35.963268,-119.29171,81.488998,6,600,58,3,"e00fce68d6b773b56ce8baa0",2026-09-18 09:00:02.323,2026-09-18 09:00:02.563,2026-09-18 09:00:02.563,2026-09-18
"539","gEKL6pWSia","MOOSPMv3Parser",1789722001,5,5,4,7,7,4,4,8,8,4,1759,311,61009,45,29,4,30,30,17,72,30,0,18,18,65,66,29.998,146,2,36.503105,-120.32534,51.174999,8,600,58,3,"e00fce68e77e43df92405fdb",2026-09-18 09:00:02.612,2026-09-18 09:00:03.072,2026-09-18 09:00:03.072,2026-09-18
"540","ZatpmPI6EA","MOOSPMv3Parser",1789722000,11,11,7,16,16,7,7,17,17,8,3010,602,243709,98,53,8,53,53,16,73,53,0,16,17,68,66,1.914,217,1,35.949715,-119.049873,138.518997,0,600,58,3,"e00fce6808784ceaf209f949",2026-09-18 09:00:03.045,2026-09-18 09:00:03.49,2026-09-18 09:00:03.49,2026-09-18
"541","22y17JjuaB","MOOSPMv3Parser",1789722000,5,5,0,7,7,0,0,7,7,0,973,277,217119,47,1,3,1,1,18,54,1,0,18,19,62,60,25.418,187,3277,2.7e-05,-0.004253,18747.173828,8,600,58,3,"e00fce68e28dcbc9a589be10",2026-09-18 09:00:03.246,2026-09-18 09:00:03.613,2026-09-18 09:00:03.613,2026-09-18
"542","x3X1Jk3Ncl","MOOSPMv3Parser",1789722000,9,9,9,14,14,9,9,15,15,10,2088,483,143457,96,67,8,68,68,16,76,68,0,17,17,62,63,1.582,248,1,35.775047,-119.23851,58.644001,0,600,58,3,"e00fce68e88237db75a60608",2026-09-18 09:00:03.574,2026-09-18 09:00:04.104,2026-09-18 09:00:04.104,2026-09-18
"543","yAs6M9nV1Q","MOOSPMv3Parser",1789722001,5,5,5,9,9,5,5,10,10,5,971,299,185949,60,37,8,38,38,0,0,38,0,16,17,69,67,14.874,87,1,36.433632,-119.92337,32.151001,10,600,58,3,"e00fce6876826e255108c6bd",2026-09-18 09:00:04.926,2026-09-18 09:00:05.128,2026-09-18 09:00:05.128,2026-09-18
"544","nTNVe3cSRZ","MOOSPMv3Parser",1789722001,5,5,0,9,9,0,0,10,10,0,1347,317,0,62,0,7,0,0,18,60,0,2,18,18,60,61,17.294,177,21,36.187534,-119.822052,27.575001,9,600,58,3,"e00fce68e739ecbcf9e91965",2026-09-18 09:00:05.369,2026-09-18 09:00:05.56,2026-09-18 09:00:05.56,2026-09-18
"545","QiGsRX148N","MOOSPMv3Parser",1789722001,3,3,4,5,5,4,4,5,5,4,780,191,304964,39,31,3,32,32,15,57,32,0,18,16,50,60,26.287,272,1,36.139015,-120.368393,177.358002,9,600,58,3,"e00fce6850cac69f647dc199",2026-09-18 09:00:05.613,2026-09-18 09:00:05.822,2026-09-18 09:00:05.822,2026-09-18
"546","6elpGy8HLk","MOOSPMv3Parser",1789722001,5,5,5,8,8,5,5,8,8,5,1137,316,107083,51,39,3,39,39,15,70,39,0,14,16,78,66,14.007,125,1,36.523354,-119.278694,80.289001,6,600,58,3,"e00fce68f12da1a0c5de6248",2026-09-18 09:00:06.765,2026-09-18 09:00:06.919,2026-09-18 09:00:06.919,2026-09-18
"547","VVMFHyUGxF","MOOSPMv3Parser",1789722600,0,0,2,1,1,2,2,1,1,2,253,158,46391,25,17,3,17,17,19,51,17,0,18,20,61,57,23.33,48,4,36.198818,-120.104401,80.557999,7,600,58,3,"e00fce686dc2ef0a68fa40b0",2026-09-18 09:10:02.515,2026-09-18 09:10:02.727,2026-09-18 09:10:02.727,2026-09-18
"548","Rt8lQ8lVqc","MOOSPMv3Parser",1789722600,3,3,8,7,7,8,8,7,7,8,447,339,98905,68,59,8,59,59,18,51,59,0,24,19,47,59,3.774,217,1,35.963272,-119.29171,81.487999,0,600,58,3,"e00fce68d6b773b56ce8baa0",2026-09-18 09:10:02.73,2026-09-18 09:10:02.92,2026-09-18 09:10:02.92,2026-09-18
"549","TbG3qLF9zo","MOOSPMv3Parser",1789722600,17,16,7,22,22,7,7,23,23,7,5566,997,243756,90,51,6,52,52,16,74,52,0,16,17,68,67,2.77,210,1,35.949558,-119.04995,114.495003,8,600,58,3,"e00fce6808784ceaf209f949",2026-09-18 09:10:02.91,2026-09-18 09:10:03.133,2026-09-18 09:10:03.133,2026-09-18
"550","TPBR5bMrrv","MOOSPMv3Parser",1789722601,5,5,4,7,7,4,4,7,7,4,1766,296,61034,46,29,2,30,30,-10,-10,30,0,17,18,65,66,29.53,148,2,36.503227,-120.325394,55.214001,9,600,58,3,"e00fce68e77e43df92405fdb",2026-09-18 09:10:03.01,2026-09-18 09:10:03.199,2026-09-18 09:10:03.199,2026-09-18
"551","7EaRLG4iTV","MOOSPMv3Parser",1789722600,5,5,0,8,8,0,0,8,8,0,1033,296,217119,51,1,4,1,1,18,55,1,0,18,19,62,60,25.487,183,3277,2.7e-05,-0.004253,18747.173828,8,600,58,3,"e00fce68e28dcbc9a589be10",2026-09-18 09:10:03.224,2026-09-18 09:10:03.421,2026-09-18 09:10:03.421,2026-09-18
"552","k4yqMQB92I","MOOSPMv3Parser",1789722600,9,9,9,15,15,9,9,16,16,9,2187,503,143516,104,68,9,68,68,16,76,68,0,17,17,62,63,3.689,241,1,35.775089,-119.238503,68.974998,10,600,58,3,"e00fce68e88237db75a60608",2026-09-18 09:10:03.703,2026-09-18 09:10:03.876,2026-09-18 09:10:03.876,2026-09-18
"553","30goyv8k43","MOOSPMv3Parser",1789722601,3,3,4,5,5,4,4,5,5,4,772,190,304995,34,31,3,31,31,15,58,31,0,18,16,51,60,26.592,259,1,36.139023,-120.368408,191.654007,9,600,58,3,"e00fce6850cac69f647dc199",2026-09-18 09:10:04.433,2026-09-18 09:10:04.589,2026-09-18 09:10:04.589,2026-09-18
"554","7EICtlNVo6","MOOSPMv3Parser",1789722601,5,5,5,8,8,5,5,10,10,5,951,293,185981,60,37,7,38,38,0,0,38,0,16,17,70,68,15.057,87,1,36.433659,-119.92334,37.224998,11,600,58,3,"e00fce6876826e255108c6bd",2026-09-18 09:10:05.007,2026-09-18 09:10:05.174,2026-09-18 09:10:05.174,2026-09-18
"555","XC6LaQ9QA6","MOOSPMv3Parser",1789722601,6,6,0,9,9,0,0,10,10,0,1444,337,0,55,0,6,0,0,18,61,0,2,18,18,61,62,17.256,181,18,36.187565,-119.822121,33.646,8,600,58,3,"e00fce68e739ecbcf9e91965",2026-09-18 09:10:05.845,2026-09-18 09:10:06.042,2026-09-18 09:10:06.042,2026-09-18
"556","MtEt36owVN","MOOSPMv3Parser",1789722601,6,6,5,8,8,5,5,9,9,5,1217,338,107118,50,41,3,41,41,15,72,41,0,14,16,78,68,12.743,135,1,36.523296,-119.278839,85.314003,4,600,58,3,"e00fce68f12da1a0c5de6248",2026-09-18 09:10:06.769,2026-09-18 09:10:06.981,2026-09-18 09:10:06.981,2026-09-18
"557","yEaOdGT99K","MOOSPMv3Parser",1789723200,0,0,2,1,1,2,2,1,1,2,269,170,46405,27,17,3,17,17,18,51,17,0,18,20,61,57,22.695,68,4,36.198818,-120.104401,80.561996,0,600,58,3,"e00fce686dc2ef0a68fa40b0",2026-09-18 09:20:02.189,2026-09-18 09:20:02.377,2026-09-18 09:20:02.377,2026-09-18
"558","aGcpqwRsf9","MOOSPMv3Parser",1789723200,2,2,7,6,6,8,8,7,7,8,432,328,98953,66,57,8,58,58,18,51,58,0,24,18,47,59,6.873,210,1,35.963181,-119.291794,40.951,9,600,58,3,"e00fce68d6b773b56ce8baa0",2026-09-18 09:20:02.256,2026-09-18 09:20:02.476,2026-09-18 09:20:02.476,2026-09-18
"559","pF3Rkg9uUx","MOOSPMv3Parser",1789723201,5,5,4,7,7,4,4,8,8,4,1762,305,61060,45,29,3,29,29,17,72,29,0,17,17,66,66,28.887,168,2,36.503307,-120.325424,77.579002,8,600,58,3,"e00fce68e77e43df92405fdb",2026-09-18 09:20:02.71,2026-09-18 09:20:02.973,2026-09-18 09:20:02.973,2026-09-18
"560","lgNFOSn1M3","MOOSPMv3Parser",1789723200,20,17,7,25,23,7,7,26,25,8,6228,1165,243802,93,52,7,53,53,16,75,53,0,16,17,68,68,1.622,212,1,35.949673,-119.050003,109.429001,8,600,58,3,"e00fce6808784ceaf209f949",2026-09-18 09:20:02.911,2026-09-18 09:20:03.305,2026-09-18 09:20:03.305,2026-09-18
"561","P47q5TSp9c","MOOSPMv3Parser",1789723200,4,4,0,7,7,0,0,7,7,0,987,280,217120,49,2,3,3,3,18,56,3,0,18,19,63,61,25.275,185,3277,2.7e-05,-0.004253,18747.173828,8,600,58,3,"e00fce68e28dcbc9a589be10",2026-09-18 09:20:03.235,2026-09-18 09:20:03.513,2026-09-18 09:20:03.513,2026-09-18
"562","H5O0XjMQPf","MOOSPMv3Parser",1789723200,9,9,9,16,16,10,10,16,16,10,2209,517,143580,104,73,10,74,74,16,75,74,0,17,17,62,63,4.483,232,1,35.775013,-119.238541,65.463997,11,600,58,3,"e00fce68e88237db75a60608",2026-09-18 09:20:03.464,2026-09-18 09:20:03.655,2026-09-18 09:20:03.655,2026-09-18
"563","ZoXLH7JM25","MOOSPMv3Parser",1789723201,3,3,4,5,5,4,4,5,5,4,780,194,305027,40,31,3,31,31,15,58,31,0,18,16,51,61,26.419,250,1,36.139149,-120.368317,189.862,9,600,58,3,"e00fce6850cac69f647dc199",2026-09-18 09:20:04.817,2026-09-18 09:20:04.99,2026-09-18 09:20:04.99,2026-09-18
"564","CwxjHm0jtx","MOOSPMv3Parser",1789723201,5,5,5,9,9,5,5,10,10,5,1023,314,186014,58,38,7,39,39,1,0,39,0,16,17,72,69,15.033,87,1,36.433529,-119.923409,4.413,11,600,58,3,"e00fce6876826e255108c6bd",2026-09-18 09:20:05.014,2026-09-18 09:20:05.216,2026-09-18 09:20:05.216,2026-09-18
"565","g6pjXdtWAB","MOOSPMv3Parser",1789723201,6,6,0,9,9,0,0,10,10,0,1434,336,0,62,0,7,0,0,17,62,0,2,18,18,62,63,16.8,188,16,36.187603,-119.822021,70.249001,7,600,58,3,"e00fce68e739ecbcf9e91965",2026-09-18 09:20:05.365,2026-09-18 09:20:05.582,2026-09-18 09:20:05.582,2026-09-18
"566","slLGGGCJtw","MOOSPMv3Parser",1789723201,6,6,5,9,9,6,6,9,9,6,1234,345,107155,55,42,3,42,42,15,72,42,0,14,16,77,68,13.128,129,1,36.523308,-119.278816,82.675003,5,600,58,3,"e00fce68f12da1a0c5de6248",2026-09-18 09:20:06.921,2026-09-18 09:20:07.13,2026-09-18 09:20:07.13,2026-09-18
"567","6K3a8CX0Qa","MOOSPMv3Parser",1789723800,2,2,7,6,6,8,8,7,7,8,421,315,99001,63,58,8,58,58,18,51,58,0,24,18,47,59,8.429,199,1,35.963188,-119.291748,33.741001,8,600,58,3,"e00fce68d6b773b56ce8baa0",2026-09-18 09:30:02.739,2026-09-18 09:30:02.915,2026-09-18 09:30:02.915,2026-09-18
"568","aEPEVweqZk","MOOSPMv3Parser",1789723800,18,17,7,24,23,7,7,25,24,7,5415,1057,243849,96,52,7,52,53,16,76,53,0,15,16,69,68,1.837,211,1,35.9496,-119.049919,112.456001,8,600,58,3,"e00fce6808784ceaf209f949",2026-09-18 09:30:02.91,2026-09-18 09:30:03.086,2026-09-18 09:30:03.086,2026-09-18
"569","QIUEYU7fXb","MOOSPMv3Parser",1789723801,5,5,4,8,8,4,4,8,8,4,1805,323,61087,48,32,3,32,32,17,74,32,0,17,17,66,67,29.216,170,2,36.503223,-120.325409,69.053001,8,600,58,3,"e00fce68e77e43df92405fdb",2026-09-18 09:30:02.926,2026-09-18 09:30:03.119,2026-09-18 09:30:03.119,2026-09-18
"570","ANVtth2qpv","MOOSPMv3Parser",1789723800,0,0,2,1,1,2,2,2,2,2,265,169,46419,28,16,3,17,17,18,51,17,0,18,19,62,57,22.328,86,4,36.19883,-120.104385,97.355003,8,600,58,3,"e00fce686dc2ef0a68fa40b0",2026-09-18 09:30:03.086,2026-09-18 09:30:03.298,2026-09-18 09:30:03.298,2026-09-18
"571","F5YyEtTZJ3","MOOSPMv3Parser",1789723800,4,4,1,7,7,1,1,7,7,1,961,269,217129,49,11,3,11,11,18,56,11,0,18,19,63,61,25.538,169,3277,2.7e-05,-0.004253,18747.173828,8,600,58,3,"e00fce68e28dcbc9a589be10",2026-09-18 09:30:03.211,2026-09-18 09:30:03.373,2026-09-18 09:30:03.373,2026-09-18
"572","Icnr9bCPEy","MOOSPMv3Parser",1789723800,9,9,9,15,15,9,9,16,16,9,2158,501,143638,104,68,10,68,68,16,75,68,0,17,17,62,63,4.591,230,1,35.775085,-119.23851,57.282001,11,600,58,3,"e00fce68e88237db75a60608",2026-09-18 09:30:03.543,2026-09-18 09:30:03.739,2026-09-18 09:30:03.739,2026-09-18
"573","U4Frfs8aGj","MOOSPMv3Parser",1789723801,5,5,5,10,10,6,6,11,11,6,1074,328,186050,67,41,8,41,42,1,1,42,0,16,17,72,70,15.071,87,1,36.433613,-119.923317,20.24,8,600,58,3,"e00fce6876826e255108c6bd",2026-09-18 09:30:05.003,2026-09-18 09:30:05.195,2026-09-18 09:30:05.195,2026-09-18
"574","79P5mNIGGD","MOOSPMv3Parser",1789723801,3,3,4,5,5,4,4,5,5,4,777,194,305058,39,30,3,30,30,15,61,30,0,18,15,53,63,24.265,259,1,36.139065,-120.368378,185.309006,10,600,58,3,"e00fce6850cac69f647dc199",2026-09-18 09:30:05.136,2026-09-18 09:30:05.323,2026-09-18 09:30:05.323,2026-09-18
"575","EChmYnj1Yl","MOOSPMv3Parser",1789723801,6,6,0,10,10,0,0,11,11,0,1441,339,0,60,0,9,0,0,17,64,0,2,18,18,63,64,16.678,196,15,36.187618,-119.822212,37.23,8,600,58,3,"e00fce68e739ecbcf9e91965",2026-09-18 09:30:05.367,2026-09-18 09:30:05.545,2026-09-18 09:30:05.545,2026-09-18
"576","L6Z3v3iDsP","MOOSPMv3Parser",1789723801,6,6,5,8,8,6,6,9,9,6,1143,322,107191,52,42,3,42,42,15,72,42,0,15,16,74,69,15.511,153,1,36.523235,-119.278847,64.265999,7,600,58,3,"e00fce68f12da1a0c5de6248",2026-09-18 09:30:06.775,2026-09-18 09:30:06.958,2026-09-18 09:30:06.958,2026-09-18
"577","CO4IlxEn0w","MOOSPMv3Parser",1789724400,0,0,2,1,1,2,2,1,1,2,267,168,46433,27,16,3,16,16,18,51,16,0,18,19,62,58,22.246,80,3,36.198792,-120.104538,51.825001,9,600,58,3,"e00fce686dc2ef0a68fa40b0",2026-09-18 09:40:02.194,2026-09-18 09:40:02.42,2026-09-18 09:40:02.42,2026-09-18
"578","1eoQjhXGBG","MOOSPMv3Parser",1789724400,3,3,7,7,7,8,8,7,7,8,437,333,99050,68,59,8,59,59,17,52,59,0,24,18,47,60,8.647,196,1,35.963158,-119.291893,21.358999,9,600,58,3,"e00fce68d6b773b56ce8baa0",2026-09-18 09:40:02.419,2026-09-18 09:40:02.634,2026-09-18 09:40:02.634,2026-09-18
"579","kqfAUCta3j","MOOSPMv3Parser",1789724401,5,5,4,8,8,4,4,8,8,4,1787,320,61112,48,29,4,29,29,16,75,29,0,17,17,66,67,30.302,153,2,36.503212,-120.325363,50.268002,6,600,58,3,"e00fce68e77e43df92405fdb",2026-09-18 09:40:02.826,2026-09-18 09:40:03.124,2026-09-18 09:40:03.124,2026-09-18
"580","XfgxEvnkFU","MOOSPMv3Parser",1789724400,12,12,7,18,17,7,7,19,19,7,3230,698,243897,95,54,7,54,54,16,77,54,0,15,16,70,69,2.374,207,1,35.94957,-119.049942,110.804001,8,600,58,3,"e00fce6808784ceaf209f949",2026-09-18 09:40:02.983,2026-09-18 09:40:03.194,2026-09-18 09:40:03.194,2026-09-18
"581","fYBZxlJIVe","MOOSPMv3Parser",1789724400,5,5,2,7,7,2,2,7,7,2,981,279,217145,50,18,3,18,18,18,56,18,0,18,19,63,61,25.613,155,3277,2.7e-05,-0.004253,18747.173828,8,600,58,3,"e00fce68e28dcbc9a589be10",2026-09-18 09:40:03.176,2026-09-18 09:40:03.434,2026-09-18 09:40:03.434,2026-09-18
"582","12ikVHh3hN","MOOSPMv3Parser",1789724400,9,9,9,15,15,9,9,16,16,9,2078,499,143698,101,68,9,68,68,16,76,68,0,17,17,62,64,5.284,225,1,35.775024,-119.238556,58.776001,11,600,58,3,"e00fce68e88237db75a60608",2026-09-18 09:40:03.53,2026-09-18 09:40:03.728,2026-09-18 09:40:03.728,2026-09-18
"583","vRGJZDktkd","MOOSPMv3Parser",1789724401,6,6,5,9,9,6,6,11,11,6,1080,332,186087,64,43,5,43,43,0,0,43,0,16,17,72,70,15.034,87,1,36.433594,-119.923355,25.035999,9,600,58,3,"e00fce6876826e255108c6bd",2026-09-18 09:40:05.186,2026-09-18 09:40:05.385,2026-09-18 09:40:05.385,2026-09-18
"584","qwydAmWUPP","MOOSPMv3Parser",1789724401,3,3,4,5,5,4,4,6,6,4,811,200,305089,37,30,3,31,31,15,62,31,0,18,15,53,64,21.467,269,1,36.138969,-120.368439,165.212006,10,600,58,3,"e00fce6850cac69f647dc199",2026-09-18 09:40:05.442,2026-09-18 09:40:05.654,2026-09-18 09:40:05.654,2026-09-18
"585","ccEYFArKdy","MOOSPMv3Parser",1789724401,6,6,0,9,9,0,0,10,10,0,1392,330,0,61,0,6,0,0,17,65,0,2,18,18,64,65,17.03,189,14,36.187546,-119.822128,24.722,7,600,58,3,"e00fce68e739ecbcf9e91965",2026-09-18 09:40:05.519,2026-09-18 09:40:05.661,2026-09-18 09:40:05.661,2026-09-18
"586","M8lqvud3LF","MOOSPMv3Parser",1789724401,6,6,5,8,8,6,6,9,9,6,1183,331,107228,57,42,4,42,42,15,72,42,0,16,16,70,68,15.82,195,2,36.523308,-119.278641,75.342003,6,600,58,3,"e00fce68f12da1a0c5de6248",2026-09-18 09:40:06.864,2026-09-18 09:40:07.081,2026-09-18 09:40:07.081,2026-09-18
"587","ahgkxWZ1Ky","MOOSPMv3Parser",1789725000,0,0,2,1,1,2,2,1,1,2,260,163,46446,26,16,2,16,16,18,51,16,0,18,19,62,58,22.19,92,3,36.198895,-120.104683,35.099998,8,600,58,3,"e00fce686dc2ef0a68fa40b0",2026-09-18 09:50:02.522,2026-09-18 09:50:02.751,2026-09-18 09:50:02.751,2026-09-18
"588","3Tgx4YWWg6","MOOSPMv3Parser",1789725000,3,3,8,8,8,9,9,9,9,9,478,367,99104,75,64,10,65,65,17,52,65,0,24,18,47,61,6.394,203,1,35.963211,-119.291779,36.894001,7,600,58,3,"e00fce68d6b773b56ce8baa0",2026-09-18 09:50:02.573,2026-09-18 09:50:02.866,2026-09-18 09:50:02.866,2026-09-18
"589","tLLLKDHoTF","MOOSPMv3Parser",1789725001,5,5,4,8,8,4,4,8,8,4,1783,318,61137,47,29,3,30,30,-10,-10,30,0,17,17,66,68,30.855,137,2,36.503212,-120.325363,50.268002,0,600,58,3,"e00fce68e77e43df92405fdb",2026-09-18 09:50:02.699,2026-09-18 09:50:02.999,2026-09-18 09:50:02.999,2026-09-18
"590","dTGZAuvF7C","MOOSPMv3Parser",1789725000,9,9,7,14,14,7,7,15,15,7,1689,471,243944,91,52,8,52,52,15,77,52,0,15,16,70,68,2.8,202,1,35.949604,-119.050049,116.178001,10,600,58,3,"e00fce6808784ceaf209f949",2026-09-18 09:50:02.976,2026-09-18 09:50:03.211,2026-09-18 09:50:03.211,2026-09-18
"591","6ZV1RWnzcd","MOOSPMv3Parser",1789725000,5,5,3,7,7,3,4,7,7,4,959,276,217163,50,23,3,23,23,18,57,23,1,18,19,64,62,25.577,148,3277,2.7e-05,-0.004253,18747.173828,8,600,58,3,"e00fce68e28dcbc9a589be10",2026-09-18 09:50:03.225,2026-09-18 09:50:03.435,2026-09-18 09:50:03.435,2026-09-18
"592","KVIGuWWVpn","MOOSPMv3Parser",1789725000,9,9,8,14,14,9,9,15,15,9,2003,478,143754,98,65,8,65,65,16,76,65,0,17,17,62,64,6.14,220,1,35.77504,-119.238525,66.281998,12,600,58,3,"e00fce68e88237db75a60608",2026-09-18 09:50:03.472,2026-09-18 09:50:03.658,2026-09-18 09:50:03.658,2026-09-18
"593","R1eAaACRVz","MOOSPMv3Parser",1789725001,6,6,6,10,10,6,6,11,11,6,1116,345,186125,67,44,6,44,44,0,0,44,0,16,16,73,71,14.691,87,1,36.433781,-119.923439,26.57,8,600,58,3,"e00fce6876826e255108c6bd",2026-09-18 09:50:04.927,2026-09-18 09:50:05.131,2026-09-18 09:50:05.131,2026-09-18
"594","OaIERAuJjK","MOOSPMv3Parser",1789725001,6,6,0,10,10,0,0,11,11,0,1413,329,0,64,0,8,0,0,17,66,0,2,18,18,64,65,17.254,178,13,36.187637,-119.822136,39.959,7,600,58,3,"e00fce68e739ecbcf9e91965",2026-09-18 09:50:05.361,2026-09-18 09:50:05.624,2026-09-18 09:50:05.624,2026-09-18
"595","HBItZGJ54i","MOOSPMv3Parser",1789725001,3,3,4,5,5,4,4,5,5,4,778,190,305116,37,29,3,29,29,14,60,29,0,18,15,52,62,23.57,264,1,36.138958,-120.368423,166.490005,10,600,58,3,"e00fce6850cac69f647dc199",2026-09-18 09:50:05.699,2026-09-18 09:50:05.938,2026-09-18 09:50:05.938,2026-09-18
"596","9Jse8d5TTp","MOOSPMv3Parser",1789725001,6,6,5,8,8,5,5,9,9,5,1166,326,107263,54,40,3,40,40,16,72,40,0,16,16,71,68,14.979,202,2,36.523369,-119.278801,71.304001,6,600,58,3,"e00fce68f12da1a0c5de6248",2026-09-18 09:50:06.776,2026-09-18 09:50:06.958,2026-09-18 09:50:06.958,2026-09-18
"597","28VFPQD2qa","MOOSPMv3Parser",1789725600,3,3,8,8,8,9,9,9,9,9,449,343,99158,70,65,9,65,65,17,53,65,0,24,18,47,62,7.164,205,1,35.963139,-119.291832,42.144001,6,600,58,3,"e00fce68d6b773b56ce8baa0",2026-09-18 10:00:02.238,2026-09-18 10:00:02.661,2026-09-18 10:00:02.661,2026-09-18
"598","uaUDkdsV7L","MOOSPMv3Parser",1789725601,5,5,4,8,8,4,4,9,9,4,1805,324,61164,54,30,4,30,30,16,76,30,0,17,17,67,68,30.639,138,2,36.503166,-120.325348,38.713001,8,600,58,3,"e00fce68e77e43df92405fdb",2026-09-18 10:00:02.663,2026-09-18 10:00:03.237,2026-09-18 10:00:03.237,2026-09-18
"599","DkG8IIAL7s","MOOSPMv3Parser",1789725600,0,0,2,1,1,2,2,1,1,2,269,170,46459,27,16,3,16,16,18,51,16,1,18,19,63,58,21.214,111,3,36.198963,-120.104515,57.549999,6,600,58,3,"e00fce686dc2ef0a68fa40b0",2026-09-18 10:00:02.979,2026-09-18 10:00:03.608,2026-09-18 10:00:03.608,2026-09-18
"600","AEyFYDWFRe","MOOSPMv3Parser",1789725600,5,5,3,7,7,4,4,7,7,4,988,283,217185,51,25,3,25,25,18,58,25,1,18,19,64,62,25.712,144,3277,2.7e-05,-0.004253,18747.173828,8,600,58,3,"e00fce68e28dcbc9a589be10",2026-09-18 10:00:03.16,2026-09-18 10:00:03.726,2026-09-18 10:00:03.726,2026-09-18
"601","g8HWGa3zfv","MOOSPMv3Parser",1789725600,9,9,7,13,13,7,7,15,15,7,1728,470,243991,91,52,8,52,52,15,77,52,0,15,16,71,69,2.731,200,1,35.949806,-119.049805,142.751007,7,600,58,3,"e00fce6808784ceaf209f949",2026-09-18 10:00:02.91,2026-09-18 10:00:03.747,2026-09-18 10:00:03.747,2026-09-18
"602","Ec9Dz0p4n3","MOOSPMv3Parser",1789725600,8,8,8,12,12,8,8,13,13,8,1871,432,143805,87,59,6,59,59,16,78,59,0,17,17,64,65,4.821,221,1,35.775097,-119.238487,57.997002,10,600,58,3,"e00fce68e88237db75a60608",2026-09-18 10:00:03.551,2026-09-18 10:00:03.833,2026-09-18 10:00:03.833,2026-09-18
"603","2nUfrqE5Dy","MOOSPMv3Parser",1789725601,3,3,4,5,5,4,4,5,5,4,750,185,305146,37,30,3,31,31,14,60,31,0,18,15,53,62,25.738,247,1,36.139065,-120.368401,176.869995,10,600,58,3,"e00fce6850cac69f647dc199",2026-09-18 10:00:04.732,2026-09-18 10:00:05.057,2026-09-18 10:00:05.057,2026-09-18
"604","3l3FnUKoIM","MOOSPMv3Parser",1789725601,5,5,5,8,8,6,6,10,10,6,1004,309,186160,59,41,7,41,41,0,0,41,0,15,16,74,71,14.981,88,1,36.433651,-119.92334,25.628,14,600,58,3,"e00fce6876826e255108c6bd",2026-09-18 10:00:04.935,2026-09-18 10:00:05.164,2026-09-18 10:00:05.164,2026-09-18
"605","3cG6nQBL7h","MOOSPMv3Parser",1789725601,6,6,0,10,10,0,0,11,11,0,1429,337,0,64,0,7,0,0,17,66,0,2,18,18,65,65,16.77,182,12,36.187698,-119.822479,21.174999,7,600,58,3,"e00fce68e739ecbcf9e91965",2026-09-18 10:00:05.366,2026-09-18 10:00:05.588,2026-09-18 10:00:05.588,2026-09-18
"606","VOBv6s1lh5","MOOSPMv3Parser",1789725601,6,6,5,8,8,5,5,9,9,5,1222,336,107298,55,40,3,40,40,16,71,40,0,15,16,73,67,15.29,231,1,36.523426,-119.278847,87.223,6,600,58,3,"e00fce68f12da1a0c5de6248",2026-09-18 10:00:12.588,2026-09-18 10:00:12.798,2026-09-18 10:00:12.798,2026-09-18
"607","lbr7TNn5zj","MOOSPMv3Parser",1789726200,3,3,8,8,8,9,9,9,9,9,453,346,99213,73,65,9,65,65,17,53,65,0,24,17,47,63,7.121,205,1,35.963188,-119.291824,42.283001,8,600,58,3,"e00fce68d6b773b56ce8baa0",2026-09-18 10:10:02.73,2026-09-18 10:10:02.943,2026-09-18 10:10:02.943,2026-09-18
"608","UaN7Vw13uQ","MOOSPMv3Parser",1789726201,5,5,4,8,8,4,4,8,8,4,1801,319,61190,46,30,3,30,30,16,76,30,0,17,17,67,68,29.842,146,2,36.503117,-120.325386,37.435001,8,600,58,3,"e00fce68e77e43df92405fdb",2026-09-18 10:10:02.776,2026-09-18 10:10:03.117,2026-09-18 10:10:03.117,2026-09-18
"609","MH0GZXxcRr","MOOSPMv3Parser",1789726200,9,9,7,15,15,8,8,16,16,8,1831,506,244039,101,56,8,56,56,15,78,56,0,15,16,70,69,2.782,201,1,35.949638,-119.050018,107.153,8,600,58,3,"e00fce6808784ceaf209f949",2026-09-18 10:10:03.051,2026-09-18 10:10:03.293,2026-09-18 10:10:03.293,2026-09-18
"610","j8l2ApI4bk","MOOSPMv3Parser",1789726200,0,0,2,1,1,2,2,1,1,2,276,176,46473,28,16,3,16,16,18,52,16,1,18,19,64,58,20.252,177,3,36.199146,-120.104836,-6.045,5,600,58,3,"e00fce686dc2ef0a68fa40b0",2026-09-18 10:10:03.094,2026-09-18 10:10:03.338,2026-09-18 10:10:03.338,2026-09-18
"611","usOQlHRckx","MOOSPMv3Parser",1789726200,5,5,3,7,7,3,4,8,8,4,970,278,217207,50,25,3,25,25,18,58,25,0,18,19,64,62,25.47,148,3277,2.7e-05,-0.004253,18747.173828,8,600,58,3,"e00fce68e28dcbc9a589be10",2026-09-18 10:10:03.229,2026-09-18 10:10:03.418,2026-09-18 10:10:03.418,2026-09-18
"612","wez3GojOuP","MOOSPMv3Parser",1789726200,6,6,7,11,11,7,7,12,12,7,1605,368,143850,73,51,9,52,52,16,80,52,0,16,16,67,67,4.797,220,1,35.775051,-119.238525,70.024002,8,600,58,3,"e00fce68e88237db75a60608",2026-09-18 10:10:03.574,2026-09-18 10:10:03.801,2026-09-18 10:10:03.801,2026-09-18
"613","6bzNsBEXnG","MOOSPMv3Parser",1789726201,5,5,5,8,8,6,6,10,10,6,959,295,186195,58,41,6,41,41,0,0,41,0,15,16,75,71,15.143,88,1,36.433655,-119.92337,28.160999,7,600,58,3,"e00fce6876826e255108c6bd",2026-09-18 10:10:05.085,2026-09-18 10:10:05.308,2026-09-18 10:10:05.308,2026-09-18
"614","Yf64G6GzNX","MOOSPMv3Parser",1789726201,3,3,4,5,5,4,4,5,5,4,760,188,305176,38,31,2,31,31,14,62,31,0,17,15,53,64,25.382,251,1,36.13903,-120.36837,180.033005,7,600,58,3,"e00fce6850cac69f647dc199",2026-09-18 10:10:05.299,2026-09-18 10:10:05.536,2026-09-18 10:10:05.536,2026-09-18
"615","uIlEVzpixh","MOOSPMv3Parser",1789726201,6,6,0,9,9,0,0,10,10,0,1443,338,0,60,0,6,0,0,17,67,0,2,17,18,66,65,15.838,200,9,36.187572,-119.822357,-18.702,5,600,58,3,"e00fce68e739ecbcf9e91965",2026-09-18 10:10:05.366,2026-09-18 10:10:05.543,2026-09-18 10:10:05.543,2026-09-18
"616","6MNcE91jfs","MOOSPMv3Parser",1789726201,6,6,5,8,8,5,5,9,9,5,1183,333,107334,56,40,3,41,41,16,71,41,0,16,16,71,67,16.584,207,1,36.52338,-119.278839,82.080002,6,600,58,3,"e00fce68f12da1a0c5de6248",2026-09-18 10:10:06.909,2026-09-18 10:10:07.226,2026-09-18 10:10:07.226,2026-09-18
"617","wOa6Acaiwi","MOOSPMv3Parser",1789726800,0,0,2,1,1,2,2,2,2,2,287,188,46487,31,17,3,17,17,18,52,17,0,17,19,65,58,19.723,202,2,36.198997,-120.104622,37.041,5,600,58,3,"e00fce686dc2ef0a68fa40b0",2026-09-18 10:20:02.174,2026-09-18 10:20:02.42,2026-09-18 10:20:02.42,2026-09-18
"618","8jUPmCPPMN","MOOSPMv3Parser",1789726800,3,3,9,8,8,9,9,9,9,9,463,354,99271,74,69,10,69,69,17,54,69,0,24,17,47,63,7.374,205,1,35.96315,-119.291801,48.167999,12,600,58,3,"e00fce68d6b773b56ce8baa0",2026-09-18 10:20:02.33,2026-09-18 10:20:02.506,2026-09-18 10:20:02.506,2026-09-18
"619","7dnbtrjQnd","MOOSPMv3Parser",1789726801,5,5,4,8,8,4,4,9,9,4,1818,320,61216,51,31,4,31,31,16,77,31,0,17,17,67,68,30.107,146,2,36.50309,-120.325356,45.042,9,600,58,3,"e00fce68e77e43df92405fdb",2026-09-18 10:20:02.685,2026-09-18 10:20:02.864,2026-09-18 10:20:02.864,2026-09-18
"620","8xvWfS9t7C","MOOSPMv3Parser",1789726800,9,9,7,14,14,7,8,15,15,8,1783,495,244087,98,54,7,54,54,15,77,54,0,14,15,70,68,1.891,202,1,35.949562,-119.049957,111.975998,11,600,58,3,"e00fce6808784ceaf209f949",2026-09-18 10:20:02.976,2026-09-18 10:20:03.157,2026-09-18 10:20:03.157,2026-09-18
"621","LFMAna1iTu","MOOSPMv3Parser",1789726800,5,5,4,8,8,4,4,9,9,4,1011,284,217231,55,28,4,28,28,18,58,28,0,18,19,64,62,25.349,158,3277,2.7e-05,-0.004253,18747.173828,8,600,58,3,"e00fce68e28dcbc9a589be10",2026-09-18 10:20:03.25,2026-09-18 10:20:03.435,2026-09-18 10:20:03.435,2026-09-18
"622","nejDYimiR2","MOOSPMv3Parser",1789726800,6,6,7,11,11,7,7,11,11,8,1617,373,143896,76,52,6,53,53,16,80,53,1,16,16,66,66,0.936,223,1,35.775082,-119.238487,69.001999,11,600,58,3,"e00fce68e88237db75a60608",2026-09-18 10:20:03.618,2026-09-18 10:20:03.841,2026-09-18 10:20:03.841,2026-09-18
"623","6VMHR2XLQN","MOOSPMv3Parser",1789726801,5,5,5,9,9,6,6,10,10,6,992,305,186232,61,42,7,43,43,0,0,43,0,15,16,76,72,14.99,88,1,36.433594,-119.923355,48.703999,9,600,58,3,"e00fce6876826e255108c6bd",2026-09-18 10:20:04.933,2026-09-18 10:20:05.123,2026-09-18 10:20:05.123,2026-09-18
"624","rAvxdlMy7O","MOOSPMv3Parser",1789726801,6,6,0,9,9,0,0,11,11,0,1407,336,0,66,0,6,0,0,17,67,0,2,17,17,66,65,15.501,206,6,36.187504,-119.822136,32.418999,13,600,58,3,"e00fce68e739ecbcf9e91965",2026-09-18 10:20:05.295,2026-09-18 10:20:05.473,2026-09-18 10:20:05.473,2026-09-18
"625","ggcS3AjEkD","MOOSPMv3Parser",1789726801,3,3,4,5,5,4,4,6,6,4,771,191,305204,41,30,3,30,30,14,63,30,0,17,15,54,64,23.902,260,1,36.13903,-120.36837,180.035995,0,600,58,3,"e00fce6850cac69f647dc199",2026-09-18 10:20:05.525,2026-09-18 10:20:05.782,2026-09-18 10:20:05.782,2026-09-18
"626","4X6tNi1MnD","MOOSPMv3Parser",1789726801,6,6,5,8,8,5,5,9,9,5,1168,326,107368,51,39,3,39,40,15,72,40,0,14,16,75,68,14.313,165,1,36.52335,-119.278778,80.109001,6,600,58,3,"e00fce68f12da1a0c5de6248",2026-09-18 10:20:06.74,2026-09-18 10:20:06.946,2026-09-18 10:20:06.946,2026-09-18
"627","JHQRQaKGwd","MOOSPMv3Parser",1789727400,0,0,2,1,1,2,2,1,1,2,285,186,46500,30,16,3,16,16,18,52,16,0,17,19,65,58,19.303,216,2,36.198864,-120.104446,73.655998,5,600,58,3,"e00fce686dc2ef0a68fa40b0",2026-09-18 10:30:02.435,2026-09-18 10:30:02.646,2026-09-18 10:30:02.646,2026-09-18
"628","ZxutFWoBHs","MOOSPMv3Parser",1789727400,4,4,11,11,11,11,11,13,13,11,511,399,99506,90,83,13,83,83,16,54,83,1,24,17,47,64,7.197,208,1,35.963116,-119.291748,62.624001,11,599,58,3,"e00fce68d6b773b56ce8baa0",2026-09-18 10:30:02.566,2026-09-18 10:30:02.778,2026-09-18 10:30:02.778,2026-09-18
"629","AdhooQ4PMy","MOOSPMv3Parser",1789727401,5,5,4,8,8,4,4,8,8,4,1825,323,61243,46,31,4,31,31,16,77,31,0,17,17,67,69,30.52,141,2,36.503132,-120.325424,50.845001,9,600,58,3,"e00fce68e77e43df92405fdb",2026-09-18 10:30:02.739,2026-09-18 10:30:02.995,2026-09-18 10:30:02.995,2026-09-18
"630","7ETYeHmijM","MOOSPMv3Parser",1789727400,9,9,7,14,14,7,7,16,16,7,1798,501,244135,97,54,7,54,54,15,78,54,0,14,15,71,70,1.832,202,1,35.94957,-119.049973,109.737999,8,600,58,3,"e00fce6808784ceaf209f949",2026-09-18 10:30:02.916,2026-09-18 10:30:03.099,2026-09-18 10:30:03.099,2026-09-18
"631","nx4JLiA4tL","MOOSPMv3Parser",1789727400,5,5,4,8,8,5,5,8,8,5,1010,285,217256,53,31,4,31,31,18,59,31,1,18,18,64,62,25.667,145,3277,2.7e-05,-0.004253,18747.173828,8,600,58,3,"e00fce68e28dcbc9a589be10",2026-09-18 10:30:03.394,2026-09-18 10:30:03.565,2026-09-18 10:30:03.565,2026-09-18
"632","y33ELCbFht","MOOSPMv3Parser",1789727400,7,7,6,11,11,7,7,11,11,7,1624,379,143937,74,48,6,48,48,16,81,48,0,16,16,66,66,3.785,211,1,35.775021,-119.238388,80.226997,9,600,58,3,"e00fce68e88237db75a60608",2026-09-18 10:30:03.613,2026-09-18 10:30:03.818,2026-09-18 10:30:03.818,2026-09-18
"633","XYdTfAsssc","MOOSPMv3Parser",1789727401,5,5,5,9,9,6,6,10,10,6,988,305,186269,62,43,7,43,43,0,0,43,0,15,16,75,73,15.089,88,1,36.433594,-119.923355,48.702999,0,600,58,3,"e00fce6876826e255108c6bd",2026-09-18 10:30:04.933,2026-09-18 10:30:05.155,2026-09-18 10:30:05.155,2026-09-18
"634","vZQKMj6SfB","MOOSPMv3Parser",1789727401,6,6,0,10,10,0,0,11,11,0,1519,354,0,65,0,6,0,0,17,68,0,2,17,17,66,66,15.293,210,5,36.187492,-119.822128,21.228001,12,600,58,3,"e00fce68e739ecbcf9e91965",2026-09-18 10:30:05.367,2026-09-18 10:30:05.531,2026-09-18 10:30:05.531,2026-09-18
"635","evqqTNNleu","MOOSPMv3Parser",1789727401,3,3,4,5,5,5,5,6,6,5,782,198,305236,40,33,3,33,33,14,64,33,0,17,14,54,65,23.023,267,1,36.13895,-120.368385,168.684006,6,600,58,3,"e00fce6850cac69f647dc199",2026-09-18 10:30:05.783,2026-09-18 10:30:05.974,2026-09-18 10:30:05.974,2026-09-18
"636","FZvefhw4wH","MOOSPMv3Parser",1789727401,6,6,5,8,8,5,5,9,9,5,1204,334,107403,55,40,3,40,40,15,72,40,0,14,16,79,68,12.709,140,1,36.523396,-119.278885,70.080002,6,600,58,3,"e00fce68f12da1a0c5de6248",2026-09-18 10:30:07.721,2026-09-18 10:30:07.9,2026-09-18 10:30:07.9,2026-09-18
"637","XsFTUahX46","MOOSPMv3Parser",1789728000,4,4,10,10,10,10,11,12,12,11,496,381,99405,83,77,11,78,78,16,54,78,1,24,17,47,64,7.224,211,1,35.9631,-119.291801,43.062,9,600,58,3,"e00fce68d6b773b56ce8baa0",2026-09-18 10:40:02.173,2026-09-18 10:40:02.373,2026-09-18 10:40:02.373,2026-09-18
"638","HiQifkILuh","MOOSPMv3Parser",1789728001,6,6,4,8,8,4,4,9,9,4,1925,336,61269,47,31,3,31,31,16,78,31,0,17,17,68,69,30.099,146,2,36.50312,-120.325409,70.614998,11,600,58,3,"e00fce68e77e43df92405fdb",2026-09-18 10:40:02.892,2026-09-18 10:40:03.101,2026-09-18 10:40:03.101,2026-09-18
"639","hdvRDBHLhe","MOOSPMv3Parser",1789728000,9,9,7,15,15,7,8,16,16,8,1812,503,244183,98,55,7,55,55,14,79,55,0,14,15,72,71,1.986,199,1,35.949585,-119.049995,123.175003,7,600,58,3,"e00fce6808784ceaf209f949",2026-09-18 10:40:02.991,2026-09-18 10:40:03.145,2026-09-18 10:40:03.145,2026-09-18
"640","OxJKY4qRRv","MOOSPMv3Parser",1789728000,0,0,2,1,1,2,2,1,1,2,293,189,46515,30,17,3,18,18,18,52,18,0,17,19,66,58,18.264,242,2,36.198887,-120.104477,73.727997,6,600,58,3,"e00fce686dc2ef0a68fa40b0",2026-09-18 10:40:02.995,2026-09-18 10:40:03.258,2026-09-18 10:40:03.258,2026-09-18
"641","556K7OJ8Lb","MOOSPMv3Parser",1789728000,5,5,4,8,8,4,5,8,8,5,1009,288,217282,52,31,4,32,32,18,59,32,1,18,18,65,63,25.247,148,3277,2.7e-05,-0.004253,18747.173828,8,600,58,3,"e00fce68e28dcbc9a589be10",2026-09-18 10:40:03.445,2026-09-18 10:40:03.637,2026-09-18 10:40:03.637,2026-09-18
"642","QcrNeGZFBt","MOOSPMv3Parser",1789728000,6,6,6,10,10,7,7,11,11,7,1557,359,143980,71,49,6,50,50,15,81,50,0,16,16,66,67,4.38,207,1,35.77507,-119.238541,62.472,6,600,58,3,"e00fce68e88237db75a60608",2026-09-18 10:40:03.625,2026-09-18 10:40:03.797,2026-09-18 10:40:03.797,2026-09-18
"643","E8FkZ7U9pv","MOOSPMv3Parser",1789728001,3,3,4,5,5,4,5,6,6,5,772,194,305268,39,32,3,32,32,14,65,32,0,17,14,55,66,25.17,251,1,36.138943,-120.368385,185.464005,8,600,58,3,"e00fce6850cac69f647dc199",2026-09-18 10:40:04.81,2026-09-18 10:40:04.997,2026-09-18 10:40:04.997,2026-09-18
"644","i5Z4uxBNsT","MOOSPMv3Parser",1789728001,5,5,5,9,9,6,6,11,11,6,1039,320,186304,69,41,7,42,42,0,0,42,0,15,16,76,74,14.988,88,1,36.433601,-119.923386,20.743,10,600,58,3,"e00fce6876826e255108c6bd",2026-09-18 10:40:04.933,2026-09-18 10:40:05.122,2026-09-18 10:40:05.122,2026-09-18
"645","zc97pnvKYc","MOOSPMv3Parser",1789728001,6,6,0,10,10,0,0,11,11,0,1437,340,0,64,0,7,0,0,17,68,0,2,17,17,67,66,15.417,206,4,36.187492,-119.822128,21.223,0,600,58,3,"e00fce68e739ecbcf9e91965",2026-09-18 10:40:05.371,2026-09-18 10:40:05.517,2026-09-18 10:40:05.517,2026-09-18
"646","Aod2u8BdaQ","MOOSPMv3Parser",1789728001,6,6,5,8,8,5,5,9,9,5,1187,329,107438,54,40,3,40,40,15,72,40,0,14,16,78,67,12.374,166,1,36.523354,-119.278847,82.529999,8,600,58,3,"e00fce68f12da1a0c5de6248",2026-09-18 10:40:06.746,2026-09-18 10:40:06.922,2026-09-18 10:40:06.922,2026-09-18
"647","o7EWjIqHcC","MOOSPMv3Parser",1789728600,3,3,9,8,8,9,9,9,9,9,447,341,99463,72,69,9,69,69,16,54,69,0,24,16,47,65,6.301,207,1,35.963104,-119.291756,60.914001,9,600,58,3,"e00fce68d6b773b56ce8baa0",2026-09-18 10:50:02.509,2026-09-18 10:50:02.854,2026-09-18 10:50:02.854,2026-09-18
"648","d0j2NNbQqH","MOOSPMv3Parser",1789728601,6,6,4,8,8,4,5,9,9,5,1949,340,61297,50,32,4,32,32,16,79,32,0,16,17,69,70,28.689,176,2,36.503063,-120.325386,55.729,7,600,58,3,"e00fce68e77e43df92405fdb",2026-09-18 10:50:02.737,2026-09-18 10:50:03.007,2026-09-18 10:50:03.007,2026-09-18
"649","lHxEM6QhSY","MOOSPMv3Parser",1789728600,9,9,7,14,14,7,7,15,15,7,1812,497,244231,93,55,7,55,55,14,81,55,0,14,15,73,71,1.503,199,1,35.949585,-119.049995,123.176003,0,600,58,3,"e00fce6808784ceaf209f949",2026-09-18 10:50:02.983,2026-09-18 10:50:03.134,2026-09-18 10:50:03.134,2026-09-18
"650","C4DoOJxJAk","MOOSPMv3Parser",1789728600,0,0,2,1,1,2,2,2,2,2,282,184,46529,29,17,3,17,17,18,52,17,0,17,19,67,59,17.125,275,2,36.198803,-120.104477,77.087997,10,600,58,3,"e00fce686dc2ef0a68fa40b0",2026-09-18 10:50:03.151,2026-09-18 10:50:03.318,2026-09-18 10:50:03.318,2026-09-18
"651","yRzE3lVfpA","MOOSPMv3Parser",1789728600,5,5,4,7,7,4,4,8,8,5,1023,292,217310,53,32,4,33,33,18,59,33,1,18,18,65,63,25.495,148,3277,2.7e-05,-0.004253,18747.173828,8,600,58,3,"e00fce68e28dcbc9a589be10",2026-09-18 10:50:03.256,2026-09-18 10:50:03.447,2026-09-18 10:50:03.447,2026-09-18
"652","EnGBWww7yO","MOOSPMv3Parser",1789728600,7,7,7,11,11,7,7,11,11,7,1641,378,144024,78,51,6,51,51,15,82,51,1,16,16,66,67,5.718,202,1,35.77507,-119.238541,62.470001,0,600,58,3,"e00fce68e88237db75a60608",2026-09-18 10:50:03.575,2026-09-18 10:50:03.718,2026-09-18 10:50:03.718,2026-09-18
"653","aCjfUpqlhk","MOOSPMv3Parser",1789728601,6,6,6,9,9,6,7,11,11,7,1106,339,186344,67,46,7,47,47,0,0,47,1,15,16,76,74,14.616,88,1,36.433605,-119.923363,33.327999,7,600,58,3,"e00fce6876826e255108c6bd",2026-09-18 10:50:04.926,2026-09-18 10:50:05.077,2026-09-18 10:50:05.077,2026-09-18
"654","U9W1SdXmzy","MOOSPMv3Parser",1789728601,3,3,4,5,5,4,4,6,6,4,761,190,305298,37,31,3,31,31,14,64,31,0,17,14,54,65,25.601,245,1,36.138981,-120.368301,176.912003,9,600,58,3,"e00fce6850cac69f647dc199",2026-09-18 10:50:05.064,2026-09-18 10:50:05.243,2026-09-18 10:50:05.243,2026-09-18
"655","rFA5tyWNjC","MOOSPMv3Parser",1789728601,5,5,0,9,9,0,0,11,11,0,1409,330,0,64,0,8,0,0,16,69,0,2,17,17,67,66,14.921,209,3,36.187489,-119.821983,21.462,10,600,58,3,"e00fce68e739ecbcf9e91965",2026-09-18 10:50:05.295,2026-09-18 10:50:05.603,2026-09-18 10:50:05.603,2026-09-18
"656","FaD13bR1O2","MOOSPMv3Parser",1789728601,6,6,5,8,8,5,5,9,9,5,1177,332,107474,52,40,3,41,41,15,73,41,0,13,16,80,70,12.409,166,1,36.523293,-119.278862,79.407997,8,600,58,3,"e00fce68f12da1a0c5de6248",2026-09-18 10:50:06.765,2026-09-18 10:50:07.007,2026-09-18 10:50:07.007,2026-09-18
"657","sqX2FqlJsz","MOOSPMv3Parser",1789729200,3,3,9,9,9,10,10,11,11,10,480,371,99524,81,73,11,74,74,16,55,74,1,24,16,47,66,6.178,209,1,35.963104,-119.291756,60.919998,0,600,58,3,"e00fce68d6b773b56ce8baa0",2026-09-18 11:00:02.174,2026-09-18 11:00:02.726,2026-09-18 11:00:02.726,2026-09-18
"658","VrBYNMHfkf","MOOSPMv3Parser",1789729200,0,0,2,1,1,2,2,1,1,2,264,170,46543,27,16,3,16,16,18,53,16,0,16,18,67,59,16.196,300,1,36.198803,-120.104477,77.091003,0,600,58,3,"e00fce686dc2ef0a68fa40b0",2026-09-18 11:00:02.195,2026-09-18 11:00:02.764,2026-09-18 11:00:02.764,2026-09-18
"659","hTLbwLYVpN","MOOSPMv3Parser",1789729200,9,9,7,15,15,7,7,16,16,7,1831,512,244279,102,54,8,55,55,14,80,55,0,14,15,72,71,1.963,197,1,35.949596,-119.049942,116.185997,6,600,58,3,"e00fce6808784ceaf209f949",2026-09-18 11:00:02.983,2026-09-18 11:00:03.337,2026-09-18 11:00:03.337,2026-09-18
"660","0FD9e4qiEV","MOOSPMv3Parser",1789729201,6,6,4,8,8,4,4,9,9,4,1975,339,61324,51,31,5,32,32,16,80,32,0,16,16,70,70,28.185,193,2,36.503067,-120.325371,44.358002,9,600,58,3,"e00fce68e77e43df92405fdb",2026-09-18 11:00:02.814,2026-09-18 11:00:03.408,2026-09-18 11:00:03.408,2026-09-18
"661","93MSYFzVhJ","MOOSPMv3Parser",1789729200,5,5,4,8,8,4,4,8,8,4,1014,289,217338,51,32,4,32,32,17,60,32,1,18,18,65,63,25.678,148,3277,2.7e-05,-0.004253,18747.173828,8,600,58,3,"e00fce68e28dcbc9a589be10",2026-09-18 11:00:03.233,2026-09-18 11:00:04.029,2026-09-18 11:00:04.029,2026-09-18
"662","qWKw5PccbU","MOOSPMv3Parser",1789729200,7,7,7,11,11,7,7,12,12,8,1661,388,144070,79,53,5,53,54,15,82,54,0,16,16,66,68,5.482,203,1,35.77507,-119.238579,53.317001,5,600,58,3,"e00fce68e88237db75a60608",2026-09-18 11:00:03.623,2026-09-18 11:00:04.18,2026-09-18 11:00:04.18,2026-09-18
"663","7wCdkhUF9F","MOOSPMv3Parser",1789729201,6,6,7,11,11,8,8,14,14,8,1136,354,186388,77,51,12,52,52,0,0,52,1,15,16,77,74,14.639,88,1,36.433521,-119.923325,32.597,7,600,58,3,"e00fce6876826e255108c6bd",2026-09-18 11:00:05.078,2026-09-18 11:00:05.342,2026-09-18 11:00:05.342,2026-09-18
"664","UUjOHx12Dl","MOOSPMv3Parser",1789729201,6,6,0,10,10,0,0,11,11,0,1493,354,0,65,0,8,0,0,16,70,0,2,16,17,68,67,14.656,222,2,36.187496,-119.821999,20.544001,10,600,58,3,"e00fce68e739ecbcf9e91965",2026-09-18 11:00:05.375,2026-09-18 11:00:05.625,2026-09-18 11:00:05.625,2026-09-18
"665","Vc3lOdhBoJ","MOOSPMv3Parser",1789729201,6,6,5,8,8,6,6,9,9,6,1180,327,107510,52,41,2,41,41,15,73,41,0,13,15,80,68,9.609,161,1,36.523293,-119.278862,79.403,0,600,58,3,"e00fce68f12da1a0c5de6248",2026-09-18 11:00:06.742,2026-09-18 11:00:07.055,2026-09-18 11:00:07.055,2026-09-18
"666","scWrgPGWYn","MOOSPMv3Parser",1789729201,3,3,4,5,5,4,4,6,6,4,752,191,305329,38,30,3,31,31,14,64,31,0,17,14,54,65,24.107,253,1,36.138947,-120.368401,164.317001,8,600,58,3,"e00fce6850cac69f647dc199",2026-09-18 11:00:10.383,2026-09-18 11:00:10.593,2026-09-18 11:00:10.593,2026-09-18
"667","CptbbfH9M6","MOOSPMv3Parser",1789729800,0,0,2,1,1,2,2,1,1,2,266,171,46557,29,17,3,17,17,17,53,17,0,16,18,67,60,17.318,281,1,36.198818,-120.104446,77.218002,10,600,58,3,"e00fce686dc2ef0a68fa40b0",2026-09-18 11:10:02.504,2026-09-18 11:10:02.723,2026-09-18 11:10:02.723,2026-09-18
"668","PkthSupRVz","MOOSPMv3Parser",1789729801,6,6,4,8,8,4,4,9,9,5,1862,336,61352,49,32,4,32,32,-10,-10,32,0,15,16,69,69,25.212,254,1,36.503105,-120.32534,50.456001,7,600,58,3,"e00fce68e77e43df92405fdb",2026-09-18 11:10:02.729,2026-09-18 11:10:02.925,2026-09-18 11:10:02.925,2026-09-18
"669","NV0ucU49Sz","MOOSPMv3Parser",1789729800,4,4,10,11,11,11,11,13,13,11,506,395,99592,90,81,12,81,81,16,55,81,1,24,16,47,66,5.969,212,1,35.9632,-119.291733,35.872002,8,600,58,3,"e00fce68d6b773b56ce8baa0",2026-09-18 11:10:02.724,2026-09-18 11:10:02.942,2026-09-18 11:10:02.942,2026-09-18
"670","JzB17uePjk","MOOSPMv3Parser",1789729800,9,9,7,14,14,8,8,15,15,8,1774,485,244327,93,56,7,57,57,14,80,57,0,14,14,72,71,2.535,194,1,35.949566,-119.050041,95.848999,8,600,58,3,"e00fce6808784ceaf209f949",2026-09-18 11:10:02.907,2026-09-18 11:10:03.081,2026-09-18 11:10:03.081,2026-09-18
"671","fegCGWjIva","MOOSPMv3Parser",1789729800,5,5,4,8,8,4,5,8,8,5,1016,291,217366,56,33,5,33,33,17,60,33,1,17,18,65,63,25.371,151,3277,2.7e-05,-0.004253,18747.173828,8,600,58,3,"e00fce68e28dcbc9a589be10",2026-09-18 11:10:03.306,2026-09-18 11:10:03.458,2026-09-18 11:10:03.458,2026-09-18
"672","EC7jQQQ1Y7","MOOSPMv3Parser",1789729800,7,7,7,11,11,7,8,12,12,8,1720,407,144118,80,54,5,55,55,15,84,55,0,16,16,67,68,6.183,203,1,35.775116,-119.238441,68.611,5,600,58,3,"e00fce68e88237db75a60608",2026-09-18 11:10:03.582,2026-09-18 11:10:03.757,2026-09-18 11:10:03.757,2026-09-18
"673","oPEI4D2RDy","MOOSPMv3Parser",1789729801,6,6,7,11,11,8,8,13,13,8,1176,362,186432,76,51,8,52,52,1,0,52,1,15,16,76,75,14.612,88,1,36.433552,-119.923378,13.646,6,600,58,3,"e00fce6876826e255108c6bd",2026-09-18 11:10:05.009,2026-09-18 11:10:05.165,2026-09-18 11:10:05.165,2026-09-18
"674","BuvvU9PQkv","MOOSPMv3Parser",1789729801,6,6,0,10,10,0,0,11,11,0,1507,356,0,65,0,6,0,0,16,70,0,2,16,17,69,68,14.153,228,2,36.187496,-119.821938,30.49,9,600,58,3,"e00fce68e739ecbcf9e91965",2026-09-18 11:10:05.286,2026-09-18 11:10:05.475,2026-09-18 11:10:05.475,2026-09-18
"675","Pjy8eU2btl","MOOSPMv3Parser",1789729801,3,3,4,5,5,4,4,5,5,4,733,187,305359,35,31,3,31,31,14,66,31,0,17,14,55,67,22.035,268,1,36.138996,-120.368378,170.483002,14,600,58,3,"e00fce6850cac69f647dc199",2026-09-18 11:10:05.713,2026-09-18 11:10:05.855,2026-09-18 11:10:05.855,2026-09-18
"676","ng79Kvfb90","MOOSPMv3Parser",1789729801,6,6,5,9,9,6,6,9,9,6,1256,350,107547,57,42,3,42,42,14,74,42,0,12,15,83,70,8.399,155,1,36.52335,-119.278831,89.938004,7,600,58,3,"e00fce68f12da1a0c5de6248",2026-09-18 11:10:06.807,2026-09-18 11:10:06.95,2026-09-18 11:10:06.95,2026-09-18
"677","x4Nl1zErmk","MOOSPMv3Parser",1789730400,0,0,2,1,1,2,3,2,2,3,277,180,46572,29,18,3,18,18,17,53,18,0,16,18,68,60,17.269,284,1,36.198818,-120.10434,57.824001,12,600,58,3,"e00fce686dc2ef0a68fa40b0",2026-09-18 11:20:02.025,2026-09-18 11:20:02.312,2026-09-18 11:20:02.312,2026-09-18
"678","XvUDOfd7kw","MOOSPMv3Parser",1789730400,3,3,9,9,9,10,10,10,10,10,467,359,99652,78,71,10,72,72,16,55,72,0,24,16,47,65,5.375,210,1,35.963165,-119.291809,52.043999,8,600,58,3,"e00fce68d6b773b56ce8baa0",2026-09-18 11:20:02.321,2026-09-18 11:20:02.479,2026-09-18 11:20:02.479,2026-09-18
"679","fNuGfBxVt3","MOOSPMv3Parser",1789730401,5,5,4,7,7,4,4,8,8,4,1754,319,61377,44,29,2,29,29,15,77,29,0,15,16,70,68,22.349,301,1,36.503277,-120.325424,62.377998,8,600,58,3,"e00fce68e77e43df92405fdb",2026-09-18 11:20:02.739,2026-09-18 11:20:02.889,2026-09-18 11:20:02.889,2026-09-18
"680","KX69f8QI0l","MOOSPMv3Parser",1789730400,9,9,7,14,14,8,8,16,16,8,1807,494,244375,93,56,8,56,56,14,80,56,0,14,14,72,71,2.729,193,1,35.949585,-119.050072,98.316002,8,600,58,3,"e00fce6808784ceaf209f949",2026-09-18 11:20:02.903,2026-09-18 11:20:03.105,2026-09-18 11:20:03.105,2026-09-18
"681","ip5SnUYKZ2","MOOSPMv3Parser",1789730400,5,5,76,9,9,79,79,9,9,79,1149,329,218240,66,592,5,593,593,17,59,593,0,18,18,65,63,25.255,165,3277,1.7e-05,-0.004275,33454.34375,10,599,58,3,"e00fce68e28dcbc9a589be10",2026-09-18 11:20:03.261,2026-09-18 11:20:03.457,2026-09-18 11:20:03.457,2026-09-18
"682","iVGiQ1iSdW","MOOSPMv3Parser",1789730400,7,7,7,11,11,7,7,12,12,7,1702,398,144165,81,53,7,54,54,15,85,54,0,16,16,68,69,4.208,207,1,35.775063,-119.238586,63.789001,7,600,58,3,"e00fce68e88237db75a60608",2026-09-18 11:20:03.768,2026-09-18 11:20:03.945,2026-09-18 11:20:03.945,2026-09-18
"683","brechCe5DD","MOOSPMv3Parser",1789730401,3,3,4,5,5,4,4,6,6,4,783,195,305390,39,31,4,31,31,14,62,31,0,17,14,53,63,19.607,272,1,36.139015,-120.368431,170.705994,10,600,58,3,"e00fce6850cac69f647dc199",2026-09-18 11:20:04.664,2026-09-18 11:20:04.908,2026-09-18 11:20:04.908,2026-09-18
"684","tpM2DudZ19","MOOSPMv3Parser",1789730401,7,7,7,12,12,7,7,14,14,8,1259,391,186477,84,52,9,52,52,0,0,52,1,16,16,76,75,15.084,88,1,36.433548,-119.923393,22.297001,9,600,58,3,"e00fce6876826e255108c6bd",2026-09-18 11:20:04.927,2026-09-18 11:20:05.162,2026-09-18 11:20:05.162,2026-09-18
"685","dEfA7FzuDu","MOOSPMv3Parser",1789730401,6,6,0,11,11,0,0,12,12,0,1523,362,0,72,0,9,0,0,16,71,0,2,16,17,70,68,13.091,238,1,36.187489,-119.822212,15.03,8,600,58,3,"e00fce68e739ecbcf9e91965",2026-09-18 11:20:05.294,2026-09-18 11:20:05.473,2026-09-18 11:20:05.473,2026-09-18
"686","PJRmHQew1k","MOOSPMv3Parser",1789730401,7,7,6,10,10,6,6,10,10,6,1366,385,107585,57,44,3,44,44,14,74,44,0,12,15,83,69,7.997,138,1,36.523121,-119.278824,69.563004,7,600,58,3,"e00fce68f12da1a0c5de6248",2026-09-18 11:20:06.922,2026-09-18 11:20:07.094,2026-09-18 11:20:07.094,2026-09-18
"687","mhPAQwDQhn","MOOSPMv3Parser",1789731000,3,3,10,8,8,10,10,10,10,10,464,358,99714,74,75,10,75,75,16,55,75,1,24,16,47,66,4.596,209,1,35.963165,-119.291847,30.084999,8,600,58,3,"e00fce68d6b773b56ce8baa0",2026-09-18 11:30:02.568,2026-09-18 11:30:02.764,2026-09-18 11:30:02.764,2026-09-18
"688","c9Vt4LH6v5","MOOSPMv3Parser",1789731001,5,5,4,8,8,4,4,8,8,4,1754,314,61404,48,31,4,31,31,15,79,31,0,15,15,71,70,20.263,319,1,36.503151,-120.325417,51.443001,9,600,58,3,"e00fce68e77e43df92405fdb",2026-09-18 11:30:02.741,2026-09-18 11:30:02.91,2026-09-18 11:30:02.91,2026-09-18
"689","iVP7kTi6MP","MOOSPMv3Parser",1789731000,9,9,7,14,14,7,7,15,15,7,1753,480,244423,92,54,8,54,54,14,81,54,0,13,14,72,71,2.471,191,1,35.94965,-119.049965,106.030998,7,600,58,3,"e00fce6808784ceaf209f949",2026-09-18 11:30:02.971,2026-09-18 11:30:03.125,2026-09-18 11:30:03.125,2026-09-18
"690","ftyDAU2wjD","MOOSPMv3Parser",1789731000,0,0,3,2,2,3,3,3,3,3,323,217,46590,36,21,4,21,21,17,54,21,0,16,18,69,60,15.784,322,1,36.19902,-120.104469,90.209999,7,600,58,3,"e00fce686dc2ef0a68fa40b0",2026-09-18 11:30:03.313,2026-09-18 11:30:03.469,2026-09-18 11:30:03.469,2026-09-18
"691","jhKneOnHql","MOOSPMv3Parser",1789731000,6,6,5,10,10,6,6,10,10,6,1216,346,217911,66,40,5,40,40,17,60,41,1,17,18,65,63,25.687,151,3277,1.7e-05,-0.004275,33454.34375,10,600,58,3,"e00fce68e28dcbc9a589be10",2026-09-18 11:30:03.308,2026-09-18 11:30:03.481,2026-09-18 11:30:03.481,2026-09-18
"692","QcA0yHDKby","MOOSPMv3Parser",1789731000,7,7,7,11,11,7,7,12,12,7,1692,396,144211,80,52,6,53,53,15,85,53,0,16,15,68,70,2.599,212,1,35.774971,-119.238663,62.117001,6,600,58,3,"e00fce68e88237db75a60608",2026-09-18 11:30:03.544,2026-09-18 11:30:03.713,2026-09-18 11:30:03.713,2026-09-18
"693","D632zSEJzU","MOOSPMv3Parser",1789731001,6,6,7,12,12,8,9,14,14,9,1174,361,186522,85,53,13,54,54,0,0,54,1,15,16,76,75,15.132,89,1,36.433601,-119.923393,16.645,8,600,58,3,"e00fce6876826e255108c6bd",2026-09-18 11:30:04.941,2026-09-18 11:30:05.113,2026-09-18 11:30:05.113,2026-09-18
"694","jFYk61qyC1","MOOSPMv3Parser",1789731001,6,6,0,11,11,0,0,12,12,0,1586,374,0,70,0,8,0,0,16,72,0,2,16,16,70,68,11.844,238,1,36.187489,-119.822052,30.6,8,600,58,3,"e00fce68e739ecbcf9e91965",2026-09-18 11:30:05.289,2026-09-18 11:30:05.449,2026-09-18 11:30:05.449,2026-09-18
"695","d8zbnS6HYy","MOOSPMv3Parser",1789731001,3,3,4,5,5,4,4,6,6,4,771,192,305419,39,30,3,31,31,14,62,31,0,17,14,53,63,18.407,283,1,36.138981,-120.36837,176.113007,10,600,58,3,"e00fce6850cac69f647dc199",2026-09-18 11:30:05.31,2026-09-18 11:30:05.482,2026-09-18 11:30:05.482,2026-09-18
"696","oyVcGIIFzk","MOOSPMv3Parser",1789731001,7,7,6,10,10,6,6,11,11,6,1397,391,107624,61,44,3,44,44,14,76,44,0,12,14,85,73,8.065,135,1,36.523312,-119.278877,98.624001,8,600,58,3,"e00fce68f12da1a0c5de6248",2026-09-18 11:30:06.817,2026-09-18 11:30:07.002,2026-09-18 11:30:07.002,2026-09-18
"697","jkPpRHAcRB","MOOSPMv3Parser",1789731600,1,1,3,3,3,3,3,3,3,3,348,242,46610,44,24,4,24,24,17,54,24,0,16,18,70,60,13.737,362,1,36.199028,-120.1045,79.962997,8,600,58,3,"e00fce686dc2ef0a68fa40b0",2026-09-18 11:40:01.954,2026-09-18 11:40:02.197,2026-09-18 11:40:02.197,2026-09-18
"698","ADeq8iYQve","MOOSPMv3Parser",1789731600,4,4,10,9,9,11,11,12,12,11,481,373,99779,83,77,12,78,78,16,56,78,1,24,16,47,68,4.742,208,1,35.963158,-119.291832,45.791,9,600,58,3,"e00fce68d6b773b56ce8baa0",2026-09-18 11:40:02.259,2026-09-18 11:40:02.617,2026-09-18 11:40:02.617,2026-09-18
"699","AO480CNRDp","MOOSPMv3Parser",1789731601,6,6,4,9,9,5,5,10,10,5,1932,354,61433,56,34,4,34,34,15,83,34,0,15,15,73,73,19.771,321,1,36.503151,-120.325417,51.444,0,600,58,3,"e00fce68e77e43df92405fdb",2026-09-18 11:40:02.673,2026-09-18 11:40:02.923,2026-09-18 11:40:02.923,2026-09-18
"700","idaQ3ZBfVl","MOOSPMv3Parser",1789731600,9,9,7,15,15,7,7,16,16,7,1838,501,244471,94,55,6,55,55,14,82,55,0,13,14,72,72,3.353,186,1,35.949619,-119.049942,101.747002,8,600,58,3,"e00fce6808784ceaf209f949",2026-09-18 11:40:02.984,2026-09-18 11:40:03.232,2026-09-18 11:40:03.232,2026-09-18
"701","3aeHkUHqLn","MOOSPMv3Parser",1789731600,5,5,5,8,8,5,5,9,9,5,1070,304,217942,55,36,4,36,37,17,60,37,1,17,18,65,63,25.701,144,3277,1.7e-05,-0.004275,33454.34375,10,600,58,3,"e00fce68e28dcbc9a589be10",2026-09-18 11:40:03.232,2026-09-18 11:40:03.427,2026-09-18 11:40:03.427,2026-09-18
"702","iDeesFgwsz","MOOSPMv3Parser",1789731600,7,7,7,12,12,7,7,12,12,7,1723,402,144256,81,52,6,52,52,15,86,52,0,16,15,68,70,3.877,204,1,35.774982,-119.238548,73.477997,5,600,58,3,"e00fce68e88237db75a60608",2026-09-18 11:40:03.624,2026-09-18 11:40:03.782,2026-09-18 11:40:03.782,2026-09-18
"703","8tV8inISmd","MOOSPMv3Parser",1789731601,6,6,7,11,11,7,7,13,13,7,1185,367,186567,75,51,9,51,51,0,0,51,0,15,16,77,76,15.005,89,1,36.433605,-119.923393,19.014,10,600,58,3,"e00fce6876826e255108c6bd",2026-09-18 11:40:05.091,2026-09-18 11:40:05.324,2026-09-18 11:40:05.324,2026-09-18
"704","6DZ4qm473O","MOOSPMv3Parser",1789731601,8,8,0,13,13,0,0,14,14,0,1765,432,0,84,0,9,0,0,16,72,0,2,16,16,70,69,10.947,238,1,36.187428,-119.822159,20.893999,5,600,58,3,"e00fce68e739ecbcf9e91965",2026-09-18 11:40:05.371,2026-09-18 11:40:05.529,2026-09-18 11:40:05.529,2026-09-18
"705","2omEqdjBDe","MOOSPMv3Parser",1789731601,3,3,4,5,5,4,4,5,5,4,774,192,305450,37,31,2,31,31,13,64,31,0,16,14,54,65,19.359,279,1,36.13895,-120.368416,176.360992,9,600,58,3,"e00fce6850cac69f647dc199",2026-09-18 11:40:05.39,2026-09-18 11:40:05.635,2026-09-18 11:40:05.635,2026-09-18
"706","mkotezGVxQ","MOOSPMv3Parser",1789731601,7,7,6,10,10,6,6,11,11,6,1406,392,107664,60,46,3,46,46,14,77,46,0,12,14,85,74,8.778,126,1,36.523342,-119.278862,88.792,7,600,58,3,"e00fce68f12da1a0c5de6248",2026-09-18 11:40:06.745,2026-09-18 11:40:06.938,2026-09-18 11:40:06.938,2026-09-18
"707","vPvCmT3O33","MOOSPMv3Parser",1789732200,1,1,3,3,3,4,4,4,4,4,357,250,46631,45,26,4,26,26,17,54,26,0,16,18,70,61,14.207,367,1,36.198807,-120.104439,58.575001,10,600,58,3,"e00fce686dc2ef0a68fa40b0",2026-09-18 11:50:02.5,2026-09-18 11:50:02.785,2026-09-18 11:50:02.785,2026-09-18
"708","aERvqQOxQM","MOOSPMv3Parser",1789732200,5,5,12,13,13,13,13,16,16,13,550,432,99857,98,93,13,94,94,15,56,94,1,24,15,47,68,3.922,211,1,35.963161,-119.291832,48.280998,8,600,58,3,"e00fce68d6b773b56ce8baa0",2026-09-18 11:50:02.645,2026-09-18 11:50:02.912,2026-09-18 11:50:02.912,2026-09-18
"709","lLfpEPJ68C","MOOSPMv3Parser",1789732201,7,7,5,10,10,5,5,11,11,5,2060,394,61464,65,35,5,35,35,15,87,35,0,15,15,75,75,18.865,319,1,36.503151,-120.325394,50.616001,8,600,58,3,"e00fce68e77e43df92405fdb",2026-09-18 11:50:02.792,2026-09-18 11:50:03.038,2026-09-18 11:50:03.038,2026-09-18
"710","SJVP7AXWGh","MOOSPMv3Parser",1789732200,9,9,7,15,15,7,7,16,16,7,1838,499,244520,92,55,7,55,55,14,82,55,0,13,14,73,73,3.59,183,1,35.949635,-119.050049,89.038002,6,600,58,3,"e00fce6808784ceaf209f949",2026-09-18 11:50:03.156,2026-09-18 11:50:03.39,2026-09-18 11:50:03.39,2026-09-18
"711","rd7FLYPop1","MOOSPMv3Parser",1789732200,5,5,4,7,7,5,5,8,8,5,997,283,217972,47,34,4,34,34,17,60,34,1,17,18,66,63,25.135,169,3277,1.7e-05,-0.004275,33454.34375,10,600,58,3,"e00fce68e28dcbc9a589be10",2026-09-18 11:50:03.456,2026-09-18 11:50:03.68,2026-09-18 11:50:03.68,2026-09-18
"712","AYf2UsoaNg","MOOSPMv3Parser",1789732200,7,7,6,12,12,7,7,13,13,7,1661,392,144300,85,51,9,51,51,15,86,51,0,16,15,69,70,3.567,200,1,35.774967,-119.238632,83.652,8,600,58,3,"e00fce68e88237db75a60608",2026-09-18 11:50:03.799,2026-09-18 11:50:04.038,2026-09-18 11:50:04.038,2026-09-18
"713","03viB4IWur","MOOSPMv3Parser",1789732201,6,6,6,11,11,7,7,12,12,7,1167,359,186609,77,49,9,49,49,0,0,49,0,15,16,78,76,14.846,89,1,36.433617,-119.923378,51.036999,7,600,58,3,"e00fce6876826e255108c6bd",2026-09-18 11:50:05.183,2026-09-18 11:50:05.483,2026-09-18 11:50:05.483,2026-09-18
"714","GVCTjM9ZDP","MOOSPMv3Parser",1789732201,8,8,0,13,13,0,0,15,15,0,1847,438,0,87,0,10,0,0,16,73,0,2,16,16,70,69,10.955,236,1,36.187542,-119.822227,27.200001,5,600,58,3,"e00fce68e739ecbcf9e91965",2026-09-18 11:50:05.439,2026-09-18 11:50:05.65,2026-09-18 11:50:05.65,2026-09-18
"715","z3bmDPSrzb","MOOSPMv3Parser",1789732201,3,3,4,5,5,4,5,6,6,5,773,191,305481,37,33,3,33,33,13,67,33,0,16,13,56,67,18.808,275,1,36.13895,-120.368393,183.600998,10,600,58,3,"e00fce6850cac69f647dc199",2026-09-18 11:50:05.771,2026-09-18 11:50:05.966,2026-09-18 11:50:05.966,2026-09-18
"716","jk2AypJwSa","MOOSPMv3Parser",1789732201,8,8,6,11,11,6,6,12,12,6,1509,417,107705,63,47,4,47,47,14,77,47,0,12,14,86,75,9.067,114,1,36.523304,-119.27877,85.747002,6,600,58,3,"e00fce68f12da1a0c5de6248",2026-09-18 11:50:06.857,2026-09-18 11:50:07.089,2026-09-18 11:50:07.089,2026-09-18
"717","0DykDkj9Ow","MOOSPMv3Parser",1789732800,3,3,10,10,10,10,10,11,11,10,490,380,99921,83,76,11,77,77,15,57,77,0,24,15,47,68,4.237,207,1,35.963158,-119.291801,48.355,9,600,58,3,"e00fce68d6b773b56ce8baa0",2026-09-18 12:00:02.252,2026-09-18 12:00:02.614,2026-09-18 12:00:02.614,2026-09-18
"718","G5BrjtbA2K","MOOSPMv3Parser",1789732800,1,1,3,4,4,4,4,4,4,4,371,262,46654,49,27,4,27,27,16,55,27,0,16,17,69,62,14.37,369,1,36.198708,-120.104507,70.371002,9,600,58,3,"e00fce686dc2ef0a68fa40b0",2026-09-18 12:00:02.834,2026-09-18 12:00:03.209,2026-09-18 12:00:03.209,2026-09-18
"719","4iDR89hAXr","MOOSPMv3Parser",1789732801,7,7,5,10,10,5,5,11,11,5,2112,394,61498,63,38,5,39,39,14,89,39,0,15,15,75,76,18.463,314,1,36.503151,-120.325409,60.425999,15,600,58,3,"e00fce68e77e43df92405fdb",2026-09-18 12:00:02.677,2026-09-18 12:00:03.233,2026-09-18 12:00:03.233,2026-09-18
"720","29KylukkmK","MOOSPMv3Parser",1789732800,9,9,7,14,14,7,7,16,16,7,1815,492,244568,92,55,8,55,55,14,82,55,0,13,14,73,73,3.659,182,1,35.949261,-119.050079,97.950996,6,600,58,3,"e00fce6808784ceaf209f949",2026-09-18 12:00:02.985,2026-09-18 12:00:03.284,2026-09-18 12:00:03.284,2026-09-18
"721","OrojfkzBxr","MOOSPMv3Parser",1789732800,5,5,4,8,8,5,5,8,8,5,1028,289,218000,55,33,5,33,33,17,60,33,1,17,18,67,63,24.767,180,3277,1.7e-05,-0.004275,33454.34375,10,600,58,3,"e00fce68e28dcbc9a589be10",2026-09-18 12:00:03.308,2026-09-18 12:00:03.609,2026-09-18 12:00:03.609,2026-09-18
"722","CRz7MiV6EC","MOOSPMv3Parser",1789732800,7,7,6,11,11,7,7,12,12,7,1602,377,144343,78,49,6,50,50,15,87,50,0,15,15,71,71,5.038,193,1,35.774952,-119.238754,78.476997,8,600,58,3,"e00fce68e88237db75a60608",2026-09-18 12:00:03.547,2026-09-18 12:00:04.338,2026-09-18 12:00:04.338,2026-09-18
"723","klVE7SnGj5","MOOSPMv3Parser",1789732801,3,3,4,5,5,4,4,6,6,4,780,195,305512,39,32,3,32,32,13,67,32,0,16,13,56,67,19.085,272,1,36.139084,-120.368385,172.244003,9,600,58,3,"e00fce6850cac69f647dc199",2026-09-18 12:00:04.738,2026-09-18 12:00:05.025,2026-09-18 12:00:05.025,2026-09-18
"724","HvxfPtv1XK","MOOSPMv3Parser",1789732801,7,7,6,11,11,7,7,12,12,7,1232,381,186651,77,49,7,49,49,0,0,49,0,15,16,79,76,14.707,89,1,36.433601,-119.923431,36.083,7,600,58,3,"e00fce6876826e255108c6bd",2026-09-18 12:00:05.15,2026-09-18 12:00:05.432,2026-09-18 12:00:05.432,2026-09-18
"725","PcWVfX2TDj","MOOSPMv3Parser",1789732801,8,8,0,13,13,0,0,14,14,0,1791,436,0,87,0,11,0,0,16,74,0,2,16,16,71,70,11.1,234,1,36.187523,-119.822052,26.899,5,600,58,3,"e00fce68e739ecbcf9e91965",2026-09-18 12:00:05.519,2026-09-18 12:00:05.762,2026-09-18 12:00:05.762,2026-09-18
"726","arRDEzWbAt","MOOSPMv3Parser",1789732801,7,7,6,11,11,7,7,11,11,7,1441,404,107747,65,49,4,49,49,14,77,49,0,12,14,85,73,7.928,132,1,36.523285,-119.278938,67.845001,6,600,58,3,"e00fce68f12da1a0c5de6248",2026-09-18 12:00:06.835,2026-09-18 12:00:07.051,2026-09-18 12:00:07.051,2026-09-18
"727","SVEHgoEqwD","MOOSPMv3Parser",1789733400,0,0,3,3,3,3,3,3,3,3,337,234,46672,40,23,4,23,23,16,54,23,0,15,17,71,61,11.567,391,1,36.198784,-120.104408,73.769997,10,600,58,3,"e00fce686dc2ef0a68fa40b0",2026-09-18 12:10:01.968,2026-09-18 12:10:02.185,2026-09-18 12:10:02.185,2026-09-18
"728","eRMAQQw4wc","MOOSPMv3Parser",1789733400,4,4,11,11,11,11,11,12,12,11,496,386,99990,87,82,11,83,83,15,57,83,1,24,15,47,69,4.707,203,1,35.963184,-119.291809,54.616001,7,600,58,3,"e00fce68d6b773b56ce8baa0",2026-09-18 12:10:02.645,2026-09-18 12:10:02.929,2026-09-18 12:10:02.929,2026-09-18
"729","gDgeSl1DXT","MOOSPMv3Parser",1789733401,7,7,5,10,10,5,5,11,11,5,2123,401,61530,64,38,6,38,38,14,90,38,0,15,15,76,78,18.321,310,1,36.503181,-120.325417,60.823002,12,600,58,3,"e00fce68e77e43df92405fdb",2026-09-18 12:10:02.703,2026-09-18 12:10:02.988,2026-09-18 12:10:02.988,2026-09-18
"730","y8stCIAVsi","MOOSPMv3Parser",1789733400,9,9,7,14,14,7,7,15,15,7,1801,484,244616,98,55,6,55,55,14,81,55,0,13,14,72,72,2.704,182,1,35.949604,-119.049889,119.810997,6,600,58,3,"e00fce6808784ceaf209f949",2026-09-18 12:10:02.912,2026-09-18 12:10:03.221,2026-09-18 12:10:03.221,2026-09-18
"731","pVpAzWsWG9","MOOSPMv3Parser",1789733400,5,5,5,7,7,5,5,8,8,5,990,279,218032,51,36,4,36,36,17,61,36,1,17,18,67,64,24.121,190,3277,1.7e-05,-0.004275,33454.34375,10,600,58,3,"e00fce68e28dcbc9a589be10",2026-09-18 12:10:03.318,2026-09-18 12:10:03.509,2026-09-18 12:10:03.509,2026-09-18
"732","dBuEoFFS0A","MOOSPMv3Parser",1789733400,7,7,6,11,11,7,7,12,12,7,1698,399,144387,82,50,6,50,50,15,88,50,0,15,15,72,72,1.985,195,1,35.774956,-119.238503,59.165001,4,600,58,3,"e00fce68e88237db75a60608",2026-09-18 12:10:03.635,2026-09-18 12:10:03.849,2026-09-18 12:10:03.849,2026-09-18
"733","ioHpNUBGdC","MOOSPMv3Parser",1789733401,3,3,4,5,5,4,5,6,6,5,776,196,305544,38,33,3,33,33,13,66,33,0,16,13,56,67,20.04,266,1,36.139084,-120.368385,172.246002,0,600,58,3,"e00fce6850cac69f647dc199",2026-09-18 12:10:05.063,2026-09-18 12:10:05.259,2026-09-18 12:10:05.259,2026-09-18
"734","MskdCMW0mM","MOOSPMv3Parser",1789733401,7,7,6,12,12,7,7,13,13,7,1284,396,186695,79,51,10,51,51,0,0,51,0,15,15,79,77,14.088,145,1,36.433643,-119.92334,39.918999,7,600,58,3,"e00fce6876826e255108c6bd",2026-09-18 12:10:05.246,2026-09-18 12:10:05.527,2026-09-18 12:10:05.527,2026-09-18
"735","fKOxSsqbmB","MOOSPMv3Parser",1789733401,7,7,0,13,13,0,0,14,14,0,1731,422,0,84,0,12,0,0,16,75,0,2,16,16,72,71,11.421,230,1,36.187531,-119.822052,34.449001,5,600,58,3,"e00fce68e739ecbcf9e91965",2026-09-18 12:10:05.473,2026-09-18 12:10:05.661,2026-09-18 12:10:05.661,2026-09-18
"736","NFRkXLl4jE","MOOSPMv3Parser",1789733401,7,7,6,10,10,7,7,11,11,7,1464,410,107790,62,49,3,49,49,14,79,49,0,13,14,84,77,8.171,172,1,36.52322,-119.278862,101.819,5,600,58,3,"e00fce68f12da1a0c5de6248",2026-09-18 12:10:06.708,2026-09-18 12:10:06.917,2026-09-18 12:10:06.917,2026-09-18
"737","K2C0OrLF1m","MOOSPMv3Parser",1789734000,0,0,3,2,2,3,3,3,3,3,314,211,46691,37,21,4,22,22,16,54,22,0,15,17,72,61,9.989,418,1,36.198799,-120.104477,75.391998,9,600,58,3,"e00fce686dc2ef0a68fa40b0",2026-09-18 12:20:02.194,2026-09-18 12:20:02.446,2026-09-18 12:20:02.446,2026-09-18
"738","mHFvhMJca4","MOOSPMv3Parser",1789734000,2,2,9,8,8,10,10,9,9,10,453,347,100051,77,74,10,74,74,15,57,74,1,24,15,47,69,5.19,200,1,35.963066,-119.292229,3.343,7,600,58,3,"e00fce68d6b773b56ce8baa0",2026-09-18 12:20:02.174,2026-09-18 12:20:02.457,2026-09-18 12:20:02.457,2026-09-18
"739","Lqu22yVKw2","MOOSPMv3Parser",1789734001,7,7,5,10,10,6,6,11,11,6,2082,401,61566,67,41,5,41,41,14,91,41,0,14,14,77,78,18.349,306,1,36.503162,-120.32531,45.737,7,600,58,3,"e00fce68e77e43df92405fdb",2026-09-18 12:20:02.743,2026-09-18 12:20:02.965,2026-09-18 12:20:02.965,2026-09-18
"740","eB2GpRCERE","MOOSPMv3Parser",1789734000,9,9,7,14,14,8,8,15,15,8,1688,471,244665,91,56,7,56,56,14,81,56,0,13,14,74,72,3.751,182,1,35.949459,-119.049767,146.246994,7,600,58,3,"e00fce6808784ceaf209f949",2026-09-18 12:20:03.157,2026-09-18 12:20:03.418,2026-09-18 12:20:03.418,2026-09-18
"741","HTTHGKD21G","MOOSPMv3Parser",1789734000,5,5,6,8,8,8,10,9,9,10,1056,302,218069,63,46,6,48,48,17,61,48,1,17,18,68,64,23.275,235,3277,1.7e-05,-0.004275,33454.34375,10,600,58,3,"e00fce68e28dcbc9a589be10",2026-09-18 12:20:03.306,2026-09-18 12:20:03.511,2026-09-18 12:20:03.511,2026-09-18
"742","FNieINwUGH","MOOSPMv3Parser",1789734000,7,7,7,12,12,7,7,13,13,7,1732,411,144433,87,52,8,53,53,14,89,53,0,15,15,73,72,1.024,196,1,35.774929,-119.238571,72.638,5,600,58,3,"e00fce68e88237db75a60608",2026-09-18 12:20:03.712,2026-09-18 12:20:03.935,2026-09-18 12:20:03.935,2026-09-18
"743","mEfcEGqy6J","MOOSPMv3Parser",1789734001,7,7,7,12,12,7,7,14,14,7,1285,397,186741,87,53,12,53,53,0,0,53,0,15,15,79,77,14.168,134,1,36.433643,-119.92334,39.923,0,600,58,3,"e00fce6876826e255108c6bd",2026-09-18 12:20:05.229,2026-09-18 12:20:05.454,2026-09-18 12:20:05.454,2026-09-18
"744","wH56LD1YOg","MOOSPMv3Parser",1789734001,8,8,0,14,14,0,0,15,15,0,1836,449,0,88,0,12,0,0,16,76,0,2,16,16,72,72,11.416,225,1,36.1875,-119.822159,25.427999,5,600,58,3,"e00fce68e739ecbcf9e91965",2026-09-18 12:20:05.384,2026-09-18 12:20:05.585,2026-09-18 12:20:05.585,2026-09-18
"745","aN3v847qj7","MOOSPMv3Parser",1789734001,3,3,4,5,5,5,5,6,6,5,806,206,305576,39,33,3,34,34,13,67,34,0,16,13,56,67,19.385,263,1,36.138916,-120.368423,167.289993,8,600,58,3,"e00fce6850cac69f647dc199",2026-09-18 12:20:05.436,2026-09-18 12:20:05.637,2026-09-18 12:20:05.637,2026-09-18
"746","WbDk126DsM","MOOSPMv3Parser",1789734001,8,8,6,11,11,7,7,11,11,7,1487,416,107833,66,49,3,50,50,14,78,50,0,13,14,82,75,7.888,204,1,36.523457,-119.278816,100.365997,5,600,58,3,"e00fce68f12da1a0c5de6248",2026-09-18 12:20:06.67,2026-09-18 12:20:06.895,2026-09-18 12:20:06.895,2026-09-18
"747","y1Nu2RdpPK","MOOSPMv3Parser",1789734600,0,0,3,2,2,3,3,2,2,3,304,202,46708,35,20,3,21,21,16,56,21,0,15,17,72,64,13.752,340,1,36.198772,-120.104485,90.183998,9,600,58,3,"e00fce686dc2ef0a68fa40b0",2026-09-18 12:30:02.713,2026-09-18 12:30:03.048,2026-09-18 12:30:03.048,2026-09-18
"748","oWYDHXZCgX","MOOSPMv3Parser",1789734601,7,7,5,11,11,6,6,12,12,6,2149,417,61603,69,42,6,42,42,14,92,42,0,14,14,78,79,18.018,306,1,36.503033,-120.325363,32.712002,7,600,58,3,"e00fce68e77e43df92405fdb",2026-09-18 12:30:02.747,2026-09-18 12:30:03.086,2026-09-18 12:30:03.086,2026-09-18
"749","nWOQ78KrsA","MOOSPMv3Parser",1789734600,3,3,10,8,8,10,10,9,9,10,448,346,100114,76,75,10,75,75,15,57,75,1,24,14,47,70,5.379,195,1,35.963181,-119.291618,53.358002,8,600,58,3,"e00fce68d6b773b56ce8baa0",2026-09-18 12:30:02.74,2026-09-18 12:30:03.101,2026-09-18 12:30:03.101,2026-09-18
"750","Wt8iFrrBcY","MOOSPMv3Parser",1789734600,9,9,7,14,14,7,7,16,16,7,1780,493,244713,93,54,7,54,54,14,82,54,0,13,14,75,74,3.656,181,1,35.949524,-119.049873,121.036003,7,600,58,3,"e00fce6808784ceaf209f949",2026-09-18 12:30:02.978,2026-09-18 12:30:03.272,2026-09-18 12:30:03.272,2026-09-18
"751","afEEwXT8wx","MOOSPMv3Parser",1789734600,5,5,4,7,7,5,5,8,8,5,932,267,218096,53,33,4,33,33,17,61,33,1,16,18,67,64,22.426,251,3277,1.7e-05,-0.004275,33454.34375,10,600,58,3,"e00fce68e28dcbc9a589be10",2026-09-18 12:30:03.385,2026-09-18 12:30:03.587,2026-09-18 12:30:03.587,2026-09-18
"752","2x15SCW3CA","MOOSPMv3Parser",1789734600,7,7,7,12,12,7,7,13,13,7,1711,409,144478,85,52,9,52,52,14,90,52,0,15,15,73,73,1.619,190,1,35.77494,-119.238533,65.015999,5,600,58,3,"e00fce68e88237db75a60608",2026-09-18 12:30:03.548,2026-09-18 12:30:03.758,2026-09-18 12:30:03.758,2026-09-18
"753","bjlCJ6ENU6","MOOSPMv3Parser",1789734601,7,7,7,12,12,7,7,14,14,7,1254,390,186788,82,53,11,53,53,1,0,53,0,15,15,80,78,13.984,216,1,36.433563,-119.92337,24.5,14,600,58,3,"e00fce6876826e255108c6bd",2026-09-18 12:30:05.013,2026-09-18 12:30:05.219,2026-09-18 12:30:05.219,2026-09-18
"754","jRIH55n4bf","MOOSPMv3Parser",1789734601,8,8,0,14,14,0,0,15,15,0,1901,469,0,97,0,11,0,0,15,77,0,2,16,16,73,73,10.987,225,1,36.1875,-119.822159,25.427,0,600,58,3,"e00fce68e739ecbcf9e91965",2026-09-18 12:30:05.376,2026-09-18 12:30:05.67,2026-09-18 12:30:05.67,2026-09-18
"755","o4SWQlh61Z","MOOSPMv3Parser",1789734601,3,3,4,6,6,4,5,6,6,5,827,213,305608,44,32,3,33,33,13,68,33,0,16,13,57,68,18.37,270,1,36.138985,-120.368408,178.324005,8,600,58,3,"e00fce6850cac69f647dc199",2026-09-18 12:30:05.797,2026-09-18 12:30:06.035,2026-09-18 12:30:06.035,2026-09-18
"756","xc7kTIwA8a","MOOSPMv3Parser",1789734601,8,8,6,11,11,7,7,12,12,7,1526,429,107877,67,50,4,50,50,14,78,50,0,12,14,84,74,7.826,173,1,36.523144,-119.278748,78.925003,6,600,58,3,"e00fce68f12da1a0c5de6248",2026-09-18 12:30:06.682,2026-09-18 12:30:06.909,2026-09-18 12:30:06.909,2026-09-18
"757","HIEhhy4UXw","MOOSPMv3Parser",1789735200,2,2,9,7,7,9,10,8,8,10,421,319,100171,69,69,10,69,69,14,58,69,1,24,14,47,71,5.484,193,1,35.963188,-119.291809,32.438,6,600,58,3,"e00fce68d6b773b56ce8baa0",2026-09-18 12:40:02.246,2026-09-18 12:40:02.45,2026-09-18 12:40:02.45,2026-09-18
"758","6RuKEJcuvH","MOOSPMv3Parser",1789735201,7,7,6,11,11,6,6,12,12,6,2113,406,61642,68,45,6,45,45,14,92,45,0,14,14,78,79,17.741,306,1,36.503223,-120.325401,62.077,7,600,58,3,"e00fce68e77e43df92405fdb",2026-09-18 12:40:02.881,2026-09-18 12:40:03.049,2026-09-18 12:40:03.049,2026-09-18
"759","s2xYRxH8u5","MOOSPMv3Parser",1789735200,9,9,8,15,15,8,8,16,16,8,1854,511,244763,97,60,8,60,60,14,83,60,0,13,14,75,75,2.821,182,1,35.949524,-119.049873,121.032997,0,600,58,3,"e00fce6808784ceaf209f949",2026-09-18 12:40:02.974,2026-09-18 12:40:03.16,2026-09-18 12:40:03.16,2026-09-18
"760","mO0qoppgo9","MOOSPMv3Parser",1789735200,0,0,3,2,2,3,3,3,3,3,311,206,46726,34,22,4,22,22,16,57,22,1,15,17,72,64,13.873,319,1,36.19886,-120.104408,80.086998,8,600,58,3,"e00fce686dc2ef0a68fa40b0",2026-09-18 12:40:02.987,2026-09-18 12:40:03.251,2026-09-18 12:40:03.251,2026-09-18
"761","a8d3Mdc23h","MOOSPMv3Parser",1789735200,4,4,4,7,7,5,5,8,8,5,936,270,218125,52,33,3,33,33,17,61,33,1,16,18,68,64,23.676,201,3277,1.7e-05,-0.004275,33454.34375,10,600,58,3,"e00fce68e28dcbc9a589be10",2026-09-18 12:40:03.231,2026-09-18 12:40:03.412,2026-09-18 12:40:03.412,2026-09-18
"762","zVdmgXV0ao","MOOSPMv3Parser",1789735200,7,7,6,12,12,7,7,13,13,7,1702,401,144522,84,50,7,50,50,14,90,50,0,14,15,74,73,1.971,188,1,35.775043,-119.238548,70.291,14,600,58,3,"e00fce68e88237db75a60608",2026-09-18 12:40:03.804,2026-09-18 12:40:04.004,2026-09-18 12:40:04.004,2026-09-18
"763","2TfQXGvTk1","MOOSPMv3Parser",1789735201,3,3,4,5,5,5,5,6,6,5,784,200,305640,40,33,3,33,33,13,68,33,0,16,13,57,68,17.346,270,1,36.139019,-120.368332,178.098007,7,600,58,3,"e00fce6850cac69f647dc199",2026-09-18 12:40:04.822,2026-09-18 12:40:05.002,2026-09-18 12:40:05.002,2026-09-18
"764","gMCJCCrF2H","MOOSPMv3Parser",1789735201,7,7,7,12,12,7,7,14,14,7,1293,402,186834,85,54,8,54,54,0,0,54,0,15,15,80,78,14.072,267,1,36.433632,-119.923393,38.216,9,600,58,3,"e00fce6876826e255108c6bd",2026-09-18 12:40:05.15,2026-09-18 12:40:05.386,2026-09-18 12:40:05.386,2026-09-18
"765","2xVbZuWpRI","MOOSPMv3Parser",1789735201,9,9,0,14,14,0,0,15,15,0,1933,474,0,90,0,10,0,0,15,78,0,2,15,16,73,73,10.592,227,1,36.18745,-119.822029,28.106001,9,600,58,3,"e00fce68e739ecbcf9e91965",2026-09-18 12:40:05.369,2026-09-18 12:40:05.587,2026-09-18 12:40:05.587,2026-09-18
"766","SYnZq5Z7PD","MOOSPMv3Parser",1789735201,8,8,7,11,11,7,7,12,12,7,1532,428,107922,66,52,3,52,52,14,78,52,0,12,14,85,75,7.121,158,1,36.523304,-119.278824,81.183998,7,600,58,3,"e00fce68f12da1a0c5de6248",2026-09-18 12:40:06.745,2026-09-18 12:40:06.971,2026-09-18 12:40:06.971,2026-09-18
"767","tprBDb2P48","MOOSPMv3Parser",1789735800,0,0,3,2,2,3,3,2,2,3,296,194,46742,32,20,3,20,20,16,56,20,1,15,16,72,64,12.572,324,1,36.19886,-120.104408,80.086998,0,600,58,3,"e00fce686dc2ef0a68fa40b0",2026-09-18 12:50:02.132,2026-09-18 12:50:02.323,2026-09-18 12:50:02.323,2026-09-18
"768","VFYccHELw0","MOOSPMv3Parser",1789735800,2,2,9,7,7,9,10,8,8,10,416,313,100229,70,69,9,69,70,14,59,70,1,24,14,47,72,4.997,192,1,35.963188,-119.291809,32.437,0,600,58,3,"e00fce68d6b773b56ce8baa0",2026-09-18 12:50:02.506,2026-09-18 12:50:02.762,2026-09-18 12:50:02.762,2026-09-18
"769","BxI8eXWDJB","MOOSPMv3Parser",1789735801,7,7,3,11,11,4,4,11,11,4,2085,404,61665,67,26,6,26,26,14,93,26,0,14,14,79,79,17.187,307,1,36.503128,-120.325417,62.57,8,600,58,3,"e00fce68e77e43df92405fdb",2026-09-18 12:50:02.724,2026-09-18 12:50:03.015,2026-09-18 12:50:03.015,2026-09-18
"770","40klQD62Eg","MOOSPMv3Parser",1789735800,10,10,8,17,17,8,8,18,18,8,1999,546,244817,109,63,9,63,63,14,83,63,0,13,14,74,74,1.983,184,1,35.949406,-119.049789,128.641998,7,600,58,3,"e00fce6808784ceaf209f949",2026-09-18 12:50:02.98,2026-09-18 12:50:03.193,2026-09-18 12:50:03.193,2026-09-18
"771","bRFABnRMH3","MOOSPMv3Parser",1789735800,5,5,4,8,8,5,5,9,9,5,1033,294,218155,55,34,5,35,35,17,62,35,1,16,17,68,64,22.879,219,3277,1.7e-05,-0.004275,33454.34375,10,600,58,3,"e00fce68e28dcbc9a589be10",2026-09-18 12:50:03.304,2026-09-18 12:50:03.478,2026-09-18 12:50:03.478,2026-09-18
"772","Jkg396okfx","MOOSPMv3Parser",1789735800,7,7,7,12,12,7,7,12,12,7,1664,389,144566,80,51,7,51,51,14,91,51,0,14,15,75,74,1.699,190,1,35.775085,-119.238579,76.183998,10,600,58,3,"e00fce68e88237db75a60608",2026-09-18 12:50:03.69,2026-09-18 12:50:03.857,2026-09-18 12:50:03.857,2026-09-18
"773","OA1yY8u2Ua","MOOSPMv3Parser",1789735801,3,3,4,5,5,4,5,6,6,5,816,204,305672,40,33,3,33,33,13,70,33,0,16,13,58,69,16.839,267,1,36.139091,-120.368355,188.914993,5,600,58,3,"e00fce6850cac69f647dc199",2026-09-18 12:50:05.07,2026-09-18 12:50:05.26,2026-09-18 12:50:05.26,2026-09-18
"774","YSLUzY67sn","MOOSPMv3Parser",1789735801,7,7,7,12,12,7,7,14,14,7,1310,405,186881,87,53,10,54,54,0,0,54,0,14,15,81,79,14.358,168,1,36.433537,-119.923393,8.16,9,600,58,3,"e00fce6876826e255108c6bd",2026-09-18 12:50:05.166,2026-09-18 12:50:05.424,2026-09-18 12:50:05.424,2026-09-18
"775","Ldk0E7ECc3","MOOSPMv3Parser",1789735801,8,8,0,14,14,0,0,16,16,0,1941,469,0,94,0,12,0,0,15,78,0,2,15,16,74,73,9.812,233,1,36.187424,-119.822044,24.511999,9,600,58,3,"e00fce68e739ecbcf9e91965",2026-09-18 12:50:05.519,2026-09-18 12:50:05.699,2026-09-18 12:50:05.699,2026-09-18
"776","liuNaDmgDG","MOOSPMv3Parser",1789735801,8,8,7,12,12,7,7,12,12,7,1537,431,107967,71,52,4,52,52,13,77,52,0,12,14,84,74,6.693,159,1,36.523304,-119.278824,81.185997,0,600,58,3,"e00fce68f12da1a0c5de6248",2026-09-18 12:50:06.681,2026-09-18 12:50:06.839,2026-09-18 12:50:06.839,2026-09-18
"777","QzgyvDBMgu","MOOSPMv3Parser",1789736400,1,1,3,2,2,3,3,2,2,3,295,197,46759,34,20,4,20,20,16,57,20,1,15,16,73,65,11.952,335,1,36.19886,-120.104485,82.278,9,600,58,3,"e00fce686dc2ef0a68fa40b0",2026-09-18 13:00:02.21,2026-09-18 13:00:02.453,2026-09-18 13:00:02.453,2026-09-18
"778","7JcRgUKFzX","MOOSPMv3Parser",1789736400,2,2,8,6,6,8,8,7,7,8,394,291,100278,60,59,9,59,59,14,59,59,1,24,14,47,71,4.327,191,1,35.96323,-119.291862,47.483002,7,600,58,3,"e00fce68d6b773b56ce8baa0",2026-09-18 13:00:02.321,2026-09-18 13:00:02.678,2026-09-18 13:00:02.678,2026-09-18
"779","BmnGk1iK0D","MOOSPMv3Parser",1789736401,7,7,0,11,11,0,0,12,12,0,2202,419,61665,72,0,6,0,0,14,93,0,0,14,14,79,79,16.234,307,1,36.503189,-120.325417,62.060001,8,600,58,3,"e00fce68e77e43df92405fdb",2026-09-18 13:00:02.785,2026-09-18 13:00:03.198,2026-09-18 13:00:03.198,2026-09-18
"780","75jz1EUkCC","MOOSPMv3Parser",1789736400,10,10,8,17,17,8,8,17,17,8,1949,532,244869,104,61,8,61,61,13,82,61,0,13,13,73,72,1.605,185,1,35.949547,-119.049881,112.867996,8,600,58,3,"e00fce6808784ceaf209f949",2026-09-18 13:00:03.057,2026-09-18 13:00:03.294,2026-09-18 13:00:03.294,2026-09-18
"781","GdsThYEBUI","MOOSPMv3Parser",1789736400,5,5,4,8,8,5,5,8,8,5,980,281,218185,52,34,4,34,34,16,62,34,1,16,17,69,65,22.281,212,3277,1.7e-05,-0.004275,33454.34375,10,600,58,3,"e00fce68e28dcbc9a589be10",2026-09-18 13:00:03.299,2026-09-18 13:00:03.693,2026-09-18 13:00:03.693,2026-09-18
"782","c347NRzEKn","MOOSPMv3Parser",1789736400,7,7,6,11,11,7,7,12,12,7,1643,393,144610,79,50,6,50,50,14,92,50,0,15,15,74,74,2.796,182,1,35.77504,-119.238541,68.662003,9,600,58,3,"e00fce68e88237db75a60608",2026-09-18 13:00:03.556,2026-09-18 13:00:03.734,2026-09-18 13:00:03.734,2026-09-18
"783","AxBojPg6Br","MOOSPMv3Parser",1789736401,7,7,7,12,12,7,7,14,14,7,1287,399,186929,84,54,11,54,54,0,0,54,0,14,15,81,80,14.298,246,1,36.433681,-119.923355,28.771999,8,600,58,3,"e00fce6876826e255108c6bd",2026-09-18 13:00:05.005,2026-09-18 13:00:05.211,2026-09-18 13:00:05.211,2026-09-18
"784","wdiINABxnF","MOOSPMv3Parser",1789736401,3,3,4,6,6,5,5,6,6,5,858,216,305703,42,34,3,34,34,13,72,34,0,16,13,59,71,15.301,265,1,36.139038,-120.368393,186.848007,6,600,58,3,"e00fce6850cac69f647dc199",2026-09-18 13:00:05.39,2026-09-18 13:00:05.606,2026-09-18 13:00:05.606,2026-09-18
"785","rgLcjfU1dQ","MOOSPMv3Parser",1789736401,9,9,0,15,15,0,0,17,17,0,2020,492,0,101,0,13,0,0,15,78,0,2,15,15,75,74,9.11,242,1,36.187416,-119.821945,37.229,9,600,58,3,"e00fce68e739ecbcf9e91965",2026-09-18 13:00:05.52,2026-09-18 13:00:05.793,2026-09-18 13:00:05.793,2026-09-18
"786","oMEq9odPgt","MOOSPMv3Parser",1789736401,8,8,7,12,12,7,7,13,13,7,1601,450,108015,76,55,4,55,55,13,78,55,0,12,14,86,74,6.551,150,1,36.523254,-119.278854,85.415001,5,600,58,3,"e00fce68f12da1a0c5de6248",2026-09-18 13:00:06.762,2026-09-18 13:00:06.91,2026-09-18 13:00:06.91,2026-09-18
"787","erC9k7zPJm","MOOSPMv3Parser",1789737000,0,0,3,2,2,3,3,2,2,3,298,195,46777,32,21,4,21,22,16,58,22,1,15,16,74,66,12.812,323,1,36.198692,-120.104439,62.879002,7,600,58,3,"e00fce686dc2ef0a68fa40b0",2026-09-18 13:10:02.511,2026-09-18 13:10:02.721,2026-09-18 13:10:02.721,2026-09-18
"788","mLNDi1Q6X0","MOOSPMv3Parser",1789737000,1,1,7,5,5,7,8,6,6,8,370,275,100325,58,55,8,55,55,14,59,55,1,24,14,47,72,4.586,188,1,35.963135,-119.291786,45.316002,8,600,58,3,"e00fce68d6b773b56ce8baa0",2026-09-18 13:10:02.655,2026-09-18 13:10:02.859,2026-09-18 13:10:02.859,2026-09-18
"789","cD7zc83KIC","MOOSPMv3Parser",1789737001,7,7,0,10,10,0,0,11,11,0,2147,402,61665,64,0,5,0,0,14,94,0,0,13,14,81,80,14.02,315,1,36.503174,-120.325439,53.07,11,600,58,3,"e00fce68e77e43df92405fdb",2026-09-18 13:10:02.768,2026-09-18 13:10:02.911,2026-09-18 13:10:02.911,2026-09-18
"790","Ay9QfAgrbV","MOOSPMv3Parser",1789737000,10,10,8,17,17,8,8,18,18,8,1949,532,244918,103,59,9,59,59,13,84,59,0,13,13,75,75,1.335,185,1,35.949665,-119.049843,109.541,9,600,58,3,"e00fce6808784ceaf209f949",2026-09-18 13:10:02.978,2026-09-18 13:10:03.129,2026-09-18 13:10:03.129,2026-09-18
"791","UBsRDo86mS","MOOSPMv3Parser",1789737000,5,5,4,8,8,5,5,8,8,5,1036,297,218579,58,35,4,35,35,16,63,35,1,16,17,69,65,21.929,228,3277,1.1e-05,-0.00425,216.115005,9,599,58,3,"e00fce68e28dcbc9a589be10",2026-09-18 13:10:03.295,2026-09-18 13:10:03.423,2026-09-18 13:10:03.423,2026-09-18
"792","P3CkulPnne","MOOSPMv3Parser",1789737000,7,7,6,11,11,7,7,12,12,7,1658,387,144654,77,50,7,50,50,14,92,50,0,14,15,75,75,2.127,187,1,35.775017,-119.238495,62.012001,10,600,58,3,"e00fce68e88237db75a60608",2026-09-18 13:10:03.626,2026-09-18 13:10:03.763,2026-09-18 13:10:03.763,2026-09-18
"793","vgSANAvI8t","MOOSPMv3Parser",1789737001,7,7,7,13,13,8,8,15,15,8,1356,420,186979,87,57,11,58,58,0,0,58,0,14,15,82,80,14.075,361,1,36.433834,-119.923386,42.352001,8,600,58,3,"e00fce6876826e255108c6bd",2026-09-18 13:10:05.246,2026-09-18 13:10:05.432,2026-09-18 13:10:05.432,2026-09-18
"794","Wy8AwNEodv","MOOSPMv3Parser",1789737001,9,9,0,15,15,0,0,17,17,0,1989,490,0,103,0,14,0,0,15,80,0,2,15,15,75,75,9.282,241,1,36.187527,-119.822159,18.862,7,600,58,3,"e00fce68e739ecbcf9e91965",2026-09-18 13:10:05.537,2026-09-18 13:10:05.687,2026-09-18 13:10:05.687,2026-09-18
"795","MMwgQ3QzAG","MOOSPMv3Parser",1789737001,4,4,4,6,6,5,5,6,6,5,871,220,305735,40,35,3,35,35,13,72,35,0,16,13,59,70,15.951,267,1,36.139206,-120.368469,181.559998,7,600,58,3,"e00fce6850cac69f647dc199",2026-09-18 13:10:05.772,2026-09-18 13:10:05.949,2026-09-18 13:10:05.949,2026-09-18
"796","aaCTp02Ndr","MOOSPMv3Parser",1789737001,8,8,7,11,11,7,7,12,12,7,1524,425,108062,68,53,3,54,54,13,77,54,0,12,14,83,73,6.923,168,1,36.523262,-119.27877,75.375999,5,600,58,3,"e00fce68f12da1a0c5de6248",2026-09-18 13:10:06.75,2026-09-18 13:10:06.933,2026-09-18 13:10:06.933,2026-09-18
"797","UKC1Fxb4RU","MOOSPMv3Parser",1789737600,0,0,7,6,6,8,8,6,6,8,377,278,100373,58,57,8,58,58,14,61,58,1,24,14,47,73,5.29,185,1,35.963158,-119.291794,32.569,11,600,58,3,"e00fce68d6b773b56ce8baa0",2026-09-18 13:20:02.357,2026-09-18 13:20:02.58,2026-09-18 13:20:02.58,2026-09-18
"798","BoDb7CKFEJ","MOOSPMv3Parser",1789737600,0,0,3,1,1,3,3,2,2,3,288,188,46794,32,21,3,21,21,16,59,21,0,15,16,73,67,14.401,259,1,36.198853,-120.104492,85.356003,7,600,58,3,"e00fce686dc2ef0a68fa40b0",2026-09-18 13:20:02.822,2026-09-18 13:20:02.997,2026-09-18 13:20:02.997,2026-09-18
"799","moZU7HirgF","MOOSPMv3Parser",1789737600,11,11,8,18,18,8,8,19,19,8,2031,559,244968,111,62,9,62,62,13,84,62,0,12,13,76,76,1.088,185,1,35.949497,-119.049919,128.074997,8,600,58,3,"e00fce6808784ceaf209f949",2026-09-18 13:20:02.969,2026-09-18 13:20:03.128,2026-09-18 13:20:03.128,2026-09-18
"800","Q2xn9msEKQ","MOOSPMv3Parser",1789737601,7,7,0,11,11,0,0,12,12,0,2169,414,61665,68,0,4,0,0,14,95,0,0,13,14,82,81,13.88,318,1,36.503139,-120.325432,56.276001,9,600,58,3,"e00fce68e77e43df92405fdb",2026-09-18 13:20:02.936,2026-09-18 13:20:03.195,2026-09-18 13:20:03.195,2026-09-18
"801","BrK3FJyvkU","MOOSPMv3Parser",1789737600,5,5,5,8,8,5,5,8,8,6,1063,302,218247,56,37,3,37,37,16,63,37,1,16,17,69,65,21.338,243,3277,1.1e-05,-0.00425,216.115005,9,600,58,3,"e00fce68e28dcbc9a589be10",2026-09-18 13:20:03.303,2026-09-18 13:20:03.554,2026-09-18 13:20:03.554,2026-09-18
"802","D7T6jtCbBC","MOOSPMv3Parser",1789737600,7,7,6,12,12,7,7,12,12,7,1661,393,144698,83,50,7,51,51,14,92,51,0,14,14,76,74,0.413,204,1,35.775036,-119.238518,70.058998,7,600,58,3,"e00fce68e88237db75a60608",2026-09-18 13:20:03.625,2026-09-18 13:20:03.76,2026-09-18 13:20:03.76,2026-09-18
"803","5Pb48AfRh6","MOOSPMv3Parser",1789737601,3,3,4,6,6,5,5,6,6,5,854,213,305767,43,34,3,35,35,13,71,35,0,15,13,59,70,16.052,263,1,36.139011,-120.36837,173.701996,8,600,58,3,"e00fce6850cac69f647dc199",2026-09-18 13:20:04.741,2026-09-18 13:20:04.923,2026-09-18 13:20:04.923,2026-09-18
"804","R8eaP2IHzp","MOOSPMv3Parser",1789737601,8,8,8,13,13,8,8,15,15,8,1421,443,187031,92,60,9,60,60,0,0,60,0,14,15,82,81,13.684,457,1,36.433533,-119.923302,5.214,7,600,58,3,"e00fce6876826e255108c6bd",2026-09-18 13:20:05.23,2026-09-18 13:20:05.422,2026-09-18 13:20:05.422,2026-09-18
"805","AGvonjivSE","MOOSPMv3Parser",1789737601,9,9,0,16,16,0,0,17,17,0,2001,491,0,101,0,13,0,0,15,81,0,2,15,15,76,76,9.684,239,1,36.187485,-119.822029,27.343,6,600,58,3,"e00fce68e739ecbcf9e91965",2026-09-18 13:20:05.446,2026-09-18 13:20:05.614,2026-09-18 13:20:05.614,2026-09-18
"806","wlXJjEqUQo","MOOSPMv3Parser",1789737601,8,8,7,12,12,8,8,13,13,8,1582,444,108113,73,58,5,58,58,13,77,58,0,11,13,85,73,4.665,142,1,36.523342,-119.278809,90.906998,7,600,58,3,"e00fce68f12da1a0c5de6248",2026-09-18 13:20:06.814,2026-09-18 13:20:07.016,2026-09-18 13:20:07.016,2026-09-18
"807","SKk9ddmXN2","MOOSPMv3Parser",1789738200,0,0,3,2,2,3,3,2,2,4,295,196,46813,34,23,4,23,23,16,58,23,1,15,16,74,68,14.564,245,1,36.19883,-120.104446,95.310997,8,600,58,3,"e00fce686dc2ef0a68fa40b0",2026-09-18 13:30:02.11,2026-09-18 13:30:02.314,2026-09-18 13:30:02.314,2026-09-18
"808","eyLFqTP8nq","MOOSPMv3Parser",1789738200,1,1,7,6,6,8,8,6,6,8,373,277,100421,58,58,9,58,58,14,60,58,1,24,14,47,73,5.663,183,1,35.963203,-119.291832,46.588001,11,600,58,3,"e00fce68d6b773b56ce8baa0",2026-09-18 13:30:02.582,2026-09-18 13:30:02.743,2026-09-18 13:30:02.743,2026-09-18
"809","ZZEdwPGfWO","MOOSPMv3Parser",1789738201,8,8,0,11,11,0,0,12,12,0,2188,427,61665,66,0,5,0,0,14,96,0,0,13,14,82,81,13.824,314,1,36.503139,-120.325432,56.283001,0,600,58,3,"e00fce68e77e43df92405fdb",2026-09-18 13:30:02.685,2026-09-18 13:30:02.854,2026-09-18 13:30:02.854,2026-09-18
"810","9TtXa9Oq8i","MOOSPMv3Parser",1789738200,10,10,8,17,17,8,8,18,18,9,2030,550,245023,105,63,7,63,63,13,85,63,0,12,13,76,76,1.182,184,1,35.949505,-119.049904,133.996994,7,600,58,3,"e00fce6808784ceaf209f949",2026-09-18 13:30:03.14,2026-09-18 13:30:03.282,2026-09-18 13:30:03.282,2026-09-18
"811","WBTYfcN3eg","MOOSPMv3Parser",1789738200,5,5,5,8,8,5,5,8,8,5,1021,293,218279,60,37,4,37,37,16,63,37,1,15,17,70,65,20.446,251,3277,1.1e-05,-0.00425,216.115005,9,600,58,3,"e00fce68e28dcbc9a589be10",2026-09-18 13:30:03.313,2026-09-18 13:30:03.468,2026-09-18 13:30:03.468,2026-09-18
"812","bERL5jzH0Z","MOOSPMv3Parser",1789738200,7,7,6,11,11,7,7,12,12,7,1645,389,144740,80,50,7,50,50,14,92,50,0,14,14,77,75,0.065,203,1,35.775036,-119.238518,70.055,0,600,58,3,"e00fce68e88237db75a60608",2026-09-18 13:30:03.707,2026-09-18 13:30:03.851,2026-09-18 13:30:03.851,2026-09-18
"813","jKqoxkjJRq","MOOSPMv3Parser",1789738201,3,3,5,6,6,5,5,7,7,5,845,213,305800,46,36,4,36,36,12,70,36,0,15,12,58,69,15.202,263,1,36.138977,-120.368401,180.117004,8,600,58,3,"e00fce6850cac69f647dc199",2026-09-18 13:30:05.072,2026-09-18 13:30:05.24,2026-09-18 13:30:05.24,2026-09-18
"814","rWupoKGlHP","MOOSPMv3Parser",1789738201,8,8,8,14,14,8,8,16,16,8,1477,456,187082,96,59,13,60,60,1,0,60,0,14,15,83,81,13.702,464,1,36.433643,-119.923401,41.146999,10,600,58,3,"e00fce6876826e255108c6bd",2026-09-18 13:30:05.089,2026-09-18 13:30:05.25,2026-09-18 13:30:05.25,2026-09-18
"815","cn9AUddlYv","MOOSPMv3Parser",1789738201,8,8,0,15,15,0,0,16,16,0,1920,472,0,99,0,13,0,0,15,81,0,2,15,15,76,76,9.721,234,1,36.187508,-119.82196,32.884998,7,600,58,3,"e00fce68e739ecbcf9e91965",2026-09-18 13:30:05.38,2026-09-18 13:30:05.573,2026-09-18 13:30:05.573,2026-09-18
"816","uFXPEeYSr9","MOOSPMv3Parser",1789738201,8,8,8,12,12,8,8,13,13,8,1601,448,108165,75,60,5,60,60,13,78,60,0,11,13,88,75,3.402,117,1,36.523323,-119.278839,86.879997,6,600,58,3,"e00fce68f12da1a0c5de6248",2026-09-18 13:30:06.967,2026-09-18 13:30:07.148,2026-09-18 13:30:07.148,2026-09-18
"817","XGZ8rSAM3O","MOOSPMv3Parser",1789738800,1,1,7,6,6,8,8,6,6,8,371,275,100468,58,56,8,56,56,14,59,56,1,24,14,47,73,5.885,180,1,35.963295,-119.291817,35.034,10,600,58,3,"e00fce68d6b773b56ce8baa0",2026-09-18 13:40:02.27,2026-09-18 13:40:02.441,2026-09-18 13:40:02.441,2026-09-18
"818","rBos1dPms7","MOOSPMv3Parser",1789738800,0,0,3,2,2,3,3,2,2,3,301,200,46831,37,21,4,22,22,16,58,22,0,15,16,74,67,12.805,284,1,36.19886,-120.104393,87.528999,6,600,58,3,"e00fce686dc2ef0a68fa40b0",2026-09-18 13:40:02.185,2026-09-18 13:40:02.458,2026-09-18 13:40:02.458,2026-09-18
"819","nbWEvjljTe","MOOSPMv3Parser",1789738801,7,7,0,11,11,0,0,12,12,0,2163,409,61665,66,0,5,0,0,13,95,0,0,13,13,80,80,13.656,312,1,36.503155,-120.325386,55.174,12,600,58,3,"e00fce68e77e43df92405fdb",2026-09-18 13:40:02.93,2026-09-18 13:40:03.083,2026-09-18 13:40:03.083,2026-09-18
"820","OCU8OQRTMe","MOOSPMv3Parser",1789738800,10,10,8,17,17,8,8,18,18,8,2002,544,245076,101,62,8,63,63,13,86,63,0,12,13,77,76,1.176,183,1,35.949627,-119.049973,92.931,7,600,58,3,"e00fce6808784ceaf209f949",2026-09-18 13:40:03.071,2026-09-18 13:40:03.227,2026-09-18 13:40:03.227,2026-09-18
"821","DUsxLc4OMO","MOOSPMv3Parser",1789738800,5,5,5,9,9,5,6,10,10,6,1118,318,218312,67,39,6,39,39,16,65,39,1,15,17,71,67,19.734,267,3277,1.1e-05,-0.00425,216.115005,9,600,58,3,"e00fce68e28dcbc9a589be10",2026-09-18 13:40:03.318,2026-09-18 13:40:03.471,2026-09-18 13:40:03.471,2026-09-18
"822","9hGJwQHWbH","MOOSPMv3Parser",1789738800,7,7,7,12,12,7,7,13,13,7,1737,413,144785,86,52,8,52,52,14,93,52,0,13,14,78,76,0.006,206,1,35.775043,-119.238525,69.195999,8,600,58,3,"e00fce68e88237db75a60608",2026-09-18 13:40:03.76,2026-09-18 13:40:03.935,2026-09-18 13:40:03.935,2026-09-18
"823","i8RUvswUMK","MOOSPMv3Parser",1789738801,8,8,8,14,14,9,9,17,17,9,1492,465,187139,97,65,12,65,65,0,0,65,0,14,15,83,81,13.675,472,1,36.433575,-119.923401,34.685001,6,600,58,3,"e00fce6876826e255108c6bd",2026-09-18 13:40:05.089,2026-09-18 13:40:05.271,2026-09-18 13:40:05.271,2026-09-18
"824","O1YabxGKnA","MOOSPMv3Parser",1789738801,3,3,5,5,5,5,6,7,7,6,845,211,305832,42,38,3,38,38,12,71,38,1,15,12,58,70,16.668,259,1,36.139019,-120.368378,176.710999,7,600,58,3,"e00fce6850cac69f647dc199",2026-09-18 13:40:05.318,2026-09-18 13:40:05.519,2026-09-18 13:40:05.519,2026-09-18
"825","hOfGFyXVeN","MOOSPMv3Parser",1789738801,9,9,0,15,15,0,0,17,17,0,1998,491,0,94,0,14,0,0,15,82,0,2,15,15,76,76,6.721,249,1,36.187531,-119.82209,19.250999,6,600,58,3,"e00fce68e739ecbcf9e91965",2026-09-18 13:40:05.445,2026-09-18 13:40:05.594,2026-09-18 13:40:05.594,2026-09-18
"826","5emeKD7uCO","MOOSPMv3Parser",1789738801,9,9,8,13,13,9,9,14,14,9,1751,489,108221,82,64,5,64,64,13,79,64,0,11,13,89,77,1.986,124,1,36.523335,-119.278793,85,5,600,58,3,"e00fce68f12da1a0c5de6248",2026-09-18 13:40:06.84,2026-09-18 13:40:07.002,2026-09-18 13:40:07.002,2026-09-18
"827","tLGn7vcrp0","MOOSPMv3Parser",1789739400,0,0,3,2,2,3,3,2,2,3,300,196,46847,35,20,4,20,20,16,59,20,0,15,16,74,68,13.371,271,1,36.198875,-120.104469,76.884003,8,600,58,3,"e00fce686dc2ef0a68fa40b0",2026-09-18 13:50:02.511,2026-09-18 13:50:02.71,2026-09-18 13:50:02.71,2026-09-18
"828","CbHWt5ij7c","MOOSPMv3Parser",1789739400,1,1,8,6,6,9,10,7,7,10,387,289,100522,66,65,9,66,66,14,60,66,1,24,14,47,74,5.76,180,1,35.963211,-119.291824,41.416,9,600,58,3,"e00fce68d6b773b56ce8baa0",2026-09-18 13:50:02.723,2026-09-18 13:50:02.894,2026-09-18 13:50:02.894,2026-09-18
"829","phoje8CCyP","MOOSPMv3Parser",1789739401,7,7,0,11,11,0,0,11,11,0,2344,405,61665,64,0,5,0,0,13,94,0,0,13,13,79,79,13.801,306,1,36.503128,-120.325348,52.643002,8,600,58,3,"e00fce68e77e43df92405fdb",2026-09-18 13:50:02.759,2026-09-18 13:50:02.936,2026-09-18 13:50:02.936,2026-09-18
"830","aGmeSnx4yX","MOOSPMv3Parser",1789739400,11,11,9,17,17,9,9,19,19,9,2102,572,245134,111,67,9,67,67,13,86,67,0,12,13,75,76,1.214,182,1,35.949657,-119.049957,106.236,6,600,58,3,"e00fce6808784ceaf209f949",2026-09-18 13:50:03,2026-09-18 13:50:03.169,2026-09-18 13:50:03.169,2026-09-18
"831","rwWivEw6oM","MOOSPMv3Parser",1789739400,5,5,5,9,9,5,5,10,10,5,1127,323,218343,62,37,6,37,37,16,66,37,1,15,16,72,68,19.354,258,3277,1.1e-05,-0.00425,216.115005,9,600,58,3,"e00fce68e28dcbc9a589be10",2026-09-18 13:50:03.492,2026-09-18 13:50:03.683,2026-09-18 13:50:03.683,2026-09-18
"832","2TZwHGzX9V","MOOSPMv3Parser",1789739400,8,8,7,13,13,7,7,13,13,8,1706,417,144832,84,53,8,54,54,14,94,54,0,13,14,80,77,0.004,246,1,35.775051,-119.238548,66.360001,11,600,58,3,"e00fce68e88237db75a60608",2026-09-18 13:50:03.713,2026-09-18 13:50:03.854,2026-09-18 13:50:03.854,2026-09-18
"833","3JK9ho2kSe","MOOSPMv3Parser",1789739401,8,8,8,14,14,8,8,16,16,9,1440,445,187193,94,63,10,63,63,1,0,63,0,14,15,84,80,13.368,492,1,36.43367,-119.923347,17.385,7,600,58,3,"e00fce6876826e255108c6bd",2026-09-18 13:50:05.24,2026-09-18 13:50:05.397,2026-09-18 13:50:05.397,2026-09-18
"834","h06y41p5fU","MOOSPMv3Parser",1789739401,9,9,0,15,15,0,0,17,17,0,1996,494,0,97,0,12,0,0,15,82,0,2,15,15,77,77,5.174,261,1,36.187527,-119.822067,31.191999,8,600,58,3,"e00fce68e739ecbcf9e91965",2026-09-18 13:50:05.474,2026-09-18 13:50:05.627,2026-09-18 13:50:05.627,2026-09-18
"835","CMhyRAx4ua","MOOSPMv3Parser",1789739401,3,3,5,6,6,6,6,7,7,6,868,217,305865,43,41,3,41,41,12,71,41,1,15,12,59,70,17.108,253,1,36.139034,-120.368408,151.889999,6,600,58,3,"e00fce6850cac69f647dc199",2026-09-18 13:50:05.713,2026-09-18 13:50:05.861,2026-09-18 13:50:05.861,2026-09-18
"836","hPXZ6kXxmO","MOOSPMv3Parser",1789739401,9,9,9,13,13,9,9,14,14,9,1767,496,108281,84,68,5,69,69,13,80,69,0,11,13,88,79,1.753,158,1,36.523418,-119.278847,91.294998,6,600,58,3,"e00fce68f12da1a0c5de6248",2026-09-18 13:50:06.849,2026-09-18 13:50:07.137,2026-09-18 13:50:07.137,2026-09-18
"837","sWGjKA0I7Z","MOOSPMv3Parser",1789740000,1,1,7,5,5,8,8,6,6,9,354,261,100568,55,56,9,57,57,14,60,57,1,24,13,47,74,5.602,179,1,35.963173,-119.291832,47.493999,8,600,58,3,"e00fce68d6b773b56ce8baa0",2026-09-18 14:00:02.179,2026-09-18 14:00:02.369,2026-09-18 14:00:02.369,2026-09-18
"838","aiUF1fHYrW","MOOSPMv3Parser",1789740001,7,7,0,11,11,0,0,11,11,0,2678,429,61665,62,0,5,0,0,13,94,0,0,13,13,79,79,14.093,299,1,36.503174,-120.325447,63.397999,8,600,58,3,"e00fce68e77e43df92405fdb",2026-09-18 14:00:02.971,2026-09-18 14:00:03.3,2026-09-18 14:00:03.3,2026-09-18
"839","sHCkBzsxeW","MOOSPMv3Parser",1789740000,0,0,3,2,2,3,3,2,2,3,299,196,46864,34,20,3,20,20,16,58,20,0,14,16,75,67,12.492,281,1,36.198853,-120.104469,81.499001,10,600,58,3,"e00fce686dc2ef0a68fa40b0",2026-09-18 14:00:03.013,2026-09-18 14:00:03.326,2026-09-18 14:00:03.326,2026-09-18
"840","dNQbNxLIkP","MOOSPMv3Parser",1789740000,12,12,8,19,19,9,9,21,21,9,2228,609,245190,112,65,10,65,65,13,86,65,0,12,13,76,76,1.199,182,1,35.949524,-119.049957,108.924004,7,600,58,3,"e00fce6808784ceaf209f949",2026-09-18 14:00:03.061,2026-09-18 14:00:03.409,2026-09-18 14:00:03.409,2026-09-18
"841","dyhtM8RF4V","MOOSPMv3Parser",1789740000,6,6,5,9,9,6,6,10,10,6,1159,333,218379,65,41,5,41,41,16,67,41,1,15,16,72,68,18.633,277,3277,1.1e-05,-0.00425,216.115005,9,600,58,3,"e00fce68e28dcbc9a589be10",2026-09-18 14:00:03.379,2026-09-18 14:00:03.56,2026-09-18 14:00:03.56,2026-09-18
"842","WkVCtM5o6A","MOOSPMv3Parser",1789740000,7,7,7,12,12,8,8,13,13,8,1665,405,144880,90,55,6,55,55,13,95,55,0,13,14,81,78,0.006,247,1,35.77507,-119.238564,70.306999,10,600,58,3,"e00fce68e88237db75a60608",2026-09-18 14:00:03.706,2026-09-18 14:00:03.886,2026-09-18 14:00:03.886,2026-09-18
"843","ZeUWRUCH0Y","MOOSPMv3Parser",1789740001,4,4,5,6,6,6,6,7,7,6,889,225,305897,48,38,4,39,39,12,71,39,1,15,12,59,70,16.628,252,1,36.139034,-120.368408,151.889999,0,600,58,3,"e00fce6850cac69f647dc199",2026-09-18 14:00:04.819,2026-09-18 14:00:04.997,2026-09-18 14:00:04.997,2026-09-18
"844","R8c8xj1aob","MOOSPMv3Parser",1789740001,8,8,8,13,13,8,8,16,16,8,1448,450,187247,93,61,10,61,62,0,0,62,0,14,15,84,81,12.947,499,1,36.433693,-119.92337,19.344999,5,600,58,3,"e00fce6876826e255108c6bd",2026-09-18 14:00:05.16,2026-09-18 14:00:05.308,2026-09-18 14:00:05.308,2026-09-18
"845","N4WCM9s0cj","MOOSPMv3Parser",1789740001,9,9,0,15,15,0,0,16,16,0,1991,492,0,98,0,11,0,0,15,83,0,2,15,15,78,77,8.004,243,1,36.187542,-119.821976,37.089001,7,600,58,3,"e00fce68e739ecbcf9e91965",2026-09-18 14:00:05.518,2026-09-18 14:00:05.803,2026-09-18 14:00:05.803,2026-09-18
"846","6Uc9RZSo1W","MOOSPMv3Parser",1789740001,9,9,9,13,13,9,9,14,14,9,1734,487,108339,82,67,4,67,67,13,79,67,0,11,13,87,76,3.17,181,1,36.523323,-119.278839,78.203003,7,600,58,3,"e00fce68f12da1a0c5de6248",2026-09-18 14:00:06.828,2026-09-18 14:00:07,2026-09-18 14:00:07,2026-09-18
"847","FqcOvlFzr4","MOOSPMv3Parser",1789740600,0,0,3,2,2,3,3,3,3,3,313,210,46882,36,22,4,22,22,16,59,22,1,15,16,76,68,11.984,281,1,36.198868,-120.104469,72.496002,9,600,58,3,"e00fce686dc2ef0a68fa40b0",2026-09-18 14:10:02.13,2026-09-18 14:10:02.306,2026-09-18 14:10:02.306,2026-09-18
"848","XGQutx2zIe","MOOSPMv3Parser",1789740600,1,1,7,6,6,8,8,6,6,8,373,275,100615,59,56,8,56,56,14,61,56,1,24,13,47,75,6.041,177,1,35.963112,-119.291809,39.487999,6,600,58,3,"e00fce68d6b773b56ce8baa0",2026-09-18 14:10:02.568,2026-09-18 14:10:02.816,2026-09-18 14:10:02.816,2026-09-18
"849","NZ6ZK1p8jX","MOOSPMv3Parser",1789740601,7,7,0,11,11,0,0,11,11,0,2493,419,61665,63,0,6,0,0,14,94,0,0,13,13,79,80,14.055,297,1,36.503151,-120.325394,52.688999,8,600,58,3,"e00fce68e77e43df92405fdb",2026-09-18 14:10:02.933,2026-09-18 14:10:03.106,2026-09-18 14:10:03.106,2026-09-18
"850","C753Htem6j","MOOSPMv3Parser",1789740600,12,12,8,19,19,9,9,20,20,9,2215,602,245248,115,66,9,66,66,13,86,66,0,12,13,75,76,1.226,182,1,35.949608,-119.050079,102.607002,7,600,58,3,"e00fce6808784ceaf209f949",2026-09-18 14:10:03.208,2026-09-18 14:10:03.345,2026-09-18 14:10:03.345,2026-09-18
"851","O06voBgrVj","MOOSPMv3Parser",1789740600,5,5,5,8,8,6,6,9,9,6,1070,308,218413,58,40,3,40,40,16,68,40,1,15,16,72,69,19.102,262,3277,1.1e-05,-0.00425,216.115005,9,600,58,3,"e00fce68e28dcbc9a589be10",2026-09-18 14:10:03.496,2026-09-18 14:10:03.676,2026-09-18 14:10:03.676,2026-09-18
"852","nnAi5rAT0F","MOOSPMv3Parser",1789740600,8,8,7,12,12,8,8,13,13,8,1692,416,144928,87,55,8,56,56,14,95,56,0,13,14,80,78,0.004,235,1,35.77499,-119.238503,57.977001,9,600,58,3,"e00fce68e88237db75a60608",2026-09-18 14:10:03.706,2026-09-18 14:10:03.861,2026-09-18 14:10:03.861,2026-09-18
"853","UhsN3JRcaO","MOOSPMv3Parser",1789740601,4,4,5,6,6,5,5,6,6,6,859,215,305929,42,37,4,38,38,12,70,38,1,15,12,57,69,14.801,260,1,36.13903,-120.368401,165.908005,13,600,58,3,"e00fce6850cac69f647dc199",2026-09-18 14:10:05.063,2026-09-18 14:10:05.253,2026-09-18 14:10:05.253,2026-09-18
"854","1BiwxRzvn4","MOOSPMv3Parser",1789740601,7,7,8,13,13,8,8,15,15,8,1382,428,187299,91,60,12,61,61,0,0,61,0,14,15,83,81,13.076,499,1,36.433693,-119.92337,19.351,0,600,58,3,"e00fce6876826e255108c6bd",2026-09-18 14:10:05.085,2026-09-18 14:10:05.261,2026-09-18 14:10:05.261,2026-09-18
"855","K550M4pLQf","MOOSPMv3Parser",1789740601,9,9,0,16,16,0,0,18,18,0,2025,504,0,105,0,15,0,0,15,83,0,2,15,15,79,77,8.017,245,1,36.187508,-119.82196,33.167,6,600,58,3,"e00fce68e739ecbcf9e91965",2026-09-18 14:10:05.599,2026-09-18 14:10:05.8,2026-09-18 14:10:05.8,2026-09-18
"856","s7f2OLZnkX","MOOSPMv3Parser",1789740601,10,10,9,15,15,9,10,16,16,10,1936,548,108401,89,71,5,71,71,13,81,71,0,12,13,87,81,4.797,199,1,36.523468,-119.278816,86.348999,5,600,58,3,"e00fce68f12da1a0c5de6248",2026-09-18 14:10:06.765,2026-09-18 14:10:06.921,2026-09-18 14:10:06.921,2026-09-18
"857","63t1RkMKb4","MOOSPMv3Parser",1789741200,1,1,4,3,3,4,5,3,3,5,327,223,46905,41,27,4,28,28,16,59,28,1,15,16,76,69,12.184,271,1,36.198788,-120.104408,78.499001,10,600,58,3,"e00fce686dc2ef0a68fa40b0",2026-09-18 14:20:02.257,2026-09-18 14:20:02.433,2026-09-18 14:20:02.433,2026-09-18
"858","9ImfdVxu5Q","MOOSPMv3Parser",1789741200,1,1,7,5,5,8,8,6,6,8,367,272,100661,56,56,7,56,56,14,61,56,1,13,14,78,74,6.728,175,1,35.963169,-119.291763,51.59,5,600,58,3,"e00fce68d6b773b56ce8baa0",2026-09-18 14:20:02.421,2026-09-18 14:20:02.625,2026-09-18 14:20:02.625,2026-09-18
"859","wkyvYMhj6C","MOOSPMv3Parser",1789741201,7,7,0,10,10,0,0,11,11,0,2162,389,61665,62,0,5,0,0,14,94,0,0,14,14,79,80,13.451,295,1,36.503174,-120.325394,59.592999,7,600,58,3,"e00fce68e77e43df92405fdb",2026-09-18 14:20:02.992,2026-09-18 14:20:03.134,2026-09-18 14:20:03.134,2026-09-18
"860","WOFaZbANgk","MOOSPMv3Parser",1789741200,13,13,9,19,19,9,9,21,21,9,2368,639,245307,117,67,9,67,67,13,86,67,0,13,13,74,76,1.145,181,1,35.94957,-119.050034,115.338997,7,600,58,3,"e00fce6808784ceaf209f949",2026-09-18 14:20:03.1,2026-09-18 14:20:03.25,2026-09-18 14:20:03.25,2026-09-18
"861","1XX9hf736C","MOOSPMv3Parser",1789741200,6,6,5,9,9,6,6,9,9,6,1122,320,218448,60,41,4,41,41,16,68,41,0,16,16,70,69,19.683,241,3277,1.1e-05,-0.00425,216.115005,9,600,58,3,"e00fce68e28dcbc9a589be10",2026-09-18 14:20:03.492,2026-09-18 14:20:03.702,2026-09-18 14:20:03.702,2026-09-18
"862","uHJnmtWtGZ","MOOSPMv3Parser",1789741200,8,8,7,13,13,8,8,14,14,8,1750,436,144977,93,56,7,57,57,14,95,57,0,14,14,79,77,0.007,229,1,35.775059,-119.23851,64.300003,9,600,58,3,"e00fce68e88237db75a60608",2026-09-18 14:20:04.029,2026-09-18 14:20:04.226,2026-09-18 14:20:04.226,2026-09-18
"863","ge2XiJlYAT","MOOSPMv3Parser",1789741201,8,8,7,14,14,8,8,16,16,8,1475,457,187350,98,58,13,58,58,0,0,58,0,14,15,81,81,12.461,499,1,36.433727,-119.923378,33.883999,7,600,58,3,"e00fce6876826e255108c6bd",2026-09-18 14:20:05.095,2026-09-18 14:20:05.334,2026-09-18 14:20:05.334,2026-09-18
"864","D0T5gbbib3","MOOSPMv3Parser",1789741201,9,9,0,16,16,0,0,17,17,0,2060,508,0,103,0,11,0,0,15,83,0,2,15,15,78,77,5.517,271,1,36.187508,-119.82196,33.162998,0,600,58,3,"e00fce68e739ecbcf9e91965",2026-09-18 14:20:05.448,2026-09-18 14:20:05.613,2026-09-18 14:20:05.613,2026-09-18
"865","NE9VdLZr3j","MOOSPMv3Parser",1789741201,4,4,5,6,6,5,5,7,7,5,904,222,305962,46,37,4,38,38,12,70,38,0,16,12,57,70,15.169,260,1,36.138939,-120.36837,175.561005,7,600,58,3,"e00fce6850cac69f647dc199",2026-09-18 14:20:05.465,2026-09-18 14:20:05.624,2026-09-18 14:20:05.624,2026-09-18
"866","qAaMxjxbQF","MOOSPMv3Parser",1789741201,12,12,10,18,18,11,11,19,19,11,2275,642,108472,111,81,6,82,82,13,82,82,0,12,13,86,81,6.018,205,1,36.523449,-119.278931,84.023003,5,600,58,3,"e00fce68f12da1a0c5de6248",2026-09-18 14:20:06.755,2026-09-18 14:20:06.963,2026-09-18 14:20:06.963,2026-09-18
"867","eEc47ACJWP","MOOSPMv3Parser",1789741800,0,0,3,2,2,3,3,3,3,3,308,203,46923,36,22,3,22,22,16,60,22,1,15,16,75,69,13.207,261,1,36.198868,-120.104385,63.653999,8,600,58,3,"e00fce686dc2ef0a68fa40b0",2026-09-18 14:30:01.933,2026-09-18 14:30:02.11,2026-09-18 14:30:02.11,2026-09-18
"868","9Zlctm2ffz","MOOSPMv3Parser",1789741800,1,1,7,5,5,8,8,6,6,8,377,278,100710,57,58,8,58,58,14,61,58,1,14,14,77,73,7.414,171,1,35.963146,-119.291824,43.863998,8,600,58,3,"e00fce68d6b773b56ce8baa0",2026-09-18 14:30:02.497,2026-09-18 14:30:02.694,2026-09-18 14:30:02.694,2026-09-18
"869","DdKvp8HcpH","MOOSPMv3Parser",1789741801,7,7,0,10,10,0,0,11,11,0,2074,390,61665,61,0,5,0,0,14,93,0,0,14,14,77,79,13.56,297,1,36.50317,-120.325363,46.644001,8,600,58,3,"e00fce68e77e43df92405fdb",2026-09-18 14:30:02.688,2026-09-18 14:30:02.873,2026-09-18 14:30:02.873,2026-09-18
"870","rM7ZxTBMaZ","MOOSPMv3Parser",1789741800,12,12,8,19,19,9,9,21,21,9,2287,632,245365,116,65,9,65,65,13,86,65,0,13,13,73,76,1.454,180,1,35.94957,-119.050034,115.335999,0,600,58,3,"e00fce6808784ceaf209f949",2026-09-18 14:30:03.075,2026-09-18 14:30:03.249,2026-09-18 14:30:03.249,2026-09-18
"871","6t1IiKEONg","MOOSPMv3Parser",1789741800,5,5,5,8,8,5,5,9,9,6,1092,310,218481,60,38,5,38,38,16,68,38,1,16,16,69,69,20.082,233,3277,1.1e-05,-0.00425,216.115005,9,600,58,3,"e00fce68e28dcbc9a589be10",2026-09-18 14:30:03.382,2026-09-18 14:30:03.567,2026-09-18 14:30:03.567,2026-09-18
"872","afklLyKeXE","MOOSPMv3Parser",1789741800,8,8,8,13,13,8,8,14,14,9,1816,446,145027,93,59,9,59,59,14,94,59,0,14,15,77,75,0.002,228,1,35.775043,-119.238487,42.099998,7,600,58,3,"e00fce68e88237db75a60608",2026-09-18 14:30:03.685,2026-09-18 14:30:03.834,2026-09-18 14:30:03.834,2026-09-18
"873","RkiRz2R0xj","MOOSPMv3Parser",1789741801,9,9,9,16,16,9,9,18,18,9,1610,502,187407,108,67,13,67,67,0,0,67,0,15,15,80,80,12.143,500,1,36.433628,-119.92337,9.782,6,600,58,3,"e00fce6876826e255108c6bd",2026-09-18 14:30:05.088,2026-09-18 14:30:05.243,2026-09-18 14:30:05.243,2026-09-18
"874","LSCyWtqi8o","MOOSPMv3Parser",1789741801,9,9,0,16,16,0,0,18,18,0,2078,516,0,106,0,15,0,0,15,83,0,2,15,15,76,76,3.341,274,1,36.187515,-119.822159,24.826,6,600,58,3,"e00fce68e739ecbcf9e91965",2026-09-18 14:30:05.376,2026-09-18 14:30:05.577,2026-09-18 14:30:05.577,2026-09-18
"875","SEFGLVpiNm","MOOSPMv3Parser",1789741801,4,4,5,6,6,5,6,7,7,6,917,229,305994,48,38,4,38,38,13,72,38,1,16,13,57,71,15.919,253,1,36.138981,-120.368393,168.145996,6,600,58,3,"e00fce6850cac69f647dc199",2026-09-18 14:30:05.713,2026-09-18 14:30:05.942,2026-09-18 14:30:05.942,2026-09-18
"876","USA3lBssDb","MOOSPMv3Parser",1789741801,13,13,11,19,19,12,12,21,21,12,2442,692,108548,119,87,7,87,87,13,82,87,0,13,13,85,81,5.631,200,1,36.523449,-119.278931,84.025002,0,600,58,3,"e00fce68f12da1a0c5de6248",2026-09-18 14:30:06.963,2026-09-18 14:30:07.102,2026-09-18 14:30:07.102,2026-09-18
"877","GfNNMDTrFb","MOOSPMv3Parser",1789742400,1,1,8,6,6,8,8,7,7,8,387,289,100759,63,59,8,60,60,15,60,60,1,14,15,75,71,6.905,169,1,35.963146,-119.291824,43.861,0,600,58,3,"e00fce68d6b773b56ce8baa0",2026-09-18 14:40:02.249,2026-09-18 14:40:02.434,2026-09-18 14:40:02.434,2026-09-18
"878","fM2QiFFf3h","MOOSPMv3Parser",1789742400,0,0,3,2,2,3,3,3,3,3,317,215,46942,38,23,4,24,24,16,60,24,0,16,16,73,69,13.815,247,1,36.198868,-120.104385,63.654999,0,600,58,3,"e00fce686dc2ef0a68fa40b0",2026-09-18 14:40:02.825,2026-09-18 14:40:03.047,2026-09-18 14:40:03.047,2026-09-18
"879","qqeu2HCfOd","MOOSPMv3Parser",1789742401,7,7,0,10,10,0,0,11,11,0,2051,389,61665,61,0,4,0,0,14,92,0,0,15,14,76,77,14.627,290,1,36.50322,-120.325348,54.161999,9,600,58,3,"e00fce68e77e43df92405fdb",2026-09-18 14:40:02.917,2026-09-18 14:40:03.083,2026-09-18 14:40:03.083,2026-09-18
"880","xCJFhQGmK9","MOOSPMv3Parser",1789742400,11,11,8,19,19,9,9,20,20,9,2253,611,245421,115,64,9,65,65,14,86,65,0,14,14,73,77,2.912,178,1,35.949612,-119.050011,94.761002,7,600,58,3,"e00fce6808784ceaf209f949",2026-09-18 14:40:03.138,2026-09-18 14:40:03.293,2026-09-18 14:40:03.293,2026-09-18
"881","EeiIBCxZWe","MOOSPMv3Parser",1789742400,5,5,5,8,8,5,6,9,9,6,1104,315,218513,59,39,5,39,39,16,67,39,1,17,17,67,68,20.441,229,3277,1.1e-05,-0.00425,216.115005,9,600,58,3,"e00fce68e28dcbc9a589be10",2026-09-18 14:40:03.513,2026-09-18 14:40:03.67,2026-09-18 14:40:03.67,2026-09-18
"882","mIC0TcwK4q","MOOSPMv3Parser",1789742400,8,8,8,13,13,9,9,14,14,9,1801,445,145079,92,61,9,61,61,15,92,61,1,15,16,74,72,0.024,227,1,35.775127,-119.238419,91.939003,7,600,58,3,"e00fce68e88237db75a60608",2026-09-18 14:40:03.89,2026-09-18 14:40:04.116,2026-09-18 14:40:04.116,2026-09-18
"883","Nmrd9jObvO","MOOSPMv3Parser",1789742401,4,4,5,6,6,6,6,7,7,6,957,241,306026,48,39,5,40,40,13,71,40,1,17,13,54,69,15.75,248,1,36.138969,-120.36853,152.227005,7,600,58,3,"e00fce6850cac69f647dc199",2026-09-18 14:40:04.814,2026-09-18 14:40:04.953,2026-09-18 14:40:04.953,2026-09-18
"884","tSpgxyFbqp","MOOSPMv3Parser",1789742401,9,9,9,15,15,9,10,18,18,10,1583,493,187466,101,69,13,69,69,1,1,69,0,15,15,80,80,12.058,500,1,36.433624,-119.923393,31,7,600,58,3,"e00fce6876826e255108c6bd",2026-09-18 14:40:05.195,2026-09-18 14:40:05.398,2026-09-18 14:40:05.398,2026-09-18
"885","lOSpQQhfzt","MOOSPMv3Parser",1789742401,9,9,0,15,15,0,0,16,16,0,1969,486,0,99,0,12,0,0,15,82,0,2,16,16,75,75,3.982,263,1,36.187485,-119.822189,18.167,8,600,58,3,"e00fce68e739ecbcf9e91965",2026-09-18 14:40:05.59,2026-09-18 14:40:05.799,2026-09-18 14:40:05.799,2026-09-18
"886","4K5k3rFGdq","MOOSPMv3Parser",1789742401,14,14,12,21,21,12,12,22,22,12,2663,754,108630,132,93,7,94,94,13,82,94,0,13,14,84,81,5.821,209,1,36.523399,-119.278763,80.975998,7,600,58,3,"e00fce68f12da1a0c5de6248",2026-09-18 14:40:11.481,2026-09-18 14:40:11.675,2026-09-18 14:40:11.675,2026-09-18
"887","AUMN2U4vO3","MOOSPMv3Parser",1789743000,0,0,3,2,2,4,4,3,3,4,315,209,46963,36,25,4,25,25,16,59,25,1,16,16,72,68,14.883,232,1,36.198872,-120.104424,70.197998,9,600,58,3,"e00fce686dc2ef0a68fa40b0",2026-09-18 14:50:01.865,2026-09-18 14:50:02.019,2026-09-18 14:50:02.019,2026-09-18
"888","ut3jhG3IvH","MOOSPMv3Parser",1789743001,7,7,3,10,10,3,3,11,11,3,2065,402,61686,63,24,4,25,25,15,91,25,0,15,15,74,75,16.721,278,1,36.503117,-120.325401,60.289001,11,600,58,3,"e00fce68e77e43df92405fdb",2026-09-18 14:50:02.905,2026-09-18 14:50:03.059,2026-09-18 14:50:03.059,2026-09-18
"889","0VLT2EKrNC","MOOSPMv3Parser",1789743000,2,2,8,7,7,8,9,8,8,9,425,320,100811,67,62,8,62,62,15,60,62,1,14,16,76,69,8.015,166,1,35.963158,-119.291771,63.873001,8,600,58,3,"e00fce68d6b773b56ce8baa0",2026-09-18 14:50:03.044,2026-09-18 14:50:03.233,2026-09-18 14:50:03.233,2026-09-18
"890","qwC53x4hHu","MOOSPMv3Parser",1789743000,12,12,8,19,19,9,9,21,21,9,2836,673,245478,117,65,9,66,66,14,86,66,0,14,14,72,75,3.767,174,1,35.94952,-119.049957,114.139,7,600,58,3,"e00fce6808784ceaf209f949",2026-09-18 14:50:03.154,2026-09-18 14:50:03.308,2026-09-18 14:50:03.308,2026-09-18
"891","LddD37dZs1","MOOSPMv3Parser",1789743000,5,5,5,9,9,5,6,9,9,6,1141,327,218546,62,38,5,39,39,17,65,39,1,18,18,66,65,20.491,232,3277,1.1e-05,-0.00425,216.115005,9,600,58,3,"e00fce68e28dcbc9a589be10",2026-09-18 14:50:03.484,2026-09-18 14:50:03.664,2026-09-18 14:50:03.664,2026-09-18
"892","HcLOrbcc8v","MOOSPMv3Parser",1789743000,9,9,9,16,16,9,10,17,17,10,2027,505,145136,112,66,12,67,67,16,90,67,1,16,17,72,70,4.851,170,1,35.775078,-119.238533,74.980003,8,600,58,3,"e00fce68e88237db75a60608",2026-09-18 14:50:03.636,2026-09-18 14:50:03.789,2026-09-18 14:50:03.789,2026-09-18
"893","iYiEShqxGS","MOOSPMv3Parser",1789743001,3,3,5,6,6,5,5,7,7,6,913,230,306058,49,37,4,38,38,14,69,38,0,19,14,51,65,16.731,243,1,36.139011,-120.368378,180.261993,8,600,58,3,"e00fce6850cac69f647dc199",2026-09-18 14:50:05.135,2026-09-18 14:50:05.324,2026-09-18 14:50:05.324,2026-09-18
"894","cGBiOdYaUF","MOOSPMv3Parser",1789743001,9,9,9,17,17,10,10,20,20,10,1669,516,187527,114,70,16,71,71,0,0,71,1,15,15,79,79,12.543,499,1,36.433365,-119.92337,21.372,5,600,58,3,"e00fce6876826e255108c6bd",2026-09-18 14:50:05.168,2026-09-18 14:50:05.362,2026-09-18 14:50:05.362,2026-09-18
"895","4I7De5Erkj","MOOSPMv3Parser",1789743001,9,9,0,16,16,0,0,18,18,0,2021,498,0,106,0,16,0,0,16,80,0,2,16,16,74,73,6.397,255,1,36.187504,-119.822075,33.064999,7,600,58,3,"e00fce68e739ecbcf9e91965",2026-09-18 14:50:05.455,2026-09-18 14:50:05.61,2026-09-18 14:50:05.61,2026-09-18
"896","Tl3YD6aeKP","MOOSPMv3Parser",1789743001,15,15,12,23,23,13,13,24,24,13,2839,804,108714,143,96,8,97,97,14,82,97,0,14,14,83,80,5.85,215,1,36.52335,-119.278694,74.322998,7,600,58,3,"e00fce68f12da1a0c5de6248",2026-09-18 14:50:07.005,2026-09-18 14:50:07.2,2026-09-18 14:50:07.2,2026-09-18
"897","UFj1XRW5R0","MOOSPMv3Parser",1789743600,0,0,3,2,2,4,4,3,3,4,318,214,46983,39,24,4,25,25,16,58,25,1,16,17,71,67,15.037,232,1,36.198936,-120.104401,74.670998,7,600,58,3,"e00fce686dc2ef0a68fa40b0",2026-09-18 15:00:02.185,2026-09-18 15:00:02.372,2026-09-18 15:00:02.372,2026-09-18
"898","p2q3xqiu2l","MOOSPMv3Parser",1789743600,3,3,8,8,8,9,9,9,9,9,452,345,100864,72,63,10,64,64,16,59,64,0,14,16,76,67,7.186,164,1,35.962982,-119.291748,57.776001,6,600,58,3,"e00fce68d6b773b56ce8baa0",2026-09-18 15:00:02.413,2026-09-18 15:00:02.646,2026-09-18 15:00:02.646,2026-09-18
"899","XYr95GQdBc","MOOSPMv3Parser",1789743600,12,12,8,19,19,8,8,20,20,8,2345,622,245532,116,63,9,63,63,14,85,63,0,15,15,71,74,4.798,169,1,35.949482,-119.049942,124.288002,7,600,58,3,"e00fce6808784ceaf209f949",2026-09-18 15:00:03.058,2026-09-18 15:00:03.57,2026-09-18 15:00:03.57,2026-09-18
"900","FKMd0CzeqK","MOOSPMv3Parser",1789743601,8,8,7,11,11,8,8,13,13,8,2197,430,61731,69,52,8,53,53,15,89,53,0,16,16,72,74,18.894,265,1,36.503181,-120.325356,53.046001,8,600,58,3,"e00fce68e77e43df92405fdb",2026-09-18 15:00:03.401,2026-09-18 15:00:03.64,2026-09-18 15:00:03.64,2026-09-18
"901","qfvtHF0ZrF","MOOSPMv3Parser",1789743600,5,5,5,8,8,5,5,8,8,6,1059,303,218577,54,37,4,37,37,18,63,37,1,18,19,65,63,21.423,213,3277,1.1e-05,-0.00425,216.115005,9,600,58,3,"e00fce68e28dcbc9a589be10",2026-09-18 15:00:03.4,2026-09-18 15:00:03.673,2026-09-18 15:00:03.673,2026-09-18
"902","LSDep4gym7","MOOSPMv3Parser",1789743600,10,10,9,18,18,11,12,19,19,12,2584,567,145199,118,73,15,74,75,17,86,75,1,16,17,71,66,6.117,168,1,35.775017,-119.238457,72.155998,7,600,58,3,"e00fce68e88237db75a60608",2026-09-18 15:00:03.706,2026-09-18 15:00:03.966,2026-09-18 15:00:03.966,2026-09-18
"903","jyG76wK9AO","MOOSPMv3Parser",1789743601,9,9,9,15,15,9,9,18,18,9,1596,496,187586,107,68,12,69,69,0,0,69,0,16,16,75,78,13.193,439,1,36.433617,-119.923309,25.999001,5,600,58,3,"e00fce6876826e255108c6bd",2026-09-18 15:00:05.311,2026-09-18 15:00:05.563,2026-09-18 15:00:05.563,2026-09-18
"904","rBXfwxiRPG","MOOSPMv3Parser",1789743601,3,3,5,5,5,5,5,6,6,5,881,218,306090,40,35,4,36,36,15,64,36,0,20,16,47,60,22.402,215,1,36.138954,-120.368301,185.014999,6,600,58,3,"e00fce6850cac69f647dc199",2026-09-18 15:00:05.548,2026-09-18 15:00:05.78,2026-09-18 15:00:05.78,2026-09-18
"905","3MXwz5kKsC","MOOSPMv3Parser",1789743601,8,8,0,14,14,0,0,15,15,0,1872,452,0,93,0,14,0,0,17,77,0,2,17,18,72,69,8.343,246,1,36.187572,-119.822037,14.352,6,600,58,3,"e00fce68e739ecbcf9e91965",2026-09-18 15:00:05.607,2026-09-18 15:00:05.849,2026-09-18 15:00:05.849,2026-09-18
"906","auzGv4aGZs","MOOSPMv3Parser",1789743601,15,15,12,23,23,13,13,25,25,13,2894,821,108798,148,95,8,96,96,14,82,96,0,14,14,82,79,6.795,210,1,36.523479,-119.27874,87.07,6,600,58,3,"e00fce68f12da1a0c5de6248",2026-09-18 15:00:06.937,2026-09-18 15:00:07.159,2026-09-18 15:00:07.159,2026-09-18
"907","2zYnD1fHok","MOOSPMv3Parser",1789744200,1,1,4,2,2,4,5,3,3,5,317,213,47006,40,28,5,28,28,17,58,29,1,17,17,70,67,15.332,230,1,36.198803,-120.104408,60.721001,8,600,58,3,"e00fce686dc2ef0a68fa40b0",2026-09-18 15:10:02.423,2026-09-18 15:10:02.721,2026-09-18 15:10:02.721,2026-09-18
"908","6YWfWTI2xK","MOOSPMv3Parser",1789744200,3,3,9,9,9,9,9,10,10,9,478,368,100920,79,67,10,67,68,17,58,68,0,14,17,76,65,7.874,160,1,35.963207,-119.291931,5.28,6,600,58,3,"e00fce68d6b773b56ce8baa0",2026-09-18 15:10:02.577,2026-09-18 15:10:02.862,2026-09-18 15:10:02.862,2026-09-18
"909","SIWJkV0vFa","MOOSPMv3Parser",1789744201,7,7,6,10,10,7,7,12,12,8,2048,395,61769,69,45,6,46,46,16,86,46,1,16,16,70,71,19.906,259,1,36.503139,-120.325409,67.901001,10,600,58,3,"e00fce68e77e43df92405fdb",2026-09-18 15:10:02.808,2026-09-18 15:10:03.005,2026-09-18 15:10:03.005,2026-09-18
"910","K93qGRc8Yk","MOOSPMv3Parser",1789744200,5,5,5,9,9,5,5,9,9,5,1111,316,218608,65,36,4,37,37,18,61,37,1,18,19,65,61,21.211,207,3277,1.1e-05,-0.00425,216.115005,9,600,58,3,"e00fce68e28dcbc9a589be10",2026-09-18 15:10:03.35,2026-09-18 15:10:03.497,2026-09-18 15:10:03.497,2026-09-18
"911","jR6hd0PPuE","MOOSPMv3Parser",1789744200,11,11,8,17,17,8,8,19,19,8,2185,602,245581,118,60,9,60,60,15,85,60,0,16,15,70,73,5.852,164,1,35.949608,-119.049927,111.345001,7,600,58,3,"e00fce6808784ceaf209f949",2026-09-18 15:10:03.524,2026-09-18 15:10:03.716,2026-09-18 15:10:03.716,2026-09-18
"912","ESRD977NwZ","MOOSPMv3Parser",1789744200,10,10,9,17,17,11,13,18,18,13,2197,530,145260,115,73,15,74,75,18,83,75,1,17,18,70,64,3.63,197,1,35.775131,-119.238457,75.831001,6,600,58,3,"e00fce68e88237db75a60608",2026-09-18 15:10:03.707,2026-09-18 15:10:03.869,2026-09-18 15:10:03.869,2026-09-18
"913","6GxQGWwmlD","MOOSPMv3Parser",1789744201,8,8,9,15,15,9,9,17,17,9,1559,480,187646,103,68,12,69,69,0,0,69,0,17,16,74,77,13.531,247,1,36.433659,-119.923309,33.359001,7,600,58,3,"e00fce6876826e255108c6bd",2026-09-18 15:10:05.086,2026-09-18 15:10:05.365,2026-09-18 15:10:05.365,2026-09-18
"914","f4xWWIZ6KJ","MOOSPMv3Parser",1789744201,8,8,0,14,14,0,0,15,15,0,1846,456,0,93,0,11,0,0,17,75,0,2,17,18,71,67,7.577,237,1,36.187576,-119.822052,4.257,8,600,58,3,"e00fce68e739ecbcf9e91965",2026-09-18 15:10:05.439,2026-09-18 15:10:05.592,2026-09-18 15:10:05.592,2026-09-18
"915","UE8PAA9DIE","MOOSPMv3Parser",1789744201,3,3,4,5,5,5,5,6,6,5,841,213,306122,40,34,3,34,34,16,58,34,0,21,18,45,55,24.185,200,1,36.139038,-120.36824,188.897995,7,600,58,3,"e00fce6850cac69f647dc199",2026-09-18 15:10:05.804,2026-09-18 15:10:06.009,2026-09-18 15:10:06.009,2026-09-18
"916","P3eBDpPInL","MOOSPMv3Parser",1789744201,16,16,13,24,24,13,13,25,25,13,2962,837,108885,151,100,9,100,100,14,80,100,0,15,15,80,77,7.692,203,1,36.523293,-119.278732,75.144997,7,600,58,3,"e00fce68f12da1a0c5de6248",2026-09-18 15:10:06.928,2026-09-18 15:10:07.087,2026-09-18 15:10:07.087,2026-09-18
"917","i54tWVUgor","MOOSPMv3Parser",1789744800,4,4,9,10,10,10,10,11,11,10,504,392,100981,84,73,11,74,74,17,57,74,1,14,18,76,64,7.71,157,1,35.9632,-119.291817,1.971,6,600,58,3,"e00fce68d6b773b56ce8baa0",2026-09-18 15:20:02.177,2026-09-18 15:20:02.414,2026-09-18 15:20:02.414,2026-09-18
"918","hTwgYaBltn","MOOSPMv3Parser",1789744801,7,7,5,10,10,6,6,11,11,6,2066,399,61804,66,41,6,42,42,16,85,42,0,17,17,69,70,20.255,257,1,36.503139,-120.325409,67.901001,0,600,58,3,"e00fce68e77e43df92405fdb",2026-09-18 15:20:02.849,2026-09-18 15:20:03.028,2026-09-18 15:20:03.028,2026-09-18
"919","jLEugi4fbp","MOOSPMv3Parser",1789744800,1,1,3,2,2,4,4,3,3,4,316,213,47026,37,25,4,26,26,17,57,26,1,17,18,68,65,15.228,226,1,36.198795,-120.104446,80.768997,5,600,58,3,"e00fce686dc2ef0a68fa40b0",2026-09-18 15:20:02.84,2026-09-18 15:20:03.081,2026-09-18 15:20:03.081,2026-09-18
"920","LH7tFUthan","MOOSPMv3Parser",1789744800,12,12,8,18,18,8,8,19,19,8,2270,633,245633,115,62,8,62,62,16,83,62,0,17,17,68,69,6.9,158,1,35.949734,-119.049957,116.203003,6,600,58,3,"e00fce6808784ceaf209f949",2026-09-18 15:20:03.058,2026-09-18 15:20:03.294,2026-09-18 15:20:03.294,2026-09-18
"921","y0BceXcviG","MOOSPMv3Parser",1789744800,6,6,5,9,9,5,5,10,10,6,1138,327,218641,63,38,5,38,38,18,59,38,1,18,20,64,59,21.277,211,3277,1.1e-05,-0.00425,216.115005,9,600,58,3,"e00fce68e28dcbc9a589be10",2026-09-18 15:20:03.253,2026-09-18 15:20:03.449,2026-09-18 15:20:03.449,2026-09-18
"922","gzNLei6j0R","MOOSPMv3Parser",1789744800,10,10,10,17,17,12,14,18,18,15,2146,541,145323,125,75,13,77,78,18,79,78,1,17,19,68,61,8.352,149,1,35.775131,-119.238457,75.827003,0,600,58,3,"e00fce68e88237db75a60608",2026-09-18 15:20:03.706,2026-09-18 15:20:03.869,2026-09-18 15:20:03.869,2026-09-18
"923","UB4biyFQlg","MOOSPMv3Parser",1789744801,3,3,4,5,5,5,5,6,6,5,838,211,306154,39,34,3,34,34,18,54,34,0,22,19,43,52,23.165,204,1,36.139011,-120.368446,160.378006,6,600,58,3,"e00fce6850cac69f647dc199",2026-09-18 15:20:04.943,2026-09-18 15:20:05.133,2026-09-18 15:20:05.133,2026-09-18
"924","ctp7eGIAWl","MOOSPMv3Parser",1789744801,8,8,8,14,14,9,9,17,17,9,1513,467,187701,98,65,13,65,65,0,0,65,0,17,16,72,76,13.941,109,1,36.43367,-119.923332,17.382999,8,600,58,3,"e00fce6876826e255108c6bd",2026-09-18 15:20:05.087,2026-09-18 15:20:05.267,2026-09-18 15:20:05.267,2026-09-18
"925","laSy0ESBHI","MOOSPMv3Parser",1789744801,8,8,0,16,16,0,0,18,18,0,1959,482,0,104,0,19,0,0,18,72,0,2,18,19,69,65,9.201,225,1,36.1875,-119.821976,32.456001,7,600,58,3,"e00fce68e739ecbcf9e91965",2026-09-18 15:20:05.454,2026-09-18 15:20:05.625,2026-09-18 15:20:05.625,2026-09-18
"926","vIrkGAE7os","MOOSPMv3Parser",1789744801,16,16,13,24,24,13,13,25,25,13,3033,858,108973,146,100,8,101,101,15,80,101,0,15,15,78,76,7.908,205,1,36.523392,-119.278801,80.624001,6,600,58,3,"e00fce68f12da1a0c5de6248",2026-09-18 15:20:06.824,2026-09-18 15:20:06.977,2026-09-18 15:20:06.977,2026-09-18
"927","4CHWo7WQNC","MOOSPMv3Parser",1789745400,0,0,3,2,2,3,4,2,2,4,306,201,47045,36,23,4,24,24,17,57,24,1,18,18,67,64,16.737,209,1,36.198719,-120.104439,76.027,5,600,58,3,"e00fce686dc2ef0a68fa40b0",2026-09-18 15:30:01.956,2026-09-18 15:30:02.203,2026-09-18 15:30:02.203,2026-09-18
"928","HjeD1mIj4Y","MOOSPMv3Parser",1789745400,4,4,9,9,9,10,10,11,11,10,499,386,101043,81,74,11,74,74,18,56,74,1,14,19,76,62,7.976,154,1,35.963192,-119.291855,26.417999,5,600,58,3,"e00fce68d6b773b56ce8baa0",2026-09-18 15:30:02.642,2026-09-18 15:30:02.816,2026-09-18 15:30:02.816,2026-09-18
"929","AhjAJzg8F4","MOOSPMv3Parser",1789745400,12,12,8,19,19,8,8,19,19,8,2428,653,245686,117,61,7,61,61,16,80,61,0,17,18,66,65,7.696,155,1,35.949528,-119.049812,139.373993,5,600,58,3,"e00fce6808784ceaf209f949",2026-09-18 15:30:03.019,2026-09-18 15:30:03.204,2026-09-18 15:30:03.204,2026-09-18
"930","74JgOi5H77","MOOSPMv3Parser",1789745401,7,7,5,10,10,5,6,11,11,6,2025,400,61839,63,39,5,40,40,17,83,40,0,18,18,67,69,22.145,244,1,36.503162,-120.325348,41.382,9,600,58,3,"e00fce68e77e43df92405fdb",2026-09-18 15:30:02.993,2026-09-18 15:30:03.226,2026-09-18 15:30:03.226,2026-09-18
"931","vf6Ea5GyEx","MOOSPMv3Parser",1789745400,6,6,5,10,10,6,6,11,11,6,1183,339,218676,71,42,6,42,42,19,57,42,1,19,21,63,57,21.409,218,3277,1.1e-05,-0.00425,216.115005,9,600,58,3,"e00fce68e28dcbc9a589be10",2026-09-18 15:30:03.228,2026-09-18 15:30:03.394,2026-09-18 15:30:03.394,2026-09-18
"932","Y2ucye5brA","MOOSPMv3Parser",1789745400,10,10,10,18,18,10,11,19,19,11,2307,579,145387,120,74,12,75,75,19,76,75,0,18,20,67,59,8.539,146,1,35.775116,-119.238556,69.309998,5,600,58,3,"e00fce68e88237db75a60608",2026-09-18 15:30:03.703,2026-09-18 15:30:03.849,2026-09-18 15:30:03.849,2026-09-18
"933","GIzeY3moR8","MOOSPMv3Parser",1789745401,3,3,5,5,5,5,6,6,6,6,848,212,306186,41,36,4,37,37,19,48,37,1,23,21,41,48,22.735,210,1,36.138954,-120.368355,167.272995,8,600,58,3,"e00fce6850cac69f647dc199",2026-09-18 15:30:04.974,2026-09-18 15:30:05.126,2026-09-18 15:30:05.126,2026-09-18
"934","uLFacMsBfT","MOOSPMv3Parser",1789745401,8,8,8,14,14,9,9,16,16,10,1444,449,187758,99,65,11,66,66,0,0,66,1,17,17,72,76,14.55,82,1,36.433552,-119.923355,39.583,8,600,58,3,"e00fce6876826e255108c6bd",2026-09-18 15:30:05.17,2026-09-18 15:30:05.332,2026-09-18 15:30:05.332,2026-09-18
"935","gNldTnbSmZ","MOOSPMv3Parser",1789745401,8,8,0,13,13,0,0,14,14,0,1814,436,0,87,0,9,0,0,18,69,0,2,18,19,67,63,11.576,220,1,36.187489,-119.822083,20.194,7,600,58,3,"e00fce68e739ecbcf9e91965",2026-09-18 15:30:05.753,2026-09-18 15:30:05.953,2026-09-18 15:30:05.953,2026-09-18
"936","64SVv7g4WJ","MOOSPMv3Parser",1789745401,17,17,13,25,25,14,14,27,27,14,3121,879,109061,154,101,9,102,102,15,79,102,0,16,16,77,74,8.675,205,1,36.523415,-119.278862,61.966999,7,600,58,3,"e00fce68f12da1a0c5de6248",2026-09-18 15:30:07.052,2026-09-18 15:30:07.185,2026-09-18 15:30:07.185,2026-09-18
"937","DCkrDZusy5","MOOSPMv3Parser",1789746000,0,0,3,2,2,3,4,3,3,4,307,204,47064,36,23,4,24,24,18,56,24,1,18,19,65,63,18.012,174,1,36.198719,-120.104439,76.028,0,600,58,3,"e00fce686dc2ef0a68fa40b0",2026-09-18 15:40:02.11,2026-09-18 15:40:02.344,2026-09-18 15:40:02.344,2026-09-18
"938","fZdRBQNym6","MOOSPMv3Parser",1789746000,5,5,10,11,11,10,11,13,13,11,548,429,101108,91,78,11,78,78,18,54,78,0,14,19,76,60,8.768,149,1,35.963211,-119.291748,50.412998,3,600,58,3,"e00fce68d6b773b56ce8baa0",2026-09-18 15:40:02.18,2026-09-18 15:40:02.372,2026-09-18 15:40:02.372,2026-09-18
"939","K95Fra5LLZ","MOOSPMv3Parser",1789746001,8,8,5,11,11,5,5,12,12,6,2973,449,61872,63,38,5,39,39,-10,-10,39,0,18,18,65,66,24.137,227,1,36.50301,-120.325363,43.41,8,600,58,3,"e00fce68e77e43df92405fdb",2026-09-18 15:40:02.896,2026-09-18 15:40:03.152,2026-09-18 15:40:03.152,2026-09-18
"940","raYldX0c3t","MOOSPMv3Parser",1789746000,6,6,5,10,10,6,6,11,11,6,1177,337,218712,70,42,6,43,43,20,55,43,1,19,21,62,55,21.928,216,3277,1.1e-05,-0.00425,216.115005,9,600,58,3,"e00fce68e28dcbc9a589be10",2026-09-18 15:40:03.294,2026-09-18 15:40:03.461,2026-09-18 15:40:03.461,2026-09-18
"941","6scq0ZNEnK","MOOSPMv3Parser",1789746000,12,12,8,19,19,9,9,20,20,9,2416,671,245741,132,65,9,66,66,18,78,66,0,18,19,65,62,8.697,148,1,35.949509,-119.049919,123.990997,7,600,58,3,"e00fce6808784ceaf209f949",2026-09-18 15:40:03.229,2026-09-18 15:40:03.522,2026-09-18 15:40:03.522,2026-09-18
"942","NOyzg0ONQw","MOOSPMv3Parser",1789746000,13,13,11,22,21,12,12,23,23,12,2691,691,145464,148,88,15,88,88,19,73,88,0,18,21,66,57,10.755,131,1,35.775032,-119.23848,60.935001,6,600,58,3,"e00fce68e88237db75a60608",2026-09-18 15:40:03.767,2026-09-18 15:40:03.932,2026-09-18 15:40:03.932,2026-09-18
"943","47wmb6Lmeu","MOOSPMv3Parser",1789746001,8,8,8,15,15,9,10,17,17,10,1468,459,187814,105,66,15,67,67,0,0,67,1,18,17,69,73,14.807,83,1,36.43362,-119.923332,37.233002,8,600,58,3,"e00fce6876826e255108c6bd",2026-09-18 15:40:05.318,2026-09-18 15:40:05.497,2026-09-18 15:40:05.497,2026-09-18
"944","sKrxQlK0QQ","MOOSPMv3Parser",1789746001,3,3,5,6,6,5,5,7,7,5,906,230,306218,43,36,4,36,36,20,44,36,1,23,22,40,46,24.234,200,1,36.138878,-120.368271,181.395996,5,600,58,3,"e00fce6850cac69f647dc199",2026-09-18 15:40:05.396,2026-09-18 15:40:05.581,2026-09-18 15:40:05.581,2026-09-18
"945","IfHB0eqiIs","MOOSPMv3Parser",1789746001,7,7,0,13,13,0,0,14,14,0,1758,417,0,85,0,13,0,0,18,68,0,2,18,20,66,62,13.602,190,1,36.187523,-119.822044,33.374001,5,600,58,3,"e00fce68e739ecbcf9e91965",2026-09-18 15:40:05.525,2026-09-18 15:40:05.785,2026-09-18 15:40:05.785,2026-09-18
"946","hBlbQbktmf","MOOSPMv3Parser",1789746001,17,17,13,25,25,14,14,26,26,14,3152,882,109150,154,102,8,102,102,16,78,102,0,16,16,76,73,9.482,209,1,36.523426,-119.278763,73.733002,8,600,58,3,"e00fce68f12da1a0c5de6248",2026-09-18 15:40:06.888,2026-09-18 15:40:07.055,2026-09-18 15:40:07.055,2026-09-18
"947","Eio5Ijmmb5","MOOSPMv3Parser",1789746600,0,0,3,2,2,3,3,2,2,4,310,208,47082,35,22,4,22,22,18,54,22,1,19,19,62,60,17.735,196,1,36.198765,-120.104385,75.849998,8,600,58,3,"e00fce686dc2ef0a68fa40b0",2026-09-18 15:50:01.91,2026-09-18 15:50:02.122,2026-09-18 15:50:02.122,2026-09-18
"948","c6ITX66h5A","MOOSPMv3Parser",1789746600,5,5,10,12,12,10,10,14,14,10,551,433,101173,91,77,12,78,78,19,53,78,0,14,20,76,58,11.032,139,1,35.963154,-119.291801,55.231998,6,600,58,3,"e00fce68d6b773b56ce8baa0",2026-09-18 15:50:02.652,2026-09-18 15:50:02.899,2026-09-18 15:50:02.899,2026-09-18
"949","EvQpHf8ewx","MOOSPMv3Parser",1789746601,8,8,5,11,11,5,5,12,12,5,3246,484,61903,59,36,5,36,36,18,76,36,0,19,19,63,64,25.192,214,1,36.503166,-120.325401,57.858002,7,600,58,3,"e00fce68e77e43df92405fdb",2026-09-18 15:50:02.923,2026-09-18 15:50:03.108,2026-09-18 15:50:03.108,2026-09-18
"950","pbRiq865Al","MOOSPMv3Parser",1789746600,12,12,8,20,20,9,9,21,21,9,2416,672,245797,131,64,10,64,64,18,76,64,0,18,20,66,61,9.597,143,1,35.949467,-119.04998,96.852997,7,600,58,3,"e00fce6808784ceaf209f949",2026-09-18 15:50:03.063,2026-09-18 15:50:03.245,2026-09-18 15:50:03.245,2026-09-18
"951","xcUR3qHcHo","MOOSPMv3Parser",1789746600,6,6,5,10,10,6,6,10,10,6,1235,354,218748,70,42,5,42,42,20,52,42,1,20,22,60,53,22.692,197,3277,1.1e-05,-0.00425,216.115005,9,600,58,3,"e00fce68e28dcbc9a589be10",2026-09-18 15:50:03.233,2026-09-18 15:50:03.461,2026-09-18 15:50:03.461,2026-09-18
"952","0uc4hWgmmY","MOOSPMv3Parser",1789746600,10,10,9,16,16,10,10,17,17,10,2114,529,145524,116,70,12,70,70,20,71,70,0,18,21,66,56,12.029,124,1,35.775078,-119.238548,64.943001,8,600,58,3,"e00fce68e88237db75a60608",2026-09-18 15:50:03.636,2026-09-18 15:50:03.847,2026-09-18 15:50:03.847,2026-09-18
"953","DvSBbVkAwl","MOOSPMv3Parser",1789746601,7,7,7,11,11,8,8,13,13,8,1265,393,187864,79,57,6,57,58,0,0,58,0,19,18,66,70,15.707,83,1,36.43362,-119.923317,36.700001,6,600,58,3,"e00fce6876826e255108c6bd",2026-09-18 15:50:05.173,2026-09-18 15:50:05.346,2026-09-18 15:50:05.346,2026-09-18
"954","ddqrtd7jhq","MOOSPMv3Parser",1789746601,7,7,0,12,12,0,0,14,14,0,1703,402,0,81,0,11,0,0,19,66,0,2,19,20,65,61,15.072,159,1,36.187614,-119.821968,38.884998,10,600,58,3,"e00fce68e739ecbcf9e91965",2026-09-18 15:50:05.714,2026-09-18 15:50:05.919,2026-09-18 15:50:05.919,2026-09-18
"955","rpOAQ7JKYb","MOOSPMv3Parser",1789746601,4,4,5,6,6,5,5,7,7,5,909,233,306250,45,35,3,35,35,21,41,36,1,24,23,38,43,25.263,194,1,36.138878,-120.368271,181.399002,0,600,58,3,"e00fce6850cac69f647dc199",2026-09-18 15:50:05.703,2026-09-18 15:50:05.935,2026-09-18 15:50:05.935,2026-09-18
"956","2B1QpHB2dF","MOOSPMv3Parser",1789746601,17,17,13,24,24,13,13,25,25,13,3067,863,109238,143,100,8,101,101,16,77,101,0,17,17,73,71,10.762,208,1,36.523273,-119.27877,63.995998,6,600,58,3,"e00fce68f12da1a0c5de6248",2026-09-18 15:50:06.856,2026-09-18 15:50:07.054,2026-09-18 15:50:07.054,2026-09-18
"957","35GKyQQeYe","MOOSPMv3Parser",1789747200,0,0,3,2,2,3,3,2,2,3,300,199,47099,34,21,4,21,22,19,52,22,1,20,20,59,57,18.319,159,1,36.198677,-120.104324,67.899002,6,600,58,3,"e00fce686dc2ef0a68fa40b0",2026-09-18 16:00:01.882,2026-09-18 16:00:02.174,2026-09-18 16:00:02.174,2026-09-18
"958","QryJvrY9Tv","MOOSPMv3Parser",1789747200,5,5,10,14,14,11,11,16,16,11,577,458,101241,101,81,11,81,81,20,52,81,0,14,21,76,56,12.163,135,1,35.963154,-119.291817,47.16,8,600,58,3,"e00fce68d6b773b56ce8baa0",2026-09-18 16:00:02.239,2026-09-18 16:00:02.455,2026-09-18 16:00:02.455,2026-09-18
"959","XmYHH7GKm1","MOOSPMv3Parser",1789747201,6,6,4,8,8,5,5,9,9,5,1905,348,61932,52,34,3,34,34,-10,-10,34,0,20,20,60,60,26.88,191,1,36.503109,-120.325363,48.993,7,600,58,3,"e00fce68e77e43df92405fdb",2026-09-18 16:00:02.972,2026-09-18 16:00:03.255,2026-09-18 16:00:03.255,2026-09-18
"960","T51ABcmoyc","MOOSPMv3Parser",1789747200,13,13,8,20,20,9,9,21,21,9,2449,675,245854,132,64,9,65,65,19,72,65,0,19,21,64,58,10.104,139,1,35.949627,-119.04985,118.573997,7,600,58,3,"e00fce6808784ceaf209f949",2026-09-18 16:00:03.059,2026-09-18 16:00:03.327,2026-09-18 16:00:03.327,2026-09-18
"961","8vU5CY9kuy","MOOSPMv3Parser",1789747200,5,5,5,8,8,6,6,9,9,6,1120,318,218782,60,40,5,40,41,21,50,41,1,20,23,59,52,23.242,183,3277,1.1e-05,-0.00425,216.115005,9,600,58,3,"e00fce68e28dcbc9a589be10",2026-09-18 16:00:03.372,2026-09-18 16:00:03.558,2026-09-18 16:00:03.558,2026-09-18
"962","4DI0FjQlL3","MOOSPMv3Parser",1789747200,10,10,9,17,17,10,10,18,18,10,2163,539,145587,118,72,11,72,72,20,68,72,0,19,22,65,54,13.05,119,1,35.775063,-119.238426,71.140999,10,600,58,3,"e00fce68e88237db75a60608",2026-09-18 16:00:03.699,2026-09-18 16:00:03.96,2026-09-18 16:00:03.96,2026-09-18
"963","5RMpIbUkC6","MOOSPMv3Parser",1789747201,3,3,5,6,6,5,5,7,7,5,890,225,306282,42,36,3,36,36,22,38,36,0,25,24,37,42,31.603,146,1,36.139168,-120.3685,178.709,5,600,58,3,"e00fce6850cac69f647dc199",2026-09-18 16:00:04.912,2026-09-18 16:00:05.056,2026-09-18 16:00:05.056,2026-09-18
"964","Lrhl5hlUkN","MOOSPMv3Parser",1789747201,7,7,7,11,11,8,8,13,13,8,1266,391,187912,80,56,8,57,57,1,0,57,0,19,19,65,67,15.949,83,1,36.43362,-119.923317,36.700001,0,600,58,3,"e00fce6876826e255108c6bd",2026-09-18 16:00:05.194,2026-09-18 16:00:05.356,2026-09-18 16:00:05.356,2026-09-18
"965","CmspWSuCyc","MOOSPMv3Parser",1789747201,7,7,0,12,12,0,0,13,13,0,1722,401,0,83,0,8,0,0,19,64,0,2,19,21,63,59,14.727,164,1,36.187439,-119.821976,28.691999,7,600,58,3,"e00fce68e739ecbcf9e91965",2026-09-18 16:00:05.755,2026-09-18 16:00:05.925,2026-09-18 16:00:05.925,2026-09-18
"966","fveVCA68XA","MOOSPMv3Parser",1789747201,16,16,13,23,23,13,13,24,24,13,3008,846,109324,140,98,7,99,99,16,75,99,0,17,17,70,69,12.793,165,1,36.523514,-119.278801,79.025002,5,600,58,3,"e00fce68f12da1a0c5de6248",2026-09-18 16:00:06.808,2026-09-18 16:00:06.972,2026-09-18 16:00:06.972,2026-09-18
"967","sIQxGmhoYi","MOOSPMv3Parser",1789747800,0,0,3,1,1,3,3,2,2,3,282,184,47116,30,20,4,21,21,20,51,21,1,20,21,58,55,19.678,112,1,36.198509,-120.104935,-16.106001,5,600,58,3,"e00fce686dc2ef0a68fa40b0",2026-09-18 16:10:02.042,2026-09-18 16:10:02.237,2026-09-18 16:10:02.237,2026-09-18
"968","DFymjHvlBv","MOOSPMv3Parser",1789747800,6,6,11,14,14,11,11,16,16,11,595,471,101311,100,83,11,83,83,20,51,83,0,14,22,76,54,11.771,145,2,35.963322,-119.291771,61.970001,5,600,58,3,"e00fce68d6b773b56ce8baa0",2026-09-18 16:10:02.563,2026-09-18 16:10:02.727,2026-09-18 16:10:02.727,2026-09-18
"969","YQ2rBG70DH","MOOSPMv3Parser",1789747801,6,6,4,8,8,5,5,9,9,5,1881,328,61960,52,33,4,34,34,19,67,34,0,20,20,58,58,28.647,165,1,36.503063,-120.325371,50.325001,7,600,58,3,"e00fce68e77e43df92405fdb",2026-09-18 16:10:02.816,2026-09-18 16:10:03.03,2026-09-18 16:10:03.03,2026-09-18
"970","jFNbKaetfc","MOOSPMv3Parser",1789747800,12,12,8,19,19,8,8,20,20,8,2340,647,245907,126,63,8,63,63,20,67,63,0,19,22,62,55,10.986,135,1,35.949593,-119.049973,108.523003,6,600,58,3,"e00fce6808784ceaf209f949",2026-09-18 16:10:03.154,2026-09-18 16:10:03.32,2026-09-18 16:10:03.32,2026-09-18
"971","eAsm1e3hCw","MOOSPMv3Parser",1789747800,5,5,5,9,9,6,6,9,9,6,1108,315,218815,63,39,4,39,39,21,48,39,1,20,24,57,49,24.578,152,3277,1.1e-05,-0.00425,216.115005,9,600,58,3,"e00fce68e28dcbc9a589be10",2026-09-18 16:10:03.573,2026-09-18 16:10:03.761,2026-09-18 16:10:03.761,2026-09-18
"972","urKnOKyiuw","MOOSPMv3Parser",1789747800,10,10,9,16,16,9,9,17,17,9,2205,544,145647,114,69,10,69,69,21,64,69,0,19,23,63,51,13.148,120,1,35.774971,-119.238503,57.278999,6,600,58,3,"e00fce68e88237db75a60608",2026-09-18 16:10:03.748,2026-09-18 16:10:03.898,2026-09-18 16:10:03.898,2026-09-18
"973","oqj2bG4Hoq","MOOSPMv3Parser",1789747801,4,4,5,6,6,5,5,7,7,6,977,248,306314,45,38,4,38,38,22,37,38,0,26,25,36,41,26.906,156,1,36.138847,-120.368233,186.072998,5,600,58,3,"e00fce6850cac69f647dc199",2026-09-18 16:10:05.055,2026-09-18 16:10:05.201,2026-09-18 16:10:05.201,2026-09-18
"974","t9L8bLwGey","MOOSPMv3Parser",1789747801,7,7,7,12,12,8,8,14,14,8,1254,390,187960,83,56,11,56,56,1,1,56,0,19,19,64,65,16.238,83,1,36.433674,-119.923325,25.756001,6,600,58,3,"e00fce6876826e255108c6bd",2026-09-18 16:10:05.11,2026-09-18 16:10:05.284,2026-09-18 16:10:05.284,2026-09-18
"975","1h2IFQCAd2","MOOSPMv3Parser",1789747801,6,6,0,11,11,0,0,12,12,0,1628,378,0,71,0,9,0,0,20,61,0,2,20,21,61,57,16.016,146,1,36.187439,-119.821976,28.695999,0,600,58,3,"e00fce68e739ecbcf9e91965",2026-09-18 16:10:05.521,2026-09-18 16:10:05.685,2026-09-18 16:10:05.685,2026-09-18
"976","ytEJQSZPPP","MOOSPMv3Parser",1789747801,14,14,11,21,21,12,12,22,22,12,2619,745,109402,126,90,7,90,90,17,73,90,0,18,18,68,66,15.456,146,1,36.523323,-119.278816,90.688004,5,600,58,3,"e00fce68f12da1a0c5de6248",2026-09-18 16:10:06.924,2026-09-18 16:10:07.091,2026-09-18 16:10:07.091,2026-09-18
"977","RDzt0Sit3U","MOOSPMv3Parser",1789748400,0,0,2,1,1,3,3,2,2,3,284,187,47132,32,19,3,20,20,20,49,20,1,21,22,56,53,20.328,97,2,36.198833,-120.104378,82.196999,9,600,58,3,"e00fce686dc2ef0a68fa40b0",2026-09-18 16:20:01.872,2026-09-18 16:20:02.074,2026-09-18 16:20:02.074,2026-09-18
"978","syAXqKUmGj","MOOSPMv3Parser",1789748400,5,5,10,14,14,10,10,16,16,10,584,462,101376,102,78,11,78,78,21,49,78,0,14,22,76,53,13.609,136,2,35.963127,-119.291786,48.099998,5,600,58,3,"e00fce68d6b773b56ce8baa0",2026-09-18 16:20:02.249,2026-09-18 16:20:02.419,2026-09-18 16:20:02.419,2026-09-18
"979","xHdSLyoaKf","MOOSPMv3Parser",1789748401,5,5,4,7,7,4,5,8,8,5,1833,304,61987,42,31,3,31,31,20,64,31,0,21,21,56,57,31.402,122,1,36.503098,-120.325363,55.653,8,600,58,3,"e00fce68e77e43df92405fdb",2026-09-18 16:20:02.861,2026-09-18 16:20:03.043,2026-09-18 16:20:03.043,2026-09-18
"980","e09gLMe2Uv","MOOSPMv3Parser",1789748400,12,12,8,18,18,8,8,19,19,8,2241,620,245958,120,60,8,60,60,20,65,60,0,20,23,61,53,11.919,130,1,35.949593,-119.049973,108.517998,0,600,58,3,"e00fce6808784ceaf209f949",2026-09-18 16:20:03.058,2026-09-18 16:20:03.283,2026-09-18 16:20:03.283,2026-09-18
"981","SdbxPHw0Aw","MOOSPMv3Parser",1789748400,5,5,5,7,7,5,5,8,8,5,1007,289,218845,52,35,4,35,35,22,46,35,1,21,24,54,47,25.019,148,3277,1.1e-05,-0.00425,216.115005,9,600,58,3,"e00fce68e28dcbc9a589be10",2026-09-18 16:20:03.376,2026-09-18 16:20:03.547,2026-09-18 16:20:03.547,2026-09-18
"982","uTHlIpjY43","MOOSPMv3Parser",1789748400,9,9,8,15,15,9,9,16,16,9,2119,523,145704,108,65,9,66,66,22,61,66,0,19,24,62,50,14.565,114,1,35.775002,-119.238518,69,6,600,58,3,"e00fce68e88237db75a60608",2026-09-18 16:20:03.706,2026-09-18 16:20:03.862,2026-09-18 16:20:03.862,2026-09-18
"983","pxnYsYksQQ","MOOSPMv3Parser",1789748401,7,7,7,11,11,8,8,14,14,8,1277,396,188008,83,55,9,56,56,0,0,56,0,20,20,62,63,16.424,83,1,36.433689,-119.923401,18.540001,8,600,58,3,"e00fce6876826e255108c6bd",2026-09-18 16:20:05.195,2026-09-18 16:20:05.407,2026-09-18 16:20:05.407,2026-09-18
"984","8NFSjOFFrU","MOOSPMv3Parser",1789748401,6,6,0,11,11,0,0,12,12,0,1588,368,0,74,0,8,0,0,20,59,0,2,20,22,60,55,17.243,124,1,36.187485,-119.821999,27.731001,8,600,58,3,"e00fce68e739ecbcf9e91965",2026-09-18 16:20:05.454,2026-09-18 16:20:05.599,2026-09-18 16:20:05.599,2026-09-18
"985","5oKUfv6wxK","MOOSPMv3Parser",1789748401,3,3,4,5,5,4,4,6,6,4,829,209,306343,38,31,3,31,31,23,35,31,0,26,25,35,39,35.263,119,1,36.13903,-120.368446,167.328003,7,600,58,3,"e00fce6850cac69f647dc199",2026-09-18 16:20:05.541,2026-09-18 16:20:05.691,2026-09-18 16:20:05.691,2026-09-18
"986","5ydwQZIAHb","MOOSPMv3Parser",1789748401,12,12,10,17,17,11,11,19,19,11,2212,626,109472,109,80,7,80,80,18,71,80,0,19,19,64,64,17.629,135,1,36.523323,-119.278816,90.688004,0,600,58,3,"e00fce68f12da1a0c5de6248",2026-09-18 16:20:06.881,2026-09-18 16:20:07.087,2026-09-18 16:20:07.087,2026-09-18
"987","1ef9xtxVSS","MOOSPMv3Parser",1789749000,0,0,2,1,1,3,3,1,1,3,286,186,47148,31,19,3,19,19,21,48,19,0,21,23,56,51,21.096,78,2,36.198734,-120.104439,75.244003,8,600,58,3,"e00fce686dc2ef0a68fa40b0",2026-09-18 16:30:02.02,2026-09-18 16:30:02.181,2026-09-18 16:30:02.181,2026-09-18
"988","2pdmKdgjpE","MOOSPMv3Parser",1789749000,6,6,10,12,12,10,10,15,15,10,594,470,101441,97,77,10,78,78,21,47,78,0,14,23,76,51,14.409,128,2,35.963203,-119.291733,57.426998,6,600,58,3,"e00fce68d6b773b56ce8baa0",2026-09-18 16:30:02.73,2026-09-18 16:30:02.897,2026-09-18 16:30:02.897,2026-09-18
"989","iEfuoYDVev","MOOSPMv3Parser",1789749001,5,5,4,7,7,4,4,7,7,4,1713,281,62012,42,29,3,30,30,20,62,30,0,21,21,57,57,33.036,78,1,36.50309,-120.325348,51.209999,6,600,58,3,"e00fce68e77e43df92405fdb",2026-09-18 16:30:03.018,2026-09-18 16:30:03.182,2026-09-18 16:30:03.182,2026-09-18
"990","lLH7atF74N","MOOSPMv3Parser",1789749000,11,11,8,18,18,8,8,19,19,8,2270,628,246010,121,62,9,62,62,21,63,62,0,21,24,60,53,12.554,128,1,35.949509,-119.049973,118.495003,5,600,58,3,"e00fce6808784ceaf209f949",2026-09-18 16:30:03.3,2026-09-18 16:30:03.465,2026-09-18 16:30:03.465,2026-09-18
"991","nbtweBilez","MOOSPMv3Parser",1789749000,4,4,4,7,7,5,5,7,7,5,925,261,218874,47,34,3,35,35,22,43,35,1,22,25,54,46,26.566,108,3277,1.1e-05,-0.00425,216.115005,9,600,58,3,"e00fce68e28dcbc9a589be10",2026-09-18 16:30:03.334,2026-09-18 16:30:03.537,2026-09-18 16:30:03.537,2026-09-18
"992","V6A4AFWekR","MOOSPMv3Parser",1789749000,10,10,8,16,16,9,9,17,17,9,2147,526,145761,108,64,9,65,65,22,57,65,0,20,24,60,48,14.934,112,1,35.775002,-119.238518,68.994003,0,600,58,3,"e00fce68e88237db75a60608",2026-09-18 16:30:03.791,2026-09-18 16:30:03.963,2026-09-18 16:30:03.963,2026-09-18
"993","Ry4nEsdKYy","MOOSPMv3Parser",1789749001,7,7,7,12,12,8,8,14,14,8,1271,392,188056,87,55,12,55,55,1,0,55,0,20,20,61,61,16.839,83,1,36.433609,-119.923325,37.445999,7,600,58,3,"e00fce6876826e255108c6bd",2026-09-18 16:30:05.088,2026-09-18 16:30:05.259,2026-09-18 16:30:05.259,2026-09-18
"994","VfUVbrBkZo","MOOSPMv3Parser",1789749001,3,3,4,5,5,4,4,5,5,4,742,187,306370,37,29,3,29,29,24,34,29,0,27,26,35,39,39.971,90,1,36.139023,-120.368355,172.712006,9,600,58,3,"e00fce6850cac69f647dc199",2026-09-18 16:30:05.794,2026-09-18 16:30:05.976,2026-09-18 16:30:05.976,2026-09-18
"995","VLpk6Mn7Nc","MOOSPMv3Parser",1789749001,6,6,0,10,10,0,0,11,11,0,1563,360,0,70,0,8,0,0,20,56,0,2,20,22,59,54,17.877,114,1,36.187454,-119.822006,20.316,8,600,58,3,"e00fce68e739ecbcf9e91965",2026-09-18 16:30:05.756,2026-09-18 16:30:05.987,2026-09-18 16:30:05.987,2026-09-18
"996","4PmiCj8yDd","MOOSPMv3Parser",1789749001,12,12,10,18,18,11,11,20,20,11,2321,651,109543,118,81,7,82,82,18,69,82,0,20,20,62,62,18.19,132,2,36.523331,-119.278839,86.821999,7,600,58,3,"e00fce68f12da1a0c5de6248",2026-09-18 16:30:07.037,2026-09-18 16:30:07.214,2026-09-18 16:30:07.214,2026-09-18
"997","XaZzFRJ04H","MOOSPMv3Parser",1789749600,0,0,2,1,1,3,3,1,1,3,292,194,47163,33,19,3,19,19,22,47,19,1,22,24,54,49,20.53,108,2,36.198811,-120.104378,71.695999,7,600,58,3,"e00fce686dc2ef0a68fa40b0",2026-09-18 16:40:02.193,2026-09-18 16:40:02.378,2026-09-18 16:40:02.378,2026-09-18
"998","blT9Xiso6Q","MOOSPMv3Parser",1789749600,6,6,10,14,14,11,11,16,16,11,603,480,101507,101,79,11,79,79,22,46,79,0,14,24,76,49,14.999,127,3,35.963177,-119.291824,34.672001,9,600,58,3,"e00fce68d6b773b56ce8baa0",2026-09-18 16:40:02.322,2026-09-18 16:40:02.538,2026-09-18 16:40:02.538,2026-09-18
"999","7OFmBvVNEt","MOOSPMv3Parser",1789749601,4,4,4,6,6,4,4,7,7,5,1727,276,62037,43,29,3,29,29,20,59,29,0,21,22,54,54,34.391,64,1,36.503159,-120.325371,41.161999,8,600,58,3,"e00fce68e77e43df92405fdb",2026-09-18 16:40:02.833,2026-09-18 16:40:03.026,2026-09-18 16:40:03.026,2026-09-18
"1000","Ld402buOwV","MOOSPMv3Parser",1789749600,11,11,8,17,17,8,8,18,18,8,2168,601,246064,111,62,8,62,62,22,56,62,0,21,24,55,47,13.177,126,1,35.949631,-119.049927,122.054001,7,600,58,3,"e00fce6808784ceaf209f949",2026-09-18 16:40:03.119,2026-09-18 16:40:03.319,2026-09-18 16:40:03.319,2026-09-18
"1001","5QAjBqUEm8","MOOSPMv3Parser",1789749600,5,5,5,7,7,5,5,8,8,6,983,279,218905,52,35,4,36,36,23,42,36,1,22,26,53,45,26.677,97,3277,1.1e-05,-0.00425,216.115005,9,600,58,3,"e00fce68e28dcbc9a589be10",2026-09-18 16:40:03.381,2026-09-18 16:40:03.542,2026-09-18 16:40:03.542,2026-09-18
"1002","XHHWQhA5hO","MOOSPMv3Parser",1789749600,10,10,8,16,16,9,9,17,17,9,2218,528,145818,109,65,9,66,66,22,55,66,0,20,25,59,47,15.447,111,1,35.775112,-119.238533,65.764,7,600,58,3,"e00fce68e88237db75a60608",2026-09-18 16:40:03.716,2026-09-18 16:40:03.853,2026-09-18 16:40:03.853,2026-09-18
"1003","2yZQC4DX5f","MOOSPMv3Parser",1789749601,3,3,3,4,4,4,4,5,5,4,747,190,306391,33,26,2,27,27,24,34,27,0,28,27,35,38,43.088,78,2,36.139004,-120.368401,171.263,10,600,58,3,"e00fce6850cac69f647dc199",2026-09-18 16:40:04.739,2026-09-18 16:40:04.974,2026-09-18 16:40:04.974,2026-09-18
"1004","PhV3GaTlgP","MOOSPMv3Parser",1789749601,7,7,7,11,11,8,8,13,13,8,1260,392,188103,81,55,10,55,55,0,0,55,1,21,21,59,59,16.999,83,1,36.433601,-119.923325,24.962999,7,600,58,3,"e00fce6876826e255108c6bd",2026-09-18 16:40:05.24,2026-09-18 16:40:05.435,2026-09-18 16:40:05.435,2026-09-18
"1005","0yU2ACqPoy","MOOSPMv3Parser",1789749601,7,7,0,11,11,0,0,13,13,0,1613,379,0,79,0,10,0,0,21,55,0,2,21,23,58,54,18.331,113,2,36.187454,-119.821838,40.681,7,600,58,3,"e00fce68e739ecbcf9e91965",2026-09-18 16:40:05.45,2026-09-18 16:40:05.714,2026-09-18 16:40:05.714,2026-09-18
"1006","pnwZHSoYkj","MOOSPMv3Parser",1789749601,11,11,11,17,17,11,11,19,19,11,2228,628,109617,115,84,7,85,85,19,67,85,0,20,21,62,59,18.757,130,3,36.523396,-119.278786,74.491997,7,600,58,3,"e00fce68f12da1a0c5de6248",2026-09-18 16:40:06.956,2026-09-18 16:40:07.108,2026-09-18 16:40:07.108,2026-09-18
"1007","028fyC3hXK","MOOSPMv3Parser",1789750200,0,0,2,1,1,3,3,1,1,3,287,189,47179,32,19,3,19,19,22,46,20,1,22,24,54,48,21.884,91,2,36.198868,-120.104408,76.722,7,600,58,3,"e00fce686dc2ef0a68fa40b0",2026-09-18 16:50:01.81,2026-09-18 16:50:01.971,2026-09-18 16:50:01.971,2026-09-18
"1008","W5GGJOiiGF","MOOSPMv3Parser",1789750200,5,5,9,13,13,10,10,14,14,10,587,463,101568,96,73,10,73,73,22,45,73,0,14,24,76,48,16.081,114,3,35.963093,-119.291885,20.774,7,600,58,3,"e00fce68d6b773b56ce8baa0",2026-09-18 16:50:02.56,2026-09-18 16:50:02.797,2026-09-18 16:50:02.797,2026-09-18
"1009","3OOAFA6hev","MOOSPMv3Parser",1789750201,5,5,4,7,7,4,4,7,7,4,1762,285,62063,44,30,3,30,30,21,58,30,0,21,22,54,54,34.833,54,1,36.503113,-120.325348,45.402,9,600,58,3,"e00fce68e77e43df92405fdb",2026-09-18 16:50:02.791,2026-09-18 16:50:02.968,2026-09-18 16:50:02.968,2026-09-18
"1010","w31Gd80Dy8","MOOSPMv3Parser",1789750200,11,11,8,17,17,8,8,19,19,8,2165,602,246119,116,63,9,64,64,22,53,64,0,21,25,56,47,14.791,120,1,35.949646,-119.049736,129.925995,5,600,58,3,"e00fce6808784ceaf209f949",2026-09-18 16:50:03.06,2026-09-18 16:50:03.3,2026-09-18 16:50:03.3,2026-09-18
"1011","TKwUKlNUUY","MOOSPMv3Parser",1789750201,5,5,81,8,8,85,85,9,9,85,1028,293,219297,58,420,5,421,421,23,41,421,0,22,26,53,44,27.157,91,3277,1.1e-05,-0.00425,216.115005,9,600,58,3,"e00fce68e28dcbc9a589be10",2026-09-18 16:50:03.408,2026-09-18 16:50:03.709,2026-09-18 16:50:03.709,2026-09-18
"1012","ZAQ6on1jdF","MOOSPMv3Parser",1789750200,9,9,8,15,15,8,8,15,15,8,1997,496,145872,96,62,9,62,62,23,52,62,0,21,26,56,44,17.884,93,1,35.775093,-119.238495,60.220001,11,600,58,3,"e00fce68e88237db75a60608",2026-09-18 16:50:03.782,2026-09-18 16:50:03.935,2026-09-18 16:50:03.935,2026-09-18
"1013","cJqWqRFgQu","MOOSPMv3Parser",1789750201,3,3,3,4,4,4,4,5,5,4,756,191,306413,36,27,2,27,27,25,33,27,0,28,28,35,38,47.479,50,2,36.138996,-120.368309,171.457001,6,600,58,3,"e00fce6850cac69f647dc199",2026-09-18 16:50:05.073,2026-09-18 16:50:05.274,2026-09-18 16:50:05.274,2026-09-18
"1014","HK7NCHLGLl","MOOSPMv3Parser",1789750201,6,6,7,10,10,7,7,11,11,7,1178,363,188148,72,52,6,52,52,0,0,52,0,21,22,57,57,17.388,83,1,36.433655,-119.923317,33.055,6,600,58,3,"e00fce6876826e255108c6bd",2026-09-18 16:50:05.47,2026-09-18 16:50:05.63,2026-09-18 16:50:05.63,2026-09-18
"1015","FD9hgINoMA","MOOSPMv3Parser",1789750201,7,7,0,12,12,0,0,13,13,0,1664,402,0,82,0,10,0,0,21,53,0,2,21,23,57,53,18.435,113,3,36.187412,-119.822006,27.274,7,600,58,3,"e00fce68e739ecbcf9e91965",2026-09-18 16:50:05.605,2026-09-18 16:50:05.741,2026-09-18 16:50:05.741,2026-09-18
"1016","ZEYTDERaaE","MOOSPMv3Parser",1789750201,12,12,10,18,18,11,11,19,19,11,2250,632,109687,115,81,8,81,81,20,62,81,0,21,23,58,54,18.937,131,4,36.523289,-119.278786,80.537003,7,600,58,3,"e00fce68f12da1a0c5de6248",2026-09-18 16:50:06.979,2026-09-18 16:50:07.122,2026-09-18 16:50:07.122,2026-09-18
"1017","KWIGfXFzoB","MOOSPMv3Parser",1789750800,0,0,2,1,1,2,3,1,1,3,293,192,47194,31,18,3,18,18,23,44,18,1,22,25,52,46,22.637,71,2,36.198788,-120.10437,70.384003,8,600,58,3,"e00fce686dc2ef0a68fa40b0",2026-09-18 17:00:01.967,2026-09-18 17:00:02.132,2026-09-18 17:00:02.132,2026-09-18
"1018","oFKwiSYqXB","MOOSPMv3Parser",1789750800,6,6,7,10,10,8,8,13,13,8,1206,372,189140,79,53,8,54,54,0,0,54,1,22,22,57,56,17.64,84,1,36.433655,-119.923424,27.93,6,597,58,3,"e00fce6876826e255108c6bd",2026-09-18 17:00:02.206,2026-09-18 17:00:02.571,2026-09-18 17:00:02.571,2026-09-18
"1019","GfUwiAU5DN","MOOSPMv3Parser",1789750800,6,6,10,14,14,11,11,15,15,11,601,477,101633,102,77,11,77,78,23,44,78,0,21,25,58,46,16.292,109,4,35.963108,-119.291893,30.809999,7,600,58,3,"e00fce68d6b773b56ce8baa0",2026-09-18 17:00:02.256,2026-09-18 17:00:02.606,2026-09-18 17:00:02.606,2026-09-18
"1020","GAk4flAANX","MOOSPMv3Parser",1789750800,7,7,0,12,12,0,0,13,13,0,1525,380,0,80,0,10,0,0,22,51,0,2,22,24,55,51,19.057,109,4,36.187435,-119.82193,34.925999,7,597,58,3,"e00fce68e739ecbcf9e91965",2026-09-18 17:00:02.722,2026-09-18 17:00:03.156,2026-09-18 17:00:03.156,2026-09-18
"1021","a9pBLsomCk","MOOSPMv3Parser",1789750801,5,5,4,7,7,4,4,8,8,4,1782,290,62089,42,30,4,30,30,21,55,30,0,22,23,53,52,35.184,52,2,36.503059,-120.325371,50.712002,9,600,58,3,"e00fce68e77e43df92405fdb",2026-09-18 17:00:03.026,2026-09-18 17:00:03.442,2026-09-18 17:00:03.442,2026-09-18
"1022","KEOi7YxEPr","MOOSPMv3Parser",1789750800,11,11,8,18,18,9,9,19,19,9,2213,613,246175,121,65,9,65,65,23,53,65,0,22,26,60,49,14.568,119,2,35.949516,-119.049774,108.777,8,600,58,3,"e00fce6808784ceaf209f949",2026-09-18 17:00:03.071,2026-09-18 17:00:03.714,2026-09-18 17:00:03.714,2026-09-18
"1023","iBRrBs6nSQ","MOOSPMv3Parser",1789750801,5,5,2,8,8,2,2,8,8,2,1007,291,219311,56,16,4,16,16,24,39,16,0,23,27,51,43,27.412,93,3277,1.1e-05,-0.00425,216.115005,9,600,58,3,"e00fce68e28dcbc9a589be10",2026-09-18 17:00:03.434,2026-09-18 17:00:03.834,2026-09-18 17:00:03.834,2026-09-18
"1024","YByR4gV6RD","MOOSPMv3Parser",1789750800,8,8,7,13,13,7,7,13,13,7,1846,442,145920,85,54,6,54,54,23,50,54,0,21,26,56,44,18.777,80,1,35.775032,-119.23848,68.486,9,600,58,3,"e00fce68e88237db75a60608",2026-09-18 17:00:03.788,2026-09-18 17:00:04.062,2026-09-18 17:00:04.062,2026-09-18
"1025","beJ5XyhXX8","MOOSPMv3Parser",1789750801,3,3,4,5,5,4,4,5,5,4,808,202,306438,34,28,2,28,28,26,32,28,0,29,28,34,37,48.467,43,2,36.138927,-120.368454,197.024994,7,600,58,3,"e00fce6850cac69f647dc199",2026-09-18 17:00:05.314,2026-09-18 17:00:05.495,2026-09-18 17:00:05.495,2026-09-18
"1026","Srp2tDDwND","MOOSPMv3Parser",1789750801,12,12,11,18,18,11,11,19,19,11,2313,655,109759,116,82,6,83,83,21,57,83,0,22,24,56,50,19.494,136,4,36.523418,-119.278748,77.556999,5,600,58,3,"e00fce68f12da1a0c5de6248",2026-09-18 17:00:07.489,2026-09-18 17:00:07.743,2026-09-18 17:00:07.743,2026-09-18
"1027","OP1r8bz5ml","MOOSPMv3Parser",1789751400,6,6,6,11,11,7,7,12,12,7,1227,378,188237,76,50,9,51,51,0,0,51,1,22,23,55,55,18.277,84,1,36.433655,-119.923386,14.503,8,600,58,3,"e00fce6876826e255108c6bd",2026-09-18 17:10:02.204,2026-09-18 17:10:02.354,2026-09-18 17:10:02.354,2026-09-18
"1028","dlaJ3aTtQZ","MOOSPMv3Parser",1789751400,7,7,0,12,12,0,0,13,13,0,1523,384,0,78,0,10,0,0,22,49,0,2,22,24,54,49,19.906,93,5,36.187515,-119.822021,28.569,7,600,58,3,"e00fce68e739ecbcf9e91965",2026-09-18 17:10:02.5,2026-09-18 17:10:02.713,2026-09-18 17:10:02.713,2026-09-18
"1029","4CZXqGgpQK","MOOSPMv3Parser",1789751400,0,0,2,1,1,3,3,1,1,3,287,186,47209,31,18,3,18,18,23,43,18,0,23,26,51,45,22.48,90,2,36.198814,-120.104401,75.616997,6,600,58,3,"e00fce686dc2ef0a68fa40b0",2026-09-18 17:10:02.582,2026-09-18 17:10:02.843,2026-09-18 17:10:02.843,2026-09-18
"1030","zSLcwBWqoW","MOOSPMv3Parser",1789751400,5,5,10,14,14,10,10,16,16,10,596,478,101696,103,76,11,76,76,23,43,76,0,21,25,56,45,16.98,111,4,35.963062,-119.291771,40.722,8,600,58,3,"e00fce68d6b773b56ce8baa0",2026-09-18 17:10:02.5,2026-09-18 17:10:02.872,2026-09-18 17:10:02.872,2026-09-18
"1031","sERHr5ryfv","MOOSPMv3Parser",1789751401,5,5,4,7,7,4,4,7,7,4,1772,290,62114,43,30,3,30,30,21,54,30,0,22,23,53,51,35.395,46,2,36.503059,-120.325371,50.714001,0,600,58,3,"e00fce68e77e43df92405fdb",2026-09-18 17:10:02.764,2026-09-18 17:10:02.939,2026-09-18 17:10:02.939,2026-09-18
"1032","OzaLSQ6HFF","MOOSPMv3Parser",1789751400,12,12,8,18,18,9,9,19,19,9,2279,630,246231,125,64,10,64,64,23,49,64,0,22,26,54,45,14.961,120,2,35.949589,-119.049942,119.936996,8,600,58,3,"e00fce6808784ceaf209f949",2026-09-18 17:10:03.059,2026-09-18 17:10:03.296,2026-09-18 17:10:03.296,2026-09-18
"1033","020i4AWjNg","MOOSPMv3Parser",1789751401,5,5,0,7,7,0,0,8,8,0,985,281,219311,54,0,4,0,0,24,37,0,0,23,28,50,41,28.335,78,3277,1.1e-05,-0.00425,216.115005,9,600,58,3,"e00fce68e28dcbc9a589be10",2026-09-18 17:10:03.48,2026-09-18 17:10:03.647,2026-09-18 17:10:03.647,2026-09-18
"1034","I4G5cSRcFJ","MOOSPMv3Parser",1789751400,8,8,7,13,13,7,7,13,13,7,1861,441,145967,88,54,8,54,54,24,49,54,0,22,27,56,43,19.817,75,2,35.775013,-119.238518,68.834999,9,600,58,3,"e00fce68e88237db75a60608",2026-09-18 17:10:03.777,2026-09-18 17:10:03.938,2026-09-18 17:10:03.938,2026-09-18
"1035","UjpntWUJ2v","MOOSPMv3Parser",1789751401,3,3,4,5,5,4,4,6,6,4,794,199,306462,38,28,3,28,28,26,31,28,0,29,29,34,36,46.529,48,2,36.138927,-120.368454,197.029007,0,600,58,3,"e00fce6850cac69f647dc199",2026-09-18 17:10:05.871,2026-09-18 17:10:06.018,2026-09-18 17:10:06.018,2026-09-18
"1036","Y14y2xYGIH","MOOSPMv3Parser",1789751401,12,12,10,18,18,11,11,19,19,11,2286,641,109830,116,81,7,82,82,22,55,82,0,22,25,57,49,20.355,129,4,36.523449,-119.278786,99.598,6,600,58,3,"e00fce68f12da1a0c5de6248",2026-09-18 17:10:06.988,2026-09-18 17:10:07.138,2026-09-18 17:10:07.138,2026-09-18
"1037","5xDeHTW1qr","MOOSPMv3Parser",1789752000,6,6,10,15,15,11,11,17,17,11,623,495,101763,106,80,11,81,81,23,42,81,0,21,26,57,45,17.447,106,4,35.963104,-119.291756,36.262001,10,600,58,3,"e00fce68d6b773b56ce8baa0",2026-09-18 17:20:02.182,2026-09-18 17:20:02.482,2026-09-18 17:20:02.482,2026-09-18
"1038","J3CvDfCLBG","MOOSPMv3Parser",1789752000,6,6,7,11,11,7,8,13,13,8,1186,367,188282,76,52,10,52,52,0,0,52,0,22,23,55,54,18.309,84,2,36.433605,-119.923363,22.114,10,600,58,3,"e00fce6876826e255108c6bd",2026-09-18 17:20:02.371,2026-09-18 17:20:02.566,2026-09-18 17:20:02.566,2026-09-18
"1039","otC7T23LNp","MOOSPMv3Parser",1789752000,6,6,0,11,11,0,0,12,12,0,1481,369,0,70,0,8,0,0,23,48,0,2,22,25,54,49,20.584,84,6,36.187458,-119.822021,34.689999,7,600,58,3,"e00fce68e739ecbcf9e91965",2026-09-18 17:20:02.727,2026-09-18 17:20:02.881,2026-09-18 17:20:02.881,2026-09-18
"1040","JckFfyiUti","MOOSPMv3Parser",1789752000,0,0,2,1,1,2,3,1,1,3,280,181,47223,30,17,3,17,17,24,42,17,0,23,26,50,43,23.888,56,2,36.198814,-120.104401,75.614998,0,600,58,3,"e00fce686dc2ef0a68fa40b0",2026-09-18 17:20:02.821,2026-09-18 17:20:03.1,2026-09-18 17:20:03.1,2026-09-18
"1041","9G87FYit7H","MOOSPMv3Parser",1789752000,12,12,9,19,19,9,9,20,20,9,2391,659,246291,129,67,8,68,68,24,48,68,0,23,27,54,45,15.774,118,2,35.949459,-119.049904,113.283997,8,600,58,3,"e00fce6808784ceaf209f949",2026-09-18 17:20:03.059,2026-09-18 17:20:03.272,2026-09-18 17:20:03.272,2026-09-18
"1042","U4VwYe7l2W","MOOSPMv3Parser",1789752001,5,5,4,7,7,4,4,8,8,4,1825,304,62141,49,30,3,31,31,22,54,31,0,22,23,54,52,35.503,47,2,36.503193,-120.325409,52.992001,7,600,58,3,"e00fce68e77e43df92405fdb",2026-09-18 17:20:03.321,2026-09-18 17:20:03.48,2026-09-18 17:20:03.48,2026-09-18
"1043","3hM3CwNYxl","MOOSPMv3Parser",1789752001,4,4,0,7,7,0,0,7,7,0,938,266,219311,44,0,3,0,0,25,36,0,0,24,29,48,40,29.484,55,3277,1.1e-05,-0.00425,216.115005,9,600,58,3,"e00fce68e28dcbc9a589be10",2026-09-18 17:20:03.67,2026-09-18 17:20:03.897,2026-09-18 17:20:03.897,2026-09-18
"1044","DL3WHeeh7q","MOOSPMv3Parser",1789752000,7,7,6,11,11,7,7,12,12,7,1745,407,146011,75,50,7,51,51,24,47,51,0,22,28,53,41,20.371,75,2,35.77504,-119.238525,64.948997,9,600,58,3,"e00fce68e88237db75a60608",2026-09-18 17:20:03.786,2026-09-18 17:20:03.959,2026-09-18 17:20:03.959,2026-09-18
"1045","ZGORBuUI6o","MOOSPMv3Parser",1789752001,3,3,4,5,5,4,4,6,6,4,818,201,306486,35,28,3,28,28,26,31,28,0,29,29,34,37,48.405,50,2,36.138981,-120.368446,171.917007,6,600,58,3,"e00fce6850cac69f647dc199",2026-09-18 17:20:04.765,2026-09-18 17:20:04.904,2026-09-18 17:20:04.904,2026-09-18
"1046","u9t4YMTeN1","MOOSPMv3Parser",1789752001,12,12,10,18,18,11,11,19,19,11,2254,638,109901,113,80,8,81,81,23,51,81,0,22,26,54,45,20.889,135,4,36.52343,-119.27877,92.114998,6,600,58,3,"e00fce68f12da1a0c5de6248",2026-09-18 17:20:06.996,2026-09-18 17:20:07.196,2026-09-18 17:20:07.196,2026-09-18
"1047","MiaO7M84Di","MOOSPMv3Parser",1789752600,0,0,2,1,1,3,3,1,1,3,281,182,47237,30,18,3,18,18,24,42,18,1,24,27,49,43,24.062,51,2,36.198853,-120.104378,96.450996,8,600,58,3,"e00fce686dc2ef0a68fa40b0",2026-09-18 17:30:02.039,2026-09-18 17:30:02.197,2026-09-18 17:30:02.197,2026-09-18
"1048","1FVk7eDml4","MOOSPMv3Parser",1789752600,6,6,6,10,10,7,7,12,12,7,1152,353,188325,70,50,8,50,50,0,0,50,0,23,24,53,52,18.862,84,2,36.433655,-119.92337,40.401001,10,600,58,3,"e00fce6876826e255108c6bd",2026-09-18 17:30:02.359,2026-09-18 17:30:02.516,2026-09-18 17:30:02.516,2026-09-18
"1049","9QOOGbvIb7","MOOSPMv3Parser",1789752600,5,5,10,13,13,10,10,15,15,10,610,484,101828,101,77,11,77,77,24,41,77,0,22,26,54,44,18.305,104,4,35.963104,-119.291756,36.264,0,600,58,3,"e00fce68d6b773b56ce8baa0",2026-09-18 17:30:02.731,2026-09-18 17:30:02.888,2026-09-18 17:30:02.888,2026-09-18
"1050","sZBIeEzZJG","MOOSPMv3Parser",1789752600,6,6,0,11,11,0,0,12,12,0,1445,358,0,69,0,9,0,0,23,46,0,2,23,25,52,47,21.452,80,7,36.18745,-119.82206,23.573,7,600,58,3,"e00fce68e739ecbcf9e91965",2026-09-18 17:30:02.71,2026-09-18 17:30:02.899,2026-09-18 17:30:02.899,2026-09-18
"1051","F4LuqFApE1","MOOSPMv3Parser",1789752601,4,4,4,7,7,4,4,7,7,4,1723,277,62166,44,29,3,30,30,22,53,30,0,22,24,52,51,35.32,45,2,36.503166,-120.325409,56.347,7,600,58,3,"e00fce68e77e43df92405fdb",2026-09-18 17:30:02.892,2026-09-18 17:30:03.139,2026-09-18 17:30:03.139,2026-09-18
"1052","EFcElN7e41","MOOSPMv3Parser",1789752600,12,12,8,19,19,9,9,20,20,9,2298,629,246349,126,66,9,66,66,25,45,66,0,23,28,53,42,16.492,116,2,35.949493,-119.050018,111.668999,10,600,58,3,"e00fce6808784ceaf209f949",2026-09-18 17:30:03.281,2026-09-18 17:30:03.496,2026-09-18 17:30:03.496,2026-09-18
"1053","CeNG3z29Qv","MOOSPMv3Parser",1789752601,4,4,0,7,7,0,0,7,7,0,915,260,219311,46,0,3,0,0,26,35,0,0,24,29,48,39,30.312,47,3277,1.1e-05,-0.00425,216.115005,9,600,58,3,"e00fce68e28dcbc9a589be10",2026-09-18 17:30:03.424,2026-09-18 17:30:03.632,2026-09-18 17:30:03.632,2026-09-18
"1054","lN1Fcywln0","MOOSPMv3Parser",1789752600,7,7,6,11,11,6,6,11,11,6,1650,380,146052,76,47,6,47,47,25,46,47,0,22,28,54,41,22.924,63,2,35.775013,-119.238525,59.071999,6,600,58,3,"e00fce68e88237db75a60608",2026-09-18 17:30:03.717,2026-09-18 17:30:03.93,2026-09-18 17:30:03.93,2026-09-18
"1055","8oUL2ugA1E","MOOSPMv3Parser",1789752601,3,3,4,5,5,4,4,5,5,4,843,207,306514,37,29,2,29,29,26,30,29,0,29,29,34,36,49.602,45,2,36.13892,-120.368462,156.479996,6,600,58,3,"e00fce6850cac69f647dc199",2026-09-18 17:30:05.066,2026-09-18 17:30:05.253,2026-09-18 17:30:05.253,2026-09-18
"1056","KQluD6oJs2","MOOSPMv3Parser",1789752601,11,11,9,16,16,10,10,17,17,10,2088,586,109964,105,73,5,73,73,24,48,73,0,23,27,52,43,22.528,121,4,36.523323,-119.278816,74.596001,7,600,58,3,"e00fce68f12da1a0c5de6248",2026-09-18 17:30:06.908,2026-09-18 17:30:07.035,2026-09-18 17:30:07.035,2026-09-18
"1057","K9I5GW1w4B","MOOSPMv3Parser",1789753200,0,0,2,1,1,2,3,1,1,3,270,171,47252,28,17,3,18,18,24,40,18,0,24,27,48,41,24.485,52,2,36.198833,-120.104393,49.672001,7,600,58,3,"e00fce686dc2ef0a68fa40b0",2026-09-18 17:40:02.003,2026-09-18 17:40:02.174,2026-09-18 17:40:02.174,2026-09-18
"1058","fnfRXAas34","MOOSPMv3Parser",1789753200,5,5,6,10,10,7,7,12,12,7,1101,340,188366,77,48,10,48,48,0,0,48,1,23,24,53,51,19.188,84,2,36.433655,-119.92337,40.404999,0,600,58,3,"e00fce6876826e255108c6bd",2026-09-18 17:40:02.141,2026-09-18 17:40:02.311,2026-09-18 17:40:02.311,2026-09-18
"1059","sxedh9XScR","MOOSPMv3Parser",1789753200,6,6,10,14,14,11,11,16,16,11,624,496,101894,105,79,11,79,79,24,40,79,0,22,27,53,42,18.718,103,5,35.963131,-119.291748,45.861,9,600,58,3,"e00fce68d6b773b56ce8baa0",2026-09-18 17:40:02.234,2026-09-18 17:40:02.369,2026-09-18 17:40:02.369,2026-09-18
"1060","rMQq0d5rzg","MOOSPMv3Parser",1789753200,6,6,0,10,10,0,0,11,11,0,1355,336,0,70,0,8,0,0,24,44,0,2,23,26,51,46,21.899,75,8,36.187439,-119.82193,25.913,6,600,58,3,"e00fce68e739ecbcf9e91965",2026-09-18 17:40:02.894,2026-09-18 17:40:03.065,2026-09-18 17:40:03.065,2026-09-18
"1061","UIqGxsgduX","MOOSPMv3Parser",1789753201,4,4,4,7,7,4,4,7,7,4,1728,281,62192,41,30,3,30,30,22,52,30,0,23,24,53,51,36.12,40,2,36.503132,-120.325394,54.757999,7,600,58,3,"e00fce68e77e43df92405fdb",2026-09-18 17:40:02.922,2026-09-18 17:40:03.159,2026-09-18 17:40:03.159,2026-09-18
"1062","vP7UbaNCFD","MOOSPMv3Parser",1789753200,11,11,8,18,18,8,8,19,19,8,2212,611,246403,118,63,9,63,63,25,42,63,0,23,28,52,41,18.078,105,2,35.949612,-119.04998,126.737,8,600,58,3,"e00fce6808784ceaf209f949",2026-09-18 17:40:03.202,2026-09-18 17:40:03.344,2026-09-18 17:40:03.344,2026-09-18
"1063","azWx8xkF9s","MOOSPMv3Parser",1789753201,4,4,0,6,6,0,0,7,7,0,899,255,219311,43,0,3,0,0,26,34,0,0,25,30,47,39,31.426,36,3277,1.1e-05,-0.00425,216.115005,9,600,58,3,"e00fce68e28dcbc9a589be10",2026-09-18 17:40:03.416,2026-09-18 17:40:03.614,2026-09-18 17:40:03.614,2026-09-18
"1064","zavZSF53cV","MOOSPMv3Parser",1789753200,7,7,6,10,10,6,6,11,11,6,1644,372,146089,70,43,5,43,43,25,43,43,0,23,29,51,40,23.634,56,2,35.774975,-119.238548,58.757,5,600,58,3,"e00fce68e88237db75a60608",2026-09-18 17:40:03.793,2026-09-18 17:40:03.982,2026-09-18 17:40:03.982,2026-09-18
"1065","IVptjlak3R","MOOSPMv3Parser",1789753201,3,3,3,5,5,4,4,5,5,4,813,198,306537,38,27,2,27,27,27,29,27,0,30,30,33,35,50.101,40,2,36.139053,-120.368332,186.541,7,600,58,3,"e00fce6850cac69f647dc199",2026-09-18 17:40:05.633,2026-09-18 17:40:05.903,2026-09-18 17:40:05.903,2026-09-18
"1066","Rl4CbOEohd","MOOSPMv3Parser",1789753201,11,11,9,16,16,9,9,17,17,9,2049,580,110026,103,71,6,71,71,24,46,71,0,23,27,53,43,23.642,116,4,36.523281,-119.278839,65.827003,6,600,58,3,"e00fce68f12da1a0c5de6248",2026-09-18 17:40:12.978,2026-09-18 17:40:13.137,2026-09-18 17:40:13.137,2026-09-18
"1067","mMELQupLEI","MOOSPMv3Parser",1789753800,0,0,2,1,1,2,3,1,1,3,274,174,47266,29,17,3,17,17,25,40,17,1,24,28,47,40,24.935,50,2,36.198879,-120.104469,92.713997,5,600,58,3,"e00fce686dc2ef0a68fa40b0",2026-09-18 17:50:01.802,2026-09-18 17:50:01.964,2026-09-18 17:50:01.964,2026-09-18
"1068","kPp2pZ3E80","MOOSPMv3Parser",1789753800,5,5,6,9,9,6,7,11,11,7,1050,322,188405,66,45,8,45,45,0,0,45,1,23,25,52,51,19.31,84,2,36.433624,-119.923347,8.278,10,600,58,3,"e00fce6876826e255108c6bd",2026-09-18 17:50:02.208,2026-09-18 17:50:02.365,2026-09-18 17:50:02.365,2026-09-18
"1069","a3p8FlXRP7","MOOSPMv3Parser",1789753800,6,6,0,10,10,0,0,10,10,0,1386,341,0,63,0,8,0,0,24,42,0,2,24,26,50,45,23.083,65,8,36.187435,-119.821983,27.597,8,600,58,3,"e00fce68e739ecbcf9e91965",2026-09-18 17:50:02.564,2026-09-18 17:50:02.839,2026-09-18 17:50:02.839,2026-09-18
"1070","Fm4mo1wjdM","MOOSPMv3Parser",1789753800,5,5,10,13,13,10,10,15,15,10,603,482,101957,104,75,11,76,76,25,40,76,0,23,27,52,42,19.365,101,5,35.963142,-119.291832,50.817001,11,600,58,3,"e00fce68d6b773b56ce8baa0",2026-09-18 17:50:02.653,2026-09-18 17:50:02.858,2026-09-18 17:50:02.858,2026-09-18
"1071","ksNjcNx1YZ","MOOSPMv3Parser",1789753801,4,4,4,7,7,4,4,8,8,4,1788,284,62217,47,29,4,29,29,22,52,29,0,23,24,51,50,36.043,36,2,36.503071,-120.325363,51.404999,6,600,58,3,"e00fce68e77e43df92405fdb",2026-09-18 17:50:03.004,2026-09-18 17:50:03.173,2026-09-18 17:50:03.173,2026-09-18
"1072","NMVpckuOVm","MOOSPMv3Parser",1789753800,12,12,8,18,18,8,8,18,18,8,2282,631,246458,117,63,7,64,64,25,44,64,0,23,29,53,41,18.68,100,2,35.949516,-119.049927,113.179001,7,600,58,3,"e00fce6808784ceaf209f949",2026-09-18 17:50:03.144,2026-09-18 17:50:03.331,2026-09-18 17:50:03.331,2026-09-18
"1073","0Zy1Pb0OZ5","MOOSPMv3Parser",1789753801,4,4,0,6,6,0,0,7,7,0,893,251,219311,46,0,3,0,0,27,32,0,0,25,30,45,36,31.688,34,3277,1.1e-05,-0.00425,216.115005,9,600,58,3,"e00fce68e28dcbc9a589be10",2026-09-18 17:50:03.392,2026-09-18 17:50:03.571,2026-09-18 17:50:03.571,2026-09-18
"1074","BQYEpMDV5i","MOOSPMv3Parser",1789753800,6,6,6,10,10,6,6,10,10,6,1594,357,146129,68,45,5,45,46,25,43,46,0,23,29,51,40,23.662,53,2,35.775036,-119.238533,69.528,5,600,58,3,"e00fce68e88237db75a60608",2026-09-18 17:50:03.706,2026-09-18 17:50:03.867,2026-09-18 17:50:03.867,2026-09-18
"1075","VfFRqSnrSc","MOOSPMv3Parser",1789753801,3,3,4,5,5,4,4,6,6,4,831,205,306564,39,29,3,29,29,27,29,29,0,30,30,32,35,51.41,38,2,36.139038,-120.36837,184.160004,7,600,58,3,"e00fce6850cac69f647dc199",2026-09-18 17:50:05.774,2026-09-18 17:50:05.922,2026-09-18 17:50:05.922,2026-09-18
"1076","grdqoVH9sN","MOOSPMv3Parser",1789753801,10,10,9,14,14,9,9,15,15,9,1858,528,110086,94,69,6,69,69,25,43,69,0,23,28,51,41,24.839,109,4,36.523064,-119.278793,48.798,5,600,58,3,"e00fce68f12da1a0c5de6248",2026-09-18 17:50:07.093,2026-09-18 17:50:07.27,2026-09-18 17:50:07.27,2026-09-18
"1077","vB3mG8nuST","MOOSPMv3Parser",1789754400,5,5,10,13,13,10,10,15,15,10,602,477,102021,98,77,10,77,77,25,39,77,0,23,28,50,41,19.786,96,5,35.963234,-119.291786,29.750999,7,600,58,3,"e00fce68d6b773b56ce8baa0",2026-09-18 18:00:02.28,2026-09-18 18:00:02.578,2026-09-18 18:00:02.578,2026-09-18
"1078","ONGEzTeEpz","MOOSPMv3Parser",1789754400,5,5,6,9,9,6,7,10,10,7,1078,332,188444,63,45,7,45,45,0,0,45,1,24,25,50,49,19.559,84,2,36.433617,-119.92337,50.154999,8,600,58,3,"e00fce6876826e255108c6bd",2026-09-18 18:00:02.51,2026-09-18 18:00:02.768,2026-09-18 18:00:02.768,2026-09-18
"1079","ZGGCFhMlPB","MOOSPMv3Parser",1789754400,6,6,0,10,10,0,0,11,11,0,1389,345,0,65,0,7,0,0,24,40,0,2,24,27,48,44,23.535,58,9,36.187435,-119.821983,27.591999,0,600,58,3,"e00fce68e739ecbcf9e91965",2026-09-18 18:00:02.503,2026-09-18 18:00:03.1,2026-09-18 18:00:03.1,2026-09-18
"1080","fjH4q1Eobm","MOOSPMv3Parser",1789754401,4,4,4,7,7,4,4,7,7,4,1742,283,62244,44,30,4,31,31,22,51,31,0,23,24,52,50,36.154,35,2,36.503101,-120.325394,49.786999,7,600,58,3,"e00fce68e77e43df92405fdb",2026-09-18 18:00:02.81,2026-09-18 18:00:03.138,2026-09-18 18:00:03.138,2026-09-18
"1081","OdlQorAKO6","MOOSPMv3Parser",1789754400,11,11,7,17,17,8,8,18,18,8,2097,583,246507,110,58,7,58,58,26,41,58,0,24,29,52,40,19.216,105,2,35.949562,-119.04995,123.764999,8,600,58,3,"e00fce6808784ceaf209f949",2026-09-18 18:00:03.077,2026-09-18 18:00:03.4,2026-09-18 18:00:03.4,2026-09-18
"1082","oGLFA3s1cE","MOOSPMv3Parser",1789754400,0,0,2,0,0,2,2,1,1,2,263,169,47280,28,16,2,17,17,26,38,17,1,25,28,45,39,25.21,52,2,36.198845,-120.104301,125.973,5,600,58,3,"e00fce686dc2ef0a68fa40b0",2026-09-18 18:00:02.977,2026-09-18 18:00:03.568,2026-09-18 18:00:03.568,2026-09-18
"1083","UZjgfeRXUC","MOOSPMv3Parser",1789754401,4,4,0,6,6,0,0,6,6,0,887,251,219311,42,0,2,0,0,27,31,0,0,26,31,44,36,32.231,28,3277,1.1e-05,-0.00425,216.115005,9,600,58,3,"e00fce68e28dcbc9a589be10",2026-09-18 18:00:03.402,2026-09-18 18:00:03.791,2026-09-18 18:00:03.791,2026-09-18
"1084","t7ThKLGzDu","MOOSPMv3Parser",1789754400,7,7,6,11,11,6,7,11,11,7,1688,375,146168,72,46,6,46,46,25,41,46,0,23,28,49,39,24.037,49,2,35.775085,-119.238609,61.501999,5,600,58,3,"e00fce68e88237db75a60608",2026-09-18 18:00:03.708,2026-09-18 18:00:04.082,2026-09-18 18:00:04.082,2026-09-18
"1085","JPAnF0aSmx","MOOSPMv3Parser",1789754401,3,3,4,5,5,4,4,6,6,4,860,213,306592,41,29,3,29,29,28,28,29,0,31,31,32,35,50.892,39,2,36.139103,-120.368401,159.298996,6,600,58,3,"e00fce6850cac69f647dc199",2026-09-18 18:00:04.896,2026-09-18 18:00:05.445,2026-09-18 18:00:05.445,2026-09-18
"1086","ndtCHYuCO1","MOOSPMv3Parser",1789754401,9,9,8,14,14,9,9,15,15,9,1767,491,110144,89,66,6,66,66,26,43,66,0,24,29,51,41,25.401,100,5,36.523342,-119.278885,89.598999,7,600,58,3,"e00fce68f12da1a0c5de6248",2026-09-18 18:00:11.058,2026-09-18 18:00:11.243,2026-09-18 18:00:11.243,2026-09-18
"1087","3V3aPZMYfN","MOOSPMv3Parser",1789755000,0,0,3,1,1,4,4,1,1,4,278,180,47298,30,23,3,23,23,26,37,23,1,25,29,45,38,25.75,42,2,36.198845,-120.104462,81.955002,6,600,58,3,"e00fce686dc2ef0a68fa40b0",2026-09-18 18:10:01.844,2026-09-18 18:10:02.044,2026-09-18 18:10:02.044,2026-09-18
"1088","LFyvgCpmFt","MOOSPMv3Parser",1789755000,5,5,5,8,8,6,6,9,9,6,962,296,188478,55,40,5,41,41,0,0,41,1,24,26,48,46,19.872,85,3,36.433525,-119.923401,-1.722,10,600,58,3,"e00fce6876826e255108c6bd",2026-09-18 18:10:02.283,2026-09-18 18:10:02.45,2026-09-18 18:10:02.45,2026-09-18
"1089","Mq6c0Lb4al","MOOSPMv3Parser",1789755000,5,5,9,13,13,10,10,14,14,10,592,472,102082,99,73,10,73,73,25,38,73,0,24,28,49,41,20.41,84,6,35.963131,-119.291756,43.560001,8,600,58,3,"e00fce68d6b773b56ce8baa0",2026-09-18 18:10:02.405,2026-09-18 18:10:02.581,2026-09-18 18:10:02.581,2026-09-18
"1090","JVZ9tAZwVD","MOOSPMv3Parser",1789755000,6,6,0,11,11,0,0,11,11,0,1457,362,0,70,0,8,0,0,25,40,0,2,24,28,50,43,24.566,51,10,36.187504,-119.822052,22.830999,10,600,58,3,"e00fce68e739ecbcf9e91965",2026-09-18 18:10:02.573,2026-09-18 18:10:02.728,2026-09-18 18:10:02.728,2026-09-18
"1091","EOJKy3su7p","MOOSPMv3Parser",1789755001,5,5,4,7,7,4,4,8,8,4,1647,292,62270,46,30,4,30,30,23,49,30,0,24,25,49,48,36.647,33,2,36.503105,-120.325424,49.335999,7,600,58,3,"e00fce68e77e43df92405fdb",2026-09-18 18:10:02.972,2026-09-18 18:10:03.154,2026-09-18 18:10:03.154,2026-09-18
"1092","lzatRoTKfl","MOOSPMv3Parser",1789755000,10,10,7,15,15,7,7,16,16,7,1957,538,246555,103,54,7,54,54,26,39,54,0,24,29,50,40,19.158,98,2,35.949562,-119.04995,123.764999,0,600,58,3,"e00fce6808784ceaf209f949",2026-09-18 18:10:03.162,2026-09-18 18:10:03.348,2026-09-18 18:10:03.348,2026-09-18
"1093","1DAFVIWvKq","MOOSPMv3Parser",1789755001,4,4,0,7,7,0,0,7,7,0,900,254,219311,47,0,4,0,0,28,29,0,0,26,32,44,35,32.439,34,3277,1.1e-05,-0.00425,216.115005,9,600,58,3,"e00fce68e28dcbc9a589be10",2026-09-18 18:10:03.624,2026-09-18 18:10:03.835,2026-09-18 18:10:03.835,2026-09-18
"1094","MNJd1hHJvG","MOOSPMv3Parser",1789755000,6,6,6,10,10,7,7,11,11,7,1671,370,146209,71,47,6,48,48,26,40,48,1,24,29,48,39,26.326,40,2,35.775085,-119.238609,61.501999,0,600,58,3,"e00fce68e88237db75a60608",2026-09-18 18:10:03.788,2026-09-18 18:10:03.944,2026-09-18 18:10:03.944,2026-09-18
"1095","yb5x7SbNUX","MOOSPMv3Parser",1789755001,4,4,4,5,5,4,4,6,6,4,897,220,306621,38,30,3,30,30,28,27,30,0,32,31,31,34,52.798,38,2,36.138977,-120.368401,166.149002,7,600,58,3,"e00fce6850cac69f647dc199",2026-09-18 18:10:04.984,2026-09-18 18:10:05.136,2026-09-18 18:10:05.136,2026-09-18
"1096","jLqzOOVAq5","MOOSPMv3Parser",1789755001,9,9,8,13,13,8,8,14,14,8,1738,489,110199,84,62,4,63,63,26,38,63,0,24,30,47,37,25.798,114,4,36.523342,-119.278885,89.602997,0,600,58,3,"e00fce68f12da1a0c5de6248",2026-09-18 18:10:07.046,2026-09-18 18:10:07.305,2026-09-18 18:10:07.305,2026-09-18
"1097","pUt0EL1YMI","MOOSPMv3Parser",1789755600,5,5,10,13,13,10,10,15,15,10,598,477,102145,98,75,10,75,75,26,38,75,0,24,28,49,41,20.311,83,6,35.963112,-119.291779,37.007,8,600,58,3,"e00fce68d6b773b56ce8baa0",2026-09-18 18:20:02.185,2026-09-18 18:20:02.367,2026-09-18 18:20:02.367,2026-09-18
"1098","P2SfKG4XB8","MOOSPMv3Parser",1789755600,0,0,2,0,0,2,2,1,1,3,254,157,47311,24,15,2,16,16,26,36,16,1,25,29,44,37,26.188,41,2,36.198845,-120.104477,90.307999,7,600,58,3,"e00fce686dc2ef0a68fa40b0",2026-09-18 18:20:02.209,2026-09-18 18:20:02.4,2026-09-18 18:20:02.4,2026-09-18
"1099","vidSLXwbhw","MOOSPMv3Parser",1789755600,4,4,5,7,7,5,6,8,8,6,874,270,188510,52,37,4,38,38,0,0,38,1,25,26,47,46,20.586,85,3,36.433525,-119.923363,25.530001,8,600,58,3,"e00fce6876826e255108c6bd",2026-09-18 18:20:02.279,2026-09-18 18:20:02.499,2026-09-18 18:20:02.499,2026-09-18
"1100","cry3zZUR8D","MOOSPMv3Parser",1789755600,6,6,0,10,10,0,0,11,11,0,1392,350,0,68,0,9,0,0,25,39,0,2,25,28,47,42,25.15,48,11,36.187462,-119.822006,17.103001,9,600,58,3,"e00fce68e739ecbcf9e91965",2026-09-18 18:20:02.641,2026-09-18 18:20:02.848,2026-09-18 18:20:02.848,2026-09-18
"1101","gOsvIAjEGC","MOOSPMv3Parser",1789755601,5,5,4,7,7,4,4,8,8,4,1763,306,62296,44,31,3,32,32,23,48,32,0,24,25,49,48,36.789,35,2,36.503075,-120.325401,44.348,8,600,58,3,"e00fce68e77e43df92405fdb",2026-09-18 18:20:02.76,2026-09-18 18:20:03.006,2026-09-18 18:20:03.006,2026-09-18
"1102","8ij3xF9CB4","MOOSPMv3Parser",1789755600,9,9,6,14,14,7,7,15,15,7,1779,489,246602,93,49,6,50,50,27,38,50,0,24,30,50,39,21.458,85,2,35.949417,-119.049957,95.127998,6,600,58,3,"e00fce6808784ceaf209f949",2026-09-18 18:20:03.022,2026-09-18 18:20:03.294,2026-09-18 18:20:03.294,2026-09-18
"1103","QMfZJpfYvt","MOOSPMv3Parser",1789755601,4,4,0,6,6,0,0,7,7,0,899,255,219311,46,0,2,0,0,28,28,0,0,27,32,42,34,32.484,38,3277,1.1e-05,-0.00425,216.115005,9,600,58,3,"e00fce68e28dcbc9a589be10",2026-09-18 18:20:03.371,2026-09-18 18:20:03.582,2026-09-18 18:20:03.582,2026-09-18
"1104","DowuqHFl2V","MOOSPMv3Parser",1789755600,7,7,6,11,11,7,7,11,11,7,1708,387,146250,73,47,5,47,47,26,38,47,0,24,30,47,38,25.519,46,2,35.774998,-119.238594,48.297001,8,600,58,3,"e00fce68e88237db75a60608",2026-09-18 18:20:03.786,2026-09-18 18:20:03.933,2026-09-18 18:20:03.933,2026-09-18
"1105","ybPKNY50dF","MOOSPMv3Parser",1789755601,3,3,4,5,5,4,4,5,5,4,856,211,306646,38,28,3,28,29,29,26,29,0,33,32,30,33,52.534,35,2,36.13895,-120.368439,164.063004,8,600,58,3,"e00fce6850cac69f647dc199",2026-09-18 18:20:05.646,2026-09-18 18:20:05.859,2026-09-18 18:20:05.859,2026-09-18
"1106","7DnIuTx6Td","MOOSPMv3Parser",1789755601,7,7,7,10,10,7,7,11,11,7,1462,405,110245,71,53,4,54,54,27,37,54,0,25,30,46,36,26.921,87,4,36.523228,-119.278809,73.045998,7,600,58,3,"e00fce68f12da1a0c5de6248",2026-09-18 18:20:06.984,2026-09-18 18:20:07.137,2026-09-18 18:20:07.137,2026-09-18
"1107","PhL16l8aKl","MOOSPMv3Parser",1789756200,4,4,5,7,7,6,6,8,8,6,911,278,188544,53,39,5,40,40,0,0,40,1,26,27,45,45,20.665,85,3,36.433655,-119.923416,14.505,12,600,58,3,"e00fce6876826e255108c6bd",2026-09-18 18:30:02.278,2026-09-18 18:30:02.468,2026-09-18 18:30:02.468,2026-09-18
"1108","Ucq7CGZdvX","MOOSPMv3Parser",1789756200,5,5,10,13,13,10,10,15,15,10,605,479,102209,103,76,10,76,76,26,37,77,0,24,29,48,40,20.915,76,6,35.963089,-119.291786,44.742001,8,600,58,3,"e00fce68d6b773b56ce8baa0",2026-09-18 18:30:02.569,2026-09-18 18:30:02.784,2026-09-18 18:30:02.784,2026-09-18
"1109","AUULMqHAMA","MOOSPMv3Parser",1789756200,6,6,0,10,10,0,0,11,11,0,1335,333,0,67,0,9,0,0,25,37,0,2,25,28,45,41,25.823,44,12,36.187458,-119.822083,22.174999,8,600,58,3,"e00fce68e739ecbcf9e91965",2026-09-18 18:30:02.64,2026-09-18 18:30:02.824,2026-09-18 18:30:02.824,2026-09-18
"1110","NTpwbiXqfC","MOOSPMv3Parser",1789756200,0,0,2,0,0,2,2,1,1,2,242,148,47323,23,15,2,15,15,27,35,15,0,26,30,41,35,26.404,35,1,36.198814,-120.104515,55.146999,5,600,58,3,"e00fce686dc2ef0a68fa40b0",2026-09-18 18:30:02.674,2026-09-18 18:30:02.89,2026-09-18 18:30:02.89,2026-09-18
"1111","ycCpcBWDbr","MOOSPMv3Parser",1789756201,5,5,4,8,8,4,4,8,8,4,1962,330,62322,50,29,4,29,29,23,46,29,0,24,25,47,46,37.086,33,2,36.50317,-120.325409,58.959999,8,600,58,3,"e00fce68e77e43df92405fdb",2026-09-18 18:30:02.791,2026-09-18 18:30:03.15,2026-09-18 18:30:03.15,2026-09-18
"1112","Jvq9WpHaMd","MOOSPMv3Parser",1789756200,8,8,6,12,12,6,6,12,12,6,1603,439,246639,78,45,5,45,45,27,35,45,0,24,30,48,36,22.351,73,2,35.949425,-119.049896,96.911003,6,600,58,3,"e00fce6808784ceaf209f949",2026-09-18 18:30:03.062,2026-09-18 18:30:03.299,2026-09-18 18:30:03.299,2026-09-18
"1113","FWCk43TOSD","MOOSPMv3Parser",1789756201,4,4,0,6,6,0,0,7,7,0,874,247,219311,40,0,4,0,0,29,27,0,0,27,33,42,33,33.431,37,3277,1.1e-05,-0.00425,216.115005,9,600,58,3,"e00fce68e28dcbc9a589be10",2026-09-18 18:30:03.431,2026-09-18 18:30:03.578,2026-09-18 18:30:03.578,2026-09-18
"1114","SJytY0FDjO","MOOSPMv3Parser",1789756200,7,7,6,11,11,7,7,12,12,7,1771,402,146292,72,48,6,49,49,27,37,49,0,25,30,46,37,26.582,45,2,35.77504,-119.238564,56.639,8,600,58,3,"e00fce68e88237db75a60608",2026-09-18 18:30:03.795,2026-09-18 18:30:04.018,2026-09-18 18:30:04.018,2026-09-18
"1115","OSAPDSmIJe","MOOSPMv3Parser",1789756201,3,3,3,5,5,4,4,5,5,4,814,196,306669,34,27,2,27,27,29,26,27,0,33,32,29,33,52.898,38,2,36.138954,-120.368408,166.643005,10,600,58,3,"e00fce6850cac69f647dc199",2026-09-18 18:30:04.9,2026-09-18 18:30:05.08,2026-09-18 18:30:05.08,2026-09-18
"1116","3jHr21bgp5","MOOSPMv3Parser",1789756201,7,7,7,11,11,7,7,12,12,7,1488,405,110290,74,51,4,51,51,27,37,51,0,25,31,47,37,27.915,87,4,36.523365,-119.278862,74.780998,8,600,58,3,"e00fce68f12da1a0c5de6248",2026-09-18 18:30:06.918,2026-09-18 18:30:07.062,2026-09-18 18:30:07.062,2026-09-18
"1117","bEKHh4x9cF","MOOSPMv3Parser",1789756800,5,5,9,11,11,9,9,13,13,9,571,450,102268,97,70,10,71,71,26,36,71,0,25,29,47,39,21.402,77,6,35.9632,-119.291885,45.396,9,600,58,3,"e00fce68d6b773b56ce8baa0",2026-09-18 18:40:02.181,2026-09-18 18:40:02.357,2026-09-18 18:40:02.357,2026-09-18
"1118","bEdMkQF8HR","MOOSPMv3Parser",1789756800,4,4,5,7,7,5,6,9,9,6,892,274,188575,53,37,5,37,37,0,0,37,1,25,27,45,44,21.063,85,3,36.433662,-119.923347,34.84,9,600,58,3,"e00fce6876826e255108c6bd",2026-09-18 18:40:02.206,2026-09-18 18:40:02.407,2026-09-18 18:40:02.407,2026-09-18
"1119","f9iMcKp1Zr","MOOSPMv3Parser",1789756800,5,5,0,9,9,0,0,10,10,0,1313,324,0,61,0,6,0,0,26,35,0,2,26,29,44,39,26.112,42,12,36.187481,-119.822121,17.212,12,600,58,3,"e00fce68e739ecbcf9e91965",2026-09-18 18:40:02.718,2026-09-18 18:40:02.954,2026-09-18 18:40:02.954,2026-09-18
"1120","PHRVadkir2","MOOSPMv3Parser",1789756801,5,5,4,7,7,4,4,8,8,4,1982,297,62346,43,29,4,29,29,24,44,29,0,24,26,47,46,37.669,27,2,36.503117,-120.325348,71.265999,7,600,58,3,"e00fce68e77e43df92405fdb",2026-09-18 18:40:02.811,2026-09-18 18:40:02.982,2026-09-18 18:40:02.982,2026-09-18
"1121","XKd5R9krQp","MOOSPMv3Parser",1789756800,0,0,2,1,1,2,2,1,1,2,254,157,47335,25,14,2,15,15,27,35,15,1,26,31,42,34,26.548,35,1,36.198788,-120.104454,72.856003,7,600,58,3,"e00fce686dc2ef0a68fa40b0",2026-09-18 18:40:02.758,2026-09-18 18:40:03.015,2026-09-18 18:40:03.015,2026-09-18
"1122","66jyU8aNmo","MOOSPMv3Parser",1789756800,7,7,5,11,11,6,6,12,12,6,1491,405,246672,74,40,5,41,41,27,35,41,0,24,31,52,38,23.547,65,2,35.949657,-119.049957,117.335999,5,600,58,3,"e00fce6808784ceaf209f949",2026-09-18 18:40:03.156,2026-09-18 18:40:03.296,2026-09-18 18:40:03.296,2026-09-18
"1123","GO6uS6kIXf","MOOSPMv3Parser",1789756801,4,4,0,6,6,0,0,7,7,0,898,250,219311,46,0,3,0,0,29,27,0,0,27,33,42,33,33.699,31,3277,1.1e-05,-0.00425,216.115005,9,600,58,3,"e00fce68e28dcbc9a589be10",2026-09-18 18:40:03.388,2026-09-18 18:40:03.59,2026-09-18 18:40:03.59,2026-09-18
"1124","pg3D5LzoD5","MOOSPMv3Parser",1789756800,8,8,7,12,12,8,8,13,13,8,1890,422,146341,78,55,7,56,56,27,37,56,0,25,30,46,37,27.87,54,2,35.775047,-119.238541,51.469002,7,600,58,3,"e00fce68e88237db75a60608",2026-09-18 18:40:03.787,2026-09-18 18:40:03.927,2026-09-18 18:40:03.927,2026-09-18
"1125","XPwwaSCtBS","MOOSPMv3Parser",1789756801,3,3,3,5,5,4,4,5,5,4,800,197,306690,33,26,2,26,26,29,25,26,0,33,33,29,32,52.916,37,2,36.139,-120.368416,161.873001,10,600,58,3,"e00fce6850cac69f647dc199",2026-09-18 18:40:04.906,2026-09-18 18:40:05.083,2026-09-18 18:40:05.083,2026-09-18
"1126","Oi6lyvdWh3","MOOSPMv3Parser",1789756801,7,7,6,10,10,6,6,10,10,6,1352,378,110331,65,47,3,47,47,28,34,47,0,25,31,44,34,29.565,78,4,36.523304,-119.278809,91.82,8,600,58,3,"e00fce68f12da1a0c5de6248",2026-09-18 18:40:07.165,2026-09-18 18:40:07.359,2026-09-18 18:40:07.359,2026-09-18
"1127","uHy3vv3Dkm","MOOSPMv3Parser",1789757400,0,0,2,0,0,2,2,0,0,2,253,154,47348,23,15,2,15,15,28,34,15,1,26,31,40,33,26.568,48,1,36.198833,-120.104439,79.208,10,600,58,3,"e00fce686dc2ef0a68fa40b0",2026-09-18 18:50:01.975,2026-09-18 18:50:02.177,2026-09-18 18:50:02.177,2026-09-18
"1128","Q39xMDoecJ","MOOSPMv3Parser",1789757400,4,4,5,8,8,6,6,9,9,6,930,286,188608,54,39,7,40,40,0,0,40,1,26,27,44,44,21.393,85,4,36.433743,-119.923355,41.505001,5,600,58,3,"e00fce6876826e255108c6bd",2026-09-18 18:50:02.314,2026-09-18 18:50:02.601,2026-09-18 18:50:02.601,2026-09-18
"1129","KUf6R2zmsD","MOOSPMv3Parser",1789757400,5,5,0,9,9,0,0,9,9,0,1240,306,0,57,0,8,0,0,26,34,0,2,26,29,43,39,27.115,36,11,36.18745,-119.821869,25.438,8,600,58,3,"e00fce68e739ecbcf9e91965",2026-09-18 18:50:02.497,2026-09-18 18:50:02.722,2026-09-18 18:50:02.722,2026-09-18
"1130","HrXecagkLs","MOOSPMv3Parser",1789757400,5,5,9,11,11,10,10,13,13,10,579,456,102329,98,73,9,73,73,27,36,73,0,25,30,46,38,22.324,65,6,35.963093,-119.291824,44.080002,7,600,58,3,"e00fce68d6b773b56ce8baa0",2026-09-18 18:50:02.726,2026-09-18 18:50:03.061,2026-09-18 18:50:03.061,2026-09-18
"1131","3xUe9LpmSQ","MOOSPMv3Parser",1789757401,6,6,4,8,8,4,4,8,8,4,2682,349,62370,45,28,3,28,28,24,45,28,0,25,26,48,47,37.682,28,2,36.503117,-120.325348,71.263,0,600,58,3,"e00fce68e77e43df92405fdb",2026-09-18 18:50:02.986,2026-09-18 18:50:03.172,2026-09-18 18:50:03.172,2026-09-18
"1132","u5U9yqN1Fb","MOOSPMv3Parser",1789757400,8,8,5,11,11,6,6,12,12,6,1608,434,246705,77,40,5,40,40,27,34,40,0,24,31,48,36,24.454,57,2,35.949558,-119.049904,113.917999,7,600,58,3,"e00fce6808784ceaf209f949",2026-09-18 18:50:03.28,2026-09-18 18:50:03.456,2026-09-18 18:50:03.456,2026-09-18
"1133","dFSMJPeBhx","MOOSPMv3Parser",1789757401,4,4,0,6,6,0,0,6,6,0,810,227,219311,40,0,4,0,0,29,25,0,0,28,34,39,31,33.935,30,3277,1.1e-05,-0.00425,216.115005,9,600,58,3,"e00fce68e28dcbc9a589be10",2026-09-18 18:50:03.39,2026-09-18 18:50:03.58,2026-09-18 18:50:03.58,2026-09-18
"1134","T4vAU36Ehj","MOOSPMv3Parser",1789757400,7,7,7,12,12,7,8,12,12,8,1811,413,146390,82,56,7,56,56,27,35,56,0,25,31,45,36,26.633,54,2,35.77507,-119.23848,63.070999,8,600,58,3,"e00fce68e88237db75a60608",2026-09-18 18:50:04.028,2026-09-18 18:50:04.278,2026-09-18 18:50:04.278,2026-09-18
"1135","SB5aCLbgVn","MOOSPMv3Parser",1789757401,3,3,3,5,5,4,4,5,5,4,822,198,306712,33,27,2,27,27,30,24,27,0,33,33,28,32,53.512,37,2,36.138931,-120.368355,170.042999,9,600,58,3,"e00fce6850cac69f647dc199",2026-09-18 18:50:04.57,2026-09-18 18:50:04.745,2026-09-18 18:50:04.745,2026-09-18
"1136","naYDZVlMEA","MOOSPMv3Parser",1789757401,6,6,6,9,9,6,6,10,10,6,1325,364,110372,58,46,4,47,47,28,33,47,0,26,32,44,34,30.036,74,4,36.523319,-119.278824,101.139,5,600,58,3,"e00fce68f12da1a0c5de6248",2026-09-18 18:50:06.86,2026-09-18 18:50:06.997,2026-09-18 18:50:06.997,2026-09-18
"1137","SgIfC5bQOm","MOOSPMv3Parser",1789758000,4,4,9,10,10,10,10,13,13,10,557,438,102388,92,70,11,70,70,27,35,70,0,25,30,45,37,22.096,66,6,35.963177,-119.291832,35.161999,9,600,58,3,"e00fce68d6b773b56ce8baa0",2026-09-18 19:00:02.333,2026-09-18 19:00:02.622,2026-09-18 19:00:02.622,2026-09-18
"1138","JOFsrTJcso","MOOSPMv3Parser",1789758000,0,0,2,0,0,2,2,0,0,2,243,150,47360,24,15,3,15,15,28,34,15,1,26,31,42,34,27.311,45,1,36.198734,-120.104469,58.098999,7,600,58,3,"e00fce686dc2ef0a68fa40b0",2026-09-18 19:00:02.357,2026-09-18 19:00:02.804,2026-09-18 19:00:02.804,2026-09-18
"1139","jmgTzXsy40","MOOSPMv3Parser",1789758000,4,4,5,8,8,6,6,9,9,6,890,274,188639,56,37,7,38,38,0,0,38,1,26,28,43,42,21.332,85,4,36.433472,-119.923347,26.379999,5,600,58,3,"e00fce6876826e255108c6bd",2026-09-18 19:00:02.292,2026-09-18 19:00:02.83,2026-09-18 19:00:02.83,2026-09-18
"1140","DcTNtcjuqz","MOOSPMv3Parser",1789758001,7,7,3,10,10,4,4,10,10,4,3949,462,62394,40,27,4,27,27,-10,-10,27,0,25,26,46,44,38.193,29,2,36.503124,-120.325378,41.818001,5,600,58,3,"e00fce68e77e43df92405fdb",2026-09-18 19:00:02.732,2026-09-18 19:00:03.083,2026-09-18 19:00:03.083,2026-09-18
"1141","17M8XXoJxZ","MOOSPMv3Parser",1789758000,5,5,0,9,9,0,0,10,10,0,1231,299,0,57,0,8,0,0,27,30,0,2,26,30,40,36,27.546,33,10,36.187481,-119.82209,21.212,8,600,58,3,"e00fce68e739ecbcf9e91965",2026-09-18 19:00:02.79,2026-09-18 19:00:03.374,2026-09-18 19:00:03.374,2026-09-18
"1142","UtWrY679WO","MOOSPMv3Parser",1789758000,7,7,5,10,10,5,5,11,11,6,1391,377,246737,67,35,5,36,36,27,32,36,1,24,30,47,36,25.003,49,2,35.94949,-119.050041,102.247002,10,600,58,3,"e00fce6808784ceaf209f949",2026-09-18 19:00:03.084,2026-09-18 19:00:03.482,2026-09-18 19:00:03.482,2026-09-18
"1143","aEUhMM45XD","MOOSPMv3Parser",1789758001,3,3,0,5,5,0,0,6,6,0,788,223,219311,40,0,2,0,0,30,24,0,0,28,34,40,31,34.726,24,3277,1.1e-05,-0.00425,216.115005,9,600,58,3,"e00fce68e28dcbc9a589be10",2026-09-18 19:00:03.395,2026-09-18 19:00:03.75,2026-09-18 19:00:03.75,2026-09-18
"1144","dTGB8nzCts","MOOSPMv3Parser",1789758000,9,9,8,14,14,8,8,15,15,8,2051,474,146441,97,59,8,60,60,28,34,60,0,25,31,44,35,27.97,50,2,35.77507,-119.238525,64.348999,10,600,58,3,"e00fce68e88237db75a60608",2026-09-18 19:00:03.789,2026-09-18 19:00:04.339,2026-09-18 19:00:04.339,2026-09-18
"1145","BjaXngRg1v","MOOSPMv3Parser",1789758001,3,3,3,5,5,3,4,5,5,4,796,193,306731,35,26,2,26,26,30,23,26,0,33,33,28,32,261.493,38,2,36.138931,-120.368355,170.044006,0,600,58,3,"e00fce6850cac69f647dc199",2026-09-18 19:00:05.395,2026-09-18 19:00:05.782,2026-09-18 19:00:05.782,2026-09-18
"1146","42HAYSj5MU","MOOSPMv3Parser",1789758001,7,7,6,10,10,6,6,10,10,6,1386,375,110410,63,43,3,44,44,29,31,44,0,26,32,42,33,30.154,80,4,36.52327,-119.278786,70.255997,8,600,58,3,"e00fce68f12da1a0c5de6248",2026-09-18 19:00:07.185,2026-09-18 19:00:07.339,2026-09-18 19:00:07.339,2026-09-18
"1147","RtfEazl1EU","MOOSPMv3Parser",1789758600,4,4,4,7,7,5,5,8,8,5,808,248,188669,47,35,5,35,35,0,0,35,1,26,28,41,40,22.302,85,4,36.43362,-119.923386,24.802,12,600,58,3,"e00fce6876826e255108c6bd",2026-09-18 19:10:02.431,2026-09-18 19:10:02.604,2026-09-18 19:10:02.604,2026-09-18
"1148","mIqeeU5UK3","MOOSPMv3Parser",1789758600,4,4,0,8,8,0,0,9,9,0,1185,283,0,54,0,7,0,0,27,30,0,2,26,30,41,36,28.011,24,9,36.187485,-119.822083,15.098,9,600,58,3,"e00fce68e739ecbcf9e91965",2026-09-18 19:10:02.497,2026-09-18 19:10:02.66,2026-09-18 19:10:02.66,2026-09-18
"1149","INBJn3O1LI","MOOSPMv3Parser",1789758600,0,0,2,1,1,2,2,1,1,2,256,158,47372,23,15,2,15,15,28,33,15,1,27,32,40,33,26.685,55,1,36.198734,-120.104469,58.092999,0,600,58,3,"e00fce686dc2ef0a68fa40b0",2026-09-18 19:10:02.502,2026-09-18 19:10:02.708,2026-09-18 19:10:02.708,2026-09-18
"1150","FAqkE9JlGq","MOOSPMv3Parser",1789758600,4,4,8,9,9,8,8,10,10,8,520,406,102438,85,60,8,61,61,27,34,61,0,26,30,44,37,23.201,52,6,35.963184,-119.291794,46.124001,6,600,58,3,"e00fce68d6b773b56ce8baa0",2026-09-18 19:10:02.499,2026-09-18 19:10:02.786,2026-09-18 19:10:02.786,2026-09-18
"1151","5xvDnqPphy","MOOSPMv3Parser",1789758601,6,6,3,9,9,4,4,9,9,4,2823,404,62417,42,27,4,27,27,24,41,27,0,25,26,45,44,37.816,28,2,36.503155,-120.32531,78.237999,6,600,58,3,"e00fce68e77e43df92405fdb",2026-09-18 19:10:02.927,2026-09-18 19:10:03.112,2026-09-18 19:10:03.112,2026-09-18
"1152","bimAJIaSjG","MOOSPMv3Parser",1789758600,7,7,5,11,11,5,6,11,11,6,1451,396,246769,70,37,5,38,38,27,33,38,0,25,31,46,35,25.17,40,2,35.949448,-119.049988,108.824997,8,600,58,3,"e00fce6808784ceaf209f949",2026-09-18 19:10:03.143,2026-09-18 19:10:03.333,2026-09-18 19:10:03.333,2026-09-18
"1153","91NlPXQgto","MOOSPMv3Parser",1789758601,3,3,0,5,5,0,0,6,6,0,796,223,219311,41,0,3,0,0,30,23,0,0,28,35,38,29,34.997,20,3277,1.1e-05,-0.00425,216.115005,9,600,58,3,"e00fce68e28dcbc9a589be10",2026-09-18 19:10:03.527,2026-09-18 19:10:03.704,2026-09-18 19:10:03.704,2026-09-18
"1154","6VOJUWW95b","MOOSPMv3Parser",1789758600,8,8,7,13,13,8,8,14,14,8,1963,448,146491,90,58,8,58,58,28,33,58,0,26,31,44,35,29.474,42,3,35.775196,-119.238487,37.602001,6,600,58,3,"e00fce68e88237db75a60608",2026-09-18 19:10:03.787,2026-09-18 19:10:03.943,2026-09-18 19:10:03.943,2026-09-18
"1155","AzrzA8EXkK","MOOSPMv3Parser",1789758601,3,3,3,4,4,4,4,5,5,4,789,189,306751,34,26,2,26,26,30,23,26,0,34,33,28,31,377.05,35,2,36.139046,-120.368523,149.264999,12,600,58,3,"e00fce6850cac69f647dc199",2026-09-18 19:10:05.781,2026-09-18 19:10:05.916,2026-09-18 19:10:05.916,2026-09-18
"1156","BbcjcGFjzX","MOOSPMv3Parser",1789758601,6,6,6,9,9,6,6,10,10,6,1379,371,110448,59,44,3,44,44,29,30,44,0,27,33,41,32,30.421,90,4,36.523277,-119.278824,89.456001,6,600,58,3,"e00fce68f12da1a0c5de6248",2026-09-18 19:10:07.158,2026-09-18 19:10:07.304,2026-09-18 19:10:07.304,2026-09-18
"1157","CpVGTBENQ8","MOOSPMv3Parser",1789759200,4,4,4,6,6,5,5,8,8,5,821,252,188698,48,33,5,33,33,1,0,33,1,27,29,41,39,22.128,86,5,36.43359,-119.92337,20.822001,8,600,58,3,"e00fce6876826e255108c6bd",2026-09-18 19:20:02.213,2026-09-18 19:20:02.39,2026-09-18 19:20:02.39,2026-09-18
"1158","HurmqyvARk","MOOSPMv3Parser",1789759200,4,4,8,9,9,8,8,10,10,8,525,406,102490,88,62,8,62,62,28,34,62,0,26,31,43,36,23.997,44,7,35.963184,-119.291794,46.124001,0,600,58,3,"e00fce68d6b773b56ce8baa0",2026-09-18 19:20:02.42,2026-09-18 19:20:02.639,2026-09-18 19:20:02.639,2026-09-18
"1159","PJH4ghN9kE","MOOSPMv3Parser",1789759200,4,4,0,8,8,0,0,8,8,0,1143,273,0,52,0,6,0,0,27,29,0,2,27,30,40,35,28.809,20,9,36.187462,-119.822159,24.211,6,600,58,3,"e00fce68e739ecbcf9e91965",2026-09-18 19:20:02.638,2026-09-18 19:20:02.901,2026-09-18 19:20:02.901,2026-09-18
"1160","HIzx8DClyn","MOOSPMv3Parser",1789759200,0,0,2,0,0,2,2,1,1,2,249,151,47383,25,13,2,14,14,29,33,14,1,27,32,39,32,27.261,57,1,36.19891,-120.104462,63.891998,8,600,58,3,"e00fce686dc2ef0a68fa40b0",2026-09-18 19:20:02.867,2026-09-18 19:20:03.026,2026-09-18 19:20:03.026,2026-09-18
"1161","8yDofF4Ggi","MOOSPMv3Parser",1789759201,6,6,3,8,8,4,4,9,9,4,2481,401,62440,36,26,3,27,27,24,38,27,0,26,27,42,42,38.815,25,2,36.503109,-120.325386,54.604,9,600,58,3,"e00fce68e77e43df92405fdb",2026-09-18 19:20:02.92,2026-09-18 19:20:03.141,2026-09-18 19:20:03.141,2026-09-18
"1162","tvLZCVFdBw","MOOSPMv3Parser",1789759200,7,7,5,10,10,5,6,11,11,6,1468,397,246801,68,37,4,38,38,27,32,38,1,25,30,45,37,24.69,46,2,35.949497,-119.049934,102.718002,7,600,58,3,"e00fce6808784ceaf209f949",2026-09-18 19:20:03.09,2026-09-18 19:20:03.266,2026-09-18 19:20:03.266,2026-09-18
"1163","SxW5obtOxy","MOOSPMv3Parser",1789759201,3,3,0,5,5,0,0,5,5,0,747,211,219311,38,0,2,0,0,31,21,0,0,29,35,35,28,35.254,21,3277,1.1e-05,-0.00425,216.115005,9,600,58,3,"e00fce68e28dcbc9a589be10",2026-09-18 19:20:03.614,2026-09-18 19:20:03.81,2026-09-18 19:20:03.81,2026-09-18
"1164","wpn45C0OQ1","MOOSPMv3Parser",1789759200,8,8,8,12,12,8,8,13,13,8,1949,439,146543,87,60,6,60,60,28,34,60,0,26,31,43,35,30.471,51,3,35.775047,-119.238533,57.733002,10,600,58,3,"e00fce68e88237db75a60608",2026-09-18 19:20:03.796,2026-09-18 19:20:03.989,2026-09-18 19:20:03.989,2026-09-18
"1165","5JPFJy6DoJ","MOOSPMv3Parser",1789759201,3,3,3,5,5,3,3,5,5,3,788,188,306770,36,26,2,26,26,30,22,26,0,34,33,27,30,503.794,36,1,36.139042,-120.368393,165.425995,8,600,58,3,"e00fce6850cac69f647dc199",2026-09-18 19:20:06.091,2026-09-18 19:20:06.294,2026-09-18 19:20:06.294,2026-09-18
"1166","VMKMHka1Eq","MOOSPMv3Parser",1789759201,7,7,6,10,10,6,6,10,10,6,1361,378,110488,64,45,3,45,45,30,29,45,0,27,33,41,31,30.449,99,3,36.523312,-119.278839,72.509003,8,600,58,3,"e00fce68f12da1a0c5de6248",2026-09-18 19:20:06.986,2026-09-18 19:20:07.179,2026-09-18 19:20:07.179,2026-09-18
"1167","gJLyKQ7UWH","MOOSPMv3Parser",1789759800,0,0,2,0,0,2,2,0,0,2,240,144,47395,21,14,2,14,14,29,32,14,1,27,33,38,31,27.804,53,1,36.198883,-120.104538,62.236,6,600,58,3,"e00fce686dc2ef0a68fa40b0",2026-09-18 19:30:01.962,2026-09-18 19:30:02.133,2026-09-18 19:30:02.133,2026-09-18
"1168","kqYWaTUtND","MOOSPMv3Parser",1789759800,3,3,4,5,5,4,5,6,6,5,723,221,188724,43,31,4,32,32,0,0,32,1,27,29,38,37,22.054,86,5,36.43359,-119.92337,20.820999,0,600,58,3,"e00fce6876826e255108c6bd",2026-09-18 19:30:02.214,2026-09-18 19:30:02.397,2026-09-18 19:30:02.397,2026-09-18
"1169","OM66CYhvmg","MOOSPMv3Parser",1789759800,4,4,0,7,7,0,0,8,8,0,1054,256,0,47,0,5,0,0,27,28,0,2,27,31,39,35,29.392,16,9,36.187382,-119.82235,-5.574,6,600,58,3,"e00fce68e739ecbcf9e91965",2026-09-18 19:30:02.587,2026-09-18 19:30:02.741,2026-09-18 19:30:02.741,2026-09-18
"1170","g7wC4becFV","MOOSPMv3Parser",1789759800,4,4,8,9,9,9,9,10,10,9,534,414,102545,84,65,8,65,65,28,33,66,0,26,31,42,35,23.801,51,7,35.963192,-119.291832,28.375999,8,600,58,3,"e00fce68d6b773b56ce8baa0",2026-09-18 19:30:02.565,2026-09-18 19:30:02.8,2026-09-18 19:30:02.8,2026-09-18
"1171","Yt4q8cawKF","MOOSPMv3Parser",1789759801,5,5,3,7,7,3,3,8,8,3,2040,347,62460,38,23,2,23,23,24,37,23,0,26,27,41,41,40.24,18,2,36.503139,-120.325439,56.182999,10,600,58,3,"e00fce68e77e43df92405fdb",2026-09-18 19:30:02.984,2026-09-18 19:30:03.225,2026-09-18 19:30:03.225,2026-09-18
"1172","KqVxwu9lkA","MOOSPMv3Parser",1789759800,7,7,6,11,11,7,8,11,11,8,1482,396,246839,74,45,5,46,46,27,32,46,1,25,30,46,36,26.013,37,2,35.949558,-119.050003,112.342003,7,600,58,3,"e00fce6808784ceaf209f949",2026-09-18 19:30:03.348,2026-09-18 19:30:03.554,2026-09-18 19:30:03.554,2026-09-18
"1173","Nn9nMsRXdo","MOOSPMv3Parser",1789759801,3,3,0,4,4,0,0,4,4,0,777,217,219311,36,0,2,0,0,31,20,0,0,29,36,35,27,35.684,23,3277,1.1e-05,-0.00425,216.115005,9,600,58,3,"e00fce68e28dcbc9a589be10",2026-09-18 19:30:03.465,2026-09-18 19:30:03.609,2026-09-18 19:30:03.609,2026-09-18
"1174","hbIISIUNGq","MOOSPMv3Parser",1789759800,8,8,8,13,13,9,9,14,14,9,2044,466,146600,91,65,9,65,65,28,33,65,0,26,32,43,35,29.069,54,3,35.775063,-119.238518,64.377998,10,600,58,3,"e00fce68e88237db75a60608",2026-09-18 19:30:03.866,2026-09-18 19:30:04.043,2026-09-18 19:30:04.043,2026-09-18
"1175","hh7pNIlb4b","MOOSPMv3Parser",1789759801,3,3,3,4,4,3,3,5,5,3,769,183,306789,31,25,2,26,26,30,22,26,0,33,33,28,30,512.925,34,1,36.139053,-120.368385,185.524002,6,600,58,3,"e00fce6850cac69f647dc199",2026-09-18 19:30:05.235,2026-09-18 19:30:05.402,2026-09-18 19:30:05.402,2026-09-18
"1176","y2BnklsDo3","MOOSPMv3Parser",1789759801,7,7,5,9,9,6,6,10,10,6,1337,372,110525,59,43,2,43,43,30,28,43,0,27,34,41,31,32.453,80,3,36.523327,-119.278847,90.811996,7,600,58,3,"e00fce68f12da1a0c5de6248",2026-09-18 19:30:06.984,2026-09-18 19:30:07.164,2026-09-18 19:30:07.164,2026-09-18
"1177","CkAGijJZje","MOOSPMv3Parser",1789760400,0,0,2,0,0,2,2,0,0,3,245,150,47408,23,16,2,16,16,29,31,16,1,28,33,36,29,27.41,75,1,36.198929,-120.104515,64.935997,7,600,58,3,"e00fce686dc2ef0a68fa40b0",2026-09-18 19:40:02.287,2026-09-18 19:40:02.434,2026-09-18 19:40:02.434,2026-09-18
"1178","4JN8LuAaad","MOOSPMv3Parser",1789760400,3,3,4,5,5,4,4,6,6,5,690,213,188749,38,29,4,30,30,0,0,30,1,28,30,38,37,22.582,86,6,36.433605,-119.923363,22.378,11,600,58,3,"e00fce6876826e255108c6bd",2026-09-18 19:40:02.206,2026-09-18 19:40:02.579,2026-09-18 19:40:02.579,2026-09-18
"1179","18n7ttG7CY","MOOSPMv3Parser",1789760400,3,3,7,6,6,7,7,7,7,7,466,354,102588,70,52,7,52,52,28,33,52,0,27,31,40,35,25.407,37,7,35.963211,-119.291855,52.356998,7,600,58,3,"e00fce68d6b773b56ce8baa0",2026-09-18 19:40:02.447,2026-09-18 19:40:02.654,2026-09-18 19:40:02.654,2026-09-18
"1180","i6oBkQwI6m","MOOSPMv3Parser",1789760400,4,4,0,7,7,0,0,7,7,0,1079,262,0,50,0,3,0,0,28,26,0,2,27,31,35,31,29.525,15,9,36.187443,-119.822212,21.739,8,600,58,3,"e00fce68e739ecbcf9e91965",2026-09-18 19:40:02.717,2026-09-18 19:40:02.898,2026-09-18 19:40:02.898,2026-09-18
"1181","2ezZGGXLXa","MOOSPMv3Parser",1789760400,7,7,5,10,10,6,7,11,11,7,1426,386,246872,68,38,5,39,39,27,33,39,1,25,30,46,37,25.779,39,3,35.949516,-119.049988,120.309998,7,600,58,3,"e00fce6808784ceaf209f949",2026-09-18 19:40:03.113,2026-09-18 19:40:03.41,2026-09-18 19:40:03.41,2026-09-18
"1182","AG9eLGFZ8B","MOOSPMv3Parser",1789760401,5,5,3,6,6,3,3,7,7,3,1819,304,62480,33,23,2,23,23,24,36,23,0,26,27,40,41,41.218,12,2,36.50317,-120.325394,54.200001,8,600,58,3,"e00fce68e77e43df92405fdb",2026-09-18 19:40:03.201,2026-09-18 19:40:03.424,2026-09-18 19:40:03.424,2026-09-18
"1183","kskdLF4ite","MOOSPMv3Parser",1789760401,2,2,0,4,4,0,0,4,4,0,696,195,219311,37,0,2,0,0,31,19,0,0,29,36,33,27,35.458,23,3277,1.1e-05,-0.00425,216.115005,9,600,58,3,"e00fce68e28dcbc9a589be10",2026-09-18 19:40:03.565,2026-09-18 19:40:03.806,2026-09-18 19:40:03.806,2026-09-18
"1184","uIblJ1kFp4","MOOSPMv3Parser",1789760400,8,8,8,14,14,8,8,14,14,8,2006,453,146650,90,58,9,59,59,28,32,59,0,26,31,42,35,29.766,49,3,35.775017,-119.238518,69.880997,8,600,58,3,"e00fce68e88237db75a60608",2026-09-18 19:40:03.896,2026-09-18 19:40:04.069,2026-09-18 19:40:04.069,2026-09-18
"1185","7SOv3HULFQ","MOOSPMv3Parser",1789760401,3,3,3,5,5,3,3,5,5,4,787,189,306807,33,25,2,25,25,30,22,25,0,33,33,28,30,513.037,31,1,36.138958,-120.368378,184.203003,7,600,58,3,"e00fce6850cac69f647dc199",2026-09-18 19:40:05.394,2026-09-18 19:40:05.589,2026-09-18 19:40:05.589,2026-09-18
"1186","ruDPeWt1kV","MOOSPMv3Parser",1789760401,6,6,5,9,9,6,6,10,10,6,1334,368,110561,60,42,3,42,42,30,28,42,0,27,34,40,30,32.626,77,3,36.523369,-119.278793,84.087997,8,600,58,3,"e00fce68f12da1a0c5de6248",2026-09-18 19:40:07.237,2026-09-18 19:40:07.532,2026-09-18 19:40:07.532,2026-09-18
"1187","EKSyzDFr1Y","MOOSPMv3Parser",1789761000,3,3,3,5,5,4,4,6,6,4,651,199,188773,36,27,4,27,27,0,0,27,1,27,30,37,36,22.337,86,6,36.433609,-119.92334,27.573999,11,600,58,3,"e00fce6876826e255108c6bd",2026-09-18 19:50:02.368,2026-09-18 19:50:02.533,2026-09-18 19:50:02.533,2026-09-18
"1188","LMG9pIpBIV","MOOSPMv3Parser",1789761000,0,0,2,0,0,2,2,0,0,2,244,149,47420,23,14,2,15,15,30,30,15,0,28,34,35,29,27.569,71,1,36.198864,-120.104408,79.077003,7,600,58,3,"e00fce686dc2ef0a68fa40b0",2026-09-18 19:50:02.499,2026-09-18 19:50:02.698,2026-09-18 19:50:02.698,2026-09-18
"1189","06D3TS0NPW","MOOSPMv3Parser",1789761000,2,2,7,6,6,7,7,7,7,7,456,343,102631,70,51,8,51,51,28,32,51,0,28,31,39,34,25.24,30,7,35.963188,-119.29187,41.731998,9,600,58,3,"e00fce68d6b773b56ce8baa0",2026-09-18 19:50:02.554,2026-09-18 19:50:02.78,2026-09-18 19:50:02.78,2026-09-18
"1190","5UhiI5IqH9","MOOSPMv3Parser",1789761000,3,3,0,5,5,0,0,6,6,0,975,227,0,42,0,3,0,0,28,25,0,2,28,32,35,32,29.624,14,9,36.187443,-119.822212,21.736,0,600,58,3,"e00fce68e739ecbcf9e91965",2026-09-18 19:50:02.571,2026-09-18 19:50:02.783,2026-09-18 19:50:02.783,2026-09-18
"1191","DcE6aSMFvf","MOOSPMv3Parser",1789761001,4,4,3,5,5,3,3,6,6,3,1347,236,62499,34,22,2,22,22,25,35,22,0,26,27,39,40,41.962,9,2,36.503151,-120.325409,48.573002,7,600,58,3,"e00fce68e77e43df92405fdb",2026-09-18 19:50:02.96,2026-09-18 19:50:03.167,2026-09-18 19:50:03.167,2026-09-18
"1192","cZ7APEn4EG","MOOSPMv3Parser",1789761000,7,7,6,11,11,7,7,12,12,8,1510,412,246907,75,44,6,45,45,27,31,45,1,25,30,44,36,27.008,33,3,35.94949,-119.049965,136.274002,7,600,58,3,"e00fce6808784ceaf209f949",2026-09-18 19:50:03.402,2026-09-18 19:50:03.605,2026-09-18 19:50:03.605,2026-09-18
"1193","XMxzqjG2uH","MOOSPMv3Parser",1789761001,2,2,0,4,4,0,0,4,4,0,715,201,219311,32,0,2,0,0,31,19,0,0,29,36,34,26,36.326,18,3277,1.1e-05,-0.00425,216.115005,9,600,58,3,"e00fce68e28dcbc9a589be10",2026-09-18 19:50:03.483,2026-09-18 19:50:03.663,2026-09-18 19:50:03.663,2026-09-18
"1194","1PvzZHFFvi","MOOSPMv3Parser",1789761000,8,8,7,12,12,8,8,13,13,8,1918,425,146701,85,58,6,59,59,28,30,59,0,26,32,41,33,31.178,38,3,35.775074,-119.238571,66.067001,9,600,58,3,"e00fce68e88237db75a60608",2026-09-18 19:50:03.912,2026-09-18 19:50:04.133,2026-09-18 19:50:04.133,2026-09-18
"1195","2yIlpvdpKc","MOOSPMv3Parser",1789761001,3,3,4,4,4,4,4,5,5,4,772,189,306831,32,27,2,28,28,30,21,28,0,34,34,27,30,513.032,30,1,36.139034,-120.368431,177.688004,5,600,58,3,"e00fce6850cac69f647dc199",2026-09-18 19:50:05.642,2026-09-18 19:50:05.804,2026-09-18 19:50:05.804,2026-09-18
"1196","6JpsaWDoq7","MOOSPMv3Parser",1789761001,6,6,5,8,8,5,5,8,8,5,1193,329,110593,50,36,3,36,36,30,26,36,0,27,34,37,29,31.131,90,3,36.523308,-119.278877,83.152,7,600,58,3,"e00fce68f12da1a0c5de6248",2026-09-18 19:50:07.197,2026-09-18 19:50:07.411,2026-09-18 19:50:07.411,2026-09-18
"1197","BZj2HXkANA","MOOSPMv3Parser",1789761600,3,3,3,5,5,4,4,6,6,4,657,200,188795,36,25,4,26,26,0,0,26,1,28,30,36,35,22.704,86,6,36.433674,-119.92334,33.445,8,600,58,3,"e00fce6876826e255108c6bd",2026-09-18 20:00:02.12,2026-09-18 20:00:02.403,2026-09-18 20:00:02.403,2026-09-18
"1198","PRPbRSoQTa","MOOSPMv3Parser",1789761600,2,2,6,5,5,6,6,6,6,6,431,325,102670,64,47,7,47,47,29,32,47,0,27,32,39,33,26.151,25,8,35.96315,-119.291847,53.596001,10,600,58,3,"e00fce68d6b773b56ce8baa0",2026-09-18 20:00:02.334,2026-09-18 20:00:02.775,2026-09-18 20:00:02.775,2026-09-18
"1199","BAuD6av04C","MOOSPMv3Parser",1789761600,6,6,0,12,11,0,0,14,13,0,1721,421,0,82,0,13,0,0,29,23,0,2,29,32,35,31,29.207,29,7,36.187496,-119.822159,29.958,8,600,58,3,"e00fce68e739ecbcf9e91965",2026-09-18 20:00:02.653,2026-09-18 20:00:03.081,2026-09-18 20:00:03.081,2026-09-18
"1200","ULeJpDzFjj","MOOSPMv3Parser",1789761601,3,3,3,5,5,3,3,6,6,3,1328,232,62518,33,22,3,22,22,25,35,22,0,27,28,40,41,41.475,11,2,36.503147,-120.325447,51.456001,6,600,58,3,"e00fce68e77e43df92405fdb",2026-09-18 20:00:02.806,2026-09-18 20:00:03.151,2026-09-18 20:00:03.151,2026-09-18
"1201","C0Dl110AIf","MOOSPMv3Parser",1789761600,1,1,2,2,2,2,2,2,2,2,312,205,47435,32,18,2,18,18,30,30,18,0,28,34,36,29,27.981,64,1,36.198849,-120.104401,75.997002,8,600,58,3,"e00fce686dc2ef0a68fa40b0",2026-09-18 20:00:02.762,2026-09-18 20:00:03.239,2026-09-18 20:00:03.239,2026-09-18
"1202","rOG7DB5Ffs","MOOSPMv3Parser",1789761600,7,7,5,11,11,6,6,11,11,6,1491,403,246940,74,41,5,42,42,27,30,42,0,25,31,44,35,27.91,27,4,35.94949,-119.049965,136.276001,0,600,58,3,"e00fce6808784ceaf209f949",2026-09-18 20:00:03.118,2026-09-18 20:00:03.528,2026-09-18 20:00:03.528,2026-09-18
"1203","aoHxsHN4qn","MOOSPMv3Parser",1789761601,2,2,0,3,3,0,0,4,4,0,644,180,219311,32,0,2,0,0,32,18,0,0,29,36,32,25,36.243,17,3277,1.1e-05,-0.00425,216.115005,9,600,58,3,"e00fce68e28dcbc9a589be10",2026-09-18 20:00:03.51,2026-09-18 20:00:03.797,2026-09-18 20:00:03.797,2026-09-18
"1204","JFcw1fSrN3","MOOSPMv3Parser",1789761600,7,7,7,10,10,7,8,11,11,8,1713,374,146745,72,52,5,53,53,29,30,53,0,27,33,39,33,32.061,39,3,35.775074,-119.238571,66.066002,0,600,58,3,"e00fce68e88237db75a60608",2026-09-18 20:00:03.888,2026-09-18 20:00:04.082,2026-09-18 20:00:04.082,2026-09-18
"1205","2SzYM0dQgT","MOOSPMv3Parser",1789761601,3,3,3,5,5,3,3,5,5,3,776,190,306850,37,26,3,26,26,30,21,26,0,34,34,27,30,512.996,31,1,36.139034,-120.368385,170.608994,12,600,58,3,"e00fce6850cac69f647dc199",2026-09-18 20:00:06.13,2026-09-18 20:00:06.319,2026-09-18 20:00:06.319,2026-09-18
"1206","Ev7iTdnIU7","MOOSPMv3Parser",1789761601,5,5,4,7,7,5,5,7,7,5,1092,301,110622,41,34,2,34,34,31,26,34,0,28,35,37,29,28.845,88,2,36.523308,-119.278877,83.153999,0,600,58,3,"e00fce68f12da1a0c5de6248",2026-09-18 20:00:06.943,2026-09-18 20:00:07.123,2026-09-18 20:00:07.123,2026-09-18
"1207","Gom5oWVRXa","MOOSPMv3Parser",1789762200,0,0,2,0,0,2,2,0,0,2,256,157,47447,23,15,2,15,15,30,30,15,0,29,34,35,29,28.262,63,1,36.19902,-120.104439,96.25,8,600,58,3,"e00fce686dc2ef0a68fa40b0",2026-09-18 20:10:01.793,2026-09-18 20:10:01.99,2026-09-18 20:10:01.99,2026-09-18
"1208","M8xcTuvSIl","MOOSPMv3Parser",1789762200,3,3,3,5,5,4,4,6,6,4,660,201,188818,36,26,4,27,27,0,0,27,1,28,30,35,34,23.326,86,7,36.433617,-119.923378,31.726999,10,600,58,3,"e00fce6876826e255108c6bd",2026-09-18 20:10:02.353,2026-09-18 20:10:02.524,2026-09-18 20:10:02.524,2026-09-18
"1209","2om0Z5ea9p","MOOSPMv3Parser",1789762200,3,3,0,6,6,0,0,7,7,0,1078,249,0,48,0,7,0,0,29,22,0,2,28,33,33,30,30.024,27,3,36.187511,-119.822166,23.726999,8,600,58,3,"e00fce68e739ecbcf9e91965",2026-09-18 20:10:02.572,2026-09-18 20:10:02.791,2026-09-18 20:10:02.791,2026-09-18
"1210","PWuZc1Lpfy","MOOSPMv3Parser",1789762200,2,2,6,6,6,7,7,7,7,7,439,333,102712,69,49,7,50,50,29,31,50,0,27,32,38,32,26.364,23,8,35.963234,-119.291763,63.993,6,600,58,3,"e00fce68d6b773b56ce8baa0",2026-09-18 20:10:02.57,2026-09-18 20:10:02.814,2026-09-18 20:10:02.814,2026-09-18
"1211","Gxr1KmwM3H","MOOSPMv3Parser",1789762201,3,3,3,5,5,3,3,5,5,3,1251,215,62536,32,21,2,21,21,25,33,21,0,27,28,38,39,42.176,10,2,36.503235,-120.325417,70.038002,8,600,58,3,"e00fce68e77e43df92405fdb",2026-09-18 20:10:03.077,2026-09-18 20:10:03.24,2026-09-18 20:10:03.24,2026-09-18
"1212","k4MoZTg6h5","MOOSPMv3Parser",1789762200,8,8,6,12,12,6,7,13,13,7,1620,439,246979,82,46,7,46,46,28,30,46,0,26,31,43,36,28.355,27,4,35.949539,-119.04998,122.393997,8,600,58,3,"e00fce6808784ceaf209f949",2026-09-18 20:10:03.124,2026-09-18 20:10:03.312,2026-09-18 20:10:03.312,2026-09-18
"1213","FiDpTKudir","MOOSPMv3Parser",1789762201,2,2,0,4,4,0,0,4,4,0,692,195,219311,34,0,2,0,0,32,18,0,0,30,37,32,26,36.234,19,3277,1.1e-05,-0.00425,216.115005,9,600,58,3,"e00fce68e28dcbc9a589be10",2026-09-18 20:10:03.63,2026-09-18 20:10:03.819,2026-09-18 20:10:03.819,2026-09-18
"1214","pHmcsVkQlO","MOOSPMv3Parser",1789762200,6,6,5,10,10,6,6,10,10,6,1607,341,146782,68,42,5,43,43,29,28,43,0,28,33,37,31,32.296,40,3,35.775047,-119.238495,61.294998,11,600,58,3,"e00fce68e88237db75a60608",2026-09-18 20:10:03.866,2026-09-18 20:10:04.069,2026-09-18 20:10:04.069,2026-09-18
"1215","uc5D9bvYwh","MOOSPMv3Parser",1789762201,3,3,3,5,5,4,4,5,5,4,795,189,306870,33,27,2,27,27,30,21,27,0,34,34,27,30,513.024,33,1,36.139061,-120.368408,164.979996,8,600,58,3,"e00fce6850cac69f647dc199",2026-09-18 20:10:05.069,2026-09-18 20:10:05.226,2026-09-18 20:10:05.226,2026-09-18
"1216","bZdjK56LGg","MOOSPMv3Parser",1789762201,5,5,4,7,7,5,5,8,8,5,1065,292,110651,44,34,2,34,34,31,24,34,0,29,35,36,28,33.156,67,2,36.523289,-119.278717,89.806,7,600,58,3,"e00fce68f12da1a0c5de6248",2026-09-18 20:10:06.986,2026-09-18 20:10:07.156,2026-09-18 20:10:07.156,2026-09-18
"1217","kuDbt2LSbF","MOOSPMv3Parser",1789762800,0,0,2,0,0,2,2,0,0,2,253,151,47459,22,14,2,14,14,30,29,14,0,29,34,33,27,29.159,55,1,36.198849,-120.104553,76.987,7,600,58,3,"e00fce686dc2ef0a68fa40b0",2026-09-18 20:20:02.2,2026-09-18 20:20:02.339,2026-09-18 20:20:02.339,2026-09-18
"1218","KckqfM1gN4","MOOSPMv3Parser",1789762800,2,2,3,4,4,4,4,5,5,4,598,182,188840,32,25,4,25,25,0,0,25,1,28,30,35,35,23.719,86,8,36.433723,-119.923363,33.453999,10,600,58,3,"e00fce6876826e255108c6bd",2026-09-18 20:20:02.364,2026-09-18 20:20:02.555,2026-09-18 20:20:02.555,2026-09-18
"1219","tNCrJYHTfA","MOOSPMv3Parser",1789762800,1,1,5,5,5,6,6,5,5,6,399,296,102747,57,43,7,43,43,29,31,43,1,27,32,39,33,25.976,20,8,35.963261,-119.291931,85.320999,6,600,58,3,"e00fce68d6b773b56ce8baa0",2026-09-18 20:20:02.344,2026-09-18 20:20:02.7,2026-09-18 20:20:02.7,2026-09-18
"1220","qyIGNiS5UE","MOOSPMv3Parser",1789762800,4,4,0,9,9,0,0,9,9,0,1277,315,0,62,0,9,0,0,29,22,0,2,28,33,35,31,30.427,19,3,36.187538,-119.822144,35.675999,8,600,58,3,"e00fce68e739ecbcf9e91965",2026-09-18 20:20:02.73,2026-09-18 20:20:03.069,2026-09-18 20:20:03.069,2026-09-18
"1221","VkAwvrZJu6","MOOSPMv3Parser",1789762801,3,3,3,5,5,3,3,6,6,3,1281,228,62556,35,23,3,23,23,26,32,23,0,27,28,36,39,43.272,9,2,36.503197,-120.325386,67.529999,8,600,58,3,"e00fce68e77e43df92405fdb",2026-09-18 20:20:02.942,2026-09-18 20:20:03.153,2026-09-18 20:20:03.153,2026-09-18
"1222","zRnF8VifUo","MOOSPMv3Parser",1789762800,9,9,6,14,14,7,8,15,15,8,1828,493,247020,91,49,6,49,49,28,31,49,0,26,31,45,37,28.642,35,5,35.949615,-119.049988,123.794998,8,600,58,3,"e00fce6808784ceaf209f949",2026-09-18 20:20:03.233,2026-09-18 20:20:03.397,2026-09-18 20:20:03.397,2026-09-18
"1223","BBSpPe7d0J","MOOSPMv3Parser",1789762801,2,2,0,4,4,0,0,4,4,0,687,193,219311,33,0,2,0,0,32,17,0,0,30,37,32,25,36.764,21,3277,1.1e-05,-0.00425,216.115005,9,600,58,3,"e00fce68e28dcbc9a589be10",2026-09-18 20:20:03.475,2026-09-18 20:20:03.672,2026-09-18 20:20:03.672,2026-09-18
"1224","eicQOtk4YB","MOOSPMv3Parser",1789762800,6,6,6,10,10,6,7,10,10,7,1683,359,146821,67,46,4,46,46,29,28,46,0,28,33,38,32,32.813,27,2,35.775028,-119.23851,61.360001,11,600,58,3,"e00fce68e88237db75a60608",2026-09-18 20:20:03.908,2026-09-18 20:20:04.054,2026-09-18 20:20:04.054,2026-09-18
"1225","rFraaCElfU","MOOSPMv3Parser",1789762801,3,3,3,5,5,3,4,5,5,4,800,191,306892,33,26,2,26,26,30,21,26,0,34,34,27,30,512.939,33,1,36.139034,-120.368446,179.914001,6,600,58,3,"e00fce6850cac69f647dc199",2026-09-18 20:20:05.46,2026-09-18 20:20:05.65,2026-09-18 20:20:05.65,2026-09-18
"1226","bS6MdaHxSn","MOOSPMv3Parser",1789762801,5,5,4,7,7,4,4,7,7,4,1086,297,110679,42,32,2,32,32,31,24,32,0,28,35,37,28,33.738,69,2,36.523361,-119.278847,89.278,8,600,58,3,"e00fce68f12da1a0c5de6248",2026-09-18 20:20:07.034,2026-09-18 20:20:07.255,2026-09-18 20:20:07.255,2026-09-18
"1227","c3yUtP08Z2","MOOSPMv3Parser",1789763400,0,0,2,0,0,2,2,0,0,2,247,149,47470,21,13,2,13,13,30,29,13,0,29,34,35,27,29.135,54,1,36.198826,-120.104393,94.140999,8,600,58,3,"e00fce686dc2ef0a68fa40b0",2026-09-18 20:30:02.455,2026-09-18 20:30:02.733,2026-09-18 20:30:02.733,2026-09-18
"1228","xl1amBBN2j","MOOSPMv3Parser",1789763400,5,5,0,9,9,0,0,10,10,0,1346,331,0,69,0,9,0,0,30,21,0,2,29,33,34,30,30.385,31,2,36.187584,-119.822098,41.618,8,600,58,3,"e00fce68e739ecbcf9e91965",2026-09-18 20:30:02.64,2026-09-18 20:30:02.821,2026-09-18 20:30:02.821,2026-09-18
"1229","MGjN7BmHCI","MOOSPMv3Parser",1789763400,2,2,3,4,4,3,4,5,5,4,589,179,188860,34,24,5,24,24,0,0,24,1,29,31,32,33,23.361,86,9,36.433628,-119.923355,34.980999,10,600,58,3,"e00fce6876826e255108c6bd",2026-09-18 20:30:02.522,2026-09-18 20:30:02.857,2026-09-18 20:30:02.857,2026-09-18
"1230","ixbhnoGvrN","MOOSPMv3Parser",1789763400,2,2,6,5,5,6,7,6,6,7,427,318,102786,63,46,7,47,47,29,31,47,0,28,32,38,33,27.513,15,7,35.963169,-119.291962,69.466003,5,600,58,3,"e00fce68d6b773b56ce8baa0",2026-09-18 20:30:02.636,2026-09-18 20:30:02.884,2026-09-18 20:30:02.884,2026-09-18
"1231","miRBSYlsNN","MOOSPMv3Parser",1789763401,3,3,3,5,5,3,3,5,5,3,1322,235,62575,35,22,2,22,22,26,33,22,0,27,28,39,39,43.02,9,2,36.50322,-120.325371,62.841,10,600,58,3,"e00fce68e77e43df92405fdb",2026-09-18 20:30:02.785,2026-09-18 20:30:03.054,2026-09-18 20:30:03.054,2026-09-18
"1232","HXXqXcOVlR","MOOSPMv3Parser",1789763400,8,8,6,12,12,6,6,13,13,6,1703,456,247059,81,46,6,46,46,28,28,46,0,27,32,40,34,28.716,37,5,35.949585,-119.049942,125.325996,8,600,58,3,"e00fce6808784ceaf209f949",2026-09-18 20:30:03.076,2026-09-18 20:30:03.31,2026-09-18 20:30:03.31,2026-09-18
"1233","W6K7kYrcIy","MOOSPMv3Parser",1789763401,2,2,0,4,4,0,0,4,4,0,677,193,219311,36,0,2,0,0,32,17,0,0,31,37,31,25,36.603,20,3277,1.1e-05,-0.00425,216.115005,9,600,58,3,"e00fce68e28dcbc9a589be10",2026-09-18 20:30:03.472,2026-09-18 20:30:03.692,2026-09-18 20:30:03.692,2026-09-18
"1234","22XIt9ju13","MOOSPMv3Parser",1789763400,6,6,5,9,9,6,6,10,10,6,1582,334,146858,63,42,6,43,43,29,28,43,1,28,32,37,32,30.778,27,2,35.77507,-119.23848,63.814999,10,600,58,3,"e00fce68e88237db75a60608",2026-09-18 20:30:03.901,2026-09-18 20:30:04.108,2026-09-18 20:30:04.108,2026-09-18
"1235","wFQLx02S1x","MOOSPMv3Parser",1789763401,3,3,3,4,4,3,3,5,5,3,769,189,306910,32,25,2,25,25,30,20,25,0,34,34,26,29,512.792,32,1,36.139095,-120.368347,177.949997,6,600,58,3,"e00fce6850cac69f647dc199",2026-09-18 20:30:05.72,2026-09-18 20:30:05.906,2026-09-18 20:30:05.906,2026-09-18
"1236","lLHfzTmLZx","MOOSPMv3Parser",1789763401,5,5,4,6,6,4,4,7,7,4,1023,281,110704,40,29,2,29,29,32,24,29,0,29,36,36,29,33.085,76,2,36.523403,-119.278908,72.699997,7,600,58,3,"e00fce68f12da1a0c5de6248",2026-09-18 20:30:06.976,2026-09-18 20:30:07.2,2026-09-18 20:30:07.2,2026-09-18
"1237","TVmw2GdRaG","MOOSPMv3Parser",1789764000,1,1,6,5,5,6,6,6,6,6,413,306,102822,64,44,7,44,44,29,31,44,0,28,32,38,32,27.858,12,7,35.963169,-119.291962,69.469002,0,600,58,3,"e00fce68d6b773b56ce8baa0",2026-09-18 20:40:02.273,2026-09-18 20:40:02.445,2026-09-18 20:40:02.445,2026-09-18
"1238","DHSdVfQsQR","MOOSPMv3Parser",1789764000,2,2,3,4,4,3,3,4,4,4,529,161,189195,28,23,3,24,24,0,0,24,1,29,31,31,32,23.252,87,8,36.433613,-119.923401,36.612999,5,599,58,3,"e00fce6876826e255108c6bd",2026-09-18 20:40:02.369,2026-09-18 20:40:02.598,2026-09-18 20:40:02.598,2026-09-18
"1239","4AbK0RBr9K","MOOSPMv3Parser",1789764000,4,4,0,8,8,0,0,9,9,0,1291,312,0,61,0,8,0,0,29,21,0,2,29,33,33,30,31.273,21,2,36.187477,-119.822144,24.575001,8,600,58,3,"e00fce68e739ecbcf9e91965",2026-09-18 20:40:02.643,2026-09-18 20:40:02.826,2026-09-18 20:40:02.826,2026-09-18
"1240","Bq8lmhK9xt","MOOSPMv3Parser",1789764000,0,0,2,0,0,2,2,0,0,2,246,149,47481,23,13,2,13,13,31,28,13,0,29,35,33,27,29.166,58,1,36.198849,-120.104561,95.824997,6,600,58,3,"e00fce686dc2ef0a68fa40b0",2026-09-18 20:40:02.833,2026-09-18 20:40:03.017,2026-09-18 20:40:03.017,2026-09-18
"1241","td8VQ8aC1l","MOOSPMv3Parser",1789764000,7,7,5,11,11,6,6,12,12,6,1526,409,247095,73,42,5,42,42,28,28,42,0,27,31,40,33,29.225,29,5,35.94965,-119.049911,128.397003,11,600,58,3,"e00fce6808784ceaf209f949",2026-09-18 20:40:03.287,2026-09-18 20:40:03.449,2026-09-18 20:40:03.449,2026-09-18
"1242","KKbXGGHFob","MOOSPMv3Parser",1789764001,3,3,3,5,5,3,3,5,5,3,1309,222,62592,31,20,2,20,20,26,32,20,0,27,28,37,38,43.378,10,2,36.50322,-120.325371,62.848,0,600,58,3,"e00fce68e77e43df92405fdb",2026-09-18 20:40:03.303,2026-09-18 20:40:03.523,2026-09-18 20:40:03.523,2026-09-18
"1243","czSQxZmrKv","MOOSPMv3Parser",1789764001,2,2,0,3,3,0,0,4,4,0,665,185,219311,31,0,2,0,0,33,16,0,0,31,37,30,24,36.64,30,3277,1.1e-05,-0.00425,216.115005,9,600,58,3,"e00fce68e28dcbc9a589be10",2026-09-18 20:40:03.468,2026-09-18 20:40:03.666,2026-09-18 20:40:03.666,2026-09-18
"1244","sVGsV76wnx","MOOSPMv3Parser",1789764000,6,6,5,9,9,6,6,10,10,6,1632,340,146896,64,43,5,43,43,29,27,43,0,28,33,37,32,32.251,24,2,35.77507,-119.23851,74.197998,10,600,58,3,"e00fce68e88237db75a60608",2026-09-18 20:40:03.866,2026-09-18 20:40:04.042,2026-09-18 20:40:04.042,2026-09-18
"1245","j7XA13Ih7y","MOOSPMv3Parser",1789764001,3,3,3,4,4,3,3,5,5,3,745,177,306929,33,25,2,25,25,30,20,25,0,34,34,26,29,512.772,30,1,36.139038,-120.368393,174.136993,7,600,58,3,"e00fce6850cac69f647dc199",2026-09-18 20:40:06.033,2026-09-18 20:40:06.209,2026-09-18 20:40:06.209,2026-09-18
"1246","Fu9IX0NWKF","MOOSPMv3Parser",1789764001,4,4,3,6,6,3,3,6,6,3,897,247,110726,38,26,2,26,26,32,22,26,0,29,36,34,27,32.826,71,1,36.523365,-119.278671,82.017998,7,600,58,3,"e00fce68f12da1a0c5de6248",2026-09-18 20:40:06.983,2026-09-18 20:40:07.172,2026-09-18 20:40:07.172,2026-09-18
"1247","5FK6s6B3Tn","MOOSPMv3Parser",1789764600,0,0,2,1,1,2,2,1,1,2,263,161,47492,21,14,2,14,14,31,28,14,0,29,35,32,26,28.601,75,1,36.198986,-120.104408,93.872002,10,600,58,3,"e00fce686dc2ef0a68fa40b0",2026-09-18 20:50:01.886,2026-09-18 20:50:02.227,2026-09-18 20:50:02.227,2026-09-18
"1248","3RBDHRoiJ0","MOOSPMv3Parser",1789764600,2,2,3,4,4,3,4,5,5,4,577,176,189216,31,24,4,24,24,0,0,24,1,29,32,32,32,23.396,87,9,36.433613,-119.923363,36.945,7,599,58,3,"e00fce6876826e255108c6bd",2026-09-18 20:50:02.287,2026-09-18 20:50:02.48,2026-09-18 20:50:02.48,2026-09-18
"1249","X5lhmmKPvG","MOOSPMv3Parser",1789764600,1,1,5,4,4,6,7,5,5,7,395,291,102856,57,41,8,42,42,30,30,42,1,28,32,37,32,28.009,10,7,35.962948,-119.292038,53.879002,5,600,58,3,"e00fce68d6b773b56ce8baa0",2026-09-18 20:50:02.498,2026-09-18 20:50:02.738,2026-09-18 20:50:02.738,2026-09-18
"1250","2sZFVpHvbR","MOOSPMv3Parser",1789764600,3,3,0,5,5,0,0,6,6,0,1029,240,0,43,0,4,0,0,29,20,0,2,29,33,33,30,31.515,15,2,36.187546,-119.822311,29.063999,7,600,58,3,"e00fce68e739ecbcf9e91965",2026-09-18 20:50:02.57,2026-09-18 20:50:02.781,2026-09-18 20:50:02.781,2026-09-18
"1251","vDcJwFf664","MOOSPMv3Parser",1789764600,8,8,6,12,12,6,7,13,13,7,1610,439,247134,83,46,6,46,46,28,28,46,0,27,31,40,34,29.447,25,4,35.949661,-119.049927,135.496002,7,600,58,3,"e00fce6808784ceaf209f949",2026-09-18 20:50:03.073,2026-09-18 20:50:03.22,2026-09-18 20:50:03.22,2026-09-18
"1252","237OxP4fg9","MOOSPMv3Parser",1789764601,2,2,0,3,3,0,0,4,4,0,662,184,219311,32,0,3,0,0,33,15,0,0,31,38,30,24,37.365,24,3277,1.1e-05,-0.00425,216.115005,9,600,58,3,"e00fce68e28dcbc9a589be10",2026-09-18 20:50:03.393,2026-09-18 20:50:03.581,2026-09-18 20:50:03.581,2026-09-18
"1253","Wkz3MfwjYd","MOOSPMv3Parser",1789764600,6,6,5,10,10,6,6,10,10,6,1636,348,146933,67,43,6,43,43,29,27,43,0,28,33,36,31,33.601,22,3,35.775066,-119.238541,69.403,10,600,58,3,"e00fce68e88237db75a60608",2026-09-18 20:50:03.865,2026-09-18 20:50:04.027,2026-09-18 20:50:04.027,2026-09-18
"1254","kNXpja0ign","MOOSPMv3Parser",1789764601,3,3,3,4,4,3,3,5,5,3,789,187,306948,32,26,2,26,26,30,20,26,0,34,34,26,29,512.719,27,1,36.139038,-120.368393,174.134003,0,600,58,3,"e00fce6850cac69f647dc199",2026-09-18 20:50:05.346,2026-09-18 20:50:05.536,2026-09-18 20:50:05.536,2026-09-18
"1255","Jy8qb2LjyN","MOOSPMv3Parser",1789764601,4,4,3,5,5,3,3,6,6,3,849,232,110748,34,24,2,24,24,32,23,24,0,29,36,35,27,33.484,66,1,36.523411,-119.278755,100.106003,8,600,58,3,"e00fce68f12da1a0c5de6248",2026-09-18 20:50:07.006,2026-09-18 20:50:07.21,2026-09-18 20:50:07.21,2026-09-18
"1256","CJDoKeMkbR","MOOSPMv3Parser",1789764601,3,3,2,5,5,3,3,5,5,3,1230,209,62609,30,20,2,20,20,26,30,20,0,28,29,36,37,43.494,11,2,36.503242,-120.325279,39.112,7,600,58,3,"e00fce68e77e43df92405fdb",2026-09-18 20:50:08.229,2026-09-18 20:50:08.396,2026-09-18 20:50:08.396,2026-09-18
"1257","am7b2zmk8h","MOOSPMv3Parser",1789765200,0,0,2,0,0,2,2,0,0,2,243,146,47504,22,13,2,13,13,31,27,13,0,29,35,31,25,29.744,67,1,36.198986,-120.104408,93.874001,0,600,58,3,"e00fce686dc2ef0a68fa40b0",2026-09-18 21:00:02.178,2026-09-18 21:00:02.429,2026-09-18 21:00:02.429,2026-09-18
"1258","IWAkRa5DTd","MOOSPMv3Parser",1789765200,1,1,5,5,5,6,6,5,5,6,394,291,102891,59,42,7,42,42,30,30,42,1,29,33,36,32,27.884,9,7,35.963364,-119.29184,53.088001,5,600,58,3,"e00fce68d6b773b56ce8baa0",2026-09-18 21:00:02.174,2026-09-18 21:00:02.436,2026-09-18 21:00:02.436,2026-09-18
"1259","DBJY4SD4yE","MOOSPMv3Parser",1789765200,2,2,3,4,4,3,3,4,4,3,518,156,188919,30,22,3,22,22,0,0,22,1,29,32,32,31,23.918,87,8,36.433632,-119.923393,20.693001,4,600,58,3,"e00fce6876826e255108c6bd",2026-09-18 21:00:02.519,2026-09-18 21:00:02.975,2026-09-18 21:00:02.975,2026-09-18
"1260","GLb0tPeKzf","MOOSPMv3Parser",1789765200,3,3,0,5,5,0,0,6,6,0,1003,230,0,42,0,5,0,0,29,19,0,2,29,33,31,28,31.922,12,2,36.18755,-119.822128,30.955,6,600,58,3,"e00fce68e739ecbcf9e91965",2026-09-18 21:00:02.735,2026-09-18 21:00:03.451,2026-09-18 21:00:03.451,2026-09-18
"1261","MGt6fUjJ03","MOOSPMv3Parser",1789765201,3,3,3,5,5,3,3,5,5,3,1326,229,62627,34,22,2,22,22,26,29,22,0,28,29,35,36,44.089,10,2,36.503227,-120.32534,60.255001,8,600,58,3,"e00fce68e77e43df92405fdb",2026-09-18 21:00:03.021,2026-09-18 21:00:03.646,2026-09-18 21:00:03.646,2026-09-18
"1262","cm4dY9NZdO","MOOSPMv3Parser",1789765200,9,9,7,13,13,7,7,14,14,7,1761,481,247180,91,52,5,52,52,28,29,52,0,27,31,40,34,29.979,22,5,35.949612,-119.049927,130.813004,11,600,58,3,"e00fce6808784ceaf209f949",2026-09-18 21:00:03.211,2026-09-18 21:00:03.661,2026-09-18 21:00:03.661,2026-09-18
"1263","sDHhak75qI","MOOSPMv3Parser",1789765201,2,2,0,3,3,0,0,3,3,0,638,175,219311,30,0,2,0,0,33,15,0,0,31,38,29,23,37.141,23,3277,1.1e-05,-0.00425,216.115005,9,600,58,3,"e00fce68e28dcbc9a589be10",2026-09-18 21:00:03.47,2026-09-18 21:00:03.67,2026-09-18 21:00:03.67,2026-09-18
"1264","9CbAcMgmtW","MOOSPMv3Parser",1789765200,5,5,5,8,8,5,5,8,8,5,1475,302,146966,53,38,4,38,38,29,27,38,0,28,33,36,31,33.894,21,2,35.775135,-119.238441,59.132,8,600,58,3,"e00fce68e88237db75a60608",2026-09-18 21:00:04.012,2026-09-18 21:00:04.39,2026-09-18 21:00:04.39,2026-09-18
"1265","i17S5Fi6mx","MOOSPMv3Parser",1789765201,3,3,3,4,4,4,4,5,5,4,809,189,306968,32,26,2,26,26,30,20,26,0,34,34,26,29,512.914,29,1,36.139015,-120.368378,185.712997,7,600,58,3,"e00fce6850cac69f647dc199",2026-09-18 21:00:05.477,2026-09-18 21:00:05.673,2026-09-18 21:00:05.673,2026-09-18
"1266","PzWLgTCINQ","MOOSPMv3Parser",1789765201,4,4,3,5,5,4,4,6,6,4,856,232,110770,37,26,2,26,26,32,21,26,0,30,37,33,26,33.523,72,1,36.523422,-119.278809,91.876999,8,600,58,3,"e00fce68f12da1a0c5de6248",2026-09-18 21:00:08.273,2026-09-18 21:00:08.437,2026-09-18 21:00:08.437,2026-09-18
"1267","K19XiA5h7G","MOOSPMv3Parser",1789765800,0,0,2,0,0,2,2,0,0,2,215,121,47515,18,13,2,14,14,31,27,14,1,30,35,30,25,29.324,60,1,36.198856,-120.104393,80.723999,10,600,58,3,"e00fce686dc2ef0a68fa40b0",2026-09-18 21:10:02.52,2026-09-18 21:10:02.727,2026-09-18 21:10:02.727,2026-09-18
"1268","hKPk4ZvgjI","MOOSPMv3Parser",1789765800,1,1,5,4,4,5,6,4,4,6,375,272,102921,50,37,6,37,37,30,29,37,1,29,33,36,31,28.405,9,7,35.963291,-119.291748,52.681,5,600,58,3,"e00fce68d6b773b56ce8baa0",2026-09-18 21:10:02.493,2026-09-18 21:10:02.77,2026-09-18 21:10:02.77,2026-09-18
"1269","xho3LcWuD0","MOOSPMv3Parser",1789765800,2,2,3,4,4,3,4,5,5,4,573,174,189254,33,24,4,24,24,1,0,24,1,30,33,30,29,23.85,87,8,36.433624,-119.923332,26.117001,11,599,58,3,"e00fce6876826e255108c6bd",2026-09-18 21:10:02.589,2026-09-18 21:10:02.787,2026-09-18 21:10:02.787,2026-09-18
"1270","bG4nPGgVlB","MOOSPMv3Parser",1789765800,2,2,0,5,5,0,0,5,5,0,932,216,0,38,0,3,0,0,29,19,0,2,30,33,31,29,32.244,9,3,36.187592,-119.822098,55.105999,7,600,58,3,"e00fce68e739ecbcf9e91965",2026-09-18 21:10:02.817,2026-09-18 21:10:03.003,2026-09-18 21:10:03.003,2026-09-18
"1271","CICDzXCHHS","MOOSPMv3Parser",1789765801,3,3,2,4,4,3,3,5,5,3,1204,201,62644,32,19,2,20,20,26,27,20,0,28,29,33,35,44.769,8,2,36.503166,-120.325478,67.858002,6,600,58,3,"e00fce68e77e43df92405fdb",2026-09-18 21:10:02.864,2026-09-18 21:10:03.058,2026-09-18 21:10:03.058,2026-09-18
"1272","pcKxWk1uSj","MOOSPMv3Parser",1789765800,9,9,7,14,14,7,8,15,15,8,1763,482,247227,100,53,8,53,53,28,28,53,0,27,31,38,34,29.794,21,5,35.949707,-119.049858,122.178001,6,600,58,3,"e00fce6808784ceaf209f949",2026-09-18 21:10:03.072,2026-09-18 21:10:03.222,2026-09-18 21:10:03.222,2026-09-18
"1273","K8nZvSoGTb","MOOSPMv3Parser",1789765801,2,2,0,3,3,0,0,3,3,0,625,174,219311,30,0,2,0,0,33,15,0,0,31,38,28,23,37.596,26,3277,1.1e-05,-0.00425,216.115005,9,600,58,3,"e00fce68e28dcbc9a589be10",2026-09-18 21:10:03.526,2026-09-18 21:10:03.703,2026-09-18 21:10:03.703,2026-09-18
"1274","Q7ntlfY6fA","MOOSPMv3Parser",1789765800,5,5,5,8,8,5,6,9,9,6,1535,315,146999,55,39,4,39,39,29,27,39,0,28,32,36,32,34.149,20,2,35.775024,-119.23851,76.804001,9,600,58,3,"e00fce68e88237db75a60608",2026-09-18 21:10:04.032,2026-09-18 21:10:04.209,2026-09-18 21:10:04.209,2026-09-18
"1275","MrJeb3kiZx","MOOSPMv3Parser",1789765801,3,3,3,5,5,4,4,5,5,4,831,202,306988,35,26,2,26,26,30,20,26,0,34,34,26,29,512.787,28,1,36.13908,-120.368408,179.091003,8,600,58,3,"e00fce6850cac69f647dc199",2026-09-18 21:10:05.775,2026-09-18 21:10:05.917,2026-09-18 21:10:05.917,2026-09-18
"1276","uIgUfUln6n","MOOSPMv3Parser",1789765801,4,4,3,5,5,3,3,5,5,3,819,225,110791,32,24,2,24,24,32,22,24,0,29,37,34,26,33.582,74,1,36.523373,-119.278816,86.075996,8,600,58,3,"e00fce68f12da1a0c5de6248",2026-09-18 21:10:06.912,2026-09-18 21:10:07.062,2026-09-18 21:10:07.062,2026-09-18
"1277","I6ojCph2i8","MOOSPMv3Parser",1789766400,1,1,5,4,4,6,6,4,4,6,370,268,102952,52,38,6,39,39,30,29,39,1,29,33,35,31,28.52,8,6,35.963192,-119.291878,73.251999,6,600,58,3,"e00fce68d6b773b56ce8baa0",2026-09-18 21:20:02.187,2026-09-18 21:20:02.349,2026-09-18 21:20:02.349,2026-09-18
"1278","E54iXD4WmM","MOOSPMv3Parser",1789766400,2,2,3,3,3,3,4,4,4,4,523,160,189274,28,23,3,23,24,0,0,24,1,30,32,30,30,24.322,87,8,36.43351,-119.923378,25.948999,10,599,58,3,"e00fce6876826e255108c6bd",2026-09-18 21:20:02.32,2026-09-18 21:20:02.575,2026-09-18 21:20:02.575,2026-09-18
"1279","hD3JgXmnnA","MOOSPMv3Parser",1789766400,2,2,0,5,5,0,0,5,5,0,926,208,0,41,0,4,0,0,29,17,0,2,29,33,29,27,32.224,9,3,36.187603,-119.821854,47.589001,8,600,58,3,"e00fce68e739ecbcf9e91965",2026-09-18 21:20:02.801,2026-09-18 21:20:02.987,2026-09-18 21:20:02.987,2026-09-18
"1280","FUWTbm6Qkh","MOOSPMv3Parser",1789766400,0,0,1,0,0,2,2,0,0,2,232,135,47524,19,11,2,11,11,32,26,11,0,30,36,29,24,29.32,53,1,36.198776,-120.104462,73.872002,11,600,58,3,"e00fce686dc2ef0a68fa40b0",2026-09-18 21:20:02.754,2026-09-18 21:20:02.994,2026-09-18 21:20:02.994,2026-09-18
"1281","aHiBNrAlIw","MOOSPMv3Parser",1789766401,3,3,2,4,4,2,3,5,5,3,1212,199,62659,31,18,3,18,18,26,26,18,0,28,29,32,33,44.565,8,2,36.503162,-120.325371,52.784,7,600,58,3,"e00fce68e77e43df92405fdb",2026-09-18 21:20:03.023,2026-09-18 21:20:03.177,2026-09-18 21:20:03.177,2026-09-18
"1282","tsjfkbL3Tn","MOOSPMv3Parser",1789766400,8,8,7,14,14,11,14,15,15,15,1666,450,247269,98,52,10,55,56,27,27,56,1,28,31,38,33,29.711,20,5,35.949619,-119.049889,126.07,7,600,58,3,"e00fce6808784ceaf209f949",2026-09-18 21:20:03.136,2026-09-18 21:20:03.319,2026-09-18 21:20:03.319,2026-09-18
"1283","8XHyOE4oRk","MOOSPMv3Parser",1789766401,2,2,0,3,3,0,0,3,3,0,646,180,219311,28,0,2,0,0,33,14,0,0,31,38,28,23,38.107,18,3277,1.1e-05,-0.00425,216.115005,9,600,58,3,"e00fce68e28dcbc9a589be10",2026-09-18 21:20:03.411,2026-09-18 21:20:03.593,2026-09-18 21:20:03.593,2026-09-18
"1284","OFBFBWjlT4","MOOSPMv3Parser",1789766400,5,5,5,8,8,5,5,9,9,5,1514,311,147031,58,38,5,38,38,29,26,38,0,29,33,34,31,35.449,21,3,35.775036,-119.238533,76.620003,9,600,58,3,"e00fce68e88237db75a60608",2026-09-18 21:20:03.946,2026-09-18 21:20:04.087,2026-09-18 21:20:04.087,2026-09-18
"1285","5LCTeEektf","MOOSPMv3Parser",1789766401,3,3,3,4,4,3,3,5,5,3,789,189,307007,34,25,3,25,25,30,20,25,0,35,34,25,29,512.901,30,1,36.138992,-120.368462,172.641998,8,600,58,3,"e00fce6850cac69f647dc199",2026-09-18 21:20:06.027,2026-09-18 21:20:06.238,2026-09-18 21:20:06.238,2026-09-18
"1286","1ugNxP82Ej","MOOSPMv3Parser",1789766401,4,4,3,5,5,3,3,6,6,3,865,238,110814,32,26,1,26,26,32,22,26,0,29,37,35,27,34.055,69,1,36.523464,-119.278786,91.476997,7,600,58,3,"e00fce68f12da1a0c5de6248",2026-09-18 21:20:06.999,2026-09-18 21:20:07.19,2026-09-18 21:20:07.19,2026-09-18
"1287","tsGHy816Ji","MOOSPMv3Parser",1789767000,0,0,1,0,0,1,2,0,0,2,208,117,47533,16,10,1,11,11,32,26,11,0,30,36,30,24,29.807,58,1,36.198792,-120.104431,80.402,10,600,58,3,"e00fce686dc2ef0a68fa40b0",2026-09-18 21:30:01.879,2026-09-18 21:30:02.056,2026-09-18 21:30:02.056,2026-09-18
"1288","WkeNh7VbVc","MOOSPMv3Parser",1789767000,1,1,5,4,4,6,6,5,5,6,384,279,102983,53,38,6,38,38,30,29,39,1,29,33,36,31,28.709,10,6,35.963146,-119.291809,57.068001,10,600,58,3,"e00fce68d6b773b56ce8baa0",2026-09-18 21:30:02.572,2026-09-18 21:30:02.774,2026-09-18 21:30:02.774,2026-09-18
"1289","0o9Z5OOAd6","MOOSPMv3Parser",1789767000,2,2,3,3,3,3,3,5,5,3,473,145,189290,30,21,5,21,21,0,0,21,1,30,32,29,29,24.474,87,9,36.433681,-119.92334,30.665001,10,599,58,3,"e00fce6876826e255108c6bd",2026-09-18 21:30:02.436,2026-09-18 21:30:02.801,2026-09-18 21:30:02.801,2026-09-18
"1290","toUGmDozxI","MOOSPMv3Parser",1789767001,2,2,2,3,3,2,2,4,4,2,1090,168,62674,22,17,2,17,17,26,24,17,0,28,29,30,31,44.95,8,2,36.503136,-120.32547,50.479,6,600,58,3,"e00fce68e77e43df92405fdb",2026-09-18 21:30:02.743,2026-09-18 21:30:02.933,2026-09-18 21:30:02.933,2026-09-18
"1291","2t7Wpqr5eN","MOOSPMv3Parser",1789767000,2,2,0,4,4,0,0,5,5,0,896,201,0,40,0,4,0,0,30,17,0,2,30,33,28,26,32.584,9,3,36.187553,-119.822021,47.986,7,600,58,3,"e00fce68e739ecbcf9e91965",2026-09-18 21:30:02.71,2026-09-18 21:30:03.01,2026-09-18 21:30:03.01,2026-09-18
"1292","8HEaa9WU5G","MOOSPMv3Parser",1789767000,7,7,5,11,11,6,6,12,12,6,1517,416,247302,76,41,5,42,42,27,28,42,0,27,31,39,35,31.298,14,5,35.949703,-119.049881,123.260002,7,600,58,3,"e00fce6808784ceaf209f949",2026-09-18 21:30:03.313,2026-09-18 21:30:03.487,2026-09-18 21:30:03.487,2026-09-18
"1293","SOJ9hAEkQH","MOOSPMv3Parser",1789767001,2,2,0,3,3,0,0,3,3,0,639,180,219311,31,0,2,0,0,33,14,0,0,31,38,27,22,38.965,15,3277,1.1e-05,-0.00425,216.115005,9,600,58,3,"e00fce68e28dcbc9a589be10",2026-09-18 21:30:03.675,2026-09-18 21:30:03.819,2026-09-18 21:30:03.819,2026-09-18
"1294","4pOszvo7MY","MOOSPMv3Parser",1789767000,5,5,5,7,7,5,5,8,8,5,1444,292,147064,50,38,3,38,38,29,25,38,0,29,33,34,31,35.022,20,2,35.775021,-119.238564,60.23,7,600,58,3,"e00fce68e88237db75a60608",2026-09-18 21:30:03.924,2026-09-18 21:30:04.129,2026-09-18 21:30:04.129,2026-09-18
"1295","4CxbHj4Ic2","MOOSPMv3Parser",1789767001,3,3,3,5,5,3,3,5,5,3,804,189,307027,34,25,2,26,26,30,20,26,0,34,34,26,29,512.959,29,1,36.139099,-120.368431,178.266006,7,600,58,3,"e00fce6850cac69f647dc199",2026-09-18 21:30:05.061,2026-09-18 21:30:05.217,2026-09-18 21:30:05.217,2026-09-18
"1296","a9Dm4IsW6Q","MOOSPMv3Parser",1789767001,4,4,3,5,5,3,3,6,6,3,865,236,110836,35,25,2,25,25,32,22,25,0,29,37,35,27,34.978,63,1,36.523357,-119.278786,86.432999,7,600,58,3,"e00fce68f12da1a0c5de6248",2026-09-18 21:30:07.23,2026-09-18 21:30:07.389,2026-09-18 21:30:07.389,2026-09-18
"1297","Gjv9rSpguo","MOOSPMv3Parser",1789767600,0,0,2,0,0,2,2,0,0,2,211,120,47543,17,12,2,12,12,32,26,12,1,30,36,29,24,29.98,60,1,36.198849,-120.104454,71.647003,9,600,58,3,"e00fce686dc2ef0a68fa40b0",2026-09-18 21:40:02.19,2026-09-18 21:40:02.364,2026-09-18 21:40:02.364,2026-09-18
"1298","DZmpVeIHWK","MOOSPMv3Parser",1789767600,0,0,4,3,3,5,5,4,4,5,353,252,103011,45,34,6,35,35,30,29,35,1,29,33,35,30,27.778,9,6,35.963142,-119.29174,36.319,7,600,58,3,"e00fce68d6b773b56ce8baa0",2026-09-18 21:40:02.406,2026-09-18 21:40:02.611,2026-09-18 21:40:02.611,2026-09-18
"1299","CRpl2rvSfe","MOOSPMv3Parser",1789767600,2,2,3,3,3,3,3,4,4,3,491,151,189307,29,20,3,20,20,0,0,20,1,30,33,27,28,24.11,87,9,36.433582,-119.923325,26.188,8,599,58,3,"e00fce6876826e255108c6bd",2026-09-18 21:40:02.526,2026-09-18 21:40:02.834,2026-09-18 21:40:02.834,2026-09-18
"1300","WjMKIjY6WU","MOOSPMv3Parser",1789767600,2,2,0,4,4,0,0,4,4,0,817,182,0,35,0,3,0,0,30,16,0,2,30,34,28,26,32.911,7,3,36.187553,-119.822021,47.981998,0,600,58,3,"e00fce68e739ecbcf9e91965",2026-09-18 21:40:02.802,2026-09-18 21:40:02.998,2026-09-18 21:40:02.998,2026-09-18
"1301","rCLiZEC5QB","MOOSPMv3Parser",1789767601,2,2,2,3,3,3,3,4,4,3,1116,167,62691,24,19,2,19,19,27,25,19,0,29,30,32,33,44.444,7,2,36.503052,-120.325401,50.793999,8,600,58,3,"e00fce68e77e43df92405fdb",2026-09-18 21:40:02.927,2026-09-18 21:40:03.192,2026-09-18 21:40:03.192,2026-09-18
"1302","Zvr4lF05ZA","MOOSPMv3Parser",1789767600,6,6,5,10,10,5,5,10,10,6,1349,362,247335,66,38,5,38,38,27,28,38,0,27,30,38,34,30.433,13,6,35.949345,-119.050102,92.302002,6,600,58,3,"e00fce6808784ceaf209f949",2026-09-18 21:40:03.143,2026-09-18 21:40:03.345,2026-09-18 21:40:03.345,2026-09-18
"1303","jj1rvzFdPc","MOOSPMv3Parser",1789767601,1,1,0,3,3,0,0,3,3,0,609,168,219311,30,0,2,0,0,33,13,0,0,31,38,27,22,38.992,12,3277,1.1e-05,-0.00425,216.115005,9,600,58,3,"e00fce68e28dcbc9a589be10",2026-09-18 21:40:03.591,2026-09-18 21:40:03.746,2026-09-18 21:40:03.746,2026-09-18
"1304","pNvMPaD7FZ","MOOSPMv3Parser",1789767600,5,5,5,9,9,5,6,9,9,6,1469,306,147095,58,37,7,37,37,30,24,37,1,29,33,34,30,34.582,19,2,35.775005,-119.238541,62.196999,5,600,58,3,"e00fce68e88237db75a60608",2026-09-18 21:40:03.988,2026-09-18 21:40:04.174,2026-09-18 21:40:04.174,2026-09-18
"1305","WaW5bo7Hij","MOOSPMv3Parser",1789767601,3,3,3,4,4,3,3,5,5,3,782,184,307048,33,26,2,26,26,30,19,26,0,35,34,25,28,512.931,29,1,36.13908,-120.36837,186.781006,7,600,58,3,"e00fce6850cac69f647dc199",2026-09-18 21:40:05.461,2026-09-18 21:40:05.646,2026-09-18 21:40:05.646,2026-09-18
"1306","5ItZPrnDT7","MOOSPMv3Parser",1789767601,4,4,3,5,5,3,4,6,6,4,853,236,110859,35,26,2,26,26,32,22,26,0,30,36,34,27,34.627,61,1,36.523216,-119.278847,88.278,5,600,58,3,"e00fce68f12da1a0c5de6248",2026-09-18 21:40:11.692,2026-09-18 21:40:11.895,2026-09-18 21:40:11.895,2026-09-18
"1307","5f7b7kb5Mb","MOOSPMv3Parser",1789768200,1,1,2,2,2,3,3,3,3,3,392,120,189323,24,19,3,19,19,0,0,19,1,30,33,28,28,24.226,87,10,36.433517,-119.923355,25.070999,11,599,58,3,"e00fce6876826e255108c6bd",2026-09-18 21:50:02.449,2026-09-18 21:50:02.657,2026-09-18 21:50:02.657,2026-09-18
"1308","dpTrbqbZXF","MOOSPMv3Parser",1789768200,0,0,1,0,0,2,2,0,0,2,203,113,47552,16,11,1,11,11,32,26,11,0,30,36,30,24,30.532,48,1,36.198875,-120.104492,81.776001,8,600,58,3,"e00fce686dc2ef0a68fa40b0",2026-09-18 21:50:02.446,2026-09-18 21:50:02.693,2026-09-18 21:50:02.693,2026-09-18
"1309","sm6Si5bMgo","MOOSPMv3Parser",1789768200,2,2,0,4,4,0,0,4,4,0,840,186,0,36,0,4,0,0,30,14,0,2,30,34,25,24,32.752,8,3,36.187473,-119.822052,26.716,8,600,58,3,"e00fce68e739ecbcf9e91965",2026-09-18 21:50:02.65,2026-09-18 21:50:02.843,2026-09-18 21:50:02.843,2026-09-18
"1310","03XA7h4HT4","MOOSPMv3Parser",1789768200,0,0,4,3,3,5,5,4,4,6,366,260,103039,46,34,6,34,35,31,29,35,1,29,34,35,30,28.774,9,5,35.963116,-119.291847,62.922001,8,600,58,3,"e00fce68d6b773b56ce8baa0",2026-09-18 21:50:02.566,2026-09-18 21:50:02.887,2026-09-18 21:50:02.887,2026-09-18
"1311","PcRoMTQVNx","MOOSPMv3Parser",1789768201,2,2,2,3,3,2,2,4,4,2,1095,169,62704,23,16,2,16,16,27,24,16,0,29,30,32,33,44.813,9,1,36.503071,-120.32531,54.868,8,600,58,3,"e00fce68e77e43df92405fdb",2026-09-18 21:50:03.057,2026-09-18 21:50:03.207,2026-09-18 21:50:03.207,2026-09-18
"1312","QW3JH3nuAL","MOOSPMv3Parser",1789768200,7,7,6,11,11,8,9,12,12,10,1459,402,247373,77,45,6,46,47,27,28,47,1,28,30,40,35,31.56,11,6,35.949345,-119.050102,92.304001,0,600,58,3,"e00fce6808784ceaf209f949",2026-09-18 21:50:03.136,2026-09-18 21:50:03.31,2026-09-18 21:50:03.31,2026-09-18
"1313","6xRcjUJaSK","MOOSPMv3Parser",1789768201,2,2,0,3,3,0,0,3,3,0,617,172,219311,32,0,2,0,0,33,14,0,0,32,38,28,23,38.756,11,3277,1.1e-05,-0.00425,216.115005,9,600,58,3,"e00fce68e28dcbc9a589be10",2026-09-18 21:50:03.43,2026-09-18 21:50:03.58,2026-09-18 21:50:03.58,2026-09-18
"1314","h2hFUOK3T1","MOOSPMv3Parser",1789768200,5,5,5,7,7,5,5,8,8,5,1406,281,147126,47,35,3,36,36,30,24,36,1,29,34,34,30,36.183,18,2,35.775005,-119.238541,62.195,0,600,58,3,"e00fce68e88237db75a60608",2026-09-18 21:50:03.964,2026-09-18 21:50:04.167,2026-09-18 21:50:04.167,2026-09-18
"1315","9QBZK0f7K1","MOOSPMv3Parser",1789768201,3,3,3,5,5,3,3,5,5,3,801,187,307065,31,25,3,25,25,30,20,25,0,34,34,25,29,512.938,27,1,36.139069,-120.368187,202.190994,6,600,58,3,"e00fce6850cac69f647dc199",2026-09-18 21:50:05.711,2026-09-18 21:50:05.917,2026-09-18 21:50:05.917,2026-09-18
"1316","fNUoz7pY6R","MOOSPMv3Parser",1789768201,3,3,3,5,5,3,4,6,6,4,828,227,110881,33,26,2,26,26,32,22,26,0,29,36,35,27,34.617,56,1,36.523216,-119.278847,88.278,0,600,58,3,"e00fce68f12da1a0c5de6248",2026-09-18 21:50:07.634,2026-09-18 21:50:07.778,2026-09-18 21:50:07.778,2026-09-18
"1317","UA2wjSK0Dv","MOOSPMv3Parser",1789768800,1,1,2,3,3,3,3,3,3,3,426,129,189339,25,19,2,20,20,0,0,20,1,30,33,26,26,24.41,88,12,36.433533,-119.923378,22.938999,8,599,58,3,"e00fce6876826e255108c6bd",2026-09-18 22:00:02.368,2026-09-18 22:00:02.708,2026-09-18 22:00:02.708,2026-09-18
"1318","iUgUjJAaZS","MOOSPMv3Parser",1789768800,1,1,5,3,3,6,6,4,4,6,359,257,103070,48,37,6,38,38,31,28,38,1,30,34,33,29,29.332,8,5,35.963123,-119.291756,51.848,9,600,58,3,"e00fce68d6b773b56ce8baa0",2026-09-18 22:00:02.41,2026-09-18 22:00:02.976,2026-09-18 22:00:02.976,2026-09-18
"1319","rla6PHsNZz","MOOSPMv3Parser",1789768801,2,2,2,4,4,2,3,4,4,3,1163,183,62720,26,18,2,18,18,27,24,18,0,29,30,33,33,44.618,13,1,36.503132,-120.325325,59.848999,7,600,58,3,"e00fce68e77e43df92405fdb",2026-09-18 22:00:02.938,2026-09-18 22:00:03.452,2026-09-18 22:00:03.452,2026-09-18
"1320","66nbXVKMkY","MOOSPMv3Parser",1789768800,1,1,0,3,3,0,0,4,4,0,788,167,0,32,0,3,0,0,30,15,0,2,30,33,27,26,33.912,7,2,36.187473,-119.822021,22.752001,8,600,58,3,"e00fce68e739ecbcf9e91965",2026-09-18 22:00:02.815,2026-09-18 22:00:03.532,2026-09-18 22:00:03.532,2026-09-18
"1321","cfS0d7LHwa","MOOSPMv3Parser",1789768800,0,0,2,1,1,2,2,1,1,2,252,157,47566,29,17,2,17,17,32,24,17,0,30,36,26,22,30.686,56,1,36.198788,-120.104378,62.007999,9,600,58,3,"e00fce686dc2ef0a68fa40b0",2026-09-18 22:00:02.983,2026-09-18 22:00:03.634,2026-09-18 22:00:03.634,2026-09-18
"1322","EZRMAuGUiD","MOOSPMv3Parser",1789768800,6,6,5,9,9,5,6,10,10,6,1308,356,247405,60,37,4,37,38,27,28,38,0,28,30,37,34,32.309,9,6,35.949471,-119.050072,109.910004,7,600,58,3,"e00fce6808784ceaf209f949",2026-09-18 22:00:03.225,2026-09-18 22:00:03.958,2026-09-18 22:00:03.958,2026-09-18
"1323","5ezAHYtut8","MOOSPMv3Parser",1789768801,1,1,0,3,3,0,0,4,4,0,609,169,219311,31,0,3,0,0,33,14,0,0,32,38,27,23,38.425,13,3277,1.1e-05,-0.00425,216.115005,9,600,58,3,"e00fce68e28dcbc9a589be10",2026-09-18 22:00:03.816,2026-09-18 22:00:04.109,2026-09-18 22:00:04.109,2026-09-18
"1324","MTN7Owbym2","MOOSPMv3Parser",1789768800,5,5,4,7,7,5,5,8,8,5,1433,294,147157,49,35,3,35,35,30,25,35,0,29,34,34,30,37.77,16,2,35.77504,-119.238556,64.596001,5,600,58,3,"e00fce68e88237db75a60608",2026-09-18 22:00:03.868,2026-09-18 22:00:04.154,2026-09-18 22:00:04.154,2026-09-18
"1325","YGBtTakeuA","MOOSPMv3Parser",1789768801,3,3,3,4,4,3,3,5,5,3,737,174,307082,29,24,2,25,25,30,19,25,0,34,34,25,28,513.004,26,1,36.138969,-120.368248,191.764999,7,600,58,3,"e00fce6850cac69f647dc199",2026-09-18 22:00:06.094,2026-09-18 22:00:06.28,2026-09-18 22:00:06.28,2026-09-18
"1326","cs6Qxyg3AA","MOOSPMv3Parser",1789768801,4,4,3,5,5,3,3,5,5,3,806,225,110903,32,25,1,25,25,31,22,25,0,29,36,33,27,34.746,47,1,36.523228,-119.278755,72.416,7,600,58,3,"e00fce68f12da1a0c5de6248",2026-09-18 22:00:06.907,2026-09-18 22:00:07.065,2026-09-18 22:00:07.065,2026-09-18
"1327","lUJj2oPRxe","MOOSPMv3Parser",1789769400,0,0,4,3,3,4,4,3,3,4,319,216,47590,41,28,4,28,28,32,25,28,0,30,36,28,23,30.904,82,1,36.198795,-120.104294,92.056,9,600,58,3,"e00fce686dc2ef0a68fa40b0",2026-09-18 22:10:01.863,2026-09-18 22:10:02.032,2026-09-18 22:10:02.032,2026-09-18
"1328","ftYRMkKPq4","MOOSPMv3Parser",1789769400,1,1,2,2,2,3,3,4,4,3,422,127,189355,22,18,3,18,18,0,0,18,1,30,32,29,29,24.884,88,13,36.433495,-119.923271,18.966999,7,599,58,3,"e00fce6876826e255108c6bd",2026-09-18 22:10:02.526,2026-09-18 22:10:02.711,2026-09-18 22:10:02.711,2026-09-18
"1329","Tm0RwyGOEk","MOOSPMv3Parser",1789769400,1,1,4,3,3,5,5,3,3,5,349,246,103097,45,33,6,34,34,31,28,34,1,30,34,34,30,29.329,9,5,35.963123,-119.291756,51.848999,0,600,58,3,"e00fce68d6b773b56ce8baa0",2026-09-18 22:10:02.74,2026-09-18 22:10:02.889,2026-09-18 22:10:02.889,2026-09-18
"1330","jh89ToWIj5","MOOSPMv3Parser",1789769400,2,2,0,4,4,0,0,4,4,0,887,196,0,35,0,3,0,0,30,15,0,2,30,34,27,26,33.591,6,3,36.187447,-119.821945,35.875999,9,600,58,3,"e00fce68e739ecbcf9e91965",2026-09-18 22:10:02.886,2026-09-18 22:10:03.054,2026-09-18 22:10:03.054,2026-09-18
"1331","PFpRPRzMnu","MOOSPMv3Parser",1789769401,3,3,2,4,4,3,3,4,4,3,1142,179,62735,27,18,1,18,18,27,24,18,0,29,30,32,32,45.588,14,1,36.50296,-120.325333,45.226002,11,600,58,3,"e00fce68e77e43df92405fdb",2026-09-18 22:10:03.128,2026-09-18 22:10:03.29,2026-09-18 22:10:03.29,2026-09-18
"1332","AH7CQIZgvS","MOOSPMv3Parser",1789769400,6,6,5,9,9,5,5,10,10,5,1259,339,247436,60,35,5,35,35,27,29,35,0,28,30,40,36,32.177,9,6,35.949505,-119.049919,117.348,5,600,58,3,"e00fce6808784ceaf209f949",2026-09-18 22:10:03.145,2026-09-18 22:10:03.313,2026-09-18 22:10:03.313,2026-09-18
"1333","LJLSXC7XN7","MOOSPMv3Parser",1789769401,2,2,0,3,3,0,0,3,3,0,585,162,219311,28,0,2,0,0,33,13,0,0,32,38,26,22,38.797,15,3277,1.1e-05,-0.00425,216.115005,9,600,58,3,"e00fce68e28dcbc9a589be10",2026-09-18 22:10:03.48,2026-09-18 22:10:03.684,2026-09-18 22:10:03.684,2026-09-18
"1334","VzAKhORL4h","MOOSPMv3Parser",1789769400,5,5,5,8,8,5,5,9,9,5,1494,307,147189,59,36,5,37,37,30,24,37,0,30,34,34,30,36.403,18,2,35.774971,-119.238586,69.522003,6,600,58,3,"e00fce68e88237db75a60608",2026-09-18 22:10:03.87,2026-09-18 22:10:04.035,2026-09-18 22:10:04.035,2026-09-18
"1335","ShmjPgtYG8","MOOSPMv3Parser",1789769401,3,3,3,4,4,3,3,5,5,3,748,181,307100,30,23,2,24,24,30,19,24,0,34,33,25,28,513.048,25,1,36.139004,-120.368263,181.613007,9,600,58,3,"e00fce6850cac69f647dc199",2026-09-18 22:10:05.063,2026-09-18 22:10:05.208,2026-09-18 22:10:05.208,2026-09-18
"1336","W0rUOxdqfQ","MOOSPMv3Parser",1789769401,3,3,3,5,5,3,4,5,5,4,798,219,110925,31,26,1,26,26,31,23,26,0,29,35,35,28,35.475,38,1,36.523186,-119.278847,99.757004,6,600,58,3,"e00fce68f12da1a0c5de6248",2026-09-18 22:10:07.024,2026-09-18 22:10:07.218,2026-09-18 22:10:07.218,2026-09-18
"1337","nv5coD3tNE","MOOSPMv3Parser",1789770000,0,0,2,0,0,3,3,0,0,3,241,143,47606,24,19,2,19,19,31,25,19,0,30,35,28,23,31.757,56,1,36.198963,-120.104286,95.014999,6,600,58,3,"e00fce686dc2ef0a68fa40b0",2026-09-18 22:20:02.183,2026-09-18 22:20:02.319,2026-09-18 22:20:02.319,2026-09-18
"1338","Fyv9mzUdAW","MOOSPMv3Parser",1789770000,0,0,4,3,3,5,5,3,3,5,353,251,103125,45,34,5,34,34,31,28,34,1,30,34,34,30,29.284,9,4,35.963127,-119.291733,35.750999,7,600,58,3,"e00fce68d6b773b56ce8baa0",2026-09-18 22:20:02.249,2026-09-18 22:20:02.376,2026-09-18 22:20:02.376,2026-09-18
"1339","u11ZAKekwl","MOOSPMv3Parser",1789770000,2,2,3,3,3,3,3,4,4,3,513,155,189372,28,20,4,21,21,0,0,21,1,30,32,30,29,24.803,88,14,36.433628,-119.923325,39.314999,8,599,58,3,"e00fce6876826e255108c6bd",2026-09-18 22:20:02.514,2026-09-18 22:20:02.72,2026-09-18 22:20:02.72,2026-09-18
"1340","H54hOWzcxn","MOOSPMv3Parser",1789770000,2,2,0,4,4,0,0,5,5,0,874,196,0,37,0,3,0,0,30,14,0,2,30,34,27,26,34.204,6,3,36.187462,-119.822105,16.650999,8,600,58,3,"e00fce68e739ecbcf9e91965",2026-09-18 22:20:02.731,2026-09-18 22:20:02.943,2026-09-18 22:20:02.943,2026-09-18
"1341","uATYMxR9l2","MOOSPMv3Parser",1789770001,2,2,2,3,3,3,3,4,4,3,1163,175,62751,25,18,1,18,18,27,23,18,0,29,30,30,32,45.799,13,1,36.503082,-120.325348,46.166,10,600,58,3,"e00fce68e77e43df92405fdb",2026-09-18 22:20:02.995,2026-09-18 22:20:03.164,2026-09-18 22:20:03.164,2026-09-18
"1342","oYPE5jkcMQ","MOOSPMv3Parser",1789770000,6,6,4,10,10,5,5,10,10,5,1339,363,247468,63,35,6,35,35,27,30,35,0,28,30,39,36,31.501,11,6,35.949543,-119.050011,105.456001,7,600,58,3,"e00fce6808784ceaf209f949",2026-09-18 22:20:03.209,2026-09-18 22:20:03.413,2026-09-18 22:20:03.413,2026-09-18
"1343","0UAdiUbXuS","MOOSPMv3Parser",1789770001,1,1,0,3,3,0,0,3,3,0,557,155,219311,25,0,2,0,0,33,13,0,0,32,38,26,22,39.003,13,3277,1.1e-05,-0.00425,216.115005,9,600,58,3,"e00fce68e28dcbc9a589be10",2026-09-18 22:20:03.421,2026-09-18 22:20:03.57,2026-09-18 22:20:03.57,2026-09-18
"1344","2bQLcqvDUi","MOOSPMv3Parser",1789770000,5,5,5,8,8,5,5,8,8,5,1452,295,147221,51,37,3,37,37,29,25,37,0,29,33,34,30,38.323,15,2,35.775043,-119.238586,78.613998,5,600,58,3,"e00fce68e88237db75a60608",2026-09-18 22:20:03.866,2026-09-18 22:20:04.017,2026-09-18 22:20:04.017,2026-09-18
"1345","YZajiDsCWY","MOOSPMv3Parser",1789770001,2,2,3,4,4,3,3,4,4,3,706,169,307116,30,22,2,22,22,30,19,22,0,34,33,25,29,512.967,23,1,36.139015,-120.368271,195.268997,7,600,58,3,"e00fce6850cac69f647dc199",2026-09-18 22:20:05.393,2026-09-18 22:20:05.563,2026-09-18 22:20:05.563,2026-09-18
"1346","UrSMHpDs1K","MOOSPMv3Parser",1789770001,4,4,4,5,5,4,4,5,5,4,821,224,110950,32,28,2,28,28,30,24,28,0,28,34,35,28,36.553,30,1,36.523232,-119.27877,106.931999,6,600,58,3,"e00fce68f12da1a0c5de6248",2026-09-18 22:20:07.126,2026-09-18 22:20:07.318,2026-09-18 22:20:07.318,2026-09-18
"1347","HpDWpSkut9","MOOSPMv3Parser",1789770600,1,1,4,3,3,5,5,3,3,5,341,247,103325,45,33,5,34,34,31,28,34,1,30,34,33,29,29.419,11,4,35.963245,-119.291878,42.891998,6,599,58,3,"e00fce68d6b773b56ce8baa0",2026-09-18 22:30:02.415,2026-09-18 22:30:02.555,2026-09-18 22:30:02.555,2026-09-18
"1348","SkvDw5Qnpd","MOOSPMv3Parser",1789770600,1,1,2,3,3,3,3,4,4,3,423,128,189388,26,18,3,19,19,0,0,19,1,30,32,27,27,25.021,88,12,36.433544,-119.923279,23.516001,8,599,58,3,"e00fce6876826e255108c6bd",2026-09-18 22:30:02.519,2026-09-18 22:30:02.68,2026-09-18 22:30:02.68,2026-09-18
"1349","YfEqPdoYb5","MOOSPMv3Parser",1789770600,0,0,1,0,0,1,1,0,0,1,207,116,47614,15,10,1,10,10,31,25,10,1,30,35,28,23,31.605,41,1,36.198784,-120.104401,98.070999,5,600,58,3,"e00fce686dc2ef0a68fa40b0",2026-09-18 22:30:02.51,2026-09-18 22:30:02.697,2026-09-18 22:30:02.697,2026-09-18
"1350","GIrhJ4N4OV","MOOSPMv3Parser",1789770600,2,2,0,4,4,0,0,4,4,0,827,178,0,35,0,4,0,0,30,15,0,2,30,33,28,26,34.393,5,3,36.187511,-119.821976,30.608999,11,600,58,3,"e00fce68e739ecbcf9e91965",2026-09-18 22:30:02.645,2026-09-18 22:30:02.824,2026-09-18 22:30:02.824,2026-09-18
"1351","clQ7y8FGRD","MOOSPMv3Parser",1789770601,2,2,2,3,3,2,2,3,3,2,1085,155,62764,23,15,2,15,15,27,22,15,0,29,30,30,32,46.253,10,1,36.503082,-120.325348,46.167999,0,600,58,3,"e00fce68e77e43df92405fdb",2026-09-18 22:30:03.064,2026-09-18 22:30:03.237,2026-09-18 22:30:03.237,2026-09-18
"1352","6EKcElznhE","MOOSPMv3Parser",1789770601,1,1,0,3,3,0,0,3,3,0,576,159,219311,25,0,2,0,0,33,13,0,0,32,38,25,22,39.002,16,3277,1.1e-05,-0.00425,216.115005,9,600,58,3,"e00fce68e28dcbc9a589be10",2026-09-18 22:30:03.531,2026-09-18 22:30:03.689,2026-09-18 22:30:03.689,2026-09-18
"1353","ULY6WCgYZD","MOOSPMv3Parser",1789770600,6,6,5,9,9,5,6,10,10,6,1307,354,247501,66,36,5,37,37,26,29,37,1,28,30,38,36,32.526,11,6,35.949535,-119.049919,113.244003,8,600,58,3,"e00fce6808784ceaf209f949",2026-09-18 22:30:03.654,2026-09-18 22:30:03.824,2026-09-18 22:30:03.824,2026-09-18
"1354","iAHEMDx4bS","MOOSPMv3Parser",1789770600,5,5,5,8,8,5,6,8,8,6,1425,289,147255,51,39,5,39,39,29,25,39,0,29,33,34,31,38.451,13,2,35.775036,-119.238541,70.596001,6,600,58,3,"e00fce68e88237db75a60608",2026-09-18 22:30:03.95,2026-09-18 22:30:04.132,2026-09-18 22:30:04.132,2026-09-18
"1355","AcDUk3kHy9","MOOSPMv3Parser",1789770601,2,2,3,4,4,3,3,4,4,3,678,160,307132,27,22,2,22,22,30,17,22,0,35,33,23,27,512.932,21,1,36.138969,-120.36824,183.182999,8,600,58,3,"e00fce6850cac69f647dc199",2026-09-18 22:30:05.713,2026-09-18 22:30:05.887,2026-09-18 22:30:05.887,2026-09-18
"1356","pVhF93i9xY","MOOSPMv3Parser",1789770601,4,4,4,5,5,4,4,6,6,4,847,234,110974,34,28,2,28,28,29,25,28,0,28,34,36,29,37.609,20,2,36.523029,-119.278954,102.183998,7,600,58,3,"e00fce68f12da1a0c5de6248",2026-09-18 22:30:07.067,2026-09-18 22:30:07.227,2026-09-18 22:30:07.227,2026-09-18
"1357","Nxsa9iuk2V","MOOSPMv3Parser",1789771200,0,0,4,3,3,5,5,3,3,5,342,244,103179,43,32,5,32,32,31,28,32,1,30,34,34,29,29.542,10,4,35.96312,-119.29174,48.363998,9,600,58,3,"e00fce68d6b773b56ce8baa0",2026-09-18 22:40:02.321,2026-09-18 22:40:02.483,2026-09-18 22:40:02.483,2026-09-18
"1358","K1SQXVIzCg","MOOSPMv3Parser",1789771200,2,2,0,4,4,0,0,4,4,0,816,179,0,36,0,5,0,0,30,15,0,2,30,34,27,26,34.399,5,3,36.187485,-119.822151,25.610001,9,600,58,3,"e00fce68e739ecbcf9e91965",2026-09-18 22:40:02.648,2026-09-18 22:40:02.904,2026-09-18 22:40:02.904,2026-09-18
"1359","MG0FxS3Ihl","MOOSPMv3Parser",1789771200,0,0,2,0,0,2,2,0,0,2,206,117,47625,17,14,2,14,14,31,25,14,0,30,35,28,23,31.568,57,1,36.198723,-120.10437,83.792999,5,600,58,3,"e00fce686dc2ef0a68fa40b0",2026-09-18 22:40:02.828,2026-09-18 22:40:03.032,2026-09-18 22:40:03.032,2026-09-18
"1360","lk7p2nJWPn","MOOSPMv3Parser",1789771201,2,2,2,4,4,2,3,4,4,3,1205,182,62779,25,18,2,18,18,27,22,18,0,29,30,31,31,46.54,10,1,36.503071,-120.325386,46.764999,14,600,58,3,"e00fce68e77e43df92405fdb",2026-09-18 22:40:02.964,2026-09-18 22:40:03.19,2026-09-18 22:40:03.19,2026-09-18
"1361","l26KFgcmXF","MOOSPMv3Parser",1789771200,6,6,5,10,10,5,6,10,10,6,1369,370,247533,65,36,5,36,37,26,30,37,1,28,29,39,36,33.288,8,7,35.949581,-119.049934,112.538002,10,600,58,3,"e00fce6808784ceaf209f949",2026-09-18 22:40:03.227,2026-09-18 22:40:03.422,2026-09-18 22:40:03.422,2026-09-18
"1362","ukLCxgjoL0","MOOSPMv3Parser",1789771201,1,1,2,3,3,3,3,4,4,3,426,131,189088,26,18,4,19,19,0,0,19,1,30,32,28,28,24.964,88,13,36.433563,-119.923332,41.033001,6,600,58,3,"e00fce6876826e255108c6bd",2026-09-18 22:40:03.321,2026-09-18 22:40:03.554,2026-09-18 22:40:03.554,2026-09-18
"1363","XK36r1dmuQ","MOOSPMv3Parser",1789771201,1,1,0,3,3,0,0,3,3,0,550,152,219311,27,0,2,0,0,33,12,0,0,32,38,25,22,38.909,17,3277,1.1e-05,-0.00425,216.115005,9,600,58,3,"e00fce68e28dcbc9a589be10",2026-09-18 22:40:03.722,2026-09-18 22:40:03.915,2026-09-18 22:40:03.915,2026-09-18
"1364","IWraZoaHFq","MOOSPMv3Parser",1789771200,5,5,5,8,8,5,6,8,8,6,1421,298,147287,49,38,4,38,38,29,25,39,1,30,33,33,31,38.575,12,3,35.774933,-119.238434,85.789001,6,600,58,3,"e00fce68e88237db75a60608",2026-09-18 22:40:04.023,2026-09-18 22:40:04.268,2026-09-18 22:40:04.268,2026-09-18
"1365","6iiCWdGTF1","MOOSPMv3Parser",1789771201,2,2,3,3,3,3,3,3,3,3,615,142,307148,26,20,2,20,20,30,17,20,0,35,33,22,27,513.007,17,2,36.138969,-120.36824,183.182007,0,600,58,3,"e00fce6850cac69f647dc199",2026-09-18 22:40:06.106,2026-09-18 22:40:06.271,2026-09-18 22:40:06.271,2026-09-18
"1366","brpXkJS1cp","MOOSPMv3Parser",1789771201,4,4,4,6,6,4,4,6,6,4,866,235,110999,34,29,2,29,29,29,25,29,0,28,33,34,29,36.938,18,2,36.523296,-119.27877,91.814003,9,600,58,3,"e00fce68f12da1a0c5de6248",2026-09-18 22:40:07.633,2026-09-18 22:40:07.783,2026-09-18 22:40:07.783,2026-09-18
"1367","pdmyAZo7vH","MOOSPMv3Parser",1789771800,0,0,1,0,0,2,2,0,0,2,215,121,47634,16,11,1,11,11,31,24,11,0,30,35,26,22,31.835,37,1,36.198723,-120.10437,83.790001,0,600,58,3,"e00fce686dc2ef0a68fa40b0",2026-09-18 22:50:01.889,2026-09-18 22:50:02.091,2026-09-18 22:50:02.091,2026-09-18
"1368","Eweekqk32R","MOOSPMv3Parser",1789771800,1,1,2,3,3,3,3,3,3,3,440,134,189420,24,19,1,19,19,0,0,19,1,30,32,28,28,25.025,88,14,36.433563,-119.923332,41.033001,6,599,58,3,"e00fce6876826e255108c6bd",2026-09-18 22:50:02.367,2026-09-18 22:50:02.545,2026-09-18 22:50:02.545,2026-09-18
"1369","DEdMcaR1tA","MOOSPMv3Parser",1789771800,0,0,4,3,3,5,5,3,3,5,345,242,103205,45,32,6,33,33,31,28,33,1,30,34,33,29,29.378,9,4,35.963131,-119.291809,37.543999,7,600,58,3,"e00fce68d6b773b56ce8baa0",2026-09-18 22:50:02.572,2026-09-18 22:50:02.75,2026-09-18 22:50:02.75,2026-09-18
"1370","BHH5Qha3aB","MOOSPMv3Parser",1789771800,2,2,0,4,4,0,0,5,5,0,859,191,0,37,0,5,0,0,30,15,0,2,31,34,27,26,34.021,7,3,36.187519,-119.821846,40.848,7,600,58,3,"e00fce68e739ecbcf9e91965",2026-09-18 22:50:02.734,2026-09-18 22:50:02.891,2026-09-18 22:50:02.891,2026-09-18
"1371","WD0Mo341TP","MOOSPMv3Parser",1789771801,2,2,2,3,3,2,2,4,4,2,1094,163,62793,23,16,2,17,17,27,18,17,0,29,30,27,28,46.756,10,1,36.503128,-120.325363,53.368999,8,600,58,3,"e00fce68e77e43df92405fdb",2026-09-18 22:50:02.787,2026-09-18 22:50:02.974,2026-09-18 22:50:02.974,2026-09-18
"1372","GZxYrpxou0","MOOSPMv3Parser",1789771800,6,6,4,9,9,5,6,10,10,6,1290,348,247565,61,34,4,34,35,26,31,35,1,28,29,37,37,32.968,8,8,35.949528,-119.049911,115.083,10,600,58,3,"e00fce6808784ceaf209f949",2026-09-18 22:50:03.335,2026-09-18 22:50:03.532,2026-09-18 22:50:03.532,2026-09-18
"1373","12OtMU5Qcs","MOOSPMv3Parser",1789771801,1,1,0,2,2,0,0,2,2,0,515,141,219311,23,0,2,0,0,33,12,0,0,32,38,25,22,38.997,17,3277,1.1e-05,-0.00425,216.115005,9,600,58,3,"e00fce68e28dcbc9a589be10",2026-09-18 22:50:03.549,2026-09-18 22:50:03.745,2026-09-18 22:50:03.745,2026-09-18
"1374","spNR8DvAyz","MOOSPMv3Parser",1789771800,5,5,5,7,7,5,5,8,8,5,1431,289,147319,50,37,3,37,37,29,25,37,0,29,33,33,31,39.602,11,3,35.774971,-119.238434,80.268997,8,600,58,3,"e00fce68e88237db75a60608",2026-09-18 22:50:03.945,2026-09-18 22:50:04.12,2026-09-18 22:50:04.12,2026-09-18
"1375","Bg0BAuncNY","MOOSPMv3Parser",1789771801,2,2,3,3,3,3,3,3,3,3,589,139,307164,23,20,2,20,20,29,17,20,0,35,33,22,27,512.891,17,2,36.138966,-120.36821,191.052002,7,600,58,3,"e00fce6850cac69f647dc199",2026-09-18 22:50:05.149,2026-09-18 22:50:05.328,2026-09-18 22:50:05.328,2026-09-18
"1376","wyatGQgNaL","MOOSPMv3Parser",1789771801,4,4,4,6,6,4,4,6,6,4,868,238,111023,36,28,2,28,28,28,26,28,0,28,32,35,31,37.472,14,3,36.523045,-119.278786,64.834999,6,600,58,3,"e00fce68f12da1a0c5de6248",2026-09-18 22:50:07.048,2026-09-18 22:50:07.254,2026-09-18 22:50:07.254,2026-09-18
"1377","p4PUz1mVqs","MOOSPMv3Parser",1789772400,0,0,4,3,3,5,5,3,3,5,340,241,103232,44,32,6,33,33,31,28,33,1,30,33,32,30,30.368,10,4,35.9632,-119.291634,50.019001,7,600,58,3,"e00fce68d6b773b56ce8baa0",2026-09-18 23:00:02.174,2026-09-18 23:00:02.405,2026-09-18 23:00:02.405,2026-09-18
"1378","TFTSXHehjg","MOOSPMv3Parser",1789772400,0,0,2,0,0,2,2,0,0,2,216,124,47647,20,15,2,15,15,31,24,15,0,30,35,25,21,31.74,55,1,36.198746,-120.104233,88.619003,6,600,58,3,"e00fce686dc2ef0a68fa40b0",2026-09-18 23:00:02.291,2026-09-18 23:00:02.568,2026-09-18 23:00:02.568,2026-09-18
"1379","xebzYjCZhE","MOOSPMv3Parser",1789772400,2,2,3,3,3,3,3,4,4,3,471,143,189437,28,20,3,20,20,0,0,20,1,30,32,27,28,25.157,88,14,36.43364,-119.923309,24.908001,8,599,58,3,"e00fce6876826e255108c6bd",2026-09-18 23:00:02.452,2026-09-18 23:00:02.745,2026-09-18 23:00:02.745,2026-09-18
"1380","qgB8n9Pfjd","MOOSPMv3Parser",1789772400,3,3,0,7,7,0,0,8,8,0,1145,264,0,59,0,8,0,0,30,15,0,2,30,34,27,26,33.862,11,3,36.187592,-119.821938,41.799999,7,600,58,3,"e00fce68e739ecbcf9e91965",2026-09-18 23:00:02.647,2026-09-18 23:00:03.036,2026-09-18 23:00:03.036,2026-09-18
"1381","Jh0uU3Gx7B","MOOSPMv3Parser",1789772401,2,2,2,4,4,2,2,4,4,2,1160,182,62807,28,17,2,17,17,27,20,17,0,29,30,28,29,46.751,9,1,36.503139,-120.325386,51.081001,7,600,58,3,"e00fce68e77e43df92405fdb",2026-09-18 23:00:02.844,2026-09-18 23:00:03.144,2026-09-18 23:00:03.144,2026-09-18
"1382","7axVq9a6U1","MOOSPMv3Parser",1789772400,6,6,4,9,9,4,5,10,10,5,1253,338,247596,58,31,4,31,32,26,31,32,0,28,29,38,37,32.572,9,7,35.949574,-119.049904,116.190002,7,600,58,3,"e00fce6808784ceaf209f949",2026-09-18 23:00:03.195,2026-09-18 23:00:03.724,2026-09-18 23:00:03.724,2026-09-18
"1383","Dr2rjFDOGt","MOOSPMv3Parser",1789772401,1,1,0,2,2,0,0,3,3,0,529,147,219311,24,0,2,0,0,33,13,0,0,32,38,25,22,38.539,17,3277,1.1e-05,-0.00425,216.115005,9,600,58,3,"e00fce68e28dcbc9a589be10",2026-09-18 23:00:03.549,2026-09-18 23:00:03.934,2026-09-18 23:00:03.934,2026-09-18
"1384","dBBXiepNWO","MOOSPMv3Parser",1789772400,5,5,5,8,8,5,6,8,8,6,1438,292,147352,55,38,4,38,38,29,25,38,1,30,33,33,31,39.375,11,3,35.774879,-119.238686,64.487999,7,600,58,3,"e00fce68e88237db75a60608",2026-09-18 23:00:04.026,2026-09-18 23:00:04.225,2026-09-18 23:00:04.225,2026-09-18
"1385","9QYA04q097","MOOSPMv3Parser",1789772401,2,2,2,3,3,3,3,3,3,3,612,141,307180,23,19,2,19,19,29,17,19,0,35,32,22,27,512.943,19,2,36.138958,-120.368347,178.447006,5,600,58,3,"e00fce6850cac69f647dc199",2026-09-18 23:00:05.447,2026-09-18 23:00:05.722,2026-09-18 23:00:05.722,2026-09-18
"1386","8eXNYajGX5","MOOSPMv3Parser",1789772401,4,4,4,5,5,4,4,6,6,4,857,234,111049,37,29,2,30,30,28,27,30,0,28,32,35,31,37.83,11,4,36.523182,-119.278862,79.692001,8,600,58,3,"e00fce68f12da1a0c5de6248",2026-09-18 23:00:07.017,2026-09-18 23:00:07.19,2026-09-18 23:00:07.19,2026-09-18
"1387","ZnHZwNuIOB","MOOSPMv3Parser",1789773000,1,1,3,3,3,3,3,3,3,4,418,127,189455,24,21,3,22,22,0,0,22,1,30,32,27,28,25.034,88,13,36.433647,-119.923309,38.640999,8,599,58,3,"e00fce6876826e255108c6bd",2026-09-18 23:10:02.367,2026-09-18 23:10:02.564,2026-09-18 23:10:02.564,2026-09-18
"1388","ZzmcVp33wJ","MOOSPMv3Parser",1789773000,0,0,1,0,0,2,2,0,0,2,212,118,47656,15,11,1,11,11,31,24,11,0,30,35,26,22,32.01,39,1,36.198818,-120.104172,95.794998,6,600,58,3,"e00fce686dc2ef0a68fa40b0",2026-09-18 23:10:02.504,2026-09-18 23:10:02.687,2026-09-18 23:10:02.687,2026-09-18
"1389","oXnX9qBXW2","MOOSPMv3Parser",1789773000,0,0,4,3,3,4,5,3,3,5,340,240,103258,41,31,6,31,32,31,28,32,1,30,34,32,29,28.752,13,4,35.963165,-119.291786,44.056999,7,600,58,3,"e00fce68d6b773b56ce8baa0",2026-09-18 23:10:02.651,2026-09-18 23:10:02.827,2026-09-18 23:10:02.827,2026-09-18
"1390","EIVyf2H46f","MOOSPMv3Parser",1789773000,1,1,0,3,3,0,0,4,4,0,779,168,0,32,0,2,0,0,30,14,0,2,30,34,26,25,34.449,12,3,36.187534,-119.821983,31.033001,4,600,58,3,"e00fce68e739ecbcf9e91965",2026-09-18 23:10:02.726,2026-09-18 23:10:02.914,2026-09-18 23:10:02.914,2026-09-18
"1391","yLY5CGdz4f","MOOSPMv3Parser",1789773001,2,2,2,3,3,2,2,3,3,2,1092,158,62821,24,16,1,16,16,-10,-10,16,0,29,30,27,28,47.831,9,1,36.503132,-120.32534,48.400002,7,600,58,3,"e00fce68e77e43df92405fdb",2026-09-18 23:10:02.85,2026-09-18 23:10:03.037,2026-09-18 23:10:03.037,2026-09-18
"1392","4Q1y5DUChg","MOOSPMv3Parser",1789773000,6,6,4,9,9,5,5,9,9,5,1231,330,247626,59,32,5,32,33,26,31,33,0,27,29,40,38,33.221,8,7,35.949585,-119.049942,105.627998,8,600,58,3,"e00fce6808784ceaf209f949",2026-09-18 23:10:03.373,2026-09-18 23:10:03.596,2026-09-18 23:10:03.596,2026-09-18
"1393","LZGwLBSBAJ","MOOSPMv3Parser",1789773001,1,1,0,2,2,0,0,2,2,0,504,140,219311,23,0,1,0,0,33,12,0,0,32,38,24,21,38.61,19,3277,1.1e-05,-0.00425,216.115005,9,600,58,3,"e00fce68e28dcbc9a589be10",2026-09-18 23:10:03.469,2026-09-18 23:10:03.649,2026-09-18 23:10:03.649,2026-09-18
"1394","TOBl1kbCx2","MOOSPMv3Parser",1789773000,5,5,5,8,8,5,5,9,9,6,1503,310,147384,57,37,6,37,37,29,24,37,1,30,33,32,30,37.279,12,3,35.775093,-119.23848,75.719002,10,600,58,3,"e00fce68e88237db75a60608",2026-09-18 23:10:03.981,2026-09-18 23:10:04.137,2026-09-18 23:10:04.137,2026-09-18
"1395","cwqESxBNBx","MOOSPMv3Parser",1789773001,2,2,3,3,3,3,3,3,3,3,604,141,307196,21,20,2,20,20,29,17,20,0,34,32,22,28,512.999,16,2,36.138985,-120.368362,185.369995,5,600,58,3,"e00fce6850cac69f647dc199",2026-09-18 23:10:05.805,2026-09-18 23:10:05.962,2026-09-18 23:10:05.962,2026-09-18
"1396","z3b1FVJEAE","MOOSPMv3Parser",1789773001,4,4,4,5,5,4,4,6,6,4,826,226,111075,34,30,2,30,30,28,27,30,0,28,31,35,32,37.885,12,5,36.523357,-119.278755,69.844002,6,600,58,3,"e00fce68f12da1a0c5de6248",2026-09-18 23:10:07.069,2026-09-18 23:10:07.214,2026-09-18 23:10:07.214,2026-09-18
"1397","W4e9CuVwBf","MOOSPMv3Parser",1789773600,0,0,4,2,2,4,5,3,3,5,322,226,103456,41,31,5,31,31,31,27,31,1,30,34,32,29,29.643,12,3,35.963268,-119.291542,72.476997,8,599,58,3,"e00fce68d6b773b56ce8baa0",2026-09-18 23:20:02.332,2026-09-18 23:20:02.513,2026-09-18 23:20:02.513,2026-09-18
"1398","Gxe62T7z8t","MOOSPMv3Parser",1789773600,1,1,3,3,3,3,3,3,3,3,448,135,189471,22,20,3,20,20,0,0,20,1,30,32,27,28,25.175,88,13,36.433666,-119.923332,32.785999,6,599,58,3,"e00fce6876826e255108c6bd",2026-09-18 23:20:02.511,2026-09-18 23:20:02.675,2026-09-18 23:20:02.675,2026-09-18
"1399","W7iG3FwM37","MOOSPMv3Parser",1789773600,2,2,0,4,4,0,0,4,4,0,837,185,0,36,0,2,0,0,30,14,0,2,30,34,27,26,34.763,9,3,36.187496,-119.822006,19.886999,9,600,58,3,"e00fce68e739ecbcf9e91965",2026-09-18 23:20:02.655,2026-09-18 23:20:02.788,2026-09-18 23:20:02.788,2026-09-18
"1400","OUSTvTywiB","MOOSPMv3Parser",1789773600,0,0,1,0,0,1,1,0,0,1,184,96,47664,13,10,1,10,10,31,23,10,0,30,35,24,21,31.99,46,1,36.19883,-120.104347,76.911003,10,600,58,3,"e00fce686dc2ef0a68fa40b0",2026-09-18 23:20:02.826,2026-09-18 23:20:03.029,2026-09-18 23:20:03.029,2026-09-18
"1401","JIlYI95PUN","MOOSPMv3Parser",1789773601,2,2,2,3,3,2,2,4,4,2,1117,167,62834,24,15,2,15,15,27,20,15,0,29,30,27,29,48.567,7,1,36.503185,-120.325363,58.168999,6,600,58,3,"e00fce68e77e43df92405fdb",2026-09-18 23:20:02.995,2026-09-18 23:20:03.158,2026-09-18 23:20:03.158,2026-09-18
"1402","f3xLHjBolz","MOOSPMv3Parser",1789773600,6,6,5,9,9,5,6,10,10,6,1278,345,247660,60,37,4,37,37,26,32,37,1,27,29,38,37,33.342,8,8,35.949642,-119.049744,125.778999,7,600,58,3,"e00fce6808784ceaf209f949",2026-09-18 23:20:03.202,2026-09-18 23:20:03.407,2026-09-18 23:20:03.407,2026-09-18
"1403","4ndH8n3yII","MOOSPMv3Parser",1789773601,1,1,0,2,2,0,0,2,2,0,506,139,219311,22,0,2,0,0,33,13,0,0,32,37,26,23,39.028,21,3277,1.1e-05,-0.00425,216.115005,9,600,58,3,"e00fce68e28dcbc9a589be10",2026-09-18 23:20:03.716,2026-09-18 23:20:03.867,2026-09-18 23:20:03.867,2026-09-18
"1404","tASMPuo6N0","MOOSPMv3Parser",1789773600,5,5,5,7,7,5,5,8,8,5,1446,301,147415,49,36,3,36,36,29,24,36,1,29,33,33,31,40.095,11,3,35.775093,-119.23848,75.720001,0,600,58,3,"e00fce68e88237db75a60608",2026-09-18 23:20:03.956,2026-09-18 23:20:04.134,2026-09-18 23:20:04.134,2026-09-18
"1405","JwmU170Yqx","MOOSPMv3Parser",1789773601,2,2,2,3,3,3,3,3,3,3,589,137,307212,21,19,2,19,19,28,17,19,0,34,32,22,27,513.006,14,2,36.139091,-120.368271,184.048996,6,600,58,3,"e00fce6850cac69f647dc199",2026-09-18 23:20:06.013,2026-09-18 23:20:06.162,2026-09-18 23:20:06.162,2026-09-18
"1406","3Z1AwRGF4r","MOOSPMv3Parser",1789773601,4,4,4,5,5,4,4,6,6,4,841,229,111100,34,29,1,29,29,27,27,29,0,28,31,34,31,36.996,12,7,36.523384,-119.278831,81.384003,7,600,58,3,"e00fce68f12da1a0c5de6248",2026-09-18 23:20:07.088,2026-09-18 23:20:07.282,2026-09-18 23:20:07.282,2026-09-18
"1407","fiQYFQliuA","MOOSPMv3Parser",1789774200,0,0,1,0,0,1,1,0,0,2,184,95,47673,13,10,1,10,10,31,24,10,1,30,34,26,22,31.997,50,1,36.198841,-120.104332,79.219002,8,600,58,3,"e00fce686dc2ef0a68fa40b0",2026-09-18 23:30:01.866,2026-09-18 23:30:02.058,2026-09-18 23:30:02.058,2026-09-18
"1408","OMxU5u3enr","MOOSPMv3Parser",1789774200,0,0,4,2,2,4,5,3,3,5,331,233,103308,43,30,5,30,30,31,27,30,1,30,34,32,29,30.027,10,3,35.963135,-119.291794,10.261,8,600,58,3,"e00fce68d6b773b56ce8baa0",2026-09-18 23:30:02.499,2026-09-18 23:30:02.716,2026-09-18 23:30:02.716,2026-09-18
"1409","uW1zhZvo6K","MOOSPMv3Parser",1789774200,1,1,3,3,3,3,3,4,4,3,438,132,189487,24,20,4,20,20,0,0,20,1,30,32,27,28,25.45,89,14,36.433617,-119.923347,24.4,8,599,58,3,"e00fce6876826e255108c6bd",2026-09-18 23:30:02.605,2026-09-18 23:30:02.86,2026-09-18 23:30:02.86,2026-09-18
"1410","FomhfWCcLA","MOOSPMv3Parser",1789774200,2,2,0,3,3,0,0,4,4,0,821,178,0,31,0,3,0,0,30,14,0,2,30,33,26,25,34.137,9,3,36.187466,-119.821976,25.188,8,600,58,3,"e00fce68e739ecbcf9e91965",2026-09-18 23:30:02.725,2026-09-18 23:30:02.955,2026-09-18 23:30:02.955,2026-09-18
"1411","ZcH9RPlWcr","MOOSPMv3Parser",1789774201,2,2,2,4,4,3,3,4,4,3,1178,177,62850,26,18,2,18,19,-10,-10,19,0,29,30,29,31,47.974,7,1,36.503124,-120.325386,60.362999,8,600,58,3,"e00fce68e77e43df92405fdb",2026-09-18 23:30:02.931,2026-09-18 23:30:03.088,2026-09-18 23:30:03.088,2026-09-18
"1412","7bBpPAN1GW","MOOSPMv3Parser",1789774200,6,6,4,9,9,5,5,9,9,5,1245,338,247692,61,33,5,34,34,26,32,34,1,27,29,39,38,33.618,7,8,35.949722,-119.049942,109.563004,7,600,58,3,"e00fce6808784ceaf209f949",2026-09-18 23:30:03.219,2026-09-18 23:30:03.437,2026-09-18 23:30:03.437,2026-09-18
"1413","cuYEyuKddw","MOOSPMv3Parser",1789774201,1,1,0,2,2,0,0,2,2,0,506,138,219311,24,0,2,0,0,33,13,0,0,32,37,26,22,39.156,22,3277,1.1e-05,-0.00425,216.115005,9,600,58,3,"e00fce68e28dcbc9a589be10",2026-09-18 23:30:03.724,2026-09-18 23:30:03.927,2026-09-18 23:30:03.927,2026-09-18
"1414","cNPZzO9jWs","MOOSPMv3Parser",1789774200,5,5,5,8,8,5,5,8,8,5,1488,302,147448,51,37,3,37,37,29,25,37,1,30,32,32,31,38.007,13,3,35.775028,-119.23848,53.936001,8,600,58,3,"e00fce68e88237db75a60608",2026-09-18 23:30:04.026,2026-09-18 23:30:04.234,2026-09-18 23:30:04.234,2026-09-18
"1415","Q0AeNa7c1F","MOOSPMv3Parser",1789774201,2,2,2,3,3,2,3,3,3,3,597,138,307228,22,18,2,18,18,28,17,18,0,34,31,23,28,513.076,12,2,36.139038,-120.368347,181.591003,6,600,58,3,"e00fce6850cac69f647dc199",2026-09-18 23:30:05.057,2026-09-18 23:30:05.252,2026-09-18 23:30:05.252,2026-09-18
"1416","oVz5VSVohw","MOOSPMv3Parser",1789774201,4,4,4,5,5,4,4,5,5,4,812,225,111126,31,30,1,30,31,27,28,31,0,28,31,34,32,37.849,10,8,36.523281,-119.278717,57.073002,7,600,58,3,"e00fce68f12da1a0c5de6248",2026-09-18 23:30:07.086,2026-09-18 23:30:07.242,2026-09-18 23:30:07.242,2026-09-18
"1417","OIlVG4kBGO","MOOSPMv3Parser",1789774800,0,0,4,2,2,4,5,2,2,5,317,221,103333,38,30,4,30,30,31,27,30,1,30,34,31,28,30.04,10,3,35.9631,-119.291824,18.466999,6,600,58,3,"e00fce68d6b773b56ce8baa0",2026-09-18 23:40:02.187,2026-09-18 23:40:02.379,2026-09-18 23:40:02.379,2026-09-18
"1418","R4UtuirpVz","MOOSPMv3Parser",1789774800,0,0,1,0,0,1,2,0,0,2,196,105,47681,15,10,2,10,10,30,25,10,0,30,34,27,24,32.182,35,1,36.198898,-120.104385,83.949997,7,600,58,3,"e00fce686dc2ef0a68fa40b0",2026-09-18 23:40:02.438,2026-09-18 23:40:02.672,2026-09-18 23:40:02.672,2026-09-18
"1419","HsNWUilDCt","MOOSPMv3Parser",1789774800,2,2,2,3,3,3,3,4,4,3,478,143,189503,26,19,3,19,19,0,0,19,1,30,32,28,28,25.601,89,14,36.433598,-119.923355,31.006001,8,599,58,3,"e00fce6876826e255108c6bd",2026-09-18 23:40:02.518,2026-09-18 23:40:02.716,2026-09-18 23:40:02.716,2026-09-18
"1420","GoKjEHMxjg","MOOSPMv3Parser",1789774800,1,1,0,3,3,0,0,3,3,0,751,166,0,29,0,2,0,0,29,14,0,2,30,33,26,26,34.823,9,3,36.187431,-119.82196,24.740999,6,600,58,3,"e00fce68e739ecbcf9e91965",2026-09-18 23:40:02.817,2026-09-18 23:40:03.022,2026-09-18 23:40:03.022,2026-09-18
"1421","kf3jYNbM0X","MOOSPMv3Parser",1789774801,2,2,2,4,4,3,3,4,4,3,1198,183,62865,27,18,3,18,18,27,22,18,0,29,30,29,32,47.865,8,1,36.503136,-120.325363,47.652,8,600,58,3,"e00fce68e77e43df92405fdb",2026-09-18 23:40:03.002,2026-09-18 23:40:03.205,2026-09-18 23:40:03.205,2026-09-18
"1422","2ukq8vAfh3","MOOSPMv3Parser",1789774800,6,6,5,10,10,6,6,11,11,6,1338,367,247725,64,39,5,39,39,26,32,39,1,28,29,38,37,33.763,9,9,35.949722,-119.049942,109.559998,0,600,58,3,"e00fce6808784ceaf209f949",2026-09-18 23:40:03.24,2026-09-18 23:40:03.417,2026-09-18 23:40:03.417,2026-09-18
"1423","2nJ9rvbnmH","MOOSPMv3Parser",1789774801,1,1,0,2,2,0,0,2,2,0,488,134,219311,22,0,1,0,0,32,12,0,0,32,37,25,22,39.557,14,3277,1.1e-05,-0.00425,216.115005,9,600,58,3,"e00fce68e28dcbc9a589be10",2026-09-18 23:40:03.474,2026-09-18 23:40:03.717,2026-09-18 23:40:03.717,2026-09-18
"1424","au1BJ9t6ql","MOOSPMv3Parser",1789774800,5,5,5,8,8,5,5,8,8,5,1425,293,147479,51,36,5,36,36,29,25,36,1,29,33,33,31,39.095,12,3,35.775139,-119.238472,44.987,10,600,58,3,"e00fce68e88237db75a60608",2026-09-18 23:40:04.026,2026-09-18 23:40:04.263,2026-09-18 23:40:04.263,2026-09-18
"1425","YraqkC6BX4","MOOSPMv3Parser",1789774801,2,2,2,3,3,2,2,3,3,2,571,131,307244,23,17,2,17,17,28,17,17,0,34,31,22,28,513.181,12,2,36.139091,-120.368233,190.886002,8,600,58,3,"e00fce6850cac69f647dc199",2026-09-18 23:40:05.496,2026-09-18 23:40:05.712,2026-09-18 23:40:05.712,2026-09-18
"1426","BIjFhyz9YR","MOOSPMv3Parser",1789774801,3,3,4,5,5,4,4,5,5,4,824,224,111151,33,29,2,29,29,27,28,29,0,28,30,34,32,37.42,11,9,36.523281,-119.278717,57.077,0,600,58,3,"e00fce68f12da1a0c5de6248",2026-09-18 23:40:07.224,2026-09-18 23:40:07.41,2026-09-18 23:40:07.41,2026-09-18
"1427","ITlXAOVTI4","MOOSPMv3Parser",1789775400,0,0,2,0,0,2,2,0,0,2,203,113,47691,15,12,1,12,12,30,26,12,1,30,34,27,24,31.415,65,1,36.198807,-120.104492,61.530998,7,600,58,3,"e00fce686dc2ef0a68fa40b0",2026-09-18 23:50:02.537,2026-09-18 23:50:02.734,2026-09-18 23:50:02.734,2026-09-18
"1428","irBZM3Q87Z","MOOSPMv3Parser",1789775400,1,1,2,3,3,3,3,3,3,3,407,124,189520,25,19,2,20,20,0,0,20,1,30,32,27,28,25.762,89,15,36.433685,-119.923355,40.584,9,599,58,3,"e00fce6876826e255108c6bd",2026-09-18 23:50:02.607,2026-09-18 23:50:02.764,2026-09-18 23:50:02.764,2026-09-18
"1429","NmqiSJA7dW","MOOSPMv3Parser",1789775400,0,0,4,2,2,4,5,3,3,5,319,221,103357,42,29,6,30,30,31,27,30,1,30,34,31,28,29.777,11,3,35.963242,-119.291756,35.353001,8,600,58,3,"e00fce68d6b773b56ce8baa0",2026-09-18 23:50:02.73,2026-09-18 23:50:02.929,2026-09-18 23:50:02.929,2026-09-18
"1430","rjKekVSAK5","MOOSPMv3Parser",1789775401,2,2,2,4,4,3,3,4,4,3,1140,175,62881,26,19,2,19,19,27,21,19,0,29,30,29,31,47.846,9,1,36.503208,-120.325394,59.887001,6,600,58,3,"e00fce68e77e43df92405fdb",2026-09-18 23:50:02.834,2026-09-18 23:50:02.968,2026-09-18 23:50:02.968,2026-09-18
"1431","5S1xcTXKqM","MOOSPMv3Parser",1789775400,1,1,0,3,3,0,0,4,4,0,767,164,0,32,0,5,0,0,29,14,0,2,30,33,26,25,35.028,8,4,36.187511,-119.822052,7.258,7,600,58,3,"e00fce68e739ecbcf9e91965",2026-09-18 23:50:02.891,2026-09-18 23:50:03.142,2026-09-18 23:50:03.142,2026-09-18
"1432","i0zRMh5oHK","MOOSPMv3Parser",1789775400,6,6,4,9,9,5,5,9,9,5,1212,326,247753,59,32,4,32,32,26,31,32,1,28,29,38,37,33.59,9,9,35.949661,-119.049927,115.167,6,600,58,3,"e00fce6808784ceaf209f949",2026-09-18 23:50:03.151,2026-09-18 23:50:03.305,2026-09-18 23:50:03.305,2026-09-18
"1433","yyeyXRGLM2","MOOSPMv3Parser",1789775401,1,1,0,2,2,0,0,2,2,0,488,134,219311,20,0,1,0,0,32,13,0,0,32,36,26,23,39.555,9,3277,1.1e-05,-0.00425,216.115005,9,600,58,3,"e00fce68e28dcbc9a589be10",2026-09-18 23:50:03.571,2026-09-18 23:50:03.759,2026-09-18 23:50:03.759,2026-09-18
"1434","8sH4IBF2JQ","MOOSPMv3Parser",1789775400,5,5,4,7,7,5,5,8,8,5,1379,283,147509,47,34,3,35,35,29,24,35,1,30,33,32,30,40.71,11,3,35.774967,-119.238556,67.059998,9,600,58,3,"e00fce68e88237db75a60608",2026-09-18 23:50:04.025,2026-09-18 23:50:04.197,2026-09-18 23:50:04.197,2026-09-18
"1435","VarD6GTNzv","MOOSPMv3Parser",1789775401,2,2,2,3,3,3,3,3,3,3,583,133,307261,23,18,1,19,19,27,18,19,0,34,31,22,28,513.17,12,2,36.138943,-120.368423,144.022003,8,600,58,3,"e00fce6850cac69f647dc199",2026-09-18 23:50:05.956,2026-09-18 23:50:06.114,2026-09-18 23:50:06.114,2026-09-18
"1436","CprBWvT9cL","MOOSPMv3Parser",1789775401,3,3,4,5,5,4,4,5,5,4,781,214,111177,35,29,2,30,30,27,28,30,0,28,30,34,32,38.025,11,10,36.52338,-119.278793,73.222,8,600,58,3,"e00fce68f12da1a0c5de6248",2026-09-18 23:50:15.656,2026-09-18 23:50:15.935,2026-09-18 23:50:15.935,2026-09-18
