"","objectId","event","unixtime","m_PM1_CF1","m_PM1_ATM","m_PM1_b","m_PM25_CF1","m_PM25_ATM","m_PM25_b","m_PM4_b","m_PM10_CF1","m_PM10_ATM","m_PM10_b","n_PM03_P","n_PM05_P","n_PM05_b","n_PM1_P","n_PM1_b","n_PM25_P","n_PM25_b","n_PM4_b","tempC_pms","rh_pms","n_PM10_b","typ_size_b","temp_C","tempC_sen5x","rh","rh_sen5x","o3","vocIdx","noxIdx","lat","lon","alt","sats","counter","moos","ver","coreid","published_at","createdAt","updatedAt","date"
"1","PXw3M8FXkt","MOOSPMv3Parser",1788998400,0,0,1,0,0,2,2,0,0,2,181,88,30310,8,8,1,8,8,36,23,8,1,40,42,21,21,31.434,85,1,36.19878,-120.104378,76.508003,9,600,58,3,"e00fce686dc2ef0a68fa40b0",2026-09-10 00:00:02.289,2026-09-10 00:00:02.538,2026-09-10 00:00:02.538,2026-09-10
"2","FEO8ikG2iu","MOOSPMv3Parser",1788998400,5,5,2,6,6,3,4,6,6,5,1248,295,206747,32,16,2,17,17,34,18,17,1,38,39,27,28,42.105,5,1,35.949497,-119.050049,103.383003,5,600,58,3,"e00fce6808784ceaf209f949",2026-09-10 00:00:02.984,2026-09-10 00:00:03.192,2026-09-10 00:00:03.192,2026-09-10
"3","R4AdUBAcnq","MOOSPMv3Parser",1788998400,0,0,2,0,0,3,3,0,0,4,296,195,58862,23,15,3,16,16,39,22,16,1,40,44,24,23,39.615,22,1,35.963184,-119.291603,73.433998,7,600,58,3,"e00fce68d6b773b56ce8baa0",2026-09-10 00:00:02.917,2026-09-10 00:00:03.345,2026-09-10 00:00:03.345,2026-09-10
"4","enOJ49beWc","MOOSPMv3Parser",1788998401,4,4,2,5,5,2,3,5,5,3,1069,285,64386,26,15,1,15,15,34,23,15,1,38,39,26,28,47.089,24,4,36.523373,-119.278786,82.528999,9,600,58,3,"e00fce68f12da1a0c5de6248",2026-09-10 00:00:03.317,2026-09-10 00:00:03.711,2026-09-10 00:00:03.711,2026-09-10
"5","czTvrad0pV","MOOSPMv3Parser",1788998401,1,1,1,2,2,1,1,2,2,2,1162,120,37105,10,6,1,6,7,35,14,7,1,39,40,21,24,44.287,229,1,36.503132,-120.325226,71.103996,5,600,58,3,"e00fce68e77e43df92405fdb",2026-09-10 00:00:03.326,2026-09-10 00:00:03.725,2026-09-10 00:00:03.725,2026-09-10
"6","ostBby9SEy","MOOSPMv3Parser",1788998401,3,3,0,4,4,0,0,5,5,0,1221,230,0,30,0,4,0,0,37,11,0,2,40,42,22,22,41.633,43,1,36.187523,-119.821968,34.210999,5,600,58,3,"e00fce68e739ecbcf9e91965",2026-09-10 00:00:03.777,2026-09-10 00:00:03.976,2026-09-10 00:00:03.976,2026-09-10
"7","Z0gbTHZbbj","MOOSPMv3Parser",1788998401,0,0,1,1,1,2,2,1,1,2,497,123,180832,13,10,1,11,11,39,11,11,1,42,45,20,19,39.113,205,3277,3e-05,-0.004183,1295.052002,7,600,58,3,"e00fce68e28dcbc9a589be10",2026-09-10 00:00:03.776,2026-09-10 00:00:04.042,2026-09-10 00:00:04.042,2026-09-10
"8","n7eSNMYMVL","MOOSPMv3Parser",1788998400,3,3,2,5,5,3,3,5,5,3,1805,265,103789,26,16,2,16,17,36,16,17,1,40,41,23,24,48.831,23,1,35.775097,-119.238487,63.164001,8,600,58,3,"e00fce68e88237db75a60608",2026-09-10 00:00:04.142,2026-09-10 00:00:04.358,2026-09-10 00:00:04.358,2026-09-10
"9","c1RWWLsyxB","MOOSPMv3Parser",1788998401,0,0,1,1,1,1,2,1,1,2,495,93,277100,11,8,0,8,8,35,10,8,1,44,41,16,21,512.677,91,1,36.139168,-120.368301,180.479004,6,600,58,3,"e00fce6850cac69f647dc199",2026-09-10 00:00:04.833,2026-09-10 00:00:05.04,2026-09-10 00:00:05.04,2026-09-10
"10","GBFXcbY6X5","MOOSPMv3Parser",1788998400,1,1,2,2,2,3,4,3,3,4,473,140,152323,17,11,3,12,12,0,0,12,1,39,41,22,23,25.83,87,1,36.433586,-119.923386,31.1,7,600,58,3,"e00fce6876826e255108c6bd",2026-09-10 00:00:05.227,2026-09-10 00:00:05.402,2026-09-10 00:00:05.402,2026-09-10
"11","hDKYO5cCHF","MOOSPMv3Parser",1788999000,0,0,1,0,0,2,2,0,0,3,177,88,30318,9,10,1,11,11,36,23,11,1,39,41,21,21,31.414,74,1,36.198818,-120.104424,75.176003,10,600,58,3,"e00fce686dc2ef0a68fa40b0",2026-09-10 00:10:02.706,2026-09-10 00:10:02.906,2026-09-10 00:10:02.906,2026-09-10
"12","JR4YSokNkv","MOOSPMv3Parser",1788999000,4,4,2,6,6,3,4,6,6,5,1177,291,206758,30,16,2,17,17,34,18,17,1,38,39,27,28,42.515,5,2,35.949608,-119.049911,131.444,6,600,58,3,"e00fce6808784ceaf209f949",2026-09-10 00:10:03.066,2026-09-10 00:10:03.242,2026-09-10 00:10:03.242,2026-09-10
"13","mowSMtRviz","MOOSPMv3Parser",1788999001,1,1,1,1,1,1,1,2,2,2,1140,111,37110,10,6,1,6,7,35,13,7,1,38,40,22,23,45.648,212,1,36.503159,-120.325363,54.189999,5,600,58,3,"e00fce68e77e43df92405fdb",2026-09-10 00:10:03.238,2026-09-10 00:10:03.397,2026-09-10 00:10:03.397,2026-09-10
"14","h93E7gdwhg","MOOSPMv3Parser",1788999001,4,4,2,5,5,3,3,5,5,3,1063,277,64399,23,16,1,16,17,34,22,17,1,38,39,26,27,48.3,19,4,36.523293,-119.278839,94.376999,7,600,58,3,"e00fce68f12da1a0c5de6248",2026-09-10 00:10:03.29,2026-09-10 00:10:03.494,2026-09-10 00:10:03.494,2026-09-10
"15","oj8j2xrnn3","MOOSPMv3Parser",1788999000,0,0,2,0,0,3,4,0,0,4,285,181,58875,23,16,3,17,17,39,22,17,1,40,43,23,23,39.22,15,2,35.963184,-119.291603,73.438004,0,600,58,3,"e00fce68d6b773b56ce8baa0",2026-09-10 00:10:03.392,2026-09-10 00:10:03.565,2026-09-10 00:10:03.565,2026-09-10
"16","cCEXyAwgqK","MOOSPMv3Parser",1788999000,3,3,2,4,4,3,3,4,4,3,1660,237,103801,22,15,2,15,15,36,17,16,1,40,41,23,25,44.695,30,1,35.775093,-119.238503,73.596001,6,600,58,3,"e00fce68e88237db75a60608",2026-09-10 00:10:03.711,2026-09-10 00:10:03.861,2026-09-10 00:10:03.861,2026-09-10
"17","eIO6jW7MgD","MOOSPMv3Parser",1788999001,2,2,0,4,4,0,0,4,4,0,1138,214,0,29,0,3,0,0,37,11,0,2,40,42,22,23,41.197,36,1,36.18745,-119.822128,12.621,6,600,58,3,"e00fce68e739ecbcf9e91965",2026-09-10 00:10:03.849,2026-09-10 00:10:04.006,2026-09-10 00:10:04.006,2026-09-10
"18","sjB41c33u1","MOOSPMv3Parser",1788999001,0,0,1,0,0,1,1,1,1,2,471,90,277101,10,8,1,8,8,35,11,8,1,43,40,17,22,512.702,72,1,36.138802,-120.368446,167.942001,6,600,58,3,"e00fce6850cac69f647dc199",2026-09-10 00:10:03.869,2026-09-10 00:10:04.053,2026-09-10 00:10:04.053,2026-09-10
"19","TYDbDDsJZz","MOOSPMv3Parser",1788999001,0,0,1,1,1,2,2,1,1,2,465,116,180840,12,10,1,10,10,38,11,10,1,41,45,21,20,38.941,189,3277,3e-05,-0.004183,1295.052002,7,600,58,3,"e00fce68e28dcbc9a589be10",2026-09-10 00:10:04.023,2026-09-10 00:10:04.273,2026-09-10 00:10:04.273,2026-09-10
"20","cu89Sry6Zy","MOOSPMv3Parser",1788999000,1,1,2,2,2,3,4,3,3,4,419,122,152331,20,11,3,12,13,0,0,13,1,39,41,22,24,25.706,87,1,36.433605,-119.923363,42.104,7,600,58,3,"e00fce6876826e255108c6bd",2026-09-10 00:10:05.23,2026-09-10 00:10:05.4,2026-09-10 00:10:05.4,2026-09-10
"21","pADK0vR4PF","MOOSPMv3Parser",1788999600,0,0,1,0,0,2,2,0,0,2,171,80,30324,7,8,1,8,9,36,23,9,1,39,41,22,21,32.157,60,1,36.198784,-120.104439,63.852001,9,600,58,3,"e00fce686dc2ef0a68fa40b0",2026-09-10 00:20:02.551,2026-09-10 00:20:02.784,2026-09-10 00:20:02.784,2026-09-10
"22","GIoOFYNO9N","MOOSPMv3Parser",1788999600,4,4,2,5,5,3,4,6,6,4,1056,260,206768,30,14,2,15,15,34,18,15,1,38,39,27,28,40.943,6,2,35.94952,-119.049934,120.077003,9,600,58,3,"e00fce6808784ceaf209f949",2026-09-10 00:20:02.982,2026-09-10 00:20:03.15,2026-09-10 00:20:03.15,2026-09-10
"23","iyxPbsLjNv","MOOSPMv3Parser",1788999601,1,1,1,2,2,1,1,2,2,2,1167,123,37115,9,6,1,6,7,35,14,7,1,38,40,22,24,46.343,182,1,36.503159,-120.325363,54.193001,0,600,58,3,"e00fce68e77e43df92405fdb",2026-09-10 00:20:03.066,2026-09-10 00:20:03.203,2026-09-10 00:20:03.203,2026-09-10
"24","Z3V3IIiaUJ","MOOSPMv3Parser",1788999600,0,0,2,0,0,3,3,0,0,3,272,174,58885,21,13,3,14,14,39,22,14,1,40,43,23,23,37.763,23,2,35.963089,-119.291756,48.560001,5,600,58,3,"e00fce68d6b773b56ce8baa0",2026-09-10 00:20:03.071,2026-09-10 00:20:03.233,2026-09-10 00:20:03.233,2026-09-10
"25","ILEbwQf3Y5","MOOSPMv3Parser",1788999601,5,5,2,6,6,3,3,6,6,3,1081,287,64413,24,16,1,16,17,34,23,17,1,38,39,26,28,47.922,22,5,36.5233,-119.278847,85.157997,7,600,58,3,"e00fce68f12da1a0c5de6248",2026-09-10 00:20:03.449,2026-09-10 00:20:03.631,2026-09-10 00:20:03.631,2026-09-10
"26","cYwnavWRKE","MOOSPMv3Parser",1788999600,3,3,2,4,4,2,3,4,4,3,1649,224,103813,20,14,1,15,15,36,17,15,1,40,41,24,25,43.407,44,1,35.774998,-119.238564,74.333,11,600,58,3,"e00fce68e88237db75a60608",2026-09-10 00:20:03.7,2026-09-10 00:20:03.881,2026-09-10 00:20:03.881,2026-09-10
"27","oZi7gOycZL","MOOSPMv3Parser",1788999601,2,2,0,4,4,0,0,4,4,0,1092,203,0,26,0,2,0,0,36,12,0,2,40,42,23,23,40.695,37,1,36.187481,-119.822174,13.279,7,600,58,3,"e00fce68e739ecbcf9e91965",2026-09-10 00:20:03.878,2026-09-10 00:20:04.03,2026-09-10 00:20:04.03,2026-09-10
"28","7F7qKAf9b1","MOOSPMv3Parser",1788999601,0,0,1,1,1,1,2,1,1,2,467,118,180849,14,10,1,10,10,38,12,10,1,41,44,21,20,37.715,186,3277,3e-05,-0.004183,1295.052002,7,600,58,3,"e00fce68e28dcbc9a589be10",2026-09-10 00:20:04.011,2026-09-10 00:20:04.177,2026-09-10 00:20:04.177,2026-09-10
"29","ybFZx3AeLC","MOOSPMv3Parser",1788999601,0,0,1,0,0,1,1,1,1,2,501,91,277103,10,8,1,8,8,35,11,8,1,44,40,16,22,512.661,76,1,36.138985,-120.368446,163.197006,9,600,58,3,"e00fce6850cac69f647dc199",2026-09-10 00:20:04.113,2026-09-10 00:20:04.333,2026-09-10 00:20:04.333,2026-09-10
"30","mSL4lWrgGx","MOOSPMv3Parser",1788999600,1,1,1,2,2,2,3,3,3,4,412,119,152340,17,11,2,12,12,0,0,12,1,39,41,22,24,25.03,87,1,36.433502,-119.92337,19.231001,10,600,58,3,"e00fce6876826e255108c6bd",2026-09-10 00:20:05.211,2026-09-10 00:20:05.37,2026-09-10 00:20:05.37,2026-09-10
"31","P4Av2QwljO","MOOSPMv3Parser",1789000200,0,0,1,0,0,1,2,0,0,2,170,80,30330,7,8,1,8,8,35,24,8,1,39,40,22,22,31.688,57,1,36.19883,-120.104401,89.487,9,600,58,3,"e00fce686dc2ef0a68fa40b0",2026-09-10 00:30:02.718,2026-09-10 00:30:02.914,2026-09-10 00:30:02.914,2026-09-10
"32","KooMBNvmfP","MOOSPMv3Parser",1789000201,1,1,1,1,1,1,1,1,1,2,1126,113,37119,8,6,0,6,6,35,14,6,1,38,40,23,25,44.642,200,1,36.503189,-120.325394,63.728001,9,600,58,3,"e00fce68e77e43df92405fdb",2026-09-10 00:30:03.165,2026-09-10 00:30:03.325,2026-09-10 00:30:03.325,2026-09-10
"33","ZkypUc4jGQ","MOOSPMv3Parser",1789000200,3,3,2,4,4,3,3,5,5,4,925,228,206777,23,13,2,13,14,34,19,14,1,38,39,27,28,37.9,11,2,35.949512,-119.049957,111.723999,9,600,58,3,"e00fce6808784ceaf209f949",2026-09-10 00:30:03.168,2026-09-10 00:30:03.346,2026-09-10 00:30:03.346,2026-09-10
"34","on1n2eRAHd","MOOSPMv3Parser",1789000200,0,0,2,0,0,4,5,1,1,5,275,177,58899,22,17,3,19,19,38,22,19,1,40,43,23,23,36.729,18,2,35.9632,-119.291786,54.347,9,600,58,3,"e00fce68d6b773b56ce8baa0",2026-09-10 00:30:03.162,2026-09-10 00:30:03.359,2026-09-10 00:30:03.359,2026-09-10
"35","dnYybCoaEf","MOOSPMv3Parser",1789000201,5,5,2,6,6,3,3,6,6,3,1068,281,64426,24,16,1,16,17,33,24,17,1,38,38,27,29,47.96,26,5,36.523342,-119.278709,89.599998,7,600,58,3,"e00fce68f12da1a0c5de6248",2026-09-10 00:30:03.303,2026-09-10 00:30:03.496,2026-09-10 00:30:03.496,2026-09-10
"36","vyHJbfc1Gw","MOOSPMv3Parser",1789000200,3,3,2,4,4,3,3,4,4,3,1692,239,103826,20,15,1,16,16,36,17,16,1,40,41,23,25,44.494,47,1,35.77512,-119.238503,75.237999,11,600,58,3,"e00fce68e88237db75a60608",2026-09-10 00:30:03.859,2026-09-10 00:30:03.985,2026-09-10 00:30:03.985,2026-09-10
"37","eTzV5i5jRW","MOOSPMv3Parser",1789000201,0,0,1,1,1,2,2,1,1,2,438,114,180857,14,10,1,10,10,38,12,10,1,41,44,21,21,37.046,176,3277,3e-05,-0.004183,1295.052002,7,600,58,3,"e00fce68e28dcbc9a589be10",2026-09-10 00:30:03.834,2026-09-10 00:30:04.013,2026-09-10 00:30:04.013,2026-09-10
"38","SRUFfWSS4F","MOOSPMv3Parser",1789000201,2,2,0,4,4,0,0,4,4,0,1069,198,0,25,0,3,0,0,36,11,0,2,40,42,22,23,39.669,49,1,36.187481,-119.822174,13.284,0,600,58,3,"e00fce68e739ecbcf9e91965",2026-09-10 00:30:04.01,2026-09-10 00:30:04.192,2026-09-10 00:30:04.192,2026-09-10
"39","Nj4e8MpTzm","MOOSPMv3Parser",1789000201,0,0,1,1,1,1,2,1,1,2,500,100,277104,12,8,1,8,8,35,11,8,1,43,40,16,22,512.691,62,1,36.139019,-120.368439,174.854996,11,600,58,3,"e00fce6850cac69f647dc199",2026-09-10 00:30:04.446,2026-09-10 00:30:04.624,2026-09-10 00:30:04.624,2026-09-10
"40","3wWBfBx9Tm","MOOSPMv3Parser",1789000200,1,1,1,2,2,2,3,3,3,3,400,117,152348,16,10,3,11,11,0,0,12,1,39,41,23,25,24.82,87,1,36.433598,-119.923309,30.069,8,600,58,3,"e00fce6876826e255108c6bd",2026-09-10 00:30:05.23,2026-09-10 00:30:05.387,2026-09-10 00:30:05.387,2026-09-10
"41","oE0AGYgV4E","MOOSPMv3Parser",1789000800,0,0,1,0,0,1,2,0,0,2,172,80,30336,7,7,1,8,8,35,24,8,1,38,40,22,22,29.903,54,1,36.19875,-120.104408,63.939999,9,600,58,3,"e00fce686dc2ef0a68fa40b0",2026-09-10 00:40:02.941,2026-09-10 00:40:03.141,2026-09-10 00:40:03.141,2026-09-10
"42","dXu9GJIzyd","MOOSPMv3Parser",1789000800,3,3,2,5,5,2,3,5,5,3,956,236,206785,28,13,2,13,14,34,19,14,1,38,39,27,28,38.382,14,1,35.949627,-119.049911,128.703995,7,600,58,3,"e00fce6808784ceaf209f949",2026-09-10 00:40:03.064,2026-09-10 00:40:03.237,2026-09-10 00:40:03.237,2026-09-10
"43","13gXj5nr8L","MOOSPMv3Parser",1789000800,0,0,2,0,0,4,5,0,0,5,275,178,58909,22,14,3,16,16,38,23,16,1,40,43,24,24,31.331,54,1,35.963173,-119.291832,48.437,12,600,58,3,"e00fce68d6b773b56ce8baa0",2026-09-10 00:40:03.113,2026-09-10 00:40:03.283,2026-09-10 00:40:03.283,2026-09-10
"44","rGbECfg3n7","MOOSPMv3Parser",1789000801,5,5,2,6,6,3,3,6,6,3,1115,295,64439,25,16,1,17,17,33,24,17,1,38,38,27,29,48.393,26,5,36.523434,-119.278763,90.188004,8,600,58,3,"e00fce68f12da1a0c5de6248",2026-09-10 00:40:03.281,2026-09-10 00:40:03.438,2026-09-10 00:40:03.438,2026-09-10
"45","NCk3RAlkCN","MOOSPMv3Parser",1789000801,1,1,1,1,1,1,1,1,1,1,1033,100,37124,9,6,1,6,6,35,15,6,1,38,39,24,25,42.186,214,1,36.503098,-120.325401,39.775002,8,600,58,3,"e00fce68e77e43df92405fdb",2026-09-10 00:40:03.306,2026-09-10 00:40:03.494,2026-09-10 00:40:03.494,2026-09-10
"46","JIzjo8Lgdf","MOOSPMv3Parser",1789000800,3,3,2,4,4,3,3,4,4,3,1682,229,103838,23,15,2,16,16,36,17,16,1,39,41,23,25,44.276,41,1,35.775047,-119.238548,70.098999,12,600,58,3,"e00fce68e88237db75a60608",2026-09-10 00:40:03.699,2026-09-10 00:40:03.851,2026-09-10 00:40:03.851,2026-09-10
"47","9KM5K4HDE7","MOOSPMv3Parser",1789000801,0,0,1,1,1,2,2,1,1,2,427,112,180866,12,10,1,10,10,37,12,10,1,41,43,21,21,36.701,172,3277,3e-05,-0.004183,1295.052002,7,600,58,3,"e00fce68e28dcbc9a589be10",2026-09-10 00:40:03.777,2026-09-10 00:40:04.158,2026-09-10 00:40:04.158,2026-09-10
"48","QGvT1qUNQB","MOOSPMv3Parser",1789000801,2,2,0,4,4,0,0,4,4,0,1095,200,0,28,0,3,0,0,36,12,0,2,39,42,22,23,39.257,48,1,36.187485,-119.82209,21.909,6,600,58,3,"e00fce68e739ecbcf9e91965",2026-09-10 00:40:04.022,2026-09-10 00:40:04.189,2026-09-10 00:40:04.189,2026-09-10
"49","5EBRqSRloY","MOOSPMv3Parser",1789000801,0,0,1,1,1,2,2,1,1,2,550,112,277113,16,10,1,10,10,34,11,10,1,42,40,17,22,512.723,50,1,36.139015,-120.368408,175.283005,10,600,58,3,"e00fce6850cac69f647dc199",2026-09-10 00:40:04.992,2026-09-10 00:40:05.156,2026-09-10 00:40:05.156,2026-09-10
"50","qzofOLeDdl","MOOSPMv3Parser",1789000800,1,1,2,2,2,3,4,3,3,4,396,115,152356,17,11,3,12,12,0,0,12,1,39,40,23,25,24.425,87,1,36.43343,-119.923309,15.982,7,600,58,3,"e00fce6876826e255108c6bd",2026-09-10 00:40:05.238,2026-09-10 00:40:05.427,2026-09-10 00:40:05.427,2026-09-10
"51","p4BO2mDGNy","MOOSPMv3Parser",1789001400,0,0,1,0,0,1,2,0,0,2,172,81,30342,7,8,1,8,8,35,24,8,1,38,40,22,22,29.321,60,1,36.198822,-120.104378,72.582001,8,600,58,3,"e00fce686dc2ef0a68fa40b0",2026-09-10 00:50:02.466,2026-09-10 00:50:02.636,2026-09-10 00:50:02.636,2026-09-10
"52","vBBW39hru9","MOOSPMv3Parser",1789001400,3,3,2,4,4,3,4,5,5,4,913,229,206796,21,14,2,15,15,34,18,15,1,38,39,27,28,37.588,20,1,35.94949,-119.049911,121.276001,7,600,58,3,"e00fce6808784ceaf209f949",2026-09-10 00:50:03.067,2026-09-10 00:50:03.226,2026-09-10 00:50:03.226,2026-09-10
"53","vtRer8IazA","MOOSPMv3Parser",1789001400,0,0,2,0,0,3,4,1,1,4,262,166,58919,20,13,3,15,15,38,23,15,1,40,42,24,24,31.3,65,1,35.963192,-119.291855,37.801998,11,600,58,3,"e00fce68d6b773b56ce8baa0",2026-09-10 00:50:03.162,2026-09-10 00:50:03.333,2026-09-10 00:50:03.333,2026-09-10
"54","8sRHeeNvVB","MOOSPMv3Parser",1789001401,1,1,1,2,2,1,1,2,2,1,1078,107,37129,10,6,1,6,6,34,16,6,1,38,39,24,26,40.878,242,1,36.502876,-120.325417,17.945,8,600,58,3,"e00fce68e77e43df92405fdb",2026-09-10 00:50:03.207,2026-09-10 00:50:03.341,2026-09-10 00:50:03.341,2026-09-10
"55","wtV8S5wzZW","MOOSPMv3Parser",1789001401,5,5,2,6,6,3,3,6,6,3,1086,287,64452,24,15,1,16,16,33,24,16,1,38,38,27,29,46.494,49,5,36.523323,-119.278809,87.198997,7,600,58,3,"e00fce68f12da1a0c5de6248",2026-09-10 00:50:03.483,2026-09-10 00:50:03.633,2026-09-10 00:50:03.633,2026-09-10
"56","SpiZRHLVLg","MOOSPMv3Parser",1789001401,0,0,1,1,1,1,2,1,1,2,430,108,180874,12,9,1,9,9,37,13,9,1,41,43,21,21,36.873,157,3277,3e-05,-0.004183,1295.052002,7,600,58,3,"e00fce68e28dcbc9a589be10",2026-09-10 00:50:03.856,2026-09-10 00:50:04.024,2026-09-10 00:50:04.024,2026-09-10
"57","KmFnQYLJpD","MOOSPMv3Parser",1789001400,2,2,2,4,4,3,3,4,4,4,1626,219,103851,22,15,2,16,16,35,17,16,1,39,40,24,25,45.368,30,1,35.77499,-119.238571,74.334999,9,600,58,3,"e00fce68e88237db75a60608",2026-09-10 00:50:03.883,2026-09-10 00:50:04.047,2026-09-10 00:50:04.047,2026-09-10
"58","kRBQAwqFQG","MOOSPMv3Parser",1789001401,2,2,0,4,4,0,0,4,4,0,1070,202,0,28,0,3,0,0,36,12,0,2,39,41,23,24,39.039,47,1,36.18742,-119.821983,24.85,8,600,58,3,"e00fce68e739ecbcf9e91965",2026-09-10 00:50:03.933,2026-09-10 00:50:04.129,2026-09-10 00:50:04.129,2026-09-10
"59","3TlazE2pxB","MOOSPMv3Parser",1789001401,0,0,1,0,0,1,1,0,0,2,474,92,277118,9,9,0,9,9,34,11,9,0,42,39,18,22,512.758,44,1,36.138981,-120.36834,174.483002,6,600,58,3,"e00fce6850cac69f647dc199",2026-09-10 00:50:04.036,2026-09-10 00:50:04.217,2026-09-10 00:50:04.217,2026-09-10
"60","wOWqAJVDoQ","MOOSPMv3Parser",1789001400,1,1,2,2,2,3,4,3,3,5,371,108,152364,16,12,3,13,13,0,0,13,1,39,40,24,26,24.088,87,1,36.433632,-119.923347,31.945999,10,600,58,3,"e00fce6876826e255108c6bd",2026-09-10 00:50:05.168,2026-09-10 00:50:05.366,2026-09-10 00:50:05.366,2026-09-10
"61","Rbwl9DQanj","MOOSPMv3Parser",1789002000,3,3,2,5,5,3,4,5,5,4,932,236,206805,24,13,2,14,14,34,18,14,1,37,39,27,28,40.126,14,1,35.94949,-119.049911,121.277,0,600,58,3,"e00fce6808784ceaf209f949",2026-09-10 01:00:03.063,2026-09-10 01:00:03.313,2026-09-10 01:00:03.313,2026-09-10
"62","5paff28OH2","MOOSPMv3Parser",1789002000,0,0,2,0,0,3,4,0,0,4,247,157,58929,20,14,3,15,15,38,24,15,1,40,42,25,25,32.896,43,1,35.963116,-119.291847,38.646,9,600,58,3,"e00fce68d6b773b56ce8baa0",2026-09-10 01:00:03.077,2026-09-10 01:00:03.352,2026-09-10 01:00:03.352,2026-09-10
"63","XGBR8SKHZD","MOOSPMv3Parser",1789002001,4,4,2,5,5,3,3,6,6,3,1057,280,64466,22,16,1,17,17,33,24,17,1,37,38,27,29,44.131,69,4,36.523399,-119.27877,81.323997,7,600,58,3,"e00fce68f12da1a0c5de6248",2026-09-10 01:00:03.399,2026-09-10 01:00:03.618,2026-09-10 01:00:03.618,2026-09-10
"64","pDqxoNcbE6","MOOSPMv3Parser",1789002001,1,1,1,1,1,1,1,2,2,1,1091,106,37134,9,6,1,6,6,-10,-10,6,1,38,39,23,25,43.524,211,1,36.503075,-120.325394,30.540001,7,600,58,3,"e00fce68e77e43df92405fdb",2026-09-10 01:00:03.307,2026-09-10 01:00:03.651,2026-09-10 01:00:03.651,2026-09-10
"65","jvLxnbDGXt","MOOSPMv3Parser",1789002000,0,0,1,0,0,1,1,0,0,2,172,79,30346,7,6,0,7,7,35,24,7,1,38,40,23,23,30.952,49,1,36.198887,-120.104393,89.542999,8,600,58,3,"e00fce686dc2ef0a68fa40b0",2026-09-10 01:00:03.57,2026-09-10 01:00:03.787,2026-09-10 01:00:03.787,2026-09-10
"66","jPqrdk6RSI","MOOSPMv3Parser",1789002001,0,0,1,1,1,2,2,1,1,2,453,111,180882,13,10,1,10,10,36,13,10,1,40,42,22,22,35.846,160,3277,3e-05,-0.004183,1295.052002,7,600,58,3,"e00fce68e28dcbc9a589be10",2026-09-10 01:00:03.766,2026-09-10 01:00:03.957,2026-09-10 01:00:03.957,2026-09-10
"67","GMcSuW7lI8","MOOSPMv3Parser",1789002000,2,2,2,3,3,2,3,3,3,3,1524,200,103862,19,14,1,14,15,35,18,15,1,39,40,24,26,42.964,35,1,35.77499,-119.238571,74.332001,0,600,58,3,"e00fce68e88237db75a60608",2026-09-10 01:00:03.866,2026-09-10 01:00:04.105,2026-09-10 01:00:04.105,2026-09-10
"68","s1wUfybVuK","MOOSPMv3Parser",1789002001,2,2,0,4,4,0,0,4,4,0,1039,202,0,26,0,3,0,0,36,13,0,2,39,41,24,25,38.18,45,1,36.187473,-119.821976,28.254999,6,600,58,3,"e00fce68e739ecbcf9e91965",2026-09-10 01:00:03.885,2026-09-10 01:00:04.119,2026-09-10 01:00:04.119,2026-09-10
"69","U0yF2xcdEs","MOOSPMv3Parser",1789002001,0,0,1,0,0,1,1,1,1,1,467,91,277123,10,9,1,9,9,34,11,9,1,41,39,18,23,512.854,43,1,36.139038,-120.368423,178.110001,6,600,58,3,"e00fce6850cac69f647dc199",2026-09-10 01:00:04.085,2026-09-10 01:00:04.315,2026-09-10 01:00:04.315,2026-09-10
"70","UuOnMveC0O","MOOSPMv3Parser",1789002000,1,1,2,2,2,3,4,3,3,5,356,106,152372,15,10,3,12,12,0,0,12,1,38,39,24,26,23.204,87,1,36.433681,-119.923347,25.718,11,600,58,3,"e00fce6876826e255108c6bd",2026-09-10 01:00:05.303,2026-09-10 01:00:05.464,2026-09-10 01:00:05.464,2026-09-10
"71","QNFaJfGUaG","MOOSPMv3Parser",1789002600,0,0,1,0,0,1,2,0,0,2,173,79,30353,7,8,1,8,8,34,24,8,1,38,39,22,23,32.05,41,1,36.198887,-120.104393,89.540001,0,600,58,3,"e00fce686dc2ef0a68fa40b0",2026-09-10 01:10:02.614,2026-09-10 01:10:02.764,2026-09-10 01:10:02.764,2026-09-10
"72","65MlSx70n4","MOOSPMv3Parser",1789002601,1,1,1,1,1,1,1,2,2,1,1098,107,37138,8,6,1,6,6,34,15,6,1,37,39,24,25,45.121,182,1,36.503139,-120.325432,53.056999,9,600,58,3,"e00fce68e77e43df92405fdb",2026-09-10 01:10:03.145,2026-09-10 01:10:03.33,2026-09-10 01:10:03.33,2026-09-10
"73","4wkCtcJpJD","MOOSPMv3Parser",1789002600,4,4,2,5,5,4,5,6,6,6,1014,257,206816,32,16,2,17,18,34,19,18,1,38,39,28,29,39.182,12,2,35.949581,-119.04998,111.431999,7,600,58,3,"e00fce6808784ceaf209f949",2026-09-10 01:10:03.135,2026-09-10 01:10:03.342,2026-09-10 01:10:03.342,2026-09-10
"74","hgFpH0rNe4","MOOSPMv3Parser",1789002600,0,0,2,0,0,3,4,1,1,4,241,152,58938,19,13,4,14,14,37,24,14,1,40,42,25,25,30.754,52,1,35.963108,-119.291763,67.434998,11,600,58,3,"e00fce68d6b773b56ce8baa0",2026-09-10 01:10:03.233,2026-09-10 01:10:03.405,2026-09-10 01:10:03.405,2026-09-10
"75","gn9gE6Nt4X","MOOSPMv3Parser",1789002601,5,5,2,5,5,3,3,6,6,3,1048,277,64479,23,16,1,17,17,33,25,17,1,37,38,28,30,44.312,46,4,36.523399,-119.27877,81.322998,0,600,58,3,"e00fce68f12da1a0c5de6248",2026-09-10 01:10:03.57,2026-09-10 01:10:03.772,2026-09-10 01:10:03.772,2026-09-10
"76","6SDOFrIIhI","MOOSPMv3Parser",1789002600,3,3,2,4,4,3,3,4,4,4,1584,223,103874,21,15,1,16,16,35,18,16,1,39,40,24,26,43.878,40,1,35.775005,-119.238518,61.268002,14,600,58,3,"e00fce68e88237db75a60608",2026-09-10 01:10:03.619,2026-09-10 01:10:03.796,2026-09-10 01:10:03.796,2026-09-10
"77","5KhPQwS745","MOOSPMv3Parser",1789002601,0,0,1,1,1,1,2,1,1,2,370,96,180890,11,9,1,9,9,36,14,9,1,40,42,23,23,34.528,171,3277,3e-05,-0.004183,1295.052002,7,600,58,3,"e00fce68e28dcbc9a589be10",2026-09-10 01:10:03.779,2026-09-10 01:10:03.943,2026-09-10 01:10:03.943,2026-09-10
"78","feztL7Aqt0","MOOSPMv3Parser",1789002601,2,2,0,4,4,0,0,4,4,0,1008,199,0,27,0,4,0,0,35,14,0,2,39,41,25,26,37.93,48,1,36.187473,-119.822128,14.557,7,600,58,3,"e00fce68e739ecbcf9e91965",2026-09-10 01:10:03.854,2026-09-10 01:10:04.022,2026-09-10 01:10:04.022,2026-09-10
"79","SRolEuNo8v","MOOSPMv3Parser",1789002601,0,0,1,0,0,1,1,1,1,1,482,93,277125,10,8,0,8,8,34,12,8,1,41,39,19,23,512.847,37,1,36.139011,-120.368378,178.182007,7,600,58,3,"e00fce6850cac69f647dc199",2026-09-10 01:10:04.444,2026-09-10 01:10:04.62,2026-09-10 01:10:04.62,2026-09-10
"80","9AHoPUOJb2","MOOSPMv3Parser",1789002600,1,1,1,1,1,3,4,2,2,4,333,98,152380,14,9,2,11,11,0,0,11,1,38,39,25,27,22.1,88,1,36.433681,-119.923347,25.718,0,600,58,3,"e00fce6876826e255108c6bd",2026-09-10 01:10:05.149,2026-09-10 01:10:05.356,2026-09-10 01:10:05.356,2026-09-10
"81","1dFvU4XD4w","MOOSPMv3Parser",1789003200,0,0,1,0,0,1,2,0,0,2,174,82,30358,7,7,1,8,8,34,25,8,1,38,39,23,23,32.422,41,1,36.198845,-120.104362,113.531998,6,600,58,3,"e00fce686dc2ef0a68fa40b0",2026-09-10 01:20:02.846,2026-09-10 01:20:03.03,2026-09-10 01:20:03.03,2026-09-10
"82","6fKRBDUJKe","MOOSPMv3Parser",1789003200,3,3,2,4,4,3,4,5,5,5,915,227,206825,24,13,2,15,15,34,19,15,1,37,38,28,29,36.319,26,1,35.949364,-119.049995,95.452003,7,600,58,3,"e00fce6808784ceaf209f949",2026-09-10 01:20:03.056,2026-09-10 01:20:03.222,2026-09-10 01:20:03.222,2026-09-10
"83","yB79AioIJf","MOOSPMv3Parser",1789003200,0,0,2,0,0,3,4,0,0,4,233,142,58947,17,12,3,13,13,37,24,13,1,39,42,25,25,31.012,57,1,35.963108,-119.291756,52.011002,9,600,58,3,"e00fce68d6b773b56ce8baa0",2026-09-10 01:20:02.993,2026-09-10 01:20:03.245,2026-09-10 01:20:03.245,2026-09-10
"84","4Enyw0W8FG","MOOSPMv3Parser",1789003201,1,1,1,1,1,1,2,2,2,2,1027,105,37143,9,6,1,6,7,34,16,7,1,37,38,24,26,46.107,160,1,36.503132,-120.325371,56.652,8,600,58,3,"e00fce68e77e43df92405fdb",2026-09-10 01:20:03.172,2026-09-10 01:20:03.367,2026-09-10 01:20:03.367,2026-09-10
"85","wxgHWQwP1A","MOOSPMv3Parser",1789003201,4,4,2,5,5,3,3,5,5,3,997,263,64492,21,16,1,17,17,33,26,17,1,37,38,29,31,40.678,63,4,36.523365,-119.278793,72.956001,8,600,58,3,"e00fce68f12da1a0c5de6248",2026-09-10 01:20:03.262,2026-09-10 01:20:03.425,2026-09-10 01:20:03.425,2026-09-10
"86","8Wxy74CNWF","MOOSPMv3Parser",1789003200,3,3,2,4,4,3,3,4,4,4,1537,232,103887,23,16,2,16,17,34,19,17,1,39,39,25,27,42.943,47,1,35.774979,-119.238571,69.500999,9,600,58,3,"e00fce68e88237db75a60608",2026-09-10 01:20:03.622,2026-09-10 01:20:03.814,2026-09-10 01:20:03.814,2026-09-10
"87","xXYCa1XA2e","MOOSPMv3Parser",1789003201,0,0,1,1,1,2,2,1,1,2,407,108,180901,12,12,1,12,12,36,14,12,0,39,41,24,23,34.236,171,3277,3e-05,-0.004183,1295.052002,7,600,58,3,"e00fce68e28dcbc9a589be10",2026-09-10 01:20:03.779,2026-09-10 01:20:03.962,2026-09-10 01:20:03.962,2026-09-10
"88","Jv8CY1K6WS","MOOSPMv3Parser",1789003201,2,2,0,4,4,0,0,4,4,0,1022,204,0,30,0,4,0,0,35,14,0,2,38,40,25,26,37.848,51,1,36.187477,-119.82209,19.037001,8,600,58,3,"e00fce68e739ecbcf9e91965",2026-09-10 01:20:04.101,2026-09-10 01:20:04.292,2026-09-10 01:20:04.292,2026-09-10
"89","zIMFNEwwNW","MOOSPMv3Parser",1789003201,0,0,1,0,0,1,2,0,0,2,441,89,277129,10,9,1,9,9,33,12,9,1,40,38,19,24,512.877,35,1,36.139011,-120.368378,178.179001,0,600,58,3,"e00fce6850cac69f647dc199",2026-09-10 01:20:04.999,2026-09-10 01:20:05.178,2026-09-10 01:20:05.178,2026-09-10
"90","wdeggZURRu","MOOSPMv3Parser",1789003200,1,1,1,1,1,2,3,2,2,3,323,95,152388,12,8,2,9,9,0,0,10,1,38,39,25,28,22.023,88,1,36.433613,-119.923401,31.237,9,600,58,3,"e00fce6876826e255108c6bd",2026-09-10 01:20:05.176,2026-09-10 01:20:05.365,2026-09-10 01:20:05.365,2026-09-10
"91","RCfq87Qhgu","MOOSPMv3Parser",1789003800,0,0,1,0,0,1,2,0,0,2,169,80,30364,7,7,1,8,8,34,25,8,1,38,39,24,24,30.082,52,1,36.198799,-120.104385,67.350998,9,600,58,3,"e00fce686dc2ef0a68fa40b0",2026-09-10 01:30:02.586,2026-09-10 01:30:02.837,2026-09-10 01:30:02.837,2026-09-10
"92","LpNPiGEgCC","MOOSPMv3Parser",1789003800,3,3,2,4,4,3,4,5,5,5,914,226,207178,26,12,2,14,14,33,20,14,1,37,38,29,29,34.731,43,1,35.9496,-119.049957,104.68,6,599,58,3,"e00fce6808784ceaf209f949",2026-09-10 01:30:03.045,2026-09-10 01:30:03.231,2026-09-10 01:30:03.231,2026-09-10
"93","eLpNcw0GaK","MOOSPMv3Parser",1789003800,0,0,2,0,0,3,3,0,0,4,233,141,58955,17,12,3,13,13,37,24,13,1,39,41,25,26,29.037,63,1,35.963226,-119.291878,41.539001,10,600,58,3,"e00fce68d6b773b56ce8baa0",2026-09-10 01:30:03.337,2026-09-10 01:30:03.503,2026-09-10 01:30:03.503,2026-09-10
"94","wSrAvR2fgR","MOOSPMv3Parser",1789003801,4,4,2,5,5,3,4,6,6,4,1004,268,64505,24,16,1,17,17,33,26,17,1,36,37,30,31,38.329,84,4,36.523304,-119.278793,85.036003,8,600,58,3,"e00fce68f12da1a0c5de6248",2026-09-10 01:30:03.383,2026-09-10 01:30:03.565,2026-09-10 01:30:03.565,2026-09-10
"95","LDy7AwvMvD","MOOSPMv3Parser",1789003801,0,0,1,0,0,1,1,1,1,1,379,97,180909,11,8,1,8,8,35,15,8,0,38,41,25,24,33.029,161,3277,3e-05,-0.004183,1295.052002,7,600,58,3,"e00fce68e28dcbc9a589be10",2026-09-10 01:30:03.692,2026-09-10 01:30:03.88,2026-09-10 01:30:03.88,2026-09-10
"96","BQHG2gh2ca","MOOSPMv3Parser",1789003800,4,4,2,5,5,3,4,5,5,4,1584,238,103901,23,17,1,18,18,34,20,18,1,38,39,26,28,44.989,32,1,35.775017,-119.238564,65.749001,9,600,58,3,"e00fce68e88237db75a60608",2026-09-10 01:30:03.699,2026-09-10 01:30:03.905,2026-09-10 01:30:03.905,2026-09-10
"97","qDXCEnFQr3","MOOSPMv3Parser",1789003801,2,2,0,4,4,0,0,5,5,0,1013,207,0,29,0,4,0,0,34,15,0,2,38,40,25,27,37.591,48,1,36.187496,-119.822014,21.077999,7,600,58,3,"e00fce68e739ecbcf9e91965",2026-09-10 01:30:03.774,2026-09-10 01:30:03.962,2026-09-10 01:30:03.962,2026-09-10
"98","RZn4FWhan9","MOOSPMv3Parser",1789003801,0,0,1,0,0,1,1,0,0,1,436,87,277131,10,8,1,8,8,33,13,8,1,40,38,19,24,512.871,32,1,36.139015,-120.368423,175.311005,9,600,58,3,"e00fce6850cac69f647dc199",2026-09-10 01:30:05.067,2026-09-10 01:30:05.23,2026-09-10 01:30:05.23,2026-09-10
"99","7jtK5xuC7a","MOOSPMv3Parser",1789003800,1,1,1,2,2,2,3,2,2,3,341,99,152396,15,9,3,10,10,0,0,10,1,38,39,26,28,21.708,88,1,36.433548,-119.923431,20.690001,9,600,58,3,"e00fce6876826e255108c6bd",2026-09-10 01:30:05.145,2026-09-10 01:30:05.316,2026-09-10 01:30:05.316,2026-09-10
"100","WHxVK4xl32","MOOSPMv3Parser",1789003801,1,1,1,2,2,1,1,2,2,2,1054,115,37148,11,6,1,6,6,33,16,6,1,36,38,25,26,46.395,142,1,36.503185,-120.325356,55.465,10,600,58,3,"e00fce68e77e43df92405fdb",2026-09-10 01:30:07.657,2026-09-10 01:30:07.818,2026-09-10 01:30:07.818,2026-09-10
"101","RLg0jnebVF","MOOSPMv3Parser",1789004400,0,0,2,0,0,3,4,0,0,4,234,143,58964,18,13,3,14,14,36,25,14,1,39,41,26,26,27.522,87,1,35.963226,-119.291878,41.542,0,600,58,3,"e00fce68d6b773b56ce8baa0",2026-09-10 01:40:03.073,2026-09-10 01:40:03.265,2026-09-10 01:40:03.265,2026-09-10
"102","0yyQKX77v3","MOOSPMv3Parser",1789004400,3,3,2,5,5,4,5,5,5,6,920,235,206844,29,16,3,18,18,33,21,18,1,36,38,30,30,30.918,106,1,35.9496,-119.050003,118.989998,8,600,58,3,"e00fce6808784ceaf209f949",2026-09-10 01:40:03.231,2026-09-10 01:40:03.446,2026-09-10 01:40:03.446,2026-09-10
"103","alcDgyu2Zi","MOOSPMv3Parser",1789004401,4,4,2,5,5,3,3,5,5,3,942,249,64517,21,14,1,15,15,32,28,15,1,36,37,30,32,36.91,101,3,36.523308,-119.278755,73.981003,9,600,58,3,"e00fce68f12da1a0c5de6248",2026-09-10 01:40:03.345,2026-09-10 01:40:03.528,2026-09-10 01:40:03.528,2026-09-10
"104","0ShnYFXoOF","MOOSPMv3Parser",1789004400,0,0,1,0,0,2,3,0,0,3,175,86,30371,9,10,1,11,11,34,25,11,1,37,39,24,24,28.669,65,1,36.19878,-120.104454,71.884003,10,600,58,3,"e00fce686dc2ef0a68fa40b0",2026-09-10 01:40:03.432,2026-09-10 01:40:03.626,2026-09-10 01:40:03.626,2026-09-10
"105","3IzS32gJek","MOOSPMv3Parser",1789004400,4,4,2,6,6,3,3,6,6,4,1634,259,103915,27,18,2,18,18,34,21,18,1,38,39,26,28,44.43,39,1,35.774986,-119.238548,64.578003,9,600,58,3,"e00fce68e88237db75a60608",2026-09-10 01:40:03.701,2026-09-10 01:40:03.895,2026-09-10 01:40:03.895,2026-09-10
"106","VWxepun17N","MOOSPMv3Parser",1789004401,0,0,1,1,1,2,2,1,1,2,409,106,180918,12,10,1,11,11,34,16,11,1,38,40,26,25,32.647,167,3277,3e-05,-0.004183,1295.052002,7,600,58,3,"e00fce68e28dcbc9a589be10",2026-09-10 01:40:03.772,2026-09-10 01:40:03.925,2026-09-10 01:40:03.925,2026-09-10
"107","CgFFmaEfL7","MOOSPMv3Parser",1789004401,2,2,0,4,4,0,0,5,5,0,970,199,0,29,0,5,0,0,34,16,0,2,38,39,26,27,36.463,66,1,36.187531,-119.821968,26.385,6,600,58,3,"e00fce68e739ecbcf9e91965",2026-09-10 01:40:03.933,2026-09-10 01:40:04.148,2026-09-10 01:40:04.148,2026-09-10
"108","kCqjsFtyYV","MOOSPMv3Parser",1789004401,0,0,1,1,1,1,2,1,1,2,425,88,277134,12,8,1,9,9,33,13,9,1,40,38,20,25,512.932,35,1,36.139069,-120.368431,161.822006,7,600,58,3,"e00fce6850cac69f647dc199",2026-09-10 01:40:04.135,2026-09-10 01:40:04.364,2026-09-10 01:40:04.364,2026-09-10
"109","EMAxsX9Y1S","MOOSPMv3Parser",1789004401,1,1,1,1,1,1,1,2,2,2,944,108,37152,10,6,1,6,6,33,16,6,1,36,37,25,26,46.362,122,1,36.503139,-120.325409,53.464001,9,600,58,3,"e00fce68e77e43df92405fdb",2026-09-10 01:40:04.712,2026-09-10 01:40:04.847,2026-09-10 01:40:04.847,2026-09-10
"110","fleQFhqQXf","MOOSPMv3Parser",1789004400,1,1,1,2,2,2,3,3,3,3,369,109,152404,16,10,3,11,11,0,0,11,1,37,38,27,29,22.009,88,1,36.433601,-119.92334,34.060001,6,600,58,3,"e00fce6876826e255108c6bd",2026-09-10 01:40:05.181,2026-09-10 01:40:05.329,2026-09-10 01:40:05.329,2026-09-10
"111","UvdsKiuU1N","MOOSPMv3Parser",1789005000,0,0,1,0,0,2,2,0,0,2,176,83,30378,8,9,1,9,9,34,27,9,1,37,38,25,26,28.075,90,1,36.198853,-120.104393,66.274002,8,600,58,3,"e00fce686dc2ef0a68fa40b0",2026-09-10 01:50:02.666,2026-09-10 01:50:02.827,2026-09-10 01:50:02.827,2026-09-10
"112","YhqHAWoRHk","MOOSPMv3Parser",1789005000,3,3,2,4,4,3,5,5,5,5,873,221,207198,28,11,2,13,13,33,22,13,1,36,38,32,31,31.117,102,1,35.949566,-119.050018,120.804001,7,599,58,3,"e00fce6808784ceaf209f949",2026-09-10 01:50:03.071,2026-09-10 01:50:03.236,2026-09-10 01:50:03.236,2026-09-10
"113","dRqDAfkzF3","MOOSPMv3Parser",1789005000,0,0,2,0,0,3,4,0,0,5,239,150,58974,20,13,3,14,15,36,26,15,1,38,40,27,27,27.745,88,1,35.963161,-119.291786,25.225,10,600,58,3,"e00fce68d6b773b56ce8baa0",2026-09-10 01:50:03.235,2026-09-10 01:50:03.407,2026-09-10 01:50:03.407,2026-09-10
"114","AmAXOAaPMB","MOOSPMv3Parser",1789005001,4,4,2,4,4,2,3,5,5,3,878,230,64529,19,15,0,15,15,32,28,15,1,35,37,32,32,34.589,116,3,36.523277,-119.278786,67.519997,7,600,58,3,"e00fce68f12da1a0c5de6248",2026-09-10 01:50:03.389,2026-09-10 01:50:03.566,2026-09-10 01:50:03.566,2026-09-10
"115","1awD5uz0L4","MOOSPMv3Parser",1789005001,1,1,1,2,2,2,2,2,2,2,1078,122,37158,11,7,1,8,8,32,17,8,1,35,37,26,27,48.093,112,1,36.503117,-120.325378,55.417999,11,600,58,3,"e00fce68e77e43df92405fdb",2026-09-10 01:50:03.479,2026-09-10 01:50:03.647,2026-09-10 01:50:03.647,2026-09-10
"116","44A3HKFmCy","MOOSPMv3Parser",1789005000,4,4,3,6,6,3,4,6,6,4,1572,264,103933,32,21,3,21,22,34,21,22,1,37,38,27,29,43.635,49,1,35.775043,-119.238548,67.364998,8,600,58,3,"e00fce68e88237db75a60608",2026-09-10 01:50:03.786,2026-09-10 01:50:03.942,2026-09-10 01:50:03.942,2026-09-10
"117","F3BiZwkW0C","MOOSPMv3Parser",1789005001,0,0,1,1,1,2,2,1,1,2,417,111,180927,14,11,1,12,12,34,16,12,1,37,39,26,26,32.433,180,3277,3e-05,-0.004183,1295.052002,7,600,58,3,"e00fce68e28dcbc9a589be10",2026-09-10 01:50:03.826,2026-09-10 01:50:04.02,2026-09-10 01:50:04.02,2026-09-10
"118","M3EFIt9B2P","MOOSPMv3Parser",1789005001,1,1,0,3,3,0,0,4,4,0,912,178,0,25,0,2,0,0,34,17,0,2,37,39,27,28,34.46,87,1,36.187519,-119.822083,19.584,7,600,58,3,"e00fce68e739ecbcf9e91965",2026-09-10 01:50:04.013,2026-09-10 01:50:04.242,2026-09-10 01:50:04.242,2026-09-10
"119","7jzN7K1bjK","MOOSPMv3Parser",1789005001,1,1,1,1,1,2,2,1,1,2,438,87,277138,10,9,1,10,10,32,13,10,1,40,37,19,24,512.885,35,1,36.139038,-120.368446,165.841003,5,600,58,3,"e00fce6850cac69f647dc199",2026-09-10 01:50:04.676,2026-09-10 01:50:04.814,2026-09-10 01:50:04.814,2026-09-10
"120","3kDrERfUYA","MOOSPMv3Parser",1789005000,1,1,2,2,2,3,4,3,3,4,406,120,152412,18,12,3,13,13,0,0,13,1,37,38,28,30,22.363,88,1,36.433506,-119.923317,12.054,8,600,58,3,"e00fce6876826e255108c6bd",2026-09-10 01:50:05.322,2026-09-10 01:50:05.497,2026-09-10 01:50:05.497,2026-09-10
"121","F5TRMvDO8i","MOOSPMv3Parser",1789005600,0,0,2,0,0,4,5,0,0,6,247,152,58985,21,16,3,18,18,35,26,18,1,37,40,28,27,26.354,104,1,35.963158,-119.291847,37.683998,10,600,58,3,"e00fce68d6b773b56ce8baa0",2026-09-10 02:00:02.941,2026-09-10 02:00:03.177,2026-09-10 02:00:03.177,2026-09-10
"122","DCYcDDR67E","MOOSPMv3Parser",1789005600,3,3,2,5,5,4,5,5,5,6,904,227,207208,25,14,2,16,16,32,23,16,1,35,37,33,32,29.474,86,1,35.949692,-119.050003,113.009003,7,599,58,3,"e00fce6808784ceaf209f949",2026-09-10 02:00:03.064,2026-09-10 02:00:03.318,2026-09-10 02:00:03.318,2026-09-10
"123","J4f2Th9Ugd","MOOSPMv3Parser",1789005601,3,3,2,4,4,2,2,4,4,3,829,216,64540,20,13,1,13,13,32,31,13,1,34,36,35,34,31.117,134,2,36.523273,-119.27877,68.783997,6,600,58,3,"e00fce68f12da1a0c5de6248",2026-09-10 02:00:03.413,2026-09-10 02:00:03.587,2026-09-10 02:00:03.587,2026-09-10
"124","iaOtLMAy0M","MOOSPMv3Parser",1789005601,0,0,1,1,1,2,2,1,1,2,434,118,180935,14,10,1,10,10,34,17,10,1,36,39,27,27,31.174,199,3277,3e-05,-0.004183,1295.052002,7,600,58,3,"e00fce68e28dcbc9a589be10",2026-09-10 02:00:03.922,2026-09-10 02:00:04.103,2026-09-10 02:00:04.103,2026-09-10
"125","Dq1zMURPFw","MOOSPMv3Parser",1789005600,4,4,2,5,5,3,4,5,5,4,1455,242,103948,25,18,2,19,19,33,22,19,1,37,38,29,30,42.915,71,1,35.774952,-119.238586,68.143997,8,600,58,3,"e00fce68e88237db75a60608",2026-09-10 02:00:04.01,2026-09-10 02:00:04.169,2026-09-10 02:00:04.169,2026-09-10
"126","XFGVmHSJFy","MOOSPMv3Parser",1789005601,2,2,0,3,3,0,0,4,4,0,861,175,0,25,0,4,0,0,33,18,0,2,36,38,28,29,31.497,123,1,36.187607,-119.822182,19.399,8,600,58,3,"e00fce68e739ecbcf9e91965",2026-09-10 02:00:04.159,2026-09-10 02:00:04.347,2026-09-10 02:00:04.347,2026-09-10
"127","tRrV3eR4Av","MOOSPMv3Parser",1789005601,1,1,1,2,2,1,2,2,2,2,1027,132,37163,13,7,1,7,7,32,17,7,1,34,36,27,28,49.721,98,1,36.503181,-120.325363,53.333,9,600,58,3,"e00fce68e77e43df92405fdb",2026-09-10 02:00:04.493,2026-09-10 02:00:04.664,2026-09-10 02:00:04.664,2026-09-10
"128","ZuB2G0nJdr","MOOSPMv3Parser",1789005601,1,1,1,1,1,2,2,1,1,2,404,84,277141,11,9,1,9,9,32,13,9,1,39,37,19,24,512.812,25,1,36.13903,-120.368431,180.184006,5,600,58,3,"e00fce6850cac69f647dc199",2026-09-10 02:00:04.737,2026-09-10 02:00:04.907,2026-09-10 02:00:04.907,2026-09-10
"129","s4DQ7TBGGu","MOOSPMv3Parser",1789005600,1,1,2,2,2,4,5,4,4,6,402,121,152420,22,12,5,14,14,0,0,15,1,36,37,28,30,22.195,88,1,36.433624,-119.923347,27.250999,10,600,58,3,"e00fce6876826e255108c6bd",2026-09-10 02:00:05.323,2026-09-10 02:00:05.51,2026-09-10 02:00:05.51,2026-09-10
"130","WQCr1RHqbS","MOOSPMv3Parser",1789005600,0,0,1,0,0,2,3,0,0,3,182,89,30386,9,10,1,11,11,34,27,11,1,36,38,26,26,26.983,107,1,36.198822,-120.104416,79.252998,10,600,58,3,"e00fce686dc2ef0a68fa40b0",2026-09-10 02:00:18.316,2026-09-10 02:00:18.483,2026-09-10 02:00:18.483,2026-09-10
"131","G3g1GC3ZXm","MOOSPMv3Parser",1789006200,0,0,2,0,0,3,4,0,0,4,190,97,30396,12,14,1,15,15,33,27,15,1,36,38,26,26,24.186,146,1,36.198875,-120.104439,85.044998,8,600,58,3,"e00fce686dc2ef0a68fa40b0",2026-09-10 02:10:02.87,2026-09-10 02:10:03.028,2026-09-10 02:10:03.028,2026-09-10
"132","zh2GH7HPsK","MOOSPMv3Parser",1789006200,3,3,2,4,4,3,4,4,4,4,846,215,207216,22,11,1,12,12,32,24,12,1,34,36,34,33,26.801,115,1,35.949566,-119.049957,124.519997,10,599,58,3,"e00fce6808784ceaf209f949",2026-09-10 02:10:02.994,2026-09-10 02:10:03.188,2026-09-10 02:10:03.188,2026-09-10
"133","MwNq5QBcbK","MOOSPMv3Parser",1789006200,0,0,2,0,0,4,5,0,0,6,247,156,58995,22,15,4,16,17,35,27,17,1,37,39,29,28,24.279,131,1,35.963142,-119.291817,38.803001,7,600,58,3,"e00fce68d6b773b56ce8baa0",2026-09-10 02:10:03.236,2026-09-10 02:10:03.42,2026-09-10 02:10:03.42,2026-09-10
"134","G3ASm5N9XN","MOOSPMv3Parser",1789006201,3,3,2,4,4,2,3,4,4,3,829,217,64552,19,15,1,15,15,31,31,15,1,34,36,36,34,26.438,195,2,36.523365,-119.278809,79.016998,8,600,58,3,"e00fce68f12da1a0c5de6248",2026-09-10 02:10:03.39,2026-09-10 02:10:03.577,2026-09-10 02:10:03.577,2026-09-10
"135","cRxZ4AIegX","MOOSPMv3Parser",1789006200,4,4,2,5,5,3,4,5,5,4,1409,239,103963,28,18,2,19,19,33,23,19,1,36,38,29,30,42.382,69,1,35.775059,-119.238487,60.105,9,600,58,3,"e00fce68e88237db75a60608",2026-09-10 02:10:03.787,2026-09-10 02:10:03.954,2026-09-10 02:10:03.954,2026-09-10
"136","box9A9Q3x2","MOOSPMv3Parser",1789006201,0,0,2,1,1,2,2,2,2,3,434,117,180945,15,12,2,12,12,33,18,12,1,36,38,29,28,31.709,188,3277,3e-05,-0.004183,1295.052002,7,600,58,3,"e00fce68e28dcbc9a589be10",2026-09-10 02:10:04.012,2026-09-10 02:10:04.178,2026-09-10 02:10:04.178,2026-09-10
"137","RxzwkzobXd","MOOSPMv3Parser",1789006201,1,1,0,3,3,0,0,3,3,0,817,167,0,23,0,3,0,0,33,19,0,2,36,37,29,30,29.694,133,1,36.187531,-119.822029,35.708,9,600,58,3,"e00fce68e739ecbcf9e91965",2026-09-10 02:10:04.099,2026-09-10 02:10:04.279,2026-09-10 02:10:04.279,2026-09-10
"138","01f6qycXEz","MOOSPMv3Parser",1789006201,1,1,1,1,1,2,2,1,1,2,417,83,277144,11,8,1,9,9,32,12,9,1,39,37,19,24,512.923,16,1,36.13903,-120.368408,175.199997,6,600,58,3,"e00fce6850cac69f647dc199",2026-09-10 02:10:05.057,2026-09-10 02:10:05.293,2026-09-10 02:10:05.293,2026-09-10
"139","gEXBlXG62s","MOOSPMv3Parser",1789006200,1,1,2,3,3,3,4,3,3,4,448,133,152428,19,11,3,13,13,0,0,13,1,35,37,29,30,21.721,88,1,36.433613,-119.923332,24.457001,10,600,58,3,"e00fce6876826e255108c6bd",2026-09-10 02:10:05.323,2026-09-10 02:10:05.592,2026-09-10 02:10:05.592,2026-09-10
"140","FO1xXSUGv3","MOOSPMv3Parser",1789006201,2,2,1,2,2,2,2,2,2,2,1050,141,37168,11,7,1,7,7,31,17,7,1,34,36,27,28,49.706,87,1,36.503181,-120.325363,53.332001,0,600,58,3,"e00fce68e77e43df92405fdb",2026-09-10 02:10:19.402,2026-09-10 02:10:19.567,2026-09-10 02:10:19.567,2026-09-10
"141","QphoE8zAg4","MOOSPMv3Parser",1789006800,0,0,3,0,0,5,6,1,1,7,262,170,59008,27,18,4,20,20,34,28,20,1,37,39,29,29,21.848,160,1,35.963177,-119.291862,42.551998,12,600,58,3,"e00fce68d6b773b56ce8baa0",2026-09-10 02:20:02.848,2026-09-10 02:20:03.061,2026-09-10 02:20:03.061,2026-09-10
"142","8WE6Yz6BQo","MOOSPMv3Parser",1789006800,3,3,2,5,5,4,5,5,5,6,887,223,207227,25,14,2,16,16,31,25,16,1,34,36,35,33,24.778,155,1,35.949574,-119.049919,121.778999,8,599,58,3,"e00fce6808784ceaf209f949",2026-09-10 02:20:03.155,2026-09-10 02:20:03.359,2026-09-10 02:20:03.359,2026-09-10
"143","U3rC2AN3mZ","MOOSPMv3Parser",1789006801,4,4,2,4,4,2,3,4,4,3,846,227,64564,18,14,1,14,14,31,34,14,1,33,35,39,37,25.279,190,2,36.523331,-119.278801,78.098,9,600,58,3,"e00fce68f12da1a0c5de6248",2026-09-10 02:20:03.304,2026-09-10 02:20:03.481,2026-09-10 02:20:03.481,2026-09-10
"144","jlKTe7dgm3","MOOSPMv3Parser",1789006800,0,0,2,0,0,3,4,0,0,4,181,91,30405,10,12,1,13,13,33,27,13,1,36,37,27,27,30.579,141,1,36.198891,-120.104424,73.102997,8,600,58,3,"e00fce686dc2ef0a68fa40b0",2026-09-10 02:20:03.641,2026-09-10 02:20:03.831,2026-09-10 02:20:03.831,2026-09-10
"145","qHC6X6DaGR","MOOSPMv3Parser",1789006800,4,4,3,6,6,3,4,6,6,4,1553,274,103978,30,19,2,20,20,33,24,20,1,36,37,30,31,38.937,105,1,35.775105,-119.238525,63.949001,11,600,58,3,"e00fce68e88237db75a60608",2026-09-10 02:20:03.854,2026-09-10 02:20:04.015,2026-09-10 02:20:04.015,2026-09-10
"146","AELBtllec0","MOOSPMv3Parser",1789006801,1,1,0,3,3,0,0,3,3,0,808,165,0,23,0,2,0,0,32,20,0,2,35,37,30,31,27.201,159,1,36.187531,-119.822029,35.707001,0,600,58,3,"e00fce68e739ecbcf9e91965",2026-09-10 02:20:03.931,2026-09-10 02:20:04.078,2026-09-10 02:20:04.078,2026-09-10
"147","6T0V2RY2p9","MOOSPMv3Parser",1789006801,1,1,2,2,2,3,3,2,2,4,478,129,180955,16,14,1,15,15,33,18,15,1,35,38,29,28,29.938,237,3277,3e-05,-0.004183,1295.052002,7,600,58,3,"e00fce68e28dcbc9a589be10",2026-09-10 02:20:04.011,2026-09-10 02:20:04.181,2026-09-10 02:20:04.181,2026-09-10
"148","BABftBvh90","MOOSPMv3Parser",1789006801,1,1,1,1,1,1,2,1,1,2,390,76,277146,9,8,0,8,9,32,12,9,1,38,36,19,24,512.992,13,1,36.13895,-120.368393,175.557999,7,600,58,3,"e00fce6850cac69f647dc199",2026-09-10 02:20:04.033,2026-09-10 02:20:04.199,2026-09-10 02:20:04.199,2026-09-10
"149","syKWsnWNXM","MOOSPMv3Parser",1789006801,2,2,1,2,2,2,2,2,2,3,1053,146,37174,13,8,1,9,9,31,18,9,1,33,35,27,28,47.131,96,1,36.503128,-120.325356,47.040001,10,600,58,3,"e00fce68e77e43df92405fdb",2026-09-10 02:20:04.349,2026-09-10 02:20:04.536,2026-09-10 02:20:04.536,2026-09-10
"150","xuiKyk7rJS","MOOSPMv3Parser",1789006800,1,1,2,2,2,3,5,4,4,5,432,128,152436,20,13,4,14,15,0,0,15,1,35,37,31,31,20.459,88,1,36.433598,-119.923378,32.004002,7,600,58,3,"e00fce6876826e255108c6bd",2026-09-10 02:20:05.413,2026-09-10 02:20:05.572,2026-09-10 02:20:05.572,2026-09-10
"151","bqiLzK2NcX","MOOSPMv3Parser",1789007400,0,0,2,0,0,3,3,0,0,4,183,90,30413,12,12,2,13,13,33,28,13,1,35,37,29,28,28.517,142,1,36.198837,-120.10434,104.614998,9,600,58,3,"e00fce686dc2ef0a68fa40b0",2026-09-10 02:30:02.605,2026-09-10 02:30:02.835,2026-09-10 02:30:02.835,2026-09-10
"152","HgVfodtUXI","MOOSPMv3Parser",1789007400,4,4,2,5,5,3,4,5,5,4,876,226,207235,24,11,1,12,12,31,26,12,1,33,35,36,34,23.386,168,1,35.949535,-119.049965,118.950996,10,599,58,3,"e00fce6808784ceaf209f949",2026-09-10 02:30:03.116,2026-09-10 02:30:03.287,2026-09-10 02:30:03.287,2026-09-10
"153","2EPdFgRewy","MOOSPMv3Parser",1789007400,0,0,3,1,1,8,11,1,1,12,270,180,59021,32,22,6,26,27,34,28,27,1,37,38,29,30,21.272,177,1,35.96312,-119.291756,41.342999,11,600,58,3,"e00fce68d6b773b56ce8baa0",2026-09-10 02:30:03.162,2026-09-10 02:30:03.304,2026-09-10 02:30:03.304,2026-09-10
"154","6NiYKlme7O","MOOSPMv3Parser",1789007401,4,4,2,4,4,2,3,5,5,3,880,232,64576,18,15,1,15,15,30,36,15,1,31,34,42,38,20.489,224,1,36.523235,-119.278786,71.643997,8,600,58,3,"e00fce68f12da1a0c5de6248",2026-09-10 02:30:03.642,2026-09-10 02:30:03.858,2026-09-10 02:30:03.858,2026-09-10
"155","YAUMiUV8Mh","MOOSPMv3Parser",1789007400,5,5,3,6,6,4,4,6,6,5,1551,284,103996,34,22,2,23,23,32,25,23,1,35,37,31,32,37.401,116,1,35.775074,-119.238472,68.932999,10,600,58,3,"e00fce68e88237db75a60608",2026-09-10 02:30:03.849,2026-09-10 02:30:04.057,2026-09-10 02:30:04.057,2026-09-10
"156","CxMyfmTQCP","MOOSPMv3Parser",1789007401,1,1,2,2,2,3,3,2,2,4,490,133,180967,17,15,2,16,16,33,19,16,1,35,37,30,29,28.737,258,3277,3e-05,-0.004183,1295.052002,7,600,58,3,"e00fce68e28dcbc9a589be10",2026-09-10 02:30:04.007,2026-09-10 02:30:04.167,2026-09-10 02:30:04.167,2026-09-10
"157","s85Ie4O4nm","MOOSPMv3Parser",1789007401,1,1,0,4,4,0,0,4,4,0,838,175,0,29,0,5,0,0,32,22,0,2,35,36,32,32,26.614,183,1,36.187511,-119.822044,32.310001,7,600,58,3,"e00fce68e739ecbcf9e91965",2026-09-10 02:30:04.011,2026-09-10 02:30:04.179,2026-09-10 02:30:04.179,2026-09-10
"158","OCEkB5QA3h","MOOSPMv3Parser",1789007401,1,1,1,1,1,2,2,2,2,2,451,89,277148,13,9,1,9,10,31,13,10,1,38,36,20,25,513.049,15,1,36.139072,-120.368599,152.608994,7,600,58,3,"e00fce6850cac69f647dc199",2026-09-10 02:30:04.421,2026-09-10 02:30:04.579,2026-09-10 02:30:04.579,2026-09-10
"159","0fyCEst98L","MOOSPMv3Parser",1789007400,2,2,2,3,3,5,7,5,5,9,490,147,152445,25,15,6,17,18,0,0,18,1,34,36,32,32,18.945,88,1,36.433582,-119.92334,26.518,9,600,58,3,"e00fce6876826e255108c6bd",2026-09-10 02:30:05.314,2026-09-10 02:30:05.447,2026-09-10 02:30:05.447,2026-09-10
"160","UuOIRqCuN9","MOOSPMv3Parser",1789007401,2,2,1,2,2,2,2,2,2,2,1094,148,37180,13,8,1,8,8,30,18,8,1,33,34,28,29,47.112,109,1,36.503139,-120.325394,43.308998,8,600,58,3,"e00fce68e77e43df92405fdb",2026-09-10 02:30:18.285,2026-09-10 02:30:18.48,2026-09-10 02:30:18.48,2026-09-10
"161","gYdHjz3e9i","MOOSPMv3Parser",1789008000,0,0,2,0,0,2,3,0,0,3,184,94,30422,11,11,1,12,12,32,29,12,1,34,37,31,29,26.94,157,1,36.198837,-120.104469,69.003998,9,600,58,3,"e00fce686dc2ef0a68fa40b0",2026-09-10 02:40:02.935,2026-09-10 02:40:03.086,2026-09-10 02:40:03.086,2026-09-10
"162","zI7RlEzy03","MOOSPMv3Parser",1789008000,0,0,4,1,1,9,13,2,2,15,282,190,59037,34,26,7,31,32,34,29,32,1,37,38,29,30,16.903,225,1,35.963127,-119.291901,50.744999,10,600,58,3,"e00fce68d6b773b56ce8baa0",2026-09-10 02:40:03.071,2026-09-10 02:40:03.263,2026-09-10 02:40:03.263,2026-09-10
"163","ZewhBclyQz","MOOSPMv3Parser",1789008000,4,4,2,5,5,3,4,6,6,4,1024,262,207244,25,13,2,14,14,31,27,14,1,33,35,37,35,17.781,226,1,35.949635,-119.049866,129.671005,6,599,58,3,"e00fce6808784ceaf209f949",2026-09-10 02:40:03.065,2026-09-10 02:40:03.28,2026-09-10 02:40:03.28,2026-09-10
"164","Bi1GWzOJdf","MOOSPMv3Parser",1789008001,4,4,2,5,5,2,3,5,5,3,944,253,64589,20,15,1,15,16,30,39,16,1,31,34,45,41,16.301,237,1,36.523399,-119.27887,89.573997,7,600,58,3,"e00fce68f12da1a0c5de6248",2026-09-10 02:40:03.387,2026-09-10 02:40:03.567,2026-09-10 02:40:03.567,2026-09-10
"165","3Ma8ASJ8I7","MOOSPMv3Parser",1789008000,6,6,3,7,7,4,5,8,8,5,1692,320,104018,39,26,2,27,27,32,26,27,1,35,36,32,33,34.231,142,1,35.775063,-119.23851,75.155998,7,600,58,3,"e00fce68e88237db75a60608",2026-09-10 02:40:03.932,2026-09-10 02:40:04.113,2026-09-10 02:40:04.113,2026-09-10
"166","KfDqEfyuUG","MOOSPMv3Parser",1789008001,2,2,0,3,3,0,0,4,4,0,850,181,0,26,0,3,0,0,31,23,0,2,34,36,33,33,24.627,218,1,36.187511,-119.822105,28.297001,11,600,58,3,"e00fce68e739ecbcf9e91965",2026-09-10 02:40:04.099,2026-09-10 02:40:04.291,2026-09-10 02:40:04.291,2026-09-10
"167","EB7TtF3IoU","MOOSPMv3Parser",1789008001,1,1,2,1,1,2,2,1,1,3,477,127,180976,14,13,1,13,13,32,20,13,1,34,37,31,30,29.987,234,3277,3e-05,-0.004183,1295.052002,7,600,58,3,"e00fce68e28dcbc9a589be10",2026-09-10 02:40:04.123,2026-09-10 02:40:04.309,2026-09-10 02:40:04.309,2026-09-10
"168","YGtjUeWLnT","MOOSPMv3Parser",1789008001,2,2,1,3,3,2,2,3,3,2,1205,159,37185,14,7,1,8,8,30,20,8,1,32,34,30,31,46.178,128,1,36.50312,-120.325409,51.306999,12,600,58,3,"e00fce68e77e43df92405fdb",2026-09-10 02:40:04.505,2026-09-10 02:40:04.691,2026-09-10 02:40:04.691,2026-09-10
"169","T8DDOUHZEa","MOOSPMv3Parser",1789008001,1,1,1,1,1,2,2,1,1,3,419,82,277155,10,10,1,10,10,31,13,10,1,37,35,20,25,512.999,21,1,36.138992,-120.368423,177.770004,5,600,58,3,"e00fce6850cac69f647dc199",2026-09-10 02:40:04.927,2026-09-10 02:40:05.116,2026-09-10 02:40:05.116,2026-09-10
"170","JQQCFRIftz","MOOSPMv3Parser",1789008000,1,1,2,3,3,3,5,4,4,6,445,135,152453,22,11,4,12,13,0,0,13,1,33,36,33,33,19.689,89,1,36.433582,-119.923355,19.523001,12,600,58,3,"e00fce6876826e255108c6bd",2026-09-10 02:40:05.315,2026-09-10 02:40:05.46,2026-09-10 02:40:05.46,2026-09-10
"171","584Sj4udu5","MOOSPMv3Parser",1789008600,0,0,2,0,0,2,3,0,0,3,183,92,30430,11,11,1,12,12,32,30,12,1,33,36,32,30,26.011,164,1,36.198757,-120.104485,74.157997,8,600,58,3,"e00fce686dc2ef0a68fa40b0",2026-09-10 02:50:02.455,2026-09-10 02:50:02.653,2026-09-10 02:50:02.653,2026-09-10
"172","4xQ5FCgR0S","MOOSPMv3Parser",1789008600,5,5,2,6,6,3,4,7,7,4,1148,294,206911,30,15,2,16,16,30,28,16,1,33,35,38,36,16.502,253,1,35.949635,-119.049866,129.673004,0,600,58,3,"e00fce6808784ceaf209f949",2026-09-10 02:50:03.143,2026-09-10 02:50:03.293,2026-09-10 02:50:03.293,2026-09-10
"173","bsExbzbHeV","MOOSPMv3Parser",1789008600,0,0,5,2,2,13,19,3,3,22,307,211,59057,45,35,11,42,44,33,29,44,1,37,37,29,31,13.476,245,1,35.963055,-119.291809,63.618999,10,600,58,3,"e00fce68d6b773b56ce8baa0",2026-09-10 02:50:03.328,2026-09-10 02:50:03.476,2026-09-10 02:50:03.476,2026-09-10
"174","rEiABFCY71","MOOSPMv3Parser",1789008601,4,4,2,5,5,3,3,6,6,3,987,267,64602,22,16,1,17,17,29,43,17,1,30,33,49,44,12.166,272,1,36.523266,-119.278847,90.392998,7,600,58,3,"e00fce68f12da1a0c5de6248",2026-09-10 02:50:03.395,2026-09-10 02:50:03.537,2026-09-10 02:50:03.537,2026-09-10
"175","bN8WKTJRDe","MOOSPMv3Parser",1789008600,5,5,3,7,7,5,5,8,8,6,1674,320,104040,37,26,3,27,27,31,28,27,1,35,36,33,34,29.594,186,1,35.775063,-119.23851,75.158997,0,600,58,3,"e00fce68e88237db75a60608",2026-09-10 02:50:03.794,2026-09-10 02:50:03.986,2026-09-10 02:50:03.986,2026-09-10
"176","rizS5PvxsA","MOOSPMv3Parser",1789008601,2,2,0,3,3,0,0,4,4,0,835,178,0,28,0,4,0,0,31,24,0,2,34,35,33,34,25.3,201,1,36.187481,-119.822029,26.790001,10,600,58,3,"e00fce68e739ecbcf9e91965",2026-09-10 02:50:04.09,2026-09-10 02:50:04.255,2026-09-10 02:50:04.255,2026-09-10
"177","wvKIB6y7tU","MOOSPMv3Parser",1789008601,1,1,2,1,1,2,3,2,2,3,450,122,180984,16,12,1,13,13,32,21,13,1,34,36,32,31,28.191,236,3277,3e-05,-0.004183,1295.052002,7,600,58,3,"e00fce68e28dcbc9a589be10",2026-09-10 02:50:04.095,2026-09-10 02:50:04.257,2026-09-10 02:50:04.257,2026-09-10
"178","XiuDX4gXgP","MOOSPMv3Parser",1789008601,1,1,1,2,2,2,3,2,2,3,450,91,277161,13,10,1,11,11,31,14,11,1,37,35,20,26,513.07,21,1,36.138992,-120.368423,177.772003,0,600,58,3,"e00fce6850cac69f647dc199",2026-09-10 02:50:05.081,2026-09-10 02:50:05.303,2026-09-10 02:50:05.303,2026-09-10
"179","A7sUdbXB5w","MOOSPMv3Parser",1789008601,2,2,1,3,3,2,2,3,3,2,1225,165,37191,14,8,1,8,9,29,22,9,1,31,33,32,33,41.863,191,1,36.503132,-120.325409,51.035999,11,600,58,3,"e00fce68e77e43df92405fdb",2026-09-10 02:50:07.732,2026-09-10 02:50:07.9,2026-09-10 02:50:07.9,2026-09-10
"180","22ZknTBKhS","MOOSPMv3Parser",1789008600,1,1,2,3,3,4,6,5,5,7,475,142,152461,22,14,5,16,17,0,0,17,1,33,35,34,34,19.36,89,1,36.433605,-119.92334,24.209999,11,600,58,3,"e00fce6876826e255108c6bd",2026-09-10 02:50:19.364,2026-09-10 02:50:19.55,2026-09-10 02:50:19.55,2026-09-10
"181","Tb7ErGVuRt","MOOSPMv3Parser",1789009200,0,0,5,3,3,14,20,4,4,23,329,229,59076,46,34,11,43,44,33,30,45,1,37,37,29,32,10.035,250,1,35.963165,-119.291725,56.477001,9,600,58,3,"e00fce68d6b773b56ce8baa0",2026-09-10 03:00:02.941,2026-09-10 03:00:03.117,2026-09-10 03:00:03.117,2026-09-10
"182","MinvBA9E24","MOOSPMv3Parser",1789009200,4,4,2,5,5,3,4,5,5,4,960,245,207267,25,15,2,16,16,30,29,16,1,32,34,38,36,19.97,193,1,35.949665,-119.049934,129.014999,5,599,58,3,"e00fce6808784ceaf209f949",2026-09-10 03:00:03.102,2026-09-10 03:00:03.324,2026-09-10 03:00:03.324,2026-09-10
"183","bXevFCNHFR","MOOSPMv3Parser",1789009201,5,5,2,5,5,2,3,6,6,3,1020,269,64616,21,16,1,16,16,28,46,16,1,30,32,52,46,10.457,286,1,36.523266,-119.278847,90.389,0,600,58,3,"e00fce68f12da1a0c5de6248",2026-09-10 03:00:03.411,2026-09-10 03:00:03.617,2026-09-10 03:00:03.617,2026-09-10
"184","GCNFtGB7Uc","MOOSPMv3Parser",1789009200,0,0,2,0,0,2,3,0,0,3,185,95,30439,11,12,1,13,13,32,30,13,1,33,35,32,30,26.963,157,1,36.198757,-120.104485,74.156998,0,600,58,3,"e00fce686dc2ef0a68fa40b0",2026-09-10 03:00:03.487,2026-09-10 03:00:03.688,2026-09-10 03:00:03.688,2026-09-10
"185","M0GH3ob4RJ","MOOSPMv3Parser",1789009201,1,1,2,2,2,3,3,2,2,4,492,132,180995,17,14,1,15,15,32,22,15,1,34,36,33,32,25.336,287,3277,3e-05,-0.004183,1295.052002,7,600,58,3,"e00fce68e28dcbc9a589be10",2026-09-10 03:00:03.847,2026-09-10 03:00:03.992,2026-09-10 03:00:03.992,2026-09-10
"186","XnxCrS3zxA","MOOSPMv3Parser",1789009200,5,5,3,6,6,4,5,6,6,5,1499,279,104057,32,22,2,23,23,31,29,23,1,35,35,34,35,28.928,193,1,35.775105,-119.238525,62.944,5,600,58,3,"e00fce68e88237db75a60608",2026-09-10 03:00:04.01,2026-09-10 03:00:04.222,2026-09-10 03:00:04.222,2026-09-10
"187","c6vrRsHvgd","MOOSPMv3Parser",1789009201,1,1,0,3,3,0,0,4,4,0,797,167,0,24,0,3,0,0,31,23,0,2,34,35,32,33,25.752,182,1,36.1875,-119.822037,27.902,9,600,58,3,"e00fce68e739ecbcf9e91965",2026-09-10 03:00:04.094,2026-09-10 03:00:04.249,2026-09-10 03:00:04.249,2026-09-10
"188","EePvyDgHbo","MOOSPMv3Parser",1789009201,1,1,1,1,1,2,2,2,2,3,454,94,277165,11,9,1,10,10,30,14,10,1,37,34,20,25,512.951,16,1,36.138966,-120.368385,182.227005,5,600,58,3,"e00fce6850cac69f647dc199",2026-09-10 03:00:04.541,2026-09-10 03:00:04.713,2026-09-10 03:00:04.713,2026-09-10
"189","fWGMCDnJLZ","MOOSPMv3Parser",1789009200,2,2,2,4,4,6,8,5,5,9,631,189,152470,28,16,4,19,20,0,0,20,1,32,34,34,34,18.051,89,1,36.433605,-119.92334,24.209999,0,600,58,3,"e00fce6876826e255108c6bd",2026-09-10 03:00:05.252,2026-09-10 03:00:05.421,2026-09-10 03:00:05.421,2026-09-10
"190","IV9Zb4AQP4","MOOSPMv3Parser",1789009800,0,0,2,0,0,3,3,0,0,4,190,101,30448,11,12,1,13,13,31,30,13,1,33,35,31,30,27.875,143,1,36.19886,-120.104416,77.466003,9,600,58,3,"e00fce686dc2ef0a68fa40b0",2026-09-10 03:10:02.602,2026-09-10 03:10:02.805,2026-09-10 03:10:02.805,2026-09-10
"191","6DrPA9t2qB","MOOSPMv3Parser",1789009800,0,0,4,2,2,9,14,3,3,16,307,210,59093,38,28,8,33,34,32,31,34,1,37,36,29,33,0.524,271,1,35.963139,-119.291855,58.112,7,600,58,3,"e00fce68d6b773b56ce8baa0",2026-09-10 03:10:03.167,2026-09-10 03:10:03.316,2026-09-10 03:10:03.316,2026-09-10
"192","fzBwOmOnCb","MOOSPMv3Parser",1789009800,4,4,2,5,5,3,4,5,5,4,910,235,206931,24,14,2,15,15,30,30,15,1,32,34,38,37,22.475,153,1,35.949596,-119.049866,124.265999,8,600,58,3,"e00fce6808784ceaf209f949",2026-09-10 03:10:03.293,2026-09-10 03:10:03.472,2026-09-10 03:10:03.472,2026-09-10
"193","1xAaM3EpHQ","MOOSPMv3Parser",1789009801,5,5,2,6,6,2,3,6,6,3,1139,286,64629,22,15,1,16,16,28,48,16,1,29,32,53,47,8.047,311,1,36.523319,-119.278786,87.5,7,600,58,3,"e00fce68f12da1a0c5de6248",2026-09-10 03:10:03.427,2026-09-10 03:10:03.581,2026-09-10 03:10:03.581,2026-09-10
"194","anrnUMqkkZ","MOOSPMv3Parser",1789009800,5,5,3,6,6,4,4,7,7,5,1483,271,104074,32,20,4,21,21,31,31,21,1,34,35,34,36,25.858,215,1,35.775032,-119.238503,68.116997,8,600,58,3,"e00fce68e88237db75a60608",2026-09-10 03:10:03.936,2026-09-10 03:10:04.098,2026-09-10 03:10:04.098,2026-09-10
"195","khqdYV6iIy","MOOSPMv3Parser",1789009801,1,1,2,2,2,3,3,2,2,4,520,142,181008,18,16,2,17,17,31,23,17,1,33,36,34,32,25.588,273,3277,3e-05,-0.004183,1295.052002,7,600,58,3,"e00fce68e28dcbc9a589be10",2026-09-10 03:10:03.995,2026-09-10 03:10:04.194,2026-09-10 03:10:04.194,2026-09-10
"196","it1vLFDnFx","MOOSPMv3Parser",1789009801,2,2,0,4,4,0,0,5,5,0,899,196,0,34,0,5,0,0,31,24,0,2,34,35,32,34,24.71,203,1,36.187485,-119.821976,23.4,6,600,58,3,"e00fce68e739ecbcf9e91965",2026-09-10 03:10:04.243,2026-09-10 03:10:04.397,2026-09-10 03:10:04.397,2026-09-10
"197","gV2v9IIDDe","MOOSPMv3Parser",1789009801,1,1,1,2,2,2,3,2,2,3,479,103,277174,12,11,1,11,11,30,14,12,1,37,34,21,26,512.896,8,2,36.139008,-120.368317,187.130997,6,600,58,3,"e00fce6850cac69f647dc199",2026-09-10 03:10:04.412,2026-09-10 03:10:04.633,2026-09-10 03:10:04.633,2026-09-10
"198","h8Zlq0lQuA","MOOSPMv3Parser",1789009800,3,3,3,5,5,6,9,7,7,10,668,199,152479,37,18,9,21,22,0,0,22,1,32,34,36,36,16.592,89,1,36.43367,-119.923325,39.34,9,600,58,3,"e00fce6876826e255108c6bd",2026-09-10 03:10:05.315,2026-09-10 03:10:05.486,2026-09-10 03:10:05.486,2026-09-10
"199","5kiM1hc758","MOOSPMv3Parser",1789010400,0,0,4,2,2,9,12,3,3,14,320,223,59112,39,30,7,34,35,32,31,35,1,34,36,35,34,0.11,278,1,35.963173,-119.291924,39.605999,7,600,58,3,"e00fce68d6b773b56ce8baa0",2026-09-10 03:20:02.914,2026-09-10 03:20:03.103,2026-09-10 03:20:03.103,2026-09-10
"200","32hH6Ktka8","MOOSPMv3Parser",1789010400,0,0,2,0,0,2,3,0,0,3,196,105,30457,12,11,1,12,12,31,30,12,1,33,35,31,30,28.395,142,1,36.198807,-120.104424,82.696999,11,600,58,3,"e00fce686dc2ef0a68fa40b0",2026-09-10 03:20:02.99,2026-09-10 03:20:03.125,2026-09-10 03:20:03.125,2026-09-10
"201","yXNhU4x6Qq","MOOSPMv3Parser",1789010400,4,4,2,6,6,3,4,6,6,4,1091,286,207288,32,15,2,16,16,29,30,16,1,32,33,39,37,19.544,188,1,35.949577,-119.049873,112.750999,8,599,58,3,"e00fce6808784ceaf209f949",2026-09-10 03:20:03.145,2026-09-10 03:20:03.3,2026-09-10 03:20:03.3,2026-09-10
"202","N03pc6oKIX","MOOSPMv3Parser",1789010401,6,6,2,7,7,3,3,7,7,3,1485,345,64643,22,17,1,18,18,28,50,18,1,29,31,54,48,10.935,293,1,36.523289,-119.27874,88.081001,8,600,58,3,"e00fce68f12da1a0c5de6248",2026-09-10 03:20:03.488,2026-09-10 03:20:03.636,2026-09-10 03:20:03.636,2026-09-10
"203","1QrmPv28kM","MOOSPMv3Parser",1789010400,4,4,3,5,5,4,5,6,6,5,1395,249,104089,32,20,2,21,21,31,32,21,1,34,35,35,37,23.844,228,1,35.775097,-119.238556,68.032997,11,600,58,3,"e00fce68e88237db75a60608",2026-09-10 03:20:03.777,2026-09-10 03:20:03.939,2026-09-10 03:20:03.939,2026-09-10
"204","ykhhBodVPx","MOOSPMv3Parser",1789010401,2,2,0,4,4,0,0,4,4,0,833,186,0,30,0,4,0,0,30,24,0,2,34,34,32,33,26.293,172,2,36.187477,-119.822075,18.174,6,600,58,3,"e00fce68e739ecbcf9e91965",2026-09-10 03:20:04.018,2026-09-10 03:20:04.219,2026-09-10 03:20:04.219,2026-09-10
"205","HrZsNz2hdp","MOOSPMv3Parser",1789010401,2,2,2,3,3,3,4,3,3,4,597,159,181022,20,16,1,17,17,31,24,17,1,32,35,35,33,25.182,263,3277,3e-05,-0.004183,1295.052002,7,600,58,3,"e00fce68e28dcbc9a589be10",2026-09-10 03:20:04.009,2026-09-10 03:20:04.232,2026-09-10 03:20:04.232,2026-09-10
"206","6HyVvajgol","MOOSPMv3Parser",1789010401,1,1,1,2,2,2,3,2,2,3,467,100,277181,14,11,1,11,12,30,15,12,1,36,34,21,27,513.031,12,2,36.138996,-120.368233,199.313995,5,600,58,3,"e00fce6850cac69f647dc199",2026-09-10 03:20:04.823,2026-09-10 03:20:04.993,2026-09-10 03:20:04.993,2026-09-10
"207","N9AEtbZPAp","MOOSPMv3Parser",1789010400,2,2,2,4,4,5,6,6,6,7,597,179,152489,29,15,5,18,18,0,0,18,1,32,34,36,35,15.706,89,1,36.433655,-119.92337,17.757999,8,600,58,3,"e00fce6876826e255108c6bd",2026-09-10 03:20:05.557,2026-09-10 03:20:05.732,2026-09-10 03:20:05.732,2026-09-10
"208","iWYAoHJqEt","MOOSPMv3Parser",1789011000,0,0,2,0,0,2,3,0,0,3,190,103,30466,12,12,1,13,13,31,30,13,1,33,34,31,30,30.123,115,1,36.198822,-120.104492,74.600998,10,600,58,3,"e00fce686dc2ef0a68fa40b0",2026-09-10 03:30:02.518,2026-09-10 03:30:02.715,2026-09-10 03:30:02.715,2026-09-10
"209","YMFJz8Wf3I","MOOSPMv3Parser",1789011000,4,4,2,5,5,3,4,5,5,5,1018,265,207301,27,16,2,17,17,29,30,17,1,31,33,39,37,18.33,199,1,35.949577,-119.049896,123.507004,8,599,58,3,"e00fce6808784ceaf209f949",2026-09-10 03:30:03.152,2026-09-10 03:30:03.317,2026-09-10 03:30:03.317,2026-09-10
"210","rWiqXOtzVB","MOOSPMv3Parser",1789011000,0,0,4,1,1,8,11,2,2,12,296,201,59129,33,25,6,29,30,32,32,30,1,34,36,35,35,2.23,262,1,35.963173,-119.291924,39.608002,0,600,58,3,"e00fce68d6b773b56ce8baa0",2026-09-10 03:30:03.222,2026-09-10 03:30:03.444,2026-09-10 03:30:03.444,2026-09-10
"211","E4OCVHo4Rv","MOOSPMv3Parser",1789011001,6,6,2,7,7,3,3,7,7,3,1266,336,64659,28,18,1,19,19,27,50,19,1,29,31,53,49,12.253,257,1,36.523338,-119.278732,67.367996,7,600,58,3,"e00fce68f12da1a0c5de6248",2026-09-10 03:30:03.368,2026-09-10 03:30:03.524,2026-09-10 03:30:03.524,2026-09-10
"212","uW0vZJmnmy","MOOSPMv3Parser",1789011000,4,4,2,5,5,4,4,6,6,5,1387,253,104104,29,18,2,19,20,30,33,20,1,34,34,35,37,26.273,193,1,35.775036,-119.23848,68.870003,9,600,58,3,"e00fce68e88237db75a60608",2026-09-10 03:30:03.858,2026-09-10 03:30:04.014,2026-09-10 03:30:04.014,2026-09-10
"213","C4pH1S3UEE","MOOSPMv3Parser",1789011001,2,2,2,3,3,3,4,3,3,4,632,168,181036,19,17,1,18,18,30,24,18,1,32,34,36,34,25.253,255,3277,3e-05,-0.004183,1295.052002,7,600,58,3,"e00fce68e28dcbc9a589be10",2026-09-10 03:30:03.936,2026-09-10 03:30:04.136,2026-09-10 03:30:04.136,2026-09-10
"214","hDA5PwYhvv","MOOSPMv3Parser",1789011001,2,2,0,4,4,0,0,5,5,0,934,201,0,31,0,6,0,0,30,23,0,2,33,34,32,33,26.242,155,3,36.187492,-119.821999,31.646,8,600,58,3,"e00fce68e739ecbcf9e91965",2026-09-10 03:30:04.242,2026-09-10 03:30:04.435,2026-09-10 03:30:04.435,2026-09-10
"215","c2W11K4Y95","MOOSPMv3Parser",1789011001,1,1,1,1,1,2,3,1,1,3,428,93,277185,10,10,1,10,11,29,15,11,1,36,33,21,27,366.76,34,2,36.138958,-120.36824,199.026993,5,600,58,3,"e00fce6850cac69f647dc199",2026-09-10 03:30:04.999,2026-09-10 03:30:05.172,2026-09-10 03:30:05.172,2026-09-10
"216","t1FHdMTW9z","MOOSPMv3Parser",1789011000,2,2,2,3,3,4,6,5,5,7,520,156,152498,27,14,5,16,16,0,0,17,1,32,33,35,35,16.801,89,1,36.433624,-119.923302,36.965,11,600,58,3,"e00fce6876826e255108c6bd",2026-09-10 03:30:05.37,2026-09-10 03:30:05.545,2026-09-10 03:30:05.545,2026-09-10
"217","m732trxlvZ","MOOSPMv3Parser",1789011600,0,0,4,2,2,8,11,2,2,12,304,205,59146,35,26,7,30,31,31,32,31,1,34,35,35,35,5.607,241,1,35.963215,-119.291817,49.798,10,600,58,3,"e00fce68d6b773b56ce8baa0",2026-09-10 03:40:02.997,2026-09-10 03:40:03.209,2026-09-10 03:40:03.209,2026-09-10
"218","QbHfm2jfS2","MOOSPMv3Parser",1789011600,6,6,3,7,7,4,5,8,8,6,1303,340,206973,37,23,3,24,24,29,32,24,1,31,33,40,39,11.693,256,1,35.949512,-119.050003,108.461998,8,600,58,3,"e00fce6808784ceaf209f949",2026-09-10 03:40:03.128,2026-09-10 03:40:03.293,2026-09-10 03:40:03.293,2026-09-10
"219","Fz0yx102wD","MOOSPMv3Parser",1789011601,3,3,1,3,3,2,2,4,4,3,1226,195,37227,18,9,2,10,10,27,29,10,1,29,30,38,39,26.89,331,1,36.503197,-120.325394,62.636002,9,600,58,3,"e00fce68e77e43df92405fdb",2026-09-10 03:40:03.088,2026-09-10 03:40:03.329,2026-09-10 03:40:03.329,2026-09-10
"220","RKt7L8osJ8","MOOSPMv3Parser",1789011601,6,6,2,7,7,3,3,8,8,3,1289,347,64675,32,19,1,20,20,27,56,20,0,28,30,60,53,8.47,291,1,36.523285,-119.278893,126.152,6,600,58,3,"e00fce68f12da1a0c5de6248",2026-09-10 03:40:03.328,2026-09-10 03:40:03.523,2026-09-10 03:40:03.523,2026-09-10
"221","CBhVj1bZWi","MOOSPMv3Parser",1789011600,0,0,2,0,0,2,3,0,0,3,189,100,30476,12,13,1,13,13,30,31,13,1,32,34,32,31,30.649,100,1,36.198769,-120.104431,86.050003,12,600,58,3,"e00fce686dc2ef0a68fa40b0",2026-09-10 03:40:03.753,2026-09-10 03:40:03.914,2026-09-10 03:40:03.914,2026-09-10
"222","60F8KuxpgQ","MOOSPMv3Parser",1789011600,4,4,2,6,6,3,4,6,6,4,1378,249,104118,28,18,2,19,19,30,33,19,1,33,34,36,38,23.221,215,1,35.774971,-119.238579,69.230003,6,600,58,3,"e00fce68e88237db75a60608",2026-09-10 03:40:03.776,2026-09-10 03:40:03.927,2026-09-10 03:40:03.927,2026-09-10
"223","mNmCDZvaiN","MOOSPMv3Parser",1789011601,2,2,2,4,4,3,4,4,4,4,673,180,181051,23,18,2,18,18,30,25,18,1,32,34,36,34,25.676,238,3277,3e-05,-0.004183,1295.052002,7,600,58,3,"e00fce68e28dcbc9a589be10",2026-09-10 03:40:03.919,2026-09-10 03:40:04.053,2026-09-10 03:40:04.053,2026-09-10
"224","Pb8QFMntXX","MOOSPMv3Parser",1789011601,1,1,1,1,1,2,3,1,1,3,440,91,277191,11,10,1,11,11,29,16,11,1,36,33,22,28,57.329,52,1,36.138897,-120.368416,181.078003,5,600,58,3,"e00fce6850cac69f647dc199",2026-09-10 03:40:04.031,2026-09-10 03:40:04.189,2026-09-10 03:40:04.189,2026-09-10
"225","7Izf00FsuO","MOOSPMv3Parser",1789011601,2,2,0,4,4,0,0,4,4,0,956,215,0,29,0,2,0,0,30,23,0,2,33,34,32,33,24.748,178,3,36.187473,-119.82222,13.6,7,600,58,3,"e00fce68e739ecbcf9e91965",2026-09-10 03:40:04.097,2026-09-10 03:40:04.301,2026-09-10 03:40:04.301,2026-09-10
"226","0RA9PAZjEa","MOOSPMv3Parser",1789011600,2,2,2,4,4,5,7,6,6,8,557,168,152508,28,16,6,19,19,0,0,19,1,32,33,33,34,18.662,89,1,36.433491,-119.92337,22.628,8,600,58,3,"e00fce6876826e255108c6bd",2026-09-10 03:40:05.375,2026-09-10 03:40:05.555,2026-09-10 03:40:05.555,2026-09-10
"227","gULIDXeG45","MOOSPMv3Parser",1789012200,0,0,2,0,0,2,3,0,0,3,185,98,30485,11,11,1,12,12,30,32,12,1,31,34,34,32,25.861,160,1,36.198883,-120.104408,87.745003,11,600,58,3,"e00fce686dc2ef0a68fa40b0",2026-09-10 03:50:02.628,2026-09-10 03:50:02.807,2026-09-10 03:50:02.807,2026-09-10
"228","chyablsIZs","MOOSPMv3Parser",1789012200,9,9,5,12,12,6,7,12,12,7,1777,484,207350,69,37,3,38,38,29,33,38,1,31,32,41,39,11.469,254,1,35.949711,-119.049896,126.504997,6,599,58,3,"e00fce6808784ceaf209f949",2026-09-10 03:50:02.892,2026-09-10 03:50:03.068,2026-09-10 03:50:03.068,2026-09-10
"229","Fe09xI9bAp","MOOSPMv3Parser",1789012200,0,0,4,1,1,7,10,2,2,12,295,200,59163,32,26,6,30,30,31,32,31,1,33,35,37,36,6.55,235,1,35.963177,-119.291824,56.972,10,600,58,3,"e00fce68d6b773b56ce8baa0",2026-09-10 03:50:03.162,2026-09-10 03:50:03.368,2026-09-10 03:50:03.368,2026-09-10
"230","5vGy1cqbNL","MOOSPMv3Parser",1789012201,8,8,3,9,9,3,3,9,9,4,1579,428,64695,38,22,1,23,23,27,55,23,0,28,30,56,52,7.127,306,1,36.523434,-119.278877,76.782997,7,600,58,3,"e00fce68f12da1a0c5de6248",2026-09-10 03:50:03.782,2026-09-10 03:50:03.952,2026-09-10 03:50:03.952,2026-09-10
"231","1mESz1UFCs","MOOSPMv3Parser",1789012200,7,7,4,9,9,5,5,10,10,5,1953,398,104144,45,30,3,30,30,30,34,30,1,33,34,37,38,21.715,217,1,35.775105,-119.238564,57.330002,9,600,58,3,"e00fce68e88237db75a60608",2026-09-10 03:50:03.851,2026-09-10 03:50:04.026,2026-09-10 03:50:04.026,2026-09-10
"232","Q8sGOjPk9Z","MOOSPMv3Parser",1789012201,3,3,2,4,4,3,4,4,4,4,665,181,181066,23,17,2,18,18,30,25,18,1,32,34,35,34,26.286,225,3277,3e-05,-0.004183,1295.052002,7,600,58,3,"e00fce68e28dcbc9a589be10",2026-09-10 03:50:03.934,2026-09-10 03:50:04.081,2026-09-10 03:50:04.081,2026-09-10
"233","EzuUGHkUmv","MOOSPMv3Parser",1789012201,3,3,0,6,6,0,0,7,7,0,1213,276,0,42,0,7,0,0,30,22,0,2,33,34,31,32,24.559,195,3,36.187508,-119.822121,27.972,7,600,58,3,"e00fce68e739ecbcf9e91965",2026-09-10 03:50:04.016,2026-09-10 03:50:04.201,2026-09-10 03:50:04.201,2026-09-10
"234","3hRdZwevXe","MOOSPMv3Parser",1789012201,1,1,1,2,2,2,3,2,2,3,448,97,277198,15,10,1,11,11,28,16,11,1,35,32,22,28,43.023,93,1,36.138927,-120.368294,182.632004,5,600,58,3,"e00fce6850cac69f647dc199",2026-09-10 03:50:04.352,2026-09-10 03:50:04.543,2026-09-10 03:50:04.543,2026-09-10
"235","eqOa8gxyfY","MOOSPMv3Parser",1789012200,2,2,2,4,4,4,6,5,5,7,627,188,152517,27,15,4,17,18,0,0,18,1,31,33,34,35,19.405,89,1,36.433598,-119.923363,31.365,8,600,58,3,"e00fce6876826e255108c6bd",2026-09-10 03:50:05.384,2026-09-10 03:50:05.533,2026-09-10 03:50:05.533,2026-09-10
"236","iOQNnbUXQX","MOOSPMv3Parser",1789012201,3,3,1,3,3,2,2,4,4,2,1177,191,37235,17,10,1,10,11,-10,-10,11,1,28,30,39,40,25.486,339,1,36.503204,-120.325447,72.149002,7,600,58,3,"e00fce68e77e43df92405fdb",2026-09-10 03:50:08.789,2026-09-10 03:50:08.949,2026-09-10 03:50:08.949,2026-09-10
"237","SGicpSZyzF","MOOSPMv3Parser",1789012800,0,0,4,1,1,7,9,2,2,11,291,193,59180,32,24,6,28,28,31,33,28,1,33,34,38,36,2.767,251,1,35.9632,-119.291786,44.028999,10,600,58,3,"e00fce68d6b773b56ce8baa0",2026-09-10 04:00:02.911,2026-09-10 04:00:03.248,2026-09-10 04:00:03.248,2026-09-10
"238","u9gNMxU4Vf","MOOSPMv3Parser",1789012800,0,0,1,0,0,2,2,0,0,3,187,98,30493,10,10,1,11,11,29,32,11,1,30,33,36,32,19.241,221,1,36.198914,-120.104385,83.128998,9,600,58,3,"e00fce686dc2ef0a68fa40b0",2026-09-10 04:00:03.07,2026-09-10 04:00:03.398,2026-09-10 04:00:03.398,2026-09-10
"239","GjwxjU384t","MOOSPMv3Parser",1789012800,8,8,4,10,10,5,5,11,11,6,1708,449,207375,53,30,4,31,31,28,36,31,1,30,32,45,42,9.253,260,1,35.94965,-119.049973,117.055,7,599,58,3,"e00fce6808784ceaf209f949",2026-09-10 04:00:03.185,2026-09-10 04:00:03.432,2026-09-10 04:00:03.432,2026-09-10
"240","QTh8ZzfxHM","MOOSPMv3Parser",1789012800,9,9,4,11,11,5,5,12,12,5,2171,465,104173,60,34,4,35,35,30,36,35,0,33,33,38,40,19.976,230,1,35.775055,-119.23851,68.508003,8,600,58,3,"e00fce68e88237db75a60608",2026-09-10 04:00:03.93,2026-09-10 04:00:04.12,2026-09-10 04:00:04.12,2026-09-10
"241","xnDQdpyWH5","MOOSPMv3Parser",1789012801,2,2,2,3,3,3,4,4,4,4,655,179,181081,20,17,2,18,18,30,24,18,1,32,34,34,34,27.047,217,3277,3e-05,-0.004183,1295.052002,7,600,58,3,"e00fce68e28dcbc9a589be10",2026-09-10 04:00:03.924,2026-09-10 04:00:04.164,2026-09-10 04:00:04.164,2026-09-10
"242","KSpg3IP0ny","MOOSPMv3Parser",1789012801,4,4,0,6,6,0,0,6,6,0,1201,281,0,39,0,3,0,0,30,21,0,2,33,34,29,31,27.169,157,3,36.187508,-119.822121,27.971001,0,600,58,3,"e00fce68e739ecbcf9e91965",2026-09-10 04:00:04.154,2026-09-10 04:00:04.348,2026-09-10 04:00:04.348,2026-09-10
"243","KcwBOUv7Fr","MOOSPMv3Parser",1789012801,2,2,1,3,3,2,2,3,3,2,1138,184,37243,15,10,1,10,10,26,29,10,1,28,29,38,39,26.217,328,1,36.503204,-120.325447,72.151001,0,600,58,3,"e00fce68e77e43df92405fdb",2026-09-10 04:00:04.724,2026-09-10 04:00:04.901,2026-09-10 04:00:04.901,2026-09-10
"244","n6PjxmSnMR","MOOSPMv3Parser",1789012801,1,1,1,1,1,2,2,2,2,2,455,97,277202,13,10,1,10,10,28,18,10,1,34,31,24,30,39.119,98,1,36.139011,-120.368225,180.888,5,600,58,3,"e00fce6850cac69f647dc199",2026-09-10 04:00:05.06,2026-09-10 04:00:05.204,2026-09-10 04:00:05.204,2026-09-10
"245","TUcwvwcfWp","MOOSPMv3Parser",1789012800,3,3,2,5,5,4,5,6,6,6,726,220,152531,30,18,5,20,20,0,0,20,1,31,32,35,36,17.918,89,1,36.433758,-119.923386,32.498001,7,600,58,3,"e00fce6876826e255108c6bd",2026-09-10 04:00:05.322,2026-09-10 04:00:05.508,2026-09-10 04:00:05.508,2026-09-10
"246","O2u0TkD1JM","MOOSPMv3Parser",1789012801,8,8,3,9,9,3,4,9,9,4,1625,429,64714,39,22,1,22,22,26,55,22,1,28,30,55,52,6.523,303,1,36.523396,-119.278839,58.161999,6,600,58,3,"e00fce68f12da1a0c5de6248",2026-09-10 04:00:07.298,2026-09-10 04:00:07.474,2026-09-10 04:00:07.474,2026-09-10
"247","3f1734Neui","MOOSPMv3Parser",1789013400,0,0,2,0,0,2,3,0,0,3,176,91,30501,10,11,1,12,12,29,32,12,1,30,33,36,32,15.815,250,1,36.198765,-120.104446,78.403,6,600,58,3,"e00fce686dc2ef0a68fa40b0",2026-09-10 04:10:02.573,2026-09-10 04:10:02.73,2026-09-10 04:10:02.73,2026-09-10
"248","GZhdGQMsYK","MOOSPMv3Parser",1789013400,9,9,3,11,11,5,6,12,12,7,1775,467,207047,52,24,4,26,26,28,39,26,1,29,31,47,44,5.005,283,1,35.949577,-119.049957,136.796997,3,600,58,3,"e00fce6808784ceaf209f949",2026-09-10 04:10:03.144,2026-09-10 04:10:03.319,2026-09-10 04:10:03.319,2026-09-10
"249","MTKDPbFgsA","MOOSPMv3Parser",1789013400,0,0,3,1,1,6,8,1,1,9,288,192,59196,31,23,5,26,27,31,34,27,1,32,34,39,38,2.958,252,1,35.96312,-119.29184,42.386002,10,600,58,3,"e00fce68d6b773b56ce8baa0",2026-09-10 04:10:03.224,2026-09-10 04:10:03.372,2026-09-10 04:10:03.372,2026-09-10
"250","OeEatYYx1j","MOOSPMv3Parser",1789013401,7,7,3,9,9,4,5,9,9,5,1497,402,64734,37,24,2,25,25,26,58,25,1,28,29,58,54,6.363,321,1,36.523418,-119.278793,71.386002,5,600,58,3,"e00fce68f12da1a0c5de6248",2026-09-10 04:10:03.465,2026-09-10 04:10:03.648,2026-09-10 04:10:03.648,2026-09-10
"251","JvF5oNXw7O","MOOSPMv3Parser",1789013401,3,3,2,4,4,3,4,4,4,4,671,181,181096,22,17,2,18,18,30,24,18,1,32,33,33,34,26.867,212,3277,3e-05,-0.004183,1295.052002,7,600,58,3,"e00fce68e28dcbc9a589be10",2026-09-10 04:10:04.01,2026-09-10 04:10:04.188,2026-09-10 04:10:04.188,2026-09-10
"252","GEQ3WksYRh","MOOSPMv3Parser",1789013400,8,8,4,10,10,5,5,11,11,5,2089,441,104202,53,33,3,33,33,29,39,33,1,32,33,41,42,17.007,240,1,35.775116,-119.238419,65.328003,7,600,58,3,"e00fce68e88237db75a60608",2026-09-10 04:10:04.114,2026-09-10 04:10:04.304,2026-09-10 04:10:04.304,2026-09-10
"253","pddElReRZy","MOOSPMv3Parser",1789013401,3,3,0,6,6,0,0,6,6,0,1139,263,0,36,0,4,0,0,30,20,0,2,33,34,29,31,27.553,127,5,36.187515,-119.82206,30.568001,7,600,58,3,"e00fce68e739ecbcf9e91965",2026-09-10 04:10:04.244,2026-09-10 04:10:04.411,2026-09-10 04:10:04.411,2026-09-10
"254","cZLb4ckSh3","MOOSPMv3Parser",1789013401,1,1,1,2,2,2,2,2,2,2,448,96,277214,13,11,1,11,11,27,19,11,1,33,31,24,30,38.186,121,1,36.139091,-120.368362,170.873001,7,600,58,3,"e00fce6850cac69f647dc199",2026-09-10 04:10:05.156,2026-09-10 04:10:05.356,2026-09-10 04:10:05.356,2026-09-10
"255","Et0HUvgBGT","MOOSPMv3Parser",1789013400,2,2,2,4,4,4,5,5,5,5,555,166,152541,26,14,5,16,16,0,0,16,1,30,32,35,36,18.207,89,1,36.433468,-119.923325,22.436001,6,600,58,3,"e00fce6876826e255108c6bd",2026-09-10 04:10:05.581,2026-09-10 04:10:05.714,2026-09-10 04:10:05.714,2026-09-10
"256","2qxUfN9nEW","MOOSPMv3Parser",1789014000,0,0,4,1,1,7,9,2,2,11,300,205,59214,31,26,5,29,29,30,34,30,1,32,34,39,38,2.511,255,1,35.963276,-119.291824,61.250999,8,600,58,3,"e00fce68d6b773b56ce8baa0",2026-09-10 04:20:02.919,2026-09-10 04:20:03.149,2026-09-10 04:20:03.149,2026-09-10
"257","4GnaTzm0F2","MOOSPMv3Parser",1789014000,11,11,4,15,15,7,9,15,15,10,2281,613,207415,73,29,4,32,32,28,41,32,1,29,31,49,45,0.943,307,1,35.949608,-119.049934,139.037003,5,599,58,3,"e00fce6808784ceaf209f949",2026-09-10 04:20:03.132,2026-09-10 04:20:03.306,2026-09-10 04:20:03.306,2026-09-10
"258","5tSUTXq10j","MOOSPMv3Parser",1789014001,8,8,3,9,9,3,4,10,10,4,1592,431,64754,42,23,2,23,24,26,59,24,0,27,29,61,54,4.526,312,1,36.523445,-119.278816,93.342003,8,600,58,3,"e00fce68f12da1a0c5de6248",2026-09-10 04:20:03.447,2026-09-10 04:20:03.607,2026-09-10 04:20:03.607,2026-09-10
"259","fcwoyeFPNB","MOOSPMv3Parser",1789014000,0,0,2,0,0,2,3,0,0,3,179,92,30510,11,11,1,12,12,28,32,12,1,30,32,34,32,19.908,178,1,36.198879,-120.104431,82.538002,7,600,58,3,"e00fce686dc2ef0a68fa40b0",2026-09-10 04:20:03.642,2026-09-10 04:20:03.823,2026-09-10 04:20:03.823,2026-09-10
"260","hzQPtImoji","MOOSPMv3Parser",1789014000,6,6,3,8,8,4,4,9,9,5,1745,356,104225,42,27,2,27,28,29,43,28,1,31,33,45,44,11.365,306,1,35.77512,-119.238388,52.418999,7,600,58,3,"e00fce68e88237db75a60608",2026-09-10 04:20:03.929,2026-09-10 04:20:04.089,2026-09-10 04:20:04.089,2026-09-10
"261","aZHiZfXVHB","MOOSPMv3Parser",1789014001,2,2,2,3,3,3,3,3,3,3,581,159,181109,19,16,1,17,17,30,23,17,1,32,33,32,33,26.463,212,3277,3e-05,-0.004183,1295.052002,7,600,58,3,"e00fce68e28dcbc9a589be10",2026-09-10 04:20:03.921,2026-09-10 04:20:04.119,2026-09-10 04:20:04.119,2026-09-10
"262","xtxg2q0uM9","MOOSPMv3Parser",1789014001,3,3,0,4,4,0,0,5,5,0,1029,230,0,31,0,3,0,0,30,20,0,2,33,33,29,31,26.096,156,5,36.187416,-119.822029,21.799999,9,600,58,3,"e00fce68e739ecbcf9e91965",2026-09-10 04:20:04.103,2026-09-10 04:20:04.274,2026-09-10 04:20:04.274,2026-09-10
"263","1YblHYjWlZ","MOOSPMv3Parser",1789014001,1,1,1,2,2,2,2,2,2,2,442,96,277223,11,10,1,10,10,27,19,10,1,32,30,25,31,39.239,109,1,36.138966,-120.368477,173.005005,7,600,58,3,"e00fce6850cac69f647dc199",2026-09-10 04:20:04.188,2026-09-10 04:20:04.393,2026-09-10 04:20:04.393,2026-09-10
"264","cfqUWoa9KE","MOOSPMv3Parser",1789014000,2,2,2,3,3,3,4,4,4,5,490,147,152550,22,14,3,15,15,1,0,15,1,30,32,35,36,17.941,89,1,36.433632,-119.923347,34.240002,8,600,58,3,"e00fce6876826e255108c6bd",2026-09-10 04:20:05.406,2026-09-10 04:20:05.567,2026-09-10 04:20:05.567,2026-09-10
"265","3szMWKDhlB","MOOSPMv3Parser",1789014600,0,0,2,0,0,3,4,0,0,4,187,101,30520,11,14,2,15,15,28,31,16,1,30,32,32,31,23.763,139,1,36.198895,-120.104477,88.257004,8,600,58,3,"e00fce686dc2ef0a68fa40b0",2026-09-10 04:30:02.543,2026-09-10 04:30:02.765,2026-09-10 04:30:02.765,2026-09-10
"266","pJSThXq23o","MOOSPMv3Parser",1789014600,11,11,4,15,15,8,10,16,16,11,2350,624,207438,76,32,5,35,36,27,45,36,1,29,31,50,47,0.844,306,1,35.94965,-119.050026,150.373001,5,599,58,3,"e00fce6808784ceaf209f949",2026-09-10 04:30:03.145,2026-09-10 04:30:03.342,2026-09-10 04:30:03.342,2026-09-10
"267","OSCCjrza0d","MOOSPMv3Parser",1789014600,1,1,4,3,3,6,8,3,3,10,355,248,59233,37,27,6,29,30,30,34,30,1,32,34,39,38,2.516,243,1,35.963142,-119.291847,64.478996,8,600,58,3,"e00fce68d6b773b56ce8baa0",2026-09-10 04:30:03.318,2026-09-10 04:30:03.476,2026-09-10 04:30:03.476,2026-09-10
"268","KX6WIPWTH8","MOOSPMv3Parser",1789014601,8,8,3,10,10,4,4,10,10,4,1635,446,64775,42,24,2,24,24,26,59,24,0,27,29,60,54,4.366,308,1,36.523403,-119.27874,77.058998,7,600,58,3,"e00fce68f12da1a0c5de6248",2026-09-10 04:30:03.631,2026-09-10 04:30:03.821,2026-09-10 04:30:03.821,2026-09-10
"269","01aApF05A0","MOOSPMv3Parser",1789014600,6,6,3,8,8,4,5,9,9,5,1744,355,104247,41,26,2,27,27,28,46,27,1,31,32,46,46,7.784,344,1,35.77499,-119.238609,75.403999,4,600,58,3,"e00fce68e88237db75a60608",2026-09-10 04:30:03.859,2026-09-10 04:30:04.034,2026-09-10 04:30:04.034,2026-09-10
"270","GRqvBnaGry","MOOSPMv3Parser",1789014601,2,2,2,3,3,3,3,3,3,3,515,139,181121,15,15,1,15,15,30,22,15,1,32,33,31,32,28.351,177,3277,3e-05,-0.004183,1295.052002,7,600,58,3,"e00fce68e28dcbc9a589be10",2026-09-10 04:30:04.099,2026-09-10 04:30:04.284,2026-09-10 04:30:04.284,2026-09-10
"271","95wMrbw2yJ","MOOSPMv3Parser",1789014601,3,3,0,4,4,0,0,5,5,0,983,221,0,28,0,3,0,0,30,20,0,2,32,33,30,31,25.263,173,6,36.187553,-119.821884,43.705002,10,600,58,3,"e00fce68e739ecbcf9e91965",2026-09-10 04:30:04.091,2026-09-10 04:30:04.298,2026-09-10 04:30:04.298,2026-09-10
"272","wztiS5LRR5","MOOSPMv3Parser",1789014601,1,1,1,2,2,2,2,2,2,3,483,109,277231,13,10,1,11,11,26,20,11,1,32,30,26,32,42.79,58,2,36.138977,-120.368393,167.423996,12,600,58,3,"e00fce6850cac69f647dc199",2026-09-10 04:30:04.364,2026-09-10 04:30:04.588,2026-09-10 04:30:04.588,2026-09-10
"273","avDZCnyz7h","MOOSPMv3Parser",1789014600,2,2,2,4,4,3,4,4,4,4,546,163,152559,26,14,4,15,15,0,0,15,1,30,31,35,36,16.497,90,1,36.433487,-119.923286,19.188,9,600,58,3,"e00fce6876826e255108c6bd",2026-09-10 04:30:05.378,2026-09-10 04:30:05.547,2026-09-10 04:30:05.547,2026-09-10
"274","TTK2O5DZY3","MOOSPMv3Parser",1789015200,0,0,2,0,0,3,3,0,0,4,186,100,30530,12,12,2,13,13,28,32,14,1,30,31,33,32,27.257,94,1,36.198841,-120.1045,92.698997,7,600,58,3,"e00fce686dc2ef0a68fa40b0",2026-09-10 04:40:02.854,2026-09-10 04:40:03.033,2026-09-10 04:40:03.033,2026-09-10
"275","5R8gF4Sjan","MOOSPMv3Parser",1789015200,0,0,3,1,1,6,8,2,2,9,290,198,59251,30,24,5,27,28,30,35,28,1,32,33,41,39,3.055,242,1,35.963184,-119.291855,61.419998,7,600,58,3,"e00fce68d6b773b56ce8baa0",2026-09-10 04:40:02.846,2026-09-10 04:40:03.046,2026-09-10 04:40:03.046,2026-09-10
"276","iLlVN1hUh0","MOOSPMv3Parser",1789015200,9,9,3,12,12,6,7,12,12,8,1802,480,207456,60,25,4,27,28,27,45,28,1,29,30,49,47,2.76,287,1,35.949451,-119.049957,112.738998,7,599,58,3,"e00fce6808784ceaf209f949",2026-09-10 04:40:03.291,2026-09-10 04:40:03.492,2026-09-10 04:40:03.492,2026-09-10
"277","fqGtaacgjB","MOOSPMv3Parser",1789015201,9,9,3,10,10,4,4,11,11,4,1733,471,64796,43,24,1,25,25,25,62,25,0,26,28,63,56,5.256,281,1,36.523315,-119.278885,94.501999,7,600,58,3,"e00fce68f12da1a0c5de6248",2026-09-10 04:40:03.752,2026-09-10 04:40:03.924,2026-09-10 04:40:03.924,2026-09-10
"278","cL4Q0C8eVN","MOOSPMv3Parser",1789015201,2,2,2,2,2,2,3,2,2,3,469,125,181130,13,13,1,14,14,29,21,14,1,32,33,30,31,30.687,138,3277,3e-05,-0.004183,1295.052002,7,600,58,3,"e00fce68e28dcbc9a589be10",2026-09-10 04:40:03.92,2026-09-10 04:40:04.108,2026-09-10 04:40:04.108,2026-09-10
"279","F3eRBtAboF","MOOSPMv3Parser",1789015200,6,6,3,8,8,4,5,8,8,5,1720,347,104269,41,27,2,27,28,28,47,28,1,31,32,46,46,7.742,348,1,35.77504,-119.238541,69.674004,13,600,58,3,"e00fce68e88237db75a60608",2026-09-10 04:40:04.033,2026-09-10 04:40:04.21,2026-09-10 04:40:04.21,2026-09-10
"280","wN9XJPNxIy","MOOSPMv3Parser",1789015201,2,2,0,4,4,0,0,4,4,0,887,195,0,30,0,4,0,0,29,20,0,2,32,33,30,31,25.607,169,6,36.187473,-119.822159,20.573,8,600,58,3,"e00fce68e739ecbcf9e91965",2026-09-10 04:40:04.093,2026-09-10 04:40:04.253,2026-09-10 04:40:04.253,2026-09-10
"281","H5yGsyhCc6","MOOSPMv3Parser",1789015201,1,1,1,2,2,2,2,2,2,2,499,109,277239,16,10,1,10,11,26,20,11,1,32,29,26,32,45.936,47,2,36.138977,-120.368393,167.425995,0,600,58,3,"e00fce6850cac69f647dc199",2026-09-10 04:40:04.77,2026-09-10 04:40:04.917,2026-09-10 04:40:04.917,2026-09-10
"282","3yOqY8SeLL","MOOSPMv3Parser",1789015200,2,2,2,3,3,3,4,4,4,4,585,174,152571,22,15,3,16,16,0,0,16,1,30,31,35,36,16.262,90,1,36.433662,-119.923393,32.314999,6,600,58,3,"e00fce6876826e255108c6bd",2026-09-10 04:40:05.377,2026-09-10 04:40:05.568,2026-09-10 04:40:05.568,2026-09-10
"283","Cgoo9qCVXR","MOOSPMv3Parser",1789015800,0,0,1,0,0,2,3,0,0,3,189,98,30537,11,10,1,10,10,28,31,10,1,30,31,30,31,29.273,68,1,36.198841,-120.1045,92.699997,0,600,58,3,"e00fce686dc2ef0a68fa40b0",2026-09-10 04:50:02.692,2026-09-10 04:50:02.858,2026-09-10 04:50:02.858,2026-09-10
"284","jr30npiUzv","MOOSPMv3Parser",1789015800,0,0,3,1,1,6,8,1,1,9,282,191,59267,27,24,5,26,27,30,35,27,1,31,33,41,39,1.715,248,1,35.963112,-119.291878,64.459,7,600,58,3,"e00fce68d6b773b56ce8baa0",2026-09-10 04:50:03.277,2026-09-10 04:50:03.472,2026-09-10 04:50:03.472,2026-09-10
"285","7dVxuoSZpN","MOOSPMv3Parser",1789015800,8,8,3,11,11,5,6,11,11,6,1746,464,207475,52,25,3,26,26,26,46,26,1,29,30,49,47,8.103,247,1,35.949444,-119.049919,109.655998,7,599,58,3,"e00fce6808784ceaf209f949",2026-09-10 04:50:03.278,2026-09-10 04:50:03.484,2026-09-10 04:50:03.484,2026-09-10
"286","R6eGcEtr59","MOOSPMv3Parser",1789015801,9,9,3,11,11,3,4,11,11,4,1796,490,64816,43,23,2,24,24,25,60,24,0,27,28,60,55,8.577,247,1,36.523315,-119.278885,94.497002,0,600,58,3,"e00fce68f12da1a0c5de6248",2026-09-10 04:50:03.456,2026-09-10 04:50:03.614,2026-09-10 04:50:03.614,2026-09-10
"287","65C4Os0IQ9","MOOSPMv3Parser",1789015800,6,6,3,8,8,4,5,8,8,5,1768,359,104290,41,25,2,26,26,28,48,26,1,31,31,47,47,9.854,334,1,35.775078,-119.238495,60.521,9,600,58,3,"e00fce68e88237db75a60608",2026-09-10 04:50:03.934,2026-09-10 04:50:04.106,2026-09-10 04:50:04.106,2026-09-10
"288","JkkEcFjURK","MOOSPMv3Parser",1789015801,2,2,2,3,3,2,3,3,3,3,499,133,181140,19,14,2,15,15,29,20,15,1,32,33,29,30,32.929,113,3277,3e-05,-0.004183,1295.052002,7,600,58,3,"e00fce68e28dcbc9a589be10",2026-09-10 04:50:04.012,2026-09-10 04:50:04.237,2026-09-10 04:50:04.237,2026-09-10
"289","BAdmExEMuR","MOOSPMv3Parser",1789015801,2,2,0,3,3,0,0,4,4,0,803,175,0,23,0,3,0,0,29,20,0,2,31,33,30,31,24.821,149,7,36.187454,-119.822121,20.336,7,600,58,3,"e00fce68e739ecbcf9e91965",2026-09-10 04:50:04.099,2026-09-10 04:50:04.301,2026-09-10 04:50:04.301,2026-09-10
"290","jWYsA5Kw8v","MOOSPMv3Parser",1789015801,1,1,1,2,2,2,2,2,2,2,516,116,277250,14,11,1,12,12,26,21,12,1,32,29,27,33,47.416,32,2,36.138996,-120.368469,171.682007,7,600,58,3,"e00fce6850cac69f647dc199",2026-09-10 04:50:05.089,2026-09-10 04:50:05.297,2026-09-10 04:50:05.297,2026-09-10
"291","OvsTP6tJ5U","MOOSPMv3Parser",1789015800,3,3,4,6,6,5,6,8,8,6,783,239,152596,41,30,7,31,31,0,0,31,1,29,31,36,36,17.424,90,1,36.433662,-119.923393,32.32,0,600,58,3,"e00fce6876826e255108c6bd",2026-09-10 04:50:05.411,2026-09-10 04:50:05.582,2026-09-10 04:50:05.582,2026-09-10
"292","nkKsSpB9ZC","MOOSPMv3Parser",1789016400,0,0,4,1,1,7,9,2,2,10,293,198,59286,34,27,7,30,30,29,36,31,1,31,33,42,40,0.611,248,1,35.96315,-119.29187,47.294998,10,600,58,3,"e00fce68d6b773b56ce8baa0",2026-09-10 05:00:03.08,2026-09-10 05:00:03.294,2026-09-10 05:00:03.294,2026-09-10
"293","6GtUdRF1G7","MOOSPMv3Parser",1789016400,9,9,3,12,12,5,5,13,13,6,1920,515,207497,57,25,3,26,27,26,46,27,1,29,30,49,47,8.291,244,1,35.94949,-119.049973,102.316002,6,599,58,3,"e00fce6808784ceaf209f949",2026-09-10 05:00:03.15,2026-09-10 05:00:03.396,2026-09-10 05:00:03.396,2026-09-10
"294","EnxuyS31im","MOOSPMv3Parser",1789016401,9,9,4,11,11,5,6,11,11,6,1745,477,64839,46,28,2,29,30,25,63,30,1,27,28,62,58,5.02,292,1,36.52335,-119.278831,89.111,8,600,58,3,"e00fce68f12da1a0c5de6248",2026-09-10 05:00:03.464,2026-09-10 05:00:03.708,2026-09-10 05:00:03.708,2026-09-10
"295","rQG6CfArx0","MOOSPMv3Parser",1789016400,0,0,1,0,0,2,2,0,0,3,184,97,30544,9,9,1,10,10,28,31,10,1,30,31,30,31,29.786,48,1,36.198761,-120.104439,84.096001,10,600,58,3,"e00fce686dc2ef0a68fa40b0",2026-09-10 05:00:03.637,2026-09-10 05:00:03.796,2026-09-10 05:00:03.796,2026-09-10
"296","UcLC6ItdbQ","MOOSPMv3Parser",1789016400,7,7,3,9,9,4,5,9,9,5,1849,382,104310,46,24,4,25,25,28,51,25,1,30,31,49,48,9.349,330,1,35.77504,-119.238518,61.952999,7,600,58,3,"e00fce68e88237db75a60608",2026-09-10 05:00:03.935,2026-09-10 05:00:04.092,2026-09-10 05:00:04.092,2026-09-10
"297","yzAO8qr94h","MOOSPMv3Parser",1789016401,2,2,2,3,3,3,3,3,3,3,550,149,181152,17,15,1,15,15,29,20,15,1,32,33,29,30,36.696,61,3277,3e-05,-0.004183,1295.052002,7,600,58,3,"e00fce68e28dcbc9a589be10",2026-09-10 05:00:03.928,2026-09-10 05:00:04.113,2026-09-10 05:00:04.113,2026-09-10
"298","1ffQJXGQro","MOOSPMv3Parser",1789016401,2,2,0,4,4,0,0,4,4,0,829,182,0,28,0,4,0,0,29,20,0,2,31,32,30,31,20.822,174,7,36.187462,-119.822037,25.308001,8,600,58,3,"e00fce68e739ecbcf9e91965",2026-09-10 05:00:04.169,2026-09-10 05:00:04.352,2026-09-10 05:00:04.352,2026-09-10
"299","Tbsm9VdJ2f","MOOSPMv3Parser",1789016401,1,1,2,2,2,2,3,2,2,3,528,121,277263,15,12,1,13,13,26,22,13,1,32,29,27,34,45.616,37,2,36.13903,-120.36837,172.132996,8,600,58,3,"e00fce6850cac69f647dc199",2026-09-10 05:00:04.332,2026-09-10 05:00:04.495,2026-09-10 05:00:04.495,2026-09-10
"300","lfbgseoLRy","MOOSPMv3Parser",1789016400,2,2,2,3,3,3,3,5,5,4,551,163,152606,25,14,5,15,15,0,0,15,1,29,30,37,36,16.626,90,1,36.433689,-119.92337,42.402,5,600,58,3,"e00fce6876826e255108c6bd",2026-09-10 05:00:05.385,2026-09-10 05:00:05.561,2026-09-10 05:00:05.561,2026-09-10
"301","Hqk0gfCoiH","MOOSPMv3Parser",1789017000,0,0,1,0,0,1,2,0,0,2,185,97,30550,9,8,1,8,8,28,31,8,1,30,31,30,31,30.847,49,1,36.198895,-120.104454,99.679001,6,600,58,3,"e00fce686dc2ef0a68fa40b0",2026-09-10 05:10:02.474,2026-09-10 05:10:02.655,2026-09-10 05:10:02.655,2026-09-10
"302","tFsSCC5HYP","MOOSPMv3Parser",1789017000,9,9,3,12,12,4,5,12,12,6,1891,506,207171,58,25,3,27,27,26,47,27,1,28,30,50,48,6.042,252,1,35.94949,-119.049973,102.320999,0,600,58,3,"e00fce6808784ceaf209f949",2026-09-10 05:10:03.068,2026-09-10 05:10:03.256,2026-09-10 05:10:03.256,2026-09-10
"303","QLGFprcTAu","MOOSPMv3Parser",1789017000,0,0,4,2,2,8,12,2,2,13,304,210,59307,37,30,7,34,35,29,36,35,1,30,32,43,41,0.175,252,1,35.96315,-119.29187,47.292,0,600,58,3,"e00fce68d6b773b56ce8baa0",2026-09-10 05:10:03.24,2026-09-10 05:10:03.44,2026-09-10 05:10:03.44,2026-09-10
"304","nBWgpoldtN","MOOSPMv3Parser",1789017001,9,9,3,11,11,3,4,11,11,4,1854,504,64859,48,24,1,24,24,25,63,24,0,26,28,64,57,2.709,278,1,36.523342,-119.278786,70.417999,8,600,58,3,"e00fce68f12da1a0c5de6248",2026-09-10 05:10:03.447,2026-09-10 05:10:03.625,2026-09-10 05:10:03.625,2026-09-10
"305","yLL7dDTbq4","MOOSPMv3Parser",1789017001,2,2,2,3,3,2,3,3,3,3,557,149,181164,18,15,2,15,15,29,19,15,1,32,33,28,29,39.191,39,3277,3e-05,-0.004183,1295.052002,7,600,58,3,"e00fce68e28dcbc9a589be10",2026-09-10 05:10:04.092,2026-09-10 05:10:04.309,2026-09-10 05:10:04.309,2026-09-10
"306","xMB5WtTjF1","MOOSPMv3Parser",1789017000,7,7,3,9,9,4,4,9,9,5,1847,380,104330,44,24,3,25,25,27,53,25,1,30,31,51,50,8.767,333,1,35.775082,-119.238495,60.494999,7,600,58,3,"e00fce68e88237db75a60608",2026-09-10 05:10:04.114,2026-09-10 05:10:04.31,2026-09-10 05:10:04.31,2026-09-10
"307","tFDjRzXMJ0","MOOSPMv3Parser",1789017001,2,2,0,3,3,0,0,3,3,0,832,177,0,23,0,2,0,0,28,20,0,2,31,32,30,31,23.724,108,7,36.1875,-119.822105,26.738001,9,600,58,3,"e00fce68e739ecbcf9e91965",2026-09-10 05:10:04.187,2026-09-10 05:10:04.414,2026-09-10 05:10:04.414,2026-09-10
"308","43WiPu0yOI","MOOSPMv3Parser",1789017001,1,1,1,2,2,2,2,2,2,2,465,101,277268,13,10,1,10,10,26,21,10,1,31,29,26,32,42.608,72,2,36.139088,-120.368355,184.445999,8,600,58,3,"e00fce6850cac69f647dc199",2026-09-10 05:10:04.523,2026-09-10 05:10:04.687,2026-09-10 05:10:04.687,2026-09-10
"309","GDYknBS87G","MOOSPMv3Parser",1789017000,2,2,2,4,4,3,4,4,4,4,549,166,152617,22,15,4,15,16,0,0,16,1,28,30,37,37,15.612,90,1,36.433697,-119.923416,44.763,6,600,58,3,"e00fce6876826e255108c6bd",2026-09-10 05:10:05.332,2026-09-10 05:10:05.473,2026-09-10 05:10:05.473,2026-09-10
"310","3rEJLQC6ag","MOOSPMv3Parser",1789017600,0,0,4,2,2,8,11,3,3,12,313,214,59327,38,30,7,33,34,28,38,34,1,30,32,45,42,1.183,247,1,35.963139,-119.291901,48.541,12,600,58,3,"e00fce68d6b773b56ce8baa0",2026-09-10 05:20:02.911,2026-09-10 05:20:03.116,2026-09-10 05:20:03.116,2026-09-10
"311","x04M5cMzLz","MOOSPMv3Parser",1789017600,0,0,1,0,0,1,2,0,0,2,182,93,30556,9,8,1,8,9,28,31,9,1,30,31,30,31,28.031,59,1,36.198845,-120.104469,72.902,8,600,58,3,"e00fce686dc2ef0a68fa40b0",2026-09-10 05:20:03.013,2026-09-10 05:20:03.179,2026-09-10 05:20:03.179,2026-09-10
"312","5rrDQJOVM3","MOOSPMv3Parser",1789017600,9,9,3,11,11,4,5,11,11,5,1798,478,207535,49,23,3,24,24,26,48,24,1,28,29,51,49,7.088,242,1,35.949512,-119.050034,95.689003,8,599,58,3,"e00fce6808784ceaf209f949",2026-09-10 05:20:03.065,2026-09-10 05:20:03.247,2026-09-10 05:20:03.247,2026-09-10
"313","tX697afuZ8","MOOSPMv3Parser",1789017601,9,9,3,10,10,3,3,11,11,3,1757,483,64880,45,23,2,23,23,25,65,23,0,26,28,66,60,2.742,303,1,36.523457,-119.278824,80.555,8,600,58,3,"e00fce68f12da1a0c5de6248",2026-09-10 05:20:03.404,2026-09-10 05:20:03.564,2026-09-10 05:20:03.564,2026-09-10
"314","FWsklJc2br","MOOSPMv3Parser",1789017601,2,2,2,2,2,3,3,2,2,3,506,134,181177,16,15,1,15,16,29,19,16,1,32,33,28,29,39.434,37,3277,3e-05,-0.004183,1295.052002,7,600,58,3,"e00fce68e28dcbc9a589be10",2026-09-10 05:20:03.932,2026-09-10 05:20:04.171,2026-09-10 05:20:04.171,2026-09-10
"315","MSeP1kqIYA","MOOSPMv3Parser",1789017600,7,7,3,9,9,4,4,9,9,4,1832,376,104350,40,24,2,25,25,27,54,25,1,30,30,51,50,8.01,332,1,35.77504,-119.238533,63.987999,9,600,58,3,"e00fce68e88237db75a60608",2026-09-10 05:20:04.114,2026-09-10 05:20:04.307,2026-09-10 05:20:04.307,2026-09-10
"316","ZNkNoQt3qb","MOOSPMv3Parser",1789017601,2,2,0,3,3,0,0,4,4,0,851,194,0,26,0,2,0,0,28,21,0,2,31,32,30,32,26.667,73,14,36.1875,-119.822037,21.506001,8,600,58,3,"e00fce68e739ecbcf9e91965",2026-09-10 05:20:04.331,2026-09-10 05:20:04.468,2026-09-10 05:20:04.468,2026-09-10
"317","0wxtGumHg6","MOOSPMv3Parser",1789017601,1,1,1,1,1,2,2,2,2,2,479,106,277276,11,10,1,10,10,26,21,10,1,31,29,26,33,169.3,17,2,36.139,-120.368469,166.466003,10,600,58,3,"e00fce6850cac69f647dc199",2026-09-10 05:20:04.918,2026-09-10 05:20:05.089,2026-09-10 05:20:05.089,2026-09-10
"318","SW0ohwk2mp","MOOSPMv3Parser",1789017600,2,2,2,3,3,3,4,4,4,4,570,172,152631,23,16,4,17,17,0,0,17,1,28,30,38,38,13.468,90,1,36.433655,-119.923317,25.933001,7,600,58,3,"e00fce6876826e255108c6bd",2026-09-10 05:20:05.404,2026-09-10 05:20:05.559,2026-09-10 05:20:05.559,2026-09-10
"319","KfVqJ4aGOQ","MOOSPMv3Parser",1789018200,0,0,1,0,0,1,1,0,0,2,180,92,30562,9,7,1,7,7,28,30,7,1,30,31,30,30,27.732,58,1,36.198833,-120.104332,65.661003,9,600,58,3,"e00fce686dc2ef0a68fa40b0",2026-09-10 05:30:02.519,2026-09-10 05:30:02.856,2026-09-10 05:30:02.856,2026-09-10
"320","DhEpfU7N3o","MOOSPMv3Parser",1789018200,9,9,3,11,11,4,4,11,11,5,1792,471,207553,51,22,2,23,23,26,47,23,1,28,29,50,48,7.248,238,1,35.949604,-119.049858,118.184998,8,599,58,3,"e00fce6808784ceaf209f949",2026-09-10 05:30:03.065,2026-09-10 05:30:03.219,2026-09-10 05:30:03.219,2026-09-10
"321","9U3HhLcGAR","MOOSPMv3Parser",1789018200,0,0,4,1,1,6,8,2,2,9,296,200,59346,35,26,5,29,29,28,39,29,1,29,31,47,44,2.353,236,1,35.963165,-119.291916,58.053001,10,600,58,3,"e00fce68d6b773b56ce8baa0",2026-09-10 05:30:03.326,2026-09-10 05:30:03.49,2026-09-10 05:30:03.49,2026-09-10
"322","HcmUDu78XQ","MOOSPMv3Parser",1789018201,10,10,4,12,12,4,4,13,13,4,2074,563,64904,51,28,1,28,28,24,65,28,0,26,27,64,60,2.952,289,1,36.523365,-119.278793,90.745003,8,600,58,3,"e00fce68f12da1a0c5de6248",2026-09-10 05:30:03.601,2026-09-10 05:30:03.757,2026-09-10 05:30:03.757,2026-09-10
"323","k5kX2V7IqR","MOOSPMv3Parser",1789018200,6,6,3,8,8,4,5,9,9,5,1821,380,104371,44,24,3,25,25,27,55,25,1,30,30,50,50,8.239,322,1,35.775002,-119.238586,99.440002,6,600,58,3,"e00fce68e88237db75a60608",2026-09-10 05:30:03.931,2026-09-10 05:30:04.111,2026-09-10 05:30:04.111,2026-09-10
"324","QlTrTL0yeq","MOOSPMv3Parser",1789018201,2,2,3,3,3,4,5,3,3,5,552,148,181192,21,19,2,20,20,29,19,20,1,32,33,28,29,39.608,43,3277,3e-05,-0.004183,1295.052002,7,600,58,3,"e00fce68e28dcbc9a589be10",2026-09-10 05:30:04.203,2026-09-10 05:30:04.42,2026-09-10 05:30:04.42,2026-09-10
"325","Xny6JoVsGK","MOOSPMv3Parser",1789018201,2,2,0,4,4,0,0,4,4,0,872,197,0,28,0,4,0,0,28,21,0,2,30,31,31,32,26.533,84,17,36.187569,-119.822083,17.243999,8,600,58,3,"e00fce68e739ecbcf9e91965",2026-09-10 05:30:04.261,2026-09-10 05:30:04.468,2026-09-10 05:30:04.468,2026-09-10
"326","BX8Dr1HSmN","MOOSPMv3Parser",1789018201,1,1,1,2,2,2,2,2,2,2,487,109,277287,12,11,1,11,11,26,21,11,1,32,29,25,32,513.113,11,3,36.138985,-120.36837,174.621002,9,600,58,3,"e00fce6850cac69f647dc199",2026-09-10 05:30:05.042,2026-09-10 05:30:05.236,2026-09-10 05:30:05.236,2026-09-10
"327","Sz55Ff1stW","MOOSPMv3Parser",1789018200,2,2,2,3,3,3,4,4,4,4,553,166,152641,23,14,3,15,15,0,0,15,1,28,29,38,38,14.516,90,1,36.433666,-119.923241,-0.963,6,600,58,3,"e00fce6876826e255108c6bd",2026-09-10 05:30:05.663,2026-09-10 05:30:05.887,2026-09-10 05:30:05.887,2026-09-10
"328","xBO63Vy5FB","MOOSPMv3Parser",1789018800,0,0,4,1,1,6,8,2,2,9,297,202,59364,31,25,5,28,28,28,39,28,1,29,31,48,45,3.85,226,1,35.9632,-119.291847,47.907001,12,600,58,3,"e00fce68d6b773b56ce8baa0",2026-09-10 05:40:02.841,2026-09-10 05:40:03.007,2026-09-10 05:40:03.007,2026-09-10
"329","2Iweu931KQ","MOOSPMv3Parser",1789018800,7,7,3,8,8,3,4,9,9,4,1436,375,207569,41,19,2,20,20,26,44,20,1,28,29,46,46,12.591,195,1,35.949577,-119.049965,119.348,8,599,58,3,"e00fce6808784ceaf209f949",2026-09-10 05:40:03.065,2026-09-10 05:40:03.234,2026-09-10 05:40:03.234,2026-09-10
"330","uLc4O3THeD","MOOSPMv3Parser",1789018800,0,0,1,0,0,2,2,0,0,2,175,90,30569,10,9,1,9,9,28,30,10,1,30,31,30,30,29.387,54,1,36.198936,-120.104454,82.950996,8,600,58,3,"e00fce686dc2ef0a68fa40b0",2026-09-10 05:40:03.482,2026-09-10 05:40:03.648,2026-09-10 05:40:03.648,2026-09-10
"331","1jseoZF5X3","MOOSPMv3Parser",1789018801,10,10,3,11,11,3,3,12,12,3,1893,511,64925,49,25,2,25,25,24,68,25,0,25,27,69,62,1.043,303,1,36.523228,-119.278862,90.755997,6,600,58,3,"e00fce68f12da1a0c5de6248",2026-09-10 05:40:03.545,2026-09-10 05:40:03.743,2026-09-10 05:40:03.743,2026-09-10
"332","nL20BIsAXp","MOOSPMv3Parser",1789018800,7,7,3,9,9,4,5,9,9,5,1828,380,104391,43,24,2,25,25,27,55,25,1,30,30,49,50,9.369,307,1,35.775085,-119.238518,62.390999,9,600,58,3,"e00fce68e88237db75a60608",2026-09-10 05:40:03.869,2026-09-10 05:40:04.051,2026-09-10 05:40:04.051,2026-09-10
"333","eCF6VAxZ14","MOOSPMv3Parser",1789018801,2,2,2,3,3,3,4,3,3,4,531,141,181204,18,16,1,17,17,29,18,17,1,32,33,27,28,39.018,59,3277,3e-05,-0.004183,1295.052002,7,600,58,3,"e00fce68e28dcbc9a589be10",2026-09-10 05:40:04.074,2026-09-10 05:40:04.278,2026-09-10 05:40:04.278,2026-09-10
"334","veDD1zFbLs","MOOSPMv3Parser",1789018801,1,1,1,2,2,2,2,2,2,2,483,107,277294,15,10,1,10,10,26,22,10,1,33,29,26,33,245.505,33,3,36.139019,-120.368378,165.360001,9,600,58,3,"e00fce6850cac69f647dc199",2026-09-10 05:40:04.184,2026-09-10 05:40:04.359,2026-09-10 05:40:04.359,2026-09-10
"335","CsbVnqLyHB","MOOSPMv3Parser",1789018801,2,2,0,4,4,0,0,5,5,0,871,197,0,31,0,7,0,0,28,20,0,2,30,31,30,31,26.061,99,20,36.187489,-119.822029,30.462,10,600,58,3,"e00fce68e739ecbcf9e91965",2026-09-10 05:40:04.246,2026-09-10 05:40:04.386,2026-09-10 05:40:04.386,2026-09-10
"336","KqO6fVl4Hi","MOOSPMv3Parser",1789018800,2,2,2,4,4,3,4,4,4,4,554,167,152654,26,16,4,17,17,0,0,17,1,28,29,36,37,15.314,90,1,36.433647,-119.923264,14.227,8,600,58,3,"e00fce6876826e255108c6bd",2026-09-10 05:40:05.472,2026-09-10 05:40:05.613,2026-09-10 05:40:05.613,2026-09-10
"337","L3RF1jjcdR","MOOSPMv3Parser",1789019400,0,0,1,0,0,2,2,0,0,2,183,95,30577,9,10,1,11,11,28,30,11,1,30,31,30,30,30.302,43,1,36.198803,-120.104362,64.556,8,600,58,3,"e00fce686dc2ef0a68fa40b0",2026-09-10 05:50:02.618,2026-09-10 05:50:02.806,2026-09-10 05:50:02.806,2026-09-10
"338","jT8B1Nxx0X","MOOSPMv3Parser",1789019400,0,0,3,1,1,6,7,2,2,8,298,203,59381,31,23,5,26,26,28,40,26,1,29,31,48,45,3.971,224,1,35.963146,-119.291832,48.922001,9,600,58,3,"e00fce68d6b773b56ce8baa0",2026-09-10 05:50:03.179,2026-09-10 05:50:03.326,2026-09-10 05:50:03.326,2026-09-10
"339","I5EOIEMf55","MOOSPMv3Parser",1789019400,5,5,2,7,7,3,4,7,7,4,1204,312,207584,35,17,2,18,18,25,44,18,1,28,29,47,46,14.583,174,1,35.949612,-119.049957,128.945007,9,599,58,3,"e00fce6808784ceaf209f949",2026-09-10 05:50:03.227,2026-09-10 05:50:03.442,2026-09-10 05:50:03.442,2026-09-10
"340","93iuDc8j9C","MOOSPMv3Parser",1789019401,10,10,3,12,12,4,4,13,13,4,2032,558,64948,53,27,2,27,27,24,68,27,0,26,27,66,61,1.437,288,1,36.523296,-119.278893,93.142998,6,600,58,3,"e00fce68f12da1a0c5de6248",2026-09-10 05:50:03.447,2026-09-10 05:50:03.64,2026-09-10 05:50:03.64,2026-09-10
"341","j6uTpDphd3","MOOSPMv3Parser",1789019400,7,7,3,9,9,4,5,9,9,5,1843,386,104411,44,25,2,26,26,27,56,26,1,29,30,51,51,9.912,296,1,35.775085,-119.238548,66.697998,5,600,58,3,"e00fce68e88237db75a60608",2026-09-10 05:50:04.023,2026-09-10 05:50:04.185,2026-09-10 05:50:04.185,2026-09-10
"342","VAMAPGmUDX","MOOSPMv3Parser",1789019401,2,2,2,3,3,2,3,3,3,3,513,138,181215,18,14,2,15,15,29,17,15,1,31,32,26,28,38.982,48,3277,3e-05,-0.004183,1295.052002,7,600,58,3,"e00fce68e28dcbc9a589be10",2026-09-10 05:50:04.096,2026-09-10 05:50:04.262,2026-09-10 05:50:04.262,2026-09-10
"343","DDwy8XEG9m","MOOSPMv3Parser",1789019401,2,2,0,3,3,0,0,4,4,0,828,180,0,25,0,2,0,0,28,20,0,2,30,31,29,31,21.883,142,17,36.187489,-119.822029,30.462,0,600,58,3,"e00fce68e739ecbcf9e91965",2026-09-10 05:50:04.169,2026-09-10 05:50:04.403,2026-09-10 05:50:04.403,2026-09-10
"344","cqNU3QC5u5","MOOSPMv3Parser",1789019401,1,1,1,2,2,2,2,2,2,2,489,109,277304,13,10,1,11,11,26,22,11,1,32,28,25,34,46.239,89,3,36.139011,-120.368439,169.147995,7,600,58,3,"e00fce6850cac69f647dc199",2026-09-10 05:50:04.488,2026-09-10 05:50:04.653,2026-09-10 05:50:04.653,2026-09-10
"345","OqBKoBGynf","MOOSPMv3Parser",1789019400,2,2,2,3,3,3,4,5,5,5,560,167,152668,25,16,4,17,18,0,0,18,1,28,29,36,37,14.896,90,1,36.433662,-119.92337,27.561001,9,600,58,3,"e00fce6876826e255108c6bd",2026-09-10 05:50:05.45,2026-09-10 05:50:05.663,2026-09-10 05:50:05.663,2026-09-10
"346","8zAOnERyR2","MOOSPMv3Parser",1789020000,0,0,3,1,1,6,7,2,2,8,302,206,59400,31,25,5,27,28,28,40,28,1,29,31,48,45,1.406,227,1,35.963142,-119.29187,50.528999,11,600,58,3,"e00fce68d6b773b56ce8baa0",2026-09-10 06:00:02.931,2026-09-10 06:00:03.114,2026-09-10 06:00:03.114,2026-09-10
"347","AHhUCUl8Z1","MOOSPMv3Parser",1789020000,0,0,2,0,0,2,3,0,0,3,193,102,30587,12,12,1,12,13,27,30,13,1,29,31,32,30,26.082,96,1,36.19883,-120.104439,75.869003,9,600,58,3,"e00fce686dc2ef0a68fa40b0",2026-09-10 06:00:02.999,2026-09-10 06:00:03.259,2026-09-10 06:00:03.259,2026-09-10
"348","nDkmQS1z9Z","MOOSPMv3Parser",1789020000,5,5,2,6,6,3,4,7,7,4,1159,300,207599,32,17,2,18,18,25,43,18,1,28,28,47,46,15.528,176,1,35.949528,-119.049942,111.087997,8,599,58,3,"e00fce6808784ceaf209f949",2026-09-10 06:00:03.189,2026-09-10 06:00:03.39,2026-09-10 06:00:03.39,2026-09-10
"349","avq3t4Zbhs","MOOSPMv3Parser",1789020001,10,10,3,12,12,4,4,13,13,4,1996,543,64971,54,26,2,26,26,24,67,26,0,25,27,65,60,2.513,285,1,36.523273,-119.278862,85.239998,5,600,58,3,"e00fce68f12da1a0c5de6248",2026-09-10 06:00:03.475,2026-09-10 06:00:03.64,2026-09-10 06:00:03.64,2026-09-10
"350","9RkSVHUzKB","MOOSPMv3Parser",1789020000,8,8,3,10,10,4,5,10,10,5,1985,421,104431,45,24,3,25,25,27,62,25,1,29,30,55,55,6.582,309,1,35.775158,-119.238541,68.135002,7,600,58,3,"e00fce68e88237db75a60608",2026-09-10 06:00:03.933,2026-09-10 06:00:04.112,2026-09-10 06:00:04.112,2026-09-10
"351","Rek5mqhYAL","MOOSPMv3Parser",1789020001,2,2,2,2,2,2,3,3,3,3,483,133,181224,17,13,1,14,14,29,17,14,1,31,32,26,27,37.083,59,3277,3e-05,-0.004183,1295.052002,7,600,58,3,"e00fce68e28dcbc9a589be10",2026-09-10 06:00:04.018,2026-09-10 06:00:04.175,2026-09-10 06:00:04.175,2026-09-10
"352","XR4YwUwnjt","MOOSPMv3Parser",1789020001,2,2,0,3,3,0,0,3,3,0,770,172,0,24,0,2,0,0,28,20,0,2,30,31,29,31,21.582,134,14,36.187538,-119.822044,9.097,7,600,58,3,"e00fce68e739ecbcf9e91965",2026-09-10 06:00:04.169,2026-09-10 06:00:04.391,2026-09-10 06:00:04.391,2026-09-10
"353","qVSE4F6aUo","MOOSPMv3Parser",1789020001,1,1,1,2,2,2,2,2,2,2,483,109,277314,13,10,1,10,10,25,22,10,1,32,28,26,34,149.103,44,3,36.139004,-120.368233,177.852005,9,600,58,3,"e00fce6850cac69f647dc199",2026-09-10 06:00:04.729,2026-09-10 06:00:04.89,2026-09-10 06:00:04.89,2026-09-10
"354","oYO8nmQ5U1","MOOSPMv3Parser",1789020000,2,2,2,4,4,4,5,6,6,5,635,189,152681,30,18,5,19,20,0,0,20,1,27,29,37,37,14.576,90,1,36.433548,-119.923393,23.118999,6,600,58,3,"e00fce6876826e255108c6bd",2026-09-10 06:00:05.573,2026-09-10 06:00:05.758,2026-09-10 06:00:05.758,2026-09-10
"355","gdy5PcgFVv","MOOSPMv3Parser",1789020600,0,0,3,0,0,4,6,0,0,6,210,118,30602,17,20,2,22,22,27,31,22,1,28,30,34,31,20.952,193,1,36.198788,-120.104416,66.417999,10,600,58,3,"e00fce686dc2ef0a68fa40b0",2026-09-10 06:10:02.513,2026-09-10 06:10:02.683,2026-09-10 06:10:02.683,2026-09-10
"356","wZnmJoyzTI","MOOSPMv3Parser",1789020601,2,2,1,3,3,2,2,3,3,2,1025,154,37338,15,8,1,9,9,25,21,9,1,27,28,30,32,37.64,61,2,36.503132,-120.325409,57.938999,8,600,58,3,"e00fce68e77e43df92405fdb",2026-09-10 06:10:03.089,2026-09-10 06:10:03.255,2026-09-10 06:10:03.255,2026-09-10
"357","36floJclR4","MOOSPMv3Parser",1789020600,4,4,2,6,6,3,3,6,6,4,1043,270,207265,28,15,2,16,16,25,42,16,1,28,28,46,45,17.615,154,1,35.949474,-119.04995,108.080002,8,600,58,3,"e00fce6808784ceaf209f949",2026-09-10 06:10:03.224,2026-09-10 06:10:03.442,2026-09-10 06:10:03.442,2026-09-10
"358","OkZWNVyBtB","MOOSPMv3Parser",1789020600,0,0,4,2,2,6,8,3,3,9,322,221,59420,36,28,6,30,31,27,40,31,1,29,30,48,44,0.136,235,1,35.963097,-119.291756,24.614,7,600,58,3,"e00fce68d6b773b56ce8baa0",2026-09-10 06:10:03.331,2026-09-10 06:10:03.543,2026-09-10 06:10:03.543,2026-09-10
"359","gYAK0zjYBr","MOOSPMv3Parser",1789020601,10,10,4,12,12,4,4,13,13,4,2024,555,64998,54,30,2,31,31,24,64,31,0,26,27,60,58,6.558,243,1,36.523281,-119.278847,84.550003,5,600,58,3,"e00fce68f12da1a0c5de6248",2026-09-10 06:10:03.456,2026-09-10 06:10:03.607,2026-09-10 06:10:03.607,2026-09-10
"360","SlDiz0EfTa","MOOSPMv3Parser",1789020600,9,9,3,11,11,4,5,11,11,5,2151,469,104453,53,26,3,27,27,26,65,27,1,29,29,56,55,0.219,338,1,35.775158,-119.238541,68.134003,0,600,58,3,"e00fce68e88237db75a60608",2026-09-10 06:10:03.936,2026-09-10 06:10:04.1,2026-09-10 06:10:04.1,2026-09-10
"361","GkJF5cp50J","MOOSPMv3Parser",1789020601,2,2,2,3,3,2,3,3,3,3,490,135,181234,19,14,1,14,14,29,17,14,1,31,32,26,27,37.346,50,3277,3e-05,-0.004183,1295.052002,7,600,58,3,"e00fce68e28dcbc9a589be10",2026-09-10 06:10:03.936,2026-09-10 06:10:04.113,2026-09-10 06:10:04.113,2026-09-10
"362","uMk7TVpzX6","MOOSPMv3Parser",1789020601,2,2,0,3,3,0,0,4,4,0,796,174,0,25,0,2,0,0,28,20,0,2,30,31,30,32,20.959,137,13,36.18763,-119.82196,5.722,6,600,58,3,"e00fce68e739ecbcf9e91965",2026-09-10 06:10:04.498,2026-09-10 06:10:04.631,2026-09-10 06:10:04.631,2026-09-10
"363","2Yf6utkX3w","MOOSPMv3Parser",1789020601,1,1,1,2,2,2,2,2,2,2,509,116,277323,13,10,1,11,11,25,23,11,1,32,28,26,35,48.329,52,3,36.139004,-120.368385,181.541,6,600,58,3,"e00fce6850cac69f647dc199",2026-09-10 06:10:05.066,2026-09-10 06:10:05.291,2026-09-10 06:10:05.291,2026-09-10
"364","0JeZFeelMI","MOOSPMv3Parser",1789020600,2,2,2,5,5,4,5,7,7,5,636,193,152696,34,18,7,19,19,1,0,19,1,27,28,38,38,13.041,91,1,36.433586,-119.92337,27.419001,6,600,58,3,"e00fce6876826e255108c6bd",2026-09-10 06:10:05.555,2026-09-10 06:10:05.728,2026-09-10 06:10:05.728,2026-09-10
"365","WR73VGdkA1","MOOSPMv3Parser",1789021200,0,0,4,3,3,7,9,3,3,10,342,241,59443,43,31,6,34,34,27,40,35,1,29,30,48,44,0.297,231,1,35.96323,-119.291779,84.160004,6,600,58,3,"e00fce68d6b773b56ce8baa0",2026-09-10 06:20:02.848,2026-09-10 06:20:03.07,2026-09-10 06:20:03.07,2026-09-10
"366","ncO88B5iXF","MOOSPMv3Parser",1789021200,4,4,2,5,5,3,4,6,6,4,1016,266,207277,26,15,2,16,16,26,41,16,1,28,28,44,44,17.768,155,1,35.94952,-119.049965,124.001999,8,600,58,3,"e00fce6808784ceaf209f949",2026-09-10 06:20:03.158,2026-09-10 06:20:03.357,2026-09-10 06:20:03.357,2026-09-10
"367","cjfsB5JdCp","MOOSPMv3Parser",1789021201,11,11,4,13,13,5,5,14,14,5,2127,578,65026,59,33,2,33,33,24,65,33,0,26,27,61,59,6.273,230,1,36.523266,-119.278847,85.416,6,600,58,3,"e00fce68f12da1a0c5de6248",2026-09-10 06:20:03.464,2026-09-10 06:20:03.628,2026-09-10 06:20:03.628,2026-09-10
"368","eGaCf91o3A","MOOSPMv3Parser",1789021201,3,3,2,4,4,3,3,4,4,3,1178,213,37352,25,17,1,17,17,25,22,17,1,27,28,31,33,36.593,72,2,36.503044,-120.325424,54.018002,7,600,58,3,"e00fce68e77e43df92405fdb",2026-09-10 06:20:03.568,2026-09-10 06:20:03.755,2026-09-10 06:20:03.755,2026-09-10
"369","GKVWLIxvGv","MOOSPMv3Parser",1789021201,1,1,2,2,2,2,3,2,2,3,444,119,181243,13,13,1,13,13,28,16,13,1,31,32,26,27,37.637,45,3277,3e-05,-0.004183,1295.052002,7,600,58,3,"e00fce68e28dcbc9a589be10",2026-09-10 06:20:04.009,2026-09-10 06:20:04.248,2026-09-10 06:20:04.248,2026-09-10
"370","AxC8dD9kor","MOOSPMv3Parser",1789021201,2,2,0,3,3,0,0,3,3,0,790,176,0,25,0,2,0,0,27,20,0,2,30,30,30,32,20.535,135,13,36.187595,-119.822075,21.572001,7,600,58,3,"e00fce68e739ecbcf9e91965",2026-09-10 06:20:04.157,2026-09-10 06:20:04.296,2026-09-10 06:20:04.296,2026-09-10
"371","E9WYyNRLTA","MOOSPMv3Parser",1789021200,8,8,4,11,11,4,5,11,11,5,2106,451,104477,52,28,3,29,29,26,60,29,1,28,29,52,52,4.792,294,1,35.775059,-119.238388,74.153,5,600,58,3,"e00fce68e88237db75a60608",2026-09-10 06:20:04.115,2026-09-10 06:20:04.318,2026-09-10 06:20:04.318,2026-09-10
"372","1ob1rlZE0g","MOOSPMv3Parser",1789021201,1,1,2,2,2,2,2,2,2,2,507,113,277336,13,12,1,12,12,25,24,12,1,31,28,27,35,43.152,135,3,36.139019,-120.368317,189.240997,7,600,58,3,"e00fce6850cac69f647dc199",2026-09-10 06:20:04.164,2026-09-10 06:20:04.375,2026-09-10 06:20:04.375,2026-09-10
"373","V4DNWcpHju","MOOSPMv3Parser",1789021200,3,3,2,5,5,3,4,6,6,4,686,207,152711,33,18,4,19,19,0,0,19,1,26,28,38,38,12.289,91,1,36.43364,-119.923317,67.947998,6,600,58,3,"e00fce6876826e255108c6bd",2026-09-10 06:20:05.616,2026-09-10 06:20:05.782,2026-09-10 06:20:05.782,2026-09-10
"374","SPW1AEkCW2","MOOSPMv3Parser",1789021801,0,0,2,0,0,2,3,0,0,3,185,97,30620,11,11,1,12,12,26,32,12,1,27,29,35,33,19.974,164,1,36.198891,-120.104454,75.598999,11,600,58,3,"e00fce686dc2ef0a68fa40b0",2026-09-10 06:30:02.616,2026-09-10 06:30:02.915,2026-09-10 06:30:02.915,2026-09-10
"375","miGIwZaGi2","MOOSPMv3Parser",1789021800,1,1,5,3,3,9,11,4,4,12,368,264,59471,46,38,8,41,42,27,41,42,1,29,30,48,45,0.476,237,1,35.963146,-119.291847,19.492001,5,600,58,3,"e00fce68d6b773b56ce8baa0",2026-09-10 06:30:03.25,2026-09-10 06:30:03.45,2026-09-10 06:30:03.45,2026-09-10
"376","9l8RBW5HBu","MOOSPMv3Parser",1789021800,5,5,2,6,6,3,3,6,6,4,1037,272,207635,26,15,2,16,16,25,40,16,1,28,28,43,44,16.82,166,1,35.949467,-119.049942,115.642998,8,599,58,3,"e00fce6808784ceaf209f949",2026-09-10 06:30:03.378,2026-09-10 06:30:03.604,2026-09-10 06:30:03.604,2026-09-10
"377","0FfMiH1D1B","MOOSPMv3Parser",1789021801,11,11,5,14,14,5,6,14,14,6,2196,598,65057,62,37,2,37,37,24,65,37,0,26,27,61,59,6.089,234,1,36.523262,-119.278847,85.417,0,600,58,3,"e00fce68f12da1a0c5de6248",2026-09-10 06:30:03.451,2026-09-10 06:30:03.718,2026-09-10 06:30:03.718,2026-09-10
"378","Mkk2Rvmffu","MOOSPMv3Parser",1789021801,3,3,2,4,4,2,3,4,4,3,1131,198,37366,20,16,1,17,17,25,22,17,1,27,27,32,33,33.627,162,2,36.50309,-120.325417,45.112999,7,600,58,3,"e00fce68e77e43df92405fdb",2026-09-10 06:30:03.626,2026-09-10 06:30:03.783,2026-09-10 06:30:03.783,2026-09-10
"379","60n4Ghy0qg","MOOSPMv3Parser",1789021801,1,1,2,2,2,2,3,2,2,3,450,124,181252,17,13,1,13,13,28,16,13,1,31,32,26,27,38.776,30,3277,3e-05,-0.004183,1295.052002,7,600,58,3,"e00fce68e28dcbc9a589be10",2026-09-10 06:30:03.924,2026-09-10 06:30:04.084,2026-09-10 06:30:04.084,2026-09-10
"380","GsnHryr79a","MOOSPMv3Parser",1789021800,8,8,3,10,10,4,5,11,11,5,2018,433,104498,50,25,4,26,26,26,60,26,1,28,29,53,52,9.798,253,1,35.77504,-119.23851,61.124001,8,600,58,3,"e00fce68e88237db75a60608",2026-09-10 06:30:04.04,2026-09-10 06:30:04.197,2026-09-10 06:30:04.197,2026-09-10
"381","fbmhnIy4hU","MOOSPMv3Parser",1789021801,2,2,0,4,4,0,0,5,5,0,836,188,0,28,0,5,0,0,27,21,0,2,29,30,32,33,20.62,173,13,36.187565,-119.822166,16.759001,7,600,58,3,"e00fce68e739ecbcf9e91965",2026-09-10 06:30:04.163,2026-09-10 06:30:04.299,2026-09-10 06:30:04.299,2026-09-10
"382","ytsvRBHF3P","MOOSPMv3Parser",1789021801,1,1,1,2,2,2,2,2,2,2,484,109,277349,13,11,1,11,11,25,24,11,1,31,27,27,34,38.975,146,2,36.139019,-120.368317,189.244003,0,600,58,3,"e00fce6850cac69f647dc199",2026-09-10 06:30:04.434,2026-09-10 06:30:04.652,2026-09-10 06:30:04.652,2026-09-10
"383","ICY5GYAkRZ","MOOSPMv3Parser",1789021800,3,3,3,4,4,3,4,5,5,4,648,197,152728,29,20,3,21,21,0,0,21,1,27,28,37,37,13.968,91,1,36.433548,-119.923378,29.028,8,600,58,3,"e00fce6876826e255108c6bd",2026-09-10 06:30:05.481,2026-09-10 06:30:05.655,2026-09-10 06:30:05.655,2026-09-10
"384","9CzjBZLeX1","MOOSPMv3Parser",1789022400,0,0,5,3,3,8,11,4,4,12,351,253,59495,45,34,7,37,38,27,41,38,1,29,30,48,46,1.023,240,1,35.963276,-119.291672,94.280998,5,600,58,3,"e00fce68d6b773b56ce8baa0",2026-09-10 06:40:02.865,2026-09-10 06:40:03.017,2026-09-10 06:40:03.017,2026-09-10
"385","5EpkqWmvDF","MOOSPMv3Parser",1789022401,0,0,1,0,0,2,3,0,0,3,183,95,30628,11,11,1,12,12,26,33,12,1,27,29,35,33,19.611,216,1,36.198891,-120.104454,75.602997,0,600,58,3,"e00fce686dc2ef0a68fa40b0",2026-09-10 06:40:03.02,2026-09-10 06:40:03.198,2026-09-10 06:40:03.198,2026-09-10
"386","LBv35CALa0","MOOSPMv3Parser",1789022400,5,5,2,6,6,3,4,6,6,4,1035,272,207648,31,16,2,17,17,25,39,17,1,28,28,43,43,16.934,165,1,35.949463,-119.049889,115.417999,9,599,58,3,"e00fce6808784ceaf209f949",2026-09-10 06:40:03.149,2026-09-10 06:40:03.346,2026-09-10 06:40:03.346,2026-09-10
"387","HFvSpUjuif","MOOSPMv3Parser",1789022401,2,2,1,3,3,2,2,3,3,2,951,159,37374,14,10,1,10,10,25,23,10,1,26,27,33,34,31.67,181,1,36.503139,-120.325409,52.794998,10,600,58,3,"e00fce68e77e43df92405fdb",2026-09-10 06:40:03.478,2026-09-10 06:40:03.62,2026-09-10 06:40:03.62,2026-09-10
"388","S8lrp7eSs7","MOOSPMv3Parser",1789022401,11,11,5,14,14,5,6,14,14,6,2120,579,65090,66,37,2,38,38,24,65,38,0,26,27,62,59,5.344,251,1,36.523289,-119.278831,67.670998,8,600,58,3,"e00fce68f12da1a0c5de6248",2026-09-10 06:40:03.538,2026-09-10 06:40:03.709,2026-09-10 06:40:03.709,2026-09-10
"389","ehpC2NCSga","MOOSPMv3Parser",1789022401,1,1,2,2,2,2,2,2,2,2,435,120,181260,12,11,1,12,12,28,16,12,1,31,32,26,27,39.171,23,3277,3e-05,-0.004183,1295.052002,7,600,58,3,"e00fce68e28dcbc9a589be10",2026-09-10 06:40:04.008,2026-09-10 06:40:04.226,2026-09-10 06:40:04.226,2026-09-10
"390","XnYQ64sfPb","MOOSPMv3Parser",1789022401,3,3,0,5,5,0,0,5,5,0,900,209,0,30,0,5,0,0,27,21,0,2,29,30,30,32,22.362,167,12,36.187508,-119.822136,9.519,5,600,58,3,"e00fce68e739ecbcf9e91965",2026-09-10 06:40:04.167,2026-09-10 06:40:04.318,2026-09-10 06:40:04.318,2026-09-10
"391","5hEwUvJ4hQ","MOOSPMv3Parser",1789022400,8,8,3,10,10,4,4,10,10,5,2035,433,104519,46,25,2,26,26,26,62,26,1,28,29,55,53,7.755,258,1,35.775036,-119.238541,66.720001,8,600,58,3,"e00fce68e88237db75a60608",2026-09-10 06:40:04.25,2026-09-10 06:40:04.43,2026-09-10 06:40:04.43,2026-09-10
"392","h7iqrO7AEk","MOOSPMv3Parser",1789022401,1,1,1,2,2,2,3,2,2,3,504,117,277361,15,11,1,12,12,24,24,12,1,30,27,27,35,35.516,212,2,36.13905,-120.368401,183.289993,10,600,58,3,"e00fce6850cac69f647dc199",2026-09-10 06:40:04.919,2026-09-10 06:40:05.184,2026-09-10 06:40:05.184,2026-09-10
"393","wAc9t9syqA","MOOSPMv3Parser",1789022400,2,2,2,3,3,3,3,4,4,3,576,171,152740,22,15,4,15,15,0,0,15,1,27,28,36,37,14.352,91,1,36.433548,-119.923378,29.025,0,600,58,3,"e00fce6876826e255108c6bd",2026-09-10 06:40:05.472,2026-09-10 06:40:05.662,2026-09-10 06:40:05.662,2026-09-10
"394","rO8uq1gtvw","MOOSPMv3Parser",1789023001,0,0,2,0,0,2,3,0,0,3,182,94,30636,11,11,1,12,12,26,32,12,1,28,29,34,33,23.731,162,1,36.198849,-120.104424,84.709999,12,600,58,3,"e00fce686dc2ef0a68fa40b0",2026-09-10 06:50:03.152,2026-09-10 06:50:03.327,2026-09-10 06:50:03.327,2026-09-10
"395","HMLVyj5Pxv","MOOSPMv3Parser",1789023000,1,1,4,3,3,7,9,4,4,10,352,251,59518,43,31,8,33,34,26,44,34,1,29,29,48,48,1.964,237,1,35.963333,-119.291504,154.365005,5,600,58,3,"e00fce68d6b773b56ce8baa0",2026-09-10 06:50:03.176,2026-09-10 06:50:03.344,2026-09-10 06:50:03.344,2026-09-10
"396","LwNilELACS","MOOSPMv3Parser",1789023000,5,5,2,7,7,3,4,7,7,4,1118,295,207662,32,16,2,17,17,25,42,17,1,27,28,46,45,16.914,161,1,35.949604,-119.04998,114.051003,9,599,58,3,"e00fce6808784ceaf209f949",2026-09-10 06:50:03.29,2026-09-10 06:50:03.432,2026-09-10 06:50:03.432,2026-09-10
"397","1UzG0A8ZcE","MOOSPMv3Parser",1789023001,2,2,1,3,3,2,2,3,3,2,977,152,37382,14,10,1,10,10,24,24,10,1,26,27,33,35,30.077,205,1,36.502995,-120.325394,47.221001,7,600,58,3,"e00fce68e77e43df92405fdb",2026-09-10 06:50:03.385,2026-09-10 06:50:03.601,2026-09-10 06:50:03.601,2026-09-10
"398","NjS0IwaHgj","MOOSPMv3Parser",1789023001,11,11,5,14,14,5,5,14,14,6,2192,596,65121,62,36,2,37,37,24,67,37,0,25,27,66,60,4.19,254,1,36.523281,-119.27887,93.359001,8,600,58,3,"e00fce68f12da1a0c5de6248",2026-09-10 06:50:03.622,2026-09-10 06:50:03.792,2026-09-10 06:50:03.792,2026-09-10
"399","qK5QuwGQhj","MOOSPMv3Parser",1789023000,8,8,3,10,10,4,4,11,11,5,2117,449,104541,50,26,4,26,26,26,62,26,1,28,29,55,54,6.882,264,1,35.775043,-119.238571,47.720001,7,600,58,3,"e00fce68e88237db75a60608",2026-09-10 06:50:04.01,2026-09-10 06:50:04.151,2026-09-10 06:50:04.151,2026-09-10
"400","ijtBMivKBa","MOOSPMv3Parser",1789023001,1,1,1,2,2,2,2,2,2,2,436,118,181268,16,11,1,11,11,28,16,11,1,30,31,26,27,37.82,21,3277,3e-05,-0.004183,1295.052002,7,600,58,3,"e00fce68e28dcbc9a589be10",2026-09-10 06:50:04.003,2026-09-10 06:50:04.172,2026-09-10 06:50:04.172,2026-09-10
"401","HaHddPn27W","MOOSPMv3Parser",1789023001,3,3,0,4,4,0,0,5,5,0,898,209,0,27,0,2,0,0,27,20,0,2,29,30,30,32,23.976,122,15,36.187531,-119.822075,31.643,5,600,58,3,"e00fce68e739ecbcf9e91965",2026-09-10 06:50:04.17,2026-09-10 06:50:04.326,2026-09-10 06:50:04.326,2026-09-10
"402","KzSIvlGnJo","MOOSPMv3Parser",1789023001,1,1,1,2,2,2,2,2,2,2,471,106,277372,12,11,1,11,11,24,27,11,1,30,27,30,38,35.212,201,2,36.13895,-120.368347,168.548004,7,600,58,3,"e00fce6850cac69f647dc199",2026-09-10 06:50:05.134,2026-09-10 06:50:05.334,2026-09-10 06:50:05.334,2026-09-10
"403","b0BaHrlUUb","MOOSPMv3Parser",1789023000,2,2,2,3,3,2,3,3,3,3,500,147,152752,19,14,2,15,15,0,0,15,1,26,28,37,37,14.113,91,1,36.433746,-119.923264,41.182999,6,600,58,3,"e00fce6876826e255108c6bd",2026-09-10 06:50:05.383,2026-09-10 06:50:05.53,2026-09-10 06:50:05.53,2026-09-10
"404","B3teWH17Fe","MOOSPMv3Parser",1789023600,1,1,5,4,4,8,10,4,4,11,381,276,59542,45,33,7,36,36,26,44,37,1,29,29,48,49,2.653,236,1,35.963333,-119.291504,154.367004,0,600,58,3,"e00fce68d6b773b56ce8baa0",2026-09-10 07:00:03.012,2026-09-10 07:00:03.378,2026-09-10 07:00:03.378,2026-09-10
"405","2TArrpwA2D","MOOSPMv3Parser",1789023601,0,0,1,0,0,2,2,0,0,2,171,86,30643,10,8,1,8,9,26,33,9,1,27,29,35,33,23.212,124,1,36.198769,-120.104431,66.932999,9,600,58,3,"e00fce686dc2ef0a68fa40b0",2026-09-10 07:00:03.101,2026-09-10 07:00:03.548,2026-09-10 07:00:03.548,2026-09-10
"406","4BG775vAUD","MOOSPMv3Parser",1789023600,5,5,2,7,7,3,3,7,7,3,1219,322,207330,33,16,2,17,17,25,43,17,1,27,28,47,46,16.886,152,1,35.949604,-119.04998,114.045998,0,600,58,3,"e00fce6808784ceaf209f949",2026-09-10 07:00:03.147,2026-09-10 07:00:03.563,2026-09-10 07:00:03.563,2026-09-10
"407","4cOJ3jdBrG","MOOSPMv3Parser",1789023601,2,2,1,3,3,2,2,3,3,2,1092,166,37392,17,11,1,12,12,24,24,12,1,27,27,33,36,29.13,220,1,36.503098,-120.325462,52.990002,6,600,58,3,"e00fce68e77e43df92405fdb",2026-09-10 07:00:03.477,2026-09-10 07:00:03.835,2026-09-10 07:00:03.835,2026-09-10
"408","BN7yewnRJP","MOOSPMv3Parser",1789023601,11,11,5,14,14,6,6,14,14,6,2195,596,65154,61,39,2,40,40,24,67,40,1,25,26,67,61,2.705,270,1,36.523354,-119.278824,98.158997,9,600,58,3,"e00fce68f12da1a0c5de6248",2026-09-10 07:00:03.482,2026-09-10 07:00:03.87,2026-09-10 07:00:03.87,2026-09-10
"409","T0xIXhTkRW","MOOSPMv3Parser",1789023601,3,3,0,4,4,0,0,5,5,0,889,202,0,26,0,3,0,0,27,20,0,2,29,30,30,32,23.839,121,19,36.187489,-119.822266,9.158,5,600,58,3,"e00fce68e739ecbcf9e91965",2026-09-10 07:00:04.102,2026-09-10 07:00:04.297,2026-09-10 07:00:04.297,2026-09-10
"410","tAbkdBlcDG","MOOSPMv3Parser",1789023601,1,1,1,2,2,2,2,2,2,2,473,107,277384,13,11,1,11,11,24,27,11,1,30,27,30,38,33.253,179,2,36.139019,-120.368431,166.876007,6,600,58,3,"e00fce6850cac69f647dc199",2026-09-10 07:00:04.103,2026-09-10 07:00:04.299,2026-09-10 07:00:04.299,2026-09-10
"411","mV7gywOcLr","MOOSPMv3Parser",1789023600,8,8,3,10,10,4,4,11,11,4,2043,441,104563,52,25,3,26,26,25,63,26,1,27,28,55,54,6.62,264,1,35.775074,-119.238457,71.107002,5,600,58,3,"e00fce68e88237db75a60608",2026-09-10 07:00:04.088,2026-09-10 07:00:04.313,2026-09-10 07:00:04.313,2026-09-10
"412","oaAWrWqB8u","MOOSPMv3Parser",1789023601,2,2,2,2,2,2,2,2,2,2,472,127,181278,17,13,1,13,13,28,17,13,1,30,31,27,28,36.689,26,3277,3e-05,-0.004183,1295.052002,7,600,58,3,"e00fce68e28dcbc9a589be10",2026-09-10 07:00:04.168,2026-09-10 07:00:04.366,2026-09-10 07:00:04.366,2026-09-10
"413","iNPQXhfgAl","MOOSPMv3Parser",1789023600,2,2,2,4,4,3,3,5,5,3,545,164,152762,27,14,5,15,15,0,0,15,1,26,27,39,39,13.425,91,1,36.433662,-119.923378,38.962002,6,600,58,3,"e00fce6876826e255108c6bd",2026-09-10 07:00:05.567,2026-09-10 07:00:05.816,2026-09-10 07:00:05.816,2026-09-10
"414","Gepry38VCG","MOOSPMv3Parser",1789024201,0,0,1,0,0,2,2,0,0,2,172,90,30649,10,8,1,9,9,26,33,9,1,27,29,36,34,19.71,166,1,36.198841,-120.104378,75.475998,11,600,58,3,"e00fce686dc2ef0a68fa40b0",2026-09-10 07:10:02.692,2026-09-10 07:10:02.91,2026-09-10 07:10:02.91,2026-09-10
"415","v3CgXxOhPy","MOOSPMv3Parser",1789024200,6,6,3,8,8,3,4,8,8,4,1356,355,207692,37,19,2,20,20,25,44,20,1,27,28,47,46,15.372,173,1,35.949505,-119.049927,109.848,8,599,58,3,"e00fce6808784ceaf209f949",2026-09-10 07:10:03.231,2026-09-10 07:10:03.412,2026-09-10 07:10:03.412,2026-09-10
"416","PdgDc5YBpO","MOOSPMv3Parser",1789024200,1,1,4,4,4,7,8,4,4,9,404,295,59567,45,32,6,35,35,26,44,35,1,29,29,48,50,1.718,234,1,35.963211,-119.291748,49.652,5,600,58,3,"e00fce68d6b773b56ce8baa0",2026-09-10 07:10:03.246,2026-09-10 07:10:03.474,2026-09-10 07:10:03.474,2026-09-10
"417","ExVENlPnGg","MOOSPMv3Parser",1789024201,3,3,2,3,3,3,4,4,4,4,1162,188,37404,21,15,1,16,16,24,25,16,1,27,27,34,36,28.69,232,1,36.503094,-120.325424,34.377998,8,600,58,3,"e00fce68e77e43df92405fdb",2026-09-10 07:10:03.485,2026-09-10 07:10:03.69,2026-09-10 07:10:03.69,2026-09-10
"418","lKvnsfBdqP","MOOSPMv3Parser",1789024201,11,11,5,14,14,6,6,14,14,6,2188,592,65188,58,39,2,40,40,24,67,40,1,25,26,65,61,2.191,276,1,36.523289,-119.278786,82.261002,7,600,58,3,"e00fce68f12da1a0c5de6248",2026-09-10 07:10:03.505,2026-09-10 07:10:03.731,2026-09-10 07:10:03.731,2026-09-10
"419","fNyjAAfHQ6","MOOSPMv3Parser",1789024200,8,8,3,10,10,4,4,10,10,5,2037,440,104584,50,25,2,26,26,25,64,26,1,27,28,55,55,6.356,260,1,35.775089,-119.238586,63.252998,6,600,58,3,"e00fce68e88237db75a60608",2026-09-10 07:10:03.775,2026-09-10 07:10:03.946,2026-09-10 07:10:03.946,2026-09-10
"420","ZHuP6NYlS2","MOOSPMv3Parser",1789024201,4,4,0,5,5,0,0,6,6,0,1018,238,0,32,0,3,0,0,27,20,0,2,29,29,30,32,23.007,134,21,36.187431,-119.822021,30.184999,6,600,58,3,"e00fce68e739ecbcf9e91965",2026-09-10 07:10:04.1,2026-09-10 07:10:04.254,2026-09-10 07:10:04.254,2026-09-10
"421","hQGwWnB8JU","MOOSPMv3Parser",1789024201,1,1,1,2,2,2,2,2,2,2,458,125,181286,14,11,1,11,11,28,17,11,1,30,31,27,28,35.075,52,3277,3e-05,-0.004183,1295.052002,7,600,58,3,"e00fce68e28dcbc9a589be10",2026-09-10 07:10:04.202,2026-09-10 07:10:04.386,2026-09-10 07:10:04.386,2026-09-10
"422","hU7c2xID6G","MOOSPMv3Parser",1789024201,1,1,1,2,2,2,2,2,2,2,469,105,277398,13,11,1,11,12,24,28,12,1,30,27,31,39,31.488,186,2,36.139008,-120.368492,174.917007,8,600,58,3,"e00fce6850cac69f647dc199",2026-09-10 07:10:04.347,2026-09-10 07:10:04.515,2026-09-10 07:10:04.515,2026-09-10
"423","k2iFPWGRRA","MOOSPMv3Parser",1789024200,2,2,2,3,3,3,4,4,4,5,506,154,152773,25,15,4,17,17,0,0,17,1,25,27,39,39,12.568,91,1,36.433632,-119.923416,9.796,6,600,58,3,"e00fce6876826e255108c6bd",2026-09-10 07:10:05.541,2026-09-10 07:10:05.713,2026-09-10 07:10:05.713,2026-09-10
"424","0Ew8ICtjAn","MOOSPMv3Parser",1789024800,2,2,5,4,4,7,8,5,5,9,424,312,59593,50,34,7,36,36,26,45,36,1,29,29,48,51,2.024,233,1,35.963215,-119.291817,56.480999,7,600,58,3,"e00fce68d6b773b56ce8baa0",2026-09-10 07:20:02.853,2026-09-10 07:20:03.007,2026-09-10 07:20:03.007,2026-09-10
"425","ySXgxrVYU2","MOOSPMv3Parser",1789024801,0,0,1,0,0,1,2,0,0,2,176,89,30655,9,7,1,8,8,25,34,8,1,27,28,36,34,18.769,161,1,36.198788,-120.104507,61.362999,9,600,58,3,"e00fce686dc2ef0a68fa40b0",2026-09-10 07:20:03.072,2026-09-10 07:20:03.261,2026-09-10 07:20:03.261,2026-09-10
"426","b8XuT0dWfQ","MOOSPMv3Parser",1789024800,6,6,3,8,8,4,4,8,8,4,1282,336,207710,37,21,3,22,22,25,44,22,1,27,28,48,46,16.31,160,1,35.949539,-119.049896,123.402,7,599,58,3,"e00fce6808784ceaf209f949",2026-09-10 07:20:03.225,2026-09-10 07:20:03.361,2026-09-10 07:20:03.361,2026-09-10
"427","fpv75GBg9h","MOOSPMv3Parser",1789024801,3,3,2,4,4,3,4,4,4,5,1226,194,37412,21,12,2,14,14,24,26,14,1,26,27,35,37,28.174,231,1,36.50309,-120.325378,59.819,8,600,58,3,"e00fce68e77e43df92405fdb",2026-09-10 07:20:03.467,2026-09-10 07:20:03.679,2026-09-10 07:20:03.679,2026-09-10
"428","4G2Z7TTvZ0","MOOSPMv3Parser",1789024800,8,8,3,10,10,4,5,10,10,5,1997,422,104605,49,25,3,26,26,25,63,26,1,28,28,53,54,8.455,242,1,35.775021,-119.238617,59.855,6,600,58,3,"e00fce68e88237db75a60608",2026-09-10 07:20:03.762,2026-09-10 07:20:03.98,2026-09-10 07:20:03.98,2026-09-10
"429","p2fJaBDllm","MOOSPMv3Parser",1789024801,11,11,5,14,14,6,6,15,15,6,2226,604,65220,64,37,2,38,38,24,68,38,1,25,26,66,61,2.412,266,1,36.523396,-119.27877,58.737,7,600,58,3,"e00fce68f12da1a0c5de6248",2026-09-10 07:20:03.788,2026-09-10 07:20:03.989,2026-09-10 07:20:03.989,2026-09-10
"430","0TerQ8a1EJ","MOOSPMv3Parser",1789024801,1,1,2,2,2,2,2,2,2,2,460,125,181296,13,13,1,13,13,27,20,13,1,29,31,32,30,28,168,3277,3e-05,-0.004183,1295.052002,7,600,58,3,"e00fce68e28dcbc9a589be10",2026-09-10 07:20:04.007,2026-09-10 07:20:04.211,2026-09-10 07:20:04.211,2026-09-10
"431","IzY7InAJYC","MOOSPMv3Parser",1789024801,3,3,0,5,5,0,0,5,5,0,954,222,0,27,0,3,0,0,26,20,0,2,29,29,30,32,23.519,127,21,36.187538,-119.822044,25.521999,7,600,58,3,"e00fce68e739ecbcf9e91965",2026-09-10 07:20:04.584,2026-09-10 07:20:04.797,2026-09-10 07:20:04.797,2026-09-10
"432","VZP1URWQoc","MOOSPMv3Parser",1789024801,1,1,1,1,1,2,2,2,2,2,473,108,277412,14,11,1,11,11,24,28,11,1,29,26,31,38,29.882,247,1,36.138969,-120.36834,176.529007,11,600,58,3,"e00fce6850cac69f647dc199",2026-09-10 07:20:04.886,2026-09-10 07:20:05.055,2026-09-10 07:20:05.055,2026-09-10
"433","PL5s1oXAlv","MOOSPMv3Parser",1789024800,3,3,3,5,5,4,4,6,6,4,677,207,152789,32,20,4,21,21,1,1,21,1,26,27,39,40,12.621,91,1,36.433571,-119.923332,39.408001,6,600,58,3,"e00fce6876826e255108c6bd",2026-09-10 07:20:05.636,2026-09-10 07:20:05.832,2026-09-10 07:20:05.832,2026-09-10
"434","eg1iV3RtbK","MOOSPMv3Parser",1789025401,0,0,1,0,0,1,2,0,0,2,175,90,30662,9,8,1,8,9,25,33,9,1,27,28,36,34,19.415,138,1,36.198769,-120.104439,79.539001,8,600,58,3,"e00fce686dc2ef0a68fa40b0",2026-09-10 07:30:03.186,2026-09-10 07:30:03.348,2026-09-10 07:30:03.348,2026-09-10
"435","CjvssObUtp","MOOSPMv3Parser",1789025400,2,2,5,4,4,6,7,5,5,8,442,327,59620,48,34,6,36,36,26,45,36,1,29,29,48,52,2.758,232,1,35.96315,-119.291885,28.077,6,600,58,3,"e00fce68d6b773b56ce8baa0",2026-09-10 07:30:03.251,2026-09-10 07:30:03.492,2026-09-10 07:30:03.492,2026-09-10
"436","m7yCyDZ8ca","MOOSPMv3Parser",1789025400,6,6,2,8,8,3,4,8,8,4,1347,353,207725,38,18,2,19,19,25,46,19,1,26,28,52,49,7.665,216,1,35.949615,-119.049942,118.846001,8,599,58,3,"e00fce6808784ceaf209f949",2026-09-10 07:30:03.241,2026-09-10 07:30:03.516,2026-09-10 07:30:03.516,2026-09-10
"437","Sr4J0uNkqI","MOOSPMv3Parser",1789025401,11,11,5,14,14,5,6,14,14,6,2173,592,65250,63,35,2,36,36,23,70,36,1,23,26,72,63,1.714,258,1,36.523285,-119.278725,84.391998,6,600,58,3,"e00fce68f12da1a0c5de6248",2026-09-10 07:30:03.485,2026-09-10 07:30:03.615,2026-09-10 07:30:03.615,2026-09-10
"438","MrvC8bV6cS","MOOSPMv3Parser",1789025401,2,2,1,3,3,2,3,4,4,4,1239,180,37420,18,11,2,12,12,24,27,12,1,26,26,36,38,25.778,257,1,36.503159,-120.325386,48.143002,7,600,58,3,"e00fce68e77e43df92405fdb",2026-09-10 07:30:03.594,2026-09-10 07:30:03.799,2026-09-10 07:30:03.799,2026-09-10
"439","CWOKzMEAHC","MOOSPMv3Parser",1789025401,2,2,2,3,3,2,2,3,3,2,547,149,181306,17,13,1,14,14,27,22,14,1,27,30,36,33,23.245,225,3277,3e-05,-0.004183,1295.052002,7,600,58,3,"e00fce68e28dcbc9a589be10",2026-09-10 07:30:03.923,2026-09-10 07:30:04.073,2026-09-10 07:30:04.073,2026-09-10
"440","n5qdl9VQvx","MOOSPMv3Parser",1789025400,8,8,3,10,10,4,4,10,10,4,1993,434,104628,49,26,3,27,27,25,62,27,1,27,28,53,54,11.105,222,1,35.775085,-119.23851,69.537003,6,600,58,3,"e00fce68e88237db75a60608",2026-09-10 07:30:04.01,2026-09-10 07:30:04.205,2026-09-10 07:30:04.205,2026-09-10
"441","3yHmISF8Ex","MOOSPMv3Parser",1789025401,3,3,0,5,5,0,0,5,5,0,1017,234,0,26,0,1,0,0,26,22,0,2,28,29,32,33,22.209,153,20,36.187531,-119.82206,31.264999,6,600,58,3,"e00fce68e739ecbcf9e91965",2026-09-10 07:30:04.246,2026-09-10 07:30:04.453,2026-09-10 07:30:04.453,2026-09-10
"442","HXrTqbj0bT","MOOSPMv3Parser",1789025401,1,1,1,2,2,2,2,2,2,2,466,104,277421,11,10,1,10,10,24,28,10,1,29,26,31,39,26.599,261,1,36.139008,-120.368446,168.910004,8,600,58,3,"e00fce6850cac69f647dc199",2026-09-10 07:30:05.055,2026-09-10 07:30:05.201,2026-09-10 07:30:05.201,2026-09-10
"443","2wga4CE3RQ","MOOSPMv3Parser",1789025400,3,3,3,5,5,4,4,7,7,4,716,218,152810,39,24,7,25,25,0,0,25,1,25,27,40,40,12.214,107,1,36.43367,-119.923302,35.305,8,600,58,3,"e00fce6876826e255108c6bd",2026-09-10 07:30:05.552,2026-09-10 07:30:05.736,2026-09-10 07:30:05.736,2026-09-10
"444","q9Ptw8aVZ2","MOOSPMv3Parser",1789026000,2,2,5,5,5,7,8,5,5,9,435,317,59646,46,34,7,36,37,26,45,37,1,29,29,48,51,1.602,231,1,35.963173,-119.29174,50.063999,5,600,58,3,"e00fce68d6b773b56ce8baa0",2026-09-10 07:40:02.853,2026-09-10 07:40:03.033,2026-09-10 07:40:03.033,2026-09-10
"445","eQMcCAOYjF","MOOSPMv3Parser",1789026000,6,6,2,8,8,3,4,8,8,4,1377,361,207740,39,18,3,19,19,25,47,19,1,26,27,53,49,7.55,230,1,35.949547,-119.04998,114.393997,7,599,58,3,"e00fce6808784ceaf209f949",2026-09-10 07:40:03.225,2026-09-10 07:40:03.384,2026-09-10 07:40:03.384,2026-09-10
"446","zU5kwvMwhd","MOOSPMv3Parser",1789026001,2,2,1,3,3,2,2,3,3,2,1495,189,37428,16,10,1,10,10,24,27,10,1,26,26,36,38,25.067,257,1,36.503159,-120.325386,48.146999,0,600,58,3,"e00fce68e77e43df92405fdb",2026-09-10 07:40:03.378,2026-09-10 07:40:03.559,2026-09-10 07:40:03.559,2026-09-10
"447","ev3jGMPrW2","MOOSPMv3Parser",1789026001,0,0,1,0,0,1,1,0,0,2,172,87,30668,9,8,1,8,8,25,34,8,1,27,28,36,34,20.934,127,1,36.198811,-120.104385,69.721001,6,600,58,3,"e00fce686dc2ef0a68fa40b0",2026-09-10 07:40:03.4,2026-09-10 07:40:03.573,2026-09-10 07:40:03.573,2026-09-10
"448","YZHUlA5MMV","MOOSPMv3Parser",1789026001,12,12,5,14,14,5,6,14,14,6,2221,607,65280,65,36,2,37,37,23,71,37,1,22,25,76,65,1.546,225,1,36.523197,-119.27874,110.208,6,600,58,3,"e00fce68f12da1a0c5de6248",2026-09-10 07:40:03.536,2026-09-10 07:40:03.738,2026-09-10 07:40:03.738,2026-09-10
"449","EFGyf0a0YX","MOOSPMv3Parser",1789026000,8,8,3,10,10,4,4,11,11,5,2083,445,104649,47,26,2,26,27,25,62,27,1,27,28,53,53,11.457,215,1,35.775093,-119.238548,66.647003,8,600,58,3,"e00fce68e88237db75a60608",2026-09-10 07:40:04.023,2026-09-10 07:40:04.179,2026-09-10 07:40:04.179,2026-09-10
"450","NKQKgLUpaZ","MOOSPMv3Parser",1789026001,2,2,2,3,3,2,3,3,3,3,602,161,181320,19,16,1,16,16,26,22,16,1,27,29,36,33,20.792,264,3277,3e-05,-0.004183,1295.052002,7,600,58,3,"e00fce68e28dcbc9a589be10",2026-09-10 07:40:04.007,2026-09-10 07:40:04.213,2026-09-10 07:40:04.213,2026-09-10
"451","F9fL0knXdV","MOOSPMv3Parser",1789026001,1,1,1,1,1,2,2,2,2,2,458,101,277431,11,10,1,10,10,23,28,10,1,29,26,32,39,24.889,268,1,36.139023,-120.368492,167.218002,9,600,58,3,"e00fce6850cac69f647dc199",2026-09-10 07:40:04.092,2026-09-10 07:40:04.286,2026-09-10 07:40:04.286,2026-09-10
"452","ZK11FDWkqr","MOOSPMv3Parser",1789026001,3,3,0,5,5,0,0,5,5,0,937,220,0,30,0,4,0,0,26,22,0,2,28,29,32,33,21.105,168,17,36.187531,-119.82206,31.268,0,600,58,3,"e00fce68e739ecbcf9e91965",2026-09-10 07:40:04.251,2026-09-10 07:40:04.405,2026-09-10 07:40:04.405,2026-09-10
"453","Oyg011CGBs","MOOSPMv3Parser",1789026000,16,15,18,29,27,20,21,34,33,21,2859,884,152934,200,144,30,145,145,1,0,145,1,25,26,40,40,9.961,419,1,36.433552,-119.92334,29.139999,7,600,58,3,"e00fce6876826e255108c6bd",2026-09-10 07:40:05.564,2026-09-10 07:40:05.746,2026-09-10 07:40:05.746,2026-09-10
"454","aZm4htBcfV","MOOSPMv3Parser",1789026601,0,0,1,0,0,1,1,0,0,2,168,85,30674,9,7,1,8,8,25,35,8,1,26,28,38,35,19.553,140,1,36.198849,-120.104362,82.836998,9,600,58,3,"e00fce686dc2ef0a68fa40b0",2026-09-10 07:50:02.705,2026-09-10 07:50:02.874,2026-09-10 07:50:02.874,2026-09-10
"455","jGOrvHm6FJ","MOOSPMv3Parser",1789026600,2,2,5,4,4,7,9,5,5,10,409,300,59673,48,35,7,38,38,26,45,38,1,29,29,48,51,0.458,234,1,35.963264,-119.29171,39.998001,5,600,58,3,"e00fce68d6b773b56ce8baa0",2026-09-10 07:50:03.177,2026-09-10 07:50:03.384,2026-09-10 07:50:03.384,2026-09-10
"456","9TsZkFEl4k","MOOSPMv3Parser",1789026600,5,5,2,7,7,3,3,7,7,4,1211,314,207755,34,17,2,17,17,24,49,17,1,26,27,53,50,13.632,186,1,35.94973,-119.050117,75.512001,7,599,58,3,"e00fce6808784ceaf209f949",2026-09-10 07:50:03.229,2026-09-10 07:50:03.415,2026-09-10 07:50:03.415,2026-09-10
"457","E6e7E4gECY","MOOSPMv3Parser",1789026601,3,3,1,4,4,2,2,4,4,2,2156,221,37438,18,11,1,11,12,24,28,12,1,27,26,35,39,26.338,236,1,36.503155,-120.325386,33.372002,7,600,58,3,"e00fce68e77e43df92405fdb",2026-09-10 07:50:03.37,2026-09-10 07:50:03.576,2026-09-10 07:50:03.576,2026-09-10
"458","bUP6GkKEhs","MOOSPMv3Parser",1789026601,12,12,5,14,14,6,6,15,15,6,2277,623,65314,66,38,3,39,39,23,72,39,0,23,25,75,66,2.972,186,1,36.523357,-119.278999,75.389,8,600,58,3,"e00fce68f12da1a0c5de6248",2026-09-10 07:50:03.785,2026-09-10 07:50:03.931,2026-09-10 07:50:03.931,2026-09-10
"459","moPA14P1fS","MOOSPMv3Parser",1789026600,8,8,3,10,10,4,4,10,10,4,2044,431,104672,47,26,2,26,26,25,62,26,1,27,28,53,54,11.521,211,1,35.775093,-119.238548,66.642998,0,600,58,3,"e00fce68e88237db75a60608",2026-09-10 07:50:04.031,2026-09-10 07:50:04.201,2026-09-10 07:50:04.201,2026-09-10
"460","gKQP41uX3X","MOOSPMv3Parser",1789026601,2,2,2,3,3,2,3,4,4,3,594,162,181333,20,15,1,16,16,26,23,16,1,27,29,37,34,18.934,289,3277,3e-05,-0.004183,1295.052002,7,600,58,3,"e00fce68e28dcbc9a589be10",2026-09-10 07:50:04.195,2026-09-10 07:50:04.399,2026-09-10 07:50:04.399,2026-09-10
"461","BkUYgfE4jD","MOOSPMv3Parser",1789026601,3,3,0,5,5,0,0,5,5,0,900,210,0,28,0,2,0,0,26,23,0,2,28,29,34,34,20.74,169,17,36.18745,-119.82206,34.757999,6,600,58,3,"e00fce68e739ecbcf9e91965",2026-09-10 07:50:04.333,2026-09-10 07:50:04.486,2026-09-10 07:50:04.486,2026-09-10
"462","IVzbAN11H9","MOOSPMv3Parser",1789026601,1,1,1,2,2,2,2,2,2,2,484,109,277441,13,10,1,10,10,23,29,10,1,28,25,32,39,23.09,290,1,36.138966,-120.368355,191.692001,8,600,58,3,"e00fce6850cac69f647dc199",2026-09-10 07:50:04.652,2026-09-10 07:50:04.826,2026-09-10 07:50:04.826,2026-09-10
"463","eYei3cVOxR","MOOSPMv3Parser",1789026600,3,3,4,5,5,4,5,7,7,5,756,231,152957,38,28,6,29,29,0,0,29,1,24,26,42,41,10.08,500,1,36.433662,-119.923355,24.09,7,600,58,3,"e00fce6876826e255108c6bd",2026-09-10 07:50:05.57,2026-09-10 07:50:05.725,2026-09-10 07:50:05.725,2026-09-10
"464","f9BYItcspm","MOOSPMv3Parser",1789027201,0,0,1,0,0,1,1,0,0,1,170,86,30679,9,7,1,7,7,25,35,7,1,26,28,37,35,18.67,179,1,36.198811,-120.104256,110.237999,9,600,58,3,"e00fce686dc2ef0a68fa40b0",2026-09-10 08:00:03,2026-09-10 08:00:03.422,2026-09-10 08:00:03.422,2026-09-10
"465","08SnF7eyFA","MOOSPMv3Parser",1789027200,1,1,5,4,4,7,9,5,5,10,413,301,59699,47,33,7,36,36,26,46,36,1,29,28,48,54,0.407,236,1,35.96291,-119.291817,34.092999,6,600,58,3,"e00fce68d6b773b56ce8baa0",2026-09-10 08:00:02.934,2026-09-10 08:00:03.52,2026-09-10 08:00:03.52,2026-09-10
"466","26K1LigpZy","MOOSPMv3Parser",1789027201,3,3,1,3,3,2,2,4,4,2,1800,201,37447,16,11,1,11,11,24,28,11,0,26,26,36,39,25.364,252,1,36.503319,-120.325485,51.325001,8,600,58,3,"e00fce68e77e43df92405fdb",2026-09-10 08:00:03.378,2026-09-10 08:00:03.677,2026-09-10 08:00:03.677,2026-09-10
"467","smhmlwdjiK","MOOSPMv3Parser",1789027200,6,6,2,8,8,3,3,8,8,4,1345,352,207770,38,17,2,18,18,24,50,18,1,25,27,54,50,10.027,208,1,35.949585,-119.049995,104.663002,8,599,58,3,"e00fce6808784ceaf209f949",2026-09-10 08:00:03.15,2026-09-10 08:00:03.787,2026-09-10 08:00:03.787,2026-09-10
"468","DezlUBOm3h","MOOSPMv3Parser",1789027201,11,11,5,14,14,5,5,14,14,6,2239,613,65345,67,36,2,37,37,22,72,37,0,23,25,74,65,3.7,168,1,36.523376,-119.278763,78.291,8,600,58,3,"e00fce68f12da1a0c5de6248",2026-09-10 08:00:03.549,2026-09-10 08:00:03.94,2026-09-10 08:00:03.94,2026-09-10
"469","iUCLtFtCfl","MOOSPMv3Parser",1789027201,2,2,2,3,3,3,3,4,4,3,604,165,181347,20,17,2,17,17,26,24,17,1,27,29,37,35,18.583,296,3277,3e-05,-0.004183,1295.052002,7,600,58,3,"e00fce68e28dcbc9a589be10",2026-09-10 08:00:03.93,2026-09-10 08:00:04.095,2026-09-10 08:00:04.095,2026-09-10
"470","M9fpdNPPxo","MOOSPMv3Parser",1789027200,8,8,3,10,10,4,4,10,10,4,2054,439,104694,50,26,2,26,27,25,63,27,1,27,27,54,54,10.618,212,1,35.77499,-119.238441,74.866997,7,600,58,3,"e00fce68e88237db75a60608",2026-09-10 08:00:04.166,2026-09-10 08:00:04.456,2026-09-10 08:00:04.456,2026-09-10
"471","sFzp5ZCGN6","MOOSPMv3Parser",1789027201,3,3,0,5,5,0,0,5,5,0,968,223,0,31,0,3,0,0,26,24,0,2,27,28,35,36,17.795,242,12,36.187527,-119.821892,54.304001,6,600,58,3,"e00fce68e739ecbcf9e91965",2026-09-10 08:00:04.333,2026-09-10 08:00:04.553,2026-09-10 08:00:04.553,2026-09-10
"472","CQVIH8AfFn","MOOSPMv3Parser",1789027201,1,1,2,2,2,2,2,2,2,2,485,113,277455,13,12,1,12,12,23,29,12,1,28,25,32,39,21.373,304,1,36.138992,-120.368362,179.436005,9,600,58,3,"e00fce6850cac69f647dc199",2026-09-10 08:00:04.806,2026-09-10 08:00:05.038,2026-09-10 08:00:05.038,2026-09-10
"473","XsWV72oEyb","MOOSPMv3Parser",1789027200,3,3,3,5,5,4,6,7,7,6,691,210,152974,34,22,7,23,23,0,0,23,1,24,26,41,41,10.878,493,1,36.433487,-119.923264,40.68,6,600,58,3,"e00fce6876826e255108c6bd",2026-09-10 08:00:05.547,2026-09-10 08:00:05.74,2026-09-10 08:00:05.74,2026-09-10
"474","UYIlCW6pRY","MOOSPMv3Parser",1789027801,0,0,2,0,0,3,3,0,0,4,179,92,30690,11,14,2,15,15,25,34,15,1,26,28,37,35,18.536,153,1,36.198879,-120.10437,75.845001,8,600,58,3,"e00fce686dc2ef0a68fa40b0",2026-09-10 08:10:03.225,2026-09-10 08:10:03.358,2026-09-10 08:10:03.358,2026-09-10
"475","MWXDEY2cRS","MOOSPMv3Parser",1789027800,6,6,2,7,7,3,4,8,8,4,1302,341,207786,36,17,2,18,18,24,52,18,1,25,27,55,52,5.868,242,1,35.949547,-119.049942,125.692001,8,599,58,3,"e00fce6808784ceaf209f949",2026-09-10 08:10:03.153,2026-09-10 08:10:03.386,2026-09-10 08:10:03.386,2026-09-10
"476","3823RziJtR","MOOSPMv3Parser",1789027800,3,3,5,5,5,6,8,6,6,8,463,347,59727,50,36,7,38,38,25,46,38,1,29,28,48,52,0.733,231,1,35.963158,-119.291855,43.477001,9,600,58,3,"e00fce68d6b773b56ce8baa0",2026-09-10 08:10:03.324,2026-09-10 08:10:03.503,2026-09-10 08:10:03.503,2026-09-10
"477","bYbRPzkM9y","MOOSPMv3Parser",1789027801,3,3,1,4,4,2,2,4,4,2,2124,239,37456,17,10,1,11,11,24,29,11,0,26,26,38,40,23.1,280,1,36.502956,-120.325356,51.654999,6,600,58,3,"e00fce68e77e43df92405fdb",2026-09-10 08:10:03.38,2026-09-10 08:10:03.57,2026-09-10 08:10:03.57,2026-09-10
"478","MPQOoV7AHa","MOOSPMv3Parser",1789027801,3,3,2,4,4,3,3,4,4,4,653,180,181362,26,18,3,18,18,26,24,18,1,26,28,36,35,17.565,299,3277,3e-05,-0.004183,1295.052002,7,600,58,3,"e00fce68e28dcbc9a589be10",2026-09-10 08:10:04.091,2026-09-10 08:10:04.306,2026-09-10 08:10:04.306,2026-09-10
"479","UpdZs04r8U","MOOSPMv3Parser",1789027800,8,8,3,10,10,4,4,10,10,4,2088,453,104717,52,26,2,27,27,25,64,27,1,27,27,54,55,9.867,213,1,35.775089,-119.238487,67.752998,7,600,58,3,"e00fce68e88237db75a60608",2026-09-10 08:10:04.171,2026-09-10 08:10:04.379,2026-09-10 08:10:04.379,2026-09-10
"480","AbtLjonMAO","MOOSPMv3Parser",1789027801,4,4,0,5,5,0,0,6,6,0,1008,238,0,30,0,2,0,0,25,24,0,2,27,28,35,35,15.901,261,7,36.187607,-119.822212,11.853,5,600,58,3,"e00fce68e739ecbcf9e91965",2026-09-10 08:10:04.333,2026-09-10 08:10:04.529,2026-09-10 08:10:04.529,2026-09-10
"481","AoxfGFpmrl","MOOSPMv3Parser",1789027801,1,1,1,2,2,2,2,2,2,2,480,111,277469,14,11,1,11,12,23,30,12,1,28,25,32,40,20.619,323,1,36.13908,-120.368294,188.673996,8,600,58,3,"e00fce6850cac69f647dc199",2026-09-10 08:10:04.98,2026-09-10 08:10:05.144,2026-09-10 08:10:05.144,2026-09-10
"482","sPqFdmjCe2","MOOSPMv3Parser",1789027800,4,4,3,6,6,4,5,7,7,5,842,255,152995,40,25,4,26,26,0,0,26,1,24,26,39,40,10.432,497,1,36.433712,-119.923401,57.499001,0,600,58,3,"e00fce6876826e255108c6bd",2026-09-10 08:10:05.542,2026-09-10 08:10:05.72,2026-09-10 08:10:05.72,2026-09-10
"483","UBfp0SYYHP","MOOSPMv3Parser",1789028400,7,7,3,9,9,4,4,9,9,4,1539,405,207805,44,23,2,24,24,24,52,24,1,25,26,54,51,8.383,222,1,35.949581,-119.049843,131.419998,8,599,58,3,"e00fce6808784ceaf209f949",2026-09-10 08:20:03.22,2026-09-10 08:20:03.375,2026-09-10 08:20:03.375,2026-09-10
"484","4OqTQw1bND","MOOSPMv3Parser",1789028400,2,2,5,5,5,6,7,6,6,8,458,343,59755,48,36,6,37,37,25,47,37,1,29,28,48,52,1.219,226,1,35.963028,-119.291733,59.875999,9,600,58,3,"e00fce68d6b773b56ce8baa0",2026-09-10 08:20:03.403,2026-09-10 08:20:03.555,2026-09-10 08:20:03.555,2026-09-10
"485","QMSuG1VNtv","MOOSPMv3Parser",1789028401,0,0,1,0,0,2,3,0,0,3,175,89,30698,11,11,1,11,12,25,35,12,1,26,27,38,36,19.71,137,1,36.198952,-120.104492,84.800003,8,600,58,3,"e00fce686dc2ef0a68fa40b0",2026-09-10 08:20:03.471,2026-09-10 08:20:03.64,2026-09-10 08:20:03.64,2026-09-10
"486","CJuzBAG7Vl","MOOSPMv3Parser",1789028400,11,11,4,13,13,5,5,14,14,5,2069,568,65509,55,33,2,33,33,22,70,33,0,23,25,68,64,5.028,174,1,36.523342,-119.278801,90.081001,0,599,58,3,"e00fce68f12da1a0c5de6248",2026-09-10 08:20:03.544,2026-09-10 08:20:03.765,2026-09-10 08:20:03.765,2026-09-10
"487","nkPtpMS2yl","MOOSPMv3Parser",1789028400,8,8,3,10,10,4,4,11,11,4,2067,445,104739,50,26,3,27,27,24,65,27,1,27,27,55,55,8.06,221,1,35.774937,-119.238548,63.116001,7,600,58,3,"e00fce68e88237db75a60608",2026-09-10 08:20:03.933,2026-09-10 08:20:04.092,2026-09-10 08:20:04.092,2026-09-10
"488","QdxEFjvJEK","MOOSPMv3Parser",1789028401,3,3,3,4,4,3,4,4,4,4,696,194,181379,25,19,2,20,20,25,23,20,1,26,28,35,34,20.104,248,3277,3e-05,-0.004183,1295.052002,7,600,58,3,"e00fce68e28dcbc9a589be10",2026-09-10 08:20:04.001,2026-09-10 08:20:04.169,2026-09-10 08:20:04.169,2026-09-10
"489","QVnl41iWh0","MOOSPMv3Parser",1789028401,3,3,0,5,5,0,0,5,5,0,917,218,0,28,0,3,0,0,25,26,0,2,26,28,37,37,14.336,267,5,36.187515,-119.822075,26.132999,6,600,58,3,"e00fce68e739ecbcf9e91965",2026-09-10 08:20:04.18,2026-09-10 08:20:04.35,2026-09-10 08:20:04.35,2026-09-10
"490","AC2DfHzOns","MOOSPMv3Parser",1789028401,1,1,2,2,2,2,2,2,2,2,490,114,277484,13,13,1,13,13,23,31,13,1,28,25,34,42,19.759,309,1,36.13908,-120.368294,188.679993,0,600,58,3,"e00fce6850cac69f647dc199",2026-09-10 08:20:04.258,2026-09-10 08:20:04.447,2026-09-10 08:20:04.447,2026-09-10
"491","QH3yKat0ts","MOOSPMv3Parser",1789028400,2,2,3,5,5,5,6,7,7,7,651,198,153013,31,24,7,25,25,0,0,25,1,24,26,41,41,11.258,490,1,36.433689,-119.923401,52.445,5,600,58,3,"e00fce6876826e255108c6bd",2026-09-10 08:20:05.472,2026-09-10 08:20:05.623,2026-09-10 08:20:05.623,2026-09-10
"492","JcCETx6LNF","MOOSPMv3Parser",1789028401,3,3,1,4,4,2,2,4,4,2,2210,241,37465,17,11,1,11,11,24,30,11,0,25,26,39,41,21.826,293,1,36.503319,-120.325401,58.009998,8,600,58,3,"e00fce68e77e43df92405fdb",2026-09-10 08:20:07.606,2026-09-10 08:20:07.81,2026-09-10 08:20:07.81,2026-09-10
"493","5rKUXEn7IU","MOOSPMv3Parser",1789029001,0,0,3,0,0,5,7,0,0,7,191,104,30713,16,21,3,23,23,24,35,23,1,26,27,37,36,17.735,146,1,36.198952,-120.104492,84.802002,0,600,58,3,"e00fce686dc2ef0a68fa40b0",2026-09-10 08:30:02.459,2026-09-10 08:30:02.708,2026-09-10 08:30:02.708,2026-09-10
"494","rvvgkQ0BvV","MOOSPMv3Parser",1789029000,11,11,4,14,14,5,5,14,14,5,2226,613,65430,57,35,2,35,35,22,71,35,0,24,25,66,65,5.695,191,1,36.523418,-119.278709,84.194,5,600,58,3,"e00fce68f12da1a0c5de6248",2026-09-10 08:30:03.169,2026-09-10 08:30:03.365,2026-09-10 08:30:03.365,2026-09-10
"495","MUfV1CA0P0","MOOSPMv3Parser",1789029000,2,2,4,4,4,6,7,5,5,7,436,321,59782,43,33,5,35,35,25,49,35,1,26,28,61,55,1.908,225,1,35.963058,-119.291733,47.937,5,600,58,3,"e00fce68d6b773b56ce8baa0",2026-09-10 08:30:03.252,2026-09-10 08:30:03.432,2026-09-10 08:30:03.432,2026-09-10
"496","yjuyRfO0RQ","MOOSPMv3Parser",1789029000,6,6,2,8,8,3,3,8,8,4,1371,353,207819,36,16,3,17,17,24,51,17,1,26,26,52,51,13.663,180,1,35.949612,-119.04995,119.708,8,599,58,3,"e00fce6808784ceaf209f949",2026-09-10 08:30:03.323,2026-09-10 08:30:03.519,2026-09-10 08:30:03.519,2026-09-10
"497","GZY4COnITX","MOOSPMv3Parser",1789029001,2,2,1,3,3,1,1,3,3,1,1264,184,37474,18,9,1,10,10,24,30,10,0,25,26,39,41,21.7,291,1,36.50312,-120.325401,52.015999,7,600,58,3,"e00fce68e77e43df92405fdb",2026-09-10 08:30:03.47,2026-09-10 08:30:03.644,2026-09-10 08:30:03.644,2026-09-10
"498","SeB5nvfcI0","MOOSPMv3Parser",1789029000,8,8,3,10,10,4,4,11,11,4,2041,444,104762,48,27,2,27,27,24,66,27,1,27,27,55,56,6.564,230,1,35.774963,-119.238556,80.043999,6,600,58,3,"e00fce68e88237db75a60608",2026-09-10 08:30:04.125,2026-09-10 08:30:04.33,2026-09-10 08:30:04.33,2026-09-10
"499","T82hY9stVl","MOOSPMv3Parser",1789029001,3,3,0,5,5,0,0,6,6,0,948,220,0,30,0,3,0,0,25,26,0,2,26,27,36,37,12.057,317,2,36.187592,-119.82206,45.868999,6,600,58,3,"e00fce68e739ecbcf9e91965",2026-09-10 08:30:04.173,2026-09-10 08:30:04.339,2026-09-10 08:30:04.339,2026-09-10
"500","4xfs8Jj2LH","MOOSPMv3Parser",1789029001,3,3,3,4,4,3,4,4,4,4,668,182,181395,23,19,2,20,20,25,23,20,1,26,28,35,34,22.967,211,3277,3e-05,-0.004183,1295.052002,7,600,58,3,"e00fce68e28dcbc9a589be10",2026-09-10 08:30:04.261,2026-09-10 08:30:04.46,2026-09-10 08:30:04.46,2026-09-10
"501","eseD6TiTbT","MOOSPMv3Parser",1789029001,1,1,2,2,2,2,2,2,2,2,527,121,277498,14,12,1,12,12,22,34,12,1,28,25,36,44,20.1,289,1,36.139244,-120.368576,177.722,8,600,58,3,"e00fce6850cac69f647dc199",2026-09-10 08:30:04.498,2026-09-10 08:30:04.654,2026-09-10 08:30:04.654,2026-09-10
"502","RFBA92cTHH","MOOSPMv3Parser",1789029000,2,2,3,5,5,4,5,6,6,6,649,196,153028,31,19,7,20,21,0,0,21,1,24,25,41,41,10.771,484,1,36.433537,-119.923401,17.653,7,600,58,3,"e00fce6876826e255108c6bd",2026-09-10 08:30:05.612,2026-09-10 08:30:05.752,2026-09-10 08:30:05.752,2026-09-10
"503","T6nq5Itf5k","MOOSPMv3Parser",1789029600,12,12,5,15,15,5,5,15,15,6,2342,641,65462,65,37,2,37,37,22,71,37,0,23,25,69,64,4.746,167,1,36.523239,-119.278831,82.299004,5,600,58,3,"e00fce68f12da1a0c5de6248",2026-09-10 08:40:02.661,2026-09-10 08:40:02.84,2026-09-10 08:40:02.84,2026-09-10
"504","pDTFyDLGEl","MOOSPMv3Parser",1789029601,0,0,2,0,0,3,4,0,0,4,180,95,30722,12,13,2,14,14,24,35,14,1,26,27,36,36,16.407,212,1,36.198933,-120.104401,81.069,10,600,58,3,"e00fce686dc2ef0a68fa40b0",2026-09-10 08:40:02.836,2026-09-10 08:40:03.045,2026-09-10 08:40:03.045,2026-09-10
"505","c8wtlm5lIt","MOOSPMv3Parser",1789029600,2,2,4,5,5,5,6,5,5,7,444,330,59808,46,32,5,34,34,25,50,34,1,26,27,62,56,2.429,224,1,35.963287,-119.292053,4.036,7,600,58,3,"e00fce68d6b773b56ce8baa0",2026-09-10 08:40:02.922,2026-09-10 08:40:03.11,2026-09-10 08:40:03.11,2026-09-10
"506","06yVPvDG04","MOOSPMv3Parser",1789029600,8,8,3,10,10,4,5,10,10,5,1628,424,207837,49,23,3,24,24,23,54,24,1,25,26,53,52,8.564,209,1,35.949482,-119.050041,95.581001,7,599,58,3,"e00fce6808784ceaf209f949",2026-09-10 08:40:03.223,2026-09-10 08:40:03.397,2026-09-10 08:40:03.397,2026-09-10
"507","InoAs6WDYI","MOOSPMv3Parser",1789029601,3,3,2,4,4,2,2,4,4,2,1407,204,37484,21,12,1,12,12,23,30,12,0,25,26,39,41,20.957,279,1,36.503021,-120.325378,56.768002,6,600,58,3,"e00fce68e77e43df92405fdb",2026-09-10 08:40:03.486,2026-09-10 08:40:03.678,2026-09-10 08:40:03.678,2026-09-10
"508","t8EJaNUahd","MOOSPMv3Parser",1789029600,8,8,3,10,10,4,4,11,11,4,2074,451,104783,50,25,2,25,25,24,66,25,1,26,27,56,56,7.24,227,1,35.775127,-119.23851,66.592003,6,600,58,3,"e00fce68e88237db75a60608",2026-09-10 08:40:04.098,2026-09-10 08:40:04.325,2026-09-10 08:40:04.325,2026-09-10
"509","be6yqIQBpt","MOOSPMv3Parser",1789029601,2,2,2,3,3,3,4,4,4,4,635,175,181411,21,19,2,19,19,25,24,19,1,26,28,35,35,20.424,221,3277,3e-05,-0.004183,1295.052002,7,600,58,3,"e00fce68e28dcbc9a589be10",2026-09-10 08:40:04.248,2026-09-10 08:40:04.424,2026-09-10 08:40:04.424,2026-09-10
"510","AkYRrnVsmv","MOOSPMv3Parser",1789029601,3,3,0,5,5,0,0,5,5,0,921,213,0,28,0,2,0,0,24,27,0,2,26,27,37,38,12.684,287,1,36.187523,-119.822044,29.333,5,600,58,3,"e00fce68e739ecbcf9e91965",2026-09-10 08:40:04.326,2026-09-10 08:40:04.566,2026-09-10 08:40:04.566,2026-09-10
"511","3pLYDxcBaG","MOOSPMv3Parser",1789029601,1,1,2,2,2,2,2,2,2,2,517,120,277513,15,12,1,13,13,22,35,13,1,27,25,37,45,19.553,275,1,36.139034,-120.368423,176.862,8,600,58,3,"e00fce6850cac69f647dc199",2026-09-10 08:40:04.926,2026-09-10 08:40:05.109,2026-09-10 08:40:05.109,2026-09-10
"512","wJhwFXRGVa","MOOSPMv3Parser",1789029600,3,3,3,4,4,4,5,5,5,6,654,197,153044,30,19,4,21,21,0,0,21,1,24,25,42,42,10.629,499,1,36.433548,-119.923378,41.893002,7,600,58,3,"e00fce6876826e255108c6bd",2026-09-10 08:40:05.483,2026-09-10 08:40:05.652,2026-09-10 08:40:05.652,2026-09-10
"513","DracaQTYKk","MOOSPMv3Parser",1789030200,3,3,5,5,5,6,6,6,6,7,472,352,59836,49,35,6,36,36,25,49,36,1,26,27,60,56,1.465,222,1,35.963284,-119.292053,4.041,0,600,58,3,"e00fce68d6b773b56ce8baa0",2026-09-10 08:50:03.173,2026-09-10 08:50:03.31,2026-09-10 08:50:03.31,2026-09-10
"514","VFpm1LpZNK","MOOSPMv3Parser",1789030201,0,0,2,0,0,3,4,0,0,4,183,97,30733,12,15,2,16,16,24,35,16,1,26,27,37,36,16.667,259,1,36.198769,-120.104408,78.163002,7,600,58,3,"e00fce686dc2ef0a68fa40b0",2026-09-10 08:50:03.153,2026-09-10 08:50:03.319,2026-09-10 08:50:03.319,2026-09-10
"515","qh88b0xAPr","MOOSPMv3Parser",1789030200,8,8,3,9,9,4,4,10,10,5,1616,425,207507,45,22,3,23,23,23,53,23,1,26,26,53,52,9.457,203,1,35.949482,-119.050041,95.581001,0,600,58,3,"e00fce6808784ceaf209f949",2026-09-10 08:50:03.225,2026-09-10 08:50:03.459,2026-09-10 08:50:03.459,2026-09-10
"516","AYuHbO1LmY","MOOSPMv3Parser",1789030201,4,4,2,5,5,2,2,5,5,2,2242,255,37498,26,16,2,16,16,23,29,16,0,25,25,38,40,21.4,266,1,36.503178,-120.325401,52.866001,10,600,58,3,"e00fce68e77e43df92405fdb",2026-09-10 08:50:03.384,2026-09-10 08:50:03.615,2026-09-10 08:50:03.615,2026-09-10
"517","zCEIBH4S2n","MOOSPMv3Parser",1789030200,8,8,3,10,10,4,4,10,10,4,2029,440,104806,49,26,2,27,27,24,68,27,1,26,27,58,57,7.725,227,1,35.775116,-119.23851,59.431999,8,600,58,3,"e00fce68e88237db75a60608",2026-09-10 08:50:04.017,2026-09-10 08:50:04.247,2026-09-10 08:50:04.247,2026-09-10
"518","x2NYSGkn5N","MOOSPMv3Parser",1789030201,2,2,2,3,3,3,4,3,3,4,571,157,181425,20,18,1,18,18,25,24,18,1,26,28,35,35,15.736,253,3277,3e-05,-0.004183,1295.052002,7,600,58,3,"e00fce68e28dcbc9a589be10",2026-09-10 08:50:04.154,2026-09-10 08:50:04.322,2026-09-10 08:50:04.322,2026-09-10
"519","CkzJYm0ytG","MOOSPMv3Parser",1789030201,3,3,0,4,4,0,0,5,5,0,866,203,0,25,0,2,0,0,24,29,0,2,26,27,39,40,11.609,294,1,36.187504,-119.822052,30.171,5,600,58,3,"e00fce68e739ecbcf9e91965",2026-09-10 08:50:04.25,2026-09-10 08:50:04.578,2026-09-10 08:50:04.578,2026-09-10
"520","e8QEUwcDdT","MOOSPMv3Parser",1789030201,1,1,1,2,2,2,2,2,2,2,495,111,277527,16,11,1,11,11,22,33,11,1,27,24,35,43,20.628,275,1,36.138947,-120.368477,171.382996,9,600,58,3,"e00fce6850cac69f647dc199",2026-09-10 08:50:05.135,2026-09-10 08:50:05.323,2026-09-10 08:50:05.323,2026-09-10
"521","xMltcjRrp8","MOOSPMv3Parser",1789030200,3,3,3,5,5,5,6,7,7,7,702,213,153064,34,25,6,27,27,0,0,27,1,24,25,42,42,10.673,494,1,36.433628,-119.923347,42.006001,8,600,58,3,"e00fce6876826e255108c6bd",2026-09-10 08:50:05.649,2026-09-10 08:50:05.854,2026-09-10 08:50:05.854,2026-09-10
"522","FuW2JBMHcD","MOOSPMv3Parser",1789030200,12,12,4,15,15,5,5,15,15,5,2380,649,65492,67,34,2,34,34,22,71,34,0,23,25,71,65,5.368,148,1,36.523441,-119.278717,75.250999,6,600,58,3,"e00fce68f12da1a0c5de6248",2026-09-10 08:50:09.144,2026-09-10 08:50:09.291,2026-09-10 08:50:09.291,2026-09-10
"523","sycginCbW0","MOOSPMv3Parser",1789030800,3,3,5,6,6,6,6,6,6,7,487,366,59865,52,36,6,37,37,25,49,37,1,26,27,59,56,1.273,220,1,35.963154,-119.291725,44.511002,9,600,58,3,"e00fce68d6b773b56ce8baa0",2026-09-10 09:00:02.913,2026-09-10 09:00:03.469,2026-09-10 09:00:03.469,2026-09-10
"524","jPNsduR391","MOOSPMv3Parser",1789030800,8,8,3,10,10,4,4,10,10,5,1646,437,207871,53,22,3,23,23,23,54,23,1,25,26,54,52,8.638,201,1,35.949677,-119.049881,123.852997,7,599,58,3,"e00fce6808784ceaf209f949",2026-09-10 09:00:03.226,2026-09-10 09:00:03.724,2026-09-10 09:00:03.724,2026-09-10
"525","jpQPaUwyee","MOOSPMv3Parser",1789030801,0,0,2,0,0,4,5,0,0,5,185,97,30746,14,17,2,19,19,24,34,19,1,26,27,35,35,16.511,151,1,36.198853,-120.104454,75.667,10,600,58,3,"e00fce686dc2ef0a68fa40b0",2026-09-10 09:00:03.403,2026-09-10 09:00:03.806,2026-09-10 09:00:03.806,2026-09-10
"526","UfgDO3WofV","MOOSPMv3Parser",1789030801,3,3,2,4,4,2,2,4,4,2,1621,212,37508,20,12,1,12,12,23,30,12,0,25,25,37,40,22.983,250,1,36.503109,-120.325417,52.831001,8,600,58,3,"e00fce68e77e43df92405fdb",2026-09-10 09:00:03.916,2026-09-10 09:00:04.264,2026-09-10 09:00:04.264,2026-09-10
"527","y2Nepsu3K0","MOOSPMv3Parser",1789030801,2,2,2,2,2,3,3,3,3,4,530,145,181439,17,16,1,16,17,25,24,17,1,26,27,36,35,11.495,265,3277,3e-05,-0.004183,1295.052002,7,600,58,3,"e00fce68e28dcbc9a589be10",2026-09-10 09:00:04.009,2026-09-10 09:00:04.278,2026-09-10 09:00:04.278,2026-09-10
"528","2myeKj4JGH","MOOSPMv3Parser",1789030800,8,8,3,10,10,4,4,10,10,4,1968,430,104829,50,26,3,27,27,24,70,27,0,26,27,59,58,7.291,229,1,35.77507,-119.238487,65.512001,9,600,58,3,"e00fce68e88237db75a60608",2026-09-10 09:00:04.1,2026-09-10 09:00:04.308,2026-09-10 09:00:04.308,2026-09-10
"529","S3SjDTeBVl","MOOSPMv3Parser",1789030801,1,1,2,2,2,2,2,2,2,2,505,117,277543,15,13,1,14,14,22,36,14,1,27,24,37,45,20.382,262,1,36.138954,-120.368446,167.630997,10,600,58,3,"e00fce6850cac69f647dc199",2026-09-10 09:00:04.107,2026-09-10 09:00:04.322,2026-09-10 09:00:04.322,2026-09-10
"530","o2W9H1H1PK","MOOSPMv3Parser",1789030801,3,3,0,5,5,0,0,5,5,0,889,205,0,27,0,2,0,0,24,34,0,2,25,27,46,44,2.477,366,1,36.187542,-119.822144,26.802,7,600,58,3,"e00fce68e739ecbcf9e91965",2026-09-10 09:00:04.314,2026-09-10 09:00:04.655,2026-09-10 09:00:04.655,2026-09-10
"531","bW6ufx6pPU","MOOSPMv3Parser",1789030800,4,4,4,7,7,7,8,9,9,9,865,264,153088,46,32,7,34,34,0,0,34,1,24,25,45,44,10.051,498,1,36.433647,-119.923347,36.561001,10,600,58,3,"e00fce6876826e255108c6bd",2026-09-10 09:00:05.55,2026-09-10 09:00:05.742,2026-09-10 09:00:05.742,2026-09-10
"532","sbOEE0quBS","MOOSPMv3Parser",1789030800,13,13,5,15,15,5,5,16,16,5,2403,659,65525,70,37,2,38,38,22,72,38,0,23,24,71,65,5.576,161,1,36.523251,-119.278862,75.677002,6,600,58,3,"e00fce68f12da1a0c5de6248",2026-09-10 09:00:18.11,2026-09-10 09:00:18.301,2026-09-10 09:00:18.301,2026-09-10
"533","nXKQ1D4Ufj","MOOSPMv3Parser",1789031401,0,0,2,0,0,3,4,0,0,4,191,104,30755,14,13,2,14,14,24,34,14,1,26,27,35,35,15.526,193,1,36.198826,-120.104477,77.514999,10,600,58,3,"e00fce686dc2ef0a68fa40b0",2026-09-10 09:10:02.586,2026-09-10 09:10:02.783,2026-09-10 09:10:02.783,2026-09-10
"534","5LweZOTWJQ","MOOSPMv3Parser",1789031400,13,13,5,16,16,6,6,17,17,6,2484,687,65558,77,39,3,40,40,22,72,40,0,23,24,71,65,5.859,171,1,36.523411,-119.278854,76.876999,8,600,58,3,"e00fce68f12da1a0c5de6248",2026-09-10 09:10:02.511,2026-09-10 09:10:02.797,2026-09-10 09:10:02.797,2026-09-10
"535","9ZYdyWDV03","MOOSPMv3Parser",1789031400,3,3,5,6,6,7,8,7,7,8,504,380,59897,54,40,8,41,42,25,49,42,1,26,27,60,56,1.047,218,1,35.963146,-119.291832,48.320999,7,600,58,3,"e00fce68d6b773b56ce8baa0",2026-09-10 09:10:03.251,2026-09-10 09:10:03.399,2026-09-10 09:10:03.399,2026-09-10
"536","QriKfhw2uA","MOOSPMv3Parser",1789031400,7,7,3,9,9,4,4,10,10,5,1594,417,207887,42,21,3,22,22,23,54,22,1,25,26,54,52,8.821,199,1,35.949604,-119.049988,116.265999,10,599,58,3,"e00fce6808784ceaf209f949",2026-09-10 09:10:03.323,2026-09-10 09:10:03.594,2026-09-10 09:10:03.594,2026-09-10
"537","m5qjkrED3h","MOOSPMv3Parser",1789031400,8,8,3,10,10,4,4,10,10,4,2001,433,104850,49,25,3,26,26,24,72,26,1,26,26,60,59,6.094,232,1,35.775154,-119.238525,68.557999,6,600,58,3,"e00fce68e88237db75a60608",2026-09-10 09:10:04.036,2026-09-10 09:10:04.225,2026-09-10 09:10:04.225,2026-09-10
"538","YK2maiBNrv","MOOSPMv3Parser",1789031401,2,2,2,3,3,3,3,3,3,3,538,147,181453,20,16,1,17,17,25,25,17,1,26,27,36,35,11.173,295,3277,3e-05,-0.004183,1295.052002,7,600,58,3,"e00fce68e28dcbc9a589be10",2026-09-10 09:10:04.013,2026-09-10 09:10:04.24,2026-09-10 09:10:04.24,2026-09-10
"539","aQiwf9nEnE","MOOSPMv3Parser",1789031401,3,3,0,5,5,0,0,5,5,0,926,212,0,27,0,2,0,0,24,37,0,2,25,26,48,46,4.837,362,1,36.187534,-119.822021,32.650002,5,600,58,3,"e00fce68e739ecbcf9e91965",2026-09-10 09:10:04.314,2026-09-10 09:10:04.534,2026-09-10 09:10:04.534,2026-09-10
"540","jgcYlZ6B4A","MOOSPMv3Parser",1789031401,1,1,2,2,2,2,2,2,2,2,498,115,277556,15,12,1,12,12,22,34,12,1,27,24,36,44,18.874,277,1,36.139053,-120.368469,174.082001,8,600,58,3,"e00fce6850cac69f647dc199",2026-09-10 09:10:04.499,2026-09-10 09:10:04.652,2026-09-10 09:10:04.652,2026-09-10
"541","mUaQKteAd6","MOOSPMv3Parser",1789031400,3,3,3,5,5,4,5,6,6,5,723,219,153106,37,23,5,24,24,0,0,24,1,23,24,47,46,9.098,500,1,36.433624,-119.92337,24.966999,10,600,58,3,"e00fce6876826e255108c6bd",2026-09-10 09:10:05.628,2026-09-10 09:10:05.774,2026-09-10 09:10:05.774,2026-09-10
"542","HstBMF0BTZ","MOOSPMv3Parser",1789032000,13,13,5,15,15,5,5,16,16,5,2397,655,65591,68,37,2,37,37,22,73,37,0,22,24,76,66,4.434,158,1,36.523266,-119.278824,100.639999,7,600,58,3,"e00fce68f12da1a0c5de6248",2026-09-10 09:20:02.556,2026-09-10 09:20:02.855,2026-09-10 09:20:02.855,2026-09-10
"543","K5fUYP72BF","MOOSPMv3Parser",1789032001,0,0,1,0,0,2,2,0,0,3,186,99,30763,12,10,1,10,11,24,35,11,1,26,27,36,36,13.481,342,1,36.198818,-120.104309,84.866997,7,600,58,3,"e00fce686dc2ef0a68fa40b0",2026-09-10 09:20:02.836,2026-09-10 09:20:03.074,2026-09-10 09:20:03.074,2026-09-10
"544","9AV5SPuHXC","MOOSPMv3Parser",1789032000,3,3,5,6,6,6,7,7,7,8,499,376,59927,54,37,6,38,39,24,50,39,1,25,27,61,56,2.329,215,1,35.963192,-119.291718,40.834999,7,600,58,3,"e00fce68d6b773b56ce8baa0",2026-09-10 09:20:02.859,2026-09-10 09:20:03.232,2026-09-10 09:20:03.232,2026-09-10
"545","WTwEBpBXFY","MOOSPMv3Parser",1789032000,7,7,3,9,9,3,4,9,9,4,1519,402,207904,41,21,2,22,22,23,54,22,1,25,26,53,52,9.912,188,1,35.949562,-119.049957,121.792999,11,599,58,3,"e00fce6808784ceaf209f949",2026-09-10 09:20:03.222,2026-09-10 09:20:03.455,2026-09-10 09:20:03.455,2026-09-10
"546","g2nCe0O3nH","MOOSPMv3Parser",1789032001,2,2,2,3,3,3,3,3,3,3,536,147,181465,19,15,2,16,16,25,25,16,1,26,27,37,36,10.966,296,3277,3e-05,-0.004183,1295.052002,7,600,58,3,"e00fce68e28dcbc9a589be10",2026-09-10 09:20:04.086,2026-09-10 09:20:04.264,2026-09-10 09:20:04.264,2026-09-10
"547","S212cR7EQs","MOOSPMv3Parser",1789032000,8,8,3,10,10,4,4,10,10,4,1946,425,104873,48,26,2,27,27,24,73,27,1,25,26,61,59,5.201,238,1,35.775063,-119.238541,73.922997,6,600,58,3,"e00fce68e88237db75a60608",2026-09-10 09:20:04.109,2026-09-10 09:20:04.28,2026-09-10 09:20:04.28,2026-09-10
"548","Ga2kQG7Jxx","MOOSPMv3Parser",1789032001,3,3,0,5,5,0,0,6,6,0,969,223,0,28,0,4,0,0,24,37,0,2,25,26,47,46,6.828,353,1,36.187538,-119.822014,30.028999,6,600,58,3,"e00fce68e739ecbcf9e91965",2026-09-10 09:20:04.251,2026-09-10 09:20:04.471,2026-09-10 09:20:04.471,2026-09-10
"549","kCIjAVMOoG","MOOSPMv3Parser",1789032001,1,1,2,2,2,2,2,2,2,2,490,115,277570,15,12,1,12,12,22,34,12,1,27,24,35,43,18.002,300,1,36.138893,-120.368408,157.809006,8,600,58,3,"e00fce6850cac69f647dc199",2026-09-10 09:20:04.712,2026-09-10 09:20:04.863,2026-09-10 09:20:04.863,2026-09-10
"550","1fjoCIUfxN","MOOSPMv3Parser",1789032000,3,3,3,6,6,5,6,8,8,6,811,245,153124,38,24,6,26,26,0,0,26,1,23,24,49,48,7.944,500,1,36.43359,-119.923309,15.806,7,600,58,3,"e00fce6876826e255108c6bd",2026-09-10 09:20:05.622,2026-09-10 09:20:05.822,2026-09-10 09:20:05.822,2026-09-10
"551","HdrrtLhN9F","MOOSPMv3Parser",1789032600,12,12,5,15,15,5,5,16,16,5,2402,657,65623,69,37,3,38,38,22,73,38,0,22,24,76,66,3.957,166,1,36.523201,-119.278755,79.962997,8,600,58,3,"e00fce68f12da1a0c5de6248",2026-09-10 09:30:02.664,2026-09-10 09:30:02.878,2026-09-10 09:30:02.878,2026-09-10
"552","EASaOOKkaj","MOOSPMv3Parser",1789032601,0,0,2,0,0,2,3,0,0,3,179,96,30772,12,11,1,12,12,24,34,12,1,26,27,36,35,15.411,290,1,36.198868,-120.104469,77.793999,7,600,58,3,"e00fce686dc2ef0a68fa40b0",2026-09-10 09:30:03.099,2026-09-10 09:30:03.277,2026-09-10 09:30:03.277,2026-09-10
"553","viKXV2FSJ3","MOOSPMv3Parser",1789032600,7,7,3,9,9,3,4,9,9,4,1518,399,207920,43,21,3,21,21,23,54,21,1,25,26,54,52,10.219,181,1,35.949722,-119.049965,135.035995,9,599,58,3,"e00fce6808784ceaf209f949",2026-09-10 09:30:03.213,2026-09-10 09:30:03.348,2026-09-10 09:30:03.348,2026-09-10
"554","ZEmGPeA5HZ","MOOSPMv3Parser",1789032600,3,3,5,6,6,6,7,7,7,8,495,376,59957,54,37,6,39,39,24,50,39,1,25,27,62,57,3.881,208,1,35.96315,-119.29171,39.801998,9,600,58,3,"e00fce68d6b773b56ce8baa0",2026-09-10 09:30:03.251,2026-09-10 09:30:03.468,2026-09-10 09:30:03.468,2026-09-10
"555","tqtHgfNHw6","MOOSPMv3Parser",1789032601,1,1,2,2,2,2,2,2,2,2,489,134,181476,17,14,1,14,14,25,25,14,1,26,27,36,36,11.884,277,3277,3e-05,-0.004183,1295.052002,7,600,58,3,"e00fce68e28dcbc9a589be10",2026-09-10 09:30:04.087,2026-09-10 09:30:04.238,2026-09-10 09:30:04.238,2026-09-10
"556","0dEb2vw6eE","MOOSPMv3Parser",1789032601,4,4,0,5,5,0,0,5,5,0,1023,243,0,29,0,2,0,0,24,37,0,2,25,26,46,45,6.93,333,1,36.187538,-119.822014,30.028,0,600,58,3,"e00fce68e739ecbcf9e91965",2026-09-10 09:30:04.199,2026-09-10 09:30:04.374,2026-09-10 09:30:04.374,2026-09-10
"557","Q5NrvrNuBY","MOOSPMv3Parser",1789032600,8,8,3,11,11,4,4,11,11,4,2057,453,104894,50,25,3,26,26,24,73,26,0,25,26,61,60,4.85,248,1,35.775093,-119.238525,48.903,7,600,58,3,"e00fce68e88237db75a60608",2026-09-10 09:30:04.24,2026-09-10 09:30:04.449,2026-09-10 09:30:04.449,2026-09-10
"558","1BOPGKKJU9","MOOSPMv3Parser",1789032601,1,1,1,2,2,2,2,2,2,2,509,115,277585,13,12,1,12,12,22,34,12,0,27,24,35,43,21.051,249,1,36.139103,-120.368439,176.903,11,600,58,3,"e00fce6850cac69f647dc199",2026-09-10 09:30:05.118,2026-09-10 09:30:05.314,2026-09-10 09:30:05.314,2026-09-10
"559","de6XjDbsiV","MOOSPMv3Parser",1789032600,4,4,3,7,7,5,7,8,8,8,871,265,153143,43,25,8,27,27,0,0,27,1,23,24,46,46,7.273,500,1,36.433594,-119.923279,1.705,8,600,58,3,"e00fce6876826e255108c6bd",2026-09-10 09:30:05.692,2026-09-10 09:30:05.857,2026-09-10 09:30:05.857,2026-09-10
"560","u0JKKsh2fW","MOOSPMv3Parser",1789033200,3,3,5,6,6,7,8,7,7,9,509,387,59988,55,40,7,42,42,24,50,43,1,25,27,62,57,3.031,205,1,35.963192,-119.291801,47.056,5,600,58,3,"e00fce68d6b773b56ce8baa0",2026-09-10 09:40:02.929,2026-09-10 09:40:03.093,2026-09-10 09:40:03.093,2026-09-10
"561","IrtKBPt1sK","MOOSPMv3Parser",1789033200,7,7,3,9,9,4,4,9,9,4,1459,381,207937,42,21,3,22,22,23,54,22,1,25,26,53,52,11.447,174,1,35.949501,-119.049919,116.095001,7,599,58,3,"e00fce6808784ceaf209f949",2026-09-10 09:40:03.3,2026-09-10 09:40:03.466,2026-09-10 09:40:03.466,2026-09-10
"562","DLcgkmlSRw","MOOSPMv3Parser",1789033200,13,13,5,16,16,5,5,17,17,5,2543,698,65659,71,40,2,40,40,22,74,40,0,21,24,77,68,4.124,157,1,36.523346,-119.278831,79.037003,7,600,58,3,"e00fce68f12da1a0c5de6248",2026-09-10 09:40:03.532,2026-09-10 09:40:03.735,2026-09-10 09:40:03.735,2026-09-10
"563","96wlL3d3kP","MOOSPMv3Parser",1789033201,0,0,1,0,0,1,1,0,0,2,182,96,30778,10,7,1,8,8,24,35,8,1,26,27,35,35,16.065,189,1,36.198757,-120.104393,53.303001,7,600,58,3,"e00fce686dc2ef0a68fa40b0",2026-09-10 09:40:03.669,2026-09-10 09:40:03.843,2026-09-10 09:40:03.843,2026-09-10
"564","PUofIVTHkk","MOOSPMv3Parser",1789033200,9,9,4,11,11,4,4,11,11,4,2083,458,104918,50,27,3,28,28,23,74,28,1,25,26,61,60,4.021,255,1,35.775093,-119.238525,48.905998,0,600,58,3,"e00fce68e88237db75a60608",2026-09-10 09:40:04.108,2026-09-10 09:40:04.274,2026-09-10 09:40:04.274,2026-09-10
"565","0qpmXJfOBo","MOOSPMv3Parser",1789033201,4,4,0,6,6,0,0,6,6,0,1072,255,0,33,0,3,0,0,23,39,0,2,24,26,49,48,5.613,338,1,36.187553,-119.822083,27.316,10,600,58,3,"e00fce68e739ecbcf9e91965",2026-09-10 09:40:04.172,2026-09-10 09:40:04.329,2026-09-10 09:40:04.329,2026-09-10
"566","j4CI7kqs5E","MOOSPMv3Parser",1789033201,2,2,2,3,3,2,2,3,3,2,511,140,181485,17,13,1,14,14,24,25,14,1,26,27,36,36,12.773,278,3277,3e-05,-0.004183,1295.052002,7,600,58,3,"e00fce68e28dcbc9a589be10",2026-09-10 09:40:04.016,2026-09-10 09:40:04.348,2026-09-10 09:40:04.348,2026-09-10
"567","QfAG43CyoA","MOOSPMv3Parser",1789033201,1,1,1,2,2,2,2,2,2,2,507,116,277598,12,11,1,11,11,22,34,11,1,27,24,35,44,21.651,245,1,36.139015,-120.368347,190.089996,9,600,58,3,"e00fce6850cac69f647dc199",2026-09-10 09:40:05.464,2026-09-10 09:40:05.642,2026-09-10 09:40:05.642,2026-09-10
"568","PKZA29YvhD","MOOSPMv3Parser",1789033200,4,4,3,6,6,5,6,8,8,7,829,249,153161,39,24,8,25,26,0,0,26,1,23,24,47,47,7.793,500,1,36.433544,-119.923332,22.316999,10,600,58,3,"e00fce6876826e255108c6bd",2026-09-10 09:40:05.622,2026-09-10 09:40:05.768,2026-09-10 09:40:05.768,2026-09-10
"569","1Sf1zoOGXA","MOOSPMv3Parser",1789033800,13,13,5,16,16,5,5,16,16,5,2469,677,65691,73,37,2,37,37,21,75,37,0,21,23,78,69,3.067,167,1,36.523346,-119.278793,74.082001,8,600,58,3,"e00fce68f12da1a0c5de6248",2026-09-10 09:50:02.658,2026-09-10 09:50:02.896,2026-09-10 09:50:02.896,2026-09-10
"570","VrWG7rwPt5","MOOSPMv3Parser",1789033801,0,0,1,0,0,1,1,0,0,1,181,93,30784,10,8,1,8,8,24,34,8,1,26,27,35,35,16.715,169,1,36.198895,-120.104424,110.343002,6,600,58,3,"e00fce686dc2ef0a68fa40b0",2026-09-10 09:50:02.7,2026-09-10 09:50:02.945,2026-09-10 09:50:02.945,2026-09-10
"571","juhLdaKyUo","MOOSPMv3Parser",1789033800,7,7,3,9,9,4,4,9,9,4,1410,370,207955,42,22,2,23,23,23,54,23,1,25,26,54,52,11.345,170,1,35.949608,-119.050041,112.359001,8,599,58,3,"e00fce6808784ceaf209f949",2026-09-10 09:50:03.304,2026-09-10 09:50:03.48,2026-09-10 09:50:03.48,2026-09-10
"572","pdtxYeJdWn","MOOSPMv3Parser",1789033800,4,4,6,7,7,7,8,8,8,9,527,402,60023,59,43,8,45,45,24,51,45,1,25,26,62,58,1.997,205,1,35.96328,-119.291954,37.82,5,600,58,3,"e00fce68d6b773b56ce8baa0",2026-09-10 09:50:03.411,2026-09-10 09:50:03.567,2026-09-10 09:50:03.567,2026-09-10
"573","hgFMTSoILD","MOOSPMv3Parser",1789033801,2,2,2,3,3,2,2,3,3,2,512,141,181498,18,14,1,15,15,24,27,15,1,26,27,38,38,13.68,272,3277,3e-05,-0.004183,1295.052002,7,600,58,3,"e00fce68e28dcbc9a589be10",2026-09-10 09:50:04.032,2026-09-10 09:50:04.184,2026-09-10 09:50:04.184,2026-09-10
"574","D5ApNc9OiD","MOOSPMv3Parser",1789033800,9,9,4,11,11,4,4,11,11,4,2086,459,104941,53,27,3,28,28,23,74,28,1,25,26,60,60,4.78,254,1,35.775066,-119.238571,84.282997,6,600,58,3,"e00fce68e88237db75a60608",2026-09-10 09:50:04.258,2026-09-10 09:50:04.431,2026-09-10 09:50:04.431,2026-09-10
"575","8MmVtv0RN9","MOOSPMv3Parser",1789033801,3,3,0,5,5,0,0,5,5,0,964,224,0,26,0,2,0,0,23,41,0,2,24,25,49,49,4.222,349,1,36.187477,-119.822067,24.440001,10,600,58,3,"e00fce68e739ecbcf9e91965",2026-09-10 09:50:04.35,2026-09-10 09:50:04.549,2026-09-10 09:50:04.549,2026-09-10
"576","KaRkBzVFdi","MOOSPMv3Parser",1789033801,1,1,1,2,2,2,2,2,2,2,517,118,277611,15,11,1,11,11,22,34,11,1,27,24,35,44,20.749,247,1,36.138969,-120.368439,152.884003,6,600,58,3,"e00fce6850cac69f647dc199",2026-09-10 09:50:04.498,2026-09-10 09:50:04.705,2026-09-10 09:50:04.705,2026-09-10
"577","ZpDw7lvAYU","MOOSPMv3Parser",1789033800,4,4,3,6,6,5,6,8,8,7,831,251,153177,42,23,8,24,25,0,0,25,1,23,24,47,47,7.517,500,1,36.433544,-119.923332,22.316,0,600,58,3,"e00fce6876826e255108c6bd",2026-09-10 09:50:05.631,2026-09-10 09:50:05.816,2026-09-10 09:50:05.816,2026-09-10
"578","OuF3TUN9dU","MOOSPMv3Parser",1789034400,13,13,5,16,16,5,5,17,17,5,2524,694,65727,77,41,3,41,41,21,75,41,0,21,23,77,69,3.045,140,1,36.523346,-119.278793,74.081001,0,600,58,3,"e00fce68f12da1a0c5de6248",2026-09-10 10:00:02.655,2026-09-10 10:00:03.08,2026-09-10 10:00:03.08,2026-09-10
"579","UKMc6AtNS2","MOOSPMv3Parser",1789034401,0,0,1,0,0,1,2,0,0,2,191,100,30792,11,9,1,10,10,24,34,10,1,26,27,35,35,13.347,175,1,36.19891,-120.104362,110.991997,9,600,58,3,"e00fce686dc2ef0a68fa40b0",2026-09-10 10:00:02.764,2026-09-10 10:00:03.131,2026-09-10 10:00:03.131,2026-09-10
"580","MPIG3NMJHR","MOOSPMv3Parser",1789034400,4,4,6,7,7,8,9,8,8,10,544,421,60059,63,46,7,48,48,24,51,48,1,25,26,63,58,3.332,204,1,35.963089,-119.291771,25.868,6,600,58,3,"e00fce68d6b773b56ce8baa0",2026-09-10 10:00:03.001,2026-09-10 10:00:03.537,2026-09-10 10:00:03.537,2026-09-10
"581","z98sZKXzNK","MOOSPMv3Parser",1789034400,6,6,3,9,9,3,4,9,9,4,1414,375,207972,43,20,3,20,21,23,54,21,1,25,25,54,52,11.125,172,1,35.949722,-119.049919,139.869995,7,599,58,3,"e00fce6808784ceaf209f949",2026-09-10 10:00:03.305,2026-09-10 10:00:03.813,2026-09-10 10:00:03.813,2026-09-10
"582","BFWuDxJzeE","MOOSPMv3Parser",1789034400,9,9,4,11,11,4,4,11,11,5,2085,456,104965,51,27,3,28,28,23,74,28,1,25,25,60,60,5.7,240,1,35.775066,-119.238594,84.393997,6,600,58,3,"e00fce68e88237db75a60608",2026-09-10 10:00:04.036,2026-09-10 10:00:04.309,2026-09-10 10:00:04.309,2026-09-10
"583","NBvRWxkykt","MOOSPMv3Parser",1789034401,2,2,2,2,2,2,2,2,2,2,468,127,181510,15,15,1,15,15,24,30,15,0,25,27,44,42,12.088,300,3277,3e-05,-0.004183,1295.052002,7,600,58,3,"e00fce68e28dcbc9a589be10",2026-09-10 10:00:04.185,2026-09-10 10:00:04.407,2026-09-10 10:00:04.407,2026-09-10
"584","FzeWbShQwF","MOOSPMv3Parser",1789034401,3,3,0,5,5,0,0,6,6,0,942,222,0,31,0,3,0,0,23,43,0,2,24,25,52,51,3.731,352,1,36.18758,-119.822182,23.159,9,600,58,3,"e00fce68e739ecbcf9e91965",2026-09-10 10:00:04.349,2026-09-10 10:00:04.569,2026-09-10 10:00:04.569,2026-09-10
"585","DbvqnSvZv4","MOOSPMv3Parser",1789034401,1,1,2,2,2,2,2,2,2,2,504,115,277627,13,12,1,12,12,22,34,12,1,26,24,36,44,19.068,285,1,36.139023,-120.368332,176.820007,7,600,58,3,"e00fce6850cac69f647dc199",2026-09-10 10:00:04.739,2026-09-10 10:00:04.909,2026-09-10 10:00:04.909,2026-09-10
"586","uFIbhsqjhW","MOOSPMv3Parser",1789034400,4,4,3,7,7,6,8,10,10,9,909,274,153195,47,25,10,27,28,1,1,28,1,24,24,46,47,8.005,500,1,36.433594,-119.923325,33.328999,8,600,58,3,"e00fce6876826e255108c6bd",2026-09-10 10:00:05.625,2026-09-10 10:00:05.807,2026-09-10 10:00:05.807,2026-09-10
"587","GptZasDrEb","MOOSPMv3Parser",1789035000,14,14,5,17,17,5,5,18,18,5,2575,709,65760,79,38,3,38,38,21,76,38,0,21,23,79,70,3.081,136,1,36.523273,-119.278755,85.164001,7,600,58,3,"e00fce68f12da1a0c5de6248",2026-09-10 10:10:02.856,2026-09-10 10:10:03.057,2026-09-10 10:10:03.057,2026-09-10
"588","pZxHRJ1vKO","MOOSPMv3Parser",1789035001,0,0,1,0,0,1,1,0,0,2,185,95,30799,10,8,1,8,9,24,35,9,1,26,27,36,36,15.659,154,1,36.198875,-120.104424,88.745003,7,600,58,3,"e00fce686dc2ef0a68fa40b0",2026-09-10 10:10:03.19,2026-09-10 10:10:03.385,2026-09-10 10:10:03.385,2026-09-10
"589","azb7d5wLFF","MOOSPMv3Parser",1789035000,6,6,3,8,8,3,4,8,8,4,1393,369,207988,40,19,2,20,20,23,54,20,1,25,25,53,52,12.24,164,1,35.949665,-119.050034,115.300003,8,599,58,3,"e00fce6808784ceaf209f949",2026-09-10 10:10:03.312,2026-09-10 10:10:03.498,2026-09-10 10:10:03.498,2026-09-10
"590","NLDv63xEuj","MOOSPMv3Parser",1789035000,4,4,6,7,7,8,9,8,8,10,535,409,60095,60,45,7,47,47,24,51,48,1,25,26,62,58,2.119,204,1,35.963108,-119.291817,14.699,7,600,58,3,"e00fce68d6b773b56ce8baa0",2026-09-10 10:10:03.402,2026-09-10 10:10:03.552,2026-09-10 10:10:03.552,2026-09-10
"591","jFml66CJ22","MOOSPMv3Parser",1789035000,8,8,3,10,10,4,4,11,11,4,1993,438,104987,51,26,2,26,26,23,75,26,0,25,25,61,60,5.799,229,1,35.775074,-119.238594,81.815002,9,600,58,3,"e00fce68e88237db75a60608",2026-09-10 10:10:04.113,2026-09-10 10:10:04.324,2026-09-10 10:10:04.324,2026-09-10
"592","ofYR05wZzC","MOOSPMv3Parser",1789035001,2,2,2,3,3,2,2,3,3,2,552,152,181522,17,14,1,14,14,24,31,14,1,24,26,45,42,11.308,296,3277,3e-05,-0.004183,1295.052002,7,600,58,3,"e00fce68e28dcbc9a589be10",2026-09-10 10:10:04.264,2026-09-10 10:10:04.481,2026-09-10 10:10:04.481,2026-09-10
"593","NBybqbf9wz","MOOSPMv3Parser",1789035001,4,4,0,5,5,0,0,6,6,0,1035,243,0,30,0,2,0,0,23,43,0,2,23,25,52,50,2.089,364,1,36.187492,-119.822205,13.382,8,600,58,3,"e00fce68e739ecbcf9e91965",2026-09-10 10:10:04.412,2026-09-10 10:10:04.588,2026-09-10 10:10:04.588,2026-09-10
"594","EigakI61qs","MOOSPMv3Parser",1789035001,1,1,2,2,2,2,2,2,2,2,516,118,277641,13,12,1,12,12,22,35,12,1,26,23,36,44,16.551,300,1,36.139023,-120.368332,176.824005,0,600,58,3,"e00fce6850cac69f647dc199",2026-09-10 10:10:05.065,2026-09-10 10:10:05.276,2026-09-10 10:10:05.276,2026-09-10
"595","QSqjsC9YLY","MOOSPMv3Parser",1789035000,3,3,3,6,6,4,6,8,8,6,802,240,153211,35,19,6,21,21,0,0,21,1,24,24,46,47,9.329,500,1,36.433575,-119.923332,11.738,11,600,58,3,"e00fce6876826e255108c6bd",2026-09-10 10:10:05.58,2026-09-10 10:10:05.778,2026-09-10 10:10:05.778,2026-09-10
"596","5GszE5M0mh","MOOSPMv3Parser",1789035600,14,14,5,17,17,6,6,18,18,6,2618,721,65797,81,42,3,42,42,21,76,42,0,21,23,78,70,3.36,144,1,36.523384,-119.278893,65.556,8,600,58,3,"e00fce68f12da1a0c5de6248",2026-09-10 10:20:02.614,2026-09-10 10:20:02.779,2026-09-10 10:20:02.779,2026-09-10
"597","qMFHHYxpJX","MOOSPMv3Parser",1789035600,4,4,6,7,7,8,9,8,8,10,540,409,60132,61,46,8,48,48,24,51,48,1,25,26,63,58,1.604,207,1,35.963257,-119.29187,48.879002,5,600,58,3,"e00fce68d6b773b56ce8baa0",2026-09-10 10:20:02.93,2026-09-10 10:20:03.072,2026-09-10 10:20:03.072,2026-09-10
"598","AzlFUYUMlJ","MOOSPMv3Parser",1789035600,6,6,3,8,8,3,4,8,8,4,1335,352,208005,43,20,2,20,21,23,52,21,1,25,25,52,51,14.07,148,1,35.949657,-119.050018,105.886002,8,599,58,3,"e00fce6808784ceaf209f949",2026-09-10 10:20:03.299,2026-09-10 10:20:03.462,2026-09-10 10:20:03.462,2026-09-10
"599","tLmSDOoHol","MOOSPMv3Parser",1789035601,0,0,1,0,0,1,1,0,0,1,182,95,30805,10,8,1,8,8,24,34,8,1,25,27,37,36,16.94,169,1,36.198875,-120.104424,88.742996,0,600,58,3,"e00fce686dc2ef0a68fa40b0",2026-09-10 10:20:03.66,2026-09-10 10:20:03.811,2026-09-10 10:20:03.811,2026-09-10
"600","AXENd8bDC2","MOOSPMv3Parser",1789035600,8,8,3,10,10,4,4,10,10,4,1985,437,105009,47,26,2,26,26,23,74,26,1,25,25,60,60,7.205,218,1,35.775112,-119.238495,66.707001,7,600,58,3,"e00fce68e88237db75a60608",2026-09-10 10:20:04.101,2026-09-10 10:20:04.279,2026-09-10 10:20:04.279,2026-09-10
"601","4PiAKD91uy","MOOSPMv3Parser",1789035601,3,3,2,4,4,2,3,4,4,3,659,183,181537,23,17,2,17,17,24,31,17,1,24,26,45,42,11.289,295,3277,3e-05,-0.004183,1295.052002,7,600,58,3,"e00fce68e28dcbc9a589be10",2026-09-10 10:20:04.106,2026-09-10 10:20:04.342,2026-09-10 10:20:04.342,2026-09-10
"602","dUkk7ce79f","MOOSPMv3Parser",1789035601,4,4,0,5,5,0,0,6,6,0,1008,242,0,35,0,4,0,0,22,43,0,2,24,24,50,50,4.891,331,1,36.18755,-119.822151,19.57,9,600,58,3,"e00fce68e739ecbcf9e91965",2026-09-10 10:20:04.357,2026-09-10 10:20:04.539,2026-09-10 10:20:04.539,2026-09-10
"603","DgBgeHHQqj","MOOSPMv3Parser",1789035601,1,1,2,2,2,2,2,2,2,2,525,122,277657,14,12,1,13,13,22,35,13,1,26,23,36,45,16.762,308,1,36.138981,-120.368332,188.248001,6,600,58,3,"e00fce6850cac69f647dc199",2026-09-10 10:20:05.314,2026-09-10 10:20:05.477,2026-09-10 10:20:05.477,2026-09-10
"604","6zPX8TiDvQ","MOOSPMv3Parser",1789035600,4,4,3,6,6,4,5,7,7,5,835,252,153227,35,21,6,22,22,0,0,22,1,24,24,46,47,9.564,500,1,36.43359,-119.92337,31.351999,10,600,58,3,"e00fce6876826e255108c6bd",2026-09-10 10:20:05.629,2026-09-10 10:20:05.797,2026-09-10 10:20:05.797,2026-09-10
"605","VKl6A2lrNS","MOOSPMv3Parser",1789036200,14,14,5,17,17,5,5,18,18,6,2626,724,65832,80,40,3,40,40,21,76,40,0,21,23,77,70,3.043,168,1,36.52338,-119.278816,81.843002,9,600,58,3,"e00fce68f12da1a0c5de6248",2026-09-10 10:30:02.602,2026-09-10 10:30:02.842,2026-09-10 10:30:02.842,2026-09-10
"606","Y6lEJ7dP7H","MOOSPMv3Parser",1789036201,0,0,1,0,0,1,1,0,0,1,181,92,30811,9,7,1,8,8,24,35,8,1,25,27,38,36,16.971,191,1,36.198978,-120.104889,64.883003,6,600,58,3,"e00fce686dc2ef0a68fa40b0",2026-09-10 10:30:02.513,2026-09-10 10:30:02.94,2026-09-10 10:30:02.94,2026-09-10
"607","mchHCTXGvC","MOOSPMv3Parser",1789036200,5,5,2,7,7,3,3,7,7,3,1230,318,208020,31,17,2,17,17,23,52,17,1,25,25,52,51,15.977,133,1,35.949833,-119.049858,146.699005,7,599,58,3,"e00fce6808784ceaf209f949",2026-09-10 10:30:03.251,2026-09-10 10:30:03.45,2026-09-10 10:30:03.45,2026-09-10
"608","QctUSqyGqF","MOOSPMv3Parser",1789036200,4,4,6,8,8,8,9,9,9,10,565,433,60170,65,47,8,49,49,24,52,49,1,25,26,62,59,1.6,206,1,35.963257,-119.29187,48.881001,0,600,58,3,"e00fce68d6b773b56ce8baa0",2026-09-10 10:30:03.25,2026-09-10 10:30:03.478,2026-09-10 10:30:03.478,2026-09-10
"609","nLFYExQoON","MOOSPMv3Parser",1789036200,8,8,3,10,10,4,4,10,10,4,1989,429,105032,47,27,3,27,27,23,75,27,1,25,25,60,60,7.938,209,1,35.775047,-119.23851,67.671997,10,600,58,3,"e00fce68e88237db75a60608",2026-09-10 10:30:04.106,2026-09-10 10:30:04.248,2026-09-10 10:30:04.248,2026-09-10
"610","IbDMdYB5DL","MOOSPMv3Parser",1789036201,2,2,2,3,3,2,3,3,3,3,640,176,181551,20,16,1,16,16,23,32,16,1,24,26,44,42,11.966,286,3277,3e-05,-0.004183,1295.052002,7,600,58,3,"e00fce68e28dcbc9a589be10",2026-09-10 10:30:04.265,2026-09-10 10:30:04.443,2026-09-10 10:30:04.443,2026-09-10
"611","7qHEduBRxG","MOOSPMv3Parser",1789036201,4,4,0,5,5,0,0,6,6,0,1020,237,0,35,0,4,0,0,22,41,0,2,24,24,48,48,6.448,321,1,36.187611,-119.822182,39.403999,8,600,58,3,"e00fce68e739ecbcf9e91965",2026-09-10 10:30:04.348,2026-09-10 10:30:04.511,2026-09-10 10:30:04.511,2026-09-10
"612","NLFzJ3xY9A","MOOSPMv3Parser",1789036201,1,1,2,2,2,2,2,2,2,2,558,131,277672,16,13,1,13,14,22,35,14,1,26,23,35,44,17.176,306,1,36.139023,-120.368462,171.106995,7,600,58,3,"e00fce6850cac69f647dc199",2026-09-10 10:30:04.565,2026-09-10 10:30:04.733,2026-09-10 10:30:04.733,2026-09-10
"613","wF0YHAOppG","MOOSPMv3Parser",1789036200,3,3,3,6,6,4,5,7,7,6,795,238,153245,34,22,7,23,24,0,0,24,1,23,24,48,48,9.675,500,1,36.433704,-119.923347,35.160999,8,600,58,3,"e00fce6876826e255108c6bd",2026-09-10 10:30:05.728,2026-09-10 10:30:05.902,2026-09-10 10:30:05.902,2026-09-10
"614","qgRXExSA7u","MOOSPMv3Parser",1789036800,13,13,5,16,16,5,5,17,17,5,2551,699,65864,70,37,3,38,38,21,77,38,0,20,23,81,71,2.509,150,1,36.523407,-119.278824,94.372002,6,600,58,3,"e00fce68f12da1a0c5de6248",2026-09-10 10:40:02.673,2026-09-10 10:40:02.904,2026-09-10 10:40:02.904,2026-09-10
"615","kQjOfKJLpl","MOOSPMv3Parser",1789036801,0,0,1,0,0,1,1,0,0,1,176,93,30817,10,8,1,8,8,24,36,8,1,25,27,38,37,16.771,292,1,36.198914,-120.10466,59.948002,7,600,58,3,"e00fce686dc2ef0a68fa40b0",2026-09-10 10:40:02.837,2026-09-10 10:40:03.007,2026-09-10 10:40:03.007,2026-09-10
"616","iVOFLg7tnA","MOOSPMv3Parser",1789036800,5,5,6,8,8,7,8,9,9,9,581,450,60206,65,44,7,46,46,24,52,46,1,25,26,61,58,1.582,207,1,35.963181,-119.291809,31.657,10,600,58,3,"e00fce68d6b773b56ce8baa0",2026-09-10 10:40:02.931,2026-09-10 10:40:03.148,2026-09-10 10:40:03.148,2026-09-10
"617","HxHRiMHDOx","MOOSPMv3Parser",1789036800,6,6,2,7,7,3,3,8,8,3,1246,331,207689,35,17,2,17,17,23,52,17,1,24,25,54,52,13.58,158,2,35.949833,-119.049858,146.703995,0,600,58,3,"e00fce6808784ceaf209f949",2026-09-10 10:40:03.305,2026-09-10 10:40:03.5,2026-09-10 10:40:03.5,2026-09-10
"618","T1prFmmagb","MOOSPMv3Parser",1789036801,3,3,2,4,4,2,2,4,4,2,660,181,181565,21,15,1,15,15,23,32,15,1,24,26,45,43,11.533,300,3277,3e-05,-0.004183,1295.052002,7,600,58,3,"e00fce68e28dcbc9a589be10",2026-09-10 10:40:04.038,2026-09-10 10:40:04.249,2026-09-10 10:40:04.249,2026-09-10
"619","74k1EyNssv","MOOSPMv3Parser",1789036800,8,8,3,10,10,4,4,11,11,4,1976,443,105053,53,25,3,26,26,23,76,26,1,25,25,62,61,5.975,209,1,35.775078,-119.238548,67.921997,8,600,58,3,"e00fce68e88237db75a60608",2026-09-10 10:40:04.109,2026-09-10 10:40:04.281,2026-09-10 10:40:04.281,2026-09-10
"620","G7V1O5pgvc","MOOSPMv3Parser",1789036801,3,3,0,5,5,0,0,6,6,0,974,223,0,31,0,3,0,0,22,42,0,2,23,24,49,50,7.171,316,1,36.187515,-119.821953,36.417,8,600,58,3,"e00fce68e739ecbcf9e91965",2026-09-10 10:40:04.352,2026-09-10 10:40:04.516,2026-09-10 10:40:04.516,2026-09-10
"621","9V5yQdmWVG","MOOSPMv3Parser",1789036801,2,2,2,2,2,2,2,3,3,2,529,122,277688,15,13,1,13,13,21,34,13,1,26,23,34,44,21.673,258,1,36.139011,-120.368439,174.505005,9,600,58,3,"e00fce6850cac69f647dc199",2026-09-10 10:40:04.722,2026-09-10 10:40:04.94,2026-09-10 10:40:04.94,2026-09-10
"622","YLbNSCZukB","MOOSPMv3Parser",1789036800,3,3,3,5,5,4,5,6,6,5,766,229,153261,31,22,5,23,23,0,0,23,1,22,24,52,50,8.949,500,1,36.433746,-119.923401,23.046,7,600,58,3,"e00fce6876826e255108c6bd",2026-09-10 10:40:05.556,2026-09-10 10:40:05.701,2026-09-10 10:40:05.701,2026-09-10
"623","goDYHtrgw9","MOOSPMv3Parser",1789037401,0,0,1,0,0,1,1,0,0,1,176,91,30824,10,7,1,8,8,24,35,8,1,25,27,38,36,14.941,253,1,36.198822,-120.104347,87.114998,6,600,58,3,"e00fce686dc2ef0a68fa40b0",2026-09-10 10:50:02.421,2026-09-10 10:50:02.626,2026-09-10 10:50:02.626,2026-09-10
"624","05rNoJ8XxY","MOOSPMv3Parser",1789037400,14,14,5,17,17,5,5,18,18,5,2749,749,65898,76,39,3,39,39,21,78,39,0,20,22,82,72,3.183,110,1,36.523247,-119.278778,108.151001,6,600,58,3,"e00fce68f12da1a0c5de6248",2026-09-10 10:50:02.671,2026-09-10 10:50:02.867,2026-09-10 10:50:02.867,2026-09-10
"625","1TVV0kaqZ8","MOOSPMv3Parser",1789037400,6,6,2,7,7,3,3,8,8,3,1289,340,208051,33,18,2,18,18,23,53,18,1,24,25,55,52,12.72,168,2,35.949574,-119.049919,115.112,7,599,58,3,"e00fce6808784ceaf209f949",2026-09-10 10:50:03.239,2026-09-10 10:50:03.397,2026-09-10 10:50:03.397,2026-09-10
"626","13GiozT6RK","MOOSPMv3Parser",1789037400,4,4,5,7,7,7,7,8,8,8,531,403,60239,58,41,7,42,42,23,51,42,1,24,26,62,57,2.13,203,1,35.963158,-119.291771,22.381001,10,600,58,3,"e00fce68d6b773b56ce8baa0",2026-09-10 10:50:03.331,2026-09-10 10:50:03.498,2026-09-10 10:50:03.498,2026-09-10
"627","2WM52qIvfl","MOOSPMv3Parser",1789037401,3,3,2,4,4,2,2,4,4,2,662,183,181579,23,16,2,16,16,23,34,16,1,24,25,47,45,10.318,300,3277,3e-05,-0.004183,1295.052002,7,600,58,3,"e00fce68e28dcbc9a589be10",2026-09-10 10:50:04.038,2026-09-10 10:50:04.223,2026-09-10 10:50:04.223,2026-09-10
"628","97zJMwkohJ","MOOSPMv3Parser",1789037400,9,9,4,11,11,4,4,11,11,5,2054,456,105077,53,28,3,28,28,23,77,28,1,25,25,62,62,5.141,211,1,35.775082,-119.238503,65.116997,9,600,58,3,"e00fce68e88237db75a60608",2026-09-10 10:50:04.161,2026-09-10 10:50:04.326,2026-09-10 10:50:04.326,2026-09-10
"629","Yj8H3BSA5y","MOOSPMv3Parser",1789037401,3,3,0,5,5,0,0,5,5,0,980,225,0,27,0,2,0,0,22,45,0,2,23,24,53,52,3.628,312,1,36.187462,-119.821991,30.783001,12,600,58,3,"e00fce68e739ecbcf9e91965",2026-09-10 10:50:04.351,2026-09-10 10:50:04.539,2026-09-10 10:50:04.539,2026-09-10
"630","gQumqgu1K5","MOOSPMv3Parser",1789037401,2,2,2,2,2,2,2,2,2,2,548,127,277703,16,14,1,14,14,21,37,14,1,26,23,37,47,21.921,227,1,36.139015,-120.368416,173.384995,8,600,58,3,"e00fce6850cac69f647dc199",2026-09-10 10:50:05.137,2026-09-10 10:50:05.32,2026-09-10 10:50:05.32,2026-09-10
"631","6Qn6VXzkKh","MOOSPMv3Parser",1789037400,3,3,3,6,6,4,4,7,7,5,787,239,153278,36,20,7,21,21,0,0,21,1,22,24,54,51,8.307,500,1,36.433647,-119.923347,34.240002,13,600,58,3,"e00fce6876826e255108c6bd",2026-09-10 10:50:05.624,2026-09-10 10:50:05.791,2026-09-10 10:50:05.791,2026-09-10
"632","L18AT8b7oF","MOOSPMv3Parser",1789037401,3,3,2,4,4,2,2,4,4,2,1319,208,37625,23,13,1,13,13,23,32,13,0,24,25,40,42,18.434,244,1,36.503136,-120.325401,65.300003,7,600,58,3,"e00fce68e77e43df92405fdb",2026-09-10 10:50:08.984,2026-09-10 10:50:09.164,2026-09-10 10:50:09.164,2026-09-10
"633","wY1KfeGoIv","MOOSPMv3Parser",1789038001,3,3,2,4,4,2,2,4,4,2,1410,220,37637,22,14,1,14,14,22,34,14,0,23,24,42,43,18.292,247,1,36.503178,-120.32547,44.870998,6,600,58,3,"e00fce68e77e43df92405fdb",2026-09-10 11:00:03.138,2026-09-10 11:00:03.514,2026-09-10 11:00:03.514,2026-09-10
"634","scfRFIpmbs","MOOSPMv3Parser",1789038000,6,6,2,8,8,3,3,8,8,3,1382,364,208067,37,19,2,19,19,23,54,19,1,24,25,57,52,11.733,174,1,35.949547,-119.049927,121.167,8,599,58,3,"e00fce6808784ceaf209f949",2026-09-10 11:00:03.237,2026-09-10 11:00:03.562,2026-09-10 11:00:03.562,2026-09-10
"635","DsCv0E6vhZ","MOOSPMv3Parser",1789038000,4,4,6,7,7,7,8,8,8,9,514,390,60272,57,42,8,43,44,23,52,44,1,24,25,64,58,2.79,198,1,35.963142,-119.291695,56.672001,6,600,58,3,"e00fce68d6b773b56ce8baa0",2026-09-10 11:00:02.921,2026-09-10 11:00:03.627,2026-09-10 11:00:03.627,2026-09-10
"636","h4uqwL5zFN","MOOSPMv3Parser",1789038001,0,0,1,0,0,2,2,0,0,2,180,93,30832,10,10,1,11,11,24,35,11,1,25,26,38,36,15.743,181,1,36.198803,-120.104408,80.137001,7,600,58,3,"e00fce686dc2ef0a68fa40b0",2026-09-10 11:00:03.473,2026-09-10 11:00:03.67,2026-09-10 11:00:03.67,2026-09-10
"637","qqePTN4CnE","MOOSPMv3Parser",1789038000,15,15,5,18,18,5,5,18,18,5,2762,757,65934,84,41,2,41,41,20,79,41,0,20,22,81,73,2.92,96,1,36.523323,-119.278862,89.961998,11,600,58,3,"e00fce68f12da1a0c5de6248",2026-09-10 11:00:03.397,2026-09-10 11:00:03.696,2026-09-10 11:00:03.696,2026-09-10
"638","qaf1EJxbwt","MOOSPMv3Parser",1789038001,3,3,2,4,4,2,2,4,4,2,669,187,181593,22,16,1,16,16,23,35,16,1,23,25,48,45,10.953,287,3277,3e-05,-0.004183,1295.052002,7,600,58,3,"e00fce68e28dcbc9a589be10",2026-09-10 11:00:04.113,2026-09-10 11:00:04.255,2026-09-10 11:00:04.255,2026-09-10
"639","9Cn7gbXCGG","MOOSPMv3Parser",1789038000,8,8,3,11,11,4,4,11,11,4,2098,472,105098,55,24,3,25,25,22,78,25,1,24,25,62,62,5.974,209,1,35.775047,-119.23851,67.648003,7,600,58,3,"e00fce68e88237db75a60608",2026-09-10 11:00:04.118,2026-09-10 11:00:04.37,2026-09-10 11:00:04.37,2026-09-10
"640","kEBZeBHrtg","MOOSPMv3Parser",1789038001,4,4,0,6,6,0,0,6,6,0,1006,239,0,34,0,4,0,0,22,47,0,2,22,24,55,53,2.353,332,1,36.187511,-119.821945,29.094999,13,600,58,3,"e00fce68e739ecbcf9e91965",2026-09-10 11:00:04.35,2026-09-10 11:00:04.611,2026-09-10 11:00:04.611,2026-09-10
"641","wmZsW07OTg","MOOSPMv3Parser",1789038001,2,2,2,2,2,2,2,3,3,2,564,133,277719,16,13,1,13,13,21,35,13,1,26,23,36,44,19.813,236,1,36.139038,-120.368279,166.139008,7,600,58,3,"e00fce6850cac69f647dc199",2026-09-10 11:00:05.375,2026-09-10 11:00:05.577,2026-09-10 11:00:05.577,2026-09-10
"642","6U9nLXNe8O","MOOSPMv3Parser",1789038000,3,3,3,6,6,4,5,7,7,5,796,242,153295,32,21,7,22,22,0,0,22,1,22,24,52,50,8.411,500,1,36.433632,-119.923416,20.922001,9,600,58,3,"e00fce6876826e255108c6bd",2026-09-10 11:00:05.624,2026-09-10 11:00:05.797,2026-09-10 11:00:05.797,2026-09-10
"643","1mJd72J5bF","MOOSPMv3Parser",1789038601,0,0,1,0,0,1,2,0,0,2,185,98,30838,11,8,1,8,8,24,36,8,1,25,26,38,37,13.989,187,1,36.198833,-120.10437,79.825996,7,600,58,3,"e00fce686dc2ef0a68fa40b0",2026-09-10 11:10:02.513,2026-09-10 11:10:02.717,2026-09-10 11:10:02.717,2026-09-10
"644","fyR5ATZ1he","MOOSPMv3Parser",1789038600,14,14,5,18,18,5,5,18,18,5,2715,746,65968,83,40,2,40,40,20,78,40,0,20,22,81,72,3.088,98,1,36.52338,-119.278824,75.585999,5,600,58,3,"e00fce68f12da1a0c5de6248",2026-09-10 11:10:02.656,2026-09-10 11:10:02.903,2026-09-10 11:10:02.903,2026-09-10
"645","cwTsDuTQPA","MOOSPMv3Parser",1789038600,4,4,6,7,7,8,9,8,8,9,515,389,60306,60,43,8,45,45,23,52,45,1,24,25,65,59,4.2,194,1,35.963127,-119.291786,44.862,9,600,58,3,"e00fce68d6b773b56ce8baa0",2026-09-10 11:10:03.232,2026-09-10 11:10:03.471,2026-09-10 11:10:03.471,2026-09-10
"646","YzAaxG7j3E","MOOSPMv3Parser",1789038600,6,6,3,8,8,3,4,8,8,4,1373,363,208084,40,20,2,21,21,22,55,21,1,24,25,55,52,10.697,183,1,35.949547,-119.049927,114.407997,10,599,58,3,"e00fce6808784ceaf209f949",2026-09-10 11:10:03.389,2026-09-10 11:10:03.547,2026-09-10 11:10:03.547,2026-09-10
"647","ZAT0sKJLPr","MOOSPMv3Parser",1789038601,3,3,2,4,4,3,3,4,4,3,690,190,181609,21,17,2,17,17,23,34,17,1,23,25,48,44,9.538,288,3277,3e-05,-0.004183,1295.052002,7,600,58,3,"e00fce68e28dcbc9a589be10",2026-09-10 11:10:04.03,2026-09-10 11:10:04.214,2026-09-10 11:10:04.214,2026-09-10
"648","38Xveh2Dre","MOOSPMv3Parser",1789038600,8,8,3,10,10,4,4,11,11,4,2064,454,105120,51,25,2,26,26,22,78,26,0,24,25,63,63,5.258,205,1,35.775097,-119.238548,60.206001,6,600,58,3,"e00fce68e88237db75a60608",2026-09-10 11:10:04.176,2026-09-10 11:10:04.35,2026-09-10 11:10:04.35,2026-09-10
"649","tG1soHgI37","MOOSPMv3Parser",1789038601,4,4,0,7,7,0,0,8,8,0,1206,280,0,39,0,6,0,0,22,46,0,2,22,23,54,52,3.538,320,1,36.187469,-119.821869,42.014,9,600,58,3,"e00fce68e739ecbcf9e91965",2026-09-10 11:10:04.27,2026-09-10 11:10:04.406,2026-09-10 11:10:04.406,2026-09-10
"650","nR3k83DjUx","MOOSPMv3Parser",1789038601,2,2,2,2,2,2,2,3,3,2,527,124,277735,15,14,2,14,14,21,37,14,1,26,23,37,46,18.036,254,1,36.139015,-120.368408,169.785995,7,600,58,3,"e00fce6850cac69f647dc199",2026-09-10 11:10:04.483,2026-09-10 11:10:04.664,2026-09-10 11:10:04.664,2026-09-10
"651","3JbiqhnJG0","MOOSPMv3Parser",1789038600,3,3,2,5,5,3,4,6,6,4,749,228,153311,34,19,5,20,20,0,0,20,1,22,23,53,51,8.368,499,1,36.433632,-119.923401,25.410999,8,600,58,3,"e00fce6876826e255108c6bd",2026-09-10 11:10:05.633,2026-09-10 11:10:05.825,2026-09-10 11:10:05.825,2026-09-10
"652","AG7s0fzHcj","MOOSPMv3Parser",1789039200,14,14,5,18,18,5,5,18,18,5,2707,744,66003,84,39,2,39,39,20,77,39,0,21,22,78,71,3.862,119,1,36.523361,-119.278793,67.305,7,600,58,3,"e00fce68f12da1a0c5de6248",2026-09-10 11:20:02.615,2026-09-10 11:20:02.966,2026-09-10 11:20:02.966,2026-09-10
"653","ArPZI79Uts","MOOSPMv3Parser",1789039201,0,0,1,0,0,2,2,0,0,2,190,102,30846,11,9,1,10,10,24,36,10,1,25,26,38,37,16.016,174,1,36.198849,-120.104309,102.106003,6,600,58,3,"e00fce686dc2ef0a68fa40b0",2026-09-10 11:20:03.009,2026-09-10 11:20:03.181,2026-09-10 11:20:03.181,2026-09-10
"654","PA1Kevo0UY","MOOSPMv3Parser",1789039200,4,4,5,7,7,7,9,7,7,9,507,381,60338,58,40,7,42,42,23,53,42,1,23,25,66,60,4.544,190,1,35.963139,-119.291824,25.364,10,600,58,3,"e00fce68d6b773b56ce8baa0",2026-09-10 11:20:02.929,2026-09-10 11:20:03.202,2026-09-10 11:20:03.202,2026-09-10
"655","KvOzzwCVDV","MOOSPMv3Parser",1789039200,6,6,3,8,8,4,4,9,9,5,1415,376,208100,42,20,3,21,21,22,56,21,1,24,25,56,53,12.301,171,1,35.949551,-119.049919,108.705002,7,599,58,3,"e00fce6808784ceaf209f949",2026-09-10 11:20:03.4,2026-09-10 11:20:03.576,2026-09-10 11:20:03.576,2026-09-10
"656","1ISDpaPsOM","MOOSPMv3Parser",1789039201,3,3,2,4,4,3,3,4,4,3,726,200,181625,23,17,2,17,17,23,34,17,1,23,25,46,44,10.269,284,3277,3e-05,-0.004183,1295.052002,7,600,58,3,"e00fce68e28dcbc9a589be10",2026-09-10 11:20:04.11,2026-09-10 11:20:04.29,2026-09-10 11:20:04.29,2026-09-10
"657","vNHGnD9MJs","MOOSPMv3Parser",1789039200,9,9,3,11,11,4,4,11,11,4,2131,473,105143,56,26,3,26,27,22,78,27,0,24,24,63,62,5.463,196,1,35.775055,-119.23851,69.891998,7,600,58,3,"e00fce68e88237db75a60608",2026-09-10 11:20:04.168,2026-09-10 11:20:04.318,2026-09-10 11:20:04.318,2026-09-10
"658","Gkcf04jbod","MOOSPMv3Parser",1789039201,4,4,0,6,6,0,0,7,7,0,1162,263,0,36,0,3,0,0,21,48,0,2,22,23,54,53,4.116,305,1,36.187469,-119.821869,42.012001,0,600,58,3,"e00fce68e739ecbcf9e91965",2026-09-10 11:20:04.35,2026-09-10 11:20:04.533,2026-09-10 11:20:04.533,2026-09-10
"659","D7EZeC5KbY","MOOSPMv3Parser",1789039201,1,1,2,2,2,2,2,3,3,2,557,129,277751,18,13,1,14,14,21,39,14,1,26,23,39,47,18.494,262,1,36.139011,-120.368294,183.552002,8,600,58,3,"e00fce6850cac69f647dc199",2026-09-10 11:20:04.823,2026-09-10 11:20:05.042,2026-09-10 11:20:05.042,2026-09-10
"660","awyjVNH3cF","MOOSPMv3Parser",1789039200,3,3,3,6,6,4,5,7,7,5,818,248,153327,37,21,6,22,22,0,0,22,1,21,23,57,53,8.107,497,1,36.43364,-119.923401,11.152,10,600,58,3,"e00fce6876826e255108c6bd",2026-09-10 11:20:05.622,2026-09-10 11:20:05.813,2026-09-10 11:20:05.813,2026-09-10
"661","PAl0A6nYaG","MOOSPMv3Parser",1789039800,13,13,5,16,16,5,5,17,17,5,2521,694,66034,73,36,3,36,36,20,78,36,0,20,22,80,73,2.438,143,1,36.523415,-119.278854,86.211998,7,600,58,3,"e00fce68f12da1a0c5de6248",2026-09-10 11:30:02.745,2026-09-10 11:30:03.031,2026-09-10 11:30:03.031,2026-09-10
"662","F33NUoVP7J","MOOSPMv3Parser",1789039801,0,0,2,0,0,2,2,0,0,3,182,98,30855,12,11,1,12,12,24,36,12,1,25,26,38,37,18.229,127,1,36.198761,-120.104355,83.767998,7,600,58,3,"e00fce686dc2ef0a68fa40b0",2026-09-10 11:30:03.155,2026-09-10 11:30:03.357,2026-09-10 11:30:03.357,2026-09-10
"663","CKS5vljKZu","MOOSPMv3Parser",1789039800,4,4,6,7,7,8,9,8,8,10,516,391,60371,58,42,7,44,44,22,54,44,1,23,25,66,61,5.252,187,1,35.96315,-119.291801,61.876999,6,600,58,3,"e00fce68d6b773b56ce8baa0",2026-09-10 11:30:03.249,2026-09-10 11:30:03.428,2026-09-10 11:30:03.428,2026-09-10
"664","NZC3XJZRtg","MOOSPMv3Parser",1789039800,6,6,2,8,8,3,4,8,8,4,1352,355,208116,37,18,2,19,19,22,56,19,1,23,25,57,54,9.812,186,1,35.949684,-119.050026,107.024002,7,599,58,3,"e00fce6808784ceaf209f949",2026-09-10 11:30:03.311,2026-09-10 11:30:03.5,2026-09-10 11:30:03.5,2026-09-10
"665","Oc8m980xZN","MOOSPMv3Parser",1789039801,3,3,2,4,4,2,3,4,4,3,727,197,181641,24,17,2,18,18,23,34,18,1,24,25,44,43,11.224,283,3277,3e-05,-0.004183,1295.052002,7,600,58,3,"e00fce68e28dcbc9a589be10",2026-09-10 11:30:04.127,2026-09-10 11:30:04.34,2026-09-10 11:30:04.34,2026-09-10
"666","x5mLsRB9Wi","MOOSPMv3Parser",1789039800,9,9,3,11,11,4,4,11,11,4,2134,483,105165,49,26,2,26,27,22,78,27,0,24,24,62,62,6.039,188,1,35.775055,-119.23851,69.886002,0,600,58,3,"e00fce68e88237db75a60608",2026-09-10 11:30:04.339,2026-09-10 11:30:04.53,2026-09-10 11:30:04.53,2026-09-10
"667","m4RhWLGste","MOOSPMv3Parser",1789039801,4,4,0,6,6,0,0,7,7,0,1146,257,0,35,0,4,0,0,21,47,0,2,23,23,53,53,4.381,297,1,36.187431,-119.822067,26.23,9,600,58,3,"e00fce68e739ecbcf9e91965",2026-09-10 11:30:04.349,2026-09-10 11:30:04.532,2026-09-10 11:30:04.532,2026-09-10
"668","EfDeqRW21P","MOOSPMv3Parser",1789039801,2,2,2,2,2,2,2,3,3,2,552,127,277767,15,14,1,14,14,21,37,14,1,26,23,37,46,20.447,226,1,36.139027,-120.368546,170.856995,7,600,58,3,"e00fce6850cac69f647dc199",2026-09-10 11:30:04.982,2026-09-10 11:30:05.139,2026-09-10 11:30:05.139,2026-09-10
"669","YpwPrRlnDI","MOOSPMv3Parser",1789039800,4,4,3,6,6,4,4,7,7,5,826,251,153344,39,22,6,22,23,0,0,23,1,21,23,55,52,7.689,497,1,36.433685,-119.923401,36.410999,8,600,58,3,"e00fce6876826e255108c6bd",2026-09-10 11:30:05.577,2026-09-10 11:30:05.777,2026-09-10 11:30:05.777,2026-09-10
"670","4EhyqlyJyn","MOOSPMv3Parser",1789040401,0,0,1,0,0,1,2,0,0,2,177,91,30861,10,8,1,8,8,24,35,8,1,25,26,37,36,18.348,115,1,36.198948,-120.103844,92.824997,4,600,58,3,"e00fce686dc2ef0a68fa40b0",2026-09-10 11:40:02.426,2026-09-10 11:40:02.646,2026-09-10 11:40:02.646,2026-09-10
"671","LgCaGJwtVB","MOOSPMv3Parser",1789040400,15,15,5,19,19,5,5,19,19,5,2804,769,66069,87,39,3,39,39,20,79,39,0,20,22,80,73,3.088,102,1,36.523338,-119.2789,82.866997,4,600,58,3,"e00fce68f12da1a0c5de6248",2026-09-10 11:40:02.604,2026-09-10 11:40:02.84,2026-09-10 11:40:02.84,2026-09-10
"672","CGR6HlELkg","MOOSPMv3Parser",1789040400,4,4,5,6,6,6,7,7,7,7,492,373,60403,53,39,6,40,40,22,54,40,1,23,25,66,61,5.322,182,1,35.963299,-119.291786,66.698997,6,600,58,3,"e00fce68d6b773b56ce8baa0",2026-09-10 11:40:03.025,2026-09-10 11:40:03.252,2026-09-10 11:40:03.252,2026-09-10
"673","GN7eTP5uO4","MOOSPMv3Parser",1789040400,7,7,3,9,9,3,4,9,9,4,1471,386,208133,42,20,3,21,21,22,57,21,1,23,24,57,54,10.381,181,1,35.949478,-119.050026,115.486,7,599,58,3,"e00fce6808784ceaf209f949",2026-09-10 11:40:03.305,2026-09-10 11:40:03.549,2026-09-10 11:40:03.549,2026-09-10
"674","FJqUM5cXCa","MOOSPMv3Parser",1789040401,3,3,2,4,4,2,2,4,4,2,664,181,181655,24,16,2,16,16,23,33,16,1,24,25,43,43,11.454,263,3277,3e-05,-0.004183,1295.052002,7,600,58,3,"e00fce68e28dcbc9a589be10",2026-09-10 11:40:04.11,2026-09-10 11:40:04.308,2026-09-10 11:40:04.308,2026-09-10
"675","UHZB8sC1C2","MOOSPMv3Parser",1789040400,9,9,3,12,12,4,4,13,13,4,2191,499,105187,58,26,3,26,26,22,78,26,0,24,24,63,62,5.639,186,1,35.775059,-119.238518,75.194,8,600,58,3,"e00fce68e88237db75a60608",2026-09-10 11:40:04.328,2026-09-10 11:40:04.458,2026-09-10 11:40:04.458,2026-09-10
"676","hJmf1cJOLu","MOOSPMv3Parser",1789040401,4,4,0,6,6,0,0,6,6,0,1056,239,0,34,0,3,0,0,21,48,0,2,22,23,54,54,4.161,287,1,36.187504,-119.822021,36.971001,9,600,58,3,"e00fce68e739ecbcf9e91965",2026-09-10 11:40:04.438,2026-09-10 11:40:04.648,2026-09-10 11:40:04.648,2026-09-10
"677","6VBJSAFsFl","MOOSPMv3Parser",1789040401,2,2,2,2,2,2,2,3,3,2,561,130,277782,16,14,1,14,14,21,40,14,1,26,23,40,49,19.873,237,1,36.139008,-120.368393,168.847,7,600,58,3,"e00fce6850cac69f647dc199",2026-09-10 11:40:05.455,2026-09-10 11:40:05.615,2026-09-10 11:40:05.615,2026-09-10
"678","QxbAhE5m41","MOOSPMv3Parser",1789040400,4,4,3,7,7,4,5,8,8,5,897,273,153365,41,25,6,26,26,0,0,26,1,21,23,59,56,7.552,495,1,36.433685,-119.923401,36.415001,0,600,58,3,"e00fce6876826e255108c6bd",2026-09-10 11:40:05.633,2026-09-10 11:40:05.809,2026-09-10 11:40:05.809,2026-09-10
"679","OYVnSsRnYu","MOOSPMv3Parser",1789041001,0,0,1,0,0,1,1,0,0,2,170,87,30866,9,7,1,7,7,24,35,7,1,25,26,37,37,20.297,92,1,36.198837,-120.10392,93.582001,6,600,58,3,"e00fce686dc2ef0a68fa40b0",2026-09-10 11:50:02.452,2026-09-10 11:50:02.731,2026-09-10 11:50:02.731,2026-09-10
"680","8HS3FI5LzZ","MOOSPMv3Parser",1789041000,15,15,5,18,18,5,5,18,18,5,2762,762,66102,87,38,2,38,38,20,80,38,0,20,22,83,75,2.854,96,1,36.523319,-119.278893,81.532997,5,600,58,3,"e00fce68f12da1a0c5de6248",2026-09-10 11:50:02.732,2026-09-10 11:50:02.934,2026-09-10 11:50:02.934,2026-09-10
"681","JlCjwTlUAF","MOOSPMv3Parser",1789041000,8,8,3,10,10,3,4,10,10,4,1610,430,207802,47,20,2,21,21,22,59,21,1,23,24,58,55,8.653,187,1,35.949509,-119.050011,100.754997,8,600,58,3,"e00fce6808784ceaf209f949",2026-09-10 11:50:03.316,2026-09-10 11:50:03.514,2026-09-10 11:50:03.514,2026-09-10
"682","rRmGmSNdlU","MOOSPMv3Parser",1789041000,4,4,5,7,7,6,6,7,7,6,512,391,60433,56,37,6,38,38,22,54,38,1,23,24,66,61,5.024,175,1,35.963223,-119.291779,44.360001,7,600,58,3,"e00fce68d6b773b56ce8baa0",2026-09-10 11:50:03.331,2026-09-10 11:50:03.538,2026-09-10 11:50:03.538,2026-09-10
"683","RZqWvyYyjK","MOOSPMv3Parser",1789041001,3,3,2,4,4,2,2,4,4,2,647,175,181669,22,15,1,16,16,23,32,16,1,24,25,43,42,10.914,255,3277,3e-05,-0.004183,1295.052002,7,600,58,3,"e00fce68e28dcbc9a589be10",2026-09-10 11:50:04.03,2026-09-10 11:50:04.229,2026-09-10 11:50:04.229,2026-09-10
"684","A29zqATbH3","MOOSPMv3Parser",1789041000,10,10,4,12,12,4,4,12,12,4,2258,510,105212,57,29,3,29,29,22,78,29,0,24,24,62,62,5.572,183,1,35.775021,-119.238541,67.759003,10,600,58,3,"e00fce68e88237db75a60608",2026-09-10 11:50:04.17,2026-09-10 11:50:04.411,2026-09-10 11:50:04.411,2026-09-10
"685","PRcrld0uXQ","MOOSPMv3Parser",1789041001,2,2,2,2,2,2,2,2,2,2,574,128,277798,14,13,1,14,14,21,39,14,1,25,23,39,48,18.906,225,1,36.138985,-120.368477,173.528,5,600,58,3,"e00fce6850cac69f647dc199",2026-09-10 11:50:04.427,2026-09-10 11:50:04.603,2026-09-10 11:50:04.603,2026-09-10
"686","ZegHJPEuLC","MOOSPMv3Parser",1789041001,5,5,0,7,7,0,0,8,8,0,1259,281,0,44,0,5,0,0,21,48,0,2,22,23,54,54,3.527,288,1,36.187469,-119.821922,43.648998,9,600,58,3,"e00fce68e739ecbcf9e91965",2026-09-10 11:50:04.438,2026-09-10 11:50:04.618,2026-09-10 11:50:04.618,2026-09-10
"687","sxsjUO2oCh","MOOSPMv3Parser",1789041000,5,5,3,7,7,4,5,9,9,5,1010,309,153386,46,26,5,26,27,0,0,27,1,21,23,61,57,7.16,492,1,36.433578,-119.923355,25.445999,9,600,58,3,"e00fce6876826e255108c6bd",2026-09-10 11:50:05.736,2026-09-10 11:50:05.891,2026-09-10 11:50:05.891,2026-09-10
"688","7GGAsYoQgn","MOOSPMv3Parser",1789041600,15,15,5,19,19,5,5,19,19,5,2866,793,66135,88,38,2,38,38,20,80,38,0,20,22,82,74,2.866,92,1,36.523319,-119.278801,94.149002,6,600,58,3,"e00fce68f12da1a0c5de6248",2026-09-10 12:00:02.612,2026-09-10 12:00:03.045,2026-09-10 12:00:03.045,2026-09-10
"689","x7QPGed4b0","MOOSPMv3Parser",1789041600,4,4,5,6,6,6,6,7,7,6,487,367,60462,50,36,6,37,37,22,53,37,1,23,24,66,61,5.528,172,1,35.963089,-119.291916,49.196999,7,600,58,3,"e00fce68d6b773b56ce8baa0",2026-09-10 12:00:02.913,2026-09-10 12:00:03.37,2026-09-10 12:00:03.37,2026-09-10
"690","gMGLLl57zK","MOOSPMv3Parser",1789041601,0,0,1,0,0,1,1,0,0,1,174,90,30872,10,7,1,7,7,24,35,7,1,25,26,37,37,19.834,101,1,36.198811,-120.104462,74.795998,8,600,58,3,"e00fce686dc2ef0a68fa40b0",2026-09-10 12:00:03.017,2026-09-10 12:00:03.507,2026-09-10 12:00:03.507,2026-09-10
"691","hxd1oRYLTZ","MOOSPMv3Parser",1789041600,8,8,3,9,9,3,3,10,10,3,1602,424,208165,44,20,2,21,21,22,59,21,1,23,24,57,55,8.834,186,1,35.949612,-119.050095,121.917,9,599,58,3,"e00fce6808784ceaf209f949",2026-09-10 12:00:03.3,2026-09-10 12:00:03.722,2026-09-10 12:00:03.722,2026-09-10
"692","VKW2eS2fqQ","MOOSPMv3Parser",1789041600,9,9,4,12,12,4,4,12,12,4,2257,510,105236,57,28,3,29,29,22,78,29,0,24,24,62,62,6.001,180,1,35.775013,-119.238525,66.625,9,600,58,3,"e00fce68e88237db75a60608",2026-09-10 12:00:04.178,2026-09-10 12:00:04.603,2026-09-10 12:00:04.603,2026-09-10
"693","3BAskFyukQ","MOOSPMv3Parser",1789041601,2,2,2,3,3,2,2,4,4,2,610,169,181683,22,16,1,16,16,23,32,16,1,24,25,43,43,8.821,264,3277,3e-05,-0.004183,1295.052002,7,600,58,3,"e00fce68e28dcbc9a589be10",2026-09-10 12:00:04.51,2026-09-10 12:00:04.869,2026-09-10 12:00:04.869,2026-09-10
"694","oIcoeFkiOW","MOOSPMv3Parser",1789041601,4,4,0,7,7,0,0,7,7,0,1188,264,0,42,0,5,0,0,21,48,0,2,22,23,53,54,3.89,289,1,36.187462,-119.82206,24.202999,10,600,58,3,"e00fce68e739ecbcf9e91965",2026-09-10 12:00:04.272,2026-09-10 12:00:04.932,2026-09-10 12:00:04.932,2026-09-10
"695","1d162JTTE9","MOOSPMv3Parser",1789041601,1,1,2,2,2,2,2,2,2,2,528,122,277814,14,13,1,13,13,21,39,13,1,25,22,39,48,20.507,218,1,36.138985,-120.368477,173.524002,0,600,58,3,"e00fce6850cac69f647dc199",2026-09-10 12:00:04.709,2026-09-10 12:00:05.065,2026-09-10 12:00:05.065,2026-09-10
"696","8R4xuNd4Do","MOOSPMv3Parser",1789041600,4,4,3,6,6,4,5,8,8,5,916,277,153408,39,25,5,26,26,0,0,26,1,21,22,59,56,6.88,489,1,36.433651,-119.92337,30.98,10,600,58,3,"e00fce6876826e255108c6bd",2026-09-10 12:00:05.659,2026-09-10 12:00:05.915,2026-09-10 12:00:05.915,2026-09-10
"697","cGwqvByCFb","MOOSPMv3Parser",1789042201,4,4,3,7,7,4,5,9,9,5,943,288,154198,45,24,8,25,25,0,0,25,1,21,22,59,57,6.73,481,1,36.433628,-119.923347,24.282,12,597,58,3,"e00fce6876826e255108c6bd",2026-09-10 12:10:02.701,2026-09-10 12:10:02.995,2026-09-10 12:10:02.995,2026-09-10
"698","dpkEgCRd2R","MOOSPMv3Parser",1789042200,15,15,5,19,19,5,5,20,20,5,2883,792,66170,93,40,3,40,40,20,80,40,0,20,22,81,74,4.186,98,1,36.523308,-119.278854,87.667,5,600,58,3,"e00fce68f12da1a0c5de6248",2026-09-10 12:10:02.741,2026-09-10 12:10:03.024,2026-09-10 12:10:03.024,2026-09-10
"699","IhMCUuMfGc","MOOSPMv3Parser",1789042201,0,0,1,0,0,1,1,0,0,1,180,93,30877,9,6,1,7,7,24,35,7,1,25,26,36,36,19.047,112,1,36.198917,-120.104469,74.825996,8,600,58,3,"e00fce686dc2ef0a68fa40b0",2026-09-10 12:10:03.151,2026-09-10 12:10:03.365,2026-09-10 12:10:03.365,2026-09-10
"700","nSvTdhc1jz","MOOSPMv3Parser",1789042200,4,4,4,6,6,5,6,6,6,6,479,361,60490,49,34,4,34,34,22,54,34,1,23,24,66,61,6.359,165,1,35.9631,-119.291809,53.056999,6,600,58,3,"e00fce68d6b773b56ce8baa0",2026-09-10 12:10:03.179,2026-09-10 12:10:03.377,2026-09-10 12:10:03.377,2026-09-10
"701","0W6TsTPAjJ","MOOSPMv3Parser",1789042200,7,7,3,9,9,3,3,10,10,4,1540,410,208182,44,21,2,21,21,22,60,21,1,23,24,58,55,8.677,187,1,35.949566,-119.049927,126.332001,5,599,58,3,"e00fce6808784ceaf209f949",2026-09-10 12:10:03.233,2026-09-10 12:10:03.433,2026-09-10 12:10:03.433,2026-09-10
"702","Xq5a5F63kP","MOOSPMv3Parser",1789042201,3,3,2,3,3,3,3,4,4,3,621,173,181699,22,18,2,18,18,23,33,18,1,24,25,43,43,7.156,270,3277,3e-05,-0.004183,1295.052002,7,600,58,3,"e00fce68e28dcbc9a589be10",2026-09-10 12:10:04.037,2026-09-10 12:10:04.202,2026-09-10 12:10:04.202,2026-09-10
"703","jaN6RV0Gw8","MOOSPMv3Parser",1789042200,9,9,4,11,11,4,4,12,12,4,2186,488,105261,55,28,2,29,29,22,79,29,0,24,24,62,63,5.65,181,1,35.775017,-119.238571,70.000999,10,600,58,3,"e00fce68e88237db75a60608",2026-09-10 12:10:04.195,2026-09-10 12:10:04.403,2026-09-10 12:10:04.403,2026-09-10
"704","QC1pVHou9G","MOOSPMv3Parser",1789042201,4,4,0,7,7,0,0,7,7,0,1171,254,0,42,0,6,0,0,21,48,0,2,22,23,52,53,4.866,253,1,36.187519,-119.822121,14.234,5,600,58,3,"e00fce68e739ecbcf9e91965",2026-09-10 12:10:04.27,2026-09-10 12:10:04.434,2026-09-10 12:10:04.434,2026-09-10
"705","HbMOxCzXI6","MOOSPMv3Parser",1789042201,1,1,2,2,2,2,2,2,2,2,551,121,277829,16,13,1,14,14,21,38,14,1,25,22,37,46,20.712,212,1,36.139019,-120.368416,160.115997,7,600,58,3,"e00fce6850cac69f647dc199",2026-09-10 12:10:04.979,2026-09-10 12:10:05.128,2026-09-10 12:10:05.128,2026-09-10
"706","YHPwOLeOcW","MOOSPMv3Parser",1789042800,15,15,5,19,19,5,5,19,19,5,2854,786,66205,88,41,3,41,41,20,79,41,0,20,21,79,72,4.418,102,1,36.523338,-119.278847,88.305,8,600,58,3,"e00fce68f12da1a0c5de6248",2026-09-10 12:20:02.61,2026-09-10 12:20:02.942,2026-09-10 12:20:02.942,2026-09-10
"707","yiqhLCfW4J","MOOSPMv3Parser",1789042801,5,5,3,7,7,4,5,8,8,5,958,291,153449,39,26,5,27,27,0,0,27,1,21,22,58,57,6.913,464,1,36.433632,-119.923378,25.299999,12,600,58,3,"e00fce6876826e255108c6bd",2026-09-10 12:20:02.853,2026-09-10 12:20:03.063,2026-09-10 12:20:03.063,2026-09-10
"708","5OAca7nQMo","MOOSPMv3Parser",1789042800,4,4,4,6,6,5,5,6,6,6,484,364,60518,51,34,6,35,35,22,54,35,1,23,24,66,61,3.406,165,1,35.9631,-119.291809,53.055,0,600,58,3,"e00fce68d6b773b56ce8baa0",2026-09-10 12:20:03.011,2026-09-10 12:20:03.225,2026-09-10 12:20:03.225,2026-09-10
"709","QcHzd2QYCg","MOOSPMv3Parser",1789042800,7,7,3,8,8,3,3,8,8,3,1434,378,207852,38,20,2,20,20,22,59,20,0,23,24,55,54,9.753,179,1,35.949566,-119.049927,126.327003,0,600,58,3,"e00fce6808784ceaf209f949",2026-09-10 12:20:03.279,2026-09-10 12:20:03.441,2026-09-10 12:20:03.441,2026-09-10
"710","HhzpT5fvLS","MOOSPMv3Parser",1789042801,0,0,1,0,0,1,2,0,0,2,182,93,30885,11,9,1,10,10,24,36,10,1,25,26,37,37,19.741,125,1,36.198879,-120.104454,77.527,9,600,58,3,"e00fce686dc2ef0a68fa40b0",2026-09-10 12:20:03.613,2026-09-10 12:20:03.781,2026-09-10 12:20:03.781,2026-09-10
"711","zbuEcg63GG","MOOSPMv3Parser",1789042801,2,2,2,2,2,2,2,3,3,2,542,126,277845,17,14,1,14,14,20,38,14,1,25,22,38,46,19.234,250,1,36.139038,-120.368401,165.248993,8,600,58,3,"e00fce6850cac69f647dc199",2026-09-10 12:20:04.346,2026-09-10 12:20:04.511,2026-09-10 12:20:04.511,2026-09-10
"712","LHAAfEXLkT","MOOSPMv3Parser",1789042801,4,4,0,7,7,0,0,8,8,0,1199,269,0,45,0,5,0,0,21,46,0,2,22,23,50,52,5.217,250,1,36.187595,-119.822182,39.365002,6,600,58,3,"e00fce68e739ecbcf9e91965",2026-09-10 12:20:04.349,2026-09-10 12:20:04.52,2026-09-10 12:20:04.52,2026-09-10
"713","s01G4qZqex","MOOSPMv3Parser",1789042800,9,9,4,12,12,4,4,12,12,4,2206,492,105285,60,27,3,28,28,22,79,28,0,24,24,63,63,5.458,182,1,35.775066,-119.238503,66.612,9,600,58,3,"e00fce68e88237db75a60608",2026-09-10 12:20:04.33,2026-09-10 12:20:04.526,2026-09-10 12:20:04.526,2026-09-10
"714","XEO4rhxoHk","MOOSPMv3Parser",1789042801,3,3,2,4,4,3,3,4,4,3,644,178,181714,24,17,2,17,17,23,32,17,1,24,25,41,41,8.201,289,3277,3e-05,-0.004183,1295.052002,7,600,58,3,"e00fce68e28dcbc9a589be10",2026-09-10 12:20:04.353,2026-09-10 12:20:04.535,2026-09-10 12:20:04.535,2026-09-10
"715","JobAPT4mAp","MOOSPMv3Parser",1789043401,0,0,1,0,0,2,2,0,0,2,184,98,30893,12,10,1,10,10,23,36,10,1,25,26,38,37,16.06,226,1,36.198784,-120.104462,77.407997,9,600,58,3,"e00fce686dc2ef0a68fa40b0",2026-09-10 12:30:02.525,2026-09-10 12:30:02.746,2026-09-10 12:30:02.746,2026-09-10
"716","Kf5T0GVBJW","MOOSPMv3Parser",1789043400,15,15,5,18,18,5,5,19,19,5,2782,773,66241,85,40,2,41,41,20,79,41,0,20,21,82,73,3.815,104,1,36.523369,-119.27877,87.785004,6,600,58,3,"e00fce68f12da1a0c5de6248",2026-09-10 12:30:02.812,2026-09-10 12:30:03.04,2026-09-10 12:30:03.04,2026-09-10
"717","URit068rMr","MOOSPMv3Parser",1789043401,5,5,3,7,7,4,5,8,8,5,988,298,153471,45,25,4,26,26,0,0,26,1,21,22,59,57,6.673,459,1,36.433601,-119.923409,53.592999,9,600,58,3,"e00fce6876826e255108c6bd",2026-09-10 12:30:02.869,2026-09-10 12:30:03.114,2026-09-10 12:30:03.114,2026-09-10
"718","yDk7xByeCr","MOOSPMv3Parser",1789043400,4,4,5,6,6,6,6,7,7,6,491,370,60548,52,37,6,38,38,22,53,38,1,23,24,66,61,3.126,172,1,35.963135,-119.29184,41.922001,7,600,58,3,"e00fce68d6b773b56ce8baa0",2026-09-10 12:30:03.178,2026-09-10 12:30:03.349,2026-09-10 12:30:03.349,2026-09-10
"719","PJXdXsN9Tu","MOOSPMv3Parser",1789043400,7,7,2,8,8,3,3,8,8,3,1404,374,208216,40,19,2,19,19,21,60,19,1,23,24,56,55,11.176,163,1,35.949642,-119.050011,107.323997,5,599,58,3,"e00fce6808784ceaf209f949",2026-09-10 12:30:03.304,2026-09-10 12:30:03.463,2026-09-10 12:30:03.463,2026-09-10
"720","PCLZ4s2afI","MOOSPMv3Parser",1789043400,9,9,3,12,12,4,4,12,12,4,2178,495,105308,58,27,3,27,27,22,80,27,0,24,24,63,64,4.385,182,1,35.775032,-119.238594,78.912003,9,600,58,3,"e00fce68e88237db75a60608",2026-09-10 12:30:04.098,2026-09-10 12:30:04.292,2026-09-10 12:30:04.292,2026-09-10
"721","Lr1EtOz9ZH","MOOSPMv3Parser",1789043401,2,2,2,3,3,3,3,3,3,3,588,159,181730,19,17,1,17,17,22,32,17,1,24,25,42,42,10.629,258,3277,3e-05,-0.004183,1295.052002,7,600,58,3,"e00fce68e28dcbc9a589be10",2026-09-10 12:30:04.221,2026-09-10 12:30:04.392,2026-09-10 12:30:04.392,2026-09-10
"722","z5w9uekYyi","MOOSPMv3Parser",1789043401,4,4,0,6,6,0,0,7,7,0,1158,261,0,37,0,4,0,0,21,45,0,2,22,22,49,51,4.807,283,1,36.187504,-119.822166,17.351999,6,600,58,3,"e00fce68e739ecbcf9e91965",2026-09-10 12:30:04.271,2026-09-10 12:30:04.456,2026-09-10 12:30:04.456,2026-09-10
"723","2fX3wjCuWW","MOOSPMv3Parser",1789043401,1,1,2,2,2,2,2,2,2,2,535,121,277861,15,13,1,14,14,20,39,14,1,25,22,38,47,16.953,271,1,36.138996,-120.368416,170.858002,8,600,58,3,"e00fce6850cac69f647dc199",2026-09-10 12:30:04.612,2026-09-10 12:30:05.119,2026-09-10 12:30:05.119,2026-09-10
"724","le0Dwx7FBE","MOOSPMv3Parser",1789044001,5,5,3,7,7,4,4,8,8,4,1030,311,153492,41,25,5,26,26,0,0,26,1,21,22,57,55,6.728,452,1,36.433624,-119.92337,24.882999,10,600,58,3,"e00fce6876826e255108c6bd",2026-09-10 12:40:02.828,2026-09-10 12:40:02.975,2026-09-10 12:40:02.975,2026-09-10
"725","NLkm5ntcBW","MOOSPMv3Parser",1789044000,15,15,5,18,18,6,6,18,18,6,2739,754,66277,83,41,2,41,41,20,78,41,0,19,21,81,72,3.402,120,1,36.523354,-119.278839,80.780998,7,600,58,3,"e00fce68f12da1a0c5de6248",2026-09-10 12:40:02.828,2026-09-10 12:40:02.977,2026-09-10 12:40:02.977,2026-09-10
"726","vDBFb76ZQs","MOOSPMv3Parser",1789044001,0,0,1,0,0,2,2,0,0,2,186,98,30900,11,10,1,10,10,23,37,10,1,24,26,41,38,10.466,306,1,36.198845,-120.104385,73.661003,8,600,58,3,"e00fce686dc2ef0a68fa40b0",2026-09-10 12:40:02.831,2026-09-10 12:40:03.032,2026-09-10 12:40:03.032,2026-09-10
"727","JVyaH7Hc3F","MOOSPMv3Parser",1789044000,4,4,5,7,7,6,7,7,7,7,498,376,60579,52,38,7,39,39,22,54,39,1,23,24,66,61,2.993,174,1,35.963135,-119.291885,48.224998,8,600,58,3,"e00fce68d6b773b56ce8baa0",2026-09-10 12:40:02.938,2026-09-10 12:40:03.101,2026-09-10 12:40:03.101,2026-09-10
"728","AfsRZu3bDE","MOOSPMv3Parser",1789044000,7,7,3,9,9,4,4,10,10,4,1602,419,208234,46,22,2,23,23,22,61,23,1,23,24,57,56,11.42,158,1,35.949505,-119.04995,113.385002,6,599,58,3,"e00fce6808784ceaf209f949",2026-09-10 12:40:03.58,2026-09-10 12:40:03.789,2026-09-10 12:40:03.789,2026-09-10
"729","bIPtpTx6bu","MOOSPMv3Parser",1789044000,9,9,4,12,12,4,4,12,12,4,2209,494,105332,57,28,2,28,28,22,81,28,0,23,24,64,64,3.879,183,1,35.775074,-119.238518,65.708,9,600,58,3,"e00fce68e88237db75a60608",2026-09-10 12:40:04.113,2026-09-10 12:40:04.29,2026-09-10 12:40:04.29,2026-09-10
"730","dW5mnXGd6L","MOOSPMv3Parser",1789044001,3,3,4,5,5,5,5,6,6,6,749,208,181753,33,28,4,29,29,22,32,29,1,23,25,43,42,8.954,275,3277,3e-05,-0.004183,1295.052002,7,600,58,3,"e00fce68e28dcbc9a589be10",2026-09-10 12:40:04.19,2026-09-10 12:40:04.355,2026-09-10 12:40:04.355,2026-09-10
"731","nW4ShMx2Ds","MOOSPMv3Parser",1789044001,4,4,0,6,6,0,0,7,7,0,1171,255,0,36,0,5,0,0,21,45,0,2,22,22,49,51,4.061,264,1,36.187405,-119.822128,4.708,5,600,58,3,"e00fce68e739ecbcf9e91965",2026-09-10 12:40:04.429,2026-09-10 12:40:04.616,2026-09-10 12:40:04.616,2026-09-10
"732","B110OhP67q","MOOSPMv3Parser",1789044001,5,5,4,7,7,5,5,7,7,5,1123,280,277890,42,34,3,34,34,20,40,34,0,25,22,40,49,16.648,256,1,36.138977,-120.368393,180.483994,8,600,58,3,"e00fce6850cac69f647dc199",2026-09-10 12:40:04.563,2026-09-10 12:40:04.754,2026-09-10 12:40:04.754,2026-09-10
"733","r1sNIA1Nnt","MOOSPMv3Parser",1789044600,14,14,5,18,18,5,5,18,18,5,2717,752,66310,85,38,3,38,38,20,79,38,0,19,21,82,74,3.575,124,1,36.523354,-119.278839,80.775002,0,600,58,3,"e00fce68f12da1a0c5de6248",2026-09-10 12:50:02.751,2026-09-10 12:50:02.997,2026-09-10 12:50:02.997,2026-09-10
"734","kHbFkss0fn","MOOSPMv3Parser",1789044601,0,0,1,0,0,2,2,0,0,2,202,115,30908,13,10,1,11,11,23,38,11,1,23,25,43,39,10.903,310,1,36.198803,-120.104439,85.102997,10,600,58,3,"e00fce686dc2ef0a68fa40b0",2026-09-10 12:50:03.151,2026-09-10 12:50:03.367,2026-09-10 12:50:03.367,2026-09-10
"735","EAjmqyoWc9","MOOSPMv3Parser",1789044600,4,4,5,7,7,6,6,7,7,7,507,385,60611,56,39,6,40,40,22,53,40,1,23,24,66,61,3.097,176,1,35.963131,-119.291718,38.470001,7,600,58,3,"e00fce68d6b773b56ce8baa0",2026-09-10 12:50:03.249,2026-09-10 12:50:03.431,2026-09-10 12:50:03.431,2026-09-10
"736","bGBCekIeSQ","MOOSPMv3Parser",1789044601,4,4,3,6,6,4,4,7,7,5,939,284,153513,38,25,3,25,25,0,0,26,1,21,22,55,53,6.897,435,1,36.433559,-119.923386,30.747,10,600,58,3,"e00fce6876826e255108c6bd",2026-09-10 12:50:03.192,2026-09-10 12:50:03.444,2026-09-10 12:50:03.444,2026-09-10
"737","3QQXIH7s0o","MOOSPMv3Parser",1789044600,8,8,3,10,10,4,4,10,10,5,1643,436,208251,51,22,3,23,23,22,61,23,1,24,24,56,56,10.954,162,1,35.949387,-119.050171,80.614998,7,599,58,3,"e00fce6808784ceaf209f949",2026-09-10 12:50:03.456,2026-09-10 12:50:03.658,2026-09-10 12:50:03.658,2026-09-10
"738","Tlz95JdOBh","MOOSPMv3Parser",1789044600,9,9,4,12,12,4,4,12,12,4,2168,497,105357,60,29,3,30,30,22,81,30,0,23,24,64,64,2.027,195,1,35.775093,-119.238548,71.603996,7,600,58,3,"e00fce68e88237db75a60608",2026-09-10 12:50:04.249,2026-09-10 12:50:04.431,2026-09-10 12:50:04.431,2026-09-10
"739","UX367pakNQ","MOOSPMv3Parser",1789044601,2,2,2,4,4,3,3,4,4,3,740,177,277906,25,19,2,19,19,20,39,19,0,25,22,39,48,19.051,224,1,36.139126,-120.368408,199.246994,7,600,58,3,"e00fce6850cac69f647dc199",2026-09-10 12:50:04.348,2026-09-10 12:50:04.518,2026-09-10 12:50:04.518,2026-09-10
"740","LVidqCAyud","MOOSPMv3Parser",1789044601,4,4,0,6,6,0,0,7,7,0,1147,255,0,36,0,4,0,0,21,46,0,2,22,22,52,52,2.73,274,1,36.187431,-119.822174,13.904,9,600,58,3,"e00fce68e739ecbcf9e91965",2026-09-10 12:50:04.493,2026-09-10 12:50:04.657,2026-09-10 12:50:04.657,2026-09-10
"741","1rjRvFN2ga","MOOSPMv3Parser",1789044601,3,3,3,4,4,4,5,4,4,5,639,180,181771,25,23,2,23,23,22,32,23,1,23,24,43,42,8.813,298,3277,3e-05,-0.004183,1295.052002,7,600,58,3,"e00fce68e28dcbc9a589be10",2026-09-10 12:50:04.498,2026-09-10 12:50:04.684,2026-09-10 12:50:04.684,2026-09-10
"742","DKiC71VGUw","MOOSPMv3Parser",1789045200,15,15,5,19,19,6,6,19,19,6,2835,786,66347,87,42,3,42,42,20,79,42,0,20,21,81,74,3.618,120,1,36.523312,-119.278885,73.869003,9,600,58,3,"e00fce68f12da1a0c5de6248",2026-09-10 13:00:02.594,2026-09-10 13:00:03.009,2026-09-10 13:00:03.009,2026-09-10
"743","uVahhEmdpk","MOOSPMv3Parser",1789045200,5,5,6,8,8,8,9,9,9,10,548,420,60648,64,47,8,49,49,22,53,49,1,23,24,66,62,3.392,176,1,35.96302,-119.291939,59.209999,6,600,58,3,"e00fce68d6b773b56ce8baa0",2026-09-10 13:00:02.962,2026-09-10 13:00:03.256,2026-09-10 13:00:03.256,2026-09-10
"744","yd8kQL1YAo","MOOSPMv3Parser",1789045201,5,5,4,7,7,5,6,10,10,6,1000,304,153535,45,27,8,28,28,0,0,28,1,21,22,54,53,8.095,376,1,36.433613,-119.923355,28.551001,9,600,58,3,"e00fce6876826e255108c6bd",2026-09-10 13:00:02.969,2026-09-10 13:00:03.457,2026-09-10 13:00:03.457,2026-09-10
"745","SME1Tp6SeS","MOOSPMv3Parser",1789045200,8,8,3,10,10,4,5,10,10,5,1600,425,208269,45,22,3,23,23,22,60,23,1,24,24,56,55,11.515,157,1,35.949612,-119.049629,166.485992,6,599,58,3,"e00fce6808784ceaf209f949",2026-09-10 13:00:03.347,2026-09-10 13:00:03.673,2026-09-10 13:00:03.673,2026-09-10
"746","o0tFdGVyRM","MOOSPMv3Parser",1789045201,0,0,2,0,0,2,2,0,0,3,207,118,30918,14,12,1,12,12,23,39,12,1,23,25,44,41,10.543,308,1,36.198845,-120.104454,86.028,12,600,58,3,"e00fce686dc2ef0a68fa40b0",2026-09-10 13:00:03.425,2026-09-10 13:00:03.835,2026-09-10 13:00:03.835,2026-09-10
"747","LSnZ0uraoG","MOOSPMv3Parser",1789045200,9,9,4,12,12,5,5,12,12,5,2196,495,105384,56,31,3,31,32,22,81,32,1,23,23,64,64,2.907,194,1,35.775131,-119.238518,73.639,8,600,58,3,"e00fce68e88237db75a60608",2026-09-10 13:00:04.197,2026-09-10 13:00:04.404,2026-09-10 13:00:04.404,2026-09-10
"748","rLWI2zGH73","MOOSPMv3Parser",1789045201,3,3,3,4,4,3,4,4,4,4,618,170,181788,26,20,2,20,20,22,34,20,1,23,24,46,44,7.779,290,3277,3e-05,-0.004183,1295.052002,7,600,58,3,"e00fce68e28dcbc9a589be10",2026-09-10 13:00:04.19,2026-09-10 13:00:04.439,2026-09-10 13:00:04.439,2026-09-10
"749","1ckP4ezn7v","MOOSPMv3Parser",1789045201,4,4,0,6,6,0,0,7,7,0,1113,246,0,37,0,4,0,0,20,47,0,2,21,22,54,53,0.712,304,1,36.187431,-119.822174,13.904,0,600,58,3,"e00fce68e739ecbcf9e91965",2026-09-10 13:00:04.438,2026-09-10 13:00:04.619,2026-09-10 13:00:04.619,2026-09-10
"750","tZW25EIWTe","MOOSPMv3Parser",1789045201,2,2,2,3,3,2,2,3,3,2,639,153,277922,21,15,1,15,15,20,40,15,1,25,22,39,48,18.697,224,1,36.138973,-120.368401,176.274002,7,600,58,3,"e00fce6850cac69f647dc199",2026-09-10 13:00:05.545,2026-09-10 13:00:05.742,2026-09-10 13:00:05.742,2026-09-10
"751","5ZwWaCRlhJ","MOOSPMv3Parser",1789045801,0,0,2,0,0,2,3,0,0,3,193,105,30927,14,12,2,13,13,22,39,13,1,23,25,44,40,10.585,269,1,36.198788,-120.1045,83.240997,9,600,58,3,"e00fce686dc2ef0a68fa40b0",2026-09-10 13:10:02.69,2026-09-10 13:10:02.88,2026-09-10 13:10:02.88,2026-09-10
"752","YSjaoMiLXE","MOOSPMv3Parser",1789045801,4,4,3,7,7,4,4,8,8,4,958,290,153554,39,23,5,24,24,0,0,24,1,20,22,57,54,7.919,374,1,36.433567,-119.92334,29.988001,6,600,58,3,"e00fce6876826e255108c6bd",2026-09-10 13:10:02.683,2026-09-10 13:10:02.9,2026-09-10 13:10:02.9,2026-09-10
"753","GqT8mkLaKk","MOOSPMv3Parser",1789045800,15,15,5,19,19,6,6,20,20,6,2849,791,66383,89,42,3,42,42,19,79,42,0,19,21,82,73,3.469,118,1,36.523315,-119.278885,70.028999,6,600,58,3,"e00fce68f12da1a0c5de6248",2026-09-10 13:10:02.829,2026-09-10 13:10:03.014,2026-09-10 13:10:03.014,2026-09-10
"754","76hFYvDIQ0","MOOSPMv3Parser",1789045800,5,5,6,8,8,8,9,9,9,9,540,415,60685,63,45,8,47,47,22,52,47,1,23,24,66,59,3.306,175,1,35.963051,-119.291763,35.479,5,600,58,3,"e00fce68d6b773b56ce8baa0",2026-09-10 13:10:03.242,2026-09-10 13:10:03.403,2026-09-10 13:10:03.403,2026-09-10
"755","gN7yEx8F6N","MOOSPMv3Parser",1789045800,7,7,3,10,10,5,5,10,10,6,1576,420,207941,50,25,3,26,26,22,61,26,1,23,24,57,56,11.609,156,1,35.949612,-119.049889,123.852997,7,600,58,3,"e00fce6808784ceaf209f949",2026-09-10 13:10:03.313,2026-09-10 13:10:03.477,2026-09-10 13:10:03.477,2026-09-10
"756","vOf9NmGe6W","MOOSPMv3Parser",1789045800,9,9,4,11,11,4,5,12,12,5,2152,489,105409,55,30,3,30,31,22,82,31,0,23,23,64,64,2.53,188,1,35.77507,-119.23851,68.392998,6,600,58,3,"e00fce68e88237db75a60608",2026-09-10 13:10:04.169,2026-09-10 13:10:04.762,2026-09-10 13:10:04.762,2026-09-10
"757","J97IaDQmIH","MOOSPMv3Parser",1789045801,2,2,2,3,3,2,3,3,3,3,634,149,277938,18,16,1,16,16,20,43,16,1,25,22,42,51,16.732,241,1,36.139027,-120.368492,160.792999,6,600,58,3,"e00fce6850cac69f647dc199",2026-09-10 13:10:04.453,2026-09-10 13:10:04.856,2026-09-10 13:10:04.856,2026-09-10
"758","FctL44sEfS","MOOSPMv3Parser",1789045801,4,4,0,6,6,0,0,6,6,0,1108,234,0,32,0,3,0,0,20,49,0,2,21,22,55,55,0.104,316,1,36.187489,-119.822044,27.816,9,600,58,3,"e00fce68e739ecbcf9e91965",2026-09-10 13:10:04.431,2026-09-10 13:10:05.166,2026-09-10 13:10:05.166,2026-09-10
"759","aQidxajNUC","MOOSPMv3Parser",1789045801,4,4,4,6,6,6,7,6,6,8,805,227,181811,39,30,4,31,32,22,36,32,1,23,24,48,46,5.52,300,3277,3e-05,-0.004183,1295.052002,7,600,58,3,"e00fce68e28dcbc9a589be10",2026-09-10 13:10:04.328,2026-09-10 13:10:05.472,2026-09-10 13:10:05.472,2026-09-10
"760","9cXJEaVSKv","MOOSPMv3Parser",1789046400,15,15,5,18,18,5,5,19,19,5,2811,776,66416,86,38,2,39,39,19,80,39,0,19,21,82,75,3.302,114,1,36.523308,-119.278938,58.477001,6,600,58,3,"e00fce68f12da1a0c5de6248",2026-09-10 13:20:02.817,2026-09-10 13:20:02.994,2026-09-10 13:20:02.994,2026-09-10
"761","K66YDwwRvd","MOOSPMv3Parser",1789046401,0,0,1,0,0,2,2,0,0,2,193,106,30936,12,10,1,11,11,22,39,11,1,22,25,44,41,10.213,262,1,36.198917,-120.104553,90.511002,10,600,58,3,"e00fce686dc2ef0a68fa40b0",2026-09-10 13:20:02.848,2026-09-10 13:20:03.031,2026-09-10 13:20:03.031,2026-09-10
"762","UkVVyCfBuF","MOOSPMv3Parser",1789046400,4,4,5,7,7,6,7,8,8,7,525,395,60717,57,39,6,40,41,22,52,41,1,23,24,66,59,2.541,170,1,35.963322,-119.291939,35.715,6,600,58,3,"e00fce68d6b773b56ce8baa0",2026-09-10 13:20:02.933,2026-09-10 13:20:03.103,2026-09-10 13:20:03.103,2026-09-10
"763","r6wfZHbzsO","MOOSPMv3Parser",1789046401,4,4,3,6,6,3,4,7,7,4,930,283,153572,37,22,3,23,23,0,0,23,1,20,22,56,54,7.737,399,1,36.433537,-119.923332,12.215,6,600,58,3,"e00fce6876826e255108c6bd",2026-09-10 13:20:02.928,2026-09-10 13:20:03.14,2026-09-10 13:20:03.14,2026-09-10
"764","gMVdN7pPa5","MOOSPMv3Parser",1789046400,7,7,3,10,10,5,6,10,10,6,1604,423,208306,50,23,3,24,24,22,61,25,1,23,24,57,55,11.894,152,1,35.949692,-119.049713,139.181,7,599,58,3,"e00fce6808784ceaf209f949",2026-09-10 13:20:03.283,2026-09-10 13:20:03.458,2026-09-10 13:20:03.458,2026-09-10
"765","cTD7nkhn7B","MOOSPMv3Parser",1789046401,3,3,3,5,5,5,6,6,6,7,753,212,181831,33,25,3,27,27,22,40,27,1,22,24,53,50,4.857,306,3277,3e-05,-0.004183,1295.052002,7,600,58,3,"e00fce68e28dcbc9a589be10",2026-09-10 13:20:04.12,2026-09-10 13:20:04.295,2026-09-10 13:20:04.295,2026-09-10
"766","STOuPzW5VC","MOOSPMv3Parser",1789046400,9,9,4,12,12,4,5,12,12,5,2204,503,105435,58,30,3,30,30,21,82,30,1,23,23,64,64,1.901,187,1,35.77507,-119.23851,68.392998,0,600,58,3,"e00fce68e88237db75a60608",2026-09-10 13:20:04.177,2026-09-10 13:20:04.346,2026-09-10 13:20:04.346,2026-09-10
"767","1wKklaNDtP","MOOSPMv3Parser",1789046401,4,4,0,6,6,0,0,7,7,0,1163,258,0,39,0,5,0,0,20,50,0,2,21,22,54,55,0.067,313,1,36.187473,-119.822067,25.997,10,600,58,3,"e00fce68e739ecbcf9e91965",2026-09-10 13:20:04.438,2026-09-10 13:20:04.618,2026-09-10 13:20:04.618,2026-09-10
"768","S5i4hXs0YW","MOOSPMv3Parser",1789046401,2,2,2,3,3,2,3,3,3,3,608,141,277954,19,15,2,15,15,20,41,15,1,25,22,40,49,15.089,245,1,36.13903,-120.368408,168.181,7,600,58,3,"e00fce6850cac69f647dc199",2026-09-10 13:20:04.823,2026-09-10 13:20:05.002,2026-09-10 13:20:05.002,2026-09-10
"769","r7rKmqvJzN","MOOSPMv3Parser",1789047000,15,15,5,19,19,6,6,20,20,6,2891,793,66453,91,42,3,42,42,19,80,42,0,20,21,81,74,3.461,111,1,36.523315,-119.27874,93.135002,6,600,58,3,"e00fce68f12da1a0c5de6248",2026-09-10 13:30:02.674,2026-09-10 13:30:02.842,2026-09-10 13:30:02.842,2026-09-10
"770","VlBfz3aztd","MOOSPMv3Parser",1789047001,4,4,3,6,6,3,3,8,8,4,853,260,153590,34,22,5,22,22,0,0,22,1,20,21,53,52,8.33,349,1,36.433537,-119.923332,12.213,0,600,58,3,"e00fce6876826e255108c6bd",2026-09-10 13:30:02.697,2026-09-10 13:30:02.869,2026-09-10 13:30:02.869,2026-09-10
"771","X7o30F4OwH","MOOSPMv3Parser",1789047001,0,0,1,0,0,2,2,0,0,2,203,114,30945,13,11,1,12,12,22,42,12,1,22,24,47,44,9.695,259,1,36.198917,-120.104553,90.508003,0,600,58,3,"e00fce686dc2ef0a68fa40b0",2026-09-10 13:30:03.099,2026-09-10 13:30:03.256,2026-09-10 13:30:03.256,2026-09-10
"772","wdUmLToBsu","MOOSPMv3Parser",1789047000,5,5,7,9,9,10,12,10,10,13,543,416,60756,69,50,10,53,54,22,52,54,1,23,24,66,58,2.441,171,1,35.963127,-119.291824,38.808998,8,600,58,3,"e00fce68d6b773b56ce8baa0",2026-09-10 13:30:03.188,2026-09-10 13:30:03.36,2026-09-10 13:30:03.36,2026-09-10
"773","GCANZj3D6b","MOOSPMv3Parser",1789047000,7,7,3,9,9,4,5,9,9,5,1485,394,207975,46,21,3,22,22,22,60,22,1,23,24,57,55,11.807,154,1,35.949509,-119.049919,112.079002,7,600,58,3,"e00fce6808784ceaf209f949",2026-09-10 13:30:03.448,2026-09-10 13:30:03.629,2026-09-10 13:30:03.629,2026-09-10
"774","4cIHBLGvm2","MOOSPMv3Parser",1789047001,3,3,3,4,4,3,4,5,5,4,698,193,181848,28,20,2,21,21,22,40,21,1,22,24,53,49,5.892,281,3277,3e-05,-0.004183,1295.052002,7,600,58,3,"e00fce68e28dcbc9a589be10",2026-09-10 13:30:04.345,2026-09-10 13:30:04.504,2026-09-10 13:30:04.504,2026-09-10
"775","rKQH9bEc55","MOOSPMv3Parser",1789047000,10,10,4,12,12,5,5,13,13,5,2288,518,105461,60,31,5,31,31,21,81,31,1,23,23,64,64,0.432,190,1,35.774975,-119.238503,67.775002,5,600,58,3,"e00fce68e88237db75a60608",2026-09-10 13:30:04.336,2026-09-10 13:30:04.534,2026-09-10 13:30:04.534,2026-09-10
"776","NYPMeKV1Dn","MOOSPMv3Parser",1789047001,4,4,0,6,6,0,0,6,6,0,1058,231,0,33,0,4,0,0,20,49,0,2,21,22,53,54,0.339,302,1,36.187504,-119.822105,26.952999,10,600,58,3,"e00fce68e739ecbcf9e91965",2026-09-10 13:30:04.43,2026-09-10 13:30:04.612,2026-09-10 13:30:04.612,2026-09-10
"777","Nr5XAQE0tW","MOOSPMv3Parser",1789047001,2,2,2,3,3,2,3,4,4,3,660,156,277970,19,17,2,17,17,20,37,17,1,25,22,38,45,17.288,240,1,36.138985,-120.368401,169.5,9,600,58,3,"e00fce6850cac69f647dc199",2026-09-10 13:30:05.142,2026-09-10 13:30:05.389,2026-09-10 13:30:05.389,2026-09-10
"778","CJZB60hGOj","MOOSPMv3Parser",1789047601,4,4,3,6,6,3,3,6,6,4,839,253,153606,31,21,5,22,22,0,0,22,1,20,21,52,51,8.278,345,1,36.433628,-119.923401,37.946999,7,600,58,3,"e00fce6876826e255108c6bd",2026-09-10 13:40:02.831,2026-09-10 13:40:03.032,2026-09-10 13:40:03.032,2026-09-10
"779","8OrYimo8j2","MOOSPMv3Parser",1789047600,15,15,6,18,18,6,6,19,19,6,2799,775,66491,87,43,3,43,43,19,79,43,0,20,21,79,73,3.657,130,1,36.523384,-119.278877,95.838997,9,600,58,3,"e00fce68f12da1a0c5de6248",2026-09-10 13:40:02.883,2026-09-10 13:40:03.087,2026-09-10 13:40:03.087,2026-09-10
"780","e5giliJjBw","MOOSPMv3Parser",1789047600,4,4,6,7,7,7,8,8,8,8,516,392,60790,58,42,7,43,44,22,52,44,1,23,24,66,60,2.269,176,1,35.963211,-119.29184,38.438,10,600,58,3,"e00fce68d6b773b56ce8baa0",2026-09-10 13:40:02.867,2026-09-10 13:40:03.115,2026-09-10 13:40:03.115,2026-09-10
"781","l6M2ctQXEj","MOOSPMv3Parser",1789047600,6,6,3,8,8,3,4,8,8,4,1343,360,207991,40,19,3,20,20,22,60,20,1,23,24,56,55,13.779,140,1,35.949436,-119.050003,107.612999,8,600,58,3,"e00fce6808784ceaf209f949",2026-09-10 13:40:03.338,2026-09-10 13:40:03.546,2026-09-10 13:40:03.546,2026-09-10
"782","ttgzehS1SE","MOOSPMv3Parser",1789047601,0,0,2,0,0,3,3,0,0,4,203,113,30957,15,16,2,17,17,22,41,17,1,22,24,46,43,9.428,264,1,36.198856,-120.104439,80.140999,8,600,58,3,"e00fce686dc2ef0a68fa40b0",2026-09-10 13:40:03.469,2026-09-10 13:40:03.619,2026-09-10 13:40:03.619,2026-09-10
"783","JPRI3S94Jx","MOOSPMv3Parser",1789047601,3,3,3,4,4,4,5,5,5,5,711,198,181867,29,24,3,24,24,22,39,24,1,23,24,51,49,5.805,298,3277,3e-05,-0.004183,1295.052002,7,600,58,3,"e00fce68e28dcbc9a589be10",2026-09-10 13:40:04.19,2026-09-10 13:40:04.349,2026-09-10 13:40:04.349,2026-09-10
"784","GCOaJZk2CB","MOOSPMv3Parser",1789047600,9,9,4,12,12,5,5,12,12,5,2198,500,105487,60,31,3,32,32,21,81,32,1,23,23,64,64,0.247,194,1,35.77504,-119.238548,69.689003,6,600,58,3,"e00fce68e88237db75a60608",2026-09-10 13:40:04.263,2026-09-10 13:40:04.448,2026-09-10 13:40:04.448,2026-09-10
"785","xKpjj2afNe","MOOSPMv3Parser",1789047601,4,4,0,6,6,0,0,7,7,0,1142,252,0,35,0,4,0,0,20,48,0,2,22,21,51,53,1.659,281,1,36.187462,-119.822159,16.091,8,600,58,3,"e00fce68e739ecbcf9e91965",2026-09-10 13:40:04.429,2026-09-10 13:40:04.919,2026-09-10 13:40:04.919,2026-09-10
"786","P3GZPwyz1x","MOOSPMv3Parser",1789047601,2,2,2,3,3,2,2,3,3,2,571,134,277986,18,14,1,14,14,20,39,14,1,24,22,39,47,19.947,199,1,36.138935,-120.368393,167.791,7,600,58,3,"e00fce6850cac69f647dc199",2026-09-10 13:40:05.602,2026-09-10 13:40:05.978,2026-09-10 13:40:05.978,2026-09-10
"787","whlRaGSIHp","MOOSPMv3Parser",1789048200,14,14,5,18,18,5,5,18,18,5,2694,744,66525,84,40,2,40,40,19,79,40,0,20,21,77,73,4.736,128,1,36.523239,-119.278847,90.264999,6,600,58,3,"e00fce68f12da1a0c5de6248",2026-09-10 13:50:02.593,2026-09-10 13:50:02.775,2026-09-10 13:50:02.775,2026-09-10
"788","y351rf8zgv","MOOSPMv3Parser",1789048201,0,0,2,0,0,3,3,0,0,3,200,111,30967,14,13,2,14,14,22,41,14,1,22,24,46,43,8.188,277,1,36.198818,-120.104462,83.425003,11,600,58,3,"e00fce686dc2ef0a68fa40b0",2026-09-10 13:50:02.524,2026-09-10 13:50:02.85,2026-09-10 13:50:02.85,2026-09-10
"789","cWp0DdBmq9","MOOSPMv3Parser",1789048201,4,4,3,7,7,4,5,9,9,6,851,258,153626,41,25,9,26,26,0,0,26,1,20,21,53,52,8.43,351,1,36.433777,-119.923447,35.853001,9,600,58,3,"e00fce6876826e255108c6bd",2026-09-10 13:50:02.676,2026-09-10 13:50:02.961,2026-09-10 13:50:02.961,2026-09-10
"790","AhbtSnYvFn","MOOSPMv3Parser",1789048200,4,4,6,8,8,7,7,9,9,8,555,425,60825,63,44,7,45,45,22,52,45,1,23,24,66,60,2.476,177,1,35.963188,-119.29184,36.349998,11,600,58,3,"e00fce68d6b773b56ce8baa0",2026-09-10 13:50:02.956,2026-09-10 13:50:03.165,2026-09-10 13:50:03.165,2026-09-10
"791","Mq0nF85NnU","MOOSPMv3Parser",1789048200,7,7,3,9,9,5,6,9,9,6,1452,384,208009,49,23,3,25,25,21,61,25,1,23,24,57,56,13.539,139,2,35.949436,-119.050003,107.609001,0,600,58,3,"e00fce6808784ceaf209f949",2026-09-10 13:50:03.414,2026-09-10 13:50:03.556,2026-09-10 13:50:03.556,2026-09-10
"792","z1nkikE0Fu","MOOSPMv3Parser",1789048201,3,3,4,5,5,6,8,6,6,8,782,220,181892,40,31,4,32,33,22,38,33,1,23,24,48,47,5.576,295,3277,3e-05,-0.004183,1295.052002,7,600,58,3,"e00fce68e28dcbc9a589be10",2026-09-10 13:50:04.121,2026-09-10 13:50:04.28,2026-09-10 13:50:04.28,2026-09-10
"793","14q0hpm5Ze","MOOSPMv3Parser",1789048200,10,10,4,12,12,5,6,13,13,6,2264,518,105517,65,34,3,35,35,21,82,35,1,23,23,64,64,0.048,205,1,35.775066,-119.238533,71.511002,5,600,58,3,"e00fce68e88237db75a60608",2026-09-10 13:50:04.247,2026-09-10 13:50:04.45,2026-09-10 13:50:04.45,2026-09-10
"794","utfYmJmTrH","MOOSPMv3Parser",1789048201,2,2,2,3,3,2,2,3,3,2,593,141,278002,17,14,1,14,15,20,42,15,1,24,21,41,50,16.94,235,1,36.138935,-120.368393,167.794006,0,600,58,3,"e00fce6850cac69f647dc199",2026-09-10 13:50:04.516,2026-09-10 13:50:04.69,2026-09-10 13:50:04.69,2026-09-10
"795","6AlIrT507D","MOOSPMv3Parser",1789048201,4,4,0,7,7,0,0,8,8,0,1220,278,0,42,0,6,0,0,20,48,0,2,22,21,51,53,3.787,249,1,36.187485,-119.821999,31.52,8,600,58,3,"e00fce68e739ecbcf9e91965",2026-09-10 13:50:04.582,2026-09-10 13:50:04.761,2026-09-10 13:50:04.761,2026-09-10
"796","QurLa1IZ65","MOOSPMv3Parser",1789048800,5,5,6,8,8,8,9,9,9,9,558,428,60863,64,46,8,48,48,22,53,48,1,23,24,66,60,2.501,177,1,35.963127,-119.291771,42.152,10,600,58,3,"e00fce68d6b773b56ce8baa0",2026-09-10 14:00:02.608,2026-09-10 14:00:03.093,2026-09-10 14:00:03.093,2026-09-10
"797","MX0RE620WF","MOOSPMv3Parser",1789048801,4,4,3,6,6,5,7,8,8,8,815,248,153643,40,23,8,25,26,0,0,26,1,20,21,53,52,8.319,374,1,36.433472,-119.923286,15.669,9,600,58,3,"e00fce6876826e255108c6bd",2026-09-10 14:00:02.692,2026-09-10 14:00:03.13,2026-09-10 14:00:03.13,2026-09-10
"798","GUc5EPykag","MOOSPMv3Parser",1789048800,15,15,5,18,18,5,5,19,19,5,2777,770,66561,83,41,2,41,41,19,79,41,0,20,21,78,73,5.132,112,1,36.52335,-119.278824,75.664001,6,600,58,3,"e00fce68f12da1a0c5de6248",2026-09-10 14:00:02.821,2026-09-10 14:00:03.202,2026-09-10 14:00:03.202,2026-09-10
"799","kvEJMrCLKj","MOOSPMv3Parser",1789048801,0,0,2,0,0,2,3,0,0,3,192,105,30978,14,13,2,14,14,22,41,14,1,22,24,45,43,9.539,245,1,36.198879,-120.104439,89.879997,9,600,58,3,"e00fce686dc2ef0a68fa40b0",2026-09-10 14:00:02.843,2026-09-10 14:00:03.337,2026-09-10 14:00:03.337,2026-09-10
"800","1Jolwun4qC","MOOSPMv3Parser",1789048800,8,8,3,10,10,6,8,12,12,9,1647,435,208026,55,24,5,27,27,21,61,27,1,23,24,57,56,12.425,159,2,35.949448,-119.049957,99.565002,9,600,58,3,"e00fce6808784ceaf209f949",2026-09-10 14:00:03.418,2026-09-10 14:00:03.713,2026-09-10 14:00:03.713,2026-09-10
"801","MXbuuzXkAb","MOOSPMv3Parser",1789048801,3,3,3,4,4,5,6,5,5,6,673,188,181910,31,23,3,25,25,22,35,25,1,23,24,44,43,8.324,261,3277,3e-05,-0.004183,1295.052002,7,600,58,3,"e00fce68e28dcbc9a589be10",2026-09-10 14:00:04.231,2026-09-10 14:00:04.418,2026-09-10 14:00:04.418,2026-09-10
"802","Z4j5JVUoA5","MOOSPMv3Parser",1789048800,10,10,4,13,13,5,5,13,13,6,2412,545,105546,57,35,4,35,35,21,82,35,1,23,23,64,65,0.042,220,1,35.775055,-119.238647,60.438999,6,600,58,3,"e00fce68e88237db75a60608",2026-09-10 14:00:04.247,2026-09-10 14:00:04.43,2026-09-10 14:00:04.43,2026-09-10
"803","7lXLsVlmMV","MOOSPMv3Parser",1789048801,5,5,0,7,7,0,0,7,7,0,1304,287,0,41,0,4,0,0,20,47,0,2,22,22,50,53,4.252,249,1,36.18745,-119.821991,15.385,8,600,58,3,"e00fce68e739ecbcf9e91965",2026-09-10 14:00:04.355,2026-09-10 14:00:04.581,2026-09-10 14:00:04.581,2026-09-10
"804","9Z7Y7IYSF3","MOOSPMv3Parser",1789048801,1,1,2,2,2,2,2,3,3,2,533,124,278018,17,14,1,14,14,20,40,14,1,24,21,40,49,17.995,214,1,36.139008,-120.36837,172.035995,7,600,58,3,"e00fce6850cac69f647dc199",2026-09-10 14:00:04.726,2026-09-10 14:00:04.996,2026-09-10 14:00:04.996,2026-09-10
"805","JcsthfUUnt","MOOSPMv3Parser",1789049401,4,4,3,6,6,5,7,8,8,8,810,244,153660,38,24,6,26,26,0,0,26,1,21,21,52,52,8.285,375,1,36.433586,-119.92334,23.056999,7,600,58,3,"e00fce6876826e255108c6bd",2026-09-10 14:10:02.505,2026-09-10 14:10:02.691,2026-09-10 14:10:02.691,2026-09-10
"806","K0Nq3ht4cd","MOOSPMv3Parser",1789049400,15,15,6,19,19,6,6,19,19,6,2846,791,66599,93,44,3,44,44,20,79,44,0,20,21,76,72,5.992,120,1,36.523335,-119.278831,81.476997,7,600,58,3,"e00fce68f12da1a0c5de6248",2026-09-10 14:10:02.671,2026-09-10 14:10:02.871,2026-09-10 14:10:02.871,2026-09-10
"807","6ThD28jSGC","MOOSPMv3Parser",1789049400,5,5,6,8,8,8,9,9,9,9,564,435,60900,64,47,8,49,49,22,52,49,1,23,24,66,60,2.647,177,1,35.963127,-119.291771,42.147999,0,600,58,3,"e00fce68d6b773b56ce8baa0",2026-09-10 14:10:02.956,2026-09-10 14:10:03.174,2026-09-10 14:10:03.174,2026-09-10
"808","qxrAH5jq0r","MOOSPMv3Parser",1789049401,0,0,2,0,0,3,3,0,0,3,186,101,30988,14,13,2,14,14,22,41,14,1,23,24,44,43,10.748,214,1,36.198872,-120.104454,93.258003,9,600,58,3,"e00fce686dc2ef0a68fa40b0",2026-09-10 14:10:03.153,2026-09-10 14:10:03.337,2026-09-10 14:10:03.337,2026-09-10
"809","3EFijzeykX","MOOSPMv3Parser",1789049400,8,8,3,10,10,6,9,11,11,10,1614,427,208043,52,24,5,27,27,22,61,27,1,23,24,57,56,11.768,152,2,35.949501,-119.049919,125.291,9,600,58,3,"e00fce6808784ceaf209f949",2026-09-10 14:10:03.516,2026-09-10 14:10:03.697,2026-09-10 14:10:03.697,2026-09-10
"810","4aC0fuTJGM","MOOSPMv3Parser",1789049401,3,3,3,4,4,4,5,4,4,6,667,188,181927,27,22,2,23,23,22,34,23,1,23,24,44,44,11.483,229,3277,3e-05,-0.004183,1295.052002,7,600,58,3,"e00fce68e28dcbc9a589be10",2026-09-10 14:10:04.273,2026-09-10 14:10:04.465,2026-09-10 14:10:04.465,2026-09-10
"811","5WeHDgtFag","MOOSPMv3Parser",1789049400,11,11,5,14,14,5,6,14,14,6,2449,562,105577,69,36,4,36,36,21,82,36,1,23,23,64,64,0.048,212,1,35.775047,-119.23851,64.210999,6,600,58,3,"e00fce68e88237db75a60608",2026-09-10 14:10:04.482,2026-09-10 14:10:04.622,2026-09-10 14:10:04.622,2026-09-10
"812","YfAbenQfjk","MOOSPMv3Parser",1789049401,4,4,0,6,6,0,0,7,7,0,1196,265,0,35,0,4,0,0,20,46,0,2,22,22,50,52,4.335,231,1,36.187489,-119.822212,17.240999,9,600,58,3,"e00fce68e739ecbcf9e91965",2026-09-10 14:10:04.43,2026-09-10 14:10:04.768,2026-09-10 14:10:04.768,2026-09-10
"813","14RkiRvF2Z","MOOSPMv3Parser",1789049401,1,1,2,2,2,3,3,2,2,3,533,128,278034,18,17,1,17,17,20,41,17,1,25,22,39,50,18.239,204,1,36.138943,-120.368355,175.264999,5,600,58,3,"e00fce6850cac69f647dc199",2026-09-10 14:10:05.061,2026-09-10 14:10:05.233,2026-09-10 14:10:05.233,2026-09-10
"814","ZkwZXgS3Di","MOOSPMv3Parser",1789050000,17,17,6,20,20,6,6,21,21,6,3036,844,66640,95,46,2,47,47,20,77,47,0,22,21,71,71,9.041,121,1,36.523308,-119.278839,89.033997,6,600,58,3,"e00fce68f12da1a0c5de6248",2026-09-10 14:20:02.754,2026-09-10 14:20:02.949,2026-09-10 14:20:02.949,2026-09-10
"815","oBNbsvFE3M","MOOSPMv3Parser",1789050001,4,4,3,6,6,6,7,8,8,8,822,248,153676,40,23,6,25,26,0,0,26,1,22,22,49,53,8.271,354,1,36.433605,-119.923309,41.193001,5,600,58,3,"e00fce6876826e255108c6bd",2026-09-10 14:20:02.768,2026-09-10 14:20:02.996,2026-09-10 14:20:02.996,2026-09-10
"816","NdBlmDTGT6","MOOSPMv3Parser",1789050000,5,5,6,9,9,7,8,10,10,9,579,446,60939,64,48,7,49,49,22,52,49,1,24,24,61,59,2.875,173,1,35.963188,-119.29187,45.327,6,600,58,3,"e00fce68d6b773b56ce8baa0",2026-09-10 14:20:03,2026-09-10 14:20:03.21,2026-09-10 14:20:03.21,2026-09-10
"817","zCMarsL083","MOOSPMv3Parser",1789050000,7,7,3,9,9,4,6,9,9,6,1443,384,208059,44,21,3,22,22,22,60,22,1,23,24,56,55,12.971,145,1,35.949516,-119.049973,114.306999,9,600,58,3,"e00fce6808784ceaf209f949",2026-09-10 14:20:03.465,2026-09-10 14:20:03.698,2026-09-10 14:20:03.698,2026-09-10
"818","fN4JgbPKXe","MOOSPMv3Parser",1789050001,0,0,3,0,0,4,5,0,0,5,189,105,31002,15,19,2,20,20,22,41,21,1,23,24,43,43,10.199,202,1,36.198864,-120.104454,81.371002,7,600,58,3,"e00fce686dc2ef0a68fa40b0",2026-09-10 14:20:03.565,2026-09-10 14:20:03.75,2026-09-10 14:20:03.75,2026-09-10
"819","Dtr4iUHEF1","MOOSPMv3Parser",1789050001,3,3,4,5,5,6,8,5,5,9,701,194,181950,33,29,4,31,32,22,35,32,1,24,24,43,45,11.687,229,3277,3e-05,-0.004183,1295.052002,7,600,58,3,"e00fce68e28dcbc9a589be10",2026-09-10 14:20:04.119,2026-09-10 14:20:04.327,2026-09-10 14:20:04.327,2026-09-10
"820","LGx1CZoJYB","MOOSPMv3Parser",1789050000,11,11,5,14,14,6,7,14,14,7,2515,571,105606,68,35,4,37,37,22,82,37,1,23,23,64,64,0.907,185,1,35.775093,-119.238495,71.330002,7,600,58,3,"e00fce68e88237db75a60608",2026-09-10 14:20:04.171,2026-09-10 14:20:04.411,2026-09-10 14:20:04.411,2026-09-10
"821","x3XCxFlr4E","MOOSPMv3Parser",1789050001,4,4,0,7,7,0,0,8,8,0,1224,279,0,43,0,6,0,0,21,46,0,2,22,22,49,52,5.22,217,1,36.187527,-119.822113,34.650002,9,600,58,3,"e00fce68e739ecbcf9e91965",2026-09-10 14:20:04.434,2026-09-10 14:20:04.633,2026-09-10 14:20:04.633,2026-09-10
"822","tNf3wxsCrW","MOOSPMv3Parser",1789050001,2,2,2,2,2,2,2,2,2,3,563,131,278050,15,14,1,14,14,20,39,14,1,25,22,38,46,20.931,182,1,36.138969,-120.368423,181.630005,7,600,58,3,"e00fce6850cac69f647dc199",2026-09-10 14:20:05.386,2026-09-10 14:20:05.568,2026-09-10 14:20:05.568,2026-09-10
"823","at7CmEbab0","MOOSPMv3Parser",1789050601,4,4,4,7,7,7,10,9,9,11,876,266,153693,49,26,10,29,30,1,0,30,1,23,22,46,50,8.549,334,1,36.433674,-119.923393,30.826,6,600,58,3,"e00fce6876826e255108c6bd",2026-09-10 14:30:02.514,2026-09-10 14:30:02.825,2026-09-10 14:30:02.825,2026-09-10
"824","AQ80Tz3brE","MOOSPMv3Parser",1789050600,17,17,6,20,20,7,7,21,21,7,3099,856,66683,98,49,3,50,50,20,74,50,0,23,22,64,68,10.508,131,1,36.523308,-119.278839,89.031998,0,600,58,3,"e00fce68f12da1a0c5de6248",2026-09-10 14:30:02.651,2026-09-10 14:30:02.838,2026-09-10 14:30:02.838,2026-09-10
"825","TOFwntUIdO","MOOSPMv3Parser",1789050601,0,0,3,0,0,4,6,0,0,6,192,106,31016,16,19,3,21,21,22,41,21,1,24,24,43,43,9.486,217,1,36.198772,-120.104462,61.903999,6,600,58,3,"e00fce686dc2ef0a68fa40b0",2026-09-10 14:30:02.689,2026-09-10 14:30:02.993,2026-09-10 14:30:02.993,2026-09-10
"826","DFP4SHRFJ1","MOOSPMv3Parser",1789050600,5,5,7,10,10,8,10,11,11,10,590,457,60980,70,51,9,52,53,23,51,53,1,25,25,56,56,3.425,169,1,35.963188,-119.29187,56.269001,5,600,58,3,"e00fce68d6b773b56ce8baa0",2026-09-10 14:30:02.859,2026-09-10 14:30:03.125,2026-09-10 14:30:03.125,2026-09-10
"827","bs9PdGbSoN","MOOSPMv3Parser",1789050600,6,6,3,8,8,3,4,8,8,4,1337,354,208075,37,19,2,20,20,22,59,20,1,24,24,54,54,12.582,149,2,35.949657,-119.04995,128.162003,7,600,58,3,"e00fce6808784ceaf209f949",2026-09-10 14:30:03.366,2026-09-10 14:30:03.586,2026-09-10 14:30:03.586,2026-09-10
"828","bBPvItX3Sq","MOOSPMv3Parser",1789050601,4,4,5,6,6,7,9,7,7,10,874,247,181977,41,35,4,37,37,22,37,37,1,25,24,44,47,9.234,250,3277,3e-05,-0.004183,1295.052002,7,600,58,3,"e00fce68e28dcbc9a589be10",2026-09-10 14:30:04.122,2026-09-10 14:30:04.317,2026-09-10 14:30:04.317,2026-09-10
"829","VDxqgbU5ga","MOOSPMv3Parser",1789050600,11,11,5,15,15,7,9,15,15,9,2516,582,105638,78,40,6,41,42,22,79,42,1,24,24,61,62,1.662,182,1,35.775028,-119.238518,68.896004,7,600,58,3,"e00fce68e88237db75a60608",2026-09-10 14:30:04.252,2026-09-10 14:30:04.452,2026-09-10 14:30:04.452,2026-09-10
"830","6Tj2EYKsER","MOOSPMv3Parser",1789050601,5,5,0,7,7,0,0,8,8,0,1238,294,0,42,0,5,0,0,21,44,0,2,23,23,47,50,6.275,208,1,36.187492,-119.822006,37.252998,9,600,58,3,"e00fce68e739ecbcf9e91965",2026-09-10 14:30:04.351,2026-09-10 14:30:04.531,2026-09-10 14:30:04.531,2026-09-10
"831","5sEHKZ4WTa","MOOSPMv3Parser",1789050601,1,1,2,2,2,2,3,2,2,3,521,121,278066,15,15,1,16,16,21,40,16,1,26,22,38,48,21.889,149,1,36.138996,-120.368416,166.625,7,600,58,3,"e00fce6850cac69f647dc199",2026-09-10 14:30:04.444,2026-09-10 14:30:04.639,2026-09-10 14:30:04.639,2026-09-10
"832","QNUgTpt7BB","MOOSPMv3Parser",1789051200,5,5,6,8,8,8,9,9,9,9,586,452,61018,67,47,7,48,49,23,49,49,1,26,26,52,52,3.102,164,1,35.963245,-119.291809,42.673,7,600,58,3,"e00fce68d6b773b56ce8baa0",2026-09-10 14:40:02.772,2026-09-10 14:40:02.938,2026-09-10 14:40:02.938,2026-09-10
"833","XOHfHMMyfN","MOOSPMv3Parser",1789051200,17,17,6,22,22,7,7,22,22,7,3209,885,66727,105,50,3,50,50,21,73,50,0,24,23,62,66,12.138,134,1,36.523335,-119.278801,76.287003,8,600,58,3,"e00fce68f12da1a0c5de6248",2026-09-10 14:40:02.754,2026-09-10 14:40:02.96,2026-09-10 14:40:02.96,2026-09-10
"834","UF8XO1RmrO","MOOSPMv3Parser",1789051201,0,0,2,0,0,3,4,0,0,5,185,101,31027,15,14,2,15,16,22,40,16,1,24,24,42,43,10.86,222,1,36.198811,-120.104492,78.519997,8,600,58,3,"e00fce686dc2ef0a68fa40b0",2026-09-10 14:40:02.824,2026-09-10 14:40:02.998,2026-09-10 14:40:02.998,2026-09-10
"835","GNuEGkFGJt","MOOSPMv3Parser",1789051201,4,4,4,8,8,9,13,12,12,15,975,295,153710,56,27,14,32,33,0,0,33,1,24,23,46,50,8.527,329,1,36.433636,-119.923378,34.960999,8,600,58,3,"e00fce6876826e255108c6bd",2026-09-10 14:40:02.778,2026-09-10 14:40:03.017,2026-09-10 14:40:03.017,2026-09-10
"836","aiqbZHIyt4","MOOSPMv3Parser",1789051200,5,5,2,7,7,3,4,7,7,4,1228,322,208090,32,18,2,19,19,22,58,19,1,24,24,54,55,13.632,147,1,35.949558,-119.049988,123.249001,6,600,58,3,"e00fce6808784ceaf209f949",2026-09-10 14:40:03.405,2026-09-10 14:40:03.561,2026-09-10 14:40:03.561,2026-09-10
"837","SkY3TIAIzP","MOOSPMv3Parser",1789051201,3,3,5,6,6,9,12,6,6,13,808,223,182005,38,38,5,41,42,23,35,42,1,26,26,40,43,9.711,260,3277,3e-05,-0.004183,1295.052002,7,600,58,3,"e00fce68e28dcbc9a589be10",2026-09-10 14:40:04.192,2026-09-10 14:40:04.383,2026-09-10 14:40:04.383,2026-09-10
"838","LGe6dM5zye","MOOSPMv3Parser",1789051200,10,10,6,14,14,9,12,14,14,13,2432,551,105670,71,41,5,45,46,23,76,46,1,24,25,59,59,4.355,172,1,35.77507,-119.238503,67.510002,7,600,58,3,"e00fce68e88237db75a60608",2026-09-10 14:40:04.247,2026-09-10 14:40:04.45,2026-09-10 14:40:04.45,2026-09-10
"839","iOsRJvxWw5","MOOSPMv3Parser",1789051201,4,4,0,6,6,0,0,7,7,0,1184,278,0,37,0,3,0,0,22,42,0,2,24,24,45,47,7.891,194,1,36.1875,-119.822113,27.364,8,600,58,3,"e00fce68e739ecbcf9e91965",2026-09-10 14:40:04.43,2026-09-10 14:40:04.639,2026-09-10 14:40:04.639,2026-09-10
"840","1kXTDif0aM","MOOSPMv3Parser",1789051201,2,2,2,3,3,3,4,3,3,4,628,149,278082,21,19,2,19,19,21,40,19,1,27,23,36,47,19.537,208,1,36.13908,-120.368408,190.576004,8,600,58,3,"e00fce6850cac69f647dc199",2026-09-10 14:40:04.988,2026-09-10 14:40:05.215,2026-09-10 14:40:05.215,2026-09-10
"841","OlEHDNEQBS","MOOSPMv3Parser",1789051801,4,4,3,6,6,6,9,8,8,10,871,262,153726,43,23,7,25,26,0,0,26,1,24,24,46,50,9.142,280,1,36.433659,-119.923363,22.309,5,600,58,3,"e00fce6876826e255108c6bd",2026-09-10 14:50:02.938,2026-09-10 14:50:03.121,2026-09-10 14:50:03.121,2026-09-10
"842","bypQV3qssh","MOOSPMv3Parser",1789051800,18,18,7,22,22,7,7,23,23,7,3370,929,66773,101,53,4,53,53,21,72,53,0,24,23,63,65,12.261,139,1,36.523388,-119.278809,84.364998,8,600,58,3,"e00fce68f12da1a0c5de6248",2026-09-10 14:50:02.983,2026-09-10 14:50:03.149,2026-09-10 14:50:03.149,2026-09-10
"843","GSdHBsg9dw","MOOSPMv3Parser",1789051800,5,5,6,9,9,8,9,10,10,10,592,459,61056,71,48,7,49,50,24,49,50,1,26,27,54,52,4.289,158,1,35.963116,-119.291862,20.910999,5,600,58,3,"e00fce68d6b773b56ce8baa0",2026-09-10 14:50:03.099,2026-09-10 14:50:03.313,2026-09-10 14:50:03.313,2026-09-10
"844","t2qX0KjrMA","MOOSPMv3Parser",1789051801,0,0,2,0,0,3,4,0,0,4,184,98,31036,13,13,1,14,14,23,42,14,1,25,25,43,45,10.698,261,1,36.19886,-120.1045,79.416,7,600,58,3,"e00fce686dc2ef0a68fa40b0",2026-09-10 14:50:03.17,2026-09-10 14:50:03.414,2026-09-10 14:50:03.414,2026-09-10
"845","0HSG2epRvY","MOOSPMv3Parser",1789051801,7,7,5,10,10,12,18,11,11,20,2116,405,38013,61,30,7,37,38,23,43,38,1,25,25,46,48,2.902,291,1,36.50317,-120.325424,52.275002,11,600,58,3,"e00fce68e77e43df92405fdb",2026-09-10 14:50:03.255,2026-09-10 14:50:03.486,2026-09-10 14:50:03.486,2026-09-10
"846","PPKWndojEK","MOOSPMv3Parser",1789051800,5,5,2,7,7,3,3,7,7,4,1170,309,208106,32,17,2,18,18,23,56,18,1,25,25,51,52,14.38,141,1,35.949551,-119.049889,129.921997,8,600,58,3,"e00fce6808784ceaf209f949",2026-09-10 14:50:03.568,2026-09-10 14:50:03.789,2026-09-10 14:50:03.789,2026-09-10
"847","EG7eZOkqwA","MOOSPMv3Parser",1789051801,3,3,4,5,5,7,9,6,6,10,780,217,182027,40,30,4,32,33,24,33,33,1,27,27,39,40,11.566,238,3277,3e-05,-0.004183,1295.052002,7,600,58,3,"e00fce68e28dcbc9a589be10",2026-09-10 14:50:04.128,2026-09-10 14:50:04.291,2026-09-10 14:50:04.291,2026-09-10
"848","u4huQfheEW","MOOSPMv3Parser",1789051800,10,10,6,14,14,10,13,15,15,15,2441,560,105703,78,44,7,48,49,24,70,49,1,25,26,56,55,7.372,149,1,35.774982,-119.238525,70.352997,7,600,58,3,"e00fce68e88237db75a60608",2026-09-10 14:50:04.239,2026-09-10 14:50:04.453,2026-09-10 14:50:04.453,2026-09-10
"849","Y5dZE9TteQ","MOOSPMv3Parser",1789051801,4,4,0,6,6,0,0,7,7,0,1155,273,0,34,0,4,0,0,23,38,0,2,24,25,43,43,8.617,191,1,36.1875,-119.822113,27.365,0,600,58,3,"e00fce68e739ecbcf9e91965",2026-09-10 14:50:04.353,2026-09-10 14:50:04.541,2026-09-10 14:50:04.541,2026-09-10
"850","5qojY9Q5O9","MOOSPMv3Parser",1789051801,2,2,2,3,3,3,4,4,4,4,678,165,278098,23,19,2,19,19,23,37,19,1,29,25,33,44,16.63,230,1,36.139088,-120.368256,200.582001,6,600,58,3,"e00fce6850cac69f647dc199",2026-09-10 14:50:05.233,2026-09-10 14:50:05.46,2026-09-10 14:50:05.46,2026-09-10
"851","p0p3S97kh9","MOOSPMv3Parser",1789052400,19,19,7,23,23,7,7,24,24,7,3395,943,66819,112,53,3,53,53,22,72,53,0,24,24,64,65,12.363,131,2,36.523331,-119.278778,83.301003,7,600,58,3,"e00fce68f12da1a0c5de6248",2026-09-10 15:00:02.741,2026-09-10 15:00:03.205,2026-09-10 15:00:03.205,2026-09-10
"852","DHGB8GpRZU","MOOSPMv3Parser",1789052400,7,7,8,16,16,10,11,18,18,11,717,569,61108,92,64,12,65,65,25,48,65,1,26,28,54,50,5.055,165,1,35.96315,-119.291809,55.716999,6,600,58,3,"e00fce68d6b773b56ce8baa0",2026-09-10 15:00:03.003,2026-09-10 15:00:03.447,2026-09-10 15:00:03.447,2026-09-10
"853","Zb0eayhyMe","MOOSPMv3Parser",1789052401,4,4,4,7,7,6,8,10,10,9,908,276,153745,49,26,9,29,29,0,0,29,1,24,24,45,47,9.298,245,1,36.433609,-119.92337,27.063,6,600,58,3,"e00fce6876826e255108c6bd",2026-09-10 15:00:02.953,2026-09-10 15:00:03.46,2026-09-10 15:00:03.46,2026-09-10
"854","Dr54R1vRZN","MOOSPMv3Parser",1789052401,7,7,4,10,10,10,15,11,11,18,2225,398,38028,55,26,6,32,34,24,41,34,1,26,27,44,46,6.07,270,1,36.50317,-120.325424,52.271999,0,600,58,3,"e00fce68e77e43df92405fdb",2026-09-10 15:00:03.32,2026-09-10 15:00:03.607,2026-09-10 15:00:03.607,2026-09-10
"855","Rjo5N8tHDi","MOOSPMv3Parser",1789052400,5,5,2,7,7,3,3,7,7,4,1190,315,208122,35,18,2,19,19,23,55,19,1,26,26,50,51,16.142,127,2,35.94949,-119.049934,116.653,7,600,58,3,"e00fce6808784ceaf209f949",2026-09-10 15:00:03.355,2026-09-10 15:00:03.663,2026-09-10 15:00:03.663,2026-09-10
"856","JEzciu9j4p","MOOSPMv3Parser",1789052401,0,0,2,0,0,2,3,0,0,3,190,104,31044,13,11,2,12,12,23,40,12,1,26,25,41,43,9.873,256,1,36.198811,-120.104408,78.777,7,600,58,3,"e00fce686dc2ef0a68fa40b0",2026-09-10 15:00:03.42,2026-09-10 15:00:03.751,2026-09-10 15:00:03.751,2026-09-10
"857","CxwdHHfJ03","MOOSPMv3Parser",1789052401,4,4,4,6,6,6,7,7,7,8,965,267,182052,39,31,3,33,33,25,37,33,1,27,29,45,44,9.007,264,3277,3e-05,-0.004183,1295.052002,7,600,58,3,"e00fce68e28dcbc9a589be10",2026-09-10 15:00:04.12,2026-09-10 15:00:04.378,2026-09-10 15:00:04.378,2026-09-10
"858","goG9tgJ40Y","MOOSPMv3Parser",1789052400,10,10,6,15,15,11,15,15,15,17,2505,568,105734,79,44,7,49,50,24,66,50,1,26,27,54,53,8.943,142,1,35.774982,-119.238525,70.353996,0,600,58,3,"e00fce68e88237db75a60608",2026-09-10 15:00:04.184,2026-09-10 15:00:04.422,2026-09-10 15:00:04.422,2026-09-10
"859","BVOO4B2Rz7","MOOSPMv3Parser",1789052401,4,4,0,6,6,0,0,7,7,0,1107,261,0,38,0,5,0,0,24,36,0,2,25,27,41,41,10.128,178,1,36.187481,-119.822121,19.112,7,600,58,3,"e00fce68e739ecbcf9e91965",2026-09-10 15:00:04.354,2026-09-10 15:00:04.544,2026-09-10 15:00:04.544,2026-09-10
"860","1rh9Ux4HL1","MOOSPMv3Parser",1789052401,2,2,3,3,3,4,5,4,4,5,684,162,278114,24,20,2,21,21,24,35,21,1,30,27,32,42,19.202,212,1,36.139126,-120.36834,193.352005,9,600,58,3,"e00fce6850cac69f647dc199",2026-09-10 15:00:05.383,2026-09-10 15:00:05.597,2026-09-10 15:00:05.597,2026-09-10
"861","JFH4Oaxsc6","MOOSPMv3Parser",1789053001,0,0,2,0,0,3,3,0,0,4,189,102,31055,13,14,1,15,15,23,41,15,1,26,26,41,44,12.245,235,1,36.198879,-120.104477,59.446999,8,600,58,3,"e00fce686dc2ef0a68fa40b0",2026-09-10 15:10:02.455,2026-09-10 15:10:02.646,2026-09-10 15:10:02.646,2026-09-10
"862","XfTRlFdQqe","MOOSPMv3Parser",1789053001,4,4,4,8,8,8,12,11,11,14,944,286,153762,55,27,12,31,32,0,0,32,1,25,25,44,46,10.009,173,1,36.433578,-119.923355,26.122999,7,600,58,3,"e00fce6876826e255108c6bd",2026-09-10 15:10:02.835,2026-09-10 15:10:03.128,2026-09-10 15:10:03.128,2026-09-10
"863","3UB2eJptTs","MOOSPMv3Parser",1789053000,7,7,9,17,17,10,11,19,19,12,709,562,61162,93,67,12,68,68,26,46,69,1,27,29,51,47,5.939,164,1,35.963139,-119.291855,49.638,6,600,58,3,"e00fce68d6b773b56ce8baa0",2026-09-10 15:10:03.158,2026-09-10 15:10:03.398,2026-09-10 15:10:03.398,2026-09-10
"864","jS2pKtuFRL","MOOSPMv3Parser",1789053000,6,6,2,7,7,3,4,7,7,4,1263,331,208138,33,18,2,18,19,24,55,19,1,27,26,52,54,16.433,120,2,35.949497,-119.049973,110.880997,8,600,58,3,"e00fce6808784ceaf209f949",2026-09-10 15:10:03.404,2026-09-10 15:10:03.562,2026-09-10 15:10:03.562,2026-09-10
"865","vSG8I8cuYo","MOOSPMv3Parser",1789053001,4,4,3,6,6,4,4,6,6,4,911,251,182071,37,23,3,24,24,26,35,24,1,28,30,43,41,9.873,260,3277,3e-05,-0.004183,1295.052002,7,600,58,3,"e00fce68e28dcbc9a589be10",2026-09-10 15:10:04.129,2026-09-10 15:10:04.257,2026-09-10 15:10:04.257,2026-09-10
"866","mjpfOdojLg","MOOSPMv3Parser",1789053000,10,10,5,13,13,7,9,14,14,10,2325,524,105763,71,36,6,39,39,25,63,39,1,27,28,54,52,12.397,127,1,35.775055,-119.238518,66.515999,9,600,58,3,"e00fce68e88237db75a60608",2026-09-10 15:10:04.254,2026-09-10 15:10:04.427,2026-09-10 15:10:04.427,2026-09-10
"867","bnGAAR0YLI","MOOSPMv3Parser",1789053001,3,3,4,5,5,6,8,5,5,9,777,189,278133,35,28,4,30,31,25,31,31,1,32,28,29,37,16.683,231,1,36.139019,-120.368378,174.067993,7,600,58,3,"e00fce6850cac69f647dc199",2026-09-10 15:10:04.446,2026-09-10 15:10:04.61,2026-09-10 15:10:04.61,2026-09-10
"868","PlLQpsKMBK","MOOSPMv3Parser",1789053001,4,4,0,6,6,0,0,7,7,0,1106,264,0,37,0,4,0,0,25,34,0,2,26,28,40,39,12.021,170,1,36.187561,-119.822006,39.976002,8,600,58,3,"e00fce68e739ecbcf9e91965",2026-09-10 15:10:04.582,2026-09-10 15:10:04.732,2026-09-10 15:10:04.732,2026-09-10
"869","j9t623iXpz","MOOSPMv3Parser",1789053000,18,18,6,22,22,7,7,23,23,7,3395,932,66863,100,50,3,50,50,22,71,50,0,25,24,62,63,12.827,123,2,36.523273,-119.278786,77.693001,7,600,58,3,"e00fce68f12da1a0c5de6248",2026-09-10 15:10:06.888,2026-09-10 15:10:07.064,2026-09-10 15:10:07.064,2026-09-10
"870","hB0AWWC65j","MOOSPMv3Parser",1789053001,7,7,4,10,10,11,16,12,12,18,2243,417,38042,58,27,6,33,34,25,37,34,1,27,27,40,43,8.749,253,1,36.50304,-120.325386,43.376999,12,600,58,3,"e00fce68e77e43df92405fdb",2026-09-10 15:10:09.071,2026-09-10 15:10:09.222,2026-09-10 15:10:09.222,2026-09-10
"871","abYK1Nxwyu","MOOSPMv3Parser",1789053601,0,0,2,0,0,3,4,0,0,4,222,130,31067,17,15,2,16,16,24,40,16,1,28,26,38,42,14.191,173,1,36.198879,-120.104477,59.448002,0,600,58,3,"e00fce686dc2ef0a68fa40b0",2026-09-10 15:20:02.368,2026-09-10 15:20:02.589,2026-09-10 15:20:02.589,2026-09-10
"872","YbDu6idtcb","MOOSPMv3Parser",1789053601,4,4,4,7,7,8,12,11,11,14,905,275,153778,50,27,11,31,32,1,0,32,1,26,25,42,47,10.807,102,1,36.433578,-119.923355,26.125,0,600,58,3,"e00fce6876826e255108c6bd",2026-09-10 15:20:02.829,2026-09-10 15:20:03.08,2026-09-10 15:20:03.08,2026-09-10
"873","DTsrw8awkg","MOOSPMv3Parser",1789053600,18,18,6,22,22,6,6,23,23,6,3404,941,66905,102,48,3,48,48,22,69,48,0,25,25,61,61,14.729,99,2,36.523357,-119.278725,85.299004,7,600,58,3,"e00fce68f12da1a0c5de6248",2026-09-10 15:20:02.717,2026-09-10 15:20:03.092,2026-09-10 15:20:03.092,2026-09-10
"874","aWGNhSLnbd","MOOSPMv3Parser",1789053600,1,1,4,4,4,5,6,5,5,7,402,290,61187,42,31,5,32,33,26,40,33,1,28,29,40,39,12.631,101,1,35.963142,-119.29187,49.188,7,600,58,3,"e00fce68d6b773b56ce8baa0",2026-09-10 15:20:02.932,2026-09-10 15:20:03.117,2026-09-10 15:20:03.117,2026-09-10
"875","w6h5tUskWf","MOOSPMv3Parser",1789053600,21,17,17,33,25,18,18,35,28,19,4011,1113,208251,202,131,16,132,132,25,53,132,1,28,27,46,50,14.799,145,2,35.949593,-119.049866,124.974998,8,600,58,3,"e00fce6808784ceaf209f949",2026-09-10 15:20:03.398,2026-09-10 15:20:03.573,2026-09-10 15:20:03.573,2026-09-10
"876","IlhOAaFk0C","MOOSPMv3Parser",1789053601,3,3,2,4,4,3,3,4,4,3,678,188,182087,26,18,1,19,19,27,32,19,1,29,31,39,38,13.916,217,3277,3e-05,-0.004183,1295.052002,7,600,58,3,"e00fce68e28dcbc9a589be10",2026-09-10 15:20:04.218,2026-09-10 15:20:04.394,2026-09-10 15:20:04.394,2026-09-10
"877","KSEoquML0j","MOOSPMv3Parser",1789053600,9,9,4,12,12,6,7,12,12,7,2290,505,105791,57,33,4,35,35,26,58,35,1,28,29,49,48,12.861,131,1,35.775162,-119.238419,99.033997,8,600,58,3,"e00fce68e88237db75a60608",2026-09-10 15:20:04.201,2026-09-10 15:20:04.419,2026-09-10 15:20:04.419,2026-09-10
"878","CXBqsyAjlT","MOOSPMv3Parser",1789053601,4,4,0,6,6,0,0,6,6,0,1108,260,0,33,0,2,0,0,26,30,0,2,27,29,37,36,14.757,144,2,36.187538,-119.822128,24.034,8,600,58,3,"e00fce68e739ecbcf9e91965",2026-09-10 15:20:04.439,2026-09-10 15:20:04.586,2026-09-10 15:20:04.586,2026-09-10
"879","iql0jTOiGo","MOOSPMv3Parser",1789053601,3,3,4,5,5,6,8,6,6,9,793,195,278150,35,28,4,30,30,26,27,30,1,33,30,26,34,20.606,192,1,36.139076,-120.368439,172.759003,7,600,58,3,"e00fce6850cac69f647dc199",2026-09-10 15:20:04.754,2026-09-10 15:20:04.943,2026-09-10 15:20:04.943,2026-09-10
"880","Q8UcQcCqbS","MOOSPMv3Parser",1789054200,19,19,6,23,23,7,7,24,24,7,3418,948,66948,108,50,4,50,50,23,69,50,0,26,25,60,61,15.762,95,2,36.523346,-119.278824,99.362999,7,600,58,3,"e00fce68f12da1a0c5de6248",2026-09-10 15:30:02.879,2026-09-10 15:30:03.063,2026-09-10 15:30:03.063,2026-09-10
"881","HbyoD6dnyM","MOOSPMv3Parser",1789054200,0,0,4,3,3,5,6,3,3,7,367,261,61208,38,27,4,28,28,27,39,29,1,28,30,42,40,17.294,80,1,35.963272,-119.291885,42.787998,7,600,58,3,"e00fce68d6b773b56ce8baa0",2026-09-10 15:30:02.878,2026-09-10 15:30:03.098,2026-09-10 15:30:03.098,2026-09-10
"882","F1TCkbj831","MOOSPMv3Parser",1789054201,4,4,4,8,8,10,14,12,12,16,970,295,153795,55,28,14,33,34,0,0,35,1,28,26,37,43,10.847,87,1,36.433628,-119.923325,19.014,6,600,58,3,"e00fce6876826e255108c6bd",2026-09-10 15:30:02.909,2026-09-10 15:30:03.172,2026-09-10 15:30:03.172,2026-09-10
"883","5HEg2F8BHG","MOOSPMv3Parser",1789054201,0,0,2,0,0,3,4,0,0,4,231,138,31080,18,17,2,18,18,24,38,18,1,29,27,35,40,15.762,130,1,36.198849,-120.104393,78.967003,7,600,58,3,"e00fce686dc2ef0a68fa40b0",2026-09-10 15:30:03.086,2026-09-10 15:30:03.264,2026-09-10 15:30:03.264,2026-09-10
"884","11GYw1bRbm","MOOSPMv3Parser",1789054200,6,6,3,8,8,3,4,8,8,4,1390,363,208269,42,22,3,22,22,26,49,22,1,29,29,44,46,18.241,112,2,35.949581,-119.049927,105.918999,7,600,58,3,"e00fce6808784ceaf209f949",2026-09-10 15:30:03.572,2026-09-10 15:30:03.765,2026-09-10 15:30:03.765,2026-09-10
"885","0DCquXKCSl","MOOSPMv3Parser",1789054200,10,10,5,13,13,6,7,14,14,7,2451,551,105821,67,36,4,37,37,27,53,37,1,28,30,47,45,13.096,135,2,35.77507,-119.23848,63.695,7,600,58,3,"e00fce68e88237db75a60608",2026-09-10 15:30:04.197,2026-09-10 15:30:04.341,2026-09-10 15:30:04.341,2026-09-10
"886","cvtgELoGyU","MOOSPMv3Parser",1789054201,4,4,0,6,6,0,0,6,6,0,1108,262,0,31,0,2,0,0,27,28,0,2,28,30,36,35,16.695,130,3,36.187531,-119.822006,42.012001,7,600,58,3,"e00fce68e739ecbcf9e91965",2026-09-10 15:30:04.354,2026-09-10 15:30:04.531,2026-09-10 15:30:04.531,2026-09-10
"887","sqlozBKZJD","MOOSPMv3Parser",1789054201,3,3,2,4,4,3,3,4,4,3,696,194,182104,27,19,2,20,20,28,28,20,1,30,32,37,34,17.94,177,3277,3e-05,-0.004183,1295.052002,7,600,58,3,"e00fce68e28dcbc9a589be10",2026-09-10 15:30:04.352,2026-09-10 15:30:04.553,2026-09-10 15:30:04.553,2026-09-10
"888","L929tBVRYF","MOOSPMv3Parser",1789054201,2,2,3,4,4,5,6,4,4,7,733,172,278166,27,22,3,24,24,28,24,24,1,35,32,25,31,25.53,142,1,36.139046,-120.368431,130.992004,6,600,58,3,"e00fce6850cac69f647dc199",2026-09-10 15:30:05.17,2026-09-10 15:30:05.321,2026-09-10 15:30:05.321,2026-09-10
"889","gcZfoJTPzK","MOOSPMv3Parser",1789054801,5,5,5,9,9,9,12,12,12,13,1099,334,153817,55,32,11,36,37,0,0,37,1,29,27,35,40,11.513,52,1,36.433537,-119.923309,40.057999,6,600,58,3,"e00fce6876826e255108c6bd",2026-09-10 15:40:02.831,2026-09-10 15:40:03.022,2026-09-10 15:40:03.022,2026-09-10
"890","KhSsmhmz4e","MOOSPMv3Parser",1789054800,18,18,6,22,22,6,6,22,22,6,3294,907,66989,100,46,3,46,46,23,66,46,0,26,26,56,58,18.096,95,3,36.523426,-119.278824,101.313004,7,600,58,3,"e00fce68f12da1a0c5de6248",2026-09-10 15:40:03.014,2026-09-10 15:40:03.173,2026-09-10 15:40:03.173,2026-09-10
"891","0uohyginn7","MOOSPMv3Parser",1789054801,0,0,2,0,0,3,4,0,0,4,220,128,31091,17,15,2,16,16,25,37,16,1,30,28,33,38,19.173,83,1,36.198788,-120.104385,68.649002,7,600,58,3,"e00fce686dc2ef0a68fa40b0",2026-09-10 15:40:03.41,2026-09-10 15:40:03.555,2026-09-10 15:40:03.555,2026-09-10
"892","IFO3VLLBwK","MOOSPMv3Parser",1789054800,10,10,7,14,14,8,8,15,15,9,2054,558,208314,83,52,6,53,53,27,46,53,1,30,31,42,42,18.171,132,2,35.949581,-119.049927,105.918999,0,600,58,3,"e00fce6808784ceaf209f949",2026-09-10 15:40:03.404,2026-09-10 15:40:03.62,2026-09-10 15:40:03.62,2026-09-10
"893","0qbdg9RitS","MOOSPMv3Parser",1789054801,3,3,3,4,4,3,4,4,4,4,691,190,182121,27,20,2,20,20,29,26,20,1,31,34,33,31,18.128,176,3277,3e-05,-0.004183,1295.052002,7,600,58,3,"e00fce68e28dcbc9a589be10",2026-09-10 15:40:04.207,2026-09-10 15:40:04.421,2026-09-10 15:40:04.421,2026-09-10
"894","M1BUE48kNI","MOOSPMv3Parser",1789054800,11,11,5,13,13,6,7,14,14,8,2564,574,105851,66,37,3,38,38,28,50,38,1,29,31,45,43,12.677,143,2,35.775021,-119.238525,78.329002,6,600,58,3,"e00fce68e88237db75a60608",2026-09-10 15:40:04.256,2026-09-10 15:40:04.443,2026-09-10 15:40:04.443,2026-09-10
"895","a4Msmdg46w","MOOSPMv3Parser",1789054801,3,3,0,5,5,0,0,5,5,0,984,231,0,29,0,2,0,0,28,26,0,2,30,32,33,33,17.983,118,3,36.18745,-119.821999,21.351,8,600,58,3,"e00fce68e739ecbcf9e91965",2026-09-10 15:40:04.509,2026-09-10 15:40:04.666,2026-09-10 15:40:04.666,2026-09-10
"896","iP4DKI8lAo","MOOSPMv3Parser",1789054801,2,2,2,3,3,3,4,4,4,4,671,155,278182,21,16,2,17,17,29,21,17,1,36,33,22,28,30.31,98,1,36.139046,-120.368431,130.990997,0,600,58,3,"e00fce6850cac69f647dc199",2026-09-10 15:40:05.606,2026-09-10 15:40:05.795,2026-09-10 15:40:05.795,2026-09-10
"897","lyfkGyPhfF","MOOSPMv3Parser",1789055401,1,1,5,4,4,7,8,5,5,9,415,304,61358,46,33,6,35,36,28,39,36,1,29,31,44,41,16.659,92,2,35.963142,-119.291794,29.535,5,599,58,3,"e00fce68d6b773b56ce8baa0",2026-09-10 15:50:02.039,2026-09-10 15:50:02.214,2026-09-10 15:50:02.214,2026-09-10
"898","Yid1Bb8MDj","MOOSPMv3Parser",1789055401,0,0,1,0,0,2,2,0,0,2,223,127,31098,14,9,1,9,9,26,34,9,1,31,29,30,35,25.785,47,1,36.198875,-120.104439,79.508003,7,600,58,3,"e00fce686dc2ef0a68fa40b0",2026-09-10 15:50:02.674,2026-09-10 15:50:02.874,2026-09-10 15:50:02.874,2026-09-10
"899","oLrG3bg2Ec","MOOSPMv3Parser",1789055400,19,19,6,23,23,7,7,24,24,7,3518,971,67032,111,50,3,50,50,24,67,50,0,27,26,56,59,17.942,120,3,36.523315,-119.278847,86.714996,6,600,58,3,"e00fce68f12da1a0c5de6248",2026-09-10 15:50:02.764,2026-09-10 15:50:03.046,2026-09-10 15:50:03.046,2026-09-10
"900","F9kXpoOcfW","MOOSPMv3Parser",1789055401,4,4,3,7,7,5,6,8,8,7,933,281,153836,39,25,6,26,26,0,0,27,1,30,29,32,36,13.263,50,3,36.433529,-119.92337,23.511,10,600,58,3,"e00fce6876826e255108c6bd",2026-09-10 15:50:03.021,2026-09-10 15:50:03.197,2026-09-10 15:50:03.197,2026-09-10
"901","wcNxayMAJK","MOOSPMv3Parser",1789055400,13,13,8,19,19,9,9,20,20,9,2645,721,208370,110,65,8,65,65,28,43,65,0,31,32,44,42,19.012,126,2,35.949589,-119.049934,112.151001,6,600,58,3,"e00fce6808784ceaf209f949",2026-09-10 15:50:03.374,2026-09-10 15:50:03.509,2026-09-10 15:50:03.509,2026-09-10
"902","EC7eUXmS0R","MOOSPMv3Parser",1789055401,2,2,2,3,3,2,3,4,4,3,613,168,182135,22,17,2,17,17,30,22,17,1,32,35,29,28,23.423,136,3277,3e-05,-0.004183,1295.052002,7,600,58,3,"e00fce68e28dcbc9a589be10",2026-09-10 15:50:04.266,2026-09-10 15:50:04.427,2026-09-10 15:50:04.427,2026-09-10
"903","RrnP6Su8dq","MOOSPMv3Parser",1789055400,11,11,5,14,14,7,8,15,15,8,2640,591,105884,69,40,5,41,41,29,46,42,1,30,32,44,41,13.782,145,1,35.775055,-119.238487,71.015999,7,600,58,3,"e00fce68e88237db75a60608",2026-09-10 15:50:04.331,2026-09-10 15:50:04.515,2026-09-10 15:50:04.515,2026-09-10
"904","ZGNWrVF67q","MOOSPMv3Parser",1789055401,3,3,0,5,5,0,0,5,5,0,1021,236,0,37,0,3,0,0,29,23,0,2,31,33,31,31,20.749,90,4,36.187523,-119.822037,29.474001,7,600,58,3,"e00fce68e739ecbcf9e91965",2026-09-10 15:50:04.439,2026-09-10 15:50:04.621,2026-09-10 15:50:04.621,2026-09-10
"905","6EPtWNmYDC","MOOSPMv3Parser",1789055401,2,2,3,3,3,4,4,4,4,5,663,156,278198,23,19,2,20,20,30,19,20,1,37,34,21,27,31.95,88,2,36.13913,-120.36853,131.013,6,600,58,3,"e00fce6850cac69f647dc199",2026-09-10 15:50:04.699,2026-09-10 15:50:04.861,2026-09-10 15:50:04.861,2026-09-10
"906","W3eE8GK9Rm","MOOSPMv3Parser",1789056001,3,3,9,8,8,20,29,12,12,33,494,374,61293,79,61,16,72,74,28,39,75,1,29,32,43,40,17.3,99,3,35.963142,-119.291794,29.540001,0,600,58,3,"e00fce68d6b773b56ce8baa0",2026-09-10 16:00:01.568,2026-09-10 16:00:01.855,2026-09-10 16:00:01.855,2026-09-10
"907","iN4VYhSRJr","MOOSPMv3Parser",1789056001,0,0,1,0,0,1,2,0,0,2,223,129,31106,14,9,1,10,10,27,32,10,1,32,31,30,32,27.317,31,2,36.198853,-120.104492,67.871002,5,600,58,3,"e00fce686dc2ef0a68fa40b0",2026-09-10 16:00:02.364,2026-09-10 16:00:02.672,2026-09-10 16:00:02.672,2026-09-10
"908","eD9ptoVsfJ","MOOSPMv3Parser",1789056000,28,24,10,36,33,10,10,37,37,10,5104,1423,67101,178,78,5,78,78,24,64,78,0,27,27,54,56,14.45,147,4,36.523174,-119.278831,92.249001,6,600,58,3,"e00fce68f12da1a0c5de6248",2026-09-10 16:00:02.753,2026-09-10 16:00:03.262,2026-09-10 16:00:03.262,2026-09-10
"909","1ZeK6MtWd9","MOOSPMv3Parser",1789056001,8,8,5,11,11,6,7,14,14,7,1526,460,153871,64,40,9,41,41,0,0,41,1,30,30,32,36,14.448,50,5,36.433647,-119.923355,26.364,9,600,58,3,"e00fce6876826e255108c6bd",2026-09-10 16:00:02.948,2026-09-10 16:00:03.61,2026-09-10 16:00:03.61,2026-09-10
"910","HxEUThlPYU","MOOSPMv3Parser",1789056000,10,10,6,14,14,7,7,15,15,7,2160,576,208411,79,47,5,48,48,29,40,48,0,31,33,44,40,19.533,132,2,35.949596,-119.049911,136.440002,5,600,58,3,"e00fce6808784ceaf209f949",2026-09-10 16:00:03.424,2026-09-10 16:00:03.866,2026-09-10 16:00:03.866,2026-09-10
"911","2iky4IYjRh","MOOSPMv3Parser",1789056000,11,11,5,14,14,6,7,14,14,8,2592,572,105913,70,35,5,37,37,29,40,37,1,31,33,39,37,17.13,130,2,35.775055,-119.23848,74.898003,6,600,58,3,"e00fce68e88237db75a60608",2026-09-10 16:00:04.184,2026-09-10 16:00:04.452,2026-09-10 16:00:04.452,2026-09-10
"912","o7lu9oA42u","MOOSPMv3Parser",1789056001,2,2,2,3,3,2,2,3,3,2,649,177,182149,22,15,1,15,15,31,19,15,1,33,36,26,26,29.082,92,3277,3e-05,-0.004183,1295.052002,7,600,58,3,"e00fce68e28dcbc9a589be10",2026-09-10 16:00:04.191,2026-09-10 16:00:04.494,2026-09-10 16:00:04.494,2026-09-10
"913","tesOFnTD42","MOOSPMv3Parser",1789056001,2,2,0,5,5,0,0,5,5,0,949,215,0,36,0,6,0,0,30,20,0,2,31,34,28,28,23.679,64,5,36.187508,-119.822021,31.068001,7,600,58,3,"e00fce68e739ecbcf9e91965",2026-09-10 16:00:04.585,2026-09-10 16:00:04.767,2026-09-10 16:00:04.767,2026-09-10
"914","yFFU2xHjZo","MOOSPMv3Parser",1789056001,2,2,2,3,3,3,4,3,3,4,651,152,278214,20,17,1,18,18,31,17,18,1,38,36,20,26,36.831,67,2,36.139011,-120.368439,163.945007,8,600,58,3,"e00fce6850cac69f647dc199",2026-09-10 16:00:04.817,2026-09-10 16:00:04.981,2026-09-10 16:00:04.981,2026-09-10
"915","mB30J3FiAv","MOOSPMv3Parser",1789056601,3,3,10,9,9,24,35,12,12,40,512,393,61332,84,65,18,79,82,29,38,83,1,30,32,43,40,18.216,100,3,35.963139,-119.291779,43.717999,10,600,58,3,"e00fce68d6b773b56ce8baa0",2026-09-10 16:10:01.804,2026-09-10 16:10:02.014,2026-09-10 16:10:02.014,2026-09-10
"916","6QvUC4QPwl","MOOSPMv3Parser",1789056601,0,0,1,0,0,1,1,0,0,1,228,130,31113,12,8,1,9,9,28,31,9,1,33,32,29,30,30.425,31,2,36.198807,-120.104401,72.920998,7,600,58,3,"e00fce686dc2ef0a68fa40b0",2026-09-10 16:10:02.322,2026-09-10 16:10:02.528,2026-09-10 16:10:02.528,2026-09-10
"917","mzYyCTqiY7","MOOSPMv3Parser",1789056600,27,24,10,35,32,10,10,36,36,10,4854,1349,67166,176,74,7,75,75,25,62,75,0,28,27,53,54,15.801,131,4,36.523247,-119.278763,96.625,3,600,58,3,"e00fce68f12da1a0c5de6248",2026-09-10 16:10:02.698,2026-09-10 16:10:02.925,2026-09-10 16:10:02.925,2026-09-10
"918","4QMqdhrcSN","MOOSPMv3Parser",1789056601,8,8,5,12,12,7,8,14,14,8,1514,458,153905,67,42,11,43,43,0,0,43,1,30,31,32,34,14.969,50,6,36.433533,-119.923325,23.163,7,600,58,3,"e00fce6876826e255108c6bd",2026-09-10 16:10:02.822,2026-09-10 16:10:03.072,2026-09-10 16:10:03.072,2026-09-10
"919","pVOHkAGQv8","MOOSPMv3Parser",1789056600,7,7,3,10,10,4,5,10,10,5,1561,417,208431,49,26,3,26,26,30,36,26,1,32,35,42,37,19.069,150,1,35.949577,-119.049942,113.723,7,600,58,3,"e00fce6808784ceaf209f949",2026-09-10 16:10:03.392,2026-09-10 16:10:03.55,2026-09-10 16:10:03.55,2026-09-10
"920","FbbEoT8XA3","MOOSPMv3Parser",1789056601,2,2,2,3,3,2,2,3,3,2,626,174,182161,19,14,1,14,14,32,17,14,0,34,37,25,24,35.031,57,3277,3e-05,-0.004183,1295.052002,7,600,58,3,"e00fce68e28dcbc9a589be10",2026-09-10 16:10:04.219,2026-09-10 16:10:04.412,2026-09-10 16:10:04.412,2026-09-10
"921","p9JEjpkffd","MOOSPMv3Parser",1789056600,10,10,4,13,13,6,6,13,13,7,2446,524,105940,66,33,5,34,34,30,36,34,1,32,34,37,35,21.103,97,2,35.774963,-119.238503,82.197998,5,600,58,3,"e00fce68e88237db75a60608",2026-09-10 16:10:04.44,2026-09-10 16:10:04.594,2026-09-10 16:10:04.594,2026-09-10
"922","pRX9AmSB3h","MOOSPMv3Parser",1789056601,2,2,0,4,4,0,0,4,4,0,911,207,0,28,0,2,0,0,30,18,0,2,32,35,27,27,26.27,51,5,36.187508,-119.822121,29.650999,5,600,58,3,"e00fce68e739ecbcf9e91965",2026-09-10 16:10:04.67,2026-09-10 16:10:04.826,2026-09-10 16:10:04.826,2026-09-10
"923","gQ33OgCmYI","MOOSPMv3Parser",1789056601,2,2,2,3,3,3,4,3,3,4,649,147,278230,21,17,1,18,18,32,17,18,1,39,37,20,26,34.587,88,2,36.139015,-120.368454,167.069,8,600,58,3,"e00fce6850cac69f647dc199",2026-09-10 16:10:05.139,2026-09-10 16:10:05.366,2026-09-10 16:10:05.366,2026-09-10
"924","HHhBZzEldf","MOOSPMv3Parser",1789057201,3,3,10,10,10,25,37,13,13,43,498,384,61369,88,66,18,82,85,30,36,85,1,31,33,40,37,19.838,90,3,35.963123,-119.291878,53.027,7,600,58,3,"e00fce68d6b773b56ce8baa0",2026-09-10 16:20:02.042,2026-09-10 16:20:02.201,2026-09-10 16:20:02.201,2026-09-10
"925","xpiNgZUPtC","MOOSPMv3Parser",1789057200,24,22,9,31,30,9,9,32,32,9,4417,1227,67226,156,69,5,70,70,25,59,70,0,28,28,50,52,16.207,129,4,36.523369,-119.278824,85.607002,5,600,58,3,"e00fce68f12da1a0c5de6248",2026-09-10 16:20:02.759,2026-09-10 16:20:02.991,2026-09-10 16:20:02.991,2026-09-10
"926","YpBcf6ksmz","MOOSPMv3Parser",1789057201,7,7,5,10,10,7,9,12,12,10,1303,397,153935,60,37,8,39,39,0,0,40,1,31,31,32,34,15.433,51,6,36.43359,-119.923332,17.406,6,600,58,3,"e00fce6876826e255108c6bd",2026-09-10 16:20:02.845,2026-09-10 16:20:03.077,2026-09-10 16:20:03.077,2026-09-10
"927","WKmb7nJELi","MOOSPMv3Parser",1789057200,9,9,4,12,12,5,6,12,12,7,1804,478,208458,61,32,5,33,34,31,34,34,1,32,35,38,35,20.007,139,1,35.949554,-119.049934,112.288002,7,600,58,3,"e00fce6808784ceaf209f949",2026-09-10 16:20:03.341,2026-09-10 16:20:03.532,2026-09-10 16:20:03.532,2026-09-10
"928","EdfudHKZ03","MOOSPMv3Parser",1789057201,0,0,1,0,0,1,1,0,0,1,223,127,31120,12,8,1,8,8,30,30,8,1,33,34,27,28,28.956,37,2,36.198853,-120.104408,72.254997,8,600,58,3,"e00fce686dc2ef0a68fa40b0",2026-09-10 16:20:03.552,2026-09-10 16:20:03.713,2026-09-10 16:20:03.713,2026-09-10
"929","mTCHK55NCZ","MOOSPMv3Parser",1789057201,2,2,2,2,2,2,2,2,2,2,645,177,182173,19,14,1,14,14,32,16,14,0,34,38,24,23,37.135,47,3277,3e-05,-0.004183,1295.052002,7,600,58,3,"e00fce68e28dcbc9a589be10",2026-09-10 16:20:04.201,2026-09-10 16:20:04.389,2026-09-10 16:20:04.389,2026-09-10
"930","BBJoa7PIRo","MOOSPMv3Parser",1789057200,8,8,4,10,10,5,6,11,11,6,2129,445,105963,54,28,4,29,29,31,34,29,1,32,35,36,34,25.13,73,2,35.775028,-119.238541,58.021,7,600,58,3,"e00fce68e88237db75a60608",2026-09-10 16:20:04.327,2026-09-10 16:20:04.512,2026-09-10 16:20:04.512,2026-09-10
"931","JA7Z58VN0o","MOOSPMv3Parser",1789057201,2,2,0,4,4,0,0,4,4,0,927,206,0,30,0,2,0,0,32,16,0,2,33,37,26,25,27.531,47,5,36.187458,-119.822197,22.59,6,600,58,3,"e00fce68e739ecbcf9e91965",2026-09-10 16:20:04.429,2026-09-10 16:20:04.617,2026-09-10 16:20:04.617,2026-09-10
"932","0Q9JXwZ1d6","MOOSPMv3Parser",1789057201,2,2,2,3,3,2,3,3,3,3,645,142,278245,16,13,2,14,14,33,15,14,1,40,38,19,24,37.756,91,1,36.139046,-120.368378,176.686996,8,600,58,3,"e00fce6850cac69f647dc199",2026-09-10 16:20:05.554,2026-09-10 16:20:05.724,2026-09-10 16:20:05.724,2026-09-10
"933","mU5TeHSxZl","MOOSPMv3Parser",1789057201,5,5,2,6,6,3,3,7,7,3,1563,300,38144,31,19,3,19,19,30,24,19,1,32,34,31,31,32.233,140,1,36.503075,-120.325378,51.999001,5,600,58,3,"e00fce68e77e43df92405fdb",2026-09-10 16:20:06.212,2026-09-10 16:20:06.407,2026-09-10 16:20:06.407,2026-09-10
"934","CK7dA8BQEU","MOOSPMv3Parser",1789057801,2,2,5,5,5,11,15,6,6,18,442,327,61394,54,37,8,43,44,31,33,44,1,32,34,34,32,20.768,76,3,35.963108,-119.291801,54.592999,8,600,58,3,"e00fce68d6b773b56ce8baa0",2026-09-10 16:30:01.733,2026-09-10 16:30:01.914,2026-09-10 16:30:01.914,2026-09-10
"935","9oujsCi9Kr","MOOSPMv3Parser",1789057801,0,0,1,0,0,1,1,0,0,1,226,130,31126,13,8,1,8,8,31,29,9,0,33,35,28,28,30.846,32,2,36.198803,-120.104462,79.199997,7,600,58,3,"e00fce686dc2ef0a68fa40b0",2026-09-10 16:30:02.51,2026-09-10 16:30:02.721,2026-09-10 16:30:02.721,2026-09-10
"936","yIRM8q0XCU","MOOSPMv3Parser",1789057800,19,19,7,25,24,8,8,25,25,8,3560,984,67277,123,58,4,58,58,26,54,58,0,29,29,46,48,18.215,113,4,36.523296,-119.278786,92.574997,5,600,58,3,"e00fce68f12da1a0c5de6248",2026-09-10 16:30:02.926,2026-09-10 16:30:03.114,2026-09-10 16:30:03.114,2026-09-10
"937","EjYH4ZYe91","MOOSPMv3Parser",1789057801,6,6,5,10,10,8,10,12,12,11,1276,386,153965,62,38,11,41,41,1,0,41,1,31,32,32,34,15.681,51,6,36.433739,-119.923309,33.530998,7,600,58,3,"e00fce6876826e255108c6bd",2026-09-10 16:30:03.107,2026-09-10 16:30:03.271,2026-09-10 16:30:03.271,2026-09-10
"938","JYmV2ztAl7","MOOSPMv3Parser",1789057800,7,7,3,9,9,4,4,10,10,5,1566,408,208474,45,20,3,21,21,31,33,21,1,32,36,38,34,21.157,127,1,35.949402,-119.04998,100.185997,9,600,58,3,"e00fce6808784ceaf209f949",2026-09-10 16:30:03.36,2026-09-10 16:30:03.547,2026-09-10 16:30:03.547,2026-09-10
"939","Tb0AGy3rjQ","MOOSPMv3Parser",1789057801,5,5,3,7,7,5,7,7,7,7,1828,316,38158,33,19,3,21,22,30,26,22,1,32,34,33,34,35.202,118,1,36.503105,-120.325432,46.237999,6,600,58,3,"e00fce68e77e43df92405fdb",2026-09-10 16:30:03.75,2026-09-10 16:30:03.929,2026-09-10 16:30:03.929,2026-09-10
"940","kDMIOACEXU","MOOSPMv3Parser",1789057800,8,8,4,10,10,5,6,11,11,6,2110,441,105987,50,29,3,31,31,31,33,31,1,32,36,36,33,25.526,71,2,35.775082,-119.23851,68.07,8,600,58,3,"e00fce68e88237db75a60608",2026-09-10 16:30:04.204,2026-09-10 16:30:04.388,2026-09-10 16:30:04.388,2026-09-10
"941","ZyVBWQAsBn","MOOSPMv3Parser",1789057801,2,2,2,3,3,2,2,3,3,2,684,184,182185,19,14,1,14,14,33,14,14,0,35,39,24,22,38.549,46,3277,3e-05,-0.004183,1295.052002,7,600,58,3,"e00fce68e28dcbc9a589be10",2026-09-10 16:30:04.37,2026-09-10 16:30:04.532,2026-09-10 16:30:04.532,2026-09-10
"942","dOAkRqKdEe","MOOSPMv3Parser",1789057801,1,1,2,1,1,2,2,2,2,2,574,124,278261,16,12,1,13,13,34,13,13,1,41,39,18,22,40.145,77,1,36.138973,-120.368309,178.401993,7,600,58,3,"e00fce6850cac69f647dc199",2026-09-10 16:30:04.447,2026-09-10 16:30:04.643,2026-09-10 16:30:04.643,2026-09-10
"943","IGxeRkOnAW","MOOSPMv3Parser",1789057801,2,2,0,4,4,0,0,4,4,0,947,212,0,31,0,3,0,0,32,14,0,2,34,38,24,22,28.398,51,4,36.187527,-119.822044,31.226,7,600,58,3,"e00fce68e739ecbcf9e91965",2026-09-10 16:30:04.66,2026-09-10 16:30:04.826,2026-09-10 16:30:04.826,2026-09-10
"944","lhkRWN5sp9","MOOSPMv3Parser",1789058401,1,1,3,2,2,4,5,2,2,6,343,239,61411,32,22,4,23,24,31,32,24,1,32,35,34,31,24.799,51,3,35.963112,-119.291779,63.039001,6,600,58,3,"e00fce68d6b773b56ce8baa0",2026-09-10 16:40:01.968,2026-09-10 16:40:02.137,2026-09-10 16:40:02.137,2026-09-10
"945","Z7hpEvhDgM","MOOSPMv3Parser",1789058401,0,0,1,0,0,1,1,0,0,1,221,126,31133,12,8,1,8,8,32,27,8,0,34,36,27,26,30.657,48,2,36.198814,-120.104393,71.586998,8,600,58,3,"e00fce686dc2ef0a68fa40b0",2026-09-10 16:40:02.419,2026-09-10 16:40:02.664,2026-09-10 16:40:02.664,2026-09-10
"946","jIBmWUNc4V","MOOSPMv3Parser",1789058400,15,15,6,19,19,6,6,20,20,6,2855,780,67316,92,45,3,45,45,26,52,45,0,30,30,44,47,22.474,87,5,36.523369,-119.278748,66.869003,4,600,58,3,"e00fce68f12da1a0c5de6248",2026-09-10 16:40:02.902,2026-09-10 16:40:03.128,2026-09-10 16:40:03.128,2026-09-10
"947","WzzWzkpL16","MOOSPMv3Parser",1789058401,5,5,5,9,9,7,9,11,11,10,1129,343,153992,58,35,10,37,38,0,0,38,1,32,33,29,31,16.066,51,6,36.433628,-119.923355,20.143999,8,600,58,3,"e00fce6876826e255108c6bd",2026-09-10 16:40:03.054,2026-09-10 16:40:03.259,2026-09-10 16:40:03.259,2026-09-10
"948","amZUR84qmU","MOOSPMv3Parser",1789058400,8,8,3,10,10,4,5,10,10,5,1630,430,208494,46,24,3,25,26,32,28,26,1,33,37,36,31,22.605,113,1,35.949627,-119.049973,117.556999,9,600,58,3,"e00fce6808784ceaf209f949",2026-09-10 16:40:03.416,2026-09-10 16:40:03.591,2026-09-10 16:40:03.591,2026-09-10
"949","SNehZfCILX","MOOSPMv3Parser",1789058401,2,2,2,3,3,2,2,3,3,2,702,191,182198,20,15,1,15,15,34,14,15,0,35,40,23,22,38.592,50,3277,3e-05,-0.004183,1295.052002,7,600,58,3,"e00fce68e28dcbc9a589be10",2026-09-10 16:40:04.177,2026-09-10 16:40:04.353,2026-09-10 16:40:04.353,2026-09-10
"950","dl6N0maSJw","MOOSPMv3Parser",1789058400,8,8,3,10,10,4,5,10,10,5,2152,445,106009,50,26,3,27,27,32,32,27,1,33,36,37,34,27.69,67,2,35.775105,-119.238548,81.869003,6,600,58,3,"e00fce68e88237db75a60608",2026-09-10 16:40:04.525,2026-09-10 16:40:04.725,2026-09-10 16:40:04.725,2026-09-10
"951","Va64LDoYLh","MOOSPMv3Parser",1789058401,3,3,0,5,5,0,0,5,5,0,1022,231,0,32,0,3,0,0,33,13,0,2,34,38,24,23,29.653,46,3,36.187527,-119.822044,31.228001,0,600,58,3,"e00fce68e739ecbcf9e91965",2026-09-10 16:40:04.68,2026-09-10 16:40:04.843,2026-09-10 16:40:04.843,2026-09-10
"952","iZWkfg4A54","MOOSPMv3Parser",1789058401,1,1,2,2,2,2,2,2,2,3,629,135,278275,16,12,1,13,13,34,13,13,1,41,40,18,22,41.238,88,1,36.139019,-120.368408,170.869995,6,600,58,3,"e00fce6850cac69f647dc199",2026-09-10 16:40:04.768,2026-09-10 16:40:04.901,2026-09-10 16:40:04.901,2026-09-10
"953","I6SxnX0qUM","MOOSPMv3Parser",1789058401,5,5,2,6,6,4,6,7,7,6,1659,289,38169,35,16,2,18,18,31,23,18,1,33,35,29,30,35.209,129,1,36.503063,-120.325378,47.181999,8,600,58,3,"e00fce68e77e43df92405fdb",2026-09-10 16:40:07.422,2026-09-10 16:40:07.637,2026-09-10 16:40:07.637,2026-09-10
"954","zuvE2p9ExC","MOOSPMv3Parser",1789059001,0,0,2,1,1,3,3,1,1,3,301,200,61424,23,17,2,17,17,32,27,17,1,33,36,27,26,29.592,28,3,35.963173,-119.291779,11.992,7,600,58,3,"e00fce68d6b773b56ce8baa0",2026-09-10 16:50:01.563,2026-09-10 16:50:01.746,2026-09-10 16:50:01.746,2026-09-10
"955","ae27ARH392","MOOSPMv3Parser",1789059001,4,4,4,7,7,6,9,9,9,10,875,265,154010,45,26,11,28,29,0,0,29,1,32,34,30,31,17.321,52,6,36.433651,-119.923355,22.479,9,600,58,3,"e00fce6876826e255108c6bd",2026-09-10 16:50:02.853,2026-09-10 16:50:03.006,2026-09-10 16:50:03.006,2026-09-10
"956","sJDlHGNNHy","MOOSPMv3Parser",1789059000,15,15,6,18,18,6,6,19,19,6,2852,786,67355,85,44,3,45,45,27,50,45,0,31,31,43,44,23.573,83,7,36.523331,-119.278809,82.240997,5,600,58,3,"e00fce68f12da1a0c5de6248",2026-09-10 16:50:02.839,2026-09-10 16:50:03.027,2026-09-10 16:50:03.027,2026-09-10
"957","Ei7fWAMYrE","MOOSPMv3Parser",1789059001,0,0,1,0,0,2,2,0,0,2,224,130,31142,13,11,1,11,11,32,27,11,1,34,37,27,25,33.468,50,2,36.198826,-120.104416,83.091003,8,600,58,3,"e00fce686dc2ef0a68fa40b0",2026-09-10 16:50:03.144,2026-09-10 16:50:03.35,2026-09-10 16:50:03.35,2026-09-10
"958","bD7BfsD7hk","MOOSPMv3Parser",1789059000,8,8,3,10,10,4,5,10,10,5,1633,424,208513,47,23,3,24,25,33,28,25,1,33,38,39,32,24.949,99,1,35.949486,-119.050003,104.917999,7,600,58,3,"e00fce6808784ceaf209f949",2026-09-10 16:50:03.385,2026-09-10 16:50:03.546,2026-09-10 16:50:03.546,2026-09-10
"959","GH2RXUaF0W","MOOSPMv3Parser",1789059001,5,5,2,6,6,4,5,6,6,6,1634,288,38180,28,16,2,17,18,31,23,18,1,33,36,31,30,36.094,120,1,36.503143,-120.325378,58.276001,9,600,58,3,"e00fce68e77e43df92405fdb",2026-09-10 16:50:03.775,2026-09-10 16:50:04.032,2026-09-10 16:50:04.032,2026-09-10
"960","QicnaASRA9","MOOSPMv3Parser",1789059001,2,2,2,3,3,2,2,3,3,2,694,189,182210,22,14,1,14,14,35,13,14,0,36,41,23,21,39.106,56,3277,3e-05,-0.004183,1295.052002,7,600,58,3,"e00fce68e28dcbc9a589be10",2026-09-10 16:50:04.11,2026-09-10 16:50:04.259,2026-09-10 16:50:04.259,2026-09-10
"961","PDM9422Xor","MOOSPMv3Parser",1789059000,6,6,3,8,8,4,4,8,8,4,1878,371,106028,39,23,2,23,24,33,27,24,1,33,37,32,30,31.808,47,2,35.775105,-119.238548,81.872002,0,600,58,3,"e00fce68e88237db75a60608",2026-09-10 16:50:04.337,2026-09-10 16:50:04.492,2026-09-10 16:50:04.492,2026-09-10
"962","HqcWl8o2vy","MOOSPMv3Parser",1789059001,3,3,0,5,5,0,0,6,6,0,1127,257,0,36,0,3,0,0,34,12,0,2,34,39,23,22,29.786,56,2,36.187531,-119.822166,20.356001,6,600,58,3,"e00fce68e739ecbcf9e91965",2026-09-10 16:50:04.732,2026-09-10 16:50:04.934,2026-09-10 16:50:04.934,2026-09-10
"963","Vk2Zq46C83","MOOSPMv3Parser",1789059001,1,1,2,2,2,2,2,2,2,2,686,142,278289,18,12,1,12,12,35,12,12,1,41,40,19,22,42.461,94,1,36.139008,-120.368362,155.218002,6,600,58,3,"e00fce6850cac69f647dc199",2026-09-10 16:50:05.15,2026-09-10 16:50:05.445,2026-09-10 16:50:05.445,2026-09-10
"964","rKMk9kGEBF","MOOSPMv3Parser",1789059601,0,0,1,0,0,1,2,0,0,2,224,127,31149,13,9,1,9,10,33,26,10,1,35,38,24,24,33.148,65,1,36.198772,-120.104492,86.445,7,600,58,3,"e00fce686dc2ef0a68fa40b0",2026-09-10 17:00:02.125,2026-09-10 17:00:02.306,2026-09-10 17:00:02.306,2026-09-10
"965","xsSUKyh1DI","MOOSPMv3Parser",1789059601,0,0,2,1,1,2,2,1,1,2,301,203,61438,25,16,3,16,16,33,27,16,0,34,38,28,26,31.314,16,3,35.963268,-119.291779,31.052999,5,600,58,3,"e00fce68d6b773b56ce8baa0",2026-09-10 17:00:02.099,2026-09-10 17:00:02.38,2026-09-10 17:00:02.38,2026-09-10
"966","JEx7L97BZs","MOOSPMv3Parser",1789059600,15,15,5,19,19,6,6,20,20,6,2904,792,67391,88,41,4,41,41,28,46,41,0,31,33,42,41,24.544,92,8,36.523327,-119.278847,84.345001,7,600,58,3,"e00fce68f12da1a0c5de6248",2026-09-10 17:00:02.826,2026-09-10 17:00:03.212,2026-09-10 17:00:03.212,2026-09-10
"967","O3ShIxW5nP","MOOSPMv3Parser",1789059601,4,4,3,6,6,6,8,8,8,8,856,262,154027,42,24,4,26,27,0,0,27,1,33,34,29,30,17.787,52,6,36.43364,-119.923325,19.212999,10,600,58,3,"e00fce6876826e255108c6bd",2026-09-10 17:00:02.912,2026-09-10 17:00:03.322,2026-09-10 17:00:03.322,2026-09-10
"968","TZLHha23eA","MOOSPMv3Parser",1789059600,8,8,3,10,10,4,4,10,10,5,1663,431,208529,51,21,2,22,22,33,23,22,1,34,39,33,29,25.25,109,1,35.949547,-119.049965,113.211998,7,600,58,3,"e00fce6808784ceaf209f949",2026-09-10 17:00:03.337,2026-09-10 17:00:03.616,2026-09-10 17:00:03.616,2026-09-10
"969","CsC7v2WMJ7","MOOSPMv3Parser",1789059601,2,2,2,3,3,2,2,3,3,2,670,181,182221,21,14,1,14,14,36,12,14,0,37,42,22,19,40.344,48,3277,3e-05,-0.004183,1295.052002,7,600,58,3,"e00fce68e28dcbc9a589be10",2026-09-10 17:00:04.265,2026-09-10 17:00:04.523,2026-09-10 17:00:04.523,2026-09-10
"970","SYucogio9g","MOOSPMv3Parser",1789059600,6,6,3,8,8,4,4,8,8,4,1929,367,106047,37,23,2,23,24,33,24,24,1,34,39,30,28,33.238,42,2,35.775013,-119.238533,63.120998,7,600,58,3,"e00fce68e88237db75a60608",2026-09-10 17:00:04.271,2026-09-10 17:00:04.614,2026-09-10 17:00:04.614,2026-09-10
"971","mAM4DmaIma","MOOSPMv3Parser",1789059601,3,3,0,4,4,0,0,5,5,0,1040,226,0,29,0,3,0,0,34,11,0,2,35,39,23,21,31.292,42,1,36.18763,-119.822151,19.811001,7,600,58,3,"e00fce68e739ecbcf9e91965",2026-09-10 17:00:04.438,2026-09-10 17:00:04.687,2026-09-10 17:00:04.687,2026-09-10
"972","WBXHSU66Mm","MOOSPMv3Parser",1789059601,1,1,2,2,2,2,2,2,2,2,693,148,278304,21,12,1,12,12,36,12,12,1,41,41,18,22,44.482,94,1,36.139038,-120.36837,186.322006,6,600,58,3,"e00fce6850cac69f647dc199",2026-09-10 17:00:05.398,2026-09-10 17:00:05.586,2026-09-10 17:00:05.586,2026-09-10
"973","FSN196vUWO","MOOSPMv3Parser",1789059601,5,5,2,6,6,3,3,6,6,4,1662,285,38190,28,13,1,13,14,32,21,14,1,34,36,29,29,36.826,128,1,36.503124,-120.325363,51.505001,6,600,58,3,"e00fce68e77e43df92405fdb",2026-09-10 17:00:06.033,2026-09-10 17:00:06.248,2026-09-10 17:00:06.248,2026-09-10
"974","MG8Y3Oj1NO","MOOSPMv3Parser",1789060201,0,0,2,1,1,2,3,1,1,3,312,210,61451,26,16,3,16,16,34,26,16,0,34,38,27,25,30.949,29,3,35.963234,-119.291885,32.504002,8,600,58,3,"e00fce68d6b773b56ce8baa0",2026-09-10 17:10:01.728,2026-09-10 17:10:01.925,2026-09-10 17:10:01.925,2026-09-10
"975","cu0PmS3XIW","MOOSPMv3Parser",1789060200,14,14,5,17,17,5,5,17,17,5,2652,730,67423,75,37,2,37,37,30,44,37,0,32,34,42,40,27.455,89,7,36.52338,-119.278809,76.93,7,600,58,3,"e00fce68f12da1a0c5de6248",2026-09-10 17:10:02.842,2026-09-10 17:10:03.018,2026-09-10 17:10:03.018,2026-09-10
"976","IynnFpDzz4","MOOSPMv3Parser",1789060201,0,0,1,0,0,1,1,0,0,2,226,128,31156,13,9,1,9,9,34,25,9,1,35,39,24,23,33.037,53,1,36.198772,-120.104492,86.446999,0,600,58,3,"e00fce686dc2ef0a68fa40b0",2026-09-10 17:10:02.677,2026-09-10 17:10:03.021,2026-09-10 17:10:03.021,2026-09-10
"977","EOoCAowYlA","MOOSPMv3Parser",1789060201,3,3,3,5,5,4,6,7,7,6,809,243,154043,32,21,4,22,23,0,0,23,1,33,34,28,30,18.157,52,6,36.43364,-119.923325,19.209999,0,600,58,3,"e00fce6876826e255108c6bd",2026-09-10 17:10:03.16,2026-09-10 17:10:03.432,2026-09-10 17:10:03.432,2026-09-10
"978","ZjfWCbBJNl","MOOSPMv3Parser",1789060200,9,9,3,11,11,4,5,11,11,6,1838,474,208550,52,26,3,27,27,34,24,27,1,34,39,33,30,27.148,106,1,35.949638,-119.049889,114.166,7,600,58,3,"e00fce6808784ceaf209f949",2026-09-10 17:10:03.396,2026-09-10 17:10:03.564,2026-09-10 17:10:03.564,2026-09-10
"979","MlsDb2eL4g","MOOSPMv3Parser",1789060201,2,2,2,3,3,2,2,3,3,2,753,198,182235,22,16,1,16,16,36,11,16,0,36,43,21,18,41.523,49,3277,3e-05,-0.004183,1295.052002,7,600,58,3,"e00fce68e28dcbc9a589be10",2026-09-10 17:10:04.265,2026-09-10 17:10:04.481,2026-09-10 17:10:04.481,2026-09-10
"980","sOJNtZd1GD","MOOSPMv3Parser",1789060200,7,7,3,8,8,3,3,9,9,4,2018,379,106065,38,21,2,21,21,34,22,21,1,35,39,29,26,35.341,44,1,35.775024,-119.238533,67.071999,7,600,58,3,"e00fce68e88237db75a60608",2026-09-10 17:10:04.486,2026-09-10 17:10:04.668,2026-09-10 17:10:04.668,2026-09-10
"981","QWyp4V9Ym2","MOOSPMv3Parser",1789060201,1,1,1,2,2,2,2,2,2,2,649,135,278317,19,11,1,11,11,36,11,11,1,42,41,18,21,45.531,98,1,36.139042,-120.36834,174.218002,7,600,58,3,"e00fce6850cac69f647dc199",2026-09-10 17:10:04.499,2026-09-10 17:10:04.701,2026-09-10 17:10:04.701,2026-09-10
"982","vXYLs3R9kY","MOOSPMv3Parser",1789060201,3,3,0,4,4,0,0,4,4,0,1059,231,0,28,0,2,0,0,35,10,0,2,35,40,23,21,32.034,43,1,36.187653,-119.822189,9.778,6,600,58,3,"e00fce68e739ecbcf9e91965",2026-09-10 17:10:04.669,2026-09-10 17:10:04.833,2026-09-10 17:10:04.833,2026-09-10
"983","752Q9m0YaW","MOOSPMv3Parser",1789060201,4,4,2,5,5,3,4,6,6,4,1630,266,38202,25,15,2,16,16,32,20,16,1,34,37,29,29,40.991,93,1,36.503098,-120.325333,50.485001,8,600,58,3,"e00fce68e77e43df92405fdb",2026-09-10 17:10:07.649,2026-09-10 17:10:07.803,2026-09-10 17:10:07.803,2026-09-10
"984","BzKrya9ex0","MOOSPMv3Parser",1789060800,13,13,4,16,16,5,5,16,16,5,2523,682,67451,70,33,2,33,33,30,40,33,0,33,35,38,37,28.908,90,7,36.523365,-119.27874,70.815002,7,600,58,3,"e00fce68f12da1a0c5de6248",2026-09-10 17:20:02.735,2026-09-10 17:20:02.973,2026-09-10 17:20:02.973,2026-09-10
"985","YetI4dNbF8","MOOSPMv3Parser",1789060801,4,4,3,6,6,5,7,8,8,7,932,282,154062,36,24,5,26,26,0,0,26,1,34,35,29,31,18.66,53,6,36.433571,-119.923378,30.771,8,600,58,3,"e00fce6876826e255108c6bd",2026-09-10 17:20:02.915,2026-09-10 17:20:03.113,2026-09-10 17:20:03.113,2026-09-10
"986","Qe7QprACn2","MOOSPMv3Parser",1789060801,0,0,1,0,0,1,1,0,0,1,219,122,31163,11,8,1,9,9,34,24,9,1,36,40,24,21,36.133,43,1,36.198742,-120.104431,66.897003,7,600,58,3,"e00fce686dc2ef0a68fa40b0",2026-09-10 17:20:03.023,2026-09-10 17:20:03.234,2026-09-10 17:20:03.234,2026-09-10
"987","mzZyLb11lD","MOOSPMv3Parser",1789060800,8,8,3,10,10,4,5,10,10,5,1692,436,208568,46,23,3,23,24,34,22,24,1,35,40,32,27,26.41,118,1,35.949638,-119.049889,114.161003,0,600,58,3,"e00fce6808784ceaf209f949",2026-09-10 17:20:03.419,2026-09-10 17:20:03.629,2026-09-10 17:20:03.629,2026-09-10
"988","b8Ak37J1Ne","MOOSPMv3Parser",1789060801,4,4,2,5,5,3,3,5,5,4,1582,246,38211,24,12,1,13,13,33,16,13,1,35,38,24,25,43.834,76,1,36.503082,-120.325417,40.688999,9,600,58,3,"e00fce68e77e43df92405fdb",2026-09-10 17:20:03.501,2026-09-10 17:20:03.679,2026-09-10 17:20:03.679,2026-09-10
"989","4Y17xaqy64","MOOSPMv3Parser",1789060801,2,2,2,3,3,2,2,3,3,2,719,188,182245,19,13,1,13,13,36,11,13,0,37,43,21,18,40.941,49,3277,3e-05,-0.004183,1295.052002,7,600,58,3,"e00fce68e28dcbc9a589be10",2026-09-10 17:20:04.265,2026-09-10 17:20:04.428,2026-09-10 17:20:04.428,2026-09-10
"990","YftlUACdW4","MOOSPMv3Parser",1789060800,6,6,3,8,8,3,4,8,8,4,1901,340,106083,36,21,2,22,22,35,19,22,1,35,40,26,24,35.181,43,1,35.775032,-119.238525,56.910999,7,600,58,3,"e00fce68e88237db75a60608",2026-09-10 17:20:04.276,2026-09-10 17:20:04.435,2026-09-10 17:20:04.435,2026-09-10
"991","gHKB04hLFM","MOOSPMv3Parser",1789060801,3,3,0,4,4,0,0,4,4,0,1067,222,0,28,0,1,0,0,35,10,0,2,35,40,22,21,32.644,48,1,36.187557,-119.821991,18.139999,6,600,58,3,"e00fce68e739ecbcf9e91965",2026-09-10 17:20:04.591,2026-09-10 17:20:04.755,2026-09-10 17:20:04.755,2026-09-10
"992","aU8dkuqdl2","MOOSPMv3Parser",1789060801,1,1,1,2,2,2,2,2,2,2,718,148,278331,16,11,1,11,11,37,10,11,0,42,42,17,20,46.197,103,1,36.138996,-120.368324,196.488007,6,600,58,3,"e00fce6850cac69f647dc199",2026-09-10 17:20:04.674,2026-09-10 17:20:04.841,2026-09-10 17:20:04.841,2026-09-10
"993","SSpWmtY9jY","MOOSPMv3Parser",1789060801,0,0,2,1,1,3,3,1,1,3,312,214,61465,27,18,3,18,18,34,24,18,0,34,39,24,23,31.64,28,3,35.963146,-119.291847,46.793999,8,600,58,3,"e00fce68d6b773b56ce8baa0",2026-09-10 17:20:07.657,2026-09-10 17:20:07.879,2026-09-10 17:20:07.879,2026-09-10
"994","UqY8MC9Z0U","MOOSPMv3Parser",1789061400,11,11,4,13,13,4,4,14,14,4,2156,579,67475,55,27,2,28,28,31,36,28,0,33,36,37,34,31.26,79,7,36.523411,-119.278862,92.810997,5,600,58,3,"e00fce68f12da1a0c5de6248",2026-09-10 17:30:02.929,2026-09-10 17:30:03.132,2026-09-10 17:30:03.132,2026-09-10
"995","jHtILYYlgF","MOOSPMv3Parser",1789061401,4,4,4,7,7,6,8,9,9,9,959,286,154080,46,26,6,29,29,0,0,30,1,34,35,28,29,19.02,53,6,36.433552,-119.923409,13.835,8,600,58,3,"e00fce6876826e255108c6bd",2026-09-10 17:30:02.934,2026-09-10 17:30:03.197,2026-09-10 17:30:03.197,2026-09-10
"996","davCjAbCno","MOOSPMv3Parser",1789061401,0,0,1,0,0,1,1,0,0,1,208,113,31169,10,7,1,8,8,35,24,8,1,37,41,23,21,34.483,50,1,36.19883,-120.104378,66.349998,8,600,58,3,"e00fce686dc2ef0a68fa40b0",2026-09-10 17:30:03.083,2026-09-10 17:30:03.331,2026-09-10 17:30:03.331,2026-09-10
"997","MatzbDg5RO","MOOSPMv3Parser",1789061400,7,7,3,10,10,4,5,10,10,6,1626,416,208584,49,20,3,22,22,35,20,22,1,35,40,31,26,27.39,132,1,35.949692,-119.04995,109.583,7,600,58,3,"e00fce6808784ceaf209f949",2026-09-10 17:30:03.679,2026-09-10 17:30:03.85,2026-09-10 17:30:03.85,2026-09-10
"998","WpLfNTbGFf","MOOSPMv3Parser",1789061401,4,4,1,5,5,2,2,5,5,3,1760,241,38220,21,11,1,11,11,33,17,11,1,35,38,23,26,47.459,58,1,36.503162,-120.325348,52.938,7,600,58,3,"e00fce68e77e43df92405fdb",2026-09-10 17:30:04.143,2026-09-10 17:30:04.319,2026-09-10 17:30:04.319,2026-09-10
"999","7AN7ZTX1Jw","MOOSPMv3Parser",1789061400,5,5,3,7,7,3,4,7,7,4,1977,339,106100,34,21,2,22,22,36,17,22,1,35,41,25,22,38.369,31,1,35.775036,-119.238518,64.511002,7,600,58,3,"e00fce68e88237db75a60608",2026-09-10 17:30:04.27,2026-09-10 17:30:04.482,2026-09-10 17:30:04.482,2026-09-10
"1000","62Bahnn1Nk","MOOSPMv3Parser",1789061401,2,2,2,2,2,2,2,2,2,2,657,172,182254,17,12,1,13,13,36,10,13,0,38,43,20,18,41.695,63,3277,3e-05,-0.004183,1295.052002,7,600,58,3,"e00fce68e28dcbc9a589be10",2026-09-10 17:30:04.509,2026-09-10 17:30:04.648,2026-09-10 17:30:04.648,2026-09-10
"1001","9VAKrDNTkm","MOOSPMv3Parser",1789061401,3,3,0,4,4,0,0,5,5,0,1099,227,0,30,0,3,0,0,35,10,0,2,36,41,23,21,32.878,42,1,36.187458,-119.821968,31.812,6,600,58,3,"e00fce68e739ecbcf9e91965",2026-09-10 17:30:04.509,2026-09-10 17:30:04.729,2026-09-10 17:30:04.729,2026-09-10
"1002","3YM2C7BFjC","MOOSPMv3Parser",1789061401,1,1,2,2,2,2,2,2,2,2,748,148,278346,17,12,1,12,12,37,10,12,0,43,43,16,19,46.968,111,1,36.138996,-120.368324,196.490005,0,600,58,3,"e00fce6850cac69f647dc199",2026-09-10 17:30:05.31,2026-09-10 17:30:05.482,2026-09-10 17:30:05.482,2026-09-10
"1003","5NbKD8AwOA","MOOSPMv3Parser",1789062001,1,1,3,3,3,4,4,4,4,4,411,299,61501,40,26,4,26,26,35,24,26,1,35,40,26,23,31.933,30,3,35.963089,-119.291771,60.354,8,600,58,3,"e00fce68d6b773b56ce8baa0",2026-09-10 17:40:02.392,2026-09-10 17:40:02.575,2026-09-10 17:40:02.575,2026-09-10
"1004","3tErRetji4","MOOSPMv3Parser",1789062000,10,10,3,12,12,4,4,12,12,4,1937,523,67496,53,25,2,26,26,32,34,26,1,33,37,36,33,33.941,57,6,36.523514,-119.278793,80.651001,6,600,58,3,"e00fce68f12da1a0c5de6248",2026-09-10 17:40:02.911,2026-09-10 17:40:03.063,2026-09-10 17:40:03.063,2026-09-10
"1005","c94DjQN6PF","MOOSPMv3Parser",1789062001,5,5,4,8,8,7,10,10,10,11,1034,311,154100,51,27,9,30,31,0,0,31,1,35,36,27,29,19.93,53,6,36.433544,-119.923416,5.376,6,600,58,3,"e00fce6876826e255108c6bd",2026-09-10 17:40:02.925,2026-09-10 17:40:03.101,2026-09-10 17:40:03.101,2026-09-10
"1006","KHAt5T8O0a","MOOSPMv3Parser",1789062001,0,0,1,0,0,1,1,0,0,1,220,121,31176,11,8,1,8,8,36,23,8,0,37,41,22,20,27.407,59,1,36.198853,-120.104401,85.289001,5,600,58,3,"e00fce686dc2ef0a68fa40b0",2026-09-10 17:40:03.425,2026-09-10 17:40:03.578,2026-09-10 17:40:03.578,2026-09-10
"1007","YDeDGIHEWi","MOOSPMv3Parser",1789062000,7,7,3,10,10,4,5,10,10,5,1635,420,208601,50,21,3,22,22,35,19,22,1,35,41,30,26,28.11,117,1,35.949783,-119.049927,124.188004,8,600,58,3,"e00fce6808784ceaf209f949",2026-09-10 17:40:03.595,2026-09-10 17:40:03.784,2026-09-10 17:40:03.784,2026-09-10
"1008","Sadk5bAY6G","MOOSPMv3Parser",1789062001,3,3,1,4,4,2,2,4,4,2,1517,222,38228,18,10,1,10,10,33,14,10,1,36,38,23,23,47.035,62,1,36.503159,-120.325386,51.813,11,600,58,3,"e00fce68e77e43df92405fdb",2026-09-10 17:40:03.735,2026-09-10 17:40:03.918,2026-09-10 17:40:03.918,2026-09-10
"1009","csXAXQPMtx","MOOSPMv3Parser",1789062001,1,1,1,2,2,1,1,3,3,1,624,163,182263,18,11,1,11,11,36,10,11,0,38,43,20,18,40.879,76,3277,3e-05,-0.004183,1295.052002,7,600,58,3,"e00fce68e28dcbc9a589be10",2026-09-10 17:40:04.202,2026-09-10 17:40:04.369,2026-09-10 17:40:04.369,2026-09-10
"1010","wb3G9AwOdV","MOOSPMv3Parser",1789062000,5,5,3,7,7,4,5,7,7,5,2103,347,106118,41,22,2,23,23,36,15,23,1,36,42,24,21,37.148,34,1,35.775082,-119.23851,58.681999,7,600,58,3,"e00fce68e88237db75a60608",2026-09-10 17:40:04.351,2026-09-10 17:40:04.523,2026-09-10 17:40:04.523,2026-09-10
"1011","1jBc4W7hhg","MOOSPMv3Parser",1789062001,3,3,0,5,5,0,0,5,5,0,1154,238,0,30,0,4,0,0,36,10,0,2,36,41,22,21,32.592,45,1,36.187485,-119.822044,31.362,6,600,58,3,"e00fce68e739ecbcf9e91965",2026-09-10 17:40:04.774,2026-09-10 17:40:04.963,2026-09-10 17:40:04.963,2026-09-10
"1012","ACWCXg9k2B","MOOSPMv3Parser",1789062001,1,1,2,2,2,2,2,2,2,2,781,155,278361,19,12,1,12,12,37,10,12,0,43,43,17,20,47.424,125,1,36.139072,-120.368454,165.106995,7,600,58,3,"e00fce6850cac69f647dc199",2026-09-10 17:40:05.524,2026-09-10 17:40:05.713,2026-09-10 17:40:05.713,2026-09-10
"1013","y7qCP9UJng","MOOSPMv3Parser",1789062601,1,1,2,2,2,3,3,2,2,3,330,228,61517,28,19,3,19,19,36,24,19,0,35,40,26,23,33.016,31,2,35.963089,-119.291771,60.351002,0,600,58,3,"e00fce68d6b773b56ce8baa0",2026-09-10 17:50:01.882,2026-09-10 17:50:02.08,2026-09-10 17:50:02.08,2026-09-10
"1014","hFDcVOKn8O","MOOSPMv3Parser",1789062601,0,0,1,0,0,2,2,0,0,2,225,123,31185,12,10,1,10,10,36,23,10,1,37,41,22,20,29.773,65,1,36.198914,-120.104454,70.248001,6,600,58,3,"e00fce686dc2ef0a68fa40b0",2026-09-10 17:50:02.521,2026-09-10 17:50:02.794,2026-09-10 17:50:02.794,2026-09-10
"1015","E2Xyy8dmuJ","MOOSPMv3Parser",1789062600,10,10,4,12,12,4,4,13,13,5,2079,563,67519,54,27,1,28,28,32,35,28,1,34,37,36,34,34.803,66,6,36.523308,-119.278824,79.636002,6,600,58,3,"e00fce68f12da1a0c5de6248",2026-09-10 17:50:02.779,2026-09-10 17:50:02.99,2026-09-10 17:50:02.99,2026-09-10
"1016","LmNnH72imv","MOOSPMv3Parser",1789062601,4,4,4,6,6,7,9,9,9,11,872,261,154117,40,25,8,28,29,1,1,29,1,35,36,26,28,20.974,54,7,36.433617,-119.923302,52.070999,6,600,58,3,"e00fce6876826e255108c6bd",2026-09-10 17:50:02.946,2026-09-10 17:50:03.123,2026-09-10 17:50:03.123,2026-09-10
"1017","nTTB7SlGc6","MOOSPMv3Parser",1789062600,7,7,3,9,9,3,4,9,9,4,1557,400,208617,46,19,2,20,20,36,17,20,1,36,41,29,25,28.377,116,1,35.94952,-119.049911,120.012001,5,600,58,3,"e00fce6808784ceaf209f949",2026-09-10 17:50:03.518,2026-09-10 17:50:03.693,2026-09-10 17:50:03.693,2026-09-10
"1018","zwqVK2nU46","MOOSPMv3Parser",1789062601,3,3,1,4,4,2,2,4,4,2,1512,224,38237,21,11,1,12,12,34,15,12,1,36,38,23,24,48.532,61,1,36.503044,-120.325409,39.958,8,600,58,3,"e00fce68e77e43df92405fdb",2026-09-10 17:50:03.839,2026-09-10 17:50:03.999,2026-09-10 17:50:03.999,2026-09-10
"1019","czbbwLbQVQ","MOOSPMv3Parser",1789062601,1,1,1,2,2,1,1,2,2,1,588,155,182271,19,10,1,10,10,37,10,10,0,39,43,19,18,39.136,79,3277,3e-05,-0.004183,1295.052002,7,600,58,3,"e00fce68e28dcbc9a589be10",2026-09-10 17:50:04.276,2026-09-10 17:50:04.472,2026-09-10 17:50:04.472,2026-09-10
"1020","3qL4ZWpAMw","MOOSPMv3Parser",1789062600,5,5,3,6,6,4,4,6,6,5,1970,322,106136,35,21,1,22,22,36,15,22,1,36,41,24,22,40.219,32,1,35.775066,-119.238487,51.424999,8,600,58,3,"e00fce68e88237db75a60608",2026-09-10 17:50:04.426,2026-09-10 17:50:04.621,2026-09-10 17:50:04.621,2026-09-10
"1021","Mm8DiwJJIm","MOOSPMv3Parser",1789062601,3,3,0,4,4,0,0,4,4,0,1154,228,0,30,0,2,0,0,36,9,0,2,37,42,21,20,32.611,51,1,36.187496,-119.822021,30.459999,6,600,58,3,"e00fce68e739ecbcf9e91965",2026-09-10 17:50:04.781,2026-09-10 17:50:04.919,2026-09-10 17:50:04.919,2026-09-10
"1022","icQk4Y4IdZ","MOOSPMv3Parser",1789062601,1,1,1,2,2,2,2,2,2,2,793,161,278375,20,11,1,11,11,38,10,11,0,43,43,17,20,48.222,131,1,36.139042,-120.368446,169.615005,5,600,58,3,"e00fce6850cac69f647dc199",2026-09-10 17:50:05.646,2026-09-10 17:50:05.823,2026-09-10 17:50:05.823,2026-09-10
"1023","sHEdSSk4yk","MOOSPMv3Parser",1789063201,0,0,2,1,1,3,3,1,1,3,319,218,61531,25,17,2,17,17,36,23,17,1,35,41,24,22,32.821,31,2,35.963131,-119.29184,50.526001,8,600,58,3,"e00fce68d6b773b56ce8baa0",2026-09-10 18:00:02.271,2026-09-10 18:00:02.611,2026-09-10 18:00:02.611,2026-09-10
"1024","xs2cpDCiAF","MOOSPMv3Parser",1789063200,10,10,4,12,12,4,5,12,12,5,2016,543,67544,53,29,1,30,30,33,32,30,1,34,38,37,32,35.117,70,5,36.523312,-119.278847,76.416,7,600,58,3,"e00fce68f12da1a0c5de6248",2026-09-10 18:00:02.891,2026-09-10 18:00:03.371,2026-09-10 18:00:03.371,2026-09-10
"1025","Xcz4nAgEOP","MOOSPMv3Parser",1789063201,4,4,4,6,6,7,10,8,8,11,836,253,154134,37,25,7,28,28,0,0,29,1,35,37,25,26,22.292,54,7,36.433693,-119.923317,37.108002,8,600,58,3,"e00fce6876826e255108c6bd",2026-09-10 18:00:02.961,2026-09-10 18:00:03.408,2026-09-10 18:00:03.408,2026-09-10
"1026","IfZiB7eQI6","MOOSPMv3Parser",1789063201,0,0,1,0,0,2,2,0,0,2,211,113,31193,11,11,1,11,11,36,22,11,1,38,42,21,19,23.956,77,1,36.198921,-120.104446,94.622002,7,600,58,3,"e00fce686dc2ef0a68fa40b0",2026-09-10 18:00:02.921,2026-09-10 18:00:03.432,2026-09-10 18:00:03.432,2026-09-10
"1027","fHYj10knYp","MOOSPMv3Parser",1789063201,3,3,1,4,4,2,2,5,5,2,1549,230,38246,21,10,1,11,11,34,14,11,1,36,39,22,23,46.87,65,1,36.503044,-120.325409,39.956001,0,600,58,3,"e00fce68e77e43df92405fdb",2026-09-10 18:00:03.492,2026-09-10 18:00:03.805,2026-09-10 18:00:03.805,2026-09-10
"1028","65hLTSF0J7","MOOSPMv3Parser",1789063200,7,7,3,9,9,4,4,9,9,4,1596,406,208636,46,23,3,23,23,36,16,23,1,36,42,27,23,27.877,123,1,35.949463,-119.049973,94.997002,8,600,58,3,"e00fce6808784ceaf209f949",2026-09-10 18:00:03.482,2026-09-10 18:00:04.022,2026-09-10 18:00:04.022,2026-09-10
"1029","UW9F7879dp","MOOSPMv3Parser",1789063200,4,4,2,6,6,3,3,6,6,3,1895,297,106150,32,17,1,18,18,36,14,18,1,36,41,22,21,36.506,31,1,35.77494,-119.238525,51.797001,9,600,58,3,"e00fce68e88237db75a60608",2026-09-10 18:00:04.338,2026-09-10 18:00:04.597,2026-09-10 18:00:04.597,2026-09-10
"1030","fZf08AxzUN","MOOSPMv3Parser",1789063201,1,1,2,2,2,2,2,2,2,2,602,158,182281,16,12,1,12,12,37,10,12,0,39,44,20,18,38.926,107,3277,3e-05,-0.004183,1295.052002,7,600,58,3,"e00fce68e28dcbc9a589be10",2026-09-10 18:00:04.385,2026-09-10 18:00:04.613,2026-09-10 18:00:04.613,2026-09-10
"1031","OCjI7wpDfH","MOOSPMv3Parser",1789063201,3,3,0,5,5,0,0,5,5,0,1228,250,0,29,0,2,0,0,36,9,0,2,37,42,22,20,33.952,50,1,36.187485,-119.822052,25.497999,7,600,58,3,"e00fce68e739ecbcf9e91965",2026-09-10 18:00:04.59,2026-09-10 18:00:04.888,2026-09-10 18:00:04.888,2026-09-10
"1032","hUTSOZAwpT","MOOSPMv3Parser",1789063201,1,1,1,2,2,2,2,3,3,2,800,164,278390,20,11,1,11,11,38,9,11,0,43,44,16,20,48.918,136,1,36.138824,-120.368492,151.128006,5,600,58,3,"e00fce6850cac69f647dc199",2026-09-10 18:00:04.901,2026-09-10 18:00:05.121,2026-09-10 18:00:05.121,2026-09-10
"1033","ln3KV0k0vg","MOOSPMv3Parser",1789063801,0,0,2,1,1,3,3,1,1,4,324,221,61546,27,19,3,19,19,36,23,19,1,36,41,24,22,32.242,36,2,35.963219,-119.291931,44.173,7,600,58,3,"e00fce68d6b773b56ce8baa0",2026-09-10 18:10:01.947,2026-09-10 18:10:02.161,2026-09-10 18:10:02.161,2026-09-10
"1034","TsLOVHTFIp","MOOSPMv3Parser",1789063800,9,9,4,11,11,4,4,12,12,5,1901,508,67568,49,28,2,28,28,33,29,28,1,35,39,33,30,36.534,60,5,36.523376,-119.278809,78.695,6,600,58,3,"e00fce68f12da1a0c5de6248",2026-09-10 18:10:02.823,2026-09-10 18:10:03.018,2026-09-10 18:10:03.018,2026-09-10
"1035","arb1D3Xao4","MOOSPMv3Parser",1789063801,4,4,4,6,6,9,12,8,8,14,875,261,154150,45,25,7,30,31,0,0,31,1,36,37,24,26,23.29,54,9,36.43362,-119.923317,21.837999,7,600,58,3,"e00fce6876826e255108c6bd",2026-09-10 18:10:02.853,2026-09-10 18:10:03.082,2026-09-10 18:10:03.082,2026-09-10
"1036","xtmG3RFaeQ","MOOSPMv3Parser",1789063801,0,0,1,0,0,2,2,0,0,2,209,112,31201,10,10,1,10,10,36,22,10,1,38,42,22,20,25.965,82,1,36.198772,-120.104485,111.734001,7,600,58,3,"e00fce686dc2ef0a68fa40b0",2026-09-10 18:10:03.313,2026-09-10 18:10:03.503,2026-09-10 18:10:03.503,2026-09-10
"1037","ypVAupHwdH","MOOSPMv3Parser",1789063800,6,6,2,7,7,3,3,8,8,3,1423,352,208651,39,16,2,17,17,36,14,17,1,36,41,27,23,31.509,76,1,35.949535,-119.049965,118.297997,7,600,58,3,"e00fce6808784ceaf209f949",2026-09-10 18:10:03.548,2026-09-10 18:10:03.751,2026-09-10 18:10:03.751,2026-09-10
"1038","XvTXEcv6aG","MOOSPMv3Parser",1789063801,3,3,1,4,4,2,2,4,4,2,1460,202,38254,19,9,1,10,10,34,14,10,1,37,39,22,23,44.7,73,1,36.503048,-120.325363,37.306,11,600,58,3,"e00fce68e77e43df92405fdb",2026-09-10 18:10:03.638,2026-09-10 18:10:03.834,2026-09-10 18:10:03.834,2026-09-10
"1039","0V838beHTb","MOOSPMv3Parser",1789063801,2,2,1,2,2,1,1,2,2,1,637,167,182289,18,11,1,11,11,37,10,11,0,39,44,20,18,37.574,101,3277,3e-05,-0.004183,1295.052002,7,600,58,3,"e00fce68e28dcbc9a589be10",2026-09-10 18:10:04.269,2026-09-10 18:10:04.475,2026-09-10 18:10:04.475,2026-09-10
"1040","7hUalIlc6V","MOOSPMv3Parser",1789063800,4,4,2,5,5,2,3,5,5,3,1831,280,106164,26,16,1,16,16,36,14,16,1,37,42,22,21,35.926,36,1,35.775028,-119.238518,57.206001,5,600,58,3,"e00fce68e88237db75a60608",2026-09-10 18:10:04.349,2026-09-10 18:10:04.524,2026-09-10 18:10:04.524,2026-09-10
"1041","HMjEd4MhbP","MOOSPMv3Parser",1789063801,2,2,0,4,4,0,0,4,4,0,1088,216,0,30,0,4,0,0,36,8,0,2,37,42,21,20,33.527,45,1,36.18745,-119.822006,27.485001,7,600,58,3,"e00fce68e739ecbcf9e91965",2026-09-10 18:10:04.669,2026-09-10 18:10:04.828,2026-09-10 18:10:04.828,2026-09-10
"1042","1CozghxzZy","MOOSPMv3Parser",1789063801,1,1,1,2,2,1,1,2,2,1,760,148,278402,15,10,1,10,10,38,9,10,0,43,44,16,19,50.721,134,1,36.138901,-120.368362,172.457993,7,600,58,3,"e00fce6850cac69f647dc199",2026-09-10 18:10:05.231,2026-09-10 18:10:05.414,2026-09-10 18:10:05.414,2026-09-10
"1043","D2FbUTw0cT","MOOSPMv3Parser",1789064401,0,0,2,1,1,3,3,1,1,3,307,206,61559,26,16,3,17,17,37,22,17,1,36,41,23,22,32.62,37,2,35.9631,-119.291794,44.464001,8,600,58,3,"e00fce68d6b773b56ce8baa0",2026-09-10 18:20:02.201,2026-09-10 18:20:02.405,2026-09-10 18:20:02.405,2026-09-10
"1044","eUC2DtOsJR","MOOSPMv3Parser",1789064401,3,3,3,5,5,6,8,6,6,9,762,227,154167,33,22,4,25,26,0,0,26,1,36,37,24,27,24.268,55,10,36.433701,-119.923401,25.603001,9,600,58,3,"e00fce6876826e255108c6bd",2026-09-10 18:20:02.845,2026-09-10 18:20:03.082,2026-09-10 18:20:03.082,2026-09-10
"1045","PLBYlYoDu5","MOOSPMv3Parser",1789064400,9,9,4,12,12,4,4,12,12,5,1893,512,67592,55,28,2,29,29,34,28,29,1,35,39,32,30,37.565,53,5,36.523376,-119.278809,78.689003,0,600,58,3,"e00fce68f12da1a0c5de6248",2026-09-10 18:20:02.903,2026-09-10 18:20:03.235,2026-09-10 18:20:03.235,2026-09-10
"1046","UFUZgK2lit","MOOSPMv3Parser",1789064401,0,0,1,0,0,2,2,0,0,2,214,115,31208,12,9,1,10,10,36,22,10,1,38,42,23,20,28.189,75,1,36.198814,-120.104408,87.220001,5,600,58,3,"e00fce686dc2ef0a68fa40b0",2026-09-10 18:20:03.47,2026-09-10 18:20:03.663,2026-09-10 18:20:03.663,2026-09-10
"1047","MJ4hdV3vRw","MOOSPMv3Parser",1789064400,6,6,2,7,7,2,3,7,7,3,1340,335,208665,38,15,1,16,16,36,14,16,1,36,42,28,24,30.824,76,1,35.949585,-119.049927,126.992996,8,600,58,3,"e00fce6808784ceaf209f949",2026-09-10 18:20:03.448,2026-09-10 18:20:03.678,2026-09-10 18:20:03.678,2026-09-10
"1048","VtATibXkrG","MOOSPMv3Parser",1789064401,3,3,1,3,3,1,2,3,3,2,1404,185,38261,16,9,1,9,9,34,14,9,0,37,39,21,23,42.897,84,1,36.503162,-120.325333,32.248001,7,600,58,3,"e00fce68e77e43df92405fdb",2026-09-10 18:20:03.582,2026-09-10 18:20:03.782,2026-09-10 18:20:03.782,2026-09-10
"1049","HE2Y6RbCmJ","MOOSPMv3Parser",1789064400,4,4,2,5,5,3,3,5,5,3,1810,272,106179,27,18,2,18,18,36,14,18,1,37,42,22,21,36.232,35,1,35.775028,-119.238518,57.201,0,600,58,3,"e00fce68e88237db75a60608",2026-09-10 18:20:04.423,2026-09-10 18:20:04.59,2026-09-10 18:20:04.59,2026-09-10
"1050","C7uWm8kbfT","MOOSPMv3Parser",1789064401,1,1,2,2,2,2,2,2,2,2,649,165,182298,17,12,1,12,12,38,10,12,0,39,45,19,18,37.39,106,3277,3e-05,-0.004183,1295.052002,7,600,58,3,"e00fce68e28dcbc9a589be10",2026-09-10 18:20:04.453,2026-09-10 18:20:04.625,2026-09-10 18:20:04.625,2026-09-10
"1051","9yzH1eMxZS","MOOSPMv3Parser",1789064401,3,3,0,4,4,0,0,4,4,0,1190,237,0,26,0,2,0,0,36,8,0,2,37,42,20,19,33.936,44,1,36.187492,-119.822037,29.229,7,600,58,3,"e00fce68e739ecbcf9e91965",2026-09-10 18:20:04.541,2026-09-10 18:20:04.734,2026-09-10 18:20:04.734,2026-09-10
"1052","7pcPok1jjg","MOOSPMv3Parser",1789064401,1,1,1,2,2,1,1,2,2,1,777,149,278415,17,10,1,10,10,38,9,10,0,44,44,16,19,49.08,146,1,36.138947,-120.368423,161.102997,9,600,58,3,"e00fce6850cac69f647dc199",2026-09-10 18:20:05.472,2026-09-10 18:20:05.632,2026-09-10 18:20:05.632,2026-09-10
"1053","QJizjcbua9","MOOSPMv3Parser",1789065001,0,0,2,1,1,3,3,1,1,4,312,210,61573,26,17,3,18,18,37,21,18,1,36,41,23,21,30.009,35,2,35.962963,-119.291702,58.384998,7,600,58,3,"e00fce68d6b773b56ce8baa0",2026-09-10 18:30:01.874,2026-09-10 18:30:02.036,2026-09-10 18:30:02.036,2026-09-10
"1054","IuOghizBb7","MOOSPMv3Parser",1789065001,0,0,1,0,0,2,2,0,0,2,223,122,31216,12,10,1,10,10,37,22,10,1,38,42,22,20,27.992,79,1,36.198799,-120.104439,49.942001,6,600,58,3,"e00fce686dc2ef0a68fa40b0",2026-09-10 18:30:02.795,2026-09-10 18:30:03.013,2026-09-10 18:30:03.013,2026-09-10
"1055","rjOkztiN9E","MOOSPMv3Parser",1789065001,3,3,3,5,5,6,8,8,8,9,742,223,154183,38,22,8,25,26,1,0,26,1,37,38,24,26,24.441,55,11,36.43354,-119.923378,23.93,9,600,58,3,"e00fce6876826e255108c6bd",2026-09-10 18:30:03.144,2026-09-10 18:30:03.334,2026-09-10 18:30:03.334,2026-09-10
"1056","1sxwkvglmk","MOOSPMv3Parser",1789065000,5,5,2,6,6,2,3,7,7,3,1234,305,208677,34,15,2,15,15,37,13,15,1,37,43,29,24,32.253,79,1,35.949543,-119.049965,118.724998,6,600,58,3,"e00fce6808784ceaf209f949",2026-09-10 18:30:03.559,2026-09-10 18:30:03.752,2026-09-10 18:30:03.752,2026-09-10
"1057","SBpi42SgDp","MOOSPMv3Parser",1789065001,3,9,1,16,3,1,2,98,45,2,1478,184,38268,39,9,37,9,9,34,15,9,1,37,39,22,25,42.979,81,1,36.50312,-120.325409,55.393002,8,600,58,3,"e00fce68e77e43df92405fdb",2026-09-10 18:30:03.614,2026-09-10 18:30:03.818,2026-09-10 18:30:03.818,2026-09-10
"1058","raVgsqffuf","MOOSPMv3Parser",1789065001,1,1,1,2,2,1,1,2,2,1,558,140,182307,14,11,1,11,11,38,9,11,0,40,45,18,17,36.776,114,3277,3e-05,-0.004183,1295.052002,7,600,58,3,"e00fce68e28dcbc9a589be10",2026-09-10 18:30:04.218,2026-09-10 18:30:04.426,2026-09-10 18:30:04.426,2026-09-10
"1059","eQFGpJHmKf","MOOSPMv3Parser",1789065000,4,4,2,5,5,3,3,5,5,4,1884,272,106193,27,18,1,18,18,36,13,19,1,37,41,22,21,33.789,36,1,35.775021,-119.238525,56.806999,6,600,58,3,"e00fce68e88237db75a60608",2026-09-10 18:30:04.495,2026-09-10 18:30:04.664,2026-09-10 18:30:04.664,2026-09-10
"1060","XlseKuGuAD","MOOSPMv3Parser",1789065001,3,3,0,4,4,0,0,5,5,0,1133,233,0,32,0,3,0,0,36,9,0,2,38,42,21,20,33.058,46,1,36.187492,-119.822037,29.23,0,600,58,3,"e00fce68e739ecbcf9e91965",2026-09-10 18:30:04.927,2026-09-10 18:30:05.137,2026-09-10 18:30:05.137,2026-09-10
"1061","zYCkzcOy0R","MOOSPMv3Parser",1789065001,1,1,1,2,2,1,1,2,2,1,781,151,278428,18,11,1,11,11,39,9,11,0,44,44,15,19,50.21,154,1,36.139053,-120.368401,176.313995,7,600,58,3,"e00fce6850cac69f647dc199",2026-09-10 18:30:05.784,2026-09-10 18:30:05.943,2026-09-10 18:30:05.943,2026-09-10
"1062","mCHmKxtVHh","MOOSPMv3Parser",1789065000,8,8,3,9,9,4,4,10,10,4,1735,466,67615,44,26,2,27,27,34,23,27,0,36,40,28,26,38.748,49,4,36.523315,-119.278709,82.055,7,600,58,3,"e00fce68f12da1a0c5de6248",2026-09-10 18:30:07.296,2026-09-10 18:30:07.478,2026-09-10 18:30:07.478,2026-09-10
"1063","e0vhFKow88","MOOSPMv3Parser",1789065601,0,0,2,1,1,3,3,1,1,3,301,202,61585,25,15,3,16,16,37,22,16,1,37,41,22,21,31.029,30,2,35.963142,-119.291817,56.898998,7,600,58,3,"e00fce68d6b773b56ce8baa0",2026-09-10 18:40:02.423,2026-09-10 18:40:02.606,2026-09-10 18:40:02.606,2026-09-10
"1064","PmTHWKfVNM","MOOSPMv3Parser",1789065601,0,0,1,0,0,2,2,0,0,2,210,115,31223,10,9,1,9,9,37,22,9,1,38,43,21,20,27.175,85,1,36.198814,-120.104446,71.786003,10,600,58,3,"e00fce686dc2ef0a68fa40b0",2026-09-10 18:40:02.913,2026-09-10 18:40:03.058,2026-09-10 18:40:03.058,2026-09-10
"1065","6IhEWBkBo0","MOOSPMv3Parser",1789065601,3,3,3,5,5,5,7,6,6,8,710,214,154193,32,17,6,20,21,0,0,21,1,37,38,23,25,24.315,55,10,36.43362,-119.923386,15.354,10,600,58,3,"e00fce6876826e255108c6bd",2026-09-10 18:40:02.959,2026-09-10 18:40:03.17,2026-09-10 18:40:03.17,2026-09-10
"1066","5M55uACx8X","MOOSPMv3Parser",1789065600,8,8,4,10,10,4,4,10,10,4,1773,479,67639,50,28,2,28,28,35,23,28,0,36,40,29,26,41.517,37,4,36.523293,-119.278839,87.957001,5,600,58,3,"e00fce68f12da1a0c5de6248",2026-09-10 18:40:03.034,2026-09-10 18:40:03.229,2026-09-10 18:40:03.229,2026-09-10
"1067","8JCf55dXO1","MOOSPMv3Parser",1789065601,3,3,1,3,3,1,1,4,4,1,1472,194,38275,15,8,1,8,8,34,14,8,0,37,39,22,24,43.379,84,1,36.503143,-120.325371,54.681,8,600,58,3,"e00fce68e77e43df92405fdb",2026-09-10 18:40:03.518,2026-09-10 18:40:03.675,2026-09-10 18:40:03.675,2026-09-10
"1068","KZ8bdhz0Qs","MOOSPMv3Parser",1789065600,5,5,2,6,6,2,2,6,6,2,1162,292,208688,32,13,2,14,14,36,11,14,1,36,42,23,20,33.339,70,1,35.949501,-119.049919,111.597,6,600,58,3,"e00fce6808784ceaf209f949",2026-09-10 18:40:03.588,2026-09-10 18:40:03.732,2026-09-10 18:40:03.732,2026-09-10
"1069","GET0WrNvAR","MOOSPMv3Parser",1789065601,1,1,1,1,1,1,1,1,1,1,499,127,182315,13,10,1,10,10,38,10,10,0,40,45,19,17,36.086,103,3277,3e-05,-0.004183,1295.052002,7,600,58,3,"e00fce68e28dcbc9a589be10",2026-09-10 18:40:04.294,2026-09-10 18:40:04.458,2026-09-10 18:40:04.458,2026-09-10
"1070","iX28q8co4r","MOOSPMv3Parser",1789065600,3,3,2,4,4,2,2,4,4,2,1711,239,106204,24,13,1,13,13,36,12,13,1,37,42,21,20,32.096,39,1,35.775059,-119.238518,65.825996,6,600,58,3,"e00fce68e88237db75a60608",2026-09-10 18:40:04.426,2026-09-10 18:40:04.629,2026-09-10 18:40:04.629,2026-09-10
"1071","LS2aMXbJBM","MOOSPMv3Parser",1789065601,1,1,1,2,2,1,1,2,2,1,787,151,278441,19,11,1,11,11,39,8,11,0,45,45,14,17,50.369,152,1,36.139004,-120.368385,180.110001,8,600,58,3,"e00fce6850cac69f647dc199",2026-09-10 18:40:04.758,2026-09-10 18:40:04.903,2026-09-10 18:40:04.903,2026-09-10
"1072","0Odm9h6cLC","MOOSPMv3Parser",1789065601,3,3,0,4,4,0,0,4,4,0,1119,223,0,27,0,2,0,0,36,8,0,2,38,42,20,19,31.494,55,1,36.187496,-119.82209,22.226999,6,600,58,3,"e00fce68e739ecbcf9e91965",2026-09-10 18:40:04.736,2026-09-10 18:40:04.929,2026-09-10 18:40:04.929,2026-09-10
"1073","joCb7HiB0C","MOOSPMv3Parser",1789066201,0,0,2,1,1,2,3,1,1,3,300,198,61598,25,15,2,16,16,37,21,16,1,37,42,23,21,31.474,29,2,35.963127,-119.291794,55.300999,9,600,58,3,"e00fce68d6b773b56ce8baa0",2026-09-10 18:50:01.881,2026-09-10 18:50:02.088,2026-09-10 18:50:02.088,2026-09-10
"1074","mI0B8HORyT","MOOSPMv3Parser",1789066200,11,11,6,15,15,7,7,16,16,7,2341,640,67683,86,50,3,50,50,35,23,50,0,36,41,28,26,42.608,52,4,36.523281,-119.278831,77.509003,7,600,58,3,"e00fce68f12da1a0c5de6248",2026-09-10 18:50:02.748,2026-09-10 18:50:02.995,2026-09-10 18:50:02.995,2026-09-10
"1075","AfCfmH8FNH","MOOSPMv3Parser",1789066201,2,2,2,4,4,3,4,5,5,4,616,185,154203,24,14,3,15,15,0,0,15,1,38,39,22,24,23.171,56,9,36.433567,-119.923401,14.859,7,600,58,3,"e00fce6876826e255108c6bd",2026-09-10 18:50:02.78,2026-09-10 18:50:03.026,2026-09-10 18:50:03.026,2026-09-10
"1076","JnnamTmcnO","MOOSPMv3Parser",1789066201,0,0,1,0,0,1,2,0,0,2,215,116,31230,10,9,0,9,9,37,22,9,1,38,43,21,19,26.308,92,1,36.198822,-120.104492,75.417,11,600,58,3,"e00fce686dc2ef0a68fa40b0",2026-09-10 18:50:03.164,2026-09-10 18:50:03.32,2026-09-10 18:50:03.32,2026-09-10
"1077","IRcgNeBy9P","MOOSPMv3Parser",1789066201,3,3,1,4,4,1,1,4,4,1,1484,196,38281,17,7,1,7,7,34,13,7,0,37,39,21,23,44.775,78,1,36.503155,-120.325363,45.312,6,600,58,3,"e00fce68e77e43df92405fdb",2026-09-10 18:50:03.459,2026-09-10 18:50:03.64,2026-09-10 18:50:03.64,2026-09-10
"1078","Zz8VRhWTOH","MOOSPMv3Parser",1789066200,5,5,2,6,6,3,3,6,6,3,1187,294,208701,30,16,1,17,17,37,13,17,1,37,43,26,23,34.711,63,1,35.949596,-119.049965,111.986,7,600,58,3,"e00fce6808784ceaf209f949",2026-09-10 18:50:03.526,2026-09-10 18:50:03.727,2026-09-10 18:50:03.727,2026-09-10
"1079","N48C1rOGDb","MOOSPMv3Parser",1789066201,1,1,1,2,2,1,1,2,2,1,537,134,182324,16,11,1,11,11,39,10,11,0,40,46,19,18,35.498,122,3277,3e-05,-0.004183,1295.052002,7,600,58,3,"e00fce68e28dcbc9a589be10",2026-09-10 18:50:04.271,2026-09-10 18:50:04.446,2026-09-10 18:50:04.446,2026-09-10
"1080","gt3KasC77J","MOOSPMv3Parser",1789066200,3,3,2,4,4,2,2,4,4,2,1767,239,106215,23,13,2,13,13,36,13,13,0,37,42,21,21,31.584,39,1,35.775063,-119.238518,60.612,6,600,58,3,"e00fce68e88237db75a60608",2026-09-10 18:50:04.427,2026-09-10 18:50:04.608,2026-09-10 18:50:04.608,2026-09-10
"1081","WNH04SgGbq","MOOSPMv3Parser",1789066201,2,2,0,4,4,0,0,4,4,0,1114,221,0,29,0,3,0,0,36,8,0,2,38,42,21,20,30.921,55,1,36.187382,-119.821831,23.867001,7,600,58,3,"e00fce68e739ecbcf9e91965",2026-09-10 18:50:04.51,2026-09-10 18:50:04.676,2026-09-10 18:50:04.676,2026-09-10
"1082","Afqfy53O43","MOOSPMv3Parser",1789066201,1,1,1,2,2,1,1,2,2,1,757,142,278446,16,9,1,9,9,39,7,9,0,45,45,14,18,48.744,160,1,36.13905,-120.368385,192.865997,6,600,58,3,"e00fce6850cac69f647dc199",2026-09-10 18:50:05.306,2026-09-10 18:50:05.525,2026-09-10 18:50:05.525,2026-09-10
"1083","L6dlHzCwg4","MOOSPMv3Parser",1789066801,0,0,2,1,1,3,3,1,1,3,297,199,61610,27,16,4,16,16,37,21,16,1,38,42,22,21,31.763,28,2,35.963165,-119.291847,40.749001,8,600,58,3,"e00fce68d6b773b56ce8baa0",2026-09-10 19:00:02.281,2026-09-10 19:00:02.706,2026-09-10 19:00:02.706,2026-09-10
"1084","MLLk6Af8cs","MOOSPMv3Parser",1789066800,10,10,5,13,13,5,5,14,14,5,2179,592,67718,73,40,3,40,40,36,20,40,0,37,41,26,24,43.7,57,4,36.523289,-119.278748,79.915001,7,600,58,3,"e00fce68f12da1a0c5de6248",2026-09-10 19:00:02.922,2026-09-10 19:00:03.37,2026-09-10 19:00:03.37,2026-09-10
"1085","NMDkpcJRR6","MOOSPMv3Parser",1789066801,0,0,1,0,0,1,2,0,0,2,220,118,31236,10,8,1,8,8,38,22,8,1,39,44,21,19,27.13,104,1,36.198822,-120.104492,75.419998,0,600,58,3,"e00fce686dc2ef0a68fa40b0",2026-09-10 19:00:02.531,2026-09-10 19:00:03.389,2026-09-10 19:00:03.389,2026-09-10
"1086","kgparLGDlU","MOOSPMv3Parser",1789066801,2,2,2,4,4,3,4,5,5,4,625,184,154216,21,16,4,17,17,0,0,17,1,38,39,22,24,23.07,56,8,36.433567,-119.923401,14.857,0,600,58,3,"e00fce6876826e255108c6bd",2026-09-10 19:00:03.017,2026-09-10 19:00:03.471,2026-09-10 19:00:03.471,2026-09-10
"1087","kVogWgG3u1","MOOSPMv3Parser",1789066800,5,5,3,7,7,4,4,7,7,5,1331,333,208717,39,19,2,20,20,37,11,20,1,37,42,24,21,34.554,73,1,35.949596,-119.049965,111.980003,0,600,58,3,"e00fce6808784ceaf209f949",2026-09-10 19:00:03.422,2026-09-10 19:00:03.885,2026-09-10 19:00:03.885,2026-09-10
"1088","WSGXVoMdPB","MOOSPMv3Parser",1789066801,2,2,1,3,3,1,1,3,3,1,1399,179,38288,16,8,1,9,9,35,13,9,0,38,40,20,22,43.582,90,1,36.503185,-120.325409,59.555,9,600,58,3,"e00fce68e77e43df92405fdb",2026-09-10 19:00:03.569,2026-09-10 19:00:03.895,2026-09-10 19:00:03.895,2026-09-10
"1089","mkNSDINbQg","MOOSPMv3Parser",1789066801,1,1,1,2,2,1,1,2,2,1,540,138,182332,15,10,1,10,10,39,10,10,0,40,46,20,18,35.381,126,3277,3e-05,-0.004183,1295.052002,7,600,58,3,"e00fce68e28dcbc9a589be10",2026-09-10 19:00:04.278,2026-09-10 19:00:04.502,2026-09-10 19:00:04.502,2026-09-10
"1090","ZN0CDeXN3k","MOOSPMv3Parser",1789066800,3,3,2,4,4,2,2,4,4,2,1830,255,106227,23,14,1,14,14,37,13,14,0,38,42,21,21,36.153,38,1,35.775074,-119.238495,68.595001,6,600,58,3,"e00fce68e88237db75a60608",2026-09-10 19:00:04.575,2026-09-10 19:00:04.763,2026-09-10 19:00:04.763,2026-09-10
"1091","RaP6lDkEIk","MOOSPMv3Parser",1789066801,3,3,0,4,4,0,0,4,4,0,1131,228,0,29,0,2,0,0,37,8,0,2,39,42,20,20,31.848,59,1,36.187489,-119.822113,25.07,7,600,58,3,"e00fce68e739ecbcf9e91965",2026-09-10 19:00:04.679,2026-09-10 19:00:04.865,2026-09-10 19:00:04.865,2026-09-10
"1092","h7yRp6uPii","MOOSPMv3Parser",1789066801,1,1,1,2,2,1,1,2,2,1,780,147,278455,19,9,1,9,9,39,7,9,0,45,45,14,17,49.715,169,1,36.138691,-120.368484,108.583,6,600,58,3,"e00fce6850cac69f647dc199",2026-09-10 19:00:05.649,2026-09-10 19:00:05.829,2026-09-10 19:00:05.829,2026-09-10
"1093","XXvpSPrSWE","MOOSPMv3Parser",1789067401,0,0,2,0,0,2,2,1,1,3,276,180,61621,20,13,2,14,14,37,20,14,1,38,42,21,20,31.279,30,2,35.963211,-119.291779,41.014,10,600,58,3,"e00fce68d6b773b56ce8baa0",2026-09-10 19:10:02.132,2026-09-10 19:10:02.299,2026-09-10 19:10:02.299,2026-09-10
"1094","czFnwqz3BC","MOOSPMv3Parser",1789067401,0,0,1,0,0,2,2,0,0,2,226,123,31243,10,10,1,10,10,38,21,10,1,39,44,22,19,28.627,109,1,36.198807,-120.104454,74.671997,9,600,58,3,"e00fce686dc2ef0a68fa40b0",2026-09-10 19:10:02.591,2026-09-10 19:10:02.823,2026-09-10 19:10:02.823,2026-09-10
"1095","DIWMxK6gdK","MOOSPMv3Parser",1789067401,2,2,2,4,4,4,5,5,5,6,615,184,154227,28,16,4,18,18,0,0,18,1,38,40,22,24,22.516,56,7,36.433689,-119.923378,28.82,12,600,58,3,"e00fce6876826e255108c6bd",2026-09-10 19:10:03.188,2026-09-10 19:10:03.323,2026-09-10 19:10:03.323,2026-09-10
"1096","vVSP7m8CUa","MOOSPMv3Parser",1789067401,2,2,1,3,3,1,1,3,3,1,1426,170,38295,13,7,0,7,7,35,13,7,0,38,40,21,23,43.727,83,1,36.503109,-120.325371,45.832001,6,600,58,3,"e00fce68e77e43df92405fdb",2026-09-10 19:10:03.527,2026-09-10 19:10:03.682,2026-09-10 19:10:03.682,2026-09-10
"1097","s6g85D2zcc","MOOSPMv3Parser",1789067400,5,5,2,7,7,4,5,7,7,6,1250,313,208731,40,18,3,19,20,36,11,20,1,37,42,23,21,36.86,42,1,35.949539,-119.04998,116.810997,9,600,58,3,"e00fce6808784ceaf209f949",2026-09-10 19:10:03.792,2026-09-10 19:10:03.97,2026-09-10 19:10:03.97,2026-09-10
"1098","r4ERkP6dKx","MOOSPMv3Parser",1789067401,1,1,1,1,1,1,1,1,1,1,510,127,182341,12,10,0,10,10,39,9,10,0,41,46,19,17,35.342,116,3277,3e-05,-0.004183,1295.052002,7,600,58,3,"e00fce68e28dcbc9a589be10",2026-09-10 19:10:04.445,2026-09-10 19:10:04.627,2026-09-10 19:10:04.627,2026-09-10
"1099","QOSfE0rWJb","MOOSPMv3Parser",1789067400,4,4,2,5,5,2,2,5,5,2,1874,268,106239,26,15,1,15,15,37,13,15,0,38,42,21,21,35.551,41,1,35.775089,-119.238503,59.814999,8,600,58,3,"e00fce68e88237db75a60608",2026-09-10 19:10:04.512,2026-09-10 19:10:04.668,2026-09-10 19:10:04.668,2026-09-10
"1100","sCfP3lVCrN","MOOSPMv3Parser",1789067401,3,3,0,4,4,0,0,4,4,0,1139,223,0,26,0,2,0,0,37,8,0,2,38,42,20,20,32.159,59,1,36.187469,-119.821922,29.351,8,600,58,3,"e00fce68e739ecbcf9e91965",2026-09-10 19:10:04.581,2026-09-10 19:10:04.824,2026-09-10 19:10:04.824,2026-09-10
"1101","nwJWhs2IDA","MOOSPMv3Parser",1789067401,1,1,1,2,2,1,1,2,2,1,807,146,278463,15,9,0,9,9,40,8,9,0,45,46,15,18,49.128,187,1,36.138973,-120.368439,160.005005,7,600,58,3,"e00fce6850cac69f647dc199",2026-09-10 19:10:05.712,2026-09-10 19:10:05.89,2026-09-10 19:10:05.89,2026-09-10
"1102","gO8q6HEXL1","MOOSPMv3Parser",1789067400,9,9,4,12,12,4,4,12,12,4,2034,545,67746,58,32,2,32,32,36,19,32,0,37,41,25,23,45.518,41,3,36.523335,-119.278831,88.872002,6,600,58,3,"e00fce68f12da1a0c5de6248",2026-09-10 19:10:18.709,2026-09-10 19:10:18.863,2026-09-10 19:10:18.863,2026-09-10
"1103","G364VwKTrF","MOOSPMv3Parser",1789068001,0,0,2,0,0,2,2,0,0,2,275,180,61632,22,13,2,14,14,38,21,14,1,38,43,21,20,32.268,24,1,35.963249,-119.291862,46.080002,7,600,58,3,"e00fce68d6b773b56ce8baa0",2026-09-10 19:20:02.291,2026-09-10 19:20:02.541,2026-09-10 19:20:02.541,2026-09-10
"1104","bS8SuxyHHg","MOOSPMv3Parser",1789068001,2,2,2,4,4,4,6,6,6,7,594,176,154235,29,15,6,17,17,0,0,17,1,38,40,23,23,22.041,57,6,36.433712,-119.923409,44.101002,12,600,58,3,"e00fce6876826e255108c6bd",2026-09-10 19:20:02.739,2026-09-10 19:20:02.95,2026-09-10 19:20:02.95,2026-09-10
"1105","EQS2GugmEz","MOOSPMv3Parser",1789068001,0,0,1,0,0,2,2,0,0,2,234,132,31250,11,9,0,9,9,38,21,9,1,39,44,20,18,31.349,105,1,36.198803,-120.104416,79.303001,12,600,58,3,"e00fce686dc2ef0a68fa40b0",2026-09-10 19:20:02.789,2026-09-10 19:20:02.994,2026-09-10 19:20:02.994,2026-09-10
"1106","iSwvMsulbd","MOOSPMv3Parser",1789068000,8,8,4,10,10,4,4,11,11,4,1852,489,67770,49,28,2,28,28,36,20,28,0,37,41,26,25,43.98,40,3,36.523354,-119.278786,73.382004,7,600,58,3,"e00fce68f12da1a0c5de6248",2026-09-10 19:20:03.013,2026-09-10 19:20:03.209,2026-09-10 19:20:03.209,2026-09-10
"1107","l2cJfcWBeG","MOOSPMv3Parser",1789068001,2,2,1,2,2,1,1,3,3,1,1372,156,38301,12,7,1,7,7,35,13,7,0,38,40,21,23,41.252,96,1,36.503174,-120.325386,61.23,10,600,58,3,"e00fce68e77e43df92405fdb",2026-09-10 19:20:03.607,2026-09-10 19:20:03.821,2026-09-10 19:20:03.821,2026-09-10
"1108","JZYsnBiXYF","MOOSPMv3Parser",1789068000,4,4,2,5,5,3,4,6,6,4,1114,271,208740,30,14,2,15,15,36,10,16,1,37,42,23,20,36.904,34,1,35.949532,-119.049927,114.176003,8,600,58,3,"e00fce6808784ceaf209f949",2026-09-10 19:20:03.791,2026-09-10 19:20:04.009,2026-09-10 19:20:04.009,2026-09-10
"1109","u15bfeNHNx","MOOSPMv3Parser",1789068001,1,1,1,2,2,1,1,2,2,1,548,140,182349,15,10,1,10,10,39,9,10,0,41,46,18,17,36.37,112,3277,3e-05,-0.004183,1295.052002,7,600,58,3,"e00fce68e28dcbc9a589be10",2026-09-10 19:20:04.349,2026-09-10 19:20:04.569,2026-09-10 19:20:04.569,2026-09-10
"1110","BTLvPGBMA0","MOOSPMv3Parser",1789068000,4,4,2,5,5,2,2,5,5,2,1958,283,106252,25,15,1,15,15,37,13,15,0,38,42,21,21,37.687,39,1,35.775097,-119.238487,64.456001,7,600,58,3,"e00fce68e88237db75a60608",2026-09-10 19:20:04.336,2026-09-10 19:20:04.577,2026-09-10 19:20:04.577,2026-09-10
"1111","MJ55wZ9m5W","MOOSPMv3Parser",1789068001,2,2,0,3,3,0,0,4,4,0,1093,209,0,24,0,1,0,0,37,8,0,2,38,43,20,20,32.98,57,1,36.1875,-119.822029,26.789,7,600,58,3,"e00fce68e739ecbcf9e91965",2026-09-10 19:20:04.493,2026-09-10 19:20:04.675,2026-09-10 19:20:04.675,2026-09-10
"1112","m5bt2j587D","MOOSPMv3Parser",1789068001,1,1,1,2,2,1,1,2,2,1,866,158,278472,17,10,1,10,10,40,8,10,0,45,46,15,18,48.329,208,1,36.138973,-120.368439,160.003006,0,600,58,3,"e00fce6850cac69f647dc199",2026-09-10 19:20:04.827,2026-09-10 19:20:05.05,2026-09-10 19:20:05.05,2026-09-10
"1113","7bBYMBmBDg","MOOSPMv3Parser",1789068601,0,0,2,1,1,2,3,1,1,3,290,187,61644,24,15,3,16,16,38,20,16,1,38,43,20,19,30.913,25,1,35.963196,-119.291885,38.901001,8,600,58,3,"e00fce68d6b773b56ce8baa0",2026-09-10 19:30:02.024,2026-09-10 19:30:02.181,2026-09-10 19:30:02.181,2026-09-10
"1114","Zt8l2PEKK5","MOOSPMv3Parser",1789068600,7,7,3,9,9,3,3,9,9,3,1688,446,67790,43,23,1,23,23,36,17,23,0,37,42,24,22,45.12,37,3,36.523323,-119.278854,106.140999,8,600,58,3,"e00fce68f12da1a0c5de6248",2026-09-10 19:30:02.829,2026-09-10 19:30:03.024,2026-09-10 19:30:03.024,2026-09-10
"1115","o5NjKVnLWk","MOOSPMv3Parser",1789068601,3,3,3,4,4,5,7,6,6,8,674,200,154248,29,18,4,20,21,0,0,21,1,38,41,22,23,22.711,57,5,36.433674,-119.92337,17.778,9,600,58,3,"e00fce6876826e255108c6bd",2026-09-10 19:30:02.976,2026-09-10 19:30:03.149,2026-09-10 19:30:03.149,2026-09-10
"1116","vPHA7ZdRpY","MOOSPMv3Parser",1789068601,0,0,1,0,0,1,1,0,0,2,239,131,31257,11,8,1,8,8,39,21,8,1,39,45,20,18,29.211,104,1,36.198711,-120.104469,72.098999,10,600,58,3,"e00fce686dc2ef0a68fa40b0",2026-09-10 19:30:03.095,2026-09-10 19:30:03.272,2026-09-10 19:30:03.272,2026-09-10
"1117","CTaN4yJ0JP","MOOSPMv3Parser",1789068600,4,4,2,5,5,3,3,5,5,4,1077,266,208750,27,14,1,15,15,36,10,15,1,37,42,23,21,35.898,31,1,35.949543,-119.049988,104.244003,7,600,58,3,"e00fce6808784ceaf209f949",2026-09-10 19:30:03.476,2026-09-10 19:30:03.653,2026-09-10 19:30:03.653,2026-09-10
"1118","npo9g9pO3D","MOOSPMv3Parser",1789068601,2,2,1,2,2,1,1,2,2,1,1317,152,38306,14,6,1,6,6,35,14,6,0,38,40,21,23,39.397,107,1,36.503132,-120.325409,50.945,10,600,58,3,"e00fce68e77e43df92405fdb",2026-09-10 19:30:03.613,2026-09-10 19:30:03.767,2026-09-10 19:30:03.767,2026-09-10
"1119","Rwh144LUWK","MOOSPMv3Parser",1789068601,1,1,1,2,2,1,1,2,2,1,580,144,182357,13,10,1,10,10,40,9,10,0,41,47,18,16,36.118,115,3277,3e-05,-0.004183,1295.052002,7,600,58,3,"e00fce68e28dcbc9a589be10",2026-09-10 19:30:04.357,2026-09-10 19:30:04.508,2026-09-10 19:30:04.508,2026-09-10
"1120","Me7Lyv4Da6","MOOSPMv3Parser",1789068601,2,2,0,3,3,0,0,4,4,0,1095,199,0,24,0,3,0,0,37,8,0,2,39,43,20,20,32.753,55,1,36.187489,-119.822136,17.735001,7,600,58,3,"e00fce68e739ecbcf9e91965",2026-09-10 19:30:04.438,2026-09-10 19:30:04.608,2026-09-10 19:30:04.608,2026-09-10
"1121","h3rK6AdybE","MOOSPMv3Parser",1789068600,4,4,2,5,5,2,2,5,5,2,1884,269,106263,27,13,1,14,14,37,12,14,1,39,43,20,20,38.005,37,1,35.775059,-119.238503,66.666,7,600,58,3,"e00fce68e88237db75a60608",2026-09-10 19:30:04.435,2026-09-10 19:30:04.624,2026-09-10 19:30:04.624,2026-09-10
"1122","6gKOVqAigh","MOOSPMv3Parser",1789068601,1,1,1,2,2,1,1,2,2,1,867,157,278482,17,9,1,9,9,39,8,9,0,45,45,16,19,50.69,201,1,36.139027,-120.368439,173.817001,7,600,58,3,"e00fce6850cac69f647dc199",2026-09-10 19:30:05.169,2026-09-10 19:30:05.339,2026-09-10 19:30:05.339,2026-09-10
"1123","8lFjtJuenJ","MOOSPMv3Parser",1789069201,0,0,2,0,0,3,3,1,1,4,278,182,61655,22,14,3,15,15,38,20,15,1,39,43,19,19,32.066,28,1,35.963196,-119.291885,38.901001,0,600,58,3,"e00fce68d6b773b56ce8baa0",2026-09-10 19:40:02.46,2026-09-10 19:40:02.67,2026-09-10 19:40:02.67,2026-09-10
"1124","bGfdyITcox","MOOSPMv3Parser",1789069200,6,6,2,8,8,3,3,8,8,3,1481,393,67806,38,19,1,19,19,36,17,19,0,38,42,23,22,43.867,33,3,36.523281,-119.278801,94.638,7,600,58,3,"e00fce68f12da1a0c5de6248",2026-09-10 19:40:02.919,2026-09-10 19:40:03.075,2026-09-10 19:40:03.075,2026-09-10
"1125","MsJHVHxqeV","MOOSPMv3Parser",1789069201,2,2,2,3,3,3,4,5,5,5,572,170,154256,26,13,4,15,15,0,0,15,1,38,41,21,22,22.443,57,5,36.433659,-119.923363,25.885,7,600,58,3,"e00fce6876826e255108c6bd",2026-09-10 19:40:02.996,2026-09-10 19:40:03.209,2026-09-10 19:40:03.209,2026-09-10
"1126","spUF8M5Q95","MOOSPMv3Parser",1789069200,4,4,2,6,6,3,3,6,6,4,1118,273,208760,31,14,2,15,15,37,10,15,1,38,42,23,21,35.811,43,1,35.949577,-119.049942,108.002998,8,600,58,3,"e00fce6808784ceaf209f949",2026-09-10 19:40:03.438,2026-09-10 19:40:03.585,2026-09-10 19:40:03.585,2026-09-10
"1127","bVfQuK7HPc","MOOSPMv3Parser",1789069201,0,0,1,0,0,1,2,0,0,2,233,129,31264,10,9,1,9,9,39,22,9,1,39,45,22,19,30.408,119,1,36.198784,-120.104515,45.715,9,600,58,3,"e00fce686dc2ef0a68fa40b0",2026-09-10 19:40:03.478,2026-09-10 19:40:03.643,2026-09-10 19:40:03.643,2026-09-10
"1128","bm4CFN15QI","MOOSPMv3Parser",1789069201,1,1,1,2,2,1,1,2,2,1,1389,152,38313,13,8,1,8,8,35,13,8,0,38,40,22,23,38.049,124,1,36.503132,-120.325409,50.950001,0,600,58,3,"e00fce68e77e43df92405fdb",2026-09-10 19:40:03.546,2026-09-10 19:40:03.702,2026-09-10 19:40:03.702,2026-09-10
"1129","qw6W20xDJ1","MOOSPMv3Parser",1789069201,1,1,1,2,2,2,2,2,2,2,624,157,182366,16,11,1,11,11,40,9,11,0,41,47,18,16,37.958,115,3277,3e-05,-0.004183,1295.052002,7,600,58,3,"e00fce68e28dcbc9a589be10",2026-09-10 19:40:04.315,2026-09-10 19:40:04.482,2026-09-10 19:40:04.482,2026-09-10
"1130","kj3FKBJfVG","MOOSPMv3Parser",1789069200,3,3,2,4,4,2,2,4,4,2,1847,262,106274,21,13,1,13,13,37,12,13,0,39,43,20,20,37.542,39,1,35.775105,-119.238548,54.921001,8,600,58,3,"e00fce68e88237db75a60608",2026-09-10 19:40:04.345,2026-09-10 19:40:04.492,2026-09-10 19:40:04.492,2026-09-10
"1131","qi0gtGxUBB","MOOSPMv3Parser",1789069201,2,2,0,4,4,0,0,4,4,0,1176,217,0,26,0,2,0,0,37,8,0,2,39,43,20,20,33.566,54,1,36.187473,-119.821945,25.125,7,600,58,3,"e00fce68e739ecbcf9e91965",2026-09-10 19:40:04.591,2026-09-10 19:40:04.776,2026-09-10 19:40:04.776,2026-09-10
"1132","ZTIdBSlpoj","MOOSPMv3Parser",1789069201,1,1,1,2,2,1,1,2,2,1,852,156,278490,17,9,1,9,9,40,8,9,0,45,46,15,18,49.613,204,1,36.139057,-120.368454,164.679001,10,600,58,3,"e00fce6850cac69f647dc199",2026-09-10 19:40:05.426,2026-09-10 19:40:05.573,2026-09-10 19:40:05.573,2026-09-10
"1133","58YJmENUZJ","MOOSPMv3Parser",1789069801,0,0,2,0,0,2,2,0,0,2,283,183,61666,19,13,2,13,13,38,18,13,0,39,44,18,18,31.636,26,1,35.963192,-119.291832,62.730999,8,600,58,3,"e00fce68d6b773b56ce8baa0",2026-09-10 19:50:02.144,2026-09-10 19:50:02.305,2026-09-10 19:50:02.305,2026-09-10
"1134","UNZuTITEnf","MOOSPMv3Parser",1789069801,0,0,1,0,0,1,1,0,0,1,237,129,31270,10,8,1,8,8,39,21,8,1,40,46,19,18,27.162,149,1,36.198841,-120.104462,69.088997,9,600,58,3,"e00fce686dc2ef0a68fa40b0",2026-09-10 19:50:02.502,2026-09-10 19:50:02.748,2026-09-10 19:50:02.748,2026-09-10
"1135","pnZwuuKs5E","MOOSPMv3Parser",1789069800,6,6,3,8,8,3,3,8,8,3,1522,398,67823,33,20,2,20,20,37,16,20,0,38,42,22,22,44.187,38,3,36.52327,-119.27887,78.827003,6,600,58,3,"e00fce68f12da1a0c5de6248",2026-09-10 19:50:02.753,2026-09-10 19:50:02.974,2026-09-10 19:50:02.974,2026-09-10
"1136","fsjONsVvVO","MOOSPMv3Parser",1789069801,2,2,2,3,3,4,5,5,5,5,585,173,154268,24,16,4,17,17,0,0,18,1,39,41,22,23,23.279,57,5,36.433727,-119.923409,21.052999,9,600,58,3,"e00fce6876826e255108c6bd",2026-09-10 19:50:03.265,2026-09-10 19:50:03.435,2026-09-10 19:50:03.435,2026-09-10
"1137","W845wUksFN","MOOSPMv3Parser",1789069801,1,1,1,2,2,1,1,2,2,1,1347,146,38319,12,8,1,8,8,35,13,8,1,38,40,21,23,38.573,111,1,36.503151,-120.325386,60.924999,6,600,58,3,"e00fce68e77e43df92405fdb",2026-09-10 19:50:03.577,2026-09-10 19:50:03.738,2026-09-10 19:50:03.738,2026-09-10
"1138","h4vSp97h3l","MOOSPMv3Parser",1789069800,5,5,2,6,6,3,3,6,6,4,1196,301,208772,32,15,2,16,16,37,10,16,1,38,42,24,21,36.292,46,1,35.949512,-119.049942,137.917007,6,600,58,3,"e00fce6808784ceaf209f949",2026-09-10 19:50:03.545,2026-09-10 19:50:03.747,2026-09-10 19:50:03.747,2026-09-10
"1139","ImMdIUrfX0","MOOSPMv3Parser",1789069801,2,2,2,2,2,2,2,2,2,2,680,172,182375,17,12,1,12,12,40,9,12,0,41,47,18,17,37.631,112,3277,3e-05,-0.004183,1295.052002,7,600,58,3,"e00fce68e28dcbc9a589be10",2026-09-10 19:50:04.354,2026-09-10 19:50:04.562,2026-09-10 19:50:04.562,2026-09-10
"1140","sdmoJiGqN9","MOOSPMv3Parser",1789069800,3,3,2,4,4,2,2,4,4,2,1822,259,106285,23,13,1,13,13,37,12,13,0,39,43,20,20,37.854,37,1,35.775059,-119.238487,63.929001,6,600,58,3,"e00fce68e88237db75a60608",2026-09-10 19:50:04.418,2026-09-10 19:50:04.635,2026-09-10 19:50:04.635,2026-09-10
"1141","z3JlBzHJRt","MOOSPMv3Parser",1789069801,3,3,0,4,4,0,0,4,4,0,1192,221,0,27,0,2,0,0,37,8,0,2,39,43,20,20,34.12,51,1,36.187508,-119.822121,18.431999,6,600,58,3,"e00fce68e739ecbcf9e91965",2026-09-10 19:50:04.58,2026-09-10 19:50:04.798,2026-09-10 19:50:04.798,2026-09-10
"1142","tRX1bLetPF","MOOSPMv3Parser",1789069801,1,1,1,2,2,1,1,2,2,1,897,166,278500,17,10,1,10,10,40,8,10,0,45,46,16,19,51.717,185,1,36.138939,-120.368423,179.136993,9,600,58,3,"e00fce6850cac69f647dc199",2026-09-10 19:50:05.714,2026-09-10 19:50:05.919,2026-09-10 19:50:05.919,2026-09-10
"1143","ANGH6aiyI1","MOOSPMv3Parser",1789070401,0,0,2,0,0,2,2,0,0,2,278,183,61676,20,12,2,12,12,39,19,12,0,39,44,19,18,32.517,23,1,35.963139,-119.291801,59.214001,8,600,58,3,"e00fce68d6b773b56ce8baa0",2026-09-10 20:00:02.44,2026-09-10 20:00:02.905,2026-09-10 20:00:02.905,2026-09-10
"1144","pjWGVK3VZm","MOOSPMv3Parser",1789070400,6,6,2,7,7,3,3,7,7,3,1491,388,67839,34,19,1,19,20,37,18,20,1,38,42,23,23,47.282,32,2,36.523415,-119.27877,66.348,6,600,58,3,"e00fce68f12da1a0c5de6248",2026-09-10 20:00:02.865,2026-09-10 20:00:03.105,2026-09-10 20:00:03.105,2026-09-10
"1145","rK73lHidFv","MOOSPMv3Parser",1789070401,0,0,1,0,0,1,1,0,0,1,233,128,31276,10,7,1,7,7,39,21,7,1,40,46,21,18,29.085,130,1,36.19899,-120.104584,61.568001,7,600,58,3,"e00fce686dc2ef0a68fa40b0",2026-09-10 20:00:02.844,2026-09-10 20:00:03.193,2026-09-10 20:00:03.193,2026-09-10
"1146","ULk2YZ3omJ","MOOSPMv3Parser",1789070401,2,2,2,4,4,4,6,4,4,6,593,176,154278,24,16,4,18,18,0,0,18,1,39,41,22,23,23.54,58,4,36.43367,-119.923424,16.649,9,600,58,3,"e00fce6876826e255108c6bd",2026-09-10 20:00:03.093,2026-09-10 20:00:03.433,2026-09-10 20:00:03.433,2026-09-10
"1147","FRHydxkpCj","MOOSPMv3Parser",1789070400,4,4,2,6,6,2,3,6,6,3,1145,284,208781,32,13,1,13,14,37,10,14,1,38,42,23,21,35.255,44,1,35.949593,-119.049973,118.871002,7,600,58,3,"e00fce6808784ceaf209f949",2026-09-10 20:00:03.475,2026-09-10 20:00:03.775,2026-09-10 20:00:03.775,2026-09-10
"1148","EJLmVO8tAU","MOOSPMv3Parser",1789070401,2,2,1,2,2,1,1,3,3,1,1387,160,38325,15,7,1,7,7,35,13,7,1,39,40,21,23,39.015,105,1,36.503136,-120.325394,56.479,12,600,58,3,"e00fce68e77e43df92405fdb",2026-09-10 20:00:03.622,2026-09-10 20:00:03.879,2026-09-10 20:00:03.879,2026-09-10
"1149","NG7BAsbEcR","MOOSPMv3Parser",1789070401,1,1,2,2,2,2,2,2,2,2,643,163,182384,16,12,1,12,12,40,9,12,0,42,47,18,17,37.786,126,3277,3e-05,-0.004183,1295.052002,7,600,58,3,"e00fce68e28dcbc9a589be10",2026-09-10 20:00:04.293,2026-09-10 20:00:04.519,2026-09-10 20:00:04.519,2026-09-10
"1150","CLZPCccRii","MOOSPMv3Parser",1789070400,3,3,2,4,4,2,2,4,4,2,1815,248,106296,20,13,1,13,13,37,11,13,0,39,43,18,18,38.23,36,1,35.775066,-119.238487,73.796997,7,600,58,3,"e00fce68e88237db75a60608",2026-09-10 20:00:04.433,2026-09-10 20:00:04.64,2026-09-10 20:00:04.64,2026-09-10
"1151","5gklQ8bpiZ","MOOSPMv3Parser",1789070401,3,3,0,4,4,0,0,5,5,0,1251,238,0,29,0,3,0,0,37,8,0,2,39,43,20,20,35.666,42,1,36.187511,-119.822136,19.261999,5,600,58,3,"e00fce68e739ecbcf9e91965",2026-09-10 20:00:04.582,2026-09-10 20:00:04.753,2026-09-10 20:00:04.753,2026-09-10
"1152","VBHTTY9NWX","MOOSPMv3Parser",1789070401,1,1,1,2,2,1,1,2,2,2,920,164,278508,17,9,1,10,10,40,8,10,0,46,46,15,18,49.801,191,1,36.138954,-120.368416,182.085999,8,600,58,3,"e00fce6850cac69f647dc199",2026-09-10 20:00:04.773,2026-09-10 20:00:04.957,2026-09-10 20:00:04.957,2026-09-10
"1153","wf5kVTsbS0","MOOSPMv3Parser",1789071001,0,0,1,0,0,2,2,0,0,2,274,177,61685,20,11,2,11,11,39,19,11,0,39,44,19,19,31.908,29,1,35.963116,-119.291817,49.203999,6,600,58,3,"e00fce68d6b773b56ce8baa0",2026-09-10 20:10:02.111,2026-09-10 20:10:02.298,2026-09-10 20:10:02.298,2026-09-10
"1154","bJFJAy9Mdk","MOOSPMv3Parser",1789071000,7,7,3,9,9,4,4,9,9,4,1681,440,67859,41,23,2,23,24,37,17,24,1,39,42,24,23,48.091,33,3,36.523415,-119.27877,66.352997,0,600,58,3,"e00fce68f12da1a0c5de6248",2026-09-10 20:10:02.981,2026-09-10 20:10:03.167,2026-09-10 20:10:03.167,2026-09-10
"1155","0uEhkB3kGD","MOOSPMv3Parser",1789071001,0,0,1,0,0,1,1,0,0,1,237,130,31282,11,8,1,8,8,39,20,8,0,40,46,20,18,28.773,132,1,36.198853,-120.104454,62.876999,8,600,58,3,"e00fce686dc2ef0a68fa40b0",2026-09-10 20:10:03.155,2026-09-10 20:10:03.33,2026-09-10 20:10:03.33,2026-09-10
"1156","Z25s9o1T0s","MOOSPMv3Parser",1789071001,2,2,2,4,4,4,5,5,5,6,576,170,154288,27,15,5,17,17,0,0,17,1,39,41,21,23,22.885,58,4,36.433693,-119.923401,26.809,8,600,58,3,"e00fce6876826e255108c6bd",2026-09-10 20:10:03.262,2026-09-10 20:10:03.436,2026-09-10 20:10:03.436,2026-09-10
"1157","EQklV3zogd","MOOSPMv3Parser",1789071000,3,3,2,5,5,3,3,5,5,4,966,237,208792,26,14,1,15,15,37,8,15,1,39,43,19,19,35.098,45,1,35.949532,-119.049934,120.265999,6,600,58,3,"e00fce6808784ceaf209f949",2026-09-10 20:10:03.406,2026-09-10 20:10:03.602,2026-09-10 20:10:03.602,2026-09-10
"1158","1X4kxUFBKy","MOOSPMv3Parser",1789071001,1,1,1,1,1,1,1,1,1,1,1348,138,38331,9,7,1,7,7,36,13,7,1,39,40,21,23,38.216,114,1,36.50312,-120.325394,54.693001,9,600,58,3,"e00fce68e77e43df92405fdb",2026-09-10 20:10:03.668,2026-09-10 20:10:03.851,2026-09-10 20:10:03.851,2026-09-10
"1159","bI1FUXAF2w","MOOSPMv3Parser",1789071000,3,3,2,4,4,2,2,4,4,2,1831,241,106307,22,12,1,13,13,38,10,13,0,39,43,18,18,35.497,36,1,35.775066,-119.238487,73.796997,0,600,58,3,"e00fce68e88237db75a60608",2026-09-10 20:10:04.49,2026-09-10 20:10:04.65,2026-09-10 20:10:04.65,2026-09-10
"1160","o2NhgsqHY8","MOOSPMv3Parser",1789071001,1,1,2,2,2,2,2,2,2,2,607,152,182393,17,12,1,12,12,40,9,12,0,42,47,18,17,37.669,128,3277,3e-05,-0.004183,1295.052002,7,600,58,3,"e00fce68e28dcbc9a589be10",2026-09-10 20:10:04.527,2026-09-10 20:10:04.719,2026-09-10 20:10:04.719,2026-09-10
"1161","lBaDeW2Pt7","MOOSPMv3Parser",1789071001,3,3,0,4,4,0,0,5,5,0,1290,246,0,28,0,2,0,0,37,8,0,2,40,43,20,20,36.237,44,1,36.187511,-119.822113,22.195,6,600,58,3,"e00fce68e739ecbcf9e91965",2026-09-10 20:10:04.59,2026-09-10 20:10:04.752,2026-09-10 20:10:04.752,2026-09-10
"1162","nkREKRe9F6","MOOSPMv3Parser",1789071001,1,1,1,2,2,1,1,2,2,2,920,158,278516,16,9,1,9,9,40,8,9,0,46,46,15,18,51.853,189,1,36.139008,-120.368431,188.770004,9,600,58,3,"e00fce6850cac69f647dc199",2026-09-10 20:10:05.149,2026-09-10 20:10:05.323,2026-09-10 20:10:05.323,2026-09-10
"1163","0TH8tmwpKq","MOOSPMv3Parser",1789071601,0,0,1,0,0,2,2,0,0,2,262,167,61694,18,11,2,11,11,39,18,11,0,40,44,16,17,32.765,29,1,35.963177,-119.291763,45.679001,8,600,58,3,"e00fce68d6b773b56ce8baa0",2026-09-10 20:20:02.267,2026-09-10 20:20:02.427,2026-09-10 20:20:02.427,2026-09-10
"1164","FPuRuMEhyg","MOOSPMv3Parser",1789071600,7,7,3,8,8,4,4,9,9,4,1644,429,67878,41,23,2,24,24,37,15,24,1,39,43,21,21,46.729,41,3,36.523392,-119.278786,70.625999,6,600,58,3,"e00fce68f12da1a0c5de6248",2026-09-10 20:20:02.909,2026-09-10 20:20:03.176,2026-09-10 20:20:03.176,2026-09-10
"1165","xDwUWdVjbC","MOOSPMv3Parser",1789071601,2,2,2,4,4,3,5,5,5,5,568,168,154296,26,13,5,15,15,0,0,15,1,40,42,20,22,22.292,58,4,36.433636,-119.923393,15.971,10,600,58,3,"e00fce6876826e255108c6bd",2026-09-10 20:20:03.198,2026-09-10 20:20:03.433,2026-09-10 20:20:03.433,2026-09-10
"1166","xC4FaHrXn1","MOOSPMv3Parser",1789071601,0,0,1,0,0,1,1,0,0,1,228,124,31289,10,7,1,8,8,40,20,8,0,41,46,19,17,28.827,146,1,36.198917,-120.1045,72.082001,7,600,58,3,"e00fce686dc2ef0a68fa40b0",2026-09-10 20:20:03.39,2026-09-10 20:20:03.57,2026-09-10 20:20:03.57,2026-09-10
"1167","BUAppA4y9q","MOOSPMv3Parser",1789071600,3,3,2,4,4,3,3,5,5,4,930,226,208801,25,12,2,13,13,37,9,13,1,38,43,22,20,36.623,36,1,35.949471,-119.049904,112.202003,6,600,58,3,"e00fce6808784ceaf209f949",2026-09-10 20:20:03.5,2026-09-10 20:20:03.649,2026-09-10 20:20:03.649,2026-09-10
"1168","DyzmkEqHTB","MOOSPMv3Parser",1789071601,1,1,1,2,2,2,2,2,2,2,1326,144,38339,15,10,1,10,10,35,14,10,1,39,40,23,24,36.607,122,1,36.503113,-120.325417,48.330002,9,600,58,3,"e00fce68e77e43df92405fdb",2026-09-10 20:20:03.781,2026-09-10 20:20:03.973,2026-09-10 20:20:03.973,2026-09-10
"1169","PEhgcwOz5q","MOOSPMv3Parser",1789071601,1,1,1,2,2,2,2,2,2,2,602,151,182402,13,11,1,11,11,40,9,11,0,42,48,18,17,38.032,131,3277,3e-05,-0.004183,1295.052002,7,600,58,3,"e00fce68e28dcbc9a589be10",2026-09-10 20:20:04.381,2026-09-10 20:20:04.561,2026-09-10 20:20:04.561,2026-09-10
"1170","TCrrjBRIOD","MOOSPMv3Parser",1789071600,3,3,2,4,4,2,2,4,4,2,1867,241,106318,23,13,1,13,13,38,10,13,0,39,43,18,19,35.567,37,1,35.775146,-119.238503,54.417999,5,600,58,3,"e00fce68e88237db75a60608",2026-09-10 20:20:04.568,2026-09-10 20:20:04.752,2026-09-10 20:20:04.752,2026-09-10
"1171","nG2vesnqCv","MOOSPMv3Parser",1789071601,4,4,0,6,6,0,0,6,6,0,1374,272,0,37,0,5,0,0,38,8,0,2,40,43,20,20,37.263,37,1,36.187511,-119.822113,22.195,0,600,58,3,"e00fce68e739ecbcf9e91965",2026-09-10 20:20:04.582,2026-09-10 20:20:04.762,2026-09-10 20:20:04.762,2026-09-10
"1172","8deRzSWgfs","MOOSPMv3Parser",1789071601,1,1,1,2,2,2,2,2,2,2,976,163,278528,19,11,1,11,11,40,8,11,0,46,46,15,18,51.487,194,1,36.138927,-120.368423,162.363998,7,600,58,3,"e00fce6850cac69f647dc199",2026-09-10 20:20:05.474,2026-09-10 20:20:05.689,2026-09-10 20:20:05.689,2026-09-10
"1173","T0x5uy6l5B","MOOSPMv3Parser",1789072201,0,0,2,0,0,2,2,0,0,2,271,174,61705,21,13,2,13,13,39,18,13,0,40,44,17,17,32.997,23,1,35.963043,-119.291992,74.634003,8,600,58,3,"e00fce68d6b773b56ce8baa0",2026-09-10 20:30:02.12,2026-09-10 20:30:02.286,2026-09-10 20:30:02.286,2026-09-10
"1174","CTPfmcM9pD","MOOSPMv3Parser",1789072201,0,0,1,0,0,1,1,0,0,1,229,127,31295,11,8,1,8,8,40,21,8,1,40,46,20,18,28.456,135,1,36.198845,-120.104454,76.556,10,600,58,3,"e00fce686dc2ef0a68fa40b0",2026-09-10 20:30:02.432,2026-09-10 20:30:02.717,2026-09-10 20:30:02.717,2026-09-10
"1175","dbEOMQ5rc2","MOOSPMv3Parser",1789072200,7,7,3,8,8,4,4,8,8,4,1598,419,67897,40,23,1,23,24,38,17,24,1,40,43,23,23,45.22,60,3,36.52338,-119.278793,74.648003,6,600,58,3,"e00fce68f12da1a0c5de6248",2026-09-10 20:30:02.859,2026-09-10 20:30:03.07,2026-09-10 20:30:03.07,2026-09-10
"1176","82miAJWdT5","MOOSPMv3Parser",1789072201,2,2,2,3,3,3,4,4,4,5,554,163,154305,22,14,4,15,15,0,0,15,1,40,42,21,22,22.224,59,3,36.43362,-119.923393,28.666,7,600,58,3,"e00fce6876826e255108c6bd",2026-09-10 20:30:03.216,2026-09-10 20:30:03.384,2026-09-10 20:30:03.384,2026-09-10
"1177","CPmK3M0Y33","MOOSPMv3Parser",1789072200,3,3,1,4,4,2,3,4,4,3,909,219,208809,23,11,1,11,12,38,8,12,1,39,43,19,19,36.175,36,1,35.949486,-119.049927,104.617996,7,600,58,3,"e00fce6808784ceaf209f949",2026-09-10 20:30:03.531,2026-09-10 20:30:03.724,2026-09-10 20:30:03.724,2026-09-10
"1178","0bDGm9QorX","MOOSPMv3Parser",1789072201,1,1,1,1,1,1,1,1,1,1,1277,131,38343,11,6,1,6,6,36,14,6,1,40,41,21,24,36.436,133,1,36.503235,-120.325325,49.598999,7,600,58,3,"e00fce68e77e43df92405fdb",2026-09-10 20:30:03.624,2026-09-10 20:30:03.827,2026-09-10 20:30:03.827,2026-09-10
"1179","0OWDygAtN7","MOOSPMv3Parser",1789072201,1,1,1,2,2,1,1,2,2,1,624,155,182410,16,11,1,11,11,41,8,11,0,42,48,17,16,37.366,136,3277,3e-05,-0.004183,1295.052002,7,600,58,3,"e00fce68e28dcbc9a589be10",2026-09-10 20:30:04.27,2026-09-10 20:30:04.444,2026-09-10 20:30:04.444,2026-09-10
"1180","rPMYVNrngs","MOOSPMv3Parser",1789072200,3,3,2,4,4,2,2,4,4,2,1948,247,106328,24,12,2,12,12,38,11,12,0,40,44,18,19,36.663,40,1,35.775055,-119.238495,72.556,7,600,58,3,"e00fce68e88237db75a60608",2026-09-10 20:30:04.577,2026-09-10 20:30:04.737,2026-09-10 20:30:04.737,2026-09-10
"1181","zEokHRWEFl","MOOSPMv3Parser",1789072201,4,4,0,5,5,0,0,6,6,0,1385,272,0,37,0,3,0,0,38,8,0,2,40,43,19,20,38.035,38,1,36.1875,-119.82222,18.676001,7,600,58,3,"e00fce68e739ecbcf9e91965",2026-09-10 20:30:04.59,2026-09-10 20:30:04.745,2026-09-10 20:30:04.745,2026-09-10
"1182","EECEy4AsZt","MOOSPMv3Parser",1789072201,2,2,1,3,3,1,2,3,3,2,1096,178,278537,18,10,1,10,10,40,8,10,0,46,47,15,18,51.029,212,1,36.139004,-120.368393,173.904007,9,600,58,3,"e00fce6850cac69f647dc199",2026-09-10 20:30:05.781,2026-09-10 20:30:05.907,2026-09-10 20:30:05.907,2026-09-10
"1183","mn63kqgBaS","MOOSPMv3Parser",1789072801,0,0,2,0,0,2,2,0,0,2,271,172,61715,20,12,2,12,13,40,18,13,1,40,45,17,17,33.787,24,1,35.963108,-119.291855,63.550999,7,600,58,3,"e00fce68d6b773b56ce8baa0",2026-09-10 20:40:02.349,2026-09-10 20:40:02.51,2026-09-10 20:40:02.51,2026-09-10
"1184","DTOpvNxAKw","MOOSPMv3Parser",1789072801,0,0,1,0,0,1,2,0,0,2,235,129,31302,11,9,1,9,9,40,20,9,1,41,46,19,17,30.135,153,1,36.198872,-120.104492,81.783997,8,600,58,3,"e00fce686dc2ef0a68fa40b0",2026-09-10 20:40:02.769,2026-09-10 20:40:02.931,2026-09-10 20:40:02.931,2026-09-10
"1185","Uy3zkNblAY","MOOSPMv3Parser",1789072800,6,6,3,8,8,4,4,8,8,4,1545,401,67915,40,22,2,23,23,38,15,23,1,39,43,22,21,47.77,51,3,36.523396,-119.278778,59.022999,6,600,58,3,"e00fce68f12da1a0c5de6248",2026-09-10 20:40:03.049,2026-09-10 20:40:03.244,2026-09-10 20:40:03.244,2026-09-10
"1186","mNtLqE6SB8","MOOSPMv3Parser",1789072801,2,2,2,3,3,3,4,4,4,5,506,148,154314,23,14,4,15,15,0,0,15,1,40,42,20,21,21.217,59,3,36.433544,-119.92347,30.066999,9,600,58,3,"e00fce6876826e255108c6bd",2026-09-10 20:40:03.101,2026-09-10 20:40:03.281,2026-09-10 20:40:03.281,2026-09-10
"1187","Al7XhNAfBW","MOOSPMv3Parser",1789072800,3,3,1,4,4,2,3,4,4,3,843,202,208818,22,11,1,11,11,37,7,11,1,39,43,19,18,35.103,50,1,35.949619,-119.049919,120.851997,9,600,58,3,"e00fce6808784ceaf209f949",2026-09-10 20:40:03.39,2026-09-10 20:40:03.547,2026-09-10 20:40:03.547,2026-09-10
"1188","Jr7f2l4zQy","MOOSPMv3Parser",1789072801,1,1,1,1,1,1,1,2,2,1,1338,143,38349,11,6,1,7,7,36,14,7,1,39,40,22,25,36.344,129,1,36.503105,-120.325363,54.171001,10,600,58,3,"e00fce68e77e43df92405fdb",2026-09-10 20:40:03.592,2026-09-10 20:40:03.829,2026-09-10 20:40:03.829,2026-09-10
"1189","qcujGkNZDE","MOOSPMv3Parser",1789072801,1,1,1,2,2,1,1,2,2,1,594,146,182418,15,10,1,10,10,41,8,10,0,43,48,17,16,37.573,133,3277,3e-05,-0.004183,1295.052002,7,600,58,3,"e00fce68e28dcbc9a589be10",2026-09-10 20:40:04.358,2026-09-10 20:40:04.575,2026-09-10 20:40:04.575,2026-09-10
"1190","suYAriRLHw","MOOSPMv3Parser",1789072800,3,3,2,4,4,2,2,4,4,2,1932,235,106339,20,12,1,12,12,38,10,12,0,40,44,17,18,37.137,43,1,35.775101,-119.238503,63.602001,7,600,58,3,"e00fce68e88237db75a60608",2026-09-10 20:40:04.497,2026-09-10 20:40:04.678,2026-09-10 20:40:04.678,2026-09-10
"1191","ClMBNBXPRG","MOOSPMv3Parser",1789072801,3,3,0,5,5,0,0,5,5,0,1335,254,0,35,0,4,0,0,38,8,0,2,40,44,20,20,39.422,31,1,36.187515,-119.822174,34.826,8,600,58,3,"e00fce68e739ecbcf9e91965",2026-09-10 20:40:04.76,2026-09-10 20:40:04.914,2026-09-10 20:40:04.914,2026-09-10
"1192","e5X4ueglVG","MOOSPMv3Parser",1789072801,2,2,1,2,2,1,1,2,2,1,1018,171,278548,18,10,1,10,10,40,8,10,0,46,47,15,18,51.883,208,1,36.139,-120.368507,192.746002,7,600,58,3,"e00fce6850cac69f647dc199",2026-09-10 20:40:04.83,2026-09-10 20:40:05.004,2026-09-10 20:40:05.004,2026-09-10
"1193","Gjgz65bTVf","MOOSPMv3Parser",1789073401,0,0,2,0,0,2,2,0,0,2,274,174,61724,18,12,2,12,12,40,18,12,0,40,45,17,17,35.127,20,1,35.963093,-119.291756,59.122002,5,600,58,3,"e00fce68d6b773b56ce8baa0",2026-09-10 20:50:02.148,2026-09-10 20:50:02.315,2026-09-10 20:50:02.315,2026-09-10
"1194","mo0bLoVoTQ","MOOSPMv3Parser",1789073401,2,2,2,2,2,3,3,3,3,4,508,147,154322,17,12,2,13,13,0,0,13,1,40,43,20,21,21.165,59,3,36.433544,-119.92347,30.063999,0,600,58,3,"e00fce6876826e255108c6bd",2026-09-10 20:50:03.124,2026-09-10 20:50:03.29,2026-09-10 20:50:03.29,2026-09-10
"1195","vKRLvCekxd","MOOSPMv3Parser",1789073400,5,5,2,7,7,3,4,7,7,4,1413,365,67931,32,18,2,19,19,38,15,19,1,40,43,21,21,47.698,41,2,36.523335,-119.278755,77.931,5,600,58,3,"e00fce68f12da1a0c5de6248",2026-09-10 20:50:03.14,2026-09-10 20:50:03.327,2026-09-10 20:50:03.327,2026-09-10
"1196","qvwXm8uGEc","MOOSPMv3Parser",1789073401,0,0,1,0,0,1,2,0,0,2,238,135,31309,11,8,1,9,9,40,20,9,1,41,46,20,17,28.825,132,1,36.198872,-120.104492,81.787003,0,600,58,3,"e00fce686dc2ef0a68fa40b0",2026-09-10 20:50:03.152,2026-09-10 20:50:03.341,2026-09-10 20:50:03.341,2026-09-10
"1197","tbKpx2ijwc","MOOSPMv3Parser",1789073400,2,2,1,3,3,2,2,3,3,2,721,171,208826,17,8,1,9,9,38,6,9,1,39,43,17,17,36.354,37,1,35.949619,-119.049919,120.848999,0,600,58,3,"e00fce6808784ceaf209f949",2026-09-10 20:50:03.314,2026-09-10 20:50:03.518,2026-09-10 20:50:03.518,2026-09-10
"1198","MAE3YaP1za","MOOSPMv3Parser",1789073401,1,1,1,1,1,1,1,1,1,1,1311,135,38354,10,6,0,6,6,36,14,6,1,39,41,22,23,37.797,119,1,36.503227,-120.325378,58.515999,7,600,58,3,"e00fce68e77e43df92405fdb",2026-09-10 20:50:03.809,2026-09-10 20:50:03.998,2026-09-10 20:50:03.998,2026-09-10
"1199","3Ox9quJUEc","MOOSPMv3Parser",1789073400,3,3,2,4,4,2,2,4,4,2,1888,232,106349,18,12,1,12,12,38,10,12,0,40,44,17,18,37.756,47,1,35.775063,-119.238472,60.256001,8,600,58,3,"e00fce68e88237db75a60608",2026-09-10 20:50:04.42,2026-09-10 20:50:04.601,2026-09-10 20:50:04.601,2026-09-10
"1200","0X7B3RzNTv","MOOSPMv3Parser",1789073401,1,1,1,2,2,2,2,2,2,2,602,149,182428,16,11,1,11,11,41,8,11,0,42,48,17,16,38.445,130,3277,3e-05,-0.004183,1295.052002,7,600,58,3,"e00fce68e28dcbc9a589be10",2026-09-10 20:50:04.462,2026-09-10 20:50:04.657,2026-09-10 20:50:04.657,2026-09-10
"1201","FohqQSjRKx","MOOSPMv3Parser",1789073401,3,3,0,5,5,0,0,6,6,0,1392,263,0,39,0,5,0,0,38,8,0,2,40,44,20,20,39.39,33,1,36.187515,-119.822166,27.311001,7,600,58,3,"e00fce68e739ecbcf9e91965",2026-09-10 20:50:04.599,2026-09-10 20:50:04.755,2026-09-10 20:50:04.755,2026-09-10
"1202","ObgpnOobXq","MOOSPMv3Parser",1789073401,2,2,1,2,2,1,1,3,3,1,1022,176,278557,18,10,1,10,10,40,7,10,0,47,47,14,17,50.699,211,1,36.139107,-120.368477,185.807999,9,600,58,3,"e00fce6850cac69f647dc199",2026-09-10 20:50:05.076,2026-09-10 20:50:05.262,2026-09-10 20:50:05.262,2026-09-10
"1203","By8wZ4IAy2","MOOSPMv3Parser",1789074001,0,0,2,0,0,2,2,0,0,2,279,178,61733,20,12,2,12,12,40,18,12,1,41,45,17,17,35.552,19,1,35.963242,-119.291733,61.155998,8,600,58,3,"e00fce68d6b773b56ce8baa0",2026-09-10 21:00:02.201,2026-09-10 21:00:02.392,2026-09-10 21:00:02.392,2026-09-10
"1204","eoIm2tguRD","MOOSPMv3Parser",1789074000,6,6,3,7,7,3,4,8,8,4,1506,385,67947,34,20,2,21,21,38,16,21,1,40,43,23,22,49.911,39,2,36.523342,-119.278877,79.811996,6,600,58,3,"e00fce68f12da1a0c5de6248",2026-09-10 21:00:02.933,2026-09-10 21:00:03.228,2026-09-10 21:00:03.228,2026-09-10
"1205","OBbuWF9fXf","MOOSPMv3Parser",1789074001,2,2,2,3,3,3,4,3,3,4,487,140,154331,19,13,2,14,14,0,0,14,1,41,43,19,21,21.558,60,2,36.433659,-119.923393,17.297001,9,600,58,3,"e00fce6876826e255108c6bd",2026-09-10 21:00:03.196,2026-09-10 21:00:03.528,2026-09-10 21:00:03.528,2026-09-10
"1206","cGBUGwKbAg","MOOSPMv3Parser",1789074000,2,2,1,3,3,1,1,3,3,2,728,169,208834,17,7,1,7,7,37,6,7,1,39,43,16,16,36.754,28,1,35.949501,-119.049957,130.927002,7,600,58,3,"e00fce6808784ceaf209f949",2026-09-10 21:00:03.499,2026-09-10 21:00:03.711,2026-09-10 21:00:03.711,2026-09-10
"1207","L2sgBEXKdY","MOOSPMv3Parser",1789074001,1,1,1,2,2,1,1,2,2,1,1397,153,38359,13,7,0,7,7,36,14,7,1,40,41,21,23,38.225,112,1,36.503101,-120.325394,52.069,9,600,58,3,"e00fce68e77e43df92405fdb",2026-09-10 21:00:03.548,2026-09-10 21:00:03.76,2026-09-10 21:00:03.76,2026-09-10
"1208","oHjJeOiOtg","MOOSPMv3Parser",1789074001,0,0,1,0,0,2,2,0,0,2,232,126,31317,10,10,1,11,11,40,21,11,1,41,46,19,18,26.835,136,1,36.198929,-120.104469,90.754997,9,600,58,3,"e00fce686dc2ef0a68fa40b0",2026-09-10 21:00:03.65,2026-09-10 21:00:03.821,2026-09-10 21:00:03.821,2026-09-10
"1209","Zid5Fhn3r5","MOOSPMv3Parser",1789074001,1,1,2,2,2,2,2,2,2,2,575,143,182437,15,12,1,12,12,41,8,12,0,43,48,17,16,37.486,137,3277,3e-05,-0.004183,1295.052002,7,600,58,3,"e00fce68e28dcbc9a589be10",2026-09-10 21:00:04.439,2026-09-10 21:00:04.637,2026-09-10 21:00:04.637,2026-09-10
"1210","C2eQBkkx61","MOOSPMv3Parser",1789074000,2,2,1,3,3,2,2,3,3,2,1806,211,106358,16,11,1,11,11,38,9,11,1,40,44,17,18,36.945,45,1,35.775116,-119.238518,61.09,7,600,58,3,"e00fce68e88237db75a60608",2026-09-10 21:00:04.503,2026-09-10 21:00:04.711,2026-09-10 21:00:04.711,2026-09-10
"1211","JCm1ZJ3DT9","MOOSPMv3Parser",1789074001,4,4,0,6,6,0,0,6,6,0,1444,280,0,40,0,6,0,0,38,8,0,2,41,44,19,20,40.605,30,1,36.187572,-119.822273,29.830999,8,600,58,3,"e00fce68e739ecbcf9e91965",2026-09-10 21:00:04.759,2026-09-10 21:00:04.943,2026-09-10 21:00:04.943,2026-09-10
"1212","97DeIJWGP6","MOOSPMv3Parser",1789074001,2,2,1,2,2,1,1,2,2,1,1014,172,278566,18,9,1,9,9,40,8,9,0,47,47,14,17,51.302,210,1,36.139023,-120.368439,164.115997,10,600,58,3,"e00fce6850cac69f647dc199",2026-09-10 21:00:05.388,2026-09-10 21:00:05.599,2026-09-10 21:00:05.599,2026-09-10
"1213","aQjqFQElJk","MOOSPMv3Parser",1789074601,0,0,2,0,0,2,3,1,1,3,280,180,61744,22,14,2,15,15,40,17,15,1,41,46,16,16,36.492,19,1,35.963242,-119.291733,61.151001,0,600,58,3,"e00fce68d6b773b56ce8baa0",2026-09-10 21:10:02.424,2026-09-10 21:10:02.676,2026-09-10 21:10:02.676,2026-09-10
"1214","mI6TH8tw9e","MOOSPMv3Parser",1789074601,0,0,1,0,0,1,2,0,0,2,212,109,31324,10,8,1,8,8,40,20,8,1,41,46,19,17,25.315,149,1,36.198875,-120.104492,93.669998,8,600,58,3,"e00fce686dc2ef0a68fa40b0",2026-09-10 21:10:02.536,2026-09-10 21:10:02.765,2026-09-10 21:10:02.765,2026-09-10
"1215","EMgLLBttwZ","MOOSPMv3Parser",1789074600,6,6,3,7,7,3,4,8,8,4,1514,392,67963,38,19,1,20,20,38,16,20,1,40,44,22,22,49.89,38,2,36.523319,-119.278748,85.315002,8,600,58,3,"e00fce68f12da1a0c5de6248",2026-09-10 21:10:02.994,2026-09-10 21:10:03.169,2026-09-10 21:10:03.169,2026-09-10
"1216","ldb8yeGED1","MOOSPMv3Parser",1789074601,2,2,2,3,3,3,4,4,4,4,484,142,154340,23,12,3,13,14,0,0,14,1,41,43,19,21,21.372,60,2,36.43359,-119.923416,25.261,12,600,58,3,"e00fce6876826e255108c6bd",2026-09-10 21:10:03.008,2026-09-10 21:10:03.22,2026-09-10 21:10:03.22,2026-09-10
"1217","GHZG9rCmtu","MOOSPMv3Parser",1789074600,2,2,1,3,3,1,1,3,3,2,657,153,208841,17,8,1,8,8,37,4,8,1,39,43,15,16,38.042,23,1,35.949703,-119.049881,137.891998,7,600,58,3,"e00fce6808784ceaf209f949",2026-09-10 21:10:03.592,2026-09-10 21:10:03.759,2026-09-10 21:10:03.759,2026-09-10
"1218","VGVldlx8ha","MOOSPMv3Parser",1789074601,1,1,1,2,2,1,1,2,2,1,585,143,182446,17,10,1,10,10,41,8,10,0,43,48,17,16,36.27,151,3277,3e-05,-0.004183,1295.052002,7,600,58,3,"e00fce68e28dcbc9a589be10",2026-09-10 21:10:04.322,2026-09-10 21:10:04.47,2026-09-10 21:10:04.47,2026-09-10
"1219","uvKiHDbSwK","MOOSPMv3Parser",1789074600,2,2,1,3,3,2,2,3,3,2,1759,208,106367,20,11,1,11,11,38,9,11,0,41,44,16,17,37.343,41,1,35.775017,-119.238564,63.883999,7,600,58,3,"e00fce68e88237db75a60608",2026-09-10 21:10:04.498,2026-09-10 21:10:04.683,2026-09-10 21:10:04.683,2026-09-10
"1220","9k9C6YS9m2","MOOSPMv3Parser",1789074601,3,3,0,5,5,0,0,6,6,0,1379,265,0,35,0,3,0,0,38,8,0,2,41,44,19,19,40.733,28,1,36.187531,-119.822121,33.064999,8,600,58,3,"e00fce68e739ecbcf9e91965",2026-09-10 21:10:04.51,2026-09-10 21:10:04.691,2026-09-10 21:10:04.691,2026-09-10
"1221","CdKHr8VBVT","MOOSPMv3Parser",1789074601,2,2,1,3,3,1,1,3,3,1,1057,181,278576,19,10,1,10,10,40,7,10,0,46,47,15,17,53.116,205,1,36.139023,-120.368439,164.113998,0,600,58,3,"e00fce6850cac69f647dc199",2026-09-10 21:10:05.704,2026-09-10 21:10:05.888,2026-09-10 21:10:05.888,2026-09-10
"1222","bStTBTUXju","MOOSPMv3Parser",1789074601,1,1,1,2,2,1,2,2,2,2,1411,164,38367,14,9,1,9,9,36,14,9,1,40,41,21,24,40.044,108,1,36.503239,-120.325378,66.598,10,600,58,3,"e00fce68e77e43df92405fdb",2026-09-10 21:10:08.348,2026-09-10 21:10:08.541,2026-09-10 21:10:08.541,2026-09-10
"1223","k4tZ5QolzM","MOOSPMv3Parser",1789075201,0,0,2,0,0,2,3,0,0,3,285,186,61754,21,13,2,13,13,41,18,13,1,41,46,17,17,37.055,21,1,35.963169,-119.291962,66.630997,6,600,58,3,"e00fce68d6b773b56ce8baa0",2026-09-10 21:20:02.343,2026-09-10 21:20:02.541,2026-09-10 21:20:02.541,2026-09-10
"1224","3QY5vrETgo","MOOSPMv3Parser",1789075201,0,0,2,0,0,2,3,0,0,3,211,110,31334,11,13,1,14,14,40,20,14,1,42,46,18,17,28.09,154,1,36.199001,-120.104439,82.876999,9,600,58,3,"e00fce686dc2ef0a68fa40b0",2026-09-10 21:20:02.841,2026-09-10 21:20:03.025,2026-09-10 21:20:03.025,2026-09-10
"1225","267yEUuTdG","MOOSPMv3Parser",1789075200,6,6,2,8,8,3,4,8,8,4,1599,415,67979,36,19,1,20,20,38,16,20,1,40,43,22,21,49.136,42,2,36.523392,-119.278816,68.217003,6,600,58,3,"e00fce68f12da1a0c5de6248",2026-09-10 21:20:02.999,2026-09-10 21:20:03.201,2026-09-10 21:20:03.201,2026-09-10
"1226","cZ66DGXS0D","MOOSPMv3Parser",1789075201,1,1,2,3,3,3,4,4,4,4,477,137,154348,20,12,3,13,13,0,0,13,1,41,43,20,22,21.484,60,2,36.433674,-119.923302,33.000999,9,600,58,3,"e00fce6876826e255108c6bd",2026-09-10 21:20:03.169,2026-09-10 21:20:03.357,2026-09-10 21:20:03.357,2026-09-10
"1227","RAufCcujXu","MOOSPMv3Parser",1789075200,2,2,1,2,2,1,2,2,2,2,665,150,208850,15,9,1,9,9,37,5,9,1,39,43,15,16,37.969,19,1,35.949577,-119.049942,117.605003,7,600,58,3,"e00fce6808784ceaf209f949",2026-09-10 21:20:03.397,2026-09-10 21:20:03.569,2026-09-10 21:20:03.569,2026-09-10
"1228","PCyj1cwWKD","MOOSPMv3Parser",1789075201,1,1,1,2,2,1,1,2,2,1,578,143,182454,15,11,1,11,11,41,9,11,0,43,48,18,17,35.568,157,3277,3e-05,-0.004183,1295.052002,7,600,58,3,"e00fce68e28dcbc9a589be10",2026-09-10 21:20:04.358,2026-09-10 21:20:04.508,2026-09-10 21:20:04.508,2026-09-10
"1229","y3fslt6bp4","MOOSPMv3Parser",1789075200,3,3,2,4,4,2,2,4,4,3,1849,226,106378,23,13,2,14,14,38,9,14,1,41,44,16,17,38.39,40,1,35.775105,-119.238434,57.174,7,600,58,3,"e00fce68e88237db75a60608",2026-09-10 21:20:04.442,2026-09-10 21:20:04.6,2026-09-10 21:20:04.6,2026-09-10
"1230","OORiERzMww","MOOSPMv3Parser",1789075201,4,4,0,5,5,0,0,6,6,0,1456,275,0,32,0,3,0,0,38,8,0,2,41,44,19,20,41.542,27,1,36.187618,-119.822304,41.854,7,600,58,3,"e00fce68e739ecbcf9e91965",2026-09-10 21:20:04.668,2026-09-10 21:20:04.877,2026-09-10 21:20:04.877,2026-09-10
"1231","xuWWGliF3T","MOOSPMv3Parser",1789075201,1,1,1,2,2,1,1,2,2,1,969,168,278589,17,11,1,11,11,40,7,11,0,46,47,14,17,50.937,205,1,36.139107,-120.36837,168.121002,9,600,58,3,"e00fce6850cac69f647dc199",2026-09-10 21:20:04.749,2026-09-10 21:20:04.925,2026-09-10 21:20:04.925,2026-09-10
"1232","yUk76w6MQs","MOOSPMv3Parser",1789075201,1,1,1,2,2,1,1,2,2,1,1429,156,38372,14,7,0,7,7,-10,-10,7,1,40,41,20,23,39.767,104,1,36.503139,-120.325409,68.613998,7,600,58,3,"e00fce68e77e43df92405fdb",2026-09-10 21:20:07.389,2026-09-10 21:20:07.603,2026-09-10 21:20:07.603,2026-09-10
"1233","u26IRsNmgD","MOOSPMv3Parser",1789075801,0,0,2,0,0,2,3,1,1,3,310,206,61766,24,15,3,16,16,40,18,16,1,41,46,17,18,37.717,21,1,35.96315,-119.29184,48.382999,10,600,58,3,"e00fce68d6b773b56ce8baa0",2026-09-10 21:30:02.007,2026-09-10 21:30:02.151,2026-09-10 21:30:02.151,2026-09-10
"1234","jWaJFGCkBI","MOOSPMv3Parser",1789075800,6,6,2,7,7,3,3,7,7,3,1451,374,67992,32,16,1,17,17,38,17,17,1,40,43,22,23,48.679,37,2,36.523399,-119.278816,90.484001,7,600,58,3,"e00fce68f12da1a0c5de6248",2026-09-10 21:30:03.066,2026-09-10 21:30:03.225,2026-09-10 21:30:03.225,2026-09-10
"1235","WJlOD7oPaO","MOOSPMv3Parser",1789075801,2,2,2,3,3,3,4,4,4,4,484,141,154356,21,12,3,14,14,0,0,14,1,41,43,20,21,21.057,60,2,36.433693,-119.923393,28.919001,12,600,58,3,"e00fce6876826e255108c6bd",2026-09-10 21:30:03.189,2026-09-10 21:30:03.321,2026-09-10 21:30:03.321,2026-09-10
"1236","ApBGMELz0M","MOOSPMv3Parser",1789075801,0,0,1,0,0,2,2,0,0,2,197,100,31341,8,9,0,9,9,40,20,9,1,42,46,18,17,25.339,147,1,36.19883,-120.104362,66.762001,11,600,58,3,"e00fce686dc2ef0a68fa40b0",2026-09-10 21:30:03.293,2026-09-10 21:30:03.47,2026-09-10 21:30:03.47,2026-09-10
"1237","LHlI3SV2uD","MOOSPMv3Parser",1789075800,2,2,1,2,2,1,1,2,2,1,628,146,208857,14,7,1,7,7,37,5,7,1,39,43,16,17,37.945,20,1,35.949604,-119.049934,113.690002,8,600,58,3,"e00fce6808784ceaf209f949",2026-09-10 21:30:03.394,2026-09-10 21:30:03.549,2026-09-10 21:30:03.549,2026-09-10
"1238","ffm224TQNz","MOOSPMv3Parser",1789075801,1,1,1,2,2,1,1,2,2,1,1414,156,38379,12,8,1,8,8,-10,-10,8,1,40,41,20,23,39.436,115,1,36.503139,-120.325409,68.612999,0,600,58,3,"e00fce68e77e43df92405fdb",2026-09-10 21:30:03.53,2026-09-10 21:30:03.688,2026-09-10 21:30:03.688,2026-09-10
"1239","mtsb77FJ2K","MOOSPMv3Parser",1789075800,2,2,1,3,3,2,2,3,3,2,1735,192,106387,16,10,1,10,11,38,8,11,1,41,44,14,16,36.635,39,1,35.775108,-119.23848,58.640999,7,600,58,3,"e00fce68e88237db75a60608",2026-09-10 21:30:04.509,2026-09-10 21:30:04.681,2026-09-10 21:30:04.681,2026-09-10
"1240","tQNvSH7Soz","MOOSPMv3Parser",1789075801,1,1,2,2,2,2,2,2,2,2,595,148,182463,15,12,1,12,12,41,8,12,0,43,48,17,16,35.845,165,3277,3e-05,-0.004183,1295.052002,7,600,58,3,"e00fce68e28dcbc9a589be10",2026-09-10 21:30:04.519,2026-09-10 21:30:04.741,2026-09-10 21:30:04.741,2026-09-10
"1241","kNiAj3PRYF","MOOSPMv3Parser",1789075801,3,3,0,5,5,0,0,6,6,0,1413,263,0,36,0,4,0,0,38,8,0,2,41,44,19,20,40.689,28,1,36.187611,-119.82209,58.466999,7,600,58,3,"e00fce68e739ecbcf9e91965",2026-09-10 21:30:04.669,2026-09-10 21:30:04.837,2026-09-10 21:30:04.837,2026-09-10
"1242","k1YYNmsS8D","MOOSPMv3Parser",1789075801,1,1,1,2,2,1,1,2,2,1,941,157,278598,16,9,0,9,9,40,7,9,0,46,47,14,17,51.6,207,1,36.138996,-120.368362,170.020996,9,600,58,3,"e00fce6850cac69f647dc199",2026-09-10 21:30:05.085,2026-09-10 21:30:05.212,2026-09-10 21:30:05.212,2026-09-10
"1243","msr2S8Hjck","MOOSPMv3Parser",1789076401,0,0,3,2,2,3,4,2,2,4,358,246,61782,34,20,5,20,20,40,18,20,1,41,46,17,17,38.075,21,1,35.963211,-119.291878,37.761002,8,600,58,3,"e00fce68d6b773b56ce8baa0",2026-09-10 21:40:02.263,2026-09-10 21:40:02.457,2026-09-10 21:40:02.457,2026-09-10
"1244","5C8IkgEmtW","MOOSPMv3Parser",1789076401,1,1,2,3,3,3,4,4,4,5,474,138,154365,24,13,4,14,14,0,0,14,1,41,43,20,22,21.147,61,2,36.433723,-119.923332,36.056999,10,600,58,3,"e00fce6876826e255108c6bd",2026-09-10 21:40:03.052,2026-09-10 21:40:03.215,2026-09-10 21:40:03.215,2026-09-10
"1245","kjLBmSgQQv","MOOSPMv3Parser",1789076400,2,2,1,2,2,1,1,3,3,2,641,151,208864,17,8,1,8,8,37,5,8,1,39,43,17,17,38.292,22,1,35.94965,-119.049934,126.932999,7,600,58,3,"e00fce6808784ceaf209f949",2026-09-10 21:40:03.391,2026-09-10 21:40:03.577,2026-09-10 21:40:03.577,2026-09-10
"1246","Eg2zQsQ4TR","MOOSPMv3Parser",1789076401,0,0,1,0,0,1,2,0,0,2,207,104,31347,9,8,0,8,8,40,20,8,1,42,46,19,18,25.451,148,1,36.198784,-120.104401,70.500999,10,600,58,3,"e00fce686dc2ef0a68fa40b0",2026-09-10 21:40:03.65,2026-09-10 21:40:03.929,2026-09-10 21:40:03.929,2026-09-10
"1247","lNN3BDUENu","MOOSPMv3Parser",1789076401,1,1,1,2,2,1,2,2,2,2,1415,143,38386,13,8,1,8,8,36,13,8,1,40,41,21,23,37.555,116,1,36.503349,-120.325386,51.018002,11,600,58,3,"e00fce68e77e43df92405fdb",2026-09-10 21:40:03.842,2026-09-10 21:40:04.046,2026-09-10 21:40:04.046,2026-09-10
"1248","42tYcyYPgq","MOOSPMv3Parser",1789076401,1,1,1,2,2,2,2,2,2,2,615,151,182472,16,11,1,11,11,41,9,11,1,44,48,17,16,36.293,168,3277,3e-05,-0.004183,1295.052002,7,600,58,3,"e00fce68e28dcbc9a589be10",2026-09-10 21:40:04.349,2026-09-10 21:40:04.522,2026-09-10 21:40:04.522,2026-09-10
"1249","W8ks9wK0gF","MOOSPMv3Parser",1789076400,2,2,1,3,3,2,2,3,3,2,1806,216,106396,19,11,1,11,11,38,8,11,0,41,44,16,17,38.861,38,1,35.775036,-119.238541,65.792,7,600,58,3,"e00fce68e88237db75a60608",2026-09-10 21:40:04.579,2026-09-10 21:40:04.754,2026-09-10 21:40:04.754,2026-09-10
"1250","gD0mQ0IsEJ","MOOSPMv3Parser",1789076401,3,3,0,5,5,0,0,5,5,0,1282,235,0,31,0,3,0,0,38,8,0,2,41,44,19,19,38.934,35,1,36.187515,-119.822067,30.166,4,600,58,3,"e00fce68e739ecbcf9e91965",2026-09-10 21:40:04.815,2026-09-10 21:40:04.975,2026-09-10 21:40:04.975,2026-09-10
"1251","oPhseUtorB","MOOSPMv3Parser",1789076401,1,1,1,2,2,1,1,2,2,1,970,161,278606,18,9,1,9,9,40,8,9,0,46,47,15,18,49.239,212,1,36.13905,-120.368385,160.723007,9,600,58,3,"e00fce6850cac69f647dc199",2026-09-10 21:40:05.468,2026-09-10 21:40:05.601,2026-09-10 21:40:05.601,2026-09-10
"1252","AOT7ToMraO","MOOSPMv3Parser",1789076400,6,6,2,7,7,3,3,8,8,3,1497,391,68006,34,17,2,17,17,38,16,17,1,40,43,22,22,48.686,46,2,36.523399,-119.278816,90.486,0,600,58,3,"e00fce68f12da1a0c5de6248",2026-09-10 21:40:06.094,2026-09-10 21:40:06.304,2026-09-10 21:40:06.304,2026-09-10
"1253","MFzacSUgMo","MOOSPMv3Parser",1789077001,0,0,2,1,1,3,3,1,1,3,332,224,61795,27,16,3,16,17,40,18,17,1,41,45,17,17,39.048,20,1,35.96315,-119.291702,42.999001,7,600,58,3,"e00fce68d6b773b56ce8baa0",2026-09-10 21:50:01.934,2026-09-10 21:50:02.087,2026-09-10 21:50:02.087,2026-09-10
"1254","DbXcLbaRvh","MOOSPMv3Parser",1789077001,0,0,1,0,0,1,1,0,0,2,187,90,31353,7,7,1,7,7,40,20,7,1,41,46,19,18,22.732,151,1,36.198925,-120.104401,99.528,11,600,58,3,"e00fce686dc2ef0a68fa40b0",2026-09-10 21:50:02.678,2026-09-10 21:50:02.825,2026-09-10 21:50:02.825,2026-09-10
"1255","5CmHTajYOJ","MOOSPMv3Parser",1789077001,1,1,2,3,3,3,4,4,4,5,483,142,154373,25,13,4,14,14,0,0,14,1,41,43,20,22,21.571,61,2,36.433624,-119.923325,25.805,8,600,58,3,"e00fce6876826e255108c6bd",2026-09-10 21:50:03.186,2026-09-10 21:50:03.34,2026-09-10 21:50:03.34,2026-09-10
"1256","GYQSizZWMm","MOOSPMv3Parser",1789077000,2,2,1,3,3,1,2,3,3,2,761,184,208872,18,9,1,9,9,37,6,9,1,40,43,17,18,37.176,28,1,35.949596,-119.049927,115.555,8,600,58,3,"e00fce6808784ceaf209f949",2026-09-10 21:50:03.485,2026-09-10 21:50:03.652,2026-09-10 21:50:03.652,2026-09-10
"1257","3G8ft6UaDy","MOOSPMv3Parser",1789077001,1,1,1,1,1,1,1,1,1,1,1374,135,38391,10,7,0,7,7,36,13,7,1,40,41,21,23,38.019,126,1,36.503201,-120.325401,46.931999,7,600,58,3,"e00fce68e77e43df92405fdb",2026-09-10 21:50:03.511,2026-09-10 21:50:03.666,2026-09-10 21:50:03.666,2026-09-10
"1258","Eqb9wSusxW","MOOSPMv3Parser",1789077001,3,3,0,5,5,0,0,6,6,0,1376,253,0,36,0,5,0,0,38,8,0,2,41,45,19,19,37.907,43,1,36.187485,-119.822083,23.860001,5,600,58,3,"e00fce68e739ecbcf9e91965",2026-09-10 21:50:04.589,2026-09-10 21:50:04.721,2026-09-10 21:50:04.721,2026-09-10
"1259","3u1bJ2VyBI","MOOSPMv3Parser",1789077001,1,1,1,2,2,2,2,2,2,2,571,139,182480,17,12,1,12,12,41,9,12,1,43,48,18,17,35.737,160,3277,3e-05,-0.004183,1295.052002,7,600,58,3,"e00fce68e28dcbc9a589be10",2026-09-10 21:50:04.588,2026-09-10 21:50:04.739,2026-09-10 21:50:04.739,2026-09-10
"1260","xuOWkhGJb1","MOOSPMv3Parser",1789077000,3,3,2,4,4,2,2,4,4,2,1884,229,106407,22,12,1,13,13,38,9,13,0,41,44,16,17,40.16,41,1,35.77504,-119.238533,64.848,5,600,58,3,"e00fce68e88237db75a60608",2026-09-10 21:50:04.664,2026-09-10 21:50:04.843,2026-09-10 21:50:04.843,2026-09-10
"1261","bD5PIvFzrB","MOOSPMv3Parser",1789077001,1,1,1,2,2,1,1,2,2,1,881,147,278610,17,9,1,9,9,40,8,9,0,46,47,15,18,48.563,227,1,36.139133,-120.368431,192.880005,7,600,58,3,"e00fce6850cac69f647dc199",2026-09-10 21:50:05.791,2026-09-10 21:50:05.948,2026-09-10 21:50:05.948,2026-09-10
"1262","N0Y1AKatDl","MOOSPMv3Parser",1789077000,6,6,2,7,7,3,3,8,8,3,1517,391,68020,32,17,1,17,17,37,15,17,1,40,43,22,21,49.256,33,2,36.52343,-119.278778,98.384003,7,600,58,3,"e00fce68f12da1a0c5de6248",2026-09-10 21:50:07.87,2026-09-10 21:50:08.06,2026-09-10 21:50:08.06,2026-09-10
"1263","oaye0hd4g8","MOOSPMv3Parser",1789077601,0,0,2,0,0,2,3,1,1,3,300,194,61806,22,14,2,14,15,40,17,15,1,41,45,16,16,40.5,13,1,35.963154,-119.291756,32.155998,8,600,58,3,"e00fce68d6b773b56ce8baa0",2026-09-10 22:00:02.744,2026-09-10 22:00:02.966,2026-09-10 22:00:02.966,2026-09-10
"1264","p9iBK2wzp1","MOOSPMv3Parser",1789077601,0,0,1,0,0,1,1,0,0,2,194,96,31358,8,7,1,7,7,40,21,7,1,42,46,20,19,21.8,160,1,36.198845,-120.104408,79.455002,8,600,58,3,"e00fce686dc2ef0a68fa40b0",2026-09-10 22:00:03.001,2026-09-10 22:00:03.381,2026-09-10 22:00:03.381,2026-09-10
"1265","fNRa4AcDh6","MOOSPMv3Parser",1789077601,1,1,2,2,2,4,5,3,3,5,450,128,154382,19,14,3,15,16,0,0,16,1,41,43,20,21,20.455,61,2,36.433617,-119.92337,31.605,9,600,58,3,"e00fce6876826e255108c6bd",2026-09-10 22:00:03.15,2026-09-10 22:00:03.466,2026-09-10 22:00:03.466,2026-09-10
"1266","0nOd1I8OJM","MOOSPMv3Parser",1789077600,3,3,1,4,4,2,2,4,4,2,822,201,208881,18,10,1,10,10,37,7,10,1,39,42,19,19,37.975,33,1,35.949673,-119.049927,109.355003,6,600,58,3,"e00fce6808784ceaf209f949",2026-09-10 22:00:03.398,2026-09-10 22:00:03.755,2026-09-10 22:00:03.755,2026-09-10
"1267","MjyLIXBhqG","MOOSPMv3Parser",1789077601,1,1,1,2,2,1,1,2,2,1,1412,148,38397,13,7,1,7,7,36,13,7,1,40,41,21,23,37.885,129,1,36.503235,-120.325439,70.262001,9,600,58,3,"e00fce68e77e43df92405fdb",2026-09-10 22:00:03.642,2026-09-10 22:00:03.868,2026-09-10 22:00:03.868,2026-09-10
"1268","whlw5rEEA1","MOOSPMv3Parser",1789077600,5,5,2,6,6,2,2,6,6,2,1296,340,68031,25,13,1,14,14,37,14,14,1,39,43,21,20,47.212,29,2,36.52335,-119.278831,108.903,6,600,58,3,"e00fce68f12da1a0c5de6248",2026-09-10 22:00:03.778,2026-09-10 22:00:04.092,2026-09-10 22:00:04.092,2026-09-10
"1269","fHphfg4Qsv","MOOSPMv3Parser",1789077601,1,1,1,2,2,2,2,2,2,2,572,138,182489,14,10,1,11,11,41,9,11,1,43,48,18,17,35.644,147,3277,3e-05,-0.004183,1295.052002,7,600,58,3,"e00fce68e28dcbc9a589be10",2026-09-10 22:00:04.346,2026-09-10 22:00:04.518,2026-09-10 22:00:04.518,2026-09-10
"1270","Fs2BvuJh1z","MOOSPMv3Parser",1789077601,3,3,0,4,4,0,0,5,5,0,1308,236,0,32,0,3,0,0,39,8,0,2,42,45,19,19,37.421,51,1,36.18755,-119.82206,46.254002,7,600,58,3,"e00fce68e739ecbcf9e91965",2026-09-10 22:00:04.583,2026-09-10 22:00:04.801,2026-09-10 22:00:04.801,2026-09-10
"1271","WBcPQvsA9t","MOOSPMv3Parser",1789077600,3,3,2,3,3,2,2,4,4,2,1895,227,106417,19,12,1,12,12,38,8,12,0,41,44,15,17,40.344,42,1,35.77504,-119.238533,64.847,0,600,58,3,"e00fce68e88237db75a60608",2026-09-10 22:00:04.692,2026-09-10 22:00:04.881,2026-09-10 22:00:04.881,2026-09-10
"1272","eldn4WjTQq","MOOSPMv3Parser",1789077601,1,1,1,2,2,1,1,2,2,1,876,144,278615,16,9,1,9,9,40,8,9,0,46,47,15,18,47.103,220,1,36.138985,-120.368393,159.917999,7,600,58,3,"e00fce6850cac69f647dc199",2026-09-10 22:00:05.035,2026-09-10 22:00:05.186,2026-09-10 22:00:05.186,2026-09-10
"1273","AZBRzmGd59","MOOSPMv3Parser",1789078201,0,0,2,0,0,2,2,0,0,3,297,195,61817,22,13,2,14,14,40,18,14,1,41,45,17,17,40.568,10,1,35.963161,-119.291832,33.403,8,600,58,3,"e00fce68d6b773b56ce8baa0",2026-09-10 22:10:01.95,2026-09-10 22:10:02.09,2026-09-10 22:10:02.09,2026-09-10
"1274","aRpMicD11B","MOOSPMv3Parser",1789078200,4,4,2,5,5,2,2,5,5,2,1170,300,68041,23,12,1,13,13,36,15,13,0,39,42,21,21,45.151,25,1,36.523335,-119.278847,109.963997,6,600,58,3,"e00fce68f12da1a0c5de6248",2026-09-10 22:10:02.842,2026-09-10 22:10:03.002,2026-09-10 22:10:03.002,2026-09-10
"1275","lsnYRBKFsf","MOOSPMv3Parser",1789078201,1,1,2,2,2,3,4,3,3,5,452,132,154391,20,13,2,14,14,1,0,14,1,42,44,20,22,21.465,61,2,36.433525,-119.92337,17.801001,6,600,58,3,"e00fce6876826e255108c6bd",2026-09-10 22:10:03.094,2026-09-10 22:10:03.239,2026-09-10 22:10:03.239,2026-09-10
"1276","vDI8LJ1NZk","MOOSPMv3Parser",1789078201,0,0,1,0,0,1,2,0,0,2,192,95,31364,7,7,1,8,8,40,21,8,1,41,46,20,18,21.105,152,1,36.198803,-120.104408,60.745998,7,600,58,3,"e00fce686dc2ef0a68fa40b0",2026-09-10 22:10:03.113,2026-09-10 22:10:03.347,2026-09-10 22:10:03.347,2026-09-10
"1277","mINa9Fw835","MOOSPMv3Parser",1789078200,3,3,1,4,4,2,2,4,4,3,862,213,208889,22,11,2,11,11,37,8,12,1,40,42,20,20,37.778,28,1,35.949562,-119.049919,120.170998,8,600,58,3,"e00fce6808784ceaf209f949",2026-09-10 22:10:03.425,2026-09-10 22:10:03.572,2026-09-10 22:10:03.572,2026-09-10
"1278","AYK8wsjnne","MOOSPMv3Parser",1789078201,1,1,1,1,1,1,1,2,2,1,1402,148,38401,12,6,1,6,6,36,14,6,1,40,41,22,24,38.396,124,1,36.503139,-120.325424,50.950001,10,600,58,3,"e00fce68e77e43df92405fdb",2026-09-10 22:10:03.568,2026-09-10 22:10:03.745,2026-09-10 22:10:03.745,2026-09-10
"1279","smxKEKZOIu","MOOSPMv3Parser",1789078201,1,1,1,1,1,2,2,1,1,2,537,130,182497,12,11,1,11,11,41,9,11,1,43,48,18,17,34.836,145,3277,3e-05,-0.004183,1295.052002,7,600,58,3,"e00fce68e28dcbc9a589be10",2026-09-10 22:10:04.359,2026-09-10 22:10:04.562,2026-09-10 22:10:04.562,2026-09-10
"1280","HOZC8kqKnM","MOOSPMv3Parser",1789078201,3,3,0,5,5,0,0,5,5,0,1415,243,0,33,0,4,0,0,39,8,0,2,42,45,19,19,36.495,63,1,36.187561,-119.82209,32.797001,8,600,58,3,"e00fce68e739ecbcf9e91965",2026-09-10 22:10:04.588,2026-09-10 22:10:04.772,2026-09-10 22:10:04.772,2026-09-10
"1281","BDA5yNGWfA","MOOSPMv3Parser",1789078200,2,2,1,3,3,2,2,3,3,2,1714,191,106426,15,10,1,10,10,38,8,10,0,41,44,15,17,39.098,41,1,35.775047,-119.238525,57.299,8,600,58,3,"e00fce68e88237db75a60608",2026-09-10 22:10:04.59,2026-09-10 22:10:04.789,2026-09-10 22:10:04.789,2026-09-10
"1282","R8G53wiJ4F","MOOSPMv3Parser",1789078201,1,1,1,1,1,1,1,2,2,1,863,136,278619,14,8,1,9,9,40,7,9,0,46,46,15,17,46.724,229,1,36.139038,-120.368454,172.718994,6,600,58,3,"e00fce6850cac69f647dc199",2026-09-10 22:10:05.068,2026-09-10 22:10:05.228,2026-09-10 22:10:05.228,2026-09-10
"1283","Hx5EPxIUhm","MOOSPMv3Parser",1789078801,0,0,2,0,0,2,3,0,0,3,298,193,61828,22,14,3,14,15,40,17,15,1,41,45,16,17,40.184,11,1,35.963169,-119.291916,33.111,8,600,58,3,"e00fce68d6b773b56ce8baa0",2026-09-10 22:20:02.199,2026-09-10 22:20:02.391,2026-09-10 22:20:02.391,2026-09-10
"1284","CD92vUn6K6","MOOSPMv3Parser",1789078800,4,4,2,5,5,2,2,6,6,2,1191,312,68052,26,13,1,13,13,36,16,13,0,39,41,21,22,44.825,26,2,36.523335,-119.278847,69.403999,6,600,58,3,"e00fce68f12da1a0c5de6248",2026-09-10 22:20:02.905,2026-09-10 22:20:03.101,2026-09-10 22:20:03.101,2026-09-10
"1285","9yxXxGQIWy","MOOSPMv3Parser",1789078801,1,1,2,2,2,3,4,3,3,4,472,136,154399,19,12,2,13,13,0,0,13,1,41,44,19,21,20.944,62,2,36.433552,-119.923325,30.677999,6,600,58,3,"e00fce6876826e255108c6bd",2026-09-10 22:20:03.306,2026-09-10 22:20:03.518,2026-09-10 22:20:03.518,2026-09-10
"1286","JWFBEUBSzB","MOOSPMv3Parser",1789078801,0,0,1,0,0,2,2,0,0,2,197,97,31371,8,9,1,9,9,40,21,9,1,42,46,20,18,21,140,1,36.198845,-120.104385,73.690002,8,600,58,3,"e00fce686dc2ef0a68fa40b0",2026-09-10 22:20:03.477,2026-09-10 22:20:03.676,2026-09-10 22:20:03.676,2026-09-10
"1287","KZHzWb5CCX","MOOSPMv3Parser",1789078800,2,2,1,3,3,2,2,3,3,2,768,185,208898,21,9,1,10,10,36,7,10,1,39,42,19,19,37.772,26,1,35.949528,-119.049934,114.516998,7,600,58,3,"e00fce6808784ceaf209f949",2026-09-10 22:20:03.475,2026-09-10 22:20:03.722,2026-09-10 22:20:03.722,2026-09-10
"1288","gAoVy0JknC","MOOSPMv3Parser",1789078801,1,1,1,2,2,1,1,2,2,1,1406,146,38408,13,8,1,8,8,36,13,8,1,40,41,20,22,38.264,121,1,36.503178,-120.325409,55.914001,7,600,58,3,"e00fce68e77e43df92405fdb",2026-09-10 22:20:03.65,2026-09-10 22:20:03.874,2026-09-10 22:20:03.874,2026-09-10
"1289","9O9Mf4S8o3","MOOSPMv3Parser",1789078801,1,1,1,1,1,1,2,1,1,2,511,123,182505,14,10,1,10,10,41,9,10,1,44,48,18,17,34.262,149,3277,3e-05,-0.004183,1295.052002,7,600,58,3,"e00fce68e28dcbc9a589be10",2026-09-10 22:20:04.451,2026-09-10 22:20:04.605,2026-09-10 22:20:04.605,2026-09-10
"1290","u88jxK0AnF","MOOSPMv3Parser",1789078801,3,3,0,4,4,0,0,5,5,0,1337,232,0,30,0,3,0,0,39,8,0,2,42,45,19,20,35.55,69,1,36.1875,-119.821991,26.267,9,600,58,3,"e00fce68e739ecbcf9e91965",2026-09-10 22:20:04.592,2026-09-10 22:20:04.73,2026-09-10 22:20:04.73,2026-09-10
"1291","iIX4iMMFKf","MOOSPMv3Parser",1789078800,2,2,1,3,3,1,2,3,3,2,1724,206,106434,18,10,1,10,10,38,9,10,0,41,44,17,18,42.377,32,1,35.775013,-119.238564,54.583,8,600,58,3,"e00fce68e88237db75a60608",2026-09-10 22:20:04.643,2026-09-10 22:20:04.828,2026-09-10 22:20:04.828,2026-09-10
"1292","kxoox38cOe","MOOSPMv3Parser",1789078801,1,1,1,2,2,1,1,2,2,1,863,139,278625,16,9,1,9,9,40,8,9,0,45,46,15,18,50.675,208,1,36.138893,-120.368408,167.421997,7,600,58,3,"e00fce6850cac69f647dc199",2026-09-10 22:20:05.39,2026-09-10 22:20:05.571,2026-09-10 22:20:05.571,2026-09-10
"1293","aGp48ljbwT","MOOSPMv3Parser",1789079401,0,0,3,1,1,3,4,2,2,5,331,225,61843,29,19,4,20,20,40,18,20,1,41,45,17,18,38.763,17,1,35.963142,-119.291832,43.162998,6,600,58,3,"e00fce68d6b773b56ce8baa0",2026-09-10 22:30:02.121,2026-09-10 22:30:02.309,2026-09-10 22:30:02.309,2026-09-10
"1294","FFVP999JzW","MOOSPMv3Parser",1789079401,0,0,1,0,0,2,2,0,0,2,199,102,31380,9,11,1,11,11,39,20,11,1,41,46,19,18,23.7,135,1,36.198746,-120.104454,65.954002,8,600,58,3,"e00fce686dc2ef0a68fa40b0",2026-09-10 22:30:02.669,2026-09-10 22:30:02.848,2026-09-10 22:30:02.848,2026-09-10
"1295","05JD1sS7Qn","MOOSPMv3Parser",1789079400,4,4,2,5,5,2,2,5,5,2,1167,304,68063,22,13,0,13,13,35,15,13,0,39,41,19,21,46.781,23,2,36.523273,-119.278786,82.994003,7,600,58,3,"e00fce68f12da1a0c5de6248",2026-09-10 22:30:02.819,2026-09-10 22:30:02.984,2026-09-10 22:30:02.984,2026-09-10
"1296","NyhTssmtxc","MOOSPMv3Parser",1789079401,1,1,2,2,2,3,3,3,3,4,474,137,154408,18,12,2,13,13,1,0,13,1,41,43,20,21,22.073,62,2,36.433533,-119.92334,27.950001,6,600,58,3,"e00fce6876826e255108c6bd",2026-09-10 22:30:03.316,2026-09-10 22:30:03.543,2026-09-10 22:30:03.543,2026-09-10
"1297","JEAjOJBxQu","MOOSPMv3Parser",1789079400,3,3,1,4,4,2,2,4,4,2,849,202,208906,19,10,1,11,11,36,7,11,1,39,42,19,19,38.722,20,1,35.949539,-119.049889,102.748001,8,600,58,3,"e00fce6808784ceaf209f949",2026-09-10 22:30:03.431,2026-09-10 22:30:03.582,2026-09-10 22:30:03.582,2026-09-10
"1298","XZXUIYqHPX","MOOSPMv3Parser",1789079401,1,1,1,2,2,1,1,2,2,2,1449,155,38414,13,8,1,8,8,36,14,8,1,40,41,21,24,37.893,123,1,36.503086,-120.325394,49.320999,7,600,58,3,"e00fce68e77e43df92405fdb",2026-09-10 22:30:03.681,2026-09-10 22:30:03.873,2026-09-10 22:30:03.873,2026-09-10
"1299","xvG2K6esrz","MOOSPMv3Parser",1789079401,1,1,1,1,1,1,2,1,1,2,514,120,182514,13,11,1,11,11,41,9,11,0,44,48,17,17,35.62,143,3277,3e-05,-0.004183,1295.052002,7,600,58,3,"e00fce68e28dcbc9a589be10",2026-09-10 22:30:04.437,2026-09-10 22:30:04.569,2026-09-10 22:30:04.569,2026-09-10
"1300","teUJ7Syabg","MOOSPMv3Parser",1789079400,3,3,2,4,4,2,2,4,4,2,1882,246,106445,23,13,2,13,13,38,10,13,0,42,43,16,18,45.228,28,1,35.775013,-119.238556,69.977997,9,600,58,3,"e00fce68e88237db75a60608",2026-09-10 22:30:04.539,2026-09-10 22:30:04.747,2026-09-10 22:30:04.747,2026-09-10
"1301","8OHoUJboBe","MOOSPMv3Parser",1789079401,2,2,0,3,3,0,0,4,4,0,1207,197,0,27,0,2,0,0,38,8,0,2,42,45,20,20,33.773,80,1,36.187466,-119.821938,22.582001,7,600,58,3,"e00fce68e739ecbcf9e91965",2026-09-10 22:30:04.981,2026-09-10 22:30:05.178,2026-09-10 22:30:05.178,2026-09-10
"1302","YWt6y5SUGv","MOOSPMv3Parser",1789079401,1,1,1,2,2,1,1,2,2,1,848,144,278632,15,9,1,9,9,39,8,9,0,46,46,15,18,50.375,195,1,36.139,-120.368401,181.813995,5,600,58,3,"e00fce6850cac69f647dc199",2026-09-10 22:30:05.648,2026-09-10 22:30:05.821,2026-09-10 22:30:05.821,2026-09-10
"1303","ei6k7BSlzF","MOOSPMv3Parser",1789080001,0,0,2,1,1,3,4,1,1,4,339,228,61857,29,18,3,19,19,40,18,19,1,41,45,17,18,40.96,16,1,35.963116,-119.291756,25.282,7,600,58,3,"e00fce68d6b773b56ce8baa0",2026-09-10 22:40:02.441,2026-09-10 22:40:02.585,2026-09-10 22:40:02.585,2026-09-10
"1304","moWTMXErEz","MOOSPMv3Parser",1789080001,0,0,1,0,0,2,2,0,0,2,207,104,31387,10,10,1,10,11,39,20,11,1,41,46,19,18,24.635,130,1,36.198746,-120.104454,65.957001,0,600,58,3,"e00fce686dc2ef0a68fa40b0",2026-09-10 22:40:02.823,2026-09-10 22:40:02.994,2026-09-10 22:40:02.994,2026-09-10
"1305","WdK7WHI3gl","MOOSPMv3Parser",1789080000,5,5,2,6,6,2,2,6,6,2,1206,317,68074,25,13,1,13,13,35,16,13,0,39,40,21,22,48.545,15,2,36.523323,-119.278816,79.448997,5,600,58,3,"e00fce68f12da1a0c5de6248",2026-09-10 22:40:02.924,2026-09-10 22:40:03.091,2026-09-10 22:40:03.091,2026-09-10
"1306","ZboscNMsXh","MOOSPMv3Parser",1789080001,1,1,2,3,3,3,4,4,4,4,457,134,154417,21,13,3,14,14,0,0,14,1,42,43,19,21,20.936,62,2,36.433533,-119.92334,27.948,0,600,58,3,"e00fce6876826e255108c6bd",2026-09-10 22:40:03.201,2026-09-10 22:40:03.431,2026-09-10 22:40:03.431,2026-09-10
"1307","TlIHzoHCKT","MOOSPMv3Parser",1789080000,3,3,1,4,4,2,2,4,4,2,876,214,208914,20,10,1,11,11,36,8,11,1,39,41,19,20,39.583,16,1,35.949539,-119.049889,102.751999,0,600,58,3,"e00fce6808784ceaf209f949",2026-09-10 22:40:03.411,2026-09-10 22:40:03.59,2026-09-10 22:40:03.59,2026-09-10
"1308","hECtsX0ebf","MOOSPMv3Parser",1789080001,1,1,1,1,1,1,1,2,2,1,1415,137,38419,11,6,1,7,7,36,14,7,1,40,41,22,24,37.051,127,1,36.503036,-120.325356,40.602001,8,600,58,3,"e00fce68e77e43df92405fdb",2026-09-10 22:40:03.9,2026-09-10 22:40:04.046,2026-09-10 22:40:04.046,2026-09-10
"1309","rghtHISjIT","MOOSPMv3Parser",1789080001,0,0,1,1,1,1,1,1,1,1,481,114,182523,12,9,1,10,10,41,9,10,0,44,48,17,16,34.446,151,3277,3e-05,-0.004183,1295.052002,7,600,58,3,"e00fce68e28dcbc9a589be10",2026-09-10 22:40:04.515,2026-09-10 22:40:04.694,2026-09-10 22:40:04.694,2026-09-10
"1310","KSDvGeA7yh","MOOSPMv3Parser",1789080000,3,3,2,4,4,2,2,5,5,2,1981,269,106458,25,15,1,15,15,38,10,15,1,42,44,16,18,43.217,33,1,35.775005,-119.238503,65.372002,9,600,58,3,"e00fce68e88237db75a60608",2026-09-10 22:40:04.579,2026-09-10 22:40:04.759,2026-09-10 22:40:04.759,2026-09-10
"1311","ULK0EP9x94","MOOSPMv3Parser",1789080001,2,2,0,3,3,0,0,3,3,0,1189,197,0,24,0,1,0,0,38,9,0,2,42,45,20,20,33.079,80,1,36.187389,-119.822128,10.521,7,600,58,3,"e00fce68e739ecbcf9e91965",2026-09-10 22:40:04.591,2026-09-10 22:40:04.769,2026-09-10 22:40:04.769,2026-09-10
"1312","wmDISrtX9B","MOOSPMv3Parser",1789080001,1,1,1,2,2,1,1,2,2,1,777,139,278639,14,9,1,9,9,39,8,9,0,45,45,16,19,195.903,182,1,36.138973,-120.368469,162.792999,5,600,58,3,"e00fce6850cac69f647dc199",2026-09-10 22:40:04.897,2026-09-10 22:40:05.101,2026-09-10 22:40:05.101,2026-09-10
"1313","D5uecIQ2qJ","MOOSPMv3Parser",1789080601,0,0,2,0,0,3,3,1,1,4,301,197,61868,23,14,3,15,15,40,18,15,1,41,45,17,18,38.641,17,1,35.963238,-119.291824,50.16,6,600,58,3,"e00fce68d6b773b56ce8baa0",2026-09-10 22:50:01.936,2026-09-10 22:50:02.153,2026-09-10 22:50:02.153,2026-09-10
"1314","NnPbYsTQ5u","MOOSPMv3Parser",1789080601,1,1,1,2,2,2,3,3,3,3,391,114,154425,18,10,3,11,11,0,0,11,1,42,43,19,21,20.91,63,2,36.433517,-119.923317,30.745001,7,600,58,3,"e00fce6876826e255108c6bd",2026-09-10 22:50:03.096,2026-09-10 22:50:03.25,2026-09-10 22:50:03.25,2026-09-10
"1315","3jW7uqGuQj","MOOSPMv3Parser",1789080600,5,5,2,6,6,2,2,7,7,2,1365,355,68086,29,14,1,15,15,35,17,15,0,39,40,21,23,50.659,14,3,36.523239,-119.278809,85.861,7,600,58,3,"e00fce68f12da1a0c5de6248",2026-09-10 22:50:03.119,2026-09-10 22:50:03.294,2026-09-10 22:50:03.294,2026-09-10
"1316","DxOQ3JAAN1","MOOSPMv3Parser",1789080601,0,0,2,0,0,2,3,0,0,3,207,107,31397,10,12,1,13,13,39,20,13,1,42,45,19,18,23.774,115,1,36.198666,-120.104294,86.125,6,600,58,3,"e00fce686dc2ef0a68fa40b0",2026-09-10 22:50:03.138,2026-09-10 22:50:03.352,2026-09-10 22:50:03.352,2026-09-10
"1317","HtdpcFhbsi","MOOSPMv3Parser",1789080600,3,3,2,4,4,2,3,4,4,3,886,216,208924,22,13,1,13,13,36,8,13,1,39,41,18,20,40.624,10,1,35.949471,-119.04995,112.592003,7,600,58,3,"e00fce6808784ceaf209f949",2026-09-10 22:50:03.406,2026-09-10 22:50:03.599,2026-09-10 22:50:03.599,2026-09-10
"1318","bK1mKmIM6J","MOOSPMv3Parser",1789080601,1,1,1,1,1,1,1,1,1,1,1358,135,38425,11,6,1,7,7,36,13,7,1,40,41,21,23,37.17,128,1,36.503151,-120.325378,46.977001,8,600,58,3,"e00fce68e77e43df92405fdb",2026-09-10 22:50:03.566,2026-09-10 22:50:03.766,2026-09-10 22:50:03.766,2026-09-10
"1319","myEouNs7RT","MOOSPMv3Parser",1789080601,0,0,1,1,1,1,1,1,1,1,490,115,182531,12,10,1,10,10,41,9,10,0,44,48,17,17,35.292,162,3277,3e-05,-0.004183,1295.052002,7,600,58,3,"e00fce68e28dcbc9a589be10",2026-09-10 22:50:04.439,2026-09-10 22:50:04.643,2026-09-10 22:50:04.643,2026-09-10
"1320","UvYUuFziyf","MOOSPMv3Parser",1789080601,2,2,0,4,4,0,0,4,4,0,1211,209,0,27,0,2,0,0,38,9,0,2,42,44,20,21,31.908,94,1,36.187374,-119.822189,8.245,7,600,58,3,"e00fce68e739ecbcf9e91965",2026-09-10 22:50:04.589,2026-09-10 22:50:04.757,2026-09-10 22:50:04.757,2026-09-10
"1321","LB62cGHYn0","MOOSPMv3Parser",1789080600,4,4,2,5,5,2,3,6,6,3,2118,296,106471,27,16,2,16,16,38,10,16,1,41,43,17,19,45.71,32,1,35.775093,-119.238518,55.416,6,600,58,3,"e00fce68e88237db75a60608",2026-09-10 22:50:04.868,2026-09-10 22:50:05.048,2026-09-10 22:50:05.048,2026-09-10
"1322","5qPSITxPtv","MOOSPMv3Parser",1789080601,1,1,1,1,1,1,1,1,1,1,755,131,278643,14,8,1,9,9,39,9,9,0,45,45,16,19,341.912,176,1,36.138935,-120.368385,177.037003,4,600,58,3,"e00fce6850cac69f647dc199",2026-09-10 22:50:05.309,2026-09-10 22:50:05.462,2026-09-10 22:50:05.462,2026-09-10
"1323","3uqWPkkS8t","MOOSPMv3Parser",1789081201,0,0,1,0,0,2,3,0,0,3,209,107,31405,10,11,1,11,12,39,21,12,1,41,45,19,18,27.36,111,1,36.198841,-120.104355,95.870003,8,600,58,3,"e00fce686dc2ef0a68fa40b0",2026-09-10 23:00:02.263,2026-09-10 23:00:02.527,2026-09-10 23:00:02.527,2026-09-10
"1324","7XKfSMLnHD","MOOSPMv3Parser",1789081201,0,0,2,0,0,3,4,0,0,4,304,198,61880,24,16,3,17,17,40,18,17,1,41,45,17,18,37.002,28,1,35.963238,-119.291824,50.154999,0,600,58,3,"e00fce68d6b773b56ce8baa0",2026-09-10 23:00:02.345,2026-09-10 23:00:02.718,2026-09-10 23:00:02.718,2026-09-10
"1325","ipMZyW5lpa","MOOSPMv3Parser",1789081200,6,6,2,7,7,2,2,7,7,2,1454,386,68101,29,16,1,17,17,34,18,17,0,39,40,21,24,52.372,14,3,36.523312,-119.278824,76.329002,7,600,58,3,"e00fce68f12da1a0c5de6248",2026-09-10 23:00:02.759,2026-09-10 23:00:03.019,2026-09-10 23:00:03.019,2026-09-10
"1326","z3qAS8Swtw","MOOSPMv3Parser",1789081201,1,1,1,2,2,2,3,2,2,3,377,108,154433,16,10,2,10,11,0,0,11,1,41,43,19,21,21.102,63,2,36.433529,-119.923309,30.754,11,600,58,3,"e00fce6876826e255108c6bd",2026-09-10 23:00:03.144,2026-09-10 23:00:03.331,2026-09-10 23:00:03.331,2026-09-10
"1327","znEKnn8TuU","MOOSPMv3Parser",1789081201,1,1,1,1,1,1,2,2,2,2,1391,142,38431,12,8,1,8,8,36,14,8,1,40,41,21,24,37.182,127,1,36.502998,-120.325302,40.971001,5,600,58,3,"e00fce68e77e43df92405fdb",2026-09-10 23:00:03.566,2026-09-10 23:00:03.763,2026-09-10 23:00:03.763,2026-09-10
"1328","5UGCypNs1F","MOOSPMv3Parser",1789081200,4,4,2,5,5,2,3,5,5,3,1999,283,106485,31,16,2,17,17,37,10,17,1,41,43,17,19,47.203,24,1,35.775051,-119.238541,66.637001,10,600,58,3,"e00fce68e88237db75a60608",2026-09-10 23:00:04.574,2026-09-10 23:00:04.774,2026-09-10 23:00:04.774,2026-09-10
"1329","ACbiiz6tM6","MOOSPMv3Parser",1789081201,2,2,0,4,4,0,0,4,4,0,1167,201,0,27,0,4,0,0,38,9,0,2,41,44,20,20,32.911,73,1,36.187469,-119.821877,32.147999,10,600,58,3,"e00fce68e739ecbcf9e91965",2026-09-10 23:00:04.759,2026-09-10 23:00:04.903,2026-09-10 23:00:04.903,2026-09-10
"1330","cqRECaTVsd","MOOSPMv3Parser",1789081201,1,1,1,1,1,1,2,1,1,2,548,128,182540,14,11,1,11,11,41,9,11,0,44,48,18,17,35.011,161,3277,3e-05,-0.004183,1295.052002,7,600,58,3,"e00fce68e28dcbc9a589be10",2026-09-10 23:00:04.744,2026-09-10 23:00:04.942,2026-09-10 23:00:04.942,2026-09-10
"1331","2tpu01r7LD","MOOSPMv3Parser",1789081201,1,1,1,2,2,1,1,2,2,1,788,138,278649,15,9,0,9,9,38,9,9,0,45,44,16,19,194.236,168,1,36.138969,-120.368347,176.972,5,600,58,3,"e00fce6850cac69f647dc199",2026-09-10 23:00:05.457,2026-09-10 23:00:05.611,2026-09-10 23:00:05.611,2026-09-10
"1332","tWU4BEnnlA","MOOSPMv3Parser",1789081200,3,3,1,4,4,2,3,4,4,3,921,224,208933,22,11,1,12,12,35,9,12,1,39,41,20,21,42.89,7,1,35.949581,-119.049927,116.527,6,600,58,3,"e00fce6808784ceaf209f949",2026-09-10 23:00:09.525,2026-09-10 23:00:09.688,2026-09-10 23:00:09.688,2026-09-10
"1333","Jo8uFRTxfg","MOOSPMv3Parser",1789081801,0,0,2,0,0,3,4,0,0,4,269,169,61890,20,13,3,14,15,40,18,15,1,41,45,16,17,35.385,37,1,35.963142,-119.291763,48.779999,8,600,58,3,"e00fce68d6b773b56ce8baa0",2026-09-10 23:10:01.887,2026-09-10 23:10:02.083,2026-09-10 23:10:02.083,2026-09-10
"1334","d4OcshFPLO","MOOSPMv3Parser",1789081801,0,0,2,0,0,2,3,0,0,3,215,114,31414,10,12,1,12,12,39,21,12,1,42,45,19,19,23.619,127,1,36.198738,-120.104248,93.865997,7,600,58,3,"e00fce686dc2ef0a68fa40b0",2026-09-10 23:10:02.617,2026-09-10 23:10:02.837,2026-09-10 23:10:02.837,2026-09-10
"1335","Bbl0G4hRsy","MOOSPMv3Parser",1789081800,6,6,2,7,7,2,3,7,7,3,1456,382,68115,34,16,1,16,16,34,17,16,0,39,40,21,23,53.208,13,4,36.523243,-119.278763,88.198997,7,600,58,3,"e00fce68f12da1a0c5de6248",2026-09-10 23:10:02.949,2026-09-10 23:10:03.126,2026-09-10 23:10:03.126,2026-09-10
"1336","iWTb3xlfAQ","MOOSPMv3Parser",1789081801,1,1,1,2,2,2,3,2,2,3,359,101,154441,16,10,2,10,11,0,0,11,1,41,43,18,20,21.06,63,2,36.433567,-119.923363,20.445999,8,600,58,3,"e00fce6876826e255108c6bd",2026-09-10 23:10:03.15,2026-09-10 23:10:03.306,2026-09-10 23:10:03.306,2026-09-10
"1337","LC22F2mLXM","MOOSPMv3Parser",1789081800,4,4,2,5,5,3,3,6,6,4,1030,258,208942,27,13,2,14,14,35,10,14,1,39,41,20,21,43.701,4,1,35.949528,-119.049843,115.866997,11,600,58,3,"e00fce6808784ceaf209f949",2026-09-10 23:10:03.495,2026-09-10 23:10:03.647,2026-09-10 23:10:03.647,2026-09-10
"1338","jT0NJGmcsV","MOOSPMv3Parser",1789081801,1,1,1,1,1,1,1,1,1,2,1376,136,38437,13,7,1,7,7,36,14,7,1,40,41,22,24,39.556,122,1,36.503201,-120.325371,48.437,5,600,58,3,"e00fce68e77e43df92405fdb",2026-09-10 23:10:03.993,2026-09-10 23:10:04.185,2026-09-10 23:10:04.185,2026-09-10
"1339","NSo4pAC0cm","MOOSPMv3Parser",1789081801,0,0,1,1,1,1,1,1,1,1,476,109,182549,11,9,1,9,9,41,9,9,1,44,48,18,17,33.594,161,3277,3e-05,-0.004183,1295.052002,7,600,58,3,"e00fce68e28dcbc9a589be10",2026-09-10 23:10:04.356,2026-09-10 23:10:04.524,2026-09-10 23:10:04.524,2026-09-10
"1340","SoWbaScnHA","MOOSPMv3Parser",1789081800,4,4,2,5,5,3,3,5,5,3,1936,280,106500,28,18,2,18,18,37,10,18,1,41,43,17,19,47.229,22,1,35.775085,-119.238495,65.848,8,600,58,3,"e00fce68e88237db75a60608",2026-09-10 23:10:04.596,2026-09-10 23:10:04.765,2026-09-10 23:10:04.765,2026-09-10
"1341","X2XK5f9bcv","MOOSPMv3Parser",1789081801,2,2,0,4,4,0,0,4,4,0,1202,211,0,31,0,2,0,0,38,9,0,2,41,44,20,21,34.098,60,1,36.187527,-119.822098,20.648001,9,600,58,3,"e00fce68e739ecbcf9e91965",2026-09-10 23:10:04.67,2026-09-10 23:10:04.82,2026-09-10 23:10:04.82,2026-09-10
"1342","jDxfFJdEEx","MOOSPMv3Parser",1789081801,1,1,1,2,2,2,2,2,2,2,759,140,278656,16,10,1,11,11,38,9,11,0,45,44,17,20,512.486,145,1,36.138889,-120.368401,165.740005,5,600,58,3,"e00fce6850cac69f647dc199",2026-09-10 23:10:05.652,2026-09-10 23:10:05.833,2026-09-10 23:10:05.833,2026-09-10
"1343","6il7WEyLBT","MOOSPMv3Parser",1789082401,0,0,2,0,0,3,3,0,0,3,282,181,61901,20,13,3,14,14,40,18,14,1,42,45,17,18,38.232,25,1,35.963104,-119.291763,40.313,7,600,58,3,"e00fce68d6b773b56ce8baa0",2026-09-10 23:20:02.273,2026-09-10 23:20:02.454,2026-09-10 23:20:02.454,2026-09-10
"1344","BfY2oMjVAy","MOOSPMv3Parser",1789082400,5,5,2,7,7,3,3,7,7,3,1352,356,68129,29,17,1,17,17,34,17,17,0,39,40,21,24,50.796,13,4,36.523239,-119.278778,100.757004,6,600,58,3,"e00fce68f12da1a0c5de6248",2026-09-10 23:20:02.907,2026-09-10 23:20:03.083,2026-09-10 23:20:03.083,2026-09-10
"1345","uVZjZhKYXZ","MOOSPMv3Parser",1789082401,0,0,2,0,0,4,5,0,0,5,227,123,31427,13,17,2,19,19,39,22,19,1,41,45,20,19,26.132,108,1,36.198765,-120.104256,95.526001,7,600,58,3,"e00fce686dc2ef0a68fa40b0",2026-09-10 23:20:03.028,2026-09-10 23:20:03.243,2026-09-10 23:20:03.243,2026-09-10
"1346","Wg01hQqO2e","MOOSPMv3Parser",1789082401,1,1,1,1,1,2,3,2,2,3,381,108,154449,14,10,2,10,11,0,0,11,1,42,43,19,21,21.189,63,2,36.433613,-119.923332,26.785,8,600,58,3,"e00fce6876826e255108c6bd",2026-09-10 23:20:03.15,2026-09-10 23:20:03.372,2026-09-10 23:20:03.372,2026-09-10
"1347","VuIEJe4SdK","MOOSPMv3Parser",1789082400,4,4,2,5,5,3,4,5,5,5,1048,263,208951,27,14,1,15,16,35,10,16,1,39,40,20,22,43.258,4,1,35.949501,-119.049942,114.681,8,600,58,3,"e00fce6808784ceaf209f949",2026-09-10 23:20:03.474,2026-09-10 23:20:03.632,2026-09-10 23:20:03.632,2026-09-10
"1348","RGTyWd2gWY","MOOSPMv3Parser",1789082401,1,1,1,1,1,1,1,1,1,1,1418,138,38442,12,6,1,7,7,-10,-10,7,1,40,41,22,24,40.856,110,1,36.503201,-120.325371,48.435001,0,600,58,3,"e00fce68e77e43df92405fdb",2026-09-10 23:20:03.482,2026-09-10 23:20:03.673,2026-09-10 23:20:03.673,2026-09-10
"1349","OPFKWxA6xx","MOOSPMv3Parser",1789082401,0,0,1,1,1,1,1,1,1,1,477,116,182557,11,10,0,10,10,41,9,10,0,44,48,18,18,33.533,152,3277,3e-05,-0.004183,1295.052002,7,600,58,3,"e00fce68e28dcbc9a589be10",2026-09-10 23:20:04.43,2026-09-10 23:20:04.619,2026-09-10 23:20:04.619,2026-09-10
"1350","G1mHVcKcsC","MOOSPMv3Parser",1789082400,4,4,2,5,5,3,3,5,5,3,1866,266,106513,26,16,3,16,16,37,10,16,1,41,43,16,18,46.762,22,1,35.77504,-119.238533,56.068001,10,600,58,3,"e00fce68e88237db75a60608",2026-09-10 23:20:04.498,2026-09-10 23:20:04.694,2026-09-10 23:20:04.694,2026-09-10
"1351","rIx9I2E6Rq","MOOSPMv3Parser",1789082401,3,3,0,5,5,0,0,5,5,0,1314,235,0,32,0,3,0,0,38,9,0,2,41,44,20,20,36.268,48,1,36.187527,-119.822098,20.643999,0,600,58,3,"e00fce68e739ecbcf9e91965",2026-09-10 23:20:04.67,2026-09-10 23:20:04.822,2026-09-10 23:20:04.822,2026-09-10
"1352","TB3unDbIGQ","MOOSPMv3Parser",1789082401,1,1,1,2,2,1,1,2,2,2,708,139,278664,16,10,1,10,10,38,10,10,0,44,43,17,21,512.501,131,1,36.138973,-120.368324,176.125,6,600,58,3,"e00fce6850cac69f647dc199",2026-09-10 23:20:04.753,2026-09-10 23:20:04.981,2026-09-10 23:20:04.981,2026-09-10
"1353","GRKva5b6yr","MOOSPMv3Parser",1789083001,0,0,2,0,0,3,3,0,0,3,296,195,61912,24,14,2,15,15,40,18,15,1,42,45,17,18,38.459,22,1,35.963196,-119.291748,32.376999,9,600,58,3,"e00fce68d6b773b56ce8baa0",2026-09-10 23:30:01.88,2026-09-10 23:30:02.057,2026-09-10 23:30:02.057,2026-09-10
"1354","FTAn43HiCC","MOOSPMv3Parser",1789083000,6,6,2,7,7,3,3,7,7,3,1425,374,68144,32,17,2,18,18,34,17,18,1,39,39,21,24,51.353,17,4,36.523239,-119.278778,100.754997,0,600,58,3,"e00fce68f12da1a0c5de6248",2026-09-10 23:30:02.908,2026-09-10 23:30:03.064,2026-09-10 23:30:03.064,2026-09-10
"1355","knxjNo4HX1","MOOSPMv3Parser",1789083001,0,0,2,0,0,3,3,0,0,3,227,124,31437,13,13,1,13,14,38,21,14,1,41,44,19,19,26.724,100,1,36.1987,-120.104271,80.419998,6,600,58,3,"e00fce686dc2ef0a68fa40b0",2026-09-10 23:30:03.241,2026-09-10 23:30:03.416,2026-09-10 23:30:03.416,2026-09-10
"1356","GaaIoKyeg3","MOOSPMv3Parser",1789083001,1,1,1,2,2,2,3,3,3,3,343,98,154458,16,10,3,11,11,0,0,11,1,42,43,18,20,20.51,64,2,36.433586,-119.923393,22.84,7,600,58,3,"e00fce6876826e255108c6bd",2026-09-10 23:30:03.261,2026-09-10 23:30:03.433,2026-09-10 23:30:03.433,2026-09-10
"1357","pCucxz4zGM","MOOSPMv3Parser",1789083000,4,4,2,5,5,3,4,5,5,4,973,241,208960,29,13,2,14,14,35,10,14,1,39,40,20,22,41.843,5,1,35.949474,-119.049942,101.982002,6,600,58,3,"e00fce6808784ceaf209f949",2026-09-10 23:30:03.474,2026-09-10 23:30:03.662,2026-09-10 23:30:03.662,2026-09-10
"1358","ucbgIhTH9l","MOOSPMv3Parser",1789083001,1,1,1,1,1,1,2,2,2,2,1383,137,38449,13,8,1,8,8,36,14,8,1,40,41,22,24,41.888,104,1,36.503155,-120.325386,51.735001,5,600,58,3,"e00fce68e77e43df92405fdb",2026-09-10 23:30:03.932,2026-09-10 23:30:04.11,2026-09-10 23:30:04.11,2026-09-10
"1359","XGrJpyUf5B","MOOSPMv3Parser",1789083001,1,1,1,1,1,1,1,1,1,1,498,122,182566,15,10,1,10,10,40,9,10,0,43,48,18,17,33.45,160,3277,3e-05,-0.004183,1295.052002,7,600,58,3,"e00fce68e28dcbc9a589be10",2026-09-10 23:30:04.431,2026-09-10 23:30:04.627,2026-09-10 23:30:04.627,2026-09-10
"1360","nb4u32AQUY","MOOSPMv3Parser",1789083000,3,3,2,4,4,3,3,4,4,4,1831,247,106527,22,17,1,17,17,37,10,18,1,41,43,16,19,46.651,22,1,35.775093,-119.238495,59.186001,6,600,58,3,"e00fce68e88237db75a60608",2026-09-10 23:30:04.675,2026-09-10 23:30:04.842,2026-09-10 23:30:04.842,2026-09-10
"1361","QVFRju8W0X","MOOSPMv3Parser",1789083001,3,3,0,5,5,0,0,5,5,0,1304,238,0,31,0,2,0,0,38,8,0,2,41,44,19,20,36.865,41,1,36.187443,-119.82206,25.285999,7,600,58,3,"e00fce68e739ecbcf9e91965",2026-09-10 23:30:04.813,2026-09-10 23:30:05.007,2026-09-10 23:30:05.007,2026-09-10
"1362","2PF9MnZp5f","MOOSPMv3Parser",1789083001,1,1,1,2,2,1,1,2,2,2,707,140,278670,15,9,1,9,9,37,10,9,0,44,43,17,21,512.489,121,1,36.138981,-120.368202,183.423996,7,600,58,3,"e00fce6850cac69f647dc199",2026-09-10 23:30:04.992,2026-09-10 23:30:05.154,2026-09-10 23:30:05.154,2026-09-10
"1363","qJvteqokpL","MOOSPMv3Parser",1789083601,0,0,2,0,0,3,4,1,1,4,289,189,61924,22,16,3,16,17,40,18,17,1,41,44,17,18,36.007,30,1,35.963161,-119.291679,41.726002,7,600,58,3,"e00fce68d6b773b56ce8baa0",2026-09-10 23:40:02.269,2026-09-10 23:40:02.45,2026-09-10 23:40:02.45,2026-09-10
"1364","TzTjQZSWzR","MOOSPMv3Parser",1789083600,5,5,2,6,6,2,2,6,6,3,1305,343,68157,28,16,1,16,16,34,17,16,0,39,39,21,24,50.8,15,4,36.523258,-119.278763,70.471001,7,600,58,3,"e00fce68f12da1a0c5de6248",2026-09-10 23:40:02.846,2026-09-10 23:40:02.988,2026-09-10 23:40:02.988,2026-09-10
"1365","FJ2bS5IyQg","MOOSPMv3Parser",1789083601,1,1,1,2,2,3,4,2,2,4,351,102,154466,18,10,3,11,11,0,0,11,1,41,43,18,20,20.073,64,2,36.433571,-119.923347,29.379,8,600,58,3,"e00fce6876826e255108c6bd",2026-09-10 23:40:03.181,2026-09-10 23:40:03.398,2026-09-10 23:40:03.398,2026-09-10
"1366","s53tSMXjck","MOOSPMv3Parser",1789083600,3,3,2,4,4,3,4,4,4,4,862,212,208968,23,12,2,13,13,35,11,13,1,39,40,21,22,40.835,7,1,35.949493,-119.04995,117.013,8,600,58,3,"e00fce6808784ceaf209f949",2026-09-10 23:40:03.462,2026-09-10 23:40:03.668,2026-09-10 23:40:03.668,2026-09-10
"1367","wkbz0iAaqk","MOOSPMv3Parser",1789083601,1,1,1,2,2,1,2,2,2,2,1449,149,38454,13,7,1,8,8,36,15,8,1,40,41,23,25,44.165,104,1,36.503159,-120.325394,65.515999,5,600,58,3,"e00fce68e77e43df92405fdb",2026-09-10 23:40:03.567,2026-09-10 23:40:03.774,2026-09-10 23:40:03.774,2026-09-10
"1368","OCGsC2VMtC","MOOSPMv3Parser",1789083601,0,0,2,0,0,3,4,0,0,5,223,122,31448,12,15,1,17,17,38,22,17,1,41,44,20,19,26.83,95,1,36.198837,-120.104301,81.152,7,600,58,3,"e00fce686dc2ef0a68fa40b0",2026-09-10 23:40:03.673,2026-09-10 23:40:03.886,2026-09-10 23:40:03.886,2026-09-10
"1369","pP5mzB4WsT","MOOSPMv3Parser",1789083601,1,1,1,1,1,1,1,2,2,1,548,131,182574,16,11,1,11,11,40,10,11,0,43,47,19,18,34.769,138,3277,3e-05,-0.004183,1295.052002,7,600,58,3,"e00fce68e28dcbc9a589be10",2026-09-10 23:40:04.431,2026-09-10 23:40:04.579,2026-09-10 23:40:04.579,2026-09-10
"1370","LDjv9Ojoo8","MOOSPMv3Parser",1789083600,3,3,2,4,4,3,3,5,5,4,1845,253,106540,25,16,2,17,17,37,10,17,1,41,43,17,19,48.234,21,1,35.77507,-119.238464,67.403,7,600,58,3,"e00fce68e88237db75a60608",2026-09-10 23:40:04.579,2026-09-10 23:40:04.748,2026-09-10 23:40:04.748,2026-09-10
"1371","GEiZm5NzUr","MOOSPMv3Parser",1789083601,3,3,0,4,4,0,0,5,5,0,1243,228,0,31,0,2,0,0,38,9,0,2,41,44,20,21,36.467,42,1,36.187546,-119.821953,25.554001,8,600,58,3,"e00fce68e739ecbcf9e91965",2026-09-10 23:40:04.822,2026-09-10 23:40:04.947,2026-09-10 23:40:04.947,2026-09-10
"1372","uv7p9P4kAB","MOOSPMv3Parser",1789083601,1,1,1,1,1,1,1,1,1,1,646,129,278676,12,9,1,9,9,37,11,9,0,44,42,17,22,512.451,102,1,36.139034,-120.368401,176.457993,6,600,58,3,"e00fce6850cac69f647dc199",2026-09-10 23:40:05.48,2026-09-10 23:40:05.634,2026-09-10 23:40:05.634,2026-09-10
"1373","PPyJuS1dlU","MOOSPMv3Parser",1789084201,0,0,2,0,0,3,3,0,0,3,296,194,61935,23,14,3,15,15,40,19,15,1,41,44,18,19,38.633,24,1,35.963192,-119.291763,8.027,9,600,58,3,"e00fce68d6b773b56ce8baa0",2026-09-10 23:50:01.804,2026-09-10 23:50:01.952,2026-09-10 23:50:01.952,2026-09-10
"1374","Hs2iMsbzdu","MOOSPMv3Parser",1789084201,0,0,1,0,0,2,3,0,0,3,212,112,31456,11,10,1,11,11,38,22,11,1,41,43,20,20,28.15,73,1,36.198753,-120.104324,79.577003,8,600,58,3,"e00fce686dc2ef0a68fa40b0",2026-09-10 23:50:02.509,2026-09-10 23:50:02.689,2026-09-10 23:50:02.689,2026-09-10
"1375","JLCo4aA53P","MOOSPMv3Parser",1789084200,5,5,2,6,6,2,2,6,6,2,1276,330,68171,25,15,1,16,16,34,17,16,0,39,39,21,24,50.12,16,4,36.523186,-119.278809,65.579002,7,600,58,3,"e00fce68f12da1a0c5de6248",2026-09-10 23:50:02.977,2026-09-10 23:50:03.158,2026-09-10 23:50:03.158,2026-09-10
"1376","ZoxaCBvNoj","MOOSPMv3Parser",1789084201,1,1,1,1,1,2,3,2,2,3,331,94,154474,14,9,1,10,10,0,0,10,1,41,43,19,21,19.442,64,1,36.433632,-119.923386,17.041,6,600,58,3,"e00fce6876826e255108c6bd",2026-09-10 23:50:03.181,2026-09-10 23:50:03.342,2026-09-10 23:50:03.342,2026-09-10
"1377","zbK7WLaCCb","MOOSPMv3Parser",1789084200,3,3,2,4,4,3,4,5,5,5,876,215,208978,25,13,2,14,14,34,10,14,1,39,40,21,22,39.177,9,1,35.949623,-119.049911,117.250999,7,600,58,3,"e00fce6808784ceaf209f949",2026-09-10 23:50:03.465,2026-09-10 23:50:03.653,2026-09-10 23:50:03.653,2026-09-10
"1378","N32K5FnS1L","MOOSPMv3Parser",1789084201,1,1,1,2,2,1,2,2,2,2,1515,164,38461,14,8,1,8,8,36,14,8,1,40,41,21,24,48.565,81,1,36.503029,-120.325554,28.493999,7,600,58,3,"e00fce68e77e43df92405fdb",2026-09-10 23:50:03.739,2026-09-10 23:50:03.895,2026-09-10 23:50:03.895,2026-09-10
"1379","eG4MJj4Oz8","MOOSPMv3Parser",1789084201,1,1,1,1,1,2,2,1,1,2,513,126,182583,14,11,1,11,11,40,10,11,0,43,47,19,18,35.527,127,3277,3e-05,-0.004183,1295.052002,7,600,58,3,"e00fce68e28dcbc9a589be10",2026-09-10 23:50:04.431,2026-09-10 23:50:04.582,2026-09-10 23:50:04.582,2026-09-10
"1380","qUZlYNEVC5","MOOSPMv3Parser",1789084200,3,3,2,4,4,3,3,5,5,3,1860,258,106552,26,15,2,15,15,37,10,16,1,41,43,17,19,47.482,19,1,35.77507,-119.238464,67.406998,0,600,58,3,"e00fce68e88237db75a60608",2026-09-10 23:50:04.592,2026-09-10 23:50:04.717,2026-09-10 23:50:04.717,2026-09-10
"1381","HCZ3n2Hjcm","MOOSPMv3Parser",1789084201,2,2,0,4,4,0,0,5,5,0,1248,219,0,31,0,3,0,0,38,9,0,2,41,43,19,21,35.54,47,1,36.187519,-119.821892,35.562,8,600,58,3,"e00fce68e739ecbcf9e91965",2026-09-10 23:50:04.589,2026-09-10 23:50:04.744,2026-09-10 23:50:04.744,2026-09-10
"1382","psP98ezNXg","MOOSPMv3Parser",1789084201,1,1,1,1,1,1,1,1,1,1,660,128,278680,14,9,1,9,9,36,11,9,0,44,42,17,22,512.556,94,1,36.139088,-120.368355,180.115005,7,600,58,3,"e00fce6850cac69f647dc199",2026-09-10 23:50:05.885,2026-09-10 23:50:06.07,2026-09-10 23:50:06.07,2026-09-10
