"","objectId","event","unixtime","m_PM1_CF1","m_PM1_ATM","m_PM1_b","m_PM25_CF1","m_PM25_ATM","m_PM25_b","m_PM4_b","m_PM10_CF1","m_PM10_ATM","m_PM10_b","n_PM03_P","n_PM05_P","n_PM05_b","n_PM1_P","n_PM1_b","n_PM25_P","n_PM25_b","n_PM4_b","tempC_pms","rh_pms","n_PM10_b","typ_size_b","temp_C","tempC_sen5x","rh","rh_sen5x","o3","vocIdx","noxIdx","lat","lon","alt","sats","counter","moos","ver","coreid","published_at","createdAt","updatedAt","date"
"1","QFX434TaGL","MOOSPMv3Parser",1789862400,2,2,5,5,5,6,6,6,6,6,461,344,109967,58,42,5,42,42,33,25,42,0,33,36,27,26,35.046,16,2,35.963219,-119.29187,20.774,8,600,58,3,"e00fce68d6b773b56ce8baa0",2026-09-20 00:00:02.414,2026-09-20 00:00:02.808,2026-09-20 00:00:02.808,2026-09-20
"2","jjyLrCKJAI","MOOSPMv3Parser",1789862400,6,6,4,8,8,5,5,9,9,5,1679,328,153622,52,35,4,35,35,30,20,35,0,32,35,28,28,47.068,10,2,35.775257,-119.238533,72.496002,8,600,58,3,"e00fce68e88237db75a60608",2026-09-20 00:00:02.917,2026-09-20 00:00:03.521,2026-09-20 00:00:03.521,2026-09-20
"3","zWfwTCsEz8","MOOSPMv3Parser",1789862401,0,0,2,1,1,2,2,1,1,2,304,201,49739,29,15,2,15,15,32,26,15,0,32,35,28,25,37.327,16,1,36.198875,-120.104424,69.792999,11,600,58,3,"e00fce686dc2ef0a68fa40b0",2026-09-20 00:00:02.751,2026-09-20 00:00:03.598,2026-09-20 00:00:03.598,2026-09-20
"4","ihX6oZ197G","MOOSPMv3Parser",1789862401,5,5,3,7,7,3,3,7,7,3,1710,296,66043,38,21,2,21,21,30,20,21,0,32,33,29,31,52.873,27,1,36.503101,-120.325432,13.146,8,600,58,3,"e00fce68e77e43df92405fdb",2026-09-20 00:00:03.392,2026-09-20 00:00:03.684,2026-09-20 00:00:03.684,2026-09-20
"5","n9FjCgg6oi","MOOSPMv3Parser",1789862400,7,7,4,10,10,5,5,10,10,5,1431,384,252660,60,34,4,34,34,28,25,34,0,31,32,33,34,38.756,11,5,35.949535,-119.049934,123.848,6,600,58,3,"e00fce6808784ceaf209f949",2026-09-20 00:00:03.701,2026-09-20 00:00:04.27,2026-09-20 00:00:04.27,2026-09-20
"6","lk8qdY32av","MOOSPMv3Parser",1789862400,6,6,0,11,11,0,0,11,11,0,1692,411,0,72,0,7,0,0,31,16,0,2,33,35,28,28,39.393,15,6,36.187634,-119.822037,37.688999,6,600,58,3,"e00fce68e739ecbcf9e91965",2026-09-20 00:00:03.457,2026-09-20 00:00:04.346,2026-09-20 00:00:04.346,2026-09-20
"7","NyQ6K2Fxw1","MOOSPMv3Parser",1789862400,5,5,4,7,7,4,4,8,8,4,1180,291,310321,48,32,3,32,32,32,13,32,0,38,36,20,24,512.771,33,1,36.139046,-120.36834,175.449005,7,600,58,3,"e00fce6850cac69f647dc199",2026-09-20 00:00:03.463,2026-09-20 00:00:04.626,2026-09-20 00:00:04.626,2026-09-20
"8","QT9zIohFwB","MOOSPMv3Parser",1789862401,4,4,4,6,6,4,4,7,7,4,794,242,196743,42,29,3,30,30,0,0,30,0,32,33,30,32,27.167,64,24,36.433483,-119.923393,10.255,6,600,58,3,"e00fce6876826e255108c6bd",2026-09-20 00:00:04.367,2026-09-20 00:00:04.729,2026-09-20 00:00:04.729,2026-09-20
"9","oSlOZUGhBc","MOOSPMv3Parser",1789862401,5,5,0,7,7,0,0,8,8,0,1157,324,219311,53,0,3,0,0,33,14,0,0,34,38,25,23,45.489,42,3277,2.6e-05,0.002325,35138.355469,9,600,58,3,"e00fce68e28dcbc9a589be10",2026-09-20 00:00:03.995,2026-09-20 00:00:04.985,2026-09-20 00:00:04.985,2026-09-20
"10","M3iPvNyluz","MOOSPMv3Parser",1789862401,6,6,4,8,8,4,4,8,8,4,1181,329,116435,45,33,2,34,34,29,27,34,0,31,33,33,32,40.879,16,10,36.523518,-119.278809,83.301003,7,600,58,3,"e00fce68f12da1a0c5de6248",2026-09-20 00:00:07.751,2026-09-20 00:00:07.955,2026-09-20 00:00:07.955,2026-09-20
"11","kkzgb8JJpG","MOOSPMv3Parser",1789863000,6,6,5,8,8,5,5,9,9,5,1737,341,153654,53,37,3,37,37,31,19,37,0,33,35,27,27,46.301,10,2,35.774986,-119.238564,76.916,5,600,58,3,"e00fce68e88237db75a60608",2026-09-20 00:10:02.756,2026-09-20 00:10:02.908,2026-09-20 00:10:02.908,2026-09-20
"12","kytwy1HNgf","MOOSPMv3Parser",1789863000,3,3,6,6,6,6,6,7,7,6,491,374,110007,69,48,6,49,49,33,25,49,0,33,36,27,26,34.464,16,2,35.963264,-119.29187,43.362999,6,600,58,3,"e00fce68d6b773b56ce8baa0",2026-09-20 00:10:03.045,2026-09-20 00:10:03.208,2026-09-20 00:10:03.208,2026-09-20
"13","vXdrWx8dBR","MOOSPMv3Parser",1789863001,0,0,2,1,1,2,2,1,1,2,314,207,49753,29,17,2,17,17,31,27,17,0,32,35,28,26,39.046,24,1,36.198875,-120.104424,69.796997,0,600,58,3,"e00fce686dc2ef0a68fa40b0",2026-09-20 00:10:03.135,2026-09-20 00:10:03.371,2026-09-20 00:10:03.371,2026-09-20
"14","3ELzrjnfoH","MOOSPMv3Parser",1789863001,5,5,3,7,7,3,3,7,7,3,1699,294,66061,37,21,2,22,22,30,20,22,0,32,33,29,30,53.347,28,1,36.502934,-120.325401,26.705,7,600,58,3,"e00fce68e77e43df92405fdb",2026-09-20 00:10:03.249,2026-09-20 00:10:03.471,2026-09-20 00:10:03.471,2026-09-20
"15","umFd0ofEnf","MOOSPMv3Parser",1789863000,4,4,4,6,6,4,5,6,6,5,816,246,197097,37,30,3,31,31,0,0,31,1,32,33,30,32,27.42,65,21,36.433483,-119.923393,10.255,6,599,58,3,"e00fce6876826e255108c6bd",2026-09-20 00:10:03.566,2026-09-20 00:10:03.715,2026-09-20 00:10:03.715,2026-09-20
"16","Hp2gyQJwsp","MOOSPMv3Parser",1789863000,7,7,4,10,10,5,5,11,11,5,1467,391,252692,61,35,4,35,35,28,25,35,0,31,32,32,33,39.021,12,5,35.949547,-119.049927,101.043999,6,600,58,3,"e00fce6808784ceaf209f949",2026-09-20 00:10:03.703,2026-09-20 00:10:03.864,2026-09-20 00:10:03.864,2026-09-20
"17","lG8m0YDXIW","MOOSPMv3Parser",1789863000,6,6,0,9,9,0,0,10,10,0,1568,378,0,66,0,6,0,0,31,17,0,2,33,35,28,28,38.907,18,6,36.187561,-119.821983,35.424,8,600,58,3,"e00fce68e739ecbcf9e91965",2026-09-20 00:10:03.687,2026-09-20 00:10:03.872,2026-09-20 00:10:03.872,2026-09-20
"18","CpuVSByU8l","MOOSPMv3Parser",1789863000,4,4,3,5,5,3,3,6,6,3,945,226,310340,37,26,2,26,26,31,13,26,0,38,36,20,24,512.765,29,1,36.139145,-120.36837,170.712006,9,600,58,3,"e00fce6850cac69f647dc199",2026-09-20 00:10:03.789,2026-09-20 00:10:03.957,2026-09-20 00:10:03.957,2026-09-20
"19","mnopfI3JVf","MOOSPMv3Parser",1789863001,5,5,0,7,7,0,0,8,8,0,1168,327,219311,55,0,3,0,0,33,14,0,0,34,38,25,24,46.081,32,3277,2.6e-05,0.002325,35138.355469,9,600,58,3,"e00fce68e28dcbc9a589be10",2026-09-20 00:10:04.047,2026-09-20 00:10:04.212,2026-09-20 00:10:04.212,2026-09-20
"20","tV2RB3ej5x","MOOSPMv3Parser",1789863001,6,6,4,8,8,5,5,8,8,5,1188,325,116467,44,35,2,35,35,29,28,35,0,31,33,33,33,40.624,19,11,36.523384,-119.27877,59.034,5,600,58,3,"e00fce68f12da1a0c5de6248",2026-09-20 00:10:08.086,2026-09-20 00:10:08.256,2026-09-20 00:10:08.256,2026-09-20
"21","48A7BPN4hC","MOOSPMv3Parser",1789863600,3,3,6,7,7,7,7,7,7,7,507,389,110049,65,49,6,50,50,33,25,50,0,33,36,27,26,34.736,17,2,35.963177,-119.291931,49.84,6,600,58,3,"e00fce68d6b773b56ce8baa0",2026-09-20 00:20:02.405,2026-09-20 00:20:02.653,2026-09-20 00:20:02.653,2026-09-20
"22","SFJ8GXiHi8","MOOSPMv3Parser",1789863600,6,6,5,8,8,5,5,9,9,5,1740,342,153686,54,36,3,36,36,30,20,36,0,33,35,28,28,45.33,11,2,35.774986,-119.238564,76.912003,0,600,58,3,"e00fce68e88237db75a60608",2026-09-20 00:20:02.747,2026-09-20 00:20:02.946,2026-09-20 00:20:02.946,2026-09-20
"23","iPTSBVhqBw","MOOSPMv3Parser",1789863600,4,4,4,6,6,4,4,7,7,5,832,253,197122,45,30,5,30,30,0,0,30,1,32,33,30,32,26.97,65,21,36.433502,-119.923393,11.995,5,599,58,3,"e00fce6876826e255108c6bd",2026-09-20 00:20:03.334,2026-09-20 00:20:03.52,2026-09-20 00:20:03.52,2026-09-20
"24","avJr3imDlj","MOOSPMv3Parser",1789863601,4,4,3,6,6,3,3,7,7,3,1692,286,66080,38,22,3,22,22,30,20,22,0,32,33,28,30,51.76,35,1,36.503006,-120.325371,30.941,6,600,58,3,"e00fce68e77e43df92405fdb",2026-09-20 00:20:03.374,2026-09-20 00:20:03.574,2026-09-20 00:20:03.574,2026-09-20
"25","eGv2yu781m","MOOSPMv3Parser",1789863600,5,5,0,9,9,0,0,10,10,0,1488,363,0,68,0,7,0,0,31,17,0,2,32,35,29,28,38.776,21,7,36.187565,-119.822044,22.226999,10,600,58,3,"e00fce68e739ecbcf9e91965",2026-09-20 00:20:03.456,2026-09-20 00:20:03.626,2026-09-20 00:20:03.626,2026-09-20
"26","XIbgIVbvoW","MOOSPMv3Parser",1789863601,0,0,2,0,0,2,2,1,1,2,290,185,49765,26,15,2,15,15,31,27,15,0,32,34,28,26,37.406,20,1,36.198887,-120.104431,80.293999,7,600,58,3,"e00fce686dc2ef0a68fa40b0",2026-09-20 00:20:03.468,2026-09-20 00:20:03.634,2026-09-20 00:20:03.634,2026-09-20
"27","EXEoGYbafj","MOOSPMv3Parser",1789863600,7,7,5,10,10,5,5,11,11,5,1528,407,252724,65,36,4,36,36,28,25,36,0,31,32,33,33,39.086,12,4,35.949581,-119.04998,98.622002,8,600,58,3,"e00fce6808784ceaf209f949",2026-09-20 00:20:03.711,2026-09-20 00:20:03.897,2026-09-20 00:20:03.897,2026-09-20
"28","4RDpMnf219","MOOSPMv3Parser",1789863601,5,5,0,7,7,0,0,8,8,0,1136,318,219311,52,0,3,0,0,33,14,0,0,34,37,26,24,46.262,21,3277,2.6e-05,0.002325,35138.355469,9,600,58,3,"e00fce68e28dcbc9a589be10",2026-09-20 00:20:04.035,2026-09-20 00:20:04.218,2026-09-20 00:20:04.218,2026-09-20
"29","PrSXLcib4A","MOOSPMv3Parser",1789863600,3,3,3,5,5,3,3,5,5,3,954,226,310358,36,24,2,24,24,31,14,24,0,37,35,21,25,512.826,23,1,36.139042,-120.368355,180.475006,7,600,58,3,"e00fce6850cac69f647dc199",2026-09-20 00:20:04.441,2026-09-20 00:20:04.636,2026-09-20 00:20:04.636,2026-09-20
"30","R0wztxedzd","MOOSPMv3Parser",1789863601,6,6,5,8,8,5,5,8,8,5,1214,329,116499,46,36,2,36,36,29,28,36,0,31,32,33,32,41.119,24,12,36.523335,-119.278831,91.892998,8,600,58,3,"e00fce68f12da1a0c5de6248",2026-09-20 00:20:07.734,2026-09-20 00:20:07.918,2026-09-20 00:20:07.918,2026-09-20
"31","1TrMoAG6oK","MOOSPMv3Parser",1789864200,3,3,6,7,7,7,7,8,8,7,512,392,110089,69,49,6,49,49,32,26,49,0,33,36,28,27,34.333,17,2,35.963207,-119.29174,52.808998,9,600,58,3,"e00fce68d6b773b56ce8baa0",2026-09-20 00:30:02.611,2026-09-20 00:30:02.751,2026-09-20 00:30:02.751,2026-09-20
"32","xiGYB3ANpZ","MOOSPMv3Parser",1789864201,0,0,2,0,0,2,2,0,0,2,275,175,49777,25,14,2,14,14,30,27,14,0,32,34,28,26,38.341,11,1,36.199024,-120.10437,90.722,8,600,58,3,"e00fce686dc2ef0a68fa40b0",2026-09-20 00:30:02.704,2026-09-20 00:30:02.918,2026-09-20 00:30:02.918,2026-09-20
"33","mkA8uDPHiS","MOOSPMv3Parser",1789864200,6,6,5,8,8,5,5,9,9,5,1654,330,153718,53,37,4,37,37,30,20,37,0,33,34,28,28,46.094,14,2,35.774967,-119.238594,71.969002,6,600,58,3,"e00fce68e88237db75a60608",2026-09-20 00:30:02.757,2026-09-20 00:30:02.939,2026-09-20 00:30:02.939,2026-09-20
"34","c2dpYolpGM","MOOSPMv3Parser",1789864201,4,4,3,6,6,3,3,7,7,3,1630,276,66098,38,20,2,21,21,29,20,21,0,32,33,29,30,51.886,34,1,36.502888,-120.325317,46.327,6,600,58,3,"e00fce68e77e43df92405fdb",2026-09-20 00:30:03.199,2026-09-20 00:30:03.379,2026-09-20 00:30:03.379,2026-09-20
"35","L23vkklVh2","MOOSPMv3Parser",1789864200,4,4,3,5,5,3,3,6,6,3,937,223,310375,38,24,2,24,24,31,15,24,0,37,35,21,26,512.903,21,1,36.138985,-120.368271,185.175003,9,600,58,3,"e00fce6850cac69f647dc199",2026-09-20 00:30:03.212,2026-09-20 00:30:03.386,2026-09-20 00:30:03.386,2026-09-20
"36","2vIyU5lmYI","MOOSPMv3Parser",1789864200,6,6,0,10,10,0,0,10,10,0,1530,371,0,68,0,7,0,0,30,17,0,2,32,34,28,29,38.669,35,7,36.187618,-119.821915,27.521,8,600,58,3,"e00fce68e739ecbcf9e91965",2026-09-20 00:30:03.504,2026-09-20 00:30:03.653,2026-09-20 00:30:03.653,2026-09-20
"37","P6PN5awzO0","MOOSPMv3Parser",1789864200,4,4,4,6,6,4,4,7,7,4,796,244,197146,42,29,6,29,29,0,0,29,1,32,33,30,32,27.205,65,19,36.433475,-119.923363,30.896,6,599,58,3,"e00fce6876826e255108c6bd",2026-09-20 00:30:03.601,2026-09-20 00:30:03.762,2026-09-20 00:30:03.762,2026-09-20
"38","OT2GnrU79W","MOOSPMv3Parser",1789864200,7,7,5,11,11,5,5,11,11,5,1562,420,252756,67,37,4,37,37,28,24,37,0,31,32,32,32,38.744,13,4,35.949497,-119.049957,92.852997,6,600,58,3,"e00fce6808784ceaf209f949",2026-09-20 00:30:03.653,2026-09-20 00:30:03.79,2026-09-20 00:30:03.79,2026-09-20
"39","DcO7iwvYrV","MOOSPMv3Parser",1789864201,5,5,0,7,7,0,0,8,8,0,1166,325,219311,54,0,3,0,0,32,14,0,0,34,37,26,24,45.746,20,3277,2.6e-05,0.002325,35138.355469,9,600,58,3,"e00fce68e28dcbc9a589be10",2026-09-20 00:30:04.088,2026-09-20 00:30:04.266,2026-09-20 00:30:04.266,2026-09-20
"40","gqWHm38FKG","MOOSPMv3Parser",1789864201,6,6,5,9,9,5,5,9,9,5,1280,355,116531,51,36,3,36,36,28,28,36,0,31,32,33,32,40.289,23,12,36.523335,-119.278831,91.886002,0,600,58,3,"e00fce68f12da1a0c5de6248",2026-09-20 00:30:07.777,2026-09-20 00:30:07.943,2026-09-20 00:30:07.943,2026-09-20
"41","Ebe1s4CeCS","MOOSPMv3Parser",1789864800,3,3,6,6,6,6,6,6,6,6,476,358,110126,62,44,6,44,44,32,26,44,0,33,35,28,27,33.763,21,2,35.963196,-119.291786,49.737,9,600,58,3,"e00fce68d6b773b56ce8baa0",2026-09-20 00:40:02.253,2026-09-20 00:40:02.43,2026-09-20 00:40:02.43,2026-09-20
"42","gmmgY6jOkX","MOOSPMv3Parser",1789864800,5,5,5,8,8,5,5,8,8,5,1625,321,153749,54,36,4,36,36,30,21,36,0,32,34,28,29,45.301,14,2,35.775059,-119.238533,65.602997,6,600,58,3,"e00fce68e88237db75a60608",2026-09-20 00:40:02.826,2026-09-20 00:40:03.009,2026-09-20 00:40:03.009,2026-09-20
"43","2k3IOWNkPK","MOOSPMv3Parser",1789864801,0,0,2,0,0,2,2,1,1,2,275,176,49789,25,14,2,14,14,30,27,14,0,32,34,28,27,37.567,11,1,36.198753,-120.104393,86.841003,8,600,58,3,"e00fce686dc2ef0a68fa40b0",2026-09-20 00:40:02.992,2026-09-20 00:40:03.188,2026-09-20 00:40:03.188,2026-09-20
"44","uFyrluaZVp","MOOSPMv3Parser",1789864801,4,4,2,6,6,3,3,6,6,3,1618,276,66115,35,19,2,19,19,29,20,19,0,32,33,29,30,50.923,32,1,36.503246,-120.32547,56.881001,8,600,58,3,"e00fce68e77e43df92405fdb",2026-09-20 00:40:03.095,2026-09-20 00:40:03.246,2026-09-20 00:40:03.246,2026-09-20
"45","2Ybxp9KTsc","MOOSPMv3Parser",1789864800,3,3,4,6,6,4,4,7,7,4,778,237,197170,42,30,4,30,30,0,0,30,0,32,33,30,32,27.152,65,18,36.43364,-119.923363,27.916,5,599,58,3,"e00fce6876826e255108c6bd",2026-09-20 00:40:03.401,2026-09-20 00:40:03.565,2026-09-20 00:40:03.565,2026-09-20
"46","hJJrmWYJU6","MOOSPMv3Parser",1789864800,3,3,3,5,5,3,3,5,5,3,856,211,310392,35,24,2,24,24,30,15,24,0,36,34,22,26,512.877,19,1,36.138969,-120.368355,192.860001,11,600,58,3,"e00fce6850cac69f647dc199",2026-09-20 00:40:03.477,2026-09-20 00:40:03.645,2026-09-20 00:40:03.645,2026-09-20
"47","xevFUgNr7m","MOOSPMv3Parser",1789864800,6,6,0,10,10,0,0,10,10,0,1541,377,0,68,0,7,0,0,30,17,0,2,32,34,28,28,38.479,30,8,36.187546,-119.822021,20.235001,9,600,58,3,"e00fce68e739ecbcf9e91965",2026-09-20 00:40:03.524,2026-09-20 00:40:03.741,2026-09-20 00:40:03.741,2026-09-20
"48","3pFfJvETbE","MOOSPMv3Parser",1789864800,8,8,5,11,11,5,5,12,12,5,1647,444,252789,69,37,5,38,38,28,25,38,0,31,32,34,33,38.625,15,4,35.949577,-119.049911,106.898003,10,600,58,3,"e00fce6808784ceaf209f949",2026-09-20 00:40:03.698,2026-09-20 00:40:03.864,2026-09-20 00:40:03.864,2026-09-20
"49","57V6yHUxQy","MOOSPMv3Parser",1789864801,4,4,0,7,7,0,0,7,7,0,1109,308,219311,49,0,2,0,0,32,15,0,0,33,36,27,25,46.05,20,3277,2.6e-05,0.002325,35138.355469,9,600,58,3,"e00fce68e28dcbc9a589be10",2026-09-20 00:40:03.953,2026-09-20 00:40:04.134,2026-09-20 00:40:04.134,2026-09-20
"50","nNOAXuYFnF","MOOSPMv3Parser",1789864801,6,6,4,8,8,5,5,8,8,5,1209,330,116562,44,35,2,35,35,28,28,35,0,30,32,33,32,40.706,36,12,36.523342,-119.278847,80.429001,7,600,58,3,"e00fce68f12da1a0c5de6248",2026-09-20 00:40:07.637,2026-09-20 00:40:07.792,2026-09-20 00:40:07.792,2026-09-20
"51","TdVI85iUEl","MOOSPMv3Parser",1789865400,2,2,5,5,5,6,6,5,5,6,437,325,110161,56,41,5,41,41,32,26,41,0,33,35,28,28,34.656,23,3,35.963196,-119.291786,49.737999,0,600,58,3,"e00fce68d6b773b56ce8baa0",2026-09-20 00:50:02.493,2026-09-20 00:50:02.629,2026-09-20 00:50:02.629,2026-09-20
"52","eJAZVhnudZ","MOOSPMv3Parser",1789865400,6,6,5,9,9,5,5,10,10,5,1700,345,153782,61,37,4,37,37,30,21,37,0,32,34,29,29,44.125,18,2,35.775082,-119.238464,67.997002,8,600,58,3,"e00fce68e88237db75a60608",2026-09-20 00:50:02.746,2026-09-20 00:50:02.91,2026-09-20 00:50:02.91,2026-09-20
"53","a9AOLqBipf","MOOSPMv3Parser",1789865401,4,4,2,6,6,2,2,6,6,2,1593,265,66131,33,18,2,19,19,29,21,19,0,31,33,30,31,50.548,32,1,36.503246,-120.32547,56.884998,0,600,58,3,"e00fce68e77e43df92405fdb",2026-09-20 00:50:03.139,2026-09-20 00:50:03.31,2026-09-20 00:50:03.31,2026-09-20
"54","VJOF5xs2Ij","MOOSPMv3Parser",1789865401,0,0,2,0,0,2,2,1,1,2,267,167,49802,24,15,2,15,15,30,28,15,0,31,33,28,27,38.447,8,1,36.198742,-120.104378,77.002998,7,600,58,3,"e00fce686dc2ef0a68fa40b0",2026-09-20 00:50:03.301,2026-09-20 00:50:03.493,2026-09-20 00:50:03.493,2026-09-20
"55","umjxBkEyRd","MOOSPMv3Parser",1789865400,4,4,4,6,6,4,4,7,7,4,796,244,197195,42,29,5,29,29,0,0,29,0,32,32,31,33,26.931,66,19,36.433605,-119.923363,26.941,7,599,58,3,"e00fce6876826e255108c6bd",2026-09-20 00:50:03.486,2026-09-20 00:50:03.663,2026-09-20 00:50:03.663,2026-09-20
"56","KIQyogd69G","MOOSPMv3Parser",1789865400,6,6,0,10,10,0,0,11,11,0,1653,410,0,69,0,6,0,0,30,17,0,2,32,34,28,28,38.077,28,8,36.187557,-119.822006,23.084,9,600,58,3,"e00fce68e739ecbcf9e91965",2026-09-20 00:50:03.53,2026-09-20 00:50:03.692,2026-09-20 00:50:03.692,2026-09-20
"57","o8GsIxcDZI","MOOSPMv3Parser",1789865400,7,7,4,10,10,5,5,11,11,5,1499,400,252821,63,35,5,35,35,28,25,35,0,30,31,33,33,37.975,17,4,35.949577,-119.049911,106.893997,0,600,58,3,"e00fce6808784ceaf209f949",2026-09-20 00:50:03.639,2026-09-20 00:50:03.808,2026-09-20 00:50:03.808,2026-09-20
"58","FU4LWb2AAv","MOOSPMv3Parser",1789865401,4,4,0,6,6,0,0,7,7,0,1049,290,219311,46,0,3,0,0,32,16,0,0,33,36,27,26,45.88,18,3277,2.6e-05,0.002325,35138.355469,9,600,58,3,"e00fce68e28dcbc9a589be10",2026-09-20 00:50:04.231,2026-09-20 00:50:04.434,2026-09-20 00:50:04.434,2026-09-20
"59","0eYd70cvS9","MOOSPMv3Parser",1789865400,3,3,3,5,5,3,3,5,5,3,850,205,310408,33,22,2,22,22,30,15,22,0,35,34,22,26,512.939,17,1,36.138969,-120.368355,192.858002,0,600,58,3,"e00fce6850cac69f647dc199",2026-09-20 00:50:05.084,2026-09-20 00:50:05.273,2026-09-20 00:50:05.273,2026-09-20
"60","QQ7Kp5Tzp1","MOOSPMv3Parser",1789865401,6,6,5,8,8,5,5,9,9,5,1223,339,116593,50,37,3,37,37,28,28,37,0,30,32,32,32,40.12,50,12,36.523392,-119.278732,98.318001,7,600,58,3,"e00fce68f12da1a0c5de6248",2026-09-20 00:50:13.697,2026-09-20 00:50:13.897,2026-09-20 00:50:13.897,2026-09-20
"61","RKoaCDOHPE","MOOSPMv3Parser",1789866000,2,2,5,5,5,5,5,5,5,5,429,318,110193,55,39,4,39,39,32,26,39,0,32,35,29,28,34.476,27,3,35.963135,-119.291672,50.353001,10,600,58,3,"e00fce68d6b773b56ce8baa0",2026-09-20 01:00:02.248,2026-09-20 01:00:02.516,2026-09-20 01:00:02.516,2026-09-20
"62","r27S59PZRu","MOOSPMv3Parser",1789866000,6,6,5,9,9,5,5,9,9,5,1718,347,153816,54,39,3,39,39,30,21,39,0,32,34,28,29,43.326,20,2,35.775051,-119.238548,68.568001,8,600,58,3,"e00fce68e88237db75a60608",2026-09-20 01:00:02.893,2026-09-20 01:00:03.037,2026-09-20 01:00:03.037,2026-09-20
"63","ShYlwT4CoF","MOOSPMv3Parser",1789866001,4,4,2,5,5,2,2,5,5,2,1514,252,66147,31,19,1,19,19,29,20,19,0,31,32,29,30,49.691,39,1,36.503166,-120.325386,51.033001,12,600,58,3,"e00fce68e77e43df92405fdb",2026-09-20 01:00:03.156,2026-09-20 01:00:03.385,2026-09-20 01:00:03.385,2026-09-20
"64","rLN9TsVzJK","MOOSPMv3Parser",1789866000,3,3,4,5,5,4,5,6,6,5,767,232,197220,34,29,4,30,30,0,0,30,1,31,32,31,33,26.553,66,18,36.433636,-119.923409,27.379,10,599,58,3,"e00fce6876826e255108c6bd",2026-09-20 01:00:03.327,2026-09-20 01:00:03.56,2026-09-20 01:00:03.56,2026-09-20
"65","nQbPM9qib4","MOOSPMv3Parser",1789866001,0,0,2,0,0,2,2,0,0,2,266,166,49814,23,15,2,15,15,30,28,15,0,31,33,29,28,38.617,7,1,36.198811,-120.104431,61.716999,9,600,58,3,"e00fce686dc2ef0a68fa40b0",2026-09-20 01:00:03.476,2026-09-20 01:00:03.695,2026-09-20 01:00:03.695,2026-09-20
"66","pxcfNk4HS7","MOOSPMv3Parser",1789866000,5,5,0,8,8,0,0,9,9,0,1419,340,0,58,0,5,0,0,30,18,0,2,32,33,29,30,37.465,28,9,36.187546,-119.82193,33.518002,8,600,58,3,"e00fce68e739ecbcf9e91965",2026-09-20 01:00:03.526,2026-09-20 01:00:03.697,2026-09-20 01:00:03.697,2026-09-20
"67","FcCAKCDOpK","MOOSPMv3Parser",1789866000,7,7,4,10,10,5,5,11,11,5,1524,404,252852,64,35,4,35,35,28,25,35,0,30,31,33,33,37.315,18,4,35.949638,-119.049896,98.056,10,600,58,3,"e00fce6808784ceaf209f949",2026-09-20 01:00:03.715,2026-09-20 01:00:03.898,2026-09-20 01:00:03.898,2026-09-20
"68","3ARHORNcl9","MOOSPMv3Parser",1789866001,4,4,0,7,7,0,0,7,7,0,1086,304,219311,50,0,3,0,0,31,16,0,0,33,35,27,26,46.313,16,3277,2.6e-05,0.002325,35138.355469,9,600,58,3,"e00fce68e28dcbc9a589be10",2026-09-20 01:00:03.958,2026-09-20 01:00:04.107,2026-09-20 01:00:04.107,2026-09-20
"69","yjBpjIJqjg","MOOSPMv3Parser",1789866000,3,3,3,5,5,3,3,5,5,3,832,200,310425,35,22,2,22,22,29,16,22,0,35,33,23,27,512.976,14,1,36.138966,-120.368332,178.151993,11,600,58,3,"e00fce6850cac69f647dc199",2026-09-20 01:00:04.118,2026-09-20 01:00:04.275,2026-09-20 01:00:04.275,2026-09-20
"70","o7KLNauzIo","MOOSPMv3Parser",1789866001,6,6,5,8,8,5,5,8,8,5,1213,334,116626,47,37,2,37,37,28,28,37,0,30,32,32,32,41.561,21,12,36.523327,-119.27874,84.597,6,600,58,3,"e00fce68f12da1a0c5de6248",2026-09-20 01:00:07.818,2026-09-20 01:00:07.977,2026-09-20 01:00:07.977,2026-09-20
"71","j2fPN4VxLt","MOOSPMv3Parser",1789866601,0,0,2,0,0,2,2,1,1,2,282,178,49827,26,15,2,15,15,29,28,15,0,31,33,29,28,37.55,10,1,36.198898,-120.104385,83.301003,8,600,58,3,"e00fce686dc2ef0a68fa40b0",2026-09-20 01:10:02.535,2026-09-20 01:10:02.747,2026-09-20 01:10:02.747,2026-09-20
"72","TuY8aSrm84","MOOSPMv3Parser",1789866600,2,2,5,5,5,5,5,5,5,5,430,317,110226,54,39,5,40,40,31,27,40,0,32,35,30,29,34.543,24,3,35.963196,-119.291847,32.375,9,600,58,3,"e00fce68d6b773b56ce8baa0",2026-09-20 01:10:02.566,2026-09-20 01:10:02.776,2026-09-20 01:10:02.776,2026-09-20
"73","ImPO2vNunG","MOOSPMv3Parser",1789866600,7,7,5,10,10,6,6,10,10,6,1805,373,153851,63,41,5,41,41,29,22,41,0,32,33,29,29,44.229,19,2,35.775082,-119.238518,60.056999,10,600,58,3,"e00fce68e88237db75a60608",2026-09-20 01:10:02.827,2026-09-20 01:10:02.99,2026-09-20 01:10:02.99,2026-09-20
"74","iUsgkVMzBK","MOOSPMv3Parser",1789866601,4,4,3,6,6,5,6,7,7,7,1663,272,66167,39,25,4,27,27,29,21,27,1,31,32,30,31,49.362,34,1,36.503185,-120.325417,57.275002,11,600,58,3,"e00fce68e77e43df92405fdb",2026-09-20 01:10:03.149,2026-09-20 01:10:03.31,2026-09-20 01:10:03.31,2026-09-20
"75","gVaZNwG7dP","MOOSPMv3Parser",1789866600,3,3,3,4,4,3,3,4,4,3,783,189,310441,29,21,2,21,21,29,16,21,0,34,33,23,27,513.057,14,1,36.138966,-120.36837,180.653,7,600,58,3,"e00fce6850cac69f647dc199",2026-09-20 01:10:03.36,2026-09-20 01:10:03.49,2026-09-20 01:10:03.49,2026-09-20
"76","4gkQoLqyHX","MOOSPMv3Parser",1789866600,3,3,4,6,6,4,5,7,7,5,776,234,197245,42,29,4,30,30,0,0,30,1,31,32,32,34,25.584,66,16,36.43364,-119.923378,16.862,11,599,58,3,"e00fce6876826e255108c6bd",2026-09-20 01:10:03.334,2026-09-20 01:10:03.502,2026-09-20 01:10:03.502,2026-09-20
"77","Iwk4ykScWx","MOOSPMv3Parser",1789866600,5,5,0,8,8,0,0,8,8,0,1301,319,0,57,0,5,0,0,29,19,0,2,31,33,30,30,36.844,27,9,36.187443,-119.821945,24.115,8,600,58,3,"e00fce68e739ecbcf9e91965",2026-09-20 01:10:03.457,2026-09-20 01:10:03.64,2026-09-20 01:10:03.64,2026-09-20
"78","krrMLuzx36","MOOSPMv3Parser",1789866600,7,7,5,10,10,5,5,10,10,5,1469,392,252884,61,36,4,36,36,28,26,36,0,30,31,34,34,36.149,22,3,35.949574,-119.049934,117.848999,11,600,58,3,"e00fce6808784ceaf209f949",2026-09-20 01:10:03.635,2026-09-20 01:10:03.852,2026-09-20 01:10:03.852,2026-09-20
"79","qyXB7Kkz0x","MOOSPMv3Parser",1789866601,5,5,0,8,8,0,0,8,8,0,1165,329,219311,56,0,3,0,0,31,17,0,0,32,35,30,27,45,19,3277,2.6e-05,0.002325,35138.355469,9,600,58,3,"e00fce68e28dcbc9a589be10",2026-09-20 01:10:04.209,2026-09-20 01:10:04.437,2026-09-20 01:10:04.437,2026-09-20
"80","LfB7oVYOpc","MOOSPMv3Parser",1789866601,6,6,5,8,8,5,5,8,8,5,1197,328,116658,49,38,3,38,38,28,28,38,0,30,31,33,33,40.052,32,13,36.523369,-119.278786,72.516998,7,600,58,3,"e00fce68f12da1a0c5de6248",2026-09-20 01:10:07.937,2026-09-20 01:10:08.105,2026-09-20 01:10:08.105,2026-09-20
"81","w63miLgbwr","MOOSPMv3Parser",1789867200,2,2,5,5,5,5,5,5,5,5,437,320,110259,56,39,6,40,40,31,28,40,0,32,34,30,30,32.43,43,3,35.963169,-119.29184,52.580002,9,600,58,3,"e00fce68d6b773b56ce8baa0",2026-09-20 01:20:02.421,2026-09-20 01:20:02.611,2026-09-20 01:20:02.611,2026-09-20
"82","rj7Ge3olDd","MOOSPMv3Parser",1789867200,7,7,6,10,10,6,6,10,10,6,1798,372,153891,62,45,3,45,45,29,23,45,0,31,33,30,30,42.774,24,2,35.775043,-119.238571,66.693001,9,600,58,3,"e00fce68e88237db75a60608",2026-09-20 01:20:02.826,2026-09-20 01:20:03.011,2026-09-20 01:20:03.011,2026-09-20
"83","UczJmAyk6F","MOOSPMv3Parser",1789867201,0,0,2,0,0,2,2,0,0,2,276,174,49839,23,14,2,14,14,29,29,14,0,31,33,29,28,35.356,32,1,36.198883,-120.104454,73.238998,9,600,58,3,"e00fce686dc2ef0a68fa40b0",2026-09-20 01:20:02.845,2026-09-20 01:20:03.024,2026-09-20 01:20:03.024,2026-09-20
"84","vTy2pGBafG","MOOSPMv3Parser",1789867201,4,4,2,5,5,3,3,5,5,3,1509,247,66182,31,18,1,18,18,28,22,18,0,30,32,31,32,49.163,32,1,36.503155,-120.325401,41.792,12,600,58,3,"e00fce68e77e43df92405fdb",2026-09-20 01:20:03.238,2026-09-20 01:20:03.436,2026-09-20 01:20:03.436,2026-09-20
"85","yI1EjrAN0l","MOOSPMv3Parser",1789867200,3,3,4,6,6,4,5,7,7,5,760,233,197270,40,30,5,30,31,0,0,31,1,31,32,32,34,25.754,66,15,36.433617,-119.923332,24.792999,9,599,58,3,"e00fce6876826e255108c6bd",2026-09-20 01:20:03.414,2026-09-20 01:20:03.602,2026-09-20 01:20:03.602,2026-09-20
"86","tBJ7DRABuM","MOOSPMv3Parser",1789867200,3,3,3,4,4,3,3,5,5,3,756,186,310457,33,20,2,20,20,28,17,20,0,34,32,24,29,513.083,13,1,36.138962,-120.36837,174.199005,8,600,58,3,"e00fce6850cac69f647dc199",2026-09-20 01:20:03.471,2026-09-20 01:20:03.616,2026-09-20 01:20:03.616,2026-09-20
"87","P3704ZRX9j","MOOSPMv3Parser",1789867200,4,4,0,7,7,0,0,8,8,0,1245,303,0,50,0,4,0,0,29,19,0,2,31,32,30,30,36.599,29,12,36.187508,-119.821983,32.277,10,600,58,3,"e00fce68e739ecbcf9e91965",2026-09-20 01:20:03.535,2026-09-20 01:20:03.712,2026-09-20 01:20:03.712,2026-09-20
"88","KTzm3cmZuF","MOOSPMv3Parser",1789867200,7,7,5,11,11,6,6,11,11,6,1513,407,252921,68,42,5,43,43,28,27,43,0,30,31,36,35,34.498,38,3,35.949631,-119.049919,109.817001,8,600,58,3,"e00fce6808784ceaf209f949",2026-09-20 01:20:03.623,2026-09-20 01:20:03.826,2026-09-20 01:20:03.826,2026-09-20
"89","AakF4FHhSV","MOOSPMv3Parser",1789867201,5,5,0,7,7,0,0,8,8,0,1060,298,219311,50,0,3,0,0,30,18,0,0,31,34,31,28,43.335,20,3277,2.6e-05,0.002325,35138.355469,9,600,58,3,"e00fce68e28dcbc9a589be10",2026-09-20 01:20:04.032,2026-09-20 01:20:04.217,2026-09-20 01:20:04.217,2026-09-20
"90","T6yAWuVroV","MOOSPMv3Parser",1789867201,6,6,5,8,8,5,5,8,8,5,1189,327,116691,45,38,2,38,38,28,29,38,0,29,31,35,34,39.977,35,13,36.523476,-119.278831,73.859001,7,600,58,3,"e00fce68f12da1a0c5de6248",2026-09-20 01:20:07.648,2026-09-20 01:20:07.831,2026-09-20 01:20:07.831,2026-09-20
"91","QakwobZv0p","MOOSPMv3Parser",1789867800,3,3,5,6,6,6,6,6,6,6,457,338,110294,58,42,7,42,42,31,28,42,0,31,34,31,30,30.78,54,3,35.963154,-119.291801,29.723,9,600,58,3,"e00fce68d6b773b56ce8baa0",2026-09-20 01:30:02.739,2026-09-20 01:30:02.922,2026-09-20 01:30:02.922,2026-09-20
"92","KpS03goJwI","MOOSPMv3Parser",1789867800,7,7,6,11,11,7,7,11,11,7,1873,401,153934,69,49,6,49,49,29,23,49,0,31,32,30,31,42.313,38,2,35.77499,-119.238518,51.188999,9,600,58,3,"e00fce68e88237db75a60608",2026-09-20 01:30:02.826,2026-09-20 01:30:02.978,2026-09-20 01:30:02.978,2026-09-20
"93","DfB6KHwZQn","MOOSPMv3Parser",1789867801,4,4,2,5,5,2,2,5,5,2,1501,248,66198,32,19,2,19,19,28,23,19,0,30,31,32,33,48.163,35,1,36.50312,-120.325378,46.882999,10,600,58,3,"e00fce68e77e43df92405fdb",2026-09-20 01:30:03.169,2026-09-20 01:30:03.335,2026-09-20 01:30:03.335,2026-09-20
"94","R40fR2RnBj","MOOSPMv3Parser",1789867801,0,0,2,0,0,2,2,1,1,2,273,172,49850,23,14,1,14,14,29,29,14,0,31,32,30,29,35.767,24,1,36.198833,-120.104401,74.75,10,600,58,3,"e00fce686dc2ef0a68fa40b0",2026-09-20 01:30:03.247,2026-09-20 01:30:03.454,2026-09-20 01:30:03.454,2026-09-20
"95","tCQzTQySV3","MOOSPMv3Parser",1789867800,5,5,0,8,8,0,0,9,9,0,1365,338,0,58,0,6,0,0,28,20,0,2,30,32,31,32,36.065,27,15,36.187531,-119.822121,21.763,11,600,58,3,"e00fce68e739ecbcf9e91965",2026-09-20 01:30:03.52,2026-09-20 01:30:03.715,2026-09-20 01:30:03.715,2026-09-20
"96","Zc7oNoGCQ6","MOOSPMv3Parser",1789867800,10,10,9,16,15,10,10,17,17,10,1807,558,197331,105,71,9,71,71,0,0,71,0,30,31,33,35,25.191,67,12,36.433708,-119.923325,39.772999,12,599,58,3,"e00fce6876826e255108c6bd",2026-09-20 01:30:03.559,2026-09-20 01:30:03.742,2026-09-20 01:30:03.742,2026-09-20
"97","Q89gNLrxRh","MOOSPMv3Parser",1789867800,8,8,5,11,11,6,6,11,11,7,1552,416,252954,68,37,4,38,38,28,28,39,1,29,31,36,35,31.667,75,3,35.949703,-119.049957,105.501999,12,600,58,3,"e00fce6808784ceaf209f949",2026-09-20 01:30:03.703,2026-09-20 01:30:03.88,2026-09-20 01:30:03.88,2026-09-20
"98","ahzAiQjnNO","MOOSPMv3Parser",1789867800,3,3,3,5,5,3,3,5,5,3,812,199,310473,30,21,2,21,21,28,18,21,0,33,31,25,29,513.067,13,1,36.138939,-120.368362,181.313004,8,600,58,3,"e00fce6850cac69f647dc199",2026-09-20 01:30:03.792,2026-09-20 01:30:03.966,2026-09-20 01:30:03.966,2026-09-20
"99","h5zzJelmcJ","MOOSPMv3Parser",1789867801,5,5,0,7,7,0,0,8,8,0,1015,288,219311,44,0,3,0,0,30,18,0,0,30,34,31,29,42.932,28,3277,2.6e-05,0.002325,35138.355469,9,600,58,3,"e00fce68e28dcbc9a589be10",2026-09-20 01:30:04.039,2026-09-20 01:30:04.185,2026-09-20 01:30:04.185,2026-09-20
"100","gLIIW00JS7","MOOSPMv3Parser",1789867801,6,6,5,8,8,5,5,8,8,5,1259,342,116725,47,39,3,39,39,27,31,39,0,28,31,36,35,37.205,69,13,36.523411,-119.278809,83.433998,10,600,58,3,"e00fce68f12da1a0c5de6248",2026-09-20 01:30:08.046,2026-09-20 01:30:08.194,2026-09-20 01:30:08.194,2026-09-20
"101","3DIHr7uC2v","MOOSPMv3Parser",1789868400,3,3,6,6,6,6,6,7,7,6,477,360,110332,62,45,6,45,45,30,29,45,0,31,33,32,31,22.807,146,2,35.963207,-119.291809,19.962999,9,600,58,3,"e00fce68d6b773b56ce8baa0",2026-09-20 01:40:02.248,2026-09-20 01:40:02.4,2026-09-20 01:40:02.4,2026-09-20
"102","rj8DcLBFbN","MOOSPMv3Parser",1789868400,8,8,7,12,12,7,7,12,12,7,1962,428,153980,76,52,5,52,52,28,24,52,0,30,32,31,32,41.691,41,2,35.775093,-119.238533,59.622002,12,600,58,3,"e00fce68e88237db75a60608",2026-09-20 01:40:02.826,2026-09-20 01:40:02.973,2026-09-20 01:40:02.973,2026-09-20
"103","NsucqIQjBe","MOOSPMv3Parser",1789868401,4,4,2,6,6,2,2,6,6,2,1537,265,66215,33,19,2,19,19,28,23,19,0,29,31,33,33,47.172,40,1,36.503185,-120.325386,48.028999,14,600,58,3,"e00fce68e77e43df92405fdb",2026-09-20 01:40:03.113,2026-09-20 01:40:03.285,2026-09-20 01:40:03.285,2026-09-20
"104","Gb9wFZfzDA","MOOSPMv3Parser",1789868400,22,20,21,36,33,22,22,39,39,22,3759,1159,197474,238,165,25,165,165,0,0,165,0,30,31,35,35,22.68,67,3,36.433632,-119.923363,31.9,8,599,58,3,"e00fce6876826e255108c6bd",2026-09-20 01:40:03.421,2026-09-20 01:40:03.569,2026-09-20 01:40:03.569,2026-09-20
"105","eQ2dTvP9zX","MOOSPMv3Parser",1789868400,4,4,0,7,7,0,0,8,8,0,1260,306,0,53,0,5,0,0,28,21,0,2,30,31,32,32,35.297,42,16,36.187531,-119.822121,21.764,0,600,58,3,"e00fce68e739ecbcf9e91965",2026-09-20 01:40:03.529,2026-09-20 01:40:03.687,2026-09-20 01:40:03.687,2026-09-20
"106","7r9iZmGxdH","MOOSPMv3Parser",1789868401,0,0,2,1,1,2,2,1,1,2,284,187,49863,25,16,2,16,16,29,30,16,0,30,32,32,30,34.739,49,1,36.198891,-120.1045,54.073002,7,600,58,3,"e00fce686dc2ef0a68fa40b0",2026-09-20 01:40:03.541,2026-09-20 01:40:03.714,2026-09-20 01:40:03.714,2026-09-20
"107","LcmAylf483","MOOSPMv3Parser",1789868400,7,7,4,10,10,5,5,10,10,5,1461,392,252986,61,35,3,35,35,27,29,35,0,29,31,38,36,32.043,62,2,35.94968,-119.050018,89.945999,10,600,58,3,"e00fce6808784ceaf209f949",2026-09-20 01:40:03.701,2026-09-20 01:40:03.939,2026-09-20 01:40:03.939,2026-09-20
"108","K22qj0SB8u","MOOSPMv3Parser",1789868400,3,3,3,5,5,3,3,5,5,3,804,197,310489,31,22,2,22,22,28,19,22,0,33,31,25,30,513.018,13,1,36.139004,-120.368469,160.106003,7,600,58,3,"e00fce6850cac69f647dc199",2026-09-20 01:40:04.121,2026-09-20 01:40:04.284,2026-09-20 01:40:04.284,2026-09-20
"109","glpSw4RxoD","MOOSPMv3Parser",1789868401,9,9,0,12,12,0,0,13,13,0,1636,462,219311,79,0,4,0,0,29,19,0,0,30,33,33,30,39.862,142,3277,2.6e-05,0.002325,35138.355469,9,600,58,3,"e00fce68e28dcbc9a589be10",2026-09-20 01:40:04.278,2026-09-20 01:40:04.444,2026-09-20 01:40:04.444,2026-09-20
"110","ppjSYKaLDZ","MOOSPMv3Parser",1789868401,7,7,5,9,9,5,5,10,10,5,1580,386,116760,55,41,3,41,41,27,33,41,0,28,30,40,37,35.803,178,10,36.523407,-119.278862,80.93,7,600,58,3,"e00fce68f12da1a0c5de6248",2026-09-20 01:40:07.949,2026-09-20 01:40:08.26,2026-09-20 01:40:08.26,2026-09-20
"111","FQ2PmuNAxA","MOOSPMv3Parser",1789869001,0,0,2,1,1,3,3,2,2,3,303,201,49879,31,19,2,19,19,28,31,19,0,30,32,33,31,34.167,78,1,36.198868,-120.104454,82.656998,14,600,58,3,"e00fce686dc2ef0a68fa40b0",2026-09-20 01:50:02.523,2026-09-20 01:50:02.676,2026-09-20 01:50:02.676,2026-09-20
"112","xaVz3eYcgu","MOOSPMv3Parser",1789869000,2,2,6,6,6,6,6,6,6,6,452,341,110369,60,44,6,44,44,30,30,44,0,30,33,34,32,24.237,156,2,35.963173,-119.291817,45.054001,10,600,58,3,"e00fce68d6b773b56ce8baa0",2026-09-20 01:50:02.643,2026-09-20 01:50:02.784,2026-09-20 01:50:02.784,2026-09-20
"113","iGrRB14uH1","MOOSPMv3Parser",1789869000,8,8,7,13,13,7,7,13,13,7,2080,464,154027,83,55,5,55,55,28,25,55,0,30,31,33,33,40.971,51,2,35.775097,-119.238541,53.851002,11,600,58,3,"e00fce68e88237db75a60608",2026-09-20 01:50:02.825,2026-09-20 01:50:03.024,2026-09-20 01:50:03.024,2026-09-20
"114","GWNimZQ1DR","MOOSPMv3Parser",1789869001,4,4,3,6,6,3,3,6,6,3,1537,262,66234,35,22,2,22,22,27,24,22,0,28,30,34,34,47.44,41,1,36.503174,-120.325394,53.43,13,600,58,3,"e00fce68e77e43df92405fdb",2026-09-20 01:50:03.146,2026-09-20 01:50:03.363,2026-09-20 01:50:03.363,2026-09-20
"115","5iJQsOes01","MOOSPMv3Parser",1789869000,5,5,0,10,10,0,0,11,11,0,1400,346,0,68,0,9,0,0,28,22,0,2,29,31,33,33,33.647,63,18,36.187523,-119.822083,26.136999,10,600,58,3,"e00fce68e739ecbcf9e91965",2026-09-20 01:50:03.537,2026-09-20 01:50:03.716,2026-09-20 01:50:03.716,2026-09-20
"116","D7eZZ7HlsW","MOOSPMv3Parser",1789869000,7,7,5,10,10,5,5,11,11,5,1474,399,253020,68,36,5,37,37,27,30,37,0,28,30,39,37,28.948,93,2,35.949566,-119.050011,122.636002,7,600,58,3,"e00fce6808784ceaf209f949",2026-09-20 01:50:03.687,2026-09-20 01:50:03.876,2026-09-20 01:50:03.876,2026-09-20
"117","zCUuDCiqEK","MOOSPMv3Parser",1789869001,19,18,0,29,28,0,0,30,30,0,3402,968,219311,181,0,14,0,0,29,21,0,0,29,32,35,32,36.19,275,3277,2.6e-05,0.002325,35138.355469,9,600,58,3,"e00fce68e28dcbc9a589be10",2026-09-20 01:50:04.058,2026-09-20 01:50:04.206,2026-09-20 01:50:04.206,2026-09-20
"118","KhAWAOXKMo","MOOSPMv3Parser",1789869001,11,11,12,20,20,13,14,23,23,14,2040,629,197229,140,97,20,98,98,1,0,98,1,29,31,37,37,23.257,67,2,36.433636,-119.923363,20.437,12,600,58,3,"e00fce6876826e255108c6bd",2026-09-20 01:50:04.369,2026-09-20 01:50:04.562,2026-09-20 01:50:04.562,2026-09-20
"119","ZKlxXgqr7o","MOOSPMv3Parser",1789869000,3,3,3,5,5,3,3,5,5,3,828,201,310508,31,25,2,25,25,27,19,25,0,33,31,25,30,513.058,14,2,36.13895,-120.368378,180.697998,6,600,58,3,"e00fce6850cac69f647dc199",2026-09-20 01:50:04.86,2026-09-20 01:50:05.048,2026-09-20 01:50:05.048,2026-09-20
"120","lFv9rTAIqj","MOOSPMv3Parser",1789869001,6,6,5,9,9,5,5,9,9,5,1535,370,116794,49,39,2,39,39,26,34,39,0,27,30,40,37,34.787,135,8,36.523411,-119.278839,80.134003,9,600,58,3,"e00fce68f12da1a0c5de6248",2026-09-20 01:50:08.413,2026-09-20 01:50:08.663,2026-09-20 01:50:08.663,2026-09-20
"121","61m8mGwyCt","MOOSPMv3Parser",1789869600,3,3,7,7,7,7,7,8,8,7,504,383,110412,70,51,7,52,52,29,31,52,0,30,32,35,33,25.267,151,2,35.963055,-119.291809,55.952,12,600,58,3,"e00fce68d6b773b56ce8baa0",2026-09-20 02:00:02.18,2026-09-20 02:00:02.636,2026-09-20 02:00:02.636,2026-09-20
"122","kAoFWASfLa","MOOSPMv3Parser",1789869601,0,0,3,1,1,3,3,2,2,3,312,208,49897,32,21,3,21,21,28,31,21,0,29,32,34,31,32.254,72,1,36.198868,-120.104454,82.657997,0,600,58,3,"e00fce686dc2ef0a68fa40b0",2026-09-20 02:00:02.809,2026-09-20 02:00:03.284,2026-09-20 02:00:03.284,2026-09-20
"123","F356tzlxs0","MOOSPMv3Parser",1789869600,9,9,7,12,12,8,8,13,13,8,2092,468,154076,75,56,4,56,56,27,27,56,0,29,31,34,34,39.67,65,2,35.775028,-119.238564,62.341999,8,600,58,3,"e00fce68e88237db75a60608",2026-09-20 02:00:03.07,2026-09-20 02:00:03.516,2026-09-20 02:00:03.516,2026-09-20
"124","WSaKiUj7TQ","MOOSPMv3Parser",1789869600,6,6,0,9,9,0,0,9,9,0,1320,325,0,53,0,4,0,0,27,23,0,2,29,30,34,34,33.143,75,17,36.187531,-119.822098,22.24,12,600,58,3,"e00fce68e739ecbcf9e91965",2026-09-20 02:00:03.457,2026-09-20 02:00:03.79,2026-09-20 02:00:03.79,2026-09-20
"125","kKElTlL9VK","MOOSPMv3Parser",1789869600,17,16,20,30,28,21,21,34,34,21,2994,928,197692,212,154,25,155,155,1,1,155,1,28,30,38,37,22.472,67,2,36.433636,-119.923363,20.437,12,599,58,3,"e00fce6876826e255108c6bd",2026-09-20 02:00:03.651,2026-09-20 02:00:03.839,2026-09-20 02:00:03.839,2026-09-20
"126","F8a0o4XCJC","MOOSPMv3Parser",1789869600,3,3,3,5,5,3,3,6,6,3,885,215,310527,37,25,2,25,25,27,20,25,0,32,30,26,31,513.097,19,2,36.138977,-120.36824,184.457001,7,600,58,3,"e00fce6850cac69f647dc199",2026-09-20 02:00:03.675,2026-09-20 02:00:03.859,2026-09-20 02:00:03.859,2026-09-20
"127","GB7qb6GFbC","MOOSPMv3Parser",1789869601,21,20,0,33,31,0,0,34,34,0,3694,1059,219311,217,0,16,0,0,28,22,0,0,28,32,36,32,35.293,268,3277,2.6e-05,0.002325,35138.355469,9,600,58,3,"e00fce68e28dcbc9a589be10",2026-09-20 02:00:04.036,2026-09-20 02:00:04.347,2026-09-20 02:00:04.347,2026-09-20
"128","9Xqrfgg88A","MOOSPMv3Parser",1789869600,7,7,4,10,10,5,5,11,11,5,1495,406,253052,62,35,3,35,35,26,32,35,0,28,29,41,39,27.975,146,2,35.949615,-119.049965,120.889,9,600,58,3,"e00fce6808784ceaf209f949",2026-09-20 02:00:04.422,2026-09-20 02:00:04.673,2026-09-20 02:00:04.673,2026-09-20
"129","KqsM8NzVWr","MOOSPMv3Parser",1789869601,6,6,5,9,9,5,5,9,9,5,1279,357,116828,53,39,3,40,40,26,36,40,0,26,29,45,39,32.501,131,7,36.523376,-119.278839,91.191002,6,600,58,3,"e00fce68f12da1a0c5de6248",2026-09-20 02:00:07.806,2026-09-20 02:00:08.068,2026-09-20 02:00:08.068,2026-09-20
"130","fDGFAxIhIK","MOOSPMv3Parser",1789869601,4,4,3,5,5,3,3,6,6,3,1506,251,66251,31,20,2,20,20,26,26,20,0,28,29,36,36,44.084,59,1,36.503212,-120.325432,60.005001,12,600,58,3,"e00fce68e77e43df92405fdb",2026-09-20 02:00:08.872,2026-09-20 02:00:09.052,2026-09-20 02:00:09.052,2026-09-20
"131","QXeml6tsG8","MOOSPMv3Parser",1789870200,6,6,9,14,14,10,10,16,16,10,646,513,110472,92,71,10,72,72,28,31,72,0,29,31,37,34,26.628,120,2,35.963272,-119.291725,58.994999,9,600,58,3,"e00fce68d6b773b56ce8baa0",2026-09-20 02:10:02.559,2026-09-20 02:10:02.753,2026-09-20 02:10:02.753,2026-09-20
"132","W57jglxgS3","MOOSPMv3Parser",1789870200,8,8,7,13,13,8,8,13,13,8,2107,470,154127,82,58,5,59,59,27,28,59,0,29,30,35,35,38.679,79,2,35.775028,-119.238564,62.348,0,600,58,3,"e00fce68e88237db75a60608",2026-09-20 02:10:02.888,2026-09-20 02:10:03.083,2026-09-20 02:10:03.083,2026-09-20
"133","8JSmDsJnUK","MOOSPMv3Parser",1789870201,0,0,3,1,1,3,3,1,1,3,300,196,49914,30,20,2,21,21,28,32,21,1,29,31,35,32,30.816,108,1,36.198868,-120.104454,74.709,13,600,58,3,"e00fce686dc2ef0a68fa40b0",2026-09-20 02:10:03.153,2026-09-20 02:10:03.379,2026-09-20 02:10:03.379,2026-09-20
"134","ieidVhiEB8","MOOSPMv3Parser",1789870201,4,4,3,6,6,3,3,6,6,3,1564,266,66270,32,22,2,22,22,26,28,22,0,27,28,38,38,44.72,65,1,36.503166,-120.325386,48.473999,11,600,58,3,"e00fce68e77e43df92405fdb",2026-09-20 02:10:03.246,2026-09-20 02:10:03.405,2026-09-20 02:10:03.405,2026-09-20
"135","V924jRoGTb","MOOSPMv3Parser",1789870200,6,6,0,9,9,0,0,10,10,0,1311,324,0,59,0,6,0,0,27,24,0,2,29,30,34,35,32.161,120,17,36.187538,-119.822067,24.681,10,600,58,3,"e00fce68e739ecbcf9e91965",2026-09-20 02:10:03.528,2026-09-20 02:10:03.659,2026-09-20 02:10:03.659,2026-09-20
"136","lqx3AftBmp","MOOSPMv3Parser",1789870200,43,31,47,74,52,50,50,84,64,50,7377,2287,198011,501,368,58,370,370,1,0,370,1,28,30,40,39,18.973,67,1,36.433655,-119.923355,32.673,13,599,58,3,"e00fce6876826e255108c6bd",2026-09-20 02:10:03.486,2026-09-20 02:10:03.677,2026-09-20 02:10:03.677,2026-09-20
"137","nwwfgf34ba","MOOSPMv3Parser",1789870200,7,7,5,10,10,5,5,11,11,5,1510,410,253084,65,37,4,37,37,26,36,37,0,26,29,46,42,25.492,202,2,35.949726,-119.049965,125.556,7,600,58,3,"e00fce6808784ceaf209f949",2026-09-20 02:10:03.784,2026-09-20 02:10:03.984,2026-09-20 02:10:03.984,2026-09-20
"138","S8kecrrBIv","MOOSPMv3Parser",1789870201,10,10,0,14,14,0,0,15,15,0,1815,514,219311,93,0,7,0,0,28,22,0,0,28,31,37,33,35.761,241,3277,2.6e-05,0.002325,35138.355469,9,600,58,3,"e00fce68e28dcbc9a589be10",2026-09-20 02:10:04.311,2026-09-20 02:10:04.518,2026-09-20 02:10:04.518,2026-09-20
"139","YiUE2kZxUV","MOOSPMv3Parser",1789870200,3,3,4,5,5,4,4,6,6,4,912,224,310552,38,28,2,28,28,26,21,28,0,32,29,26,32,513.127,37,2,36.13908,-120.368385,163.815002,9,600,58,3,"e00fce6850cac69f647dc199",2026-09-20 02:10:05.713,2026-09-20 02:10:05.892,2026-09-20 02:10:05.892,2026-09-20
"140","gkFeErZMUW","MOOSPMv3Parser",1789870201,7,7,5,9,9,5,5,10,10,5,1357,378,116863,55,41,2,41,41,25,39,41,0,24,28,48,42,28.64,187,6,36.523403,-119.278915,70.940002,10,600,58,3,"e00fce68f12da1a0c5de6248",2026-09-20 02:10:07.972,2026-09-20 02:10:08.12,2026-09-20 02:10:08.12,2026-09-20
"141","EwUg2zEcWh","MOOSPMv3Parser",1789870800,4,4,8,8,8,9,9,10,10,9,536,414,110521,79,60,10,61,61,28,33,61,1,28,31,39,36,22.639,190,2,35.963238,-119.291779,59.541,8,600,58,3,"e00fce68d6b773b56ce8baa0",2026-09-20 02:20:02.332,2026-09-20 02:20:02.504,2026-09-20 02:20:02.504,2026-09-20
"142","VMe7l7ZgBK","MOOSPMv3Parser",1789870800,9,9,8,14,14,8,8,14,14,8,2238,500,154178,88,59,6,59,59,26,29,59,0,29,29,35,36,32.476,137,2,35.775211,-119.23851,70.019997,8,600,58,3,"e00fce68e88237db75a60608",2026-09-20 02:20:02.906,2026-09-20 02:20:03.08,2026-09-20 02:20:03.08,2026-09-20
"143","xvBp81ucGI","MOOSPMv3Parser",1789870800,16,16,17,28,27,18,18,32,32,19,2888,893,198127,190,133,23,134,134,0,0,134,1,27,29,42,39,19.464,68,1,36.433739,-119.923325,35.554001,12,599,58,3,"e00fce6876826e255108c6bd",2026-09-20 02:20:03.407,2026-09-20 02:20:03.548,2026-09-20 02:20:03.548,2026-09-20
"144","QcWlVPrA74","MOOSPMv3Parser",1789870800,6,6,0,10,10,0,0,11,11,0,1381,342,0,65,0,9,0,0,26,25,0,2,28,29,35,36,31.452,134,15,36.187531,-119.822014,31.452,7,600,58,3,"e00fce68e739ecbcf9e91965",2026-09-20 02:20:03.529,2026-09-20 02:20:03.702,2026-09-20 02:20:03.702,2026-09-20
"145","CGBJDHg464","MOOSPMv3Parser",1789870801,0,0,3,1,1,3,3,1,1,3,307,203,49931,32,21,3,21,21,27,33,21,1,29,31,35,33,30.735,151,1,36.198837,-120.104401,72.079002,14,600,58,3,"e00fce686dc2ef0a68fa40b0",2026-09-20 02:20:03.625,2026-09-20 02:20:03.817,2026-09-20 02:20:03.817,2026-09-20
"146","sRXn8pyjwb","MOOSPMv3Parser",1789870800,8,8,5,11,11,5,5,12,12,5,1570,422,253115,70,36,5,36,36,25,38,36,0,26,28,47,42,21.645,240,1,35.949409,-119.049934,97.745003,8,600,58,3,"e00fce6808784ceaf209f949",2026-09-20 02:20:03.703,2026-09-20 02:20:03.878,2026-09-20 02:20:03.878,2026-09-20
"147","nDkCFDVFU0","MOOSPMv3Parser",1789870801,4,4,3,6,6,3,3,6,6,3,1572,272,66290,35,23,2,23,23,25,29,23,0,27,28,39,39,45.817,48,1,36.503178,-120.325394,56.689999,11,600,58,3,"e00fce68e77e43df92405fdb",2026-09-20 02:20:04.031,2026-09-20 02:20:04.206,2026-09-20 02:20:04.206,2026-09-20
"148","MzWMHCm19I","MOOSPMv3Parser",1789870801,12,11,0,18,16,0,0,19,18,0,2240,640,219311,120,0,7,0,0,27,23,0,0,27,30,36,33,34.036,240,3277,2.6e-05,0.002325,35138.355469,9,600,58,3,"e00fce68e28dcbc9a589be10",2026-09-20 02:20:04.109,2026-09-20 02:20:04.254,2026-09-20 02:20:04.254,2026-09-20
"149","4Jj6G9AmDi","MOOSPMv3Parser",1789870800,4,4,4,6,6,4,4,6,6,4,951,236,310579,39,31,2,31,31,26,22,31,0,32,29,26,32,513.143,47,2,36.139038,-120.368378,146.279007,8,600,58,3,"e00fce6850cac69f647dc199",2026-09-20 02:20:04.206,2026-09-20 02:20:04.395,2026-09-20 02:20:04.395,2026-09-20
"150","bkKH1YDnhU","MOOSPMv3Parser",1789870801,7,7,5,9,9,5,5,10,10,5,1377,382,116898,53,40,3,40,40,24,43,40,0,24,27,50,45,30.235,151,5,36.523403,-119.278915,70.940002,0,600,58,3,"e00fce68f12da1a0c5de6248",2026-09-20 02:20:08.124,2026-09-20 02:20:08.326,2026-09-20 02:20:08.326,2026-09-20
"151","KVPWREgQzl","MOOSPMv3Parser",1789871400,8,8,11,19,19,12,12,20,20,12,725,590,110596,114,89,11,90,90,27,33,90,0,28,30,39,36,20.496,224,2,35.963184,-119.291824,42.992001,10,600,58,3,"e00fce68d6b773b56ce8baa0",2026-09-20 02:30:02.579,2026-09-20 02:30:02.803,2026-09-20 02:30:02.803,2026-09-20
"152","fxaSDzLQew","MOOSPMv3Parser",1789871401,0,0,3,2,2,3,3,2,2,3,334,223,49947,33,20,3,21,21,27,33,21,1,28,30,36,34,29.573,184,1,36.198841,-120.104431,71.539001,12,600,58,3,"e00fce686dc2ef0a68fa40b0",2026-09-20 02:30:02.675,2026-09-20 02:30:02.928,2026-09-20 02:30:02.928,2026-09-20
"153","SNeSLXPcoJ","MOOSPMv3Parser",1789871400,14,14,10,20,20,11,11,21,21,11,2995,720,154248,121,81,9,81,81,26,30,81,0,29,29,35,36,29.124,203,2,35.775074,-119.238609,53.391998,11,600,58,3,"e00fce68e88237db75a60608",2026-09-20 02:30:02.836,2026-09-20 02:30:03.079,2026-09-20 02:30:03.079,2026-09-20
"154","19cu4MuGI4","MOOSPMv3Parser",1789871400,4,4,4,6,6,4,4,7,7,4,1031,252,310605,39,29,3,29,29,26,23,29,0,31,29,27,33,513.137,38,2,36.138996,-120.368378,171.115997,6,600,58,3,"e00fce6850cac69f647dc199",2026-09-20 02:30:03.079,2026-09-20 02:30:03.272,2026-09-20 02:30:03.272,2026-09-20
"155","l8t9RqiooC","MOOSPMv3Parser",1789871401,4,4,3,6,6,3,3,7,7,3,1719,276,66310,38,24,3,24,24,25,31,24,0,26,27,41,41,43.441,56,2,36.503384,-120.325371,67.000999,8,600,58,3,"e00fce68e77e43df92405fdb",2026-09-20 02:30:03.383,2026-09-20 02:30:03.542,2026-09-20 02:30:03.542,2026-09-20
"156","RWEbzTqxZR","MOOSPMv3Parser",1789871400,5,5,6,9,9,6,7,11,11,7,1082,330,198164,62,44,9,44,44,0,0,44,1,26,29,44,41,20.354,68,1,36.433556,-119.923393,18.097,9,599,58,3,"e00fce6876826e255108c6bd",2026-09-20 02:30:03.407,2026-09-20 02:30:03.628,2026-09-20 02:30:03.628,2026-09-20
"157","Tl8oSlYUUd","MOOSPMv3Parser",1789871400,5,5,0,9,9,0,0,10,10,0,1311,322,0,57,0,7,0,0,26,26,0,2,28,29,36,37,30.867,130,14,36.187584,-119.82222,24.392,8,600,58,3,"e00fce68e739ecbcf9e91965",2026-09-20 02:30:03.706,2026-09-20 02:30:03.845,2026-09-20 02:30:03.845,2026-09-20
"158","G68K0dDjgq","MOOSPMv3Parser",1789871400,8,8,5,11,11,5,5,12,12,5,1610,437,253147,66,38,5,38,38,25,38,38,0,25,27,47,43,24.546,205,1,35.949459,-119.049957,118.338997,5,600,58,3,"e00fce6808784ceaf209f949",2026-09-20 02:30:03.702,2026-09-20 02:30:03.874,2026-09-20 02:30:03.874,2026-09-20
"159","rT4uVMuiUa","MOOSPMv3Parser",1789871401,17,16,0,25,24,0,0,27,27,0,2996,855,219311,163,0,12,0,0,27,24,0,0,27,30,38,35,32.753,273,3277,2.6e-05,0.002325,35138.355469,9,600,58,3,"e00fce68e28dcbc9a589be10",2026-09-20 02:30:04.223,2026-09-20 02:30:04.427,2026-09-20 02:30:04.427,2026-09-20
"160","M410UBFGhc","MOOSPMv3Parser",1789871401,8,8,7,10,10,7,7,11,11,7,1511,418,116944,59,52,3,53,53,24,45,53,0,23,27,55,46,18.171,295,4,36.523506,-119.278786,94.207001,7,600,58,3,"e00fce68f12da1a0c5de6248",2026-09-20 02:30:09.024,2026-09-20 02:30:09.19,2026-09-20 02:30:09.19,2026-09-20
"161","hDjgrf7gaI","MOOSPMv3Parser",1789872000,6,6,11,16,16,12,13,18,18,14,630,501,110665,104,83,13,84,84,27,36,85,1,27,30,43,40,15.946,258,1,35.963184,-119.291824,42.992001,0,600,58,3,"e00fce68d6b773b56ce8baa0",2026-09-20 02:40:02.179,2026-09-20 02:40:02.422,2026-09-20 02:40:02.422,2026-09-20
"162","NtmjTmJqXU","MOOSPMv3Parser",1789872001,1,1,3,3,3,3,3,3,3,4,364,250,49965,35,22,3,22,22,27,33,22,1,28,30,36,34,28.561,212,1,36.198864,-120.104401,75.869003,12,600,58,3,"e00fce686dc2ef0a68fa40b0",2026-09-20 02:40:02.847,2026-09-20 02:40:03.03,2026-09-20 02:40:03.03,2026-09-20
"163","tg8DrQMgVM","MOOSPMv3Parser",1789872000,12,12,9,18,18,10,10,19,19,10,2729,647,154312,112,73,7,73,73,26,31,73,0,28,29,36,38,31.962,166,2,35.775356,-119.238617,38.931999,6,600,58,3,"e00fce68e88237db75a60608",2026-09-20 02:40:02.937,2026-09-20 02:40:03.109,2026-09-20 02:40:03.109,2026-09-20
"164","rD9vLZo0xU","MOOSPMv3Parser",1789872001,5,5,3,7,7,3,3,7,7,3,1655,287,66331,39,23,3,23,23,24,33,23,0,26,27,41,42,40.9,80,2,36.503384,-120.325371,67.000999,0,600,58,3,"e00fce68e77e43df92405fdb",2026-09-20 02:40:03.29,2026-09-20 02:40:03.471,2026-09-20 02:40:03.471,2026-09-20
"165","C20hft4SFl","MOOSPMv3Parser",1789872000,7,7,0,12,12,0,0,13,13,0,1593,411,0,76,0,9,0,0,26,28,0,2,28,28,37,38,30.514,138,13,36.187496,-119.822205,10.686,8,600,58,3,"e00fce68e739ecbcf9e91965",2026-09-20 02:40:03.529,2026-09-20 02:40:03.694,2026-09-20 02:40:03.694,2026-09-20
"166","lpLFvMIw87","MOOSPMv3Parser",1789872000,5,5,5,8,8,6,7,10,10,7,1029,315,198199,59,41,7,42,42,0,0,42,1,26,28,44,41,19.636,68,1,36.43362,-119.92334,20.653,10,599,58,3,"e00fce6876826e255108c6bd",2026-09-20 02:40:03.632,2026-09-20 02:40:03.846,2026-09-20 02:40:03.846,2026-09-20
"167","SJW16YUfdp","MOOSPMv3Parser",1789872000,4,4,3,5,5,3,3,6,6,3,915,227,310626,35,26,2,26,26,25,23,26,0,31,28,28,34,513.224,29,2,36.138996,-120.368378,171.115997,0,600,58,3,"e00fce6850cac69f647dc199",2026-09-20 02:40:03.717,2026-09-20 02:40:03.882,2026-09-20 02:40:03.882,2026-09-20
"168","scnkEkOD2L","MOOSPMv3Parser",1789872001,6,6,0,9,9,0,0,9,9,0,1193,338,219311,59,0,4,0,0,26,25,0,0,27,29,38,36,29.784,309,3277,2.6e-05,0.002325,35138.355469,9,600,58,3,"e00fce68e28dcbc9a589be10",2026-09-20 02:40:04.124,2026-09-20 02:40:04.286,2026-09-20 02:40:04.286,2026-09-20
"169","epOBy5H5WH","MOOSPMv3Parser",1789872000,8,8,5,11,11,5,5,12,12,5,1579,432,253180,67,40,4,40,40,24,40,40,0,25,27,47,44,27.61,142,1,35.949459,-119.049957,118.335999,0,600,58,3,"e00fce6808784ceaf209f949",2026-09-20 02:40:04.155,2026-09-20 02:40:04.303,2026-09-20 02:40:04.303,2026-09-20
"170","uWHSfozMVJ","MOOSPMv3Parser",1789872001,9,8,7,12,12,8,8,13,13,8,1692,469,116992,71,56,4,57,57,23,47,57,0,23,26,57,48,15.551,346,2,36.523376,-119.278831,89.614998,6,600,58,3,"e00fce68f12da1a0c5de6248",2026-09-20 02:40:07.719,2026-09-20 02:40:07.938,2026-09-20 02:40:07.938,2026-09-20
"171","1XgHqxQyzc","MOOSPMv3Parser",1789872600,4,4,8,9,9,10,12,10,10,12,515,399,110716,81,64,11,66,66,26,37,66,1,26,29,45,41,13.265,280,1,35.963207,-119.291771,55.591999,9,600,58,3,"e00fce68d6b773b56ce8baa0",2026-09-20 02:50:02.5,2026-09-20 02:50:02.659,2026-09-20 02:50:02.659,2026-09-20
"172","wDmCUHEMiJ","MOOSPMv3Parser",1789872600,10,10,8,15,15,8,8,16,16,8,2369,549,154366,93,62,5,62,62,25,33,62,0,28,28,37,38,32.94,153,2,35.775112,-119.23848,45.859001,6,600,58,3,"e00fce68e88237db75a60608",2026-09-20 02:50:02.852,2026-09-20 02:50:03.075,2026-09-20 02:50:03.075,2026-09-20
"173","5oE0kvjmbZ","MOOSPMv3Parser",1789872601,1,1,3,3,3,4,4,4,4,4,397,279,49986,44,25,4,26,26,26,34,26,0,27,30,38,35,23.758,279,1,36.198833,-120.104401,60.060001,13,600,58,3,"e00fce686dc2ef0a68fa40b0",2026-09-20 02:50:03.085,2026-09-20 02:50:03.295,2026-09-20 02:50:03.295,2026-09-20
"174","AufdhZ5dzo","MOOSPMv3Parser",1789872601,4,4,3,6,6,3,3,7,7,3,1822,277,66349,38,22,2,22,22,24,33,22,0,25,26,42,42,38.434,107,2,36.503155,-120.325394,53.801998,6,600,58,3,"e00fce68e77e43df92405fdb",2026-09-20 02:50:03.162,2026-09-20 02:50:03.383,2026-09-20 02:50:03.383,2026-09-20
"175","MD9F0rMQsV","MOOSPMv3Parser",1789872600,4,4,5,7,7,6,6,9,9,7,895,275,198231,50,37,7,38,38,0,0,38,1,25,28,45,43,18.47,68,1,36.433601,-119.923317,31.160999,9,599,58,3,"e00fce6876826e255108c6bd",2026-09-20 02:50:03.408,2026-09-20 02:50:03.611,2026-09-20 02:50:03.611,2026-09-20
"176","kB6Ri3wHdT","MOOSPMv3Parser",1789872600,7,7,0,12,12,0,0,13,13,0,1578,398,0,76,0,10,0,0,25,29,0,2,27,28,39,39,28.959,184,8,36.187515,-119.822258,12.75,8,600,58,3,"e00fce68e739ecbcf9e91965",2026-09-20 02:50:03.528,2026-09-20 02:50:03.754,2026-09-20 02:50:03.754,2026-09-20
"177","0rNC2gIcCZ","MOOSPMv3Parser",1789872600,9,9,6,12,12,6,6,13,13,6,1728,474,253215,77,44,4,44,44,24,40,44,0,25,26,46,44,23.243,203,2,35.949589,-119.050049,122.496002,6,600,58,3,"e00fce6808784ceaf209f949",2026-09-20 02:50:03.703,2026-09-20 02:50:03.874,2026-09-20 02:50:03.874,2026-09-20
"178","rZMcTngU9d","MOOSPMv3Parser",1789872600,3,3,3,5,5,3,3,5,5,3,857,213,310645,34,26,2,26,26,25,24,26,0,31,28,28,35,513.179,32,2,36.138973,-120.368401,148.990005,9,600,58,3,"e00fce6850cac69f647dc199",2026-09-20 02:50:03.971,2026-09-20 02:50:04.143,2026-09-20 02:50:04.143,2026-09-20
"179","bo6gt05va1","MOOSPMv3Parser",1789872601,5,5,0,8,8,0,0,8,8,0,1100,310,219311,52,0,3,0,0,26,26,0,0,26,29,39,36,28.72,327,3277,2.6e-05,0.002325,35138.355469,9,600,58,3,"e00fce68e28dcbc9a589be10",2026-09-20 02:50:04.119,2026-09-20 02:50:04.367,2026-09-20 02:50:04.367,2026-09-20
"180","Dd6brFlr7C","MOOSPMv3Parser",1789872601,11,11,10,15,15,13,14,16,16,15,2083,575,117058,90,78,5,81,81,23,51,81,1,22,25,60,51,10.497,370,1,36.523376,-119.278809,77.032997,8,600,58,3,"e00fce68f12da1a0c5de6248",2026-09-20 02:50:08.761,2026-09-20 02:50:08.935,2026-09-20 02:50:08.935,2026-09-20
"181","dTT8dm2RKh","MOOSPMv3Parser",1789873200,3,3,8,8,8,10,11,10,10,11,506,390,110766,83,62,12,63,64,26,37,64,1,26,28,46,42,10.441,289,1,35.963169,-119.291809,47.223,8,600,58,3,"e00fce68d6b773b56ce8baa0",2026-09-20 03:00:02.819,2026-09-20 03:00:03.121,2026-09-20 03:00:03.121,2026-09-20
"182","S9ndq3Zl4L","MOOSPMv3Parser",1789873200,9,9,7,13,13,8,8,14,14,8,2185,496,154416,88,57,4,57,57,25,34,57,0,27,28,38,40,34.629,127,2,35.775032,-119.238548,55,7,600,58,3,"e00fce68e88237db75a60608",2026-09-20 03:00:03.158,2026-09-20 03:00:03.44,2026-09-20 03:00:03.44,2026-09-20
"183","rilAo5u0NM","MOOSPMv3Parser",1789873201,4,4,3,6,6,3,3,7,7,3,1824,273,66368,40,22,3,22,22,23,36,22,0,24,26,44,44,33.938,157,2,36.503178,-120.325409,58.477001,5,600,58,3,"e00fce68e77e43df92405fdb",2026-09-20 03:00:03.316,2026-09-20 03:00:03.51,2026-09-20 03:00:03.51,2026-09-20
"184","TuwlpvDkmC","MOOSPMv3Parser",1789873201,1,1,3,3,3,4,4,4,4,4,388,271,50008,42,26,3,26,26,26,36,26,1,27,29,40,37,24.062,294,1,36.198864,-120.104477,78.383003,10,600,58,3,"e00fce686dc2ef0a68fa40b0",2026-09-20 03:00:03.422,2026-09-20 03:00:03.605,2026-09-20 03:00:03.605,2026-09-20
"185","YOuwJ00BQB","MOOSPMv3Parser",1789873200,5,5,5,8,8,6,7,10,10,7,951,292,198264,58,39,7,40,40,0,0,40,1,24,27,45,42,16.011,69,1,36.43351,-119.923363,17.921,7,599,58,3,"e00fce6876826e255108c6bd",2026-09-20 03:00:03.486,2026-09-20 03:00:03.642,2026-09-20 03:00:03.642,2026-09-20
"186","BbGyC7MoOe","MOOSPMv3Parser",1789873200,7,7,0,11,11,0,0,12,12,0,1556,396,0,68,0,8,0,0,25,31,0,2,27,28,40,41,28.047,197,3,36.187458,-119.822121,10.743,8,600,58,3,"e00fce68e739ecbcf9e91965",2026-09-20 03:00:03.528,2026-09-20 03:00:03.694,2026-09-20 03:00:03.694,2026-09-20
"187","bayauC0BBk","MOOSPMv3Parser",1789873200,8,8,6,12,12,6,6,13,13,6,1714,471,253251,74,43,5,43,43,23,40,43,0,25,26,46,44,20.147,241,1,35.94957,-119.050018,109.962997,8,600,58,3,"e00fce6808784ceaf209f949",2026-09-20 03:00:03.849,2026-09-20 03:00:03.986,2026-09-20 03:00:03.986,2026-09-20
"188","Ho9jlmAFpu","MOOSPMv3Parser",1789873201,5,5,0,8,8,0,0,8,8,0,1075,302,219311,50,0,3,0,0,26,26,0,0,26,28,38,36,30.741,287,3277,2.6e-05,0.002325,35138.355469,9,600,58,3,"e00fce68e28dcbc9a589be10",2026-09-20 03:00:04.132,2026-09-20 03:00:04.331,2026-09-20 03:00:04.331,2026-09-20
"189","zQ1itzXVIR","MOOSPMv3Parser",1789873200,4,4,3,6,6,4,4,6,6,4,919,229,310667,37,26,3,26,26,25,24,26,0,30,27,28,35,513.162,37,2,36.139095,-120.368385,182.352997,8,600,58,3,"e00fce6850cac69f647dc199",2026-09-20 03:00:04.264,2026-09-20 03:00:04.413,2026-09-20 03:00:04.413,2026-09-20
"190","St1xAghK0n","MOOSPMv3Parser",1789873201,9,9,8,12,12,9,10,13,13,10,1691,465,117108,74,59,4,60,60,22,56,60,1,21,25,66,55,9.036,365,1,36.523426,-119.2789,84.051003,6,600,58,3,"e00fce68f12da1a0c5de6248",2026-09-20 03:00:07.97,2026-09-20 03:00:08.126,2026-09-20 03:00:08.126,2026-09-20
"191","DW0WPPCYnD","MOOSPMv3Parser",1789873800,4,4,10,11,11,13,15,13,13,16,565,444,110828,91,77,13,79,80,25,37,80,1,26,28,45,41,11.151,287,1,35.96312,-119.291824,29.565001,7,600,58,3,"e00fce68d6b773b56ce8baa0",2026-09-20 03:10:02.499,2026-09-20 03:10:02.635,2026-09-20 03:10:02.635,2026-09-20
"192","a2tp8B59EC","MOOSPMv3Parser",1789873801,1,1,3,2,2,3,4,2,2,4,336,228,50028,36,24,3,24,24,26,37,24,1,26,28,44,39,21.883,367,1,36.198788,-120.104446,68.544998,11,600,58,3,"e00fce686dc2ef0a68fa40b0",2026-09-20 03:10:02.587,2026-09-20 03:10:02.751,2026-09-20 03:10:02.751,2026-09-20
"193","9juIZD6Rp7","MOOSPMv3Parser",1789873800,10,10,8,14,14,8,8,15,15,8,2239,514,154470,90,62,6,62,62,25,36,62,0,27,27,40,41,28.641,194,2,35.775139,-119.238541,61.241001,7,600,58,3,"e00fce68e88237db75a60608",2026-09-20 03:10:03.056,2026-09-20 03:10:03.243,2026-09-20 03:10:03.243,2026-09-20
"194","BDozKerYaE","MOOSPMv3Parser",1789873801,5,5,3,7,7,3,3,7,7,3,2079,295,66389,38,23,3,24,24,23,37,24,0,24,25,46,45,29.813,194,1,36.503117,-120.325356,53.285,7,600,58,3,"e00fce68e77e43df92405fdb",2026-09-20 03:10:03.18,2026-09-20 03:10:03.396,2026-09-20 03:10:03.396,2026-09-20
"195","l3iAFdFUIf","MOOSPMv3Parser",1789873800,4,4,3,5,5,4,4,6,6,4,868,216,310689,34,27,2,27,27,24,25,27,0,30,27,29,36,513.149,62,2,36.138958,-120.368179,198.942993,7,600,58,3,"e00fce6850cac69f647dc199",2026-09-20 03:10:03.258,2026-09-20 03:10:03.412,2026-09-20 03:10:03.412,2026-09-20
"196","BwANCiEtcS","MOOSPMv3Parser",1789873800,5,5,5,9,9,7,7,10,10,8,1060,327,198297,59,40,8,41,41,0,0,41,1,24,27,47,45,13.61,77,1,36.433605,-119.92334,30.694,8,599,58,3,"e00fce6876826e255108c6bd",2026-09-20 03:10:03.488,2026-09-20 03:10:03.609,2026-09-20 03:10:03.609,2026-09-20
"197","bbb55DQTwg","MOOSPMv3Parser",1789873800,7,7,0,11,11,0,0,12,12,0,1596,391,0,70,0,8,0,0,25,31,0,2,26,27,40,41,26.357,218,2,36.187447,-119.822144,18.465,7,600,58,3,"e00fce68e739ecbcf9e91965",2026-09-20 03:10:03.69,2026-09-20 03:10:03.886,2026-09-20 03:10:03.886,2026-09-20
"198","Vs0ZswJvu9","MOOSPMv3Parser",1789873800,9,9,6,13,13,6,6,14,14,6,1855,506,253289,81,45,5,45,45,23,40,45,0,24,26,47,44,14.825,268,1,35.94957,-119.049988,107.137001,9,600,58,3,"e00fce6808784ceaf209f949",2026-09-20 03:10:03.898,2026-09-20 03:10:04.059,2026-09-20 03:10:04.059,2026-09-20
"199","eaFfcYcUt3","MOOSPMv3Parser",1789873801,5,5,0,7,7,0,0,8,8,0,1039,292,219311,50,0,4,0,0,25,26,0,0,26,28,39,36,32.677,232,3277,2.6e-05,0.002325,35138.355469,9,600,58,3,"e00fce68e28dcbc9a589be10",2026-09-20 03:10:04.197,2026-09-20 03:10:04.389,2026-09-20 03:10:04.389,2026-09-20
"200","6WfMmao1fs","MOOSPMv3Parser",1789873801,10,10,7,13,13,8,8,14,14,8,1881,523,117156,75,55,4,56,56,22,60,56,0,21,24,70,58,7.676,362,1,36.523392,-119.278831,79.099998,7,600,58,3,"e00fce68f12da1a0c5de6248",2026-09-20 03:10:07.777,2026-09-20 03:10:08.005,2026-09-20 03:10:08.005,2026-09-20
"201","ZguDbdEjvE","MOOSPMv3Parser",1789874400,6,6,11,15,15,12,13,16,16,13,638,508,110896,101,82,11,83,84,25,38,84,1,26,27,46,43,10.563,284,1,35.9631,-119.291786,27.712,9,600,58,3,"e00fce68d6b773b56ce8baa0",2026-09-20 03:20:02.179,2026-09-20 03:20:02.374,2026-09-20 03:20:02.374,2026-09-20
"202","t3hqWcweH9","MOOSPMv3Parser",1789874401,2,2,4,4,4,4,5,5,5,5,432,312,50052,51,29,4,30,30,25,39,30,1,25,28,46,41,17.164,401,1,36.198883,-120.104416,67.414001,10,600,58,3,"e00fce686dc2ef0a68fa40b0",2026-09-20 03:20:02.831,2026-09-20 03:20:02.99,2026-09-20 03:20:02.99,2026-09-20
"203","Apm8IxvUj2","MOOSPMv3Parser",1789874400,11,11,9,16,16,9,9,16,16,9,2458,571,154530,95,68,7,68,68,24,38,68,0,27,27,40,42,24.494,227,2,35.775028,-119.238525,66.822998,5,600,58,3,"e00fce68e88237db75a60608",2026-09-20 03:20:02.907,2026-09-20 03:20:03.06,2026-09-20 03:20:03.06,2026-09-20
"204","eC4nB2PR1S","MOOSPMv3Parser",1789874401,5,5,3,7,7,4,4,7,7,4,1960,304,66412,40,27,2,27,27,22,39,27,0,23,24,47,46,26.972,225,1,36.503159,-120.325333,55.417,7,600,58,3,"e00fce68e77e43df92405fdb",2026-09-20 03:20:03.419,2026-09-20 03:20:03.601,2026-09-20 03:20:03.601,2026-09-20
"205","SqT6pZCCB2","MOOSPMv3Parser",1789874400,7,7,0,11,11,0,0,12,12,0,1657,413,0,69,0,6,0,0,24,32,0,2,26,27,40,41,25.646,237,1,36.187519,-119.822197,10.82,9,600,58,3,"e00fce68e739ecbcf9e91965",2026-09-20 03:20:03.6,2026-09-20 03:20:03.821,2026-09-20 03:20:03.821,2026-09-20
"206","NOMBsfp6v3","MOOSPMv3Parser",1789874400,11,11,7,16,16,7,7,17,17,7,2179,591,253336,99,53,6,53,53,23,44,53,0,24,25,50,47,14.479,270,1,35.949574,-119.049835,109.064003,7,600,58,3,"e00fce6808784ceaf209f949",2026-09-20 03:20:03.703,2026-09-20 03:20:03.888,2026-09-20 03:20:03.888,2026-09-20
"207","6KCevbAMAF","MOOSPMv3Parser",1789874400,5,5,5,8,8,6,6,10,10,6,1040,317,198329,55,38,7,38,38,0,0,39,1,24,26,48,46,15.914,72,1,36.433685,-119.92337,37.647999,6,599,58,3,"e00fce6876826e255108c6bd",2026-09-20 03:20:03.726,2026-09-20 03:20:03.918,2026-09-20 03:20:03.918,2026-09-20
"208","dyk3erZTV1","MOOSPMv3Parser",1789874400,4,4,4,6,6,4,4,7,7,4,991,249,310719,43,31,3,31,31,24,26,31,0,30,27,30,37,265.552,77,2,36.13892,-120.368309,185.617004,7,600,58,3,"e00fce6850cac69f647dc199",2026-09-20 03:20:03.973,2026-09-20 03:20:04.134,2026-09-20 03:20:04.134,2026-09-20
"209","4g28tcSOzo","MOOSPMv3Parser",1789874401,5,5,0,8,8,0,0,8,8,0,1072,304,219311,54,0,3,0,0,25,26,0,0,25,27,39,37,31.267,217,3277,2.6e-05,0.002325,35138.355469,9,600,58,3,"e00fce68e28dcbc9a589be10",2026-09-20 03:20:04.074,2026-09-20 03:20:04.284,2026-09-20 03:20:04.284,2026-09-20
"210","yW20mOeWqD","MOOSPMv3Parser",1789874401,9,9,7,12,12,7,7,13,13,7,1808,497,117202,69,52,3,52,52,21,60,52,0,20,23,70,58,7.168,354,1,36.523335,-119.278778,71.947998,7,600,58,3,"e00fce68f12da1a0c5de6248",2026-09-20 03:20:08.166,2026-09-20 03:20:08.331,2026-09-20 03:20:08.331,2026-09-20
"211","1ynG5poxMC","MOOSPMv3Parser",1789875000,4,4,9,10,10,10,11,11,11,11,549,428,110951,84,67,11,68,68,24,38,68,1,25,27,46,42,8.806,285,1,35.963169,-119.291862,36.598,10,600,58,3,"e00fce68d6b773b56ce8baa0",2026-09-20 03:30:02.522,2026-09-20 03:30:02.76,2026-09-20 03:30:02.76,2026-09-20
"212","sBfLbp3Gqw","MOOSPMv3Parser",1789875000,12,12,10,18,18,10,10,19,19,10,2734,645,154596,111,77,8,77,77,24,39,77,0,26,26,41,43,21.631,248,1,35.775043,-119.238472,73.095001,5,600,58,3,"e00fce68e88237db75a60608",2026-09-20 03:30:02.937,2026-09-20 03:30:03.143,2026-09-20 03:30:03.143,2026-09-20
"213","MEDKC6lFGZ","MOOSPMv3Parser",1789875001,2,2,4,5,5,5,6,5,5,6,418,301,50080,53,34,6,35,35,24,40,35,1,25,27,44,42,16.643,417,1,36.198895,-120.104393,80.254997,7,600,58,3,"e00fce686dc2ef0a68fa40b0",2026-09-20 03:30:03.235,2026-09-20 03:30:03.382,2026-09-20 03:30:03.382,2026-09-20
"214","xYUEyqGOzv","MOOSPMv3Parser",1789875000,5,5,5,8,8,6,6,10,10,6,992,306,198362,53,39,7,40,40,0,0,40,1,24,26,49,46,15.024,70,1,36.433632,-119.923363,25.125999,12,599,58,3,"e00fce6876826e255108c6bd",2026-09-20 03:30:03.487,2026-09-20 03:30:03.658,2026-09-20 03:30:03.658,2026-09-20
"215","E2l2M3owCI","MOOSPMv3Parser",1789875000,22,19,15,33,29,16,16,36,33,16,4087,1135,253435,210,115,16,116,116,22,47,116,0,24,25,52,49,15.221,261,1,35.949471,-119.049919,103.528,8,600,58,3,"e00fce6808784ceaf209f949",2026-09-20 03:30:03.637,2026-09-20 03:30:03.784,2026-09-20 03:30:03.784,2026-09-20
"216","T8T675hbXi","MOOSPMv3Parser",1789875000,5,5,0,8,8,0,0,9,9,0,1289,315,0,55,0,4,0,0,24,33,0,2,26,27,41,42,27.095,190,1,36.187519,-119.822197,10.815,0,600,58,3,"e00fce68e739ecbcf9e91965",2026-09-20 03:30:03.611,2026-09-20 03:30:03.8,2026-09-20 03:30:03.8,2026-09-20
"217","ysGQKDFpyG","MOOSPMv3Parser",1789875000,4,4,4,5,5,4,4,6,6,4,941,232,310746,38,29,3,29,29,24,27,29,0,29,26,31,37,49.058,79,2,36.139,-120.368347,173.397003,7,600,58,3,"e00fce6850cac69f647dc199",2026-09-20 03:30:03.86,2026-09-20 03:30:04.078,2026-09-20 03:30:04.078,2026-09-20
"218","9GZY5NR0pi","MOOSPMv3Parser",1789875001,5,5,0,8,8,0,0,9,9,0,1112,312,219311,53,0,3,0,0,24,27,0,0,25,27,40,38,30.053,229,3277,2.6e-05,0.002325,35138.355469,9,600,58,3,"e00fce68e28dcbc9a589be10",2026-09-20 03:30:04.19,2026-09-20 03:30:04.349,2026-09-20 03:30:04.349,2026-09-20
"219","EdniQPHjDx","MOOSPMv3Parser",1789875001,9,9,4,12,12,5,5,13,13,5,2740,516,66442,65,34,4,35,35,22,42,35,0,23,24,50,49,20.348,274,1,36.503178,-120.325264,64.650002,6,600,58,3,"e00fce68e77e43df92405fdb",2026-09-20 03:30:07.82,2026-09-20 03:30:08.03,2026-09-20 03:30:08.03,2026-09-20
"220","MBy9SHCl8m","MOOSPMv3Parser",1789875001,10,10,7,13,13,7,7,14,14,7,1879,524,117248,74,52,5,52,52,21,61,52,0,20,23,69,58,8.859,324,1,36.523361,-119.278801,77.995003,9,600,58,3,"e00fce68f12da1a0c5de6248",2026-09-20 03:30:07.929,2026-09-20 03:30:08.116,2026-09-20 03:30:08.116,2026-09-20
"221","1oCVL5J5vF","MOOSPMv3Parser",1789875600,5,5,9,12,12,10,11,15,15,11,590,468,111012,93,73,11,74,74,24,38,74,1,25,27,46,42,7.474,285,1,35.963116,-119.291847,43.175999,8,600,58,3,"e00fce68d6b773b56ce8baa0",2026-09-20 03:40:02.187,2026-09-20 03:40:02.4,2026-09-20 03:40:02.4,2026-09-20
"222","QbEHcrNqY2","MOOSPMv3Parser",1789875600,12,12,9,17,17,10,10,18,18,10,2623,617,154659,104,72,8,72,73,24,41,73,0,26,26,43,44,19.161,257,1,35.775047,-119.238464,74.910004,3,600,58,3,"e00fce68e88237db75a60608",2026-09-20 03:40:02.907,2026-09-20 03:40:03.062,2026-09-20 03:40:03.062,2026-09-20
"223","rdoJm6GrC1","MOOSPMv3Parser",1789875601,1,1,5,4,4,6,7,4,4,8,397,284,50107,46,34,5,36,36,24,41,36,1,24,27,44,43,15.007,433,1,36.199001,-120.104515,62.969002,7,600,58,3,"e00fce686dc2ef0a68fa40b0",2026-09-20 03:40:03.627,2026-09-20 03:40:03.786,2026-09-20 03:40:03.786,2026-09-20
"224","6WDUfGMWM1","MOOSPMv3Parser",1789875600,36,29,25,55,43,26,26,58,53,26,6649,1845,253601,334,192,25,192,193,22,52,193,0,23,24,56,53,7.074,308,1,35.949463,-119.049889,105.456001,8,600,58,3,"e00fce6808784ceaf209f949",2026-09-20 03:40:03.694,2026-09-20 03:40:03.832,2026-09-20 03:40:03.832,2026-09-20
"225","YPyRQ8ODrX","MOOSPMv3Parser",1789875600,7,7,0,10,10,0,0,11,11,0,1532,376,0,63,0,6,0,0,24,35,0,2,25,26,44,44,23.22,235,1,36.187454,-119.822098,24.209999,10,600,58,3,"e00fce68e739ecbcf9e91965",2026-09-20 03:40:03.776,2026-09-20 03:40:03.92,2026-09-20 03:40:03.92,2026-09-20
"226","mCAEMzc02m","MOOSPMv3Parser",1789875600,4,4,5,6,6,6,6,7,7,6,953,243,310778,42,36,3,37,37,24,28,37,1,28,26,32,39,43.346,109,2,36.13903,-120.368332,185.841995,7,600,58,3,"e00fce6850cac69f647dc199",2026-09-20 03:40:04.122,2026-09-20 03:40:04.302,2026-09-20 03:40:04.302,2026-09-20
"227","SD2NDPsyOu","MOOSPMv3Parser",1789875601,5,5,0,7,7,0,0,8,8,0,992,280,219311,50,0,3,0,0,24,28,0,0,25,27,40,38,31.377,240,3277,2.6e-05,0.002325,35138.355469,9,600,58,3,"e00fce68e28dcbc9a589be10",2026-09-20 03:40:04.105,2026-09-20 03:40:04.341,2026-09-20 03:40:04.341,2026-09-20
"228","H3BLxI9JO6","MOOSPMv3Parser",1789875601,5,5,5,8,8,6,6,10,10,6,1040,321,198065,57,39,8,40,40,0,0,40,1,24,25,50,47,15.14,70,1,36.433609,-119.92337,18.042,6,600,58,3,"e00fce6876826e255108c6bd",2026-09-20 03:40:04.367,2026-09-20 03:40:04.552,2026-09-20 03:40:04.552,2026-09-20
"229","YSzo8LYt7Q","MOOSPMv3Parser",1789875601,12,12,6,16,16,6,6,16,16,6,3179,621,66482,81,47,5,47,47,22,44,47,0,23,24,50,50,15.856,315,1,36.503128,-120.325287,62.759998,4,600,58,3,"e00fce68e77e43df92405fdb",2026-09-20 03:40:07.238,2026-09-20 03:40:07.42,2026-09-20 03:40:07.42,2026-09-20
"230","oPGVTKU14y","MOOSPMv3Parser",1789875601,10,10,7,14,14,7,7,15,15,7,1996,556,117297,77,56,3,56,56,21,62,56,0,20,23,68,59,9.797,311,1,36.5233,-119.278893,101.536003,8,600,58,3,"e00fce68f12da1a0c5de6248",2026-09-20 03:40:12.272,2026-09-20 03:40:12.448,2026-09-20 03:40:12.448,2026-09-20
"231","7eD9AA1HTl","MOOSPMv3Parser",1789876201,6,6,7,13,13,9,10,15,15,10,650,505,50150,92,53,9,54,55,24,39,55,1,24,26,45,41,9.334,449,1,36.199001,-120.104515,62.966999,0,600,58,3,"e00fce686dc2ef0a68fa40b0",2026-09-20 03:50:02.518,2026-09-20 03:50:02.685,2026-09-20 03:50:02.685,2026-09-20
"232","BQxhHtHPGn","MOOSPMv3Parser",1789876200,4,4,9,10,10,9,10,13,13,10,563,443,111069,91,68,12,69,69,24,38,69,1,25,26,46,42,8.174,272,1,35.963017,-119.291832,33.167999,8,600,58,3,"e00fce68d6b773b56ce8baa0",2026-09-20 03:50:02.583,2026-09-20 03:50:02.873,2026-09-20 03:50:02.873,2026-09-20
"233","BHl3ofEtlS","MOOSPMv3Parser",1789876200,12,12,10,18,18,10,10,18,18,10,2646,625,154727,108,77,8,77,77,23,47,77,0,25,26,49,49,12.775,294,1,35.775024,-119.238472,74.649002,5,600,58,3,"e00fce68e88237db75a60608",2026-09-20 03:50:02.929,2026-09-20 03:50:03.152,2026-09-20 03:50:03.152,2026-09-20
"234","WCHv0R7mtF","MOOSPMv3Parser",1789876200,4,4,4,6,6,5,5,7,7,5,1014,254,310810,44,33,3,34,34,23,30,34,1,28,26,33,40,37.169,204,1,36.138912,-120.368317,164.858002,10,600,58,3,"e00fce6850cac69f647dc199",2026-09-20 03:50:03.249,2026-09-20 03:50:03.372,2026-09-20 03:50:03.372,2026-09-20
"235","TFj3TRYF6v","MOOSPMv3Parser",1789876200,5,5,5,8,8,6,7,11,11,7,1022,311,198429,56,39,8,40,40,0,0,40,1,24,25,49,47,16.425,70,1,36.433609,-119.92337,18.042,6,599,58,3,"e00fce6876826e255108c6bd",2026-09-20 03:50:03.494,2026-09-20 03:50:03.699,2026-09-20 03:50:03.699,2026-09-20
"236","CGw8F2dmeJ","MOOSPMv3Parser",1789876200,29,24,0,45,37,0,0,48,44,0,5346,1459,0,287,0,26,0,0,24,36,0,2,24,26,45,45,15.632,326,1,36.187546,-119.822083,24.423,10,600,58,3,"e00fce68e739ecbcf9e91965",2026-09-20 03:50:03.604,2026-09-20 03:50:03.814,2026-09-20 03:50:03.814,2026-09-20
"237","OdRhjWxUuF","MOOSPMv3Parser",1789876200,27,24,17,41,36,19,20,43,42,20,5094,1393,253713,245,130,18,132,132,22,54,132,0,22,24,56,53,3.232,322,1,35.94965,-119.049866,117.473,8,600,58,3,"e00fce6808784ceaf209f949",2026-09-20 03:50:03.703,2026-09-20 03:50:03.854,2026-09-20 03:50:03.854,2026-09-20
"238","Z12rgxMUG4","MOOSPMv3Parser",1789876201,42,29,0,62,43,0,0,64,46,0,6923,2022,219311,405,0,24,0,0,24,28,0,0,25,27,41,39,29.768,227,3277,2.6e-05,0.002325,35138.355469,9,600,58,3,"e00fce68e28dcbc9a589be10",2026-09-20 03:50:04.1,2026-09-20 03:50:04.309,2026-09-20 03:50:04.309,2026-09-20
"239","ZCV3QWYYNv","MOOSPMv3Parser",1789876201,11,11,7,15,15,8,8,16,16,8,2125,592,117347,82,57,4,57,57,20,63,57,0,19,22,72,60,10.412,302,1,36.523342,-119.278824,74.129997,6,600,58,3,"e00fce68f12da1a0c5de6248",2026-09-20 03:50:07.771,2026-09-20 03:50:07.974,2026-09-20 03:50:07.974,2026-09-20
"240","AYEwmzWRy2","MOOSPMv3Parser",1789876201,11,11,7,15,15,7,7,16,16,7,3059,589,66528,78,53,6,53,53,22,44,53,0,23,23,49,50,15.803,331,1,36.503044,-120.325287,70.587997,5,600,58,3,"e00fce68e77e43df92405fdb",2026-09-20 03:50:45.156,2026-09-20 03:50:45.371,2026-09-20 03:50:45.371,2026-09-20
"241","TSWe3kxogt","MOOSPMv3Parser",1789876800,5,5,9,10,10,9,10,11,11,10,558,437,111125,84,67,10,68,68,23,39,68,1,25,26,46,43,7.91,267,1,35.96315,-119.291832,54.203999,9,600,58,3,"e00fce68d6b773b56ce8baa0",2026-09-20 04:00:02.472,2026-09-20 04:00:03.147,2026-09-20 04:00:03.147,2026-09-20
"242","lkaRS0WWGJ","MOOSPMv3Parser",1789876801,3,3,11,10,10,19,24,12,12,27,509,382,50210,89,82,14,90,91,23,39,91,1,24,26,45,41,10.781,434,1,36.198814,-120.104507,72.247002,11,600,58,3,"e00fce686dc2ef0a68fa40b0",2026-09-20 04:00:02.813,2026-09-20 04:00:03.227,2026-09-20 04:00:03.227,2026-09-20
"243","nOgNcet9t2","MOOSPMv3Parser",1789876800,13,13,10,19,19,11,11,20,20,11,2823,674,154796,120,78,10,79,79,23,51,79,0,24,25,50,50,3.994,339,1,35.775066,-119.238503,60.966999,8,600,58,3,"e00fce68e88237db75a60608",2026-09-20 04:00:02.922,2026-09-20 04:00:03.377,2026-09-20 04:00:03.377,2026-09-20
"244","A7hKg3X1Dg","MOOSPMv3Parser",1789876800,5,5,5,9,9,6,7,10,10,7,1073,332,198464,61,41,6,42,42,0,0,42,1,24,25,48,48,17.464,70,1,36.433727,-119.923363,45.139999,6,599,58,3,"e00fce6876826e255108c6bd",2026-09-20 04:00:03.561,2026-09-20 04:00:03.803,2026-09-20 04:00:03.803,2026-09-20
"245","9S6lALQfrT","MOOSPMv3Parser",1789876800,5,5,5,8,8,6,6,9,9,6,1159,297,310845,54,42,4,43,43,23,32,43,0,27,25,36,42,39.036,205,1,36.138859,-120.368347,169.988998,6,600,58,3,"e00fce6850cac69f647dc199",2026-09-20 04:00:03.575,2026-09-20 04:00:03.928,2026-09-20 04:00:03.928,2026-09-20
"246","sTuR6qq8d6","MOOSPMv3Parser",1789876800,15,15,9,21,21,10,10,23,23,10,2847,775,253773,126,70,9,71,71,21,55,71,0,22,23,57,53,10.911,278,1,35.949524,-119.049942,120.334999,8,600,58,3,"e00fce6808784ceaf209f949",2026-09-20 04:00:03.704,2026-09-20 04:00:04.037,2026-09-20 04:00:04.037,2026-09-20
"247","GVaq8UkSll","MOOSPMv3Parser",1789876801,98,65,0,137,92,0,0,142,98,0,15969,4640,219311,848,0,43,0,0,24,29,0,0,24,26,41,39,20.629,297,3277,2.6e-05,0.002325,35138.355469,9,600,58,3,"e00fce68e28dcbc9a589be10",2026-09-20 04:00:04.185,2026-09-20 04:00:04.438,2026-09-20 04:00:04.438,2026-09-20
"248","M65RM4cleF","MOOSPMv3Parser",1789876801,8,8,5,11,11,6,6,12,12,6,2570,452,66564,61,42,4,42,42,21,44,42,0,23,23,49,50,17.483,325,1,36.503136,-120.325378,51.803001,6,600,58,3,"e00fce68e77e43df92405fdb",2026-09-20 04:00:04.36,2026-09-20 04:00:04.582,2026-09-20 04:00:04.582,2026-09-20
"249","ifiav2NAAc","MOOSPMv3Parser",1789876801,12,12,8,16,16,8,8,16,16,8,2256,627,117399,82,60,4,60,60,20,66,60,0,19,22,72,62,8.638,306,1,36.523327,-119.278763,82.666,6,600,58,3,"e00fce68f12da1a0c5de6248",2026-09-20 04:00:08.032,2026-09-20 04:00:08.205,2026-09-20 04:00:08.205,2026-09-20
"250","C7rMPWsMGC","MOOSPMv3Parser",1789876800,11,11,0,16,16,0,0,18,18,0,2280,587,0,96,0,10,0,0,23,37,0,2,24,25,45,45,16.179,309,1,36.187496,-119.822197,18.112,9,600,58,3,"e00fce68e739ecbcf9e91965",2026-09-20 04:00:09.448,2026-09-20 04:00:09.622,2026-09-20 04:00:09.622,2026-09-20
"251","1TObGJ7TM7","MOOSPMv3Parser",1789877400,5,5,10,12,12,10,10,13,13,11,598,471,111188,93,75,11,76,76,23,40,76,1,25,26,46,45,7.427,266,1,35.963161,-119.291809,42.938,10,600,58,3,"e00fce68d6b773b56ce8baa0",2026-09-20 04:10:02.572,2026-09-20 04:10:02.758,2026-09-20 04:10:02.758,2026-09-20
"252","D6wRyEbkIF","MOOSPMv3Parser",1789877400,12,12,10,19,19,10,10,20,20,10,2801,660,154864,118,78,9,78,78,22,54,78,0,24,25,52,52,0.026,373,1,35.774994,-119.238533,66.762001,10,600,58,3,"e00fce68e88237db75a60608",2026-09-20 04:10:02.929,2026-09-20 04:10:03.081,2026-09-20 04:10:03.081,2026-09-20
"253","vX2gSBeLSr","MOOSPMv3Parser",1789877401,2,2,12,9,9,23,32,12,12,36,480,359,50270,85,87,15,98,100,23,40,101,1,23,25,47,43,14.338,396,1,36.198685,-120.104462,65.927002,9,600,58,3,"e00fce686dc2ef0a68fa40b0",2026-09-20 04:10:03.265,2026-09-20 04:10:03.467,2026-09-20 04:10:03.467,2026-09-20
"254","D0Z4lowDbo","MOOSPMv3Parser",1789877400,11,11,0,16,16,0,0,17,17,0,2378,601,0,92,0,8,0,0,23,39,0,2,24,25,46,47,17.141,309,1,36.187408,-119.82196,29.237,10,600,58,3,"e00fce68e739ecbcf9e91965",2026-09-20 04:10:03.604,2026-09-20 04:10:03.782,2026-09-20 04:10:03.782,2026-09-20
"255","ld079QTdfE","MOOSPMv3Parser",1789877400,6,6,6,10,10,7,8,12,12,8,1231,376,198504,71,48,8,48,49,0,0,49,1,24,25,48,48,17.234,70,1,36.433605,-119.923325,40.026001,6,599,58,3,"e00fce6876826e255108c6bd",2026-09-20 04:10:03.595,2026-09-20 04:10:03.799,2026-09-20 04:10:03.799,2026-09-20
"256","okGEn4Alth","MOOSPMv3Parser",1789877400,14,14,8,20,20,8,8,21,21,8,2679,736,253826,120,62,7,62,62,21,58,62,0,22,23,58,55,12.97,258,1,35.949406,-119.049988,106.052002,8,600,58,3,"e00fce6808784ceaf209f949",2026-09-20 04:10:03.703,2026-09-20 04:10:03.882,2026-09-20 04:10:03.882,2026-09-20
"257","QaxXgWFCph","MOOSPMv3Parser",1789877400,8,7,12,14,12,12,12,15,14,12,1657,433,310924,101,91,9,91,91,22,34,91,0,27,25,37,43,31.216,249,1,36.139019,-120.36837,163.498001,12,600,58,3,"e00fce6850cac69f647dc199",2026-09-20 04:10:03.82,2026-09-20 04:10:03.982,2026-09-20 04:10:03.982,2026-09-20
"258","eyB2nb4DCj","MOOSPMv3Parser",1789877401,15,14,0,20,20,0,0,21,21,0,2738,766,219311,118,0,7,0,0,24,30,0,0,25,26,42,41,25.995,245,3277,2.6e-05,0.002325,35138.355469,9,600,58,3,"e00fce68e28dcbc9a589be10",2026-09-20 04:10:04.215,2026-09-20 04:10:04.357,2026-09-20 04:10:04.357,2026-09-20
"259","D4FPwEjdYU","MOOSPMv3Parser",1789877401,11,11,7,15,15,8,8,16,16,8,2185,607,117450,85,59,4,59,59,20,67,59,0,19,22,72,63,6.552,319,1,36.523327,-119.278763,82.668999,0,600,58,3,"e00fce68f12da1a0c5de6248",2026-09-20 04:10:08.616,2026-09-20 04:10:08.781,2026-09-20 04:10:08.781,2026-09-20
"260","KJlQDKEI6u","MOOSPMv3Parser",1789878000,6,6,10,16,16,11,11,19,19,11,654,522,111255,104,81,13,81,81,23,40,81,1,25,25,46,46,9.005,261,1,35.963142,-119.291733,37.564999,11,600,58,3,"e00fce68d6b773b56ce8baa0",2026-09-20 04:20:02.194,2026-09-20 04:20:02.399,2026-09-20 04:20:02.399,2026-09-20
"261","oeerqnMqkA","MOOSPMv3Parser",1789878000,11,11,9,17,17,9,9,17,17,9,2563,599,154925,102,71,8,71,71,22,59,71,0,24,24,54,54,0.356,368,1,35.775093,-119.238426,55.872002,10,600,58,3,"e00fce68e88237db75a60608",2026-09-20 04:20:02.836,2026-09-20 04:20:03.048,2026-09-20 04:20:03.048,2026-09-20
"262","0cxkGnCyVR","MOOSPMv3Parser",1789878001,1,1,7,5,5,13,18,6,6,20,397,285,50307,59,52,9,58,59,23,40,59,1,23,25,47,43,15.567,388,1,36.198776,-120.104454,80.702003,9,600,58,3,"e00fce686dc2ef0a68fa40b0",2026-09-20 04:20:03.457,2026-09-20 04:20:03.699,2026-09-20 04:20:03.699,2026-09-20
"263","OaWe8IZz0h","MOOSPMv3Parser",1789878000,6,6,7,10,10,8,8,12,12,9,1168,359,198217,70,51,10,52,52,0,0,52,1,23,24,48,47,15.889,70,1,36.433834,-119.92337,49.237,5,600,58,3,"e00fce6876826e255108c6bd",2026-09-20 04:20:03.501,2026-09-20 04:20:03.718,2026-09-20 04:20:03.718,2026-09-20
"264","MWvhcYn5Lu","MOOSPMv3Parser",1789878000,7,7,0,11,11,0,0,12,12,0,1663,406,0,66,0,6,0,0,22,40,0,2,24,24,47,48,18.939,293,1,36.187412,-119.821953,27.483999,10,600,58,3,"e00fce68e739ecbcf9e91965",2026-09-20 04:20:03.636,2026-09-20 04:20:03.904,2026-09-20 04:20:03.904,2026-09-20
"265","nDu39ye7SR","MOOSPMv3Parser",1789878000,16,16,9,23,23,9,10,24,24,10,3032,829,253886,138,70,9,70,70,21,60,70,0,21,23,59,56,10.475,266,1,35.949406,-119.049988,106.050003,0,600,58,3,"e00fce6808784ceaf209f949",2026-09-20 04:20:03.776,2026-09-20 04:20:04.004,2026-09-20 04:20:04.004,2026-09-20
"266","0Yhh3PdUs4","MOOSPMv3Parser",1789878001,11,10,0,15,14,0,0,15,15,0,1964,555,219311,91,0,5,0,0,24,31,0,0,24,26,43,41,28.883,229,3277,2.6e-05,0.002325,35138.355469,9,600,58,3,"e00fce68e28dcbc9a589be10",2026-09-20 04:20:04.044,2026-09-20 04:20:04.199,2026-09-20 04:20:04.199,2026-09-20
"267","r078ItNUEk","MOOSPMv3Parser",1789878000,5,5,5,7,7,6,6,8,8,6,1126,280,310959,53,42,3,42,42,22,34,42,0,26,24,37,44,28.408,321,1,36.139019,-120.36837,163.496994,0,600,58,3,"e00fce6850cac69f647dc199",2026-09-20 04:20:04.268,2026-09-20 04:20:04.489,2026-09-20 04:20:04.489,2026-09-20
"268","P1AvXUrdE2","MOOSPMv3Parser",1789878001,12,12,8,16,16,8,8,17,17,8,2277,631,117503,90,61,4,61,61,20,68,61,0,19,21,73,64,6.689,297,1,36.523312,-119.278839,83.809998,6,600,58,3,"e00fce68f12da1a0c5de6248",2026-09-20 04:20:07.938,2026-09-20 04:20:08.143,2026-09-20 04:20:08.143,2026-09-20
"269","d3gmBcLVRq","MOOSPMv3Parser",1789878001,10,10,6,14,14,6,6,14,14,6,2983,555,66649,71,46,5,46,46,21,45,46,0,22,23,50,50,20.173,291,1,36.503063,-120.325371,44.471001,10,600,58,3,"e00fce68e77e43df92405fdb",2026-09-20 04:20:08.026,2026-09-20 04:20:08.263,2026-09-20 04:20:08.263,2026-09-20
"270","hJQ6Sw9XJT","MOOSPMv3Parser",1789878601,1,1,5,4,4,8,10,5,5,11,397,285,50336,52,38,7,41,42,22,41,42,1,23,25,47,43,16.474,386,1,36.198799,-120.104424,92.933998,10,600,58,3,"e00fce686dc2ef0a68fa40b0",2026-09-20 04:30:02.584,2026-09-20 04:30:02.817,2026-09-20 04:30:02.817,2026-09-20
"271","5GvQKBP1oB","MOOSPMv3Parser",1789878600,6,6,9,12,12,10,10,15,15,10,607,479,111316,90,72,10,73,73,23,40,73,0,25,25,46,46,8.772,257,1,35.963142,-119.291733,37.566002,0,600,58,3,"e00fce68d6b773b56ce8baa0",2026-09-20 04:30:02.733,2026-09-20 04:30:02.93,2026-09-20 04:30:02.93,2026-09-20
"272","sPrAV0yZuD","MOOSPMv3Parser",1789878600,11,11,8,17,17,9,9,17,17,9,2523,597,154984,101,66,8,67,67,22,62,67,0,23,24,56,56,1.931,355,1,35.775108,-119.238503,61.047001,10,600,58,3,"e00fce68e88237db75a60608",2026-09-20 04:30:02.976,2026-09-20 04:30:03.17,2026-09-20 04:30:03.17,2026-09-20
"273","eItnskRHkv","MOOSPMv3Parser",1789878600,5,5,4,7,7,5,5,7,7,5,1066,268,310991,45,34,2,34,34,22,36,34,0,26,24,39,46,27.592,332,1,36.138985,-120.368355,177.132996,8,600,58,3,"e00fce6850cac69f647dc199",2026-09-20 04:30:03.195,2026-09-20 04:30:03.366,2026-09-20 04:30:03.366,2026-09-20
"274","Aan3sICnHK","MOOSPMv3Parser",1789878600,6,6,0,9,9,0,0,10,10,0,1460,338,0,60,0,3,0,0,22,42,0,2,24,24,48,49,20.579,255,1,36.187443,-119.821854,28.797001,10,600,58,3,"e00fce68e739ecbcf9e91965",2026-09-20 04:30:03.528,2026-09-20 04:30:03.699,2026-09-20 04:30:03.699,2026-09-20
"275","7Ju8bx7SVs","MOOSPMv3Parser",1789878600,6,6,6,10,10,7,8,12,12,8,1150,351,198587,68,46,8,47,47,0,0,47,1,23,24,50,48,14.847,70,1,36.433582,-119.923317,16.823999,7,599,58,3,"e00fce6876826e255108c6bd",2026-09-20 04:30:03.71,2026-09-20 04:30:03.887,2026-09-20 04:30:03.887,2026-09-20
"276","ZGlFIKFoFf","MOOSPMv3Parser",1789878600,18,18,11,25,25,11,11,27,27,11,3302,907,253957,150,83,10,83,83,20,60,83,0,21,22,60,57,8.427,276,1,35.949547,-119.049881,131.444,7,600,58,3,"e00fce6808784ceaf209f949",2026-09-20 04:30:03.777,2026-09-20 04:30:04.029,2026-09-20 04:30:04.029,2026-09-20
"277","Wpw0Lvczsc","MOOSPMv3Parser",1789878601,21,19,0,30,27,0,0,31,31,0,3656,1044,219311,190,0,10,0,0,24,30,0,0,24,26,42,41,31.315,210,3277,2.6e-05,0.002325,35138.355469,9,600,58,3,"e00fce68e28dcbc9a589be10",2026-09-20 04:30:04.257,2026-09-20 04:30:04.464,2026-09-20 04:30:04.464,2026-09-20
"278","b85RmdTAm8","MOOSPMv3Parser",1789878601,13,13,9,17,17,9,9,18,18,9,2472,684,117563,94,68,4,68,68,19,68,68,0,19,21,71,64,8.128,266,1,36.523312,-119.278877,98.490997,6,600,58,3,"e00fce68f12da1a0c5de6248",2026-09-20 04:30:08.179,2026-09-20 04:30:08.301,2026-09-20 04:30:08.301,2026-09-20
"279","PPEBCGFgNb","MOOSPMv3Parser",1789879200,5,5,9,11,11,9,9,13,13,10,580,457,111375,88,70,10,71,71,23,41,71,0,25,25,46,46,7.488,258,1,35.963142,-119.291801,47.334999,10,600,58,3,"e00fce68d6b773b56ce8baa0",2026-09-20 04:40:02.259,2026-09-20 04:40:02.466,2026-09-20 04:40:02.466,2026-09-20
"280","AdBE2RYGzD","MOOSPMv3Parser",1789879201,1,1,4,5,5,5,5,5,5,5,416,301,50362,51,31,5,32,32,22,41,32,1,23,24,47,42,15.567,392,1,36.198811,-120.1045,83.045998,7,600,58,3,"e00fce686dc2ef0a68fa40b0",2026-09-20 04:40:02.836,2026-09-20 04:40:03.027,2026-09-20 04:40:03.027,2026-09-20
"281","9yCdttaDRu","MOOSPMv3Parser",1789879200,12,12,9,17,17,9,9,18,18,9,2646,626,155044,104,68,7,69,69,22,64,69,0,23,24,57,56,3.637,343,1,35.774982,-119.238525,61.712002,10,600,58,3,"e00fce68e88237db75a60608",2026-09-20 04:40:02.99,2026-09-20 04:40:03.217,2026-09-20 04:40:03.217,2026-09-20
"282","M20Gg3KT2N","MOOSPMv3Parser",1789879200,5,5,5,7,7,5,5,8,8,5,1104,282,311023,51,36,4,36,36,21,37,36,0,25,23,39,46,27.499,324,1,36.138954,-120.368378,189.132996,8,600,58,3,"e00fce6850cac69f647dc199",2026-09-20 04:40:03.473,2026-09-20 04:40:03.614,2026-09-20 04:40:03.614,2026-09-20
"283","D0tsFgT1kB","MOOSPMv3Parser",1789879200,6,6,0,10,10,0,0,12,12,0,1558,356,0,65,0,8,0,0,22,42,0,2,24,24,48,49,19.796,261,1,36.187366,-119.82206,30.375,8,600,58,3,"e00fce68e739ecbcf9e91965",2026-09-20 04:40:03.608,2026-09-20 04:40:03.747,2026-09-20 04:40:03.747,2026-09-20
"284","sMgOomzfN2","MOOSPMv3Parser",1789879200,6,6,6,10,10,7,8,12,12,8,1239,378,198626,69,47,8,48,48,1,0,48,1,23,24,49,49,15.02,71,1,36.433678,-119.923279,4.475,6,599,58,3,"e00fce6876826e255108c6bd",2026-09-20 04:40:03.711,2026-09-20 04:40:03.922,2026-09-20 04:40:03.922,2026-09-20
"285","cjvXjp9aB4","MOOSPMv3Parser",1789879200,15,15,8,21,21,8,8,22,22,8,2804,773,254011,126,62,10,63,63,20,59,63,0,21,22,59,55,9.41,271,1,35.949669,-119.049889,98.428001,7,600,58,3,"e00fce6808784ceaf209f949",2026-09-20 04:40:03.782,2026-09-20 04:40:03.977,2026-09-20 04:40:03.977,2026-09-20
"286","pmhzliIrje","MOOSPMv3Parser",1789879201,7,7,0,10,10,0,0,10,10,0,1335,375,219311,65,0,3,0,0,23,31,0,0,24,26,42,41,32.291,184,3277,2.6e-05,0.002325,35138.355469,9,600,58,3,"e00fce68e28dcbc9a589be10",2026-09-20 04:40:04.091,2026-09-20 04:40:04.266,2026-09-20 04:40:04.266,2026-09-20
"287","znzknuQonK","MOOSPMv3Parser",1789879201,5,5,3,8,8,4,4,8,8,4,2058,328,66698,46,27,4,27,27,21,46,27,0,22,22,50,51,25.048,232,1,36.503151,-120.325394,55.508999,11,600,58,3,"e00fce68e77e43df92405fdb",2026-09-20 04:40:04.422,2026-09-20 04:40:04.564,2026-09-20 04:40:04.564,2026-09-20
"288","IKBvzn2vrA","MOOSPMv3Parser",1789879201,13,13,8,17,17,9,9,17,17,9,2376,663,117619,92,65,4,65,65,19,69,65,0,19,21,74,65,7.187,253,1,36.523357,-119.278809,88.642998,6,600,58,3,"e00fce68f12da1a0c5de6248",2026-09-20 04:40:07.947,2026-09-20 04:40:08.105,2026-09-20 04:40:08.105,2026-09-20
"289","yFMfO3DRKe","MOOSPMv3Parser",1789879800,5,5,8,9,9,9,9,10,10,9,539,419,111430,79,66,10,67,67,22,41,67,1,25,25,46,46,8.875,252,1,35.963093,-119.291862,54.731998,12,600,58,3,"e00fce68d6b773b56ce8baa0",2026-09-20 04:50:02.493,2026-09-20 04:50:02.66,2026-09-20 04:50:02.66,2026-09-20
"290","seEiV2P4vg","MOOSPMv3Parser",1789879800,12,12,9,18,18,9,9,19,19,9,2737,642,155104,111,70,9,70,70,21,65,70,0,23,23,58,56,5.361,326,1,35.775024,-119.238518,69.778,10,600,58,3,"e00fce68e88237db75a60608",2026-09-20 04:50:03.059,2026-09-20 04:50:03.214,2026-09-20 04:50:03.214,2026-09-20
"291","OWndEZDELX","MOOSPMv3Parser",1789879801,0,0,4,2,2,4,5,3,3,5,326,223,50384,39,27,4,28,28,22,41,28,1,22,24,47,43,14.881,383,1,36.198856,-120.104492,84.397003,7,600,58,3,"e00fce686dc2ef0a68fa40b0",2026-09-20 04:50:03.145,2026-09-20 04:50:03.384,2026-09-20 04:50:03.384,2026-09-20
"292","fKf6SvRqul","MOOSPMv3Parser",1789879800,6,6,6,10,10,7,7,11,11,8,1258,387,198665,66,46,6,47,47,0,0,47,1,23,24,50,49,14.708,71,1,36.433681,-119.923401,18.916,7,599,58,3,"e00fce6876826e255108c6bd",2026-09-20 04:50:03.631,2026-09-20 04:50:03.811,2026-09-20 04:50:03.811,2026-09-20
"293","SFpqLEHdbH","MOOSPMv3Parser",1789879800,6,6,0,10,10,0,0,11,11,0,1517,348,0,60,0,7,0,0,22,42,0,2,24,24,47,49,20.083,244,1,36.187462,-119.822075,34.523998,12,600,58,3,"e00fce68e739ecbcf9e91965",2026-09-20 04:50:03.689,2026-09-20 04:50:03.848,2026-09-20 04:50:03.848,2026-09-20
"294","wiejODXrPN","MOOSPMv3Parser",1789879800,5,5,5,7,7,5,5,7,7,5,1091,274,311055,46,37,3,37,37,21,38,37,0,25,23,40,47,29.656,312,1,36.138977,-120.368385,173.945999,6,600,58,3,"e00fce6850cac69f647dc199",2026-09-20 04:50:03.719,2026-09-20 04:50:03.928,2026-09-20 04:50:03.928,2026-09-20
"295","ogAxAHIwhy","MOOSPMv3Parser",1789879800,13,13,7,18,18,7,7,19,19,7,2526,688,254059,110,53,7,53,53,20,58,53,0,21,22,58,55,11.218,254,1,35.949543,-119.050011,112.723,5,600,58,3,"e00fce6808784ceaf209f949",2026-09-20 04:50:03.782,2026-09-20 04:50:04.005,2026-09-20 04:50:04.005,2026-09-20
"296","BXiATN1BAK","MOOSPMv3Parser",1789879801,5,5,0,8,8,0,0,8,8,0,1067,299,219311,53,0,3,0,0,23,32,0,0,24,25,43,42,30.992,210,3277,2.6e-05,0.002325,35138.355469,9,600,58,3,"e00fce68e28dcbc9a589be10",2026-09-20 04:50:04.12,2026-09-20 04:50:04.266,2026-09-20 04:50:04.266,2026-09-20
"297","YCkUNT4CQY","MOOSPMv3Parser",1789879801,6,6,4,8,8,4,4,8,8,4,2102,342,66722,46,28,3,28,28,-10,-10,28,0,22,22,51,51,25.67,219,1,36.503082,-120.325394,62.652,11,600,58,3,"e00fce68e77e43df92405fdb",2026-09-20 04:50:04.346,2026-09-20 04:50:04.499,2026-09-20 04:50:04.499,2026-09-20
"298","pwzLIoKMl2","MOOSPMv3Parser",1789879801,12,12,8,17,17,8,8,18,18,8,2328,648,117675,96,63,4,64,64,19,70,64,0,18,20,76,66,6.056,246,1,36.523323,-119.278816,93.058998,7,600,58,3,"e00fce68f12da1a0c5de6248",2026-09-20 04:50:07.973,2026-09-20 04:50:08.199,2026-09-20 04:50:08.199,2026-09-20
"299","EiwQ9jL8HT","MOOSPMv3Parser",1789880400,4,4,8,8,8,8,8,9,9,8,524,406,111481,76,61,8,61,61,22,43,61,0,25,24,46,48,11.247,241,1,35.963173,-119.291809,35.370998,12,600,58,3,"e00fce68d6b773b56ce8baa0",2026-09-20 05:00:02.247,2026-09-20 05:00:02.402,2026-09-20 05:00:02.402,2026-09-20
"300","WQjeWz7uPD","MOOSPMv3Parser",1789880400,12,12,9,18,18,9,9,19,19,9,2732,642,155166,109,71,10,71,71,21,64,71,0,22,23,58,56,8.519,299,1,35.775047,-119.238487,61.195999,12,600,58,3,"e00fce68e88237db75a60608",2026-09-20 05:00:02.909,2026-09-20 05:00:03.157,2026-09-20 05:00:03.157,2026-09-20
"301","dtkwFsdr1l","MOOSPMv3Parser",1789880401,0,0,4,2,2,5,6,3,3,6,317,214,50405,36,26,4,28,28,22,42,28,1,22,24,49,45,14.799,374,1,36.198837,-120.104324,79.079002,7,600,58,3,"e00fce686dc2ef0a68fa40b0",2026-09-20 05:00:03.458,2026-09-20 05:00:03.659,2026-09-20 05:00:03.659,2026-09-20
"302","CpPyvd7pv8","MOOSPMv3Parser",1789880400,7,7,6,11,11,7,7,13,13,7,1400,425,198707,75,49,9,49,49,0,0,49,0,22,24,51,50,13.468,71,1,36.433586,-119.92334,30.472,7,599,58,3,"e00fce6876826e255108c6bd",2026-09-20 05:00:03.566,2026-09-20 05:00:03.817,2026-09-20 05:00:03.817,2026-09-20
"303","TTDBYN5imQ","MOOSPMv3Parser",1789880400,7,7,0,11,11,0,0,12,12,0,1650,381,0,71,0,8,0,0,22,42,0,2,23,24,48,49,20.375,242,1,36.187527,-119.822121,23.478001,12,600,58,3,"e00fce68e739ecbcf9e91965",2026-09-20 05:00:03.686,2026-09-20 05:00:03.851,2026-09-20 05:00:03.851,2026-09-20
"304","zPOBDEDUCV","MOOSPMv3Parser",1789880400,12,12,7,17,17,7,8,18,18,8,2356,639,254108,104,55,6,55,55,20,58,55,0,21,22,57,55,14.234,232,1,35.949532,-119.04998,124.152,5,600,58,3,"e00fce6808784ceaf209f949",2026-09-20 05:00:03.708,2026-09-20 05:00:03.879,2026-09-20 05:00:03.879,2026-09-20
"305","JZgCPe61VK","MOOSPMv3Parser",1789880401,5,5,0,7,7,0,0,8,8,0,1025,288,219311,48,0,4,0,0,23,32,0,0,24,25,43,42,30.137,212,3277,2.6e-05,0.002325,35138.355469,9,600,58,3,"e00fce68e28dcbc9a589be10",2026-09-20 05:00:04.177,2026-09-20 05:00:04.389,2026-09-20 05:00:04.389,2026-09-20
"306","2Mg0D6kHqD","MOOSPMv3Parser",1789880400,4,4,5,7,7,5,5,8,8,5,1094,271,311087,48,36,4,36,36,21,39,36,0,25,23,41,48,31.935,301,1,36.139053,-120.368332,172.052994,7,600,58,3,"e00fce6850cac69f647dc199",2026-09-20 05:00:04.194,2026-09-20 05:00:04.403,2026-09-20 05:00:04.403,2026-09-20
"307","keO5og1uhU","MOOSPMv3Parser",1789880401,12,12,8,16,16,8,8,17,17,8,2276,634,117729,88,62,4,62,62,19,70,62,0,18,20,75,65,6.085,263,1,36.52319,-119.278839,80.606003,5,600,58,3,"e00fce68f12da1a0c5de6248",2026-09-20 05:00:08.146,2026-09-20 05:00:08.3,2026-09-20 05:00:08.3,2026-09-20
"308","KAGUJH0NuH","MOOSPMv3Parser",1789880401,6,6,4,9,9,4,4,10,10,4,2241,381,66749,52,32,5,32,32,20,47,32,0,22,22,51,52,26.929,207,1,36.503082,-120.325394,62.646999,0,600,58,3,"e00fce68e77e43df92405fdb",2026-09-20 05:00:08.378,2026-09-20 05:00:08.577,2026-09-20 05:00:08.577,2026-09-20
"309","MPYUcJYBYL","MOOSPMv3Parser",1789881001,0,0,3,2,2,4,4,2,2,5,309,209,50424,33,24,4,25,25,21,43,25,1,22,24,48,46,12.507,442,1,36.198822,-120.104332,88.592003,8,600,58,3,"e00fce686dc2ef0a68fa40b0",2026-09-20 05:10:02.582,2026-09-20 05:10:02.857,2026-09-20 05:10:02.857,2026-09-20
"310","xiQjgWWV9N","MOOSPMv3Parser",1789881000,5,5,8,9,9,9,9,10,10,9,544,425,111534,78,63,9,64,64,22,43,64,0,25,24,46,48,10.98,240,1,35.963142,-119.291763,44.825001,10,600,58,3,"e00fce68d6b773b56ce8baa0",2026-09-20 05:10:02.73,2026-09-20 05:10:02.894,2026-09-20 05:10:02.894,2026-09-20
"311","xFWj2OKwlP","MOOSPMv3Parser",1789881000,12,12,9,18,18,9,9,19,19,9,2670,637,155224,108,67,9,67,67,21,64,67,0,22,23,57,56,12.048,280,1,35.775093,-119.238533,83.829002,8,600,58,3,"e00fce68e88237db75a60608",2026-09-20 05:10:02.914,2026-09-20 05:10:03.071,2026-09-20 05:10:03.071,2026-09-20
"312","9EuYg8ynRW","MOOSPMv3Parser",1789881000,8,8,7,12,12,7,8,14,14,8,1509,463,198754,75,53,6,54,54,1,1,54,0,22,23,52,50,12.873,71,1,36.433605,-119.923447,39.16,5,599,58,3,"e00fce6876826e255108c6bd",2026-09-20 05:10:03.494,2026-09-20 05:10:03.67,2026-09-20 05:10:03.67,2026-09-20
"313","XdJxyLPz9g","MOOSPMv3Parser",1789881000,4,4,4,6,6,5,5,7,7,5,1038,256,311119,43,34,3,34,34,21,40,34,0,25,22,41,48,34.007,268,1,36.138966,-120.368332,184.128998,9,600,58,3,"e00fce6850cac69f647dc199",2026-09-20 05:10:03.649,2026-09-20 05:10:03.813,2026-09-20 05:10:03.813,2026-09-20
"314","SnINBtv7gf","MOOSPMv3Parser",1789881000,7,7,0,11,11,0,0,13,13,0,1769,402,0,71,0,8,0,0,22,43,0,2,23,23,48,49,19.211,256,1,36.187534,-119.822067,14.937,8,600,58,3,"e00fce68e739ecbcf9e91965",2026-09-20 05:10:03.688,2026-09-20 05:10:03.909,2026-09-20 05:10:03.909,2026-09-20
"315","ujfCHrLJus","MOOSPMv3Parser",1789881000,10,10,6,14,14,7,7,15,15,7,2048,556,254148,88,46,6,47,47,20,55,47,0,21,22,54,53,16.377,212,1,35.949532,-119.04998,124.153,0,600,58,3,"e00fce6808784ceaf209f949",2026-09-20 05:10:03.854,2026-09-20 05:10:04.049,2026-09-20 05:10:04.049,2026-09-20
"316","2kcxkmE0et","MOOSPMv3Parser",1789881001,15,15,7,20,20,8,8,21,21,8,3908,797,66800,103,58,7,58,58,20,47,58,0,22,22,51,52,21.655,249,1,36.503136,-120.325394,55.384998,15,600,58,3,"e00fce68e77e43df92405fdb",2026-09-20 05:10:04.047,2026-09-20 05:10:04.234,2026-09-20 05:10:04.234,2026-09-20
"317","gMveGQH2bi","MOOSPMv3Parser",1789881001,5,5,0,8,8,0,0,8,8,0,1066,298,219311,53,0,4,0,0,23,32,0,0,24,25,43,42,31.742,185,3277,2.6e-05,0.002325,35138.355469,9,600,58,3,"e00fce68e28dcbc9a589be10",2026-09-20 05:10:04.197,2026-09-20 05:10:04.438,2026-09-20 05:10:04.438,2026-09-20
"318","3LfewWW1dB","MOOSPMv3Parser",1789881001,12,12,8,16,16,8,8,17,17,8,2253,628,117782,88,60,4,61,61,18,71,61,0,18,20,77,66,5.652,251,1,36.523228,-119.278839,79.374001,7,600,58,3,"e00fce68f12da1a0c5de6248",2026-09-20 05:10:07.999,2026-09-20 05:10:08.154,2026-09-20 05:10:08.154,2026-09-20
"319","EJnP58AvqZ","MOOSPMv3Parser",1789881600,4,4,8,9,9,8,8,10,10,8,521,405,111585,78,61,9,61,61,22,44,61,0,25,24,46,49,9.821,241,1,35.963188,-119.291794,33.033001,11,600,58,3,"e00fce68d6b773b56ce8baa0",2026-09-20 05:20:02.29,2026-09-20 05:20:02.494,2026-09-20 05:20:02.494,2026-09-20
"320","3SDECCbTYy","MOOSPMv3Parser",1789881601,0,0,3,1,1,4,5,2,2,5,308,207,50445,35,26,4,27,27,21,43,27,1,22,23,47,46,15.805,421,1,36.198849,-120.104347,78.153,8,600,58,3,"e00fce686dc2ef0a68fa40b0",2026-09-20 05:20:02.904,2026-09-20 05:20:03.058,2026-09-20 05:20:03.058,2026-09-20
"321","S1hlOMn7hu","MOOSPMv3Parser",1789881600,11,11,8,17,17,9,9,17,17,9,2560,605,155281,100,65,9,65,65,20,65,65,0,22,22,58,57,15.42,259,1,35.775043,-119.238487,69.626999,8,600,58,3,"e00fce68e88237db75a60608",2026-09-20 05:20:03.063,2026-09-20 05:20:03.238,2026-09-20 05:20:03.238,2026-09-20
"322","CKXddZVYsN","MOOSPMv3Parser",1789881600,7,7,6,11,11,7,7,12,12,7,1307,398,198794,71,47,8,47,47,0,0,47,0,21,23,53,50,11.326,237,1,36.433491,-119.923401,37.312,6,599,58,3,"e00fce6876826e255108c6bd",2026-09-20 05:20:03.487,2026-09-20 05:20:03.704,2026-09-20 05:20:03.704,2026-09-20
"323","XJP0QbqPRV","MOOSPMv3Parser",1789881600,5,5,5,8,8,5,5,8,8,5,1183,298,311151,53,40,3,40,40,20,41,40,0,25,22,41,49,29.443,302,1,36.139038,-120.368416,170.923004,7,600,58,3,"e00fce6850cac69f647dc199",2026-09-20 05:20:03.572,2026-09-20 05:20:03.744,2026-09-20 05:20:03.744,2026-09-20
"324","EU8S1PwJdY","MOOSPMv3Parser",1789881600,10,10,6,14,14,6,6,15,15,6,1953,529,254185,83,44,5,44,44,20,55,44,0,21,21,54,53,16.597,213,1,35.949562,-119.049896,143.751999,6,600,58,3,"e00fce6808784ceaf209f949",2026-09-20 05:20:03.783,2026-09-20 05:20:03.938,2026-09-20 05:20:03.938,2026-09-20
"325","lR0zXCgu4K","MOOSPMv3Parser",1789881600,7,7,0,12,12,0,0,13,13,0,1743,391,0,76,0,12,0,0,22,43,0,2,22,23,50,50,15.951,269,1,36.187534,-119.822067,14.938,0,600,58,3,"e00fce68e739ecbcf9e91965",2026-09-20 05:20:03.839,2026-09-20 05:20:04.05,2026-09-20 05:20:04.05,2026-09-20
"326","rHFGdNi5jf","MOOSPMv3Parser",1789881601,5,5,0,8,8,0,0,8,8,0,1035,294,219311,52,0,3,0,0,23,33,0,0,24,25,43,42,32.189,185,3277,2.6e-05,0.002325,35138.355469,9,600,58,3,"e00fce68e28dcbc9a589be10",2026-09-20 05:20:04.187,2026-09-20 05:20:04.343,2026-09-20 05:20:04.343,2026-09-20
"327","mCCSMrsMlp","MOOSPMv3Parser",1789881601,13,13,8,18,18,8,8,19,19,8,3493,701,66852,102,60,7,60,60,20,48,60,0,21,22,52,53,17.009,289,1,36.503128,-120.325432,64.325996,11,600,58,3,"e00fce68e77e43df92405fdb",2026-09-20 05:20:07.737,2026-09-20 05:20:07.96,2026-09-20 05:20:07.96,2026-09-20
"328","6IY1STt8r1","MOOSPMv3Parser",1789881601,12,12,8,16,16,8,8,16,16,8,2250,627,117834,88,61,3,61,61,18,71,61,0,18,20,74,66,7.52,239,1,36.523308,-119.278778,88.476997,6,600,58,3,"e00fce68f12da1a0c5de6248",2026-09-20 05:20:08.121,2026-09-20 05:20:08.316,2026-09-20 05:20:08.316,2026-09-20
"329","X1Nj1wk0NI","MOOSPMv3Parser",1789882200,4,4,8,9,9,8,9,10,10,9,535,416,111638,78,63,9,63,63,21,44,63,0,25,23,46,51,9.004,245,1,35.96323,-119.292023,23.891001,7,600,58,3,"e00fce68d6b773b56ce8baa0",2026-09-20 05:30:02.564,2026-09-20 05:30:02.758,2026-09-20 05:30:02.758,2026-09-20
"330","Q12GL0Djlg","MOOSPMv3Parser",1789882200,11,11,8,17,17,9,9,17,17,9,2621,612,155339,101,65,8,66,66,20,67,66,0,21,22,60,58,14.189,260,1,35.775043,-119.238487,69.626999,0,600,58,3,"e00fce68e88237db75a60608",2026-09-20 05:30:02.916,2026-09-20 05:30:03.1,2026-09-20 05:30:03.1,2026-09-20
"331","72wwI7O1Ck","MOOSPMv3Parser",1789882201,0,0,4,2,2,5,6,2,2,7,313,212,50468,34,30,4,31,31,21,42,31,1,22,23,46,45,18.242,367,1,36.198799,-120.104324,74.402,7,600,58,3,"e00fce686dc2ef0a68fa40b0",2026-09-20 05:30:03.157,2026-09-20 05:30:03.364,2026-09-20 05:30:03.364,2026-09-20
"332","9Fdm1Bt1vI","MOOSPMv3Parser",1789882201,15,15,7,20,20,7,7,21,21,7,3800,789,66900,99,55,6,56,56,20,48,56,0,21,22,51,53,21.186,283,1,36.503094,-120.325417,48.640999,9,600,58,3,"e00fce68e77e43df92405fdb",2026-09-20 05:30:03.261,2026-09-20 05:30:03.401,2026-09-20 05:30:03.401,2026-09-20
"333","f4CEz7rBbG","MOOSPMv3Parser",1789882200,5,5,5,7,7,5,5,8,8,5,1109,278,311183,48,38,3,38,38,20,41,38,0,24,22,41,48,31.778,294,1,36.138973,-120.368355,173,7,600,58,3,"e00fce6850cac69f647dc199",2026-09-20 05:30:03.732,2026-09-20 05:30:03.927,2026-09-20 05:30:03.927,2026-09-20
"334","iTyj0jQV6k","MOOSPMv3Parser",1789882200,9,9,6,13,13,6,6,14,14,6,1877,511,254221,79,44,5,44,44,20,54,44,0,21,21,53,52,17.925,199,1,35.949574,-119.050026,92.308998,5,600,58,3,"e00fce6808784ceaf209f949",2026-09-20 05:30:03.784,2026-09-20 05:30:03.938,2026-09-20 05:30:03.938,2026-09-20
"335","9oBTl1HEVi","MOOSPMv3Parser",1789882200,6,6,0,10,10,0,0,11,11,0,1565,361,0,69,0,6,0,0,21,45,0,2,22,23,52,51,14.548,286,1,36.187599,-119.822044,29.559999,9,600,58,3,"e00fce68e739ecbcf9e91965",2026-09-20 05:30:03.832,2026-09-20 05:30:04.018,2026-09-20 05:30:04.018,2026-09-20
"336","CJSPJ3fwSS","MOOSPMv3Parser",1789882201,5,5,0,8,8,0,0,8,8,0,1071,305,219311,51,0,3,0,0,23,33,0,0,24,25,43,43,31.311,181,3277,2.6e-05,0.002325,35138.355469,9,600,58,3,"e00fce68e28dcbc9a589be10",2026-09-20 05:30:04.175,2026-09-20 05:30:04.326,2026-09-20 05:30:04.326,2026-09-20
"337","tPxgG7DMtS","MOOSPMv3Parser",1789882201,8,8,8,13,13,8,8,15,15,8,1511,462,198514,82,59,11,59,59,0,0,59,0,21,23,52,49,8.951,475,1,36.433529,-119.923424,-9.029,6,600,58,3,"e00fce6876826e255108c6bd",2026-09-20 05:30:04.366,2026-09-20 05:30:04.573,2026-09-20 05:30:04.573,2026-09-20
"338","rwsWYG36JA","MOOSPMv3Parser",1789882201,13,13,9,17,17,10,10,18,18,10,2493,697,117897,96,71,5,72,72,19,70,72,0,19,20,68,65,9.55,273,1,36.523308,-119.278778,88.480003,0,600,58,3,"e00fce68f12da1a0c5de6248",2026-09-20 05:30:07.811,2026-09-20 05:30:08.029,2026-09-20 05:30:08.029,2026-09-20
"339","3pRZsN3DSR","MOOSPMv3Parser",1789882800,5,5,9,12,12,10,10,14,14,10,586,463,111700,91,74,11,74,74,21,46,74,1,25,23,46,52,9.523,245,1,35.963234,-119.29174,73.730003,7,600,58,3,"e00fce68d6b773b56ce8baa0",2026-09-20 05:40:02.182,2026-09-20 05:40:02.317,2026-09-20 05:40:02.317,2026-09-20
"340","c4SakTk9Qx","MOOSPMv3Parser",1789882800,13,13,9,19,19,9,9,20,20,9,2909,685,155400,113,70,8,70,70,20,68,70,0,21,22,60,58,13.394,258,1,35.775055,-119.238518,59.327,11,600,58,3,"e00fce68e88237db75a60608",2026-09-20 05:40:02.986,2026-09-20 05:40:03.172,2026-09-20 05:40:03.172,2026-09-20
"341","u6SFtkao9E","MOOSPMv3Parser",1789882801,9,9,5,12,12,6,6,13,13,6,2768,522,66937,66,43,4,43,43,20,49,43,0,21,21,52,53,22.389,262,1,36.503193,-120.325401,84.531998,7,600,58,3,"e00fce68e77e43df92405fdb",2026-09-20 05:40:03.255,2026-09-20 05:40:03.422,2026-09-20 05:40:03.422,2026-09-20
"342","v0ZaBA9AKk","MOOSPMv3Parser",1789882801,0,0,4,2,2,6,7,2,2,7,304,203,50493,35,31,3,32,33,21,42,33,1,22,23,50,45,16.99,367,1,36.198799,-120.104324,74.402,0,600,58,3,"e00fce686dc2ef0a68fa40b0",2026-09-20 05:40:03.569,2026-09-20 05:40:03.746,2026-09-20 05:40:03.746,2026-09-20
"343","SHsQmNztbJ","MOOSPMv3Parser",1789882800,14,14,11,22,22,12,12,25,25,12,2454,754,198923,139,89,17,90,90,1,0,90,0,20,22,53,49,8.345,486,1,36.433529,-119.923424,-9.029,6,599,58,3,"e00fce6876826e255108c6bd",2026-09-20 05:40:03.574,2026-09-20 05:40:03.841,2026-09-20 05:40:03.841,2026-09-20
"344","eHAHhL40Yc","MOOSPMv3Parser",1789882800,6,6,0,9,9,0,0,10,10,0,1560,347,0,59,0,6,0,0,21,43,0,2,22,22,48,49,15.485,256,1,36.187534,-119.822029,40.074001,8,600,58,3,"e00fce68e739ecbcf9e91965",2026-09-20 05:40:03.689,2026-09-20 05:40:03.872,2026-09-20 05:40:03.872,2026-09-20
"345","mZeOVAq7iJ","MOOSPMv3Parser",1789882800,10,10,6,14,14,6,6,15,15,6,2063,557,254259,81,44,5,44,44,20,54,44,0,21,21,53,52,19.662,177,1,35.949574,-119.050026,92.306,0,600,58,3,"e00fce6808784ceaf209f949",2026-09-20 05:40:03.787,2026-09-20 05:40:04.053,2026-09-20 05:40:04.053,2026-09-20
"346","FDFroRqVCJ","MOOSPMv3Parser",1789882800,4,4,5,7,7,5,5,7,7,5,1036,258,311215,43,36,3,36,36,20,41,36,0,24,22,41,48,32.374,299,1,36.138885,-120.368294,176.266006,6,600,58,3,"e00fce6850cac69f647dc199",2026-09-20 05:40:04.052,2026-09-20 05:40:04.249,2026-09-20 05:40:04.249,2026-09-20
"347","pabRR0E9Kc","MOOSPMv3Parser",1789882801,5,5,0,7,7,0,0,8,8,0,1055,298,219311,47,0,3,0,0,23,33,0,0,24,25,43,42,32.768,179,3277,2.6e-05,0.002325,35138.355469,9,600,58,3,"e00fce68e28dcbc9a589be10",2026-09-20 05:40:04.108,2026-09-20 05:40:04.284,2026-09-20 05:40:04.284,2026-09-20
"348","DZWTrj8nD8","MOOSPMv3Parser",1789882801,15,15,10,20,20,10,10,20,20,10,2708,758,117964,109,77,5,77,77,19,69,77,0,19,20,67,64,10.731,296,1,36.52335,-119.278801,83.935997,6,600,58,3,"e00fce68f12da1a0c5de6248",2026-09-20 05:40:07.98,2026-09-20 05:40:08.172,2026-09-20 05:40:08.172,2026-09-20
"349","vEpD7Hgcl8","MOOSPMv3Parser",1789883401,1,1,4,4,4,5,6,4,4,6,397,283,50517,45,30,4,31,31,21,42,31,1,22,23,48,45,16.392,376,1,36.19886,-120.104248,93.045998,6,600,58,3,"e00fce686dc2ef0a68fa40b0",2026-09-20 05:50:02.435,2026-09-20 05:50:02.627,2026-09-20 05:50:02.627,2026-09-20
"350","58JZHkJkH8","MOOSPMv3Parser",1789883400,7,7,11,18,18,12,12,20,20,12,662,529,111773,106,87,13,88,88,20,46,88,1,25,22,46,53,9.317,244,1,35.963295,-119.291695,57.796001,7,600,58,3,"e00fce68d6b773b56ce8baa0",2026-09-20 05:50:02.739,2026-09-20 05:50:02.928,2026-09-20 05:50:02.928,2026-09-20
"351","0uL0JDFeK6","MOOSPMv3Parser",1789883400,12,12,8,17,17,9,9,18,18,9,2716,646,155457,107,66,7,66,66,20,70,66,0,21,21,61,59,13.528,252,1,35.77504,-119.238548,62.188,10,600,58,3,"e00fce68e88237db75a60608",2026-09-20 05:50:02.989,2026-09-20 05:50:03.158,2026-09-20 05:50:03.158,2026-09-20
"352","1iqTS5tpO2","MOOSPMv3Parser",1789883400,5,5,4,7,7,5,5,7,7,5,1048,268,311247,46,34,3,34,34,20,41,34,0,24,22,41,48,37.717,227,1,36.138851,-120.368294,169.285004,6,600,58,3,"e00fce6850cac69f647dc199",2026-09-20 05:50:03.223,2026-09-20 05:50:03.447,2026-09-20 05:50:03.447,2026-09-20
"353","nB4bwR2OAW","MOOSPMv3Parser",1789883401,8,8,5,11,11,5,5,12,12,5,2561,466,66973,63,41,4,41,41,20,50,41,0,21,21,52,54,23.504,256,1,36.503128,-120.325401,44.087002,7,600,58,3,"e00fce68e77e43df92405fdb",2026-09-20 05:50:03.628,2026-09-20 05:50:03.832,2026-09-20 05:50:03.832,2026-09-20
"354","yTAQWOJ23k","MOOSPMv3Parser",1789883400,6,6,0,10,10,0,0,11,11,0,1532,347,0,62,0,7,0,0,21,42,0,2,22,22,47,49,16.232,229,1,36.1875,-119.821991,24.166,7,600,58,3,"e00fce68e739ecbcf9e91965",2026-09-20 05:50:03.687,2026-09-20 05:50:03.909,2026-09-20 05:50:03.909,2026-09-20
"355","OX5gNQSZWK","MOOSPMv3Parser",1789883400,19,18,14,29,28,15,15,32,32,15,3336,1028,199017,171,108,18,108,108,0,0,108,0,20,22,52,49,8.459,485,1,36.433586,-119.923332,35.894001,5,599,58,3,"e00fce6876826e255108c6bd",2026-09-20 05:50:03.877,2026-09-20 05:50:04.057,2026-09-20 05:50:04.057,2026-09-20
"356","HncXzowshg","MOOSPMv3Parser",1789883401,5,5,0,7,7,0,0,8,8,0,1071,301,219311,51,0,4,0,0,22,33,0,0,24,25,43,42,33.971,153,3277,2.6e-05,0.002325,35138.355469,9,600,58,3,"e00fce68e28dcbc9a589be10",2026-09-20 05:50:04.169,2026-09-20 05:50:04.357,2026-09-20 05:50:04.357,2026-09-20
"357","6k9ROFKVD3","MOOSPMv3Parser",1789883401,15,15,10,20,20,11,11,22,22,11,2761,772,118034,112,79,6,80,80,19,69,80,0,19,20,67,64,9.58,310,1,36.523331,-119.278786,64.057999,8,600,58,3,"e00fce68f12da1a0c5de6248",2026-09-20 05:50:07.899,2026-09-20 05:50:08.095,2026-09-20 05:50:08.095,2026-09-20
"358","RSnqocc4zk","MOOSPMv3Parser",1789883400,10,10,6,15,15,7,7,16,16,7,1998,544,254304,92,50,7,50,50,19,56,50,0,21,21,55,53,18.857,183,1,35.949627,-119.049896,118.874001,7,600,58,3,"e00fce6808784ceaf209f949",2026-09-20 05:50:09.456,2026-09-20 05:50:09.671,2026-09-20 05:50:09.671,2026-09-20
"359","ZiHabONNWm","MOOSPMv3Parser",1789884000,6,6,11,16,16,11,11,18,18,11,635,504,111843,103,84,12,84,84,20,47,84,0,25,22,46,54,9.303,241,1,35.963234,-119.291817,34.238998,8,600,58,3,"e00fce68d6b773b56ce8baa0",2026-09-20 06:00:02.203,2026-09-20 06:00:02.424,2026-09-20 06:00:02.424,2026-09-20
"360","OFE0cGDtqb","MOOSPMv3Parser",1789884001,6,6,7,14,14,7,8,15,15,8,648,503,50560,87,52,8,52,53,21,43,53,1,21,23,48,45,15.868,365,1,36.19891,-120.10434,87.748001,7,600,58,3,"e00fce686dc2ef0a68fa40b0",2026-09-20 06:00:02.833,2026-09-20 06:00:03.102,2026-09-20 06:00:03.102,2026-09-20
"361","xjXknU2iLu","MOOSPMv3Parser",1789884000,11,11,8,16,16,8,8,17,17,8,2533,596,155513,99,63,7,63,63,20,70,63,0,21,21,61,60,12.882,253,1,35.775085,-119.238495,61.071999,10,600,58,3,"e00fce68e88237db75a60608",2026-09-20 06:00:03.157,2026-09-20 06:00:03.414,2026-09-20 06:00:03.414,2026-09-20
"362","V7fLLCHG8J","MOOSPMv3Parser",1789884000,18,18,13,28,27,13,13,31,30,13,3181,978,199104,162,100,19,100,100,0,0,100,0,20,22,52,49,9.256,471,1,36.433655,-119.923485,12.339,5,599,58,3,"e00fce6876826e255108c6bd",2026-09-20 06:00:03.648,2026-09-20 06:00:03.832,2026-09-20 06:00:03.832,2026-09-20
"363","2GGe4LRW1l","MOOSPMv3Parser",1789884000,6,6,0,10,10,0,0,11,11,0,1529,343,0,64,0,9,0,0,21,42,0,2,22,22,48,49,15.458,232,1,36.187485,-119.822014,17.195,7,600,58,3,"e00fce68e739ecbcf9e91965",2026-09-20 06:00:03.686,2026-09-20 06:00:03.872,2026-09-20 06:00:03.872,2026-09-20
"364","67Yt8cCk6m","MOOSPMv3Parser",1789884000,4,4,4,6,6,4,4,7,7,4,1026,254,311279,42,33,3,33,33,20,42,33,0,24,21,42,49,35.361,272,1,36.139008,-120.368385,161.341995,6,600,58,3,"e00fce6850cac69f647dc199",2026-09-20 06:00:03.724,2026-09-20 06:00:03.936,2026-09-20 06:00:03.936,2026-09-20
"365","E1KvlF7oAK","MOOSPMv3Parser",1789884000,11,11,7,16,16,7,7,17,17,8,2147,586,254351,96,52,7,53,53,19,56,53,0,21,21,55,53,17.823,193,1,35.949554,-119.050003,112.334999,6,600,58,3,"e00fce6808784ceaf209f949",2026-09-20 06:00:03.782,2026-09-20 06:00:03.964,2026-09-20 06:00:03.964,2026-09-20
"366","9fOkeBRCG6","MOOSPMv3Parser",1789884001,5,5,0,7,7,0,0,8,8,0,1053,301,219311,48,0,3,0,0,22,33,0,0,23,24,44,43,31.484,175,3277,2.6e-05,0.002325,35138.355469,9,600,58,3,"e00fce68e28dcbc9a589be10",2026-09-20 06:00:04.103,2026-09-20 06:00:04.296,2026-09-20 06:00:04.296,2026-09-20
"367","A58BhDKmOs","MOOSPMv3Parser",1789884001,7,7,4,9,9,5,5,10,10,5,2324,402,67003,53,34,3,34,34,20,50,34,0,21,21,52,53,23.594,245,1,36.503246,-120.325363,77.787003,7,600,58,3,"e00fce68e77e43df92405fdb",2026-09-20 06:00:07.962,2026-09-20 06:00:08.168,2026-09-20 06:00:08.168,2026-09-20
"368","FjoceOejNk","MOOSPMv3Parser",1789884001,15,15,10,21,21,11,11,22,22,11,2845,794,118105,122,81,6,81,81,19,69,81,0,19,20,69,64,8.49,310,1,36.523323,-119.278755,84.156998,8,600,58,3,"e00fce68f12da1a0c5de6248",2026-09-20 06:00:08.515,2026-09-20 06:00:08.684,2026-09-20 06:00:08.684,2026-09-20
"369","oq9W59PNJu","MOOSPMv3Parser",1789884600,5,5,8,10,10,9,9,11,11,9,557,440,111898,80,66,8,66,66,20,48,66,0,25,22,46,56,9.915,236,1,35.96315,-119.291618,126.336998,5,600,58,3,"e00fce68d6b773b56ce8baa0",2026-09-20 06:10:02.643,2026-09-20 06:10:02.8,2026-09-20 06:10:02.8,2026-09-20
"370","OL2xV9dIs0","MOOSPMv3Parser",1789884600,12,12,8,17,17,8,8,17,17,8,2529,603,155568,96,63,8,63,63,19,71,63,0,21,21,60,60,13.127,248,1,35.775089,-119.23851,61.014,11,600,58,3,"e00fce68e88237db75a60608",2026-09-20 06:10:03.079,2026-09-20 06:10:03.294,2026-09-20 06:10:03.294,2026-09-20
"371","X0toRGDsy7","MOOSPMv3Parser",1789884601,7,7,5,10,10,5,5,10,10,5,2419,405,67034,54,36,4,37,37,20,50,37,0,21,21,51,53,26.793,216,1,36.50296,-120.325424,17.954,5,600,58,3,"e00fce68e77e43df92405fdb",2026-09-20 06:10:03.26,2026-09-20 06:10:03.395,2026-09-20 06:10:03.395,2026-09-20
"372","DOU3JpkTui","MOOSPMv3Parser",1789884600,6,6,0,10,10,0,0,11,11,0,1548,348,0,62,0,8,0,0,21,42,0,2,22,22,48,48,15.352,232,1,36.187523,-119.821999,35.702999,5,600,58,3,"e00fce68e739ecbcf9e91965",2026-09-20 06:10:03.687,2026-09-20 06:10:03.842,2026-09-20 06:10:03.842,2026-09-20
"373","ugT45GJkvm","MOOSPMv3Parser",1789884600,10,10,6,14,14,6,6,14,14,6,1893,518,254394,82,48,5,48,48,19,57,48,0,20,21,55,54,18.496,189,1,35.949535,-119.049965,114.564003,5,600,58,3,"e00fce6808784ceaf209f949",2026-09-20 06:10:03.791,2026-09-20 06:10:04.013,2026-09-20 06:10:04.013,2026-09-20
"374","6cYBiT91OP","MOOSPMv3Parser",1789884600,12,12,11,19,19,11,12,21,21,12,2145,658,199178,121,85,14,85,85,0,0,85,0,20,22,52,50,9.036,466,1,36.433624,-119.923332,18.709999,9,599,58,3,"e00fce6876826e255108c6bd",2026-09-20 06:10:03.793,2026-09-20 06:10:04.019,2026-09-20 06:10:04.019,2026-09-20
"375","EMbJlbotlD","MOOSPMv3Parser",1789884600,4,4,4,6,6,5,5,7,7,5,1001,250,311311,43,34,3,34,34,20,42,34,0,24,21,42,49,32.96,294,1,36.139008,-120.368385,161.341003,0,600,58,3,"e00fce6850cac69f647dc199",2026-09-20 06:10:04.041,2026-09-20 06:10:04.235,2026-09-20 06:10:04.235,2026-09-20
"376","n2IoC8f9BE","MOOSPMv3Parser",1789884601,5,5,0,7,7,0,0,7,7,0,999,282,219311,41,0,3,0,0,22,34,0,0,23,24,44,43,31.429,168,3277,2.6e-05,0.002325,35138.355469,9,600,58,3,"e00fce68e28dcbc9a589be10",2026-09-20 06:10:04.187,2026-09-20 06:10:04.339,2026-09-20 06:10:04.339,2026-09-20
"377","5jm8JJYnGd","MOOSPMv3Parser",1789884601,16,16,11,21,21,11,11,23,23,11,2931,820,118179,119,85,6,85,85,19,69,85,0,20,20,67,64,9.904,283,1,36.523361,-119.278831,85.749001,7,600,58,3,"e00fce68f12da1a0c5de6248",2026-09-20 06:10:12.299,2026-09-20 06:10:12.496,2026-09-20 06:10:12.496,2026-09-20
"378","ExViI9rjox","MOOSPMv3Parser",1789884601,1,1,5,4,4,6,7,5,5,7,399,285,50588,49,36,5,37,37,21,42,37,1,21,23,48,45,17.333,335,1,36.198841,-120.104424,70.060997,10,600,58,3,"e00fce686dc2ef0a68fa40b0",2026-09-20 06:12:06.197,2026-09-20 06:12:06.378,2026-09-20 06:12:06.378,2026-09-20
"379","f4V6nK5BgH","MOOSPMv3Parser",1789885200,5,5,9,10,10,9,9,11,11,9,569,448,111954,82,67,9,67,67,20,50,67,0,25,22,46,57,9.244,235,1,35.96315,-119.291618,126.335999,0,600,58,3,"e00fce68d6b773b56ce8baa0",2026-09-20 06:20:02.177,2026-09-20 06:20:02.385,2026-09-20 06:20:02.385,2026-09-20
"380","7lz0VXDUWa","MOOSPMv3Parser",1789885201,8,8,5,11,11,5,5,12,12,5,2625,456,67067,64,37,4,38,38,20,50,38,0,21,21,51,54,28.143,202,1,36.503155,-120.325371,52.224998,7,600,58,3,"e00fce68e77e43df92405fdb",2026-09-20 06:20:02.974,2026-09-20 06:20:03.121,2026-09-20 06:20:03.121,2026-09-20
"381","KOd8Yuj7Pg","MOOSPMv3Parser",1789885200,11,11,8,16,16,8,8,16,16,8,2566,599,155623,100,63,5,63,63,19,72,63,0,21,21,61,61,13.679,239,1,35.775074,-119.238556,89.164001,8,600,58,3,"e00fce68e88237db75a60608",2026-09-20 06:20:03.058,2026-09-20 06:20:03.241,2026-09-20 06:20:03.241,2026-09-20
"382","JrPAlqNulA","MOOSPMv3Parser",1789885201,1,1,4,2,2,5,6,3,3,7,347,239,50529,41,31,4,32,32,21,42,32,1,21,23,47,44,18.03,316,1,36.198746,-120.104507,52.853001,9,601,58,3,"e00fce686dc2ef0a68fa40b0",2026-09-20 06:20:03.559,2026-09-20 06:20:03.74,2026-09-20 06:20:03.74,2026-09-20
"383","H2JCFA5dXf","MOOSPMv3Parser",1789885200,15,15,12,24,23,12,12,26,26,12,2653,816,199257,147,92,17,92,92,1,0,92,0,20,21,52,51,8.891,480,1,36.433651,-119.92334,22.742001,7,599,58,3,"e00fce6876826e255108c6bd",2026-09-20 06:20:03.718,2026-09-20 06:20:03.889,2026-09-20 06:20:03.889,2026-09-20
"384","FfqyzHF5fB","MOOSPMv3Parser",1789885200,6,6,0,9,9,0,0,10,10,0,1435,324,0,58,0,6,0,0,20,42,0,2,22,22,47,49,15.625,225,1,36.187496,-119.822105,26.749001,5,600,58,3,"e00fce68e739ecbcf9e91965",2026-09-20 06:20:03.694,2026-09-20 06:20:03.891,2026-09-20 06:20:03.891,2026-09-20
"385","QhKjuWQuGr","MOOSPMv3Parser",1789885200,9,9,6,13,13,6,6,14,14,6,1847,501,254431,76,45,4,45,45,19,58,45,0,20,21,56,54,19.79,172,1,35.949444,-119.050011,104.110001,8,600,58,3,"e00fce6808784ceaf209f949",2026-09-20 06:20:04.057,2026-09-20 06:20:04.217,2026-09-20 06:20:04.217,2026-09-20
"386","HpanlhmHIj","MOOSPMv3Parser",1789885200,4,4,4,6,6,4,4,6,6,4,947,239,311341,39,30,3,30,30,19,42,30,0,23,21,42,50,34.239,275,1,36.138958,-120.36837,173.130997,6,600,58,3,"e00fce6850cac69f647dc199",2026-09-20 06:20:04.182,2026-09-20 06:20:04.406,2026-09-20 06:20:04.406,2026-09-20
"387","NHYB1XFpTk","MOOSPMv3Parser",1789885201,4,4,0,6,6,0,0,7,7,0,936,263,219311,45,0,3,0,0,22,34,0,0,23,24,44,43,33.128,162,3277,2.6e-05,0.002325,35138.355469,9,600,58,3,"e00fce68e28dcbc9a589be10",2026-09-20 06:20:04.345,2026-09-20 06:20:04.523,2026-09-20 06:20:04.523,2026-09-20
"388","TZj4e4l8ig","MOOSPMv3Parser",1789885201,16,16,11,21,21,11,11,22,22,11,2933,821,118253,119,84,6,84,84,19,68,84,0,19,20,68,63,10.247,255,1,36.523327,-119.278839,86.121002,7,600,58,3,"e00fce68f12da1a0c5de6248",2026-09-20 06:20:21.221,2026-09-20 06:20:21.423,2026-09-20 06:20:21.423,2026-09-20
"389","ymTpz7Ngwv","MOOSPMv3Parser",1789885800,5,5,9,11,11,9,9,12,12,9,577,449,112011,84,67,9,68,68,20,50,68,0,25,21,46,58,8.417,235,1,35.963123,-119.291786,35.841,5,600,58,3,"e00fce68d6b773b56ce8baa0",2026-09-20 06:30:02.725,2026-09-20 06:30:02.928,2026-09-20 06:30:02.928,2026-09-20
"390","hLEv4G3s57","MOOSPMv3Parser",1789885800,12,12,9,18,18,9,9,19,19,9,2725,651,155682,109,68,9,69,69,19,72,69,0,20,21,61,61,11.795,244,1,35.775082,-119.238541,60.508999,7,600,58,3,"e00fce68e88237db75a60608",2026-09-20 06:30:02.916,2026-09-20 06:30:03.083,2026-09-20 06:30:03.083,2026-09-20
"391","mp1slJLPeD","MOOSPMv3Parser",1789885800,4,4,4,6,6,4,4,6,6,4,920,232,311370,36,30,2,30,30,19,45,30,0,23,21,44,52,33.553,261,1,36.138912,-120.368523,150.447998,6,600,58,3,"e00fce6850cac69f647dc199",2026-09-20 06:30:03.156,2026-09-20 06:30:03.304,2026-09-20 06:30:03.304,2026-09-20
"392","abfaBneQFS","MOOSPMv3Parser",1789885800,8,8,8,13,13,8,8,15,15,8,1552,475,199308,88,59,10,59,59,0,0,59,0,20,21,52,51,10.022,443,1,36.433651,-119.92334,29.527,8,599,58,3,"e00fce6876826e255108c6bd",2026-09-20 06:30:03.567,2026-09-20 06:30:03.751,2026-09-20 06:30:03.751,2026-09-20
"393","GrPgu2lRCA","MOOSPMv3Parser",1789885800,6,6,0,10,10,0,0,10,10,0,1507,339,0,61,0,7,0,0,20,43,0,2,21,22,49,49,14.735,226,1,36.187454,-119.821877,33.014,5,600,58,3,"e00fce68e739ecbcf9e91965",2026-09-20 06:30:03.693,2026-09-20 06:30:03.839,2026-09-20 06:30:03.839,2026-09-20
"394","0ysZ30PiHV","MOOSPMv3Parser",1789885800,10,10,6,14,14,6,7,14,14,7,1957,529,254472,87,47,5,47,48,19,58,48,0,20,21,55,54,19.938,169,2,35.949604,-119.049904,102.169998,6,600,58,3,"e00fce6808784ceaf209f949",2026-09-20 06:30:03.782,2026-09-20 06:30:03.947,2026-09-20 06:30:03.947,2026-09-20
"395","KFA0wSihiH","MOOSPMv3Parser",1789885801,0,0,4,2,2,5,6,2,2,6,326,222,50636,37,29,4,30,30,20,42,30,1,21,22,48,45,18.64,287,1,36.19883,-120.10437,81.045998,10,600,58,3,"e00fce686dc2ef0a68fa40b0",2026-09-20 06:30:03.97,2026-09-20 06:30:04.112,2026-09-20 06:30:04.112,2026-09-20
"396","JO21iHwsAQ","MOOSPMv3Parser",1789885801,9,9,5,11,11,5,5,12,12,5,2746,489,67099,58,37,3,37,37,20,50,37,0,21,21,51,54,29.2,187,1,36.503181,-120.325401,55.237999,5,600,58,3,"e00fce68e77e43df92405fdb",2026-09-20 06:30:04.045,2026-09-20 06:30:04.187,2026-09-20 06:30:04.187,2026-09-20
"397","4zALCIgF19","MOOSPMv3Parser",1789885801,5,5,0,7,7,0,0,7,7,0,973,272,219311,46,0,3,0,0,22,34,0,0,23,24,45,43,32.093,164,3277,2.6e-05,0.002325,35138.355469,9,600,58,3,"e00fce68e28dcbc9a589be10",2026-09-20 06:30:04.11,2026-09-20 06:30:04.259,2026-09-20 06:30:04.259,2026-09-20
"398","YwVZI8AZUD","MOOSPMv3Parser",1789885801,16,16,10,21,21,11,11,22,22,11,2938,823,118323,115,80,5,81,81,19,68,81,0,18,20,70,63,9.634,236,1,36.523335,-119.278786,79.855003,7,600,58,3,"e00fce68f12da1a0c5de6248",2026-09-20 06:30:08.257,2026-09-20 06:30:08.476,2026-09-20 06:30:08.476,2026-09-20
"399","EaUEhhYyFY","MOOSPMv3Parser",1789886400,5,5,9,10,10,9,9,12,12,9,567,444,112067,85,67,9,68,68,20,50,68,0,25,21,46,58,8.319,235,1,35.963116,-119.291801,27.429001,5,600,58,3,"e00fce68d6b773b56ce8baa0",2026-09-20 06:40:02.247,2026-09-20 06:40:02.388,2026-09-20 06:40:02.388,2026-09-20
"400","XHyDHjnIo6","MOOSPMv3Parser",1789886400,12,12,9,17,17,9,9,18,18,9,2677,639,155741,108,67,6,67,67,19,74,67,0,20,20,62,61,13.002,243,1,35.775043,-119.238564,48.974998,7,600,58,3,"e00fce68e88237db75a60608",2026-09-20 06:40:03.055,2026-09-20 06:40:03.206,2026-09-20 06:40:03.206,2026-09-20
"401","YS3fpf6G1i","MOOSPMv3Parser",1789886401,9,9,5,12,12,5,5,12,12,5,2792,502,67131,64,37,4,37,37,20,51,37,0,21,21,53,54,28.016,195,1,36.503223,-120.325417,56.283001,6,600,58,3,"e00fce68e77e43df92405fdb",2026-09-20 06:40:03.163,2026-09-20 06:40:03.351,2026-09-20 06:40:03.351,2026-09-20
"402","weKjsM3YMW","MOOSPMv3Parser",1789886400,4,4,4,6,6,4,4,6,6,4,973,240,311400,39,31,2,31,31,19,46,31,0,23,20,45,53,30.828,273,1,36.138893,-120.368446,183.164001,9,600,58,3,"e00fce6850cac69f647dc199",2026-09-20 06:40:03.546,2026-09-20 06:40:03.77,2026-09-20 06:40:03.77,2026-09-20
"403","M9wck6HyUZ","MOOSPMv3Parser",1789886400,6,6,0,10,10,0,0,11,11,0,1565,355,0,64,0,7,0,0,20,43,0,2,21,22,49,49,14.452,234,1,36.187454,-119.821877,33.019001,0,600,58,3,"e00fce68e739ecbcf9e91965",2026-09-20 06:40:03.688,2026-09-20 06:40:03.837,2026-09-20 06:40:03.837,2026-09-20
"404","MGc4AmGdDF","MOOSPMv3Parser",1789886400,5,5,5,8,8,5,5,9,9,5,1018,314,199340,59,37,7,37,37,0,0,37,0,20,21,53,51,10.917,366,1,36.433647,-119.923355,19.635,9,599,58,3,"e00fce6876826e255108c6bd",2026-09-20 06:40:03.646,2026-09-20 06:40:03.847,2026-09-20 06:40:03.847,2026-09-20
"405","4SE2kooK3m","MOOSPMv3Parser",1789886400,9,9,6,14,14,6,6,15,15,6,1905,525,254512,86,46,5,47,47,19,59,47,0,20,20,57,55,19.18,170,2,35.949574,-119.049973,112.426003,7,600,58,3,"e00fce6808784ceaf209f949",2026-09-20 06:40:03.782,2026-09-20 06:40:03.986,2026-09-20 06:40:03.986,2026-09-20
"406","xt09uCBC1t","MOOSPMv3Parser",1789886401,0,0,3,2,2,4,5,2,2,5,307,206,50656,33,25,4,26,26,20,43,26,1,20,22,50,45,17.257,300,1,36.19878,-120.104446,66.945,9,600,58,3,"e00fce686dc2ef0a68fa40b0",2026-09-20 06:40:04.042,2026-09-20 06:40:04.209,2026-09-20 06:40:04.209,2026-09-20
"407","s1oDo8wSja","MOOSPMv3Parser",1789886401,5,5,0,7,7,0,0,7,7,0,959,270,219311,48,0,3,0,0,22,34,0,0,23,24,45,44,30.883,170,3277,2.6e-05,0.002325,35138.355469,9,600,58,3,"e00fce68e28dcbc9a589be10",2026-09-20 06:40:04.348,2026-09-20 06:40:04.51,2026-09-20 06:40:04.51,2026-09-20
"408","GHRbU6Twta","MOOSPMv3Parser",1789886401,15,15,10,21,21,11,11,22,22,11,2865,804,118392,119,79,6,80,80,18,70,80,0,18,20,73,65,10.095,212,1,36.523392,-119.278801,84.623001,6,600,58,3,"e00fce68f12da1a0c5de6248",2026-09-20 06:40:07.873,2026-09-20 06:40:08.017,2026-09-20 06:40:08.017,2026-09-20
"409","EUuwMhqOCV","MOOSPMv3Parser",1789887000,5,5,9,10,10,9,9,12,12,9,569,446,112123,85,67,9,67,67,20,50,67,0,25,21,46,58,7.86,232,1,35.963154,-119.291916,44.706001,5,600,58,3,"e00fce68d6b773b56ce8baa0",2026-09-20 06:50:02.494,2026-09-20 06:50:02.738,2026-09-20 06:50:02.738,2026-09-20
"410","18c20R6Pf0","MOOSPMv3Parser",1789887001,6,6,4,8,8,4,4,9,9,4,2136,359,67156,45,29,3,29,29,20,52,29,0,21,21,53,55,31.325,153,1,36.503223,-120.325417,56.276001,0,600,58,3,"e00fce68e77e43df92405fdb",2026-09-20 06:50:03.149,2026-09-20 06:50:03.341,2026-09-20 06:50:03.341,2026-09-20
"411","djVeWJxBHV","MOOSPMv3Parser",1789887000,12,12,8,17,17,9,9,18,18,9,2635,624,155797,104,64,8,65,65,19,74,65,0,20,20,63,61,13.507,238,1,35.775066,-119.238579,61.338001,8,600,58,3,"e00fce68e88237db75a60608",2026-09-20 06:50:03.167,2026-09-20 06:50:03.368,2026-09-20 06:50:03.368,2026-09-20
"412","IcQSLF4Kn5","MOOSPMv3Parser",1789887000,5,5,5,8,8,5,5,9,9,5,1001,311,199371,52,35,4,36,36,0,0,36,0,20,21,53,52,12.912,111,1,36.433628,-119.923309,24.073,9,599,58,3,"e00fce6876826e255108c6bd",2026-09-20 06:50:03.639,2026-09-20 06:50:03.828,2026-09-20 06:50:03.828,2026-09-20
"413","AykvVlgInP","MOOSPMv3Parser",1789887000,4,4,4,6,6,4,4,6,6,4,926,233,311430,40,31,3,31,31,19,46,31,0,22,20,44,52,27.268,311,1,36.138981,-120.368439,165.360001,5,600,58,3,"e00fce6850cac69f647dc199",2026-09-20 06:50:03.738,2026-09-20 06:50:03.895,2026-09-20 06:50:03.895,2026-09-20
"414","FzBTrvLhDH","MOOSPMv3Parser",1789887000,6,6,0,10,10,0,0,11,11,0,1582,356,0,66,0,6,0,0,20,42,0,2,21,22,49,49,14.529,228,1,36.187508,-119.821922,33.509998,5,600,58,3,"e00fce68e739ecbcf9e91965",2026-09-20 06:50:03.776,2026-09-20 06:50:03.979,2026-09-20 06:50:03.979,2026-09-20
"415","wEIPf6z9Be","MOOSPMv3Parser",1789887000,10,10,6,14,14,6,6,15,15,6,1995,543,254554,87,47,6,47,47,19,61,47,0,20,20,58,56,18.789,177,2,35.949444,-119.04995,120.600998,5,600,58,3,"e00fce6808784ceaf209f949",2026-09-20 06:50:03.908,2026-09-20 06:50:04.129,2026-09-20 06:50:04.129,2026-09-20
"416","dNHLDFZSIo","MOOSPMv3Parser",1789887001,5,5,0,7,7,0,0,8,8,0,1051,296,219311,47,0,3,0,0,22,35,0,0,23,24,44,44,33.472,136,3277,2.6e-05,0.002325,35138.355469,9,600,58,3,"e00fce68e28dcbc9a589be10",2026-09-20 06:50:04.216,2026-09-20 06:50:04.425,2026-09-20 06:50:04.425,2026-09-20
"417","tqHUXbsh99","MOOSPMv3Parser",1789887001,0,0,3,3,3,4,4,3,3,4,319,218,50676,33,24,4,24,25,20,43,25,1,20,22,50,45,17.085,297,1,36.198761,-120.104515,75.407997,7,600,58,3,"e00fce686dc2ef0a68fa40b0",2026-09-20 06:50:04.442,2026-09-20 06:50:04.654,2026-09-20 06:50:04.654,2026-09-20
"418","iycbdl1C3x","MOOSPMv3Parser",1789887001,15,15,10,20,20,10,10,21,21,10,2834,789,118459,108,76,5,77,77,18,69,77,0,19,20,68,64,12.025,212,1,36.523327,-119.278809,94.245003,7,600,58,3,"e00fce68f12da1a0c5de6248",2026-09-20 06:50:08.052,2026-09-20 06:50:08.217,2026-09-20 06:50:08.217,2026-09-20
"419","I4LAM9wvfa","MOOSPMv3Parser",1789887600,5,5,9,11,11,9,9,12,12,9,589,463,112180,86,68,9,68,68,19,51,68,0,25,21,46,58,8.904,228,1,35.963066,-119.291656,111.195999,5,600,58,3,"e00fce68d6b773b56ce8baa0",2026-09-20 07:00:02.184,2026-09-20 07:00:02.45,2026-09-20 07:00:02.45,2026-09-20
"420","THzTNfFr84","MOOSPMv3Parser",1789887600,11,11,8,16,16,8,8,17,17,8,2472,586,155851,97,62,8,62,62,19,74,62,0,19,20,62,61,15.405,225,1,35.775013,-119.238525,66.629997,8,600,58,3,"e00fce68e88237db75a60608",2026-09-20 07:00:02.996,2026-09-20 07:00:03.261,2026-09-20 07:00:03.261,2026-09-20
"421","96lUGWGrJw","MOOSPMv3Parser",1789887601,6,6,4,9,9,4,4,9,9,4,2207,372,67182,47,30,3,30,30,20,53,30,0,21,21,54,55,31.893,137,1,36.503021,-120.325302,82.384003,5,600,58,3,"e00fce68e77e43df92405fdb",2026-09-20 07:00:03.303,2026-09-20 07:00:03.517,2026-09-20 07:00:03.517,2026-09-20
"422","dg87gWkCbN","MOOSPMv3Parser",1789887601,0,0,2,1,1,3,3,2,2,3,292,193,50691,32,19,3,19,19,20,43,19,1,20,22,50,46,19.167,252,1,36.198875,-120.104515,73.735001,8,600,58,3,"e00fce686dc2ef0a68fa40b0",2026-09-20 07:00:03.565,2026-09-20 07:00:03.733,2026-09-20 07:00:03.733,2026-09-20
"423","hpbe5mUlBV","MOOSPMv3Parser",1789887600,10,10,6,14,14,6,6,15,15,6,1964,533,254593,87,45,7,46,46,19,62,46,0,20,20,59,57,19.843,172,2,35.949585,-119.049927,134.580994,7,600,58,3,"e00fce6808784ceaf209f949",2026-09-20 07:00:03.706,2026-09-20 07:00:03.874,2026-09-20 07:00:03.874,2026-09-20
"424","sx8xJxR4th","MOOSPMv3Parser",1789887600,5,5,4,7,7,5,5,8,8,5,957,292,199403,49,35,4,35,35,0,0,35,0,20,21,54,52,13.919,71,1,36.433628,-119.923386,37.436001,7,599,58,3,"e00fce6876826e255108c6bd",2026-09-20 07:00:03.711,2026-09-20 07:00:03.907,2026-09-20 07:00:03.907,2026-09-20
"425","5mp4k8zg5B","MOOSPMv3Parser",1789887600,6,6,0,10,10,0,0,10,10,0,1509,346,0,59,0,6,0,0,20,42,0,2,21,22,48,49,15.064,216,1,36.187492,-119.821907,37.534,5,600,58,3,"e00fce68e739ecbcf9e91965",2026-09-20 07:00:03.831,2026-09-20 07:00:04.028,2026-09-20 07:00:04.028,2026-09-20
"426","tlGFwsETVc","MOOSPMv3Parser",1789887600,4,4,4,6,6,4,4,6,6,4,920,229,311462,39,32,3,32,32,18,46,32,0,22,20,44,52,24.753,324,1,36.139019,-120.368416,163.427994,5,600,58,3,"e00fce6850cac69f647dc199",2026-09-20 07:00:04.114,2026-09-20 07:00:04.333,2026-09-20 07:00:04.333,2026-09-20
"427","dzGHMEuWbb","MOOSPMv3Parser",1789887601,5,5,0,7,7,0,0,8,8,0,1049,294,219311,49,0,3,0,0,22,35,0,0,23,24,45,45,32.394,155,3277,2.6e-05,0.002325,35138.355469,9,600,58,3,"e00fce68e28dcbc9a589be10",2026-09-20 07:00:04.189,2026-09-20 07:00:04.379,2026-09-20 07:00:04.379,2026-09-20
"428","xuO4kM69yC","MOOSPMv3Parser",1789887601,15,15,9,20,20,10,10,21,21,10,2772,768,118523,107,73,5,74,74,18,68,74,0,19,20,68,63,12.777,224,1,36.523396,-119.278839,80.857002,8,600,58,3,"e00fce68f12da1a0c5de6248",2026-09-20 07:00:13.705,2026-09-20 07:00:13.918,2026-09-20 07:00:13.918,2026-09-20
"429","W13fHT2CXH","MOOSPMv3Parser",1789888200,5,5,9,11,11,9,9,13,13,9,580,456,112236,84,68,9,68,68,19,52,68,0,25,21,46,58,9.14,224,1,35.963367,-119.29203,6.346,5,600,58,3,"e00fce68d6b773b56ce8baa0",2026-09-20 07:10:02.657,2026-09-20 07:10:02.875,2026-09-20 07:10:02.875,2026-09-20
"430","Ky7DYppgWv","MOOSPMv3Parser",1789888200,11,11,7,15,15,8,8,16,16,8,2445,570,155902,97,58,6,58,58,18,74,58,0,19,20,62,61,15.815,216,1,35.775063,-119.238541,59.777,5,600,58,3,"e00fce68e88237db75a60608",2026-09-20 07:10:02.995,2026-09-20 07:10:03.179,2026-09-20 07:10:03.179,2026-09-20
"431","OUB9Bzyf7N","MOOSPMv3Parser",1789888201,6,6,4,9,9,4,4,9,9,4,2384,371,67208,48,30,3,30,30,20,54,30,0,21,21,54,56,32.245,128,1,36.503101,-120.32534,53.603001,5,600,58,3,"e00fce68e77e43df92405fdb",2026-09-20 07:10:03.431,2026-09-20 07:10:03.655,2026-09-20 07:10:03.655,2026-09-20
"432","JCMCVEL6K8","MOOSPMv3Parser",1789888200,6,6,0,10,10,0,0,11,11,0,1569,356,0,62,0,8,0,0,20,43,0,2,21,22,49,49,14.456,218,1,36.187439,-119.821716,46.623001,6,600,58,3,"e00fce68e739ecbcf9e91965",2026-09-20 07:10:03.608,2026-09-20 07:10:03.811,2026-09-20 07:10:03.811,2026-09-20
"433","EDG9Vqfvy2","MOOSPMv3Parser",1789888200,9,9,6,13,13,6,6,14,14,6,1880,512,254629,85,44,5,44,44,18,62,44,0,20,20,59,57,19.857,162,2,35.949596,-119.049858,119.245003,6,600,58,3,"e00fce6808784ceaf209f949",2026-09-20 07:10:03.772,2026-09-20 07:10:03.956,2026-09-20 07:10:03.956,2026-09-20
"434","4vOhv4ukvf","MOOSPMv3Parser",1789888201,0,0,2,1,1,3,3,1,1,3,282,185,50707,28,19,2,19,19,20,43,19,1,21,22,49,46,20.153,250,1,36.198906,-120.104416,73.099998,9,600,58,3,"e00fce686dc2ef0a68fa40b0",2026-09-20 07:10:03.937,2026-09-20 07:10:04.136,2026-09-20 07:10:04.136,2026-09-20
"435","bQGXGyJEqn","MOOSPMv3Parser",1789888201,4,4,0,6,6,0,0,7,7,0,944,267,219311,41,0,2,0,0,22,35,0,0,23,24,45,44,32.132,161,3277,2.6e-05,0.002325,35138.355469,9,600,58,3,"e00fce68e28dcbc9a589be10",2026-09-20 07:10:04.144,2026-09-20 07:10:04.347,2026-09-20 07:10:04.347,2026-09-20
"436","Q9zecELP5u","MOOSPMv3Parser",1789888201,5,5,4,7,7,5,5,8,8,5,977,298,199101,45,34,5,35,35,0,0,35,0,20,21,54,52,14.247,71,1,36.43346,-119.923424,25.292,7,600,58,3,"e00fce6876826e255108c6bd",2026-09-20 07:10:04.283,2026-09-20 07:10:04.433,2026-09-20 07:10:04.433,2026-09-20
"437","7ng6BKmlhx","MOOSPMv3Parser",1789888200,4,4,4,6,6,5,5,6,6,5,980,247,311494,42,34,2,34,34,18,44,34,0,22,20,43,50,25.355,325,1,36.139038,-120.368416,154.526993,5,600,58,3,"e00fce6850cac69f647dc199",2026-09-20 07:10:04.393,2026-09-20 07:10:04.529,2026-09-20 07:10:04.529,2026-09-20
"438","7RZINYylkH","MOOSPMv3Parser",1789888201,14,14,9,19,19,10,10,20,20,10,2626,729,118586,103,71,5,71,71,18,68,71,0,19,20,65,62,14.951,198,1,36.523396,-119.278839,80.857002,0,600,58,3,"e00fce68f12da1a0c5de6248",2026-09-20 07:10:07.864,2026-09-20 07:10:08.015,2026-09-20 07:10:08.015,2026-09-20
"439","Js8s0YWrRM","MOOSPMv3Parser",1789888800,5,5,8,11,11,9,9,12,12,9,572,446,112292,84,66,9,66,66,19,50,66,0,25,20,46,59,9.626,220,1,35.963284,-119.291893,31.066999,4,600,58,3,"e00fce68d6b773b56ce8baa0",2026-09-20 07:20:02.409,2026-09-20 07:20:02.569,2026-09-20 07:20:02.569,2026-09-20
"440","DqgxSUtGEo","MOOSPMv3Parser",1789888801,7,7,4,10,10,4,4,10,10,4,2683,420,67235,52,31,3,31,31,20,53,31,0,21,21,52,56,33.335,119,2,36.503128,-120.325409,55.294998,6,600,58,3,"e00fce68e77e43df92405fdb",2026-09-20 07:20:03.227,2026-09-20 07:20:03.408,2026-09-20 07:20:03.408,2026-09-20
"441","tjj6Yukvyg","MOOSPMv3Parser",1789888800,10,10,8,15,15,8,8,16,16,8,2337,544,155953,97,59,9,59,59,18,74,59,0,19,20,62,62,15.937,214,1,35.775063,-119.238541,59.780998,0,600,58,3,"e00fce68e88237db75a60608",2026-09-20 07:20:03.225,2026-09-20 07:20:03.425,2026-09-20 07:20:03.425,2026-09-20
"442","qGvJEven31","MOOSPMv3Parser",1789888800,4,4,4,6,6,4,4,6,6,4,970,241,311526,40,33,2,33,33,18,44,33,0,22,19,43,51,27.257,297,1,36.138977,-120.368347,174.322006,7,600,58,3,"e00fce6850cac69f647dc199",2026-09-20 07:20:03.536,2026-09-20 07:20:03.711,2026-09-20 07:20:03.711,2026-09-20
"443","8T4ipxgfIo","MOOSPMv3Parser",1789888800,4,4,4,7,7,5,5,8,8,5,948,285,199464,51,35,6,35,35,1,0,35,0,19,21,54,53,14.224,71,1,36.43346,-119.923424,25.290001,0,599,58,3,"e00fce6876826e255108c6bd",2026-09-20 07:20:03.646,2026-09-20 07:20:03.794,2026-09-20 07:20:03.794,2026-09-20
"444","nKUDGZNfwN","MOOSPMv3Parser",1789888800,6,6,0,10,10,0,0,11,11,0,1490,340,0,61,0,7,0,0,20,43,0,2,21,21,50,50,13.815,221,1,36.187511,-119.82196,25.299,7,600,58,3,"e00fce68e739ecbcf9e91965",2026-09-20 07:20:03.759,2026-09-20 07:20:03.95,2026-09-20 07:20:03.95,2026-09-20
"445","6aSPcMa1yk","MOOSPMv3Parser",1789888800,10,10,6,14,14,6,6,15,15,6,1971,537,254669,82,46,4,46,46,18,63,46,0,19,20,59,58,19.878,164,2,35.949596,-119.049858,119.247002,0,600,58,3,"e00fce6808784ceaf209f949",2026-09-20 07:20:03.927,2026-09-20 07:20:04.098,2026-09-20 07:20:04.098,2026-09-20
"446","BID6kCTeIA","MOOSPMv3Parser",1789888801,0,0,2,1,1,2,2,1,1,3,284,186,50721,28,17,3,17,17,20,43,17,1,21,22,48,46,19.344,263,1,36.198906,-120.104416,73.098999,0,600,58,3,"e00fce686dc2ef0a68fa40b0",2026-09-20 07:20:04.109,2026-09-20 07:20:04.246,2026-09-20 07:20:04.246,2026-09-20
"447","FT4HoFi0GB","MOOSPMv3Parser",1789888801,4,4,0,7,7,0,0,7,7,0,986,277,219311,48,0,3,0,0,22,35,0,0,23,24,43,44,32.115,151,3277,2.6e-05,0.002325,35138.355469,9,600,58,3,"e00fce68e28dcbc9a589be10",2026-09-20 07:20:04.097,2026-09-20 07:20:04.251,2026-09-20 07:20:04.251,2026-09-20
"448","KmRVaoFWJz","MOOSPMv3Parser",1789888801,14,14,9,18,18,9,9,19,19,9,2501,706,118646,98,69,5,69,69,18,68,69,0,18,20,70,63,13.929,196,1,36.523468,-119.278969,75.334,6,600,58,3,"e00fce68f12da1a0c5de6248",2026-09-20 07:20:08.108,2026-09-20 07:20:08.302,2026-09-20 07:20:08.302,2026-09-20
"449","z5CeFymGF5","MOOSPMv3Parser",1789889400,5,5,9,10,10,9,9,12,12,9,558,437,112348,82,67,9,68,68,19,51,68,0,25,20,46,59,10.09,215,1,35.96323,-119.291924,31.096001,5,600,58,3,"e00fce68d6b773b56ce8baa0",2026-09-20 07:30:02.692,2026-09-20 07:30:02.872,2026-09-20 07:30:02.872,2026-09-20
"450","a91GoL9fyG","MOOSPMv3Parser",1789889400,10,10,8,15,15,8,8,16,16,8,2310,535,156005,92,59,7,59,59,18,74,59,0,19,20,62,62,15.911,216,1,35.775089,-119.238503,68.302002,7,600,58,3,"e00fce68e88237db75a60608",2026-09-20 07:30:03.058,2026-09-20 07:30:03.245,2026-09-20 07:30:03.245,2026-09-20
"451","0wKCNJToHv","MOOSPMv3Parser",1789889401,7,7,4,10,10,4,4,10,10,4,2543,409,67261,53,30,3,30,30,20,54,30,0,21,21,53,56,33.431,117,2,36.503254,-120.325348,55.986,5,600,58,3,"e00fce68e77e43df92405fdb",2026-09-20 07:30:03.238,2026-09-20 07:30:03.435,2026-09-20 07:30:03.435,2026-09-20
"452","KlZzpGScrt","MOOSPMv3Parser",1789889401,0,0,2,2,2,3,3,2,2,3,298,197,50737,31,19,3,19,19,20,43,19,1,20,21,49,46,15.609,331,1,36.198925,-120.104408,93.174004,9,600,58,3,"e00fce686dc2ef0a68fa40b0",2026-09-20 07:30:03.392,2026-09-20 07:30:03.58,2026-09-20 07:30:03.58,2026-09-20
"453","ueiV8ogW9A","MOOSPMv3Parser",1789889400,5,5,5,8,8,5,5,8,8,5,1002,307,199495,50,36,5,36,36,0,0,36,0,19,20,55,53,13.374,72,1,36.433582,-119.923363,18.868999,7,599,58,3,"e00fce6876826e255108c6bd",2026-09-20 07:30:03.729,2026-09-20 07:30:03.872,2026-09-20 07:30:03.872,2026-09-20
"454","MYE5eUCWy1","MOOSPMv3Parser",1789889400,6,6,0,10,10,0,0,11,11,0,1564,351,0,62,0,8,0,0,20,44,0,2,20,21,51,50,13.491,227,1,36.18771,-119.822052,52.006001,5,600,58,3,"e00fce68e739ecbcf9e91965",2026-09-20 07:30:03.695,2026-09-20 07:30:03.892,2026-09-20 07:30:03.892,2026-09-20
"455","F6daKH2EYL","MOOSPMv3Parser",1789889400,4,4,4,6,6,4,4,7,7,4,975,246,311558,40,33,3,34,34,18,44,34,0,22,19,43,51,25.618,299,1,36.139004,-120.368355,148.112,7,600,58,3,"e00fce6850cac69f647dc199",2026-09-20 07:30:03.792,2026-09-20 07:30:03.936,2026-09-20 07:30:03.936,2026-09-20
"456","0DkidRjLhz","MOOSPMv3Parser",1789889400,10,10,6,15,15,7,7,16,16,7,2042,558,254713,86,49,6,49,49,18,65,49,0,19,20,59,58,18.972,175,2,35.949528,-119.049942,106.119003,8,600,58,3,"e00fce6808784ceaf209f949",2026-09-20 07:30:03.783,2026-09-20 07:30:03.951,2026-09-20 07:30:03.951,2026-09-20
"457","pIJVqrfUNw","MOOSPMv3Parser",1789889401,4,4,0,6,6,0,0,7,7,0,980,273,219311,45,0,3,0,0,22,35,0,0,23,24,43,44,33.846,124,3277,2.6e-05,0.002325,35138.355469,9,600,58,3,"e00fce68e28dcbc9a589be10",2026-09-20 07:30:04.187,2026-09-20 07:30:04.319,2026-09-20 07:30:04.319,2026-09-20
"458","bB9yfhF0Ft","MOOSPMv3Parser",1789889401,14,14,9,19,19,9,9,20,20,9,2592,724,118707,107,69,5,69,69,18,68,69,0,18,19,71,63,15.195,166,1,36.523323,-119.278748,78.161003,7,600,58,3,"e00fce68f12da1a0c5de6248",2026-09-20 07:30:07.951,2026-09-20 07:30:08.1,2026-09-20 07:30:08.1,2026-09-20
"459","zTJnJB7GCS","MOOSPMv3Parser",1789890000,5,5,9,12,12,10,10,14,14,10,578,454,112408,89,71,11,71,71,19,51,71,0,25,20,46,60,7.392,222,1,35.963249,-119.291878,55.463001,6,600,58,3,"e00fce68d6b773b56ce8baa0",2026-09-20 07:40:02.249,2026-09-20 07:40:02.389,2026-09-20 07:40:02.389,2026-09-20
"460","BefAHugmpu","MOOSPMv3Parser",1789890000,10,10,7,15,15,8,8,16,16,8,2309,546,156056,95,59,7,59,59,18,75,59,0,19,19,62,62,15.576,214,1,35.775028,-119.238556,61.928001,7,600,58,3,"e00fce68e88237db75a60608",2026-09-20 07:40:03.066,2026-09-20 07:40:03.218,2026-09-20 07:40:03.218,2026-09-20
"461","olnr6iqKrs","MOOSPMv3Parser",1789890001,7,7,4,9,9,4,4,10,10,4,2526,397,67288,50,31,3,31,31,20,55,31,0,21,21,55,56,31.618,123,2,36.503124,-120.325287,55.636002,6,600,58,3,"e00fce68e77e43df92405fdb",2026-09-20 07:40:03.241,2026-09-20 07:40:03.436,2026-09-20 07:40:03.436,2026-09-20
"462","FbOoHJvFMG","MOOSPMv3Parser",1789890001,0,0,3,2,2,3,3,2,2,3,300,199,50753,30,20,3,20,20,20,43,20,1,20,21,50,46,14.51,329,1,36.19873,-120.104477,66.785004,9,600,58,3,"e00fce686dc2ef0a68fa40b0",2026-09-20 07:40:03.405,2026-09-20 07:40:03.575,2026-09-20 07:40:03.575,2026-09-20
"463","46ENXGDCxn","MOOSPMv3Parser",1789890000,7,7,0,11,11,0,0,12,12,0,1604,368,0,63,0,7,0,0,20,44,0,2,20,21,50,50,13.666,224,1,36.187698,-119.822044,50.800999,0,600,58,3,"e00fce68e739ecbcf9e91965",2026-09-20 07:40:03.765,2026-09-20 07:40:03.927,2026-09-20 07:40:03.927,2026-09-20
"464","jar0oJKTyx","MOOSPMv3Parser",1789890000,5,5,5,9,9,5,5,9,9,5,1065,323,199528,57,39,6,39,39,0,0,39,0,19,20,56,54,12.331,103,1,36.433712,-119.92334,33.573002,11,599,58,3,"e00fce6876826e255108c6bd",2026-09-20 07:40:03.79,2026-09-20 07:40:04.017,2026-09-20 07:40:04.017,2026-09-20
"465","5y6aE5BqLc","MOOSPMv3Parser",1789890000,10,10,6,15,15,7,7,16,16,7,2122,574,254759,92,49,6,49,49,18,65,49,0,19,20,60,58,16.682,195,2,35.949558,-119.050034,118.385002,7,600,58,3,"e00fce6808784ceaf209f949",2026-09-20 07:40:03.824,2026-09-20 07:40:04.039,2026-09-20 07:40:04.039,2026-09-20
"466","F2KLFmZqgH","MOOSPMv3Parser",1789890000,4,4,4,6,6,4,4,7,7,4,972,241,311589,41,34,2,34,34,18,44,34,0,21,19,44,51,26.29,294,1,36.138954,-120.368317,162.684006,7,600,58,3,"e00fce6850cac69f647dc199",2026-09-20 07:40:04.115,2026-09-20 07:40:04.281,2026-09-20 07:40:04.281,2026-09-20
"467","GuCQLECOZE","MOOSPMv3Parser",1789890001,5,5,0,7,7,0,0,7,7,0,962,269,219311,44,0,2,0,0,22,35,0,0,23,24,43,44,33.103,136,3277,2.6e-05,0.002325,35138.355469,9,600,58,3,"e00fce68e28dcbc9a589be10",2026-09-20 07:40:04.371,2026-09-20 07:40:04.514,2026-09-20 07:40:04.514,2026-09-20
"468","THas8pWzfM","MOOSPMv3Parser",1789890001,13,13,9,18,18,9,9,19,19,9,2493,699,118767,103,70,4,70,70,18,69,70,0,17,19,73,64,13.413,173,1,36.523315,-119.278893,78.037003,8,600,58,3,"e00fce68f12da1a0c5de6248",2026-09-20 07:40:07.936,2026-09-20 07:40:08.088,2026-09-20 07:40:08.088,2026-09-20
"469","u7VShZFd3W","MOOSPMv3Parser",1789890600,5,5,9,10,10,9,9,11,11,9,555,434,112464,80,68,9,69,69,19,51,69,0,25,20,46,61,7.901,221,1,35.963207,-119.291817,40.027,10,600,58,3,"e00fce68d6b773b56ce8baa0",2026-09-20 07:50:02.573,2026-09-20 07:50:02.748,2026-09-20 07:50:02.748,2026-09-20
"470","u2fcQSq1m9","MOOSPMv3Parser",1789890600,10,10,7,15,15,8,8,15,15,8,2305,539,156106,87,57,7,57,57,18,77,57,0,19,19,64,64,15.04,217,1,35.77507,-119.238518,64.774002,9,600,58,3,"e00fce68e88237db75a60608",2026-09-20 07:50:03.065,2026-09-20 07:50:03.222,2026-09-20 07:50:03.222,2026-09-20
"471","VwbrRUlg1I","MOOSPMv3Parser",1789890601,7,7,4,10,10,4,4,10,10,4,2870,429,67315,51,31,3,31,31,19,55,31,0,21,21,55,57,31.593,119,2,36.503109,-120.325371,46.257999,7,600,58,3,"e00fce68e77e43df92405fdb",2026-09-20 07:50:03.246,2026-09-20 07:50:03.453,2026-09-20 07:50:03.453,2026-09-20
"472","lYmH1cdvOq","MOOSPMv3Parser",1789890600,6,6,0,10,10,0,0,11,11,0,1627,368,0,64,0,7,0,0,20,44,0,2,20,21,50,50,14.133,210,1,36.187923,-119.822365,53.422001,5,600,58,3,"e00fce68e739ecbcf9e91965",2026-09-20 07:50:03.694,2026-09-20 07:50:03.881,2026-09-20 07:50:03.881,2026-09-20
"473","e7gOS2LKEn","MOOSPMv3Parser",1789890600,10,10,6,15,15,6,6,16,16,6,2091,569,254802,91,48,6,48,48,18,66,48,0,19,20,60,59,17.04,196,1,35.949543,-119.050018,113.689003,6,600,58,3,"e00fce6808784ceaf209f949",2026-09-20 07:50:03.767,2026-09-20 07:50:03.983,2026-09-20 07:50:03.983,2026-09-20
"474","GHHdvVHKGr","MOOSPMv3Parser",1789890600,6,6,5,10,10,6,6,11,11,6,1202,368,199565,63,42,6,43,43,0,0,43,0,19,20,56,54,11.909,165,1,36.43364,-119.923309,28.062,6,599,58,3,"e00fce6876826e255108c6bd",2026-09-20 07:50:03.881,2026-09-20 07:50:04.069,2026-09-20 07:50:04.069,2026-09-20
"475","IbbKSziZmW","MOOSPMv3Parser",1789890601,5,5,0,7,7,0,0,7,7,0,961,271,219311,42,0,3,0,0,22,35,0,0,23,24,43,44,34.193,113,3277,2.6e-05,0.002325,35138.355469,9,600,58,3,"e00fce68e28dcbc9a589be10",2026-09-20 07:50:04.163,2026-09-20 07:50:04.357,2026-09-20 07:50:04.357,2026-09-20
"476","UrClhUDkYp","MOOSPMv3Parser",1789890600,4,4,4,6,6,4,4,7,7,4,1007,248,311621,44,33,3,33,33,18,44,33,0,21,19,43,51,27.824,278,1,36.139015,-120.368324,164.184006,8,600,58,3,"e00fce6850cac69f647dc199",2026-09-20 07:50:04.449,2026-09-20 07:50:04.659,2026-09-20 07:50:04.659,2026-09-20
"477","1tfviSw0Lr","MOOSPMv3Parser",1789890601,13,13,9,18,18,9,9,18,18,9,2439,682,118827,99,68,4,69,69,18,70,69,0,17,19,76,66,11.683,178,1,36.523354,-119.278694,60.035999,7,600,58,3,"e00fce68f12da1a0c5de6248",2026-09-20 07:50:07.944,2026-09-20 07:50:08.197,2026-09-20 07:50:08.197,2026-09-20
"478","tEHooROhqO","MOOSPMv3Parser",1789891200,5,5,9,10,10,9,9,11,11,9,556,432,112522,81,69,9,69,69,19,51,69,0,25,20,46,61,8.02,218,1,35.963135,-119.291847,33.839001,10,600,58,3,"e00fce68d6b773b56ce8baa0",2026-09-20 08:00:02.18,2026-09-20 08:00:02.37,2026-09-20 08:00:02.37,2026-09-20
"479","vtA1L70XqO","MOOSPMv3Parser",1789891201,0,0,3,1,1,3,4,2,2,4,299,198,50877,31,21,3,21,22,19,44,22,1,19,21,52,47,13.945,306,1,36.198746,-120.104416,69.441002,6,599,58,3,"e00fce686dc2ef0a68fa40b0",2026-09-20 08:00:02.913,2026-09-20 08:00:03.173,2026-09-20 08:00:03.173,2026-09-20
"480","DjZIQ8KrvO","MOOSPMv3Parser",1789891200,10,10,8,15,15,8,8,16,16,8,2296,540,156157,92,59,7,59,59,18,78,59,0,19,19,65,64,12.479,228,1,35.774994,-119.238426,67.809998,6,600,58,3,"e00fce68e88237db75a60608",2026-09-20 08:00:03.066,2026-09-20 08:00:03.251,2026-09-20 08:00:03.251,2026-09-20
"481","Ekj6WCNki1","MOOSPMv3Parser",1789891201,8,8,4,11,11,4,4,11,11,4,3652,473,67342,56,31,3,31,31,19,56,31,0,20,21,56,57,31.414,117,2,36.503147,-120.325378,47.976002,8,600,58,3,"e00fce68e77e43df92405fdb",2026-09-20 08:00:03.25,2026-09-20 08:00:03.419,2026-09-20 08:00:03.419,2026-09-20
"482","aErRGYBMqi","MOOSPMv3Parser",1789891200,4,4,4,6,6,4,4,7,7,4,972,241,311653,40,33,3,33,33,18,45,33,0,21,19,45,52,29.134,260,1,36.139015,-120.368324,164.177994,0,600,58,3,"e00fce6850cac69f647dc199",2026-09-20 08:00:03.553,2026-09-20 08:00:03.708,2026-09-20 08:00:03.708,2026-09-20
"483","LzvbwOpuAC","MOOSPMv3Parser",1789891200,10,10,6,14,14,6,6,15,15,6,2000,547,254841,89,45,5,46,46,18,66,46,0,19,19,60,59,17.625,185,1,35.949482,-119.049904,96.496002,7,600,58,3,"e00fce6808784ceaf209f949",2026-09-20 08:00:03.776,2026-09-20 08:00:03.955,2026-09-20 08:00:03.955,2026-09-20
"484","FnAu9hVBEa","MOOSPMv3Parser",1789891200,7,7,0,10,10,0,0,11,11,0,1674,383,0,64,0,5,0,0,20,44,0,2,20,21,50,51,14.497,204,1,36.187412,-119.82193,28.934999,7,600,58,3,"e00fce68e739ecbcf9e91965",2026-09-20 08:00:03.776,2026-09-20 08:00:03.977,2026-09-20 08:00:03.977,2026-09-20
"485","SKkcbJGN48","MOOSPMv3Parser",1789891200,6,6,6,9,9,6,6,11,11,6,1185,362,199604,61,44,5,44,44,0,0,44,0,19,20,57,55,11.576,219,1,36.433617,-119.923332,30.285,7,599,58,3,"e00fce6876826e255108c6bd",2026-09-20 08:00:03.792,2026-09-20 08:00:04.011,2026-09-20 08:00:04.011,2026-09-20
"486","D2ljz8FqWL","MOOSPMv3Parser",1789891201,4,4,0,6,6,0,0,6,6,0,903,252,219311,42,0,3,0,0,22,34,0,0,24,24,42,43,34.733,99,3277,2.6e-05,0.002325,35138.355469,9,600,58,3,"e00fce68e28dcbc9a589be10",2026-09-20 08:00:04.189,2026-09-20 08:00:04.339,2026-09-20 08:00:04.339,2026-09-20
"487","3pwnDXUSAp","MOOSPMv3Parser",1789891201,13,13,9,18,18,9,9,18,18,9,2452,682,118888,98,69,4,69,69,17,71,69,0,16,19,77,67,11.179,147,1,36.523521,-119.278908,126.524002,7,600,58,3,"e00fce68f12da1a0c5de6248",2026-09-20 08:00:07.912,2026-09-20 08:00:08.102,2026-09-20 08:00:08.102,2026-09-20
"488","EnSmaXO3p0","MOOSPMv3Parser",1789891800,5,5,9,10,10,9,9,12,12,9,559,434,112579,84,67,10,68,68,19,52,68,0,25,20,46,61,8.394,216,1,35.963184,-119.291847,24.378,7,600,58,3,"e00fce68d6b773b56ce8baa0",2026-09-20 08:10:02.74,2026-09-20 08:10:02.906,2026-09-20 08:10:02.906,2026-09-20
"489","nXMllx0c8x","MOOSPMv3Parser",1789891800,10,10,8,14,14,8,8,15,15,8,2302,534,156209,89,60,5,60,60,18,79,60,0,19,19,65,64,11.683,230,1,35.775105,-119.238525,69.928001,9,600,58,3,"e00fce68e88237db75a60608",2026-09-20 08:10:02.996,2026-09-20 08:10:03.161,2026-09-20 08:10:03.161,2026-09-20
"490","rl4POuBUkK","MOOSPMv3Parser",1789891801,0,0,3,2,2,3,3,3,3,3,312,208,50809,34,20,4,20,20,19,44,20,1,19,21,51,47,13.683,319,1,36.19878,-120.104408,82.614998,5,600,58,3,"e00fce686dc2ef0a68fa40b0",2026-09-20 08:10:03.158,2026-09-20 08:10:03.389,2026-09-20 08:10:03.389,2026-09-20
"491","barotBYEzA","MOOSPMv3Parser",1789891801,9,9,4,11,11,4,4,12,12,4,3937,513,67369,52,32,4,32,32,19,57,32,0,20,20,57,58,30.606,127,2,36.503147,-120.325378,47.976002,0,600,58,3,"e00fce68e77e43df92405fdb",2026-09-20 08:10:03.299,2026-09-20 08:10:03.488,2026-09-20 08:10:03.488,2026-09-20
"492","cuLF0O4Z4f","MOOSPMv3Parser",1789891800,10,10,6,15,15,6,6,15,15,6,2064,566,254880,91,46,5,46,46,18,66,46,0,19,19,60,59,18.022,181,1,35.949539,-119.049942,119.294998,9,600,58,3,"e00fce6808784ceaf209f949",2026-09-20 08:10:03.713,2026-09-20 08:10:03.871,2026-09-20 08:10:03.871,2026-09-20
"493","MaRqcDIG5i","MOOSPMv3Parser",1789891800,8,8,7,12,12,7,7,13,13,7,1449,444,199649,74,52,8,52,52,1,0,52,0,19,20,56,55,12.619,112,1,36.43372,-119.923332,29.618,7,599,58,3,"e00fce6876826e255108c6bd",2026-09-20 08:10:03.648,2026-09-20 08:10:03.901,2026-09-20 08:10:03.901,2026-09-20
"494","Wcihj7i2Ey","MOOSPMv3Parser",1789891800,9,9,0,14,14,0,0,14,14,0,2055,493,0,84,0,6,0,0,20,45,0,2,21,21,50,51,15.244,194,1,36.187531,-119.822144,20.43,10,600,58,3,"e00fce68e739ecbcf9e91965",2026-09-20 08:10:03.772,2026-09-20 08:10:03.921,2026-09-20 08:10:03.921,2026-09-20
"495","86rLHjNKdB","MOOSPMv3Parser",1789891800,4,4,4,6,6,5,5,7,7,5,1043,259,311685,43,35,3,35,35,18,47,35,0,21,19,45,53,28.341,244,1,36.139011,-120.368408,169.755005,11,600,58,3,"e00fce6850cac69f647dc199",2026-09-20 08:10:03.966,2026-09-20 08:10:04.145,2026-09-20 08:10:04.145,2026-09-20
"496","HN238gtv3G","MOOSPMv3Parser",1789891801,4,4,0,6,6,0,0,6,6,0,915,260,219311,41,0,3,0,0,22,33,0,0,24,24,41,43,36.276,63,3277,2.6e-05,0.002325,35138.355469,9,600,58,3,"e00fce68e28dcbc9a589be10",2026-09-20 08:10:04.219,2026-09-20 08:10:04.391,2026-09-20 08:10:04.391,2026-09-20
"497","LjDRdcUuVt","MOOSPMv3Parser",1789891801,13,13,9,17,17,9,9,18,18,9,2390,672,118947,99,68,4,69,69,17,70,69,0,16,18,75,66,12.834,147,1,36.523399,-119.278755,76.637001,6,600,58,3,"e00fce68f12da1a0c5de6248",2026-09-20 08:10:08.106,2026-09-20 08:10:08.288,2026-09-20 08:10:08.288,2026-09-20
"498","FAxRUu7gR0","MOOSPMv3Parser",1789892400,5,5,9,11,11,9,9,12,12,9,568,443,112636,83,68,10,68,68,19,52,68,0,18,20,68,61,8.16,215,1,35.963226,-119.291695,60.592999,7,600,58,3,"e00fce68d6b773b56ce8baa0",2026-09-20 08:20:02.322,2026-09-20 08:20:02.569,2026-09-20 08:20:02.569,2026-09-20
"499","urqerL4BaU","MOOSPMv3Parser",1789892400,10,10,7,15,15,7,7,15,15,7,2330,537,156258,90,56,7,56,56,18,79,56,0,19,19,65,65,10.905,230,1,35.775066,-119.238503,65.000999,9,600,58,3,"e00fce68e88237db75a60608",2026-09-20 08:20:03.068,2026-09-20 08:20:03.217,2026-09-20 08:20:03.217,2026-09-20
"500","65OW0BbdtW","MOOSPMv3Parser",1789892401,8,8,4,10,10,4,4,11,11,4,3325,467,67397,53,32,3,32,32,19,58,32,0,20,20,56,58,31.154,133,2,36.503189,-120.325378,56.562,10,600,58,3,"e00fce68e77e43df92405fdb",2026-09-20 08:20:03.275,2026-09-20 08:20:03.495,2026-09-20 08:20:03.495,2026-09-20
"501","iRtMaSL6XG","MOOSPMv3Parser",1789892401,0,0,3,2,2,3,3,3,3,3,312,211,50826,35,20,4,21,21,19,44,21,0,19,21,51,47,13.362,315,1,36.198845,-120.104408,78.045998,5,600,58,3,"e00fce686dc2ef0a68fa40b0",2026-09-20 08:20:03.482,2026-09-20 08:20:03.668,2026-09-20 08:20:03.668,2026-09-20
"502","mGiKmeQGF1","MOOSPMv3Parser",1789892400,8,8,7,13,13,7,7,14,14,7,1528,468,199695,84,52,9,53,53,0,0,53,0,19,20,56,55,13.278,70,1,36.433701,-119.923309,32.216,8,599,58,3,"e00fce6876826e255108c6bd",2026-09-20 08:20:03.721,2026-09-20 08:20:03.899,2026-09-20 08:20:03.899,2026-09-20
"503","mHcEWKRmY1","MOOSPMv3Parser",1789892400,10,10,6,15,15,6,6,16,16,6,2045,554,254922,87,47,6,47,47,18,66,47,0,19,19,60,59,17.618,181,1,35.949703,-119.049965,133.934998,8,600,58,3,"e00fce6808784ceaf209f949",2026-09-20 08:20:03.848,2026-09-20 08:20:04.03,2026-09-20 08:20:04.03,2026-09-20
"504","vbhWbmcp8i","MOOSPMv3Parser",1789892400,7,7,0,10,10,0,0,11,11,0,1642,380,0,67,0,7,0,0,20,45,0,2,20,21,51,51,14.337,202,1,36.187515,-119.822166,16.566,9,600,58,3,"e00fce68e739ecbcf9e91965",2026-09-20 08:20:03.919,2026-09-20 08:20:04.084,2026-09-20 08:20:04.084,2026-09-20
"505","MnqKtkujyZ","MOOSPMv3Parser",1789892400,4,4,5,6,6,5,5,7,7,5,1053,262,311717,43,36,3,36,36,18,48,36,0,21,19,46,54,25.894,258,1,36.138935,-120.368256,197.190994,7,600,58,3,"e00fce6850cac69f647dc199",2026-09-20 08:20:04.109,2026-09-20 08:20:04.288,2026-09-20 08:20:04.288,2026-09-20
"506","II1uBdA6gm","MOOSPMv3Parser",1789892401,4,4,0,6,6,0,0,6,6,0,868,245,219311,38,0,2,0,0,22,33,0,0,24,24,41,42,36.318,45,3277,2.6e-05,0.002325,35138.355469,9,600,58,3,"e00fce68e28dcbc9a589be10",2026-09-20 08:20:04.224,2026-09-20 08:20:04.453,2026-09-20 08:20:04.453,2026-09-20
"507","hc6l8nJRNn","MOOSPMv3Parser",1789892401,12,12,9,17,17,9,9,18,18,9,2356,656,119005,93,67,4,67,67,17,72,67,0,16,18,76,68,13.358,154,1,36.523399,-119.278755,76.638,0,600,58,3,"e00fce68f12da1a0c5de6248",2026-09-20 08:20:08.051,2026-09-20 08:20:08.258,2026-09-20 08:20:08.258,2026-09-20
"508","RNUYPsnrGV","MOOSPMv3Parser",1789893001,0,0,2,2,2,2,2,2,2,2,296,195,50840,29,17,2,17,17,19,43,17,0,19,21,51,46,12.527,320,1,36.198933,-120.104469,82.087997,7,600,58,3,"e00fce686dc2ef0a68fa40b0",2026-09-20 08:30:02.521,2026-09-20 08:30:02.772,2026-09-20 08:30:02.772,2026-09-20
"509","dk2S7wrcv4","MOOSPMv3Parser",1789893000,5,5,9,12,12,10,10,13,13,10,594,469,112695,86,71,9,71,71,18,53,71,0,18,20,67,61,6.141,216,1,35.963337,-119.29184,46.110001,7,600,58,3,"e00fce68d6b773b56ce8baa0",2026-09-20 08:30:02.644,2026-09-20 08:30:02.819,2026-09-20 08:30:02.819,2026-09-20
"510","KalRPlCdM5","MOOSPMv3Parser",1789893000,10,10,8,16,16,8,8,16,16,8,2416,567,156310,94,59,8,60,60,18,80,60,0,19,19,65,65,10.016,234,1,35.775158,-119.238426,53.493,8,600,58,3,"e00fce68e88237db75a60608",2026-09-20 08:30:03.247,2026-09-20 08:30:03.403,2026-09-20 08:30:03.403,2026-09-20
"511","c2N3CdRJPR","MOOSPMv3Parser",1789893001,7,7,4,10,10,4,4,11,11,4,2338,415,67425,52,33,4,33,33,19,58,33,0,20,20,56,58,31.316,121,2,36.503109,-120.325348,55.073002,8,600,58,3,"e00fce68e77e43df92405fdb",2026-09-20 08:30:03.249,2026-09-20 08:30:03.416,2026-09-20 08:30:03.416,2026-09-20
"512","7y3vdtmpc1","MOOSPMv3Parser",1789893000,10,10,6,15,15,6,6,15,15,6,2052,557,254960,88,45,6,45,45,18,66,45,0,19,19,61,59,17.698,183,1,35.949646,-119.050003,111.553001,8,600,58,3,"e00fce6808784ceaf209f949",2026-09-20 08:30:03.766,2026-09-20 08:30:03.951,2026-09-20 08:30:03.951,2026-09-20
"513","Hrnxsqzkq4","MOOSPMv3Parser",1789893000,6,6,0,10,10,0,0,10,10,0,1579,360,0,58,0,6,0,0,19,46,0,2,20,21,53,52,13.585,208,1,36.187527,-119.822029,32.375,8,600,58,3,"e00fce68e739ecbcf9e91965",2026-09-20 08:30:03.863,2026-09-20 08:30:04.004,2026-09-20 08:30:04.004,2026-09-20
"514","mYx2N14a7q","MOOSPMv3Parser",1789893000,8,8,7,12,12,7,7,13,13,7,1454,443,199742,78,54,8,54,54,0,0,54,0,19,20,56,55,13.107,70,1,36.433754,-119.923332,43.077,7,599,58,3,"e00fce6876826e255108c6bd",2026-09-20 08:30:03.886,2026-09-20 08:30:04.093,2026-09-20 08:30:04.093,2026-09-20
"515","o4Ct4Ia3Eu","MOOSPMv3Parser",1789893001,4,4,0,6,6,0,0,6,6,0,888,254,219311,40,0,2,0,0,22,33,0,0,24,24,41,42,35.747,48,3277,2.6e-05,0.002325,35138.355469,9,600,58,3,"e00fce68e28dcbc9a589be10",2026-09-20 08:30:04.172,2026-09-20 08:30:04.323,2026-09-20 08:30:04.323,2026-09-20
"516","Az9BCsk4qA","MOOSPMv3Parser",1789893000,5,5,5,7,7,5,5,7,7,5,1057,267,311749,41,37,2,37,37,17,48,37,0,21,19,46,54,22.008,291,1,36.138992,-120.368271,184.229996,6,600,58,3,"e00fce6850cac69f647dc199",2026-09-20 08:30:04.579,2026-09-20 08:30:04.725,2026-09-20 08:30:04.725,2026-09-20
"517","uBpGrfy7Aw","MOOSPMv3Parser",1789893001,12,12,8,17,17,9,9,18,18,9,2339,654,119062,94,65,5,66,66,17,72,66,0,17,18,75,68,11.248,160,1,36.523396,-119.278816,89.599998,7,600,58,3,"e00fce68f12da1a0c5de6248",2026-09-20 08:30:07.946,2026-09-20 08:30:08.161,2026-09-20 08:30:08.161,2026-09-20
"518","iRHKb82XHB","MOOSPMv3Parser",1789893600,5,5,9,12,12,9,9,13,13,9,583,456,112753,86,69,9,70,70,18,52,70,0,18,19,67,60,5.6,216,1,35.963337,-119.29184,46.111,0,600,58,3,"e00fce68d6b773b56ce8baa0",2026-09-20 08:40:02.251,2026-09-20 08:40:02.431,2026-09-20 08:40:02.431,2026-09-20
"519","wHYqAFChIc","MOOSPMv3Parser",1789893601,0,0,2,2,2,2,2,2,2,2,301,196,50854,31,17,3,17,17,19,44,17,0,19,21,52,47,13.538,291,1,36.198853,-120.104378,68.682999,8,600,58,3,"e00fce686dc2ef0a68fa40b0",2026-09-20 08:40:02.778,2026-09-20 08:40:03.083,2026-09-20 08:40:03.083,2026-09-20
"520","hegvxrGQaM","MOOSPMv3Parser",1789893600,11,11,8,15,15,8,8,16,16,8,2357,556,156361,93,59,7,59,59,18,81,59,0,18,19,67,66,8.697,237,1,35.775021,-119.238472,54.349998,8,600,58,3,"e00fce68e88237db75a60608",2026-09-20 08:40:03.067,2026-09-20 08:40:03.242,2026-09-20 08:40:03.242,2026-09-20
"521","lJswhvz5Gq","MOOSPMv3Parser",1789893601,7,7,4,9,9,4,4,10,10,4,2220,411,67453,56,32,2,32,32,19,57,32,0,20,20,55,58,31.614,123,3,36.50322,-120.325348,50.047001,10,600,58,3,"e00fce68e77e43df92405fdb",2026-09-20 08:40:03.25,2026-09-20 08:40:03.475,2026-09-20 08:40:03.475,2026-09-20
"522","H2ACHUKjdz","MOOSPMv3Parser",1789893600,4,4,5,6,6,5,5,7,7,5,1024,257,311781,43,36,3,36,36,17,49,36,0,21,18,46,55,21.382,303,1,36.139,-120.368454,167.718994,5,600,58,3,"e00fce6850cac69f647dc199",2026-09-20 08:40:03.467,2026-09-20 08:40:03.654,2026-09-20 08:40:03.654,2026-09-20
"523","RQgbNKB4JR","MOOSPMv3Parser",1789893600,6,6,0,10,10,0,0,11,11,0,1584,371,0,64,0,6,0,0,19,46,0,2,20,20,52,51,13.132,216,1,36.187477,-119.822105,22.778999,7,600,58,3,"e00fce68e739ecbcf9e91965",2026-09-20 08:40:03.519,2026-09-20 08:40:03.716,2026-09-20 08:40:03.716,2026-09-20
"524","KZHm5OCNOP","MOOSPMv3Parser",1789893600,8,8,7,11,11,7,7,12,12,7,1377,421,199787,68,52,4,52,52,0,0,52,0,19,20,56,55,13.351,70,1,36.433643,-119.923363,41.459,9,599,58,3,"e00fce6876826e255108c6bd",2026-09-20 08:40:03.654,2026-09-20 08:40:03.83,2026-09-20 08:40:03.83,2026-09-20
"525","wYYXYDzP1g","MOOSPMv3Parser",1789893600,10,10,6,14,14,6,6,15,15,6,1954,534,254997,89,44,6,44,44,18,66,44,0,19,19,61,59,17.696,179,1,35.949581,-119.049904,115.079002,8,600,58,3,"e00fce6808784ceaf209f949",2026-09-20 08:40:03.855,2026-09-20 08:40:04.045,2026-09-20 08:40:04.045,2026-09-20
"526","dm1ePYE5pH","MOOSPMv3Parser",1789893601,4,4,0,7,7,0,0,7,7,0,952,265,219311,47,0,3,0,0,22,33,0,0,23,24,43,43,33.228,92,3277,2.6e-05,0.002325,35138.355469,9,600,58,3,"e00fce68e28dcbc9a589be10",2026-09-20 08:40:04.117,2026-09-20 08:40:04.331,2026-09-20 08:40:04.331,2026-09-20
"527","EtxNkPUOOp","MOOSPMv3Parser",1789893601,12,12,8,17,17,9,9,18,18,9,2358,657,119120,94,66,4,66,66,17,72,66,0,16,18,77,68,9.658,177,1,36.523331,-119.278793,110.195,7,600,58,3,"e00fce68f12da1a0c5de6248",2026-09-20 08:40:07.964,2026-09-20 08:40:08.157,2026-09-20 08:40:08.157,2026-09-20
"528","DEXwcpbn2k","MOOSPMv3Parser",1789894200,5,5,9,10,10,9,9,11,11,9,554,434,112811,79,69,8,70,70,18,52,70,0,18,19,66,60,6.768,213,1,35.963158,-119.29184,49.984001,9,600,58,3,"e00fce68d6b773b56ce8baa0",2026-09-20 08:50:02.17,2026-09-20 08:50:02.385,2026-09-20 08:50:02.385,2026-09-20
"529","UJxFucxvUB","MOOSPMv3Parser",1789894200,10,10,8,15,15,8,8,16,16,8,2353,547,156413,93,59,7,59,59,18,82,59,0,18,19,67,66,7.616,240,1,35.77496,-119.238594,62.882999,8,600,58,3,"e00fce68e88237db75a60608",2026-09-20 08:50:03.05,2026-09-20 08:50:03.255,2026-09-20 08:50:03.255,2026-09-20
"530","vtC1QijFfy","MOOSPMv3Parser",1789894201,7,7,4,10,10,4,4,10,10,4,2247,409,67482,56,33,4,33,33,19,58,33,0,20,20,56,58,30.643,136,2,36.503193,-120.325302,63.041,8,600,58,3,"e00fce68e77e43df92405fdb",2026-09-20 08:50:03.177,2026-09-20 08:50:03.376,2026-09-20 08:50:03.376,2026-09-20
"531","ZFlImYePGA","MOOSPMv3Parser",1789894201,0,0,2,2,2,3,3,2,2,3,288,190,50869,30,18,3,19,19,19,44,19,0,19,20,52,47,14.349,290,1,36.198853,-120.10437,72.374001,9,600,58,3,"e00fce686dc2ef0a68fa40b0",2026-09-20 08:50:03.176,2026-09-20 08:50:03.384,2026-09-20 08:50:03.384,2026-09-20
"532","AQTNVdxXK8","MOOSPMv3Parser",1789894200,8,8,7,12,12,7,7,13,13,7,1427,442,199834,79,54,6,54,54,0,0,54,0,18,20,58,55,12.434,74,1,36.433624,-119.923363,22.618,10,599,58,3,"e00fce6876826e255108c6bd",2026-09-20 08:50:03.655,2026-09-20 08:50:03.84,2026-09-20 08:50:03.84,2026-09-20
"533","Ov0jOAVkc9","MOOSPMv3Parser",1789894200,5,5,4,7,7,4,4,7,7,4,1056,264,311813,46,34,2,34,34,17,46,34,0,21,18,44,52,20.862,301,1,36.139042,-120.368385,158.914001,7,600,58,3,"e00fce6850cac69f647dc199",2026-09-20 08:50:03.711,2026-09-20 08:50:03.872,2026-09-20 08:50:03.872,2026-09-20
"534","mP6qEuYTF5","MOOSPMv3Parser",1789894200,7,7,0,10,10,0,0,11,11,0,1606,376,0,59,0,5,0,0,19,45,0,2,20,20,51,51,13.962,207,1,36.187603,-119.821991,27.573999,8,600,58,3,"e00fce68e739ecbcf9e91965",2026-09-20 08:50:03.784,2026-09-20 08:50:03.932,2026-09-20 08:50:03.932,2026-09-20
"535","1AXQlCDm8G","MOOSPMv3Parser",1789894200,9,9,6,13,13,6,6,14,14,6,1917,525,255033,82,44,4,44,44,18,65,44,0,18,19,61,59,17.438,186,1,35.94944,-119.04998,108.386002,9,600,58,3,"e00fce6808784ceaf209f949",2026-09-20 08:50:03.796,2026-09-20 08:50:03.946,2026-09-20 08:50:03.946,2026-09-20
"536","4BGLLLP34J","MOOSPMv3Parser",1789894201,5,5,0,7,7,0,0,7,7,0,961,272,219311,45,0,2,0,0,22,34,0,0,23,24,43,43,32.726,127,3277,2.6e-05,0.002325,35138.355469,9,600,58,3,"e00fce68e28dcbc9a589be10",2026-09-20 08:50:04.112,2026-09-20 08:50:04.288,2026-09-20 08:50:04.288,2026-09-20
"537","DLa3Z6l0pZ","MOOSPMv3Parser",1789894201,13,13,8,17,17,9,9,18,18,9,2422,669,119179,101,66,5,66,66,17,75,66,0,16,18,80,70,8.557,157,1,36.523304,-119.278801,82.475998,5,600,58,3,"e00fce68f12da1a0c5de6248",2026-09-20 08:50:07.973,2026-09-20 08:50:08.14,2026-09-20 08:50:08.14,2026-09-20
"538","t6JxfxuX2X","MOOSPMv3Parser",1789894800,4,4,8,10,10,9,9,11,11,9,552,428,112866,80,65,9,65,66,18,52,66,0,17,19,67,60,7.854,209,1,35.963215,-119.291779,54.186001,6,600,58,3,"e00fce68d6b773b56ce8baa0",2026-09-20 09:00:01.959,2026-09-20 09:00:02.11,2026-09-20 09:00:02.11,2026-09-20
"539","h3OilEh9b6","MOOSPMv3Parser",1789894800,10,10,7,15,15,8,8,16,16,8,2402,561,156464,93,58,7,59,59,18,82,59,0,18,19,67,67,6.872,242,1,35.775036,-119.238503,55.541,9,600,58,3,"e00fce68e88237db75a60608",2026-09-20 09:00:03.069,2026-09-20 09:00:03.294,2026-09-20 09:00:03.294,2026-09-20
"540","wsmGtY4Pco","MOOSPMv3Parser",1789894801,0,0,3,2,2,3,3,2,2,3,289,186,50886,30,20,3,21,21,19,43,21,1,19,20,49,46,16.22,286,1,36.198826,-120.104424,70.879997,9,600,58,3,"e00fce686dc2ef0a68fa40b0",2026-09-20 09:00:03.402,2026-09-20 09:00:03.571,2026-09-20 09:00:03.571,2026-09-20
"541","n9WlVmdQs7","MOOSPMv3Parser",1789894801,7,7,4,10,10,4,4,10,10,4,2283,408,67509,55,31,4,31,31,-10,-10,31,0,20,20,56,58,31.909,118,2,36.503117,-120.325424,59.301998,8,600,58,3,"e00fce68e77e43df92405fdb",2026-09-20 09:00:03.476,2026-09-20 09:00:03.678,2026-09-20 09:00:03.678,2026-09-20
"542","LvqDz20whE","MOOSPMv3Parser",1789894800,9,9,6,13,13,6,6,14,14,6,1896,519,255072,78,45,4,45,45,18,65,45,0,19,19,59,58,19.58,171,1,35.949505,-119.050011,108.382004,9,600,58,3,"e00fce6808784ceaf209f949",2026-09-20 09:00:03.862,2026-09-20 09:00:04.029,2026-09-20 09:00:04.029,2026-09-20
"543","i8d8nj2LZW","MOOSPMv3Parser",1789894800,7,7,0,10,10,0,0,11,11,0,1662,386,0,64,0,5,0,0,19,45,0,2,20,20,51,51,13.07,212,1,36.187523,-119.822067,28.909,7,600,58,3,"e00fce68e739ecbcf9e91965",2026-09-20 09:00:03.874,2026-09-20 09:00:04.074,2026-09-20 09:00:04.074,2026-09-20
"544","S9tV1q4PYT","MOOSPMv3Parser",1789894801,5,5,0,7,7,0,0,7,7,0,998,283,219311,48,0,3,0,0,22,34,0,0,23,24,44,43,32.941,136,3277,2.6e-05,0.002325,35138.355469,9,600,58,3,"e00fce68e28dcbc9a589be10",2026-09-20 09:00:04.113,2026-09-20 09:00:04.294,2026-09-20 09:00:04.294,2026-09-20
"545","7dND5hpm9f","MOOSPMv3Parser",1789894800,4,4,4,6,6,5,5,7,7,5,1032,260,311845,40,34,2,34,34,17,46,34,0,20,18,45,53,23.433,281,1,36.139076,-120.368271,181.783997,7,600,58,3,"e00fce6850cac69f647dc199",2026-09-20 09:00:04.189,2026-09-20 09:00:04.344,2026-09-20 09:00:04.344,2026-09-20
"546","hOUpIkYyJE","MOOSPMv3Parser",1789894801,9,9,7,13,13,7,7,15,15,7,1602,494,199547,83,54,7,54,54,0,0,54,0,17,19,57,53,12.714,93,1,36.433628,-119.923347,21.427999,11,600,58,3,"e00fce6876826e255108c6bd",2026-09-20 09:00:04.455,2026-09-20 09:00:04.614,2026-09-20 09:00:04.614,2026-09-20
"547","TU2rlGBoIY","MOOSPMv3Parser",1789894801,13,13,8,18,18,9,9,18,18,9,2479,689,119236,97,66,4,67,67,17,73,67,0,16,18,77,68,7.966,163,1,36.523338,-119.278885,90.170998,7,600,58,3,"e00fce68f12da1a0c5de6248",2026-09-20 09:00:08.123,2026-09-20 09:00:08.308,2026-09-20 09:00:08.308,2026-09-20
"548","X8bonYpHrn","MOOSPMv3Parser",1789895400,6,6,9,14,14,10,10,16,16,10,627,495,112927,88,73,9,73,73,18,53,73,0,18,19,68,62,7.303,208,1,35.963108,-119.291847,26.6,8,600,58,3,"e00fce68d6b773b56ce8baa0",2026-09-20 09:10:01.926,2026-09-20 09:10:02.146,2026-09-20 09:10:02.146,2026-09-20
"549","Aj7v1XhMgm","MOOSPMv3Parser",1789895401,0,0,3,1,1,3,4,2,2,4,287,186,50905,30,22,4,23,23,19,42,23,1,20,20,47,45,18.266,230,1,36.198826,-120.104424,70.876999,0,600,58,3,"e00fce686dc2ef0a68fa40b0",2026-09-20 09:10:02.513,2026-09-20 09:10:02.773,2026-09-20 09:10:02.773,2026-09-20
"550","h7qvqEFap2","MOOSPMv3Parser",1789895400,11,11,8,16,16,8,8,17,17,8,2478,586,156519,96,63,7,64,64,18,82,64,0,19,19,65,66,6.281,242,1,35.775036,-119.238503,55.537998,0,600,58,3,"e00fce68e88237db75a60608",2026-09-20 09:10:03.066,2026-09-20 09:10:03.278,2026-09-20 09:10:03.278,2026-09-20
"551","FDQXB5KxLT","MOOSPMv3Parser",1789895401,7,7,4,10,10,4,4,10,10,4,2269,407,67538,57,33,4,33,33,19,59,33,0,20,20,57,59,31.267,144,3,36.503117,-120.325371,52.376999,7,600,58,3,"e00fce68e77e43df92405fdb",2026-09-20 09:10:03.399,2026-09-20 09:10:03.582,2026-09-20 09:10:03.582,2026-09-20
"552","4fHBvsXLRw","MOOSPMv3Parser",1789895400,6,6,0,10,10,0,0,11,11,0,1566,363,0,65,0,7,0,0,19,45,0,2,20,20,51,51,13.754,206,1,36.187523,-119.821907,47.176998,6,600,58,3,"e00fce68e739ecbcf9e91965",2026-09-20 09:10:03.766,2026-09-20 09:10:03.956,2026-09-20 09:10:03.956,2026-09-20
"553","AtedvbB6Cm","MOOSPMv3Parser",1789895400,11,11,8,17,17,9,9,18,18,9,1897,586,199935,107,63,11,64,64,0,0,64,0,17,19,61,56,11.907,210,1,36.433628,-119.923347,21.427,0,599,58,3,"e00fce6876826e255108c6bd",2026-09-20 09:10:03.878,2026-09-20 09:10:04.063,2026-09-20 09:10:04.063,2026-09-20
"554","wyCB7huGpV","MOOSPMv3Parser",1789895400,9,9,6,13,13,6,6,14,14,6,1880,512,255108,82,44,5,44,44,18,66,44,0,19,19,62,60,16.023,195,1,35.949505,-119.050011,108.380997,0,600,58,3,"e00fce6808784ceaf209f949",2026-09-20 09:10:03.952,2026-09-20 09:10:04.121,2026-09-20 09:10:04.121,2026-09-20
"555","oEgRHcmj89","MOOSPMv3Parser",1789895401,5,5,0,7,7,0,0,7,7,0,965,273,219311,46,0,3,0,0,22,34,0,0,23,24,44,43,32.678,127,3277,2.6e-05,0.002325,35138.355469,9,600,58,3,"e00fce68e28dcbc9a589be10",2026-09-20 09:10:04.274,2026-09-20 09:10:04.483,2026-09-20 09:10:04.483,2026-09-20
"556","fNZHqU5sDX","MOOSPMv3Parser",1789895400,4,4,4,7,7,5,5,7,7,5,1010,252,311877,45,34,3,34,34,17,46,34,0,20,18,45,53,25.618,264,1,36.139019,-120.36837,181.162003,6,600,58,3,"e00fce6850cac69f647dc199",2026-09-20 09:10:04.592,2026-09-20 09:10:04.765,2026-09-20 09:10:04.765,2026-09-20
"557","ELqTFCCr8C","MOOSPMv3Parser",1789895401,14,14,9,19,19,9,9,20,20,9,2607,730,119297,104,70,4,70,70,16,75,70,0,16,17,80,71,6.721,151,1,36.523354,-119.278809,71.07,7,600,58,3,"e00fce68f12da1a0c5de6248",2026-09-20 09:10:07.945,2026-09-20 09:10:08.112,2026-09-20 09:10:08.112,2026-09-20
"558","qE3SLnJ1SH","MOOSPMv3Parser",1789896000,5,5,9,12,12,9,9,14,14,9,602,472,112985,88,70,10,70,70,18,53,70,0,17,19,68,62,7.475,207,1,35.963139,-119.291809,41.916,6,600,58,3,"e00fce68d6b773b56ce8baa0",2026-09-20 09:20:02.18,2026-09-20 09:20:02.332,2026-09-20 09:20:02.332,2026-09-20
"559","tGjTh8NF3V","MOOSPMv3Parser",1789896001,0,0,3,2,2,4,5,2,2,5,291,193,50925,32,25,4,26,26,19,42,26,1,20,21,47,45,19.081,273,1,36.198807,-120.104454,57.077999,10,600,58,3,"e00fce686dc2ef0a68fa40b0",2026-09-20 09:20:02.926,2026-09-20 09:20:03.134,2026-09-20 09:20:03.134,2026-09-20
"560","a4cwUbsxz3","MOOSPMv3Parser",1789896000,11,11,8,16,16,9,9,17,17,9,2570,612,156577,101,66,6,66,66,18,82,66,0,19,18,65,66,6.198,244,1,35.77507,-119.238541,58.014999,8,600,58,3,"e00fce68e88237db75a60608",2026-09-20 09:20:02.997,2026-09-20 09:20:03.17,2026-09-20 09:20:03.17,2026-09-20
"561","ApFDFUb5er","MOOSPMv3Parser",1789896001,10,10,6,14,14,6,6,14,14,6,2744,541,67577,77,45,5,45,45,19,59,45,0,20,20,57,59,24.632,237,2,36.503174,-120.325394,56.264,7,600,58,3,"e00fce68e77e43df92405fdb",2026-09-20 09:20:03.323,2026-09-20 09:20:03.545,2026-09-20 09:20:03.545,2026-09-20
"562","MvCrZI4gjg","MOOSPMv3Parser",1789896000,4,4,4,6,6,5,5,7,7,5,1005,254,311909,45,34,3,34,34,17,49,34,0,20,18,47,56,24.269,269,1,36.13895,-120.368393,169.117004,7,600,58,3,"e00fce6850cac69f647dc199",2026-09-20 09:20:03.395,2026-09-20 09:20:03.55,2026-09-20 09:20:03.55,2026-09-20
"563","QPXjt7Dopf","MOOSPMv3Parser",1789896000,6,6,0,11,11,0,0,12,12,0,1624,378,0,71,0,8,0,0,19,45,0,2,19,20,51,51,13.907,204,1,36.187523,-119.821907,47.179001,0,600,58,3,"e00fce68e739ecbcf9e91965",2026-09-20 09:20:03.689,2026-09-20 09:20:03.874,2026-09-20 09:20:03.874,2026-09-20
"564","eB8bY0QoPL","MOOSPMv3Parser",1789896000,10,10,8,15,15,8,8,17,17,8,1756,541,199989,96,63,9,63,63,0,0,63,0,17,19,62,57,12.268,165,1,36.433605,-119.923378,30.832001,9,599,58,3,"e00fce6876826e255108c6bd",2026-09-20 09:20:03.887,2026-09-20 09:20:04.106,2026-09-20 09:20:04.106,2026-09-20
"565","okpJVChSJs","MOOSPMv3Parser",1789896000,10,10,5,14,14,6,6,15,15,6,1957,528,255142,86,43,5,43,43,18,65,43,0,18,19,63,59,9.571,245,1,35.949497,-119.04995,93.415001,9,600,58,3,"e00fce6808784ceaf209f949",2026-09-20 09:20:03.999,2026-09-20 09:20:04.145,2026-09-20 09:20:04.145,2026-09-20
"566","ReAZHVxC96","MOOSPMv3Parser",1789896001,5,5,0,7,7,0,0,7,7,0,972,279,219311,46,0,3,0,0,22,34,0,0,22,23,44,43,33.032,118,3277,2.6e-05,0.002325,35138.355469,9,600,58,3,"e00fce68e28dcbc9a589be10",2026-09-20 09:20:04.262,2026-09-20 09:20:04.409,2026-09-20 09:20:04.409,2026-09-20
"567","GypxLRFP4E","MOOSPMv3Parser",1789896001,15,15,9,20,20,10,10,22,22,10,2785,777,119362,118,74,6,75,75,16,76,75,0,16,17,78,72,7.781,143,1,36.523354,-119.278809,71.070999,0,600,58,3,"e00fce68f12da1a0c5de6248",2026-09-20 09:20:07.957,2026-09-20 09:20:08.157,2026-09-20 09:20:08.157,2026-09-20
"568","4IqARqcxg7","MOOSPMv3Parser",1789896600,6,6,9,13,13,9,9,14,14,9,596,473,113043,89,69,8,69,69,18,52,69,0,17,19,67,61,7.943,204,1,35.963142,-119.291893,42.014,7,600,58,3,"e00fce68d6b773b56ce8baa0",2026-09-20 09:30:02.5,2026-09-20 09:30:02.682,2026-09-20 09:30:02.682,2026-09-20
"569","kNDJc2Era1","MOOSPMv3Parser",1789896600,12,12,8,17,17,9,9,18,18,9,2620,621,156633,106,64,9,64,65,18,82,65,0,19,18,66,67,4.599,248,1,35.775024,-119.23851,58.547001,12,600,58,3,"e00fce68e88237db75a60608",2026-09-20 09:30:03.142,2026-09-20 09:30:03.297,2026-09-20 09:30:03.297,2026-09-20
"570","GsVIScc2Ae","MOOSPMv3Parser",1789896601,0,0,2,1,1,2,2,1,1,2,280,182,50938,29,17,3,17,17,19,43,17,0,20,21,49,46,18.628,289,1,36.198776,-120.104401,78.830002,11,600,58,3,"e00fce686dc2ef0a68fa40b0",2026-09-20 09:30:03.183,2026-09-20 09:30:03.35,2026-09-20 09:30:03.35,2026-09-20
"571","RoQqUva034","MOOSPMv3Parser",1789896601,9,9,5,12,12,5,5,13,13,5,2587,492,67611,69,39,5,39,39,19,61,39,0,19,20,61,60,19.904,263,1,36.503105,-120.325409,54.264,9,600,58,3,"e00fce68e77e43df92405fdb",2026-09-20 09:30:03.233,2026-09-20 09:30:03.414,2026-09-20 09:30:03.414,2026-09-20
"572","LEm9k7nOz6","MOOSPMv3Parser",1789896600,10,10,8,16,16,9,9,18,18,9,1849,572,200046,100,65,11,66,66,0,0,66,0,17,19,61,57,11.741,224,1,36.433598,-119.923393,27.986,11,599,58,3,"e00fce6876826e255108c6bd",2026-09-20 09:30:03.655,2026-09-20 09:30:03.83,2026-09-20 09:30:03.83,2026-09-20
"573","xnp5HVXBVO","MOOSPMv3Parser",1789896600,6,6,0,10,10,0,0,11,11,0,1534,356,0,63,0,9,0,0,19,45,0,2,20,20,51,51,14.244,200,1,36.187557,-119.822052,12.089,9,600,58,3,"e00fce68e739ecbcf9e91965",2026-09-20 09:30:03.77,2026-09-20 09:30:03.924,2026-09-20 09:30:03.924,2026-09-20
"574","UhkyhGSUfA","MOOSPMv3Parser",1789896600,10,10,6,14,14,6,6,15,15,6,1977,542,255177,86,43,6,43,43,18,65,43,0,18,19,63,58,9.803,245,1,35.949558,-119.049988,128.832001,9,600,58,3,"e00fce6808784ceaf209f949",2026-09-20 09:30:03.866,2026-09-20 09:30:04.061,2026-09-20 09:30:04.061,2026-09-20
"575","5Hfo3FMG2Z","MOOSPMv3Parser",1789896600,4,4,4,6,6,5,5,7,7,5,1020,257,311941,43,35,3,35,35,17,50,35,0,20,18,47,55,25.199,249,1,36.138977,-120.368431,162.218002,8,600,58,3,"e00fce6850cac69f647dc199",2026-09-20 09:30:03.943,2026-09-20 09:30:04.114,2026-09-20 09:30:04.114,2026-09-20
"576","KhKEnokud1","MOOSPMv3Parser",1789896601,4,4,0,7,7,0,0,7,7,0,951,270,219311,46,0,4,0,0,21,35,0,0,22,23,45,44,31.946,157,3277,2.6e-05,0.002325,35138.355469,9,600,58,3,"e00fce68e28dcbc9a589be10",2026-09-20 09:30:04.416,2026-09-20 09:30:04.572,2026-09-20 09:30:04.572,2026-09-20
"577","RbPZJLDAwm","MOOSPMv3Parser",1789896601,15,15,10,20,20,10,10,21,21,10,2792,781,119429,115,76,5,76,76,16,75,76,0,16,17,78,71,7.254,156,1,36.523289,-119.278854,59.731998,7,600,58,3,"e00fce68f12da1a0c5de6248",2026-09-20 09:30:08.054,2026-09-20 09:30:08.196,2026-09-20 09:30:08.196,2026-09-20
"578","06XYuuEOvK","MOOSPMv3Parser",1789897200,5,5,9,11,11,9,9,12,12,9,574,450,113099,81,67,9,67,67,18,54,67,0,17,19,68,63,7.829,202,1,35.963211,-119.291801,36.360001,5,600,58,3,"e00fce68d6b773b56ce8baa0",2026-09-20 09:40:02.173,2026-09-20 09:40:02.34,2026-09-20 09:40:02.34,2026-09-20
"579","ZQBpFgiPsA","MOOSPMv3Parser",1789897200,12,12,9,18,18,9,9,18,18,9,2712,646,156691,107,68,7,68,68,18,82,68,0,19,19,66,66,4.225,248,1,35.775063,-119.238579,72.986,8,600,58,3,"e00fce68e88237db75a60608",2026-09-20 09:40:03.041,2026-09-20 09:40:03.215,2026-09-20 09:40:03.215,2026-09-20
"580","voMUytHZ8E","MOOSPMv3Parser",1789897201,0,0,2,1,1,2,2,1,1,2,276,178,50953,28,18,2,18,18,19,42,18,0,19,21,48,45,17.656,288,1,36.198841,-120.10453,61.370998,10,600,58,3,"e00fce686dc2ef0a68fa40b0",2026-09-20 09:40:03.471,2026-09-20 09:40:03.641,2026-09-20 09:40:03.641,2026-09-20
"581","Uas1HhyQkX","MOOSPMv3Parser",1789897200,8,8,7,13,13,8,8,14,14,8,1538,476,200095,83,57,7,57,57,0,0,57,0,17,18,60,58,10.237,423,1,36.433624,-119.923363,30.811001,11,599,58,3,"e00fce6876826e255108c6bd",2026-09-20 09:40:03.651,2026-09-20 09:40:03.81,2026-09-20 09:40:03.81,2026-09-20
"582","hwNnx2tLKl","MOOSPMv3Parser",1789897200,7,7,0,10,10,0,0,11,11,0,1615,378,0,63,0,5,0,0,19,45,0,2,20,20,51,51,13.42,206,1,36.187508,-119.822037,24.327,10,600,58,3,"e00fce68e739ecbcf9e91965",2026-09-20 09:40:03.841,2026-09-20 09:40:03.999,2026-09-20 09:40:03.999,2026-09-20
"583","D7TvLitB9j","MOOSPMv3Parser",1789897200,10,10,6,15,15,6,6,15,15,6,2044,561,255218,88,47,5,47,47,18,67,47,0,18,19,63,60,11.272,229,1,35.949574,-119.049957,118.347,9,600,58,3,"e00fce6808784ceaf209f949",2026-09-20 09:40:03.877,2026-09-20 09:40:04.061,2026-09-20 09:40:04.061,2026-09-20
"584","yL0eXOhaaV","MOOSPMv3Parser",1789897201,5,5,0,8,8,0,0,9,9,0,1069,305,219311,60,0,6,0,0,21,38,0,0,21,23,51,47,25.958,238,3277,2.6e-05,0.002325,35138.355469,9,600,58,3,"e00fce68e28dcbc9a589be10",2026-09-20 09:40:04.2,2026-09-20 09:40:04.381,2026-09-20 09:40:04.381,2026-09-20
"585","pGWTufq7zk","MOOSPMv3Parser",1789897201,9,9,5,12,12,5,5,12,12,5,2454,476,67644,63,38,4,38,38,19,63,38,0,19,20,63,61,16.974,266,1,36.503101,-120.325386,48.702,8,600,58,3,"e00fce68e77e43df92405fdb",2026-09-20 09:40:04.37,2026-09-20 09:40:04.517,2026-09-20 09:40:04.517,2026-09-20
"586","4nB0jKyKTN","MOOSPMv3Parser",1789897200,4,4,4,6,6,4,4,7,7,4,954,245,311973,42,33,3,33,33,16,51,33,0,20,17,48,56,24.611,248,1,36.138981,-120.368279,188.160004,7,600,58,3,"e00fce6850cac69f647dc199",2026-09-20 09:40:04.374,2026-09-20 09:40:04.577,2026-09-20 09:40:04.577,2026-09-20
"587","9BR9iMtbzr","MOOSPMv3Parser",1789897201,15,15,9,21,21,10,10,22,22,10,2765,772,119493,116,73,5,73,73,16,75,73,0,15,17,82,71,6.96,134,1,36.523308,-119.27877,83.592003,5,600,58,3,"e00fce68f12da1a0c5de6248",2026-09-20 09:40:08.036,2026-09-20 09:40:08.162,2026-09-20 09:40:08.162,2026-09-20
"588","y2f9Eb6ekf","MOOSPMv3Parser",1789897800,5,5,9,11,11,9,9,12,12,9,571,446,113157,81,70,9,70,70,18,54,70,0,17,19,67,62,8.452,199,1,35.963135,-119.291901,19.987,7,600,58,3,"e00fce68d6b773b56ce8baa0",2026-09-20 09:50:02.093,2026-09-20 09:50:02.346,2026-09-20 09:50:02.346,2026-09-20
"589","GtZg1ouDOB","MOOSPMv3Parser",1789897801,0,0,2,1,1,2,2,1,1,2,267,169,50965,26,15,2,15,15,19,42,15,1,19,20,48,44,17.489,210,1,36.198849,-120.104546,60.362,10,600,58,3,"e00fce686dc2ef0a68fa40b0",2026-09-20 09:50:02.516,2026-09-20 09:50:02.656,2026-09-20 09:50:02.656,2026-09-20
"590","BgMURKvlFV","MOOSPMv3Parser",1789897800,12,12,9,17,17,9,9,18,18,9,2676,633,156750,106,68,7,68,68,18,83,68,0,19,19,66,67,4.143,242,1,35.775021,-119.238548,66.783997,11,600,58,3,"e00fce68e88237db75a60608",2026-09-20 09:50:03.069,2026-09-20 09:50:03.265,2026-09-20 09:50:03.265,2026-09-20
"591","rNEldA0S8g","MOOSPMv3Parser",1789897801,8,8,4,11,11,5,5,11,11,5,2337,442,67673,60,34,4,34,34,18,62,34,0,19,19,62,60,16.309,265,1,36.503185,-120.325409,46.422001,9,600,58,3,"e00fce68e77e43df92405fdb",2026-09-20 09:50:03.4,2026-09-20 09:50:03.562,2026-09-20 09:50:03.562,2026-09-20
"592","NCNp5Vz8aH","MOOSPMv3Parser",1789897800,10,10,8,16,16,9,9,18,18,9,1767,546,200150,101,64,13,64,64,1,0,64,0,17,18,60,57,10.087,449,1,36.433628,-119.923347,30.702999,15,599,58,3,"e00fce6876826e255108c6bd",2026-09-20 09:50:03.792,2026-09-20 09:50:03.963,2026-09-20 09:50:03.963,2026-09-20
"593","MiQ2GHkASn","MOOSPMv3Parser",1789897800,6,6,0,10,10,0,0,11,11,0,1501,354,0,62,0,7,0,0,19,47,0,2,18,20,55,53,11.92,220,1,36.187546,-119.822052,25.996,7,600,58,3,"e00fce68e739ecbcf9e91965",2026-09-20 09:50:03.776,2026-09-20 09:50:03.986,2026-09-20 09:50:03.986,2026-09-20
"594","2tBoAsALFw","MOOSPMv3Parser",1789897800,11,11,7,16,16,7,7,17,17,7,2194,601,255265,93,52,7,53,53,18,66,53,0,18,19,62,60,11.138,233,1,35.949574,-119.049973,106.889,9,600,58,3,"e00fce6808784ceaf209f949",2026-09-20 09:50:03.865,2026-09-20 09:50:04.081,2026-09-20 09:50:04.081,2026-09-20
"595","l0HZVarWSk","MOOSPMv3Parser",1789897801,5,5,0,8,8,0,0,9,9,0,1090,310,219311,56,0,4,0,0,21,42,0,0,20,22,57,51,19.037,303,3277,2.6e-05,0.002325,35138.355469,9,600,58,3,"e00fce68e28dcbc9a589be10",2026-09-20 09:50:04.44,2026-09-20 09:50:04.626,2026-09-20 09:50:04.626,2026-09-20
"596","RYghysVpkw","MOOSPMv3Parser",1789897800,4,4,4,6,6,4,4,7,7,4,985,246,312005,43,33,2,33,33,16,51,33,0,20,17,48,56,23.692,262,1,36.138981,-120.368279,188.162994,0,600,58,3,"e00fce6850cac69f647dc199",2026-09-20 09:50:04.512,2026-09-20 09:50:04.723,2026-09-20 09:50:04.723,2026-09-20
"597","8BdLMiBjCd","MOOSPMv3Parser",1789897801,14,14,9,20,20,10,10,21,21,10,2670,745,119557,108,73,6,73,73,16,75,73,0,15,17,81,71,7.67,122,1,36.523346,-119.278748,92.573997,6,600,58,3,"e00fce68f12da1a0c5de6248",2026-09-20 09:50:07.945,2026-09-20 09:50:08.106,2026-09-20 09:50:08.106,2026-09-20
"598","j2dgDDYO4z","MOOSPMv3Parser",1789898400,5,5,9,12,12,9,9,13,13,9,587,460,113215,84,69,9,69,69,18,53,69,0,18,19,68,63,7.025,200,1,35.963173,-119.291817,51.071999,8,600,58,3,"e00fce68d6b773b56ce8baa0",2026-09-20 10:00:02.253,2026-09-20 10:00:02.441,2026-09-20 10:00:02.441,2026-09-20
"599","ZPUMem00AP","MOOSPMv3Parser",1789898401,0,0,2,1,1,2,2,1,1,2,265,171,50978,26,15,2,15,15,19,41,15,0,19,20,46,43,19.629,160,1,36.198853,-120.104469,80.240997,8,600,58,3,"e00fce686dc2ef0a68fa40b0",2026-09-20 10:00:02.769,2026-09-20 10:00:03.063,2026-09-20 10:00:03.063,2026-09-20
"600","EJoZ9O9XqB","MOOSPMv3Parser",1789898400,11,11,8,17,17,9,9,18,18,9,2624,616,156807,104,65,9,65,65,18,82,65,0,19,19,66,66,3.6,246,1,35.774883,-119.238701,38.391998,7,600,58,3,"e00fce68e88237db75a60608",2026-09-20 10:00:03.066,2026-09-20 10:00:03.302,2026-09-20 10:00:03.302,2026-09-20
"601","zF5CBKKFV9","MOOSPMv3Parser",1789898401,7,7,4,10,10,4,4,11,11,4,2272,411,67702,56,33,4,33,33,18,61,33,0,19,19,60,60,20.837,232,1,36.503185,-120.325409,46.415001,0,600,58,3,"e00fce68e77e43df92405fdb",2026-09-20 10:00:03.259,2026-09-20 10:00:03.542,2026-09-20 10:00:03.542,2026-09-20
"602","4NRbaKgnTH","MOOSPMv3Parser",1789898400,4,4,4,6,6,5,5,7,7,5,977,247,312037,41,34,3,34,34,16,52,34,0,20,17,49,58,24.473,255,1,36.138954,-120.368279,205.276993,8,600,58,3,"e00fce6850cac69f647dc199",2026-09-20 10:00:03.413,2026-09-20 10:00:03.659,2026-09-20 10:00:03.659,2026-09-20
"603","1yQBSeNaN7","MOOSPMv3Parser",1789898400,9,9,8,15,15,8,8,16,16,8,1659,511,200205,91,62,12,62,62,0,0,62,0,17,18,61,59,10.189,458,1,36.433586,-119.923325,28.408001,7,599,58,3,"e00fce6876826e255108c6bd",2026-09-20 10:00:03.72,2026-09-20 10:00:03.92,2026-09-20 10:00:03.92,2026-09-20
"604","VODrSTtEfk","MOOSPMv3Parser",1789898400,6,6,0,10,10,0,0,10,10,0,1512,356,0,60,0,6,0,0,18,48,0,2,17,19,58,53,7.958,245,1,36.187557,-119.822083,19.728001,9,600,58,3,"e00fce68e739ecbcf9e91965",2026-09-20 10:00:03.777,2026-09-20 10:00:03.966,2026-09-20 10:00:03.966,2026-09-20
"605","Nyz2Szzw4G","MOOSPMv3Parser",1789898400,10,10,6,14,14,6,6,15,15,6,1972,541,255304,82,46,6,46,46,18,66,46,0,18,19,62,59,15.327,195,1,35.949551,-119.049934,114.209999,10,600,58,3,"e00fce6808784ceaf209f949",2026-09-20 10:00:03.862,2026-09-20 10:00:04.023,2026-09-20 10:00:04.023,2026-09-20
"606","RBEB8TcQYo","MOOSPMv3Parser",1789898401,5,5,0,7,7,0,0,8,8,0,1025,287,219311,46,0,3,0,0,20,40,0,0,19,22,55,48,18.354,287,3277,2.6e-05,0.002325,35138.355469,9,600,58,3,"e00fce68e28dcbc9a589be10",2026-09-20 10:00:04.27,2026-09-20 10:00:04.518,2026-09-20 10:00:04.518,2026-09-20
"607","0B6m3tVU5K","MOOSPMv3Parser",1789898401,14,14,9,18,18,10,10,19,19,10,2545,712,119620,101,71,4,72,72,16,76,72,0,14,17,83,72,5.611,116,1,36.523296,-119.278801,55.014999,5,600,58,3,"e00fce68f12da1a0c5de6248",2026-09-20 10:00:08.096,2026-09-20 10:00:08.291,2026-09-20 10:00:08.291,2026-09-20
"608","n4wLjyUUdu","MOOSPMv3Parser",1789899000,14,14,9,19,19,9,9,20,20,9,2579,722,120890,101,70,5,70,70,16,76,70,0,15,17,81,72,7.133,110,1,36.523384,-119.27877,89.749001,8,594,58,3,"e00fce68f12da1a0c5de6248",2026-09-20 10:10:02.017,2026-09-20 10:10:02.199,2026-09-20 10:10:02.199,2026-09-20
"609","ViePzhnX7a","MOOSPMv3Parser",1789899000,6,6,11,16,16,11,11,18,18,11,654,517,113284,98,82,11,83,83,18,54,83,0,18,19,70,66,6.658,205,1,35.962971,-119.29171,31.721001,6,600,58,3,"e00fce68d6b773b56ce8baa0",2026-09-20 10:10:02.253,2026-09-20 10:10:02.412,2026-09-20 10:10:02.412,2026-09-20
"610","z0QQQYRACs","MOOSPMv3Parser",1789899001,0,0,2,1,1,2,2,1,1,2,269,173,50989,26,14,2,14,14,19,41,14,0,19,20,46,44,19.862,163,1,36.1987,-120.104401,73.574997,9,600,58,3,"e00fce686dc2ef0a68fa40b0",2026-09-20 10:10:03.161,2026-09-20 10:10:03.319,2026-09-20 10:10:03.319,2026-09-20
"611","GEGqB6JVVb","MOOSPMv3Parser",1789899000,12,12,8,17,17,9,9,18,18,9,2685,637,156863,109,64,8,64,64,18,82,64,0,18,18,66,66,5.446,239,1,35.775002,-119.238632,65.070999,8,600,58,3,"e00fce68e88237db75a60608",2026-09-20 10:10:03.138,2026-09-20 10:10:03.356,2026-09-20 10:10:03.356,2026-09-20
"612","xx0GoHUC4A","MOOSPMv3Parser",1789899001,7,7,4,10,10,4,4,10,10,4,2238,411,67730,57,32,4,32,32,18,63,32,0,19,19,62,61,18.201,231,1,36.50312,-120.325386,50.262001,19,600,58,3,"e00fce68e77e43df92405fdb",2026-09-20 10:10:03.209,2026-09-20 10:10:03.443,2026-09-20 10:10:03.443,2026-09-20
"613","MoIBoYENHV","MOOSPMv3Parser",1789899000,4,4,4,6,6,4,4,7,7,4,990,247,312068,41,32,2,32,32,16,52,32,0,20,17,49,57,25.61,233,1,36.139038,-120.368309,169.860992,9,600,58,3,"e00fce6850cac69f647dc199",2026-09-20 10:10:03.815,2026-09-20 10:10:03.97,2026-09-20 10:10:03.97,2026-09-20
"614","XkvvXFDlWX","MOOSPMv3Parser",1789899000,10,10,6,15,15,6,6,15,15,6,2061,561,255341,87,45,5,45,45,18,65,45,0,18,19,61,59,14.906,194,1,35.949512,-119.049927,112.598999,9,600,58,3,"e00fce6808784ceaf209f949",2026-09-20 10:10:03.861,2026-09-20 10:10:04.055,2026-09-20 10:10:04.055,2026-09-20
"615","pNXCZ0ARqq","MOOSPMv3Parser",1789899000,6,6,0,10,10,0,0,11,11,0,1502,361,0,67,0,6,0,0,18,50,0,2,17,19,61,56,6.791,244,1,36.187508,-119.822052,31.691999,11,600,58,3,"e00fce68e739ecbcf9e91965",2026-09-20 10:10:03.92,2026-09-20 10:10:04.142,2026-09-20 10:10:04.142,2026-09-20
"616","47Tg9V8gzc","MOOSPMv3Parser",1789899000,9,9,8,15,15,8,8,17,17,8,1689,524,200259,99,62,13,63,63,0,0,63,0,17,18,60,58,10.01,466,1,36.433651,-119.923332,30.389,6,599,58,3,"e00fce6876826e255108c6bd",2026-09-20 10:10:03.968,2026-09-20 10:10:04.166,2026-09-20 10:10:04.166,2026-09-20
"617","1YEcjBUJ7r","MOOSPMv3Parser",1789899001,5,5,0,8,8,0,0,8,8,0,1076,303,219311,53,0,3,0,0,20,40,0,0,18,21,56,49,14.463,315,3277,2.6e-05,0.002325,35138.355469,9,600,58,3,"e00fce68e28dcbc9a589be10",2026-09-20 10:10:04.268,2026-09-20 10:10:04.416,2026-09-20 10:10:04.416,2026-09-20
"618","hEb1llYCfB","MOOSPMv3Parser",1789899600,14,14,9,19,19,9,9,20,20,9,2583,729,119741,106,69,4,69,69,16,77,69,0,14,17,84,73,5.575,126,1,36.523468,-119.278885,56.27,6,600,58,3,"e00fce68f12da1a0c5de6248",2026-09-20 10:20:02.103,2026-09-20 10:20:02.262,2026-09-20 10:20:02.262,2026-09-20
"619","Hqp2Ai5U9c","MOOSPMv3Parser",1789899600,8,8,11,21,21,12,12,22,22,12,720,580,113357,111,88,12,88,88,18,55,89,0,18,19,69,66,5.381,208,1,35.963093,-119.29187,39.271999,5,600,58,3,"e00fce68d6b773b56ce8baa0",2026-09-20 10:20:02.176,2026-09-20 10:20:02.493,2026-09-20 10:20:02.493,2026-09-20
"620","aHGGAEJ2oc","MOOSPMv3Parser",1789899600,12,12,8,17,17,9,9,18,18,9,2677,630,156921,102,66,7,66,66,17,82,66,0,18,18,66,65,6.188,228,1,35.775028,-119.238548,72.887001,9,600,58,3,"e00fce68e88237db75a60608",2026-09-20 10:20:03.146,2026-09-20 10:20:03.445,2026-09-20 10:20:03.445,2026-09-20
"621","bRkSn7Ubp4","MOOSPMv3Parser",1789899601,7,7,4,10,10,4,4,10,10,4,2221,413,67759,53,33,3,33,33,18,62,33,0,19,19,61,61,17.905,239,1,36.503117,-120.325424,54.497002,11,600,58,3,"e00fce68e77e43df92405fdb",2026-09-20 10:20:03.237,2026-09-20 10:20:03.471,2026-09-20 10:20:03.471,2026-09-20
"622","ZdYpFYe6Ht","MOOSPMv3Parser",1789899601,0,0,2,1,1,2,2,1,1,2,265,166,51002,26,16,2,16,16,19,43,16,0,19,20,48,46,18.729,209,1,36.198689,-120.10437,85.588997,9,600,58,3,"e00fce686dc2ef0a68fa40b0",2026-09-20 10:20:03.402,2026-09-20 10:20:03.54,2026-09-20 10:20:03.54,2026-09-20
"623","NGlZd4YXTz","MOOSPMv3Parser",1789899600,10,10,6,15,15,6,6,16,16,6,2048,560,255381,89,46,6,46,46,17,65,47,0,18,19,60,58,14.238,203,1,35.949478,-119.049934,115.568001,9,600,58,3,"e00fce6808784ceaf209f949",2026-09-20 10:20:03.864,2026-09-20 10:20:04.041,2026-09-20 10:20:04.041,2026-09-20
"624","eKG4z5BRTi","MOOSPMv3Parser",1789899600,6,6,0,10,10,0,0,10,10,0,1487,357,0,62,0,6,0,0,17,52,0,2,16,18,61,57,6.76,240,1,36.187508,-119.822021,26.802999,12,600,58,3,"e00fce68e739ecbcf9e91965",2026-09-20 10:20:03.919,2026-09-20 10:20:04.107,2026-09-20 10:20:04.107,2026-09-20
"625","uWTOMxXjFh","MOOSPMv3Parser",1789899600,9,9,8,13,13,8,8,15,15,8,1549,481,200312,88,61,8,61,61,0,0,61,0,17,18,61,59,9.933,467,1,36.433632,-119.923378,31.385,11,599,58,3,"e00fce6876826e255108c6bd",2026-09-20 10:20:03.967,2026-09-20 10:20:04.115,2026-09-20 10:20:04.115,2026-09-20
"626","OU8tH7QI4q","MOOSPMv3Parser",1789899600,4,4,4,6,6,4,4,7,7,4,996,248,312100,43,33,3,34,34,16,54,34,0,19,17,50,58,23.827,248,1,36.139008,-120.368462,149.572006,7,600,58,3,"e00fce6850cac69f647dc199",2026-09-20 10:20:04.035,2026-09-20 10:20:04.193,2026-09-20 10:20:04.193,2026-09-20
"627","pdbfoLNute","MOOSPMv3Parser",1789899601,5,5,0,7,7,0,0,8,8,0,1037,298,219311,47,0,3,0,0,19,42,0,0,18,21,57,50,13.824,313,3277,2.6e-05,0.002325,35138.355469,9,600,58,3,"e00fce68e28dcbc9a589be10",2026-09-20 10:20:04.267,2026-09-20 10:20:04.42,2026-09-20 10:20:04.42,2026-09-20
"628","HFSbGtnqYs","MOOSPMv3Parser",1789900200,15,15,10,20,20,10,10,21,21,10,2795,784,119807,113,76,6,76,76,16,78,76,0,15,17,84,75,5.232,123,1,36.523342,-119.278816,78.334,8,600,58,3,"e00fce68f12da1a0c5de6248",2026-09-20 10:30:01.957,2026-09-20 10:30:02.139,2026-09-20 10:30:02.139,2026-09-20
"629","pELYQCYzRG","MOOSPMv3Parser",1789900201,0,0,2,1,1,2,2,1,1,2,275,177,51015,27,15,2,15,16,18,43,16,0,18,20,49,45,17.932,251,1,36.198776,-120.104439,76.690002,11,600,58,3,"e00fce686dc2ef0a68fa40b0",2026-09-20 10:30:02.443,2026-09-20 10:30:02.648,2026-09-20 10:30:02.648,2026-09-20
"630","5jhzw35LMX","MOOSPMv3Parser",1789900200,7,7,11,18,18,11,11,21,21,11,687,546,113427,102,83,11,83,83,18,56,83,0,18,19,70,65,5.456,208,1,35.963093,-119.29187,39.266998,0,600,58,3,"e00fce68d6b773b56ce8baa0",2026-09-20 10:30:02.496,2026-09-20 10:30:02.672,2026-09-20 10:30:02.672,2026-09-20
"631","UOL2Yw8LH8","MOOSPMv3Parser",1789900200,12,12,8,17,17,8,8,18,18,8,2679,637,156976,102,63,6,63,63,17,84,63,0,18,18,67,66,8.529,214,1,35.77504,-119.238556,63.564999,9,600,58,3,"e00fce68e88237db75a60608",2026-09-20 10:30:03.067,2026-09-20 10:30:03.279,2026-09-20 10:30:03.279,2026-09-20
"632","QMyOGMGKiz","MOOSPMv3Parser",1789900201,7,7,4,10,10,4,4,11,11,4,2260,423,67788,60,33,4,33,33,18,66,33,0,18,19,65,63,14.55,252,1,36.503147,-120.325386,59.132,9,600,58,3,"e00fce68e77e43df92405fdb",2026-09-20 10:30:03.226,2026-09-20 10:30:03.388,2026-09-20 10:30:03.388,2026-09-20
"633","GWwdUq7ij4","MOOSPMv3Parser",1789900200,9,9,7,14,14,8,8,15,15,8,1615,500,200362,89,58,10,58,58,0,0,58,0,17,18,64,60,10.238,459,1,36.433533,-119.923409,35.785,6,599,58,3,"e00fce6876826e255108c6bd",2026-09-20 10:30:03.728,2026-09-20 10:30:03.887,2026-09-20 10:30:03.887,2026-09-20
"634","HY5UmxL5ZE","MOOSPMv3Parser",1789900200,6,6,0,9,9,0,0,11,11,0,1528,360,0,58,0,5,0,0,17,53,0,2,16,18,61,58,5.652,243,1,36.1875,-119.82196,35.103001,9,600,58,3,"e00fce68e739ecbcf9e91965",2026-09-20 10:30:03.818,2026-09-20 10:30:03.986,2026-09-20 10:30:03.986,2026-09-20
"635","Qy7gJ6kWDh","MOOSPMv3Parser",1789900201,5,5,0,8,8,0,0,8,8,0,1105,311,219311,51,0,3,0,0,19,43,0,0,18,20,58,52,12.748,321,3277,2.6e-05,0.002325,35138.355469,9,600,58,3,"e00fce68e28dcbc9a589be10",2026-09-20 10:30:04.345,2026-09-20 10:30:04.522,2026-09-20 10:30:04.522,2026-09-20
"636","D2I415nyox","MOOSPMv3Parser",1789900200,11,11,7,16,16,7,7,17,17,7,2193,599,255428,94,55,6,55,55,17,67,55,0,18,19,61,59,13.267,201,1,35.949562,-119.049934,123.261002,8,600,58,3,"e00fce6808784ceaf209f949",2026-09-20 10:30:04.35,2026-09-20 10:30:04.53,2026-09-20 10:30:04.53,2026-09-20
"637","YyEo8AuZij","MOOSPMv3Parser",1789900200,4,4,4,6,6,5,5,7,7,5,991,250,312132,42,34,3,34,34,16,54,34,0,19,17,50,59,22.086,260,1,36.139084,-120.368484,153.384995,6,600,58,3,"e00fce6850cac69f647dc199",2026-09-20 10:30:04.8,2026-09-20 10:30:04.939,2026-09-20 10:30:04.939,2026-09-20
"638","SphxGwuZuD","MOOSPMv3Parser",1789900800,17,17,11,23,23,11,11,23,23,11,3128,873,119880,125,83,5,84,84,16,79,84,0,15,17,83,75,5.381,112,1,36.523335,-119.278816,76.249001,8,600,58,3,"e00fce68f12da1a0c5de6248",2026-09-20 10:40:02.06,2026-09-20 10:40:02.264,2026-09-20 10:40:02.264,2026-09-20
"639","CYVOgWexgw","MOOSPMv3Parser",1789900800,7,7,10,18,18,11,11,20,20,11,679,538,113493,99,79,11,79,79,18,57,79,0,18,19,69,64,7.266,202,1,35.963089,-119.291801,48.610001,10,600,58,3,"e00fce68d6b773b56ce8baa0",2026-09-20 10:40:02.179,2026-09-20 10:40:02.376,2026-09-20 10:40:02.376,2026-09-20
"640","msKTqECaZ4","MOOSPMv3Parser",1789900801,0,0,2,1,1,2,2,1,1,2,278,178,51029,27,16,2,17,17,18,42,17,0,18,20,48,44,18.109,277,1,36.198803,-120.104408,72.327003,9,600,58,3,"e00fce686dc2ef0a68fa40b0",2026-09-20 10:40:03.019,2026-09-20 10:40:03.169,2026-09-20 10:40:03.169,2026-09-20
"641","clDAEj453s","MOOSPMv3Parser",1789900801,7,7,4,10,10,4,4,10,10,4,2268,408,67816,56,32,3,32,32,18,66,32,0,17,18,66,64,12.249,260,1,36.503128,-120.325409,66.213997,8,600,58,3,"e00fce68e77e43df92405fdb",2026-09-20 10:40:03.253,2026-09-20 10:40:03.421,2026-09-20 10:40:03.421,2026-09-20
"642","thILxPOHLK","MOOSPMv3Parser",1789900800,12,12,8,17,17,8,8,17,17,8,2617,614,157031,102,62,8,62,62,17,85,62,0,17,18,70,67,10.469,190,1,35.77507,-119.238571,67.763,10,600,58,3,"e00fce68e88237db75a60608",2026-09-20 10:40:03.311,2026-09-20 10:40:03.51,2026-09-20 10:40:03.51,2026-09-20
"643","ECGblCuzR0","MOOSPMv3Parser",1789900800,4,4,4,6,6,5,5,7,7,5,981,252,312164,41,35,3,35,35,16,55,35,0,19,17,51,59,21.605,268,1,36.139015,-120.368347,178.751007,10,600,58,3,"e00fce6850cac69f647dc199",2026-09-20 10:40:03.717,2026-09-20 10:40:03.895,2026-09-20 10:40:03.895,2026-09-20
"644","LF2YVOkJbP","MOOSPMv3Parser",1789900800,6,6,0,10,10,0,0,11,11,0,1478,352,0,62,0,7,0,0,17,55,0,2,16,17,61,59,6.417,238,1,36.187511,-119.821991,21.716,13,600,58,3,"e00fce68e739ecbcf9e91965",2026-09-20 10:40:03.777,2026-09-20 10:40:03.925,2026-09-20 10:40:03.925,2026-09-20
"645","uposhKrYQN","MOOSPMv3Parser",1789900800,10,10,8,16,16,8,8,18,18,8,1751,543,200416,100,63,12,63,63,0,0,63,0,17,18,65,62,10.324,408,1,36.433601,-119.923393,34.605999,12,599,58,3,"e00fce6876826e255108c6bd",2026-09-20 10:40:03.879,2026-09-20 10:40:04.044,2026-09-20 10:40:04.044,2026-09-20
"646","Oiq5vh9YLB","MOOSPMv3Parser",1789900800,11,11,7,16,16,7,7,17,17,7,2228,606,255474,95,51,6,52,52,17,67,52,0,18,19,61,60,12.799,202,1,35.949562,-119.049973,114.706001,6,600,58,3,"e00fce6808784ceaf209f949",2026-09-20 10:40:03.871,2026-09-20 10:40:04.059,2026-09-20 10:40:04.059,2026-09-20
"647","TyBOfXiCeG","MOOSPMv3Parser",1789900801,6,6,0,9,9,0,0,9,9,0,1207,343,219311,51,0,4,0,0,19,45,0,0,18,20,59,53,14.042,312,3277,2.6e-05,0.002325,35138.355469,9,600,58,3,"e00fce68e28dcbc9a589be10",2026-09-20 10:40:04.211,2026-09-20 10:40:04.416,2026-09-20 10:40:04.416,2026-09-20
"648","WXhYkvtN9H","MOOSPMv3Parser",1789901400,17,17,11,24,24,11,11,25,25,11,3192,895,119955,133,86,6,86,86,16,78,86,0,15,17,82,74,5.777,143,1,36.523304,-119.278885,87.698997,7,600,58,3,"e00fce68f12da1a0c5de6248",2026-09-20 10:50:02.047,2026-09-20 10:50:02.192,2026-09-20 10:50:02.192,2026-09-20
"649","vtitRBU16c","MOOSPMv3Parser",1789901400,6,6,9,13,13,10,10,15,15,10,613,480,113553,88,72,9,73,73,18,57,73,0,17,19,71,65,7.93,197,1,35.9631,-119.291878,42.419998,11,600,58,3,"e00fce68d6b773b56ce8baa0",2026-09-20 10:50:02.643,2026-09-20 10:50:02.814,2026-09-20 10:50:02.814,2026-09-20
"650","gNEZNANP5H","MOOSPMv3Parser",1789901401,0,0,3,1,1,4,4,1,1,4,279,180,51049,29,24,3,25,25,18,41,25,1,18,20,46,44,19.292,200,1,36.198803,-120.104408,72.322998,0,600,58,3,"e00fce686dc2ef0a68fa40b0",2026-09-20 10:50:03.079,2026-09-20 10:50:03.238,2026-09-20 10:50:03.238,2026-09-20
"651","31dcbfiVPE","MOOSPMv3Parser",1789901400,12,12,8,17,17,9,9,18,18,9,2673,629,157087,108,64,7,64,64,17,85,64,0,17,18,70,68,9.899,193,1,35.775043,-119.238564,76.429001,10,600,58,3,"e00fce68e88237db75a60608",2026-09-20 10:50:03.134,2026-09-20 10:50:03.298,2026-09-20 10:50:03.298,2026-09-20
"652","UQykcEy3SV","MOOSPMv3Parser",1789901401,8,8,4,11,11,4,4,11,11,4,3180,478,67844,54,32,4,32,32,17,65,32,0,18,18,63,62,14.911,250,1,36.502926,-120.325302,40.009998,6,600,58,3,"e00fce68e77e43df92405fdb",2026-09-20 10:50:03.158,2026-09-20 10:50:03.352,2026-09-20 10:50:03.352,2026-09-20
"653","rS4A4meQA0","MOOSPMv3Parser",1789901400,7,7,0,11,11,0,0,12,12,0,1603,385,0,70,0,9,0,0,16,59,0,2,16,17,65,62,6.272,231,1,36.187515,-119.821983,36.425999,10,600,58,3,"e00fce68e739ecbcf9e91965",2026-09-20 10:50:03.777,2026-09-20 10:50:03.941,2026-09-20 10:50:03.941,2026-09-20
"654","6BcVaZlyFP","MOOSPMv3Parser",1789901400,4,4,4,6,6,4,4,7,7,4,1000,251,312195,41,32,2,32,32,16,54,32,0,19,17,50,58,21.156,258,1,36.139027,-120.36834,157.475006,7,600,58,3,"e00fce6850cac69f647dc199",2026-09-20 10:50:03.805,2026-09-20 10:50:03.986,2026-09-20 10:50:03.986,2026-09-20
"655","yAN0yuDBMg","MOOSPMv3Parser",1789901400,11,11,6,16,16,7,7,18,18,7,2193,595,255520,104,51,8,51,51,17,66,51,0,18,19,60,59,14.234,190,1,35.949524,-119.04995,114.010002,7,600,58,3,"e00fce6808784ceaf209f949",2026-09-20 10:50:03.801,2026-09-20 10:50:03.999,2026-09-20 10:50:03.999,2026-09-20
"656","IAbogskDY7","MOOSPMv3Parser",1789901401,6,6,0,8,8,0,0,9,9,0,1132,319,219311,52,0,4,0,0,19,46,0,0,18,20,59,54,15.049,304,3277,2.6e-05,0.002325,35138.355469,9,600,58,3,"e00fce68e28dcbc9a589be10",2026-09-20 10:50:04.216,2026-09-20 10:50:04.415,2026-09-20 10:50:04.415,2026-09-20
"657","zMIgJPgSfc","MOOSPMv3Parser",1789901401,10,10,9,16,16,9,9,18,18,9,1765,542,200140,102,67,11,67,67,0,0,67,0,17,18,66,63,10.432,389,1,36.433578,-119.923332,30.753,8,600,58,3,"e00fce6876826e255108c6bd",2026-09-20 10:50:04.45,2026-09-20 10:50:04.637,2026-09-20 10:50:04.637,2026-09-20
"658","gEKcjJeJ9q","MOOSPMv3Parser",1789902000,16,16,11,22,22,11,11,23,23,11,3104,860,120027,125,83,5,83,83,16,78,83,0,15,17,83,75,5.36,160,1,36.523304,-119.278885,87.697998,0,600,58,3,"e00fce68f12da1a0c5de6248",2026-09-20 11:00:01.9,2026-09-20 11:00:02.089,2026-09-20 11:00:02.089,2026-09-20
"659","3wd352jl3C","MOOSPMv3Parser",1789902000,5,5,9,12,12,9,9,13,13,9,583,459,113612,84,69,9,69,69,17,56,69,0,17,18,72,65,8.417,194,1,35.963184,-119.291862,53.249001,9,600,58,3,"e00fce68d6b773b56ce8baa0",2026-09-20 11:00:02.179,2026-09-20 11:00:02.399,2026-09-20 11:00:02.399,2026-09-20
"660","xx6fTBsDjI","MOOSPMv3Parser",1789902000,12,12,8,17,17,8,8,18,18,8,2743,627,157142,102,62,8,63,63,17,85,63,0,18,18,69,68,9.952,196,1,35.775043,-119.238564,76.43,0,600,58,3,"e00fce68e88237db75a60608",2026-09-20 11:00:03.146,2026-09-20 11:00:03.344,2026-09-20 11:00:03.344,2026-09-20
"661","T91zCarlpZ","MOOSPMv3Parser",1789902001,8,8,4,11,11,4,4,11,11,4,3272,473,67872,54,33,4,33,33,17,66,33,0,18,18,63,63,12.69,248,1,36.503197,-120.325371,75.541,9,600,58,3,"e00fce68e77e43df92405fdb",2026-09-20 11:00:03.157,2026-09-20 11:00:03.367,2026-09-20 11:00:03.367,2026-09-20
"662","wQFLMHVp7M","MOOSPMv3Parser",1789902001,0,0,2,1,1,2,3,1,1,3,271,172,51063,27,17,3,17,17,18,42,17,1,18,20,47,45,20.161,157,1,36.198807,-120.104446,84.004997,11,600,58,3,"e00fce686dc2ef0a68fa40b0",2026-09-20 11:00:03.479,2026-09-20 11:00:03.71,2026-09-20 11:00:03.71,2026-09-20
"663","la4BYkeoRM","MOOSPMv3Parser",1789902000,10,10,6,14,14,6,6,15,15,6,1976,536,255558,89,45,5,45,45,17,67,45,0,18,18,61,60,14.676,184,1,35.949524,-119.04995,114.012001,0,600,58,3,"e00fce6808784ceaf209f949",2026-09-20 11:00:03.786,2026-09-20 11:00:03.974,2026-09-20 11:00:03.974,2026-09-20
"664","gAjrYz2j5O","MOOSPMv3Parser",1789902000,11,11,9,17,17,9,9,19,19,9,1855,577,200533,110,67,13,68,68,1,0,68,0,17,18,67,64,10.478,351,1,36.433578,-119.923332,30.754,0,599,58,3,"e00fce6876826e255108c6bd",2026-09-20 11:00:03.806,2026-09-20 11:00:03.999,2026-09-20 11:00:03.999,2026-09-20
"665","eUi3jNlXS3","MOOSPMv3Parser",1789902000,9,9,0,14,14,0,0,15,15,0,1980,486,0,86,0,7,0,0,16,62,0,2,16,17,66,64,2.93,231,1,36.187534,-119.822281,12.372,8,600,58,3,"e00fce68e739ecbcf9e91965",2026-09-20 11:00:03.847,2026-09-20 11:00:04.043,2026-09-20 11:00:04.043,2026-09-20
"666","d9GNk91mlp","MOOSPMv3Parser",1789902000,4,4,4,6,6,5,5,7,7,5,999,250,312227,43,34,3,34,34,16,52,34,0,19,16,48,57,23.443,244,1,36.139,-120.368294,195.007004,8,600,58,3,"e00fce6850cac69f647dc199",2026-09-20 11:00:04.122,2026-09-20 11:00:04.277,2026-09-20 11:00:04.277,2026-09-20
"667","0Ns77G7PMj","MOOSPMv3Parser",1789902001,5,5,0,8,8,0,0,8,8,0,1091,308,219311,51,0,4,0,0,18,47,0,0,18,20,60,55,16.699,293,3277,2.6e-05,0.002325,35138.355469,9,600,58,3,"e00fce68e28dcbc9a589be10",2026-09-20 11:00:04.27,2026-09-20 11:00:04.44,2026-09-20 11:00:04.44,2026-09-20
"668","4LXeMKjCsX","MOOSPMv3Parser",1789902600,16,16,11,22,22,11,11,23,23,11,3081,860,120099,118,82,5,83,83,16,78,83,0,15,17,81,74,5.042,141,1,36.523289,-119.278839,87.498001,7,600,58,3,"e00fce68f12da1a0c5de6248",2026-09-20 11:10:01.923,2026-09-20 11:10:02.089,2026-09-20 11:10:02.089,2026-09-20
"669","rwhCWopG4U","MOOSPMv3Parser",1789902601,0,0,2,1,1,2,2,1,1,2,264,168,51076,26,16,2,16,16,18,42,16,0,18,19,49,45,18.668,167,1,36.198792,-120.104462,69.060997,10,600,58,3,"e00fce686dc2ef0a68fa40b0",2026-09-20 11:10:02.511,2026-09-20 11:10:02.703,2026-09-20 11:10:02.703,2026-09-20
"670","LqW3T1BTVm","MOOSPMv3Parser",1789902600,5,5,9,11,11,9,9,12,12,9,566,444,113668,81,68,8,68,68,17,57,68,0,16,18,72,65,8.403,192,1,35.963135,-119.291794,49.359001,8,600,58,3,"e00fce68d6b773b56ce8baa0",2026-09-20 11:10:02.588,2026-09-20 11:10:02.748,2026-09-20 11:10:02.748,2026-09-20
"671","2jCQy6IJcJ","MOOSPMv3Parser",1789902600,12,12,8,17,17,8,8,18,18,8,2799,621,157197,101,63,7,63,63,17,85,63,0,18,18,67,67,11.766,188,1,35.775051,-119.238556,69.635002,10,600,58,3,"e00fce68e88237db75a60608",2026-09-20 11:10:03.075,2026-09-20 11:10:03.262,2026-09-20 11:10:03.262,2026-09-20
"672","7md5BdOMof","MOOSPMv3Parser",1789902601,10,10,4,12,12,4,4,13,13,4,4667,571,67900,54,32,4,32,32,17,69,32,0,17,18,67,65,11.7,253,1,36.503288,-120.32534,56.271999,7,600,58,3,"e00fce68e77e43df92405fdb",2026-09-20 11:10:03.394,2026-09-20 11:10:03.573,2026-09-20 11:10:03.573,2026-09-20
"673","xvKDRw6EDe","MOOSPMv3Parser",1789902600,9,9,0,14,14,0,0,14,14,0,1982,484,0,85,0,8,0,0,16,63,0,2,16,17,66,64,1.817,235,1,36.187534,-119.822281,12.368,0,600,58,3,"e00fce68e739ecbcf9e91965",2026-09-20 11:10:03.847,2026-09-20 11:10:03.992,2026-09-20 11:10:03.992,2026-09-20
"674","hntHuAR9i9","MOOSPMv3Parser",1789902600,9,9,5,13,13,6,6,14,14,6,1898,518,255593,83,43,5,43,43,17,67,43,0,18,18,61,60,15.618,172,1,35.949539,-119.049988,113.156998,10,600,58,3,"e00fce6808784ceaf209f949",2026-09-20 11:10:03.859,2026-09-20 11:10:04.02,2026-09-20 11:10:04.02,2026-09-20
"675","ODxcwH9u4n","MOOSPMv3Parser",1789902600,10,10,9,15,15,9,9,18,18,9,1763,543,200592,99,67,11,67,67,0,0,67,0,17,18,69,66,10.809,346,1,36.43364,-119.923309,25.683001,8,599,58,3,"e00fce6876826e255108c6bd",2026-09-20 11:10:03.798,2026-09-20 11:10:04.025,2026-09-20 11:10:04.025,2026-09-20
"676","25yA1g0uPV","MOOSPMv3Parser",1789902601,5,5,0,8,8,0,0,9,9,0,1073,302,219311,55,0,4,0,0,18,48,0,0,18,20,59,56,15.803,290,3277,2.6e-05,0.002325,35138.355469,9,600,58,3,"e00fce68e28dcbc9a589be10",2026-09-20 11:10:04.306,2026-09-20 11:10:04.442,2026-09-20 11:10:04.442,2026-09-20
"677","sqMfHDH9p9","MOOSPMv3Parser",1789902600,4,4,4,6,6,5,5,7,7,5,994,249,312259,39,35,3,35,35,16,54,35,0,19,16,50,58,24.526,236,1,36.138985,-120.368294,174.653,6,600,58,3,"e00fce6850cac69f647dc199",2026-09-20 11:10:04.487,2026-09-20 11:10:04.714,2026-09-20 11:10:04.714,2026-09-20
"678","0pmhZpKEfY","MOOSPMv3Parser",1789903200,16,16,10,22,22,11,11,23,23,11,3027,850,120169,123,79,5,80,80,16,78,80,0,15,17,83,75,5.154,130,1,36.523254,-119.278893,77.499001,5,600,58,3,"e00fce68f12da1a0c5de6248",2026-09-20 11:20:02.009,2026-09-20 11:20:02.181,2026-09-20 11:20:02.181,2026-09-20
"679","PBmXc9BoEF","MOOSPMv3Parser",1789903200,5,5,9,11,11,9,9,12,12,9,565,439,113726,82,69,9,69,69,17,58,69,0,16,18,72,65,8.851,188,1,35.96328,-119.291855,50.231998,8,600,58,3,"e00fce68d6b773b56ce8baa0",2026-09-20 11:20:02.249,2026-09-20 11:20:02.431,2026-09-20 11:20:02.431,2026-09-20
"680","xmWUjrVbv1","MOOSPMv3Parser",1789903201,0,0,2,1,1,2,2,1,1,2,272,174,51089,28,16,2,16,16,18,43,16,0,18,19,49,46,17.239,195,1,36.198753,-120.104492,93.141998,7,600,58,3,"e00fce686dc2ef0a68fa40b0",2026-09-20 11:20:02.762,2026-09-20 11:20:03.01,2026-09-20 11:20:03.01,2026-09-20
"681","FG71WH6jht","MOOSPMv3Parser",1789903200,11,11,8,16,16,8,8,17,17,8,2693,598,157252,101,63,7,64,64,17,85,64,0,17,18,67,67,12.728,182,1,35.775047,-119.238525,74.903999,11,600,58,3,"e00fce68e88237db75a60608",2026-09-20 11:20:03.145,2026-09-20 11:20:03.363,2026-09-20 11:20:03.363,2026-09-20
"682","4p1F8jhYlG","MOOSPMv3Parser",1789903201,8,8,4,11,11,4,4,11,11,4,3192,472,67929,56,33,4,33,33,17,70,33,0,17,18,67,65,8.912,259,1,36.503143,-120.325378,52.189999,12,600,58,3,"e00fce68e77e43df92405fdb",2026-09-20 11:20:03.298,2026-09-20 11:20:03.501,2026-09-20 11:20:03.501,2026-09-20
"683","nwqwqhDcV9","MOOSPMv3Parser",1789903200,4,4,4,6,6,4,4,6,6,4,1024,258,312291,42,33,2,33,33,16,55,33,0,19,17,50,59,24.912,232,1,36.138988,-120.36837,170.973999,8,600,58,3,"e00fce6850cac69f647dc199",2026-09-20 11:20:03.563,2026-09-20 11:20:03.761,2026-09-20 11:20:03.761,2026-09-20
"684","RkZ1JMdYcD","MOOSPMv3Parser",1789903200,10,10,8,16,16,9,9,18,18,9,1783,548,200648,108,65,11,65,65,0,0,65,0,17,18,69,67,11.193,279,1,36.433559,-119.923378,33.007,11,599,58,3,"e00fce6876826e255108c6bd",2026-09-20 11:20:03.809,2026-09-20 11:20:03.967,2026-09-20 11:20:03.967,2026-09-20
"685","Wam3pZfMWB","MOOSPMv3Parser",1789903200,9,9,5,13,13,5,5,14,14,5,1835,500,255626,82,41,6,41,41,17,67,41,0,18,18,60,59,16,169,1,35.949574,-119.049988,98.709,11,600,58,3,"e00fce6808784ceaf209f949",2026-09-20 11:20:03.79,2026-09-20 11:20:03.977,2026-09-20 11:20:03.977,2026-09-20
"686","uGFv7xEZF7","MOOSPMv3Parser",1789903200,9,9,0,14,14,0,0,15,15,0,1963,476,0,81,0,8,0,0,16,64,0,2,16,17,66,65,1.201,239,1,36.187492,-119.822044,20.287001,9,600,58,3,"e00fce68e739ecbcf9e91965",2026-09-20 11:20:03.876,2026-09-20 11:20:04.05,2026-09-20 11:20:04.05,2026-09-20
"687","q1aLrIlAgH","MOOSPMv3Parser",1789903201,5,5,0,7,7,0,0,8,8,0,1060,298,219311,49,0,3,0,0,18,48,0,0,19,20,57,55,16.14,296,3277,2.6e-05,0.002325,35138.355469,9,600,58,3,"e00fce68e28dcbc9a589be10",2026-09-20 11:20:04.261,2026-09-20 11:20:04.454,2026-09-20 11:20:04.454,2026-09-20
"688","N4S880IbGM","MOOSPMv3Parser",1789903800,15,15,10,21,21,11,11,22,22,11,2936,813,120238,116,79,5,79,79,16,78,79,0,14,16,85,75,6.048,118,1,36.523335,-119.278839,80.613998,6,600,58,3,"e00fce68f12da1a0c5de6248",2026-09-20 11:30:01.947,2026-09-20 11:30:02.23,2026-09-20 11:30:02.23,2026-09-20
"689","sFXVhoE5XP","MOOSPMv3Parser",1789903800,5,5,9,12,12,10,10,15,15,10,587,460,113786,83,72,9,72,72,17,57,72,0,17,18,70,65,9.98,182,1,35.963261,-119.291924,28.569,10,600,58,3,"e00fce68d6b773b56ce8baa0",2026-09-20 11:30:02.553,2026-09-20 11:30:02.733,2026-09-20 11:30:02.733,2026-09-20
"690","BJifH1bQAI","MOOSPMv3Parser",1789903801,0,0,2,1,1,2,2,1,1,2,268,176,51100,27,14,3,14,14,18,44,14,0,18,19,51,48,16.753,192,1,36.198757,-120.104401,114.700996,11,600,58,3,"e00fce686dc2ef0a68fa40b0",2026-09-20 11:30:03.151,2026-09-20 11:30:03.359,2026-09-20 11:30:03.359,2026-09-20
"691","B9vSIjrZ8b","MOOSPMv3Parser",1789903800,11,11,8,16,16,8,8,17,17,8,2689,602,157307,97,62,6,62,63,17,83,63,0,17,18,67,66,13.977,172,1,35.775085,-119.238525,64.386002,11,600,58,3,"e00fce68e88237db75a60608",2026-09-20 11:30:03.148,2026-09-20 11:30:03.365,2026-09-20 11:30:03.365,2026-09-20
"692","VWCdwst2Ft","MOOSPMv3Parser",1789903801,7,7,4,9,9,4,4,10,10,4,2227,397,67956,53,31,3,31,31,17,65,31,0,18,18,61,62,10.428,254,1,36.503204,-120.325378,60.637001,10,600,58,3,"e00fce68e77e43df92405fdb",2026-09-20 11:30:03.242,2026-09-20 11:30:03.475,2026-09-20 11:30:03.475,2026-09-20
"693","mFA5vuVcmF","MOOSPMv3Parser",1789903800,10,10,8,16,16,9,9,18,18,9,1787,552,200704,109,64,12,64,64,0,0,64,0,17,18,68,66,11.099,290,1,36.433659,-119.92334,24.521,11,599,58,3,"e00fce6876826e255108c6bd",2026-09-20 11:30:03.733,2026-09-20 11:30:03.895,2026-09-20 11:30:03.895,2026-09-20
"694","FQuLBRtY53","MOOSPMv3Parser",1789903800,4,4,4,6,6,4,4,6,6,4,961,243,312322,40,31,3,31,31,16,54,31,0,19,17,49,58,26.654,215,1,36.13908,-120.368362,163.675995,5,600,58,3,"e00fce6850cac69f647dc199",2026-09-20 11:30:03.863,2026-09-20 11:30:04.043,2026-09-20 11:30:04.043,2026-09-20
"695","HHiXauPIii","MOOSPMv3Parser",1789903800,9,9,5,13,13,6,6,14,14,6,1815,496,255659,78,41,6,41,41,17,66,41,0,18,18,60,59,15.95,175,1,35.949543,-119.04998,121.545998,9,600,58,3,"e00fce6808784ceaf209f949",2026-09-20 11:30:03.875,2026-09-20 11:30:04.09,2026-09-20 11:30:04.09,2026-09-20
"696","elyuCHOELo","MOOSPMv3Parser",1789903800,9,9,0,14,14,0,0,15,15,0,2000,491,0,84,0,7,0,0,16,65,0,2,16,16,67,66,1.023,241,1,36.187519,-119.822037,47.202,9,600,58,3,"e00fce68e739ecbcf9e91965",2026-09-20 11:30:04.007,2026-09-20 11:30:04.204,2026-09-20 11:30:04.204,2026-09-20
"697","lonZt7sDCY","MOOSPMv3Parser",1789903801,5,5,0,8,8,0,0,8,8,0,1102,309,219311,52,0,3,0,0,18,49,0,0,19,19,59,57,19.217,267,3277,2.6e-05,0.002325,35138.355469,9,600,58,3,"e00fce68e28dcbc9a589be10",2026-09-20 11:30:04.282,2026-09-20 11:30:04.422,2026-09-20 11:30:04.422,2026-09-20
"698","YsFMwx7gsb","MOOSPMv3Parser",1789904400,15,15,10,21,21,11,11,22,22,11,2847,798,120307,115,79,5,79,79,16,77,79,0,15,16,82,72,6.757,114,1,36.523293,-119.278778,87.785004,5,600,58,3,"e00fce68f12da1a0c5de6248",2026-09-20 11:40:02.245,2026-09-20 11:40:02.406,2026-09-20 11:40:02.406,2026-09-20
"699","6UAvaif1QD","MOOSPMv3Parser",1789904400,5,5,8,10,10,9,9,11,11,9,554,431,113842,78,66,8,67,67,17,56,67,0,17,18,70,64,10.29,177,1,35.963158,-119.291878,51.074001,6,600,58,3,"e00fce68d6b773b56ce8baa0",2026-09-20 11:40:02.252,2026-09-20 11:40:02.475,2026-09-20 11:40:02.475,2026-09-20
"700","NipS5YVDqh","MOOSPMv3Parser",1789904400,11,11,8,16,16,8,8,17,17,8,2583,592,157360,98,61,7,61,61,17,84,61,0,17,18,67,66,15.17,162,1,35.775036,-119.238533,70.851997,10,600,58,3,"e00fce68e88237db75a60608",2026-09-20 11:40:03.247,2026-09-20 11:40:03.411,2026-09-20 11:40:03.411,2026-09-20
"701","7jCThSlMQm","MOOSPMv3Parser",1789904401,7,7,4,9,9,4,4,9,9,4,2162,383,67983,54,31,3,31,31,17,64,31,0,17,18,61,62,10.662,242,1,36.503242,-120.325378,76.416,7,600,58,3,"e00fce68e77e43df92405fdb",2026-09-20 11:40:03.251,2026-09-20 11:40:03.414,2026-09-20 11:40:03.414,2026-09-20
"702","EyV9NZLY4W","MOOSPMv3Parser",1789904401,0,0,2,1,1,2,2,1,1,2,275,175,51113,26,15,2,15,15,18,44,15,0,18,19,51,48,17.209,181,1,36.198822,-120.104446,82.995003,6,600,58,3,"e00fce686dc2ef0a68fa40b0",2026-09-20 11:40:03.473,2026-09-20 11:40:03.625,2026-09-20 11:40:03.625,2026-09-20
"703","FjsYn6MrGX","MOOSPMv3Parser",1789904400,8,8,5,12,12,6,6,13,13,6,1730,471,255693,77,41,5,41,41,17,65,41,0,18,18,60,58,16.905,165,1,35.949669,-119.049995,116.373001,7,600,58,3,"e00fce6808784ceaf209f949",2026-09-20 11:40:03.783,2026-09-20 11:40:03.952,2026-09-20 11:40:03.952,2026-09-20
"704","3SLGkJOYuc","MOOSPMv3Parser",1789904400,10,10,8,16,16,9,9,17,17,9,1737,537,200759,98,64,11,64,64,0,0,64,0,16,18,70,65,10.648,386,1,36.433701,-119.923332,37.598,10,599,58,3,"e00fce6876826e255108c6bd",2026-09-20 11:40:03.805,2026-09-20 11:40:03.985,2026-09-20 11:40:03.985,2026-09-20
"705","rWqE5kU5OY","MOOSPMv3Parser",1789904400,10,10,0,16,16,0,0,17,17,0,2187,538,0,96,0,11,0,0,16,67,0,2,16,16,65,66,0.919,243,1,36.187481,-119.822006,20.354,9,600,58,3,"e00fce68e739ecbcf9e91965",2026-09-20 11:40:03.927,2026-09-20 11:40:04.101,2026-09-20 11:40:04.101,2026-09-20
"706","czGKgzxlBa","MOOSPMv3Parser",1789904401,6,6,0,9,9,0,0,9,9,0,1153,333,219677,57,0,4,0,0,18,52,0,0,17,19,65,59,12.268,306,3277,1.8e-05,0.002333,20257.880859,9,599,58,3,"e00fce68e28dcbc9a589be10",2026-09-20 11:40:04.268,2026-09-20 11:40:04.508,2026-09-20 11:40:04.508,2026-09-20
"707","s6ZHBnL4Z5","MOOSPMv3Parser",1789904400,4,4,4,6,6,4,4,7,7,4,969,242,312353,39,31,3,31,31,16,54,31,0,19,17,49,58,26.569,213,1,36.13908,-120.368362,163.675003,0,600,58,3,"e00fce6850cac69f647dc199",2026-09-20 11:40:04.367,2026-09-20 11:40:04.569,2026-09-20 11:40:04.569,2026-09-20
"708","5OUgLPVOGl","MOOSPMv3Parser",1789905000,15,15,10,20,20,10,10,21,21,10,2816,791,120374,110,77,5,77,77,16,78,77,0,14,16,85,74,4.595,108,1,36.523365,-119.278801,85.695999,5,600,58,3,"e00fce68f12da1a0c5de6248",2026-09-20 11:50:01.954,2026-09-20 11:50:02.116,2026-09-20 11:50:02.116,2026-09-20
"709","RBs0Z5T68n","MOOSPMv3Parser",1789905001,0,0,2,1,1,2,2,1,1,2,275,180,51125,25,15,2,15,15,18,44,15,0,18,19,51,48,16.551,206,1,36.198898,-120.104446,89.440002,9,600,58,3,"e00fce686dc2ef0a68fa40b0",2026-09-20 11:50:02.511,2026-09-20 11:50:02.733,2026-09-20 11:50:02.733,2026-09-20
"710","CCNgXKyFbi","MOOSPMv3Parser",1789905000,5,5,8,10,10,9,9,11,11,9,546,425,113898,77,66,9,66,66,17,56,66,0,16,17,70,64,10.081,177,1,35.963184,-119.291756,48.598,8,600,58,3,"e00fce68d6b773b56ce8baa0",2026-09-20 11:50:02.725,2026-09-20 11:50:02.915,2026-09-20 11:50:02.915,2026-09-20
"711","OMyzovFUVo","MOOSPMv3Parser",1789905000,11,11,8,16,16,8,8,17,17,8,2646,585,157416,99,63,6,63,63,17,83,63,0,18,18,66,66,15.887,157,1,35.775032,-119.238472,64.936996,9,600,58,3,"e00fce68e88237db75a60608",2026-09-20 11:50:03.196,2026-09-20 11:50:03.37,2026-09-20 11:50:03.37,2026-09-20
"712","pIwiVxvNNp","MOOSPMv3Parser",1789905001,6,6,4,9,9,4,4,9,9,4,2160,375,68010,50,32,3,32,32,17,62,32,0,18,18,59,60,9.454,240,1,36.503242,-120.325378,76.421997,0,600,58,3,"e00fce68e77e43df92405fdb",2026-09-20 11:50:03.377,2026-09-20 11:50:03.586,2026-09-20 11:50:03.586,2026-09-20
"713","5XbMLHBUBd","MOOSPMv3Parser",1789905000,10,10,9,16,16,9,9,19,19,9,1791,553,200818,105,68,15,68,68,0,0,68,0,16,17,68,63,10.053,439,1,36.433651,-119.92334,40.224998,10,599,58,3,"e00fce6876826e255108c6bd",2026-09-20 11:50:03.726,2026-09-20 11:50:03.902,2026-09-20 11:50:03.902,2026-09-20
"714","EPy4Lq3dhZ","MOOSPMv3Parser",1789905000,9,9,6,13,13,6,6,13,13,6,1827,495,255730,77,44,5,44,44,17,66,44,0,18,18,59,59,18.661,151,1,35.94944,-119.04995,114.261002,7,600,58,3,"e00fce6808784ceaf209f949",2026-09-20 11:50:03.855,2026-09-20 11:50:04.007,2026-09-20 11:50:04.007,2026-09-20
"715","2npxwiqwYV","MOOSPMv3Parser",1789905000,10,10,0,16,16,0,0,17,17,0,2206,552,0,99,0,12,0,0,16,67,0,2,16,16,68,67,1.617,233,1,36.187534,-119.822067,40.685001,7,600,58,3,"e00fce68e739ecbcf9e91965",2026-09-20 11:50:03.85,2026-09-20 11:50:04.016,2026-09-20 11:50:04.016,2026-09-20
"716","8wAM4sArHa","MOOSPMv3Parser",1789905001,6,6,0,9,9,0,0,10,10,0,1240,354,219311,60,0,4,0,0,18,50,0,0,17,19,62,57,11.372,297,3277,1.8e-05,0.002333,20257.880859,9,600,58,3,"e00fce68e28dcbc9a589be10",2026-09-20 11:50:04.271,2026-09-20 11:50:04.461,2026-09-20 11:50:04.461,2026-09-20
"717","5NAIjZg0N8","MOOSPMv3Parser",1789905000,4,4,4,7,7,4,4,7,7,4,1026,259,312385,44,32,3,32,32,16,53,32,0,20,17,48,58,23.221,237,1,36.138992,-120.368385,176.257996,6,600,58,3,"e00fce6850cac69f647dc199",2026-09-20 11:50:04.588,2026-09-20 11:50:04.72,2026-09-20 11:50:04.72,2026-09-20
"718","Nk73dZFh4G","MOOSPMv3Parser",1789905600,15,15,10,20,20,10,10,21,21,10,2812,793,120439,112,75,4,75,75,15,79,75,0,14,16,86,75,5.108,102,1,36.523304,-119.278831,76.600998,6,600,58,3,"e00fce68f12da1a0c5de6248",2026-09-20 12:00:01.979,2026-09-20 12:00:02.175,2026-09-20 12:00:02.175,2026-09-20
"719","G32OmVKBUV","MOOSPMv3Parser",1789905600,5,5,9,10,10,9,9,11,11,9,552,429,113954,77,68,8,68,68,17,56,68,0,16,17,71,65,10.206,176,1,35.963272,-119.291824,49.263,6,600,58,3,"e00fce68d6b773b56ce8baa0",2026-09-20 12:00:02.182,2026-09-20 12:00:02.394,2026-09-20 12:00:02.394,2026-09-20
"720","Sn8ePwmGes","MOOSPMv3Parser",1789905601,0,0,2,1,1,2,2,1,1,2,276,175,51137,27,14,2,14,14,18,44,14,0,18,19,51,48,16.995,188,1,36.198822,-120.104454,66.485001,10,600,58,3,"e00fce686dc2ef0a68fa40b0",2026-09-20 12:00:02.829,2026-09-20 12:00:03.242,2026-09-20 12:00:03.242,2026-09-20
"721","wIN79a3gTD","MOOSPMv3Parser",1789905600,11,11,8,17,17,8,8,17,17,8,2611,594,157469,101,61,7,61,61,17,83,61,0,17,18,66,66,15.776,155,1,35.775112,-119.238518,53.118999,8,600,58,3,"e00fce68e88237db75a60608",2026-09-20 12:00:03.072,2026-09-20 12:00:03.425,2026-09-20 12:00:03.425,2026-09-20
"722","S4e315NzGD","MOOSPMv3Parser",1789905601,6,6,4,9,9,4,4,9,9,4,2133,372,68039,50,33,3,33,33,17,62,33,0,18,18,59,60,11.31,230,1,36.50317,-120.325409,57.932999,10,600,58,3,"e00fce68e77e43df92405fdb",2026-09-20 12:00:03.378,2026-09-20 12:00:03.555,2026-09-20 12:00:03.555,2026-09-20
"723","Cmvjy1VMvn","MOOSPMv3Parser",1789905600,4,4,4,6,6,4,4,7,7,4,1007,254,312417,45,33,3,33,33,16,53,33,0,20,17,48,57,20.829,256,1,36.138992,-120.36834,157.783997,6,600,58,3,"e00fce6850cac69f647dc199",2026-09-20 12:00:03.558,2026-09-20 12:00:03.872,2026-09-20 12:00:03.872,2026-09-20
"724","hEp0XjekrF","MOOSPMv3Parser",1789905600,13,13,0,21,21,0,0,22,22,0,2689,686,0,128,0,14,0,0,16,69,0,2,16,16,69,68,0.726,230,1,36.187519,-119.822113,18.164,10,600,58,3,"e00fce68e739ecbcf9e91965",2026-09-20 12:00:03.781,2026-09-20 12:00:03.917,2026-09-20 12:00:03.917,2026-09-20
"725","KEXqCWu6Yq","MOOSPMv3Parser",1789905600,11,11,10,19,19,10,10,21,21,10,2000,621,200884,125,76,15,76,76,0,0,76,0,15,17,70,64,9.605,471,1,36.43362,-119.923355,23.33,9,599,58,3,"e00fce6876826e255108c6bd",2026-09-20 12:00:03.733,2026-09-20 12:00:03.94,2026-09-20 12:00:03.94,2026-09-20
"726","gTreXTPkW6","MOOSPMv3Parser",1789905600,9,9,5,13,13,6,6,14,14,6,1848,499,255762,81,42,6,42,42,17,66,42,0,18,18,61,59,17.423,156,1,35.949596,-119.050011,109.169998,8,600,58,3,"e00fce6808784ceaf209f949",2026-09-20 12:00:03.86,2026-09-20 12:00:04.05,2026-09-20 12:00:04.05,2026-09-20
"727","pDTHce7JCg","MOOSPMv3Parser",1789905601,7,7,0,10,10,0,0,11,11,0,1389,393,219311,66,0,4,0,0,18,47,0,0,17,19,57,54,12.865,295,3277,1.8e-05,0.002333,20257.880859,9,600,58,3,"e00fce68e28dcbc9a589be10",2026-09-20 12:00:04.191,2026-09-20 12:00:04.413,2026-09-20 12:00:04.413,2026-09-20
"728","8fN3Z1EWS8","MOOSPMv3Parser",1789906200,15,15,10,21,21,10,10,22,22,10,2832,788,120506,117,76,5,76,76,15,79,76,0,14,16,85,76,6.676,97,1,36.523571,-119.278778,80.662003,7,600,58,3,"e00fce68f12da1a0c5de6248",2026-09-20 12:10:01.971,2026-09-20 12:10:02.187,2026-09-20 12:10:02.187,2026-09-20
"729","Cze5CpUHD2","MOOSPMv3Parser",1789906200,5,5,9,10,10,9,9,11,11,9,549,425,114012,80,69,9,69,69,17,55,69,0,16,17,71,65,9.773,176,1,35.96315,-119.291908,24.941,3,600,58,3,"e00fce68d6b773b56ce8baa0",2026-09-20 12:10:02.536,2026-09-20 12:10:02.752,2026-09-20 12:10:02.752,2026-09-20
"730","J9ZuqIDm0C","MOOSPMv3Parser",1789906200,11,11,8,16,16,8,8,17,17,8,3115,603,157523,98,61,6,62,62,17,83,62,0,17,17,67,66,14.997,160,1,35.775112,-119.238571,67.733002,7,600,58,3,"e00fce68e88237db75a60608",2026-09-20 12:10:03.142,2026-09-20 12:10:03.296,2026-09-20 12:10:03.296,2026-09-20
"731","1GDVDEtojM","MOOSPMv3Parser",1789906201,0,0,2,1,1,2,2,1,1,2,276,177,51149,26,15,2,15,15,18,44,15,0,18,19,52,48,16.037,233,1,36.198887,-120.104416,86.228996,10,600,58,3,"e00fce686dc2ef0a68fa40b0",2026-09-20 12:10:03.149,2026-09-20 12:10:03.316,2026-09-20 12:10:03.316,2026-09-20
"732","R5NVAsBWsD","MOOSPMv3Parser",1789906201,6,6,4,9,9,4,4,9,9,4,2220,368,68066,52,31,4,31,31,17,60,31,0,18,18,58,59,11.925,224,1,36.50322,-120.325424,60.951,10,600,58,3,"e00fce68e77e43df92405fdb",2026-09-20 12:10:03.399,2026-09-20 12:10:03.583,2026-09-20 12:10:03.583,2026-09-20
"733","i0wfk8A9PE","MOOSPMv3Parser",1789906200,9,9,6,13,13,6,6,13,13,6,1802,484,255798,78,44,5,44,44,17,67,44,0,17,18,64,60,15.152,184,1,35.949612,-119.050003,99.081001,7,600,58,3,"e00fce6808784ceaf209f949",2026-09-20 12:10:03.852,2026-09-20 12:10:03.999,2026-09-20 12:10:03.999,2026-09-20
"734","n27TLTKe9P","MOOSPMv3Parser",1789906200,10,10,8,15,15,8,8,17,17,8,1705,527,200939,97,63,9,63,63,0,0,63,0,15,17,71,66,10.094,464,1,36.433548,-119.923355,20.716,9,599,58,3,"e00fce6876826e255108c6bd",2026-09-20 12:10:03.968,2026-09-20 12:10:04.124,2026-09-20 12:10:04.124,2026-09-20
"735","A85OkrXCpE","MOOSPMv3Parser",1789906200,14,14,0,22,22,0,0,24,24,0,2854,723,0,137,0,14,0,0,16,70,0,2,16,16,69,69,0.238,234,1,36.187645,-119.821884,51.819,8,600,58,3,"e00fce68e739ecbcf9e91965",2026-09-20 12:10:04.047,2026-09-20 12:10:04.209,2026-09-20 12:10:04.209,2026-09-20
"736","BxHPYlycz4","MOOSPMv3Parser",1789906200,4,4,4,6,6,4,4,6,6,4,979,245,312448,38,32,2,33,33,16,52,33,0,20,17,47,56,20.067,267,1,36.139011,-120.36837,178.376007,8,600,58,3,"e00fce6850cac69f647dc199",2026-09-20 12:10:04.035,2026-09-20 12:10:04.236,2026-09-20 12:10:04.236,2026-09-20
"737","hlkyyvAnkf","MOOSPMv3Parser",1789906201,8,8,0,11,11,0,0,12,12,0,1495,423,219311,75,0,5,0,0,18,46,0,0,18,19,56,53,14.502,286,3277,1.8e-05,0.002333,20257.880859,9,600,58,3,"e00fce68e28dcbc9a589be10",2026-09-20 12:10:04.258,2026-09-20 12:10:04.429,2026-09-20 12:10:04.429,2026-09-20
"738","IVVoTuStOv","MOOSPMv3Parser",1789906800,15,15,10,21,21,10,10,22,22,10,2862,803,120574,119,77,7,77,77,15,79,77,0,14,16,86,76,6.102,101,1,36.523361,-119.278877,79.932999,8,600,58,3,"e00fce68f12da1a0c5de6248",2026-09-20 12:20:02.097,2026-09-20 12:20:02.285,2026-09-20 12:20:02.285,2026-09-20
"739","G2r1lcIVs2","MOOSPMv3Parser",1789906800,5,5,8,11,11,9,9,11,11,9,545,424,114067,79,66,9,66,66,17,56,66,0,16,17,71,66,9.87,176,1,35.963093,-119.291885,29.606001,6,600,58,3,"e00fce68d6b773b56ce8baa0",2026-09-20 12:20:02.185,2026-09-20 12:20:02.389,2026-09-20 12:20:02.389,2026-09-20
"740","XsUsAy9vsm","MOOSPMv3Parser",1789906800,12,12,8,16,16,8,8,17,17,8,2934,613,157578,96,63,7,63,63,17,83,63,0,17,17,67,66,14.25,164,1,35.775097,-119.238487,73.414001,9,600,58,3,"e00fce68e88237db75a60608",2026-09-20 12:20:03.146,2026-09-20 12:20:03.354,2026-09-20 12:20:03.354,2026-09-20
"741","HOphVH3UmB","MOOSPMv3Parser",1789906801,6,6,4,9,9,4,4,9,9,4,2418,370,68095,50,34,3,34,34,17,59,34,0,18,18,57,58,12.243,220,1,36.503086,-120.325432,60.355,8,600,58,3,"e00fce68e77e43df92405fdb",2026-09-20 12:20:03.17,2026-09-20 12:20:03.356,2026-09-20 12:20:03.356,2026-09-20
"742","AC4JMVrjnF","MOOSPMv3Parser",1789906801,0,0,2,0,0,2,2,1,1,2,272,174,51161,26,15,2,15,15,18,44,15,0,18,19,52,48,15.545,262,1,36.198814,-120.104416,65.196999,9,600,58,3,"e00fce686dc2ef0a68fa40b0",2026-09-20 12:20:03.476,2026-09-20 12:20:03.653,2026-09-20 12:20:03.653,2026-09-20
"743","7EAHq9Q30M","MOOSPMv3Parser",1789906800,9,9,8,14,14,8,8,15,15,8,1599,493,200990,90,59,9,59,59,0,0,59,0,15,17,74,68,9.294,476,1,36.433651,-119.923355,31.344,9,599,58,3,"e00fce6876826e255108c6bd",2026-09-20 12:20:03.727,2026-09-20 12:20:03.901,2026-09-20 12:20:03.901,2026-09-20
"744","CtkZlWy2Rv","MOOSPMv3Parser",1789906800,9,9,6,14,14,6,6,15,15,6,1829,501,255837,85,46,7,46,46,17,67,46,0,17,18,63,60,14.888,188,1,35.949688,-119.050056,108.467003,6,600,58,3,"e00fce6808784ceaf209f949",2026-09-20 12:20:03.858,2026-09-20 12:20:04.073,2026-09-20 12:20:04.073,2026-09-20
"745","XYagUqrl8B","MOOSPMv3Parser",1789906800,15,15,0,23,23,0,0,25,25,0,3062,785,0,143,0,16,0,0,16,69,0,2,16,16,67,68,0.018,237,1,36.187592,-119.822075,28.733,9,600,58,3,"e00fce68e739ecbcf9e91965",2026-09-20 12:20:03.92,2026-09-20 12:20:04.086,2026-09-20 12:20:04.086,2026-09-20
"746","p7Q3A0u82g","MOOSPMv3Parser",1789906800,4,4,4,6,6,4,4,7,7,4,991,246,312479,39,31,3,31,31,16,49,31,0,20,17,46,54,22.984,235,1,36.139027,-120.368385,170.514008,7,600,58,3,"e00fce6850cac69f647dc199",2026-09-20 12:20:04.111,2026-09-20 12:20:04.337,2026-09-20 12:20:04.337,2026-09-20
"747","V9J491xyCr","MOOSPMv3Parser",1789906801,7,7,0,10,10,0,0,11,11,0,1375,390,219311,65,0,5,0,0,18,47,0,0,17,19,58,54,15.364,273,3277,1.8e-05,0.002333,20257.880859,9,600,58,3,"e00fce68e28dcbc9a589be10",2026-09-20 12:20:04.268,2026-09-20 12:20:04.429,2026-09-20 12:20:04.429,2026-09-20
"748","I2kqHVv6T2","MOOSPMv3Parser",1789907400,18,18,11,25,25,12,12,26,26,12,3351,949,120650,141,87,7,88,88,15,80,88,0,14,16,86,77,6.246,101,1,36.523468,-119.278831,82.817001,7,600,58,3,"e00fce68f12da1a0c5de6248",2026-09-20 12:30:02.02,2026-09-20 12:30:02.209,2026-09-20 12:30:02.209,2026-09-20
"749","Rc4fmSUW1Y","MOOSPMv3Parser",1789907401,0,0,2,1,1,2,2,1,1,2,272,175,51173,26,14,2,14,14,18,44,14,0,18,19,53,48,15.863,206,1,36.198746,-120.104362,71.929001,7,600,58,3,"e00fce686dc2ef0a68fa40b0",2026-09-20 12:30:02.606,2026-09-20 12:30:02.783,2026-09-20 12:30:02.783,2026-09-20
"750","gYODbvB3yk","MOOSPMv3Parser",1789907400,5,5,9,11,11,9,9,12,12,9,554,433,114124,80,67,9,68,68,17,56,68,0,16,17,72,67,10.007,176,1,35.963173,-119.291771,58.376999,6,600,58,3,"e00fce68d6b773b56ce8baa0",2026-09-20 12:30:02.642,2026-09-20 12:30:02.862,2026-09-20 12:30:02.862,2026-09-20
"751","8vyKDoock1","MOOSPMv3Parser",1789907400,11,11,8,16,16,8,8,16,16,8,2419,567,157631,96,62,7,62,62,16,84,62,0,17,17,68,67,14.306,164,1,35.775108,-119.238464,73.469002,9,600,58,3,"e00fce68e88237db75a60608",2026-09-20 12:30:03.142,2026-09-20 12:30:03.347,2026-09-20 12:30:03.347,2026-09-20
"752","Mz0wnmBg44","MOOSPMv3Parser",1789907401,6,6,4,9,9,5,5,10,10,5,2508,386,68125,53,34,3,34,34,17,58,34,0,18,18,56,58,13.04,216,1,36.503185,-120.325417,63.402,9,600,58,3,"e00fce68e77e43df92405fdb",2026-09-20 12:30:03.234,2026-09-20 12:30:03.39,2026-09-20 12:30:03.39,2026-09-20
"753","Hbv9GxeN1p","MOOSPMv3Parser",1789907400,10,10,8,15,15,8,8,16,16,8,1711,528,201043,102,61,9,61,61,1,0,61,0,15,17,72,67,8.76,482,1,36.433681,-119.923393,43.167999,7,599,58,3,"e00fce6876826e255108c6bd",2026-09-20 12:30:03.813,2026-09-20 12:30:03.975,2026-09-20 12:30:03.975,2026-09-20
"754","9iaomKB9mX","MOOSPMv3Parser",1789907400,10,10,6,14,14,7,7,15,15,7,1978,537,255880,91,50,6,50,50,17,69,50,0,17,18,65,62,14.063,183,1,35.949615,-119.04998,106.438004,6,600,58,3,"e00fce6808784ceaf209f949",2026-09-20 12:30:03.841,2026-09-20 12:30:04.02,2026-09-20 12:30:04.02,2026-09-20
"755","8ijJJFUbY3","MOOSPMv3Parser",1789907400,14,14,0,23,23,0,0,24,24,0,2962,758,0,136,0,15,0,0,16,68,0,2,16,17,67,67,0.431,229,1,36.187534,-119.822151,16.791,9,600,58,3,"e00fce68e739ecbcf9e91965",2026-09-20 12:30:03.848,2026-09-20 12:30:04.026,2026-09-20 12:30:04.026,2026-09-20
"756","qHrdawWMgC","MOOSPMv3Parser",1789907401,7,7,0,10,10,0,0,11,11,0,1417,402,219311,65,0,4,0,0,18,47,0,0,17,19,58,54,16.108,267,3277,1.8e-05,0.002333,20257.880859,9,600,58,3,"e00fce68e28dcbc9a589be10",2026-09-20 12:30:04.268,2026-09-20 12:30:04.511,2026-09-20 12:30:04.511,2026-09-20
"757","NVeBNShcwS","MOOSPMv3Parser",1789907400,4,4,4,6,6,4,4,6,6,4,970,244,312510,41,32,3,32,32,17,52,32,0,20,17,47,57,24.019,212,1,36.138931,-120.368385,174.035995,8,600,58,3,"e00fce6850cac69f647dc199",2026-09-20 12:30:04.764,2026-09-20 12:30:04.912,2026-09-20 12:30:04.912,2026-09-20
"758","aCQqjD8WaB","MOOSPMv3Parser",1789908000,5,5,8,10,10,9,9,11,11,9,561,434,114179,78,66,8,66,66,17,56,66,0,16,17,71,67,10,172,1,35.963146,-119.291885,28.018999,5,600,58,3,"e00fce68d6b773b56ce8baa0",2026-09-20 12:40:02.182,2026-09-20 12:40:02.399,2026-09-20 12:40:02.399,2026-09-20
"759","NGIXSzKWwS","MOOSPMv3Parser",1789908000,19,18,12,25,25,12,12,26,26,12,3389,949,120729,137,90,6,91,91,15,80,91,0,15,16,84,77,6.251,128,1,36.523468,-119.278831,82.815002,0,600,58,3,"e00fce68f12da1a0c5de6248",2026-09-20 12:40:02.184,2026-09-20 12:40:02.408,2026-09-20 12:40:02.408,2026-09-20
"760","59jAJ143H1","MOOSPMv3Parser",1789908001,0,0,4,1,1,5,5,2,2,5,285,184,51197,31,29,3,30,30,18,44,30,1,18,19,53,48,15.706,180,1,36.198746,-120.104362,71.926003,0,600,58,3,"e00fce686dc2ef0a68fa40b0",2026-09-20 12:40:02.958,2026-09-20 12:40:03.116,2026-09-20 12:40:03.116,2026-09-20
"761","HNf8rg5ZhZ","MOOSPMv3Parser",1789908000,12,12,8,17,17,8,8,18,18,8,2943,635,157687,105,63,7,64,64,16,86,64,0,17,17,69,68,12.636,168,1,35.774952,-119.238503,81.375999,5,600,58,3,"e00fce68e88237db75a60608",2026-09-20 12:40:03.213,2026-09-20 12:40:03.368,2026-09-20 12:40:03.368,2026-09-20
"762","FkqgUijoNK","MOOSPMv3Parser",1789908001,7,7,4,9,9,4,4,10,10,4,2963,406,68153,49,32,3,32,32,17,56,32,0,18,18,55,57,13.656,212,1,36.503162,-120.325371,54.766998,7,600,58,3,"e00fce68e77e43df92405fdb",2026-09-20 12:40:03.331,2026-09-20 12:40:03.538,2026-09-20 12:40:03.538,2026-09-20
"763","vnyqCB3EOh","MOOSPMv3Parser",1789908000,4,4,4,6,6,4,4,7,7,4,1000,247,312541,42,31,3,31,31,16,52,31,0,20,17,47,56,22.371,224,1,36.139,-120.368355,183.451996,8,600,58,3,"e00fce6850cac69f647dc199",2026-09-20 12:40:03.636,2026-09-20 12:40:03.807,2026-09-20 12:40:03.807,2026-09-20
"764","HBD1MqFA4d","MOOSPMv3Parser",1789908000,12,12,0,20,20,0,0,21,21,0,2641,668,0,121,0,13,0,0,16,67,0,2,16,17,67,66,1.337,221,1,36.187458,-119.822098,10.701,7,600,58,3,"e00fce68e739ecbcf9e91965",2026-09-20 12:40:03.85,2026-09-20 12:40:04.033,2026-09-20 12:40:04.033,2026-09-20
"765","zlSDtGrbhf","MOOSPMv3Parser",1789908000,11,11,7,17,17,8,9,18,18,9,2247,613,255929,104,57,7,58,58,17,70,58,0,17,18,64,62,10.951,212,1,35.949669,-119.049904,114.174004,7,600,58,3,"e00fce6808784ceaf209f949",2026-09-20 12:40:03.845,2026-09-20 12:40:04.044,2026-09-20 12:40:04.044,2026-09-20
"766","ImJKgZEaUW","MOOSPMv3Parser",1789908001,8,8,0,11,11,0,0,11,11,0,1438,409,219311,64,0,4,0,0,18,47,0,0,17,19,58,55,16.295,258,3277,1.8e-05,0.002333,20257.880859,9,600,58,3,"e00fce68e28dcbc9a589be10",2026-09-20 12:40:04.272,2026-09-20 12:40:04.443,2026-09-20 12:40:04.443,2026-09-20
"767","dNVd9f818W","MOOSPMv3Parser",1789908001,9,9,7,14,14,8,8,15,15,8,1593,489,200758,93,58,7,58,58,0,0,58,0,15,16,68,65,9.354,473,1,36.433556,-119.923355,19.209999,6,600,58,3,"e00fce6876826e255108c6bd",2026-09-20 12:40:04.447,2026-09-20 12:40:04.629,2026-09-20 12:40:04.629,2026-09-20
"768","qQc7aFLP1k","MOOSPMv3Parser",1789908600,18,18,12,24,24,12,12,25,25,12,3262,911,120807,132,91,6,91,91,15,80,91,0,15,16,83,76,6.519,157,1,36.523365,-119.278824,82.955002,6,600,58,3,"e00fce68f12da1a0c5de6248",2026-09-20 12:50:01.954,2026-09-20 12:50:02.206,2026-09-20 12:50:02.206,2026-09-20
"769","6JQUqBZn6C","MOOSPMv3Parser",1789908601,0,0,3,2,2,3,3,2,2,3,294,190,51213,31,19,3,20,20,18,45,20,1,18,19,54,50,15.442,227,1,36.198734,-120.104477,61.021,7,600,58,3,"e00fce686dc2ef0a68fa40b0",2026-09-20 12:50:02.277,2026-09-20 12:50:02.409,2026-09-20 12:50:02.409,2026-09-20
"770","Mk2SeKd3tW","MOOSPMv3Parser",1789908600,5,5,9,11,11,9,9,12,12,9,557,433,114236,81,69,9,69,69,17,56,69,0,16,17,72,67,10.11,171,1,35.963142,-119.291786,54.362,8,600,58,3,"e00fce68d6b773b56ce8baa0",2026-09-20 12:50:02.613,2026-09-20 12:50:02.9,2026-09-20 12:50:02.9,2026-09-20
"771","ikJjZMZaBX","MOOSPMv3Parser",1789908601,8,8,4,10,10,4,4,11,11,4,3709,467,68181,49,33,4,33,33,17,59,33,0,18,18,58,59,13.483,208,1,36.503166,-120.325424,62.457001,7,600,58,3,"e00fce68e77e43df92405fdb",2026-09-20 12:50:03.259,2026-09-20 12:50:03.473,2026-09-20 12:50:03.473,2026-09-20
"772","4PT7mrGPDQ","MOOSPMv3Parser",1789908600,13,13,8,19,19,8,8,20,20,8,3583,717,157742,105,63,8,63,63,16,86,63,0,17,17,69,69,11.52,172,1,35.774952,-119.238503,81.372002,0,600,58,3,"e00fce68e88237db75a60608",2026-09-20 12:50:03.307,2026-09-20 12:50:03.508,2026-09-20 12:50:03.508,2026-09-20
"773","fbVK4kiqFG","MOOSPMv3Parser",1789908600,12,12,7,17,17,8,9,18,18,9,2296,621,255977,103,56,7,56,57,17,72,57,1,18,18,63,63,12.671,193,1,35.949669,-119.049904,114.169998,0,600,58,3,"e00fce6808784ceaf209f949",2026-09-20 12:50:03.859,2026-09-20 12:50:04.027,2026-09-20 12:50:04.027,2026-09-20
"774","LBA8aE44et","MOOSPMv3Parser",1789908600,8,8,6,13,13,7,7,14,14,7,1450,449,201138,82,51,9,51,51,0,0,51,0,15,17,66,63,9.97,438,1,36.433556,-119.923355,19.212999,0,599,58,3,"e00fce6876826e255108c6bd",2026-09-20 12:50:03.949,2026-09-20 12:50:04.179,2026-09-20 12:50:04.179,2026-09-20
"775","PNZH9sdXXq","MOOSPMv3Parser",1789908600,11,11,0,18,18,0,0,19,19,0,2388,597,0,104,0,13,0,0,16,66,0,2,16,17,67,65,1.732,217,1,36.187565,-119.822136,24.722,10,600,58,3,"e00fce68e739ecbcf9e91965",2026-09-20 12:50:04.046,2026-09-20 12:50:04.224,2026-09-20 12:50:04.224,2026-09-20
"776","RIzlSgUP88","MOOSPMv3Parser",1789908600,5,5,6,7,7,7,8,8,8,9,1068,269,312578,48,43,4,44,45,16,52,45,1,20,17,48,56,23.498,221,1,36.139008,-120.368378,179.692001,6,600,58,3,"e00fce6850cac69f647dc199",2026-09-20 12:50:04.208,2026-09-20 12:50:04.414,2026-09-20 12:50:04.414,2026-09-20
"777","D0HA9cPI5x","MOOSPMv3Parser",1789908601,7,7,0,11,11,0,0,11,11,0,1417,401,219311,69,0,4,0,0,18,48,0,0,17,19,58,55,15.392,261,3277,1.8e-05,0.002333,20257.880859,9,600,58,3,"e00fce68e28dcbc9a589be10",2026-09-20 12:50:04.268,2026-09-20 12:50:04.481,2026-09-20 12:50:04.481,2026-09-20
"778","bNweDMrSXU","MOOSPMv3Parser",1789909201,0,0,3,1,1,3,3,1,1,3,286,187,51229,28,20,3,20,20,18,45,20,0,18,19,53,49,16.238,207,1,36.198845,-120.104469,61.355,7,600,58,3,"e00fce686dc2ef0a68fa40b0",2026-09-20 13:00:02.275,2026-09-20 13:00:02.46,2026-09-20 13:00:02.46,2026-09-20
"779","GFEdJqjDcp","MOOSPMv3Parser",1789909200,5,5,9,13,13,10,10,14,14,10,585,459,114297,88,72,10,72,72,17,56,72,0,17,17,70,66,9.362,170,1,35.963139,-119.291748,41.099998,8,600,58,3,"e00fce68d6b773b56ce8baa0",2026-09-20 13:00:02.252,2026-09-20 13:00:02.502,2026-09-20 13:00:02.502,2026-09-20
"780","UvctsZQUAZ","MOOSPMv3Parser",1789909200,17,17,11,23,23,11,11,24,24,11,3151,888,120882,129,85,6,86,86,15,78,86,0,14,16,82,74,6.085,161,1,36.523411,-119.279037,69.981003,6,600,58,3,"e00fce68f12da1a0c5de6248",2026-09-20 13:00:02.256,2026-09-20 13:00:02.541,2026-09-20 13:00:02.541,2026-09-20
"781","tFW6gCRNqW","MOOSPMv3Parser",1789909200,16,16,8,23,23,9,9,23,23,9,5184,897,157799,111,65,12,65,65,16,87,65,0,17,17,69,69,9.803,176,1,35.775032,-119.238464,57.771999,8,600,58,3,"e00fce68e88237db75a60608",2026-09-20 13:00:03.223,2026-09-20 13:00:03.439,2026-09-20 13:00:03.439,2026-09-20
"782","FKdpdVk58P","MOOSPMv3Parser",1789909201,9,9,4,11,11,4,4,12,12,4,4469,543,68210,48,33,2,33,33,17,59,33,0,18,18,59,59,12.48,205,1,36.503174,-120.325455,59.716,7,600,58,3,"e00fce68e77e43df92405fdb",2026-09-20 13:00:03.318,2026-09-20 13:00:03.845,2026-09-20 13:00:03.845,2026-09-20
"783","AhFT11mktE","MOOSPMv3Parser",1789909200,8,8,7,12,12,7,7,14,14,7,1439,445,201184,82,52,8,53,53,0,0,53,0,15,16,64,62,10.233,407,1,36.433674,-119.923363,32.070999,7,599,58,3,"e00fce6876826e255108c6bd",2026-09-20 13:00:03.885,2026-09-20 13:00:04.043,2026-09-20 13:00:04.043,2026-09-20
"784","mNwsSYAOxZ","MOOSPMv3Parser",1789909200,12,12,7,17,17,8,9,18,18,9,2288,623,256025,104,55,7,56,56,16,73,56,1,17,18,65,64,11.449,189,1,35.949558,-119.049995,105.459,7,600,58,3,"e00fce6808784ceaf209f949",2026-09-20 13:00:03.858,2026-09-20 13:00:04.066,2026-09-20 13:00:04.066,2026-09-20
"785","e43UaAG0ZU","MOOSPMv3Parser",1789909200,10,10,0,16,16,0,0,17,17,0,2255,562,0,101,0,11,0,0,16,66,0,2,16,17,67,65,2.711,209,1,36.187565,-119.822136,24.725,0,600,58,3,"e00fce68e739ecbcf9e91965",2026-09-20 13:00:03.928,2026-09-20 13:00:04.085,2026-09-20 13:00:04.085,2026-09-20
"786","o8JuSWN0uf","MOOSPMv3Parser",1789909200,4,4,4,6,6,5,5,7,7,5,1006,251,312610,48,34,2,34,34,16,53,34,0,20,17,48,57,20.702,242,1,36.138901,-120.368347,187.917999,7,600,58,3,"e00fce6850cac69f647dc199",2026-09-20 13:00:04.21,2026-09-20 13:00:04.404,2026-09-20 13:00:04.404,2026-09-20
"787","KBOITDEw4U","MOOSPMv3Parser",1789909201,8,8,0,11,11,0,0,11,11,0,1440,409,219311,69,0,4,0,0,18,48,0,0,17,18,58,56,14.431,272,3277,1.8e-05,0.002333,20257.880859,9,600,58,3,"e00fce68e28dcbc9a589be10",2026-09-20 13:00:04.338,2026-09-20 13:00:04.511,2026-09-20 13:00:04.511,2026-09-20
"788","W7XRq6ogGZ","MOOSPMv3Parser",1789909800,16,16,11,22,22,11,11,23,23,11,3074,858,120954,125,83,6,83,83,15,80,84,0,14,16,87,76,4.83,122,1,36.523273,-119.2789,103.273003,6,600,58,3,"e00fce68f12da1a0c5de6248",2026-09-20 13:10:02.022,2026-09-20 13:10:02.244,2026-09-20 13:10:02.244,2026-09-20
"789","sLXndaa7v0","MOOSPMv3Parser",1789909800,5,5,9,11,11,9,9,13,13,9,581,456,114355,83,70,9,70,70,17,56,70,0,16,17,71,66,6.592,181,1,35.963142,-119.291779,53.637001,9,600,58,3,"e00fce68d6b773b56ce8baa0",2026-09-20 13:10:02.571,2026-09-20 13:10:02.728,2026-09-20 13:10:02.728,2026-09-20
"790","lQIdfddCOz","MOOSPMv3Parser",1789909801,0,0,2,1,1,3,3,1,1,3,280,177,51245,28,19,3,19,20,18,44,20,1,18,19,52,48,18.295,157,1,36.198521,-120.10434,60.965,7,600,58,3,"e00fce686dc2ef0a68fa40b0",2026-09-20 13:10:02.55,2026-09-20 13:10:02.775,2026-09-20 13:10:02.775,2026-09-20
"791","G10mh78NYG","MOOSPMv3Parser",1789909800,16,15,9,21,21,9,9,22,22,9,4412,838,157858,113,67,8,67,67,16,87,67,0,17,17,68,70,8.423,183,1,35.774998,-119.238533,83.379997,7,600,58,3,"e00fce68e88237db75a60608",2026-09-20 13:10:03.223,2026-09-20 13:10:03.413,2026-09-20 13:10:03.413,2026-09-20
"792","cNFRbqKuhb","MOOSPMv3Parser",1789909801,7,7,4,10,10,4,4,10,10,4,3207,425,68239,51,33,3,33,33,17,60,33,0,18,18,59,59,12.649,204,1,36.503193,-120.325371,52.863998,9,600,58,3,"e00fce68e77e43df92405fdb",2026-09-20 13:10:03.315,2026-09-20 13:10:03.543,2026-09-20 13:10:03.543,2026-09-20
"793","OIwfk7KGR7","MOOSPMv3Parser",1789909800,11,11,7,16,16,7,7,18,18,7,2258,609,256072,99,52,7,52,52,16,73,52,0,17,17,64,64,12.45,181,1,35.949852,-119.050026,137.643005,7,600,58,3,"e00fce6808784ceaf209f949",2026-09-20 13:10:03.795,2026-09-20 13:10:03.979,2026-09-20 13:10:03.979,2026-09-20
"794","WnWNUd7DLL","MOOSPMv3Parser",1789909800,7,7,6,11,11,7,7,13,13,7,1324,408,200892,74,51,7,51,51,0,0,51,0,15,16,64,62,10.579,371,1,36.43359,-119.923347,19.184999,7,600,58,3,"e00fce6876826e255108c6bd",2026-09-20 13:10:03.959,2026-09-20 13:10:04.143,2026-09-20 13:10:04.143,2026-09-20
"795","R7OoIkh0L6","MOOSPMv3Parser",1789909800,10,10,0,15,15,0,0,17,17,0,2173,540,0,98,0,9,0,0,16,65,0,2,16,17,64,63,2.817,206,1,36.187515,-119.822067,24.816,10,600,58,3,"e00fce68e739ecbcf9e91965",2026-09-20 13:10:04.008,2026-09-20 13:10:04.228,2026-09-20 13:10:04.228,2026-09-20
"796","6CPju7Fxqa","MOOSPMv3Parser",1789909801,7,7,0,10,10,0,0,11,11,0,1366,389,219311,65,0,4,0,0,18,50,0,0,17,18,59,57,13.786,284,3277,1.8e-05,0.002333,20257.880859,9,600,58,3,"e00fce68e28dcbc9a589be10",2026-09-20 13:10:04.267,2026-09-20 13:10:04.439,2026-09-20 13:10:04.439,2026-09-20
"797","jVz1KeuVVg","MOOSPMv3Parser",1789909800,4,4,4,6,6,5,5,6,6,5,1003,251,312642,44,34,2,34,34,16,54,34,0,20,17,48,57,18.242,252,1,36.138866,-120.368416,192.945999,7,600,58,3,"e00fce6850cac69f647dc199",2026-09-20 13:10:04.619,2026-09-20 13:10:04.855,2026-09-20 13:10:04.855,2026-09-20
"798","grw9bYJn0a","MOOSPMv3Parser",1789910400,17,17,11,23,23,11,11,25,25,11,3122,872,121026,130,83,6,83,83,15,80,83,0,13,16,87,76,4.924,111,1,36.523319,-119.278831,83.417,5,600,58,3,"e00fce68f12da1a0c5de6248",2026-09-20 13:20:02.104,2026-09-20 13:20:02.347,2026-09-20 13:20:02.347,2026-09-20
"799","kRpfjjs399","MOOSPMv3Parser",1789910400,5,5,9,13,13,10,10,15,15,10,591,467,114417,87,73,11,73,73,17,57,73,0,16,17,72,69,7.184,182,1,35.963196,-119.291847,43.756001,10,600,58,3,"e00fce68d6b773b56ce8baa0",2026-09-20 13:20:02.293,2026-09-20 13:20:02.463,2026-09-20 13:20:02.463,2026-09-20
"800","OQNvrDAFfn","MOOSPMv3Parser",1789910401,0,0,2,1,1,2,2,1,1,2,273,174,51258,27,15,2,16,16,18,44,16,0,18,19,51,48,17.63,167,2,36.198788,-120.104431,69.379997,7,600,58,3,"e00fce686dc2ef0a68fa40b0",2026-09-20 13:20:02.76,2026-09-20 13:20:02.955,2026-09-20 13:20:02.955,2026-09-20
"801","LA2jHgOyBU","MOOSPMv3Parser",1789910400,20,19,9,27,26,10,10,28,28,10,6360,1087,157919,123,71,13,71,71,16,87,71,0,17,17,69,70,8.11,185,1,35.774929,-119.238586,67.362,7,600,58,3,"e00fce68e88237db75a60608",2026-09-20 13:20:03.152,2026-09-20 13:20:03.313,2026-09-20 13:20:03.313,2026-09-20
"802","MBSxjDU2eY","MOOSPMv3Parser",1789910401,7,7,4,10,10,4,4,10,10,4,2963,411,68267,52,33,3,33,33,17,59,33,0,18,18,59,59,13.461,196,1,36.503078,-120.325378,40.018002,9,600,58,3,"e00fce68e77e43df92405fdb",2026-09-20 13:20:03.412,2026-09-20 13:20:03.619,2026-09-20 13:20:03.619,2026-09-20
"803","Xe5CrbhHQD","MOOSPMv3Parser",1789910400,4,4,4,6,6,5,5,7,7,5,1028,259,312674,47,34,3,34,34,16,53,34,0,20,17,48,57,17.391,254,1,36.138771,-120.36834,220.692993,6,600,58,3,"e00fce6850cac69f647dc199",2026-09-20 13:20:03.55,2026-09-20 13:20:03.7,2026-09-20 13:20:03.7,2026-09-20
"804","nEXom2Nl6j","MOOSPMv3Parser",1789910400,12,12,7,17,17,8,8,18,18,8,2263,620,256120,102,56,6,56,56,16,75,56,0,17,17,65,65,11.671,180,1,35.949532,-119.049995,96.334999,7,600,58,3,"e00fce6808784ceaf209f949",2026-09-20 13:20:03.786,2026-09-20 13:20:04.076,2026-09-20 13:20:04.076,2026-09-20
"805","eaRSMbdl9v","MOOSPMv3Parser",1789910400,8,8,6,12,12,7,7,13,13,7,1384,425,201271,79,50,9,51,51,0,0,51,0,15,16,64,61,10.455,334,1,36.433632,-119.923401,25.549,6,599,58,3,"e00fce6876826e255108c6bd",2026-09-20 13:20:03.88,2026-09-20 13:20:04.113,2026-09-20 13:20:04.113,2026-09-20
"806","YoqAqcWvbq","MOOSPMv3Parser",1789910400,9,9,0,14,14,0,0,15,15,0,1961,483,0,85,0,10,0,0,16,64,0,2,16,16,64,63,3.913,199,1,36.187386,-119.822014,11.085,9,600,58,3,"e00fce68e739ecbcf9e91965",2026-09-20 13:20:04.047,2026-09-20 13:20:04.242,2026-09-20 13:20:04.242,2026-09-20
"807","uYztPya523","MOOSPMv3Parser",1789910401,7,7,0,10,10,0,0,10,10,0,1335,376,219311,61,0,4,0,0,18,50,0,0,18,18,59,57,13.595,286,3277,1.8e-05,0.002333,20257.880859,9,600,58,3,"e00fce68e28dcbc9a589be10",2026-09-20 13:20:04.261,2026-09-20 13:20:04.425,2026-09-20 13:20:04.425,2026-09-20
"808","GhyXEb3E1b","MOOSPMv3Parser",1789911000,17,17,11,23,23,11,11,25,25,11,3133,880,121101,132,86,6,86,86,15,80,86,0,14,16,86,76,5.496,97,1,36.523323,-119.278831,93.772003,5,600,58,3,"e00fce68f12da1a0c5de6248",2026-09-20 13:30:02.022,2026-09-20 13:30:02.233,2026-09-20 13:30:02.233,2026-09-20
"809","NjpyeZny5a","MOOSPMv3Parser",1789911000,6,6,10,15,15,11,11,18,18,11,626,493,114483,94,79,11,80,80,17,58,80,0,16,17,74,69,7.272,179,1,35.963158,-119.291779,48.063999,6,600,58,3,"e00fce68d6b773b56ce8baa0",2026-09-20 13:30:02.53,2026-09-20 13:30:02.72,2026-09-20 13:30:02.72,2026-09-20
"810","BV42vCCRlZ","MOOSPMv3Parser",1789911001,0,0,2,1,1,2,2,1,1,2,267,170,51272,25,16,2,16,16,18,44,16,0,18,19,51,48,18.296,152,2,36.198811,-120.104408,86.838997,8,600,58,3,"e00fce686dc2ef0a68fa40b0",2026-09-20 13:30:03.153,2026-09-20 13:30:03.304,2026-09-20 13:30:03.304,2026-09-20
"811","LEPGYEabqF","MOOSPMv3Parser",1789911000,19,18,9,25,25,10,10,26,26,10,6041,1044,157982,116,71,10,72,72,16,88,72,0,17,17,70,70,7.948,183,1,35.775009,-119.238464,82.160004,7,600,58,3,"e00fce68e88237db75a60608",2026-09-20 13:30:03.222,2026-09-20 13:30:03.424,2026-09-20 13:30:03.424,2026-09-20
"812","HBEO6yXZG3","MOOSPMv3Parser",1789911001,7,7,4,10,10,4,4,11,11,4,2706,407,68295,55,31,5,32,32,17,59,32,0,17,18,58,59,14.341,191,1,36.503059,-120.325417,78.794998,7,600,58,3,"e00fce68e77e43df92405fdb",2026-09-20 13:30:03.353,2026-09-20 13:30:03.511,2026-09-20 13:30:03.511,2026-09-20
"813","WwDMFfo0eH","MOOSPMv3Parser",1789911000,11,11,7,17,17,7,7,17,17,7,2215,599,256165,99,51,8,52,52,16,74,52,0,17,17,64,64,13.297,177,1,35.949429,-119.050003,96.790001,6,600,58,3,"e00fce6808784ceaf209f949",2026-09-20 13:30:03.859,2026-09-20 13:30:04.026,2026-09-20 13:30:04.026,2026-09-20
"814","NbQMqdEwtK","MOOSPMv3Parser",1789911000,8,8,0,13,13,0,0,14,14,0,1900,456,0,78,0,9,0,0,16,62,0,2,16,16,62,61,4.647,196,1,36.187469,-119.821983,27.506001,9,600,58,3,"e00fce68e739ecbcf9e91965",2026-09-20 13:30:03.885,2026-09-20 13:30:04.062,2026-09-20 13:30:04.062,2026-09-20
"815","mwnk2MARE4","MOOSPMv3Parser",1789911000,4,4,4,6,6,4,4,7,7,4,1018,257,312706,43,33,2,33,33,16,57,33,0,20,17,51,60,17.362,247,1,36.138771,-120.36834,220.688004,0,600,58,3,"e00fce6850cac69f647dc199",2026-09-20 13:30:03.967,2026-09-20 13:30:04.128,2026-09-20 13:30:04.128,2026-09-20
"816","wmV9ZrnlVe","MOOSPMv3Parser",1789911000,7,7,7,12,12,7,7,13,13,7,1368,422,200982,75,53,9,54,54,1,0,54,0,15,16,64,61,9.793,441,1,36.433529,-119.92337,18.295,8,600,58,3,"e00fce6876826e255108c6bd",2026-09-20 13:30:04.046,2026-09-20 13:30:04.235,2026-09-20 13:30:04.235,2026-09-20
"817","K06iWAEWqo","MOOSPMv3Parser",1789911001,6,6,0,8,8,0,0,9,9,0,1184,337,219311,56,0,3,0,0,18,51,0,0,18,19,60,58,15.396,272,3277,1.8e-05,0.002333,20257.880859,9,600,58,3,"e00fce68e28dcbc9a589be10",2026-09-20 13:30:04.287,2026-09-20 13:30:04.484,2026-09-20 13:30:04.484,2026-09-20
"818","Ztt6vneRZa","MOOSPMv3Parser",1789911600,17,17,11,24,24,11,11,25,25,11,3223,905,121175,136,85,6,85,85,15,81,85,0,14,16,87,78,5.271,92,1,36.523331,-119.278839,78.879997,5,600,58,3,"e00fce68f12da1a0c5de6248",2026-09-20 13:40:01.943,2026-09-20 13:40:02.124,2026-09-20 13:40:02.124,2026-09-20
"819","JoC7B2LKrX","MOOSPMv3Parser",1789911601,0,0,2,1,1,2,2,1,1,2,280,181,51285,27,15,3,15,15,18,44,15,0,19,19,50,48,19.25,142,2,36.19878,-120.104462,80.311996,7,600,58,3,"e00fce686dc2ef0a68fa40b0",2026-09-20 13:40:02.202,2026-09-20 13:40:02.376,2026-09-20 13:40:02.376,2026-09-20
"820","pICyLixB3V","MOOSPMv3Parser",1789911600,7,7,10,16,16,11,11,18,18,11,640,508,114550,96,80,10,80,80,17,58,80,0,16,17,76,69,5.823,184,1,35.963108,-119.29174,72.257004,6,600,58,3,"e00fce68d6b773b56ce8baa0",2026-09-20 13:40:02.359,2026-09-20 13:40:02.556,2026-09-20 13:40:02.556,2026-09-20
"821","cuknZodbSK","MOOSPMv3Parser",1789911600,17,17,10,24,24,10,10,24,24,10,4790,919,158048,125,76,10,76,76,16,88,76,0,17,17,69,69,7.022,180,1,35.77507,-119.238541,55.695999,8,600,58,3,"e00fce68e88237db75a60608",2026-09-20 13:40:03.253,2026-09-20 13:40:03.453,2026-09-20 13:40:03.453,2026-09-20
"822","b4KdKhBsno","MOOSPMv3Parser",1789911601,7,7,4,9,9,4,4,10,10,4,2472,393,68323,54,32,3,32,32,17,58,32,0,18,18,57,58,15.273,185,1,36.503059,-120.325417,78.797997,0,600,58,3,"e00fce68e77e43df92405fdb",2026-09-20 13:40:03.262,2026-09-20 13:40:03.487,2026-09-20 13:40:03.487,2026-09-20
"823","T4r0izqcwN","MOOSPMv3Parser",1789911600,7,7,7,11,11,7,8,14,14,8,1249,387,201026,73,51,13,51,51,0,0,52,1,15,16,64,60,9.95,428,1,36.433533,-119.923393,28.379,5,600,58,3,"e00fce6876826e255108c6bd",2026-09-20 13:40:03.806,2026-09-20 13:40:03.969,2026-09-20 13:40:03.969,2026-09-20
"824","2XS7YrD7YI","MOOSPMv3Parser",1789911600,7,7,0,11,11,0,0,12,12,0,1649,393,0,67,0,7,0,0,16,60,0,2,16,16,60,60,7.129,180,1,36.187443,-119.822128,17.671,7,600,58,3,"e00fce68e739ecbcf9e91965",2026-09-20 13:40:03.888,2026-09-20 13:40:04.043,2026-09-20 13:40:04.043,2026-09-20
"825","6ElTme9Dxq","MOOSPMv3Parser",1789911600,11,11,7,16,16,7,7,17,17,7,2147,586,256212,96,52,7,52,52,16,74,52,0,17,17,64,64,13.27,168,1,35.949471,-119.049965,109.903,8,600,58,3,"e00fce6808784ceaf209f949",2026-09-20 13:40:03.921,2026-09-20 13:40:04.108,2026-09-20 13:40:04.108,2026-09-20
"826","39Uo0w6Zos","MOOSPMv3Parser",1789911600,4,4,4,6,6,5,5,7,7,5,1023,253,312738,43,34,3,34,34,16,56,34,0,20,17,50,59,18.325,233,1,36.139057,-120.368263,160.819,10,600,58,3,"e00fce6850cac69f647dc199",2026-09-20 13:40:04.191,2026-09-20 13:40:04.386,2026-09-20 13:40:04.386,2026-09-20
"827","Nu1OStNKaD","MOOSPMv3Parser",1789911601,6,6,0,9,9,0,0,10,10,0,1242,355,219311,63,0,4,0,0,18,51,0,0,17,19,61,58,11.574,287,3277,1.8e-05,0.002333,20257.880859,9,600,58,3,"e00fce68e28dcbc9a589be10",2026-09-20 13:40:04.332,2026-09-20 13:40:04.544,2026-09-20 13:40:04.544,2026-09-20
"828","ULqftFYBUz","MOOSPMv3Parser",1789912200,18,18,11,24,24,12,12,25,25,12,3278,921,121252,136,88,6,89,89,15,81,89,0,14,16,86,77,5.251,93,1,36.523323,-119.27887,77.730003,5,600,58,3,"e00fce68f12da1a0c5de6248",2026-09-20 13:50:01.944,2026-09-20 13:50:02.086,2026-09-20 13:50:02.086,2026-09-20
"829","QoRPMwKe4Y","MOOSPMv3Parser",1789912200,6,6,10,15,15,11,11,17,17,11,621,492,114616,90,80,10,80,80,16,58,80,0,16,17,76,70,4.842,188,1,35.963135,-119.291809,43.179001,7,600,58,3,"e00fce68d6b773b56ce8baa0",2026-09-20 13:50:02.537,2026-09-20 13:50:02.728,2026-09-20 13:50:02.728,2026-09-20
"830","YsfO4l5D7l","MOOSPMv3Parser",1789912201,0,0,2,1,1,2,2,1,1,2,277,178,51297,27,15,2,15,15,18,43,15,0,18,20,50,47,18.957,154,2,36.198761,-120.104477,72.427002,9,600,58,3,"e00fce686dc2ef0a68fa40b0",2026-09-20 13:50:02.54,2026-09-20 13:50:02.81,2026-09-20 13:50:02.81,2026-09-20
"831","WzrSzqAcjw","MOOSPMv3Parser",1789912200,15,15,10,22,22,10,10,22,22,10,3922,807,158115,122,77,9,78,78,16,87,78,0,17,17,68,69,8.175,168,1,35.775135,-119.238586,66.527,8,600,58,3,"e00fce68e88237db75a60608",2026-09-20 13:50:03.143,2026-09-20 13:50:03.285,2026-09-20 13:50:03.285,2026-09-20
"832","smFBSYsSqb","MOOSPMv3Parser",1789912201,7,7,4,9,9,5,5,10,10,5,2411,391,68353,52,35,3,35,35,17,58,35,0,18,18,56,58,16.827,176,1,36.50317,-120.325417,59.362999,7,600,58,3,"e00fce68e77e43df92405fdb",2026-09-20 13:50:03.305,2026-09-20 13:50:03.477,2026-09-20 13:50:03.477,2026-09-20
"833","lNujhiDXMG","MOOSPMv3Parser",1789912200,7,7,0,10,10,0,0,11,11,0,1615,388,0,64,0,6,0,0,16,59,0,2,16,16,59,60,8.511,171,1,36.187454,-119.822075,23.544001,8,600,58,3,"e00fce68e739ecbcf9e91965",2026-09-20 13:50:03.888,2026-09-20 13:50:04.047,2026-09-20 13:50:04.047,2026-09-20
"834","VEr3wqImmH","MOOSPMv3Parser",1789912200,10,10,6,15,15,6,6,16,16,6,2064,564,256252,93,47,6,47,47,16,72,47,0,17,17,63,63,13.706,165,1,35.94952,-119.049965,113.372002,7,600,58,3,"e00fce6808784ceaf209f949",2026-09-20 13:50:03.927,2026-09-20 13:50:04.059,2026-09-20 13:50:04.059,2026-09-20
"835","TuqGqo6FKx","MOOSPMv3Parser",1789912200,6,6,6,11,11,7,8,13,13,8,1207,371,201067,70,49,10,50,50,0,0,50,1,15,16,66,62,10.111,405,1,36.433617,-119.923378,36.605,7,600,58,3,"e00fce6876826e255108c6bd",2026-09-20 13:50:03.897,2026-09-20 13:50:04.067,2026-09-20 13:50:04.067,2026-09-20
"836","aFAh56Cjiz","MOOSPMv3Parser",1789912201,6,6,0,9,9,0,0,9,9,0,1246,353,219311,58,0,4,0,0,18,52,0,0,17,18,61,58,12.458,301,3277,1.8e-05,0.002333,20257.880859,9,600,58,3,"e00fce68e28dcbc9a589be10",2026-09-20 13:50:04.268,2026-09-20 13:50:04.426,2026-09-20 13:50:04.426,2026-09-20
"837","B4LdRy7M5O","MOOSPMv3Parser",1789912200,4,4,4,6,6,4,4,7,7,4,1012,256,312769,44,33,3,34,34,16,55,34,0,19,17,49,58,19.171,224,1,36.139069,-120.368462,151.169006,5,600,58,3,"e00fce6850cac69f647dc199",2026-09-20 13:50:04.496,2026-09-20 13:50:04.693,2026-09-20 13:50:04.693,2026-09-20
"838","BhvufXBemR","MOOSPMv3Parser",1789912800,18,18,11,24,24,12,12,25,25,12,3310,924,121329,133,88,6,88,88,15,82,88,0,14,16,87,79,5.386,105,1,36.523323,-119.27887,77.728996,0,600,58,3,"e00fce68f12da1a0c5de6248",2026-09-20 14:00:02.093,2026-09-20 14:00:02.271,2026-09-20 14:00:02.271,2026-09-20
"839","kHVT5dsuRV","MOOSPMv3Parser",1789912801,0,0,2,1,1,2,2,1,1,2,274,178,51308,25,13,2,13,13,18,43,13,0,19,20,49,46,20.298,117,2,36.198822,-120.104614,60.349998,6,600,58,3,"e00fce686dc2ef0a68fa40b0",2026-09-20 14:00:02.288,2026-09-20 14:00:02.493,2026-09-20 14:00:02.493,2026-09-20
"840","38EVZNPISZ","MOOSPMv3Parser",1789912800,6,6,10,15,15,11,11,17,17,11,627,494,114685,94,82,11,82,82,16,58,82,0,16,17,75,69,4.15,189,1,35.963135,-119.291809,43.185001,0,600,58,3,"e00fce68d6b773b56ce8baa0",2026-09-20 14:00:02.42,2026-09-20 14:00:02.776,2026-09-20 14:00:02.776,2026-09-20
"841","PBIYIm2dLt","MOOSPMv3Parser",1789912800,16,16,10,23,23,11,11,24,24,11,4279,845,158184,131,79,14,79,79,17,87,79,0,17,17,70,69,8.136,166,1,35.775043,-119.238518,86.823997,5,600,58,3,"e00fce68e88237db75a60608",2026-09-20 14:00:03.152,2026-09-20 14:00:03.446,2026-09-20 14:00:03.446,2026-09-20
"842","eM6IYu6Hnw","MOOSPMv3Parser",1789912801,7,7,4,10,10,5,5,11,11,5,2654,406,68382,54,34,5,34,34,17,58,34,0,18,18,56,58,16.181,176,1,36.503109,-120.325363,50.084999,8,600,58,3,"e00fce68e77e43df92405fdb",2026-09-20 14:00:03.48,2026-09-20 14:00:03.636,2026-09-20 14:00:03.636,2026-09-20
"843","IvR44tHwJr","MOOSPMv3Parser",1789912800,4,4,4,6,6,4,4,7,7,4,1030,258,312801,42,33,3,33,33,16,55,33,0,19,17,49,58,21.536,207,1,36.139008,-120.368385,164.052994,5,600,58,3,"e00fce6850cac69f647dc199",2026-09-20 14:00:03.539,2026-09-20 14:00:03.753,2026-09-20 14:00:03.753,2026-09-20
"844","yPLenk5IqR","MOOSPMv3Parser",1789912800,6,6,6,10,10,7,7,13,13,8,1190,365,201108,69,48,10,49,49,0,0,49,1,15,16,67,63,9.905,429,1,36.433609,-119.92337,25.985001,7,600,58,3,"e00fce6876826e255108c6bd",2026-09-20 14:00:03.914,2026-09-20 14:00:04.091,2026-09-20 14:00:04.091,2026-09-20
"845","7HZm9k1Web","MOOSPMv3Parser",1789912800,6,6,0,11,11,0,0,12,12,0,1565,372,0,69,0,8,0,0,16,59,0,2,16,17,60,60,9.087,169,1,36.187523,-119.82206,26.02,8,600,58,3,"e00fce68e739ecbcf9e91965",2026-09-20 14:00:04.087,2026-09-20 14:00:04.273,2026-09-20 14:00:04.273,2026-09-20
"846","S7A23qYKoy","MOOSPMv3Parser",1789912800,10,10,6,14,14,6,6,15,15,6,2002,548,256293,81,46,6,46,46,16,72,46,0,17,17,63,63,15.091,165,1,35.949497,-119.049889,137.981003,7,600,58,3,"e00fce6808784ceaf209f949",2026-09-20 14:00:04.119,2026-09-20 14:00:04.318,2026-09-20 14:00:04.318,2026-09-20
"847","iioB2B3TrY","MOOSPMv3Parser",1789912801,6,6,0,9,9,0,0,10,10,0,1243,352,219311,57,0,4,0,0,18,53,0,0,17,18,62,59,11.177,301,3277,1.8e-05,0.002333,20257.880859,9,600,58,3,"e00fce68e28dcbc9a589be10",2026-09-20 14:00:04.329,2026-09-20 14:00:04.53,2026-09-20 14:00:04.53,2026-09-20
"848","N6gbA2aZoj","MOOSPMv3Parser",1789913400,18,18,11,25,25,12,12,26,26,12,3324,938,121407,138,89,6,90,90,15,81,90,0,15,16,85,78,6.448,90,1,36.523304,-119.2789,87.443001,5,600,58,3,"e00fce68f12da1a0c5de6248",2026-09-20 14:10:01.953,2026-09-20 14:10:02.147,2026-09-20 14:10:02.147,2026-09-20
"849","CsmCUzgWpz","MOOSPMv3Parser",1789913400,7,7,10,17,17,11,11,19,19,11,633,505,114753,95,81,10,81,81,16,58,81,0,16,17,73,69,4.338,187,1,35.963116,-119.291847,35.48,8,600,58,3,"e00fce68d6b773b56ce8baa0",2026-09-20 14:10:02.725,2026-09-20 14:10:02.907,2026-09-20 14:10:02.907,2026-09-20
"850","LrLFmNOOMP","MOOSPMv3Parser",1789913401,0,0,2,1,1,2,2,1,1,2,275,176,51322,25,16,2,16,16,18,42,16,0,18,20,49,45,20.413,105,2,36.19878,-120.104492,70.042999,8,600,58,3,"e00fce686dc2ef0a68fa40b0",2026-09-20 14:10:03.09,2026-09-20 14:10:03.291,2026-09-20 14:10:03.291,2026-09-20
"851","7TD3jQbkNA","MOOSPMv3Parser",1789913400,15,15,9,21,21,10,10,22,22,10,4166,797,158246,113,72,9,72,72,16,87,72,0,17,17,71,69,5.783,178,1,35.775043,-119.238518,86.821999,0,600,58,3,"e00fce68e88237db75a60608",2026-09-20 14:10:03.222,2026-09-20 14:10:03.386,2026-09-20 14:10:03.386,2026-09-20
"852","tUINd3EEoI","MOOSPMv3Parser",1789913401,7,7,4,10,10,5,5,11,11,5,2859,422,68412,53,35,3,35,35,17,59,35,0,18,18,58,59,14.051,181,1,36.503155,-120.325417,53.764,8,600,58,3,"e00fce68e77e43df92405fdb",2026-09-20 14:10:03.263,2026-09-20 14:10:03.44,2026-09-20 14:10:03.44,2026-09-20
"853","dKirLbZwRZ","MOOSPMv3Parser",1789913400,4,4,5,7,7,6,7,8,8,7,1071,269,312836,49,41,5,42,42,16,56,42,1,19,17,49,59,20.629,212,1,36.138988,-120.368408,166.192001,6,600,58,3,"e00fce6850cac69f647dc199",2026-09-20 14:10:03.876,2026-09-20 14:10:04.017,2026-09-20 14:10:04.017,2026-09-20
"854","IUYr6YAtbH","MOOSPMv3Parser",1789913400,11,11,6,16,16,7,7,16,16,7,2184,594,256338,92,49,5,49,49,17,73,49,0,17,18,63,63,16.23,148,1,35.949471,-119.050018,96.242996,8,600,58,3,"e00fce6808784ceaf209f949",2026-09-20 14:10:03.938,2026-09-20 14:10:04.146,2026-09-20 14:10:04.146,2026-09-20
"855","xcSEncvStF","MOOSPMv3Parser",1789913400,7,7,0,11,11,0,0,11,11,0,1691,398,0,66,0,6,0,0,16,60,0,2,17,17,60,61,9.176,167,1,36.187553,-119.821953,36.035,9,600,58,3,"e00fce68e739ecbcf9e91965",2026-09-20 14:10:03.928,2026-09-20 14:10:04.157,2026-09-20 14:10:04.157,2026-09-20
"856","DJeZ9AuWwt","MOOSPMv3Parser",1789913401,6,6,6,11,11,7,7,13,13,8,1220,377,201150,71,48,12,49,49,0,0,49,1,15,16,64,62,10.392,377,1,36.433571,-119.923325,38.453999,9,600,58,3,"e00fce6876826e255108c6bd",2026-09-20 14:10:04.206,2026-09-20 14:10:04.416,2026-09-20 14:10:04.416,2026-09-20
"857","ulFyH9MHAX","MOOSPMv3Parser",1789913401,6,6,0,9,9,0,0,9,9,0,1196,341,219311,59,0,4,0,0,18,54,0,0,18,19,61,59,14.865,277,3277,1.8e-05,0.002333,20257.880859,9,600,58,3,"e00fce68e28dcbc9a589be10",2026-09-20 14:10:04.273,2026-09-20 14:10:04.466,2026-09-20 14:10:04.466,2026-09-20
"858","ZBXlGVDiZk","MOOSPMv3Parser",1789914001,0,0,2,1,1,2,2,1,1,2,275,175,51334,25,15,2,15,15,18,42,15,0,18,20,49,45,19.274,118,2,36.198734,-120.104439,71.456001,9,600,58,3,"e00fce686dc2ef0a68fa40b0",2026-09-20 14:20:02.275,2026-09-20 14:20:02.463,2026-09-20 14:20:02.463,2026-09-20
"859","clKOtRPPph","MOOSPMv3Parser",1789914000,18,18,11,25,25,12,12,26,26,12,3370,944,121485,139,89,6,89,89,15,82,89,0,15,16,84,78,6.883,91,1,36.523209,-119.278877,61.68,5,600,58,3,"e00fce68f12da1a0c5de6248",2026-09-20 14:20:02.354,2026-09-20 14:20:02.523,2026-09-20 14:20:02.523,2026-09-20
"860","Hu8HlZ1mHU","MOOSPMv3Parser",1789914000,7,7,10,16,16,11,11,18,18,11,639,506,114819,97,79,11,79,79,16,57,79,0,16,17,73,68,4.612,186,1,35.963104,-119.29187,53.012001,8,600,58,3,"e00fce68d6b773b56ce8baa0",2026-09-20 14:20:02.42,2026-09-20 14:20:02.618,2026-09-20 14:20:02.618,2026-09-20
"861","ka1nBRznta","MOOSPMv3Parser",1789914000,15,15,9,21,21,10,10,22,22,10,4100,783,158309,117,71,9,71,72,16,88,72,0,17,17,72,70,4.907,180,1,35.775078,-119.238487,74.096001,9,600,58,3,"e00fce68e88237db75a60608",2026-09-20 14:20:03.222,2026-09-20 14:20:03.378,2026-09-20 14:20:03.378,2026-09-20
"862","4GJszV5ZLA","MOOSPMv3Parser",1789914001,7,7,4,10,10,4,4,11,11,4,2649,411,68441,56,33,4,33,33,17,59,33,0,18,18,58,59,13.257,187,1,36.50312,-120.325455,53.723999,7,600,58,3,"e00fce68e77e43df92405fdb",2026-09-20 14:20:03.343,2026-09-20 14:20:03.505,2026-09-20 14:20:03.505,2026-09-20
"863","YLBgEw2eas","MOOSPMv3Parser",1789914000,7,7,0,11,11,0,0,12,12,0,1757,417,0,69,0,6,0,0,16,60,0,2,16,17,60,60,8.465,172,1,36.187542,-119.822021,39.313,9,600,58,3,"e00fce68e739ecbcf9e91965",2026-09-20 14:20:03.919,2026-09-20 14:20:04.1,2026-09-20 14:20:04.1,2026-09-20
"864","yYMbaF0YuY","MOOSPMv3Parser",1789914000,14,14,8,20,20,10,10,22,22,11,2742,738,256389,117,63,9,64,65,17,73,65,1,17,18,63,63,14.292,168,1,35.949425,-119.049973,123.065002,5,600,58,3,"e00fce6808784ceaf209f949",2026-09-20 14:20:03.939,2026-09-20 14:20:04.133,2026-09-20 14:20:04.133,2026-09-20
"865","NKwsnCAvv1","MOOSPMv3Parser",1789914000,7,7,6,10,10,7,7,12,12,7,1230,378,201527,66,49,8,49,49,1,0,49,1,16,16,62,61,11.263,217,1,36.433571,-119.923325,38.452999,0,599,58,3,"e00fce6876826e255108c6bd",2026-09-20 14:20:04.039,2026-09-20 14:20:04.208,2026-09-20 14:20:04.208,2026-09-20
"866","KlBUKEfZUF","MOOSPMv3Parser",1789914000,4,4,5,7,7,5,6,7,7,6,1050,263,312868,45,38,4,38,38,16,56,38,0,19,17,51,60,19.266,223,1,36.138931,-120.368378,177.375,6,600,58,3,"e00fce6850cac69f647dc199",2026-09-20 14:20:04.112,2026-09-20 14:20:04.303,2026-09-20 14:20:04.303,2026-09-20
"867","3W7n3VweP6","MOOSPMv3Parser",1789914001,6,6,0,8,8,0,0,9,9,0,1196,338,219311,56,0,4,0,0,18,54,0,0,20,19,57,59,23.138,215,3277,1.8e-05,0.002333,20257.880859,9,600,58,3,"e00fce68e28dcbc9a589be10",2026-09-20 14:20:04.287,2026-09-20 14:20:04.448,2026-09-20 14:20:04.448,2026-09-20
"868","V4yzmu2hp3","MOOSPMv3Parser",1789914600,18,18,11,25,25,12,12,26,26,12,3313,934,121562,137,87,5,88,88,16,81,88,0,16,16,81,77,8.481,111,1,36.523254,-119.278824,71.129997,6,600,58,3,"e00fce68f12da1a0c5de6248",2026-09-20 14:30:02.025,2026-09-20 14:30:02.211,2026-09-20 14:30:02.211,2026-09-20
"869","fVLfls9TF2","MOOSPMv3Parser",1789914601,0,0,3,1,1,4,4,2,2,4,290,188,51354,30,25,3,25,25,19,42,25,1,19,20,47,45,17.669,212,2,36.198734,-120.104439,71.459999,0,600,58,3,"e00fce686dc2ef0a68fa40b0",2026-09-20 14:30:02.525,2026-09-20 14:30:02.748,2026-09-20 14:30:02.748,2026-09-20
"870","gDrIn7TKWq","MOOSPMv3Parser",1789914600,7,7,11,18,18,11,11,20,20,11,661,526,114889,100,83,11,83,83,16,57,83,0,16,17,72,67,4.894,185,1,35.9631,-119.291771,54.278999,8,600,58,3,"e00fce68d6b773b56ce8baa0",2026-09-20 14:30:02.535,2026-09-20 14:30:02.769,2026-09-20 14:30:02.769,2026-09-20
"871","3Xpz3j6T9s","MOOSPMv3Parser",1789914600,13,13,9,19,19,9,9,20,20,9,3001,685,158369,116,69,9,69,69,16,89,69,0,16,17,73,70,4.108,187,1,35.775066,-119.238518,65.283997,8,600,58,3,"e00fce68e88237db75a60608",2026-09-20 14:30:03.222,2026-09-20 14:30:03.391,2026-09-20 14:30:03.391,2026-09-20
"872","xrDY5LgRDH","MOOSPMv3Parser",1789914601,7,7,5,10,10,5,5,10,10,5,2926,411,68473,54,37,3,37,37,17,57,37,0,18,18,55,57,13.157,188,1,36.503063,-120.32547,51.693001,6,600,58,3,"e00fce68e77e43df92405fdb",2026-09-20 14:30:03.348,2026-09-20 14:30:03.522,2026-09-20 14:30:03.522,2026-09-20
"873","7k1oCgWAyQ","MOOSPMv3Parser",1789914600,14,14,8,21,21,11,12,22,22,13,2907,780,256438,121,62,10,64,64,17,72,64,1,17,18,64,63,13.474,180,1,35.949478,-119.04998,103.502998,7,600,58,3,"e00fce6808784ceaf209f949",2026-09-20 14:30:03.945,2026-09-20 14:30:04.117,2026-09-20 14:30:04.117,2026-09-20
"874","doYTitEkcm","MOOSPMv3Parser",1789914600,8,8,0,12,12,0,0,13,13,0,1797,435,0,73,0,9,0,0,16,59,0,2,16,17,61,60,7.46,179,1,36.187515,-119.822029,26.663,10,600,58,3,"e00fce68e739ecbcf9e91965",2026-09-20 14:30:03.968,2026-09-20 14:30:04.132,2026-09-20 14:30:04.132,2026-09-20
"875","8xtCaQxVnB","MOOSPMv3Parser",1789914600,6,6,6,10,10,7,7,12,12,7,1205,367,201232,69,47,9,48,48,0,0,48,1,16,17,63,62,11.047,277,1,36.433548,-119.923332,31.823,9,600,58,3,"e00fce6876826e255108c6bd",2026-09-20 14:30:04.04,2026-09-20 14:30:04.193,2026-09-20 14:30:04.193,2026-09-20
"876","yovUWDKceJ","MOOSPMv3Parser",1789914601,6,6,0,9,9,0,0,9,9,0,1221,350,219311,56,0,4,0,0,19,53,0,0,21,20,53,58,28.122,159,3277,1.8e-05,0.002333,20257.880859,9,600,58,3,"e00fce68e28dcbc9a589be10",2026-09-20 14:30:04.331,2026-09-20 14:30:04.534,2026-09-20 14:30:04.534,2026-09-20
"877","VAtt0bh1CN","MOOSPMv3Parser",1789914600,4,4,4,6,6,5,5,7,7,5,1008,250,312900,44,35,3,35,35,17,52,35,0,20,17,46,55,18.356,236,1,36.138935,-120.368355,171.348999,7,600,58,3,"e00fce6850cac69f647dc199",2026-09-20 14:30:04.431,2026-09-20 14:30:04.591,2026-09-20 14:30:04.591,2026-09-20
"878","Uj8CahkXRO","MOOSPMv3Parser",1789915200,18,18,12,25,25,12,12,26,26,12,3393,949,121641,144,91,6,91,91,16,80,91,0,17,17,78,76,8.125,162,1,36.523327,-119.278786,71.976997,7,600,58,3,"e00fce68f12da1a0c5de6248",2026-09-20 14:40:01.994,2026-09-20 14:40:02.156,2026-09-20 14:40:02.156,2026-09-20
"879","NkGE2MUV0C","MOOSPMv3Parser",1789915201,0,0,2,1,1,3,3,1,1,3,276,177,51369,27,18,2,18,18,19,42,18,1,20,20,46,46,18.12,204,2,36.198715,-120.104446,75.695999,8,600,58,3,"e00fce686dc2ef0a68fa40b0",2026-09-20 14:40:02.816,2026-09-20 14:40:02.994,2026-09-20 14:40:02.994,2026-09-20
"880","lWhyAM8tuZ","MOOSPMv3Parser",1789915200,8,8,12,20,20,12,12,21,21,12,688,552,114965,103,90,12,91,91,16,57,91,0,16,17,71,66,5.185,181,1,35.963104,-119.291794,32.769001,7,600,58,3,"e00fce68d6b773b56ce8baa0",2026-09-20 14:40:02.962,2026-09-20 14:40:03.148,2026-09-20 14:40:03.148,2026-09-20
"881","BqZC3bBiqC","MOOSPMv3Parser",1789915200,13,13,9,19,19,9,9,20,20,9,2902,681,158430,116,69,9,70,70,16,88,70,0,17,17,72,70,5.288,198,1,35.775085,-119.238419,88.112999,8,600,58,3,"e00fce68e88237db75a60608",2026-09-20 14:40:03.223,2026-09-20 14:40:03.404,2026-09-20 14:40:03.404,2026-09-20
"882","k6Gao0wIkN","MOOSPMv3Parser",1789915201,9,9,4,11,11,5,5,12,12,5,3665,521,68503,56,34,4,34,34,18,59,34,0,20,19,54,59,13.699,192,1,36.503174,-120.325462,55.673,6,600,58,3,"e00fce68e77e43df92405fdb",2026-09-20 14:40:03.27,2026-09-20 14:40:03.444,2026-09-20 14:40:03.444,2026-09-20
"883","gPKL91dUhP","MOOSPMv3Parser",1789915200,4,4,4,6,6,4,4,7,7,4,1006,255,312932,44,32,4,32,32,17,51,32,0,21,18,44,55,22.386,201,1,36.139,-120.368431,177.449005,7,600,58,3,"e00fce6850cac69f647dc199",2026-09-20 14:40:03.645,2026-09-20 14:40:03.816,2026-09-20 14:40:03.816,2026-09-20
"884","2dgFrV5t9v","MOOSPMv3Parser",1789915200,6,6,6,10,10,6,7,11,11,7,1162,357,201272,66,46,7,46,46,0,0,46,1,16,17,64,62,11.06,289,1,36.433624,-119.92334,32.375,7,600,58,3,"e00fce6876826e255108c6bd",2026-09-20 14:40:03.807,2026-09-20 14:40:03.959,2026-09-20 14:40:03.959,2026-09-20
"885","yQQa8gmQE4","MOOSPMv3Parser",1789915200,13,13,7,18,18,8,9,20,20,9,2473,677,256487,110,56,8,57,57,17,71,57,0,18,18,63,62,13.779,168,1,35.949478,-119.04998,103.503998,0,600,58,3,"e00fce6808784ceaf209f949",2026-09-20 14:40:03.922,2026-09-20 14:40:04.157,2026-09-20 14:40:04.157,2026-09-20
"886","KHV8ZbSV3C","MOOSPMv3Parser",1789915200,7,7,0,12,12,0,0,13,13,0,1762,431,0,71,0,8,0,0,17,58,0,2,17,17,58,58,8.015,179,1,36.187481,-119.822144,10.596,6,600,58,3,"e00fce68e739ecbcf9e91965",2026-09-20 14:40:04.154,2026-09-20 14:40:04.307,2026-09-20 14:40:04.307,2026-09-20
"887","5hXu8V6hwR","MOOSPMv3Parser",1789915201,6,6,0,9,9,0,0,10,10,0,1228,350,219311,61,0,4,0,0,19,51,0,0,22,21,51,56,24.735,178,3277,1.8e-05,0.002333,20257.880859,9,600,58,3,"e00fce68e28dcbc9a589be10",2026-09-20 14:40:04.362,2026-09-20 14:40:04.518,2026-09-20 14:40:04.518,2026-09-20
"888","Bw9fqRNzML","MOOSPMv3Parser",1789915800,32,26,22,45,38,24,24,47,45,24,5705,1614,121795,257,175,14,176,176,17,79,176,0,17,17,75,75,8.001,190,1,36.52335,-119.278801,71.610001,7,600,58,3,"e00fce68f12da1a0c5de6248",2026-09-20 14:50:02.099,2026-09-20 14:50:02.294,2026-09-20 14:50:02.294,2026-09-20
"889","HesWjn2zpN","MOOSPMv3Parser",1789915800,10,10,12,23,23,13,13,24,24,13,759,610,115047,115,98,11,98,98,17,57,98,0,17,17,68,65,5.498,177,1,35.963207,-119.291779,65.080002,7,600,58,3,"e00fce68d6b773b56ce8baa0",2026-09-20 14:50:02.554,2026-09-20 14:50:02.797,2026-09-20 14:50:02.797,2026-09-20
"890","grIqmQGzTD","MOOSPMv3Parser",1789915800,13,13,9,19,19,10,10,20,20,10,2957,692,158492,117,71,9,71,71,17,86,71,0,17,18,69,67,5.81,196,1,35.775051,-119.238503,68.919998,7,600,58,3,"e00fce68e88237db75a60608",2026-09-20 14:50:03.15,2026-09-20 14:50:03.314,2026-09-20 14:50:03.314,2026-09-20
"891","EqxECMs5k5","MOOSPMv3Parser",1789915801,0,0,2,1,1,2,2,1,1,2,274,176,51382,25,15,2,16,16,20,43,16,1,21,21,47,46,19.28,159,2,36.198761,-120.104454,84.260002,8,600,58,3,"e00fce686dc2ef0a68fa40b0",2026-09-20 14:50:03.161,2026-09-20 14:50:03.341,2026-09-20 14:50:03.341,2026-09-20
"892","BQrEvtxKiJ","MOOSPMv3Parser",1789915801,6,6,4,9,9,4,5,10,10,5,2115,372,68531,54,33,4,33,33,-10,-10,33,0,21,20,50,54,14.008,204,1,36.503162,-120.325508,24.476,5,600,58,3,"e00fce68e77e43df92405fdb",2026-09-20 14:50:03.304,2026-09-20 14:50:03.446,2026-09-20 14:50:03.446,2026-09-20
"893","vA2iAMVjaE","MOOSPMv3Parser",1789915800,4,4,4,6,6,5,5,7,7,5,1011,251,312964,43,35,2,35,35,18,50,35,0,22,18,44,54,22.135,197,1,36.138992,-120.368317,200.468994,7,600,58,3,"e00fce6850cac69f647dc199",2026-09-20 14:50:03.714,2026-09-20 14:50:03.897,2026-09-20 14:50:03.897,2026-09-20
"894","HfeB8yaSjH","MOOSPMv3Parser",1789915800,6,6,6,10,10,6,7,12,12,7,1198,369,201311,68,45,8,46,46,0,0,46,1,18,17,58,60,11.645,204,1,36.433643,-119.923355,19.364,8,600,58,3,"e00fce6876826e255108c6bd",2026-09-20 14:50:03.822,2026-09-20 14:50:03.985,2026-09-20 14:50:03.985,2026-09-20
"895","d6wmPerWMr","MOOSPMv3Parser",1789915800,12,12,7,17,17,7,7,18,18,7,2359,638,256534,104,53,7,53,53,17,71,53,0,18,18,62,61,13.045,177,1,35.949539,-119.04995,121.434998,7,600,58,3,"e00fce6808784ceaf209f949",2026-09-20 14:50:03.864,2026-09-20 14:50:04.025,2026-09-20 14:50:04.025,2026-09-20
"896","mBL76wOW2M","MOOSPMv3Parser",1789915800,7,7,0,10,10,0,0,10,10,0,1610,385,0,60,0,5,0,0,18,54,0,2,19,19,54,54,9.893,169,1,36.187481,-119.822144,10.595,0,600,58,3,"e00fce68e739ecbcf9e91965",2026-09-20 14:50:03.919,2026-09-20 14:50:04.07,2026-09-20 14:50:04.07,2026-09-20
"897","KEvHNHRcF5","MOOSPMv3Parser",1789915801,7,7,0,9,9,0,0,10,10,0,1274,362,219311,65,0,4,0,0,20,50,0,0,21,22,54,55,17.614,240,3277,1.8e-05,0.002333,20257.880859,9,600,58,3,"e00fce68e28dcbc9a589be10",2026-09-20 14:50:04.348,2026-09-20 14:50:04.53,2026-09-20 14:50:04.53,2026-09-20
"898","URApyk3rgQ","MOOSPMv3Parser",1789916400,21,20,14,28,27,14,14,29,29,14,3771,1061,121890,156,108,8,108,108,17,76,108,0,18,18,70,70,10.917,210,1,36.523247,-119.278893,114.888,7,600,58,3,"e00fce68f12da1a0c5de6248",2026-09-20 15:00:02.102,2026-09-20 15:00:02.301,2026-09-20 15:00:02.301,2026-09-20
"899","S5X2iNf8bQ","MOOSPMv3Parser",1789916400,10,10,13,22,22,13,13,23,23,13,772,624,115129,110,98,10,98,98,18,56,98,0,18,18,66,61,5.873,175,1,35.963196,-119.291794,47.199001,6,600,58,3,"e00fce68d6b773b56ce8baa0",2026-09-20 15:00:02.251,2026-09-20 15:00:02.507,2026-09-20 15:00:02.507,2026-09-20
"900","OGR1c9w53e","MOOSPMv3Parser",1789916401,0,0,2,1,1,2,2,1,1,2,273,176,51395,26,16,2,16,16,20,42,16,0,21,22,45,44,18.459,168,2,36.198696,-120.104416,84.650002,8,600,58,3,"e00fce686dc2ef0a68fa40b0",2026-09-20 15:00:02.277,2026-09-20 15:00:02.651,2026-09-20 15:00:02.651,2026-09-20
"901","eRMchp8hN8","MOOSPMv3Parser",1789916400,13,13,10,21,21,10,10,22,22,10,2976,723,158558,129,75,12,75,75,18,83,75,0,18,19,67,65,6.52,195,1,35.775009,-119.238564,79.469002,6,600,58,3,"e00fce68e88237db75a60608",2026-09-20 15:00:03.196,2026-09-20 15:00:03.355,2026-09-20 15:00:03.355,2026-09-20
"902","UkLkOO48TW","MOOSPMv3Parser",1789916401,7,7,4,9,9,4,4,10,10,4,2379,389,68559,54,33,5,33,33,20,55,33,0,21,21,52,54,16.63,178,1,36.503162,-120.325508,24.476999,0,600,58,3,"e00fce68e77e43df92405fdb",2026-09-20 15:00:03.476,2026-09-20 15:00:03.662,2026-09-20 15:00:03.662,2026-09-20
"903","ChDF2MZw7z","MOOSPMv3Parser",1789916400,6,6,0,10,10,0,0,11,11,0,1634,384,0,61,0,7,0,0,19,49,0,2,20,21,50,48,11.82,156,1,36.187561,-119.82206,31.443001,5,600,58,3,"e00fce68e739ecbcf9e91965",2026-09-20 15:00:03.93,2026-09-20 15:00:04.095,2026-09-20 15:00:04.095,2026-09-20
"904","0bsKuDZVSZ","MOOSPMv3Parser",1789916400,11,11,6,16,16,6,6,16,16,6,2193,599,256576,94,47,6,47,47,18,70,47,0,19,19,60,61,13.607,179,1,35.949432,-119.049835,125.716003,5,600,58,3,"e00fce6808784ceaf209f949",2026-09-20 15:00:03.922,2026-09-20 15:00:04.103,2026-09-20 15:00:04.103,2026-09-20
"905","EJpWSxPOcz","MOOSPMv3Parser",1789916400,6,6,6,9,9,7,7,11,11,7,1126,347,201351,64,46,6,46,46,1,0,46,1,20,18,50,57,13.355,55,1,36.433582,-119.923347,22.737,7,600,58,3,"e00fce6876826e255108c6bd",2026-09-20 15:00:04.045,2026-09-20 15:00:04.239,2026-09-20 15:00:04.239,2026-09-20
"906","DbZlfYgRaF","MOOSPMv3Parser",1789916400,4,4,4,6,6,4,4,7,7,4,1035,254,312996,42,33,3,33,33,18,48,33,0,22,19,43,53,20.946,201,1,36.139,-120.368431,165.580002,7,600,58,3,"e00fce6850cac69f647dc199",2026-09-20 15:00:04.179,2026-09-20 15:00:04.431,2026-09-20 15:00:04.431,2026-09-20
"907","0Zmmg56aiX","MOOSPMv3Parser",1789916401,7,7,0,10,10,0,0,11,11,0,1337,378,219311,66,0,5,0,0,20,49,0,0,21,22,56,54,17.936,224,3277,1.8e-05,0.002333,20257.880859,9,600,58,3,"e00fce68e28dcbc9a589be10",2026-09-20 15:00:04.364,2026-09-20 15:00:04.546,2026-09-20 15:00:04.546,2026-09-20
"908","rUMz6fbsYq","MOOSPMv3Parser",1789917000,18,18,12,24,24,13,13,25,25,13,3275,919,121971,137,94,6,94,94,17,74,94,0,18,18,70,68,12.016,160,1,36.523376,-119.278847,88.509003,5,600,58,3,"e00fce68f12da1a0c5de6248",2026-09-20 15:10:02.04,2026-09-20 15:10:02.226,2026-09-20 15:10:02.226,2026-09-20
"909","BqgvBUrAZH","MOOSPMv3Parser",1789917001,0,0,2,1,1,2,2,1,1,2,281,183,51407,27,15,2,15,15,20,42,15,0,21,22,48,45,17.587,166,2,36.198853,-120.104431,71.626999,7,600,58,3,"e00fce686dc2ef0a68fa40b0",2026-09-20 15:10:02.57,2026-09-20 15:10:02.762,2026-09-20 15:10:02.762,2026-09-20
"910","SGj7jaogKk","MOOSPMv3Parser",1789917000,8,8,12,21,21,12,12,23,23,12,749,600,115207,112,93,11,93,93,18,54,93,0,19,20,61,57,6.8,170,1,35.963097,-119.291779,47.716999,6,600,58,3,"e00fce68d6b773b56ce8baa0",2026-09-20 15:10:02.579,2026-09-20 15:10:02.813,2026-09-20 15:10:02.813,2026-09-20
"911","A7Vx2OHdF7","MOOSPMv3Parser",1789917000,13,13,10,19,19,10,10,20,20,10,2943,711,158626,122,77,7,77,77,19,78,77,0,19,20,63,60,7.805,187,1,35.774982,-119.238609,66.764999,8,600,58,3,"e00fce68e88237db75a60608",2026-09-20 15:10:03.223,2026-09-20 15:10:03.413,2026-09-20 15:10:03.413,2026-09-20
"912","jEHt8w5Ucm","MOOSPMv3Parser",1789917001,7,7,4,9,9,5,5,10,10,5,2855,396,68589,50,34,4,34,34,20,56,34,0,21,21,55,55,14.757,183,1,36.503151,-120.325447,63.049,5,600,58,3,"e00fce68e77e43df92405fdb",2026-09-20 15:10:03.229,2026-09-20 15:10:03.434,2026-09-20 15:10:03.434,2026-09-20
"913","KWHWaGRqw7","MOOSPMv3Parser",1789917000,6,6,0,9,9,0,0,10,10,0,1552,356,0,57,0,6,0,0,20,45,0,2,21,22,48,46,13.474,146,1,36.187515,-119.822075,18.639999,5,600,58,3,"e00fce68e739ecbcf9e91965",2026-09-20 15:10:03.86,2026-09-20 15:10:04.032,2026-09-20 15:10:04.032,2026-09-20
"914","JIdq7Gx6Dr","MOOSPMv3Parser",1789917000,11,11,6,15,15,6,6,16,16,6,2129,581,256620,95,48,6,48,48,18,73,48,0,20,20,59,63,14.005,174,1,35.949577,-119.049927,118.057999,9,600,58,3,"e00fce6808784ceaf209f949",2026-09-20 15:10:03.87,2026-09-20 15:10:04.087,2026-09-20 15:10:04.087,2026-09-20
"915","LIkYpeQXkC","MOOSPMv3Parser",1789917000,6,6,7,10,10,7,7,13,13,7,1224,379,201395,71,51,10,51,51,1,1,51,1,22,19,46,54,14.73,52,4,36.433678,-119.92334,47.049999,7,600,58,3,"e00fce6876826e255108c6bd",2026-09-20 15:10:03.963,2026-09-20 15:10:04.161,2026-09-20 15:10:04.161,2026-09-20
"916","u5zT3zQ49v","MOOSPMv3Parser",1789917001,7,7,0,10,10,0,0,10,10,0,1308,369,219311,64,0,3,0,0,21,48,0,0,21,23,55,52,19.048,217,3277,1.8e-05,0.002333,20257.880859,9,600,58,3,"e00fce68e28dcbc9a589be10",2026-09-20 15:10:04.423,2026-09-20 15:10:04.594,2026-09-20 15:10:04.594,2026-09-20
"917","iaC1Q61dmT","MOOSPMv3Parser",1789917000,4,4,4,6,6,5,5,7,7,5,1021,254,313028,44,35,3,35,35,18,46,35,0,23,19,41,51,24.914,172,1,36.138924,-120.368393,179.018005,6,600,58,3,"e00fce6850cac69f647dc199",2026-09-20 15:10:04.609,2026-09-20 15:10:04.775,2026-09-20 15:10:04.775,2026-09-20
"918","C80MJVE80C","MOOSPMv3Parser",1789917600,19,19,12,26,26,13,13,27,27,13,3516,989,122053,145,94,6,94,94,18,73,94,0,19,19,67,66,12.87,178,1,36.523117,-119.2789,92.296997,6,600,58,3,"e00fce68f12da1a0c5de6248",2026-09-20 15:20:02.112,2026-09-20 15:20:02.318,2026-09-20 15:20:02.318,2026-09-20
"919","Vqv7JrFeSC","MOOSPMv3Parser",1789917600,7,7,11,18,18,12,12,20,20,12,691,554,115281,105,87,10,87,87,19,52,87,0,20,21,59,54,8.896,161,1,35.96312,-119.291748,47.851002,5,600,58,3,"e00fce68d6b773b56ce8baa0",2026-09-20 15:20:02.246,2026-09-20 15:20:02.429,2026-09-20 15:20:02.429,2026-09-20
"920","e2Cb1CZpB5","MOOSPMv3Parser",1789917601,0,0,2,1,1,2,2,1,1,2,286,184,51420,26,15,3,15,15,21,42,15,0,22,23,46,44,17.199,195,2,36.198799,-120.104462,70.505997,7,600,58,3,"e00fce686dc2ef0a68fa40b0",2026-09-20 15:20:02.825,2026-09-20 15:20:03.103,2026-09-20 15:20:03.103,2026-09-20
"921","HecBtu2ena","MOOSPMv3Parser",1789917600,13,13,10,19,19,10,10,20,20,10,2893,698,158690,119,75,9,75,75,20,70,75,0,20,22,59,54,10.378,171,1,35.775032,-119.23851,74.596001,8,600,58,3,"e00fce68e88237db75a60608",2026-09-20 15:20:03.223,2026-09-20 15:20:03.371,2026-09-20 15:20:03.371,2026-09-20
"922","oObymwJsHI","MOOSPMv3Parser",1789917601,7,7,4,9,9,4,4,10,10,4,2343,381,68618,54,33,5,33,33,20,55,33,0,21,22,53,54,15.292,189,1,36.50312,-120.325394,66.003998,6,600,58,3,"e00fce68e77e43df92405fdb",2026-09-20 15:20:03.325,2026-09-20 15:20:03.513,2026-09-20 15:20:03.513,2026-09-20
"923","faY2LaMwzR","MOOSPMv3Parser",1789917600,4,4,4,6,6,4,4,7,7,4,1033,256,313060,41,33,3,34,34,19,46,34,0,23,20,42,51,27.04,151,1,36.138924,-120.368393,179.011993,0,600,58,3,"e00fce6850cac69f647dc199",2026-09-20 15:20:03.483,2026-09-20 15:20:03.73,2026-09-20 15:20:03.73,2026-09-20
"924","osiCrFKy90","MOOSPMv3Parser",1789917600,9,9,5,13,13,6,6,13,13,6,1822,502,256654,78,42,4,42,42,19,66,42,0,22,21,54,55,15.305,164,1,35.94965,-119.049934,106.902,7,600,58,3,"e00fce6808784ceaf209f949",2026-09-20 15:20:03.939,2026-09-20 15:20:04.144,2026-09-20 15:20:04.144,2026-09-20
"925","JkdK5STjXN","MOOSPMv3Parser",1789917600,7,7,8,13,13,9,9,15,15,9,1445,439,201449,87,62,15,63,63,1,0,63,1,22,20,47,53,15.56,53,6,36.43354,-119.923286,41.113998,7,600,58,3,"e00fce6876826e255108c6bd",2026-09-20 15:20:03.968,2026-09-20 15:20:04.157,2026-09-20 15:20:04.157,2026-09-20
"926","jauo4oTnyM","MOOSPMv3Parser",1789917600,6,6,0,11,11,0,0,12,12,0,1682,385,0,73,0,8,0,0,21,43,0,2,21,23,49,45,12.883,155,1,36.187473,-119.822121,16.891001,6,600,58,3,"e00fce68e739ecbcf9e91965",2026-09-20 15:20:04.154,2026-09-20 15:20:04.31,2026-09-20 15:20:04.31,2026-09-20
"927","xMasw6vVCC","MOOSPMv3Parser",1789917601,7,7,0,10,10,0,0,10,10,0,1341,384,219311,63,0,4,0,0,21,46,0,0,22,23,53,50,18.597,224,3277,1.8e-05,0.002333,20257.880859,9,600,58,3,"e00fce68e28dcbc9a589be10",2026-09-20 15:20:04.332,2026-09-20 15:20:04.492,2026-09-20 15:20:04.492,2026-09-20
"928","IPxfZOuv7p","MOOSPMv3Parser",1789918200,18,18,11,24,24,12,12,25,25,12,3273,916,122130,140,87,7,88,88,18,72,88,0,20,19,65,65,13.387,175,1,36.5233,-119.278793,109.584999,6,600,58,3,"e00fce68f12da1a0c5de6248",2026-09-20 15:30:02.086,2026-09-20 15:30:02.243,2026-09-20 15:30:02.243,2026-09-20
"929","JkCIGHLKvU","MOOSPMv3Parser",1789918200,7,7,11,20,20,11,11,21,21,11,684,550,115351,107,83,12,83,83,20,50,83,0,20,22,59,53,11.275,146,1,35.963268,-119.29184,41.148998,5,600,58,3,"e00fce68d6b773b56ce8baa0",2026-09-20 15:30:02.689,2026-09-20 15:30:02.873,2026-09-20 15:30:02.873,2026-09-20
"930","YdQbiKqU2L","MOOSPMv3Parser",1789918201,0,0,2,1,1,2,2,1,1,2,281,181,51432,27,14,3,14,14,21,41,14,0,22,23,45,43,18.142,169,2,36.198822,-120.104446,89.802002,8,600,58,3,"e00fce686dc2ef0a68fa40b0",2026-09-20 15:30:03.161,2026-09-20 15:30:03.326,2026-09-20 15:30:03.326,2026-09-20
"931","rO9F7DbmMY","MOOSPMv3Parser",1789918200,13,13,9,19,19,10,10,20,20,10,2910,690,158753,119,72,9,72,72,21,64,72,0,21,23,56,50,11.19,166,1,35.775085,-119.238571,62.367001,7,600,58,3,"e00fce68e88237db75a60608",2026-09-20 15:30:03.222,2026-09-20 15:30:03.397,2026-09-20 15:30:03.397,2026-09-20
"932","CKtx0AttDK","MOOSPMv3Parser",1789918201,6,6,4,9,9,5,5,10,10,5,2105,376,68647,51,34,4,34,34,20,56,34,0,22,22,54,55,17.556,183,1,36.502953,-120.325333,34.09,8,600,58,3,"e00fce68e77e43df92405fdb",2026-09-20 15:30:03.361,2026-09-20 15:30:03.585,2026-09-20 15:30:03.585,2026-09-20
"933","wabwwrwYFl","MOOSPMv3Parser",1789918200,7,7,0,10,10,0,0,11,11,0,1637,382,0,64,0,6,0,0,22,41,0,2,22,24,46,44,12.922,157,1,36.187477,-119.822044,27.105,8,600,58,3,"e00fce68e739ecbcf9e91965",2026-09-20 15:30:03.952,2026-09-20 15:30:04.16,2026-09-20 15:30:04.16,2026-09-20
"934","4XRsplVfSZ","MOOSPMv3Parser",1789918200,8,8,5,12,12,6,6,12,12,6,1692,461,256689,77,42,5,43,43,21,59,43,0,23,23,49,49,17.08,151,1,35.949593,-119.049927,125.790001,6,600,58,3,"e00fce6808784ceaf209f949",2026-09-20 15:30:03.974,2026-09-20 15:30:04.175,2026-09-20 15:30:04.175,2026-09-20
"935","Y0nXXrETXo","MOOSPMv3Parser",1789918200,4,4,4,6,6,5,5,7,7,5,1068,266,313091,40,34,2,34,34,20,45,34,0,24,21,41,51,29.066,147,1,36.138924,-120.368256,208.738998,5,600,58,3,"e00fce6850cac69f647dc199",2026-09-20 15:30:04.017,2026-09-20 15:30:04.223,2026-09-20 15:30:04.223,2026-09-20
"936","SopAnD0orb","MOOSPMv3Parser",1789918200,11,11,12,19,19,13,13,23,23,13,2141,620,201527,131,90,18,91,91,1,0,91,1,22,21,48,52,15.89,53,7,36.433578,-119.923355,38.319,6,600,58,3,"e00fce6876826e255108c6bd",2026-09-20 15:30:04.045,2026-09-20 15:30:04.249,2026-09-20 15:30:04.249,2026-09-20
"937","dDCFzN2FFn","MOOSPMv3Parser",1789918201,6,6,0,9,9,0,0,9,9,0,1217,345,219311,59,0,4,0,0,22,45,0,0,22,24,53,50,22.461,188,3277,1.8e-05,0.002333,20257.880859,9,600,58,3,"e00fce68e28dcbc9a589be10",2026-09-20 15:30:04.347,2026-09-20 15:30:04.54,2026-09-20 15:30:04.54,2026-09-20
"938","DJtYr8WFmw","MOOSPMv3Parser",1789918801,0,0,2,0,0,2,2,1,1,2,279,179,51443,28,14,2,14,14,22,40,14,0,23,24,43,41,18.542,172,2,36.198795,-120.104424,76.732002,8,600,58,3,"e00fce686dc2ef0a68fa40b0",2026-09-20 15:40:02.124,2026-09-20 15:40:02.369,2026-09-20 15:40:02.369,2026-09-20
"939","JNVONbOM1X","MOOSPMv3Parser",1789918800,8,8,12,20,20,12,12,21,21,12,718,576,115427,113,90,11,91,91,21,48,91,0,20,22,59,51,11.881,143,1,35.96331,-119.291809,29.768999,7,600,58,3,"e00fce68d6b773b56ce8baa0",2026-09-20 15:40:02.322,2026-09-20 15:40:02.521,2026-09-20 15:40:02.521,2026-09-20
"940","RekbKX3aJi","MOOSPMv3Parser",1789918800,15,15,10,20,20,10,10,21,21,10,2743,763,122195,113,75,5,75,75,19,68,75,0,21,20,60,61,15.935,165,2,36.523327,-119.278839,77.584,9,600,58,3,"e00fce68f12da1a0c5de6248",2026-09-20 15:40:02.341,2026-09-20 15:40:02.595,2026-09-20 15:40:02.595,2026-09-20
"941","U3Lf9rKOy7","MOOSPMv3Parser",1789918800,13,13,9,19,19,9,9,19,19,9,2867,678,158816,118,71,9,71,71,22,59,71,0,22,25,55,48,12.308,164,1,35.775043,-119.238548,67.876999,8,600,58,3,"e00fce68e88237db75a60608",2026-09-20 15:40:03.143,2026-09-20 15:40:03.318,2026-09-20 15:40:03.318,2026-09-20
"942","c8rV44OoCt","MOOSPMv3Parser",1789918801,7,7,4,10,10,5,5,10,10,5,2244,393,68677,58,34,4,34,34,21,55,34,0,22,22,53,55,17.827,184,1,36.503059,-120.325371,64.151001,7,600,58,3,"e00fce68e77e43df92405fdb",2026-09-20 15:40:03.322,2026-09-20 15:40:03.512,2026-09-20 15:40:03.512,2026-09-20
"943","OB6Rq9XVOF","MOOSPMv3Parser",1789918800,9,9,5,12,12,6,6,13,13,6,1745,479,256724,77,43,5,43,43,22,55,43,0,24,25,48,47,19.073,135,1,35.949604,-119.049957,121.528999,7,600,58,3,"e00fce6808784ceaf209f949",2026-09-20 15:40:03.895,2026-09-20 15:40:04.056,2026-09-20 15:40:04.056,2026-09-20
"944","bu7upkxpub","MOOSPMv3Parser",1789918800,8,8,9,13,13,10,10,16,16,10,1472,456,201584,94,67,13,68,68,0,0,68,1,22,22,49,51,16.762,53,9,36.433533,-119.923271,31.33,6,600,58,3,"e00fce6876826e255108c6bd",2026-09-20 15:40:03.973,2026-09-20 15:40:04.13,2026-09-20 15:40:04.13,2026-09-20
"945","SjbA9NfKNW","MOOSPMv3Parser",1789918800,6,6,0,10,10,0,0,11,11,0,1523,361,0,62,0,7,0,0,22,39,0,2,23,25,47,43,14.059,152,1,36.187416,-119.822006,37.228001,8,600,58,3,"e00fce68e739ecbcf9e91965",2026-09-20 15:40:04.094,2026-09-20 15:40:04.271,2026-09-20 15:40:04.271,2026-09-20
"946","M7x0c3Y7VU","MOOSPMv3Parser",1789918800,5,5,5,7,7,6,6,8,8,6,1111,281,313128,50,41,4,42,42,20,44,42,0,25,22,40,49,26.608,153,1,36.138958,-120.36837,178.789993,5,600,58,3,"e00fce6850cac69f647dc199",2026-09-20 15:40:04.197,2026-09-20 15:40:04.38,2026-09-20 15:40:04.38,2026-09-20
"947","rcBZVBPngU","MOOSPMv3Parser",1789918801,6,6,0,9,9,0,0,9,9,0,1215,345,219311,57,0,3,0,0,22,44,0,0,23,25,50,49,21.389,186,3277,1.8e-05,0.002333,20257.880859,9,600,58,3,"e00fce68e28dcbc9a589be10",2026-09-20 15:40:04.351,2026-09-20 15:40:04.572,2026-09-20 15:40:04.572,2026-09-20
"948","bc65lQhQZ5","MOOSPMv3Parser",1789919401,0,0,2,1,1,2,2,1,1,2,277,180,51455,26,14,2,14,14,22,40,14,0,23,25,42,42,20.02,131,2,36.198792,-120.104393,85.32,5,600,58,3,"e00fce686dc2ef0a68fa40b0",2026-09-20 15:50:02.602,2026-09-20 15:50:02.807,2026-09-20 15:50:02.807,2026-09-20
"949","o7VZXR0uHG","MOOSPMv3Parser",1789919400,13,13,9,19,19,9,9,20,20,9,2910,672,158877,118,70,10,70,70,23,54,70,0,22,25,53,45,13.208,161,1,35.775066,-119.23848,61.167999,9,600,58,3,"e00fce68e88237db75a60608",2026-09-20 15:50:03.253,2026-09-20 15:50:03.462,2026-09-20 15:50:03.462,2026-09-20
"950","dWqCS2hTXl","MOOSPMv3Parser",1789919400,10,10,6,14,14,6,6,15,15,6,1917,523,256766,87,48,6,49,49,23,52,49,0,24,26,51,47,18.354,140,1,35.949482,-119.04998,108.406998,9,600,58,3,"e00fce6808784ceaf209f949",2026-09-20 15:50:03.86,2026-09-20 15:50:04.073,2026-09-20 15:50:04.073,2026-09-20
"951","LeEbi5thJV","MOOSPMv3Parser",1789919400,7,7,7,13,13,8,8,15,15,9,1412,436,201632,87,55,12,56,56,0,0,56,1,22,22,47,49,16.087,53,8,36.433552,-119.923386,23.51,5,600,58,3,"e00fce6876826e255108c6bd",2026-09-20 15:50:03.966,2026-09-20 15:50:04.138,2026-09-20 15:50:04.138,2026-09-20
"952","ZQ7KHIpUMA","MOOSPMv3Parser",1789919401,6,6,0,9,9,0,0,10,10,0,1261,355,219311,61,0,4,0,0,23,46,0,0,23,25,54,51,22.138,190,3277,1.8e-05,0.002333,20257.880859,9,600,58,3,"e00fce68e28dcbc9a589be10",2026-09-20 15:50:04.347,2026-09-20 15:50:04.502,2026-09-20 15:50:04.502,2026-09-20
"953","s1EXCiNFEF","MOOSPMv3Parser",1789919400,5,5,4,6,6,4,4,7,7,4,1047,266,313160,43,33,3,33,33,20,44,33,0,25,22,40,49,25.084,177,1,36.138977,-120.368362,172.352005,6,600,58,3,"e00fce6850cac69f647dc199",2026-09-20 15:50:04.517,2026-09-20 15:50:04.637,2026-09-20 15:50:04.637,2026-09-20
"954","RDwu0NAuym","MOOSPMv3Parser",1789919401,7,7,4,10,10,4,4,11,11,4,2273,403,68704,61,32,4,32,32,21,59,32,0,22,23,56,57,14.838,200,1,36.503101,-120.325394,57.826,7,600,58,3,"e00fce68e77e43df92405fdb",2026-09-20 15:50:04.687,2026-09-20 15:50:04.84,2026-09-20 15:50:04.84,2026-09-20
"955","c9dO4v3R95","MOOSPMv3Parser",1789919400,5,5,0,9,9,0,0,9,9,0,1353,329,0,55,0,6,0,0,23,37,0,2,23,25,43,42,14.861,146,1,36.187412,-119.82209,29.740999,7,600,58,3,"e00fce68e739ecbcf9e91965",2026-09-20 15:50:08.121,2026-09-20 15:50:08.303,2026-09-20 15:50:08.303,2026-09-20
"956","J1zGnVbZUR","MOOSPMv3Parser",1789919400,14,14,9,19,19,9,9,20,20,9,2527,709,122257,112,70,6,70,70,19,67,70,0,21,21,60,60,18.221,141,3,36.523327,-119.278839,77.580002,0,600,58,3,"e00fce68f12da1a0c5de6248",2026-09-20 15:50:08.195,2026-09-20 15:50:08.375,2026-09-20 15:50:08.375,2026-09-20
"957","7u9MljBCGU","MOOSPMv3Parser",1789919400,9,9,12,21,21,12,12,22,22,12,762,617,115504,118,92,12,92,92,21,47,92,0,20,23,59,50,12.855,139,1,35.96331,-119.291809,29.764999,0,600,58,3,"e00fce68d6b773b56ce8baa0",2026-09-20 15:50:16.607,2026-09-20 15:50:16.804,2026-09-20 15:50:16.804,2026-09-20
"958","seryIoMBDB","MOOSPMv3Parser",1789920000,13,13,9,18,18,9,9,18,18,9,2434,677,122316,103,67,4,67,67,20,65,67,0,22,22,57,58,19.959,138,4,36.523518,-119.278969,77.689003,8,600,58,3,"e00fce68f12da1a0c5de6248",2026-09-20 16:00:02.189,2026-09-20 16:00:02.352,2026-09-20 16:00:02.352,2026-09-20
"959","6v6GZQsEZf","MOOSPMv3Parser",1789920000,9,9,12,21,21,12,12,23,23,12,777,628,115581,122,91,12,92,92,22,47,92,0,20,23,59,50,12.913,139,2,35.963223,-119.291901,48.334,7,600,58,3,"e00fce68d6b773b56ce8baa0",2026-09-20 16:00:02.175,2026-09-20 16:00:02.374,2026-09-20 16:00:02.374,2026-09-20
"960","nCZMZ1RCzT","MOOSPMv3Parser",1789920001,0,0,2,1,1,2,2,1,1,2,270,173,51468,27,15,2,15,15,23,38,15,0,23,25,41,39,19.434,156,2,36.19894,-120.10434,82.259003,8,600,58,3,"e00fce686dc2ef0a68fa40b0",2026-09-20 16:00:02.84,2026-09-20 16:00:03.23,2026-09-20 16:00:03.23,2026-09-20
"961","V7gd01KbKj","MOOSPMv3Parser",1789920000,13,13,9,18,18,9,9,19,19,9,2846,662,158937,111,68,8,69,69,23,53,69,0,21,25,55,45,14.293,150,1,35.775066,-119.23848,61.171001,0,600,58,3,"e00fce68e88237db75a60608",2026-09-20 16:00:03.223,2026-09-20 16:00:03.445,2026-09-20 16:00:03.445,2026-09-20
"962","4sOK6ymfP5","MOOSPMv3Parser",1789920000,4,4,4,6,6,4,4,7,7,4,1036,257,313191,41,32,3,32,32,21,42,32,0,26,23,39,47,26.881,162,1,36.138935,-120.368324,174.664001,5,600,58,3,"e00fce6850cac69f647dc199",2026-09-20 16:00:03.505,2026-09-20 16:00:03.664,2026-09-20 16:00:03.664,2026-09-20
"963","9WxzUetvOF","MOOSPMv3Parser",1789920000,10,10,6,15,15,7,7,15,15,7,1996,550,256812,92,50,6,50,50,24,49,50,0,25,27,50,45,17.277,163,1,35.949615,-119.049965,121.570999,8,600,58,3,"e00fce6808784ceaf209f949",2026-09-20 16:00:03.94,2026-09-20 16:00:04.117,2026-09-20 16:00:04.117,2026-09-20
"964","QP1EnGGCJA","MOOSPMv3Parser",1789920000,6,6,0,9,9,0,0,10,10,0,1413,349,0,57,0,4,0,0,23,43,0,2,23,26,52,47,13.164,161,2,36.187538,-119.822235,34.250999,7,600,58,3,"e00fce68e739ecbcf9e91965",2026-09-20 16:00:04.154,2026-09-20 16:00:04.309,2026-09-20 16:00:04.309,2026-09-20
"965","D9mYSq4hGp","MOOSPMv3Parser",1789920001,9,9,11,18,17,18,24,25,25,26,1797,561,201692,135,80,26,86,88,3,1,88,1,22,23,50,50,16.51,54,8,36.43354,-119.923286,27.003,6,600,58,3,"e00fce6876826e255108c6bd",2026-09-20 16:00:04.294,2026-09-20 16:00:04.495,2026-09-20 16:00:04.495,2026-09-20
"966","9CZany28Yb","MOOSPMv3Parser",1789920001,7,7,0,10,10,0,0,11,11,0,1413,397,219311,68,0,5,0,0,23,46,0,0,24,26,53,49,16.087,233,3277,1.8e-05,0.002333,20257.880859,9,600,58,3,"e00fce68e28dcbc9a589be10",2026-09-20 16:00:04.424,2026-09-20 16:00:04.698,2026-09-20 16:00:04.698,2026-09-20
"967","9dhEGavhTF","MOOSPMv3Parser",1789920001,7,7,4,10,10,4,4,10,10,4,2311,401,68732,55,32,4,32,32,21,58,32,0,22,23,56,57,18.313,188,1,36.503151,-120.325348,58.638,6,600,58,3,"e00fce68e77e43df92405fdb",2026-09-20 16:00:04.655,2026-09-20 16:00:04.812,2026-09-20 16:00:04.812,2026-09-20
"968","pRQw3gOe8p","MOOSPMv3Parser",1789920600,12,12,8,16,16,9,9,17,17,9,2281,639,122372,96,64,4,64,64,21,62,64,0,23,23,54,55,21.918,130,6,36.523361,-119.278778,83.991997,7,600,58,3,"e00fce68f12da1a0c5de6248",2026-09-20 16:10:02.093,2026-09-20 16:10:02.269,2026-09-20 16:10:02.269,2026-09-20
"969","gPsir3oNZu","MOOSPMv3Parser",1789920600,9,9,12,21,21,13,13,23,23,13,785,639,115659,122,94,13,94,94,22,46,94,0,20,24,59,50,13.098,138,2,35.962971,-119.291756,72.133003,6,600,58,3,"e00fce68d6b773b56ce8baa0",2026-09-20 16:10:02.579,2026-09-20 16:10:02.905,2026-09-20 16:10:02.905,2026-09-20
"970","wFfHwlw1Es","MOOSPMv3Parser",1789920601,0,0,2,0,0,2,2,1,1,2,280,180,51481,26,15,2,15,15,23,38,15,0,24,25,40,39,20.238,157,2,36.19894,-120.10434,82.259003,0,600,58,3,"e00fce686dc2ef0a68fa40b0",2026-09-20 16:10:03.158,2026-09-20 16:10:03.346,2026-09-20 16:10:03.346,2026-09-20
"971","Q8i88ZNSxn","MOOSPMv3Parser",1789920600,13,13,9,18,18,9,9,19,19,9,2787,655,158999,111,70,9,70,70,23,53,70,0,22,25,54,46,14.788,146,1,35.775051,-119.238518,78.156998,9,600,58,3,"e00fce68e88237db75a60608",2026-09-20 16:10:03.303,2026-09-20 16:10:03.464,2026-09-20 16:10:03.464,2026-09-20
"972","xXmDEaHNA0","MOOSPMv3Parser",1789920600,6,6,0,10,10,0,0,10,10,0,1503,363,0,60,0,6,0,0,23,42,0,2,23,26,49,45,11.05,174,1,36.1875,-119.822075,34.696999,7,600,58,3,"e00fce68e739ecbcf9e91965",2026-09-20 16:10:03.918,2026-09-20 16:10:04.059,2026-09-20 16:10:04.059,2026-09-20
"973","uwSokzW33r","MOOSPMv3Parser",1789920600,4,4,4,7,7,5,5,7,7,5,1118,280,313223,47,34,3,34,34,22,42,34,0,26,24,38,45,25.755,168,1,36.138985,-120.368362,161.348999,6,600,58,3,"e00fce6850cac69f647dc199",2026-09-20 16:10:03.867,2026-09-20 16:10:04.072,2026-09-20 16:10:04.072,2026-09-20
"974","7WfTxjEaIk","MOOSPMv3Parser",1789920600,14,14,20,32,29,48,71,48,42,83,2793,867,202102,248,128,58,156,162,0,0,163,1,22,23,49,49,16.551,54,8,36.43354,-119.923286,27.006001,0,599,58,3,"e00fce6876826e255108c6bd",2026-09-20 16:10:03.963,2026-09-20 16:10:04.153,2026-09-20 16:10:04.153,2026-09-20
"975","iAm0AkEz0o","MOOSPMv3Parser",1789920600,10,10,6,14,14,6,6,14,14,6,1944,531,256852,87,46,5,47,47,24,45,47,0,25,27,46,43,17.817,160,1,35.949577,-119.049957,115.750999,7,600,58,3,"e00fce6808784ceaf209f949",2026-09-20 16:10:04.037,2026-09-20 16:10:04.204,2026-09-20 16:10:04.204,2026-09-20
"976","dmmAxhmUYg","MOOSPMv3Parser",1789920601,7,7,0,10,10,0,0,10,10,0,1299,367,219311,63,0,4,0,0,23,42,0,0,24,26,50,47,18.369,229,3277,1.8e-05,0.002333,20257.880859,9,600,58,3,"e00fce68e28dcbc9a589be10",2026-09-20 16:10:04.283,2026-09-20 16:10:04.477,2026-09-20 16:10:04.477,2026-09-20
"977","av82Ag6u3K","MOOSPMv3Parser",1789920601,7,7,4,9,9,4,4,10,10,4,2223,384,68759,56,31,4,31,31,21,59,31,0,23,23,56,57,17.581,188,1,36.503086,-120.325325,63.803001,6,600,58,3,"e00fce68e77e43df92405fdb",2026-09-20 16:10:07.639,2026-09-20 16:10:07.79,2026-09-20 16:10:07.79,2026-09-20
"978","DT1ppYPaGl","MOOSPMv3Parser",1789921200,12,12,8,16,16,9,9,17,17,9,2328,644,122429,94,65,4,66,66,21,60,66,0,24,24,53,53,22.745,135,7,36.523407,-119.27874,86.654999,8,600,58,3,"e00fce68f12da1a0c5de6248",2026-09-20 16:20:02.117,2026-09-20 16:20:02.26,2026-09-20 16:20:02.26,2026-09-20
"979","ipX6zdSBeu","MOOSPMv3Parser",1789921201,0,0,2,1,1,2,2,1,1,2,284,186,51492,28,13,2,14,14,23,38,14,0,24,26,40,39,21.125,123,2,36.19902,-120.104408,100.694,6,600,58,3,"e00fce686dc2ef0a68fa40b0",2026-09-20 16:20:02.142,2026-09-20 16:20:02.326,2026-09-20 16:20:02.326,2026-09-20
"980","F7ZyrAM82E","MOOSPMv3Parser",1789921200,11,11,13,24,24,14,14,24,24,14,840,687,115745,130,102,12,102,102,23,45,102,0,20,25,59,47,13.639,137,2,35.963039,-119.291794,57.348999,5,600,58,3,"e00fce68d6b773b56ce8baa0",2026-09-20 16:20:02.724,2026-09-20 16:20:02.944,2026-09-20 16:20:02.944,2026-09-20
"981","Bewc7acx9K","MOOSPMv3Parser",1789921200,12,12,9,18,18,9,9,19,19,9,2748,647,159059,114,69,9,69,69,23,51,69,0,23,26,51,44,15.541,142,1,35.774994,-119.238556,70.158997,7,600,58,3,"e00fce68e88237db75a60608",2026-09-20 16:20:03.232,2026-09-20 16:20:03.419,2026-09-20 16:20:03.419,2026-09-20
"982","rKmFH3SBwA","MOOSPMv3Parser",1789921200,10,10,6,14,14,6,6,15,15,6,1936,524,256890,81,44,6,45,45,24,46,45,0,24,27,51,44,18.602,153,1,35.949318,-119.050079,81.452003,7,600,58,3,"e00fce6808784ceaf209f949",2026-09-20 16:20:03.938,2026-09-20 16:20:04.12,2026-09-20 16:20:04.12,2026-09-20
"983","JQvAJAFYTb","MOOSPMv3Parser",1789921200,6,6,0,9,9,0,0,9,9,0,1378,332,0,54,0,4,0,0,24,37,0,2,24,27,44,41,14.152,148,1,36.187534,-119.822159,23.681,9,600,58,3,"e00fce68e739ecbcf9e91965",2026-09-20 16:20:04.01,2026-09-20 16:20:04.189,2026-09-20 16:20:04.189,2026-09-20
"984","fbeFXB22w8","MOOSPMv3Parser",1789921200,12,11,16,26,22,35,51,37,32,58,2296,716,201834,197,108,44,127,131,2,1,131,1,22,23,50,50,16.855,54,8,36.433693,-119.923286,9.781,7,600,58,3,"e00fce6876826e255108c6bd",2026-09-20 16:20:04.055,2026-09-20 16:20:04.231,2026-09-20 16:20:04.231,2026-09-20
"985","h1gRY7NxbR","MOOSPMv3Parser",1789921200,4,4,4,7,7,4,4,7,7,4,1079,266,313255,46,33,2,34,34,23,37,34,0,28,26,34,40,31.867,131,1,36.139038,-120.368408,160.182007,7,600,58,3,"e00fce6850cac69f647dc199",2026-09-20 16:20:04.091,2026-09-20 16:20:04.263,2026-09-20 16:20:04.263,2026-09-20
"986","ybCSIDCXZm","MOOSPMv3Parser",1789921201,7,7,0,9,9,0,0,10,10,0,1313,372,219311,59,0,4,0,0,24,41,0,0,24,26,50,46,19.599,218,3277,1.8e-05,0.002333,20257.880859,9,600,58,3,"e00fce68e28dcbc9a589be10",2026-09-20 16:20:04.28,2026-09-20 16:20:04.492,2026-09-20 16:20:04.492,2026-09-20
"987","IE0mnopdje","MOOSPMv3Parser",1789921201,7,7,4,9,9,4,4,10,10,4,2363,399,68785,54,30,3,30,30,22,59,30,0,23,23,57,57,17.077,194,1,36.503017,-120.325356,61.741001,8,600,58,3,"e00fce68e77e43df92405fdb",2026-09-20 16:20:08.26,2026-09-20 16:20:08.533,2026-09-20 16:20:08.533,2026-09-20
"988","F9tm152XNM","MOOSPMv3Parser",1789921800,11,11,8,15,15,8,8,16,16,8,2168,608,122484,87,63,4,63,63,22,59,63,0,24,24,53,52,24.599,122,8,36.523323,-119.278816,96.306,7,600,58,3,"e00fce68f12da1a0c5de6248",2026-09-20 16:30:02.112,2026-09-20 16:30:02.247,2026-09-20 16:30:02.247,2026-09-20
"989","pARPNe8v4d","MOOSPMv3Parser",1789921800,9,9,12,21,21,12,12,22,22,12,773,627,115822,120,92,11,92,92,23,44,92,0,20,25,59,47,15.039,133,2,35.963024,-119.291809,97.311996,7,600,58,3,"e00fce68d6b773b56ce8baa0",2026-09-20 16:30:02.57,2026-09-20 16:30:02.762,2026-09-20 16:30:02.762,2026-09-20
"990","eojYT2nHkN","MOOSPMv3Parser",1789921801,0,0,2,1,1,2,2,1,1,2,281,180,51505,27,15,2,15,15,24,36,15,0,25,27,38,36,21.128,121,2,36.198906,-120.104401,89.901001,10,600,58,3,"e00fce686dc2ef0a68fa40b0",2026-09-20 16:30:02.761,2026-09-20 16:30:02.92,2026-09-20 16:30:02.92,2026-09-20
"991","61OD8Kw6BG","MOOSPMv3Parser",1789921800,12,12,9,18,18,10,10,18,18,10,2757,656,159122,107,72,8,72,72,24,50,72,0,22,26,51,44,15.952,140,1,35.775047,-119.238579,75.075996,10,600,58,3,"e00fce68e88237db75a60608",2026-09-20 16:30:03.293,2026-09-20 16:30:03.426,2026-09-20 16:30:03.426,2026-09-20
"992","ErfwlRAqQK","MOOSPMv3Parser",1789921801,7,7,4,9,9,4,4,10,10,4,2352,403,68813,53,32,3,32,32,-10,-10,32,0,23,24,58,58,17.845,190,1,36.503082,-120.325401,61.081001,10,600,58,3,"e00fce68e77e43df92405fdb",2026-09-20 16:30:03.315,2026-09-20 16:30:03.487,2026-09-20 16:30:03.487,2026-09-20
"993","2VH3I9dvxG","MOOSPMv3Parser",1789921800,10,10,6,14,14,6,6,15,15,6,2006,542,256929,87,46,6,46,46,24,47,46,0,24,27,52,46,18.042,152,1,35.949318,-119.050079,81.450996,0,600,58,3,"e00fce6808784ceaf209f949",2026-09-20 16:30:03.858,2026-09-20 16:30:04.035,2026-09-20 16:30:04.035,2026-09-20
"994","twD0BX9Vkk","MOOSPMv3Parser",1789921800,9,9,11,18,18,21,28,25,24,32,1803,561,201889,135,79,26,88,89,2,1,90,1,22,23,51,50,18.744,55,10,36.433556,-119.92337,30.179001,8,600,58,3,"e00fce6876826e255108c6bd",2026-09-20 16:30:03.887,2026-09-20 16:30:04.054,2026-09-20 16:30:04.054,2026-09-20
"995","l9Sl5FQnB7","MOOSPMv3Parser",1789921800,6,6,0,10,10,0,0,10,10,0,1411,353,0,58,0,6,0,0,24,36,0,2,24,26,45,41,15.42,150,1,36.187534,-119.822159,23.681,0,600,58,3,"e00fce68e739ecbcf9e91965",2026-09-20 16:30:04.095,2026-09-20 16:30:04.253,2026-09-20 16:30:04.253,2026-09-20
"996","o01RC8Iaa8","MOOSPMv3Parser",1789921801,7,7,0,9,9,0,0,10,10,0,1308,368,219311,59,0,4,0,0,25,39,0,0,26,28,45,42,20.185,212,3277,1.8e-05,0.002333,20257.880859,9,600,58,3,"e00fce68e28dcbc9a589be10",2026-09-20 16:30:04.281,2026-09-20 16:30:04.49,2026-09-20 16:30:04.49,2026-09-20
"997","LRtHUgQm5Z","MOOSPMv3Parser",1789921800,5,5,4,7,7,4,4,7,7,4,1086,274,313287,44,31,3,31,31,24,33,31,0,30,28,31,37,42.676,58,2,36.138935,-120.368317,170.557999,7,600,58,3,"e00fce6850cac69f647dc199",2026-09-20 16:30:04.499,2026-09-20 16:30:04.655,2026-09-20 16:30:04.655,2026-09-20
"998","zW2fHL2MKg","MOOSPMv3Parser",1789922400,11,11,7,15,15,8,8,16,16,8,2128,596,122536,86,59,3,59,59,22,57,59,0,24,25,53,51,26.645,101,10,36.523304,-119.278702,81.458,7,600,58,3,"e00fce68f12da1a0c5de6248",2026-09-20 16:40:02.104,2026-09-20 16:40:02.238,2026-09-20 16:40:02.238,2026-09-20
"999","5LyyFLFdAC","MOOSPMv3Parser",1789922400,8,8,11,19,19,12,12,21,21,12,740,595,115894,113,87,10,87,87,23,44,87,0,20,26,59,46,15.657,127,2,35.963116,-119.291801,46.549,7,600,58,3,"e00fce68d6b773b56ce8baa0",2026-09-20 16:40:02.253,2026-09-20 16:40:02.416,2026-09-20 16:40:02.416,2026-09-20
"1000","sp3XdBkT85","MOOSPMv3Parser",1789922401,0,0,2,0,0,2,2,1,1,2,283,181,51516,27,13,2,13,13,25,36,13,0,26,28,37,36,22.401,107,2,36.198872,-120.104431,62.310001,6,600,58,3,"e00fce686dc2ef0a68fa40b0",2026-09-20 16:40:02.771,2026-09-20 16:40:02.957,2026-09-20 16:40:02.957,2026-09-20
"1001","pmoEQpJb3Z","MOOSPMv3Parser",1789922400,13,13,9,19,19,9,9,19,19,9,2821,670,159183,112,69,9,69,69,24,49,69,0,23,26,51,44,16.687,137,1,35.775032,-119.238533,62.929001,11,600,58,3,"e00fce68e88237db75a60608",2026-09-20 16:40:03.289,2026-09-20 16:40:03.487,2026-09-20 16:40:03.487,2026-09-20
"1002","PX1TRyHN0s","MOOSPMv3Parser",1789922401,8,8,4,11,11,4,4,11,11,4,2362,435,68841,58,32,5,32,32,22,52,32,0,23,24,49,51,22.114,175,1,36.503162,-120.325432,57.596001,7,600,58,3,"e00fce68e77e43df92405fdb",2026-09-20 16:40:03.428,2026-09-20 16:40:03.575,2026-09-20 16:40:03.575,2026-09-20
"1003","gGHj0yAYFO","MOOSPMv3Parser",1789922400,4,4,4,6,6,4,4,7,7,4,1053,267,313318,46,31,2,31,31,25,30,31,0,31,28,30,36,46.55,36,3,36.138908,-120.368256,188.112,7,600,58,3,"e00fce6850cac69f647dc199",2026-09-20 16:40:03.55,2026-09-20 16:40:03.684,2026-09-20 16:40:03.684,2026-09-20
"1004","bGO6qttCrm","MOOSPMv3Parser",1789922400,10,10,6,15,15,6,6,16,16,6,2096,570,256967,92,46,5,46,46,25,43,46,0,25,28,47,42,17.795,162,1,35.949272,-119.04995,100.752998,8,600,58,3,"e00fce6808784ceaf209f949",2026-09-20 16:40:03.939,2026-09-20 16:40:04.079,2026-09-20 16:40:04.079,2026-09-20
"1005","cZDhYBQrJM","MOOSPMv3Parser",1789922400,6,6,0,10,10,0,0,11,11,0,1469,366,0,62,0,6,0,0,24,37,0,2,24,27,45,42,14.231,155,2,36.18755,-119.822128,17.436001,10,600,58,3,"e00fce68e739ecbcf9e91965",2026-09-20 16:40:04.008,2026-09-20 16:40:04.195,2026-09-20 16:40:04.195,2026-09-20
"1006","VZM9XW2ara","MOOSPMv3Parser",1789922400,8,8,8,14,14,11,13,17,17,14,1527,472,201941,94,63,13,65,65,0,0,66,1,22,23,53,52,18.335,55,12,36.433575,-119.923279,15.648,9,600,58,3,"e00fce6876826e255108c6bd",2026-09-20 16:40:04.04,2026-09-20 16:40:04.24,2026-09-20 16:40:04.24,2026-09-20
"1007","ZD3ptf49Nl","MOOSPMv3Parser",1789922401,6,6,0,9,9,0,0,9,9,0,1269,359,219311,61,0,3,0,0,25,37,0,0,26,29,44,41,22.787,196,3277,1.8e-05,0.002333,20257.880859,9,600,58,3,"e00fce68e28dcbc9a589be10",2026-09-20 16:40:04.368,2026-09-20 16:40:04.554,2026-09-20 16:40:04.554,2026-09-20
"1008","nCgxLApsyt","MOOSPMv3Parser",1789923000,7,7,11,19,19,11,11,20,20,11,732,593,115965,112,85,10,85,85,24,43,85,0,20,27,59,44,16.373,123,3,35.963039,-119.291763,40.508999,8,600,58,3,"e00fce68d6b773b56ce8baa0",2026-09-20 16:50:02.642,2026-09-20 16:50:02.919,2026-09-20 16:50:02.919,2026-09-20
"1009","UgV7AfYRRF","MOOSPMv3Parser",1789923001,0,0,2,1,1,2,2,1,1,2,284,185,51527,27,14,2,14,14,26,35,14,0,27,29,36,35,21.615,180,2,36.199024,-120.10434,85.342003,7,600,58,3,"e00fce686dc2ef0a68fa40b0",2026-09-20 16:50:03.069,2026-09-20 16:50:03.221,2026-09-20 16:50:03.221,2026-09-20
"1010","qVIdDaPrFa","MOOSPMv3Parser",1789923000,13,13,9,19,19,10,10,20,20,10,2811,663,159247,118,73,8,73,73,24,48,73,0,23,27,50,43,16.995,137,1,35.775043,-119.23851,67.914001,11,600,58,3,"e00fce68e88237db75a60608",2026-09-20 16:50:03.224,2026-09-20 16:50:03.449,2026-09-20 16:50:03.449,2026-09-20
"1011","IIcpD3idxp","MOOSPMv3Parser",1789923001,7,7,4,9,9,4,4,10,10,4,2303,392,68868,53,31,3,31,31,22,49,31,0,24,24,49,50,28.02,132,1,36.503162,-120.325432,57.592999,0,600,58,3,"e00fce68e77e43df92405fdb",2026-09-20 16:50:03.335,2026-09-20 16:50:03.494,2026-09-20 16:50:03.494,2026-09-20
"1012","2U3V998W1Q","MOOSPMv3Parser",1789923000,6,6,0,9,9,0,0,10,10,0,1389,344,0,57,0,5,0,0,25,35,0,2,26,28,43,39,15.027,154,2,36.187515,-119.822037,25.304001,10,600,58,3,"e00fce68e739ecbcf9e91965",2026-09-20 16:50:03.928,2026-09-20 16:50:04.104,2026-09-20 16:50:04.104,2026-09-20
"1013","xAkEWMV5HC","MOOSPMv3Parser",1789923000,4,4,4,6,6,4,4,7,7,4,1050,257,313348,42,31,3,31,31,27,28,31,0,32,30,28,33,49.196,36,3,36.138882,-120.368233,177.432007,7,600,58,3,"e00fce6850cac69f647dc199",2026-09-20 16:50:03.957,2026-09-20 16:50:04.175,2026-09-20 16:50:04.175,2026-09-20
"1014","0e2xcGZ4bS","MOOSPMv3Parser",1789923000,10,10,6,14,14,6,6,15,15,6,1982,536,257006,84,46,6,46,46,25,43,46,0,25,28,49,42,18.579,149,1,35.949551,-119.049904,118.375,8,600,58,3,"e00fce6808784ceaf209f949",2026-09-20 16:50:04.032,2026-09-20 16:50:04.204,2026-09-20 16:50:04.204,2026-09-20
"1015","4DdejCEdOu","MOOSPMv3Parser",1789923000,9,9,9,15,15,9,10,17,17,10,1646,506,201998,99,67,12,68,68,1,1,68,0,23,24,53,53,17.877,55,10,36.433678,-119.923271,55.824001,7,600,58,3,"e00fce6876826e255108c6bd",2026-09-20 16:50:03.967,2026-09-20 16:50:04.219,2026-09-20 16:50:04.219,2026-09-20
"1016","BYO5DNc0s2","MOOSPMv3Parser",1789923001,6,6,0,8,8,0,0,9,9,0,1211,339,219311,55,0,3,0,0,26,34,0,0,27,29,42,39,25.689,174,3277,1.8e-05,0.002333,20257.880859,9,600,58,3,"e00fce68e28dcbc9a589be10",2026-09-20 16:50:04.349,2026-09-20 16:50:04.518,2026-09-20 16:50:04.518,2026-09-20
"1017","7x1BWklnHb","MOOSPMv3Parser",1789923000,11,11,9,15,15,9,9,16,16,9,2110,587,122594,88,67,5,67,67,23,54,67,0,24,25,51,49,26.359,111,12,36.523266,-119.278831,70.708,7,600,58,3,"e00fce68f12da1a0c5de6248",2026-09-20 16:50:08.084,2026-09-20 16:50:08.303,2026-09-20 16:50:08.303,2026-09-20
"1018","txg5m36XP6","MOOSPMv3Parser",1789923601,0,0,2,1,1,2,2,1,1,2,283,185,51539,27,14,2,14,14,27,34,14,0,28,30,34,32,23.546,191,1,36.198879,-120.104324,79.083,6,600,58,3,"e00fce686dc2ef0a68fa40b0",2026-09-20 17:00:02.206,2026-09-20 17:00:02.376,2026-09-20 17:00:02.376,2026-09-20
"1019","MIcrOJHnSb","MOOSPMv3Parser",1789923600,10,10,7,14,14,7,7,15,15,7,2020,557,122642,82,55,4,55,55,23,53,55,0,25,26,50,48,28.13,86,13,36.523399,-119.278748,84.817001,6,600,58,3,"e00fce68f12da1a0c5de6248",2026-09-20 17:00:02.197,2026-09-20 17:00:02.46,2026-09-20 17:00:02.46,2026-09-20
"1020","xND0LUURgb","MOOSPMv3Parser",1789923600,6,6,10,15,15,10,10,17,17,10,661,528,116030,98,77,9,77,77,25,40,77,0,24,28,49,42,18.978,106,3,35.962933,-119.291687,94.273003,6,600,58,3,"e00fce68d6b773b56ce8baa0",2026-09-20 17:00:02.41,2026-09-20 17:00:02.636,2026-09-20 17:00:02.636,2026-09-20
"1021","RplDAyxb6W","MOOSPMv3Parser",1789923600,13,13,9,19,19,10,10,20,20,10,2833,675,159310,116,72,9,73,73,24,46,73,0,24,28,49,42,18.356,131,1,35.77504,-119.23851,73.638,12,600,58,3,"e00fce68e88237db75a60608",2026-09-20 17:00:03.275,2026-09-20 17:00:03.443,2026-09-20 17:00:03.443,2026-09-20
"1022","FhmaUDBtNT","MOOSPMv3Parser",1789923601,6,6,4,9,9,4,4,10,10,4,2182,380,68894,51,30,3,30,30,-10,-10,30,0,24,25,44,47,30.61,108,1,36.503166,-120.325394,53.889,9,600,58,3,"e00fce68e77e43df92405fdb",2026-09-20 17:00:03.535,2026-09-20 17:00:03.709,2026-09-20 17:00:03.709,2026-09-20
"1023","lwNI5JR3gR","MOOSPMv3Parser",1789923600,10,10,6,14,14,6,6,15,15,6,1989,538,257044,88,44,6,45,45,25,41,45,0,25,28,47,41,20.808,129,1,35.949593,-119.049904,121.403999,7,600,58,3,"e00fce6808784ceaf209f949",2026-09-20 17:00:03.863,2026-09-20 17:00:04.027,2026-09-20 17:00:04.027,2026-09-20
"1024","bj43mwBDoc","MOOSPMv3Parser",1789923600,6,6,0,10,10,0,0,10,10,0,1452,355,0,60,0,6,0,0,26,32,0,2,26,29,40,37,16.345,136,3,36.187565,-119.822052,7.504,10,600,58,3,"e00fce68e739ecbcf9e91965",2026-09-20 17:00:04.005,2026-09-20 17:00:04.21,2026-09-20 17:00:04.21,2026-09-20
"1025","hT7d1m4YiC","MOOSPMv3Parser",1789923600,4,4,4,6,6,4,4,6,6,4,991,246,313377,43,31,3,31,31,28,25,31,0,33,31,27,31,51.911,28,3,36.138908,-120.368225,170.682007,7,600,58,3,"e00fce6850cac69f647dc199",2026-09-20 17:00:04.097,2026-09-20 17:00:04.269,2026-09-20 17:00:04.269,2026-09-20
"1026","uxgDlOP1If","MOOSPMv3Parser",1789923600,9,9,8,14,14,9,9,15,15,9,1611,496,202050,87,61,9,61,61,0,0,61,0,24,25,50,50,18.098,56,9,36.433704,-119.923355,48.117001,9,600,58,3,"e00fce6876826e255108c6bd",2026-09-20 17:00:04.12,2026-09-20 17:00:04.315,2026-09-20 17:00:04.315,2026-09-20
"1027","ffpivaKXc6","MOOSPMv3Parser",1789923601,6,6,0,8,8,0,0,9,9,0,1191,333,219311,53,0,3,0,0,27,33,0,0,27,30,41,38,26.818,161,3277,1.8e-05,0.002333,20257.880859,9,600,58,3,"e00fce68e28dcbc9a589be10",2026-09-20 17:00:04.332,2026-09-20 17:00:04.603,2026-09-20 17:00:04.603,2026-09-20
"1028","sWpJfoiqku","MOOSPMv3Parser",1789924201,0,0,2,1,1,2,2,1,1,2,284,183,51552,26,16,2,16,16,28,33,16,0,29,32,34,32,25.831,200,1,36.198849,-120.104332,90.999001,8,600,58,3,"e00fce686dc2ef0a68fa40b0",2026-09-20 17:10:02.518,2026-09-20 17:10:02.731,2026-09-20 17:10:02.731,2026-09-20
"1029","0RUKVk5fJK","MOOSPMv3Parser",1789924200,6,6,9,12,12,9,9,14,14,9,613,481,116086,92,67,10,68,68,26,39,68,0,25,29,47,40,21.381,86,4,35.963272,-119.291763,28.195999,7,600,58,3,"e00fce68d6b773b56ce8baa0",2026-09-20 17:10:02.651,2026-09-20 17:10:02.833,2026-09-20 17:10:02.833,2026-09-20
"1030","Ww98pshXRD","MOOSPMv3Parser",1789924200,13,13,9,18,18,9,9,19,19,9,2813,668,159371,115,69,7,70,70,25,44,70,0,24,29,48,40,19.629,124,1,35.775101,-119.238586,51.006001,11,600,58,3,"e00fce68e88237db75a60608",2026-09-20 17:10:03.223,2026-09-20 17:10:03.451,2026-09-20 17:10:03.451,2026-09-20
"1031","ZQ8H1bSJpa","MOOSPMv3Parser",1789924201,6,6,4,9,9,4,4,10,10,4,2183,374,68919,53,30,4,30,30,23,43,30,0,24,25,44,46,28.481,112,2,36.50322,-120.32534,54.987,9,600,58,3,"e00fce68e77e43df92405fdb",2026-09-20 17:10:03.339,2026-09-20 17:10:03.523,2026-09-20 17:10:03.523,2026-09-20
"1032","dGgYuO78Fq","MOOSPMv3Parser",1789924200,10,10,6,14,14,6,6,14,14,6,1949,528,257079,83,44,5,44,44,25,41,44,0,25,28,48,41,21.628,114,1,35.949497,-119.049911,134.550995,6,600,58,3,"e00fce6808784ceaf209f949",2026-09-20 17:10:03.938,2026-09-20 17:10:04.081,2026-09-20 17:10:04.081,2026-09-20
"1033","KDoXkgeZtN","MOOSPMv3Parser",1789924200,7,7,0,10,10,0,0,11,11,0,1550,392,0,65,0,6,0,0,26,32,0,2,26,29,42,38,19.265,112,3,36.187531,-119.822121,8.296,8,600,58,3,"e00fce68e739ecbcf9e91965",2026-09-20 17:10:04.006,2026-09-20 17:10:04.164,2026-09-20 17:10:04.164,2026-09-20
"1034","w8RwoP9zIy","MOOSPMv3Parser",1789924200,8,8,8,13,13,8,8,15,15,8,1551,481,202101,87,59,8,59,59,0,0,59,0,24,25,50,50,18.182,56,10,36.433666,-119.923347,44.855999,10,600,58,3,"e00fce6876826e255108c6bd",2026-09-20 17:10:04.11,2026-09-20 17:10:04.297,2026-09-20 17:10:04.297,2026-09-20
"1035","SCXlQ43USo","MOOSPMv3Parser",1789924200,4,4,4,6,6,4,4,6,6,4,988,242,313400,37,28,2,28,28,29,23,28,0,34,33,25,30,54.683,26,3,36.138908,-120.368225,170.677994,0,600,58,3,"e00fce6850cac69f647dc199",2026-09-20 17:10:04.354,2026-09-20 17:10:04.505,2026-09-20 17:10:04.505,2026-09-20
"1036","GzW9q9Xqgi","MOOSPMv3Parser",1789924201,6,6,0,9,9,0,0,9,9,0,1216,343,219311,56,0,3,0,0,27,33,0,0,28,31,42,38,26.639,165,3277,1.8e-05,0.002333,20257.880859,9,600,58,3,"e00fce68e28dcbc9a589be10",2026-09-20 17:10:04.373,2026-09-20 17:10:04.596,2026-09-20 17:10:04.596,2026-09-20
"1037","9yzCH4bvWg","MOOSPMv3Parser",1789924200,10,10,7,13,13,7,7,14,14,7,1900,529,122691,76,55,4,56,56,24,50,56,0,26,27,46,45,28.993,86,15,36.523426,-119.27874,102.902,7,600,58,3,"e00fce68f12da1a0c5de6248",2026-09-20 17:10:06.132,2026-09-20 17:10:06.295,2026-09-20 17:10:06.295,2026-09-20
"1038","PUYz8lmEko","MOOSPMv3Parser",1789924800,10,10,5,14,14,6,6,14,14,6,1948,532,257974,85,42,5,43,43,26,39,43,0,26,29,45,39,21.388,122,1,35.949619,-119.049866,121.435997,6,598,58,3,"e00fce6808784ceaf209f949",2026-09-20 17:20:01.952,2026-09-20 17:20:02.103,2026-09-20 17:20:02.103,2026-09-20
"1039","dm3yeby2E2","MOOSPMv3Parser",1789924800,9,9,7,12,12,7,7,13,13,7,1859,510,122738,69,53,3,53,53,25,48,53,0,26,28,47,43,29.085,92,15,36.523354,-119.278816,70.084,9,600,58,3,"e00fce68f12da1a0c5de6248",2026-09-20 17:20:02.126,2026-09-20 17:20:02.293,2026-09-20 17:20:02.293,2026-09-20
"1040","pgsskYn0uF","MOOSPMv3Parser",1789924800,5,5,8,9,9,8,8,10,10,8,566,443,116136,81,60,7,60,60,27,38,60,0,25,30,47,39,21.47,81,5,35.963379,-119.291855,25.294001,7,600,58,3,"e00fce68d6b773b56ce8baa0",2026-09-20 17:20:02.414,2026-09-20 17:20:02.595,2026-09-20 17:20:02.595,2026-09-20
"1041","a9MMmWmA8E","MOOSPMv3Parser",1789924801,0,0,2,1,1,2,2,1,1,2,288,187,51564,24,14,2,14,14,28,31,14,0,29,33,34,29,29.323,85,1,36.198772,-120.104424,72.038002,9,600,58,3,"e00fce686dc2ef0a68fa40b0",2026-09-20 17:20:02.758,2026-09-20 17:20:02.923,2026-09-20 17:20:02.923,2026-09-20
"1042","3ZBYItfBCA","MOOSPMv3Parser",1789924800,12,12,9,17,17,10,10,18,18,10,2749,641,159434,108,71,7,72,72,26,41,72,0,25,31,45,36,21.454,114,1,35.775082,-119.238503,61.973999,9,600,58,3,"e00fce68e88237db75a60608",2026-09-20 17:20:03.302,2026-09-20 17:20:03.509,2026-09-20 17:20:03.509,2026-09-20
"1043","iMuqX7htF5","MOOSPMv3Parser",1789924801,6,6,3,9,9,4,4,9,9,4,2235,366,68943,49,27,4,27,27,23,42,27,0,24,26,44,44,28.67,118,2,36.503174,-120.325378,50.408001,9,600,58,3,"e00fce68e77e43df92405fdb",2026-09-20 17:20:03.544,2026-09-20 17:20:03.76,2026-09-20 17:20:03.76,2026-09-20
"1044","XvJ6nFA0P1","MOOSPMv3Parser",1789924800,7,7,0,10,10,0,0,11,11,0,1616,405,0,67,0,4,0,0,27,30,0,2,26,30,41,36,20.801,103,4,36.18758,-119.822182,-6.965,8,600,58,3,"e00fce68e739ecbcf9e91965",2026-09-20 17:20:04.011,2026-09-20 17:20:04.174,2026-09-20 17:20:04.174,2026-09-20
"1045","9B7FjzJfio","MOOSPMv3Parser",1789924800,9,9,8,14,14,8,8,15,15,8,1659,513,202154,92,60,7,61,61,0,0,61,0,25,26,48,49,17.943,56,9,36.433594,-119.923279,15.874,9,600,58,3,"e00fce6876826e255108c6bd",2026-09-20 17:20:04.19,2026-09-20 17:20:04.453,2026-09-20 17:20:04.453,2026-09-20
"1046","TPmLG5NrSk","MOOSPMv3Parser",1789924801,6,6,0,9,9,0,0,9,9,0,1246,350,219311,56,0,2,0,0,28,30,0,0,29,33,38,34,26.748,160,3277,1.8e-05,0.002333,20257.880859,9,600,58,3,"e00fce68e28dcbc9a589be10",2026-09-20 17:20:04.366,2026-09-20 17:20:04.534,2026-09-20 17:20:04.534,2026-09-20
"1047","euO345200W","MOOSPMv3Parser",1789924800,4,4,3,6,6,4,4,6,6,4,990,242,313422,38,27,2,27,27,30,20,27,0,35,34,24,28,54.046,28,2,36.138977,-120.368355,156.550003,10,600,58,3,"e00fce6850cac69f647dc199",2026-09-20 17:20:04.681,2026-09-20 17:20:04.846,2026-09-20 17:20:04.846,2026-09-20
"1048","jNe9ZggesX","MOOSPMv3Parser",1789925400,9,9,5,13,13,5,5,13,13,5,1847,500,257149,80,41,5,41,41,26,38,41,0,26,29,46,39,22.958,106,1,35.949581,-119.049965,78.719002,7,600,58,3,"e00fce6808784ceaf209f949",2026-09-20 17:30:01.94,2026-09-20 17:30:02.099,2026-09-20 17:30:02.099,2026-09-20
"1049","2dYvlEhm0c","MOOSPMv3Parser",1789925400,5,5,7,9,9,8,8,10,10,8,564,441,116183,80,57,8,57,57,28,37,57,0,25,31,47,39,21.873,77,5,35.963326,-119.291847,20.766001,5,600,58,3,"e00fce68d6b773b56ce8baa0",2026-09-20 17:30:02.59,2026-09-20 17:30:02.825,2026-09-20 17:30:02.825,2026-09-20
"1050","BoHya6vBUs","MOOSPMv3Parser",1789925400,9,9,6,13,13,7,7,13,13,7,1808,499,122781,74,50,3,50,50,25,45,50,0,26,28,46,42,30.497,81,14,36.523384,-119.278763,71.82,9,600,58,3,"e00fce68f12da1a0c5de6248",2026-09-20 17:30:02.768,2026-09-20 17:30:02.947,2026-09-20 17:30:02.947,2026-09-20
"1051","PI3ZDWYxuq","MOOSPMv3Parser",1789925401,0,0,2,1,1,2,2,1,1,2,298,193,51576,26,15,2,15,15,29,30,15,0,29,33,33,29,30.951,47,1,36.198933,-120.104439,66.792,9,600,58,3,"e00fce686dc2ef0a68fa40b0",2026-09-20 17:30:03.092,2026-09-20 17:30:03.225,2026-09-20 17:30:03.225,2026-09-20
"1052","k8LUxzmFAw","MOOSPMv3Parser",1789925400,12,12,9,17,17,9,9,18,18,9,2681,622,159494,109,69,8,69,69,28,37,69,0,27,32,42,34,22.644,111,1,35.775116,-119.238472,62.660999,11,600,58,3,"e00fce68e88237db75a60608",2026-09-20 17:30:03.233,2026-09-20 17:30:03.522,2026-09-20 17:30:03.522,2026-09-20
"1053","U3EatbYYxp","MOOSPMv3Parser",1789925401,6,6,4,9,9,4,4,10,10,4,2439,380,68970,50,30,3,31,31,24,41,31,0,25,27,43,43,28.289,119,2,36.503132,-120.325409,41.119999,10,600,58,3,"e00fce68e77e43df92405fdb",2026-09-20 17:30:03.339,2026-09-20 17:30:03.55,2026-09-20 17:30:03.55,2026-09-20
"1054","ndkiC8CsVW","MOOSPMv3Parser",1789925400,4,4,3,6,6,3,3,6,6,3,977,240,313442,39,25,2,25,26,31,19,26,0,36,35,23,27,335.355,33,2,36.13892,-120.368385,163.057999,7,600,58,3,"e00fce6850cac69f647dc199",2026-09-20 17:30:03.88,2026-09-20 17:30:04.085,2026-09-20 17:30:04.085,2026-09-20
"1055","zcHV63A5FK","MOOSPMv3Parser",1789925400,9,9,8,14,14,8,8,15,15,8,1686,518,202208,90,62,7,62,62,0,0,62,0,26,26,46,47,18.194,57,9,36.433609,-119.923347,31.6,9,600,58,3,"e00fce6876826e255108c6bd",2026-09-20 17:30:04.113,2026-09-20 17:30:04.28,2026-09-20 17:30:04.28,2026-09-20
"1056","qjXEXob4tS","MOOSPMv3Parser",1789925400,6,6,0,10,10,0,0,10,10,0,1495,368,0,63,0,4,0,0,27,29,0,2,26,30,40,36,23.009,85,5,36.187576,-119.822021,23.740999,8,600,58,3,"e00fce68e739ecbcf9e91965",2026-09-20 17:30:04.152,2026-09-20 17:30:04.371,2026-09-20 17:30:04.371,2026-09-20
"1057","JJtWBN57Lm","MOOSPMv3Parser",1789925401,8,8,0,11,11,0,0,11,11,0,1514,425,219311,62,0,3,0,0,29,26,0,0,29,33,35,32,29.998,140,3277,1.8e-05,0.002333,20257.880859,9,600,58,3,"e00fce68e28dcbc9a589be10",2026-09-20 17:30:04.342,2026-09-20 17:30:04.533,2026-09-20 17:30:04.533,2026-09-20
"1058","Y9vje9tmXd","MOOSPMv3Parser",1789926000,9,9,5,13,13,6,6,13,13,6,1866,503,257182,73,42,5,43,43,27,36,43,0,26,30,43,37,23.201,99,1,35.949707,-119.049957,99.676003,10,600,58,3,"e00fce6808784ceaf209f949",2026-09-20 17:40:01.931,2026-09-20 17:40:02.121,2026-09-20 17:40:02.121,2026-09-20
"1059","WX6DcidmfH","MOOSPMv3Parser",1789926000,9,9,6,12,12,6,6,12,12,6,1728,478,122823,64,48,2,48,48,25,44,48,0,26,28,46,42,31.707,68,14,36.523384,-119.278763,71.819,0,600,58,3,"e00fce68f12da1a0c5de6248",2026-09-20 17:40:02.264,2026-09-20 17:40:02.405,2026-09-20 17:40:02.405,2026-09-20
"1060","6nwy3J6GWu","MOOSPMv3Parser",1789926001,0,0,2,1,1,2,2,1,1,2,315,210,51589,31,15,2,15,15,30,31,15,0,30,34,33,30,32.611,38,1,36.19886,-120.104439,71.023003,10,600,58,3,"e00fce686dc2ef0a68fa40b0",2026-09-20 17:40:02.289,2026-09-20 17:40:02.441,2026-09-20 17:40:02.441,2026-09-20
"1061","UTm6DsCJCW","MOOSPMv3Parser",1789926000,4,4,7,9,9,7,7,10,10,7,562,437,116229,80,55,8,55,55,28,36,55,0,25,31,47,38,21.198,82,5,35.963326,-119.291847,20.768999,0,600,58,3,"e00fce68d6b773b56ce8baa0",2026-09-20 17:40:02.284,2026-09-20 17:40:02.511,2026-09-20 17:40:02.511,2026-09-20
"1062","4FAKnHss8J","MOOSPMv3Parser",1789926001,7,7,4,9,9,4,4,9,9,4,2388,390,68996,52,30,2,30,30,24,40,30,0,25,27,43,43,28.543,118,2,36.503029,-120.325378,45.609001,10,600,58,3,"e00fce68e77e43df92405fdb",2026-09-20 17:40:03.315,2026-09-20 17:40:03.466,2026-09-20 17:40:03.466,2026-09-20
"1063","P4I5HfHAIw","MOOSPMv3Parser",1789926000,11,11,8,16,16,8,8,17,17,8,2575,588,159546,98,60,6,60,60,28,35,60,0,26,32,42,34,25.39,84,1,35.77512,-119.238495,64.740997,8,600,58,3,"e00fce68e88237db75a60608",2026-09-20 17:40:03.304,2026-09-20 17:40:03.476,2026-09-20 17:40:03.476,2026-09-20
"1064","txhG0aVJhl","MOOSPMv3Parser",1789926000,6,6,0,9,9,0,0,9,9,0,1433,349,0,57,0,3,0,0,28,28,0,2,28,32,39,34,24.31,76,7,36.187569,-119.821991,35.224998,8,600,58,3,"e00fce68e739ecbcf9e91965",2026-09-20 17:40:03.965,2026-09-20 17:40:04.107,2026-09-20 17:40:04.107,2026-09-20
"1065","dYg9vcB05Y","MOOSPMv3Parser",1789926000,8,8,7,12,12,7,7,14,14,7,1504,464,202590,83,51,8,52,52,0,0,52,0,26,27,46,46,19.452,57,9,36.433662,-119.923317,29.402,10,599,58,3,"e00fce6876826e255108c6bd",2026-09-20 17:40:03.967,2026-09-20 17:40:04.182,2026-09-20 17:40:04.182,2026-09-20
"1066","IcZ0eTFBO1","MOOSPMv3Parser",1789926001,7,7,0,9,9,0,0,10,10,0,1346,378,219311,59,0,4,0,0,30,24,0,0,30,34,33,30,32.383,128,3277,1.8e-05,0.002333,20257.880859,9,600,58,3,"e00fce68e28dcbc9a589be10",2026-09-20 17:40:04.367,2026-09-20 17:40:04.541,2026-09-20 17:40:04.541,2026-09-20
"1067","P4R5I3WQr3","MOOSPMv3Parser",1789926000,4,4,3,5,5,3,3,6,6,3,983,235,313460,36,25,2,25,25,32,17,25,0,36,36,22,25,512.578,34,2,36.138981,-120.368462,150.039993,9,600,58,3,"e00fce6850cac69f647dc199",2026-09-20 17:40:08.686,2026-09-20 17:40:08.853,2026-09-20 17:40:08.853,2026-09-20
"1068","zJhE1ES5O2","MOOSPMv3Parser",1789926600,10,10,5,14,14,6,6,15,15,6,2005,543,257216,84,42,6,43,43,28,34,43,0,28,32,41,35,24.414,93,1,35.94965,-119.049995,98.892998,9,600,58,3,"e00fce6808784ceaf209f949",2026-09-20 17:50:01.931,2026-09-20 17:50:02.085,2026-09-20 17:50:02.085,2026-09-20
"1069","ZN5v1dcRnA","MOOSPMv3Parser",1789926600,9,9,7,12,12,7,7,13,13,7,1761,486,122868,68,52,3,52,52,26,44,52,0,27,29,45,41,31.421,68,15,36.523357,-119.278671,85.598,9,600,58,3,"e00fce68f12da1a0c5de6248",2026-09-20 17:50:02.061,2026-09-20 17:50:02.214,2026-09-20 17:50:02.214,2026-09-20
"1070","fSlnbCvaeV","MOOSPMv3Parser",1789926600,4,4,7,8,8,7,7,9,9,7,558,430,116274,77,53,7,53,54,28,36,54,0,25,32,47,36,22.663,76,4,35.963356,-119.291855,-6.552,6,600,58,3,"e00fce68d6b773b56ce8baa0",2026-09-20 17:50:02.503,2026-09-20 17:50:02.752,2026-09-20 17:50:02.752,2026-09-20
"1071","R5dcfNJ0o5","MOOSPMv3Parser",1789926601,0,0,2,1,1,2,2,2,2,2,317,210,51601,30,15,2,15,15,31,30,15,0,30,35,34,29,33.53,31,1,36.19878,-120.104431,56.110001,7,600,58,3,"e00fce686dc2ef0a68fa40b0",2026-09-20 17:50:02.662,2026-09-20 17:50:02.9,2026-09-20 17:50:02.9,2026-09-20
"1072","pUUKlgpyLK","MOOSPMv3Parser",1789926600,10,10,7,14,14,7,7,14,14,7,2355,532,159593,87,54,3,54,54,28,34,54,0,26,32,42,34,29.434,67,1,35.77512,-119.238495,64.737999,0,600,58,3,"e00fce68e88237db75a60608",2026-09-20 17:50:03.307,2026-09-20 17:50:03.458,2026-09-20 17:50:03.458,2026-09-20
"1073","D2VaFkExpv","MOOSPMv3Parser",1789926601,7,7,4,10,10,4,4,10,10,4,2030,397,69021,57,29,4,29,29,25,37,29,0,26,28,41,41,28.928,130,2,36.503128,-120.325371,52.025002,11,600,58,3,"e00fce68e77e43df92405fdb",2026-09-20 17:50:03.446,2026-09-20 17:50:03.587,2026-09-20 17:50:03.587,2026-09-20
"1074","sP3l3hzvhA","MOOSPMv3Parser",1789926600,6,6,0,10,10,0,0,11,11,0,1552,379,0,65,0,5,0,0,28,28,0,2,28,32,40,35,24.954,80,7,36.187565,-119.82196,20.660999,9,600,58,3,"e00fce68e739ecbcf9e91965",2026-09-20 17:50:04.007,2026-09-20 17:50:04.158,2026-09-20 17:50:04.158,2026-09-20
"1075","uvPUxODhfD","MOOSPMv3Parser",1789926601,9,9,8,14,14,8,8,15,15,8,1672,515,202305,86,60,8,61,61,0,0,61,0,26,27,45,46,19.757,57,11,36.433609,-119.92334,25.287001,10,600,58,3,"e00fce6876826e255108c6bd",2026-09-20 17:50:04.366,2026-09-20 17:50:04.53,2026-09-20 17:50:04.53,2026-09-20
"1076","qaIll0HfOJ","MOOSPMv3Parser",1789926601,7,7,0,9,9,0,0,10,10,0,1409,394,219311,58,0,3,0,0,30,22,0,0,31,36,32,28,34.159,126,3277,1.8e-05,0.002333,20257.880859,9,600,58,3,"e00fce68e28dcbc9a589be10",2026-09-20 17:50:04.418,2026-09-20 17:50:04.603,2026-09-20 17:50:04.603,2026-09-20
"1077","kGbvLJbFlw","MOOSPMv3Parser",1789926600,3,3,3,5,5,3,3,5,5,3,934,222,313476,35,23,1,23,23,33,16,23,0,37,37,22,25,512.556,33,1,36.139076,-120.368294,191.457993,6,600,58,3,"e00fce6850cac69f647dc199",2026-09-20 17:50:04.588,2026-09-20 17:50:04.785,2026-09-20 17:50:04.785,2026-09-20
"1078","IBD4D41nNS","MOOSPMv3Parser",1789927200,11,11,6,15,15,6,6,16,16,6,2134,581,257252,88,43,6,43,43,28,32,43,0,27,32,42,35,23.765,103,1,35.949703,-119.049919,121.452003,8,600,58,3,"e00fce6808784ceaf209f949",2026-09-20 18:00:01.862,2026-09-20 18:00:02.035,2026-09-20 18:00:02.035,2026-09-20
"1079","FDCXO6MJTF","MOOSPMv3Parser",1789927200,4,4,7,9,9,8,8,9,9,8,562,437,116321,81,57,7,57,57,29,35,57,0,25,32,47,36,23.405,69,5,35.963486,-119.291916,25.947001,5,600,58,3,"e00fce68d6b773b56ce8baa0",2026-09-20 18:00:02.323,2026-09-20 18:00:02.517,2026-09-20 18:00:02.517,2026-09-20
"1080","Nfn6TnryHv","MOOSPMv3Parser",1789927200,11,11,10,15,14,11,11,16,16,11,2162,600,122938,84,80,5,81,81,26,44,81,0,27,29,45,42,31.735,74,15,36.523392,-119.278748,76.183998,6,600,58,3,"e00fce68f12da1a0c5de6248",2026-09-20 18:00:02.269,2026-09-20 18:00:02.575,2026-09-20 18:00:02.575,2026-09-20
"1081","RxkOp8VkWS","MOOSPMv3Parser",1789927201,0,0,2,1,1,2,2,1,1,2,310,203,51613,29,14,2,14,14,31,28,14,0,31,36,31,26,34.348,51,1,36.19878,-120.104431,56.112,0,600,58,3,"e00fce686dc2ef0a68fa40b0",2026-09-20 18:00:02.914,2026-09-20 18:00:03.087,2026-09-20 18:00:03.087,2026-09-20
"1082","6iCTQZlsvC","MOOSPMv3Parser",1789927201,7,7,4,10,10,4,4,10,10,4,2026,399,69048,55,31,4,31,31,26,36,31,0,26,28,41,40,29.733,132,2,36.503094,-120.325371,48.129002,14,600,58,3,"e00fce68e77e43df92405fdb",2026-09-20 18:00:03.231,2026-09-20 18:00:03.467,2026-09-20 18:00:03.467,2026-09-20
"1083","N2ATPABYqe","MOOSPMv3Parser",1789927200,9,9,6,13,13,7,7,14,14,7,2240,495,159637,84,50,6,50,50,30,30,50,0,28,34,37,30,31.673,61,2,35.775063,-119.238487,72.901001,8,600,58,3,"e00fce68e88237db75a60608",2026-09-20 18:00:03.302,2026-09-20 18:00:03.481,2026-09-20 18:00:03.481,2026-09-20
"1084","rSWwRrJmed","MOOSPMv3Parser",1789927200,3,3,3,5,5,3,3,5,5,3,926,226,313492,32,23,2,23,23,34,13,23,0,38,39,19,22,512.405,30,1,36.139038,-120.368416,175.932007,6,600,58,3,"e00fce6850cac69f647dc199",2026-09-20 18:00:03.554,2026-09-20 18:00:03.758,2026-09-20 18:00:03.758,2026-09-20
"1085","QTJIFrDW4C","MOOSPMv3Parser",1789927200,8,8,7,13,13,7,7,14,14,8,1516,462,202691,86,56,7,56,56,0,0,56,0,28,28,42,43,20.03,58,11,36.433609,-119.92334,25.288,0,599,58,3,"e00fce6876826e255108c6bd",2026-09-20 18:00:03.974,2026-09-20 18:00:04.138,2026-09-20 18:00:04.138,2026-09-20
"1086","0UMqCBZw9x","MOOSPMv3Parser",1789927200,6,6,0,10,10,0,0,11,11,0,1591,403,0,72,0,8,0,0,29,27,0,2,29,33,38,33,25.619,79,6,36.187572,-119.822083,4.169,10,600,58,3,"e00fce68e739ecbcf9e91965",2026-09-20 18:00:04.009,2026-09-20 18:00:04.198,2026-09-20 18:00:04.198,2026-09-20
"1087","dPuTOCHdKq","MOOSPMv3Parser",1789927201,7,7,0,10,10,0,0,10,10,0,1470,414,219311,65,0,4,0,0,31,21,0,0,31,37,32,27,33.991,128,3277,1.8e-05,0.002333,20257.880859,9,600,58,3,"e00fce68e28dcbc9a589be10",2026-09-20 18:00:04.428,2026-09-20 18:00:04.575,2026-09-20 18:00:04.575,2026-09-20
"1088","37I2qzlkAr","MOOSPMv3Parser",1789927800,9,9,5,12,12,5,5,13,13,5,1834,489,257285,74,38,4,38,38,28,32,38,0,27,32,42,35,24.814,92,1,35.949364,-119.049919,103.849998,6,600,58,3,"e00fce6808784ceaf209f949",2026-09-20 18:10:02.026,2026-09-20 18:10:02.236,2026-09-20 18:10:02.236,2026-09-20
"1089","Tg6CqKITBR","MOOSPMv3Parser",1789927800,4,4,7,8,8,7,7,8,8,7,525,404,116364,72,51,7,51,51,29,34,51,0,25,33,47,35,24.349,63,5,35.963306,-119.291748,44.848999,5,600,58,3,"e00fce68d6b773b56ce8baa0",2026-09-20 18:10:02.501,2026-09-20 18:10:02.694,2026-09-20 18:10:02.694,2026-09-20
"1090","2YGTqA7xRg","MOOSPMv3Parser",1789927800,11,11,8,16,16,9,9,17,16,9,2169,605,122996,99,65,5,66,66,26,40,66,0,27,30,43,39,29.79,114,12,36.523365,-119.278801,77.033997,7,600,58,3,"e00fce68f12da1a0c5de6248",2026-09-20 18:10:02.726,2026-09-20 18:10:02.918,2026-09-20 18:10:02.918,2026-09-20
"1091","M7BRUx87nW","MOOSPMv3Parser",1789927801,0,0,2,1,1,2,2,1,1,2,313,207,51625,28,15,2,15,15,32,29,15,0,31,36,34,27,33.33,48,1,36.198872,-120.104378,83.594002,9,600,58,3,"e00fce686dc2ef0a68fa40b0",2026-09-20 18:10:03.233,2026-09-20 18:10:03.413,2026-09-20 18:10:03.413,2026-09-20
"1092","8IEN13QSWV","MOOSPMv3Parser",1789927801,7,7,4,10,10,4,4,10,10,4,2004,396,69074,57,30,3,30,30,26,36,30,0,27,29,40,40,31.506,125,2,36.503101,-120.325333,48.424,13,600,58,3,"e00fce68e77e43df92405fdb",2026-09-20 18:10:03.408,2026-09-20 18:10:03.588,2026-09-20 18:10:03.588,2026-09-20
"1093","9VbE2ljx09","MOOSPMv3Parser",1789927800,8,8,6,11,11,6,6,12,12,6,2096,446,159677,70,46,4,46,46,30,27,46,0,28,35,37,29,32.295,46,2,35.775051,-119.23848,59.837002,9,600,58,3,"e00fce68e88237db75a60608",2026-09-20 18:10:03.546,2026-09-20 18:10:03.739,2026-09-20 18:10:03.739,2026-09-20
"1094","vxMrWiPF4R","MOOSPMv3Parser",1789927800,3,3,3,5,5,3,3,5,5,3,975,228,313508,37,22,2,22,22,34,12,22,0,38,39,19,21,512.445,26,1,36.139027,-120.368347,172.925995,5,600,58,3,"e00fce6850cac69f647dc199",2026-09-20 18:10:03.709,2026-09-20 18:10:03.897,2026-09-20 18:10:03.897,2026-09-20
"1095","W6quMfWQL7","MOOSPMv3Parser",1789927800,6,6,0,10,10,0,0,11,11,0,1646,406,0,64,0,6,0,0,30,26,0,2,29,34,38,32,26.934,72,5,36.187515,-119.822098,26.709999,11,600,58,3,"e00fce68e739ecbcf9e91965",2026-09-20 18:10:04.017,2026-09-20 18:10:04.231,2026-09-20 18:10:04.231,2026-09-20
"1096","ADicWJMzd0","MOOSPMv3Parser",1789927800,7,7,5,10,10,6,6,11,11,6,1259,387,202390,63,42,6,43,43,0,0,43,0,28,29,38,40,20.443,58,12,36.433582,-119.923264,41.699001,11,600,58,3,"e00fce6876826e255108c6bd",2026-09-20 18:10:04.229,2026-09-20 18:10:04.397,2026-09-20 18:10:04.397,2026-09-20
"1097","dKQ00weYWB","MOOSPMv3Parser",1789927801,5,5,0,8,8,0,0,8,8,0,1245,351,219311,53,0,3,0,0,32,20,0,0,32,38,31,26,36.59,111,3277,1.8e-05,0.002333,20257.880859,9,600,58,3,"e00fce68e28dcbc9a589be10",2026-09-20 18:10:04.43,2026-09-20 18:10:04.602,2026-09-20 18:10:04.602,2026-09-20
"1098","yjst3UjXK5","MOOSPMv3Parser",1789928400,8,8,5,11,11,5,5,12,12,5,1637,440,257317,72,36,5,36,36,29,31,36,0,29,33,42,34,26.695,80,1,35.949364,-119.049919,103.847,0,600,58,3,"e00fce6808784ceaf209f949",2026-09-20 18:20:02.018,2026-09-20 18:20:02.219,2026-09-20 18:20:02.219,2026-09-20
"1099","4BNR4OzLs5","MOOSPMv3Parser",1789928400,3,3,6,6,6,6,6,6,6,6,485,367,116404,66,47,5,48,48,30,33,48,0,25,33,47,34,25.871,49,5,35.963139,-119.291817,43.368999,11,600,58,3,"e00fce68d6b773b56ce8baa0",2026-09-20 18:20:02.183,2026-09-20 18:20:02.327,2026-09-20 18:20:02.327,2026-09-20
"1100","nz8VU4Vodl","MOOSPMv3Parser",1789928401,0,0,2,1,1,2,2,1,1,2,315,208,51637,27,14,2,15,15,32,29,15,0,31,36,34,27,29.927,97,1,36.198792,-120.104431,80.461998,9,600,58,3,"e00fce686dc2ef0a68fa40b0",2026-09-20 18:20:02.212,2026-09-20 18:20:02.379,2026-09-20 18:20:02.379,2026-09-20
"1101","ZGqdZFwNbZ","MOOSPMv3Parser",1789928400,9,9,6,12,12,6,6,13,13,6,1809,494,123036,69,46,4,46,46,27,39,46,0,29,31,40,37,33.516,76,12,36.523411,-119.278732,95.774002,7,600,58,3,"e00fce68f12da1a0c5de6248",2026-09-20 18:20:02.2,2026-09-20 18:20:02.439,2026-09-20 18:20:02.439,2026-09-20
"1102","qRRkEb3RZG","MOOSPMv3Parser",1789928400,7,7,5,11,11,6,6,11,11,6,2051,421,159714,68,43,5,43,43,31,26,43,0,29,35,36,29,35.59,41,2,35.774975,-119.238571,62.355,6,600,58,3,"e00fce68e88237db75a60608",2026-09-20 18:20:03.373,2026-09-20 18:20:03.551,2026-09-20 18:20:03.551,2026-09-20
"1103","TO9dbIlck3","MOOSPMv3Parser",1789928401,7,7,4,10,10,4,4,11,11,4,2069,410,69100,58,29,4,30,30,26,36,30,0,27,30,43,42,33.614,133,2,36.503185,-120.325394,55.484001,13,600,58,3,"e00fce68e77e43df92405fdb",2026-09-20 18:20:03.593,2026-09-20 18:20:03.817,2026-09-20 18:20:03.817,2026-09-20
"1104","2bCqlHyKS1","MOOSPMv3Parser",1789928400,6,6,5,9,9,5,5,10,10,5,1147,349,202422,61,37,5,37,37,0,0,37,0,29,30,37,38,21.024,58,14,36.433575,-119.923271,39.293999,12,600,58,3,"e00fce6876826e255108c6bd",2026-09-20 18:20:03.972,2026-09-20 18:20:04.162,2026-09-20 18:20:04.162,2026-09-20
"1105","mhhE9nsCi7","MOOSPMv3Parser",1789928400,6,6,0,10,10,0,0,10,10,0,1642,406,0,64,0,5,0,0,31,24,0,2,30,35,36,30,27.693,71,4,36.187515,-119.822098,26.705999,0,600,58,3,"e00fce68e739ecbcf9e91965",2026-09-20 18:20:04.094,2026-09-20 18:20:04.226,2026-09-20 18:20:04.226,2026-09-20
"1106","RhHT4emcGC","MOOSPMv3Parser",1789928400,4,4,3,5,5,3,3,6,6,3,947,225,313525,36,22,2,22,22,33,14,22,0,37,37,21,24,512.605,31,1,36.13903,-120.368309,173.046005,7,600,58,3,"e00fce6850cac69f647dc199",2026-09-20 18:20:04.133,2026-09-20 18:20:04.302,2026-09-20 18:20:04.302,2026-09-20
"1107","SZF4jOoLUf","MOOSPMv3Parser",1789928401,5,5,0,7,7,0,0,8,8,0,1210,337,219311,52,0,3,0,0,32,19,0,0,30,37,34,27,37.038,98,3277,1.8e-05,0.002333,20257.880859,9,600,58,3,"e00fce68e28dcbc9a589be10",2026-09-20 18:20:04.441,2026-09-20 18:20:04.586,2026-09-20 18:20:04.586,2026-09-20
"1108","RiyFf5vBBE","MOOSPMv3Parser",1789929000,8,8,5,11,11,5,5,11,11,5,1580,424,257349,65,36,4,36,36,30,28,36,0,29,34,37,31,27.529,72,1,35.949543,-119.049927,116.081001,12,600,58,3,"e00fce6808784ceaf209f949",2026-09-20 18:30:01.941,2026-09-20 18:30:02.125,2026-09-20 18:30:02.125,2026-09-20
"1109","OoAicTZIeX","MOOSPMv3Parser",1789929000,9,9,6,12,12,7,7,13,13,7,1757,476,123078,70,49,4,49,49,29,34,49,0,29,33,37,33,34.924,76,13,36.523319,-119.278778,65.341003,7,600,58,3,"e00fce68f12da1a0c5de6248",2026-09-20 18:30:02.21,2026-09-20 18:30:02.382,2026-09-20 18:30:02.382,2026-09-20
"1110","hMrhvhfwUS","MOOSPMv3Parser",1789929000,3,3,6,6,6,6,6,7,7,6,498,375,116445,65,48,6,48,48,31,31,48,0,25,35,47,32,27.366,39,5,35.963074,-119.291801,34.872002,10,600,58,3,"e00fce68d6b773b56ce8baa0",2026-09-20 18:30:02.499,2026-09-20 18:30:02.695,2026-09-20 18:30:02.695,2026-09-20
"1111","i4bK9pazU7","MOOSPMv3Parser",1789929001,0,0,2,1,1,2,2,1,1,2,317,208,51651,27,16,2,16,16,31,29,16,0,30,35,34,28,28.664,102,1,36.198803,-120.104446,56.903,9,600,58,3,"e00fce686dc2ef0a68fa40b0",2026-09-20 18:30:02.577,2026-09-20 18:30:02.781,2026-09-20 18:30:02.781,2026-09-20
"1112","1U6O9FJDeF","MOOSPMv3Parser",1789929001,7,7,4,10,10,4,4,10,10,4,2057,403,69125,58,29,4,29,29,27,36,29,0,27,30,43,40,33.457,135,2,36.503048,-120.32534,44.495998,12,600,58,3,"e00fce68e77e43df92405fdb",2026-09-20 18:30:03.225,2026-09-20 18:30:03.401,2026-09-20 18:30:03.401,2026-09-20
"1113","jE1wQOUdCS","MOOSPMv3Parser",1789929000,7,7,5,11,11,6,6,11,11,6,2022,410,159751,70,42,6,42,42,32,24,42,0,30,36,35,28,35.009,43,1,35.775055,-119.238525,71.219002,11,600,58,3,"e00fce68e88237db75a60608",2026-09-20 18:30:03.404,2026-09-20 18:30:03.563,2026-09-20 18:30:03.563,2026-09-20
"1114","IuvORV0RbD","MOOSPMv3Parser",1789929000,6,6,0,9,9,0,0,10,10,0,1586,390,0,63,0,4,0,0,31,22,0,2,30,35,35,30,29.082,60,4,36.18745,-119.821808,31.143,10,600,58,3,"e00fce68e739ecbcf9e91965",2026-09-20 18:30:04.012,2026-09-20 18:30:04.171,2026-09-20 18:30:04.171,2026-09-20
"1115","rtzZGODsNa","MOOSPMv3Parser",1789929000,5,5,5,8,8,5,5,9,9,5,1078,329,202454,53,36,4,36,36,0,0,36,0,29,30,37,37,22.377,58,16,36.43362,-119.92334,30.087999,10,600,58,3,"e00fce6876826e255108c6bd",2026-09-20 18:30:04.202,2026-09-20 18:30:04.371,2026-09-20 18:30:04.371,2026-09-20
"1116","Pp7ufzeHIy","MOOSPMv3Parser",1789929000,4,4,3,6,6,3,3,6,6,3,1007,239,313543,38,25,2,25,25,32,16,25,0,36,36,23,26,512.688,35,1,36.138985,-120.368195,194.460999,8,600,58,3,"e00fce6850cac69f647dc199",2026-09-20 18:30:04.454,2026-09-20 18:30:04.65,2026-09-20 18:30:04.65,2026-09-20
"1117","b6EBlpfMVY","MOOSPMv3Parser",1789929001,5,5,0,7,7,0,0,8,8,0,1182,330,219311,51,0,3,0,0,32,19,0,0,31,37,32,26,37.996,78,3277,1.8e-05,0.002333,20257.880859,9,600,58,3,"e00fce68e28dcbc9a589be10",2026-09-20 18:30:04.514,2026-09-20 18:30:04.695,2026-09-20 18:30:04.695,2026-09-20
"1118","w1ETw5BTsD","MOOSPMv3Parser",1789929600,7,7,4,10,10,5,5,10,10,5,1455,388,257380,63,34,4,34,34,30,26,34,0,29,34,38,31,29.823,60,1,35.949547,-119.049973,119.932999,9,600,58,3,"e00fce6808784ceaf209f949",2026-09-20 18:40:01.94,2026-09-20 18:40:02.132,2026-09-20 18:40:02.132,2026-09-20
"1119","7ZbxWcRZwY","MOOSPMv3Parser",1789929601,0,0,2,1,1,2,2,1,1,2,325,214,51664,29,15,2,15,15,31,30,15,0,30,35,36,30,30.049,83,1,36.198753,-120.104431,60.855,9,600,58,3,"e00fce686dc2ef0a68fa40b0",2026-09-20 18:40:02.909,2026-09-20 18:40:03.13,2026-09-20 18:40:03.13,2026-09-20
"1120","HjNrDfaaot","MOOSPMv3Parser",1789929600,8,8,5,10,10,5,5,11,11,5,2046,423,159786,63,41,3,41,41,32,24,41,0,30,36,35,28,35.39,46,1,35.775108,-119.238548,56.727001,8,600,58,3,"e00fce68e88237db75a60608",2026-09-20 18:40:03.383,2026-09-20 18:40:03.567,2026-09-20 18:40:03.567,2026-09-20
"1121","vKiYno2lcr","MOOSPMv3Parser",1789929601,7,7,4,10,10,4,4,10,10,4,2106,411,69151,55,30,3,30,30,27,35,30,0,27,30,42,40,34.234,141,2,36.503048,-120.32534,44.493999,0,600,58,3,"e00fce68e77e43df92405fdb",2026-09-20 18:40:03.475,2026-09-20 18:40:03.994,2026-09-20 18:40:03.994,2026-09-20
"1122","oC0YSs6X7Z","MOOSPMv3Parser",1789929600,6,6,6,10,10,7,7,12,12,7,1188,366,202495,66,47,10,48,48,0,0,48,0,30,31,34,35,21.108,59,15,36.433605,-119.923332,31.198999,12,600,58,3,"e00fce6876826e255108c6bd",2026-09-20 18:40:03.966,2026-09-20 18:40:04.147,2026-09-20 18:40:04.147,2026-09-20
"1123","GQYuLddkj3","MOOSPMv3Parser",1789929601,5,5,0,7,7,0,0,8,8,0,1188,335,219311,54,0,3,0,0,32,18,0,0,31,37,31,26,38.828,61,3277,1.8e-05,0.002333,20257.880859,9,600,58,3,"e00fce68e28dcbc9a589be10",2026-09-20 18:40:04.414,2026-09-20 18:40:04.644,2026-09-20 18:40:04.644,2026-09-20
"1124","UFNxRgV56P","MOOSPMv3Parser",1789929600,4,4,3,6,6,4,4,6,6,4,1003,245,313564,38,26,2,26,26,31,17,26,0,35,35,24,27,512.849,31,1,36.139065,-120.36834,173.466995,7,600,58,3,"e00fce6850cac69f647dc199",2026-09-20 18:40:04.688,2026-09-20 18:40:04.863,2026-09-20 18:40:04.863,2026-09-20
"1125","Yibbe1tcIx","MOOSPMv3Parser",1789929600,11,10,9,16,14,9,9,17,15,9,2190,608,123137,95,67,5,67,67,30,32,67,0,30,34,37,32,35.807,78,11,36.523323,-119.27877,89.478996,5,600,58,3,"e00fce68f12da1a0c5de6248",2026-09-20 18:40:07.73,2026-09-20 18:40:07.997,2026-09-20 18:40:07.997,2026-09-20
"1126","Bih5eoUisE","MOOSPMv3Parser",1789929600,3,3,6,6,6,6,6,7,7,6,481,367,116483,66,45,7,45,45,32,30,45,0,25,35,47,31,26.847,50,4,35.963169,-119.291733,29.940001,11,600,58,3,"e00fce68d6b773b56ce8baa0",2026-09-20 18:40:17.525,2026-09-20 18:40:17.722,2026-09-20 18:40:17.722,2026-09-20
"1127","eKQieNKPhn","MOOSPMv3Parser",1789929600,6,6,0,9,9,0,0,10,10,0,1548,374,0,63,0,4,0,0,30,22,0,2,29,34,35,30,29.308,55,3,36.187511,-119.822044,22.344,8,600,58,3,"e00fce68e739ecbcf9e91965",2026-09-20 18:40:18.248,2026-09-20 18:40:18.449,2026-09-20 18:40:18.449,2026-09-20
"1128","qvltbBeCqJ","MOOSPMv3Parser",1789930200,7,7,4,9,9,4,4,10,10,4,1431,382,257409,58,31,3,31,31,31,25,31,0,30,35,37,30,30.156,56,1,35.949501,-119.04995,100.702003,8,600,58,3,"e00fce6808784ceaf209f949",2026-09-20 18:50:02.019,2026-09-20 18:50:02.196,2026-09-20 18:50:02.196,2026-09-20
"1129","4FZNj7Ouj2","MOOSPMv3Parser",1789930200,7,7,5,10,10,5,5,10,10,5,1513,413,123171,57,39,2,39,39,31,30,39,0,31,35,36,31,36.265,74,7,36.523369,-119.278755,77.742996,7,600,58,3,"e00fce68f12da1a0c5de6248",2026-09-20 18:50:02.182,2026-09-20 18:50:02.356,2026-09-20 18:50:02.356,2026-09-20
"1130","hFxqVPerlV","MOOSPMv3Parser",1789930200,3,3,5,6,6,6,6,6,6,6,463,350,116517,61,41,5,41,41,32,30,41,0,25,36,47,30,29.283,31,4,35.963169,-119.291733,29.938999,0,600,58,3,"e00fce68d6b773b56ce8baa0",2026-09-20 18:50:02.728,2026-09-20 18:50:02.945,2026-09-20 18:50:02.945,2026-09-20
"1131","d9UIrQX8gL","MOOSPMv3Parser",1789930201,0,0,2,1,1,2,2,2,2,2,326,215,51678,29,17,2,17,17,30,30,17,0,30,35,36,29,29.676,87,1,36.198822,-120.104347,87.376999,11,600,58,3,"e00fce686dc2ef0a68fa40b0",2026-09-20 18:50:03.16,2026-09-20 18:50:03.427,2026-09-20 18:50:03.427,2026-09-20
"1132","B6TilEAECf","MOOSPMv3Parser",1789930201,7,7,4,9,9,4,4,10,10,4,2068,409,69176,53,29,3,29,29,27,34,30,0,27,30,43,39,36.729,124,2,36.503147,-120.325371,52.685001,12,600,58,3,"e00fce68e77e43df92405fdb",2026-09-20 18:50:03.3,2026-09-20 18:50:03.522,2026-09-20 18:50:03.522,2026-09-20
"1133","eh1hJlkTGK","MOOSPMv3Parser",1789930200,8,8,5,11,11,6,6,12,12,6,2163,454,159823,69,42,4,42,42,32,24,42,0,30,37,35,28,34.869,50,1,35.774994,-119.238449,66.601997,11,600,58,3,"e00fce68e88237db75a60608",2026-09-20 18:50:03.426,2026-09-20 18:50:03.589,2026-09-20 18:50:03.589,2026-09-20
"1134","BjCmbtarlx","MOOSPMv3Parser",1789930200,4,4,4,7,7,4,4,7,7,4,1089,265,313588,43,28,2,28,28,31,19,28,0,35,35,26,28,512.869,25,1,36.139019,-120.368271,167.962997,8,600,58,3,"e00fce6850cac69f647dc199",2026-09-20 18:50:03.789,2026-09-20 18:50:03.972,2026-09-20 18:50:03.972,2026-09-20
"1135","YTHSJT9zn8","MOOSPMv3Parser",1789930200,6,6,0,9,9,0,0,9,9,0,1535,369,0,60,0,5,0,0,30,22,0,2,30,35,34,30,30.179,50,3,36.187477,-119.822105,2.34,10,600,58,3,"e00fce68e739ecbcf9e91965",2026-09-20 18:50:03.93,2026-09-20 18:50:04.113,2026-09-20 18:50:04.113,2026-09-20
"1136","Kqto3UYQHu","MOOSPMv3Parser",1789930200,5,5,5,8,8,5,5,9,9,5,1077,328,202527,53,37,4,38,38,0,0,38,0,29,31,37,36,23.257,59,16,36.433666,-119.923347,22.841999,11,600,58,3,"e00fce6876826e255108c6bd",2026-09-20 18:50:04.052,2026-09-20 18:50:04.207,2026-09-20 18:50:04.207,2026-09-20
"1137","4SR115LyhR","MOOSPMv3Parser",1789930201,5,5,0,8,8,0,0,8,8,0,1247,347,219311,57,0,3,0,0,32,18,0,0,31,37,31,26,38.004,80,3277,1.8e-05,0.002333,20257.880859,9,600,58,3,"e00fce68e28dcbc9a589be10",2026-09-20 18:50:04.358,2026-09-20 18:50:04.568,2026-09-20 18:50:04.568,2026-09-20
"1138","9YBcuxGXao","MOOSPMv3Parser",1789930800,7,7,4,9,9,4,4,10,10,4,1443,381,257437,58,30,4,30,30,31,24,30,0,30,36,36,30,30.7,56,1,35.949581,-119.04995,129.647003,7,600,58,3,"e00fce6808784ceaf209f949",2026-09-20 19:00:02.103,2026-09-20 19:00:02.314,2026-09-20 19:00:02.314,2026-09-20
"1139","4JSV2Fsbnv","MOOSPMv3Parser",1789930801,1,1,2,1,1,2,2,2,2,2,326,219,51691,31,15,2,16,16,30,30,16,0,30,34,34,29,31.236,67,1,36.198864,-120.104477,67.139999,8,600,58,3,"e00fce686dc2ef0a68fa40b0",2026-09-20 19:00:02.272,2026-09-20 19:00:02.567,2026-09-20 19:00:02.567,2026-09-20
"1140","cu51Rpt955","MOOSPMv3Parser",1789930800,7,7,5,10,10,5,5,10,10,5,1535,415,123204,54,38,2,39,39,32,27,39,0,31,36,35,29,36.379,93,6,36.523369,-119.278755,77.744003,0,600,58,3,"e00fce68f12da1a0c5de6248",2026-09-20 19:00:02.341,2026-09-20 19:00:02.666,2026-09-20 19:00:02.666,2026-09-20
"1141","7POWaXnZhb","MOOSPMv3Parser",1789930800,3,3,5,6,6,6,6,7,7,6,478,360,116553,63,43,5,43,43,32,29,43,0,25,36,47,30,30.013,24,4,35.963131,-119.291756,42.966,13,600,58,3,"e00fce68d6b773b56ce8baa0",2026-09-20 19:00:02.414,2026-09-20 19:00:02.7,2026-09-20 19:00:02.7,2026-09-20
"1142","PIVPX2C6hN","MOOSPMv3Parser",1789930801,7,7,4,10,10,4,4,10,10,4,2087,412,69201,55,29,3,29,29,26,33,29,0,27,30,40,38,37.854,112,2,36.503139,-120.325394,44.102001,11,600,58,3,"e00fce68e77e43df92405fdb",2026-09-20 19:00:03.274,2026-09-20 19:00:03.509,2026-09-20 19:00:03.509,2026-09-20
"1143","6twr1xpEVJ","MOOSPMv3Parser",1789930800,7,7,5,10,10,5,5,10,10,5,1949,386,159856,58,38,3,38,38,32,22,38,0,31,37,33,27,38.184,46,1,35.775078,-119.238487,77.188004,10,600,58,3,"e00fce68e88237db75a60608",2026-09-20 19:00:03.383,2026-09-20 19:00:03.563,2026-09-20 19:00:03.563,2026-09-20
"1144","D1zCZeRMFo","MOOSPMv3Parser",1789930800,5,5,0,9,9,0,0,9,9,0,1470,356,0,60,0,4,0,0,30,22,0,2,30,34,35,31,30.538,39,3,36.187668,-119.821991,21.535,8,600,58,3,"e00fce68e739ecbcf9e91965",2026-09-20 19:00:04.089,2026-09-20 19:00:04.253,2026-09-20 19:00:04.253,2026-09-20
"1145","89lgqPksEG","MOOSPMv3Parser",1789930800,6,6,5,9,9,6,6,11,11,6,1162,358,202563,61,41,7,41,41,1,0,41,0,29,31,38,37,20.114,59,13,36.43367,-119.923325,29.472,10,600,58,3,"e00fce6876826e255108c6bd",2026-09-20 19:00:04.046,2026-09-20 19:00:04.297,2026-09-20 19:00:04.297,2026-09-20
"1146","6JjP6JOaCx","MOOSPMv3Parser",1789930800,5,5,4,7,7,4,4,8,8,4,1183,288,313616,51,30,3,30,30,32,18,30,0,36,36,24,27,512.742,33,1,36.139019,-120.368271,167.966003,0,600,58,3,"e00fce6850cac69f647dc199",2026-09-20 19:00:04.356,2026-09-20 19:00:04.515,2026-09-20 19:00:04.515,2026-09-20
"1147","oRPow8JgsR","MOOSPMv3Parser",1789930801,5,5,0,7,7,0,0,7,7,0,1143,318,219311,52,0,3,0,0,32,18,0,0,31,37,31,26,38.693,68,3277,1.8e-05,0.002333,20257.880859,9,600,58,3,"e00fce68e28dcbc9a589be10",2026-09-20 19:00:04.436,2026-09-20 19:00:04.576,2026-09-20 19:00:04.576,2026-09-20
"1148","KcCQhFu17J","MOOSPMv3Parser",1789931400,7,7,4,10,10,4,4,10,10,4,1427,377,257463,56,30,4,30,30,31,22,30,0,30,36,35,29,31.229,52,1,35.94973,-119.049812,130.921005,7,600,58,3,"e00fce6808784ceaf209f949",2026-09-20 19:10:01.944,2026-09-20 19:10:02.119,2026-09-20 19:10:02.119,2026-09-20
"1149","rGGmuKa8cd","MOOSPMv3Parser",1789931400,7,7,5,10,10,5,5,11,11,5,1538,422,123237,61,37,3,37,37,32,27,37,0,31,37,35,29,36.938,89,4,36.523396,-119.278748,72.144997,7,600,58,3,"e00fce68f12da1a0c5de6248",2026-09-20 19:10:02.177,2026-09-20 19:10:02.381,2026-09-20 19:10:02.381,2026-09-20
"1150","8QU6G3nbJd","MOOSPMv3Parser",1789931400,3,3,6,6,6,6,6,7,7,6,492,371,116592,63,46,6,46,46,33,28,46,0,25,37,47,29,30.464,27,4,35.963177,-119.291809,49.458,10,600,58,3,"e00fce68d6b773b56ce8baa0",2026-09-20 19:10:02.571,2026-09-20 19:10:02.791,2026-09-20 19:10:02.791,2026-09-20
"1151","Wsac4OnGpm","MOOSPMv3Parser",1789931401,1,1,2,1,1,2,2,2,2,2,327,217,51703,30,15,3,15,15,30,30,15,0,30,34,35,30,30.473,68,1,36.198879,-120.104332,87.063004,8,600,58,3,"e00fce686dc2ef0a68fa40b0",2026-09-20 19:10:02.59,2026-09-20 19:10:02.817,2026-09-20 19:10:02.817,2026-09-20
"1152","9XxIl0zAyE","MOOSPMv3Parser",1789931401,7,7,4,10,10,4,4,10,10,4,2089,404,69227,56,29,4,30,30,-10,-10,30,0,27,29,39,38,40.702,73,2,36.503174,-120.325409,48.762001,12,600,58,3,"e00fce68e77e43df92405fdb",2026-09-20 19:10:03.311,2026-09-20 19:10:03.482,2026-09-20 19:10:03.482,2026-09-20
"1153","wFAUemvD6H","MOOSPMv3Parser",1789931400,7,7,4,9,9,5,5,10,10,5,1999,380,159887,57,34,3,34,34,33,22,35,0,31,37,34,28,37.579,37,1,35.775032,-119.238541,87.188004,11,600,58,3,"e00fce68e88237db75a60608",2026-09-20 19:10:03.53,2026-09-20 19:10:03.686,2026-09-20 19:10:03.686,2026-09-20
"1154","YOji8G5ixO","MOOSPMv3Parser",1789931400,6,6,5,9,9,5,5,9,9,5,1116,341,202596,56,38,4,38,38,0,0,38,0,29,31,36,36,22.941,60,13,36.43364,-119.923286,29.076,6,600,58,3,"e00fce6876826e255108c6bd",2026-09-20 19:10:04.049,2026-09-20 19:10:04.191,2026-09-20 19:10:04.191,2026-09-20
"1155","ilZfaUmwbP","MOOSPMv3Parser",1789931400,6,6,0,8,8,0,0,9,9,0,1507,367,0,57,0,4,0,0,30,21,0,2,30,35,32,29,30.509,46,4,36.18745,-119.822166,22.540001,7,600,58,3,"e00fce68e739ecbcf9e91965",2026-09-20 19:10:04.005,2026-09-20 19:10:04.195,2026-09-20 19:10:04.195,2026-09-20
"1156","pjXc13ERJS","MOOSPMv3Parser",1789931401,9,9,0,13,13,0,0,13,13,0,1923,538,219311,78,0,3,0,0,32,18,0,0,32,37,30,26,36.621,91,3277,1.8e-05,0.002333,20257.880859,9,600,58,3,"e00fce68e28dcbc9a589be10",2026-09-20 19:10:04.447,2026-09-20 19:10:04.63,2026-09-20 19:10:04.63,2026-09-20
"1157","BuqfrFR695","MOOSPMv3Parser",1789931400,5,5,4,7,7,4,4,7,7,4,1175,278,313643,42,29,3,29,29,33,17,29,0,37,37,24,27,512.721,42,1,36.139027,-120.36834,165.231003,13,600,58,3,"e00fce6850cac69f647dc199",2026-09-20 19:10:04.507,2026-09-20 19:10:04.666,2026-09-20 19:10:04.666,2026-09-20
"1158","KgSATWzIDw","MOOSPMv3Parser",1789932000,7,7,4,10,10,4,4,10,10,4,1482,397,257493,60,31,4,31,31,32,23,31,0,31,36,36,30,32.211,39,1,35.949551,-119.049942,103.901001,10,600,58,3,"e00fce6808784ceaf209f949",2026-09-20 19:20:01.939,2026-09-20 19:20:02.119,2026-09-20 19:20:02.119,2026-09-20
"1159","olEuekXF72","MOOSPMv3Parser",1789932000,7,7,4,9,9,5,5,10,10,5,1393,379,123268,49,34,2,34,34,32,26,34,0,30,37,36,29,37.429,74,3,36.523346,-119.278755,75.598999,6,600,58,3,"e00fce68f12da1a0c5de6248",2026-09-20 19:20:02.267,2026-09-20 19:20:02.483,2026-09-20 19:20:02.483,2026-09-20
"1160","kFUgn6n7fZ","MOOSPMv3Parser",1789932000,2,2,5,5,5,5,5,6,6,5,450,337,116624,55,38,6,38,38,34,27,38,0,25,37,47,28,30.804,30,3,35.963097,-119.291733,39.862,8,600,58,3,"e00fce68d6b773b56ce8baa0",2026-09-20 19:20:02.333,2026-09-20 19:20:02.496,2026-09-20 19:20:02.496,2026-09-20
"1161","n16cqnixTZ","MOOSPMv3Parser",1789932001,0,0,2,2,2,2,2,2,2,2,327,218,51718,30,17,2,17,17,31,29,17,0,31,36,32,27,31.099,64,1,36.198757,-120.104431,71.542,7,600,58,3,"e00fce686dc2ef0a68fa40b0",2026-09-20 19:20:02.833,2026-09-20 19:20:03.174,2026-09-20 19:20:03.174,2026-09-20
"1162","iBj6F1z0eo","MOOSPMv3Parser",1789932001,7,7,4,10,10,4,4,10,10,4,2103,417,69254,54,31,3,31,31,27,36,31,0,28,30,42,41,40.903,64,2,36.503082,-120.325363,58.546001,5,600,58,3,"e00fce68e77e43df92405fdb",2026-09-20 19:20:03.26,2026-09-20 19:20:03.431,2026-09-20 19:20:03.431,2026-09-20
"1163","qBwgduZiOk","MOOSPMv3Parser",1789932000,6,6,5,9,9,5,5,9,9,5,1930,364,159918,55,35,3,36,36,33,22,36,0,31,38,34,27,38.118,40,1,35.775063,-119.238525,67.942001,8,600,58,3,"e00fce68e88237db75a60608",2026-09-20 19:20:03.564,2026-09-20 19:20:03.755,2026-09-20 19:20:03.755,2026-09-20
"1164","yiooQA4fno","MOOSPMv3Parser",1789932000,5,5,0,8,8,0,0,8,8,0,1376,327,0,53,0,4,0,0,31,19,0,2,30,35,31,28,31.625,39,4,36.187435,-119.82193,34.300999,8,600,58,3,"e00fce68e739ecbcf9e91965",2026-09-20 19:20:04.09,2026-09-20 19:20:04.238,2026-09-20 19:20:04.238,2026-09-20
"1165","oXP733sOjx","MOOSPMv3Parser",1789932000,5,5,4,7,7,4,4,8,8,4,992,302,202622,48,31,3,31,31,0,0,31,0,29,31,36,36,23.136,60,16,36.433647,-119.923347,34.994999,8,600,58,3,"e00fce6876826e255108c6bd",2026-09-20 19:20:04.133,2026-09-20 19:20:04.272,2026-09-20 19:20:04.272,2026-09-20
"1166","OT79uCapDX","MOOSPMv3Parser",1789932001,5,5,0,8,8,0,0,8,8,0,1247,347,219311,54,0,3,0,0,32,17,0,0,32,37,29,25,38.355,86,3277,1.8e-05,0.002333,20257.880859,9,600,58,3,"e00fce68e28dcbc9a589be10",2026-09-20 19:20:04.374,2026-09-20 19:20:04.559,2026-09-20 19:20:04.559,2026-09-20
"1167","xR76WLqJAZ","MOOSPMv3Parser",1789932000,4,4,4,6,6,4,4,7,7,4,1139,274,313668,43,28,2,28,28,33,16,28,0,38,38,23,26,512.649,53,1,36.138973,-120.368362,177.677994,7,600,58,3,"e00fce6850cac69f647dc199",2026-09-20 19:20:04.691,2026-09-20 19:20:04.839,2026-09-20 19:20:04.839,2026-09-20
"1168","QKnLvt15nU","MOOSPMv3Parser",1789932600,7,7,4,10,10,4,4,10,10,4,1520,403,257522,61,31,4,31,31,31,22,31,0,30,36,34,29,32.292,48,1,35.949528,-119.049873,104.903999,7,600,58,3,"e00fce6808784ceaf209f949",2026-09-20 19:30:02.011,2026-09-20 19:30:02.194,2026-09-20 19:30:02.194,2026-09-20
"1169","kQguQmBxDS","MOOSPMv3Parser",1789932600,6,6,4,9,9,4,4,9,9,4,1334,361,123297,50,32,2,33,33,32,25,33,0,31,37,33,28,38.36,61,3,36.523235,-119.27858,100.931999,6,600,58,3,"e00fce68f12da1a0c5de6248",2026-09-20 19:30:02.285,2026-09-20 19:30:02.441,2026-09-20 19:30:02.441,2026-09-20
"1170","Krb81tdZuG","MOOSPMv3Parser",1789932600,1,1,4,4,4,5,5,4,4,5,407,293,116653,49,35,4,35,35,34,27,35,0,25,37,47,28,31.301,22,3,35.963131,-119.291702,81.938004,6,600,58,3,"e00fce68d6b773b56ce8baa0",2026-09-20 19:30:02.73,2026-09-20 19:30:02.89,2026-09-20 19:30:02.89,2026-09-20
"1171","2n6NRBmnVB","MOOSPMv3Parser",1789932601,0,0,2,1,1,2,2,1,1,2,319,213,51731,29,16,2,16,16,32,28,16,0,31,36,32,27,33.39,47,1,36.198814,-120.104408,81.057999,9,600,58,3,"e00fce686dc2ef0a68fa40b0",2026-09-20 19:30:03.101,2026-09-20 19:30:03.267,2026-09-20 19:30:03.267,2026-09-20
"1172","U4m3E5tCHD","MOOSPMv3Parser",1789932601,7,7,4,10,10,4,4,11,11,4,2124,420,69281,57,31,4,31,31,-10,-10,31,0,28,31,39,38,41.433,56,2,36.50312,-120.32534,56.124001,9,600,58,3,"e00fce68e77e43df92405fdb",2026-09-20 19:30:03.34,2026-09-20 19:30:03.517,2026-09-20 19:30:03.517,2026-09-20
"1173","IWr8f6tUDn","MOOSPMv3Parser",1789932600,6,6,4,9,9,5,5,9,9,5,1842,347,159948,53,34,4,34,34,33,20,34,0,31,37,32,27,38.119,37,1,35.775047,-119.238487,74.841003,10,600,58,3,"e00fce68e88237db75a60608",2026-09-20 19:30:03.383,2026-09-20 19:30:03.535,2026-09-20 19:30:03.535,2026-09-20
"1174","d3AHMWYnaE","MOOSPMv3Parser",1789932600,4,4,3,6,6,3,3,6,6,3,1140,272,313688,45,26,2,26,26,34,15,26,0,38,38,21,25,512.636,60,1,36.138905,-120.368347,183.298996,7,600,58,3,"e00fce6850cac69f647dc199",2026-09-20 19:30:03.872,2026-09-20 19:30:04.051,2026-09-20 19:30:04.051,2026-09-20
"1175","fY9RW6JCLo","MOOSPMv3Parser",1789932600,5,5,5,8,8,5,5,9,9,5,1047,319,202653,53,35,4,36,36,0,0,36,0,31,32,34,35,23.549,60,18,36.433704,-119.92334,10.976,9,600,58,3,"e00fce6876826e255108c6bd",2026-09-20 19:30:04.046,2026-09-20 19:30:04.205,2026-09-20 19:30:04.205,2026-09-20
"1176","L8mysAlCn6","MOOSPMv3Parser",1789932600,5,5,0,8,8,0,0,8,8,0,1384,330,0,54,0,4,0,0,31,19,0,2,31,37,32,27,33.585,21,4,36.187481,-119.821915,24.289,8,600,58,3,"e00fce68e739ecbcf9e91965",2026-09-20 19:30:04.093,2026-09-20 19:30:04.308,2026-09-20 19:30:04.308,2026-09-20
"1177","S8IXNMdeJn","MOOSPMv3Parser",1789932601,5,5,0,7,7,0,0,8,8,0,1187,332,219311,50,0,3,0,0,32,17,0,0,32,37,30,26,39.039,67,3277,1.8e-05,0.002333,20257.880859,9,600,58,3,"e00fce68e28dcbc9a589be10",2026-09-20 19:30:04.533,2026-09-20 19:30:04.684,2026-09-20 19:30:04.684,2026-09-20
"1178","mrwi3OHQ55","MOOSPMv3Parser",1789933200,7,7,4,10,10,4,4,11,11,4,1506,402,257553,61,31,4,31,31,31,22,31,0,31,36,35,29,34.016,30,1,35.949596,-119.049942,102.794998,8,600,58,3,"e00fce6808784ceaf209f949",2026-09-20 19:40:02.019,2026-09-20 19:40:02.246,2026-09-20 19:40:02.246,2026-09-20
"1179","8qwM4qCFyA","MOOSPMv3Parser",1789933200,6,6,4,8,8,4,4,9,9,4,1248,343,123322,49,30,2,30,30,33,23,30,0,32,38,32,27,38.784,55,3,36.523327,-119.278763,68.014,5,600,58,3,"e00fce68f12da1a0c5de6248",2026-09-20 19:40:02.197,2026-09-20 19:40:02.375,2026-09-20 19:40:02.375,2026-09-20
"1180","bjj9Zlumfz","MOOSPMv3Parser",1789933200,2,2,5,4,4,5,5,5,5,5,432,318,116684,50,36,4,36,36,34,26,36,0,25,38,47,27,32.344,19,3,35.963108,-119.291763,46.679001,10,600,58,3,"e00fce68d6b773b56ce8baa0",2026-09-20 19:40:02.174,2026-09-20 19:40:02.407,2026-09-20 19:40:02.407,2026-09-20
"1181","JD2a7l7VeU","MOOSPMv3Parser",1789933201,0,0,2,1,1,2,2,2,2,2,331,219,51745,29,17,2,17,17,32,28,17,0,31,36,32,26,32.361,49,1,36.198799,-120.104378,86.637001,8,600,58,3,"e00fce686dc2ef0a68fa40b0",2026-09-20 19:40:02.267,2026-09-20 19:40:02.455,2026-09-20 19:40:02.455,2026-09-20
"1182","v57PGphgez","MOOSPMv3Parser",1789933200,6,6,4,8,8,4,4,8,8,4,1814,338,159976,48,32,2,32,32,34,19,32,0,32,39,30,25,37.84,27,1,35.775047,-119.238487,74.843002,0,600,58,3,"e00fce68e88237db75a60608",2026-09-20 19:40:03.387,2026-09-20 19:40:03.565,2026-09-20 19:40:03.565,2026-09-20
"1183","f9a9xBIBOt","MOOSPMv3Parser",1789933201,7,7,4,10,10,4,4,11,11,4,2112,410,69307,56,30,4,31,31,28,31,31,0,29,31,38,38,42.239,58,2,36.503109,-120.325378,58.938,7,600,58,3,"e00fce68e77e43df92405fdb",2026-09-20 19:40:03.316,2026-09-20 19:40:03.573,2026-09-20 19:40:03.573,2026-09-20
"1184","HGgeGYeegM","MOOSPMv3Parser",1789933200,5,5,0,8,8,0,0,9,9,0,1453,345,0,58,0,3,0,0,32,18,0,2,31,37,31,27,32.667,26,5,36.187389,-119.822006,3.302,6,600,58,3,"e00fce68e739ecbcf9e91965",2026-09-20 19:40:04.007,2026-09-20 19:40:04.151,2026-09-20 19:40:04.151,2026-09-20
"1185","Ux2xwCpyNw","MOOSPMv3Parser",1789933200,4,4,3,6,6,4,4,6,6,4,1122,268,313709,39,26,2,26,26,34,15,26,0,38,38,22,25,512.656,55,1,36.138996,-120.36837,166.417999,6,600,58,3,"e00fce6850cac69f647dc199",2026-09-20 19:40:04.199,2026-09-20 19:40:04.355,2026-09-20 19:40:04.355,2026-09-20
"1186","fNc37EMUFe","MOOSPMv3Parser",1789933201,6,6,0,9,9,0,0,9,9,0,1409,395,219311,62,0,3,0,0,32,16,0,0,32,37,29,25,38.49,95,3277,1.8e-05,0.002333,20257.880859,9,600,58,3,"e00fce68e28dcbc9a589be10",2026-09-20 19:40:04.376,2026-09-20 19:40:04.598,2026-09-20 19:40:04.598,2026-09-20
"1187","yJYqBlkaMR","MOOSPMv3Parser",1789933201,5,5,4,7,7,4,4,8,8,4,984,302,202680,47,32,4,32,32,0,0,32,0,31,32,33,33,23.057,60,17,36.433636,-119.923416,39.659,5,600,58,3,"e00fce6876826e255108c6bd",2026-09-20 19:40:04.599,2026-09-20 19:40:04.806,2026-09-20 19:40:04.806,2026-09-20
"1188","9rCCDOLYMa","MOOSPMv3Parser",1789933800,8,8,4,11,11,4,4,11,11,4,1605,429,257584,67,32,4,32,32,32,22,32,0,31,37,34,28,34.84,24,1,35.949486,-119.049873,125,7,600,58,3,"e00fce6808784ceaf209f949",2026-09-20 19:50:02.028,2026-09-20 19:50:02.201,2026-09-20 19:50:02.201,2026-09-20
"1189","UfZC3dPsb1","MOOSPMv3Parser",1789933800,6,6,4,8,8,4,4,8,8,4,1240,337,123349,47,31,2,31,31,34,23,31,0,33,39,32,27,39.125,77,3,36.523369,-119.278755,73.144997,7,600,58,3,"e00fce68f12da1a0c5de6248",2026-09-20 19:50:02.19,2026-09-20 19:50:02.441,2026-09-20 19:50:02.441,2026-09-20
"1190","clYOgTmxOH","MOOSPMv3Parser",1789933801,0,0,2,1,1,2,2,2,2,2,333,220,51759,29,16,2,16,16,31,28,16,0,30,36,32,26,33.691,47,1,36.198799,-120.104378,86.640999,0,600,58,3,"e00fce686dc2ef0a68fa40b0",2026-09-20 19:50:02.518,2026-09-20 19:50:02.697,2026-09-20 19:50:02.697,2026-09-20
"1191","AHtll3bD7R","MOOSPMv3Parser",1789933800,2,2,4,4,4,5,5,5,5,5,425,309,116714,51,35,5,35,35,34,26,35,0,25,38,47,27,32.799,17,3,35.963108,-119.291695,29.459,10,600,58,3,"e00fce68d6b773b56ce8baa0",2026-09-20 19:50:02.571,2026-09-20 19:50:02.798,2026-09-20 19:50:02.798,2026-09-20
"1192","BlkWi3SJhI","MOOSPMv3Parser",1789933800,6,6,4,9,9,5,5,9,9,5,1857,352,160006,52,34,3,34,34,33,21,34,0,32,38,32,27,40.274,33,1,35.77504,-119.238518,70.836998,7,600,58,3,"e00fce68e88237db75a60608",2026-09-20 19:50:03.382,2026-09-20 19:50:03.538,2026-09-20 19:50:03.538,2026-09-20
"1193","SGj0p8OQpj","MOOSPMv3Parser",1789933801,7,7,4,9,9,4,4,10,10,4,2024,394,69332,53,28,3,28,28,28,29,28,0,30,32,36,36,43.266,59,2,36.50312,-120.325226,44.359001,8,600,58,3,"e00fce68e77e43df92405fdb",2026-09-20 19:50:03.388,2026-09-20 19:50:03.574,2026-09-20 19:50:03.574,2026-09-20
"1194","j3wJBdD1xv","MOOSPMv3Parser",1789933800,5,5,0,8,8,0,0,9,9,0,1442,344,0,57,0,5,0,0,32,18,0,2,31,36,33,28,32.818,37,3,36.187439,-119.822021,12.546,6,600,58,3,"e00fce68e739ecbcf9e91965",2026-09-20 19:50:04.094,2026-09-20 19:50:04.262,2026-09-20 19:50:04.262,2026-09-20
"1195","wssGCcB0JQ","MOOSPMv3Parser",1789933800,5,5,4,8,8,4,4,9,9,4,1007,309,203047,51,32,5,32,32,0,0,32,0,32,33,31,32,23.427,61,16,36.433636,-119.923416,39.657001,0,599,58,3,"e00fce6876826e255108c6bd",2026-09-20 19:50:04.124,2026-09-20 19:50:04.275,2026-09-20 19:50:04.275,2026-09-20
"1196","fmXdypSQRe","MOOSPMv3Parser",1789933801,4,4,0,6,6,0,0,7,7,0,1047,292,219311,46,0,3,0,0,32,20,0,0,32,37,32,28,40.057,61,3277,1.8e-05,0.002333,20257.880859,9,600,58,3,"e00fce68e28dcbc9a589be10",2026-09-20 19:50:04.409,2026-09-20 19:50:04.641,2026-09-20 19:50:04.641,2026-09-20
"1197","lLGMj2vbB4","MOOSPMv3Parser",1789933800,3,3,3,5,5,3,3,6,6,3,1073,253,313727,41,24,2,25,25,34,14,25,0,39,39,20,23,512.591,68,1,36.138988,-120.368431,167.479004,8,600,58,3,"e00fce6850cac69f647dc199",2026-09-20 19:50:04.51,2026-09-20 19:50:04.687,2026-09-20 19:50:04.687,2026-09-20
"1198","pJZlq3o4wg","MOOSPMv3Parser",1789934400,8,8,4,11,11,5,5,11,11,5,1626,431,257616,65,34,4,34,34,32,21,34,0,31,37,34,29,33.983,33,1,35.949551,-119.049911,123.255997,6,600,58,3,"e00fce6808784ceaf209f949",2026-09-20 20:00:02.019,2026-09-20 20:00:02.299,2026-09-20 20:00:02.299,2026-09-20
"1199","zuHHoUkiuY","MOOSPMv3Parser",1789934400,5,5,4,7,7,4,4,8,8,4,1241,340,123375,45,30,2,30,30,34,20,30,0,33,39,29,25,40.119,92,2,36.523361,-119.278702,72.586998,6,600,58,3,"e00fce68f12da1a0c5de6248",2026-09-20 20:00:02.247,2026-09-20 20:00:02.485,2026-09-20 20:00:02.485,2026-09-20
"1200","KX5M9P5ehf","MOOSPMv3Parser",1789934400,2,2,5,5,5,5,5,5,5,5,429,316,116745,53,36,5,36,36,34,26,36,0,25,38,47,27,33.158,18,3,35.963131,-119.291794,38.785,9,600,58,3,"e00fce68d6b773b56ce8baa0",2026-09-20 20:00:02.358,2026-09-20 20:00:02.569,2026-09-20 20:00:02.569,2026-09-20
"1201","Bp5oExDG2M","MOOSPMv3Parser",1789934401,0,0,2,2,2,2,2,2,2,2,335,224,51773,32,17,2,17,17,32,28,17,0,31,36,31,26,32.519,52,1,36.19878,-120.104408,68.257004,9,600,58,3,"e00fce686dc2ef0a68fa40b0",2026-09-20 20:00:03.079,2026-09-20 20:00:03.341,2026-09-20 20:00:03.341,2026-09-20
"1202","kz3tEDgzi8","MOOSPMv3Parser",1789934401,7,7,4,9,9,4,4,10,10,4,1973,383,69357,52,28,3,28,28,28,27,28,0,30,32,35,34,43.689,72,2,36.50322,-120.325371,45.862999,9,600,58,3,"e00fce68e77e43df92405fdb",2026-09-20 20:00:03.38,2026-09-20 20:00:03.538,2026-09-20 20:00:03.538,2026-09-20
"1203","WLBBcdyIEa","MOOSPMv3Parser",1789934400,7,7,4,9,9,4,4,9,9,4,1909,365,160035,50,33,3,33,33,32,21,33,0,31,37,32,28,41.047,35,1,35.774918,-119.238556,70.065002,9,600,58,3,"e00fce68e88237db75a60608",2026-09-20 20:00:03.383,2026-09-20 20:00:03.542,2026-09-20 20:00:03.542,2026-09-20
"1204","RekryUptmv","MOOSPMv3Parser",1789934400,5,5,4,7,7,4,4,8,8,4,949,289,202733,46,30,4,30,30,0,0,30,0,31,33,31,31,23.885,61,14,36.433819,-119.923386,47.131001,5,600,58,3,"e00fce6876826e255108c6bd",2026-09-20 20:00:04.054,2026-09-20 20:00:04.208,2026-09-20 20:00:04.208,2026-09-20
"1205","DFc8MgCOwl","MOOSPMv3Parser",1789934400,5,5,0,8,8,0,0,9,9,0,1470,348,0,57,0,3,0,0,31,19,0,2,31,35,32,29,32.825,39,2,36.18766,-119.821762,45.891998,6,600,58,3,"e00fce68e739ecbcf9e91965",2026-09-20 20:00:04.125,2026-09-20 20:00:04.354,2026-09-20 20:00:04.354,2026-09-20
"1206","2zhbNsyphd","MOOSPMv3Parser",1789934401,4,4,0,6,6,0,0,6,6,0,1015,287,219311,45,0,2,0,0,31,21,0,0,31,36,33,29,38.186,93,3277,1.8e-05,0.002333,20257.880859,9,600,58,3,"e00fce68e28dcbc9a589be10",2026-09-20 20:00:04.428,2026-09-20 20:00:04.617,2026-09-20 20:00:04.617,2026-09-20
"1207","IEv2tv1Kig","MOOSPMv3Parser",1789934400,4,4,3,5,5,3,3,6,6,3,1090,254,313745,39,24,2,24,24,34,13,24,0,38,38,21,23,512.548,63,1,36.138977,-120.368355,173.166,8,600,58,3,"e00fce6850cac69f647dc199",2026-09-20 20:00:04.996,2026-09-20 20:00:05.147,2026-09-20 20:00:05.147,2026-09-20
"1208","aHAZxaReAP","MOOSPMv3Parser",1789935000,7,7,4,10,10,4,4,10,10,4,1555,408,257647,62,32,3,32,32,32,21,32,0,32,37,34,29,34.15,33,1,35.949551,-119.049911,123.257004,0,600,58,3,"e00fce6808784ceaf209f949",2026-09-20 20:10:02.072,2026-09-20 20:10:02.323,2026-09-20 20:10:02.323,2026-09-20
"1209","65xApy38y5","MOOSPMv3Parser",1789935000,2,2,4,5,5,5,5,5,5,5,439,323,116775,52,35,5,35,35,34,26,35,0,25,37,47,28,34.259,16,3,35.963181,-119.291817,41.252998,8,600,58,3,"e00fce68d6b773b56ce8baa0",2026-09-20 20:10:02.68,2026-09-20 20:10:02.859,2026-09-20 20:10:02.859,2026-09-20
"1210","1uZfDjaQvx","MOOSPMv3Parser",1789935001,0,0,2,1,1,2,2,1,1,2,318,208,51786,28,15,2,15,15,32,27,15,0,31,36,31,26,33.089,54,1,36.198841,-120.104416,68.695,9,600,58,3,"e00fce686dc2ef0a68fa40b0",2026-09-20 20:10:03.162,2026-09-20 20:10:03.338,2026-09-20 20:10:03.338,2026-09-20
"1211","544MxIFDIW","MOOSPMv3Parser",1789935001,7,7,3,9,9,4,4,10,10,4,2014,388,69380,50,27,3,27,27,29,28,27,0,29,32,37,35,45.396,51,2,36.503174,-120.325302,62.238998,6,600,58,3,"e00fce68e77e43df92405fdb",2026-09-20 20:10:03.292,2026-09-20 20:10:03.422,2026-09-20 20:10:03.422,2026-09-20
"1212","r8zzuGwNZd","MOOSPMv3Parser",1789935000,6,6,4,8,8,4,4,9,9,4,1812,346,160065,54,34,3,34,34,32,21,34,0,31,36,32,28,40.895,24,1,35.774986,-119.238457,55.521,7,600,58,3,"e00fce68e88237db75a60608",2026-09-20 20:10:03.606,2026-09-20 20:10:03.825,2026-09-20 20:10:03.825,2026-09-20
"1213","Y1fgnR14dk","MOOSPMv3Parser",1789935000,4,4,3,5,5,3,3,6,6,3,1049,245,313762,37,24,1,24,24,33,14,24,0,38,38,22,24,512.609,53,1,36.13895,-120.368393,177.834,7,600,58,3,"e00fce6850cac69f647dc199",2026-09-20 20:10:03.871,2026-09-20 20:10:04.021,2026-09-20 20:10:04.021,2026-09-20
"1214","ZAUMx103SV","MOOSPMv3Parser",1789935000,5,5,0,8,8,0,0,9,9,0,1429,348,0,60,0,4,0,0,31,19,0,2,31,35,32,29,33.445,29,3,36.18766,-119.821762,45.889,0,600,58,3,"e00fce68e739ecbcf9e91965",2026-09-20 20:10:04.131,2026-09-20 20:10:04.296,2026-09-20 20:10:04.296,2026-09-20
"1215","YXEKxNFFR7","MOOSPMv3Parser",1789935000,5,5,4,7,7,4,4,7,7,4,917,282,202759,43,30,3,30,30,0,0,30,0,31,33,32,31,24.062,61,14,36.433697,-119.923325,22.669001,5,600,58,3,"e00fce6876826e255108c6bd",2026-09-20 20:10:04.27,2026-09-20 20:10:04.45,2026-09-20 20:10:04.45,2026-09-20
"1216","ClBAnBH18z","MOOSPMv3Parser",1789935001,5,5,0,6,6,0,0,7,7,0,1102,307,219311,43,0,2,0,0,31,20,0,0,32,36,31,28,38.833,70,3277,1.8e-05,0.002333,20257.880859,9,600,58,3,"e00fce68e28dcbc9a589be10",2026-09-20 20:10:04.44,2026-09-20 20:10:04.6,2026-09-20 20:10:04.6,2026-09-20
"1217","CqiaQYTw9K","MOOSPMv3Parser",1789935000,5,5,4,7,7,4,4,7,7,4,1214,328,123403,47,32,2,32,32,35,20,32,0,33,40,30,25,40.462,78,2,36.523308,-119.278801,79.364998,5,600,58,3,"e00fce68f12da1a0c5de6248",2026-09-20 20:10:06.198,2026-09-20 20:10:06.341,2026-09-20 20:10:06.341,2026-09-20
"1218","5gccHX9ISv","MOOSPMv3Parser",1789935600,7,7,4,10,10,4,4,10,10,4,1552,410,257678,62,32,3,32,32,31,22,32,0,30,35,36,30,35.474,28,1,35.949684,-119.049873,143.033997,6,600,58,3,"e00fce6808784ceaf209f949",2026-09-20 20:20:02.019,2026-09-20 20:20:02.245,2026-09-20 20:20:02.245,2026-09-20
"1219","RbJzLCv6wZ","MOOSPMv3Parser",1789935600,2,2,5,5,5,5,5,5,5,5,435,323,116806,51,36,4,36,36,33,27,36,0,25,36,47,28,33.986,12,3,35.963245,-119.29187,50.362,8,600,58,3,"e00fce68d6b773b56ce8baa0",2026-09-20 20:20:02.249,2026-09-20 20:20:02.405,2026-09-20 20:20:02.405,2026-09-20
"1220","BlrD2yNqx4","MOOSPMv3Parser",1789935601,0,0,2,1,1,2,2,1,1,2,310,204,51798,27,15,2,15,15,32,27,15,0,31,36,31,26,34.521,38,1,36.198811,-120.104385,67.914001,8,600,58,3,"e00fce686dc2ef0a68fa40b0",2026-09-20 20:20:02.37,2026-09-20 20:20:02.559,2026-09-20 20:20:02.559,2026-09-20
"1221","rnMGa8tu6T","MOOSPMv3Parser",1789935601,7,7,4,9,9,4,4,10,10,4,1984,381,69404,53,28,3,28,28,-10,-10,28,0,30,32,35,34,45.85,46,2,36.503132,-120.325256,44.383999,4,600,58,3,"e00fce68e77e43df92405fdb",2026-09-20 20:20:03.487,2026-09-20 20:20:03.708,2026-09-20 20:20:03.708,2026-09-20
"1222","i5bGEUaSm2","MOOSPMv3Parser",1789935600,6,6,5,9,9,5,5,9,9,5,1867,365,160097,58,36,4,37,37,33,20,37,0,32,38,31,26,42.413,16,1,35.774944,-119.238503,56.917,5,600,58,3,"e00fce68e88237db75a60608",2026-09-20 20:20:03.565,2026-09-20 20:20:03.918,2026-09-20 20:20:03.918,2026-09-20
"1223","FjaCfq3JH5","MOOSPMv3Parser",1789935600,5,5,0,8,8,0,0,9,9,0,1464,351,0,58,0,4,0,0,31,20,0,2,31,35,32,29,33.485,27,4,36.187531,-119.821915,23.347,5,600,58,3,"e00fce68e739ecbcf9e91965",2026-09-20 20:20:04.027,2026-09-20 20:20:04.23,2026-09-20 20:20:04.23,2026-09-20
"1224","PO9jHfWQT3","MOOSPMv3Parser",1789935600,4,4,4,7,7,4,4,8,8,4,944,287,202784,48,30,3,30,30,0,0,30,0,31,33,32,32,24.547,62,15,36.433647,-119.923363,28.044001,7,600,58,3,"e00fce6876826e255108c6bd",2026-09-20 20:20:04.126,2026-09-20 20:20:04.309,2026-09-20 20:20:04.309,2026-09-20
"1225","f9JCXKhnaH","MOOSPMv3Parser",1789935600,4,4,3,5,5,3,3,6,6,3,1064,253,313781,39,26,2,26,26,33,14,26,0,38,38,22,24,512.627,54,1,36.138988,-120.368355,172.082993,7,600,58,3,"e00fce6850cac69f647dc199",2026-09-20 20:20:04.286,2026-09-20 20:20:04.443,2026-09-20 20:20:04.443,2026-09-20
"1226","5M6L49VJtg","MOOSPMv3Parser",1789935601,4,4,0,6,6,0,0,6,6,0,1032,288,219311,43,0,2,0,0,31,20,0,0,32,36,31,29,40.471,53,3277,1.8e-05,0.002333,20257.880859,9,600,58,3,"e00fce68e28dcbc9a589be10",2026-09-20 20:20:04.39,2026-09-20 20:20:04.591,2026-09-20 20:20:04.591,2026-09-20
"1227","CfT8uOE1Jl","MOOSPMv3Parser",1789935600,6,6,4,8,8,4,4,8,8,4,1360,368,123432,53,33,2,33,33,35,18,33,0,33,40,28,23,40.577,89,2,36.523281,-119.278831,87.309998,7,600,58,3,"e00fce68f12da1a0c5de6248",2026-09-20 20:20:06.89,2026-09-20 20:20:07.054,2026-09-20 20:20:07.054,2026-09-20
"1228","eTIJO0kymE","MOOSPMv3Parser",1789936200,7,7,4,10,10,4,4,11,11,4,1566,417,257708,61,32,4,32,32,31,23,32,0,31,35,34,30,35.053,26,1,35.949512,-119.049995,103.240997,8,600,58,3,"e00fce6808784ceaf209f949",2026-09-20 20:30:02.02,2026-09-20 20:30:02.182,2026-09-20 20:30:02.182,2026-09-20
"1229","NjMXHOxr5c","MOOSPMv3Parser",1789936200,6,6,4,8,8,4,4,9,9,4,1375,378,123460,54,32,2,32,32,35,20,32,0,33,40,31,25,40.911,83,1,36.523312,-119.278824,82.199997,7,600,58,3,"e00fce68f12da1a0c5de6248",2026-09-20 20:30:02.119,2026-09-20 20:30:02.288,2026-09-20 20:30:02.288,2026-09-20
"1230","WWUtf3GG0e","MOOSPMv3Parser",1789936201,0,0,2,1,1,2,2,1,1,2,306,198,51810,27,14,2,14,14,32,27,14,0,31,36,31,26,34.408,36,1,36.198818,-120.104439,63.771,7,600,58,3,"e00fce686dc2ef0a68fa40b0",2026-09-20 20:30:02.58,2026-09-20 20:30:02.776,2026-09-20 20:30:02.776,2026-09-20
"1231","KpZQRXsoIm","MOOSPMv3Parser",1789936200,2,2,5,5,5,5,5,5,5,5,445,332,116838,54,38,5,38,38,33,27,38,0,32,37,32,28,34.758,12,3,35.963123,-119.291702,17.785,9,600,58,3,"e00fce68d6b773b56ce8baa0",2026-09-20 20:30:02.74,2026-09-20 20:30:02.923,2026-09-20 20:30:02.923,2026-09-20
"1232","OyJHPf8Xcq","MOOSPMv3Parser",1789936201,7,7,3,9,9,4,4,9,9,4,1998,385,69428,49,27,2,27,27,29,26,27,0,30,33,35,34,45.03,59,2,36.503159,-120.325272,45.889,5,600,58,3,"e00fce68e77e43df92405fdb",2026-09-20 20:30:03.317,2026-09-20 20:30:03.498,2026-09-20 20:30:03.498,2026-09-20
"1233","w4MecWc8Sj","MOOSPMv3Parser",1789936200,6,6,5,9,9,5,5,9,9,5,1898,361,160128,56,36,4,36,36,33,20,36,0,33,39,29,25,42.429,19,1,35.774876,-119.238388,54.160999,5,600,58,3,"e00fce68e88237db75a60608",2026-09-20 20:30:03.384,2026-09-20 20:30:03.611,2026-09-20 20:30:03.611,2026-09-20
"1234","SthSfKdif6","MOOSPMv3Parser",1789936200,6,6,0,9,9,0,0,10,10,0,1541,373,0,61,0,5,0,0,31,19,0,2,32,36,30,27,34.04,26,5,36.187489,-119.822052,13.236,10,600,58,3,"e00fce68e739ecbcf9e91965",2026-09-20 20:30:04.088,2026-09-20 20:30:04.265,2026-09-20 20:30:04.265,2026-09-20
"1235","AAHOlpRnhV","MOOSPMv3Parser",1789936201,4,4,0,6,6,0,0,6,6,0,1023,287,219311,43,0,2,0,0,31,19,0,0,32,36,32,28,40.111,47,3277,1.8e-05,0.002333,20257.880859,9,600,58,3,"e00fce68e28dcbc9a589be10",2026-09-20 20:30:04.355,2026-09-20 20:30:04.55,2026-09-20 20:30:04.55,2026-09-20
"1236","OTNQfzbjbM","MOOSPMv3Parser",1789936200,4,4,3,6,6,3,3,6,6,3,1096,259,313800,41,25,2,25,25,33,14,25,0,38,38,21,24,512.654,50,1,36.138935,-120.368324,172.882004,7,600,58,3,"e00fce6850cac69f647dc199",2026-09-20 20:30:04.51,2026-09-20 20:30:04.698,2026-09-20 20:30:04.698,2026-09-20
"1237","u8YqZJGOOw","MOOSPMv3Parser",1789936800,8,8,4,11,11,4,4,11,11,4,1642,433,257738,63,31,3,32,32,31,23,32,0,32,35,34,30,36.078,21,1,35.949512,-119.04995,112.445,9,600,58,3,"e00fce6808784ceaf209f949",2026-09-20 20:40:01.772,2026-09-20 20:40:01.922,2026-09-20 20:40:01.922,2026-09-20
"1238","qjKU3Y3Acj","MOOSPMv3Parser",1789936800,2,2,5,5,5,5,5,5,5,5,440,323,116869,54,35,5,36,36,34,26,36,0,32,37,32,27,34.474,11,4,35.963123,-119.291702,17.785,0,600,58,3,"e00fce68d6b773b56ce8baa0",2026-09-20 20:40:02.272,2026-09-20 20:40:02.45,2026-09-20 20:40:02.45,2026-09-20
"1239","znJa140shq","MOOSPMv3Parser",1789936801,0,0,2,1,1,2,2,1,1,2,313,206,51821,26,13,1,13,13,32,27,13,0,31,36,30,26,34.517,35,1,36.198803,-120.104454,66.126999,6,600,58,3,"e00fce686dc2ef0a68fa40b0",2026-09-20 20:40:02.826,2026-09-20 20:40:03.009,2026-09-20 20:40:03.009,2026-09-20
"1240","sdiSofpGNr","MOOSPMv3Parser",1789936801,7,7,4,9,9,4,4,10,10,4,2030,397,69453,53,29,3,29,29,-10,-10,29,0,30,32,35,34,45.034,55,1,36.503082,-120.325409,40.971001,5,600,58,3,"e00fce68e77e43df92405fdb",2026-09-20 20:40:03.376,2026-09-20 20:40:03.61,2026-09-20 20:40:03.61,2026-09-20
"1241","XoZwQjiHRu","MOOSPMv3Parser",1789936800,6,6,4,9,9,4,4,9,9,4,1821,353,160157,52,34,4,34,34,32,20,34,0,31,36,31,27,44.435,21,1,35.775082,-119.23851,59.810001,7,600,58,3,"e00fce68e88237db75a60608",2026-09-20 20:40:03.476,2026-09-20 20:40:03.684,2026-09-20 20:40:03.684,2026-09-20
"1242","nBIeVLZ1xV","MOOSPMv3Parser",1789936800,6,6,0,9,9,0,0,9,9,0,1505,365,0,59,0,5,0,0,32,18,0,2,32,37,30,27,33.543,31,5,36.187443,-119.821991,3.089,9,600,58,3,"e00fce68e739ecbcf9e91965",2026-09-20 20:40:04.007,2026-09-20 20:40:04.165,2026-09-20 20:40:04.165,2026-09-20
"1243","4x8LXgG7yB","MOOSPMv3Parser",1789936800,4,4,4,7,7,4,4,8,8,4,923,280,202835,45,30,3,30,30,0,0,30,0,31,33,32,32,24.993,62,14,36.433598,-119.923347,21.874001,9,600,58,3,"e00fce6876826e255108c6bd",2026-09-20 20:40:04.254,2026-09-20 20:40:04.463,2026-09-20 20:40:04.463,2026-09-20
"1244","MmexcLWqTU","MOOSPMv3Parser",1789936801,4,4,0,6,6,0,0,6,6,0,1008,284,219311,41,0,2,0,0,31,19,0,0,32,36,29,28,39.956,43,3277,1.8e-05,0.002333,20257.880859,9,600,58,3,"e00fce68e28dcbc9a589be10",2026-09-20 20:40:04.451,2026-09-20 20:40:04.705,2026-09-20 20:40:04.705,2026-09-20
"1245","3CKy3wOKme","MOOSPMv3Parser",1789936800,4,4,3,6,6,3,3,7,7,3,1080,257,313819,42,26,2,26,26,33,13,26,0,38,37,20,23,512.666,44,1,36.138988,-120.368385,180.602997,7,600,58,3,"e00fce6850cac69f647dc199",2026-09-20 20:40:04.796,2026-09-20 20:40:04.943,2026-09-20 20:40:04.943,2026-09-20
"1246","fhPDyRt9ac","MOOSPMv3Parser",1789936800,6,6,4,8,8,4,4,8,8,4,1373,374,123487,45,32,2,32,32,35,20,32,0,34,41,30,25,41.499,91,1,36.523312,-119.278824,82.200996,0,600,58,3,"e00fce68f12da1a0c5de6248",2026-09-20 20:40:06.174,2026-09-20 20:40:06.41,2026-09-20 20:40:06.41,2026-09-20
"1247","v8UPAAyHxK","MOOSPMv3Parser",1789937400,6,6,4,9,9,5,5,9,9,5,1443,395,123518,52,34,2,34,34,36,19,34,0,34,41,29,24,41.852,102,1,36.52327,-119.278854,76.167999,8,600,58,3,"e00fce68f12da1a0c5de6248",2026-09-20 20:50:02.107,2026-09-20 20:50:02.323,2026-09-20 20:50:02.323,2026-09-20
"1248","IN6BUIjQlk","MOOSPMv3Parser",1789937400,2,2,5,5,5,5,5,5,5,5,454,337,116903,54,39,4,39,39,34,26,39,0,33,38,29,27,34.84,12,3,35.963116,-119.291725,67.143997,9,600,58,3,"e00fce68d6b773b56ce8baa0",2026-09-20 20:50:03.062,2026-09-20 20:50:03.2,2026-09-20 20:50:03.2,2026-09-20
"1249","ebvUKaKow5","MOOSPMv3Parser",1789937401,0,0,2,2,2,2,2,2,2,2,333,219,51833,29,14,2,14,14,32,27,14,0,32,36,30,26,33.244,58,1,36.19878,-120.104485,77.157997,8,600,58,3,"e00fce686dc2ef0a68fa40b0",2026-09-20 20:50:03.216,2026-09-20 20:50:03.397,2026-09-20 20:50:03.397,2026-09-20
"1250","W2npeQ6CDi","MOOSPMv3Parser",1789937400,7,7,5,9,9,5,5,10,10,5,1953,382,160189,56,37,3,37,37,33,19,37,0,33,38,29,26,44.404,17,1,35.775009,-119.238495,54.368,5,600,58,3,"e00fce68e88237db75a60608",2026-09-20 20:50:03.455,2026-09-20 20:50:03.611,2026-09-20 20:50:03.611,2026-09-20
"1251","O3jYUUSqcC","MOOSPMv3Parser",1789937401,8,8,4,11,11,5,5,11,11,5,2191,432,69483,61,34,3,34,34,29,28,34,0,30,32,36,35,45.749,43,1,36.503136,-120.325356,40.216999,5,600,58,3,"e00fce68e77e43df92405fdb",2026-09-20 20:50:03.465,2026-09-20 20:50:03.76,2026-09-20 20:50:03.76,2026-09-20
"1252","tCvsAgFx1Y","MOOSPMv3Parser",1789937400,4,4,3,6,6,4,4,7,7,4,1126,263,313840,40,27,2,27,27,32,15,27,0,37,37,22,25,512.715,39,1,36.138988,-120.368385,180.602997,0,600,58,3,"e00fce6850cac69f647dc199",2026-09-20 20:50:03.856,2026-09-20 20:50:04.121,2026-09-20 20:50:04.121,2026-09-20
"1253","SqPV8TgxWF","MOOSPMv3Parser",1789937400,4,4,4,6,6,4,4,7,7,4,909,279,202861,42,30,4,30,30,0,0,30,0,31,33,31,31,25.354,62,15,36.433712,-119.923378,25.409,12,600,58,3,"e00fce6876826e255108c6bd",2026-09-20 20:50:04.032,2026-09-20 20:50:04.251,2026-09-20 20:50:04.251,2026-09-20
"1254","BQtKAmnoHP","MOOSPMv3Parser",1789937400,5,5,0,9,9,0,0,9,9,0,1520,359,0,62,0,4,0,0,31,17,0,2,32,36,29,27,33.768,34,4,36.187454,-119.822052,14.423,9,600,58,3,"e00fce68e739ecbcf9e91965",2026-09-20 20:50:04.09,2026-09-20 20:50:04.263,2026-09-20 20:50:04.263,2026-09-20
"1255","4MtTUrZ1MG","MOOSPMv3Parser",1789937401,4,4,0,5,5,0,0,6,6,0,958,266,219311,40,0,2,0,0,31,19,0,0,32,36,30,29,38.786,51,3277,1.8e-05,0.002333,20257.880859,9,600,58,3,"e00fce68e28dcbc9a589be10",2026-09-20 20:50:04.422,2026-09-20 20:50:04.656,2026-09-20 20:50:04.656,2026-09-20
"1256","tEVHKVRl4Y","MOOSPMv3Parser",1789937400,8,8,4,11,11,4,4,11,11,4,1629,432,257769,62,32,3,32,32,31,23,32,0,32,35,34,30,35.983,19,1,35.949581,-119.050034,97.478996,6,600,58,3,"e00fce6808784ceaf209f949",2026-09-20 20:50:07.463,2026-09-20 20:50:07.645,2026-09-20 20:50:07.645,2026-09-20
"1257","XocInse6gV","MOOSPMv3Parser",1789938000,8,8,4,11,11,4,4,11,11,4,1610,428,257801,64,33,3,33,33,31,23,33,0,31,35,34,30,36.778,18,1,35.949657,-119.04998,120.517998,8,600,58,3,"e00fce6808784ceaf209f949",2026-09-20 21:00:02.021,2026-09-20 21:00:02.194,2026-09-20 21:00:02.194,2026-09-20
"1258","lt3quAmSHP","MOOSPMv3Parser",1789938000,2,2,5,5,5,5,5,5,5,5,442,326,116934,52,37,4,37,37,35,25,37,0,33,39,29,26,35.15,12,3,35.963181,-119.291771,32.497002,10,600,58,3,"e00fce68d6b773b56ce8baa0",2026-09-20 21:00:02.195,2026-09-20 21:00:02.367,2026-09-20 21:00:02.367,2026-09-20
"1259","uj1Xo8rbvp","MOOSPMv3Parser",1789938001,0,0,2,1,1,2,2,2,2,2,332,221,51846,29,14,2,15,15,32,27,15,0,31,36,31,26,33.435,59,1,36.198818,-120.104523,72.43,10,600,58,3,"e00fce686dc2ef0a68fa40b0",2026-09-20 21:00:02.338,2026-09-20 21:00:02.512,2026-09-20 21:00:02.512,2026-09-20
"1260","aSHmqtd33A","MOOSPMv3Parser",1789938000,6,6,4,9,9,5,5,9,9,5,1459,399,123547,51,34,2,34,34,35,19,34,0,32,40,30,24,42.859,89,1,36.52335,-119.278786,77.172997,5,600,58,3,"e00fce68f12da1a0c5de6248",2026-09-20 21:00:02.339,2026-09-20 21:00:02.58,2026-09-20 21:00:02.58,2026-09-20
"1261","BzQ9Y6Acwu","MOOSPMv3Parser",1789938000,7,7,5,9,9,5,5,10,10,5,1963,380,160221,58,37,2,37,37,33,19,37,0,32,38,30,26,45.572,16,1,35.775063,-119.238533,77.862999,5,600,58,3,"e00fce68e88237db75a60608",2026-09-20 21:00:03.394,2026-09-20 21:00:03.584,2026-09-20 21:00:03.584,2026-09-20
"1262","vzVfYvaapA","MOOSPMv3Parser",1789938001,8,8,5,12,12,5,5,12,12,5,2318,470,69515,67,36,4,37,37,29,27,37,0,30,32,35,35,44.563,46,1,36.503056,-120.325409,48.341,6,600,58,3,"e00fce68e77e43df92405fdb",2026-09-20 21:00:03.569,2026-09-20 21:00:03.744,2026-09-20 21:00:03.744,2026-09-20
"1263","0FLrWBPjk6","MOOSPMv3Parser",1789938000,4,4,3,6,6,4,4,7,7,4,883,267,202885,41,27,3,27,27,0,0,27,0,31,33,31,32,25.333,63,17,36.433445,-119.923332,15.118,11,600,58,3,"e00fce6876826e255108c6bd",2026-09-20 21:00:03.943,2026-09-20 21:00:04.182,2026-09-20 21:00:04.182,2026-09-20
"1264","hTs9hdFkue","MOOSPMv3Parser",1789938000,5,5,0,8,8,0,0,8,8,0,1415,333,0,55,0,5,0,0,31,18,0,2,31,36,31,28,34.818,24,4,36.187469,-119.821976,14.579,7,600,58,3,"e00fce68e739ecbcf9e91965",2026-09-20 21:00:04.018,2026-09-20 21:00:04.199,2026-09-20 21:00:04.199,2026-09-20
"1265","NQETiG7l5R","MOOSPMv3Parser",1789938000,5,5,4,8,8,4,4,8,8,4,1236,298,313866,49,33,3,33,33,32,14,33,0,36,36,22,25,512.727,36,1,36.138947,-120.368286,171.317993,7,600,58,3,"e00fce6850cac69f647dc199",2026-09-20 21:00:04.302,2026-09-20 21:00:04.497,2026-09-20 21:00:04.497,2026-09-20
"1266","jAJzqslbv9","MOOSPMv3Parser",1789938001,3,3,0,5,5,0,0,5,5,0,939,261,219311,39,0,2,0,0,31,19,0,0,32,36,32,28,40.752,41,3277,1.8e-05,0.002333,20257.880859,9,600,58,3,"e00fce68e28dcbc9a589be10",2026-09-20 21:00:04.521,2026-09-20 21:00:04.684,2026-09-20 21:00:04.684,2026-09-20
"1267","QLIKJJt9vI","MOOSPMv3Parser",1789938600,8,8,4,11,11,4,4,11,11,4,1605,431,257833,63,33,3,33,33,31,23,33,0,32,35,34,30,36.988,14,1,35.949772,-119.049965,107.886002,7,600,58,3,"e00fce6808784ceaf209f949",2026-09-20 21:10:02.107,2026-09-20 21:10:02.297,2026-09-20 21:10:02.297,2026-09-20
"1268","AjPUEmcj6w","MOOSPMv3Parser",1789938600,7,7,4,9,9,5,5,10,10,5,1423,386,123578,56,35,3,35,35,34,20,35,0,32,39,32,25,42.438,75,1,36.523373,-119.278793,82.329002,7,600,58,3,"e00fce68f12da1a0c5de6248",2026-09-20 21:10:02.281,2026-09-20 21:10:02.464,2026-09-20 21:10:02.464,2026-09-20
"1269","2dZjlJpFye","MOOSPMv3Parser",1789938600,2,2,5,5,5,5,5,6,6,5,437,326,116967,56,38,6,38,38,35,25,38,0,33,39,29,25,34.795,13,3,35.963146,-119.291702,41.243,7,600,58,3,"e00fce68d6b773b56ce8baa0",2026-09-20 21:10:02.738,2026-09-20 21:10:02.917,2026-09-20 21:10:02.917,2026-09-20
"1270","SSisfc69tz","MOOSPMv3Parser",1789938601,0,0,2,2,2,2,2,2,2,2,339,227,51858,30,15,2,15,15,32,28,15,0,31,36,32,26,33.35,77,1,36.19886,-120.104454,75.358002,7,600,58,3,"e00fce686dc2ef0a68fa40b0",2026-09-20 21:10:02.699,2026-09-20 21:10:02.932,2026-09-20 21:10:02.932,2026-09-20
"1271","mVxEcdwTaW","MOOSPMv3Parser",1789938601,8,8,5,11,11,5,5,11,11,5,2209,445,69546,61,36,3,36,36,28,27,36,0,30,32,36,35,45.195,49,2,36.503109,-120.325363,38.778999,8,600,58,3,"e00fce68e77e43df92405fdb",2026-09-20 21:10:03.312,2026-09-20 21:10:03.46,2026-09-20 21:10:03.46,2026-09-20
"1272","2E4fVXVH5H","MOOSPMv3Parser",1789938600,7,7,5,10,10,6,6,11,11,6,2021,400,160256,62,39,5,40,40,32,20,40,0,32,36,31,28,42.23,18,1,35.775013,-119.238602,46.306,5,600,58,3,"e00fce68e88237db75a60608",2026-09-20 21:10:03.463,2026-09-20 21:10:03.662,2026-09-20 21:10:03.662,2026-09-20
"1273","2YPg1NvoYN","MOOSPMv3Parser",1789938600,4,4,4,6,6,4,4,7,7,4,881,268,202911,41,30,4,31,31,0,0,31,0,32,33,31,32,25.242,63,18,36.433445,-119.923332,15.112,0,600,58,3,"e00fce6876826e255108c6bd",2026-09-20 21:10:03.94,2026-09-20 21:10:04.142,2026-09-20 21:10:04.142,2026-09-20
"1274","6RDplUS9Ft","MOOSPMv3Parser",1789938600,5,5,3,7,7,3,3,7,7,3,1125,268,313886,45,26,2,26,26,31,15,26,0,36,35,23,26,512.711,28,1,36.138958,-120.368362,154.507996,7,600,58,3,"e00fce6850cac69f647dc199",2026-09-20 21:10:04.226,2026-09-20 21:10:04.474,2026-09-20 21:10:04.474,2026-09-20
"1275","ZBqTK8s5ox","MOOSPMv3Parser",1789938600,5,5,0,8,8,0,0,9,9,0,1424,338,0,59,0,6,0,0,31,18,0,2,31,35,30,28,34.657,23,5,36.187458,-119.822128,10.939,7,600,58,3,"e00fce68e739ecbcf9e91965",2026-09-20 21:10:04.327,2026-09-20 21:10:04.518,2026-09-20 21:10:04.518,2026-09-20
"1276","2HrIkApCtU","MOOSPMv3Parser",1789938601,4,4,0,6,6,0,0,6,6,0,998,279,219311,42,0,3,0,0,31,19,0,0,31,35,32,29,40.005,30,3277,1.8e-05,0.002333,20257.880859,9,600,58,3,"e00fce68e28dcbc9a589be10",2026-09-20 21:10:04.436,2026-09-20 21:10:04.606,2026-09-20 21:10:04.606,2026-09-20
"1277","QxDD2ebgnp","MOOSPMv3Parser",1789939200,8,8,4,11,11,4,4,11,11,4,1642,431,257864,64,32,4,33,33,31,23,33,0,32,35,34,31,36.834,16,1,35.949497,-119.049988,102.622002,8,600,58,3,"e00fce6808784ceaf209f949",2026-09-20 21:20:01.992,2026-09-20 21:20:02.162,2026-09-20 21:20:02.162,2026-09-20
"1278","q6vg4awWKt","MOOSPMv3Parser",1789939200,2,2,5,5,5,5,5,5,5,5,445,332,116998,55,37,5,38,38,35,25,38,0,33,39,29,26,35.102,13,3,35.963352,-119.291656,35.783001,7,600,58,3,"e00fce68d6b773b56ce8baa0",2026-09-20 21:20:02.181,2026-09-20 21:20:02.346,2026-09-20 21:20:02.346,2026-09-20
"1279","yH3SaYFGuG","MOOSPMv3Parser",1789939200,7,7,5,10,10,5,5,10,10,5,1509,413,123610,57,37,3,38,38,34,22,38,0,33,39,32,27,41.301,90,1,36.523376,-119.278748,80.175003,6,600,58,3,"e00fce68f12da1a0c5de6248",2026-09-20 21:20:02.332,2026-09-20 21:20:02.534,2026-09-20 21:20:02.534,2026-09-20
"1280","ldWTraKcdC","MOOSPMv3Parser",1789939201,0,0,3,2,2,3,3,2,2,3,348,235,51876,33,22,2,22,22,31,28,22,0,30,35,33,27,34.786,52,1,36.198833,-120.104523,67.455002,8,600,58,3,"e00fce686dc2ef0a68fa40b0",2026-09-20 21:20:02.83,2026-09-20 21:20:02.981,2026-09-20 21:20:02.981,2026-09-20
"1281","6fnm9JFCjl","MOOSPMv3Parser",1789939201,8,8,4,11,11,4,4,11,11,4,2133,432,69574,58,33,4,33,33,28,28,33,0,30,32,36,35,45.092,45,2,36.503181,-120.325401,48.466999,9,600,58,3,"e00fce68e77e43df92405fdb",2026-09-20 21:20:03.411,2026-09-20 21:20:03.604,2026-09-20 21:20:03.604,2026-09-20
"1282","g63AMK7RaQ","MOOSPMv3Parser",1789939200,7,7,4,9,9,5,5,10,10,5,1864,371,160286,59,34,3,34,34,32,21,34,0,32,36,31,28,40.517,20,1,35.775013,-119.238602,46.310001,0,600,58,3,"e00fce68e88237db75a60608",2026-09-20 21:20:03.524,2026-09-20 21:20:03.679,2026-09-20 21:20:03.679,2026-09-20
"1283","me8GchUfMu","MOOSPMv3Parser",1789939200,4,4,4,7,7,4,4,8,8,4,934,284,202936,45,30,4,31,31,0,0,31,0,31,33,32,32,25.518,63,18,36.433464,-119.923355,15.018,9,600,58,3,"e00fce6876826e255108c6bd",2026-09-20 21:20:03.941,2026-09-20 21:20:04.111,2026-09-20 21:20:04.111,2026-09-20
"1284","ZEGYUy0exN","MOOSPMv3Parser",1789939200,4,4,3,6,6,3,3,6,6,3,1040,251,313905,37,25,2,26,26,31,15,26,0,35,35,22,25,512.779,22,1,36.138863,-120.36837,152.804001,5,600,58,3,"e00fce6850cac69f647dc199",2026-09-20 21:20:04.028,2026-09-20 21:20:04.187,2026-09-20 21:20:04.187,2026-09-20
"1285","0aqX6iCVOA","MOOSPMv3Parser",1789939200,5,5,0,8,8,0,0,9,9,0,1450,349,0,58,0,4,0,0,30,19,0,2,31,34,31,29,34.627,21,6,36.187298,-119.822044,-1.798,8,600,58,3,"e00fce68e739ecbcf9e91965",2026-09-20 21:20:04.103,2026-09-20 21:20:04.321,2026-09-20 21:20:04.321,2026-09-20
"1286","EP2myUzgqk","MOOSPMv3Parser",1789939201,5,5,0,7,7,0,0,7,7,0,981,274,219311,43,0,2,0,0,30,20,0,0,31,35,33,29,39.336,30,3277,1.8e-05,0.002333,20257.880859,9,600,58,3,"e00fce68e28dcbc9a589be10",2026-09-20 21:20:04.476,2026-09-20 21:20:04.626,2026-09-20 21:20:04.626,2026-09-20
"1287","hKx37xqGNK","MOOSPMv3Parser",1789939800,8,8,4,11,11,4,4,12,12,4,1688,452,257895,70,33,4,33,33,30,24,33,0,31,35,35,31,38.066,14,1,35.949558,-119.04998,105.337997,7,600,58,3,"e00fce6808784ceaf209f949",2026-09-20 21:30:02.113,2026-09-20 21:30:02.297,2026-09-20 21:30:02.297,2026-09-20
"1288","FcnBLdQcTC","MOOSPMv3Parser",1789939800,3,3,5,6,6,6,6,6,6,6,461,343,117034,57,42,6,43,43,34,25,43,0,33,38,29,26,35.492,11,3,35.963169,-119.291725,20.517,8,600,58,3,"e00fce68d6b773b56ce8baa0",2026-09-20 21:30:02.575,2026-09-20 21:30:02.745,2026-09-20 21:30:02.745,2026-09-20
"1289","v7auHKiSGW","MOOSPMv3Parser",1789939800,6,6,5,9,9,5,5,9,9,5,1453,395,123641,53,35,1,35,35,34,21,35,0,34,39,30,26,41.246,88,1,36.523376,-119.278763,73.454002,6,600,58,3,"e00fce68f12da1a0c5de6248",2026-09-20 21:30:02.623,2026-09-20 21:30:02.79,2026-09-20 21:30:02.79,2026-09-20
"1290","NsDnHDMOXS","MOOSPMv3Parser",1789939801,7,7,4,10,10,4,4,10,10,4,2014,398,69600,57,29,3,29,29,28,29,29,0,30,31,36,36,44.532,46,2,36.50312,-120.325378,53.194,8,600,58,3,"e00fce68e77e43df92405fdb",2026-09-20 21:30:03.301,2026-09-20 21:30:03.455,2026-09-20 21:30:03.455,2026-09-20
"1291","C9mJPVs77f","MOOSPMv3Parser",1789939801,0,0,2,2,2,2,2,2,2,2,336,225,51888,29,15,2,15,15,31,30,15,0,30,35,34,29,33.978,41,1,36.198849,-120.104431,70.486,7,600,58,3,"e00fce686dc2ef0a68fa40b0",2026-09-20 21:30:03.32,2026-09-20 21:30:03.48,2026-09-20 21:30:03.48,2026-09-20
"1292","8a7xDcC5PB","MOOSPMv3Parser",1789939800,7,7,4,10,10,5,5,10,10,5,1868,374,160317,61,35,3,35,35,32,21,35,0,32,36,31,29,39.568,18,1,35.774963,-119.238586,59.709999,8,600,58,3,"e00fce68e88237db75a60608",2026-09-20 21:30:03.393,2026-09-20 21:30:03.555,2026-09-20 21:30:03.555,2026-09-20
"1293","w4G4lEomOS","MOOSPMv3Parser",1789939800,4,4,3,6,6,3,3,6,6,3,1052,259,313926,40,26,2,26,26,30,15,26,0,35,35,22,26,512.835,16,1,36.139038,-120.368416,171.919006,5,600,58,3,"e00fce6850cac69f647dc199",2026-09-20 21:30:03.736,2026-09-20 21:30:03.89,2026-09-20 21:30:03.89,2026-09-20
"1294","GtgX12lnnJ","MOOSPMv3Parser",1789939800,5,5,0,9,9,0,0,9,9,0,1440,349,0,59,0,5,0,0,30,19,0,2,31,34,30,29,33.956,24,7,36.187527,-119.822166,20.033001,8,600,58,3,"e00fce68e739ecbcf9e91965",2026-09-20 21:30:04.167,2026-09-20 21:30:04.333,2026-09-20 21:30:04.333,2026-09-20
"1295","Sl2UQc13um","MOOSPMv3Parser",1789939800,4,4,4,7,7,4,4,7,7,4,906,274,202960,45,29,4,29,29,0,0,29,0,31,33,32,32,25.324,63,18,36.433594,-119.923347,19.636999,8,600,58,3,"e00fce6876826e255108c6bd",2026-09-20 21:30:04.264,2026-09-20 21:30:04.44,2026-09-20 21:30:04.44,2026-09-20
"1296","5RqNMN1oUY","MOOSPMv3Parser",1789939801,4,4,0,6,6,0,0,6,6,0,956,266,219311,42,0,2,0,0,30,20,0,0,31,34,31,29,39.841,25,3277,1.8e-05,0.002333,20257.880859,9,600,58,3,"e00fce68e28dcbc9a589be10",2026-09-20 21:30:04.527,2026-09-20 21:30:04.694,2026-09-20 21:30:04.694,2026-09-20
"1297","A02L3AP2Zr","MOOSPMv3Parser",1789940400,8,8,4,12,12,5,5,12,12,5,1741,460,257927,70,35,4,35,35,30,26,35,0,31,34,37,33,38.412,12,1,35.949566,-119.050018,108.203003,6,600,58,3,"e00fce6808784ceaf209f949",2026-09-20 21:40:02.032,2026-09-20 21:40:02.178,2026-09-20 21:40:02.178,2026-09-20
"1298","NEn6aOzsKM","MOOSPMv3Parser",1789940401,1,1,5,3,3,7,7,3,3,8,357,244,51923,38,42,4,43,43,31,29,43,1,31,35,33,28,32.713,58,1,36.198849,-120.104431,70.489998,0,600,58,3,"e00fce686dc2ef0a68fa40b0",2026-09-20 21:40:02.191,2026-09-20 21:40:02.397,2026-09-20 21:40:02.397,2026-09-20
"1299","Qls1SQpimQ","MOOSPMv3Parser",1789940400,3,3,6,8,8,8,9,9,9,10,500,378,117071,69,47,8,49,49,34,25,49,1,33,38,29,26,34.931,13,3,35.963127,-119.291786,36.676998,9,600,58,3,"e00fce68d6b773b56ce8baa0",2026-09-20 21:40:02.274,2026-09-20 21:40:02.468,2026-09-20 21:40:02.468,2026-09-20
"1300","9upAQst7Lo","MOOSPMv3Parser",1789940400,6,6,4,9,9,4,4,9,9,4,1381,374,123671,55,33,2,34,34,34,21,34,0,32,39,33,27,41.809,63,2,36.523384,-119.27877,77.710999,6,600,58,3,"e00fce68f12da1a0c5de6248",2026-09-20 21:40:02.347,2026-09-20 21:40:02.576,2026-09-20 21:40:02.576,2026-09-20
"1301","yhaLkaMTQg","MOOSPMv3Parser",1789940400,7,7,5,10,10,5,5,10,10,5,1867,381,160349,60,37,3,37,37,31,22,37,0,31,35,31,29,41.259,18,1,35.774986,-119.238586,57.374001,8,600,58,3,"e00fce68e88237db75a60608",2026-09-20 21:40:03.402,2026-09-20 21:40:03.576,2026-09-20 21:40:03.576,2026-09-20
"1302","EHiayE7B4O","MOOSPMv3Parser",1789940401,7,7,4,9,9,4,4,9,9,4,1969,382,69625,51,28,3,29,29,28,29,29,0,29,31,36,36,44.032,48,2,36.50312,-120.325378,53.192001,0,600,58,3,"e00fce68e77e43df92405fdb",2026-09-20 21:40:03.397,2026-09-20 21:40:03.596,2026-09-20 21:40:03.596,2026-09-20
"1303","jHGcEmIlrN","MOOSPMv3Parser",1789940400,4,4,3,6,6,4,4,7,7,4,1100,262,313948,43,27,2,27,27,30,16,27,0,36,34,23,27,512.731,20,1,36.138996,-120.368347,171.688004,6,600,58,3,"e00fce6850cac69f647dc199",2026-09-20 21:40:03.956,2026-09-20 21:40:04.153,2026-09-20 21:40:04.153,2026-09-20
"1304","0oGSvjSBsV","MOOSPMv3Parser",1789940400,5,5,0,8,8,0,0,9,9,0,1369,328,0,52,0,5,0,0,30,19,0,2,31,34,30,29,34.349,24,9,36.187527,-119.82209,16.636999,8,600,58,3,"e00fce68e739ecbcf9e91965",2026-09-20 21:40:04.097,2026-09-20 21:40:04.258,2026-09-20 21:40:04.258,2026-09-20
"1305","qKwDp9PUWv","MOOSPMv3Parser",1789940400,4,4,4,7,7,4,4,7,7,4,906,277,202985,42,29,3,29,29,0,0,29,0,31,33,32,32,25.121,64,17,36.43362,-119.923363,22.43,9,600,58,3,"e00fce6876826e255108c6bd",2026-09-20 21:40:04.412,2026-09-20 21:40:04.569,2026-09-20 21:40:04.569,2026-09-20
"1306","ey36OOMwFE","MOOSPMv3Parser",1789940401,4,4,0,6,6,0,0,6,6,0,926,260,219311,42,0,3,0,0,30,20,0,0,31,34,31,29,39.386,22,3277,1.8e-05,0.002333,20257.880859,9,600,58,3,"e00fce68e28dcbc9a589be10",2026-09-20 21:40:04.695,2026-09-20 21:40:04.867,2026-09-20 21:40:04.867,2026-09-20
"1307","w6esyCapyt","MOOSPMv3Parser",1789941000,9,9,4,12,12,5,5,12,12,5,1764,469,257959,71,35,3,35,35,30,25,35,0,31,34,36,32,37.874,13,1,35.949627,-119.049957,109.448997,6,600,58,3,"e00fce6808784ceaf209f949",2026-09-20 21:50:02.024,2026-09-20 21:50:02.202,2026-09-20 21:50:02.202,2026-09-20
"1308","7JE44kFQnR","MOOSPMv3Parser",1789941000,6,6,4,9,9,5,5,10,10,5,1354,369,123701,54,34,3,34,34,33,22,34,0,32,38,33,27,41.403,56,2,36.523312,-119.278824,78.648003,5,600,58,3,"e00fce68f12da1a0c5de6248",2026-09-20 21:50:02.319,2026-09-20 21:50:02.474,2026-09-20 21:50:02.474,2026-09-20
"1309","FkrByLCp3g","MOOSPMv3Parser",1789941000,2,2,5,5,5,5,5,5,5,5,451,334,117102,54,37,4,37,37,33,26,37,0,33,37,29,27,35.193,13,3,35.963192,-119.291901,41.723999,9,600,58,3,"e00fce68d6b773b56ce8baa0",2026-09-20 21:50:02.498,2026-09-20 21:50:02.692,2026-09-20 21:50:02.692,2026-09-20
"1310","NgoqRYgfU2","MOOSPMv3Parser",1789941001,0,0,2,2,2,3,3,2,2,3,355,243,51938,35,19,2,19,19,31,29,19,1,30,35,35,28,34.14,62,1,36.198814,-120.104301,76.369003,9,600,58,3,"e00fce686dc2ef0a68fa40b0",2026-09-20 21:50:02.593,2026-09-20 21:50:02.837,2026-09-20 21:50:02.837,2026-09-20
"1311","YNtnlTjrCm","MOOSPMv3Parser",1789941001,7,7,3,9,9,4,4,10,10,4,1950,380,69648,53,27,4,27,27,28,30,27,0,29,31,37,37,44.261,52,2,36.50312,-120.325386,49.469002,9,600,58,3,"e00fce68e77e43df92405fdb",2026-09-20 21:50:03.355,2026-09-20 21:50:03.482,2026-09-20 21:50:03.482,2026-09-20
"1312","SGU1HNrqt8","MOOSPMv3Parser",1789941000,7,7,5,10,10,5,5,10,10,5,1876,379,160382,62,38,2,38,38,31,22,38,0,31,35,31,29,43.92,14,1,35.775017,-119.238541,55.331001,8,600,58,3,"e00fce68e88237db75a60608",2026-09-20 21:50:03.385,2026-09-20 21:50:03.531,2026-09-20 21:50:03.531,2026-09-20
"1313","cOuZsT2xUe","MOOSPMv3Parser",1789941000,5,5,4,7,7,4,4,7,7,4,1151,282,313974,48,28,2,29,29,30,17,29,0,36,34,24,28,512.852,22,1,36.138969,-120.368385,171.410004,5,600,58,3,"e00fce6850cac69f647dc199",2026-09-20 21:50:03.535,2026-09-20 21:50:03.697,2026-09-20 21:50:03.697,2026-09-20
"1314","V89zSPAvPU","MOOSPMv3Parser",1789941000,4,4,4,7,7,4,4,8,8,4,898,273,203011,46,30,5,30,30,0,0,30,0,31,33,31,32,24.995,64,16,36.433624,-119.923347,33.499001,8,600,58,3,"e00fce6876826e255108c6bd",2026-09-20 21:50:04.252,2026-09-20 21:50:04.409,2026-09-20 21:50:04.409,2026-09-20
"1315","iAq8VxlV7h","MOOSPMv3Parser",1789941000,6,6,0,9,9,0,0,9,9,0,1486,364,0,56,0,4,0,0,29,20,0,2,31,33,31,30,35.717,20,14,36.187527,-119.82209,16.639999,0,600,58,3,"e00fce68e739ecbcf9e91965",2026-09-20 21:50:04.327,2026-09-20 21:50:04.507,2026-09-20 21:50:04.507,2026-09-20
"1316","7yb75lCxO0","MOOSPMv3Parser",1789941001,4,4,0,6,6,0,0,7,7,0,932,259,219311,41,0,2,0,0,30,20,0,0,31,34,31,30,39.461,21,3277,1.8e-05,0.002333,20257.880859,9,600,58,3,"e00fce68e28dcbc9a589be10",2026-09-20 21:50:04.51,2026-09-20 21:50:04.722,2026-09-20 21:50:04.722,2026-09-20
"1317","UvhSBM3AET","MOOSPMv3Parser",1789941600,7,7,4,9,9,5,5,9,9,5,1361,372,123730,53,34,2,34,34,33,23,34,0,31,38,35,28,40.87,64,2,36.523315,-119.278824,84.601997,5,600,58,3,"e00fce68f12da1a0c5de6248",2026-09-20 22:00:02.194,2026-09-20 22:00:02.365,2026-09-20 22:00:02.365,2026-09-20
"1318","P31ACoKfQo","MOOSPMv3Parser",1789941600,12,11,6,16,15,6,6,17,16,6,2331,630,257998,95,44,5,44,44,29,26,44,0,31,33,36,32,37.904,12,2,35.949627,-119.049957,109.450996,0,600,58,3,"e00fce6808784ceaf209f949",2026-09-20 22:00:02.093,2026-09-20 22:00:02.454,2026-09-20 22:00:02.454,2026-09-20
"1319","UzBVh0wbtW","MOOSPMv3Parser",1789941600,2,2,5,5,5,5,5,5,5,5,445,326,117134,54,38,4,38,38,32,27,38,0,33,36,29,28,32.92,15,3,35.963211,-119.291771,43.785999,8,600,58,3,"e00fce68d6b773b56ce8baa0",2026-09-20 22:00:02.174,2026-09-20 22:00:02.518,2026-09-20 22:00:02.518,2026-09-20
"1320","fJ5P1RjkTb","MOOSPMv3Parser",1789941601,0,0,3,3,3,3,3,3,3,3,368,252,51957,36,22,3,23,23,30,30,23,0,30,34,34,29,33.76,59,1,36.198872,-120.104538,70.695,9,600,58,3,"e00fce686dc2ef0a68fa40b0",2026-09-20 22:00:02.819,2026-09-20 22:00:03.139,2026-09-20 22:00:03.139,2026-09-20
"1321","1Q2rhE39en","MOOSPMv3Parser",1789941601,6,6,3,9,9,4,4,9,9,4,1884,359,69671,48,26,4,26,26,-10,-10,26,0,29,31,38,39,44.812,47,2,36.50322,-120.325432,53.027,8,600,58,3,"e00fce68e77e43df92405fdb",2026-09-20 22:00:03.308,2026-09-20 22:00:03.576,2026-09-20 22:00:03.576,2026-09-20
"1322","dnRXx61Jtc","MOOSPMv3Parser",1789941600,7,7,5,9,9,5,5,10,10,5,1819,374,160417,57,40,3,40,40,30,24,40,0,31,34,32,30,45.059,13,1,35.77504,-119.238525,65.411003,8,600,58,3,"e00fce68e88237db75a60608",2026-09-20 22:00:03.392,2026-09-20 22:00:03.673,2026-09-20 22:00:03.673,2026-09-20
"1323","s9qVp4l9hc","MOOSPMv3Parser",1789941600,5,5,4,7,7,4,4,7,7,4,1140,275,314003,44,30,2,30,30,30,17,30,0,36,34,23,28,512.849,24,1,36.138988,-120.36834,171.410995,5,600,58,3,"e00fce6850cac69f647dc199",2026-09-20 22:00:03.975,2026-09-20 22:00:04.131,2026-09-20 22:00:04.131,2026-09-20
"1324","3Ti8dgIzPb","MOOSPMv3Parser",1789941600,5,5,0,9,9,0,0,10,10,0,1468,364,0,55,0,5,0,0,29,20,0,2,31,33,31,30,36.344,18,20,36.187611,-119.822105,11.56,8,600,58,3,"e00fce68e739ecbcf9e91965",2026-09-20 22:00:04.158,2026-09-20 22:00:04.337,2026-09-20 22:00:04.337,2026-09-20
"1325","4FFRUvEuGq","MOOSPMv3Parser",1789941600,4,4,4,7,7,4,4,8,8,4,906,277,203038,48,31,5,31,31,1,0,31,0,31,32,32,33,25.323,64,16,36.433575,-119.923378,37.409,6,600,58,3,"e00fce6876826e255108c6bd",2026-09-20 22:00:04.264,2026-09-20 22:00:04.402,2026-09-20 22:00:04.402,2026-09-20
"1326","l2qB8JbstB","MOOSPMv3Parser",1789941601,4,4,0,6,6,0,0,6,6,0,912,257,219311,42,0,2,0,0,29,21,0,0,30,33,33,31,38.316,21,3277,1.8e-05,0.002333,20257.880859,9,600,58,3,"e00fce68e28dcbc9a589be10",2026-09-20 22:00:04.536,2026-09-20 22:00:04.74,2026-09-20 22:00:04.74,2026-09-20
"1327","Onrv3Ig4q1","MOOSPMv3Parser",1789942200,9,9,5,12,12,5,5,13,13,5,1832,487,258030,70,36,5,36,36,29,26,36,0,31,33,36,33,37.526,13,2,35.9496,-119.049988,122.652,8,600,58,3,"e00fce6808784ceaf209f949",2026-09-20 22:10:02.092,2026-09-20 22:10:02.284,2026-09-20 22:10:02.284,2026-09-20
"1328","7BRoKdOTMt","MOOSPMv3Parser",1789942200,3,3,6,6,6,6,6,6,6,6,488,369,117171,64,43,6,44,44,32,27,44,0,33,36,29,28,33.799,16,3,35.963211,-119.291801,31.566999,7,600,58,3,"e00fce68d6b773b56ce8baa0",2026-09-20 22:10:02.563,2026-09-20 22:10:02.733,2026-09-20 22:10:02.733,2026-09-20
"1329","9TbrzYagCI","MOOSPMv3Parser",1789942201,0,0,2,2,2,2,2,2,2,2,336,225,51970,32,16,2,16,16,30,30,16,0,30,34,33,29,33.529,44,1,36.198772,-120.104591,52.521999,5,600,58,3,"e00fce686dc2ef0a68fa40b0",2026-09-20 22:10:03.162,2026-09-20 22:10:03.417,2026-09-20 22:10:03.417,2026-09-20
"1330","n8Rcqwila9","MOOSPMv3Parser",1789942201,6,6,4,9,9,4,4,9,9,4,1900,362,69695,51,27,4,28,28,27,31,28,0,29,30,37,38,42.921,50,2,36.503159,-120.32534,37.157001,11,600,58,3,"e00fce68e77e43df92405fdb",2026-09-20 22:10:03.404,2026-09-20 22:10:03.605,2026-09-20 22:10:03.605,2026-09-20
"1331","XAHKHMKKSi","MOOSPMv3Parser",1789942200,7,7,5,10,10,5,5,10,10,5,1919,403,160452,62,40,3,40,40,30,24,40,0,31,34,32,30,44.372,14,2,35.775101,-119.238495,59.908001,5,600,58,3,"e00fce68e88237db75a60608",2026-09-20 22:10:03.544,2026-09-20 22:10:03.689,2026-09-20 22:10:03.689,2026-09-20
"1332","S2Extk5eGq","MOOSPMv3Parser",1789942200,5,5,3,7,7,4,4,7,7,4,1105,269,314026,45,27,3,27,27,30,15,27,0,36,34,22,26,512.809,24,1,36.139008,-120.368492,146.574005,8,600,58,3,"e00fce6850cac69f647dc199",2026-09-20 22:10:03.588,2026-09-20 22:10:03.738,2026-09-20 22:10:03.738,2026-09-20
"1333","iu2IwOsIeL","MOOSPMv3Parser",1789942200,6,6,4,9,9,4,4,9,9,4,1276,353,123757,48,32,2,32,32,32,24,32,0,31,37,34,28,40.948,48,2,36.523315,-119.278824,84.607002,0,600,58,3,"e00fce68f12da1a0c5de6248",2026-09-20 22:10:03.635,2026-09-20 22:10:03.817,2026-09-20 22:10:03.817,2026-09-20
"1334","QGsV9I3Frd","MOOSPMv3Parser",1789942200,5,5,5,7,7,6,6,9,9,6,971,296,203071,46,38,5,39,39,0,0,39,0,30,32,34,34,25.57,64,18,36.433575,-119.923332,26.992001,8,600,58,3,"e00fce6876826e255108c6bd",2026-09-20 22:10:04.117,2026-09-20 22:10:04.287,2026-09-20 22:10:04.287,2026-09-20
"1335","rv0c2GuAwp","MOOSPMv3Parser",1789942200,5,5,0,8,8,0,0,9,9,0,1447,350,0,60,0,5,0,0,29,20,0,2,31,32,31,31,36.595,12,30,36.187561,-119.822098,16.763,9,600,58,3,"e00fce68e739ecbcf9e91965",2026-09-20 22:10:04.194,2026-09-20 22:10:04.379,2026-09-20 22:10:04.379,2026-09-20
"1336","sT7TK7pCi1","MOOSPMv3Parser",1789942201,4,4,0,7,7,0,0,7,7,0,929,261,219311,44,0,3,0,0,29,22,0,0,30,33,33,31,39.31,22,3277,1.8e-05,0.002333,20257.880859,9,600,58,3,"e00fce68e28dcbc9a589be10",2026-09-20 22:10:04.433,2026-09-20 22:10:04.606,2026-09-20 22:10:04.606,2026-09-20
"1337","KVbS8ssrvt","MOOSPMv3Parser",1789942800,9,9,5,13,13,5,5,14,14,5,1948,525,258062,78,37,5,38,38,29,28,38,0,30,33,36,34,37.464,12,2,35.949608,-119.049957,111.184998,8,600,58,3,"e00fce6808784ceaf209f949",2026-09-20 22:20:02.019,2026-09-20 22:20:02.195,2026-09-20 22:20:02.195,2026-09-20
"1338","iA2fBpA7jn","MOOSPMv3Parser",1789942801,0,0,2,1,1,2,2,2,2,2,325,215,51982,28,15,2,15,15,30,30,15,0,30,34,32,29,34.735,23,1,36.19891,-120.104561,74.508003,5,600,58,3,"e00fce686dc2ef0a68fa40b0",2026-09-20 22:20:02.256,2026-09-20 22:20:02.405,2026-09-20 22:20:02.405,2026-09-20
"1339","qdx7zzwmFN","MOOSPMv3Parser",1789942800,6,6,4,9,9,4,4,9,9,4,1317,364,123787,48,34,2,34,34,31,25,34,0,31,36,35,29,41.001,32,3,36.523323,-119.278839,73.158997,5,600,58,3,"e00fce68f12da1a0c5de6248",2026-09-20 22:20:02.434,2026-09-20 22:20:02.631,2026-09-20 22:20:02.631,2026-09-20
"1340","k1CbFJAmYM","MOOSPMv3Parser",1789942801,6,6,3,9,9,3,3,9,9,3,1870,368,69718,49,26,3,26,26,27,31,26,0,29,30,38,39,44.87,45,2,36.503143,-120.325394,55.376999,12,600,58,3,"e00fce68e77e43df92405fdb",2026-09-20 22:20:03.384,2026-09-20 22:20:03.578,2026-09-20 22:20:03.578,2026-09-20
"1341","MU3D1WjVEz","MOOSPMv3Parser",1789942800,8,8,5,11,11,5,5,11,11,5,1938,415,160487,66,41,4,41,41,30,24,41,0,31,34,32,31,45.359,14,2,35.774986,-119.238556,67.775002,5,600,58,3,"e00fce68e88237db75a60608",2026-09-20 22:20:03.465,2026-09-20 22:20:03.625,2026-09-20 22:20:03.625,2026-09-20
"1342","4ZF3rUbvug","MOOSPMv3Parser",1789942800,4,4,3,7,7,4,4,7,7,4,1097,266,314047,46,26,3,26,26,30,16,26,0,35,34,23,27,512.843,18,1,36.138996,-120.368378,158.727005,7,600,58,3,"e00fce6850cac69f647dc199",2026-09-20 22:20:03.944,2026-09-20 22:20:04.118,2026-09-20 22:20:04.118,2026-09-20
"1343","DcRKPbcb5K","MOOSPMv3Parser",1789942800,5,5,5,9,9,6,7,11,11,8,1079,333,203105,64,41,8,42,42,0,0,42,1,30,32,32,34,24.922,65,17,36.433651,-119.923355,30.542,7,600,58,3,"e00fce6876826e255108c6bd",2026-09-20 22:20:04.412,2026-09-20 22:20:04.595,2026-09-20 22:20:04.595,2026-09-20
"1344","RVFL1xG9Z3","MOOSPMv3Parser",1789942801,5,5,0,7,7,0,0,7,7,0,1009,285,219311,46,0,3,0,0,29,23,0,0,30,33,34,32,39.845,22,3277,1.8e-05,0.002333,20257.880859,9,600,58,3,"e00fce68e28dcbc9a589be10",2026-09-20 22:20:04.507,2026-09-20 22:20:04.665,2026-09-20 22:20:04.665,2026-09-20
"1345","WwN5I84uXf","MOOSPMv3Parser",1789942800,3,3,5,6,6,6,6,6,6,6,464,347,117205,58,41,5,41,41,31,28,41,0,33,35,29,29,34.414,14,3,35.963078,-119.291801,50.140999,8,600,58,3,"e00fce68d6b773b56ce8baa0",2026-09-20 22:20:15.314,2026-09-20 22:20:15.604,2026-09-20 22:20:15.604,2026-09-20
"1346","QMsipYUNti","MOOSPMv3Parser",1789942800,5,5,0,8,8,0,0,9,9,0,1340,325,0,56,0,6,0,0,29,21,0,2,31,32,31,31,35.462,12,37,36.187572,-119.822021,24.705,13,600,58,3,"e00fce68e739ecbcf9e91965",2026-09-20 22:20:17.167,2026-09-20 22:20:17.328,2026-09-20 22:20:17.328,2026-09-20
"1347","EBEJfOxTJG","MOOSPMv3Parser",1789943400,10,10,5,14,14,6,6,14,14,6,2029,548,258097,82,41,5,41,41,29,28,41,0,30,33,37,35,37.174,14,2,35.949581,-119.049904,125.190002,8,600,58,3,"e00fce6808784ceaf209f949",2026-09-20 22:30:02.087,2026-09-20 22:30:02.227,2026-09-20 22:30:02.227,2026-09-20
"1348","zZVaDqQ3jE","MOOSPMv3Parser",1789943400,6,6,5,9,9,5,5,9,9,5,1312,360,123820,50,37,2,37,37,31,25,37,0,31,35,35,30,40.883,33,4,36.523216,-119.278816,72.432999,7,600,58,3,"e00fce68f12da1a0c5de6248",2026-09-20 22:30:02.297,2026-09-20 22:30:02.45,2026-09-20 22:30:02.45,2026-09-20
"1349","p7kRTfmASd","MOOSPMv3Parser",1789943400,2,2,5,5,5,5,5,5,5,5,437,326,117238,57,40,4,40,40,31,28,40,0,33,35,29,29,33.037,15,3,35.963078,-119.291801,50.144001,0,600,58,3,"e00fce68d6b773b56ce8baa0",2026-09-20 22:30:02.499,2026-09-20 22:30:02.639,2026-09-20 22:30:02.639,2026-09-20
"1350","LfamxJJfi1","MOOSPMv3Parser",1789943401,0,0,2,1,1,2,2,1,1,2,322,214,51995,29,15,2,15,15,30,30,15,0,31,34,32,29,33.603,25,1,36.198868,-120.104454,67.168999,9,600,58,3,"e00fce686dc2ef0a68fa40b0",2026-09-20 22:30:02.696,2026-09-20 22:30:02.878,2026-09-20 22:30:02.878,2026-09-20
"1351","BspI3fwDC6","MOOSPMv3Parser",1789943401,6,6,3,8,8,4,4,9,9,4,1853,362,69741,48,27,2,27,27,27,32,27,0,29,30,39,39,44.463,44,2,36.503124,-120.325333,56.222,7,600,58,3,"e00fce68e77e43df92405fdb",2026-09-20 22:30:03.461,2026-09-20 22:30:03.609,2026-09-20 22:30:03.609,2026-09-20
"1352","XuUoEA80CX","MOOSPMv3Parser",1789943400,8,8,5,11,11,6,6,11,11,6,1972,415,160525,65,42,4,42,42,30,25,42,0,31,34,32,31,45.606,16,2,35.775005,-119.238495,63.363998,7,600,58,3,"e00fce68e88237db75a60608",2026-09-20 22:30:03.462,2026-09-20 22:30:03.624,2026-09-20 22:30:03.624,2026-09-20
"1353","PzGZAgaXME","MOOSPMv3Parser",1789943400,4,4,3,7,7,4,4,7,7,4,1124,266,314069,47,27,2,27,27,30,17,27,0,35,34,23,27,512.822,18,1,36.139095,-120.368515,136.263,6,600,58,3,"e00fce6850cac69f647dc199",2026-09-20 22:30:04.052,2026-09-20 22:30:04.216,2026-09-20 22:30:04.216,2026-09-20
"1354","5g5B8S8BdC","MOOSPMv3Parser",1789943400,5,5,0,8,8,0,0,9,9,0,1373,338,0,58,0,5,0,0,28,22,0,2,30,32,32,32,34.969,16,41,36.187561,-119.822144,22.135,9,600,58,3,"e00fce68e739ecbcf9e91965",2026-09-20 22:30:04.165,2026-09-20 22:30:04.327,2026-09-20 22:30:04.327,2026-09-20
"1355","RmXjoxw8kg","MOOSPMv3Parser",1789943400,4,4,4,7,7,4,4,9,9,4,955,290,203133,49,32,5,32,32,0,0,32,0,30,31,34,35,25.312,65,18,36.433567,-119.923347,32.002998,7,600,58,3,"e00fce6876826e255108c6bd",2026-09-20 22:30:04.202,2026-09-20 22:30:04.349,2026-09-20 22:30:04.349,2026-09-20
"1356","CFlOXoAT67","MOOSPMv3Parser",1789943401,5,5,0,7,7,0,0,7,7,0,994,275,219311,45,0,3,0,0,29,23,0,0,31,33,32,32,41.16,20,3277,1.8e-05,0.002333,20257.880859,9,600,58,3,"e00fce68e28dcbc9a589be10",2026-09-20 22:30:04.5,2026-09-20 22:30:04.664,2026-09-20 22:30:04.664,2026-09-20
"1357","0c55BetljD","MOOSPMv3Parser",1789944000,9,9,5,13,13,5,5,14,14,5,1922,518,258130,82,40,5,40,40,28,28,40,0,30,32,36,34,36.125,19,2,35.949581,-119.04998,123.278,8,600,58,3,"e00fce6808784ceaf209f949",2026-09-20 22:40:02.099,2026-09-20 22:40:02.25,2026-09-20 22:40:02.25,2026-09-20
"1358","0sj7TFzn2r","MOOSPMv3Parser",1789944000,7,7,4,9,9,4,4,9,9,4,1343,371,123848,49,32,2,33,33,30,26,33,0,31,35,34,30,40.793,28,5,36.52335,-119.278801,89.902,5,600,58,3,"e00fce68f12da1a0c5de6248",2026-09-20 22:40:02.271,2026-09-20 22:40:02.458,2026-09-20 22:40:02.458,2026-09-20
"1359","ueamuvymZG","MOOSPMv3Parser",1789944000,2,2,5,4,4,5,5,4,4,5,412,301,117269,49,35,4,36,36,31,28,36,0,33,35,29,29,33.512,18,4,35.963158,-119.291817,39.140999,7,600,58,3,"e00fce68d6b773b56ce8baa0",2026-09-20 22:40:02.285,2026-09-20 22:40:02.477,2026-09-20 22:40:02.477,2026-09-20
"1360","3MtCFsbbrL","MOOSPMv3Parser",1789944001,6,6,3,8,8,4,4,9,9,4,1867,358,69764,47,27,3,27,27,26,32,27,0,28,30,39,40,43.003,49,2,36.50312,-120.325439,55.834999,9,600,58,3,"e00fce68e77e43df92405fdb",2026-09-20 22:40:03.468,2026-09-20 22:40:03.702,2026-09-20 22:40:03.702,2026-09-20
"1361","EZp8eWgrFy","MOOSPMv3Parser",1789944000,8,8,6,11,11,6,6,11,11,6,2026,432,160564,68,45,3,45,45,30,25,45,0,31,34,33,31,45.517,19,3,35.775002,-119.238525,62.171001,4,600,58,3,"e00fce68e88237db75a60608",2026-09-20 22:40:03.53,2026-09-20 22:40:03.806,2026-09-20 22:40:03.806,2026-09-20
"1362","SXIu0dFxi9","MOOSPMv3Parser",1789944000,5,5,4,7,7,4,4,7,7,4,1114,274,314094,41,28,2,28,28,29,17,28,0,35,33,23,28,512.842,18,2,36.139095,-120.368515,136.264008,0,600,58,3,"e00fce6850cac69f647dc199",2026-09-20 22:40:03.954,2026-09-20 22:40:04.117,2026-09-20 22:40:04.117,2026-09-20
"1363","WvkRda97EM","MOOSPMv3Parser",1789944000,5,5,4,7,7,4,4,8,8,4,955,292,203161,45,33,3,33,33,0,0,33,0,30,31,34,35,25.402,65,18,36.433598,-119.923386,18.900999,9,600,58,3,"e00fce6876826e255108c6bd",2026-09-20 22:40:04.188,2026-09-20 22:40:04.377,2026-09-20 22:40:04.377,2026-09-20
"1364","ciJANGW92s","MOOSPMv3Parser",1789944001,5,5,0,7,7,0,0,8,8,0,1067,301,219311,45,0,2,0,0,29,22,0,0,31,33,32,31,41.961,18,3277,1.8e-05,0.002333,20257.880859,9,600,58,3,"e00fce68e28dcbc9a589be10",2026-09-20 22:40:04.438,2026-09-20 22:40:04.647,2026-09-20 22:40:04.647,2026-09-20
"1365","EaEBregtFz","MOOSPMv3Parser",1789944000,5,5,0,8,8,0,0,8,8,0,1361,331,0,54,0,4,0,0,28,22,0,2,30,32,32,32,34.739,19,44,36.187531,-119.821953,30.952999,8,600,58,3,"e00fce68e739ecbcf9e91965",2026-09-20 22:40:04.432,2026-09-20 22:40:04.652,2026-09-20 22:40:04.652,2026-09-20
"1366","iBdqXnm2Jv","MOOSPMv3Parser",1789944600,10,10,6,15,15,6,6,15,15,6,2023,545,258173,91,47,6,47,47,28,29,47,0,30,32,38,35,37.592,14,3,35.949604,-119.049889,123.349998,7,600,58,3,"e00fce6808784ceaf209f949",2026-09-20 22:50:02.091,2026-09-20 22:50:02.288,2026-09-20 22:50:02.288,2026-09-20
"1367","tsDzx73kJy","MOOSPMv3Parser",1789944600,6,6,4,9,9,5,5,9,9,5,1310,358,123878,50,34,3,35,35,30,27,35,0,30,34,35,31,39.354,30,6,36.523281,-119.278893,71.103996,7,600,58,3,"e00fce68f12da1a0c5de6248",2026-09-20 22:50:02.309,2026-09-20 22:50:02.476,2026-09-20 22:50:02.476,2026-09-20
"1368","Vqh1ceTigI","MOOSPMv3Parser",1789944600,2,2,5,4,4,5,5,5,5,5,419,308,117300,52,36,4,37,37,31,28,37,0,33,34,29,30,32.987,17,4,35.963188,-119.291733,28.396,8,600,58,3,"e00fce68d6b773b56ce8baa0",2026-09-20 22:50:02.652,2026-09-20 22:50:02.842,2026-09-20 22:50:02.842,2026-09-20
"1369","DrT9uGh8TC","MOOSPMv3Parser",1789944601,0,0,2,1,1,2,2,1,1,2,317,208,52019,27,15,2,15,15,30,30,15,0,30,33,33,30,32.73,28,1,36.198891,-120.104477,88.265999,7,600,58,3,"e00fce686dc2ef0a68fa40b0",2026-09-20 22:50:02.933,2026-09-20 22:50:03.122,2026-09-20 22:50:03.122,2026-09-20
"1370","CG8xSQzerU","MOOSPMv3Parser",1789944601,6,6,3,8,8,4,4,9,9,4,1832,349,69788,47,27,3,27,27,26,33,27,0,28,29,39,40,42.938,48,2,36.503178,-120.325363,55.224998,5,600,58,3,"e00fce68e77e43df92405fdb",2026-09-20 22:50:03.331,2026-09-20 22:50:03.497,2026-09-20 22:50:03.497,2026-09-20
"1371","Ll3fsGz3Rx","MOOSPMv3Parser",1789944600,8,8,6,11,11,6,6,11,11,6,1953,426,160602,66,43,4,44,44,29,26,44,0,31,34,33,32,46.198,18,3,35.77507,-119.238495,65.324997,8,600,58,3,"e00fce68e88237db75a60608",2026-09-20 22:50:03.546,2026-09-20 22:50:03.763,2026-09-20 22:50:03.763,2026-09-20
"1372","lXOvleoOTu","MOOSPMv3Parser",1789944600,4,4,4,6,6,4,4,7,7,4,1086,264,314119,45,28,3,28,28,29,18,28,0,34,33,24,29,512.829,16,2,36.139004,-120.368317,160.477997,7,600,58,3,"e00fce6850cac69f647dc199",2026-09-20 22:50:03.783,2026-09-20 22:50:03.954,2026-09-20 22:50:03.954,2026-09-20
"1373","B59lVTe6GT","MOOSPMv3Parser",1789944600,5,5,0,8,8,0,0,9,9,0,1387,337,0,59,0,6,0,0,28,23,0,2,31,32,32,33,34.107,26,46,36.187588,-119.822098,14.393,9,600,58,3,"e00fce68e739ecbcf9e91965",2026-09-20 22:50:04.16,2026-09-20 22:50:04.35,2026-09-20 22:50:04.35,2026-09-20
"1374","XA7yRMbYyO","MOOSPMv3Parser",1789944600,5,5,4,8,8,5,5,9,9,5,1036,318,203191,55,34,5,35,35,0,0,35,0,30,31,35,35,25.257,65,17,36.433559,-119.923355,36.145,8,600,58,3,"e00fce6876826e255108c6bd",2026-09-20 22:50:04.34,2026-09-20 22:50:04.533,2026-09-20 22:50:04.533,2026-09-20
"1375","gHRTcmhFSJ","MOOSPMv3Parser",1789944601,5,5,0,7,7,0,0,7,7,0,1047,292,219311,47,0,2,0,0,30,22,0,0,32,33,31,31,41.78,20,3277,1.8e-05,0.002333,20257.880859,9,600,58,3,"e00fce68e28dcbc9a589be10",2026-09-20 22:50:04.5,2026-09-20 22:50:04.688,2026-09-20 22:50:04.688,2026-09-20
"1376","uZsLi34PQs","MOOSPMv3Parser",1789945201,0,0,2,1,1,2,2,1,1,2,313,204,52032,28,15,2,15,15,30,31,15,0,30,33,34,30,31.457,42,1,36.198883,-120.10437,68.654999,10,600,58,3,"e00fce686dc2ef0a68fa40b0",2026-09-20 23:00:02.182,2026-09-20 23:00:02.329,2026-09-20 23:00:02.329,2026-09-20
"1377","oGTHzJGtfN","MOOSPMv3Parser",1789945200,9,9,6,14,14,6,6,14,14,6,1868,509,258210,85,45,5,46,46,28,29,46,0,30,32,37,35,36.522,14,3,35.949604,-119.049957,111.208,7,600,58,3,"e00fce6808784ceaf209f949",2026-09-20 23:00:02.261,2026-09-20 23:00:02.411,2026-09-20 23:00:02.411,2026-09-20
"1378","qnGgfbpGyX","MOOSPMv3Parser",1789945200,2,2,5,5,5,5,5,5,5,5,433,321,117332,55,38,4,38,38,30,28,38,0,33,34,29,30,33.171,17,4,35.96312,-119.291748,51.841999,8,600,58,3,"e00fce68d6b773b56ce8baa0",2026-09-20 23:00:02.181,2026-09-20 23:00:02.525,2026-09-20 23:00:02.525,2026-09-20
"1379","cKMGH42ul8","MOOSPMv3Parser",1789945200,7,7,5,9,9,5,5,9,9,5,1351,372,123910,53,36,2,36,36,30,26,36,0,30,34,34,31,40.191,29,7,36.523273,-119.278809,86.617996,9,600,58,3,"e00fce68f12da1a0c5de6248",2026-09-20 23:00:02.661,2026-09-20 23:00:03.022,2026-09-20 23:00:03.022,2026-09-20
"1380","jG28Ke1dUR","MOOSPMv3Parser",1789945201,6,6,3,8,8,4,4,9,9,4,1791,353,69810,47,26,3,26,26,26,35,26,0,28,29,41,42,41.518,57,2,36.50317,-120.325317,48.622002,8,600,58,3,"e00fce68e77e43df92405fdb",2026-09-20 23:00:03.409,2026-09-20 23:00:03.629,2026-09-20 23:00:03.629,2026-09-20
"1381","zYPj5q17qX","MOOSPMv3Parser",1789945200,8,8,6,11,11,6,6,12,12,6,2057,446,160642,67,45,4,45,45,29,26,45,0,31,33,33,32,46.282,18,3,35.775028,-119.238533,59.93,10,600,58,3,"e00fce68e88237db75a60608",2026-09-20 23:00:03.473,2026-09-20 23:00:03.656,2026-09-20 23:00:03.656,2026-09-20
"1382","tpgQjpbRO4","MOOSPMv3Parser",1789945200,4,4,3,7,7,4,4,7,7,4,1045,260,314140,46,27,3,27,27,29,18,27,0,34,33,24,28,512.854,16,2,36.139061,-120.368309,169.223007,8,600,58,3,"e00fce6850cac69f647dc199",2026-09-20 23:00:03.933,2026-09-20 23:00:04.093,2026-09-20 23:00:04.093,2026-09-20
"1383","IU4CoTI3yY","MOOSPMv3Parser",1789945200,5,5,0,9,9,0,0,10,10,0,1455,357,0,62,0,7,0,0,28,23,0,2,30,32,32,33,34.37,26,49,36.187607,-119.821991,31.018999,9,600,58,3,"e00fce68e739ecbcf9e91965",2026-09-20 23:00:04.33,2026-09-20 23:00:04.502,2026-09-20 23:00:04.502,2026-09-20
"1384","c0xnQRI3rW","MOOSPMv3Parser",1789945200,5,5,4,8,8,4,5,9,9,5,994,303,203218,49,32,5,32,32,0,0,32,0,30,31,34,35,25.214,66,17,36.433559,-119.923355,36.141998,0,600,58,3,"e00fce6876826e255108c6bd",2026-09-20 23:00:04.379,2026-09-20 23:00:04.624,2026-09-20 23:00:04.624,2026-09-20
"1385","mRAZrQdRfD","MOOSPMv3Parser",1789945201,5,5,0,7,7,0,0,7,7,0,1085,305,219311,45,0,2,0,0,30,21,0,0,32,34,30,30,41.093,23,3277,1.8e-05,0.002333,20257.880859,9,600,58,3,"e00fce68e28dcbc9a589be10",2026-09-20 23:00:04.5,2026-09-20 23:00:04.686,2026-09-20 23:00:04.686,2026-09-20
"1386","YNpbOtAx4V","MOOSPMv3Parser",1789945800,10,10,6,14,14,6,6,14,14,6,1987,532,258247,86,45,4,45,45,28,30,45,0,30,32,38,36,36.942,15,3,35.949699,-119.049896,134.889008,7,600,58,3,"e00fce6808784ceaf209f949",2026-09-20 23:10:02.092,2026-09-20 23:10:02.275,2026-09-20 23:10:02.275,2026-09-20
"1387","4DLaYnmfBS","MOOSPMv3Parser",1789945800,6,6,5,8,8,5,5,9,9,5,1287,352,123942,51,37,2,37,37,30,28,37,0,31,34,35,32,39.665,30,8,36.52335,-119.278839,80.212997,6,600,58,3,"e00fce68f12da1a0c5de6248",2026-09-20 23:10:02.401,2026-09-20 23:10:02.58,2026-09-20 23:10:02.58,2026-09-20
"1388","K1m8tjCwcp","MOOSPMv3Parser",1789945801,0,0,2,1,1,2,2,2,2,2,323,213,52044,30,15,2,15,15,30,31,15,0,30,33,34,31,30.806,52,1,36.19886,-120.104439,74.731003,13,600,58,3,"e00fce686dc2ef0a68fa40b0",2026-09-20 23:10:02.729,2026-09-20 23:10:02.879,2026-09-20 23:10:02.879,2026-09-20
"1389","q8KiH0DUfU","MOOSPMv3Parser",1789945800,1,1,5,5,5,5,5,5,5,5,421,310,117366,52,40,4,40,40,30,29,40,0,33,34,29,30,32.099,18,4,35.963314,-119.291786,54.091999,5,600,58,3,"e00fce68d6b773b56ce8baa0",2026-09-20 23:10:02.743,2026-09-20 23:10:02.889,2026-09-20 23:10:02.889,2026-09-20
"1390","4fDxXywN37","MOOSPMv3Parser",1789945800,9,9,5,12,12,6,6,13,13,6,2129,469,160679,75,43,6,43,43,29,26,43,0,31,33,33,32,44.827,22,3,35.775074,-119.238525,69.467003,10,600,58,3,"e00fce68e88237db75a60608",2026-09-20 23:10:03.472,2026-09-20 23:10:03.653,2026-09-20 23:10:03.653,2026-09-20
"1391","o6or9JnmGV","MOOSPMv3Parser",1789945801,6,6,4,8,8,4,4,9,9,4,1857,359,69835,48,28,2,28,28,26,34,28,0,28,29,39,41,42.175,60,2,36.503174,-120.325378,58.402,8,600,58,3,"e00fce68e77e43df92405fdb",2026-09-20 23:10:03.48,2026-09-20 23:10:03.667,2026-09-20 23:10:03.667,2026-09-20
"1392","WiJncHpFLx","MOOSPMv3Parser",1789945800,5,5,0,9,9,0,0,10,10,0,1471,363,0,61,0,6,0,0,28,24,0,2,30,32,33,33,34.155,26,52,36.187595,-119.822044,37.325001,7,600,58,3,"e00fce68e739ecbcf9e91965",2026-09-20 23:10:04.251,2026-09-20 23:10:04.438,2026-09-20 23:10:04.438,2026-09-20
"1393","GoFBAgZdM6","MOOSPMv3Parser",1789945800,5,5,4,8,8,5,5,9,9,5,1090,334,203248,52,34,4,34,34,0,0,34,0,30,31,33,35,23.902,66,17,36.433601,-119.923378,32.882999,9,600,58,3,"e00fce6876826e255108c6bd",2026-09-20 23:10:04.433,2026-09-20 23:10:04.589,2026-09-20 23:10:04.589,2026-09-20
"1394","bQ4pilPmRq","MOOSPMv3Parser",1789945801,9,9,0,13,13,0,0,13,13,0,1720,485,219311,77,0,3,0,0,30,21,0,0,31,34,31,30,40.177,33,3277,1.8e-05,0.002333,20257.880859,9,600,58,3,"e00fce68e28dcbc9a589be10",2026-09-20 23:10:04.437,2026-09-20 23:10:04.628,2026-09-20 23:10:04.628,2026-09-20
"1395","HbjAQCiQHF","MOOSPMv3Parser",1789946400,10,10,5,14,14,6,6,15,15,6,1975,532,258283,89,43,5,43,43,28,30,43,0,30,32,38,36,34.071,25,3,35.949909,-119.04982,150.067993,7,600,58,3,"e00fce6808784ceaf209f949",2026-09-20 23:20:02.081,2026-09-20 23:20:02.279,2026-09-20 23:20:02.279,2026-09-20
"1396","CigNyL383Z","MOOSPMv3Parser",1789946400,2,2,6,5,5,6,6,6,6,6,452,337,117402,60,43,6,43,43,30,29,43,0,33,34,29,30,32.185,21,4,35.96331,-119.291779,29.691999,7,600,58,3,"e00fce68d6b773b56ce8baa0",2026-09-20 23:20:02.24,2026-09-20 23:20:02.423,2026-09-20 23:20:02.423,2026-09-20
"1397","lcRr3gDawN","MOOSPMv3Parser",1789946400,6,6,4,9,9,5,5,9,9,5,1312,361,123974,49,35,2,35,35,30,29,35,0,31,34,35,33,38.171,45,8,36.523361,-119.278702,74.332001,8,600,58,3,"e00fce68f12da1a0c5de6248",2026-09-20 23:20:02.604,2026-09-20 23:20:02.833,2026-09-20 23:20:02.833,2026-09-20
"1398","GSvATbI40J","MOOSPMv3Parser",1789946401,0,0,2,2,2,2,2,2,2,2,333,224,52056,30,14,2,14,14,30,30,14,0,30,33,33,30,31.482,68,1,36.198811,-120.104469,69.004997,11,600,58,3,"e00fce686dc2ef0a68fa40b0",2026-09-20 23:20:02.758,2026-09-20 23:20:02.966,2026-09-20 23:20:02.966,2026-09-20
"1399","e85jqEvSIR","MOOSPMv3Parser",1789946401,6,6,4,9,9,4,4,9,9,4,1866,364,69859,50,27,3,28,28,26,34,28,0,28,29,39,41,43.513,46,3,36.503124,-120.325386,44.776001,10,600,58,3,"e00fce68e77e43df92405fdb",2026-09-20 23:20:03.516,2026-09-20 23:20:03.698,2026-09-20 23:20:03.698,2026-09-20
"1400","a129EVvrfv","MOOSPMv3Parser",1789946400,8,8,6,12,12,6,6,12,12,6,2097,450,160718,71,45,6,45,45,29,26,45,0,31,33,32,32,45.158,23,3,35.775242,-119.238441,66.730003,8,600,58,3,"e00fce68e88237db75a60608",2026-09-20 23:20:03.542,2026-09-20 23:20:03.769,2026-09-20 23:20:03.769,2026-09-20
"1401","0ejy2VvDhx","MOOSPMv3Parser",1789946400,5,5,4,7,7,4,4,8,8,4,1146,282,314188,47,29,3,29,29,29,18,29,0,34,32,24,29,512.774,17,2,36.139114,-120.368317,165.253998,5,600,58,3,"e00fce6850cac69f647dc199",2026-09-20 23:20:04.029,2026-09-20 23:20:04.201,2026-09-20 23:20:04.201,2026-09-20
"1402","1uFVhhyMii","MOOSPMv3Parser",1789946400,6,6,5,9,9,5,5,10,10,5,1126,341,203281,55,38,5,38,38,0,0,38,0,30,31,33,35,14.75,66,9,36.433693,-119.923325,18.9,9,600,58,3,"e00fce6876826e255108c6bd",2026-09-20 23:20:04.271,2026-09-20 23:20:04.395,2026-09-20 23:20:04.395,2026-09-20
"1403","uVQHWdU17L","MOOSPMv3Parser",1789946400,6,6,0,9,9,0,0,10,10,0,1529,375,0,60,0,5,0,0,28,24,0,2,30,32,33,34,33.79,29,53,36.187603,-119.822144,21.225,8,600,58,3,"e00fce68e739ecbcf9e91965",2026-09-20 23:20:04.326,2026-09-20 23:20:04.498,2026-09-20 23:20:04.498,2026-09-20
"1404","QvzXyLn5NF","MOOSPMv3Parser",1789946401,12,11,0,17,16,0,0,18,17,0,2228,635,219311,104,0,5,0,0,30,21,0,0,31,34,32,30,40.215,43,3277,1.8e-05,0.002333,20257.880859,9,600,58,3,"e00fce68e28dcbc9a589be10",2026-09-20 23:20:04.662,2026-09-20 23:20:04.831,2026-09-20 23:20:04.831,2026-09-20
"1405","V2CdgUXFsi","MOOSPMv3Parser",1789947000,9,9,6,13,13,6,6,14,14,6,1927,521,258323,83,46,4,46,46,28,30,46,0,30,32,39,36,34.049,33,3,35.949574,-119.049919,117.596001,5,600,58,3,"e00fce6808784ceaf209f949",2026-09-20 23:30:02.028,2026-09-20 23:30:02.222,2026-09-20 23:30:02.222,2026-09-20
"1406","k4qzHvKtWA","MOOSPMv3Parser",1789947000,7,7,5,9,9,5,5,10,10,5,1375,384,124006,56,37,2,37,37,30,28,37,0,30,34,35,32,38.548,54,8,36.523392,-119.279083,106.384003,7,600,58,3,"e00fce68f12da1a0c5de6248",2026-09-20 23:30:02.377,2026-09-20 23:30:02.545,2026-09-20 23:30:02.545,2026-09-20
"1407","ligOmIFCFO","MOOSPMv3Parser",1789947000,2,2,5,5,5,5,5,6,6,5,442,330,117435,56,40,5,40,40,30,29,40,0,33,33,29,30,31.433,30,4,35.963306,-119.291771,82.525002,6,600,58,3,"e00fce68d6b773b56ce8baa0",2026-09-20 23:30:02.794,2026-09-20 23:30:03.152,2026-09-20 23:30:03.152,2026-09-20
"1408","dnb9vH5Ceq","MOOSPMv3Parser",1789947001,6,6,4,9,9,4,4,9,9,4,1828,357,69884,53,29,3,29,29,26,34,29,0,28,29,39,41,43.442,41,3,36.503124,-120.325386,44.772999,0,600,58,3,"e00fce68e77e43df92405fdb",2026-09-20 23:30:03.428,2026-09-20 23:30:03.598,2026-09-20 23:30:03.598,2026-09-20
"1409","uRqbYYFZv9","MOOSPMv3Parser",1789947001,1,1,2,2,2,2,2,2,2,2,351,241,52070,33,17,2,17,17,30,31,17,0,30,33,35,31,32.853,49,1,36.198811,-120.104469,69.004997,0,600,58,3,"e00fce686dc2ef0a68fa40b0",2026-09-20 23:30:03.403,2026-09-20 23:30:03.611,2026-09-20 23:30:03.611,2026-09-20
"1410","ByfypTtFB9","MOOSPMv3Parser",1789947000,8,8,6,12,12,6,6,12,12,6,2108,450,160757,74,44,4,44,44,30,25,44,0,32,34,31,31,44.831,27,3,35.775146,-119.238464,64.035004,7,600,58,3,"e00fce68e88237db75a60608",2026-09-20 23:30:03.633,2026-09-20 23:30:03.823,2026-09-20 23:30:03.823,2026-09-20
"1411","4JNf5YAwAh","MOOSPMv3Parser",1789947000,5,5,4,7,7,4,4,7,7,4,1080,267,314211,45,28,3,28,28,29,18,28,0,34,32,24,29,512.945,19,2,36.139149,-120.368248,178.729996,7,600,58,3,"e00fce6850cac69f647dc199",2026-09-20 23:30:03.69,2026-09-20 23:30:03.834,2026-09-20 23:30:03.834,2026-09-20
"1412","RHkUG8XYQe","MOOSPMv3Parser",1789947000,6,6,0,9,9,0,0,10,10,0,1497,365,0,63,0,6,0,0,28,24,0,2,31,32,33,34,32.925,33,50,36.187706,-119.821823,61.591,7,600,58,3,"e00fce68e739ecbcf9e91965",2026-09-20 23:30:04.248,2026-09-20 23:30:04.406,2026-09-20 23:30:04.406,2026-09-20
"1413","tordSRg0VH","MOOSPMv3Parser",1789947000,6,6,5,9,9,5,5,10,10,5,1149,348,203314,57,38,5,38,38,1,0,38,0,30,31,35,37,19.904,66,5,36.433601,-119.923363,21.561001,9,600,58,3,"e00fce6876826e255108c6bd",2026-09-20 23:30:04.272,2026-09-20 23:30:04.504,2026-09-20 23:30:04.504,2026-09-20
"1414","F1euKo72PR","MOOSPMv3Parser",1789947001,8,8,0,11,11,0,0,12,12,0,1630,453,219311,67,0,3,0,0,30,22,0,0,31,33,33,32,39.782,64,3277,1.8e-05,0.002333,20257.880859,9,600,58,3,"e00fce68e28dcbc9a589be10",2026-09-20 23:30:04.503,2026-09-20 23:30:04.708,2026-09-20 23:30:04.708,2026-09-20
"1415","kaoEOpOI2g","MOOSPMv3Parser",1789947600,9,9,5,12,12,5,5,12,12,5,1743,470,258357,74,41,4,41,41,28,30,41,0,30,31,38,36,35.426,31,3,35.949554,-119.049934,113.858002,5,600,58,3,"e00fce6808784ceaf209f949",2026-09-20 23:40:02.101,2026-09-20 23:40:02.264,2026-09-20 23:40:02.264,2026-09-20
"1416","nJItLfbGJF","MOOSPMv3Parser",1789947600,1,1,5,4,4,5,5,5,5,5,411,299,117467,51,36,5,36,36,30,30,36,0,33,33,29,31,28.741,40,4,35.963207,-119.291779,47.095001,9,600,58,3,"e00fce68d6b773b56ce8baa0",2026-09-20 23:40:02.182,2026-09-20 23:40:02.35,2026-09-20 23:40:02.35,2026-09-20
"1417","l37nY2zf1c","MOOSPMv3Parser",1789947600,7,7,5,9,9,5,5,10,10,5,1392,384,124038,53,37,2,37,37,29,28,37,0,30,33,35,32,40.179,31,8,36.523258,-119.278801,79.625999,7,600,58,3,"e00fce68f12da1a0c5de6248",2026-09-20 23:40:02.345,2026-09-20 23:40:02.553,2026-09-20 23:40:02.553,2026-09-20
"1418","Iu3vUqqVaL","MOOSPMv3Parser",1789947601,0,0,2,2,2,2,2,2,2,2,354,238,52085,35,17,2,17,17,29,31,17,0,30,33,34,31,32.995,56,1,36.198887,-120.104401,77.236,7,600,58,3,"e00fce686dc2ef0a68fa40b0",2026-09-20 23:40:02.627,2026-09-20 23:40:02.786,2026-09-20 23:40:02.786,2026-09-20
"1419","3MOmBAAmjM","MOOSPMv3Parser",1789947601,6,6,4,9,9,4,4,9,9,4,1911,375,69909,53,29,3,29,29,26,34,29,0,28,28,40,42,42.59,47,3,36.503151,-120.325371,42.761002,16,600,58,3,"e00fce68e77e43df92405fdb",2026-09-20 23:40:03.384,2026-09-20 23:40:03.562,2026-09-20 23:40:03.562,2026-09-20
"1420","seFD93absE","MOOSPMv3Parser",1789947600,7,7,5,10,10,5,5,10,10,5,1862,386,160791,63,39,3,39,39,30,24,39,0,31,33,31,31,39.097,38,3,35.775024,-119.238541,70.157997,7,600,58,3,"e00fce68e88237db75a60608",2026-09-20 23:40:03.543,2026-09-20 23:40:03.725,2026-09-20 23:40:03.725,2026-09-20
"1421","xHCr3EZfFM","MOOSPMv3Parser",1789947600,5,5,4,7,7,4,4,7,7,4,1127,273,314238,47,29,3,29,29,28,18,29,0,34,32,24,29,512.853,18,2,36.138924,-120.36834,171.309006,6,600,58,3,"e00fce6850cac69f647dc199",2026-09-20 23:40:04.028,2026-09-20 23:40:04.211,2026-09-20 23:40:04.211,2026-09-20
"1422","xlh3pFremh","MOOSPMv3Parser",1789947600,6,6,6,11,11,7,7,13,13,7,1243,383,203355,75,47,11,48,48,0,0,48,1,31,31,35,37,12.921,67,4,36.433662,-119.923309,32.188,7,600,58,3,"e00fce6876826e255108c6bd",2026-09-20 23:40:04.187,2026-09-20 23:40:04.418,2026-09-20 23:40:04.418,2026-09-20
"1423","mlkx0HszOC","MOOSPMv3Parser",1789947600,6,6,0,9,9,0,0,10,10,0,1502,364,0,56,0,6,0,0,29,24,0,2,31,32,32,33,33.026,39,45,36.187706,-119.821823,61.592999,0,600,58,3,"e00fce68e739ecbcf9e91965",2026-09-20 23:40:04.25,2026-09-20 23:40:04.452,2026-09-20 23:40:04.452,2026-09-20
"1424","OBJv1q5hTS","MOOSPMv3Parser",1789947601,8,8,0,11,11,0,0,11,11,0,1482,419,219311,64,0,4,0,0,29,23,0,0,31,33,34,32,39.665,48,3277,1.8e-05,0.002333,20257.880859,9,600,58,3,"e00fce68e28dcbc9a589be10",2026-09-20 23:40:04.602,2026-09-20 23:40:04.795,2026-09-20 23:40:04.795,2026-09-20
"1425","AA0khFcgIF","MOOSPMv3Parser",1789948200,8,8,5,12,12,5,5,13,13,5,1733,468,258390,74,39,5,40,40,28,30,40,0,30,31,37,36,35.108,20,3,35.949554,-119.049934,113.858002,0,600,58,3,"e00fce6808784ceaf209f949",2026-09-20 23:50:02.092,2026-09-20 23:50:02.244,2026-09-20 23:50:02.244,2026-09-20
"1426","YMtpC7vqZl","MOOSPMv3Parser",1789948201,0,0,2,1,1,2,2,2,2,2,330,218,52099,29,17,2,17,17,29,31,17,0,30,33,34,31,33.149,47,1,36.198776,-120.104424,66.042999,9,600,58,3,"e00fce686dc2ef0a68fa40b0",2026-09-20 23:50:02.436,2026-09-20 23:50:02.601,2026-09-20 23:50:02.601,2026-09-20
"1427","Ag1V1p9eWz","MOOSPMv3Parser",1789948200,7,7,5,10,10,5,5,11,11,5,1471,407,124073,59,41,3,41,41,29,28,41,0,30,33,35,32,38.321,56,10,36.523258,-119.278801,79.624001,0,600,58,3,"e00fce68f12da1a0c5de6248",2026-09-20 23:50:02.438,2026-09-20 23:50:02.625,2026-09-20 23:50:02.625,2026-09-20
"1428","rLnh2VMZKI","MOOSPMv3Parser",1789948200,3,3,5,6,6,6,6,6,6,6,465,348,117502,60,42,5,42,42,29,30,42,0,33,33,29,31,28.634,42,4,35.963226,-119.291801,40.060001,8,600,58,3,"e00fce68d6b773b56ce8baa0",2026-09-20 23:50:02.571,2026-09-20 23:50:02.712,2026-09-20 23:50:02.712,2026-09-20
"1429","HEanc7r3yM","MOOSPMv3Parser",1789948201,6,6,4,9,9,4,4,9,9,4,1947,379,69934,53,29,3,29,29,26,33,29,0,28,28,38,40,43.314,48,3,36.503155,-120.325371,56.592999,9,600,58,3,"e00fce68e77e43df92405fdb",2026-09-20 23:50:03.422,2026-09-20 23:50:03.641,2026-09-20 23:50:03.641,2026-09-20
"1430","bYFPsAceYy","MOOSPMv3Parser",1789948200,7,7,5,10,10,5,5,10,10,5,1783,366,160823,63,36,4,36,36,29,22,36,0,31,33,29,29,37.3,42,2,35.77507,-119.238556,76.861,8,600,58,3,"e00fce68e88237db75a60608",2026-09-20 23:50:03.531,2026-09-20 23:50:03.734,2026-09-20 23:50:03.734,2026-09-20
"1431","InONZoojqf","MOOSPMv3Parser",1789948200,5,5,4,7,7,4,4,7,7,4,1126,277,314264,44,29,2,29,29,28,20,29,0,34,32,25,30,512.93,16,2,36.139019,-120.368378,177.014999,6,600,58,3,"e00fce6850cac69f647dc199",2026-09-20 23:50:03.613,2026-09-20 23:50:03.812,2026-09-20 23:50:03.812,2026-09-20
"1432","EWZBJT0ZgX","MOOSPMv3Parser",1789948200,6,6,0,9,9,0,0,10,10,0,1543,381,0,66,0,6,0,0,29,23,0,2,31,32,32,33,33.581,39,42,36.187572,-119.822075,37.009998,6,600,58,3,"e00fce68e739ecbcf9e91965",2026-09-20 23:50:04.168,2026-09-20 23:50:04.373,2026-09-20 23:50:04.373,2026-09-20
"1433","IcrGZwW1pX","MOOSPMv3Parser",1789948200,23,17,20,36,27,21,21,40,31,21,3919,1211,203491,233,157,23,157,157,0,0,157,0,31,32,35,37,12.942,67,3,36.433804,-119.92334,33.172001,8,600,58,3,"e00fce6876826e255108c6bd",2026-09-20 23:50:04.344,2026-09-20 23:50:04.566,2026-09-20 23:50:04.566,2026-09-20
"1434","zjBpwNOlvY","MOOSPMv3Parser",1789948201,7,7,0,10,10,0,0,10,10,0,1319,368,219311,61,0,3,0,0,29,23,0,0,31,33,34,33,39.292,50,3277,1.8e-05,0.002333,20257.880859,9,600,58,3,"e00fce68e28dcbc9a589be10",2026-09-20 23:50:04.519,2026-09-20 23:50:04.695,2026-09-20 23:50:04.695,2026-09-20
