"","objectId","event","unixtime","m_PM1_CF1","m_PM1_ATM","m_PM1_b","m_PM25_CF1","m_PM25_ATM","m_PM25_b","m_PM4_b","m_PM10_CF1","m_PM10_ATM","m_PM10_b","n_PM03_P","n_PM05_P","n_PM05_b","n_PM1_P","n_PM1_b","n_PM25_P","n_PM25_b","n_PM4_b","tempC_pms","rh_pms","n_PM10_b","typ_size_b","temp_C","tempC_sen5x","rh","rh_sen5x","o3","vocIdx","noxIdx","lat","lon","alt","sats","counter","moos","ver","coreid","published_at","createdAt","updatedAt","date"
"1","Di7F7zmCtc","MOOSPMv3Parser",1787097600,5,5,3,6,6,3,3,6,6,3,1573,282,23247,37,20,2,20,20,35,15,20,0,37,40,23,25,54.829,78,1,36.503139,-120.325378,63.243999,5,600,58,3,"e00fce68e77e43df92405fdb",2026-08-19 00:00:01.968,2026-08-19 00:00:02.754,2026-08-19 00:00:02.754,2026-08-19
"2","syl5fTcAK7","MOOSPMv3Parser",1787097600,4,4,4,6,6,4,4,6,6,4,956,262,86946,44,29,1,29,29,38,10,29,0,40,45,19,18,46.989,51,3277,2.5e-05,-0.004246,1378.108032,7,600,58,3,"e00fce68e28dcbc9a589be10",2026-08-19 00:00:02.845,2026-08-19 00:00:05.15,2026-08-19 00:00:05.15,2026-08-19
"3","OaJgSgViid","MOOSPMv3Parser",1787097601,5,5,0,7,7,0,0,8,8,0,1401,329,0,61,0,5,0,0,36,9,0,2,39,42,21,21,51.699,22,1,36.187523,-119.822014,11.127,8,600,58,3,"e00fce68e739ecbcf9e91965",2026-08-19 00:00:03.604,2026-08-19 00:00:05.298,2026-08-19 00:00:05.298,2026-08-19
"4","AVaMPtrgAB","MOOSPMv3Parser",1787097600,0,0,3,2,2,4,4,2,2,4,318,219,60861,33,27,3,27,27,36,21,27,0,30,41,37,22,33.146,13,1,36.138988,-120.368256,182.975998,7,600,58,3,"e00fce68d6b773b56ce8baa0",2026-08-19 00:00:02.852,2026-08-19 00:00:05.344,2026-08-19 00:00:05.344,2026-08-19
"5","0PYuQn6uUH","MOOSPMv3Parser",1787097600,3,3,4,5,5,4,4,6,6,4,732,220,40223,39,28,4,28,28,1,0,28,0,38,41,21,22,29.612,95,2,36.433502,-119.923286,33.410999,6,600,58,3,"e00fce6876826e255108c6bd",2026-08-19 00:00:03.574,2026-08-19 00:00:05.868,2026-08-19 00:00:05.868,2026-08-19
"6","pNiuvnHw4V","MOOSPMv3Parser",1787097600,4,4,3,6,6,3,4,6,6,4,978,260,87825,41,25,2,25,25,33,13,25,0,36,38,24,24,43.962,9,1,35.949543,-119.049927,119.452003,9,600,58,3,"e00fce6808784ceaf209f949",2026-08-19 00:00:03.46,2026-08-19 00:00:06.003,2026-08-19 00:00:06.003,2026-08-19
"7","9fusKdeygM","MOOSPMv3Parser",1787097600,5,5,4,6,6,4,4,7,7,4,1022,276,138898,37,28,2,28,28,33,20,28,0,37,38,24,25,42.951,27,2,36.523281,-119.278778,102.552002,5,600,58,3,"e00fce68f12da1a0c5de6248",2026-08-19 00:00:03.153,2026-08-19 00:00:06.177,2026-08-19 00:00:06.177,2026-08-19
"8","5o05lyOrR2","MOOSPMv3Parser",1787097601,4,4,3,6,6,4,4,6,6,4,979,234,66487,40,27,2,27,27,34,12,27,0,42,39,18,23,512.77,19,1,36.139114,-120.368393,167.940994,7,600,58,3,"e00fce6850cac69f647dc199",2026-08-19 00:00:05.076,2026-08-19 00:00:06.483,2026-08-19 00:00:06.483,2026-08-19
"9","O7l8WGTBxf","MOOSPMv3Parser",1787097600,3,3,4,5,5,4,4,6,6,4,1503,260,135515,41,30,2,30,30,36,11,30,0,39,41,19,20,51.627,46,1,36.762604,-119.798759,45.285,6,599,58,3,"e00fce68e88237db75a60608",2026-08-19 00:00:05.33,2026-08-19 00:00:06.6,2026-08-19 00:00:06.6,2026-08-19
"10","GJiNU821o3","MOOSPMv3Parser",1787097601,0,0,2,0,0,2,2,0,0,2,296,190,13795,27,15,1,15,15,34,24,15,0,38,39,21,22,48.933,21,1,36.139004,-120.368317,166.169998,0,600,58,3,"e00fce686dc2ef0a68fa40b0",2026-08-19 00:00:09.022,2026-08-19 00:00:11.2,2026-08-19 00:00:11.2,2026-08-19
"11","UGvrkBaS2H","MOOSPMv3Parser",1787098200,5,5,2,6,6,3,3,7,7,3,1564,283,23264,40,19,2,19,19,35,14,19,0,37,40,23,23,55.295,65,1,36.503136,-120.325317,44.365002,7,600,58,3,"e00fce68e77e43df92405fdb",2026-08-19 00:10:02.127,2026-08-19 00:10:02.341,2026-08-19 00:10:02.341,2026-08-19
"12","1VjWE98UFm","MOOSPMv3Parser",1787098200,0,0,3,2,2,3,3,2,2,3,323,225,60882,39,25,4,25,25,36,21,25,0,30,40,37,22,33.203,10,1,36.138973,-120.368401,153.908997,8,600,58,3,"e00fce68d6b773b56ce8baa0",2026-08-19 00:10:02.592,2026-08-19 00:10:02.778,2026-08-19 00:10:02.778,2026-08-19
"13","vGg74ETc7E","MOOSPMv3Parser",1787098200,4,4,4,6,6,4,4,6,6,4,1019,281,86972,47,30,3,30,30,38,10,30,0,40,44,20,19,46.113,64,3277,2.5e-05,-0.004246,1378.108032,7,600,58,3,"e00fce68e28dcbc9a589be10",2026-08-19 00:10:02.995,2026-08-19 00:10:03.18,2026-08-19 00:10:03.18,2026-08-19
"14","GWBfK2dag8","MOOSPMv3Parser",1787098200,5,5,4,7,7,4,4,7,7,4,1064,289,138923,41,30,2,30,30,33,20,30,0,37,38,24,26,43.561,22,2,36.523357,-119.278793,43.550999,6,600,58,3,"e00fce68f12da1a0c5de6248",2026-08-19 00:10:03.238,2026-08-19 00:10:03.399,2026-08-19 00:10:03.399,2026-08-19
"15","lx6e3YxA9m","MOOSPMv3Parser",1787098200,5,5,5,8,8,6,8,8,8,8,1110,295,87854,53,35,4,37,37,33,14,37,1,36,38,25,25,43.71,11,1,35.949535,-119.049889,116.599998,8,600,58,3,"e00fce6808784ceaf209f949",2026-08-19 00:10:03.313,2026-08-19 00:10:03.479,2026-08-19 00:10:03.479,2026-08-19
"16","xabvuIlhBW","MOOSPMv3Parser",1787098201,3,3,3,5,5,4,4,6,6,4,709,216,40245,40,26,4,26,26,0,0,26,0,38,40,21,22,28.953,95,2,36.433609,-119.923363,35.645,9,600,58,3,"e00fce6876826e255108c6bd",2026-08-19 00:10:03.389,2026-08-19 00:10:03.539,2026-08-19 00:10:03.539,2026-08-19
"17","f60zDzBcoI","MOOSPMv3Parser",1787098201,5,5,0,8,8,0,0,9,9,0,1396,331,0,61,0,7,0,0,36,9,0,2,38,42,21,21,50.395,21,1,36.187538,-119.82206,14.946,8,600,58,3,"e00fce68e739ecbcf9e91965",2026-08-19 00:10:03.466,2026-08-19 00:10:03.645,2026-08-19 00:10:03.645,2026-08-19
"18","K3XFjMwaLL","MOOSPMv3Parser",1787098200,3,3,4,5,5,4,4,6,6,4,1465,257,135314,38,30,2,30,30,35,11,30,0,39,41,19,20,51.69,35,1,36.762703,-119.798805,47.347,7,600,58,3,"e00fce68e88237db75a60608",2026-08-19 00:10:05.256,2026-08-19 00:10:05.399,2026-08-19 00:10:05.399,2026-08-19
"19","ak4m9NAKCq","MOOSPMv3Parser",1787098201,0,0,2,0,0,2,2,0,0,2,291,184,13808,27,16,2,16,16,34,24,16,0,38,39,21,22,48.909,16,1,36.138988,-120.36837,171.207993,10,600,58,3,"e00fce686dc2ef0a68fa40b0",2026-08-19 00:10:07.306,2026-08-19 00:10:07.464,2026-08-19 00:10:07.464,2026-08-19
"20","UjfwkPRxi0","MOOSPMv3Parser",1787098201,4,4,3,5,5,4,4,6,6,4,980,231,66510,38,27,3,27,27,34,12,27,0,42,39,17,22,512.681,16,1,36.139111,-120.368393,168.509995,7,600,58,3,"e00fce6850cac69f647dc199",2026-08-19 00:10:08.122,2026-08-19 00:10:08.331,2026-08-19 00:10:08.331,2026-08-19
"21","rX5P2UoCKT","MOOSPMv3Parser",1787098800,5,5,3,7,7,3,3,7,7,3,1640,296,23282,41,21,2,21,21,35,14,21,0,37,39,23,23,53.642,68,1,36.503132,-120.325333,37.924,6,600,58,3,"e00fce68e77e43df92405fdb",2026-08-19 00:20:02.877,2026-08-19 00:20:03.029,2026-08-19 00:20:03.029,2026-08-19
"22","cD1CtsYYY3","MOOSPMv3Parser",1787098800,0,0,3,2,2,3,3,2,2,3,310,215,60904,36,26,2,26,26,36,22,26,0,30,40,37,22,33.5,8,1,36.139038,-120.368378,176.315002,7,600,58,3,"e00fce68d6b773b56ce8baa0",2026-08-19 00:20:02.856,2026-08-19 00:20:03.031,2026-08-19 00:20:03.031,2026-08-19
"23","j8yIy2U8cG","MOOSPMv3Parser",1787098800,4,4,4,6,6,4,4,6,6,4,996,270,86999,45,32,3,32,32,38,10,32,0,40,44,20,19,46.152,52,3277,2.5e-05,-0.004246,1378.108032,7,600,58,3,"e00fce68e28dcbc9a589be10",2026-08-19 00:20:02.978,2026-08-19 00:20:03.178,2026-08-19 00:20:03.178,2026-08-19
"24","D9GfHRLvH2","MOOSPMv3Parser",1787098800,4,4,3,6,6,4,4,6,6,4,977,263,87875,45,25,2,25,25,33,14,25,0,36,38,25,25,44.206,10,2,35.94952,-119.049919,98.626999,7,600,58,3,"e00fce6808784ceaf209f949",2026-08-19 00:20:03.392,2026-08-19 00:20:03.558,2026-08-19 00:20:03.558,2026-08-19
"25","BxCiJePIi0","MOOSPMv3Parser",1787098800,3,3,3,5,5,4,4,6,6,4,685,208,40268,39,26,5,26,26,0,0,26,0,37,40,21,22,28.956,95,2,36.433662,-119.92334,35.111,5,600,58,3,"e00fce6876826e255108c6bd",2026-08-19 00:20:03.392,2026-08-19 00:20:03.598,2026-08-19 00:20:03.598,2026-08-19
"26","v7Cy8EPMMy","MOOSPMv3Parser",1787098800,5,5,4,7,7,4,4,7,7,4,1048,284,138948,43,30,2,30,30,33,19,30,0,37,38,23,25,43.489,23,2,36.523266,-119.278885,62.705002,5,600,58,3,"e00fce68f12da1a0c5de6248",2026-08-19 00:20:03.561,2026-08-19 00:20:03.723,2026-08-19 00:20:03.723,2026-08-19
"27","55Gg5yoEwI","MOOSPMv3Parser",1787098801,5,5,0,8,8,0,0,9,9,0,1424,345,0,64,0,6,0,0,36,10,0,2,38,41,21,21,51.132,23,1,36.187538,-119.82206,14.947,0,600,58,3,"e00fce68e739ecbcf9e91965",2026-08-19 00:20:03.844,2026-08-19 00:20:03.998,2026-08-19 00:20:03.998,2026-08-19
"28","rGHiEvTLgD","MOOSPMv3Parser",1787098801,3,3,3,5,5,3,3,6,6,3,951,220,66533,39,26,2,26,26,34,12,26,0,42,39,17,23,512.678,14,1,36.139065,-120.368408,147.800003,5,600,58,3,"e00fce6850cac69f647dc199",2026-08-19 00:20:04.619,2026-08-19 00:20:04.801,2026-08-19 00:20:04.801,2026-08-19
"29","121B5gUsUp","MOOSPMv3Parser",1787098801,0,0,2,0,0,2,2,0,0,2,292,184,13820,26,15,1,15,15,34,24,15,0,37,39,22,22,48.435,15,1,36.139027,-120.368393,173.994995,11,600,58,3,"e00fce686dc2ef0a68fa40b0",2026-08-19 00:20:05,2026-08-19 00:20:05.197,2026-08-19 00:20:05.197,2026-08-19
"30","BzLSTDg8Bt","MOOSPMv3Parser",1787098800,3,3,3,5,5,4,4,5,5,4,1493,247,135338,36,27,2,27,27,35,11,27,0,39,41,18,19,50.655,33,1,36.762661,-119.798729,74.376999,7,600,58,3,"e00fce68e88237db75a60608",2026-08-19 00:20:05.436,2026-08-19 00:20:05.625,2026-08-19 00:20:05.625,2026-08-19
"31","ZYAgJBAPo2","MOOSPMv3Parser",1787099400,4,4,3,6,6,3,3,7,7,3,1606,279,23299,40,20,2,20,20,34,14,20,0,37,39,24,24,55.459,45,1,36.503052,-120.325317,59.882,6,600,58,3,"e00fce68e77e43df92405fdb",2026-08-19 00:30:01.967,2026-08-19 00:30:02.212,2026-08-19 00:30:02.212,2026-08-19
"32","WmWPOT4NZn","MOOSPMv3Parser",1787099400,4,4,4,6,6,4,4,6,6,4,1035,286,87026,48,32,2,32,32,38,10,32,0,40,44,20,19,46.093,35,3277,2.5e-05,-0.004246,1378.108032,7,600,58,3,"e00fce68e28dcbc9a589be10",2026-08-19 00:30:02.905,2026-08-19 00:30:03.085,2026-08-19 00:30:03.085,2026-08-19
"33","7S20ASEtSa","MOOSPMv3Parser",1787099400,0,0,3,2,2,4,4,2,2,4,312,214,60926,35,27,3,27,27,35,22,27,0,30,40,37,22,33.586,7,1,36.138996,-120.368362,182.194,8,600,58,3,"e00fce68d6b773b56ce8baa0",2026-08-19 00:30:03.172,2026-08-19 00:30:03.431,2026-08-19 00:30:03.431,2026-08-19
"34","9OhK0rtDD1","MOOSPMv3Parser",1787099400,3,3,3,5,5,4,4,6,6,4,734,225,40291,38,27,3,27,27,0,0,27,0,37,40,22,23,29.376,95,2,36.433662,-119.92334,35.110001,0,600,58,3,"e00fce6876826e255108c6bd",2026-08-19 00:30:03.337,2026-08-19 00:30:03.539,2026-08-19 00:30:03.539,2026-08-19
"35","dllvdD7sAM","MOOSPMv3Parser",1787099400,4,4,3,7,7,4,4,7,7,4,1033,275,87898,48,27,3,27,27,33,14,27,0,37,38,25,25,43.57,10,2,35.949615,-119.050026,111.346001,7,600,58,3,"e00fce6808784ceaf209f949",2026-08-19 00:30:03.422,2026-08-19 00:30:03.61,2026-08-19 00:30:03.61,2026-08-19
"36","VI5mtD9EiZ","MOOSPMv3Parser",1787099401,5,5,0,7,7,0,0,8,8,0,1397,336,0,63,0,4,0,0,35,10,0,2,38,41,22,22,50.484,20,1,36.187508,-119.82196,17.125,10,600,58,3,"e00fce68e739ecbcf9e91965",2026-08-19 00:30:03.69,2026-08-19 00:30:03.866,2026-08-19 00:30:03.866,2026-08-19
"37","Wvmh51yOSO","MOOSPMv3Parser",1787099400,4,4,4,6,6,4,4,7,7,4,1041,283,138973,40,30,2,30,30,33,20,30,0,37,38,24,26,42.924,21,2,36.523312,-119.278862,72.422997,7,600,58,3,"e00fce68f12da1a0c5de6248",2026-08-19 00:30:04.408,2026-08-19 00:30:04.591,2026-08-19 00:30:04.591,2026-08-19
"38","m62VDp3w21","MOOSPMv3Parser",1787099401,0,0,2,0,0,2,2,0,0,2,285,179,13833,26,16,2,16,16,34,24,16,0,37,38,22,22,49.431,15,1,36.139076,-120.368431,177.039993,10,600,58,3,"e00fce686dc2ef0a68fa40b0",2026-08-19 00:30:04.61,2026-08-19 00:30:05.017,2026-08-19 00:30:05.017,2026-08-19
"39","JM6ZuBnfd2","MOOSPMv3Parser",1787099400,3,3,3,5,5,3,3,5,5,3,1459,240,135361,35,26,2,26,26,35,10,26,0,39,40,18,19,50.964,27,1,36.762737,-119.798759,59.734001,8,600,58,3,"e00fce68e88237db75a60608",2026-08-19 00:30:05.413,2026-08-19 00:30:05.571,2026-08-19 00:30:05.571,2026-08-19
"40","fbvj9Hmy6n","MOOSPMv3Parser",1787099401,4,4,4,6,6,4,4,6,6,4,976,229,66557,39,27,1,28,28,34,12,28,0,42,39,17,23,512.666,12,1,36.138992,-120.368378,174.343002,7,600,58,3,"e00fce6850cac69f647dc199",2026-08-19 00:30:08.128,2026-08-19 00:30:08.349,2026-08-19 00:30:08.349,2026-08-19
"41","V8M0a5wOcx","MOOSPMv3Parser",1787100000,5,5,3,7,7,3,3,7,7,3,1610,287,23317,41,21,3,21,21,34,15,21,0,37,39,24,25,53.697,49,1,36.503052,-120.325317,59.879002,0,600,58,3,"e00fce68e77e43df92405fdb",2026-08-19 00:40:02.053,2026-08-19 00:40:02.234,2026-08-19 00:40:02.234,2026-08-19
"42","jpkbKcS0m8","MOOSPMv3Parser",1787100000,5,5,6,8,8,8,9,9,9,10,1179,324,87063,62,45,5,47,47,37,11,47,1,39,43,21,20,46.681,29,3277,2.5e-05,-0.004246,1378.108032,7,600,58,3,"e00fce68e28dcbc9a589be10",2026-08-19 00:40:02.924,2026-08-19 00:40:03.124,2026-08-19 00:40:03.124,2026-08-19
"43","cgwv4gUTni","MOOSPMv3Parser",1787100000,0,0,4,2,2,4,4,2,2,4,318,221,60949,35,28,3,28,28,35,22,28,0,30,39,37,22,33.108,7,1,36.13905,-120.368263,178.470993,6,600,58,3,"e00fce68d6b773b56ce8baa0",2026-08-19 00:40:03.007,2026-08-19 00:40:03.206,2026-08-19 00:40:03.206,2026-08-19
"44","0lqNdc6yts","MOOSPMv3Parser",1787100000,4,4,3,7,7,4,4,7,7,4,1067,282,87922,45,27,3,27,27,33,15,27,0,37,38,25,26,43.326,10,2,35.9496,-119.04995,107.051003,6,600,58,3,"e00fce6808784ceaf209f949",2026-08-19 00:40:03.334,2026-08-19 00:40:03.5,2026-08-19 00:40:03.5,2026-08-19
"45","vtzNk6PB1J","MOOSPMv3Parser",1787100001,0,0,2,0,0,2,2,0,0,2,286,181,13846,26,15,1,15,15,34,24,15,0,37,38,21,22,48.848,16,1,36.139057,-120.368439,170.953003,8,600,58,3,"e00fce686dc2ef0a68fa40b0",2026-08-19 00:40:03.328,2026-08-19 00:40:03.519,2026-08-19 00:40:03.519,2026-08-19
"46","97JMyfKMDA","MOOSPMv3Parser",1787100001,5,5,0,8,8,0,0,9,9,0,1361,336,0,64,0,7,0,0,35,10,0,2,38,41,21,22,50.546,21,1,36.187542,-119.822052,22.396999,12,600,58,3,"e00fce68e739ecbcf9e91965",2026-08-19 00:40:03.461,2026-08-19 00:40:03.618,2026-08-19 00:40:03.618,2026-08-19
"47","5uPdpyWDEr","MOOSPMv3Parser",1787100000,4,4,4,6,6,4,4,7,7,4,766,237,40318,44,31,4,31,31,0,0,31,0,37,39,23,24,29.552,95,2,36.43362,-119.923401,23.205,11,600,58,3,"e00fce6876826e255108c6bd",2026-08-19 00:40:03.579,2026-08-19 00:40:03.709,2026-08-19 00:40:03.709,2026-08-19
"48","vIMx7Cxp9Z","MOOSPMv3Parser",1787100000,3,3,3,5,5,4,4,5,5,4,1419,238,135385,38,26,3,26,26,35,11,26,0,38,40,19,20,50.962,17,1,36.762619,-119.798767,58.512001,5,600,58,3,"e00fce68e88237db75a60608",2026-08-19 00:40:05.503,2026-08-19 00:40:05.673,2026-08-19 00:40:05.673,2026-08-19
"49","7K4JkKlXrt","MOOSPMv3Parser",1787100001,4,4,3,5,5,3,3,6,6,3,945,221,66580,39,26,2,26,26,33,12,26,0,41,38,17,23,512.792,12,1,36.138977,-120.36837,162.203003,10,600,58,3,"e00fce6850cac69f647dc199",2026-08-19 00:40:08.599,2026-08-19 00:40:08.805,2026-08-19 00:40:08.805,2026-08-19
"50","qR3zajLOl9","MOOSPMv3Parser",1787100000,5,5,4,7,7,4,4,7,7,4,1038,283,139000,39,30,1,31,31,33,20,31,0,37,38,25,26,44.165,22,2,36.523464,-119.278702,62.252998,6,600,58,3,"e00fce68f12da1a0c5de6248",2026-08-19 00:40:09.034,2026-08-19 00:40:09.239,2026-08-19 00:40:09.239,2026-08-19
"51","QOrO3PnbQG","MOOSPMv3Parser",1787100600,5,5,3,7,7,3,3,8,8,3,1649,305,23335,45,21,3,21,21,34,15,21,0,37,39,24,25,55.009,47,1,36.503132,-120.325363,53.800999,8,600,58,3,"e00fce68e77e43df92405fdb",2026-08-19 00:50:01.931,2026-08-19 00:50:02.118,2026-08-19 00:50:02.118,2026-08-19
"52","FUpc6OAYrA","MOOSPMv3Parser",1787100600,0,0,3,2,2,3,3,2,2,3,317,221,60971,36,26,3,26,26,34,23,26,0,30,39,37,23,33.51,7,1,36.139088,-120.368393,179.216995,6,600,58,3,"e00fce68d6b773b56ce8baa0",2026-08-19 00:50:02.603,2026-08-19 00:50:02.832,2026-08-19 00:50:02.832,2026-08-19
"53","CJ0NWEM3Kt","MOOSPMv3Parser",1787100600,6,6,10,11,11,22,31,14,14,36,1461,404,87107,90,68,11,79,80,37,11,81,1,39,43,21,20,44.682,26,3277,2.5e-05,-0.004246,1378.108032,7,600,58,3,"e00fce68e28dcbc9a589be10",2026-08-19 00:50:02.843,2026-08-19 00:50:03.01,2026-08-19 00:50:03.01,2026-08-19
"54","ntFTD7mTId","MOOSPMv3Parser",1787100600,3,3,4,5,5,4,5,7,7,5,756,231,40345,42,31,4,32,32,0,0,32,0,38,39,23,25,29.55,95,2,36.433567,-119.923325,26.843,7,600,58,3,"e00fce6876826e255108c6bd",2026-08-19 00:50:03.323,2026-08-19 00:50:03.501,2026-08-19 00:50:03.501,2026-08-19
"55","QAynUAxdFj","MOOSPMv3Parser",1787100600,4,4,4,7,7,4,5,8,8,5,1050,280,87946,51,29,4,30,30,33,14,30,0,36,38,25,25,43.853,12,2,35.949577,-119.050026,91.836998,6,600,58,3,"e00fce6808784ceaf209f949",2026-08-19 00:50:03.312,2026-08-19 00:50:03.509,2026-08-19 00:50:03.509,2026-08-19
"56","Uq7TWhV9cT","MOOSPMv3Parser",1787100601,4,4,0,7,7,0,0,8,8,0,1301,317,0,57,0,6,0,0,35,10,0,2,38,40,21,22,49.613,22,1,36.187504,-119.821922,24.777,9,600,58,3,"e00fce68e739ecbcf9e91965",2026-08-19 00:50:03.836,2026-08-19 00:50:04.058,2026-08-19 00:50:04.058,2026-08-19
"57","ocdgKlpcPX","MOOSPMv3Parser",1787100600,3,3,4,5,5,4,4,5,5,4,1468,256,135410,40,29,2,29,29,35,12,29,0,38,40,20,22,49.931,27,1,36.762672,-119.798752,56.757,9,600,58,3,"e00fce68e88237db75a60608",2026-08-19 00:50:05.389,2026-08-19 00:50:05.615,2026-08-19 00:50:05.615,2026-08-19
"58","YpatnRB8UW","MOOSPMv3Parser",1787100601,4,4,3,5,5,4,4,6,6,4,943,221,66602,39,26,2,26,26,33,12,26,0,41,38,18,23,512.656,11,1,36.138962,-120.368393,177.955002,9,600,58,3,"e00fce6850cac69f647dc199",2026-08-19 00:50:09.723,2026-08-19 00:50:09.883,2026-08-19 00:50:09.883,2026-08-19
"59","pYqD4Uty6W","MOOSPMv3Parser",1787100601,0,0,2,0,0,2,2,0,0,2,278,176,13859,24,15,1,15,15,34,24,15,0,37,38,22,22,49.605,15,1,36.139027,-120.368385,171.074005,9,600,58,3,"e00fce686dc2ef0a68fa40b0",2026-08-19 00:50:14.382,2026-08-19 00:50:14.593,2026-08-19 00:50:14.593,2026-08-19
"60","4eKA17yr8f","MOOSPMv3Parser",1787100600,5,5,4,7,7,4,4,8,8,4,1046,286,139024,44,30,3,30,30,33,20,30,0,37,38,24,26,43.38,30,2,36.52338,-119.278786,91.973,6,600,58,3,"e00fce68f12da1a0c5de6248",2026-08-19 00:50:21.031,2026-08-19 00:50:21.245,2026-08-19 00:50:21.245,2026-08-19
"61","bCUqCRBz2B","MOOSPMv3Parser",1787101200,5,5,3,8,8,3,3,8,8,3,1641,313,23354,45,22,2,22,22,-10,-10,22,0,36,38,24,26,56.013,32,1,36.50304,-120.325394,65.975998,7,600,58,3,"e00fce68e77e43df92405fdb",2026-08-19 01:00:01.822,2026-08-19 01:00:02.04,2026-08-19 01:00:02.04,2026-08-19
"62","jfDpKknBAZ","MOOSPMv3Parser",1787101200,0,0,3,2,2,4,4,2,2,4,319,221,60994,34,27,3,27,27,34,23,27,0,30,39,37,23,33.45,6,1,36.138893,-120.368439,175.910004,5,600,58,3,"e00fce68d6b773b56ce8baa0",2026-08-19 01:00:02.79,2026-08-19 01:00:03.161,2026-08-19 01:00:03.161,2026-08-19
"63","OgA21wNw7T","MOOSPMv3Parser",1787101200,4,4,4,6,6,4,4,7,7,4,997,274,87132,53,29,2,30,30,36,12,30,0,39,42,21,21,46.184,17,3277,2.5e-05,-0.004246,1378.108032,7,600,58,3,"e00fce68e28dcbc9a589be10",2026-08-19 01:00:03.106,2026-08-19 01:00:03.388,2026-08-19 01:00:03.388,2026-08-19
"64","EWINHcHV8B","MOOSPMv3Parser",1787101200,4,4,3,7,7,4,4,7,7,4,1021,275,87968,47,26,3,26,26,33,14,26,0,36,38,25,25,43.838,12,2,35.949589,-119.049988,117.677002,7,600,58,3,"e00fce6808784ceaf209f949",2026-08-19 01:00:03.407,2026-08-19 01:00:03.636,2026-08-19 01:00:03.636,2026-08-19
"65","O9tkfFoAcD","MOOSPMv3Parser",1787101201,3,3,4,6,6,5,5,7,7,5,798,242,40373,41,32,5,33,33,0,0,33,0,37,39,24,25,29.182,95,2,36.433601,-119.923355,38.063,6,600,58,3,"e00fce6876826e255108c6bd",2026-08-19 01:00:03.309,2026-08-19 01:00:03.666,2026-08-19 01:00:03.666,2026-08-19
"66","NpkBjN4JJo","MOOSPMv3Parser",1787101201,0,0,2,0,0,2,2,0,0,2,282,177,13871,25,15,1,15,15,34,24,15,0,37,38,22,22,48.64,17,1,36.138958,-120.368477,157.149994,8,600,58,3,"e00fce686dc2ef0a68fa40b0",2026-08-19 01:00:03.627,2026-08-19 01:00:03.916,2026-08-19 01:00:03.916,2026-08-19
"67","vyxouz3eXa","MOOSPMv3Parser",1787101201,4,4,0,7,7,0,0,8,8,0,1223,299,0,57,0,5,0,0,34,10,0,2,37,40,21,22,48.928,23,1,36.187477,-119.822037,15.294,9,600,58,3,"e00fce68e739ecbcf9e91965",2026-08-19 01:00:03.857,2026-08-19 01:00:04.091,2026-08-19 01:00:04.091,2026-08-19
"68","EFhcldNFGW","MOOSPMv3Parser",1787101200,4,4,4,6,6,4,4,6,6,4,960,261,139049,39,27,2,28,28,33,19,28,0,36,38,24,25,42.141,24,2,36.52338,-119.278786,91.970001,0,600,58,3,"e00fce68f12da1a0c5de6248",2026-08-19 01:00:04.759,2026-08-19 01:00:04.923,2026-08-19 01:00:04.923,2026-08-19
"69","zzZw7wGyHV","MOOSPMv3Parser",1787101200,3,3,4,5,5,4,4,6,6,4,1438,254,135435,40,30,3,30,30,34,12,30,0,38,40,20,22,49.38,33,1,36.762665,-119.798744,57.875999,7,600,58,3,"e00fce68e88237db75a60608",2026-08-19 01:00:05.343,2026-08-19 01:00:05.597,2026-08-19 01:00:05.597,2026-08-19
"70","MtIOMpE787","MOOSPMv3Parser",1787101201,4,4,3,6,6,4,4,6,6,4,943,226,66626,38,27,2,27,27,33,12,27,0,41,38,18,23,512.707,11,1,36.13903,-120.368362,176.065002,7,600,58,3,"e00fce6850cac69f647dc199",2026-08-19 01:00:08.741,2026-08-19 01:00:08.946,2026-08-19 01:00:08.946,2026-08-19
"71","OVgBYlYAah","MOOSPMv3Parser",1787101800,5,5,3,7,7,3,3,8,8,3,1608,303,23373,46,22,2,22,22,33,16,22,0,36,38,25,26,53.846,37,1,36.503082,-120.325401,64.308998,5,600,58,3,"e00fce68e77e43df92405fdb",2026-08-19 01:10:02.085,2026-08-19 01:10:02.28,2026-08-19 01:10:02.28,2026-08-19
"72","kVcoivSafL","MOOSPMv3Parser",1787101800,4,4,4,6,6,4,4,6,6,4,972,270,87158,47,30,3,30,30,36,12,30,0,39,42,22,21,46.705,12,3277,2.5e-05,-0.004246,1378.108032,7,600,58,3,"e00fce68e28dcbc9a589be10",2026-08-19 01:10:02.825,2026-08-19 01:10:03.018,2026-08-19 01:10:03.018,2026-08-19
"73","Zc8yieYaHB","MOOSPMv3Parser",1787101800,4,4,4,6,6,4,4,6,6,4,938,254,139073,35,28,2,28,28,32,19,28,0,36,37,24,25,42.156,26,2,36.523403,-119.278801,80.206001,9,600,58,3,"e00fce68f12da1a0c5de6248",2026-08-19 01:10:03.141,2026-08-19 01:10:03.312,2026-08-19 01:10:03.312,2026-08-19
"74","NJcFdujpl5","MOOSPMv3Parser",1787101800,0,0,4,2,2,4,4,2,2,4,316,218,61017,37,28,3,28,28,34,23,28,0,30,39,37,24,37.114,6,1,36.138893,-120.368439,175.910995,0,600,58,3,"e00fce68d6b773b56ce8baa0",2026-08-19 01:10:03.264,2026-08-19 01:10:03.45,2026-08-19 01:10:03.45,2026-08-19
"75","hq1eZCaxWd","MOOSPMv3Parser",1787101801,4,4,4,6,6,5,5,7,7,5,807,245,40400,42,32,4,33,33,0,0,33,0,37,39,24,26,29.868,95,2,36.433552,-119.923378,31.905001,6,600,58,3,"e00fce6876826e255108c6bd",2026-08-19 01:10:03.314,2026-08-19 01:10:03.548,2026-08-19 01:10:03.548,2026-08-19
"76","67ENAYqpMb","MOOSPMv3Parser",1787101800,4,4,3,6,6,4,4,7,7,4,1001,265,87991,42,26,3,27,27,33,15,27,0,36,38,25,25,42.988,12,2,35.949688,-119.049904,120.600998,6,600,58,3,"e00fce6808784ceaf209f949",2026-08-19 01:10:03.443,2026-08-19 01:10:03.641,2026-08-19 01:10:03.641,2026-08-19
"77","z0eKoYxtZ7","MOOSPMv3Parser",1787101801,4,4,0,8,8,0,0,8,8,0,1225,300,0,59,0,7,0,0,34,10,0,2,37,39,22,23,49.229,18,1,36.18758,-119.821945,22.492001,8,600,58,3,"e00fce68e739ecbcf9e91965",2026-08-19 01:10:03.755,2026-08-19 01:10:04.013,2026-08-19 01:10:04.013,2026-08-19
"78","YxlDaw1KIH","MOOSPMv3Parser",1787101801,0,0,2,0,0,2,2,0,0,2,284,180,13885,25,17,1,17,17,34,24,17,0,37,38,22,23,48.148,17,1,36.139046,-120.3685,156.940002,9,600,58,3,"e00fce686dc2ef0a68fa40b0",2026-08-19 01:10:03.87,2026-08-19 01:10:04.065,2026-08-19 01:10:04.065,2026-08-19
"79","2a8lJIqqSK","MOOSPMv3Parser",1787101800,3,3,4,6,6,4,4,6,6,4,1410,248,135459,41,28,4,28,28,34,12,28,0,38,39,19,21,49.631,31,1,36.762737,-119.798729,50.952999,7,600,58,3,"e00fce68e88237db75a60608",2026-08-19 01:10:05.327,2026-08-19 01:10:05.482,2026-08-19 01:10:05.482,2026-08-19
"80","65om7Ew6G7","MOOSPMv3Parser",1787101801,3,3,3,5,5,4,4,6,6,4,936,221,66649,39,26,2,27,27,33,13,27,0,40,38,19,24,512.654,11,1,36.139,-120.368332,177.360001,7,600,58,3,"e00fce6850cac69f647dc199",2026-08-19 01:10:09.247,2026-08-19 01:10:09.409,2026-08-19 01:10:09.409,2026-08-19
"81","auQX9Cwtde","MOOSPMv3Parser",1787102400,4,4,4,6,6,4,4,6,6,4,968,269,87184,47,31,2,31,31,36,13,31,0,39,41,22,22,45.032,14,3277,2.5e-05,-0.004246,1378.108032,7,600,58,3,"e00fce68e28dcbc9a589be10",2026-08-19 01:20:02.925,2026-08-19 01:20:03.098,2026-08-19 01:20:03.098,2026-08-19
"82","b7CrxTBlhK","MOOSPMv3Parser",1787102400,0,0,4,2,2,4,4,2,2,4,310,215,61041,35,28,3,28,28,34,23,28,0,30,38,37,24,36.82,8,1,36.13895,-120.36834,179.468002,6,600,58,3,"e00fce68d6b773b56ce8baa0",2026-08-19 01:20:03.006,2026-08-19 01:20:03.242,2026-08-19 01:20:03.242,2026-08-19
"83","BtP9FJDdiZ","MOOSPMv3Parser",1787102401,3,3,4,6,6,5,5,7,7,5,795,242,40428,45,33,5,33,33,0,0,33,0,36,38,25,26,30.029,95,2,36.433544,-119.92337,24.572001,6,600,58,3,"e00fce6876826e255108c6bd",2026-08-19 01:20:03.31,2026-08-19 01:20:03.488,2026-08-19 01:20:03.488,2026-08-19
"84","Vv3L3lisf8","MOOSPMv3Parser",1787102400,4,4,4,6,6,4,4,6,6,4,952,258,139097,38,29,2,29,29,32,19,29,0,36,37,24,25,41.746,86,2,36.5233,-119.278862,68.445,5,600,58,3,"e00fce68f12da1a0c5de6248",2026-08-19 01:20:03.325,2026-08-19 01:20:03.505,2026-08-19 01:20:03.505,2026-08-19
"85","KsKITjWwZ4","MOOSPMv3Parser",1787102400,4,4,3,7,7,4,4,7,7,4,1013,271,88015,44,27,3,27,27,32,15,27,0,35,37,26,26,42.886,12,2,35.949509,-119.049988,114.686996,5,600,58,3,"e00fce6808784ceaf209f949",2026-08-19 01:20:03.461,2026-08-19 01:20:03.642,2026-08-19 01:20:03.642,2026-08-19
"86","udsh35TciM","MOOSPMv3Parser",1787102401,4,4,0,8,8,0,0,9,9,0,1267,313,0,61,0,6,0,0,34,11,0,2,37,39,22,23,48.061,17,1,36.18755,-119.822021,12.542,7,600,58,3,"e00fce68e739ecbcf9e91965",2026-08-19 01:20:03.699,2026-08-19 01:20:03.872,2026-08-19 01:20:03.872,2026-08-19
"87","qrtwE1yQde","MOOSPMv3Parser",1787102401,0,0,2,0,0,2,2,0,0,2,281,178,13897,25,15,1,15,15,34,24,15,0,36,38,23,23,50.077,21,1,36.13903,-120.368332,165.162994,9,600,58,3,"e00fce686dc2ef0a68fa40b0",2026-08-19 01:20:04.569,2026-08-19 01:20:04.733,2026-08-19 01:20:04.733,2026-08-19
"88","X0JWrq93K1","MOOSPMv3Parser",1787102400,4,4,4,6,6,4,4,6,6,4,1362,242,135485,39,30,2,30,30,34,12,30,0,37,39,20,21,50.58,24,1,36.762653,-119.798805,54.825001,8,600,58,3,"e00fce68e88237db75a60608",2026-08-19 01:20:05.407,2026-08-19 01:20:05.561,2026-08-19 01:20:05.561,2026-08-19
"89","obI1KbsFEO","MOOSPMv3Parser",1787102401,4,4,3,6,6,4,4,6,6,4,976,234,66673,42,27,2,27,27,33,13,27,0,40,38,19,24,512.698,11,1,36.138973,-120.368401,175.309998,7,600,58,3,"e00fce6850cac69f647dc199",2026-08-19 01:20:05.879,2026-08-19 01:20:06.01,2026-08-19 01:20:06.01,2026-08-19
"90","QCFInvA6DQ","MOOSPMv3Parser",1787102400,5,5,3,8,8,3,3,8,8,3,1593,305,23393,48,23,3,23,23,33,16,23,0,36,37,25,27,54.951,38,1,36.503193,-120.325394,54.980999,7,600,58,3,"e00fce68e77e43df92405fdb",2026-08-19 01:20:07.763,2026-08-19 01:20:07.919,2026-08-19 01:20:07.919,2026-08-19
"91","cxYwkVN48S","MOOSPMv3Parser",1787103000,5,5,3,7,7,3,3,8,8,3,1597,316,23414,47,23,2,23,23,33,17,23,0,36,37,25,27,55.327,26,1,36.503349,-120.325439,74.763,5,600,58,3,"e00fce68e77e43df92405fdb",2026-08-19 01:30:02.233,2026-08-19 01:30:02.397,2026-08-19 01:30:02.397,2026-08-19
"92","eeCyl2zIun","MOOSPMv3Parser",1787103000,0,0,4,1,1,4,4,2,2,4,311,213,61064,34,27,3,28,28,34,23,28,0,30,38,37,24,36.179,11,1,36.138977,-120.368332,168.556,6,600,58,3,"e00fce68d6b773b56ce8baa0",2026-08-19 01:30:02.623,2026-08-19 01:30:02.822,2026-08-19 01:30:02.822,2026-08-19
"93","KTa2E2P5do","MOOSPMv3Parser",1787103000,4,4,5,6,6,5,5,7,7,6,994,278,87215,49,36,3,37,37,35,13,37,1,38,41,23,22,44.206,16,3277,2.5e-05,-0.004246,1378.108032,7,600,58,3,"e00fce68e28dcbc9a589be10",2026-08-19 01:30:02.921,2026-08-19 01:30:03.113,2026-08-19 01:30:03.113,2026-08-19
"94","6HRZgEpqVi","MOOSPMv3Parser",1787103000,4,4,4,6,6,4,4,6,6,4,929,252,139121,35,29,2,29,29,32,19,29,0,36,37,24,25,39.953,44,2,36.523342,-119.278748,69.527,7,600,58,3,"e00fce68f12da1a0c5de6248",2026-08-19 01:30:03.345,2026-08-19 01:30:03.541,2026-08-19 01:30:03.541,2026-08-19
"95","WvrB0DCG2G","MOOSPMv3Parser",1787103001,3,3,4,6,6,5,5,7,7,5,798,241,40457,46,33,5,34,34,0,0,34,1,36,38,25,26,29.792,95,2,36.433575,-119.923386,10.072,7,600,58,3,"e00fce6876826e255108c6bd",2026-08-19 01:30:03.406,2026-08-19 01:30:03.582,2026-08-19 01:30:03.582,2026-08-19
"96","i8yMAHHr70","MOOSPMv3Parser",1787103000,5,5,3,7,7,4,4,7,7,4,1040,281,88037,48,26,3,26,26,32,16,26,0,35,37,27,27,40.449,16,2,35.949509,-119.049988,114.690002,0,600,58,3,"e00fce6808784ceaf209f949",2026-08-19 01:30:03.465,2026-08-19 01:30:03.641,2026-08-19 01:30:03.641,2026-08-19
"97","nZhh7uCOHU","MOOSPMv3Parser",1787103001,4,4,0,8,8,0,0,9,9,0,1287,323,0,66,0,6,0,0,34,11,0,2,37,39,22,23,47.487,22,1,36.187504,-119.821999,18.506001,7,600,58,3,"e00fce68e739ecbcf9e91965",2026-08-19 01:30:03.763,2026-08-19 01:30:03.98,2026-08-19 01:30:03.98,2026-08-19
"98","oAAwKluOWI","MOOSPMv3Parser",1787103001,4,4,3,6,6,4,4,6,6,4,981,232,66696,42,27,2,27,27,33,13,27,0,39,37,19,24,512.685,13,1,36.138992,-120.368484,160.794006,7,600,58,3,"e00fce6850cac69f647dc199",2026-08-19 01:30:04.512,2026-08-19 01:30:04.658,2026-08-19 01:30:04.658,2026-08-19
"99","Hk0QBGAScW","MOOSPMv3Parser",1787103001,0,0,2,0,0,2,2,0,0,2,281,178,13910,26,15,1,15,15,34,24,15,0,36,38,23,23,49.493,27,1,36.139088,-120.368408,179.755005,8,600,58,3,"e00fce686dc2ef0a68fa40b0",2026-08-19 01:30:04.67,2026-08-19 01:30:04.821,2026-08-19 01:30:04.821,2026-08-19
"100","QYNDO3brmc","MOOSPMv3Parser",1787103000,4,4,4,6,6,4,4,6,6,4,1294,250,135510,41,29,2,29,29,34,13,29,0,37,39,20,22,50.308,22,1,36.762707,-119.798805,48.945999,6,600,58,3,"e00fce68e88237db75a60608",2026-08-19 01:30:05.591,2026-08-19 01:30:05.771,2026-08-19 01:30:05.771,2026-08-19
"101","8onLWdwwt3","MOOSPMv3Parser",1787103600,5,5,3,8,8,3,3,8,8,3,1636,322,23434,50,24,2,24,24,33,18,24,0,36,37,27,28,54.799,29,1,36.503139,-120.325378,65.501999,7,600,58,3,"e00fce68e77e43df92405fdb",2026-08-19 01:40:02.224,2026-08-19 01:40:02.369,2026-08-19 01:40:02.369,2026-08-19
"102","3HZ3lZqhfL","MOOSPMv3Parser",1787103600,0,0,4,1,1,4,4,2,2,4,308,215,61087,36,27,3,28,28,34,24,28,0,30,38,37,24,36.384,10,2,36.139145,-120.36795,208.679993,5,600,58,3,"e00fce68d6b773b56ce8baa0",2026-08-19 01:40:02.834,2026-08-19 01:40:02.967,2026-08-19 01:40:02.967,2026-08-19
"103","IlZEZDmC0c","MOOSPMv3Parser",1787103600,4,4,4,6,6,4,4,7,7,4,975,271,87243,45,32,3,32,32,34,13,32,1,37,40,23,23,45.157,18,3277,2.5e-05,-0.004246,1378.108032,7,600,58,3,"e00fce68e28dcbc9a589be10",2026-08-19 01:40:02.819,2026-08-19 01:40:02.986,2026-08-19 01:40:02.986,2026-08-19
"104","5c9tNulNmF","MOOSPMv3Parser",1787103600,4,4,4,5,5,4,4,6,6,4,901,242,139146,36,29,2,29,29,32,21,29,0,35,37,26,27,39.06,54,2,36.523354,-119.278748,60.347,7,600,58,3,"e00fce68f12da1a0c5de6248",2026-08-19 01:40:03.162,2026-08-19 01:40:03.337,2026-08-19 01:40:03.337,2026-08-19
"105","sDB23oNwDG","MOOSPMv3Parser",1787103600,4,4,3,7,7,4,4,7,7,4,1040,278,88060,48,26,3,26,26,32,16,26,0,35,37,27,27,39.89,20,2,35.949631,-119.049911,127.987,11,600,58,3,"e00fce6808784ceaf209f949",2026-08-19 01:40:03.454,2026-08-19 01:40:03.634,2026-08-19 01:40:03.634,2026-08-19
"106","zTaKYbZcsz","MOOSPMv3Parser",1787103601,4,4,4,7,7,5,5,8,8,5,842,256,40484,49,32,7,32,32,0,0,32,1,36,38,25,26,28.429,95,2,36.433521,-119.923378,6.004,7,600,58,3,"e00fce6876826e255108c6bd",2026-08-19 01:40:03.475,2026-08-19 01:40:03.664,2026-08-19 01:40:03.664,2026-08-19
"107","0IzehdJLny","MOOSPMv3Parser",1787103601,4,4,0,8,8,0,0,9,9,0,1276,321,0,64,0,7,0,0,33,12,0,2,37,38,23,24,47.613,25,1,36.187794,-119.821548,93.696999,7,600,58,3,"e00fce68e739ecbcf9e91965",2026-08-19 01:40:03.691,2026-08-19 01:40:03.857,2026-08-19 01:40:03.857,2026-08-19
"108","t8V16RaOrv","MOOSPMv3Parser",1787103601,4,4,4,6,6,4,4,6,6,4,953,227,66722,40,29,3,29,29,32,13,29,0,39,37,19,24,512.691,12,1,36.138992,-120.368484,160.800003,0,600,58,3,"e00fce6850cac69f647dc199",2026-08-19 01:40:04.193,2026-08-19 01:40:04.394,2026-08-19 01:40:04.394,2026-08-19
"109","LDgdkyggKV","MOOSPMv3Parser",1787103600,4,4,4,6,6,4,4,6,6,4,1303,249,135535,39,29,3,29,29,34,13,29,0,37,38,21,22,47.334,40,1,36.762707,-119.798805,48.948002,0,600,58,3,"e00fce68e88237db75a60608",2026-08-19 01:40:05.405,2026-08-19 01:40:05.586,2026-08-19 01:40:05.586,2026-08-19
"110","JnuJ61Tvso","MOOSPMv3Parser",1787103601,0,0,2,0,0,2,2,0,0,2,276,174,13923,25,15,1,15,15,34,24,15,0,36,38,23,23,48.874,26,1,36.139069,-120.368385,182.042007,9,600,58,3,"e00fce686dc2ef0a68fa40b0",2026-08-19 01:40:08.02,2026-08-19 01:40:08.158,2026-08-19 01:40:08.158,2026-08-19
"111","dRhKBgHIxI","MOOSPMv3Parser",1787104200,5,5,3,8,8,3,3,8,8,3,1588,315,23455,47,24,3,24,24,32,19,24,0,35,37,27,29,51.016,53,1,36.503075,-120.325424,61.998001,6,600,58,3,"e00fce68e77e43df92405fdb",2026-08-19 01:50:01.993,2026-08-19 01:50:02.185,2026-08-19 01:50:02.185,2026-08-19
"112","odjQGADPjv","MOOSPMv3Parser",1787104200,4,4,4,7,7,5,5,7,7,5,986,276,87271,48,33,2,34,34,34,14,34,1,37,39,24,24,43.155,22,3277,2.5e-05,-0.004246,1378.108032,7,600,58,3,"e00fce68e28dcbc9a589be10",2026-08-19 01:50:02.818,2026-08-19 01:50:03.015,2026-08-19 01:50:03.015,2026-08-19
"113","N7RAB3ziqj","MOOSPMv3Parser",1787104200,4,4,4,6,6,4,4,7,7,4,924,252,139170,39,28,2,28,28,32,20,28,0,35,37,25,26,38.002,69,1,36.523369,-119.278877,77.612999,7,600,58,3,"e00fce68f12da1a0c5de6248",2026-08-19 01:50:03.221,2026-08-19 01:50:03.454,2026-08-19 01:50:03.454,2026-08-19
"114","7GcpOiQScH","MOOSPMv3Parser",1787104200,0,0,4,2,2,4,4,2,2,4,307,213,61111,33,28,3,28,28,34,24,28,0,30,37,37,25,35.8,11,2,36.138977,-120.368408,175.391006,5,600,58,3,"e00fce68d6b773b56ce8baa0",2026-08-19 01:50:03.499,2026-08-19 01:50:03.642,2026-08-19 01:50:03.642,2026-08-19
"115","IkDfcizZFU","MOOSPMv3Parser",1787104200,5,5,3,7,7,4,4,7,7,4,1044,275,88083,45,27,3,27,27,32,17,27,0,35,36,28,28,39.333,25,2,35.949707,-119.049904,115.537003,8,600,58,3,"e00fce6808784ceaf209f949",2026-08-19 01:50:03.467,2026-08-19 01:50:03.669,2026-08-19 01:50:03.669,2026-08-19
"116","XnvMxTDlLx","MOOSPMv3Parser",1787104201,3,3,4,6,6,4,5,7,7,5,747,230,40510,44,30,6,31,31,0,0,31,0,36,38,25,27,27.975,95,2,36.433708,-119.923355,41.743999,6,600,58,3,"e00fce6876826e255108c6bd",2026-08-19 01:50:03.627,2026-08-19 01:50:03.821,2026-08-19 01:50:03.821,2026-08-19
"117","NjQSsvEuw1","MOOSPMv3Parser",1787104201,5,5,0,9,9,0,0,10,10,0,1372,343,0,67,0,9,0,0,33,12,0,2,36,38,24,25,46.311,37,1,36.187672,-119.821945,45.646999,8,600,58,3,"e00fce68e739ecbcf9e91965",2026-08-19 01:50:03.686,2026-08-19 01:50:03.916,2026-08-19 01:50:03.916,2026-08-19
"118","E6q9UWxAYH","MOOSPMv3Parser",1787104201,0,0,2,0,0,2,2,0,0,2,274,172,13935,25,15,1,15,15,33,25,15,0,35,38,24,23,48.71,28,1,36.139069,-120.368385,182.037994,0,600,58,3,"e00fce686dc2ef0a68fa40b0",2026-08-19 01:50:04.121,2026-08-19 01:50:04.333,2026-08-19 01:50:04.333,2026-08-19
"119","ocPCrM6Sei","MOOSPMv3Parser",1787104201,4,4,4,6,6,4,4,6,6,4,966,228,66746,37,28,2,28,28,32,14,28,0,39,37,20,25,512.745,11,1,36.139057,-120.368317,168.028,8,600,58,3,"e00fce6850cac69f647dc199",2026-08-19 01:50:04.417,2026-08-19 01:50:04.599,2026-08-19 01:50:04.599,2026-08-19
"120","bJ2PwCp37K","MOOSPMv3Parser",1787104200,4,4,4,7,7,4,4,7,7,4,1387,265,135560,43,30,3,30,30,33,14,30,0,36,38,23,24,49.249,28,1,36.762657,-119.798798,54.640999,8,600,58,3,"e00fce68e88237db75a60608",2026-08-19 01:50:05.524,2026-08-19 01:50:05.684,2026-08-19 01:50:05.684,2026-08-19
"121","c4R791Nzyc","MOOSPMv3Parser",1787104800,5,5,3,8,8,3,3,9,9,3,1624,327,23476,50,24,3,25,25,32,19,25,0,35,36,29,29,50.121,56,1,36.503181,-120.325363,64.133003,6,600,58,3,"e00fce68e77e43df92405fdb",2026-08-19 02:00:02.532,2026-08-19 02:00:03.111,2026-08-19 02:00:03.111,2026-08-19
"122","LmirVrxc6i","MOOSPMv3Parser",1787104800,4,4,4,6,6,4,4,6,6,4,886,245,87297,40,30,2,31,31,34,14,31,1,36,39,24,24,43.896,13,3277,2.5e-05,-0.004246,1378.108032,7,600,58,3,"e00fce68e28dcbc9a589be10",2026-08-19 02:00:02.91,2026-08-19 02:00:03.409,2026-08-19 02:00:03.409,2026-08-19
"123","SbAT4YF1Tk","MOOSPMv3Parser",1787104800,4,4,4,6,6,4,4,6,6,4,908,248,139195,34,29,2,29,29,31,23,29,0,34,36,27,28,36.424,53,1,36.523369,-119.278831,66.294998,6,600,58,3,"e00fce68f12da1a0c5de6248",2026-08-19 02:00:03.522,2026-08-19 02:00:03.882,2026-08-19 02:00:03.882,2026-08-19
"124","PsKj1MO4R5","MOOSPMv3Parser",1787104801,4,4,5,6,6,6,6,8,8,6,825,251,40541,49,36,5,37,37,0,0,37,1,35,37,27,28,24.964,95,1,36.433605,-119.923332,22.309,6,600,58,3,"e00fce6876826e255108c6bd",2026-08-19 02:00:03.485,2026-08-19 02:00:03.919,2026-08-19 02:00:03.919,2026-08-19
"125","3Y4niGaxgW","MOOSPMv3Parser",1787104800,5,5,4,7,7,4,4,8,8,4,1032,280,88109,48,30,3,30,30,32,18,30,0,34,36,29,28,37.893,30,2,35.949596,-119.049942,104.575996,7,600,58,3,"e00fce6808784ceaf209f949",2026-08-19 02:00:03.488,2026-08-19 02:00:03.922,2026-08-19 02:00:03.922,2026-08-19
"126","dekPBQMgF1","MOOSPMv3Parser",1787104801,4,4,0,8,8,0,0,8,8,0,1236,311,0,63,0,6,0,0,33,13,0,2,36,38,24,25,44.451,56,1,36.187595,-119.821884,46.554001,7,600,58,3,"e00fce68e739ecbcf9e91965",2026-08-19 02:00:03.841,2026-08-19 02:00:04.368,2026-08-19 02:00:04.368,2026-08-19
"127","huTfiY32C8","MOOSPMv3Parser",1787104801,4,4,4,5,5,4,4,6,6,4,965,230,66771,38,28,2,28,28,32,14,28,0,39,36,20,25,512.753,13,1,36.138954,-120.368416,165.199005,9,600,58,3,"e00fce6850cac69f647dc199",2026-08-19 02:00:05.374,2026-08-19 02:00:05.582,2026-08-19 02:00:05.582,2026-08-19
"128","bmen1lcbh0","MOOSPMv3Parser",1787104800,5,5,4,7,7,4,4,7,7,4,1353,276,135589,46,32,2,33,33,33,16,33,0,36,38,24,25,47.871,34,1,36.762856,-119.798752,84.412003,7,600,58,3,"e00fce68e88237db75a60608",2026-08-19 02:00:05.413,2026-08-19 02:00:05.616,2026-08-19 02:00:05.616,2026-08-19
"129","TM6fyGTes8","MOOSPMv3Parser",1787104801,0,0,2,0,0,2,2,0,0,2,272,171,13949,25,17,2,17,17,33,25,17,0,35,37,24,24,47.639,33,1,36.139057,-120.368317,175.875,9,600,58,3,"e00fce686dc2ef0a68fa40b0",2026-08-19 02:00:05.69,2026-08-19 02:00:05.885,2026-08-19 02:00:05.885,2026-08-19
"130","H54hUeWnco","MOOSPMv3Parser",1787105400,6,6,3,8,8,3,3,8,8,3,1611,323,23498,51,24,3,24,24,32,19,24,0,34,36,28,29,48.57,68,1,36.503101,-120.325417,45.506001,6,600,58,3,"e00fce68e77e43df92405fdb",2026-08-19 02:10:02.218,2026-08-19 02:10:02.381,2026-08-19 02:10:02.381,2026-08-19
"131","zEf3ICW5JY","MOOSPMv3Parser",1787105400,0,0,4,2,2,4,4,2,2,4,311,216,61158,39,29,4,29,29,33,25,29,0,30,37,37,26,34.833,14,2,36.138988,-120.368378,169.145996,8,600,58,3,"e00fce68d6b773b56ce8baa0",2026-08-19 02:10:02.704,2026-08-19 02:10:02.896,2026-08-19 02:10:02.896,2026-08-19
"132","VOxkrb9fBV","MOOSPMv3Parser",1787105400,5,5,4,7,7,4,4,7,7,4,960,269,87325,45,32,2,32,32,33,14,32,1,36,38,25,24,45.862,6,3277,2.5e-05,-0.004246,1378.108032,7,600,58,3,"e00fce68e28dcbc9a589be10",2026-08-19 02:10:02.968,2026-08-19 02:10:03.145,2026-08-19 02:10:03.145,2026-08-19
"133","085qmLLkTw","MOOSPMv3Parser",1787105400,4,4,5,7,7,6,7,9,9,7,853,262,40573,53,38,8,39,39,0,0,39,1,35,37,28,29,23.033,95,1,36.433628,-119.92337,29.24,6,600,58,3,"e00fce6876826e255108c6bd",2026-08-19 02:10:03.464,2026-08-19 02:10:03.705,2026-08-19 02:10:03.705,2026-08-19
"134","bjUzewOt5a","MOOSPMv3Parser",1787105400,4,4,4,7,7,4,5,7,7,5,1008,268,88133,43,28,3,29,29,31,19,29,0,34,36,30,30,34.228,66,2,35.949596,-119.049942,102.952003,7,600,58,3,"e00fce6808784ceaf209f949",2026-08-19 02:10:03.552,2026-08-19 02:10:03.732,2026-08-19 02:10:03.732,2026-08-19
"135","Fsyfw82HMv","MOOSPMv3Parser",1787105401,5,5,0,8,8,0,0,9,9,0,1263,323,0,62,0,6,0,0,32,14,0,2,36,37,25,26,43.292,67,1,36.187595,-119.821884,46.550999,0,600,58,3,"e00fce68e739ecbcf9e91965",2026-08-19 02:10:03.694,2026-08-19 02:10:03.85,2026-08-19 02:10:03.85,2026-08-19
"136","eAs7AduFkx","MOOSPMv3Parser",1787105401,0,0,2,0,0,2,2,1,1,2,280,179,13961,26,15,1,15,15,33,25,15,0,35,37,25,24,46.825,36,1,36.139046,-120.368362,165.604004,9,600,58,3,"e00fce686dc2ef0a68fa40b0",2026-08-19 02:10:04.435,2026-08-19 02:10:04.622,2026-08-19 02:10:04.622,2026-08-19
"137","6y2cWfnVUR","MOOSPMv3Parser",1787105401,4,4,4,6,6,4,4,6,6,4,982,231,66796,40,28,2,29,29,32,15,29,0,39,36,21,26,512.742,14,1,36.138981,-120.368408,174.820999,12,600,58,3,"e00fce6850cac69f647dc199",2026-08-19 02:10:05.218,2026-08-19 02:10:05.382,2026-08-19 02:10:05.382,2026-08-19
"138","EsrQz0231X","MOOSPMv3Parser",1787105400,5,5,4,7,7,5,5,7,7,5,1353,281,135619,47,34,3,34,34,32,15,34,0,36,37,22,24,47.656,42,1,36.762756,-119.798759,32.728001,8,600,58,3,"e00fce68e88237db75a60608",2026-08-19 02:10:05.41,2026-08-19 02:10:05.558,2026-08-19 02:10:05.558,2026-08-19
"139","e5zjDoHFSr","MOOSPMv3Parser",1787105400,4,4,4,6,6,4,4,6,6,4,926,253,139220,37,29,2,29,29,31,23,29,0,34,36,28,28,34.648,85,1,36.523384,-119.278816,73.988998,6,600,58,3,"e00fce68f12da1a0c5de6248",2026-08-19 02:10:08.999,2026-08-19 02:10:09.183,2026-08-19 02:10:09.183,2026-08-19
"140","CJOjY63xtZ","MOOSPMv3Parser",1787106000,5,5,3,8,8,3,3,8,8,3,1548,314,23519,49,24,2,24,24,31,19,24,0,34,36,27,29,50.15,58,1,36.503101,-120.325417,45.507,0,600,58,3,"e00fce68e77e43df92405fdb",2026-08-19 02:20:02.045,2026-08-19 02:20:02.245,2026-08-19 02:20:02.245,2026-08-19
"141","koYvp9z4Jb","MOOSPMv3Parser",1787106000,4,4,4,6,6,4,4,6,6,5,871,240,87353,42,32,3,32,32,33,15,32,1,35,38,25,25,45.578,7,3277,2.5e-05,-0.004246,1378.108032,7,600,58,3,"e00fce68e28dcbc9a589be10",2026-08-19 02:20:02.939,2026-08-19 02:20:03.137,2026-08-19 02:20:03.137,2026-08-19
"142","PkC5bWLGuW","MOOSPMv3Parser",1787106000,0,0,4,2,2,4,4,2,2,4,322,225,61183,38,29,3,29,29,33,25,29,0,30,36,37,27,32.61,25,2,36.139034,-120.368355,162.578003,9,600,58,3,"e00fce68d6b773b56ce8baa0",2026-08-19 02:20:03.098,2026-08-19 02:20:03.276,2026-08-19 02:20:03.276,2026-08-19
"143","4HOwrb5pkp","MOOSPMv3Parser",1787106001,0,0,2,0,0,2,2,1,1,2,292,186,13975,27,16,2,16,16,33,26,16,0,35,37,26,25,44.884,53,1,36.139004,-120.368378,171.235992,8,600,58,3,"e00fce686dc2ef0a68fa40b0",2026-08-19 02:20:03.394,2026-08-19 02:20:03.558,2026-08-19 02:20:03.558,2026-08-19
"144","h5D8pkF9eS","MOOSPMv3Parser",1787106000,5,5,6,8,8,8,10,11,11,11,951,295,40606,61,42,9,45,45,0,0,45,1,34,37,30,30,22.659,95,1,36.433628,-119.92337,29.238001,0,600,58,3,"e00fce6876826e255108c6bd",2026-08-19 02:20:03.464,2026-08-19 02:20:03.609,2026-08-19 02:20:03.609,2026-08-19
"145","qbHeqyZhiA","MOOSPMv3Parser",1787106000,4,4,4,6,6,4,4,6,6,4,889,243,139245,36,30,2,30,30,31,24,30,0,33,35,28,29,31.642,128,1,36.523335,-119.278801,77.030998,8,600,58,3,"e00fce68f12da1a0c5de6248",2026-08-19 02:20:03.544,2026-08-19 02:20:03.69,2026-08-19 02:20:03.69,2026-08-19
"146","SA69wUlrT3","MOOSPMv3Parser",1787106000,4,4,4,7,7,4,5,7,7,5,1031,275,88159,45,30,3,31,31,31,20,31,0,33,36,32,30,32.962,86,1,35.949528,-119.049973,98.804001,7,600,58,3,"e00fce6808784ceaf209f949",2026-08-19 02:20:03.622,2026-08-19 02:20:03.811,2026-08-19 02:20:03.811,2026-08-19
"147","iMSzN6Xu0H","MOOSPMv3Parser",1787106001,5,5,0,8,8,0,0,9,9,0,1264,322,0,63,0,6,0,0,32,14,0,2,35,37,25,26,41.901,77,1,36.187614,-119.822189,25.981001,5,600,58,3,"e00fce68e739ecbcf9e91965",2026-08-19 02:20:03.772,2026-08-19 02:20:03.922,2026-08-19 02:20:03.922,2026-08-19
"148","cdIebno6sj","MOOSPMv3Parser",1787106001,4,4,4,6,6,4,4,6,6,4,1007,239,66822,41,30,2,30,30,31,16,30,0,38,36,21,27,512.853,20,1,36.139057,-120.368484,181.604996,11,600,58,3,"e00fce6850cac69f647dc199",2026-08-19 02:20:04.276,2026-08-19 02:20:04.447,2026-08-19 02:20:04.447,2026-08-19
"149","eb5e98ztvr","MOOSPMv3Parser",1787106000,4,4,4,6,6,4,4,6,6,4,1168,234,135643,39,28,3,28,28,32,13,28,0,35,37,20,22,47.159,25,1,36.76276,-119.798759,52.603001,8,600,58,3,"e00fce68e88237db75a60608",2026-08-19 02:20:05.568,2026-08-19 02:20:05.723,2026-08-19 02:20:05.723,2026-08-19
"150","BqdOhcvtLp","MOOSPMv3Parser",1787106600,6,6,3,8,8,3,3,8,8,3,1643,336,23541,50,25,2,25,25,31,19,25,0,34,35,28,29,49.7,52,1,36.503349,-120.325356,90.014999,5,600,58,3,"e00fce68e77e43df92405fdb",2026-08-19 02:30:02.132,2026-08-19 02:30:02.289,2026-08-19 02:30:02.289,2026-08-19
"151","jNCzCeG7XT","MOOSPMv3Parser",1787106601,4,4,3,5,5,3,3,5,5,3,1123,224,136347,35,25,2,26,26,32,13,26,0,35,36,21,23,45.117,23,1,36.762691,-119.798798,40.98,8,597,58,3,"e00fce68e88237db75a60608",2026-08-19 02:30:02.447,2026-08-19 02:30:02.682,2026-08-19 02:30:02.682,2026-08-19
"152","dTrQowAPqY","MOOSPMv3Parser",1787106600,0,0,4,2,2,4,4,2,2,4,321,225,61208,39,30,3,30,30,32,26,30,0,30,36,37,27,33.038,31,2,36.138977,-120.368401,154.205994,8,600,58,3,"e00fce68d6b773b56ce8baa0",2026-08-19 02:30:02.703,2026-08-19 02:30:02.991,2026-08-19 02:30:02.991,2026-08-19
"153","qIUfBDwWBK","MOOSPMv3Parser",1787106600,4,4,4,6,6,5,5,6,6,5,829,235,87381,41,33,3,33,33,33,15,33,1,35,38,26,25,42.82,19,3277,2.5e-05,-0.004246,1378.108032,7,600,58,3,"e00fce68e28dcbc9a589be10",2026-08-19 02:30:02.837,2026-08-19 02:30:03.094,2026-08-19 02:30:03.094,2026-08-19
"154","AMSPvmRHsG","MOOSPMv3Parser",1787106600,5,5,4,7,7,5,5,8,8,6,1056,284,88186,51,32,5,32,33,31,21,33,1,33,35,32,31,28.948,128,1,35.949554,-119.049873,116.119003,6,600,58,3,"e00fce6808784ceaf209f949",2026-08-19 02:30:03.465,2026-08-19 02:30:03.633,2026-08-19 02:30:03.633,2026-08-19
"155","x7qzV6uGD3","MOOSPMv3Parser",1787106601,5,5,6,8,8,8,10,10,10,11,957,294,40641,61,43,7,45,46,0,0,46,1,34,36,30,30,22.506,95,1,36.433674,-119.92337,37.056,5,600,58,3,"e00fce6876826e255108c6bd",2026-08-19 02:30:03.616,2026-08-19 02:30:03.79,2026-08-19 02:30:03.79,2026-08-19
"156","x39JmRsRm0","MOOSPMv3Parser",1787106601,4,4,0,8,8,0,0,9,9,0,1228,312,0,63,0,8,0,0,32,15,0,2,35,36,26,27,41.107,90,2,36.187611,-119.822205,6.412,5,600,58,3,"e00fce68e739ecbcf9e91965",2026-08-19 02:30:03.692,2026-08-19 02:30:03.869,2026-08-19 02:30:03.869,2026-08-19
"157","iK6aKizdG9","MOOSPMv3Parser",1787106601,0,0,2,0,0,2,2,1,1,2,286,184,13988,26,16,1,16,16,32,26,16,0,34,37,27,26,44.293,51,1,36.139057,-120.368439,171.764008,11,600,58,3,"e00fce686dc2ef0a68fa40b0",2026-08-19 02:30:03.711,2026-08-19 02:30:03.9,2026-08-19 02:30:03.9,2026-08-19
"158","lNTlackSlA","MOOSPMv3Parser",1787106601,4,4,4,6,6,4,4,6,6,4,999,240,66849,40,31,2,31,31,31,17,31,0,38,35,22,28,512.82,22,1,36.138893,-120.368362,172.600006,5,600,58,3,"e00fce6850cac69f647dc199",2026-08-19 02:30:04.514,2026-08-19 02:30:04.667,2026-08-19 02:30:04.667,2026-08-19
"159","NpxRaKXNPD","MOOSPMv3Parser",1787106600,4,4,4,6,6,4,4,6,6,4,902,250,139270,35,30,2,30,30,30,24,30,0,33,35,30,30,33.665,79,1,36.523262,-119.278893,77.07,9,600,58,3,"e00fce68f12da1a0c5de6248",2026-08-19 02:30:07.713,2026-08-19 02:30:07.836,2026-08-19 02:30:07.836,2026-08-19
"160","pAjj5YrBbt","MOOSPMv3Parser",1787107200,6,6,3,8,8,3,3,9,9,3,1625,331,23563,52,26,3,26,26,31,20,26,0,33,35,28,29,49.411,57,1,36.503067,-120.325424,46.962002,6,600,58,3,"e00fce68e77e43df92405fdb",2026-08-19 02:40:02.129,2026-08-19 02:40:02.305,2026-08-19 02:40:02.305,2026-08-19
"161","jIDnDFw8qc","MOOSPMv3Parser",1787107201,4,4,4,6,6,4,4,6,6,4,1205,240,135690,40,29,3,29,29,31,16,29,0,35,36,24,26,44.005,38,1,36.762772,-119.798706,50.368,7,600,58,3,"e00fce68e88237db75a60608",2026-08-19 02:40:02.447,2026-08-19 02:40:02.63,2026-08-19 02:40:02.63,2026-08-19
"162","tWJc5vpEAG","MOOSPMv3Parser",1787107200,4,4,4,6,6,4,4,7,7,4,865,246,87407,45,31,3,31,31,33,15,31,1,35,37,26,25,41.317,26,3277,2.5e-05,-0.004246,1378.108032,7,600,58,3,"e00fce68e28dcbc9a589be10",2026-08-19 02:40:02.834,2026-08-19 02:40:03.089,2026-08-19 02:40:03.089,2026-08-19
"163","f8SLHyJeJu","MOOSPMv3Parser",1787107200,0,0,4,2,2,4,4,3,3,4,328,230,61233,39,30,4,30,30,32,26,30,0,30,36,37,28,32.18,30,2,36.139053,-120.368416,165.546997,7,600,58,3,"e00fce68d6b773b56ce8baa0",2026-08-19 02:40:03.063,2026-08-19 02:40:03.285,2026-08-19 02:40:03.285,2026-08-19
"164","pcGKa1FaJx","MOOSPMv3Parser",1787107200,4,4,4,6,6,4,4,6,6,4,897,247,139296,37,30,2,30,30,30,25,30,0,33,35,30,30,31.147,92,1,36.523296,-119.278778,83.397003,4,600,58,3,"e00fce68f12da1a0c5de6248",2026-08-19 02:40:03.252,2026-08-19 02:40:03.393,2026-08-19 02:40:03.393,2026-08-19
"165","qxDXSv0ZGk","MOOSPMv3Parser",1787107200,5,5,4,8,8,5,5,8,8,6,1072,293,88211,55,30,4,31,31,31,22,31,1,32,35,33,31,29.101,132,1,35.949543,-119.049965,109.617996,7,600,58,3,"e00fce6808784ceaf209f949",2026-08-19 02:40:03.458,2026-08-19 02:40:03.626,2026-08-19 02:40:03.626,2026-08-19
"166","Cfb8egYWHe","MOOSPMv3Parser",1787107201,4,4,6,8,8,8,10,11,11,10,939,288,40675,64,42,11,45,45,0,0,45,1,33,36,33,32,20.68,96,1,36.433605,-119.923386,26.650999,7,600,58,3,"e00fce6876826e255108c6bd",2026-08-19 02:40:03.463,2026-08-19 02:40:03.639,2026-08-19 02:40:03.639,2026-08-19
"167","2LJ8N8Oweg","MOOSPMv3Parser",1787107201,5,5,0,8,8,0,0,9,9,0,1287,319,0,60,0,6,0,0,31,17,0,2,34,36,27,29,38.764,136,2,36.187645,-119.822174,3.675,5,600,58,3,"e00fce68e739ecbcf9e91965",2026-08-19 02:40:03.772,2026-08-19 02:40:03.947,2026-08-19 02:40:03.947,2026-08-19
"168","KwIn8HNvPc","MOOSPMv3Parser",1787107201,4,4,4,6,6,4,4,6,6,4,995,242,66874,41,29,2,29,29,31,18,29,0,38,35,23,28,512.886,22,2,36.139091,-120.368431,190.675995,5,600,58,3,"e00fce6850cac69f647dc199",2026-08-19 02:40:04.682,2026-08-19 02:40:04.885,2026-08-19 02:40:04.885,2026-08-19
"169","IaNrBf3Pfb","MOOSPMv3Parser",1787107201,0,0,2,1,1,2,2,1,1,2,289,187,14002,27,16,2,16,16,32,27,16,0,34,36,28,26,43.232,53,1,36.139072,-120.368385,168.688004,9,600,58,3,"e00fce686dc2ef0a68fa40b0",2026-08-19 02:40:07.955,2026-08-19 02:40:08.172,2026-08-19 02:40:08.172,2026-08-19
"170","kWA6DLH5Zu","MOOSPMv3Parser",1787107800,6,6,3,9,9,4,4,9,9,4,1650,344,23586,53,26,4,26,26,30,20,26,0,33,34,29,30,49.548,55,1,36.503128,-120.325439,60.305,8,600,58,3,"e00fce68e77e43df92405fdb",2026-08-19 02:50:02.281,2026-08-19 02:50:02.497,2026-08-19 02:50:02.497,2026-08-19
"171","CbT0oXGgHc","MOOSPMv3Parser",1787107801,5,5,4,7,7,5,5,8,8,5,1326,285,135721,50,34,3,35,35,31,18,35,0,34,35,26,28,45.036,37,1,36.762669,-119.79879,55.049,10,600,58,3,"e00fce68e88237db75a60608",2026-08-19 02:50:02.447,2026-08-19 02:50:02.625,2026-08-19 02:50:02.625,2026-08-19
"172","GFNICJ6oqi","MOOSPMv3Parser",1787107800,5,5,4,7,7,5,5,7,7,5,952,270,87436,46,34,3,34,34,32,16,34,1,34,37,27,26,40.444,48,3277,2.5e-05,-0.004246,1378.108032,7,600,58,3,"e00fce68e28dcbc9a589be10",2026-08-19 02:50:02.906,2026-08-19 02:50:03.075,2026-08-19 02:50:03.075,2026-08-19
"173","Zj77g07v7D","MOOSPMv3Parser",1787107800,0,0,4,2,2,4,4,2,2,4,321,229,61259,40,31,3,31,31,32,27,31,0,30,35,37,29,32.447,32,2,36.139034,-120.36834,169.281998,8,600,58,3,"e00fce68d6b773b56ce8baa0",2026-08-19 02:50:03.131,2026-08-19 02:50:03.315,2026-08-19 02:50:03.315,2026-08-19
"174","HQxKmBnjcb","MOOSPMv3Parser",1787107800,4,4,4,6,6,4,4,6,6,4,859,232,139321,37,30,3,30,30,30,26,30,0,32,34,32,31,28.238,118,1,36.523342,-119.278793,83.832001,5,600,58,3,"e00fce68f12da1a0c5de6248",2026-08-19 02:50:03.29,2026-08-19 02:50:03.426,2026-08-19 02:50:03.426,2026-08-19
"175","uxLlUeQYAS","MOOSPMv3Parser",1787107800,5,5,4,7,7,5,6,8,8,7,1061,284,88238,50,33,4,34,34,30,23,34,1,32,34,35,33,27.663,172,1,35.949692,-119.050011,116.375999,7,600,58,3,"e00fce6808784ceaf209f949",2026-08-19 02:50:03.39,2026-08-19 02:50:03.558,2026-08-19 02:50:03.558,2026-08-19
"176","9PmdzHHxwF","MOOSPMv3Parser",1787107801,5,5,6,9,9,9,10,12,12,11,1020,314,40713,63,47,11,49,49,1,0,49,1,32,35,35,34,17.781,96,1,36.433567,-119.923393,25.452999,7,600,58,3,"e00fce6876826e255108c6bd",2026-08-19 02:50:03.552,2026-08-19 02:50:03.728,2026-08-19 02:50:03.728,2026-08-19
"177","LAWuXC1dlu","MOOSPMv3Parser",1787107801,5,5,0,9,9,0,0,10,10,0,1326,337,0,65,0,6,0,0,31,18,0,2,34,35,28,29,37.492,148,2,36.187557,-119.822052,15.643,9,600,58,3,"e00fce68e739ecbcf9e91965",2026-08-19 02:50:03.773,2026-08-19 02:50:03.945,2026-08-19 02:50:03.945,2026-08-19
"178","SNnKRzvV6L","MOOSPMv3Parser",1787107801,0,0,2,0,0,2,2,1,1,2,284,183,14014,27,15,2,15,15,32,28,15,0,33,36,28,27,43.517,56,1,36.139133,-120.368347,166.597,8,600,58,3,"e00fce686dc2ef0a68fa40b0",2026-08-19 02:50:04.351,2026-08-19 02:50:04.521,2026-08-19 02:50:04.521,2026-08-19
"179","QSxB4UpyCU","MOOSPMv3Parser",1787107801,4,4,4,7,7,4,4,7,7,4,1013,250,66899,46,29,3,29,29,30,18,29,0,37,35,23,29,512.863,21,2,36.139008,-120.368416,178.514999,11,600,58,3,"e00fce6850cac69f647dc199",2026-08-19 02:50:05.143,2026-08-19 02:50:05.34,2026-08-19 02:50:05.34,2026-08-19
"180","qWI3Dozzn6","MOOSPMv3Parser",1787108401,5,5,5,8,8,5,5,9,9,5,1439,313,135754,53,38,4,38,38,31,19,38,0,34,35,27,28,44.577,44,1,36.762768,-119.798767,53.400002,10,600,58,3,"e00fce68e88237db75a60608",2026-08-19 03:00:02.597,2026-08-19 03:00:02.985,2026-08-19 03:00:02.985,2026-08-19
"181","al93LxrVsa","MOOSPMv3Parser",1787108400,0,0,4,2,2,4,4,2,2,4,321,225,61284,38,31,4,31,31,31,28,31,0,30,35,37,29,29.649,82,2,36.139034,-120.36834,169.276001,0,600,58,3,"e00fce68d6b773b56ce8baa0",2026-08-19 03:00:03.074,2026-08-19 03:00:03.353,2026-08-19 03:00:03.353,2026-08-19
"182","HXYPybl1O6","MOOSPMv3Parser",1787108400,5,5,4,7,7,5,5,8,8,5,963,267,87466,50,35,4,35,35,32,18,35,1,34,36,30,28,36.239,137,3277,2.5e-05,-0.004246,1378.108032,7,600,58,3,"e00fce68e28dcbc9a589be10",2026-08-19 03:00:02.843,2026-08-19 03:00:03.441,2026-08-19 03:00:03.441,2026-08-19
"183","NFVpVerKmN","MOOSPMv3Parser",1787108401,0,0,2,1,1,2,2,1,1,2,285,182,14028,29,17,2,17,17,31,28,17,0,33,35,29,28,39.375,101,1,36.139069,-120.368385,172.089996,13,600,58,3,"e00fce686dc2ef0a68fa40b0",2026-08-19 03:00:03.567,2026-08-19 03:00:03.733,2026-08-19 03:00:03.733,2026-08-19
"184","vDrrR5OtKv","MOOSPMv3Parser",1787108400,5,5,5,8,8,6,7,8,8,7,1070,292,88268,56,35,5,37,37,30,23,37,1,31,34,35,33,26.157,201,1,35.949543,-119.049942,102.462997,8,600,58,3,"e00fce6808784ceaf209f949",2026-08-19 03:00:03.467,2026-08-19 03:00:03.786,2026-08-19 03:00:03.786,2026-08-19
"185","mLlG2XDUhF","MOOSPMv3Parser",1787108401,5,5,6,8,8,8,10,11,11,10,1030,318,40751,62,47,8,49,49,0,0,49,1,32,34,35,34,17.726,96,1,36.433578,-119.923294,12.878,7,600,58,3,"e00fce6876826e255108c6bd",2026-08-19 03:00:03.69,2026-08-19 03:00:03.882,2026-08-19 03:00:03.882,2026-08-19
"186","DPFhi9IyPG","MOOSPMv3Parser",1787108401,5,5,0,10,10,0,0,10,10,0,1333,344,0,69,0,9,0,0,31,19,0,2,33,35,30,31,36.793,158,2,36.187531,-119.822052,18.183001,10,600,58,3,"e00fce68e739ecbcf9e91965",2026-08-19 03:00:03.692,2026-08-19 03:00:03.933,2026-08-19 03:00:03.933,2026-08-19
"187","VttqJDtDtE","MOOSPMv3Parser",1787108401,4,4,4,7,7,4,4,7,7,4,991,247,66926,47,32,3,32,32,30,19,32,0,37,34,24,30,512.914,50,2,36.13905,-120.368401,161.542007,9,600,58,3,"e00fce6850cac69f647dc199",2026-08-19 03:00:04.353,2026-08-19 03:00:04.49,2026-08-19 03:00:04.49,2026-08-19
"188","60Iz28T0w9","MOOSPMv3Parser",1787108400,4,4,4,6,6,4,4,6,6,4,862,238,139346,38,29,2,29,29,29,27,29,0,32,34,32,31,24.725,202,1,36.523373,-119.278778,83.310997,6,600,58,3,"e00fce68f12da1a0c5de6248",2026-08-19 03:00:07.654,2026-08-19 03:00:07.86,2026-08-19 03:00:07.86,2026-08-19
"189","Uk49jFt7l7","MOOSPMv3Parser",1787109001,5,5,5,8,8,5,5,9,9,5,1479,318,135789,52,40,4,40,40,30,21,41,0,33,34,28,30,43.08,60,1,36.762676,-119.798782,58.553001,7,600,58,3,"e00fce68e88237db75a60608",2026-08-19 03:10:02.448,2026-08-19 03:10:02.612,2026-08-19 03:10:02.612,2026-08-19
"190","rtgH9z52MF","MOOSPMv3Parser",1787109000,0,0,4,2,2,4,4,2,2,4,314,222,61311,40,31,4,31,31,31,28,31,0,30,34,37,31,29.422,100,2,36.139042,-120.36837,164.468994,18,600,58,3,"e00fce68d6b773b56ce8baa0",2026-08-19 03:10:02.768,2026-08-19 03:10:02.993,2026-08-19 03:10:02.993,2026-08-19
"191","u1S1RQSNEG","MOOSPMv3Parser",1787109000,4,4,4,6,6,5,5,7,7,5,903,253,87496,45,35,3,35,35,32,18,35,1,33,36,30,28,34.664,189,3277,2.5e-05,-0.004246,1378.108032,7,600,58,3,"e00fce68e28dcbc9a589be10",2026-08-19 03:10:03.041,2026-08-19 03:10:03.211,2026-08-19 03:10:03.211,2026-08-19
"192","jO1HYCqjho","MOOSPMv3Parser",1787109001,5,5,6,9,9,9,10,12,12,11,1045,319,40790,68,48,12,50,51,1,1,51,1,32,34,36,35,19.733,96,1,36.433647,-119.92334,21.653,9,600,58,3,"e00fce6876826e255108c6bd",2026-08-19 03:10:03.503,2026-08-19 03:10:03.679,2026-08-19 03:10:03.679,2026-08-19
"193","EvV3EdcUVa","MOOSPMv3Parser",1787109000,4,4,4,6,6,4,4,6,6,4,900,249,139371,39,30,2,30,30,29,28,30,0,31,33,35,33,23.684,221,1,36.523312,-119.278748,72.160004,6,600,58,3,"e00fce68f12da1a0c5de6248",2026-08-19 03:10:03.519,2026-08-19 03:10:03.738,2026-08-19 03:10:03.738,2026-08-19
"194","GriNG5mvZ4","MOOSPMv3Parser",1787109000,5,5,5,8,8,6,7,9,9,7,1101,298,88297,56,36,5,37,37,29,25,37,1,31,33,37,35,20.081,239,1,35.949543,-119.049942,102.463997,0,600,58,3,"e00fce6808784ceaf209f949",2026-08-19 03:10:03.626,2026-08-19 03:10:03.786,2026-08-19 03:10:03.786,2026-08-19
"195","OYMkh4IUsJ","MOOSPMv3Parser",1787109001,5,5,0,9,9,0,0,10,10,0,1323,340,0,66,0,8,0,0,30,21,0,2,33,34,31,32,34.336,200,3,36.187527,-119.822044,26.183001,10,600,58,3,"e00fce68e739ecbcf9e91965",2026-08-19 03:10:03.78,2026-08-19 03:10:03.988,2026-08-19 03:10:03.988,2026-08-19
"196","Z3WIWz2Pf2","MOOSPMv3Parser",1787109001,0,0,2,1,1,2,2,1,1,2,282,181,14044,28,18,2,19,19,31,29,19,0,32,35,30,29,39.766,101,1,36.139114,-120.368431,170.748993,10,600,58,3,"e00fce686dc2ef0a68fa40b0",2026-08-19 03:10:03.883,2026-08-19 03:10:04.017,2026-08-19 03:10:04.017,2026-08-19
"197","P85ZckLiK2","MOOSPMv3Parser",1787109001,4,4,4,6,6,4,4,7,7,4,986,246,66954,45,32,3,32,32,30,21,32,0,37,33,24,31,512.937,52,2,36.139008,-120.368446,175.695999,6,600,58,3,"e00fce6850cac69f647dc199",2026-08-19 03:10:04.432,2026-08-19 03:10:04.603,2026-08-19 03:10:04.603,2026-08-19
"198","yAYdI85guL","MOOSPMv3Parser",1787109601,6,6,5,9,9,6,6,9,9,6,1542,338,135826,58,43,4,43,43,30,22,43,0,33,34,29,31,42.446,70,1,36.762722,-119.798805,50.261002,10,600,58,3,"e00fce68e88237db75a60608",2026-08-19 03:20:02.526,2026-08-19 03:20:02.739,2026-08-19 03:20:02.739,2026-08-19
"199","DBu6oKmRxT","MOOSPMv3Parser",1787109600,0,0,4,2,2,4,4,2,2,4,313,217,61337,36,31,4,31,31,30,29,31,0,30,33,37,32,27.482,175,2,36.13903,-120.368362,164.442001,8,600,58,3,"e00fce68d6b773b56ce8baa0",2026-08-19 03:20:02.768,2026-08-19 03:20:02.926,2026-08-19 03:20:02.926,2026-08-19
"200","ELJ74FhDPe","MOOSPMv3Parser",1787109600,6,6,6,10,10,6,6,10,10,6,1295,366,87534,66,44,4,44,44,31,20,44,1,33,35,33,31,33.072,224,3277,2.5e-05,-0.004246,1378.108032,7,600,58,3,"e00fce68e28dcbc9a589be10",2026-08-19 03:20:02.906,2026-08-19 03:20:03.13,2026-08-19 03:20:03.13,2026-08-19
"201","EeAvk7WB72","MOOSPMv3Parser",1787109600,4,4,4,5,5,4,4,6,6,4,851,232,139397,35,30,1,30,30,28,28,30,0,30,33,34,33,24.23,178,1,36.523232,-119.278885,73.632004,8,600,58,3,"e00fce68f12da1a0c5de6248",2026-08-19 03:20:03.43,2026-08-19 03:20:03.584,2026-08-19 03:20:03.584,2026-08-19
"202","KMSp3Gu7mj","MOOSPMv3Parser",1787109601,5,5,6,9,9,9,11,12,12,12,1047,324,40828,67,47,12,49,50,0,0,50,1,31,33,37,36,18.124,96,1,36.433708,-119.923393,30.707001,6,600,58,3,"e00fce6876826e255108c6bd",2026-08-19 03:20:03.495,2026-08-19 03:20:03.675,2026-08-19 03:20:03.675,2026-08-19
"203","3nch1QCaWP","MOOSPMv3Parser",1787109600,5,5,5,8,8,7,8,9,9,9,1108,302,88328,55,38,6,40,40,29,26,40,1,31,33,37,34,13.246,265,1,35.949596,-119.049965,120.738998,7,600,58,3,"e00fce6808784ceaf209f949",2026-08-19 03:20:03.549,2026-08-19 03:20:03.723,2026-08-19 03:20:03.723,2026-08-19
"204","S6nnCwEjRR","MOOSPMv3Parser",1787109601,5,5,0,9,9,0,0,10,10,0,1369,349,0,70,0,6,0,0,30,22,0,2,33,34,31,32,31.559,231,3,36.187515,-119.82209,20.337,13,600,58,3,"e00fce68e739ecbcf9e91965",2026-08-19 03:20:03.915,2026-08-19 03:20:04.086,2026-08-19 03:20:04.086,2026-08-19
"205","DgwWiC7LiU","MOOSPMv3Parser",1787109601,0,0,2,1,1,2,2,1,1,2,287,188,14057,28,16,2,16,16,31,30,16,0,32,34,32,29,37.082,139,1,36.139076,-120.368401,170.483994,11,600,58,3,"e00fce686dc2ef0a68fa40b0",2026-08-19 03:20:04.169,2026-08-19 03:20:04.37,2026-08-19 03:20:04.37,2026-08-19
"206","v8OqAgnKsM","MOOSPMv3Parser",1787109601,4,4,4,6,6,4,4,7,7,4,996,246,66981,41,31,2,31,31,29,22,31,0,36,33,25,32,512.955,98,1,36.139019,-120.368385,164.408997,6,600,58,3,"e00fce6850cac69f647dc199",2026-08-19 03:20:04.834,2026-08-19 03:20:04.997,2026-08-19 03:20:04.997,2026-08-19
"207","Na0GiYxV3x","MOOSPMv3Parser",1787110201,6,6,5,9,9,6,6,9,9,6,1528,347,135864,62,43,3,43,43,30,23,43,0,33,34,29,31,41.683,80,2,36.762722,-119.798805,50.262001,0,600,58,3,"e00fce68e88237db75a60608",2026-08-19 03:30:02.536,2026-08-19 03:30:02.737,2026-08-19 03:30:02.737,2026-08-19
"208","pg0z7RlBtZ","MOOSPMv3Parser",1787110200,0,0,4,2,2,4,4,2,2,4,318,224,61363,37,31,3,31,31,30,29,31,0,30,33,37,31,27.837,143,2,36.138992,-120.368431,161.688004,7,600,58,3,"e00fce68d6b773b56ce8baa0",2026-08-19 03:30:02.68,2026-08-19 03:30:02.946,2026-08-19 03:30:02.946,2026-08-19
"209","M50QWytP4j","MOOSPMv3Parser",1787110200,10,10,7,14,14,7,7,14,14,7,1756,502,87581,85,54,5,55,55,31,22,55,0,32,35,34,32,27.915,341,3277,2.5e-05,-0.004246,1378.108032,7,600,58,3,"e00fce68e28dcbc9a589be10",2026-08-19 03:30:02.997,2026-08-19 03:30:03.212,2026-08-19 03:30:03.212,2026-08-19
"210","wNhrGwVhuP","MOOSPMv3Parser",1787110200,5,5,4,7,7,4,4,7,7,4,1175,290,139425,40,33,2,33,33,28,32,33,0,30,32,38,36,21.061,232,1,36.523235,-119.278717,82.124001,8,600,58,3,"e00fce68f12da1a0c5de6248",2026-08-19 03:30:03.198,2026-08-19 03:30:03.415,2026-08-19 03:30:03.415,2026-08-19
"211","Zt0AOzcFBM","MOOSPMv3Parser",1787110200,5,5,5,8,8,6,8,8,8,8,1110,300,88357,55,35,4,37,37,29,27,37,1,31,32,37,36,16.854,237,1,35.949577,-119.049934,108.085999,7,600,58,3,"e00fce6808784ceaf209f949",2026-08-19 03:30:03.392,2026-08-19 03:30:03.575,2026-08-19 03:30:03.575,2026-08-19
"212","0mxzFB7nIA","MOOSPMv3Parser",1787110201,5,5,6,9,9,7,8,11,11,8,990,307,40866,63,45,10,46,46,0,0,46,1,30,33,38,37,12.157,340,1,36.433678,-119.923325,27.124001,7,600,58,3,"e00fce6876826e255108c6bd",2026-08-19 03:30:03.556,2026-08-19 03:30:03.702,2026-08-19 03:30:03.702,2026-08-19
"213","I5LCEvfYK6","MOOSPMv3Parser",1787110201,5,5,0,10,10,0,0,11,11,0,1385,353,0,72,0,10,0,0,30,22,0,2,32,33,32,33,30.446,238,3,36.187531,-119.822044,34.051998,12,600,58,3,"e00fce68e739ecbcf9e91965",2026-08-19 03:30:03.776,2026-08-19 03:30:03.968,2026-08-19 03:30:03.968,2026-08-19
"214","TVxdQLvCxH","MOOSPMv3Parser",1787110201,0,0,2,0,0,2,2,1,1,2,283,183,14072,28,17,2,17,17,30,30,17,0,32,34,31,29,37.82,102,1,36.139084,-120.368423,176.585999,12,600,58,3,"e00fce686dc2ef0a68fa40b0",2026-08-19 03:30:04.445,2026-08-19 03:30:04.578,2026-08-19 03:30:04.578,2026-08-19
"215","SxfumfB2Vl","MOOSPMv3Parser",1787110201,4,4,4,6,6,4,4,6,6,4,1011,247,67007,42,30,2,30,30,29,22,30,0,36,32,25,32,367.398,61,1,36.139019,-120.368385,164.408005,0,600,58,3,"e00fce6850cac69f647dc199",2026-08-19 03:30:05.052,2026-08-19 03:30:05.24,2026-08-19 03:30:05.24,2026-08-19
"216","kB6rkDyO1E","MOOSPMv3Parser",1787110801,6,6,6,9,9,6,6,10,10,6,1557,353,135903,59,44,4,44,44,29,24,44,0,33,33,30,32,41.291,90,2,36.762722,-119.798767,51.058998,16,600,58,3,"e00fce68e88237db75a60608",2026-08-19 03:40:02.592,2026-08-19 03:40:02.815,2026-08-19 03:40:02.815,2026-08-19
"217","cCWktBCCy6","MOOSPMv3Parser",1787110800,0,0,4,2,2,4,4,2,2,4,314,219,61389,40,31,3,31,31,29,30,31,0,30,33,37,32,29.528,104,2,36.139042,-120.368408,177.636993,8,600,58,3,"e00fce68d6b773b56ce8baa0",2026-08-19 03:40:02.87,2026-08-19 03:40:03.068,2026-08-19 03:40:03.068,2026-08-19
"218","Cuh3bF9eWz","MOOSPMv3Parser",1787110800,6,6,5,9,9,5,5,9,9,5,1241,345,87614,54,38,2,38,38,30,22,38,1,32,34,34,32,29.397,305,3277,2.5e-05,-0.004246,1378.108032,7,600,58,3,"e00fce68e28dcbc9a589be10",2026-08-19 03:40:03.041,2026-08-19 03:40:03.259,2026-08-19 03:40:03.259,2026-08-19
"219","AHeiiytaeH","MOOSPMv3Parser",1787110800,6,6,5,9,9,6,6,9,9,6,1247,338,88388,60,37,4,37,37,28,26,37,0,30,32,37,35,19.858,219,1,35.949558,-119.049919,120.453003,7,600,58,3,"e00fce6808784ceaf209f949",2026-08-19 03:40:03.467,2026-08-19 03:40:03.655,2026-08-19 03:40:03.655,2026-08-19
"220","INW1qFBG1Y","MOOSPMv3Parser",1787110801,5,5,6,8,8,7,7,10,10,8,980,301,40903,60,44,7,45,45,0,0,45,1,30,32,39,38,18.193,96,1,36.433613,-119.92334,19.094999,8,600,58,3,"e00fce6876826e255108c6bd",2026-08-19 03:40:03.477,2026-08-19 03:40:03.663,2026-08-19 03:40:03.663,2026-08-19
"221","f6yA3bmaL6","MOOSPMv3Parser",1787110801,0,0,2,1,1,2,2,1,1,2,287,186,14086,29,16,2,17,17,30,30,17,0,32,34,31,30,38.524,76,1,36.139084,-120.368423,176.589996,0,600,58,3,"e00fce686dc2ef0a68fa40b0",2026-08-19 03:40:03.534,2026-08-19 03:40:03.697,2026-08-19 03:40:03.697,2026-08-19
"222","OkTETsPQpm","MOOSPMv3Parser",1787110801,6,6,0,11,11,0,0,12,12,0,1533,402,0,79,0,10,0,0,29,23,0,2,32,33,33,34,26.283,294,3,36.187454,-119.822067,33.492001,11,600,58,3,"e00fce68e739ecbcf9e91965",2026-08-19 03:40:03.995,2026-08-19 03:40:04.177,2026-08-19 03:40:04.177,2026-08-19
"223","OQeFIWmvUr","MOOSPMv3Parser",1787110801,4,4,4,6,6,4,4,7,7,4,993,242,67034,43,31,3,31,31,28,22,31,0,36,32,25,32,513.024,36,2,36.139019,-120.368454,162.169998,10,600,58,3,"e00fce6850cac69f647dc199",2026-08-19 03:40:04.176,2026-08-19 03:40:04.33,2026-08-19 03:40:04.33,2026-08-19
"224","4OBENFw5kQ","MOOSPMv3Parser",1787110800,7,7,6,9,9,6,6,10,10,6,1595,399,139463,54,43,3,44,44,28,35,44,0,28,31,43,39,14.231,247,1,36.523369,-119.278755,76.334,7,600,58,3,"e00fce68f12da1a0c5de6248",2026-08-19 03:40:07.239,2026-08-19 03:40:07.399,2026-08-19 03:40:07.399,2026-08-19
"225","MyjbHr8IRn","MOOSPMv3Parser",1787111401,7,7,6,10,10,6,6,10,10,6,1598,362,135942,62,44,3,44,44,29,24,44,0,33,33,30,32,39.496,121,2,36.762684,-119.798775,57.532001,14,600,58,3,"e00fce68e88237db75a60608",2026-08-19 03:50:02.528,2026-08-19 03:50:02.699,2026-08-19 03:50:02.699,2026-08-19
"226","ZTZb6xUqW6","MOOSPMv3Parser",1787111400,5,5,5,8,8,5,5,8,8,5,1090,308,87645,53,37,3,37,37,30,22,37,1,32,34,33,32,30.789,260,3277,2.5e-05,-0.004246,1378.108032,7,600,58,3,"e00fce68e28dcbc9a589be10",2026-08-19 03:50:03.161,2026-08-19 03:50:03.346,2026-08-19 03:50:03.346,2026-08-19
"227","sMGzMQulis","MOOSPMv3Parser",1787111400,6,6,5,9,9,6,7,10,10,7,1305,353,88422,62,40,6,41,41,28,27,41,1,30,32,37,36,22.649,193,1,35.949505,-119.049911,111.403,8,600,58,3,"e00fce6808784ceaf209f949",2026-08-19 03:50:03.473,2026-08-19 03:50:03.675,2026-08-19 03:50:03.675,2026-08-19
"228","GYBG8fYc7J","MOOSPMv3Parser",1787111401,6,6,7,10,10,9,10,14,14,11,1151,356,40945,78,51,12,53,53,0,0,53,1,30,32,42,40,14.185,96,1,36.433594,-119.923317,27.648001,7,600,58,3,"e00fce6876826e255108c6bd",2026-08-19 03:50:03.546,2026-08-19 03:50:03.702,2026-08-19 03:50:03.702,2026-08-19
"229","HSURmetKeM","MOOSPMv3Parser",1787111401,5,5,0,10,10,0,0,11,11,0,1457,375,0,77,0,8,0,0,29,25,0,2,31,33,35,35,25.673,294,2,36.187523,-119.821953,45.863998,11,600,58,3,"e00fce68e739ecbcf9e91965",2026-08-19 03:50:03.699,2026-08-19 03:50:03.879,2026-08-19 03:50:03.879,2026-08-19
"230","Q7AM8LN9oi","MOOSPMv3Parser",1787111401,0,0,2,0,0,2,2,1,1,2,285,186,14099,28,16,2,17,17,30,30,17,0,31,33,31,30,39.056,66,1,36.138969,-120.368431,167.537994,11,600,58,3,"e00fce686dc2ef0a68fa40b0",2026-08-19 03:50:03.788,2026-08-19 03:50:04.006,2026-08-19 03:50:04.006,2026-08-19
"231","lPmDfsTDXF","MOOSPMv3Parser",1787111401,4,4,4,6,6,4,4,7,7,4,993,251,67062,46,32,3,33,33,28,23,33,0,35,32,26,33,512.987,30,2,36.138962,-120.368378,170.167007,10,600,58,3,"e00fce6850cac69f647dc199",2026-08-19 03:50:04.418,2026-08-19 03:50:04.618,2026-08-19 03:50:04.618,2026-08-19
"232","jDCLWWHTbB","MOOSPMv3Parser",1787111400,0,0,4,2,2,4,4,2,2,4,323,228,61416,40,32,4,33,33,29,30,33,0,30,32,37,32,29.413,89,2,36.138996,-120.368423,170.509003,11,600,58,3,"e00fce68d6b773b56ce8baa0",2026-08-19 03:50:06.689,2026-08-19 03:50:06.952,2026-08-19 03:50:06.952,2026-08-19
"233","Vbop9qrydW","MOOSPMv3Parser",1787111400,13,13,9,18,18,12,14,19,19,15,2532,691,139517,94,66,6,69,70,27,38,70,1,28,31,46,41,6.511,345,1,36.523365,-119.278885,83.515999,8,600,58,3,"e00fce68f12da1a0c5de6248",2026-08-19 03:50:07.306,2026-08-19 03:50:07.475,2026-08-19 03:50:07.475,2026-08-19
"234","Rs7Oe0DVGZ","MOOSPMv3Parser",1787112001,7,7,6,10,10,6,6,10,10,6,1633,375,135981,66,44,5,45,45,29,25,45,0,32,33,31,33,36.357,165,2,36.76273,-119.798775,55.257,11,600,58,3,"e00fce68e88237db75a60608",2026-08-19 04:00:02.446,2026-08-19 04:00:02.955,2026-08-19 04:00:02.955,2026-08-19
"235","DpAjSXJzJF","MOOSPMv3Parser",1787112000,0,0,4,2,2,4,4,3,3,4,324,229,61444,40,33,4,33,33,29,30,33,0,30,32,37,33,28.362,134,2,36.139061,-120.368347,160.184998,9,600,58,3,"e00fce68d6b773b56ce8baa0",2026-08-19 04:00:02.899,2026-08-19 04:00:03.584,2026-08-19 04:00:03.584,2026-08-19
"236","mCLxKlHHuQ","MOOSPMv3Parser",1787112000,5,5,5,7,7,5,5,8,8,5,1032,293,87677,53,38,3,38,38,30,23,38,1,31,33,34,33,31.897,195,3277,2.5e-05,-0.004246,1378.108032,7,600,58,3,"e00fce68e28dcbc9a589be10",2026-08-19 04:00:03.077,2026-08-19 04:00:03.721,2026-08-19 04:00:03.721,2026-08-19
"237","C3md9JjRBK","MOOSPMv3Parser",1787112000,6,6,7,10,10,9,11,12,12,12,1111,342,40988,70,53,10,55,55,0,0,55,1,29,32,42,40,12.489,161,1,36.43372,-119.923347,28.556,8,600,58,3,"e00fce6876826e255108c6bd",2026-08-19 04:00:03.475,2026-08-19 04:00:03.834,2026-08-19 04:00:03.834,2026-08-19
"238","OCyXTS5Qni","MOOSPMv3Parser",1787112000,6,6,5,9,9,6,7,10,10,8,1341,367,88454,61,39,4,41,41,28,28,41,1,30,31,37,36,17.784,239,1,35.949604,-119.049896,133.884003,9,600,58,3,"e00fce6808784ceaf209f949",2026-08-19 04:00:03.472,2026-08-19 04:00:03.837,2026-08-19 04:00:03.837,2026-08-19
"239","y6IZhfDJzf","MOOSPMv3Parser",1787112001,5,5,0,10,10,0,0,10,10,0,1378,356,0,68,0,8,0,0,29,25,0,2,31,32,35,35,23.535,304,2,36.187523,-119.821953,45.867001,0,600,58,3,"e00fce68e739ecbcf9e91965",2026-08-19 04:00:03.835,2026-08-19 04:00:04.187,2026-08-19 04:00:04.187,2026-08-19
"240","AqDpXBFXuA","MOOSPMv3Parser",1787112001,0,0,2,1,1,2,2,1,1,2,295,189,14114,30,17,2,17,17,29,31,17,0,31,33,32,31,37.08,97,1,36.139042,-120.36837,160.522995,10,600,58,3,"e00fce686dc2ef0a68fa40b0",2026-08-19 04:00:04.167,2026-08-19 04:00:04.502,2026-08-19 04:00:04.502,2026-08-19
"241","GmsDv0sMAI","MOOSPMv3Parser",1787112001,4,4,4,7,7,4,4,7,7,4,1010,257,67090,47,32,3,33,33,28,24,33,0,35,31,26,34,513.007,50,2,36.138996,-120.368423,168.322998,10,600,58,3,"e00fce6850cac69f647dc199",2026-08-19 04:00:04.674,2026-08-19 04:00:04.859,2026-08-19 04:00:04.859,2026-08-19
"242","IPhp6Y2UKm","MOOSPMv3Parser",1787112000,9,9,7,12,12,8,9,13,13,9,1850,504,139565,71,56,4,57,57,27,40,57,1,28,30,46,42,4.036,307,1,36.52338,-119.278824,65.010002,8,600,58,3,"e00fce68f12da1a0c5de6248",2026-08-19 04:00:39.831,2026-08-19 04:00:39.971,2026-08-19 04:00:39.971,2026-08-19
"243","a4rKjvl6O2","MOOSPMv3Parser",1787112600,5,5,3,7,7,3,3,8,8,3,1418,296,23764,46,25,3,25,25,27,24,25,0,29,30,34,34,36.011,131,1,36.50312,-120.325394,50.556,0,600,58,3,"e00fce68e77e43df92405fdb",2026-08-19 04:10:02.302,2026-08-19 04:10:02.468,2026-08-19 04:10:02.468,2026-08-19
"244","YqjagCnnit","MOOSPMv3Parser",1787112601,7,7,6,10,10,6,6,10,10,6,1631,368,136021,63,46,4,46,47,29,25,47,0,32,32,31,33,36.018,175,2,36.762756,-119.798836,43.730999,10,600,58,3,"e00fce68e88237db75a60608",2026-08-19 04:10:02.591,2026-08-19 04:10:02.746,2026-08-19 04:10:02.746,2026-08-19
"245","DFMFrEjhAO","MOOSPMv3Parser",1787112600,1,1,4,3,3,5,5,3,3,5,329,236,61472,43,34,4,34,34,28,31,34,0,30,32,37,34,29.083,116,2,36.139038,-120.368378,167.852005,11,600,58,3,"e00fce68d6b773b56ce8baa0",2026-08-19 04:10:02.756,2026-08-19 04:10:02.93,2026-08-19 04:10:02.93,2026-08-19
"246","TKJBy1VNx9","MOOSPMv3Parser",1787112600,5,5,5,8,8,5,5,8,8,6,1051,298,87710,58,38,4,39,39,29,23,39,1,31,33,34,33,31.8,230,3277,2.5e-05,-0.004246,1378.108032,7,600,58,3,"e00fce68e28dcbc9a589be10",2026-08-19 04:10:03.043,2026-08-19 04:10:03.237,2026-08-19 04:10:03.237,2026-08-19
"247","mdqNcCvayF","MOOSPMv3Parser",1787112600,7,7,5,10,10,6,7,11,11,7,1400,382,88489,70,40,5,41,41,28,31,41,1,29,31,41,39,16.835,245,1,35.949551,-119.049957,112.488998,8,600,58,3,"e00fce6808784ceaf209f949",2026-08-19 04:10:03.398,2026-08-19 04:10:03.57,2026-08-19 04:10:03.57,2026-08-19
"248","zpvsfeQFAa","MOOSPMv3Parser",1787112600,6,6,8,11,11,11,13,15,15,14,1193,368,41034,86,58,14,61,61,0,0,61,1,29,31,42,41,16.296,96,1,36.43372,-119.923347,28.556999,0,600,58,3,"e00fce6876826e255108c6bd",2026-08-19 04:10:03.647,2026-08-19 04:10:03.868,2026-08-19 04:10:03.868,2026-08-19
"249","NsA2yaArdf","MOOSPMv3Parser",1787112601,5,5,0,10,10,0,0,11,11,0,1400,358,0,71,0,10,0,0,28,26,0,2,31,32,35,36,25.497,278,2,36.187527,-119.822029,35.362999,18,600,58,3,"e00fce68e739ecbcf9e91965",2026-08-19 04:10:03.698,2026-08-19 04:10:03.918,2026-08-19 04:10:03.918,2026-08-19
"250","MMCC1Ja1vc","MOOSPMv3Parser",1787112600,11,11,8,15,15,10,12,16,16,12,2132,582,139616,82,62,5,64,65,26,44,65,1,26,30,50,45,1.296,339,1,36.523407,-119.278786,79.056,7,600,58,3,"e00fce68f12da1a0c5de6248",2026-08-19 04:10:04.119,2026-08-19 04:10:04.327,2026-08-19 04:10:04.327,2026-08-19
"251","OgD0WyO0MU","MOOSPMv3Parser",1787112601,0,0,2,1,1,2,2,1,1,2,299,198,14129,29,18,2,18,18,29,31,18,0,31,33,33,31,38.543,80,1,36.138985,-120.368484,150.852997,15,600,58,3,"e00fce686dc2ef0a68fa40b0",2026-08-19 04:10:04.417,2026-08-19 04:10:04.64,2026-08-19 04:10:04.64,2026-08-19
"252","PR8yfaYvW2","MOOSPMv3Parser",1787112601,4,4,4,7,7,4,4,7,7,4,1052,263,67119,45,33,3,33,33,28,24,33,0,35,31,26,34,513.011,38,2,36.138988,-120.368446,166.115005,9,600,58,3,"e00fce6850cac69f647dc199",2026-08-19 04:10:05.056,2026-08-19 04:10:05.246,2026-08-19 04:10:05.246,2026-08-19
"253","7Zxm9lhnHy","MOOSPMv3Parser",1787113201,7,7,6,10,10,6,6,10,10,6,1662,383,136061,65,46,3,46,46,28,26,46,0,32,32,31,33,36.041,181,2,36.76276,-119.798767,50.229,10,600,58,3,"e00fce68e88237db75a60608",2026-08-19 04:20:02.677,2026-08-19 04:20:02.873,2026-08-19 04:20:02.873,2026-08-19
"254","eWaHECtgrv","MOOSPMv3Parser",1787113200,0,0,4,3,3,5,5,3,3,5,334,242,61501,43,35,4,35,35,28,31,35,0,31,31,32,33,29.366,97,2,36.139027,-120.368408,168.037003,11,600,58,3,"e00fce68d6b773b56ce8baa0",2026-08-19 04:20:02.849,2026-08-19 04:20:02.989,2026-08-19 04:20:02.989,2026-08-19
"255","cFH0OFIEjV","MOOSPMv3Parser",1787113200,6,6,5,9,9,5,6,9,9,6,1148,323,87744,61,40,5,40,40,29,24,40,1,31,33,35,34,32.239,199,3277,2.5e-05,-0.004246,1378.108032,7,600,58,3,"e00fce68e28dcbc9a589be10",2026-08-19 04:20:02.995,2026-08-19 04:20:03.217,2026-08-19 04:20:03.217,2026-08-19
"256","sgIUA8niF6","MOOSPMv3Parser",1787113200,7,7,5,10,10,6,7,10,10,7,1385,377,88523,66,41,5,42,42,27,33,42,1,29,31,43,40,12.34,248,1,35.949688,-119.049873,128.792999,8,600,58,3,"e00fce6808784ceaf209f949",2026-08-19 04:20:03.392,2026-08-19 04:20:03.581,2026-08-19 04:20:03.581,2026-08-19
"257","3eLRKZ2Vjj","MOOSPMv3Parser",1787113201,0,0,2,1,1,3,3,1,1,3,302,198,14145,32,19,2,19,19,29,31,19,0,31,32,32,32,38.193,71,1,36.138966,-120.368416,161.070007,12,600,58,3,"e00fce686dc2ef0a68fa40b0",2026-08-19 04:20:03.462,2026-08-19 04:20:03.599,2026-08-19 04:20:03.599,2026-08-19
"258","GhxhNWHsmH","MOOSPMv3Parser",1787113200,10,10,8,14,14,9,10,15,15,10,2059,564,139667,75,59,5,61,61,26,45,61,1,26,29,52,46,3.45,340,1,36.523331,-119.278801,63.087002,8,600,58,3,"e00fce68f12da1a0c5de6248",2026-08-19 04:20:03.42,2026-08-19 04:20:03.681,2026-08-19 04:20:03.681,2026-08-19
"259","vjWjIAkAd2","MOOSPMv3Parser",1787113201,7,7,9,14,14,13,16,19,19,18,1406,434,41089,101,69,20,73,73,1,0,74,1,29,31,41,41,16.613,96,1,36.433624,-119.923355,33.207001,9,600,58,3,"e00fce6876826e255108c6bd",2026-08-19 04:20:03.552,2026-08-19 04:20:03.715,2026-08-19 04:20:03.715,2026-08-19
"260","UA4zQImhXV","MOOSPMv3Parser",1787113201,6,6,0,11,11,0,0,12,12,0,1486,383,0,72,0,10,0,0,28,27,0,2,31,32,36,37,24.803,277,2,36.187572,-119.822029,40.324001,11,600,58,3,"e00fce68e739ecbcf9e91965",2026-08-19 04:20:03.786,2026-08-19 04:20:04.021,2026-08-19 04:20:04.021,2026-08-19
"261","UIbfuJlMtt","MOOSPMv3Parser",1787113201,5,5,4,7,7,5,5,8,8,5,1106,277,67150,52,35,2,35,35,28,24,35,0,35,31,26,34,513.054,27,2,36.139034,-120.368462,164.375,13,600,58,3,"e00fce6850cac69f647dc199",2026-08-19 04:20:04.349,2026-08-19 04:20:04.505,2026-08-19 04:20:04.505,2026-08-19
"262","CHAukZyNJI","MOOSPMv3Parser",1787113200,4,4,3,7,7,3,3,7,7,3,1348,283,23786,47,26,3,26,26,-10,-10,26,0,28,30,36,36,33.269,180,1,36.503128,-120.325386,57.297001,8,600,58,3,"e00fce68e77e43df92405fdb",2026-08-19 04:20:44.348,2026-08-19 04:20:44.536,2026-08-19 04:20:44.536,2026-08-19
"263","4QCuACvrdY","MOOSPMv3Parser",1787113801,7,7,6,9,9,6,6,10,10,6,1628,370,136101,58,46,4,47,47,28,26,47,0,32,32,31,33,37.045,148,2,36.762699,-119.798798,43.344002,9,600,58,3,"e00fce68e88237db75a60608",2026-08-19 04:30:02.542,2026-08-19 04:30:02.759,2026-08-19 04:30:02.759,2026-08-19
"264","G2bK0myrYh","MOOSPMv3Parser",1787113800,0,0,4,3,3,5,5,3,3,5,342,245,61530,44,34,4,35,35,28,31,35,0,31,31,32,34,31.615,75,2,36.139011,-120.368408,152.085007,8,600,58,3,"e00fce68d6b773b56ce8baa0",2026-08-19 04:30:02.609,2026-08-19 04:30:02.836,2026-08-19 04:30:02.836,2026-08-19
"265","WLs46CeaVm","MOOSPMv3Parser",1787113800,6,6,6,9,9,6,6,9,9,6,1169,328,87781,61,43,4,43,43,29,24,43,1,31,32,35,34,31.855,208,3277,2.5e-05,-0.004246,1378.108032,7,600,58,3,"e00fce68e28dcbc9a589be10",2026-08-19 04:30:03.07,2026-08-19 04:30:03.295,2026-08-19 04:30:03.295,2026-08-19
"266","4QL5tsGHi2","MOOSPMv3Parser",1787113801,7,7,8,13,13,11,14,16,16,15,1328,413,41140,89,63,16,66,66,0,0,67,1,29,31,42,41,15.488,96,1,36.43367,-119.923286,59.233002,6,600,58,3,"e00fce6876826e255108c6bd",2026-08-19 04:30:03.572,2026-08-19 04:30:03.755,2026-08-19 04:30:03.755,2026-08-19
"267","y6n3m1Rn24","MOOSPMv3Parser",1787113800,7,7,5,10,10,6,7,10,10,7,1425,386,88557,65,40,4,41,41,27,34,41,0,29,30,44,41,12.864,245,1,35.949589,-119.049927,120.107002,9,600,58,3,"e00fce6808784ceaf209f949",2026-08-19 04:30:03.63,2026-08-19 04:30:03.853,2026-08-19 04:30:03.853,2026-08-19
"268","9yV4q6Oq4r","MOOSPMv3Parser",1787113801,0,0,2,1,1,2,2,1,1,2,304,202,14159,32,17,2,17,17,29,31,17,0,31,32,32,31,40.598,53,1,36.138939,-120.368355,164.556,11,600,58,3,"e00fce686dc2ef0a68fa40b0",2026-08-19 04:30:03.707,2026-08-19 04:30:03.876,2026-08-19 04:30:03.876,2026-08-19
"269","pQ07fKhMoe","MOOSPMv3Parser",1787113801,6,6,0,10,10,0,0,12,12,0,1560,403,0,72,0,8,0,0,28,28,0,2,30,31,36,37,24.278,281,3,36.187538,-119.822083,21.896,12,600,58,3,"e00fce68e739ecbcf9e91965",2026-08-19 04:30:04.004,2026-08-19 04:30:04.153,2026-08-19 04:30:04.153,2026-08-19
"270","0ID6OK7iVM","MOOSPMv3Parser",1787113801,5,5,5,7,7,5,5,8,8,5,1100,275,67181,51,36,3,36,36,28,24,36,0,34,31,26,34,464.437,21,2,36.138988,-120.368408,165.091003,10,600,58,3,"e00fce6850cac69f647dc199",2026-08-19 04:30:04.352,2026-08-19 04:30:04.538,2026-08-19 04:30:04.538,2026-08-19
"271","PWVC22pgm4","MOOSPMv3Parser",1787113800,5,5,4,7,7,4,4,7,7,4,1345,285,23810,41,28,3,28,28,26,28,28,0,28,29,37,38,32.009,189,1,36.503162,-120.325394,57.148998,7,600,58,3,"e00fce68e77e43df92405fdb",2026-08-19 04:30:17.463,2026-08-19 04:30:17.624,2026-08-19 04:30:17.624,2026-08-19
"272","GOIbrxphEl","MOOSPMv3Parser",1787113800,10,10,8,14,14,9,9,15,15,9,2025,553,139719,72,61,4,61,61,25,47,62,0,26,29,52,47,3.826,329,1,36.523331,-119.278801,63.087002,0,600,58,3,"e00fce68f12da1a0c5de6248",2026-08-19 04:30:20.926,2026-08-19 04:30:21.12,2026-08-19 04:30:21.12,2026-08-19
"273","Q0Ruq9EiKJ","MOOSPMv3Parser",1787114401,7,7,6,11,11,6,6,11,11,6,1679,390,136141,69,45,4,45,45,28,26,45,0,32,32,31,34,37.541,121,2,36.762791,-119.798775,50.720001,10,600,58,3,"e00fce68e88237db75a60608",2026-08-19 04:40:02.518,2026-08-19 04:40:02.668,2026-08-19 04:40:02.668,2026-08-19
"274","fZHT7JL8Tt","MOOSPMv3Parser",1787114400,0,0,5,3,3,5,5,3,3,5,344,248,61560,44,36,4,36,36,28,31,36,0,31,31,32,34,30.184,91,3,36.138977,-120.368385,150.238998,9,600,58,3,"e00fce68d6b773b56ce8baa0",2026-08-19 04:40:02.849,2026-08-19 04:40:03.079,2026-08-19 04:40:03.079,2026-08-19
"275","5zpGtSVq8h","MOOSPMv3Parser",1787114400,6,6,6,9,9,6,6,10,10,7,1215,341,87819,65,45,4,45,45,29,25,45,1,31,32,35,35,32.336,190,3277,2.5e-05,-0.004246,1378.108032,7,600,58,3,"e00fce68e28dcbc9a589be10",2026-08-19 04:40:02.977,2026-08-19 04:40:03.158,2026-08-19 04:40:03.158,2026-08-19
"276","h4qmuu7YIR","MOOSPMv3Parser",1787114400,7,7,5,10,10,6,7,11,11,7,1455,396,88592,69,40,5,41,42,27,35,42,1,28,30,44,42,10.61,264,1,35.949574,-119.050018,115.311996,7,600,58,3,"e00fce6808784ceaf209f949",2026-08-19 04:40:03.47,2026-08-19 04:40:03.62,2026-08-19 04:40:03.62,2026-08-19
"277","i2PdK3Tk8B","MOOSPMv3Parser",1787114401,6,6,8,11,11,11,13,15,15,14,1253,386,41186,82,57,14,60,60,1,1,60,1,28,30,43,42,16.871,96,1,36.433651,-119.923454,8.313,7,600,58,3,"e00fce6876826e255108c6bd",2026-08-19 04:40:03.561,2026-08-19 04:40:03.712,2026-08-19 04:40:03.712,2026-08-19
"278","qAUQKC9JnL","MOOSPMv3Parser",1787114401,6,6,0,10,10,0,0,11,11,0,1448,375,0,71,0,10,0,0,28,29,0,2,30,31,37,39,23.197,288,3,36.187504,-119.822136,9.154,8,600,58,3,"e00fce68e739ecbcf9e91965",2026-08-19 04:40:03.772,2026-08-19 04:40:03.945,2026-08-19 04:40:03.945,2026-08-19
"279","LV1CX4n8oH","MOOSPMv3Parser",1787114400,10,10,8,13,13,8,9,14,14,9,1950,537,139771,71,60,4,61,61,25,52,61,0,26,28,55,51,4.897,335,1,36.523445,-119.278732,52.452999,10,600,58,3,"e00fce68f12da1a0c5de6248",2026-08-19 04:40:04.031,2026-08-19 04:40:04.217,2026-08-19 04:40:04.217,2026-08-19
"280","fbryle0rtz","MOOSPMv3Parser",1787114401,0,0,2,1,1,2,2,2,2,2,313,211,14174,33,19,2,19,19,28,31,19,0,30,32,32,31,38.138,70,2,36.139038,-120.36837,182.584,10,600,58,3,"e00fce686dc2ef0a68fa40b0",2026-08-19 04:40:04.18,2026-08-19 04:40:04.324,2026-08-19 04:40:04.324,2026-08-19
"281","5tNDtR9aoi","MOOSPMv3Parser",1787114401,5,5,4,7,7,5,5,8,8,5,1081,271,67211,49,35,3,35,35,27,24,35,0,34,31,27,34,512.911,25,2,36.13908,-120.368378,171.600998,10,600,58,3,"e00fce6850cac69f647dc199",2026-08-19 04:40:04.817,2026-08-19 04:40:04.978,2026-08-19 04:40:04.978,2026-08-19
"282","iGMTmBveAm","MOOSPMv3Parser",1787115001,7,7,6,10,10,6,6,10,10,6,1610,372,136181,65,45,4,45,45,28,27,45,0,31,31,32,34,38.102,118,2,36.762665,-119.798767,61.146999,9,600,58,3,"e00fce68e88237db75a60608",2026-08-19 04:50:02.713,2026-08-19 04:50:02.901,2026-08-19 04:50:02.901,2026-08-19
"283","ywQHkm2J9J","MOOSPMv3Parser",1787115001,5,5,3,7,7,4,4,7,7,4,1588,289,23976,46,27,3,27,27,26,28,27,0,28,28,36,38,33.405,178,1,36.503166,-120.32534,64.291,7,597,58,3,"e00fce68e77e43df92405fdb",2026-08-19 04:50:02.818,2026-08-19 04:50:02.981,2026-08-19 04:50:02.981,2026-08-19
"284","kSr0daTdj9","MOOSPMv3Parser",1787115000,6,6,5,9,9,6,6,9,9,6,1144,325,87856,60,43,4,43,43,29,25,43,1,31,32,35,35,33.197,174,3277,2.5e-05,-0.004246,1378.108032,7,600,58,3,"e00fce68e28dcbc9a589be10",2026-08-19 04:50:02.944,2026-08-19 04:50:03.118,2026-08-19 04:50:03.118,2026-08-19
"285","V9tGffqyf2","MOOSPMv3Parser",1787115000,0,0,5,3,3,5,5,4,4,5,344,246,61591,46,37,5,37,37,28,31,37,0,31,31,32,34,30.694,122,3,36.138977,-120.368385,150.238007,0,600,58,3,"e00fce68d6b773b56ce8baa0",2026-08-19 04:50:03.265,2026-08-19 04:50:03.429,2026-08-19 04:50:03.429,2026-08-19
"286","lIdL5fdyv5","MOOSPMv3Parser",1787115000,6,6,5,10,10,6,6,11,11,6,1386,378,88625,64,39,6,39,39,26,35,39,0,28,30,44,41,12.115,248,1,35.949593,-119.049995,117.220001,8,600,58,3,"e00fce6808784ceaf209f949",2026-08-19 04:50:03.55,2026-08-19 04:50:03.72,2026-08-19 04:50:03.72,2026-08-19
"287","NpeLU6YmVl","MOOSPMv3Parser",1787115000,13,13,11,18,18,14,16,19,19,17,2530,695,139838,94,81,6,84,84,25,53,84,1,26,28,57,51,0.009,399,1,36.523331,-119.278793,85.472,6,600,58,3,"e00fce68f12da1a0c5de6248",2026-08-19 04:50:03.65,2026-08-19 04:50:03.819,2026-08-19 04:50:03.819,2026-08-19
"288","xdTP9R6NKE","MOOSPMv3Parser",1787115001,6,6,8,11,11,12,15,14,14,16,1200,371,41232,80,59,13,63,63,1,1,63,1,28,30,43,42,14.552,96,1,36.433578,-119.923439,12.529,5,600,58,3,"e00fce6876826e255108c6bd",2026-08-19 04:50:03.754,2026-08-19 04:50:03.932,2026-08-19 04:50:03.932,2026-08-19
"289","e8iFBiZp5s","MOOSPMv3Parser",1787115001,6,6,0,11,11,0,0,12,12,0,1471,387,0,77,0,8,0,0,28,30,0,2,30,31,39,40,23.54,270,3,36.187511,-119.82206,28.205,8,600,58,3,"e00fce68e739ecbcf9e91965",2026-08-19 04:50:04.004,2026-08-19 04:50:04.136,2026-08-19 04:50:04.136,2026-08-19
"290","Ae9T6lTPGT","MOOSPMv3Parser",1787115001,0,0,2,1,1,2,2,1,1,2,309,205,14190,33,18,2,18,18,28,32,18,0,30,32,33,32,37.136,92,2,36.139023,-120.368332,182.834,9,600,58,3,"e00fce686dc2ef0a68fa40b0",2026-08-19 04:50:04.414,2026-08-19 04:50:04.637,2026-08-19 04:50:04.637,2026-08-19
"291","BTdsLJyKQt","MOOSPMv3Parser",1787115001,5,5,5,7,7,5,5,8,8,5,1121,282,67242,49,36,3,36,36,27,25,36,0,34,30,27,35,507.568,43,2,36.139023,-120.368408,170.057999,9,600,58,3,"e00fce6850cac69f647dc199",2026-08-19 04:50:04.98,2026-08-19 04:50:05.15,2026-08-19 04:50:05.15,2026-08-19
"292","WOT2CWopJ9","MOOSPMv3Parser",1787115601,7,7,6,10,10,6,6,10,10,6,1634,371,136220,61,45,3,45,45,28,27,45,0,31,31,32,35,38.845,85,2,36.762749,-119.798805,45.238998,13,600,58,3,"e00fce68e88237db75a60608",2026-08-19 05:00:02.526,2026-08-19 05:00:03.09,2026-08-19 05:00:03.09,2026-08-19
"293","MMNCLipsVh","MOOSPMv3Parser",1787115600,5,5,5,8,8,6,6,9,9,6,1095,311,87892,59,41,3,42,42,28,25,42,1,30,32,35,35,33.741,167,3277,2.5e-05,-0.004246,1378.108032,7,600,58,3,"e00fce68e28dcbc9a589be10",2026-08-19 05:00:02.892,2026-08-19 05:00:03.522,2026-08-19 05:00:03.522,2026-08-19
"294","lxQqYNPqEY","MOOSPMv3Parser",1787115601,0,0,2,2,2,3,3,2,2,3,317,214,14206,35,19,2,19,20,28,32,20,0,29,31,36,33,32.056,178,2,36.139023,-120.36834,174.320999,11,600,58,3,"e00fce686dc2ef0a68fa40b0",2026-08-19 05:00:03.522,2026-08-19 05:00:03.736,2026-08-19 05:00:03.736,2026-08-19
"295","mqDCM5HCDF","MOOSPMv3Parser",1787115600,7,7,5,10,10,6,6,11,11,6,1410,386,88660,68,41,4,41,41,26,37,41,0,28,30,47,43,13.889,229,1,35.949593,-119.049995,117.224998,0,600,58,3,"e00fce6808784ceaf209f949",2026-08-19 05:00:03.541,2026-08-19 05:00:03.807,2026-08-19 05:00:03.807,2026-08-19
"296","No4CtuRMfA","MOOSPMv3Parser",1787115601,6,6,8,11,11,10,12,14,14,13,1193,373,41279,79,59,11,61,62,0,0,62,1,28,29,43,42,14.96,96,1,36.433651,-119.923431,13.817,6,600,58,3,"e00fce6876826e255108c6bd",2026-08-19 05:00:03.655,2026-08-19 05:00:03.928,2026-08-19 05:00:03.928,2026-08-19
"297","sasY1hpUWv","MOOSPMv3Parser",1787115601,6,6,0,10,10,0,0,10,10,0,1432,373,0,71,0,6,0,0,27,31,0,2,29,30,39,40,22.942,255,3,36.187511,-119.822136,21.424,10,600,58,3,"e00fce68e739ecbcf9e91965",2026-08-19 05:00:03.872,2026-08-19 05:00:04.081,2026-08-19 05:00:04.081,2026-08-19
"298","xKb22Bjj39","MOOSPMv3Parser",1787115601,5,5,5,7,7,5,5,8,8,5,1084,271,67275,49,37,3,38,38,27,26,38,0,34,30,28,36,44.943,106,2,36.139038,-120.368385,173.929001,12,600,58,3,"e00fce6850cac69f647dc199",2026-08-19 05:00:05.389,2026-08-19 05:00:05.545,2026-08-19 05:00:05.545,2026-08-19
"299","GZGbYDJezo","MOOSPMv3Parser",1787115601,4,4,3,7,7,4,4,7,7,4,1475,281,23880,44,27,3,27,27,26,27,27,0,28,28,34,37,36.533,127,1,36.503109,-120.325394,58.540001,8,600,58,3,"e00fce68e77e43df92405fdb",2026-08-19 05:00:07.403,2026-08-19 05:00:07.552,2026-08-19 05:00:07.552,2026-08-19
"300","AHgzHcstVm","MOOSPMv3Parser",1787115600,0,0,5,3,3,5,5,3,3,5,345,248,61621,45,36,4,36,36,27,32,36,0,31,30,32,35,26.945,213,2,36.138969,-120.368423,176.462006,8,600,58,3,"e00fce68d6b773b56ce8baa0",2026-08-19 05:00:07.523,2026-08-19 05:00:07.68,2026-08-19 05:00:07.68,2026-08-19
"301","oSNkGvpE4p","MOOSPMv3Parser",1787115600,17,17,12,23,23,17,20,25,25,22,3304,905,139911,117,90,7,95,96,24,54,96,1,26,27,58,52,0.001,428,1,36.523357,-119.278778,73.550003,5,600,58,3,"e00fce68f12da1a0c5de6248",2026-08-19 05:00:10.135,2026-08-19 05:00:10.307,2026-08-19 05:00:10.307,2026-08-19
"302","Eac5p7LSTR","MOOSPMv3Parser",1787116201,7,7,6,10,10,6,6,10,10,6,1616,373,136259,62,44,3,44,44,28,28,44,0,31,31,33,35,38.024,105,2,36.762753,-119.798737,57.037998,8,600,58,3,"e00fce68e88237db75a60608",2026-08-19 05:10:02.453,2026-08-19 05:10:02.667,2026-08-19 05:10:02.667,2026-08-19
"303","i7g1Hvjg9r","MOOSPMv3Parser",1787116200,0,0,5,3,3,5,5,3,3,5,345,251,61653,45,38,4,38,38,27,33,38,0,31,30,32,37,23.176,263,2,36.138958,-120.36837,161.582993,10,600,58,3,"e00fce68d6b773b56ce8baa0",2026-08-19 05:10:02.681,2026-08-19 05:10:02.904,2026-08-19 05:10:02.904,2026-08-19
"304","91buF6bW94","MOOSPMv3Parser",1787116200,5,5,5,8,8,5,6,9,9,6,1117,315,87927,61,41,4,41,41,28,25,41,1,30,32,35,35,35.177,128,3277,2.5e-05,-0.004246,1378.108032,7,600,58,3,"e00fce68e28dcbc9a589be10",2026-08-19 05:10:03.073,2026-08-19 05:10:03.249,2026-08-19 05:10:03.249,2026-08-19
"305","vsYzmOoWlf","MOOSPMv3Parser",1787116200,14,14,10,19,19,13,15,21,21,16,2762,756,139977,98,80,6,82,83,24,55,83,1,25,27,58,53,0.011,417,1,36.523296,-119.278801,66.818001,8,600,58,3,"e00fce68f12da1a0c5de6248",2026-08-19 05:10:03.383,2026-08-19 05:10:03.524,2026-08-19 05:10:03.524,2026-08-19
"306","9EX9EOp7QX","MOOSPMv3Parser",1787116200,7,7,6,11,11,6,6,12,12,7,1554,422,88699,76,45,5,46,46,26,39,46,0,27,29,48,45,10.898,247,1,35.949638,-119.049988,116.757004,17,600,58,3,"e00fce6808784ceaf209f949",2026-08-19 05:10:03.556,2026-08-19 05:10:03.732,2026-08-19 05:10:03.732,2026-08-19
"307","RvwcbADaaF","MOOSPMv3Parser",1787116201,6,6,8,11,11,10,11,15,15,12,1230,379,41328,82,58,13,60,61,1,0,61,1,28,29,43,43,16.353,96,1,36.433666,-119.923409,22.223,6,600,58,3,"e00fce6876826e255108c6bd",2026-08-19 05:10:03.718,2026-08-19 05:10:03.914,2026-08-19 05:10:03.914,2026-08-19
"308","FI3A0k6xbc","MOOSPMv3Parser",1787116201,0,0,2,1,1,3,3,2,2,3,315,211,14222,32,19,2,19,19,28,34,19,0,28,31,38,35,29.456,218,1,36.139015,-120.368416,174.936996,10,600,58,3,"e00fce686dc2ef0a68fa40b0",2026-08-19 05:10:03.787,2026-08-19 05:10:03.998,2026-08-19 05:10:03.998,2026-08-19
"309","cauWW9Nq7m","MOOSPMv3Parser",1787116201,6,6,0,11,11,0,0,12,12,0,1458,378,0,75,0,11,0,0,27,31,0,2,29,30,39,40,20.827,267,3,36.187515,-119.82206,23.554001,12,600,58,3,"e00fce68e739ecbcf9e91965",2026-08-19 05:10:03.926,2026-08-19 05:10:04.184,2026-08-19 05:10:04.184,2026-08-19
"310","l3gnnRBoFg","MOOSPMv3Parser",1787116201,4,4,5,7,7,5,5,8,8,5,1091,272,67308,49,38,3,38,38,26,28,38,0,33,29,30,38,36.167,194,2,36.138996,-120.368355,171.057007,7,600,58,3,"e00fce6850cac69f647dc199",2026-08-19 05:10:04.499,2026-08-19 05:10:04.708,2026-08-19 05:10:04.708,2026-08-19
"311","kgdEgDsWbL","MOOSPMv3Parser",1787116201,5,5,4,7,7,4,4,7,7,4,1459,288,23904,45,28,3,28,28,26,26,28,0,28,28,33,36,37.343,106,1,36.503082,-120.325363,51.577999,7,600,58,3,"e00fce68e77e43df92405fdb",2026-08-19 05:10:05.095,2026-08-19 05:10:05.269,2026-08-19 05:10:05.269,2026-08-19
"312","5vTqBLgV6X","MOOSPMv3Parser",1787116801,7,7,6,10,10,6,6,10,10,6,1628,375,136299,63,46,4,46,46,27,28,46,0,31,31,33,36,38.263,94,2,36.762753,-119.798737,57.040001,0,600,58,3,"e00fce68e88237db75a60608",2026-08-19 05:20:02.724,2026-08-19 05:20:02.911,2026-08-19 05:20:02.911,2026-08-19
"313","kDDeziWqwE","MOOSPMv3Parser",1787116800,0,0,5,3,3,5,5,4,4,5,343,248,61685,47,38,4,38,38,26,34,38,0,28,29,39,38,21.865,277,1,36.139046,-120.36837,161.940994,9,600,58,3,"e00fce68d6b773b56ce8baa0",2026-08-19 05:20:02.715,2026-08-19 05:20:02.966,2026-08-19 05:20:02.966,2026-08-19
"314","h0nwgQaODx","MOOSPMv3Parser",1787116801,5,5,4,7,7,4,4,7,7,4,1450,294,23929,44,28,2,28,28,26,26,28,0,28,28,34,37,38.177,89,2,36.503128,-120.325394,54.807999,6,600,58,3,"e00fce68e77e43df92405fdb",2026-08-19 05:20:02.845,2026-08-19 05:20:03.035,2026-08-19 05:20:03.035,2026-08-19
"315","melODrrc9C","MOOSPMv3Parser",1787116800,6,6,5,9,9,6,6,9,9,6,1149,330,87962,60,41,3,41,41,28,25,41,1,30,32,35,34,35.488,112,3277,2.5e-05,-0.004246,1378.108032,7,600,58,3,"e00fce68e28dcbc9a589be10",2026-08-19 05:20:03.168,2026-08-19 05:20:03.355,2026-08-19 05:20:03.355,2026-08-19
"316","9sxdwttPA3","MOOSPMv3Parser",1787116800,15,15,11,20,20,14,16,21,21,17,2833,773,140044,104,81,6,84,84,24,56,84,1,25,27,60,54,0.098,420,1,36.52322,-119.278877,78.779999,7,600,58,3,"e00fce68f12da1a0c5de6248",2026-08-19 05:20:03.379,2026-08-19 05:20:03.573,2026-08-19 05:20:03.573,2026-08-19
"317","IiQlrAKLwG","MOOSPMv3Parser",1787116800,8,8,6,12,12,7,7,13,13,7,1668,457,88739,74,46,6,47,47,25,44,47,0,27,28,51,48,6.458,269,1,35.949623,-119.049995,107.106003,8,600,58,3,"e00fce6808784ceaf209f949",2026-08-19 05:20:03.531,2026-08-19 05:20:03.728,2026-08-19 05:20:03.728,2026-08-19
"318","3mjKvsSa3P","MOOSPMv3Parser",1787116801,6,6,8,12,12,11,13,15,15,14,1224,376,41375,85,58,15,61,61,0,0,61,1,28,29,44,43,14.607,96,1,36.433628,-119.923363,37.479,6,600,58,3,"e00fce6876826e255108c6bd",2026-08-19 05:20:03.784,2026-08-19 05:20:03.938,2026-08-19 05:20:03.938,2026-08-19
"319","XMsE9mCG4w","MOOSPMv3Parser",1787116801,0,0,3,2,2,3,3,2,2,3,311,207,14239,34,20,2,20,20,27,35,20,0,28,30,39,36,25.278,232,1,36.139027,-120.368454,166.785004,9,600,58,3,"e00fce686dc2ef0a68fa40b0",2026-08-19 05:20:04.036,2026-08-19 05:20:04.163,2026-08-19 05:20:04.163,2026-08-19
"320","jy7z36GXYi","MOOSPMv3Parser",1787116801,7,7,0,12,12,0,0,13,13,0,1557,407,0,77,0,8,0,0,27,31,0,2,29,30,40,40,16.9,288,3,36.187542,-119.82196,39.530998,9,600,58,3,"e00fce68e739ecbcf9e91965",2026-08-19 05:20:04.04,2026-08-19 05:20:04.255,2026-08-19 05:20:04.255,2026-08-19
"321","enJEkP70aA","MOOSPMv3Parser",1787116801,5,5,5,7,7,5,5,8,8,5,1122,282,67341,51,38,3,38,38,26,30,38,0,32,29,31,39,32.209,236,1,36.138996,-120.368355,171.059006,0,600,58,3,"e00fce6850cac69f647dc199",2026-08-19 05:20:04.751,2026-08-19 05:20:04.954,2026-08-19 05:20:04.954,2026-08-19
"322","smxLQDr5ul","MOOSPMv3Parser",1787117401,7,7,6,10,10,6,6,10,10,6,1654,383,136339,65,46,4,46,46,27,29,46,0,30,31,34,36,37.667,90,2,36.762638,-119.798828,55.943001,11,600,58,3,"e00fce68e88237db75a60608",2026-08-19 05:30:02.607,2026-08-19 05:30:02.774,2026-08-19 05:30:02.774,2026-08-19
"323","v5Ia1ASI15","MOOSPMv3Parser",1787117400,6,6,5,9,9,6,6,9,9,6,1189,336,87998,58,42,3,42,42,28,25,42,1,30,31,35,34,35.252,103,3277,2.5e-05,-0.004246,1378.108032,7,600,58,3,"e00fce68e28dcbc9a589be10",2026-08-19 05:30:02.964,2026-08-19 05:30:03.137,2026-08-19 05:30:03.137,2026-08-19
"324","CyCvng3we2","MOOSPMv3Parser",1787117400,0,0,5,3,3,5,5,3,3,5,335,241,61716,45,37,4,37,37,26,35,37,0,27,29,40,39,19.561,298,1,36.139015,-120.368446,168.391998,9,600,58,3,"e00fce68d6b773b56ce8baa0",2026-08-19 05:30:03.162,2026-08-19 05:30:03.385,2026-08-19 05:30:03.385,2026-08-19
"325","mAptECDbIB","MOOSPMv3Parser",1787117400,16,16,11,21,21,14,16,22,22,17,3025,831,140112,109,82,6,85,85,24,60,85,1,24,26,62,56,0.007,419,1,36.523327,-119.278854,78.236,8,600,58,3,"e00fce68f12da1a0c5de6248",2026-08-19 05:30:03.311,2026-08-19 05:30:03.511,2026-08-19 05:30:03.511,2026-08-19
"326","XS0nZCHCqn","MOOSPMv3Parser",1787117400,8,8,6,12,12,7,8,13,13,8,1702,463,88781,77,49,5,50,50,25,46,50,0,27,28,52,49,3.289,282,1,35.949535,-119.049911,106.039001,10,600,58,3,"e00fce6808784ceaf209f949",2026-08-19 05:30:03.48,2026-08-19 05:30:03.63,2026-08-19 05:30:03.63,2026-08-19
"327","gROpDFF6U5","MOOSPMv3Parser",1787117401,6,6,7,10,10,8,9,13,13,9,1185,367,41420,75,54,10,55,55,0,0,55,1,27,29,45,44,14.494,96,1,36.433643,-119.923431,33.964001,6,600,58,3,"e00fce6876826e255108c6bd",2026-08-19 05:30:03.644,2026-08-19 05:30:03.87,2026-08-19 05:30:03.87,2026-08-19
"328","J8BvM0MXm3","MOOSPMv3Parser",1787117401,8,8,0,13,13,0,0,14,14,0,1621,432,0,84,0,9,0,0,27,31,0,2,29,30,39,40,17.469,287,2,36.187542,-119.821945,32.631001,9,600,58,3,"e00fce68e739ecbcf9e91965",2026-08-19 05:30:03.847,2026-08-19 05:30:04.013,2026-08-19 05:30:04.013,2026-08-19
"329","wQnSqe1RWB","MOOSPMv3Parser",1787117401,0,0,3,2,2,3,3,2,2,3,305,206,14256,34,20,2,20,20,27,35,20,0,27,30,40,36,23.279,246,1,36.139027,-120.368454,166.781998,0,600,58,3,"e00fce686dc2ef0a68fa40b0",2026-08-19 05:30:04.378,2026-08-19 05:30:04.543,2026-08-19 05:30:04.543,2026-08-19
"330","lWpOY0ccU2","MOOSPMv3Parser",1787117401,5,5,5,7,7,5,5,8,8,5,1091,276,67374,51,38,3,38,38,25,30,38,0,31,28,32,40,30.964,294,1,36.139034,-120.368385,167.302002,9,600,58,3,"e00fce6850cac69f647dc199",2026-08-19 05:30:04.997,2026-08-19 05:30:05.168,2026-08-19 05:30:05.168,2026-08-19
"331","8a4GmQ0bjg","MOOSPMv3Parser",1787117401,4,4,3,7,7,4,4,8,8,4,1533,287,23952,46,27,4,27,27,26,26,27,0,28,28,34,37,38.848,86,2,36.503166,-120.325378,56.139,7,600,58,3,"e00fce68e77e43df92405fdb",2026-08-19 05:30:06.845,2026-08-19 05:30:07.015,2026-08-19 05:30:07.015,2026-08-19
"332","XE5VTdHea7","MOOSPMv3Parser",1787118001,7,7,6,10,10,6,6,10,10,6,1695,395,136379,64,46,3,46,46,27,31,46,0,30,30,35,37,37.935,103,2,36.762726,-119.798691,57.68,10,600,58,3,"e00fce68e88237db75a60608",2026-08-19 05:40:02.542,2026-08-19 05:40:02.717,2026-08-19 05:40:02.717,2026-08-19
"333","UvamvCDCBC","MOOSPMv3Parser",1787118000,6,6,5,9,9,6,6,10,10,6,1229,347,88035,67,42,4,42,42,28,25,42,1,30,31,34,34,35.42,106,3277,2.5e-05,-0.004246,1378.108032,7,600,58,3,"e00fce68e28dcbc9a589be10",2026-08-19 05:40:02.905,2026-08-19 05:40:03.162,2026-08-19 05:40:03.162,2026-08-19
"334","UuJIKuoLYQ","MOOSPMv3Parser",1787118001,5,5,3,7,7,4,4,8,8,4,1547,294,23975,46,26,3,27,27,25,26,27,0,28,28,34,37,40.061,66,2,36.503117,-120.325386,53.868999,7,600,58,3,"e00fce68e77e43df92405fdb",2026-08-19 05:40:03.152,2026-08-19 05:40:03.331,2026-08-19 05:40:03.331,2026-08-19
"335","WClAVojtWa","MOOSPMv3Parser",1787118000,0,0,5,3,3,5,5,3,3,5,335,241,61747,43,37,4,37,37,26,33,37,0,27,28,36,36,20.804,255,1,36.139008,-120.368385,165.345001,7,600,58,3,"e00fce68d6b773b56ce8baa0",2026-08-19 05:40:03.413,2026-08-19 05:40:03.55,2026-08-19 05:40:03.55,2026-08-19
"336","OKAXsoWV39","MOOSPMv3Parser",1787118000,16,16,11,20,20,13,14,22,22,15,3016,822,140180,100,81,6,83,83,23,58,83,1,24,26,61,55,0.061,403,1,36.523384,-119.278839,82.921997,7,600,58,3,"e00fce68f12da1a0c5de6248",2026-08-19 05:40:03.419,2026-08-19 05:40:03.624,2026-08-19 05:40:03.624,2026-08-19
"337","ocEFUODCXL","MOOSPMv3Parser",1787118001,0,0,2,2,2,3,3,2,2,3,307,204,14272,34,19,2,19,19,26,33,19,0,27,29,36,33,24.691,198,1,36.138981,-120.368355,172.701004,11,600,58,3,"e00fce686dc2ef0a68fa40b0",2026-08-19 05:40:03.519,2026-08-19 05:40:03.685,2026-08-19 05:40:03.685,2026-08-19
"338","TQlDWuJ9iZ","MOOSPMv3Parser",1787118000,9,9,6,13,13,6,7,14,14,7,1716,471,88820,83,45,6,46,46,25,44,46,0,27,28,49,47,6.08,262,1,35.94952,-119.049858,116.121002,7,600,58,3,"e00fce6808784ceaf209f949",2026-08-19 05:40:03.551,2026-08-19 05:40:03.75,2026-08-19 05:40:03.75,2026-08-19
"339","ADAxQUcuEh","MOOSPMv3Parser",1787118001,6,6,6,10,10,7,7,12,12,7,1226,378,41463,72,50,10,51,51,0,0,51,0,27,28,45,44,16.118,96,1,36.433575,-119.923286,20.216999,7,600,58,3,"e00fce6876826e255108c6bd",2026-08-19 05:40:03.615,2026-08-19 05:40:03.801,2026-08-19 05:40:03.801,2026-08-19
"340","K3NWaPoZv3","MOOSPMv3Parser",1787118001,8,8,0,14,14,0,0,15,15,0,1767,469,0,90,0,9,0,0,26,30,0,2,29,29,37,40,21.228,245,3,36.187508,-119.822044,25.233999,12,600,58,3,"e00fce68e739ecbcf9e91965",2026-08-19 05:40:03.845,2026-08-19 05:40:04.016,2026-08-19 05:40:04.016,2026-08-19
"341","10L7x24VTA","MOOSPMv3Parser",1787118001,4,4,5,7,7,5,5,7,7,5,1054,266,67406,48,37,3,37,37,25,28,37,0,30,28,30,37,33.06,233,1,36.139038,-120.368401,167.658005,9,600,58,3,"e00fce6850cac69f647dc199",2026-08-19 05:40:05.452,2026-08-19 05:40:05.669,2026-08-19 05:40:05.669,2026-08-19
"342","ko5kG4FX4s","MOOSPMv3Parser",1787118601,8,8,6,11,11,6,6,11,11,6,1753,411,136419,66,45,4,46,46,27,32,46,0,30,30,36,38,35.753,136,2,36.762714,-119.79882,63.813,8,600,58,3,"e00fce68e88237db75a60608",2026-08-19 05:50:02.614,2026-08-19 05:50:02.792,2026-08-19 05:50:02.792,2026-08-19
"343","dWduNEXoEJ","MOOSPMv3Parser",1787118600,6,6,5,9,9,6,6,9,9,6,1173,335,88070,58,41,3,41,41,28,25,41,1,30,31,35,34,36.14,66,3277,2.5e-05,-0.004246,1378.108032,7,600,58,3,"e00fce68e28dcbc9a589be10",2026-08-19 05:50:03.142,2026-08-19 05:50:03.338,2026-08-19 05:50:03.338,2026-08-19
"344","aAm2aBu7oh","MOOSPMv3Parser",1787118600,0,0,5,3,3,5,5,3,3,5,333,239,61778,43,37,4,37,37,25,34,37,0,27,28,37,37,25.298,210,1,36.13895,-120.368347,164.009995,10,600,58,3,"e00fce68d6b773b56ce8baa0",2026-08-19 05:50:03.322,2026-08-19 05:50:03.537,2026-08-19 05:50:03.537,2026-08-19
"345","LbFlBm3VBK","MOOSPMv3Parser",1787118600,12,12,9,16,16,10,11,17,17,11,2435,664,140240,86,70,4,71,71,23,60,71,1,24,26,61,57,2.729,365,1,36.523331,-119.278816,84.643997,7,600,58,3,"e00fce68f12da1a0c5de6248",2026-08-19 05:50:03.468,2026-08-19 05:50:03.641,2026-08-19 05:50:03.641,2026-08-19
"346","nSCs5JPLpo","MOOSPMv3Parser",1787118600,6,6,6,10,10,7,7,11,11,7,1195,371,41508,68,51,7,51,51,0,0,51,0,27,28,44,44,18.814,96,1,36.433617,-119.923393,41.685001,6,600,58,3,"e00fce6876826e255108c6bd",2026-08-19 05:50:03.631,2026-08-19 05:50:03.781,2026-08-19 05:50:03.781,2026-08-19
"347","cZy1xcRR6M","MOOSPMv3Parser",1787118600,8,8,6,12,12,7,7,13,13,7,1680,457,88860,83,46,6,47,47,25,44,47,0,27,28,50,48,8.002,246,1,35.949535,-119.049904,114.650002,9,600,58,3,"e00fce6808784ceaf209f949",2026-08-19 05:50:03.707,2026-08-19 05:50:03.933,2026-08-19 05:50:03.933,2026-08-19
"348","VjEA1nSVgt","MOOSPMv3Parser",1787118601,8,8,0,13,13,0,0,14,14,0,1652,435,0,83,0,11,0,0,26,30,0,2,29,29,37,39,21.317,232,4,36.187508,-119.822044,25.233999,0,600,58,3,"e00fce68e739ecbcf9e91965",2026-08-19 05:50:03.765,2026-08-19 05:50:03.977,2026-08-19 05:50:03.977,2026-08-19
"349","KIJt2WX5UD","MOOSPMv3Parser",1787118601,0,0,2,1,1,3,3,2,2,3,305,203,14288,34,19,2,19,19,26,34,19,0,27,29,37,35,28.119,141,1,36.138954,-120.368401,164.882004,9,600,58,3,"e00fce686dc2ef0a68fa40b0",2026-08-19 05:50:03.776,2026-08-19 05:50:04.006,2026-08-19 05:50:04.006,2026-08-19
"350","qjspszn6G7","MOOSPMv3Parser",1787118601,4,4,5,7,7,5,5,8,8,5,1070,272,67440,49,38,3,38,38,25,29,38,0,30,27,31,39,42.115,137,1,36.139023,-120.368393,173.746002,10,600,58,3,"e00fce6850cac69f647dc199",2026-08-19 05:50:04.7,2026-08-19 05:50:04.873,2026-08-19 05:50:04.873,2026-08-19
"351","gHh5XsTGmv","MOOSPMv3Parser",1787118601,5,5,4,7,7,4,4,7,7,4,1626,299,23999,45,28,3,28,28,25,26,28,0,28,28,33,36,41.379,51,2,36.503223,-120.325417,54.52,6,600,58,3,"e00fce68e77e43df92405fdb",2026-08-19 05:50:07.327,2026-08-19 05:50:07.563,2026-08-19 05:50:07.563,2026-08-19
"352","VhVlNpKnn4","MOOSPMv3Parser",1787119201,8,8,7,11,11,7,7,11,11,7,1797,422,136464,66,51,4,51,51,27,33,51,0,30,30,37,39,30.766,231,2,36.762745,-119.798698,58.780998,8,600,58,3,"e00fce68e88237db75a60608",2026-08-19 06:00:02.63,2026-08-19 06:00:03.073,2026-08-19 06:00:03.073,2026-08-19
"353","f8LeaLjXuh","MOOSPMv3Parser",1787119200,0,0,5,3,3,5,5,3,3,5,328,234,61808,43,36,4,36,36,25,33,36,0,27,28,37,37,26.51,193,1,36.138897,-120.368385,148.923004,9,600,58,3,"e00fce68d6b773b56ce8baa0",2026-08-19 06:00:02.916,2026-08-19 06:00:03.468,2026-08-19 06:00:03.468,2026-08-19
"354","EMSQV0F3UD","MOOSPMv3Parser",1787119200,6,6,5,9,9,6,6,10,10,6,1192,337,88105,60,41,5,41,41,27,25,41,1,29,31,35,34,34.532,86,3277,2.5e-05,-0.004246,1378.108032,7,600,58,3,"e00fce68e28dcbc9a589be10",2026-08-19 06:00:02.897,2026-08-19 06:00:03.82,2026-08-19 06:00:03.82,2026-08-19
"355","akOYP1MJbt","MOOSPMv3Parser",1787119200,15,15,10,20,20,11,12,21,21,12,2955,811,140306,96,76,5,77,78,23,59,78,1,24,26,61,56,0.544,384,1,36.523262,-119.2789,113.217003,6,600,58,3,"e00fce68f12da1a0c5de6248",2026-08-19 06:00:03.489,2026-08-19 06:00:03.981,2026-08-19 06:00:03.981,2026-08-19
"356","NlTzl7jFSH","MOOSPMv3Parser",1787119201,6,6,6,10,10,7,7,11,11,7,1173,364,41551,70,50,7,50,50,0,0,50,0,26,28,45,44,16.771,96,1,36.433617,-119.923393,41.691002,0,600,58,3,"e00fce6876826e255108c6bd",2026-08-19 06:00:03.627,2026-08-19 06:00:04.007,2026-08-19 06:00:04.007,2026-08-19
"357","bdFJgf0HkF","MOOSPMv3Parser",1787119200,8,8,6,12,12,6,7,13,13,7,1632,447,88899,78,45,5,46,46,25,46,46,0,26,27,52,50,5.889,253,1,35.949524,-119.049881,119.681,7,600,58,3,"e00fce6808784ceaf209f949",2026-08-19 06:00:03.552,2026-08-19 06:00:04.167,2026-08-19 06:00:04.167,2026-08-19
"358","B6eowTKPyx","MOOSPMv3Parser",1787119201,8,8,0,13,13,0,0,14,14,0,1644,431,0,81,0,9,0,0,26,29,0,2,29,29,36,39,22.855,215,6,36.187458,-119.82206,20.146,11,600,58,3,"e00fce68e739ecbcf9e91965",2026-08-19 06:00:03.842,2026-08-19 06:00:04.355,2026-08-19 06:00:04.355,2026-08-19
"359","0l7oojQBo9","MOOSPMv3Parser",1787119201,0,0,2,1,1,2,2,2,2,2,293,196,14303,32,18,2,18,18,26,34,18,0,27,29,36,35,32.056,112,1,36.139,-120.368401,168.147003,10,600,58,3,"e00fce686dc2ef0a68fa40b0",2026-08-19 06:00:04.029,2026-08-19 06:00:04.491,2026-08-19 06:00:04.491,2026-08-19
"360","7WYH2xn8yv","MOOSPMv3Parser",1787119201,5,5,5,7,7,5,5,8,8,5,1022,263,67471,49,36,3,37,37,24,28,37,0,30,27,31,38,44.088,98,1,36.139,-120.368332,173.925003,11,600,58,3,"e00fce6850cac69f647dc199",2026-08-19 06:00:04.991,2026-08-19 06:00:05.411,2026-08-19 06:00:05.411,2026-08-19
"361","CTAqbf505Y","MOOSPMv3Parser",1787119801,8,8,6,11,11,7,7,12,12,7,1754,412,136507,71,50,6,50,50,26,34,50,0,29,29,38,40,29.327,261,2,36.762722,-119.798904,93.889,5,600,58,3,"e00fce68e88237db75a60608",2026-08-19 06:10:02.59,2026-08-19 06:10:02.808,2026-08-19 06:10:02.808,2026-08-19
"362","wB5EPd0koJ","MOOSPMv3Parser",1787119800,0,0,5,3,3,5,5,3,3,5,332,237,61838,45,36,5,36,36,25,34,36,0,26,27,38,38,23.73,223,1,36.138962,-120.368416,173.845993,9,600,58,3,"e00fce68d6b773b56ce8baa0",2026-08-19 06:10:02.673,2026-08-19 06:10:02.879,2026-08-19 06:10:02.879,2026-08-19
"363","ALiGbYGRlY","MOOSPMv3Parser",1787119800,5,5,5,8,8,6,6,9,9,6,1108,315,88140,57,41,3,41,41,27,24,41,1,29,31,33,33,33.476,89,3277,2.5e-05,-0.004246,1378.108032,7,600,58,3,"e00fce68e28dcbc9a589be10",2026-08-19 06:10:03.143,2026-08-19 06:10:03.321,2026-08-19 06:10:03.321,2026-08-19
"364","vY5uKtvLLF","MOOSPMv3Parser",1787119800,8,8,6,12,12,6,6,13,13,6,1674,460,88940,80,47,6,47,47,24,47,47,0,26,27,52,50,4.788,257,1,35.949497,-119.049965,124.429001,5,600,58,3,"e00fce6808784ceaf209f949",2026-08-19 06:10:03.558,2026-08-19 06:10:03.754,2026-08-19 06:10:03.754,2026-08-19
"365","CqXs2z3YLh","MOOSPMv3Parser",1787119801,6,6,6,10,10,7,7,11,11,7,1160,356,41594,64,49,7,49,49,0,0,49,0,26,28,46,45,16.777,96,1,36.433567,-119.92337,23.284,10,600,58,3,"e00fce6876826e255108c6bd",2026-08-19 06:10:03.705,2026-08-19 06:10:03.885,2026-08-19 06:10:03.885,2026-08-19
"366","ocB3bQqM8O","MOOSPMv3Parser",1787119800,15,15,9,19,19,10,11,20,20,11,2792,765,140367,96,70,5,71,71,23,62,71,1,24,25,64,58,0.395,363,1,36.523434,-119.278854,102.110001,7,600,58,3,"e00fce68f12da1a0c5de6248",2026-08-19 06:10:04.095,2026-08-19 06:10:04.23,2026-08-19 06:10:04.23,2026-08-19
"367","I5ranhLTG5","MOOSPMv3Parser",1787119801,7,7,0,12,12,0,0,13,13,0,1564,415,0,79,0,7,0,0,26,28,0,2,29,29,36,38,22.889,210,7,36.1875,-119.822037,25.773001,12,600,58,3,"e00fce68e739ecbcf9e91965",2026-08-19 06:10:04.07,2026-08-19 06:10:04.248,2026-08-19 06:10:04.248,2026-08-19
"368","z4ihWbhZ3w","MOOSPMv3Parser",1787119801,0,0,2,1,1,2,2,2,2,2,299,200,14318,33,18,2,18,18,26,34,18,0,27,28,37,35,27.533,159,1,36.139015,-120.368393,172.425995,12,600,58,3,"e00fce686dc2ef0a68fa40b0",2026-08-19 06:10:04.51,2026-08-19 06:10:04.675,2026-08-19 06:10:04.675,2026-08-19
"369","muak2ERp8U","MOOSPMv3Parser",1787119801,4,4,5,7,7,5,5,7,7,5,1023,261,67504,46,38,3,38,38,24,30,38,0,29,27,32,39,39.351,157,2,36.139042,-120.36837,163.501999,12,600,58,3,"e00fce6850cac69f647dc199",2026-08-19 06:10:05.149,2026-08-19 06:10:05.343,2026-08-19 06:10:05.343,2026-08-19
"370","vzyvcweoNB","MOOSPMv3Parser",1787120401,8,8,6,12,12,7,7,12,12,7,1803,428,136551,73,49,6,50,50,26,35,50,0,29,29,38,40,29.976,247,2,36.762657,-119.798737,49.273998,12,600,58,3,"e00fce68e88237db75a60608",2026-08-19 06:20:02.632,2026-08-19 06:20:02.903,2026-08-19 06:20:02.903,2026-08-19
"371","RmGw092ODs","MOOSPMv3Parser",1787120400,0,0,5,3,3,5,5,3,3,5,332,238,61869,42,36,4,37,37,25,34,37,0,26,27,38,38,20.833,261,1,36.139011,-120.368385,175.128006,11,600,58,3,"e00fce68d6b773b56ce8baa0",2026-08-19 06:20:03.085,2026-08-19 06:20:03.237,2026-08-19 06:20:03.237,2026-08-19
"372","TXMAYVXdxr","MOOSPMv3Parser",1787120400,5,5,5,7,7,5,5,8,8,5,1021,290,88173,51,38,3,38,38,27,22,38,1,29,30,31,32,34.985,48,3277,2.5e-05,-0.004246,1378.108032,7,600,58,3,"e00fce68e28dcbc9a589be10",2026-08-19 06:20:03.035,2026-08-19 06:20:03.246,2026-08-19 06:20:03.246,2026-08-19
"373","YiZWNe1HbE","MOOSPMv3Parser",1787120401,0,0,2,1,1,2,2,2,2,2,303,204,14333,34,18,2,18,18,25,34,18,0,26,28,37,35,24.487,190,1,36.138996,-120.368401,163.306,10,600,58,3,"e00fce686dc2ef0a68fa40b0",2026-08-19 06:20:03.541,2026-08-19 06:20:03.707,2026-08-19 06:20:03.707,2026-08-19
"374","ZNFpYvDR5Z","MOOSPMv3Parser",1787120400,8,8,6,13,13,7,7,14,14,8,1703,463,88983,82,50,6,51,51,24,50,51,0,26,27,55,53,5.152,251,1,35.949554,-119.049896,130.630005,6,600,58,3,"e00fce6808784ceaf209f949",2026-08-19 06:20:03.551,2026-08-19 06:20:03.715,2026-08-19 06:20:03.715,2026-08-19
"375","aaNFhvjwbI","MOOSPMv3Parser",1787120401,6,6,6,9,9,6,6,10,10,6,1152,357,41636,61,48,3,48,48,0,0,48,0,26,27,45,44,15.768,96,1,36.433681,-119.923286,22.691,7,600,58,3,"e00fce6876826e255108c6bd",2026-08-19 06:20:03.692,2026-08-19 06:20:03.927,2026-08-19 06:20:03.927,2026-08-19
"376","tGEt3hSjFA","MOOSPMv3Parser",1787120401,7,7,0,10,10,0,0,12,12,0,1503,394,0,72,0,5,0,0,26,27,0,2,28,29,36,37,23.836,197,8,36.187473,-119.822182,21.096001,12,600,58,3,"e00fce68e739ecbcf9e91965",2026-08-19 06:20:04.006,2026-08-19 06:20:04.149,2026-08-19 06:20:04.149,2026-08-19
"377","6b0vB5VDHW","MOOSPMv3Parser",1787120401,4,4,5,7,7,5,5,7,7,5,1036,265,67536,50,36,3,37,37,24,29,37,0,29,26,32,39,34.641,230,1,36.13903,-120.368484,180.487,10,600,58,3,"e00fce6850cac69f647dc199",2026-08-19 06:20:05.382,2026-08-19 06:20:05.535,2026-08-19 06:20:05.535,2026-08-19
"378","hGokVAqwJA","MOOSPMv3Parser",1787120400,16,16,9,21,21,11,11,22,22,11,3123,853,140430,96,73,5,74,74,22,61,74,1,23,25,64,57,0.269,362,1,36.523434,-119.278854,102.112999,0,600,58,3,"e00fce68f12da1a0c5de6248",2026-08-19 06:20:07.312,2026-08-19 06:20:07.488,2026-08-19 06:20:07.488,2026-08-19
"379","nyEGF70bz4","MOOSPMv3Parser",1787121001,7,7,6,11,11,7,7,11,11,7,1752,409,136594,70,50,5,50,50,26,36,50,0,29,29,39,41,31.033,205,2,36.762714,-119.798729,55.162998,9,600,58,3,"e00fce68e88237db75a60608",2026-08-19 06:30:02.604,2026-08-19 06:30:02.777,2026-08-19 06:30:02.777,2026-08-19
"380","zE7jYBf49Z","MOOSPMv3Parser",1787121000,0,0,5,3,3,5,5,3,3,5,330,238,61899,45,36,4,36,36,24,35,36,0,26,27,38,39,24.189,206,1,36.139,-120.368408,163.524002,8,600,58,3,"e00fce68d6b773b56ce8baa0",2026-08-19 06:30:02.862,2026-08-19 06:30:03.074,2026-08-19 06:30:03.074,2026-08-19
"381","ZFeyCMm0KW","MOOSPMv3Parser",1787121000,5,5,5,7,7,5,5,8,8,5,1016,292,88203,50,35,2,36,36,27,22,36,1,29,30,31,31,37.048,27,3277,2.5e-05,-0.004246,1378.108032,7,600,58,3,"e00fce68e28dcbc9a589be10",2026-08-19 06:30:03.139,2026-08-19 06:30:03.323,2026-08-19 06:30:03.323,2026-08-19
"382","EF6Ovcncnu","MOOSPMv3Parser",1787121000,17,17,9,21,21,10,10,22,22,10,3186,873,140491,99,71,5,71,71,22,61,71,0,23,25,62,57,1.01,324,1,36.523445,-119.278793,95.778999,6,600,58,3,"e00fce68f12da1a0c5de6248",2026-08-19 06:30:03.338,2026-08-19 06:30:03.556,2026-08-19 06:30:03.556,2026-08-19
"383","EGFrHPOedX","MOOSPMv3Parser",1787121000,9,9,6,13,13,7,7,14,14,7,1741,474,89024,83,47,6,47,47,24,50,48,0,25,26,54,51,2.289,265,1,35.9496,-119.049896,126.855003,6,600,58,3,"e00fce6808784ceaf209f949",2026-08-19 06:30:03.482,2026-08-19 06:30:03.667,2026-08-19 06:30:03.667,2026-08-19
"384","U3BLepZfMY","MOOSPMv3Parser",1787121001,6,6,7,10,10,7,7,12,12,7,1220,378,41682,71,53,7,53,53,0,0,53,0,26,27,45,44,11.622,250,1,36.433647,-119.923347,41.556999,6,600,58,3,"e00fce6876826e255108c6bd",2026-08-19 06:30:03.563,2026-08-19 06:30:03.719,2026-08-19 06:30:03.719,2026-08-19
"385","81HCSLXGJd","MOOSPMv3Parser",1787121001,0,0,2,1,1,3,3,1,1,3,294,198,14349,32,20,2,20,20,25,35,20,0,26,28,38,36,29.101,135,1,36.138878,-120.368378,168.072998,12,600,58,3,"e00fce686dc2ef0a68fa40b0",2026-08-19 06:30:03.79,2026-08-19 06:30:03.955,2026-08-19 06:30:03.955,2026-08-19
"386","LXPsIndgMx","MOOSPMv3Parser",1787121001,6,6,0,11,11,0,0,12,12,0,1435,375,0,74,0,8,0,0,26,27,0,2,28,29,36,37,22.713,197,8,36.187496,-119.82209,27.941,12,600,58,3,"e00fce68e739ecbcf9e91965",2026-08-19 06:30:03.853,2026-08-19 06:30:04.032,2026-08-19 06:30:04.032,2026-08-19
"387","gwXSI2xlEQ","MOOSPMv3Parser",1787121001,4,4,5,7,7,5,5,7,7,5,1020,256,67568,45,37,3,37,37,24,30,37,0,29,26,33,40,40.939,149,2,36.139065,-120.368439,168.009003,7,600,58,3,"e00fce6850cac69f647dc199",2026-08-19 06:30:04.663,2026-08-19 06:30:04.804,2026-08-19 06:30:04.804,2026-08-19
"388","ywHCO6c7kd","MOOSPMv3Parser",1787121601,8,8,6,11,11,7,7,11,11,7,1720,408,136638,68,51,4,51,51,26,37,51,0,29,29,39,42,31.715,183,2,36.762699,-119.798767,63.268002,14,600,58,3,"e00fce68e88237db75a60608",2026-08-19 06:40:02.632,2026-08-19 06:40:02.795,2026-08-19 06:40:02.795,2026-08-19
"389","VgCpNRmHK6","MOOSPMv3Parser",1787121600,4,4,4,6,6,5,5,7,7,5,930,261,88233,48,34,3,34,34,27,21,34,1,29,30,30,31,38.548,11,3277,2.5e-05,-0.004246,1378.108032,7,600,58,3,"e00fce68e28dcbc9a589be10",2026-08-19 06:40:02.979,2026-08-19 06:40:03.181,2026-08-19 06:40:03.181,2026-08-19
"390","4LfygI3fjj","MOOSPMv3Parser",1787121600,0,0,5,3,3,5,5,3,3,5,327,235,61930,43,37,4,37,37,24,35,37,0,27,27,37,39,27.468,146,2,36.139,-120.368408,163.524002,0,600,58,3,"e00fce68d6b773b56ce8baa0",2026-08-19 06:40:03.006,2026-08-19 06:40:03.213,2026-08-19 06:40:03.213,2026-08-19
"391","k0oEh0rPQK","MOOSPMv3Parser",1787121600,19,19,10,24,24,11,11,26,26,11,3614,993,140557,113,75,6,76,76,22,64,76,0,23,24,66,59,0.202,327,1,36.523399,-119.278809,96.486,7,600,58,3,"e00fce68f12da1a0c5de6248",2026-08-19 06:40:03.294,2026-08-19 06:40:03.531,2026-08-19 06:40:03.531,2026-08-19
"392","F5LomJqwpy","MOOSPMv3Parser",1787121601,5,5,6,8,8,6,6,9,9,6,1042,323,41721,57,45,3,45,45,0,0,45,0,25,27,44,44,11.528,481,1,36.43367,-119.923355,36.851002,6,600,58,3,"e00fce6876826e255108c6bd",2026-08-19 06:40:03.572,2026-08-19 06:40:03.709,2026-08-19 06:40:03.709,2026-08-19
"393","iCJFpa9VOd","MOOSPMv3Parser",1787121600,8,8,6,12,12,6,6,12,12,6,1652,447,89061,73,44,5,44,44,23,52,44,0,25,26,56,52,4.599,249,1,35.949631,-119.04995,116.945999,4,600,58,3,"e00fce6808784ceaf209f949",2026-08-19 06:40:03.54,2026-08-19 06:40:03.727,2026-08-19 06:40:03.727,2026-08-19
"394","W1bkZNYggs","MOOSPMv3Parser",1787121601,6,6,0,10,10,0,0,11,11,0,1396,367,0,65,0,7,0,0,26,27,0,2,28,28,36,37,22.109,195,8,36.187492,-119.822014,27.118,12,600,58,3,"e00fce68e739ecbcf9e91965",2026-08-19 06:40:03.936,2026-08-19 06:40:04.172,2026-08-19 06:40:04.172,2026-08-19
"395","2hKUHwEda4","MOOSPMv3Parser",1787121601,0,0,2,1,1,2,2,1,1,2,299,199,14365,32,18,2,18,18,25,35,18,0,27,28,37,36,31.992,89,1,36.138992,-120.368347,168.059006,11,600,58,3,"e00fce686dc2ef0a68fa40b0",2026-08-19 06:40:04.263,2026-08-19 06:40:04.457,2026-08-19 06:40:04.457,2026-08-19
"396","sMtus8VeHk","MOOSPMv3Parser",1787121601,4,4,5,6,6,5,5,7,7,5,1041,263,67601,45,38,2,38,38,24,30,38,0,29,26,33,40,46.977,75,2,36.139034,-120.36837,168.559998,8,600,58,3,"e00fce6850cac69f647dc199",2026-08-19 06:40:04.819,2026-08-19 06:40:05.021,2026-08-19 06:40:05.021,2026-08-19
"397","9Y6AkJX1VT","MOOSPMv3Parser",1787122201,8,8,6,11,11,7,7,12,12,7,1763,413,136682,74,50,4,50,50,26,38,50,0,28,29,40,43,31.751,189,2,36.762707,-119.798737,52.592999,11,600,58,3,"e00fce68e88237db75a60608",2026-08-19 06:50:02.6,2026-08-19 06:50:02.789,2026-08-19 06:50:02.789,2026-08-19
"398","7dQe0c9ftc","MOOSPMv3Parser",1787122200,0,0,5,3,3,5,5,3,3,5,329,234,61961,44,37,5,37,37,24,34,37,0,27,27,36,39,27.621,134,2,36.13903,-120.368347,169.565994,9,600,58,3,"e00fce68d6b773b56ce8baa0",2026-08-19 06:50:02.676,2026-08-19 06:50:02.89,2026-08-19 06:50:02.89,2026-08-19
"399","GSJRnVeFEo","MOOSPMv3Parser",1787122200,4,4,4,7,7,5,5,7,7,5,935,264,88261,48,33,3,34,34,27,21,34,1,29,30,29,31,38.732,8,3277,2.5e-05,-0.004246,1378.108032,7,600,58,3,"e00fce68e28dcbc9a589be10",2026-08-19 06:50:03.053,2026-08-19 06:50:03.204,2026-08-19 06:50:03.204,2026-08-19
"400","xA8IPetRdm","MOOSPMv3Parser",1787122200,9,9,6,13,13,7,7,14,14,7,1736,477,89104,82,49,6,49,49,23,53,49,0,24,26,57,53,3.276,243,1,35.949528,-119.049957,109.787003,5,600,58,3,"e00fce6808784ceaf209f949",2026-08-19 06:50:03.543,2026-08-19 06:50:03.786,2026-08-19 06:50:03.786,2026-08-19
"401","xvkXUsiUBX","MOOSPMv3Parser",1787122201,5,5,5,8,8,6,6,9,9,6,987,307,41757,60,41,6,41,41,0,0,41,0,25,26,44,44,12.617,268,1,36.43359,-119.923363,37.578999,6,600,58,3,"e00fce6876826e255108c6bd",2026-08-19 06:50:03.732,2026-08-19 06:50:03.916,2026-08-19 06:50:03.916,2026-08-19
"402","Vxa94noDBB","MOOSPMv3Parser",1787122200,16,16,9,21,21,9,9,21,21,9,3114,856,140617,96,68,4,69,69,22,62,69,0,24,24,60,57,1.864,299,1,36.523159,-119.278854,100.597,6,600,58,3,"e00fce68f12da1a0c5de6248",2026-08-19 06:50:03.882,2026-08-19 06:50:04.046,2026-08-19 06:50:04.046,2026-08-19
"403","a5MgxTkc4i","MOOSPMv3Parser",1787122201,6,6,0,11,11,0,0,12,12,0,1402,364,0,66,0,9,0,0,26,27,0,2,27,28,36,37,20.586,201,8,36.187485,-119.822151,24.82,13,600,58,3,"e00fce68e739ecbcf9e91965",2026-08-19 06:50:04.012,2026-08-19 06:50:04.199,2026-08-19 06:50:04.199,2026-08-19
"404","UYKlVSRF8Q","MOOSPMv3Parser",1787122201,0,0,2,1,1,3,3,1,1,3,296,200,14380,32,19,2,19,19,25,35,19,0,27,28,36,36,33.782,77,2,36.139038,-120.368462,179.694,10,600,58,3,"e00fce686dc2ef0a68fa40b0",2026-08-19 06:50:04.454,2026-08-19 06:50:04.676,2026-08-19 06:50:04.676,2026-08-19
"405","aKw3vdhjjB","MOOSPMv3Parser",1787122201,4,4,5,7,7,5,5,7,7,5,1003,252,67633,47,37,3,37,37,24,30,37,0,29,26,32,40,49.276,57,2,36.138985,-120.368324,173.630005,5,600,58,3,"e00fce6850cac69f647dc199",2026-08-19 06:50:05.051,2026-08-19 06:50:05.197,2026-08-19 06:50:05.197,2026-08-19
"406","Xf9YX9s0HD","MOOSPMv3Parser",1787122801,8,8,7,12,12,7,7,12,12,7,1776,424,136727,75,51,5,52,52,25,39,52,0,28,28,41,43,30.564,215,2,36.762726,-119.798767,61.570999,11,600,58,3,"e00fce68e88237db75a60608",2026-08-19 07:00:02.544,2026-08-19 07:00:02.965,2026-08-19 07:00:02.965,2026-08-19
"407","pauXVmdCMo","MOOSPMv3Parser",1787122800,0,0,5,3,3,5,5,3,3,5,327,231,61991,42,36,4,36,36,24,34,36,0,26,27,37,38,26.995,167,2,36.139034,-120.368431,170.962006,7,600,58,3,"e00fce68d6b773b56ce8baa0",2026-08-19 07:00:03.039,2026-08-19 07:00:03.506,2026-08-19 07:00:03.506,2026-08-19
"408","8F9CoVd1DS","MOOSPMv3Parser",1787122800,4,4,4,7,7,5,5,7,7,5,938,270,88291,50,34,4,34,34,27,20,34,1,29,30,30,31,38.911,10,3277,2.5e-05,-0.004246,1378.108032,7,600,58,3,"e00fce68e28dcbc9a589be10",2026-08-19 07:00:02.997,2026-08-19 07:00:03.692,2026-08-19 07:00:03.692,2026-08-19
"409","wGGl85TBKF","MOOSPMv3Parser",1787122801,0,0,2,1,1,3,3,1,1,3,296,193,14397,33,19,3,19,19,25,35,19,0,27,28,37,36,33.609,103,2,36.13903,-120.368393,176.819,7,600,58,3,"e00fce686dc2ef0a68fa40b0",2026-08-19 07:00:03.487,2026-08-19 07:00:03.801,2026-08-19 07:00:03.801,2026-08-19
"410","mi5RDbQpyg","MOOSPMv3Parser",1787122800,8,8,6,12,12,6,6,12,12,6,1593,430,89143,73,46,5,46,46,23,50,46,0,24,25,53,50,7.117,228,1,35.949593,-119.04998,107.903999,5,600,58,3,"e00fce6808784ceaf209f949",2026-08-19 07:00:03.576,2026-08-19 07:00:03.848,2026-08-19 07:00:03.848,2026-08-19
"411","W2Tnz3IVPZ","MOOSPMv3Parser",1787122801,4,4,5,7,7,5,5,8,8,5,908,279,41789,51,37,4,37,37,1,0,37,0,25,26,44,44,15.429,96,1,36.433598,-119.923279,33.486,5,600,58,3,"e00fce6876826e255108c6bd",2026-08-19 07:00:03.715,2026-08-19 07:00:04.065,2026-08-19 07:00:04.065,2026-08-19
"412","m2hq3VZGA8","MOOSPMv3Parser",1787122801,6,6,0,10,10,0,0,11,11,0,1350,354,0,73,0,7,0,0,25,26,0,2,28,28,35,37,20.103,202,7,36.187485,-119.822075,28.82,12,600,58,3,"e00fce68e739ecbcf9e91965",2026-08-19 07:00:04.009,2026-08-19 07:00:04.238,2026-08-19 07:00:04.238,2026-08-19
"413","KhLIXEkH2t","MOOSPMv3Parser",1787122801,4,4,5,7,7,5,5,7,7,5,1024,259,67665,49,37,3,37,37,24,30,37,0,29,26,32,39,46.652,72,2,36.138992,-120.368416,177.352997,14,600,58,3,"e00fce6850cac69f647dc199",2026-08-19 07:00:05.551,2026-08-19 07:00:07.642,2026-08-19 07:00:07.642,2026-08-19
"414","XfMU3m4vVT","MOOSPMv3Parser",1787122800,14,14,8,18,18,8,9,19,19,9,2666,732,140672,90,63,5,63,63,22,62,63,0,24,24,60,58,3.436,304,1,36.523243,-119.278801,80.461998,6,600,58,3,"e00fce68f12da1a0c5de6248",2026-08-19 07:00:08.539,2026-08-19 07:00:09.581,2026-08-19 07:00:09.581,2026-08-19
"415","d579l0Wb9k","MOOSPMv3Parser",1787123401,8,8,7,12,12,7,7,12,12,7,1826,438,136774,73,53,6,54,54,25,41,54,0,27,28,43,44,28.325,253,2,36.762726,-119.798767,61.567001,0,600,58,3,"e00fce68e88237db75a60608",2026-08-19 07:10:02.606,2026-08-19 07:10:02.812,2026-08-19 07:10:02.812,2026-08-19
"416","UM72u1MNdn","MOOSPMv3Parser",1787123400,4,4,4,7,7,4,5,7,7,5,934,264,88319,45,33,3,33,33,27,20,33,1,29,30,30,31,38.818,11,3277,2.5e-05,-0.004246,1378.108032,7,600,58,3,"e00fce68e28dcbc9a589be10",2026-08-19 07:10:03.058,2026-08-19 07:10:03.294,2026-08-19 07:10:03.294,2026-08-19
"417","eoRCgpzt7m","MOOSPMv3Parser",1787123400,0,0,5,2,2,5,5,3,3,5,324,233,62022,43,37,3,37,37,24,35,37,0,26,27,38,40,25.9,201,2,36.138988,-120.368416,155.725998,7,600,58,3,"e00fce68d6b773b56ce8baa0",2026-08-19 07:10:02.894,2026-08-19 07:10:03.522,2026-08-19 07:10:03.522,2026-08-19
"418","cpwljfvErc","MOOSPMv3Parser",1787123400,13,13,8,16,16,9,9,17,17,9,2469,678,140727,80,64,4,64,64,22,64,64,0,24,24,62,60,2.299,314,1,36.523304,-119.278816,86.704002,8,600,58,3,"e00fce68f12da1a0c5de6248",2026-08-19 07:10:03.395,2026-08-19 07:10:03.622,2026-08-19 07:10:03.622,2026-08-19
"419","fmpLERn2GH","MOOSPMv3Parser",1787123400,7,7,5,9,9,5,5,10,10,5,1357,372,89177,59,39,3,39,39,23,45,39,0,24,25,47,46,9.376,207,1,35.949501,-119.04995,141.279007,6,600,58,3,"e00fce6808784ceaf209f949",2026-08-19 07:10:03.485,2026-08-19 07:10:03.707,2026-08-19 07:10:03.707,2026-08-19
"420","PIiHiv1alE","MOOSPMv3Parser",1787123401,0,0,2,1,1,2,2,1,1,2,297,197,14412,32,18,2,18,18,25,35,18,0,26,27,37,37,32.015,140,2,36.138943,-120.368416,169.658997,7,600,58,3,"e00fce686dc2ef0a68fa40b0",2026-08-19 07:10:03.779,2026-08-19 07:10:03.999,2026-08-19 07:10:03.999,2026-08-19
"421","YEpfKivqha","MOOSPMv3Parser",1787123401,4,4,5,7,7,5,5,7,7,5,874,266,41820,47,36,4,36,36,0,0,36,0,25,26,45,45,16.392,96,1,36.433586,-119.923294,44.070999,6,600,58,3,"e00fce6876826e255108c6bd",2026-08-19 07:10:03.873,2026-08-19 07:10:04.059,2026-08-19 07:10:04.059,2026-08-19
"422","GKicc2AkPL","MOOSPMv3Parser",1787123401,6,6,0,10,10,0,0,11,11,0,1322,344,0,68,0,7,0,0,25,27,0,2,27,28,36,37,19.872,197,7,36.187405,-119.821953,39.312,6,600,58,3,"e00fce68e739ecbcf9e91965",2026-08-19 07:10:03.922,2026-08-19 07:10:04.084,2026-08-19 07:10:04.084,2026-08-19
"423","sKykutq6Gf","MOOSPMv3Parser",1787123401,4,4,5,7,7,5,5,7,7,5,1080,267,67697,47,37,3,37,37,24,30,37,0,29,26,32,40,46.039,109,2,36.138992,-120.368416,177.352997,0,600,58,3,"e00fce6850cac69f647dc199",2026-08-19 07:10:04.351,2026-08-19 07:10:04.497,2026-08-19 07:10:04.497,2026-08-19
"424","vVDOzzAh7k","MOOSPMv3Parser",1787124001,8,8,7,12,12,7,7,12,12,7,1841,436,136821,76,53,6,54,54,25,44,54,0,27,27,45,46,26.074,282,2,36.762737,-119.798782,54.015999,11,600,58,3,"e00fce68e88237db75a60608",2026-08-19 07:20:02.532,2026-08-19 07:20:02.769,2026-08-19 07:20:02.769,2026-08-19
"425","wnWXWNlUXV","MOOSPMv3Parser",1787124000,0,0,5,2,2,5,5,3,3,5,326,232,62053,41,37,4,37,37,24,36,37,0,26,26,39,40,23.98,249,2,36.139069,-120.368301,178.287994,5,600,58,3,"e00fce68d6b773b56ce8baa0",2026-08-19 07:20:02.845,2026-08-19 07:20:03.139,2026-08-19 07:20:03.139,2026-08-19
"426","dNYdiGQB53","MOOSPMv3Parser",1787124000,4,4,4,6,6,4,4,6,6,4,901,254,88347,45,33,2,33,33,27,21,33,1,29,30,30,31,38.593,11,3277,2.5e-05,-0.004246,1378.108032,7,600,58,3,"e00fce68e28dcbc9a589be10",2026-08-19 07:20:03.088,2026-08-19 07:20:03.309,2026-08-19 07:20:03.309,2026-08-19
"427","q91HJkxo1J","MOOSPMv3Parser",1787124000,12,12,8,16,16,8,8,17,17,8,2373,657,140780,83,61,4,61,61,22,62,61,0,24,24,60,58,3.768,305,1,36.523323,-119.278801,87.188004,6,600,58,3,"e00fce68f12da1a0c5de6248",2026-08-19 07:20:03.339,2026-08-19 07:20:03.541,2026-08-19 07:20:03.541,2026-08-19
"428","eRr6ONfVgq","MOOSPMv3Parser",1787124000,6,6,4,9,9,5,5,10,10,5,1310,359,89207,60,35,4,35,35,23,44,35,0,24,25,49,48,11.324,193,1,35.949558,-119.049904,132.214005,5,600,58,3,"e00fce6808784ceaf209f949",2026-08-19 07:20:03.54,2026-08-19 07:20:03.693,2026-08-19 07:20:03.693,2026-08-19
"429","1pOlNvT4ho","MOOSPMv3Parser",1787124001,4,4,5,7,7,5,5,8,8,5,883,273,41854,47,38,4,39,39,0,0,39,0,24,26,46,45,15.994,96,1,36.433601,-119.923317,46.377998,5,600,58,3,"e00fce6876826e255108c6bd",2026-08-19 07:20:03.633,2026-08-19 07:20:03.779,2026-08-19 07:20:03.779,2026-08-19
"430","fOHpsIDTZF","MOOSPMv3Parser",1787124001,6,6,0,9,9,0,0,9,9,0,1266,329,0,59,0,4,0,0,25,27,0,2,27,28,36,37,22.226,170,8,36.187492,-119.822067,36.252998,8,600,58,3,"e00fce68e739ecbcf9e91965",2026-08-19 07:20:03.846,2026-08-19 07:20:04.026,2026-08-19 07:20:04.026,2026-08-19
"431","tUTMXRsVl5","MOOSPMv3Parser",1787124001,0,0,2,1,1,3,3,2,2,3,300,198,14428,33,19,3,19,19,24,36,19,0,26,27,39,38,28.288,194,2,36.138943,-120.368416,169.664001,0,600,58,3,"e00fce686dc2ef0a68fa40b0",2026-08-19 07:20:04.17,2026-08-19 07:20:04.41,2026-08-19 07:20:04.41,2026-08-19
"432","cK4o2F6kHk","MOOSPMv3Parser",1787124001,4,4,5,6,6,5,5,7,7,5,1001,253,67729,46,37,3,37,37,23,32,37,0,29,26,33,41,40.693,210,2,36.139069,-120.368431,171.194,10,600,58,3,"e00fce6850cac69f647dc199",2026-08-19 07:20:04.742,2026-08-19 07:20:04.894,2026-08-19 07:20:04.894,2026-08-19
"433","RogfsCuoRg","MOOSPMv3Parser",1787124601,8,8,7,11,11,7,7,12,12,7,1797,426,136870,73,56,5,56,56,24,45,56,0,27,27,46,47,24.689,295,2,36.762703,-119.798782,53.056,7,600,58,3,"e00fce68e88237db75a60608",2026-08-19 07:30:02.783,2026-08-19 07:30:03.026,2026-08-19 07:30:03.026,2026-08-19
"434","sX2HpZzlu1","MOOSPMv3Parser",1787124600,4,4,4,7,7,4,4,7,7,4,878,253,88374,46,31,3,31,31,26,21,31,1,29,30,30,31,38.25,11,3277,2.5e-05,-0.004246,1378.108032,7,600,58,3,"e00fce68e28dcbc9a589be10",2026-08-19 07:30:03.053,2026-08-19 07:30:03.292,2026-08-19 07:30:03.292,2026-08-19
"435","efmcxsRQbO","MOOSPMv3Parser",1787124600,13,13,8,16,16,8,8,17,17,8,2463,674,140833,80,61,4,61,61,22,63,61,0,23,24,62,58,2.587,309,1,36.523399,-119.27877,97.566002,7,600,58,3,"e00fce68f12da1a0c5de6248",2026-08-19 07:30:03.448,2026-08-19 07:30:03.625,2026-08-19 07:30:03.625,2026-08-19
"436","6ksenKru0G","MOOSPMv3Parser",1787124601,5,5,5,8,8,5,5,9,9,5,941,290,41887,53,39,7,39,39,0,0,39,0,24,25,46,45,15.328,96,1,36.433647,-119.923363,28.537001,6,600,58,3,"e00fce6876826e255108c6bd",2026-08-19 07:30:03.703,2026-08-19 07:30:03.858,2026-08-19 07:30:03.858,2026-08-19
"437","VS5mEu0Pai","MOOSPMv3Parser",1787124600,6,6,5,10,10,5,5,10,10,5,1348,364,89240,61,38,4,38,38,22,45,38,0,24,25,48,48,13.992,178,1,35.949604,-119.04998,102.442001,6,600,58,3,"e00fce6808784ceaf209f949",2026-08-19 07:30:03.711,2026-08-19 07:30:03.89,2026-08-19 07:30:03.89,2026-08-19
"438","rfvKEawVy6","MOOSPMv3Parser",1787124601,6,6,0,9,9,0,0,10,10,0,1279,334,0,57,0,4,0,0,25,28,0,2,27,27,37,38,24.097,152,10,36.187492,-119.822067,36.25,0,600,58,3,"e00fce68e739ecbcf9e91965",2026-08-19 07:30:03.998,2026-08-19 07:30:04.151,2026-08-19 07:30:04.151,2026-08-19
"439","pleg4IqZMm","MOOSPMv3Parser",1787124600,0,0,5,3,3,5,5,3,3,5,322,230,62084,44,36,5,36,36,24,36,36,0,25,26,40,40,23.01,240,1,36.13903,-120.368385,170.610992,6,600,58,3,"e00fce68d6b773b56ce8baa0",2026-08-19 07:30:04.019,2026-08-19 07:30:04.174,2026-08-19 07:30:04.174,2026-08-19
"440","yJvAk0oLEM","MOOSPMv3Parser",1787124601,0,0,2,1,1,2,2,2,2,2,297,196,14443,33,18,2,18,18,24,36,18,0,26,27,39,37,26.43,180,2,36.139046,-120.368408,178.834,5,600,58,3,"e00fce686dc2ef0a68fa40b0",2026-08-19 07:30:04.352,2026-08-19 07:30:04.543,2026-08-19 07:30:04.543,2026-08-19
"441","Yu1GKwyAaC","MOOSPMv3Parser",1787124601,4,4,5,7,7,5,5,7,7,5,1001,255,67761,46,36,3,37,37,23,32,37,0,28,25,33,42,38.85,186,2,36.139053,-120.368454,183.354996,8,600,58,3,"e00fce6850cac69f647dc199",2026-08-19 07:30:05.057,2026-08-19 07:30:05.229,2026-08-19 07:30:05.229,2026-08-19
"442","ObGlaozto2","MOOSPMv3Parser",1787125200,5,5,5,8,8,5,5,9,9,5,1808,332,24326,55,36,4,36,36,24,29,36,0,25,26,37,39,39.326,43,3,36.503086,-120.325394,32.886002,5,599,58,3,"e00fce68e77e43df92405fdb",2026-08-19 07:40:02.02,2026-08-19 07:40:02.187,2026-08-19 07:40:02.187,2026-08-19
"443","ru9GeZlSxI","MOOSPMv3Parser",1787125201,8,8,7,12,12,7,7,12,12,7,1761,425,136917,76,54,5,54,54,24,46,54,0,26,27,46,47,24.282,298,2,36.762756,-119.798706,81.775002,6,600,58,3,"e00fce68e88237db75a60608",2026-08-19 07:40:02.855,2026-08-19 07:40:02.987,2026-08-19 07:40:02.987,2026-08-19
"444","QnZoeorfad","MOOSPMv3Parser",1787125200,0,0,5,2,2,5,5,2,2,5,312,222,62114,40,36,4,36,36,24,36,36,0,25,26,40,40,22.955,226,1,36.139061,-120.368385,138.716995,7,600,58,3,"e00fce68d6b773b56ce8baa0",2026-08-19 07:40:02.928,2026-08-19 07:40:03.165,2026-08-19 07:40:03.165,2026-08-19
"445","BqWMrQoUFn","MOOSPMv3Parser",1787125200,13,13,8,17,17,8,8,17,17,8,2491,683,140886,82,61,4,61,61,22,63,61,0,22,24,66,58,1.979,307,1,36.523399,-119.278831,93.436996,6,600,58,3,"e00fce68f12da1a0c5de6248",2026-08-19 07:40:03.316,2026-08-19 07:40:03.481,2026-08-19 07:40:03.481,2026-08-19
"446","WlI8IOPB9L","MOOSPMv3Parser",1787125200,4,4,4,7,7,4,4,7,7,4,919,261,88402,49,32,3,32,32,26,21,32,1,29,29,30,31,38.879,10,3277,2.5e-05,-0.004246,1378.108032,7,600,58,3,"e00fce68e28dcbc9a589be10",2026-08-19 07:40:03.329,2026-08-19 07:40:03.487,2026-08-19 07:40:03.487,2026-08-19
"447","BJCEfar8px","MOOSPMv3Parser",1787125200,6,6,5,9,9,5,5,9,9,5,1288,349,89273,59,38,4,38,38,22,44,38,0,24,25,48,47,19.87,131,1,35.949516,-119.049934,108.992996,5,600,58,3,"e00fce6808784ceaf209f949",2026-08-19 07:40:03.558,2026-08-19 07:40:03.725,2026-08-19 07:40:03.725,2026-08-19
"448","mxMxUmT09B","MOOSPMv3Parser",1787125201,0,0,2,2,2,2,2,2,2,2,294,199,14458,33,18,2,18,18,24,36,18,0,25,27,40,37,27.152,161,1,36.139046,-120.368446,183.414001,5,600,58,3,"e00fce686dc2ef0a68fa40b0",2026-08-19 07:40:03.649,2026-08-19 07:40:03.829,2026-08-19 07:40:03.829,2026-08-19
"449","VFIUqnUVJR","MOOSPMv3Parser",1787125200,4,4,5,7,7,5,5,9,9,5,919,282,41921,52,38,6,39,39,0,0,39,0,24,25,46,45,16.339,96,1,36.433647,-119.923363,28.539,0,600,58,3,"e00fce6876826e255108c6bd",2026-08-19 07:40:03.694,2026-08-19 07:40:03.841,2026-08-19 07:40:03.841,2026-08-19
"450","SzAyDdnZdx","MOOSPMv3Parser",1787125201,5,5,0,9,9,0,0,9,9,0,1210,315,0,62,0,5,0,0,24,29,0,2,26,27,38,39,23.5,168,11,36.187546,-119.821991,35.956001,8,600,58,3,"e00fce68e739ecbcf9e91965",2026-08-19 07:40:03.928,2026-08-19 07:40:04.124,2026-08-19 07:40:04.124,2026-08-19
"451","G0EFdZOPNH","MOOSPMv3Parser",1787125201,4,4,5,7,7,5,5,7,7,5,1055,267,67794,47,37,2,38,38,23,32,38,0,28,25,34,41,38.287,160,2,36.139042,-120.368431,185.619995,7,600,58,3,"e00fce6850cac69f647dc199",2026-08-19 07:40:05.702,2026-08-19 07:40:05.949,2026-08-19 07:40:05.949,2026-08-19
"452","PzHXfoGv6k","MOOSPMv3Parser",1787125800,6,6,5,9,9,5,6,10,10,6,1762,344,24318,59,37,5,38,38,23,30,38,0,25,26,38,40,38.115,55,3,36.503086,-120.325394,32.882,0,600,58,3,"e00fce68e77e43df92405fdb",2026-08-19 07:50:02.062,2026-08-19 07:50:02.198,2026-08-19 07:50:02.198,2026-08-19
"453","tm8BQ7a6tg","MOOSPMv3Parser",1787125801,7,7,7,11,11,7,7,12,12,7,1706,399,136962,72,52,8,52,52,24,47,52,0,26,26,46,48,25.195,281,2,36.762737,-119.798676,70.748001,8,600,58,3,"e00fce68e88237db75a60608",2026-08-19 07:50:02.685,2026-08-19 07:50:02.862,2026-08-19 07:50:02.862,2026-08-19
"454","7DE1XPyzV8","MOOSPMv3Parser",1787125800,0,0,4,3,3,5,5,3,3,5,322,233,62144,42,35,4,35,35,23,37,35,0,25,26,41,41,19.275,268,1,36.138988,-120.368477,150.285004,8,600,58,3,"e00fce68d6b773b56ce8baa0",2026-08-19 07:50:02.691,2026-08-19 07:50:02.898,2026-08-19 07:50:02.898,2026-08-19
"455","ARVp0FmJxe","MOOSPMv3Parser",1787125800,4,4,4,6,6,4,4,7,7,4,893,253,88429,43,32,3,33,33,26,21,33,1,28,29,31,31,38.38,8,3277,2.5e-05,-0.004246,1378.108032,7,600,58,3,"e00fce68e28dcbc9a589be10",2026-08-19 07:50:03.052,2026-08-19 07:50:03.24,2026-08-19 07:50:03.24,2026-08-19
"456","o6O9AM4vkB","MOOSPMv3Parser",1787125800,13,13,8,17,17,8,8,18,18,8,2531,703,140938,89,59,4,60,60,21,67,60,0,21,24,72,62,1.636,263,1,36.523323,-119.2789,89.853996,4,600,58,3,"e00fce68f12da1a0c5de6248",2026-08-19 07:50:03.448,2026-08-19 07:50:03.634,2026-08-19 07:50:03.634,2026-08-19
"457","byCreBhPsf","MOOSPMv3Parser",1787125800,6,6,4,8,8,5,5,9,9,5,1237,337,89303,53,35,3,35,35,22,43,35,0,24,25,47,46,20.261,127,1,35.94957,-119.049934,124.181,5,600,58,3,"e00fce6808784ceaf209f949",2026-08-19 07:50:03.478,2026-08-19 07:50:03.657,2026-08-19 07:50:03.657,2026-08-19
"458","Dp1ABAkwk9","MOOSPMv3Parser",1787125801,4,4,5,7,7,5,5,8,8,5,928,286,41954,51,38,5,39,39,0,0,39,0,24,25,46,46,16.035,96,1,36.433662,-119.923485,5.842,5,600,58,3,"e00fce6876826e255108c6bd",2026-08-19 07:50:03.711,2026-08-19 07:50:03.877,2026-08-19 07:50:03.877,2026-08-19
"459","eQCjHhfxtM","MOOSPMv3Parser",1787125801,5,5,0,9,9,0,0,10,10,0,1195,316,0,60,0,5,0,0,24,29,0,2,26,27,38,39,23.919,155,12,36.187477,-119.822067,20.427,10,600,58,3,"e00fce68e739ecbcf9e91965",2026-08-19 07:50:03.85,2026-08-19 07:50:04.067,2026-08-19 07:50:04.067,2026-08-19
"460","Q1dZYBn4Dr","MOOSPMv3Parser",1787125801,0,0,2,1,1,2,2,1,1,2,290,193,14473,32,18,2,18,18,24,37,18,0,25,27,41,39,23.546,226,1,36.139011,-120.3685,155.104004,6,600,58,3,"e00fce686dc2ef0a68fa40b0",2026-08-19 07:50:03.874,2026-08-19 07:50:04.076,2026-08-19 07:50:04.076,2026-08-19
"461","6WBAInPkZ2","MOOSPMv3Parser",1787125801,4,4,5,6,6,5,5,7,7,5,1004,254,67825,43,36,3,37,37,23,34,37,0,28,25,35,43,31.652,254,2,36.139034,-120.368462,155.261993,7,600,58,3,"e00fce6850cac69f647dc199",2026-08-19 07:50:04.417,2026-08-19 07:50:04.646,2026-08-19 07:50:04.646,2026-08-19
"462","LVkNGGuzCY","MOOSPMv3Parser",1787126400,6,6,5,9,9,6,6,10,10,6,1752,347,24353,56,40,4,41,41,23,31,41,0,25,25,39,41,37.465,64,3,36.503071,-120.325432,53.485001,5,600,58,3,"e00fce68e77e43df92405fdb",2026-08-19 08:00:01.873,2026-08-19 08:00:02.153,2026-08-19 08:00:02.153,2026-08-19
"463","Z8C7JeI9wN","MOOSPMv3Parser",1787126400,0,0,4,2,2,5,5,2,2,5,315,224,62173,40,35,3,35,35,23,36,35,0,25,25,40,40,18.15,282,1,36.139061,-120.368309,176.203003,6,600,58,3,"e00fce68d6b773b56ce8baa0",2026-08-19 08:00:02.94,2026-08-19 08:00:03.437,2026-08-19 08:00:03.437,2026-08-19
"464","d4kNIrgVVu","MOOSPMv3Parser",1787126401,7,7,7,10,10,7,7,11,11,7,1620,381,137008,67,52,4,52,52,24,47,52,0,26,26,46,48,24.475,267,2,36.762722,-119.79882,51.705002,8,600,58,3,"e00fce68e88237db75a60608",2026-08-19 08:00:02.919,2026-08-19 08:00:03.616,2026-08-19 08:00:03.616,2026-08-19
"465","ngaTQADfnK","MOOSPMv3Parser",1787126400,5,5,4,7,7,4,4,7,7,4,935,267,88456,48,31,3,31,31,26,21,31,1,28,29,31,32,38.016,8,3277,2.5e-05,-0.004246,1378.108032,7,600,58,3,"e00fce68e28dcbc9a589be10",2026-08-19 08:00:03.061,2026-08-19 08:00:03.663,2026-08-19 08:00:03.663,2026-08-19
"466","7c7kJNUkG3","MOOSPMv3Parser",1787126400,5,5,5,8,8,5,5,9,9,5,1191,320,89335,55,36,4,36,36,22,41,36,0,24,25,45,45,19.725,128,1,35.949585,-119.049965,95.177002,6,600,58,3,"e00fce6808784ceaf209f949",2026-08-19 08:00:03.487,2026-08-19 08:00:03.969,2026-08-19 08:00:03.969,2026-08-19
"467","un0sKpQnOp","MOOSPMv3Parser",1787126401,5,5,5,8,8,6,6,9,9,6,973,298,41992,58,43,6,43,43,0,0,43,0,23,25,47,46,14.263,96,1,36.433643,-119.923363,27.099001,6,600,58,3,"e00fce6876826e255108c6bd",2026-08-19 08:00:03.705,2026-08-19 08:00:04.133,2026-08-19 08:00:04.133,2026-08-19
"468","nQCxtdOotC","MOOSPMv3Parser",1787126401,5,5,0,9,9,0,0,10,10,0,1219,319,0,59,0,5,0,0,24,29,0,2,26,27,37,39,24.085,150,14,36.187534,-119.821999,36.980999,9,600,58,3,"e00fce68e739ecbcf9e91965",2026-08-19 08:00:03.876,2026-08-19 08:00:04.18,2026-08-19 08:00:04.18,2026-08-19
"469","fOSF4sD9B9","MOOSPMv3Parser",1787126401,0,0,2,1,1,2,2,1,1,2,287,189,14488,31,18,2,18,18,24,36,18,0,25,26,39,38,23.122,238,1,36.139069,-120.368469,160.514008,7,600,58,3,"e00fce686dc2ef0a68fa40b0",2026-08-19 08:00:04.102,2026-08-19 08:00:04.362,2026-08-19 08:00:04.362,2026-08-19
"470","GmShc67eat","MOOSPMv3Parser",1787126400,13,13,8,17,17,8,8,17,17,8,2503,683,140991,88,61,4,61,61,21,66,61,0,22,24,67,61,1.726,260,1,36.523323,-119.278809,90.047997,5,600,58,3,"e00fce68f12da1a0c5de6248",2026-08-19 08:00:03.403,2026-08-19 08:00:04.626,2026-08-19 08:00:04.626,2026-08-19
"471","PTIxba7ORc","MOOSPMv3Parser",1787126401,4,4,5,6,6,5,5,6,6,5,971,243,67857,44,36,2,36,36,22,33,36,0,28,25,34,42,29.222,305,1,36.138981,-120.368431,160.410004,7,600,58,3,"e00fce6850cac69f647dc199",2026-08-19 08:00:04.747,2026-08-19 08:00:04.973,2026-08-19 08:00:04.973,2026-08-19
"472","rdY4vEakBx","MOOSPMv3Parser",1787127000,6,6,5,10,10,6,7,10,10,7,1842,373,24388,64,42,6,42,42,23,32,42,1,25,25,40,42,36.584,77,3,36.503021,-120.325424,71.551003,5,600,58,3,"e00fce68e77e43df92405fdb",2026-08-19 08:10:02.182,2026-08-19 08:10:02.447,2026-08-19 08:10:02.447,2026-08-19
"473","K7buXkAWFp","MOOSPMv3Parser",1787127000,0,0,4,2,2,5,5,2,2,5,309,218,62201,41,33,4,34,34,23,37,34,0,24,25,42,42,17.65,271,1,36.139095,-120.368416,154.404007,6,600,58,3,"e00fce68d6b773b56ce8baa0",2026-08-19 08:10:02.682,2026-08-19 08:10:02.891,2026-08-19 08:10:02.891,2026-08-19
"474","v9DndiD8CC","MOOSPMv3Parser",1787127001,7,7,6,10,10,7,7,11,11,7,1661,393,137052,69,50,4,50,50,24,48,50,0,26,26,47,48,23.175,272,2,36.762592,-119.798843,57.629002,6,600,58,3,"e00fce68e88237db75a60608",2026-08-19 08:10:02.685,2026-08-19 08:10:02.925,2026-08-19 08:10:02.925,2026-08-19
"475","KaN1SBRXDW","MOOSPMv3Parser",1787127000,4,4,4,6,6,4,4,6,6,4,851,243,88482,43,30,3,30,30,26,22,30,1,28,29,31,32,37.345,10,3277,2.5e-05,-0.004246,1378.108032,7,600,58,3,"e00fce68e28dcbc9a589be10",2026-08-19 08:10:02.99,2026-08-19 08:10:03.177,2026-08-19 08:10:03.177,2026-08-19
"476","oAD5s42nmL","MOOSPMv3Parser",1787127000,13,13,8,17,17,8,8,18,18,8,2468,673,141044,88,61,4,61,61,21,68,61,0,22,23,68,62,1.74,262,1,36.523346,-119.27877,71.206001,6,600,58,3,"e00fce68f12da1a0c5de6248",2026-08-19 08:10:03.393,2026-08-19 08:10:03.571,2026-08-19 08:10:03.571,2026-08-19
"477","0dRbbx6DDv","MOOSPMv3Parser",1787127000,6,6,5,9,9,5,5,9,9,5,1255,344,89366,59,36,4,36,36,22,41,36,0,24,24,46,45,19.821,135,1,35.949512,-119.049973,106.024002,5,600,58,3,"e00fce6808784ceaf209f949",2026-08-19 08:10:03.572,2026-08-19 08:10:03.767,2026-08-19 08:10:03.767,2026-08-19
"478","mn8Mv1TJCu","MOOSPMv3Parser",1787127001,4,4,5,8,8,6,6,9,9,6,944,290,42028,60,42,6,42,42,0,0,42,0,23,24,48,47,13.899,96,1,36.433666,-119.923309,39.667,6,600,58,3,"e00fce6876826e255108c6bd",2026-08-19 08:10:03.71,2026-08-19 08:10:03.862,2026-08-19 08:10:03.862,2026-08-19
"479","BiPF1jPbbt","MOOSPMv3Parser",1787127001,5,5,0,8,8,0,0,9,9,0,1167,300,0,54,0,4,0,0,24,29,0,2,26,27,38,39,24.025,147,15,36.187508,-119.822021,18.278999,7,600,58,3,"e00fce68e739ecbcf9e91965",2026-08-19 08:10:04.093,2026-08-19 08:10:04.264,2026-08-19 08:10:04.264,2026-08-19
"480","4TZF8FqGSE","MOOSPMv3Parser",1787127001,0,0,2,1,1,2,2,1,1,2,275,183,14502,29,17,2,17,17,24,37,17,0,24,26,41,39,21.106,226,1,36.139065,-120.368362,185.332993,9,600,58,3,"e00fce686dc2ef0a68fa40b0",2026-08-19 08:10:04.526,2026-08-19 08:10:04.713,2026-08-19 08:10:04.713,2026-08-19
"481","FhIQnPNbS0","MOOSPMv3Parser",1787127001,4,4,5,6,6,5,5,6,6,5,950,234,67888,43,36,2,36,36,22,34,36,0,27,24,35,43,28.316,287,1,36.139065,-120.3685,158.207001,5,600,58,3,"e00fce6850cac69f647dc199",2026-08-19 08:10:05.13,2026-08-19 08:10:05.294,2026-08-19 08:10:05.294,2026-08-19
"482","e3HqBw3M0Q","MOOSPMv3Parser",1787127600,7,7,6,10,10,7,7,11,11,8,1918,395,24426,67,45,5,46,46,-10,-10,46,1,24,25,41,42,35.287,109,3,36.503166,-120.325516,43.351002,5,600,58,3,"e00fce68e77e43df92405fdb",2026-08-19 08:20:02.256,2026-08-19 08:20:02.427,2026-08-19 08:20:02.427,2026-08-19
"483","6qHhaak1zw","MOOSPMv3Parser",1787127601,7,7,6,10,10,7,7,11,11,7,1667,393,137096,70,51,5,51,51,23,48,51,0,26,26,47,49,22.654,274,2,36.762749,-119.798874,37.035999,6,600,58,3,"e00fce68e88237db75a60608",2026-08-19 08:20:02.623,2026-08-19 08:20:02.805,2026-08-19 08:20:02.805,2026-08-19
"484","h1qjZ691MK","MOOSPMv3Parser",1787127600,0,0,4,3,3,5,5,3,3,5,314,224,62229,42,34,5,34,34,23,38,34,0,24,25,43,43,16.762,283,1,36.138939,-120.368362,162.770004,5,600,58,3,"e00fce68d6b773b56ce8baa0",2026-08-19 08:20:03.004,2026-08-19 08:20:03.168,2026-08-19 08:20:03.168,2026-08-19
"485","Dckglrnk3y","MOOSPMv3Parser",1787127600,4,4,4,7,7,4,4,7,7,4,905,260,88508,42,30,3,30,30,26,22,30,1,28,29,31,32,38.2,11,3277,2.5e-05,-0.004246,1378.108032,7,600,58,3,"e00fce68e28dcbc9a589be10",2026-08-19 08:20:03.083,2026-08-19 08:20:03.311,2026-08-19 08:20:03.311,2026-08-19
"486","43VV7QfEBF","MOOSPMv3Parser",1787127600,13,13,8,17,17,8,8,18,18,8,2451,677,141098,91,62,5,62,62,21,67,63,0,22,23,67,61,1.835,260,1,36.523285,-119.278801,73.839996,6,600,58,3,"e00fce68f12da1a0c5de6248",2026-08-19 08:20:03.315,2026-08-19 08:20:03.52,2026-08-19 08:20:03.52,2026-08-19
"487","thToNN2MOH","MOOSPMv3Parser",1787127601,0,0,2,1,1,2,2,1,1,2,288,188,14517,31,18,2,18,18,23,39,18,0,24,26,43,41,21.319,252,1,36.139019,-120.368362,172.617004,7,600,58,3,"e00fce686dc2ef0a68fa40b0",2026-08-19 08:20:03.392,2026-08-19 08:20:03.551,2026-08-19 08:20:03.551,2026-08-19
"488","Figv22MQXw","MOOSPMv3Parser",1787127600,6,6,4,9,9,4,4,9,9,4,1246,339,89395,59,33,3,33,33,22,41,33,0,24,24,46,45,20.111,129,2,35.949512,-119.049973,106.022003,0,600,58,3,"e00fce6808784ceaf209f949",2026-08-19 08:20:03.504,2026-08-19 08:20:03.677,2026-08-19 08:20:03.677,2026-08-19
"489","vMe7UFNgK6","MOOSPMv3Parser",1787127601,4,4,5,7,7,5,5,7,7,5,923,280,42061,48,39,4,39,39,0,0,39,0,23,24,49,48,14.872,96,1,36.43362,-119.923302,37.041,6,600,58,3,"e00fce6876826e255108c6bd",2026-08-19 08:20:03.632,2026-08-19 08:20:03.795,2026-08-19 08:20:03.795,2026-08-19
"490","2Cl7SE9XJi","MOOSPMv3Parser",1787127601,5,5,0,8,8,0,0,9,9,0,1122,295,0,58,0,5,0,0,24,29,0,2,26,26,38,39,23.496,155,16,36.187443,-119.822273,7.093,8,600,58,3,"e00fce68e739ecbcf9e91965",2026-08-19 08:20:03.874,2026-08-19 08:20:04.107,2026-08-19 08:20:04.107,2026-08-19
"491","RobnsmfOB9","MOOSPMv3Parser",1787127601,4,4,5,6,6,5,5,7,7,5,974,247,67919,47,36,2,36,36,22,36,36,0,27,24,36,45,26.242,320,1,36.139004,-120.368454,173.457001,6,600,58,3,"e00fce6850cac69f647dc199",2026-08-19 08:20:05.314,2026-08-19 08:20:05.478,2026-08-19 08:20:05.478,2026-08-19
"492","EF772TPPN3","MOOSPMv3Parser",1787128200,8,8,6,12,12,7,7,13,13,7,2216,466,24465,75,45,6,46,46,23,34,46,1,24,25,42,43,34.855,112,3,36.503094,-120.325356,53.651001,6,600,58,3,"e00fce68e77e43df92405fdb",2026-08-19 08:30:02.122,2026-08-19 08:30:02.289,2026-08-19 08:30:02.289,2026-08-19
"493","BtYC8HU4PX","MOOSPMv3Parser",1787128200,0,0,4,3,3,5,5,3,3,5,311,224,62259,40,35,3,35,35,22,39,35,0,24,25,44,45,15.662,287,1,36.138939,-120.368362,162.768997,0,600,58,3,"e00fce68d6b773b56ce8baa0",2026-08-19 08:30:02.678,2026-08-19 08:30:02.9,2026-08-19 08:30:02.9,2026-08-19
"494","KzaSn8qXu3","MOOSPMv3Parser",1787128201,7,7,6,10,10,7,7,11,11,7,1634,381,137139,66,50,5,50,50,23,49,50,0,26,26,47,49,22.072,270,2,36.762772,-119.798866,44.645,5,600,58,3,"e00fce68e88237db75a60608",2026-08-19 08:30:02.68,2026-08-19 08:30:02.919,2026-08-19 08:30:02.919,2026-08-19
"495","7qzR3gh4mC","MOOSPMv3Parser",1787128200,4,4,4,7,7,4,4,7,7,4,893,254,88535,49,31,3,31,31,26,22,31,1,27,29,32,33,37.911,8,3277,2.5e-05,-0.004246,1378.108032,7,600,58,3,"e00fce68e28dcbc9a589be10",2026-08-19 08:30:03.085,2026-08-19 08:30:03.269,2026-08-19 08:30:03.269,2026-08-19
"496","SJ1VEoTFxi","MOOSPMv3Parser",1787128200,13,13,8,17,17,8,8,18,18,8,2444,673,141154,88,63,3,63,63,21,67,63,0,21,23,69,62,2.495,236,1,36.523289,-119.278816,88.351997,7,600,58,3,"e00fce68f12da1a0c5de6248",2026-08-19 08:30:03.4,2026-08-19 08:30:03.596,2026-08-19 08:30:03.596,2026-08-19
"497","8BSacXR7Nq","MOOSPMv3Parser",1787128200,6,6,4,8,8,5,5,9,9,5,1256,334,89425,55,34,3,34,34,22,40,34,0,24,24,45,45,19.518,130,2,35.949615,-119.049934,114.920998,5,600,58,3,"e00fce6808784ceaf209f949",2026-08-19 08:30:03.552,2026-08-19 08:30:03.755,2026-08-19 08:30:03.755,2026-08-19
"498","5iZbOsK7TD","MOOSPMv3Parser",1787128201,5,5,5,8,8,5,5,9,9,5,1027,315,42096,59,40,4,40,40,0,0,40,0,23,24,50,48,14.776,96,1,36.433594,-119.923416,17.482,6,600,58,3,"e00fce6876826e255108c6bd",2026-08-19 08:30:03.785,2026-08-19 08:30:03.979,2026-08-19 08:30:03.979,2026-08-19
"499","rNsXyltiXa","MOOSPMv3Parser",1787128201,0,0,2,1,1,2,2,1,1,2,280,185,14533,31,18,2,18,18,23,39,18,0,24,26,43,41,19.126,265,1,36.139091,-120.368332,187.322006,6,600,58,3,"e00fce686dc2ef0a68fa40b0",2026-08-19 08:30:03.801,2026-08-19 08:30:04.012,2026-08-19 08:30:04.012,2026-08-19
"500","UtMp3Ipa9c","MOOSPMv3Parser",1787128201,5,5,0,8,8,0,0,9,9,0,1171,303,0,60,0,5,0,0,24,30,0,2,25,26,39,40,22.946,160,17,36.187489,-119.822166,16.812,8,600,58,3,"e00fce68e739ecbcf9e91965",2026-08-19 08:30:03.929,2026-08-19 08:30:04.174,2026-08-19 08:30:04.174,2026-08-19
"501","f4KhmJt56m","MOOSPMv3Parser",1787128201,4,4,5,6,6,5,5,7,7,5,994,249,67950,43,36,3,36,36,22,37,36,0,27,24,37,46,25.282,332,1,36.138985,-120.36837,169.886002,5,600,58,3,"e00fce6850cac69f647dc199",2026-08-19 08:30:04.544,2026-08-19 08:30:04.706,2026-08-19 08:30:04.706,2026-08-19
"502","oTBLypu9c2","MOOSPMv3Parser",1787128801,7,7,6,10,10,7,7,11,11,7,1604,379,137182,67,49,6,49,49,23,50,49,0,25,25,48,49,21.902,267,2,36.762775,-119.798851,48.028999,5,600,58,3,"e00fce68e88237db75a60608",2026-08-19 08:40:02.684,2026-08-19 08:40:02.906,2026-08-19 08:40:02.906,2026-08-19
"503","eoBFUPUHf7","MOOSPMv3Parser",1787128800,0,0,4,2,2,5,5,3,3,5,311,222,62287,41,34,4,34,34,22,39,34,0,24,24,44,44,13.791,288,1,36.139072,-120.368378,158.906998,7,600,58,3,"e00fce68d6b773b56ce8baa0",2026-08-19 08:40:02.92,2026-08-19 08:40:03.134,2026-08-19 08:40:03.134,2026-08-19
"504","4iemailFyd","MOOSPMv3Parser",1787128800,4,4,4,7,7,4,4,7,7,4,893,257,88562,51,32,3,32,32,26,22,32,1,27,28,33,33,36.7,12,3277,2.5e-05,-0.004246,1378.108032,7,600,58,3,"e00fce68e28dcbc9a589be10",2026-08-19 08:40:03.087,2026-08-19 08:40:03.27,2026-08-19 08:40:03.27,2026-08-19
"505","ZqiNLOaylH","MOOSPMv3Parser",1787128800,13,13,8,17,17,8,8,18,18,8,2438,669,141208,89,62,5,62,62,20,69,62,0,21,23,71,63,2.078,231,1,36.523258,-119.278877,83.001999,7,600,58,3,"e00fce68f12da1a0c5de6248",2026-08-19 08:40:03.392,2026-08-19 08:40:03.58,2026-08-19 08:40:03.58,2026-08-19
"506","CdKDIXDZPP","MOOSPMv3Parser",1787128800,6,6,4,8,8,4,4,9,9,4,1263,342,89454,55,34,3,34,34,22,42,34,0,24,24,47,46,19.373,138,2,35.949615,-119.049942,115.849998,5,600,58,3,"e00fce6808784ceaf209f949",2026-08-19 08:40:03.536,2026-08-19 08:40:03.692,2026-08-19 08:40:03.692,2026-08-19
"507","qKHX73ZWT1","MOOSPMv3Parser",1787128801,4,4,5,8,8,5,5,9,9,5,921,285,42131,54,40,6,41,41,0,0,41,0,22,24,51,49,14.731,96,1,36.433495,-119.923363,20.41,6,600,58,3,"e00fce6876826e255108c6bd",2026-08-19 08:40:03.644,2026-08-19 08:40:03.856,2026-08-19 08:40:03.856,2026-08-19
"508","9tzmmMxoED","MOOSPMv3Parser",1787128801,5,5,0,9,9,0,0,10,10,0,1206,314,0,64,0,6,0,0,24,31,0,2,25,26,40,41,22.352,171,16,36.187523,-119.822128,18.167999,8,600,58,3,"e00fce68e739ecbcf9e91965",2026-08-19 08:40:03.932,2026-08-19 08:40:04.086,2026-08-19 08:40:04.086,2026-08-19
"509","66O1AdM6Ak","MOOSPMv3Parser",1787128801,0,0,2,1,1,2,2,1,1,2,279,184,14547,29,17,3,17,17,23,38,17,0,24,25,43,41,17.518,267,1,36.139015,-120.368385,174.772995,6,600,58,3,"e00fce686dc2ef0a68fa40b0",2026-08-19 08:40:04.175,2026-08-19 08:40:04.398,2026-08-19 08:40:04.398,2026-08-19
"510","jAtLrIbDuU","MOOSPMv3Parser",1787128801,4,4,5,6,6,5,5,7,7,5,1004,252,67983,45,38,3,38,38,22,36,38,0,26,24,37,45,21.781,331,1,36.139057,-120.368523,160.895996,7,600,58,3,"e00fce6850cac69f647dc199",2026-08-19 08:40:04.904,2026-08-19 08:40:05.09,2026-08-19 08:40:05.09,2026-08-19
"511","GdeIExSCDJ","MOOSPMv3Parser",1787128800,8,8,6,11,11,7,7,12,12,7,2087,437,24503,70,45,5,46,46,22,35,46,0,24,25,43,44,32.513,170,3,36.503147,-120.325401,54.080002,6,600,58,3,"e00fce68e77e43df92405fdb",2026-08-19 08:40:35.648,2026-08-19 08:40:35.834,2026-08-19 08:40:35.834,2026-08-19
"512","z3DDa9WznL","MOOSPMv3Parser",1787129401,7,7,6,11,11,7,7,11,11,7,1677,402,137225,68,49,4,49,49,23,50,49,0,25,25,48,49,21.027,278,1,36.762699,-119.798851,42.480999,5,600,58,3,"e00fce68e88237db75a60608",2026-08-19 08:50:02.622,2026-08-19 08:50:02.799,2026-08-19 08:50:02.799,2026-08-19
"513","GnT5zhiEU7","MOOSPMv3Parser",1787129400,4,4,4,7,7,5,5,7,7,5,903,261,88591,47,34,3,34,34,26,22,34,1,27,28,32,33,36.637,20,3277,2.5e-05,-0.004246,1378.108032,7,600,58,3,"e00fce68e28dcbc9a589be10",2026-08-19 08:50:03.085,2026-08-19 08:50:03.231,2026-08-19 08:50:03.231,2026-08-19
"514","fM95mWyYnQ","MOOSPMv3Parser",1787129400,7,7,6,11,11,6,7,12,12,7,2029,430,24543,71,46,6,46,46,22,36,46,0,23,24,45,45,31.74,213,2,36.503136,-120.325378,58.645,6,600,58,3,"e00fce68e77e43df92405fdb",2026-08-19 08:50:03.088,2026-08-19 08:50:03.312,2026-08-19 08:50:03.312,2026-08-19
"515","47pmOGyQ7M","MOOSPMv3Parser",1787129400,6,6,4,8,8,4,4,9,9,4,1225,334,89483,55,34,3,34,34,22,42,34,0,23,24,48,47,20.653,125,2,35.949631,-119.049896,112.852997,6,600,58,3,"e00fce6808784ceaf209f949",2026-08-19 08:50:03.55,2026-08-19 08:50:03.722,2026-08-19 08:50:03.722,2026-08-19
"516","GwZ0NDHX0Y","MOOSPMv3Parser",1787129400,13,13,8,17,17,8,8,17,17,8,2466,675,141264,84,63,4,63,63,20,68,63,0,21,22,69,62,2.384,213,1,36.523472,-119.278702,74.027,6,600,58,3,"e00fce68f12da1a0c5de6248",2026-08-19 08:50:03.738,2026-08-19 08:50:03.912,2026-08-19 08:50:03.912,2026-08-19
"517","sYynv6HZ3d","MOOSPMv3Parser",1787129401,5,5,5,7,7,5,5,9,9,5,945,291,42167,56,40,4,41,41,0,0,41,0,22,24,51,50,14.88,96,1,36.433681,-119.923386,25.881001,5,600,58,3,"e00fce6876826e255108c6bd",2026-08-19 08:50:03.782,2026-08-19 08:50:03.932,2026-08-19 08:50:03.932,2026-08-19
"518","YRe0zQrBHx","MOOSPMv3Parser",1787129401,6,6,0,9,9,0,0,10,10,0,1228,324,0,63,0,7,0,0,23,32,0,2,25,26,40,41,22.085,170,15,36.187527,-119.822128,8.073,9,600,58,3,"e00fce68e739ecbcf9e91965",2026-08-19 08:50:03.926,2026-08-19 08:50:04.157,2026-08-19 08:50:04.157,2026-08-19
"519","BjK6xFFqFL","MOOSPMv3Parser",1787129401,0,0,2,1,1,2,2,1,1,2,285,189,14561,30,17,2,17,17,23,39,17,0,23,25,43,41,17.393,258,1,36.139069,-120.368431,169.054001,6,600,58,3,"e00fce686dc2ef0a68fa40b0",2026-08-19 08:50:04.508,2026-08-19 08:50:04.729,2026-08-19 08:50:04.729,2026-08-19
"520","kFphl4yUeT","MOOSPMv3Parser",1787129401,4,4,4,6,6,5,5,7,7,5,981,245,68013,48,34,3,34,34,21,38,34,0,26,23,38,46,21.971,336,1,36.138947,-120.368347,182.423996,8,600,58,3,"e00fce6850cac69f647dc199",2026-08-19 08:50:05.063,2026-08-19 08:50:05.232,2026-08-19 08:50:05.232,2026-08-19
"521","sHgJPijMxC","MOOSPMv3Parser",1787129400,0,0,4,3,3,5,5,3,3,5,312,220,62316,38,34,4,35,35,22,40,35,0,24,24,44,45,13.959,285,1,36.138954,-120.368416,170.962006,6,600,58,3,"e00fce68d6b773b56ce8baa0",2026-08-19 08:50:07.892,2026-08-19 08:50:08.102,2026-08-19 08:50:08.102,2026-08-19
"522","xfA1wjcYmy","MOOSPMv3Parser",1787130000,0,0,4,3,3,5,5,3,3,5,314,225,62345,43,34,5,35,35,22,39,35,0,23,24,44,44,13.201,273,1,36.138958,-120.368423,172.738998,5,600,58,3,"e00fce68d6b773b56ce8baa0",2026-08-19 09:00:02.764,2026-08-19 09:00:03.257,2026-08-19 09:00:03.257,2026-08-19
"523","0J3TFfIEA8","MOOSPMv3Parser",1787130001,7,7,6,10,10,7,7,11,11,7,1641,388,137268,70,50,5,50,50,23,50,50,0,25,25,47,50,21.109,263,1,36.762699,-119.798851,42.486,0,600,58,3,"e00fce68e88237db75a60608",2026-08-19 09:00:02.684,2026-08-19 09:00:03.439,2026-08-19 09:00:03.439,2026-08-19
"524","gpGYtGb3Dw","MOOSPMv3Parser",1787130000,5,5,4,7,7,5,5,7,7,5,931,267,88621,47,34,4,35,35,25,22,35,1,27,28,32,33,36.523,26,3277,2.5e-05,-0.004246,1378.108032,7,600,58,3,"e00fce68e28dcbc9a589be10",2026-08-19 09:00:03.392,2026-08-19 09:00:03.841,2026-08-19 09:00:03.841,2026-08-19
"525","sRxoyxrbis","MOOSPMv3Parser",1787130001,0,0,2,1,1,2,2,1,1,2,289,191,14576,31,18,2,18,18,23,39,18,0,23,25,44,41,17.705,235,1,36.139034,-120.368393,160.559998,5,600,58,3,"e00fce686dc2ef0a68fa40b0",2026-08-19 09:00:03.468,2026-08-19 09:00:03.922,2026-08-19 09:00:03.922,2026-08-19
"526","FFPNBmaN9E","MOOSPMv3Parser",1787130000,6,6,4,9,9,4,4,9,9,4,1235,339,89512,56,33,3,33,33,22,42,33,0,23,24,48,46,20.271,122,2,35.949322,-119.049988,120.036003,5,600,58,3,"e00fce6808784ceaf209f949",2026-08-19 09:00:03.638,2026-08-19 09:00:03.96,2026-08-19 09:00:03.96,2026-08-19
"527","RMJK2BXKFy","MOOSPMv3Parser",1787130000,5,5,5,8,8,6,6,9,9,6,959,294,42204,52,43,5,43,43,0,0,43,0,22,24,51,50,13.346,96,1,36.433655,-119.923401,24.683001,5,600,58,3,"e00fce6876826e255108c6bd",2026-08-19 09:00:03.781,2026-08-19 09:00:04.083,2026-08-19 09:00:04.083,2026-08-19
"528","4DoicKgPjm","MOOSPMv3Parser",1787130000,13,13,8,17,17,8,8,18,18,8,2491,686,141318,92,63,4,63,63,20,70,63,0,20,22,72,65,2.01,212,1,36.523373,-119.278862,68.106003,7,600,58,3,"e00fce68f12da1a0c5de6248",2026-08-19 09:00:03.394,2026-08-19 09:00:04.159,2026-08-19 09:00:04.159,2026-08-19
"529","KXdzaJCHB1","MOOSPMv3Parser",1787130001,5,5,0,9,9,0,0,9,9,0,1181,310,0,59,0,6,0,0,23,33,0,2,25,25,42,42,20.231,190,14,36.187534,-119.822189,17.996,8,600,58,3,"e00fce68e739ecbcf9e91965",2026-08-19 09:00:04.014,2026-08-19 09:00:04.354,2026-08-19 09:00:04.354,2026-08-19
"530","7phfa4Hicr","MOOSPMv3Parser",1787130001,4,4,5,7,7,5,5,7,7,5,1009,254,68044,47,36,3,36,36,21,37,36,0,26,23,37,45,21.769,315,1,36.138947,-120.368347,182.419998,0,600,58,3,"e00fce6850cac69f647dc199",2026-08-19 09:00:05.45,2026-08-19 09:00:05.694,2026-08-19 09:00:05.694,2026-08-19
"531","V2Evr6h9n5","MOOSPMv3Parser",1787130600,0,0,4,2,2,5,5,3,3,5,309,219,62375,39,35,4,35,35,22,39,35,0,23,24,45,44,14.551,256,1,36.138985,-120.368408,178.791,7,600,58,3,"e00fce68d6b773b56ce8baa0",2026-08-19 09:10:02.639,2026-08-19 09:10:02.852,2026-08-19 09:10:02.852,2026-08-19
"532","E01K9DocaH","MOOSPMv3Parser",1787130601,7,7,6,10,10,7,7,11,11,7,1632,385,137312,69,51,5,51,51,23,50,51,0,25,25,48,50,21.327,254,1,36.762672,-119.798782,64.733002,9,600,58,3,"e00fce68e88237db75a60608",2026-08-19 09:10:02.863,2026-08-19 09:10:03.056,2026-08-19 09:10:03.056,2026-08-19
"533","7lhzBB5MmZ","MOOSPMv3Parser",1787130600,4,4,4,6,6,5,5,6,6,5,888,256,88650,45,34,3,34,34,25,23,34,1,27,28,33,33,36.128,26,3277,2.5e-05,-0.004246,1378.108032,7,600,58,3,"e00fce68e28dcbc9a589be10",2026-08-19 09:10:03.173,2026-08-19 09:10:03.358,2026-08-19 09:10:03.358,2026-08-19
"534","cBQChKXjSJ","MOOSPMv3Parser",1787130600,6,6,4,8,8,4,4,9,9,4,1264,339,89540,52,33,3,33,33,22,43,33,0,23,24,48,47,20.626,121,2,35.949554,-119.049988,115.637001,6,600,58,3,"e00fce6808784ceaf209f949",2026-08-19 09:10:03.632,2026-08-19 09:10:03.803,2026-08-19 09:10:03.803,2026-08-19
"535","hxP9ZJ58Co","MOOSPMv3Parser",1787130600,13,13,8,17,17,8,8,18,18,8,2533,702,141371,90,61,5,61,61,20,70,61,0,20,22,73,65,1.858,194,1,36.523281,-119.278732,100.320999,6,600,58,3,"e00fce68f12da1a0c5de6248",2026-08-19 09:10:03.6,2026-08-19 09:10:03.841,2026-08-19 09:10:03.841,2026-08-19
"536","IHGt27FXyE","MOOSPMv3Parser",1787130601,5,5,6,9,9,6,6,11,11,6,1086,336,42245,64,47,8,48,48,0,0,48,0,23,23,50,50,13.555,96,1,36.433655,-119.923401,24.683001,0,600,58,3,"e00fce6876826e255108c6bd",2026-08-19 09:10:03.789,2026-08-19 09:10:03.943,2026-08-19 09:10:03.943,2026-08-19
"537","bnVCUtHIVP","MOOSPMv3Parser",1787130601,0,0,2,1,1,2,2,1,1,2,287,191,14591,32,19,3,19,19,22,39,19,0,23,25,44,41,17.823,213,1,36.139034,-120.368393,160.557007,0,600,58,3,"e00fce686dc2ef0a68fa40b0",2026-08-19 09:10:03.797,2026-08-19 09:10:03.958,2026-08-19 09:10:03.958,2026-08-19
"538","CDBojiYuUQ","MOOSPMv3Parser",1787130601,5,5,0,9,9,0,0,10,10,0,1224,319,0,61,0,6,0,0,23,33,0,2,24,25,42,43,19.629,196,11,36.187534,-119.822189,17.995001,0,600,58,3,"e00fce68e739ecbcf9e91965",2026-08-19 09:10:04.093,2026-08-19 09:10:04.264,2026-08-19 09:10:04.264,2026-08-19
"539","4s56FZjlR3","MOOSPMv3Parser",1787130601,4,4,5,6,6,5,5,7,7,5,966,245,68077,43,37,3,38,38,21,37,38,0,26,23,37,46,24.043,282,1,36.138969,-120.368393,176.039993,7,600,58,3,"e00fce6850cac69f647dc199",2026-08-19 09:10:04.491,2026-08-19 09:10:04.733,2026-08-19 09:10:04.733,2026-08-19
"540","NH1IACo6PH","MOOSPMv3Parser",1787131201,7,7,6,11,11,7,7,11,11,7,1642,392,137356,72,49,4,50,50,22,51,50,0,25,25,49,50,20.615,259,1,36.762711,-119.798729,62.327,7,600,58,3,"e00fce68e88237db75a60608",2026-08-19 09:20:02.778,2026-08-19 09:20:02.98,2026-08-19 09:20:02.98,2026-08-19
"541","hOK5NLifx6","MOOSPMv3Parser",1787131200,4,4,4,6,6,4,4,7,7,4,921,261,88678,46,32,3,32,32,25,24,32,1,27,28,34,34,34.404,26,3277,2.5e-05,-0.004246,1378.108032,7,600,58,3,"e00fce68e28dcbc9a589be10",2026-08-19 09:20:02.839,2026-08-19 09:20:03.081,2026-08-19 09:20:03.081,2026-08-19
"542","geBfLabHkv","MOOSPMv3Parser",1787131200,0,0,4,2,2,5,5,3,3,5,314,221,62404,39,35,4,35,35,22,40,35,0,23,24,46,46,13.387,266,1,36.138962,-120.368439,167.845993,6,600,58,3,"e00fce68d6b773b56ce8baa0",2026-08-19 09:20:02.999,2026-08-19 09:20:03.197,2026-08-19 09:20:03.197,2026-08-19
"543","uBrhvUKKr8","MOOSPMv3Parser",1787131200,13,13,8,17,17,8,8,17,17,8,2454,678,141424,87,60,4,60,60,20,70,60,0,20,22,72,65,3.737,171,1,36.523335,-119.278908,84.587997,5,600,58,3,"e00fce68f12da1a0c5de6248",2026-08-19 09:20:03.39,2026-08-19 09:20:03.531,2026-08-19 09:20:03.531,2026-08-19
"544","0bAjOxyHYM","MOOSPMv3Parser",1787131200,6,6,4,9,9,4,4,9,9,4,1268,342,89569,59,33,4,33,33,22,44,33,0,23,24,50,48,19.416,127,2,35.949543,-119.049965,108.783997,6,600,58,3,"e00fce6808784ceaf209f949",2026-08-19 09:20:03.634,2026-08-19 09:20:03.834,2026-08-19 09:20:03.834,2026-08-19
"545","Z7LcNgNEp8","MOOSPMv3Parser",1787131201,6,6,6,10,10,7,7,12,12,7,1159,358,42289,69,50,9,51,51,0,0,51,0,23,23,50,50,13.74,96,1,36.43359,-119.923401,26.523001,6,600,58,3,"e00fce6876826e255108c6bd",2026-08-19 09:20:03.766,2026-08-19 09:20:03.975,2026-08-19 09:20:03.975,2026-08-19
"546","EhUEzq6Epi","MOOSPMv3Parser",1787131201,5,5,0,9,9,0,0,10,10,0,1219,320,0,62,0,7,0,0,23,34,0,2,24,25,42,43,20.403,178,11,36.187519,-119.822189,23.407,7,600,58,3,"e00fce68e739ecbcf9e91965",2026-08-19 09:20:03.925,2026-08-19 09:20:04.108,2026-08-19 09:20:04.108,2026-08-19
"547","z5KpHo4KoS","MOOSPMv3Parser",1787131201,0,0,2,1,1,3,3,2,2,3,284,186,14607,30,19,3,19,19,22,40,19,0,23,25,46,42,17.436,234,1,36.13905,-120.368378,171.320999,7,600,58,3,"e00fce686dc2ef0a68fa40b0",2026-08-19 09:20:04.099,2026-08-19 09:20:04.253,2026-08-19 09:20:04.253,2026-08-19
"548","pBHrFN18EA","MOOSPMv3Parser",1787131201,4,4,5,7,7,5,5,7,7,5,1013,256,68110,47,38,3,38,38,21,38,38,0,26,23,38,47,21.682,309,1,36.13903,-120.368332,181.199997,5,600,58,3,"e00fce6850cac69f647dc199",2026-08-19 09:20:04.911,2026-08-19 09:20:05.123,2026-08-19 09:20:05.123,2026-08-19
"549","G3A5U7agNK","MOOSPMv3Parser",1787131800,0,0,5,3,3,5,5,3,3,5,309,221,62434,42,36,4,36,36,22,40,36,0,23,23,46,45,12.934,277,1,36.139088,-120.368408,179.576996,6,600,58,3,"e00fce68d6b773b56ce8baa0",2026-08-19 09:30:02.669,2026-08-19 09:30:02.883,2026-08-19 09:30:02.883,2026-08-19
"550","5ZRlpfalMo","MOOSPMv3Parser",1787131801,7,7,6,11,11,7,7,12,12,7,1660,393,137401,73,51,7,51,51,22,52,51,0,24,24,49,51,19.732,264,1,36.762749,-119.798782,48.647999,8,600,58,3,"e00fce68e88237db75a60608",2026-08-19 09:30:02.768,2026-08-19 09:30:03.061,2026-08-19 09:30:03.061,2026-08-19
"551","YPqpCJGQ0k","MOOSPMv3Parser",1787131800,5,5,4,7,7,5,5,7,7,5,952,272,88707,48,33,3,34,34,25,24,34,1,27,28,34,35,35.381,21,3277,2.5e-05,-0.004246,1378.108032,7,600,58,3,"e00fce68e28dcbc9a589be10",2026-08-19 09:30:02.838,2026-08-19 09:30:03.223,2026-08-19 09:30:03.223,2026-08-19
"552","IYRhOAtkP4","MOOSPMv3Parser",1787131800,6,6,4,9,9,5,5,9,9,5,1275,348,89599,55,35,2,35,35,21,46,35,0,23,24,51,49,19.159,132,2,35.949451,-119.050026,104.142998,6,600,58,3,"e00fce6808784ceaf209f949",2026-08-19 09:30:03.63,2026-08-19 09:30:03.812,2026-08-19 09:30:03.812,2026-08-19
"553","AhrPTYEL6N","MOOSPMv3Parser",1787131801,6,6,7,9,9,7,7,11,11,7,1159,359,42334,67,52,7,53,53,0,0,53,0,23,23,50,51,13.417,96,1,36.433563,-119.92334,33.972,6,600,58,3,"e00fce6876826e255108c6bd",2026-08-19 09:30:03.941,2026-08-19 09:30:04.105,2026-08-19 09:30:04.105,2026-08-19
"554","IhVnPGDS54","MOOSPMv3Parser",1787131801,6,6,0,9,9,0,0,10,10,0,1293,339,0,62,0,4,0,0,23,35,0,2,24,25,43,44,19.525,196,11,36.187492,-119.822037,33.280998,8,600,58,3,"e00fce68e739ecbcf9e91965",2026-08-19 09:30:04.193,2026-08-19 09:30:04.383,2026-08-19 09:30:04.383,2026-08-19
"555","fWhHm7XGCq","MOOSPMv3Parser",1787131800,11,11,7,15,15,8,8,16,16,8,2236,618,141474,82,58,4,58,58,20,70,58,0,21,22,70,65,5.217,174,1,36.523281,-119.27877,95.476997,8,600,58,3,"e00fce68f12da1a0c5de6248",2026-08-19 09:30:04.508,2026-08-19 09:30:04.67,2026-08-19 09:30:04.67,2026-08-19
"556","ZOafEsgCcw","MOOSPMv3Parser",1787131801,0,0,2,1,1,3,3,1,1,3,287,190,14623,32,19,3,19,19,22,40,19,0,23,24,45,43,16.551,246,1,36.138954,-120.368324,185.641998,5,600,58,3,"e00fce686dc2ef0a68fa40b0",2026-08-19 09:30:04.421,2026-08-19 09:30:04.703,2026-08-19 09:30:04.703,2026-08-19
"557","Ltg4FocjyA","MOOSPMv3Parser",1787131801,4,4,5,6,6,5,5,7,7,5,986,249,68142,47,37,3,37,37,21,39,37,0,25,23,39,47,20.598,331,1,36.138988,-120.368378,185.574997,7,600,58,3,"e00fce6850cac69f647dc199",2026-08-19 09:30:05.241,2026-08-19 09:30:05.42,2026-08-19 09:30:05.42,2026-08-19
"558","eeOav84oBk","MOOSPMv3Parser",1787132401,7,7,6,11,11,7,7,12,12,7,1760,408,137445,72,51,5,51,51,22,53,51,0,24,24,50,52,18.694,270,1,36.762733,-119.798737,60.626999,9,600,58,3,"e00fce68e88237db75a60608",2026-08-19 09:40:02.767,2026-08-19 09:40:03.017,2026-08-19 09:40:03.017,2026-08-19
"559","4J9zhpNFRr","MOOSPMv3Parser",1787132400,0,0,5,2,2,5,5,2,2,5,311,218,62464,41,35,4,35,36,21,40,36,0,22,23,46,46,11.87,274,1,36.139046,-120.368378,176.485001,7,600,58,3,"e00fce68d6b773b56ce8baa0",2026-08-19 09:40:02.912,2026-08-19 09:40:03.122,2026-08-19 09:40:03.122,2026-08-19
"560","iTwYDstRGP","MOOSPMv3Parser",1787132400,5,5,4,7,7,5,5,7,7,5,957,274,88735,48,33,3,33,33,25,24,33,1,27,28,34,35,35.077,22,3277,2.5e-05,-0.004246,1378.108032,7,600,58,3,"e00fce68e28dcbc9a589be10",2026-08-19 09:40:03.083,2026-08-19 09:40:03.23,2026-08-19 09:40:03.23,2026-08-19
"561","uEwfX6PcCF","MOOSPMv3Parser",1787132400,13,13,8,17,17,9,9,18,18,9,2387,662,141530,88,64,5,64,64,20,70,64,0,21,22,69,65,4.007,197,1,36.523281,-119.27877,95.480003,0,600,58,3,"e00fce68f12da1a0c5de6248",2026-08-19 09:40:03.544,2026-08-19 09:40:03.706,2026-08-19 09:40:03.706,2026-08-19
"562","EdOg1vddzv","MOOSPMv3Parser",1787132400,7,7,5,10,10,5,5,10,10,5,1384,374,89631,61,37,3,37,37,21,48,37,0,22,23,53,50,17.932,143,2,35.949512,-119.049911,129.417007,6,600,58,3,"e00fce6808784ceaf209f949",2026-08-19 09:40:03.571,2026-08-19 09:40:03.739,2026-08-19 09:40:03.739,2026-08-19
"563","eYQ9J2GkXz","MOOSPMv3Parser",1787132401,0,0,2,1,1,2,2,1,1,2,283,188,14639,32,18,3,19,19,22,40,19,0,22,24,46,42,15.23,253,1,36.139076,-120.368492,179.348007,9,600,58,3,"e00fce686dc2ef0a68fa40b0",2026-08-19 09:40:03.565,2026-08-19 09:40:03.765,2026-08-19 09:40:03.765,2026-08-19
"564","3HwofW5iK1","MOOSPMv3Parser",1787132401,6,6,7,9,9,7,7,11,11,7,1133,352,42380,67,53,5,53,53,0,0,53,0,22,23,51,51,13.745,97,1,36.433598,-119.923355,23.599001,6,600,58,3,"e00fce6876826e255108c6bd",2026-08-19 09:40:03.784,2026-08-19 09:40:04.013,2026-08-19 09:40:04.013,2026-08-19
"565","lBVOhM5pAo","MOOSPMv3Parser",1787132401,6,6,0,9,9,0,0,10,10,0,1291,338,0,60,0,5,0,0,22,35,0,2,24,24,43,44,18.049,217,8,36.187508,-119.82196,48.537998,5,600,58,3,"e00fce68e739ecbcf9e91965",2026-08-19 09:40:03.933,2026-08-19 09:40:04.121,2026-08-19 09:40:04.121,2026-08-19
"566","hw53LIxAWE","MOOSPMv3Parser",1787132401,4,4,5,6,6,5,5,7,7,5,1008,252,68175,43,38,2,38,38,21,39,38,0,25,22,39,47,19.501,331,1,36.139046,-120.36837,180.154999,8,600,58,3,"e00fce6850cac69f647dc199",2026-08-19 09:40:05.31,2026-08-19 09:40:05.526,2026-08-19 09:40:05.526,2026-08-19
"567","xq9iDTF7Uf","MOOSPMv3Parser",1787133001,8,8,7,11,11,7,7,12,12,7,1831,418,137492,69,53,4,53,53,22,55,53,0,24,24,51,52,17.608,274,1,36.762695,-119.798721,68.135002,7,600,58,3,"e00fce68e88237db75a60608",2026-08-19 09:50:02.684,2026-08-19 09:50:02.892,2026-08-19 09:50:02.892,2026-08-19
"568","Gj031qB204","MOOSPMv3Parser",1787133000,0,0,5,2,2,5,5,3,3,5,305,216,62494,40,36,4,36,36,21,41,36,0,22,23,48,47,12.314,271,1,36.139019,-120.368393,173.018997,9,600,58,3,"e00fce68d6b773b56ce8baa0",2026-08-19 09:50:03.224,2026-08-19 09:50:03.411,2026-08-19 09:50:03.411,2026-08-19
"569","yGPUpgXzjP","MOOSPMv3Parser",1787133000,5,5,4,7,7,5,5,7,7,5,942,269,88765,47,34,3,34,34,25,24,34,1,27,28,35,35,34.958,27,3277,2.5e-05,-0.004246,1378.108032,7,600,58,3,"e00fce68e28dcbc9a589be10",2026-08-19 09:50:03.168,2026-08-19 09:50:03.463,2026-08-19 09:50:03.463,2026-08-19
"570","bqnC1PITHD","MOOSPMv3Parser",1787133000,7,7,5,10,10,5,5,11,11,5,1450,390,89665,62,39,4,39,39,21,50,39,0,22,23,53,51,16.799,155,2,35.949646,-119.049911,126.707001,5,600,58,3,"e00fce6808784ceaf209f949",2026-08-19 09:50:03.606,2026-08-19 09:50:03.787,2026-08-19 09:50:03.787,2026-08-19
"571","006tbjXzVu","MOOSPMv3Parser",1787133001,6,6,7,11,11,7,7,13,13,7,1241,383,42425,71,52,9,52,52,0,0,52,0,22,23,51,50,14.427,97,1,36.433594,-119.923386,21.837,6,600,58,3,"e00fce6876826e255108c6bd",2026-08-19 09:50:03.783,2026-08-19 09:50:03.984,2026-08-19 09:50:03.984,2026-08-19
"572","n7EVDqYcW9","MOOSPMv3Parser",1787133001,0,0,2,1,1,3,3,1,1,3,286,192,14654,31,19,3,19,19,22,41,19,0,22,24,48,44,15.494,249,1,36.13895,-120.368408,171.067001,10,600,58,3,"e00fce686dc2ef0a68fa40b0",2026-08-19 09:50:03.831,2026-08-19 09:50:04.021,2026-08-19 09:50:04.021,2026-08-19
"573","ssBHjTWE9c","MOOSPMv3Parser",1787133001,6,6,0,10,10,0,0,11,11,0,1348,355,0,67,0,8,0,0,22,35,0,2,24,24,42,44,19.148,203,7,36.187527,-119.822083,20.906,5,600,58,3,"e00fce68e739ecbcf9e91965",2026-08-19 09:50:03.926,2026-08-19 09:50:04.114,2026-08-19 09:50:04.114,2026-08-19
"574","X3Uo0JLoFi","MOOSPMv3Parser",1787133001,4,4,5,6,6,5,5,7,7,5,1014,255,68209,48,39,3,39,39,20,41,39,0,25,22,40,49,19.949,322,1,36.138969,-120.368408,178.341003,10,600,58,3,"e00fce6850cac69f647dc199",2026-08-19 09:50:04.511,2026-08-19 09:50:04.737,2026-08-19 09:50:04.737,2026-08-19
"575","ZKNssZCpkb","MOOSPMv3Parser",1787133000,13,13,9,17,17,9,9,18,18,9,2488,688,141589,90,67,4,68,68,20,70,68,0,21,22,69,65,1.87,238,1,36.523315,-119.278999,83.848999,6,600,58,3,"e00fce68f12da1a0c5de6248",2026-08-19 09:50:19.584,2026-08-19 09:50:19.76,2026-08-19 09:50:19.76,2026-08-19
"576","WgGvdYiREJ","MOOSPMv3Parser",1787133600,13,13,8,17,17,9,9,18,18,9,2413,672,141646,87,65,4,65,65,20,70,65,0,20,22,70,64,0.47,245,1,36.523266,-119.278694,91.078003,6,600,58,3,"e00fce68f12da1a0c5de6248",2026-08-19 10:00:03.398,2026-08-19 10:00:03.763,2026-08-19 10:00:03.763,2026-08-19
"577","CerTWyuAL6","MOOSPMv3Parser",1787133601,7,7,7,11,11,7,7,12,12,7,1783,416,137539,72,54,6,54,54,22,56,54,0,24,24,51,53,16.408,278,1,36.762733,-119.798737,58.845001,10,600,58,3,"e00fce68e88237db75a60608",2026-08-19 10:00:02.703,2026-08-19 10:00:03.793,2026-08-19 10:00:03.793,2026-08-19
"578","43BMbQeXeN","MOOSPMv3Parser",1787133600,5,5,4,7,7,5,5,7,7,5,963,273,88794,49,34,3,34,34,25,25,34,1,26,27,35,35,33.888,47,3277,2.5e-05,-0.004246,1378.108032,7,600,58,3,"e00fce68e28dcbc9a589be10",2026-08-19 10:00:03.28,2026-08-19 10:00:03.93,2026-08-19 10:00:03.93,2026-08-19
"579","flFGAVGUk8","MOOSPMv3Parser",1787133600,8,8,6,12,12,6,6,12,12,6,1647,453,89704,74,44,5,44,45,21,50,45,0,23,23,53,52,16.058,165,2,35.949646,-119.049911,126.709,0,600,58,3,"e00fce6808784ceaf209f949",2026-08-19 10:00:03.632,2026-08-19 10:00:03.972,2026-08-19 10:00:03.972,2026-08-19
"580","jZ8X40KBNa","MOOSPMv3Parser",1787133601,6,6,7,10,10,7,7,11,11,7,1182,365,42473,71,55,7,55,55,0,0,55,0,23,23,50,50,15.439,97,1,36.433697,-119.92334,20.348,8,600,58,3,"e00fce6876826e255108c6bd",2026-08-19 10:00:03.783,2026-08-19 10:00:04.093,2026-08-19 10:00:04.093,2026-08-19
"581","vVNFbHvvnj","MOOSPMv3Parser",1787133601,0,0,2,1,1,3,3,1,1,3,290,191,14671,32,19,2,19,19,22,40,19,0,22,24,46,43,16.193,231,1,36.139107,-120.368378,180.688995,10,600,58,3,"e00fce686dc2ef0a68fa40b0",2026-08-19 10:00:04.101,2026-08-19 10:00:04.37,2026-08-19 10:00:04.37,2026-08-19
"582","mtbDKX0gsc","MOOSPMv3Parser",1787133601,6,6,0,10,10,0,0,11,11,0,1327,348,0,64,0,6,0,0,22,35,0,2,24,24,42,44,19.672,203,7,36.18758,-119.822136,19.121,8,600,58,3,"e00fce68e739ecbcf9e91965",2026-08-19 10:00:04.035,2026-08-19 10:00:04.469,2026-08-19 10:00:04.469,2026-08-19
"583","9UMQ2faPRO","MOOSPMv3Parser",1787133600,0,0,5,3,3,5,5,3,3,5,314,221,62525,40,37,4,37,37,21,40,37,0,22,23,47,45,12.799,259,1,36.139046,-120.368347,170.139999,9,600,58,3,"e00fce68d6b773b56ce8baa0",2026-08-19 10:00:03.17,2026-08-19 10:00:04.501,2026-08-19 10:00:04.501,2026-08-19
"584","7pcgWA32q7","MOOSPMv3Parser",1787133601,4,4,5,7,7,5,5,7,7,5,1034,255,68242,46,38,3,38,38,20,39,38,0,25,22,39,47,20.09,302,1,36.139065,-120.368355,173.179993,8,600,58,3,"e00fce6850cac69f647dc199",2026-08-19 10:00:04.76,2026-08-19 10:00:04.937,2026-08-19 10:00:04.937,2026-08-19
"585","EhGVD3rgZG","MOOSPMv3Parser",1787134200,0,0,5,3,3,5,5,3,3,5,308,219,62555,41,36,4,36,36,21,40,36,0,22,23,45,44,13.33,253,1,36.139046,-120.368347,170.141998,0,600,58,3,"e00fce68d6b773b56ce8baa0",2026-08-19 10:10:02.632,2026-08-19 10:10:02.817,2026-08-19 10:10:02.817,2026-08-19
"586","Y89LFIWRjH","MOOSPMv3Parser",1787134201,8,8,7,12,12,7,7,12,12,7,1772,421,137587,76,54,5,55,55,22,57,55,0,24,24,53,54,15.538,285,1,36.76268,-119.798729,60.487999,12,600,58,3,"e00fce68e88237db75a60608",2026-08-19 10:10:02.691,2026-08-19 10:10:02.876,2026-08-19 10:10:02.876,2026-08-19
"587","E6IdqUWZUG","MOOSPMv3Parser",1787134200,5,5,5,7,7,5,5,8,8,5,963,273,88827,51,38,3,39,39,24,24,39,1,25,27,36,35,23.577,205,3277,2.5e-05,-0.004246,1378.108032,7,600,58,3,"e00fce68e28dcbc9a589be10",2026-08-19 10:10:03.085,2026-08-19 10:10:03.31,2026-08-19 10:10:03.31,2026-08-19
"588","yDzADkNVbl","MOOSPMv3Parser",1787134200,14,14,9,19,19,10,10,20,20,10,2770,768,141708,102,72,5,72,72,20,73,72,0,20,21,75,67,0.362,229,1,36.523289,-119.278786,92.603996,7,600,58,3,"e00fce68f12da1a0c5de6248",2026-08-19 10:10:03.391,2026-08-19 10:10:03.578,2026-08-19 10:10:03.578,2026-08-19
"589","qfbLJqrWCJ","MOOSPMv3Parser",1787134200,9,9,6,13,13,6,6,13,13,6,1723,473,89743,80,45,5,46,46,21,51,46,0,22,23,53,52,15.332,167,2,35.949539,-119.04998,114.697998,11,600,58,3,"e00fce6808784ceaf209f949",2026-08-19 10:10:03.613,2026-08-19 10:10:03.842,2026-08-19 10:10:03.842,2026-08-19
"590","Jjx6vRqnB2","MOOSPMv3Parser",1787134201,6,6,0,9,9,0,0,10,10,0,1249,331,0,63,0,6,0,0,22,35,0,2,23,24,43,44,16.906,221,7,36.187496,-119.822044,27.183001,9,600,58,3,"e00fce68e739ecbcf9e91965",2026-08-19 10:10:03.762,2026-08-19 10:10:03.945,2026-08-19 10:10:03.945,2026-08-19
"591","7eaKYmlqZI","MOOSPMv3Parser",1787134201,6,6,7,10,10,7,7,11,11,7,1174,366,42519,72,53,7,54,54,0,0,54,0,23,23,50,51,16.345,97,1,36.433594,-119.923317,28.767,6,600,58,3,"e00fce6876826e255108c6bd",2026-08-19 10:10:03.868,2026-08-19 10:10:04.085,2026-08-19 10:10:04.085,2026-08-19
"592","rAPybSq2Lf","MOOSPMv3Parser",1787134201,0,0,2,1,1,3,3,2,2,3,288,189,14686,31,19,3,19,19,22,40,19,0,22,24,45,42,16.801,217,1,36.139057,-120.368378,183.742004,9,600,58,3,"e00fce686dc2ef0a68fa40b0",2026-08-19 10:10:04.499,2026-08-19 10:10:04.686,2026-08-19 10:10:04.686,2026-08-19
"593","obhDD0QG6D","MOOSPMv3Parser",1787134201,4,4,5,6,6,5,5,7,7,5,952,247,68275,47,37,3,37,37,20,38,37,0,25,22,38,46,20.79,288,1,36.138969,-120.368401,176.979004,8,600,58,3,"e00fce6850cac69f647dc199",2026-08-19 10:10:05.064,2026-08-19 10:10:05.278,2026-08-19 10:10:05.278,2026-08-19
"594","ZABIAKF3bz","MOOSPMv3Parser",1787134801,8,8,7,12,12,8,8,12,12,8,1799,432,137636,78,56,5,56,56,21,58,56,0,23,23,54,55,14.535,288,1,36.762745,-119.798714,54.792999,8,600,58,3,"e00fce68e88237db75a60608",2026-08-19 10:20:02.774,2026-08-19 10:20:02.995,2026-08-19 10:20:02.995,2026-08-19
"595","WwBd2u8i8L","MOOSPMv3Parser",1787134800,5,5,5,7,7,5,5,8,8,5,968,276,88859,51,36,4,37,37,24,26,37,1,24,26,39,36,23.461,261,3277,2.5e-05,-0.004246,1378.108032,7,600,58,3,"e00fce68e28dcbc9a589be10",2026-08-19 10:20:03.328,2026-08-19 10:20:03.564,2026-08-19 10:20:03.564,2026-08-19
"596","NJ9COiABle","MOOSPMv3Parser",1787134801,0,0,2,1,1,2,2,1,1,2,286,188,14702,32,18,3,18,18,21,40,18,0,22,23,47,43,17.236,203,1,36.139053,-120.36837,169.975998,11,600,58,3,"e00fce686dc2ef0a68fa40b0",2026-08-19 10:20:03.544,2026-08-19 10:20:03.719,2026-08-19 10:20:03.719,2026-08-19
"597","Kyayvh0rZo","MOOSPMv3Parser",1787134800,8,8,6,11,11,6,6,12,12,6,1602,436,89781,70,44,4,44,44,21,51,44,0,22,23,54,52,16.225,159,2,35.949615,-119.049942,113.894997,7,600,58,3,"e00fce6808784ceaf209f949",2026-08-19 10:20:03.622,2026-08-19 10:20:03.754,2026-08-19 10:20:03.754,2026-08-19
"598","i1lvVchBhR","MOOSPMv3Parser",1787134800,15,15,10,20,20,10,10,21,21,10,2800,777,141774,105,75,6,75,75,20,72,75,0,20,21,72,66,1.226,209,1,36.523327,-119.278816,68.235001,8,600,58,3,"e00fce68f12da1a0c5de6248",2026-08-19 10:20:03.575,2026-08-19 10:20:03.792,2026-08-19 10:20:03.792,2026-08-19
"599","JiCE7DjdsW","MOOSPMv3Parser",1787134801,6,6,0,10,10,0,0,11,11,0,1344,351,0,66,0,5,0,0,22,37,0,2,23,24,45,46,8.526,262,3,36.187496,-119.822083,14.872,7,600,58,3,"e00fce68e739ecbcf9e91965",2026-08-19 10:20:03.762,2026-08-19 10:20:03.929,2026-08-19 10:20:03.929,2026-08-19
"600","5584UNDzoC","MOOSPMv3Parser",1787134801,6,6,7,11,11,8,8,12,12,8,1205,376,42568,78,56,8,56,57,0,0,57,0,22,23,52,53,16.126,97,1,36.433598,-119.923378,27.919001,6,600,58,3,"e00fce6876826e255108c6bd",2026-08-19 10:20:03.783,2026-08-19 10:20:03.947,2026-08-19 10:20:03.947,2026-08-19
"601","J1ei1KKzGz","MOOSPMv3Parser",1787134801,4,4,5,6,6,5,5,7,7,5,984,247,68306,45,36,2,36,36,20,40,36,0,25,22,39,48,22.526,270,1,36.139,-120.368393,177.578995,7,600,58,3,"e00fce6850cac69f647dc199",2026-08-19 10:20:05.451,2026-08-19 10:20:05.723,2026-08-19 10:20:05.723,2026-08-19
"602","TDr2MAN0is","MOOSPMv3Parser",1787134800,0,0,4,3,3,5,5,3,3,5,308,220,62584,43,34,5,34,35,21,40,35,0,22,22,47,46,14.362,244,1,36.138996,-120.368378,163.251999,7,600,58,3,"e00fce68d6b773b56ce8baa0",2026-08-19 10:20:07.943,2026-08-19 10:20:08.096,2026-08-19 10:20:08.096,2026-08-19
"603","y7M5peeZ9F","MOOSPMv3Parser",1787135400,0,0,4,3,3,5,5,3,3,5,310,219,62613,39,35,5,35,35,21,40,35,0,22,22,46,46,13.75,245,1,36.139053,-120.368378,173.621994,12,600,58,3,"e00fce68d6b773b56ce8baa0",2026-08-19 10:30:02.845,2026-08-19 10:30:03.022,2026-08-19 10:30:03.022,2026-08-19
"604","QhBoLG826w","MOOSPMv3Parser",1787135401,8,8,7,12,12,8,8,12,12,8,1785,421,137685,76,57,5,57,57,21,60,57,0,23,23,55,55,14.146,292,1,36.762691,-119.798775,57.993,12,600,58,3,"e00fce68e88237db75a60608",2026-08-19 10:30:02.876,2026-08-19 10:30:03.055,2026-08-19 10:30:03.055,2026-08-19
"605","2UYvArF93G","MOOSPMv3Parser",1787135400,5,5,5,7,7,5,5,8,8,5,977,278,88891,53,38,3,38,38,24,27,38,1,24,26,40,37,21.546,295,3277,2.5e-05,-0.004246,1378.108032,7,600,58,3,"e00fce68e28dcbc9a589be10",2026-08-19 10:30:03.164,2026-08-19 10:30:03.329,2026-08-19 10:30:03.329,2026-08-19
"606","VpPWB5sbPj","MOOSPMv3Parser",1787135400,15,15,9,20,20,10,10,20,20,10,2788,771,141837,102,72,5,72,72,19,73,72,0,19,21,75,68,1.176,205,1,36.523277,-119.278816,89.742996,8,600,58,3,"e00fce68f12da1a0c5de6248",2026-08-19 10:30:03.417,2026-08-19 10:30:03.581,2026-08-19 10:30:03.581,2026-08-19
"607","fwOUBcAmsz","MOOSPMv3Parser",1787135400,8,8,5,11,11,6,6,11,11,6,1575,429,89818,69,43,4,43,43,21,50,43,0,22,23,53,51,17.151,150,2,35.949482,-119.050003,112.408997,7,600,58,3,"e00fce6808784ceaf209f949",2026-08-19 10:30:03.565,2026-08-19 10:30:03.714,2026-08-19 10:30:03.714,2026-08-19
"608","w6Ebd4Ngyx","MOOSPMv3Parser",1787135401,0,0,2,1,1,2,2,1,1,2,282,188,14717,32,18,3,19,19,21,40,19,0,22,23,46,43,17.244,206,1,36.138973,-120.368385,169.406998,9,600,58,3,"e00fce686dc2ef0a68fa40b0",2026-08-19 10:30:03.78,2026-08-19 10:30:04.012,2026-08-19 10:30:04.012,2026-08-19
"609","1zUxgn8nQC","MOOSPMv3Parser",1787135401,7,7,8,12,12,8,8,13,13,8,1282,399,42621,86,61,9,61,61,0,0,61,0,22,23,55,55,15.079,97,1,36.433609,-119.92337,32.389,8,600,58,3,"e00fce6876826e255108c6bd",2026-08-19 10:30:03.948,2026-08-19 10:30:04.173,2026-08-19 10:30:04.173,2026-08-19
"610","QgSkPpz9uu","MOOSPMv3Parser",1787135401,6,6,0,10,10,0,0,11,11,0,1340,356,0,65,0,5,0,0,22,38,0,2,23,23,46,47,6.572,261,1,36.187553,-119.822159,20.945,8,600,58,3,"e00fce68e739ecbcf9e91965",2026-08-19 10:30:04.161,2026-08-19 10:30:04.341,2026-08-19 10:30:04.341,2026-08-19
"611","2bjqnydoI3","MOOSPMv3Parser",1787135401,4,4,5,6,6,5,5,7,7,5,996,249,68339,46,38,3,38,38,20,39,38,0,24,22,39,47,23.013,272,1,36.139011,-120.368484,175.925995,8,600,58,3,"e00fce6850cac69f647dc199",2026-08-19 10:30:04.425,2026-08-19 10:30:04.666,2026-08-19 10:30:04.666,2026-08-19
"612","VRRRFO9ll5","MOOSPMv3Parser",1787136001,8,8,7,12,12,8,8,12,12,8,1816,432,137735,77,58,5,58,58,21,61,58,0,23,23,55,56,14.472,285,1,36.762669,-119.798759,57.841,7,600,58,3,"e00fce68e88237db75a60608",2026-08-19 10:40:02.687,2026-08-19 10:40:02.898,2026-08-19 10:40:02.898,2026-08-19
"613","zwaCUhEfuq","MOOSPMv3Parser",1787136000,0,0,5,3,3,5,5,3,3,5,308,219,62643,40,35,4,35,35,21,40,35,0,22,22,45,46,14.655,234,1,36.139019,-120.368423,161.408005,11,600,58,3,"e00fce68d6b773b56ce8baa0",2026-08-19 10:40:03.162,2026-08-19 10:40:03.335,2026-08-19 10:40:03.335,2026-08-19
"614","2W0CUASpU9","MOOSPMv3Parser",1787136000,5,5,5,8,8,5,5,8,8,5,1007,290,88923,54,37,3,37,37,23,28,37,1,24,26,41,39,21.151,302,3277,2.5e-05,-0.004246,1378.108032,7,600,58,3,"e00fce68e28dcbc9a589be10",2026-08-19 10:40:03.24,2026-08-19 10:40:03.433,2026-08-19 10:40:03.433,2026-08-19
"615","ALFxXiaLPr","MOOSPMv3Parser",1787136000,15,15,10,20,20,10,10,21,21,10,2911,800,141903,109,75,5,75,75,19,74,75,0,19,21,77,68,2.345,170,1,36.523266,-119.278809,77.695999,5,600,58,3,"e00fce68f12da1a0c5de6248",2026-08-19 10:40:03.396,2026-08-19 10:40:03.586,2026-08-19 10:40:03.586,2026-08-19
"616","ZTLAjrr9Kp","MOOSPMv3Parser",1787136000,8,8,5,11,11,5,5,11,11,5,1548,421,89853,67,40,4,40,40,21,50,40,0,22,23,53,51,17.75,145,2,35.949543,-119.049927,112.452003,7,600,58,3,"e00fce6808784ceaf209f949",2026-08-19 10:40:03.621,2026-08-19 10:40:03.847,2026-08-19 10:40:03.847,2026-08-19
"617","8nmAeAESpT","MOOSPMv3Parser",1787136001,6,6,0,10,10,0,0,11,11,0,1399,366,0,68,0,5,0,0,21,39,0,2,22,23,47,47,2.988,265,1,36.187531,-119.822166,28.968,7,600,58,3,"e00fce68e739ecbcf9e91965",2026-08-19 10:40:03.763,2026-08-19 10:40:03.909,2026-08-19 10:40:03.909,2026-08-19
"618","inO2jOm8RX","MOOSPMv3Parser",1787136001,7,7,8,11,11,8,8,12,12,8,1283,397,42673,81,60,7,60,60,0,0,60,0,21,22,57,56,15.298,97,1,36.433552,-119.923271,41.569,7,600,58,3,"e00fce6876826e255108c6bd",2026-08-19 10:40:03.783,2026-08-19 10:40:04.003,2026-08-19 10:40:04.003,2026-08-19
"619","vBHd7r75GF","MOOSPMv3Parser",1787136001,0,0,2,1,1,2,2,1,1,2,283,187,14732,31,18,2,18,18,21,40,18,0,22,23,45,43,18.104,188,1,36.139015,-120.36837,178.514999,11,600,58,3,"e00fce686dc2ef0a68fa40b0",2026-08-19 10:40:04.178,2026-08-19 10:40:04.385,2026-08-19 10:40:04.385,2026-08-19
"620","R4sOdv9Rap","MOOSPMv3Parser",1787136001,4,4,5,7,7,5,5,7,7,5,1017,254,68372,47,37,3,37,37,20,40,37,0,24,22,39,48,24.046,245,1,36.13903,-120.368431,172.410995,9,600,58,3,"e00fce6850cac69f647dc199",2026-08-19 10:40:04.725,2026-08-19 10:40:05.086,2026-08-19 10:40:05.086,2026-08-19
"621","8JDYZEr6Md","MOOSPMv3Parser",1787136601,8,8,8,12,12,8,8,12,12,8,1793,437,137787,75,59,6,60,60,21,61,60,0,23,23,55,56,14.278,280,1,36.762669,-119.798759,57.839001,0,600,58,3,"e00fce68e88237db75a60608",2026-08-19 10:50:02.767,2026-08-19 10:50:02.954,2026-08-19 10:50:02.954,2026-08-19
"622","pCgsCDOA4N","MOOSPMv3Parser",1787136600,0,0,5,2,2,5,5,3,3,5,309,216,62673,40,36,4,36,36,21,40,36,0,21,22,47,46,14.52,235,1,36.138996,-120.368309,160.195999,11,600,58,3,"e00fce68d6b773b56ce8baa0",2026-08-19 10:50:02.855,2026-08-19 10:50:03.038,2026-08-19 10:50:03.038,2026-08-19
"623","5UyvhhH94r","MOOSPMv3Parser",1787136600,5,5,5,7,7,5,6,8,8,6,992,284,88956,53,39,3,39,39,23,29,39,1,23,25,41,39,18.58,319,3277,2.5e-05,-0.004246,1378.108032,7,600,58,3,"e00fce68e28dcbc9a589be10",2026-08-19 10:50:03.24,2026-08-19 10:50:03.413,2026-08-19 10:50:03.413,2026-08-19
"624","3Y8RE1XpfP","MOOSPMv3Parser",1787136600,16,16,9,20,20,10,10,22,22,10,2910,806,141965,106,71,6,71,71,19,74,71,0,18,21,78,68,2.335,158,1,36.523312,-119.278801,74.066002,3,600,58,3,"e00fce68f12da1a0c5de6248",2026-08-19 10:50:03.402,2026-08-19 10:50:03.599,2026-08-19 10:50:03.599,2026-08-19
"625","swI3JvikRP","MOOSPMv3Parser",1787136600,8,8,5,11,11,5,5,12,12,5,1526,421,89888,65,40,5,40,40,21,49,40,0,22,23,53,51,16.554,152,2,35.949554,-119.049934,116.358002,8,600,58,3,"e00fce6808784ceaf209f949",2026-08-19 10:50:03.693,2026-08-19 10:50:03.841,2026-08-19 10:50:03.841,2026-08-19
"626","ifWB4QFEDy","MOOSPMv3Parser",1787136601,7,7,8,13,13,8,8,14,14,8,1352,418,42728,87,63,11,63,63,0,0,63,0,21,22,58,56,14.51,97,1,36.433594,-119.923378,37.596001,7,600,58,3,"e00fce6876826e255108c6bd",2026-08-19 10:50:03.781,2026-08-19 10:50:03.959,2026-08-19 10:50:03.959,2026-08-19
"627","Um8yilBRyL","MOOSPMv3Parser",1787136601,7,7,0,11,11,0,0,12,12,0,1467,378,0,76,0,8,0,0,21,40,0,2,22,23,48,49,3.865,263,1,36.187466,-119.822319,8.705,6,600,58,3,"e00fce68e739ecbcf9e91965",2026-08-19 10:50:03.926,2026-08-19 10:50:04.153,2026-08-19 10:50:04.153,2026-08-19
"628","AnPBr1OijK","MOOSPMv3Parser",1787136601,0,0,2,1,1,3,3,2,2,3,287,189,14749,34,20,3,20,20,21,41,20,0,21,23,47,44,18.222,189,1,36.139038,-120.368347,176.210999,9,600,58,3,"e00fce686dc2ef0a68fa40b0",2026-08-19 10:50:04.485,2026-08-19 10:50:04.71,2026-08-19 10:50:04.71,2026-08-19
"629","FE0OetQFFG","MOOSPMv3Parser",1787136601,4,4,5,7,7,5,5,7,7,5,1004,255,68406,47,39,3,39,39,20,40,39,0,24,21,39,48,24.089,252,1,36.13903,-120.368431,172.412994,0,600,58,3,"e00fce6850cac69f647dc199",2026-08-19 10:50:05.302,2026-08-19 10:50:05.569,2026-08-19 10:50:05.569,2026-08-19
"630","9T9zYA15Xu","MOOSPMv3Parser",1787137201,8,8,8,12,12,8,8,12,12,8,1808,435,137838,78,59,6,59,59,21,62,59,0,23,23,55,56,13.821,281,1,36.762711,-119.798737,54.359001,10,600,58,3,"e00fce68e88237db75a60608",2026-08-19 11:00:02.687,2026-08-19 11:00:03.458,2026-08-19 11:00:03.458,2026-08-19
"631","MRRuFBWpcL","MOOSPMv3Parser",1787137200,0,0,5,3,3,5,5,3,3,5,306,218,62705,43,38,5,38,38,20,41,38,0,21,22,47,47,12.707,250,1,36.139076,-120.368385,179.315994,10,600,58,3,"e00fce68d6b773b56ce8baa0",2026-08-19 11:00:02.891,2026-08-19 11:00:03.531,2026-08-19 11:00:03.531,2026-08-19
"632","ErEz0niT9X","MOOSPMv3Parser",1787137201,0,0,3,1,1,3,3,1,1,3,285,187,14767,31,22,3,22,22,21,41,22,0,22,23,47,44,15.4,221,1,36.139038,-120.368347,176.212997,0,600,58,3,"e00fce686dc2ef0a68fa40b0",2026-08-19 11:00:03.504,2026-08-19 11:00:03.9,2026-08-19 11:00:03.9,2026-08-19
"633","jpBW7iLyvR","MOOSPMv3Parser",1787137200,7,7,5,10,10,5,5,11,11,5,1453,397,89922,60,39,4,39,39,21,48,39,0,22,23,52,50,16.207,156,2,35.94952,-119.04995,129.005997,9,600,58,3,"e00fce6808784ceaf209f949",2026-08-19 11:00:03.63,2026-08-19 11:00:04.007,2026-08-19 11:00:04.007,2026-08-19
"634","c3w2YVPEm7","MOOSPMv3Parser",1787137200,15,15,9,20,20,9,9,21,21,9,2859,790,142026,104,70,5,71,71,19,76,71,0,18,20,82,70,1.299,150,1,36.523247,-119.278809,74.699997,5,600,58,3,"e00fce68f12da1a0c5de6248",2026-08-19 11:00:03.259,2026-08-19 11:00:04.041,2026-08-19 11:00:04.041,2026-08-19
"635","jKfKTM0ctZ","MOOSPMv3Parser",1787137200,5,5,5,7,7,5,5,8,8,5,964,276,88988,51,37,3,37,37,23,30,37,1,23,25,42,40,19.528,296,3277,2.5e-05,-0.004246,1378.108032,7,600,58,3,"e00fce68e28dcbc9a589be10",2026-08-19 11:00:03.248,2026-08-19 11:00:04.152,2026-08-19 11:00:04.152,2026-08-19
"636","oivgUooh7L","MOOSPMv3Parser",1787137201,7,7,8,12,12,8,8,14,14,8,1348,421,42780,86,60,9,60,60,0,0,60,0,21,22,59,56,14.43,97,1,36.433594,-119.923378,37.591999,0,600,58,3,"e00fce6876826e255108c6bd",2026-08-19 11:00:03.894,2026-08-19 11:00:04.427,2026-08-19 11:00:04.427,2026-08-19
"637","wruaqJZsUF","MOOSPMv3Parser",1787137201,7,7,0,11,11,0,0,12,12,0,1633,407,0,71,0,7,0,0,21,42,0,2,22,23,49,50,6.259,262,1,36.187466,-119.822319,8.707,0,600,58,3,"e00fce68e739ecbcf9e91965",2026-08-19 11:00:04.151,2026-08-19 11:00:04.435,2026-08-19 11:00:04.435,2026-08-19
"638","8HicdgxydH","MOOSPMv3Parser",1787137201,4,4,5,7,7,5,5,7,7,5,1042,267,68442,50,41,3,41,41,20,40,41,0,24,21,40,48,20.717,297,1,36.138996,-120.368385,186.792007,7,600,58,3,"e00fce6850cac69f647dc199",2026-08-19 11:00:05.373,2026-08-19 11:00:05.573,2026-08-19 11:00:05.573,2026-08-19
"639","kbEBFt4L9q","MOOSPMv3Parser",1787137800,0,0,5,3,3,5,5,3,3,5,314,225,62735,44,36,5,36,36,20,42,36,0,21,22,48,48,10.646,257,1,36.138962,-120.368446,183.542999,5,600,58,3,"e00fce68d6b773b56ce8baa0",2026-08-19 11:10:02.661,2026-08-19 11:10:02.842,2026-08-19 11:10:02.842,2026-08-19
"640","2AobIHJ69Q","MOOSPMv3Parser",1787137801,8,8,8,12,12,8,8,13,13,8,1834,439,137890,82,59,7,59,59,21,63,59,0,22,22,56,57,13.05,287,1,36.762749,-119.798698,67.360001,8,600,58,3,"e00fce68e88237db75a60608",2026-08-19 11:10:02.772,2026-08-19 11:10:02.963,2026-08-19 11:10:02.963,2026-08-19
"641","za73VpAzvx","MOOSPMv3Parser",1787137800,5,5,5,7,7,5,5,8,8,5,968,277,89022,56,39,4,39,39,22,30,39,1,23,25,43,41,16.495,333,3277,2.5e-05,-0.004246,1378.108032,7,600,58,3,"e00fce68e28dcbc9a589be10",2026-08-19 11:10:03.09,2026-08-19 11:10:03.297,2026-08-19 11:10:03.297,2026-08-19
"642","RHPFETX2uu","MOOSPMv3Parser",1787137800,16,16,10,21,21,10,10,22,22,10,3009,834,142094,106,77,5,77,77,18,78,77,0,18,20,83,73,1.404,136,1,36.523338,-119.278809,89.447998,5,600,58,3,"e00fce68f12da1a0c5de6248",2026-08-19 11:10:03.476,2026-08-19 11:10:03.655,2026-08-19 11:10:03.655,2026-08-19
"643","PY0qKCeHFJ","MOOSPMv3Parser",1787137800,7,7,5,10,10,5,5,11,11,5,1437,393,89957,68,39,5,40,40,20,49,40,0,21,22,53,51,15.819,164,2,35.949429,-119.049942,114.746002,10,600,58,3,"e00fce6808784ceaf209f949",2026-08-19 11:10:03.631,2026-08-19 11:10:03.833,2026-08-19 11:10:03.833,2026-08-19
"644","LMdYOzmCzF","MOOSPMv3Parser",1787137801,0,0,2,1,1,3,3,1,1,3,290,189,14783,33,19,3,19,19,21,42,19,0,22,23,47,45,13.324,241,1,36.139023,-120.368431,177.003998,11,600,58,3,"e00fce686dc2ef0a68fa40b0",2026-08-19 11:10:03.699,2026-08-19 11:10:03.846,2026-08-19 11:10:03.846,2026-08-19
"645","0rdXpVH97A","MOOSPMv3Parser",1787137801,7,7,7,12,12,8,8,13,13,8,1293,402,42831,88,59,10,59,59,0,0,59,0,21,22,60,57,14.126,97,1,36.433613,-119.923332,28.152,11,600,58,3,"e00fce6876826e255108c6bd",2026-08-19 11:10:03.87,2026-08-19 11:10:04.024,2026-08-19 11:10:04.024,2026-08-19
"646","HpI7gBs6cX","MOOSPMv3Parser",1787137801,8,8,0,13,13,0,0,14,14,0,1741,439,0,81,0,8,0,0,21,43,0,2,22,23,50,51,9.317,252,1,36.187496,-119.822044,23.98,12,600,58,3,"e00fce68e739ecbcf9e91965",2026-08-19 11:10:03.999,2026-08-19 11:10:04.204,2026-08-19 11:10:04.204,2026-08-19
"647","TAY9BBlXr1","MOOSPMv3Parser",1787137801,4,4,5,7,7,5,5,7,7,5,1012,256,68475,48,38,3,38,38,20,42,38,0,24,21,41,50,17.293,313,1,36.139046,-120.368355,174.871002,10,600,58,3,"e00fce6850cac69f647dc199",2026-08-19 11:10:04.43,2026-08-19 11:10:04.617,2026-08-19 11:10:04.617,2026-08-19
"648","4i5RmlxLny","MOOSPMv3Parser",1787138400,0,0,5,3,3,5,5,4,4,5,336,241,62769,46,40,6,40,40,20,40,40,0,21,22,45,45,12.15,247,1,36.139072,-120.368347,179.716003,12,600,58,3,"e00fce68d6b773b56ce8baa0",2026-08-19 11:20:02.914,2026-08-19 11:20:03.132,2026-08-19 11:20:03.132,2026-08-19
"649","YIAPdOCcIq","MOOSPMv3Parser",1787138401,9,9,7,12,12,8,8,13,13,8,1930,457,137941,81,59,5,59,59,20,64,59,0,22,22,56,58,12.62,286,1,36.762695,-119.798721,56.349998,10,600,58,3,"e00fce68e88237db75a60608",2026-08-19 11:20:02.862,2026-08-19 11:20:03.158,2026-08-19 11:20:03.158,2026-08-19
"650","h77plJSHeq","MOOSPMv3Parser",1787138400,5,5,5,8,8,6,6,8,8,6,1029,295,89056,57,41,4,41,41,22,31,41,1,23,24,43,41,16.339,318,3277,2.5e-05,-0.004246,1378.108032,7,600,58,3,"e00fce68e28dcbc9a589be10",2026-08-19 11:20:03.159,2026-08-19 11:20:03.358,2026-08-19 11:20:03.358,2026-08-19
"651","2eyNBiZ2Y6","MOOSPMv3Parser",1787138400,7,7,5,10,10,5,5,11,11,5,1429,393,89990,64,38,4,38,38,20,50,38,0,21,22,54,52,16.087,156,2,35.949425,-119.049904,107.882004,8,600,58,3,"e00fce6808784ceaf209f949",2026-08-19 11:20:03.633,2026-08-19 11:20:03.826,2026-08-19 11:20:03.826,2026-08-19
"652","ifSnliRkJv","MOOSPMv3Parser",1787138400,18,18,11,25,25,11,11,26,26,11,3333,923,142168,134,84,7,84,84,18,77,84,0,19,20,78,72,2.079,133,1,36.523335,-119.278793,81.404999,5,600,58,3,"e00fce68f12da1a0c5de6248",2026-08-19 11:20:03.634,2026-08-19 11:20:03.846,2026-08-19 11:20:03.846,2026-08-19
"653","aoIddshHKS","MOOSPMv3Parser",1787138401,7,7,8,12,12,8,8,13,13,8,1308,405,42885,83,62,8,62,62,0,0,62,0,20,22,60,57,13.839,98,1,36.433529,-119.923378,24.610001,9,600,58,3,"e00fce6876826e255108c6bd",2026-08-19 11:20:03.863,2026-08-19 11:20:04.018,2026-08-19 11:20:04.018,2026-08-19
"654","bwC8exyd1f","MOOSPMv3Parser",1787138401,8,8,0,13,13,0,0,13,13,0,1712,434,0,81,0,7,0,0,21,45,0,2,22,22,52,52,11.162,245,1,36.187508,-119.822029,25.724001,10,600,58,3,"e00fce68e739ecbcf9e91965",2026-08-19 11:20:03.928,2026-08-19 11:20:04.107,2026-08-19 11:20:04.107,2026-08-19
"655","hrZ1caAJD4","MOOSPMv3Parser",1787138401,0,0,3,2,2,3,3,2,2,3,319,215,14801,36,21,3,21,21,21,40,21,0,21,23,44,42,15.503,220,1,36.138992,-120.368423,170.022003,11,600,58,3,"e00fce686dc2ef0a68fa40b0",2026-08-19 11:20:04.192,2026-08-19 11:20:04.41,2026-08-19 11:20:04.41,2026-08-19
"656","LSpYkg4bW7","MOOSPMv3Parser",1787138401,5,5,5,7,7,5,5,8,8,5,1143,287,68510,52,41,2,41,41,20,38,41,0,24,21,37,46,20.454,282,1,36.138927,-120.368484,158.970993,8,600,58,3,"e00fce6850cac69f647dc199",2026-08-19 11:20:04.745,2026-08-19 11:20:04.882,2026-08-19 11:20:04.882,2026-08-19
"657","cj9Fi5uGJ6","MOOSPMv3Parser",1787139001,8,8,8,13,13,8,8,13,13,8,1906,459,137992,86,59,5,60,60,20,65,60,0,22,22,56,58,12.959,273,1,36.762718,-119.798767,56.625,11,600,58,3,"e00fce68e88237db75a60608",2026-08-19 11:30:02.765,2026-08-19 11:30:03.02,2026-08-19 11:30:03.02,2026-08-19
"658","NRiY2pAq4E","MOOSPMv3Parser",1787139000,0,0,5,3,3,5,5,3,3,5,319,227,62800,43,37,4,38,38,20,40,38,0,21,22,46,45,14.236,229,1,36.139034,-120.368477,166.263,7,600,58,3,"e00fce68d6b773b56ce8baa0",2026-08-19 11:30:02.69,2026-08-19 11:30:03.042,2026-08-19 11:30:03.042,2026-08-19
"659","DsUg4Fwaxl","MOOSPMv3Parser",1787139000,5,5,5,7,7,6,6,7,7,6,994,283,89092,54,41,3,42,42,22,31,42,1,23,24,42,41,18.822,286,3277,2.5e-05,-0.004246,1378.108032,7,600,58,3,"e00fce68e28dcbc9a589be10",2026-08-19 11:30:03.165,2026-08-19 11:30:03.5,2026-08-19 11:30:03.5,2026-08-19
"660","FTu7Cq63O4","MOOSPMv3Parser",1787139000,17,17,10,22,22,11,11,23,23,11,3089,859,142237,116,79,5,80,80,18,76,80,0,19,20,75,70,2.675,153,1,36.523308,-119.278763,93.507004,7,600,58,3,"e00fce68f12da1a0c5de6248",2026-08-19 11:30:03.578,2026-08-19 11:30:03.773,2026-08-19 11:30:03.773,2026-08-19
"661","VVHsQZmvRD","MOOSPMv3Parser",1787139000,7,7,5,10,10,5,5,10,10,5,1401,385,90022,62,37,4,37,37,20,52,37,0,21,22,55,53,16.334,151,2,35.949589,-119.049988,96.026001,8,600,58,3,"e00fce6808784ceaf209f949",2026-08-19 11:30:03.63,2026-08-19 11:30:03.792,2026-08-19 11:30:03.792,2026-08-19
"662","9T4MLBAm6u","MOOSPMv3Parser",1787139001,7,7,8,12,12,9,9,13,13,9,1380,429,42941,88,64,8,64,64,0,0,64,0,20,22,62,58,12.069,402,1,36.433567,-119.923332,16.290001,8,600,58,3,"e00fce6876826e255108c6bd",2026-08-19 11:30:03.871,2026-08-19 11:30:04.03,2026-08-19 11:30:04.03,2026-08-19
"663","C2vFACAhOn","MOOSPMv3Parser",1787139001,8,8,0,14,14,0,0,16,16,0,1778,462,0,92,0,12,0,0,21,46,0,2,22,22,52,53,11.998,247,1,36.187561,-119.821983,34.651001,10,600,58,3,"e00fce68e739ecbcf9e91965",2026-08-19 11:30:04.005,2026-08-19 11:30:04.188,2026-08-19 11:30:04.188,2026-08-19
"664","Yd4sjzZkRt","MOOSPMv3Parser",1787139001,0,0,2,2,2,2,2,2,2,2,299,200,14816,34,19,3,19,19,21,40,19,0,21,23,45,43,18.262,191,1,36.139,-120.368355,172.774994,10,600,58,3,"e00fce686dc2ef0a68fa40b0",2026-08-19 11:30:04.419,2026-08-19 11:30:04.593,2026-08-19 11:30:04.593,2026-08-19
"665","u0OjqP90CF","MOOSPMv3Parser",1787139001,5,5,5,7,7,5,5,8,8,5,1080,276,68545,52,40,3,40,40,20,39,40,0,24,21,38,47,24.203,252,1,36.138878,-120.368446,145.529007,7,600,58,3,"e00fce6850cac69f647dc199",2026-08-19 11:30:05.063,2026-08-19 11:30:05.252,2026-08-19 11:30:05.252,2026-08-19
"666","DnqPuhlZnf","MOOSPMv3Parser",1787139601,8,8,8,13,13,8,8,13,13,8,1904,450,138044,87,59,6,59,59,20,65,59,0,22,22,57,58,13.629,262,1,36.762661,-119.798744,56.889,10,600,58,3,"e00fce68e88237db75a60608",2026-08-19 11:40:02.865,2026-08-19 11:40:03.089,2026-08-19 11:40:03.089,2026-08-19
"667","JztrrEDHb6","MOOSPMv3Parser",1787139600,0,0,5,3,3,5,5,3,3,5,316,225,62831,42,37,5,37,37,20,41,37,0,21,22,48,47,14.859,220,1,36.139011,-120.368408,161.020996,8,600,58,3,"e00fce68d6b773b56ce8baa0",2026-08-19 11:40:02.982,2026-08-19 11:40:03.2,2026-08-19 11:40:03.2,2026-08-19
"668","vCOFGU8gk5","MOOSPMv3Parser",1787139600,5,5,5,8,8,6,6,9,9,6,1020,291,89126,57,40,5,40,40,22,32,40,1,23,24,44,42,17.946,288,3277,2.5e-05,-0.004246,1378.108032,7,600,58,3,"e00fce68e28dcbc9a589be10",2026-08-19 11:40:03.164,2026-08-19 11:40:03.318,2026-08-19 11:40:03.318,2026-08-19
"669","rin0Nb4b8h","MOOSPMv3Parser",1787139600,16,16,10,22,22,10,10,23,23,10,3051,851,142305,116,78,6,78,78,18,77,78,0,18,20,79,71,2.667,161,1,36.523197,-119.278862,70.694,8,600,58,3,"e00fce68f12da1a0c5de6248",2026-08-19 11:40:03.423,2026-08-19 11:40:03.596,2026-08-19 11:40:03.596,2026-08-19
"670","42Id4kVrmV","MOOSPMv3Parser",1787139601,0,0,3,1,1,3,3,1,1,3,293,194,14833,32,20,3,21,21,21,41,21,0,21,23,47,44,18.198,173,1,36.139011,-120.368332,178.800003,8,600,58,3,"e00fce686dc2ef0a68fa40b0",2026-08-19 11:40:03.467,2026-08-19 11:40:03.627,2026-08-19 11:40:03.627,2026-08-19
"671","KCxizDG5tO","MOOSPMv3Parser",1787139600,7,7,5,11,11,5,5,11,11,5,1496,413,90057,66,41,4,41,41,20,54,41,0,21,22,56,54,16.737,145,2,35.949562,-119.049973,114.237999,7,600,58,3,"e00fce6808784ceaf209f949",2026-08-19 11:40:03.643,2026-08-19 11:40:03.82,2026-08-19 11:40:03.82,2026-08-19
"672","cXwNbEfejn","MOOSPMv3Parser",1787139601,8,8,9,14,14,9,9,15,15,9,1475,457,43001,97,70,10,70,70,0,0,70,0,20,21,63,59,12.206,473,1,36.433491,-119.923393,17.955,9,600,58,3,"e00fce6876826e255108c6bd",2026-08-19 11:40:03.908,2026-08-19 11:40:04.094,2026-08-19 11:40:04.094,2026-08-19
"673","mpDKl513iN","MOOSPMv3Parser",1787139601,8,8,0,14,14,0,0,15,15,0,1782,456,0,86,0,9,0,0,21,46,0,2,21,22,54,53,10.687,261,1,36.187469,-119.822083,18.975,10,600,58,3,"e00fce68e739ecbcf9e91965",2026-08-19 11:40:04.094,2026-08-19 11:40:04.293,2026-08-19 11:40:04.293,2026-08-19
"674","q7CDYv1S90","MOOSPMv3Parser",1787139601,4,4,5,7,7,5,5,8,8,5,1063,269,68579,53,39,4,40,40,20,40,40,0,24,21,39,48,24.402,233,1,36.138958,-120.368393,165.451996,9,600,58,3,"e00fce6850cac69f647dc199",2026-08-19 11:40:05.37,2026-08-19 11:40:05.576,2026-08-19 11:40:05.576,2026-08-19
"675","6AwO2uUY9Z","MOOSPMv3Parser",1787140201,8,8,8,12,12,8,8,13,13,8,1866,447,138095,78,59,6,59,59,20,66,59,0,22,22,57,59,13.6,259,1,36.762726,-119.79879,54.432999,9,600,58,3,"e00fce68e88237db75a60608",2026-08-19 11:50:02.767,2026-08-19 11:50:02.963,2026-08-19 11:50:02.963,2026-08-19
"676","Ka2V7KS4l5","MOOSPMv3Parser",1787140200,0,0,5,3,3,5,5,3,3,5,316,228,62862,43,37,5,37,37,20,42,37,0,21,22,49,48,15.223,216,1,36.139069,-120.368401,170.641006,8,600,58,3,"e00fce68d6b773b56ce8baa0",2026-08-19 11:50:02.758,2026-08-19 11:50:03.006,2026-08-19 11:50:03.006,2026-08-19
"677","v0IxoEK1gU","MOOSPMv3Parser",1787140200,5,5,6,8,8,6,7,9,9,7,1038,300,89164,62,45,4,46,46,22,34,46,1,22,24,47,44,13.3,343,3277,2.5e-05,-0.004246,1378.108032,7,600,58,3,"e00fce68e28dcbc9a589be10",2026-08-19 11:50:03.237,2026-08-19 11:50:03.419,2026-08-19 11:50:03.419,2026-08-19
"678","6F2FAgQkzV","MOOSPMv3Parser",1787140200,9,9,6,13,13,6,6,14,14,6,1896,517,90099,84,48,5,48,48,20,56,48,0,21,22,56,55,15.837,151,2,35.949562,-119.049973,114.240997,0,600,58,3,"e00fce6808784ceaf209f949",2026-08-19 11:50:03.568,2026-08-19 11:50:03.785,2026-08-19 11:50:03.785,2026-08-19
"679","u0BpwOHLxX","MOOSPMv3Parser",1787140201,0,0,2,1,1,3,3,1,1,3,292,195,14850,31,19,3,19,19,21,42,19,0,21,23,48,44,18.24,170,1,36.138977,-120.368431,153.740997,9,600,58,3,"e00fce686dc2ef0a68fa40b0",2026-08-19 11:50:03.777,2026-08-19 11:50:03.936,2026-08-19 11:50:03.936,2026-08-19
"680","3JuPcnZWvv","MOOSPMv3Parser",1787140201,8,8,10,14,14,10,10,16,16,10,1551,482,43066,103,74,10,75,75,0,0,75,0,20,21,63,60,10.993,485,1,36.433582,-119.923409,15.782,8,600,58,3,"e00fce6876826e255108c6bd",2026-08-19 11:50:03.863,2026-08-19 11:50:04.071,2026-08-19 11:50:04.071,2026-08-19
"681","m2GzmdXHi7","MOOSPMv3Parser",1787140201,8,8,0,13,13,0,0,14,14,0,1693,434,0,88,0,11,0,0,20,47,0,2,21,22,54,53,9.429,264,1,36.187481,-119.821953,30.414,10,600,58,3,"e00fce68e739ecbcf9e91965",2026-08-19 11:50:04.002,2026-08-19 11:50:04.24,2026-08-19 11:50:04.24,2026-08-19
"682","4GBy0PyAmV","MOOSPMv3Parser",1787140200,17,17,10,22,22,10,10,23,23,10,3119,864,142373,113,78,5,78,78,18,76,78,0,19,20,76,71,2.549,160,1,36.523197,-119.278862,70.692001,0,600,58,3,"e00fce68f12da1a0c5de6248",2026-08-19 11:50:04.211,2026-08-19 11:50:04.38,2026-08-19 11:50:04.38,2026-08-19
"683","OfIpqtZXaa","MOOSPMv3Parser",1787140201,4,4,5,7,7,5,5,7,7,5,1020,254,68613,48,38,3,38,38,19,42,38,0,24,21,41,50,25.128,221,1,36.138992,-120.36837,178.343002,11,600,58,3,"e00fce6850cac69f647dc199",2026-08-19 11:50:04.484,2026-08-19 11:50:04.635,2026-08-19 11:50:04.635,2026-08-19
"684","FrAWjxyr5y","MOOSPMv3Parser",1787140801,8,8,8,12,12,8,8,13,13,8,1842,447,138149,79,61,7,61,61,20,67,61,0,22,22,58,59,13.201,260,1,36.762779,-119.79882,36.317001,10,600,58,3,"e00fce68e88237db75a60608",2026-08-19 12:00:02.7,2026-08-19 12:00:03.123,2026-08-19 12:00:03.123,2026-08-19
"685","uaFVm9Piep","MOOSPMv3Parser",1787140800,5,5,6,8,8,7,7,9,9,7,1036,297,89200,55,43,5,44,44,22,33,44,1,22,24,45,43,12.08,357,3277,2.5e-05,-0.004246,1378.108032,7,600,58,3,"e00fce68e28dcbc9a589be10",2026-08-19 12:00:03.164,2026-08-19 12:00:03.788,2026-08-19 12:00:03.788,2026-08-19
"686","N1dCdpVGI1","MOOSPMv3Parser",1787140800,0,0,5,3,3,5,5,3,3,5,318,225,62894,41,38,6,38,38,20,42,38,0,21,21,48,48,15.155,221,1,36.139069,-120.368401,170.638,0,600,58,3,"e00fce68d6b773b56ce8baa0",2026-08-19 12:00:03.103,2026-08-19 12:00:03.91,2026-08-19 12:00:03.91,2026-08-19
"687","pSjP66H69I","MOOSPMv3Parser",1787140800,16,16,10,22,22,10,10,23,23,10,3040,848,142441,115,76,5,77,77,18,76,77,0,19,20,76,71,2.033,195,1,36.523392,-119.27887,74.237,7,600,58,3,"e00fce68f12da1a0c5de6248",2026-08-19 12:00:03.384,2026-08-19 12:00:04.108,2026-08-19 12:00:04.108,2026-08-19
"688","N9gscK6LY6","MOOSPMv3Parser",1787140800,9,9,6,13,13,7,7,14,14,7,1775,485,90142,81,49,6,49,49,20,56,49,0,21,21,57,55,14.735,168,2,35.949635,-119.04995,105.406998,8,600,58,3,"e00fce6808784ceaf209f949",2026-08-19 12:00:03.553,2026-08-19 12:00:04.152,2026-08-19 12:00:04.152,2026-08-19
"689","XkvijnctuV","MOOSPMv3Parser",1787140801,8,8,10,15,15,10,10,16,16,10,1557,483,43133,107,76,12,77,77,0,0,77,0,20,21,64,61,10.824,500,1,36.433636,-119.923317,23.172001,8,600,58,3,"e00fce6876826e255108c6bd",2026-08-19 12:00:03.81,2026-08-19 12:00:04.17,2026-08-19 12:00:04.17,2026-08-19
"690","dP2OMCBJ1h","MOOSPMv3Parser",1787140801,7,7,0,11,11,0,0,12,12,0,1525,379,0,77,0,9,0,0,20,48,0,2,20,21,57,54,7.55,258,1,36.1875,-119.821976,31.177999,8,600,58,3,"e00fce68e739ecbcf9e91965",2026-08-19 12:00:04.005,2026-08-19 12:00:04.206,2026-08-19 12:00:04.206,2026-08-19
"691","yt569ztKWv","MOOSPMv3Parser",1787140801,0,0,3,1,1,3,3,2,2,3,295,196,14866,34,20,3,20,20,21,42,20,0,21,22,48,45,17.824,176,1,36.139046,-120.368469,155.326004,10,600,58,3,"e00fce686dc2ef0a68fa40b0",2026-08-19 12:00:04.104,2026-08-19 12:00:04.542,2026-08-19 12:00:04.542,2026-08-19
"692","n1PbBtBShm","MOOSPMv3Parser",1787140801,4,4,5,6,6,5,5,7,7,5,982,250,68647,46,40,3,40,40,19,42,40,0,24,21,40,50,24.045,234,1,36.138981,-120.368385,175.210007,12,600,58,3,"e00fce6850cac69f647dc199",2026-08-19 12:00:04.724,2026-08-19 12:00:04.917,2026-08-19 12:00:04.917,2026-08-19
"693","tiyIVXSdfD","MOOSPMv3Parser",1787141400,0,0,5,3,3,5,5,3,3,5,312,220,62925,42,37,5,37,37,20,42,37,0,21,21,48,48,14.961,223,1,36.139042,-120.368401,169.421005,14,600,58,3,"e00fce68d6b773b56ce8baa0",2026-08-19 12:10:02.553,2026-08-19 12:10:02.849,2026-08-19 12:10:02.849,2026-08-19
"694","hwj7ojqPBd","MOOSPMv3Parser",1787141401,9,9,8,13,13,8,8,14,14,8,1931,473,138201,83,61,5,61,61,20,68,61,0,22,22,58,60,12.295,259,1,36.7626,-119.79879,39.667999,6,600,58,3,"e00fce68e88237db75a60608",2026-08-19 12:10:02.766,2026-08-19 12:10:02.94,2026-08-19 12:10:02.94,2026-08-19
"695","4cPoyDowOY","MOOSPMv3Parser",1787141400,5,5,5,7,7,5,5,8,8,6,1007,288,89235,52,39,4,40,40,22,34,40,1,22,23,46,44,14.814,327,3277,2.5e-05,-0.004246,1378.108032,7,600,58,3,"e00fce68e28dcbc9a589be10",2026-08-19 12:10:03.229,2026-08-19 12:10:03.454,2026-08-19 12:10:03.454,2026-08-19
"696","5uHYZB2X52","MOOSPMv3Parser",1787141400,17,17,10,22,22,10,10,23,23,10,3111,866,142509,119,78,5,78,78,18,77,78,0,18,20,78,71,1.503,173,1,36.52317,-119.278862,54.118,7,600,58,3,"e00fce68f12da1a0c5de6248",2026-08-19 12:10:03.465,2026-08-19 12:10:03.669,2026-08-19 12:10:03.669,2026-08-19
"697","dA4wKHR0Tt","MOOSPMv3Parser",1787141400,8,8,6,13,13,6,6,13,13,6,1730,475,90183,77,47,6,47,47,20,56,47,0,21,21,56,55,15.502,158,2,35.949673,-119.050018,116.695999,8,600,58,3,"e00fce6808784ceaf209f949",2026-08-19 12:10:03.624,2026-08-19 12:10:03.843,2026-08-19 12:10:03.843,2026-08-19
"698","drMyxOJM4Y","MOOSPMv3Parser",1787141401,8,8,9,14,14,9,9,16,16,9,1481,463,43194,101,71,13,71,71,0,0,71,0,20,21,65,62,11.561,498,1,36.433628,-119.92334,39.398998,8,600,58,3,"e00fce6876826e255108c6bd",2026-08-19 12:10:03.874,2026-08-19 12:10:04.078,2026-08-19 12:10:04.078,2026-08-19
"699","HDJ0TFbhXj","MOOSPMv3Parser",1787141401,6,6,0,11,11,0,0,12,12,0,1492,369,0,75,0,7,0,0,20,51,0,2,20,21,60,57,6.114,261,1,36.187492,-119.822006,29.867001,11,600,58,3,"e00fce68e739ecbcf9e91965",2026-08-19 12:10:03.935,2026-08-19 12:10:04.13,2026-08-19 12:10:04.13,2026-08-19
"700","44QYWqGVXi","MOOSPMv3Parser",1787141401,0,0,3,1,1,3,3,2,2,3,288,194,14883,34,20,3,20,20,20,42,20,0,21,22,47,45,18.311,188,1,36.13905,-120.368385,177.356995,9,600,58,3,"e00fce686dc2ef0a68fa40b0",2026-08-19 12:10:04.504,2026-08-19 12:10:04.726,2026-08-19 12:10:04.726,2026-08-19
"701","fEUBzqlZwF","MOOSPMv3Parser",1787141401,4,4,5,6,6,5,5,7,7,5,1022,258,68681,44,39,3,39,39,19,42,39,0,24,21,40,50,23.828,248,1,36.138947,-120.368324,170.317993,11,600,58,3,"e00fce6850cac69f647dc199",2026-08-19 12:10:04.981,2026-08-19 12:10:05.143,2026-08-19 12:10:05.143,2026-08-19
"702","8JZw8eDRSm","MOOSPMv3Parser",1787142001,9,9,7,12,12,8,8,13,13,8,1920,467,138251,77,58,4,58,58,20,69,58,0,22,21,59,60,11.813,258,1,36.762718,-119.798775,64.943001,13,600,58,3,"e00fce68e88237db75a60608",2026-08-19 12:20:02.69,2026-08-19 12:20:02.946,2026-08-19 12:20:02.946,2026-08-19
"703","Jmm9jfCCHB","MOOSPMv3Parser",1787142000,0,0,5,3,3,5,5,3,3,5,322,228,62956,42,37,5,37,37,20,43,37,0,21,21,50,49,14.432,230,1,36.139065,-120.368355,180.363007,11,600,58,3,"e00fce68d6b773b56ce8baa0",2026-08-19 12:20:02.914,2026-08-19 12:20:03.079,2026-08-19 12:20:03.079,2026-08-19
"704","MkEQMhADTx","MOOSPMv3Parser",1787142000,5,5,5,8,8,6,6,9,9,6,1023,294,89269,58,40,5,41,41,21,34,41,1,22,23,46,44,13.594,314,3277,2.5e-05,-0.004246,1378.108032,7,600,58,3,"e00fce68e28dcbc9a589be10",2026-08-19 12:20:03.165,2026-08-19 12:20:03.328,2026-08-19 12:20:03.328,2026-08-19
"705","Ki2vey45Jy","MOOSPMv3Parser",1787142001,0,0,3,1,1,3,3,1,1,3,293,196,14900,33,20,3,20,20,20,43,20,0,21,22,50,46,17.408,207,1,36.139084,-120.368416,149.104996,9,600,58,3,"e00fce686dc2ef0a68fa40b0",2026-08-19 12:20:03.404,2026-08-19 12:20:03.614,2026-08-19 12:20:03.614,2026-08-19
"706","vaEi4bI5HG","MOOSPMv3Parser",1787142000,16,16,10,22,22,11,11,23,23,11,3126,867,142579,117,80,6,80,80,18,78,80,0,18,20,80,72,1.361,152,1,36.523315,-119.278778,68.686996,7,600,58,3,"e00fce68f12da1a0c5de6248",2026-08-19 12:20:03.41,2026-08-19 12:20:03.653,2026-08-19 12:20:03.653,2026-08-19
"707","tF50dylfBN","MOOSPMv3Parser",1787142000,8,8,6,12,12,6,6,12,12,6,1602,440,90221,71,44,5,44,44,20,55,44,0,20,21,57,55,16.187,153,2,35.949543,-119.049911,118.069,8,600,58,3,"e00fce6808784ceaf209f949",2026-08-19 12:20:03.563,2026-08-19 12:20:03.772,2026-08-19 12:20:03.772,2026-08-19
"708","oG8clw81G6","MOOSPMv3Parser",1787142001,8,8,9,13,13,9,9,14,14,9,1488,460,43253,95,68,9,68,68,0,0,68,0,20,21,65,62,11.382,498,1,36.433414,-119.923164,49.884998,6,600,58,3,"e00fce6876826e255108c6bd",2026-08-19 12:20:03.894,2026-08-19 12:20:04.062,2026-08-19 12:20:04.062,2026-08-19
"709","1JSZ6FhL5M","MOOSPMv3Parser",1787142001,6,6,0,11,11,0,0,12,12,0,1486,366,0,74,0,8,0,0,19,51,0,2,19,21,59,56,5.115,261,1,36.187477,-119.822044,26.021999,11,600,58,3,"e00fce68e739ecbcf9e91965",2026-08-19 12:20:04.007,2026-08-19 12:20:04.161,2026-08-19 12:20:04.161,2026-08-19
"710","VF0Nr81Mi0","MOOSPMv3Parser",1787142001,4,4,5,7,7,5,5,7,7,5,1042,263,68716,50,40,3,40,40,19,43,40,0,24,21,43,51,24.264,258,1,36.139019,-120.368324,172.927994,11,600,58,3,"e00fce6850cac69f647dc199",2026-08-19 12:20:05.379,2026-08-19 12:20:05.562,2026-08-19 12:20:05.562,2026-08-19
"711","PHRjTVDvM4","MOOSPMv3Parser",1787142600,0,0,5,3,3,5,5,3,3,5,315,225,62987,44,37,6,38,38,20,43,38,0,21,21,49,49,15.703,211,1,36.13905,-120.368385,170.117004,9,600,58,3,"e00fce68d6b773b56ce8baa0",2026-08-19 12:30:02.72,2026-08-19 12:30:02.924,2026-08-19 12:30:02.924,2026-08-19
"712","MziCqBLEEJ","MOOSPMv3Parser",1787142601,8,8,8,12,12,8,8,13,13,8,1876,456,138303,79,59,5,59,59,20,69,59,0,21,21,60,61,11.265,263,1,36.762703,-119.79882,52.053001,12,600,58,3,"e00fce68e88237db75a60608",2026-08-19 12:30:02.688,2026-08-19 12:30:02.961,2026-08-19 12:30:02.961,2026-08-19
"713","bEdFGCcovP","MOOSPMv3Parser",1787142600,5,5,5,8,8,6,6,8,8,6,1024,293,89304,55,41,3,42,42,21,34,42,1,22,23,46,44,10.956,321,3277,2.5e-05,-0.004246,1378.108032,7,600,58,3,"e00fce68e28dcbc9a589be10",2026-08-19 12:30:03.157,2026-08-19 12:30:03.35,2026-08-19 12:30:03.35,2026-08-19
"714","vg6S9q6BUG","MOOSPMv3Parser",1787142600,8,8,6,12,12,6,6,12,12,6,1602,443,90259,70,44,4,44,44,20,55,44,0,21,21,56,55,16.162,151,2,35.949417,-119.04985,118.484001,7,600,58,3,"e00fce6808784ceaf209f949",2026-08-19 12:30:03.63,2026-08-19 12:30:03.851,2026-08-19 12:30:03.851,2026-08-19
"715","zr95GDQ7Fh","MOOSPMv3Parser",1787142601,0,0,3,1,1,3,3,2,2,3,306,203,14918,34,21,3,21,21,20,43,21,0,21,22,49,47,18.253,173,1,36.138966,-120.368294,163.494995,9,600,58,3,"e00fce686dc2ef0a68fa40b0",2026-08-19 12:30:03.701,2026-08-19 12:30:03.884,2026-08-19 12:30:03.884,2026-08-19
"716","Xz0NbSYFQK","MOOSPMv3Parser",1787142601,8,8,9,14,14,10,10,16,16,10,1552,478,43315,98,71,11,71,71,0,0,71,0,19,21,65,61,10.793,499,1,36.433632,-119.923355,28.771,6,600,58,3,"e00fce6876826e255108c6bd",2026-08-19 12:30:03.868,2026-08-19 12:30:04.045,2026-08-19 12:30:04.045,2026-08-19
"717","BpZAW32JWT","MOOSPMv3Parser",1787142601,6,6,0,10,10,0,0,11,11,0,1419,348,0,74,0,7,0,0,19,52,0,2,19,20,61,57,4.636,257,1,36.187454,-119.821983,33.575001,13,600,58,3,"e00fce68e739ecbcf9e91965",2026-08-19 12:30:04.085,2026-08-19 12:30:04.266,2026-08-19 12:30:04.266,2026-08-19
"718","zGAyp9jxqd","MOOSPMv3Parser",1787142601,5,5,5,7,7,5,5,7,7,5,1045,268,68751,47,40,3,40,40,19,44,40,0,24,21,42,51,25.122,219,1,36.139061,-120.368286,172.714996,7,600,58,3,"e00fce6850cac69f647dc199",2026-08-19 12:30:04.495,2026-08-19 12:30:04.721,2026-08-19 12:30:04.721,2026-08-19
"719","AdkQaNHCHR","MOOSPMv3Parser",1787142600,17,17,10,23,23,11,11,24,24,11,3216,893,142649,127,80,6,80,80,18,78,80,0,18,19,80,72,0.922,149,1,36.523281,-119.278839,69.671997,7,600,58,3,"e00fce68f12da1a0c5de6248",2026-08-19 12:30:07.651,2026-08-19 12:30:07.816,2026-08-19 12:30:07.816,2026-08-19
"720","tDKMbNNOXT","MOOSPMv3Parser",1787143201,8,8,8,13,13,8,8,14,14,8,1899,469,138355,87,59,8,59,59,20,71,59,0,21,21,60,61,10.394,268,1,36.762703,-119.79882,52.051998,0,600,58,3,"e00fce68e88237db75a60608",2026-08-19 12:40:02.685,2026-08-19 12:40:02.832,2026-08-19 12:40:02.832,2026-08-19
"721","RWm8O2TvmT","MOOSPMv3Parser",1787143200,0,0,5,3,3,5,5,3,3,5,321,229,63021,41,40,5,40,40,20,43,40,0,21,21,50,49,12.9,224,1,36.138954,-120.368385,174.949997,11,600,58,3,"e00fce68d6b773b56ce8baa0",2026-08-19 12:40:02.917,2026-08-19 12:40:03.11,2026-08-19 12:40:03.11,2026-08-19
"722","cdT9Vq5aSb","MOOSPMv3Parser",1787143200,5,5,5,8,8,6,6,9,9,6,1066,305,89340,60,42,5,42,42,21,34,42,1,22,23,46,44,10.393,321,3277,2.5e-05,-0.004246,1378.108032,7,600,58,3,"e00fce68e28dcbc9a589be10",2026-08-19 12:40:03.088,2026-08-19 12:40:03.258,2026-08-19 12:40:03.258,2026-08-19
"723","mwnCeXaBaA","MOOSPMv3Parser",1787143200,18,18,11,24,24,11,11,25,25,11,3332,927,142723,129,85,7,85,85,18,79,85,0,18,19,80,73,0.575,147,1,36.523293,-119.27874,79.700996,7,600,58,3,"e00fce68f12da1a0c5de6248",2026-08-19 12:40:03.48,2026-08-19 12:40:03.644,2026-08-19 12:40:03.644,2026-08-19
"724","YvN5j9mfzH","MOOSPMv3Parser",1787143200,8,8,5,12,12,6,6,12,12,6,1652,455,90297,72,43,4,43,43,19,56,43,0,21,21,57,55,16.916,145,2,35.949501,-119.049957,101.556999,6,600,58,3,"e00fce6808784ceaf209f949",2026-08-19 12:40:03.562,2026-08-19 12:40:03.738,2026-08-19 12:40:03.738,2026-08-19
"725","jxATXcjeJ8","MOOSPMv3Parser",1787143201,8,8,9,15,15,10,10,16,16,10,1583,490,43378,109,72,10,73,73,0,0,73,0,19,21,65,62,11.496,500,1,36.433514,-119.923309,39.859001,4,600,58,3,"e00fce6876826e255108c6bd",2026-08-19 12:40:04.03,2026-08-19 12:40:04.226,2026-08-19 12:40:04.226,2026-08-19
"726","U21MI427mn","MOOSPMv3Parser",1787143201,6,6,0,12,12,0,0,13,13,0,1531,379,0,81,0,11,0,0,19,54,0,2,19,20,61,59,4.485,258,1,36.187542,-119.822105,20.254999,10,600,58,3,"e00fce68e739ecbcf9e91965",2026-08-19 12:40:04.015,2026-08-19 12:40:04.241,2026-08-19 12:40:04.241,2026-08-19
"727","GHxkfttOI6","MOOSPMv3Parser",1787143201,0,0,3,2,2,3,3,2,2,3,309,212,14935,35,21,3,21,21,20,43,21,0,21,22,49,46,15.138,203,1,36.139034,-120.368416,155.147995,10,600,58,3,"e00fce686dc2ef0a68fa40b0",2026-08-19 12:40:04.094,2026-08-19 12:40:04.265,2026-08-19 12:40:04.265,2026-08-19
"728","Cbuil75QVb","MOOSPMv3Parser",1787143201,4,4,5,7,7,6,6,8,8,6,1079,275,68788,51,42,4,42,42,19,44,42,0,24,21,42,51,21.299,252,1,36.139061,-120.368286,172.716995,0,600,58,3,"e00fce6850cac69f647dc199",2026-08-19 12:40:04.741,2026-08-19 12:40:04.956,2026-08-19 12:40:04.956,2026-08-19
"729","2aPeZdyFSn","MOOSPMv3Parser",1787143800,1,1,5,3,3,6,6,4,4,6,333,242,63055,46,41,5,41,41,20,42,41,0,20,21,49,47,12.674,233,1,36.138992,-120.368408,180.528,9,600,58,3,"e00fce68d6b773b56ce8baa0",2026-08-19 12:50:02.693,2026-08-19 12:50:02.943,2026-08-19 12:50:02.943,2026-08-19
"730","2ie8amEcGL","MOOSPMv3Parser",1787143801,8,8,8,12,12,8,8,13,13,8,1885,465,138409,76,61,5,62,62,20,72,62,0,21,21,61,62,10.397,266,1,36.762722,-119.798775,61.849998,10,600,58,3,"e00fce68e88237db75a60608",2026-08-19 12:50:02.847,2026-08-19 12:50:02.983,2026-08-19 12:50:02.983,2026-08-19
"731","mJKxnam1uM","MOOSPMv3Parser",1787143800,5,5,5,8,8,6,6,9,9,6,1122,322,89376,59,41,4,41,41,21,36,41,1,21,23,47,45,11.026,315,3277,2.5e-05,-0.004246,1378.108032,7,600,58,3,"e00fce68e28dcbc9a589be10",2026-08-19 12:50:03.311,2026-08-19 12:50:03.484,2026-08-19 12:50:03.484,2026-08-19
"732","vlt6lgmImc","MOOSPMv3Parser",1787143800,18,18,11,25,25,12,12,26,26,12,3364,938,142798,130,87,6,87,87,18,80,87,0,17,19,82,75,0.538,151,1,36.523254,-119.278763,85.234001,10,600,58,3,"e00fce68f12da1a0c5de6248",2026-08-19 12:50:03.482,2026-08-19 12:50:03.681,2026-08-19 12:50:03.681,2026-08-19
"733","K1lkGXUgxL","MOOSPMv3Parser",1787143800,8,8,6,12,12,6,6,13,13,6,1690,459,90335,76,45,5,45,45,19,56,45,0,21,21,56,55,16.4,147,2,35.949501,-119.049873,119.611,5,600,58,3,"e00fce6808784ceaf209f949",2026-08-19 12:50:03.556,2026-08-19 12:50:03.753,2026-08-19 12:50:03.753,2026-08-19
"734","nlnwFh00qH","MOOSPMv3Parser",1787143801,8,8,9,15,15,10,10,16,16,10,1557,484,43441,103,72,11,73,73,0,0,73,0,19,21,64,62,11.553,500,1,36.433552,-119.92334,31.782,6,600,58,3,"e00fce6876826e255108c6bd",2026-08-19 12:50:04.031,2026-08-19 12:50:04.277,2026-08-19 12:50:04.277,2026-08-19
"735","LxlwFcO7jj","MOOSPMv3Parser",1787143801,7,7,0,12,12,0,0,13,13,0,1623,395,0,77,0,9,0,0,19,52,0,2,19,20,56,56,4.901,254,1,36.187542,-119.822105,20.254999,0,600,58,3,"e00fce68e739ecbcf9e91965",2026-08-19 12:50:04.094,2026-08-19 12:50:04.289,2026-08-19 12:50:04.289,2026-08-19
"736","oRf1Ou26xz","MOOSPMv3Parser",1787143801,0,0,3,2,2,3,3,2,2,3,326,221,14953,38,21,3,21,21,20,42,21,0,20,22,49,44,15.704,216,1,36.139034,-120.368416,155.145996,0,600,58,3,"e00fce686dc2ef0a68fa40b0",2026-08-19 12:50:04.582,2026-08-19 12:50:04.779,2026-08-19 12:50:04.779,2026-08-19
"737","ZM0rACZBaw","MOOSPMv3Parser",1787143801,5,5,6,8,8,6,6,8,8,6,1169,300,68826,52,44,3,44,44,19,42,44,0,24,21,40,49,20.297,263,1,36.139042,-120.368439,158.834,10,600,58,3,"e00fce6850cac69f647dc199",2026-08-19 12:50:05.161,2026-08-19 12:50:05.322,2026-08-19 12:50:05.322,2026-08-19
"738","LCYJ0HBrac","MOOSPMv3Parser",1787144400,0,0,5,3,3,5,5,4,4,5,324,234,63089,44,41,5,41,41,20,42,41,0,20,21,48,48,13.878,217,1,36.138977,-120.368439,175.839996,7,600,58,3,"e00fce68d6b773b56ce8baa0",2026-08-19 13:00:02.859,2026-08-19 13:00:03.571,2026-08-19 13:00:03.571,2026-08-19
"739","zvzs199P2I","MOOSPMv3Parser",1787144400,6,6,6,9,9,6,6,9,9,6,1168,331,89414,68,45,4,45,45,21,35,45,1,22,23,46,45,14.494,293,3277,2.5e-05,-0.004246,1378.108032,7,600,58,3,"e00fce68e28dcbc9a589be10",2026-08-19 13:00:03.159,2026-08-19 13:00:03.75,2026-08-19 13:00:03.75,2026-08-19
"740","rNGCp8Gw8M","MOOSPMv3Parser",1787144400,8,8,5,11,11,6,6,12,12,6,1629,445,90372,73,42,4,43,43,19,55,43,0,21,21,55,54,16.565,150,2,35.949577,-119.049782,114.494003,5,600,58,3,"e00fce6808784ceaf209f949",2026-08-19 13:00:03.464,2026-08-19 13:00:03.913,2026-08-19 13:00:03.913,2026-08-19
"741","9gnnfgGkRd","MOOSPMv3Parser",1787144401,0,0,3,2,2,3,3,2,2,3,313,212,14970,35,20,3,20,20,20,42,20,0,20,22,48,45,16.537,190,1,36.138855,-120.368378,155.554001,8,600,58,3,"e00fce686dc2ef0a68fa40b0",2026-08-19 13:00:03.53,2026-08-19 13:00:03.964,2026-08-19 13:00:03.964,2026-08-19
"742","YapsqIHOM5","MOOSPMv3Parser",1787144400,19,19,11,25,25,12,12,26,26,12,3461,968,142875,133,87,7,88,88,18,80,88,0,17,19,83,74,0.349,132,1,36.523449,-119.278824,75.621002,6,600,58,3,"e00fce68f12da1a0c5de6248",2026-08-19 13:00:03.568,2026-08-19 13:00:04.211,2026-08-19 13:00:04.211,2026-08-19
"743","0z0NOQWBKb","MOOSPMv3Parser",1787144401,7,7,9,13,13,9,9,15,15,9,1423,441,43502,94,70,9,71,71,1,0,71,0,19,20,64,61,11.075,500,1,36.433578,-119.923409,28.812,5,600,58,3,"e00fce6876826e255108c6bd",2026-08-19 13:00:03.967,2026-08-19 13:00:04.353,2026-08-19 13:00:04.353,2026-08-19
"744","9nF4j2Aj1E","MOOSPMv3Parser",1787144401,7,7,0,13,13,0,0,13,13,0,1673,412,0,85,0,11,0,0,19,50,0,2,20,20,53,55,7.749,243,1,36.187508,-119.821968,27.559,11,600,58,3,"e00fce68e739ecbcf9e91965",2026-08-19 13:00:04.014,2026-08-19 13:00:04.374,2026-08-19 13:00:04.374,2026-08-19
"745","BR1oaWI0d4","MOOSPMv3Parser",1787144401,4,4,5,7,7,6,6,7,7,6,1070,274,68863,49,42,3,42,42,19,42,42,0,23,20,40,49,22.135,238,1,36.139,-120.368317,164.815002,11,600,58,3,"e00fce6850cac69f647dc199",2026-08-19 13:00:05.377,2026-08-19 13:00:05.517,2026-08-19 13:00:05.517,2026-08-19
"746","WnzAsF9L9o","MOOSPMv3Parser",1787144401,9,9,8,13,13,8,8,14,14,8,1924,489,138464,85,63,5,63,63,20,73,63,0,21,21,60,62,8.728,272,1,36.762714,-119.798805,53.622002,14,600,58,3,"e00fce68e88237db75a60608",2026-08-19 13:00:08.092,2026-08-19 13:00:08.27,2026-08-19 13:00:08.27,2026-08-19
"747","g0PqhVDJiD","MOOSPMv3Parser",1787145000,0,0,5,3,3,5,5,3,3,5,315,223,63122,43,38,4,38,38,20,42,38,0,20,21,49,48,15.327,208,1,36.13913,-120.368378,170.009995,10,600,58,3,"e00fce68d6b773b56ce8baa0",2026-08-19 13:10:02.603,2026-08-19 13:10:02.774,2026-08-19 13:10:02.774,2026-08-19
"748","oieW2uaNbT","MOOSPMv3Parser",1787145001,8,8,8,14,14,8,8,14,14,8,1835,472,138516,93,60,9,60,60,19,73,60,0,21,21,61,62,10.067,265,1,36.762711,-119.798721,51.966999,11,600,58,3,"e00fce68e88237db75a60608",2026-08-19 13:10:02.845,2026-08-19 13:10:03.031,2026-08-19 13:10:03.031,2026-08-19
"749","7wLCyzdyDT","MOOSPMv3Parser",1787145000,5,5,6,9,9,6,6,9,9,6,1128,324,89452,63,44,4,44,44,21,36,44,1,22,23,46,45,18.269,281,3277,2.5e-05,-0.004246,1378.108032,7,600,58,3,"e00fce68e28dcbc9a589be10",2026-08-19 13:10:03.321,2026-08-19 13:10:03.553,2026-08-19 13:10:03.553,2026-08-19
"750","xbgBxrVBh0","MOOSPMv3Parser",1787145000,7,7,5,11,11,5,5,11,11,5,1526,415,90408,64,40,4,41,41,19,54,41,0,20,21,55,54,16.235,149,2,35.949619,-119.04995,122.025002,7,600,58,3,"e00fce6808784ceaf209f949",2026-08-19 13:10:03.635,2026-08-19 13:10:03.843,2026-08-19 13:10:03.843,2026-08-19
"751","ZlXQhR0BLQ","MOOSPMv3Parser",1787145001,0,0,3,1,1,3,3,2,2,3,293,193,14987,34,20,3,20,20,20,42,20,0,20,22,49,45,17.621,172,1,36.138939,-120.368362,171.481003,12,600,58,3,"e00fce686dc2ef0a68fa40b0",2026-08-19 13:10:03.774,2026-08-19 13:10:03.969,2026-08-19 13:10:03.969,2026-08-19
"752","8cY2WTwcnx","MOOSPMv3Parser",1787145001,7,7,8,13,13,9,9,14,14,9,1403,433,43559,91,66,9,66,66,0,0,66,0,19,20,66,61,9.142,500,1,36.43354,-119.923363,26.896999,5,600,58,3,"e00fce6876826e255108c6bd",2026-08-19 13:10:03.814,2026-08-19 13:10:04.015,2026-08-19 13:10:04.015,2026-08-19
"753","SZ5csr3SIk","MOOSPMv3Parser",1787145000,19,19,12,25,25,12,12,27,27,12,3557,990,142954,134,91,6,91,91,17,80,91,0,17,19,82,75,1.19,125,1,36.523342,-119.278809,80.397003,7,600,58,3,"e00fce68f12da1a0c5de6248",2026-08-19 13:10:03.862,2026-08-19 13:10:04.043,2026-08-19 13:10:04.043,2026-08-19
"754","IJ22SGkXGp","MOOSPMv3Parser",1787145001,7,7,0,12,12,0,0,13,13,0,1664,411,0,80,0,8,0,0,19,49,0,2,20,20,53,55,7.774,241,1,36.187496,-119.821999,24.337,11,600,58,3,"e00fce68e739ecbcf9e91965",2026-08-19 13:10:04.006,2026-08-19 13:10:04.172,2026-08-19 13:10:04.172,2026-08-19
"755","HdIswk2vsO","MOOSPMv3Parser",1787145001,5,5,5,7,7,6,6,7,7,6,1015,264,68899,49,41,3,41,41,19,42,41,0,23,20,41,50,24.943,214,1,36.138954,-120.368347,136.580994,9,600,58,3,"e00fce6850cac69f647dc199",2026-08-19 13:10:04.5,2026-08-19 13:10:04.677,2026-08-19 13:10:04.677,2026-08-19
"756","gXRzJheQNY","MOOSPMv3Parser",1787145600,0,0,5,3,3,5,5,3,3,5,307,220,63155,43,40,5,40,40,19,42,40,0,20,21,49,48,16.552,196,1,36.138966,-120.368401,169.630005,8,600,58,3,"e00fce68d6b773b56ce8baa0",2026-08-19 13:20:02.772,2026-08-19 13:20:02.984,2026-08-19 13:20:02.984,2026-08-19
"757","eDUp5FMDpC","MOOSPMv3Parser",1787145601,9,9,8,13,13,8,8,14,14,8,1877,474,138570,87,61,6,62,62,19,74,62,0,21,21,62,63,10.229,265,1,36.762772,-119.798775,31.143999,9,600,58,3,"e00fce68e88237db75a60608",2026-08-19 13:20:02.788,2026-08-19 13:20:03.03,2026-08-19 13:20:03.03,2026-08-19
"758","CKSWGFVbEE","MOOSPMv3Parser",1787145600,6,6,6,9,9,7,7,9,9,7,1136,324,89491,63,46,5,46,46,21,35,46,1,22,23,46,45,17.964,286,3277,2.5e-05,-0.004246,1378.108032,7,600,58,3,"e00fce68e28dcbc9a589be10",2026-08-19 13:20:03.159,2026-08-19 13:20:03.316,2026-08-19 13:20:03.316,2026-08-19
"759","6T8Hw4YcS6","MOOSPMv3Parser",1787145600,19,19,11,26,26,12,12,27,27,12,3565,994,143030,136,88,6,88,88,17,80,88,0,17,19,82,75,1.549,120,1,36.523376,-119.27877,93.666,6,600,58,3,"e00fce68f12da1a0c5de6248",2026-08-19 13:20:03.536,2026-08-19 13:20:03.714,2026-08-19 13:20:03.714,2026-08-19
"760","pxcY4Hyvfd","MOOSPMv3Parser",1787145601,7,7,9,13,13,9,9,14,14,9,1376,427,43617,88,67,9,67,67,0,0,67,0,18,20,65,60,8.95,500,1,36.43364,-119.923363,34.595001,6,600,58,3,"e00fce6876826e255108c6bd",2026-08-19 13:20:03.885,2026-08-19 13:20:04.065,2026-08-19 13:20:04.065,2026-08-19
"761","DJ35CDMoXI","MOOSPMv3Parser",1787145601,0,0,3,2,2,3,3,2,2,3,296,200,15006,34,23,3,23,23,20,42,23,0,20,22,48,45,19.917,158,1,36.138943,-120.368385,168.975998,9,600,58,3,"e00fce686dc2ef0a68fa40b0",2026-08-19 13:20:04.109,2026-08-19 13:20:04.299,2026-08-19 13:20:04.299,2026-08-19
"762","4Ai0tuwCaH","MOOSPMv3Parser",1787145601,8,8,0,12,12,0,0,13,13,0,1720,424,0,78,0,8,0,0,19,49,0,2,19,20,54,55,6.448,244,1,36.187561,-119.822006,32.707001,10,600,58,3,"e00fce68e739ecbcf9e91965",2026-08-19 13:20:04.237,2026-08-19 13:20:04.394,2026-08-19 13:20:04.394,2026-08-19
"763","K28aXMGlV4","MOOSPMv3Parser",1787145601,4,4,5,7,7,6,6,8,8,6,1035,269,68936,51,43,3,43,43,19,42,43,0,23,20,41,50,27.017,191,1,36.138981,-120.368416,168.291,6,600,58,3,"e00fce6850cac69f647dc199",2026-08-19 13:20:04.743,2026-08-19 13:20:04.911,2026-08-19 13:20:04.911,2026-08-19
"764","pD0mdAppsP","MOOSPMv3Parser",1787145600,8,8,6,12,12,6,6,13,13,7,1586,433,90447,74,46,6,46,46,19,53,46,0,20,21,55,53,14.767,157,2,35.949802,-119.049835,138.216003,7,600,58,3,"e00fce6808784ceaf209f949",2026-08-19 13:20:09.218,2026-08-19 13:20:09.416,2026-08-19 13:20:09.416,2026-08-19
"765","jfM7tIxbYF","MOOSPMv3Parser",1787146200,0,0,5,3,3,5,5,3,3,5,314,223,63189,41,40,5,40,40,19,43,40,1,20,21,51,50,15.226,208,1,36.138969,-120.368393,152.759995,8,600,58,3,"e00fce68d6b773b56ce8baa0",2026-08-19 13:30:02.781,2026-08-19 13:30:03.029,2026-08-19 13:30:03.029,2026-08-19
"766","zCy7Srvh4F","MOOSPMv3Parser",1787146201,9,9,8,14,14,8,8,14,14,8,1871,475,138624,90,61,7,62,62,19,74,62,0,21,21,62,63,9.808,270,1,36.762737,-119.798843,45.188999,7,600,58,3,"e00fce68e88237db75a60608",2026-08-19 13:30:02.848,2026-08-19 13:30:03.059,2026-08-19 13:30:03.059,2026-08-19
"767","bVjJnMNolb","MOOSPMv3Parser",1787146200,5,5,5,9,9,6,6,9,9,6,1126,321,89527,60,42,4,42,42,21,35,42,1,22,23,45,44,19.403,252,3277,2.5e-05,-0.004246,1378.108032,7,600,58,3,"e00fce68e28dcbc9a589be10",2026-08-19 13:30:03.093,2026-08-19 13:30:03.307,2026-08-19 13:30:03.307,2026-08-19
"768","DUgTouLSEq","MOOSPMv3Parser",1787146200,18,18,11,23,23,11,11,25,25,11,3358,929,143105,122,85,5,85,85,17,82,85,0,17,19,86,77,1.506,102,1,36.523354,-119.278694,70.094002,6,600,58,3,"e00fce68f12da1a0c5de6248",2026-08-19 13:30:03.459,2026-08-19 13:30:03.662,2026-08-19 13:30:03.662,2026-08-19
"769","dS46ha8sZg","MOOSPMv3Parser",1787146200,8,8,6,11,11,6,6,12,12,6,1606,433,90488,70,48,4,48,48,19,54,48,0,20,21,56,54,12.569,176,1,35.949802,-119.049835,138.212006,0,600,58,3,"e00fce6808784ceaf209f949",2026-08-19 13:30:03.713,2026-08-19 13:30:03.902,2026-08-19 13:30:03.902,2026-08-19
"770","BqaELpa3Ws","MOOSPMv3Parser",1787146201,8,8,0,13,13,0,0,14,14,0,1753,437,0,82,0,9,0,0,19,49,0,2,20,20,54,55,6.922,238,1,36.187557,-119.82209,24.837999,12,600,58,3,"e00fce68e739ecbcf9e91965",2026-08-19 13:30:04.085,2026-08-19 13:30:04.257,2026-08-19 13:30:04.257,2026-08-19
"771","7DRaYcpBG5","MOOSPMv3Parser",1787146201,7,7,9,13,13,9,9,16,16,9,1353,421,43675,90,67,13,67,68,0,0,68,0,19,20,64,60,8.9,500,1,36.433563,-119.923386,22.177999,6,600,58,3,"e00fce6876826e255108c6bd",2026-08-19 13:30:04.118,2026-08-19 13:30:04.293,2026-08-19 13:30:04.293,2026-08-19
"772","2fxGggpzYX","MOOSPMv3Parser",1787146201,0,0,3,2,2,3,3,2,2,3,294,196,15025,35,24,3,24,24,20,43,24,0,20,22,50,46,18.316,182,1,36.13908,-120.368416,174.546005,9,600,58,3,"e00fce686dc2ef0a68fa40b0",2026-08-19 13:30:04.423,2026-08-19 13:30:04.628,2026-08-19 13:30:04.628,2026-08-19
"773","kIivQR6ZTl","MOOSPMv3Parser",1787146201,4,4,5,7,7,6,6,7,7,6,1024,259,68973,46,42,3,42,42,19,44,42,0,23,20,42,51,24.479,217,1,36.139027,-120.368423,161.358002,9,600,58,3,"e00fce6850cac69f647dc199",2026-08-19 13:30:05.053,2026-08-19 13:30:05.261,2026-08-19 13:30:05.261,2026-08-19
"774","Jck1HPjrmC","MOOSPMv3Parser",1787146801,9,9,8,14,14,8,8,14,14,8,1888,488,138679,95,62,6,62,62,19,76,62,0,21,20,63,64,8.089,287,1,36.762718,-119.798729,59.515999,9,600,58,3,"e00fce68e88237db75a60608",2026-08-19 13:40:02.997,2026-08-19 13:40:03.169,2026-08-19 13:40:03.169,2026-08-19
"775","tI51Gu79LQ","MOOSPMv3Parser",1787146800,0,0,5,3,3,5,5,3,3,5,321,232,63222,44,40,4,40,40,19,44,40,1,20,20,53,51,15.551,199,1,36.139057,-120.368332,166.332001,10,600,58,3,"e00fce68d6b773b56ce8baa0",2026-08-19 13:40:03.076,2026-08-19 13:40:03.3,2026-08-19 13:40:03.3,2026-08-19
"776","aK510WNwpr","MOOSPMv3Parser",1787146800,5,5,5,8,8,5,6,8,8,6,1046,299,89561,57,40,4,40,40,21,34,40,1,22,23,44,44,17.911,241,3277,2.5e-05,-0.004246,1378.108032,7,600,58,3,"e00fce68e28dcbc9a589be10",2026-08-19 13:40:03.163,2026-08-19 13:40:03.341,2026-08-19 13:40:03.341,2026-08-19
"777","FsoVpZRVYO","MOOSPMv3Parser",1787146801,0,0,3,2,2,3,3,2,2,3,297,200,15043,34,21,3,21,21,20,44,21,0,20,21,52,48,18.052,159,1,36.139076,-120.368233,203,7,600,58,3,"e00fce686dc2ef0a68fa40b0",2026-08-19 13:40:03.538,2026-08-19 13:40:03.703,2026-08-19 13:40:03.703,2026-08-19
"778","xuMsnLFQU1","MOOSPMv3Parser",1787146800,18,18,10,24,24,11,11,25,25,11,3366,936,143175,123,81,5,81,81,17,82,81,0,17,18,86,77,1.828,89,1,36.523354,-119.278694,70.097,0,600,58,3,"e00fce68f12da1a0c5de6248",2026-08-19 13:40:03.611,2026-08-19 13:40:03.77,2026-08-19 13:40:03.77,2026-08-19
"779","QhGx7Fs27u","MOOSPMv3Parser",1787146800,7,7,5,11,11,6,6,11,11,6,1541,420,90524,69,41,4,42,42,19,55,42,0,20,21,56,54,14.615,161,1,35.949623,-119.049919,101.514,12,600,58,3,"e00fce6808784ceaf209f949",2026-08-19 13:40:03.71,2026-08-19 13:40:03.919,2026-08-19 13:40:03.919,2026-08-19
"780","PjVTilIetL","MOOSPMv3Parser",1787146801,6,6,8,12,12,9,9,15,15,9,1277,393,43730,88,63,12,63,63,0,0,63,0,18,20,64,60,9.276,500,1,36.433571,-119.923317,18.632999,6,600,58,3,"e00fce6876826e255108c6bd",2026-08-19 13:40:04.089,2026-08-19 13:40:04.311,2026-08-19 13:40:04.311,2026-08-19
"781","fg6HJY51rg","MOOSPMv3Parser",1787146801,8,8,0,13,13,0,0,15,15,0,1785,438,0,86,0,10,0,0,19,49,0,2,20,20,54,54,6.798,234,1,36.187614,-119.82209,25.625,6,600,58,3,"e00fce68e739ecbcf9e91965",2026-08-19 13:40:04.249,2026-08-19 13:40:04.463,2026-08-19 13:40:04.463,2026-08-19
"782","LHtOf5dQkr","MOOSPMv3Parser",1787146801,4,4,5,7,7,6,6,8,8,6,1062,272,69010,52,43,3,43,43,19,46,43,0,23,20,43,53,24.924,200,1,36.13903,-120.368439,187.912003,9,600,58,3,"e00fce6850cac69f647dc199",2026-08-19 13:40:05.557,2026-08-19 13:40:05.725,2026-08-19 13:40:05.725,2026-08-19
"783","HFOmNLo7Sl","MOOSPMv3Parser",1787147400,0,0,5,3,3,5,5,3,3,5,317,225,63255,40,38,5,39,39,19,43,39,0,20,20,50,49,14.742,206,1,36.139057,-120.368332,166.335007,0,600,58,3,"e00fce68d6b773b56ce8baa0",2026-08-19 13:50:02.59,2026-08-19 13:50:02.839,2026-08-19 13:50:02.839,2026-08-19
"784","KASBXOvciD","MOOSPMv3Parser",1787147401,9,9,8,13,13,8,8,14,14,8,1867,475,138732,84,61,7,61,61,19,77,61,0,21,20,63,65,6.976,288,1,36.762733,-119.798767,46.546001,8,600,58,3,"e00fce68e88237db75a60608",2026-08-19 13:50:02.997,2026-08-19 13:50:03.173,2026-08-19 13:50:03.173,2026-08-19
"785","Np1aYkMTV2","MOOSPMv3Parser",1787147400,5,5,5,8,8,5,5,9,9,5,1054,299,89596,58,40,4,40,40,21,34,40,1,22,23,44,44,16.477,234,3277,2.5e-05,-0.004246,1378.108032,7,600,58,3,"e00fce68e28dcbc9a589be10",2026-08-19 13:50:03.151,2026-08-19 13:50:03.324,2026-08-19 13:50:03.324,2026-08-19
"786","twQeAmyxUd","MOOSPMv3Parser",1787147400,18,18,10,24,24,11,11,25,25,11,3313,923,143245,129,80,6,80,80,17,82,80,0,17,18,86,78,2.06,91,1,36.52338,-119.278908,77.685997,5,600,58,3,"e00fce68f12da1a0c5de6248",2026-08-19 13:50:03.406,2026-08-19 13:50:03.559,2026-08-19 13:50:03.559,2026-08-19
"787","dGJLpIFaka","MOOSPMv3Parser",1787147401,0,0,3,2,2,3,3,2,2,3,301,197,15060,36,20,3,20,20,20,43,20,0,20,21,50,46,18.159,177,1,36.139088,-120.368408,190.824997,8,600,58,3,"e00fce686dc2ef0a68fa40b0",2026-08-19 13:50:03.714,2026-08-19 13:50:03.877,2026-08-19 13:50:03.877,2026-08-19
"788","3OePATcdAV","MOOSPMv3Parser",1787147400,8,8,5,11,11,5,5,12,12,5,1572,432,90559,66,40,5,40,40,19,55,40,0,20,21,55,54,14.911,156,1,35.949593,-119.050056,109.915001,7,600,58,3,"e00fce6808784ceaf209f949",2026-08-19 13:50:03.715,2026-08-19 13:50:03.919,2026-08-19 13:50:03.919,2026-08-19
"789","pgOqkJRCtJ","MOOSPMv3Parser",1787147401,8,8,0,13,13,0,0,15,15,0,1800,446,0,89,0,10,0,0,19,48,0,2,20,20,51,54,8.388,227,1,36.187515,-119.822037,21.878,6,600,58,3,"e00fce68e739ecbcf9e91965",2026-08-19 13:50:04.007,2026-08-19 13:50:04.189,2026-08-19 13:50:04.189,2026-08-19
"790","nziYBV0BaJ","MOOSPMv3Parser",1787147401,6,6,8,11,11,9,9,14,14,9,1229,383,43783,84,62,10,63,63,0,0,63,0,19,20,63,60,9.813,500,1,36.433655,-119.92334,24.039,8,600,58,3,"e00fce6876826e255108c6bd",2026-08-19 13:50:04.095,2026-08-19 13:50:04.496,2026-08-19 13:50:04.496,2026-08-19
"791","PJqIbBLAfA","MOOSPMv3Parser",1787147401,4,4,5,7,7,5,5,7,7,5,1047,268,69045,50,40,3,40,40,19,44,40,0,23,20,42,51,23.549,221,1,36.139011,-120.368393,176.039001,9,600,58,3,"e00fce6850cac69f647dc199",2026-08-19 13:50:05.796,2026-08-19 13:50:05.96,2026-08-19 13:50:05.96,2026-08-19
"792","YQj3biOG7A","MOOSPMv3Parser",1787148000,0,0,5,3,3,6,6,4,4,6,326,231,63290,44,42,5,42,42,20,43,42,1,21,21,48,49,14.903,208,1,36.138988,-120.368393,174.136002,9,600,58,3,"e00fce68d6b773b56ce8baa0",2026-08-19 14:00:02.775,2026-08-19 14:00:03.257,2026-08-19 14:00:03.257,2026-08-19
"793","q2Rjbrx2Xl","MOOSPMv3Parser",1787148001,9,9,8,13,13,8,8,14,14,8,1847,471,138784,87,59,6,60,60,19,76,60,0,21,21,61,64,7.546,279,1,36.76273,-119.798714,65.745003,6,600,58,3,"e00fce68e88237db75a60608",2026-08-19 14:00:02.853,2026-08-19 14:00:03.688,2026-08-19 14:00:03.688,2026-08-19
"794","Ok7VHVN0tk","MOOSPMv3Parser",1787148000,5,5,5,8,8,6,6,9,9,6,1055,306,89631,55,41,4,41,41,21,34,41,1,22,23,44,44,16.144,233,3277,2.5e-05,-0.004246,1378.108032,7,600,58,3,"e00fce68e28dcbc9a589be10",2026-08-19 14:00:03.18,2026-08-19 14:00:03.966,2026-08-19 14:00:03.966,2026-08-19
"795","cVtZgbv183","MOOSPMv3Parser",1787148000,18,18,10,24,24,11,11,25,25,11,3384,940,143317,128,81,5,82,82,17,82,82,0,17,18,84,78,2.836,95,1,36.5233,-119.27874,76.748001,8,600,58,3,"e00fce68f12da1a0c5de6248",2026-08-19 14:00:03.599,2026-08-19 14:00:04.11,2026-08-19 14:00:04.11,2026-08-19
"796","vBOsdDVAmq","MOOSPMv3Parser",1787148000,7,7,5,11,11,5,5,12,12,5,1563,427,90595,69,41,5,41,41,19,55,41,0,21,21,55,55,15.231,157,1,35.949562,-119.049934,117.012001,8,600,58,3,"e00fce6808784ceaf209f949",2026-08-19 14:00:03.851,2026-08-19 14:00:04.263,2026-08-19 14:00:04.263,2026-08-19
"797","4MWnCY7762","MOOSPMv3Parser",1787148001,6,6,8,11,11,8,9,14,14,9,1244,387,43836,85,61,10,61,61,1,0,61,0,19,20,60,59,9.929,500,1,36.433617,-119.923332,49.153,8,600,58,3,"e00fce6876826e255108c6bd",2026-08-19 14:00:03.908,2026-08-19 14:00:04.39,2026-08-19 14:00:04.39,2026-08-19
"798","dfbBGasC54","MOOSPMv3Parser",1787148001,7,7,0,13,13,0,0,13,13,0,1773,429,0,83,0,9,0,0,19,47,0,2,21,21,51,53,10.801,209,1,36.187523,-119.822128,30.198,7,600,58,3,"e00fce68e739ecbcf9e91965",2026-08-19 14:00:04.094,2026-08-19 14:00:04.486,2026-08-19 14:00:04.486,2026-08-19
"799","EwTGlGLhCf","MOOSPMv3Parser",1787148001,0,0,3,2,2,3,3,2,2,3,305,206,15080,36,24,4,24,24,20,43,24,0,21,22,47,47,18.777,184,1,36.138962,-120.368507,146.423996,8,600,58,3,"e00fce686dc2ef0a68fa40b0",2026-08-19 14:00:04.279,2026-08-19 14:00:04.606,2026-08-19 14:00:04.606,2026-08-19
"800","ayvBoUOB1l","MOOSPMv3Parser",1787148001,4,4,6,7,7,6,6,8,8,6,1066,271,69085,52,46,4,46,46,19,44,46,0,23,20,41,51,23.828,218,1,36.139091,-120.368279,207.779007,6,600,58,3,"e00fce6850cac69f647dc199",2026-08-19 14:00:04.891,2026-08-19 14:00:05.109,2026-08-19 14:00:05.109,2026-08-19
"801","KoqMVg2Ljk","MOOSPMv3Parser",1787148601,9,9,8,14,14,8,8,14,14,8,1893,485,138836,91,60,8,60,60,20,74,60,0,22,22,61,61,7.28,300,1,36.762779,-119.798706,69.861,7,600,58,3,"e00fce68e88237db75a60608",2026-08-19 14:10:02.844,2026-08-19 14:10:03.041,2026-08-19 14:10:03.041,2026-08-19
"802","ZR2wa1aEUC","MOOSPMv3Parser",1787148600,5,5,5,8,8,6,6,8,8,6,1042,295,89666,59,41,4,42,42,21,34,42,1,23,23,43,44,20.501,214,3277,2.5e-05,-0.004246,1378.108032,7,600,58,3,"e00fce68e28dcbc9a589be10",2026-08-19 14:10:03.243,2026-08-19 14:10:03.423,2026-08-19 14:10:03.423,2026-08-19
"803","JWO2eCCe07","MOOSPMv3Parser",1787148600,0,0,5,3,3,6,6,3,3,6,322,228,63325,44,41,6,41,42,20,43,42,0,22,21,47,49,15.249,207,1,36.138981,-120.368401,171.070007,7,600,58,3,"e00fce68d6b773b56ce8baa0",2026-08-19 14:10:03.313,2026-08-19 14:10:03.487,2026-08-19 14:10:03.487,2026-08-19
"804","bboKE8LTfE","MOOSPMv3Parser",1787148600,18,18,11,24,24,11,11,25,25,11,3346,933,143388,125,83,5,83,83,18,82,83,0,18,19,81,78,3.009,125,1,36.523399,-119.278915,90.480003,7,600,58,3,"e00fce68f12da1a0c5de6248",2026-08-19 14:10:03.489,2026-08-19 14:10:03.697,2026-08-19 14:10:03.697,2026-08-19
"805","OGUVjREHjT","MOOSPMv3Parser",1787148600,7,7,6,11,11,6,6,11,11,6,1533,423,90634,68,45,4,45,45,20,54,45,0,22,21,53,54,14.785,157,2,35.949623,-119.049965,114.726997,7,600,58,3,"e00fce6808784ceaf209f949",2026-08-19 14:10:03.713,2026-08-19 14:10:03.884,2026-08-19 14:10:03.884,2026-08-19
"806","knwTQTmIHh","MOOSPMv3Parser",1787148601,6,6,7,11,11,8,8,13,13,8,1206,374,43885,82,57,11,57,57,0,0,57,0,20,20,56,56,10.143,500,1,36.433617,-119.923332,49.148998,0,600,58,3,"e00fce6876826e255108c6bd",2026-08-19 14:10:03.871,2026-08-19 14:10:04.013,2026-08-19 14:10:04.013,2026-08-19
"807","CIEl8FmSa7","MOOSPMv3Parser",1787148601,8,8,0,13,13,0,0,15,15,0,1736,440,0,85,0,11,0,0,20,46,0,2,21,21,50,52,10.803,210,1,36.187576,-119.822075,45.714001,6,600,58,3,"e00fce68e739ecbcf9e91965",2026-08-19 14:10:04.007,2026-08-19 14:10:04.149,2026-08-19 14:10:04.149,2026-08-19
"808","PJwpZuQsDZ","MOOSPMv3Parser",1787148601,0,0,3,2,2,3,3,2,2,3,299,199,15098,34,22,3,22,22,20,44,22,0,22,22,46,47,19.222,180,1,36.139103,-120.368462,171.501999,14,600,58,3,"e00fce686dc2ef0a68fa40b0",2026-08-19 14:10:04.411,2026-08-19 14:10:04.653,2026-08-19 14:10:04.653,2026-08-19
"809","7H1qBfdWJJ","MOOSPMv3Parser",1787148601,4,4,6,7,7,6,6,8,8,6,1043,266,69123,53,43,3,44,44,19,44,44,0,24,21,40,51,25.596,204,1,36.138962,-120.368416,178.037003,7,600,58,3,"e00fce6850cac69f647dc199",2026-08-19 14:10:05.145,2026-08-19 14:10:05.983,2026-08-19 14:10:05.983,2026-08-19
"810","VELqlchVmC","MOOSPMv3Parser",1787149201,8,8,8,13,13,8,8,14,14,8,1869,479,138888,92,60,7,60,60,20,71,60,0,22,23,58,59,7.882,274,1,36.76276,-119.798889,46.591,9,600,58,3,"e00fce68e88237db75a60608",2026-08-19 14:20:03.007,2026-08-19 14:20:03.215,2026-08-19 14:20:03.215,2026-08-19
"811","BkLduv1aD5","MOOSPMv3Parser",1787149200,0,0,7,4,4,8,8,5,5,8,351,255,63366,57,51,9,51,52,20,42,52,1,23,22,44,47,15.341,212,1,36.138958,-120.36837,163.375,8,600,58,3,"e00fce68d6b773b56ce8baa0",2026-08-19 14:20:03.171,2026-08-19 14:20:03.375,2026-08-19 14:20:03.375,2026-08-19
"812","Ak5EdRGHC9","MOOSPMv3Parser",1787149201,0,0,4,2,2,5,6,3,3,6,330,226,15126,43,34,5,34,34,21,42,34,1,23,23,43,44,19.993,210,1,36.139046,-120.368507,161.811996,10,600,58,3,"e00fce686dc2ef0a68fa40b0",2026-08-19 14:20:03.453,2026-08-19 14:20:03.642,2026-08-19 14:20:03.642,2026-08-19
"813","SwA3wSiGPh","MOOSPMv3Parser",1787149200,5,5,6,8,8,7,7,9,9,7,1066,304,89705,60,46,5,46,46,22,34,46,1,24,23,40,43,22.806,197,3277,2.5e-05,-0.004246,1378.108032,7,600,58,3,"e00fce68e28dcbc9a589be10",2026-08-19 14:20:03.553,2026-08-19 14:20:03.734,2026-08-19 14:20:03.734,2026-08-19
"814","WMIK0DLgzC","MOOSPMv3Parser",1787149200,8,8,6,11,11,6,6,12,12,6,1566,428,90672,74,43,5,43,43,20,56,43,0,22,22,53,55,16.687,151,2,35.94973,-119.049843,130.389999,8,600,58,3,"e00fce6808784ceaf209f949",2026-08-19 14:20:03.632,2026-08-19 14:20:03.841,2026-08-19 14:20:03.841,2026-08-19
"815","eNcXP8lc7s","MOOSPMv3Parser",1787149200,19,19,11,25,25,11,11,26,26,11,3447,960,143462,133,83,7,84,84,18,82,84,0,20,19,77,78,3.807,132,1,36.523445,-119.278816,67.550003,7,600,58,3,"e00fce68f12da1a0c5de6248",2026-08-19 14:20:03.705,2026-08-19 14:20:03.921,2026-08-19 14:20:03.921,2026-08-19
"816","xjNHSO6c0M","MOOSPMv3Parser",1787149201,7,7,0,12,12,0,0,14,14,0,1632,415,0,82,0,9,0,0,21,45,0,2,21,22,50,50,11.564,206,1,36.187485,-119.822105,21.320999,6,600,58,3,"e00fce68e739ecbcf9e91965",2026-08-19 14:20:04.087,2026-08-19 14:20:04.262,2026-08-19 14:20:04.262,2026-08-19
"817","NLxToIt0NZ","MOOSPMv3Parser",1787149201,6,6,8,11,11,9,9,13,13,9,1197,368,43937,81,60,12,61,61,1,0,61,1,21,21,52,54,11.252,500,1,36.433636,-119.923378,43.230999,6,600,58,3,"e00fce6876826e255108c6bd",2026-08-19 14:20:04.125,2026-08-19 14:20:04.285,2026-08-19 14:20:04.285,2026-08-19
"818","EWaOPiXQAi","MOOSPMv3Parser",1787149201,5,5,7,8,8,8,9,9,9,9,1163,297,69171,63,57,5,58,58,20,42,58,1,25,21,37,48,24.868,210,1,36.139004,-120.368324,172.891998,7,600,58,3,"e00fce6850cac69f647dc199",2026-08-19 14:20:05.378,2026-08-19 14:20:05.603,2026-08-19 14:20:05.603,2026-08-19
"819","TyxwGnY1lS","MOOSPMv3Parser",1787149800,1,1,6,4,4,7,7,5,5,7,344,251,63405,54,47,7,47,48,21,42,48,1,24,23,42,45,16.24,189,1,36.13908,-120.36837,179.386002,8,600,58,3,"e00fce68d6b773b56ce8baa0",2026-08-19 14:30:02.686,2026-08-19 14:30:03.423,2026-08-19 14:30:03.423,2026-08-19
"820","ekD1Mz81wE","MOOSPMv3Parser",1787149800,5,5,5,8,8,6,6,8,8,6,1040,300,89741,59,42,4,42,42,22,33,42,1,25,24,38,43,24.439,177,3277,2.5e-05,-0.004246,1378.108032,7,600,58,3,"e00fce68e28dcbc9a589be10",2026-08-19 14:30:03.407,2026-08-19 14:30:03.611,2026-08-19 14:30:03.611,2026-08-19
"821","7NiBbh4fGV","MOOSPMv3Parser",1787149800,8,8,6,12,12,7,7,12,12,7,1632,448,90713,75,48,6,49,49,20,56,49,0,23,22,53,55,15.918,155,2,35.949501,-119.050056,109.461998,5,600,58,3,"e00fce6808784ceaf209f949",2026-08-19 14:30:03.712,2026-08-19 14:30:03.888,2026-08-19 14:30:03.888,2026-08-19
"822","wzxD2VrcxA","MOOSPMv3Parser",1787149800,17,17,10,22,22,11,11,24,24,11,3212,893,143531,117,80,5,80,80,19,77,80,0,21,20,67,70,7.434,126,1,36.523327,-119.278824,79.051003,11,600,58,3,"e00fce68f12da1a0c5de6248",2026-08-19 14:30:03.712,2026-08-19 14:30:03.898,2026-08-19 14:30:03.898,2026-08-19
"823","Dm8tEG4nX7","MOOSPMv3Parser",1787149801,0,0,4,2,2,5,5,2,2,5,319,216,15150,39,30,4,31,31,22,41,31,1,24,24,42,42,19.785,168,1,36.139015,-120.368355,175.744003,9,600,58,3,"e00fce686dc2ef0a68fa40b0",2026-08-19 14:30:03.775,2026-08-19 14:30:04.004,2026-08-19 14:30:04.004,2026-08-19
"824","gDADFvEkxx","MOOSPMv3Parser",1787149801,6,6,7,11,11,8,8,14,14,8,1234,382,43988,84,58,11,59,59,0,0,59,1,22,22,50,53,12.041,409,1,36.433552,-119.923347,37.410999,8,600,58,3,"e00fce6876826e255108c6bd",2026-08-19 14:30:03.944,2026-08-19 14:30:04.113,2026-08-19 14:30:04.113,2026-08-19
"825","eR8FKJu9GB","MOOSPMv3Parser",1787149801,9,9,8,14,14,8,8,14,14,8,1932,493,138941,87,60,7,60,60,21,67,60,0,23,24,55,55,8.37,280,1,36.76276,-119.798889,46.591999,0,600,58,3,"e00fce68e88237db75a60608",2026-08-19 14:30:02.839,2026-08-19 14:30:04.171,2026-08-19 14:30:04.171,2026-08-19
"826","gRomCYx9OI","MOOSPMv3Parser",1787149801,7,7,0,11,11,0,0,12,12,0,1490,387,0,77,0,7,0,0,21,43,0,2,22,23,49,48,11.954,207,1,36.187389,-119.822121,16.417999,5,600,58,3,"e00fce68e739ecbcf9e91965",2026-08-19 14:30:04.245,2026-08-19 14:30:04.411,2026-08-19 14:30:04.411,2026-08-19
"827","ffkurEGdEv","MOOSPMv3Parser",1787149801,5,5,6,8,8,7,8,9,9,8,1138,290,69214,57,50,5,50,51,21,41,51,1,27,23,36,46,25.246,188,1,36.139004,-120.368324,172.891006,0,600,58,3,"e00fce6850cac69f647dc199",2026-08-19 14:30:05.709,2026-08-19 14:30:05.868,2026-08-19 14:30:05.868,2026-08-19
"828","v5AIY0iIfK","MOOSPMv3Parser",1787150400,1,1,7,5,5,9,10,5,5,10,366,271,63449,61,54,9,55,56,22,40,56,1,24,25,42,43,16.643,193,1,36.139019,-120.368401,189.964005,7,600,58,3,"e00fce68d6b773b56ce8baa0",2026-08-19 14:40:02.843,2026-08-19 14:40:03.035,2026-08-19 14:40:03.035,2026-08-19
"829","51cXaOCj8h","MOOSPMv3Parser",1787150401,9,9,8,14,14,8,8,15,15,8,1916,487,138994,92,60,7,60,60,22,64,60,0,24,25,54,53,7.732,281,1,36.762737,-119.798759,57.879002,12,600,58,3,"e00fce68e88237db75a60608",2026-08-19 14:40:02.872,2026-08-19 14:40:03.122,2026-08-19 14:40:03.122,2026-08-19
"830","ccDBv6kTaJ","MOOSPMv3Parser",1787150400,5,5,5,8,8,6,6,8,8,6,1036,296,89777,57,43,4,43,43,23,33,43,1,26,25,37,42,26.841,164,3277,2.5e-05,-0.004246,1378.108032,7,600,58,3,"e00fce68e28dcbc9a589be10",2026-08-19 14:40:03.257,2026-08-19 14:40:03.478,2026-08-19 14:40:03.478,2026-08-19
"831","9izcLQqcIZ","MOOSPMv3Parser",1787150400,15,15,9,20,20,10,10,21,21,10,2903,801,143594,101,72,5,72,72,20,72,72,0,23,21,59,65,13.486,110,1,36.523335,-119.278862,79.572998,8,600,58,3,"e00fce68f12da1a0c5de6248",2026-08-19 14:40:03.632,2026-08-19 14:40:03.829,2026-08-19 14:40:03.829,2026-08-19
"832","Tfao0h6juD","MOOSPMv3Parser",1787150400,9,9,7,13,13,7,7,14,14,7,1861,504,90758,86,52,5,52,52,21,55,52,0,23,23,52,54,15.942,162,2,35.949665,-119.049965,115.559998,7,600,58,3,"e00fce6808784ceaf209f949",2026-08-19 14:40:03.712,2026-08-19 14:40:03.875,2026-08-19 14:40:03.875,2026-08-19
"833","LmdHhAa8EG","MOOSPMv3Parser",1787150401,6,6,8,10,10,8,8,12,12,8,1190,369,44040,80,60,8,61,61,0,0,61,0,23,22,49,52,12.519,130,1,36.433689,-119.923378,44.988998,6,600,58,3,"e00fce6876826e255108c6bd",2026-08-19 14:40:04.071,2026-08-19 14:40:04.23,2026-08-19 14:40:04.23,2026-08-19
"834","QB06UkuuO3","MOOSPMv3Parser",1787150401,7,7,0,12,12,0,0,12,12,0,1481,390,0,77,0,9,0,0,22,41,0,2,23,24,46,46,14.595,183,1,36.187389,-119.822121,16.417999,0,600,58,3,"e00fce68e739ecbcf9e91965",2026-08-19 14:40:04.15,2026-08-19 14:40:04.319,2026-08-19 14:40:04.319,2026-08-19
"835","4q2trxKWsh","MOOSPMv3Parser",1787150401,0,0,5,3,3,6,7,3,3,7,334,230,15179,44,36,5,37,37,23,40,37,1,25,26,40,41,19.328,172,1,36.139015,-120.368355,175.746002,0,600,58,3,"e00fce686dc2ef0a68fa40b0",2026-08-19 14:40:04.279,2026-08-19 14:40:04.488,2026-08-19 14:40:04.488,2026-08-19
"836","FHCkPjyETS","MOOSPMv3Parser",1787150401,5,5,7,9,9,9,10,10,10,11,1225,310,69260,65,55,6,57,57,22,39,57,1,29,24,34,44,24.952,193,1,36.139034,-120.368416,166.024002,9,600,58,3,"e00fce6850cac69f647dc199",2026-08-19 14:40:04.736,2026-08-19 14:40:04.918,2026-08-19 14:40:04.918,2026-08-19
"837","JIXhURdlO4","MOOSPMv3Parser",1787151000,0,0,5,3,3,6,6,4,4,6,343,250,63484,50,42,6,43,43,23,38,43,1,24,26,42,40,20.047,161,1,36.139019,-120.368401,176.977997,10,600,58,3,"e00fce68d6b773b56ce8baa0",2026-08-19 14:50:02.606,2026-08-19 14:50:02.863,2026-08-19 14:50:02.863,2026-08-19
"838","jH9mwGtAYo","MOOSPMv3Parser",1787151001,9,9,8,14,14,8,8,15,15,8,1975,499,139048,94,63,6,63,63,23,60,63,0,24,26,52,50,7.699,279,1,36.76276,-119.798759,64.266998,9,600,58,3,"e00fce68e88237db75a60608",2026-08-19 14:50:02.997,2026-08-19 14:50:03.203,2026-08-19 14:50:03.203,2026-08-19
"839","pUKFFl42uf","MOOSPMv3Parser",1787151001,0,0,3,2,2,4,4,3,3,4,323,219,15200,39,25,4,25,26,24,37,26,1,25,27,38,37,24.755,127,1,36.139111,-120.368507,166.848007,10,600,58,3,"e00fce686dc2ef0a68fa40b0",2026-08-19 14:50:03.179,2026-08-19 14:50:03.386,2026-08-19 14:50:03.386,2026-08-19
"840","pRofIHGdth","MOOSPMv3Parser",1787151000,5,5,6,9,9,6,6,10,10,6,1129,323,89816,64,45,5,45,46,24,31,46,1,27,26,35,40,30.23,104,3277,2.5e-05,-0.004246,1378.108032,7,600,58,3,"e00fce68e28dcbc9a589be10",2026-08-19 14:50:03.23,2026-08-19 14:50:03.427,2026-08-19 14:50:03.427,2026-08-19
"841","Q02Yq6NRfI","MOOSPMv3Parser",1787151000,15,15,9,19,19,10,10,20,20,10,2790,770,143656,96,71,4,71,71,20,70,71,0,24,22,57,62,14.981,103,1,36.52351,-119.278915,99.249001,8,600,58,3,"e00fce68f12da1a0c5de6248",2026-08-19 14:50:03.491,2026-08-19 14:50:03.651,2026-08-19 14:50:03.651,2026-08-19
"842","OcNRdU0TjB","MOOSPMv3Parser",1787151000,9,9,7,14,14,7,7,14,14,7,1835,506,90802,89,51,6,51,51,22,55,51,0,24,23,52,54,17.011,153,2,35.9496,-119.05014,91.542,7,600,58,3,"e00fce6808784ceaf209f949",2026-08-19 14:50:03.811,2026-08-19 14:50:03.995,2026-08-19 14:50:03.995,2026-08-19
"843","P61dBW7AwN","MOOSPMv3Parser",1787151001,6,6,8,11,11,9,9,13,13,9,1221,378,44094,80,62,10,62,62,0,0,62,0,23,23,49,52,12.8,95,1,36.433628,-119.923401,31.535,6,600,58,3,"e00fce6876826e255108c6bd",2026-08-19 14:50:03.871,2026-08-19 14:50:04.131,2026-08-19 14:50:04.131,2026-08-19
"844","B5iK0BUvBP","MOOSPMv3Parser",1787151001,6,6,0,11,11,0,0,12,12,0,1403,371,0,78,0,8,0,0,23,38,0,2,24,25,44,43,17.168,163,1,36.1875,-119.822083,22.872999,6,600,58,3,"e00fce68e739ecbcf9e91965",2026-08-19 14:50:04.078,2026-08-19 14:50:04.242,2026-08-19 14:50:04.242,2026-08-19
"845","rCTpMRBFOy","MOOSPMv3Parser",1787151001,4,4,6,7,7,7,7,8,8,7,1072,276,69301,54,48,4,48,48,23,34,48,0,30,26,31,40,30.802,132,2,36.139111,-120.368423,170.848999,8,600,58,3,"e00fce6850cac69f647dc199",2026-08-19 14:50:05.058,2026-08-19 14:50:05.267,2026-08-19 14:50:05.267,2026-08-19
"846","QTxMRMFHwZ","MOOSPMv3Parser",1787151600,0,0,5,3,3,6,6,4,4,6,337,242,63520,47,42,6,43,43,24,36,43,1,24,27,42,38,21.828,148,1,36.139076,-120.368431,181.397995,9,600,58,3,"e00fce68d6b773b56ce8baa0",2026-08-19 15:00:02.798,2026-08-19 15:00:03.392,2026-08-19 15:00:03.392,2026-08-19
"847","RZoReI0wVD","MOOSPMv3Parser",1787151601,9,9,9,14,14,9,9,15,15,9,1985,504,139107,95,67,9,67,67,24,55,67,0,25,27,50,48,7.061,289,1,36.762737,-119.798721,61.827,9,600,58,3,"e00fce68e88237db75a60608",2026-08-19 15:00:02.849,2026-08-19 15:00:03.662,2026-08-19 15:00:03.662,2026-08-19
"848","e7VmWxsDPa","MOOSPMv3Parser",1787151600,6,6,6,9,9,6,6,9,9,6,1167,334,89854,60,44,4,45,45,24,30,45,1,28,27,35,38,32.468,76,3277,2.5e-05,-0.004246,1378.108032,7,600,58,3,"e00fce68e28dcbc9a589be10",2026-08-19 15:00:03.3,2026-08-19 15:00:03.693,2026-08-19 15:00:03.693,2026-08-19
"849","5zN8uwzpyv","MOOSPMv3Parser",1787151601,0,0,3,2,2,3,4,2,2,4,310,209,15220,36,24,3,24,24,24,36,24,1,26,28,36,35,26.031,120,2,36.139061,-120.368401,157.945007,8,600,58,3,"e00fce686dc2ef0a68fa40b0",2026-08-19 15:00:03.447,2026-08-19 15:00:03.785,2026-08-19 15:00:03.785,2026-08-19
"850","OUIXLAhNUc","MOOSPMv3Parser",1787151600,14,14,9,19,19,10,10,20,20,10,2768,764,143720,104,72,5,73,73,21,68,73,0,24,23,58,61,14.765,107,2,36.523289,-119.278801,84.132004,6,600,58,3,"e00fce68f12da1a0c5de6248",2026-08-19 15:00:03.723,2026-08-19 15:00:04.014,2026-08-19 15:00:04.014,2026-08-19
"851","pkquMhuPB4","MOOSPMv3Parser",1787151600,9,9,7,13,13,7,7,14,14,7,1808,495,90847,83,52,5,52,52,22,54,52,0,24,24,53,53,17.201,152,2,35.949532,-119.049973,100.589996,8,600,58,3,"e00fce6808784ceaf209f949",2026-08-19 15:00:03.766,2026-08-19 15:00:04.055,2026-08-19 15:00:04.055,2026-08-19
"852","9avdWnyXGm","MOOSPMv3Parser",1787151601,6,6,0,11,11,0,0,12,12,0,1385,362,0,73,0,7,0,0,24,36,0,2,25,26,43,42,18.274,155,2,36.187485,-119.822029,20.979,5,600,58,3,"e00fce68e739ecbcf9e91965",2026-08-19 15:00:04.15,2026-08-19 15:00:04.359,2026-08-19 15:00:04.359,2026-08-19
"853","anqwreOTu1","MOOSPMv3Parser",1787151601,8,8,9,12,12,10,10,15,15,10,1419,442,44154,89,70,9,70,70,0,0,70,0,24,23,48,51,12.78,95,1,36.433647,-119.923347,31.466999,5,600,58,3,"e00fce6876826e255108c6bd",2026-08-19 15:00:04.148,2026-08-19 15:00:04.532,2026-08-19 15:00:04.532,2026-08-19
"854","NnS4RHfO5P","MOOSPMv3Parser",1787151601,4,4,5,7,7,6,6,8,8,6,1070,272,69338,53,43,4,43,43,24,31,43,0,30,27,29,37,34.026,112,2,36.139015,-120.36837,170.966003,8,600,58,3,"e00fce6850cac69f647dc199",2026-08-19 15:00:05.618,2026-08-19 15:00:05.793,2026-08-19 15:00:05.793,2026-08-19
"855","MppkcNCOv6","MOOSPMv3Parser",1787152201,9,9,8,14,14,9,9,15,15,9,1952,495,139163,91,64,7,65,65,24,53,65,0,25,27,49,47,8.04,292,1,36.762714,-119.798721,60.784,9,600,58,3,"e00fce68e88237db75a60608",2026-08-19 15:10:02.852,2026-08-19 15:10:03.088,2026-08-19 15:10:03.088,2026-08-19
"856","UdsK5ZAQmN","MOOSPMv3Parser",1787152200,0,0,5,3,3,5,5,3,3,5,332,239,63551,44,38,5,38,38,25,34,38,0,24,28,42,35,23.662,117,2,36.138966,-120.368484,157.975998,7,600,58,3,"e00fce68d6b773b56ce8baa0",2026-08-19 15:10:03.169,2026-08-19 15:10:03.376,2026-08-19 15:10:03.376,2026-08-19
"857","tW2df72sAA","MOOSPMv3Parser",1787152200,5,5,5,8,8,6,6,9,9,6,1091,316,89890,57,42,4,42,42,26,26,42,1,28,29,33,33,33.145,77,3277,2.5e-05,-0.004246,1378.108032,7,600,58,3,"e00fce68e28dcbc9a589be10",2026-08-19 15:10:03.398,2026-08-19 15:10:03.589,2026-08-19 15:10:03.589,2026-08-19
"858","UYOVRFlQjn","MOOSPMv3Parser",1787152200,15,15,9,20,20,10,10,21,21,10,2841,787,143783,99,73,6,73,73,21,66,73,0,24,23,56,59,15.351,102,2,36.523289,-119.278801,84.127998,0,600,58,3,"e00fce68f12da1a0c5de6248",2026-08-19 15:10:03.573,2026-08-19 15:10:03.756,2026-08-19 15:10:03.756,2026-08-19
"859","8WFI4jo5XG","MOOSPMv3Parser",1787152200,9,9,7,13,13,7,7,14,14,7,1816,498,90894,83,54,6,54,54,22,54,54,0,25,25,53,53,17.186,153,2,35.949528,-119.049973,100.589996,0,600,58,3,"e00fce6808784ceaf209f949",2026-08-19 15:10:03.638,2026-08-19 15:10:03.851,2026-08-19 15:10:03.851,2026-08-19
"860","po9D4mAm1E","MOOSPMv3Parser",1787152201,8,8,10,14,14,11,11,17,17,11,1501,465,44220,103,77,15,77,77,0,0,77,0,24,24,48,51,12.324,95,1,36.433651,-119.923401,49.752998,5,600,58,3,"e00fce6876826e255108c6bd",2026-08-19 15:10:03.978,2026-08-19 15:10:04.147,2026-08-19 15:10:04.147,2026-08-19
"861","WnvuUqO75Z","MOOSPMv3Parser",1787152201,0,0,3,1,1,3,3,1,1,3,304,204,15237,33,21,2,21,21,26,34,21,0,27,29,35,33,28.799,77,2,36.138885,-120.368355,159.078003,7,600,58,3,"e00fce686dc2ef0a68fa40b0",2026-08-19 15:10:04.024,2026-08-19 15:10:04.203,2026-08-19 15:10:04.203,2026-08-19
"862","hBy8A1IXPD","MOOSPMv3Parser",1787152201,6,6,0,11,11,0,0,11,11,0,1347,357,0,73,0,8,0,0,24,34,0,2,25,28,41,39,18.947,147,2,36.187599,-119.822113,30.841999,6,600,58,3,"e00fce68e739ecbcf9e91965",2026-08-19 15:10:04.193,2026-08-19 15:10:04.415,2026-08-19 15:10:04.415,2026-08-19
"863","dKxhs0gRI8","MOOSPMv3Parser",1787152201,5,5,5,7,7,5,5,8,8,5,1073,272,69373,51,39,3,40,40,25,29,40,0,31,28,28,35,37.684,73,2,36.139015,-120.368408,180.240005,7,600,58,3,"e00fce6850cac69f647dc199",2026-08-19 15:10:05.961,2026-08-19 15:10:06.8,2026-08-19 15:10:06.8,2026-08-19
"864","kHUMcaAHKl","MOOSPMv3Parser",1787152800,0,0,5,3,3,5,5,3,3,5,332,239,63582,45,37,4,37,37,27,32,37,0,24,30,42,33,24.985,98,2,36.138947,-120.368279,173.197006,7,600,58,3,"e00fce68d6b773b56ce8baa0",2026-08-19 15:20:02.842,2026-08-19 15:20:03.05,2026-08-19 15:20:03.05,2026-08-19
"865","QYGTNoBLN8","MOOSPMv3Parser",1787152800,5,5,5,8,8,5,5,8,8,6,1047,301,89924,55,39,3,40,40,27,25,40,1,29,31,33,32,34.372,61,3277,2.5e-05,-0.004246,1378.108032,7,600,58,3,"e00fce68e28dcbc9a589be10",2026-08-19 15:20:03.416,2026-08-19 15:20:03.645,2026-08-19 15:20:03.645,2026-08-19
"866","Zm6fKHlTQJ","MOOSPMv3Parser",1787152801,11,11,10,17,17,10,10,18,18,10,2338,596,139229,107,76,10,76,76,24,53,76,0,25,28,51,47,2.969,305,1,36.762711,-119.798775,58.75,9,600,58,3,"e00fce68e88237db75a60608",2026-08-19 15:20:03.549,2026-08-19 15:20:03.72,2026-08-19 15:20:03.72,2026-08-19
"867","fPhaFZUoVN","MOOSPMv3Parser",1787152800,16,16,10,21,21,10,10,22,22,10,3099,854,143849,109,76,4,76,76,22,66,76,0,25,24,56,59,15.508,117,2,36.523514,-119.278862,105.654999,6,600,58,3,"e00fce68f12da1a0c5de6248",2026-08-19 15:20:03.577,2026-08-19 15:20:03.759,2026-08-19 15:20:03.759,2026-08-19
"868","WkBce1COy2","MOOSPMv3Parser",1787152800,9,9,7,14,14,7,7,14,14,7,1884,518,90939,85,51,6,51,51,23,52,51,0,26,25,49,50,16.85,160,2,35.949551,-119.049942,108.156998,6,600,58,3,"e00fce6808784ceaf209f949",2026-08-19 15:20:03.719,2026-08-19 15:20:03.906,2026-08-19 15:20:03.906,2026-08-19
"869","hvu5ygQdHL","MOOSPMv3Parser",1787152801,7,7,9,13,13,10,10,16,16,10,1384,431,44281,99,70,12,71,71,0,0,71,0,24,25,49,51,12.792,95,1,36.433617,-119.92334,42.334999,6,600,58,3,"e00fce6876826e255108c6bd",2026-08-19 15:20:04.041,2026-08-19 15:20:04.209,2026-08-19 15:20:04.209,2026-08-19
"870","BPeB0XyYAX","MOOSPMv3Parser",1787152801,6,6,0,10,10,0,0,11,11,0,1321,354,0,71,0,7,0,0,26,31,0,2,27,29,38,37,22.016,119,3,36.187397,-119.821915,17.333,7,600,58,3,"e00fce68e739ecbcf9e91965",2026-08-19 15:20:04.164,2026-08-19 15:20:04.431,2026-08-19 15:20:04.431,2026-08-19
"871","Guznoxtd9D","MOOSPMv3Parser",1787152801,0,0,3,1,1,3,3,2,2,3,308,206,15254,33,20,3,20,20,27,34,20,0,28,30,34,33,30.195,62,2,36.139019,-120.368385,166.104004,8,600,58,3,"e00fce686dc2ef0a68fa40b0",2026-08-19 15:20:04.326,2026-08-19 15:20:04.489,2026-08-19 15:20:04.489,2026-08-19
"872","gxRT8g26te","MOOSPMv3Parser",1787152801,4,4,5,7,7,5,5,8,8,5,1062,268,69405,49,37,3,38,38,26,26,38,0,33,30,26,32,40.361,57,2,36.139061,-120.368439,176.703995,7,600,58,3,"e00fce6850cac69f647dc199",2026-08-19 15:20:04.81,2026-08-19 15:20:05.039,2026-08-19 15:20:05.039,2026-08-19
"873","a31ckPJaFJ","MOOSPMv3Parser",1787153400,0,0,5,3,3,5,5,3,3,5,332,237,63613,44,37,5,37,37,28,32,37,0,28,31,35,34,25.609,92,2,36.138947,-120.368279,173.197006,0,600,58,3,"e00fce68d6b773b56ce8baa0",2026-08-19 15:30:02.682,2026-08-19 15:30:02.888,2026-08-19 15:30:02.888,2026-08-19
"874","fYP0ISm0fX","MOOSPMv3Parser",1787153401,12,12,11,19,19,11,11,20,20,11,2465,625,139303,119,84,14,84,84,25,52,84,0,25,28,52,47,2.224,306,1,36.762714,-119.798782,66.477997,9,600,58,3,"e00fce68e88237db75a60608",2026-08-19 15:30:02.931,2026-08-19 15:30:03.156,2026-08-19 15:30:03.156,2026-08-19
"875","7Q5BweCnlH","MOOSPMv3Parser",1787153400,5,5,5,8,8,6,6,9,9,6,1071,308,89960,60,42,3,42,42,28,24,42,1,29,32,32,30,34.563,76,3277,2.5e-05,-0.004246,1378.108032,7,600,58,3,"e00fce68e28dcbc9a589be10",2026-08-19 15:30:03.173,2026-08-19 15:30:03.451,2026-08-19 15:30:03.451,2026-08-19
"876","QvyD5gmpo0","MOOSPMv3Parser",1787153401,0,0,3,1,1,3,3,2,2,3,302,200,15271,33,20,2,20,20,27,32,20,0,28,31,34,31,31.14,60,2,36.138969,-120.368301,171.294998,6,600,58,3,"e00fce686dc2ef0a68fa40b0",2026-08-19 15:30:03.41,2026-08-19 15:30:03.627,2026-08-19 15:30:03.627,2026-08-19
"877","FLza2Pivw2","MOOSPMv3Parser",1787153400,10,10,7,15,15,7,7,16,16,7,1978,547,90987,93,55,6,55,55,24,55,55,0,26,26,54,53,17.157,155,2,35.949593,-119.049965,124.946999,7,600,58,3,"e00fce6808784ceaf209f949",2026-08-19 15:30:03.711,2026-08-19 15:30:03.891,2026-08-19 15:30:03.891,2026-08-19
"878","PM5VBd3DT8","MOOSPMv3Parser",1787153400,17,17,10,23,23,10,10,24,24,10,3289,902,143918,125,78,5,79,79,22,64,79,0,25,24,55,57,15.781,118,2,36.523239,-119.278786,87.761002,6,600,58,3,"e00fce68f12da1a0c5de6248",2026-08-19 15:30:03.592,2026-08-19 15:30:03.949,2026-08-19 15:30:03.949,2026-08-19
"879","S1Lu5Q0Euv","MOOSPMv3Parser",1787153401,7,7,8,11,11,8,8,13,13,8,1285,399,44335,85,62,8,62,62,0,0,62,0,25,25,48,50,14.38,95,1,36.43367,-119.923355,33.445999,7,600,58,3,"e00fce6876826e255108c6bd",2026-08-19 15:30:04.029,2026-08-19 15:30:04.218,2026-08-19 15:30:04.218,2026-08-19
"880","OAAQgoRZl5","MOOSPMv3Parser",1787153401,5,5,5,7,7,5,5,7,7,5,1076,273,69438,47,38,2,38,38,27,26,38,0,33,31,27,33,42.106,52,2,36.138958,-120.368431,172.169006,8,600,58,3,"e00fce6850cac69f647dc199",2026-08-19 15:30:05.065,2026-08-19 15:30:05.287,2026-08-19 15:30:05.287,2026-08-19
"881","5q3xYhDJIC","MOOSPMv3Parser",1787153401,6,6,0,10,10,0,0,11,11,0,1326,349,0,68,0,7,0,0,26,28,0,2,27,30,37,35,23.902,104,3,36.187519,-119.822105,31.972,10,600,58,3,"e00fce68e739ecbcf9e91965",2026-08-19 15:30:04.408,2026-08-19 15:30:05.353,2026-08-19 15:30:05.353,2026-08-19
"882","zBF1Bjk3Pk","MOOSPMv3Parser",1787154000,0,0,5,2,2,5,5,3,3,5,327,234,63644,42,36,4,36,36,28,31,36,0,29,32,34,32,25.334,100,2,36.139061,-120.368408,171.477005,14,600,58,3,"e00fce68d6b773b56ce8baa0",2026-08-19 15:40:02.883,2026-08-19 15:40:03.044,2026-08-19 15:40:03.044,2026-08-19
"883","TCNplEM1hu","MOOSPMv3Parser",1787154001,12,12,11,18,18,11,11,19,19,11,2446,628,139375,114,83,9,83,83,26,50,83,0,26,29,51,44,3.869,296,1,36.762741,-119.798737,67.071999,8,600,58,3,"e00fce68e88237db75a60608",2026-08-19 15:40:03.093,2026-08-19 15:40:03.3,2026-08-19 15:40:03.3,2026-08-19
"884","MV6XVJaWsp","MOOSPMv3Parser",1787154000,5,5,5,8,8,5,5,8,8,5,1068,303,89995,54,41,3,41,41,28,22,41,1,30,33,31,29,35.37,73,3277,2.5e-05,-0.004246,1378.108032,7,600,58,3,"e00fce68e28dcbc9a589be10",2026-08-19 15:40:03.175,2026-08-19 15:40:03.338,2026-08-19 15:40:03.338,2026-08-19
"885","A5RGRIV39N","MOOSPMv3Parser",1787154000,19,19,11,26,26,12,12,27,27,12,3594,1003,143994,132,87,7,87,87,23,64,87,0,25,25,56,57,15.676,119,3,36.523289,-119.278801,82.630997,5,600,58,3,"e00fce68f12da1a0c5de6248",2026-08-19 15:40:03.473,2026-08-19 15:40:03.628,2026-08-19 15:40:03.628,2026-08-19
"886","zbEhCLGop6","MOOSPMv3Parser",1787154001,0,0,2,1,1,3,3,2,2,3,299,199,15287,32,19,3,19,19,28,32,19,0,30,32,32,31,30.366,88,2,36.138977,-120.368416,176.423996,12,600,58,3,"e00fce686dc2ef0a68fa40b0",2026-08-19 15:40:03.47,2026-08-19 15:40:03.658,2026-08-19 15:40:03.658,2026-08-19
"887","FLbYgWy0Nx","MOOSPMv3Parser",1787154000,10,10,8,15,15,9,9,16,16,9,2011,556,91040,101,62,7,62,62,24,50,62,0,26,27,50,48,16.864,171,2,35.949581,-119.050011,112.863998,7,600,58,3,"e00fce6808784ceaf209f949",2026-08-19 15:40:03.678,2026-08-19 15:40:03.853,2026-08-19 15:40:03.853,2026-08-19
"888","SB9QNIIdWm","MOOSPMv3Parser",1787154001,6,6,7,10,10,7,7,11,11,7,1193,371,44383,76,56,6,56,56,0,0,56,0,25,26,47,48,16.296,95,2,36.433605,-119.923325,15.469,6,600,58,3,"e00fce6876826e255108c6bd",2026-08-19 15:40:04.044,2026-08-19 15:40:04.22,2026-08-19 15:40:04.22,2026-08-19
"889","kKAsqyesou","MOOSPMv3Parser",1787154001,6,6,0,10,10,0,0,11,11,0,1380,360,0,70,0,6,0,0,27,25,0,2,28,31,34,32,26.083,91,3,36.187504,-119.822006,27.424999,7,600,58,3,"e00fce68e739ecbcf9e91965",2026-08-19 15:40:04.086,2026-08-19 15:40:04.257,2026-08-19 15:40:04.257,2026-08-19
"890","GFU7lLrHFY","MOOSPMv3Parser",1787154001,4,4,5,7,7,5,5,7,7,5,1024,262,69469,47,35,3,35,35,28,25,35,0,34,32,27,32,41.382,59,2,36.138996,-120.368431,170.944,6,600,58,3,"e00fce6850cac69f647dc199",2026-08-19 15:40:05.373,2026-08-19 15:40:05.583,2026-08-19 15:40:05.583,2026-08-19
"891","skKarIiXTG","MOOSPMv3Parser",1787154601,11,11,10,17,17,10,10,18,18,10,2393,609,139444,110,78,9,79,79,26,45,79,0,26,30,48,41,6.954,276,1,36.762737,-119.798729,42.409,7,600,58,3,"e00fce68e88237db75a60608",2026-08-19 15:50:02.953,2026-08-19 15:50:03.132,2026-08-19 15:50:03.132,2026-08-19
"892","FSwAb5hQ3g","MOOSPMv3Parser",1787154600,6,6,7,10,10,10,11,10,10,12,1171,335,90041,72,56,5,58,58,29,22,58,1,30,34,32,30,34.915,80,3277,2.5e-05,-0.004246,1378.108032,7,600,58,3,"e00fce68e28dcbc9a589be10",2026-08-19 15:50:03.325,2026-08-19 15:50:03.491,2026-08-19 15:50:03.491,2026-08-19
"893","rjIG0lUCvz","MOOSPMv3Parser",1787154600,0,0,4,3,3,5,5,3,3,5,328,231,63673,44,34,4,35,35,30,29,35,0,30,33,32,30,26.604,89,2,36.139015,-120.368355,166.453995,9,600,58,3,"e00fce68d6b773b56ce8baa0",2026-08-19 15:50:03.341,2026-08-19 15:50:03.535,2026-08-19 15:50:03.535,2026-08-19
"894","AFjbxQojhG","MOOSPMv3Parser",1787154600,9,9,7,14,14,7,7,14,14,8,1873,517,91084,85,52,5,52,52,25,46,52,0,27,29,48,45,18.252,164,2,35.949604,-119.049927,119.389999,6,600,58,3,"e00fce6808784ceaf209f949",2026-08-19 15:50:03.648,2026-08-19 15:50:03.853,2026-08-19 15:50:03.853,2026-08-19
"895","4HoFsvaP7j","MOOSPMv3Parser",1787154601,0,0,3,1,1,3,3,2,2,3,299,198,15304,32,20,2,20,20,29,30,20,0,30,33,32,28,32.149,72,2,36.138988,-120.368416,168.294006,10,600,58,3,"e00fce686dc2ef0a68fa40b0",2026-08-19 15:50:03.761,2026-08-19 15:50:03.942,2026-08-19 15:50:03.942,2026-08-19
"896","CzPvKTW3An","MOOSPMv3Parser",1787154601,6,6,7,11,11,7,7,12,12,7,1194,369,44430,74,54,9,54,54,0,0,54,0,26,27,47,47,17.117,95,2,36.433613,-119.923317,36.637001,6,600,58,3,"e00fce6876826e255108c6bd",2026-08-19 15:50:04.037,2026-08-19 15:50:04.233,2026-08-19 15:50:04.233,2026-08-19
"897","M5Pp3DW3cA","MOOSPMv3Parser",1787154601,6,6,0,10,10,0,0,11,11,0,1401,374,0,77,0,8,0,0,28,24,0,2,29,31,33,32,27.79,77,4,36.187496,-119.822083,17.934,9,600,58,3,"e00fce68e739ecbcf9e91965",2026-08-19 15:50:04.338,2026-08-19 15:50:04.526,2026-08-19 15:50:04.526,2026-08-19
"898","RhLW1wxUpV","MOOSPMv3Parser",1787154601,4,4,5,7,7,5,5,7,7,5,1027,259,69500,47,35,3,35,35,29,22,35,0,35,33,25,30,44.604,55,2,36.138931,-120.368355,192.813004,10,600,58,3,"e00fce6850cac69f647dc199",2026-08-19 15:50:05.865,2026-08-19 15:50:06.722,2026-08-19 15:50:06.722,2026-08-19
"899","4FhgC7fjqX","MOOSPMv3Parser",1787154600,20,20,11,27,27,12,12,28,28,12,3763,1038,144070,133,87,7,87,87,23,63,87,0,26,25,55,57,16.473,116,3,36.523327,-119.278824,92.806,6,600,58,3,"e00fce68f12da1a0c5de6248",2026-08-19 15:50:18.039,2026-08-19 15:50:18.219,2026-08-19 15:50:18.219,2026-08-19
"900","trN6EF3KGg","MOOSPMv3Parser",1787155200,7,7,5,10,10,6,6,11,11,6,1804,390,26065,68,42,4,43,43,26,34,43,0,27,29,39,38,35.314,111,2,36.503166,-120.325424,66.370003,9,600,58,3,"e00fce68e77e43df92405fdb",2026-08-19 16:00:02.289,2026-08-19 16:00:03.583,2026-08-19 16:00:03.583,2026-08-19
"901","VGjVFLVVsX","MOOSPMv3Parser",1787155200,9,9,7,13,13,7,7,14,14,7,1778,492,91129,85,51,7,51,51,26,41,51,0,28,30,47,41,20.757,137,2,35.94952,-119.049942,118.865997,5,600,58,3,"e00fce6808784ceaf209f949",2026-08-19 16:00:03.798,2026-08-19 16:00:04.709,2026-08-19 16:00:04.709,2026-08-19
"902","SLAq78o3OF","MOOSPMv3Parser",1787155201,11,11,10,18,18,11,11,19,19,11,2396,613,139514,115,81,13,81,81,27,42,81,0,27,31,47,39,10.226,260,1,36.762543,-119.798805,92.754997,6,600,58,3,"e00fce68e88237db75a60608",2026-08-19 16:00:03.099,2026-08-19 16:00:04.827,2026-08-19 16:00:04.827,2026-08-19
"903","bJ5RNwj8Qb","MOOSPMv3Parser",1787155200,0,0,4,2,2,5,5,2,2,5,321,227,63701,40,34,3,34,34,31,28,34,0,30,34,30,28,26.993,69,2,36.138988,-120.368355,179.651993,9,600,58,3,"e00fce68d6b773b56ce8baa0",2026-08-19 16:00:03.092,2026-08-19 16:00:04.858,2026-08-19 16:00:04.858,2026-08-19
"904","h642LvWT2M","MOOSPMv3Parser",1787155200,20,20,11,27,27,11,11,28,28,11,3793,1050,144143,136,83,7,84,84,24,61,84,0,26,26,52,54,18.043,101,3,36.523277,-119.278732,101.734001,5,600,58,3,"e00fce68f12da1a0c5de6248",2026-08-19 16:00:04.289,2026-08-19 16:00:04.868,2026-08-19 16:00:04.868,2026-08-19
"905","GAEwOAuyqE","MOOSPMv3Parser",1787155201,0,0,2,1,1,3,3,1,1,3,288,188,15320,31,19,2,19,19,30,28,19,0,31,34,29,26,34.57,58,2,36.139004,-120.368416,170.044006,10,600,58,3,"e00fce686dc2ef0a68fa40b0",2026-08-19 16:00:04.182,2026-08-19 16:00:04.888,2026-08-19 16:00:04.888,2026-08-19
"906","RrlkwhW8lg","MOOSPMv3Parser",1787155200,9,9,8,13,13,9,9,14,14,9,1769,502,90092,86,60,6,60,61,30,21,61,1,31,35,31,28,33.902,100,3277,2.5e-05,-0.004246,1378.108032,7,600,58,3,"e00fce68e28dcbc9a589be10",2026-08-19 16:00:03.243,2026-08-19 16:00:04.905,2026-08-19 16:00:04.905,2026-08-19
"907","MkMu94LwyY","MOOSPMv3Parser",1787155201,5,5,0,9,9,0,0,10,10,0,1316,347,0,74,0,5,0,0,28,22,0,2,29,32,32,30,29.962,61,4,36.187489,-119.822083,20.761999,10,600,58,3,"e00fce68e739ecbcf9e91965",2026-08-19 16:00:04.239,2026-08-19 16:00:05.227,2026-08-19 16:00:05.227,2026-08-19
"908","LReWGc8jnT","MOOSPMv3Parser",1787155201,6,6,7,10,10,7,7,10,10,7,1126,349,44478,67,55,6,55,55,0,0,55,0,27,27,41,43,17.775,95,2,36.433613,-119.923317,36.633999,0,600,58,3,"e00fce6876826e255108c6bd",2026-08-19 16:00:04.212,2026-08-19 16:00:05.26,2026-08-19 16:00:05.26,2026-08-19
"909","ZDdfN9aEq1","MOOSPMv3Parser",1787155201,4,4,4,6,6,4,4,7,7,4,1005,253,69528,44,33,3,33,33,30,20,33,0,36,34,23,28,46.924,40,2,36.138954,-120.368454,172.559998,7,600,58,3,"e00fce6850cac69f647dc199",2026-08-19 16:00:04.808,2026-08-19 16:00:05.455,2026-08-19 16:00:05.455,2026-08-19
"910","1ECf1WOR02","MOOSPMv3Parser",1787155800,7,7,5,10,10,5,5,10,10,5,1673,371,26099,65,40,4,40,40,27,35,40,0,29,31,42,40,34.43,141,2,36.503128,-120.325348,50.563999,11,600,58,3,"e00fce68e77e43df92405fdb",2026-08-19 16:10:02.418,2026-08-19 16:10:02.736,2026-08-19 16:10:02.736,2026-08-19
"911","FmQwoXIrx3","MOOSPMv3Parser",1787155800,0,0,4,2,2,4,4,3,3,4,313,221,63728,38,32,4,32,32,32,26,32,0,31,35,28,26,28.159,63,2,36.139015,-120.368423,167.889999,7,600,58,3,"e00fce68d6b773b56ce8baa0",2026-08-19 16:10:02.779,2026-08-19 16:10:02.958,2026-08-19 16:10:02.958,2026-08-19
"912","hmQVZeIobV","MOOSPMv3Parser",1787155801,11,11,10,18,18,10,10,18,18,10,2401,609,139582,113,77,10,78,78,28,40,78,0,28,32,45,38,11.921,254,1,36.762646,-119.798691,67.529999,6,600,58,3,"e00fce68e88237db75a60608",2026-08-19 16:10:03.005,2026-08-19 16:10:03.192,2026-08-19 16:10:03.192,2026-08-19
"913","ohECXEf3LA","MOOSPMv3Parser",1787155801,0,0,2,1,1,2,2,1,1,2,289,189,15335,31,18,2,18,18,31,27,18,0,31,35,28,25,36.912,53,2,36.139004,-120.368446,176.300003,9,600,58,3,"e00fce686dc2ef0a68fa40b0",2026-08-19 16:10:03.234,2026-08-19 16:10:03.466,2026-08-19 16:10:03.466,2026-08-19
"914","QGvvoWZvkj","MOOSPMv3Parser",1787155800,23,19,20,36,30,22,22,38,34,22,4081,1175,90225,243,156,18,157,157,31,19,157,1,31,36,30,27,33.803,158,3277,2.5e-05,-0.004246,1378.108032,7,600,58,3,"e00fce68e28dcbc9a589be10",2026-08-19 16:10:03.312,2026-08-19 16:10:03.554,2026-08-19 16:10:03.554,2026-08-19
"915","TCoRDHIhc2","MOOSPMv3Parser",1787155800,19,19,10,25,25,11,11,26,26,11,3497,965,144213,128,80,7,80,80,24,61,80,0,27,27,53,55,18.881,98,4,36.523296,-119.278793,73.375,9,600,58,3,"e00fce68f12da1a0c5de6248",2026-08-19 16:10:03.591,2026-08-19 16:10:03.735,2026-08-19 16:10:03.735,2026-08-19
"916","kGmDIe3Ugf","MOOSPMv3Parser",1787155800,9,9,6,13,13,7,7,14,14,7,1857,504,91172,83,49,5,50,50,27,42,50,0,29,32,48,43,22.271,120,2,35.949699,-119.049881,128.841003,5,600,58,3,"e00fce6808784ceaf209f949",2026-08-19 16:10:03.874,2026-08-19 16:10:04.075,2026-08-19 16:10:04.075,2026-08-19
"917","ecOwHkbm7W","MOOSPMv3Parser",1787155801,6,6,7,10,10,7,7,11,11,7,1170,362,44526,74,55,6,56,56,0,0,56,0,28,28,39,43,18.089,95,3,36.433582,-119.923347,25.094999,12,600,58,3,"e00fce6876826e255108c6bd",2026-08-19 16:10:04.014,2026-08-19 16:10:04.169,2026-08-19 16:10:04.169,2026-08-19
"918","Dve1c4qAWz","MOOSPMv3Parser",1787155801,5,5,0,9,9,0,0,11,11,0,1292,340,0,71,0,8,0,0,28,22,0,2,29,32,32,31,31.543,42,4,36.187511,-119.822105,27.211,7,600,58,3,"e00fce68e739ecbcf9e91965",2026-08-19 16:10:04.166,2026-08-19 16:10:04.31,2026-08-19 16:10:04.31,2026-08-19
"919","ncqsnb84bF","MOOSPMv3Parser",1787155801,4,4,4,6,6,4,4,7,7,4,1002,253,69557,48,33,2,33,33,31,18,33,0,36,35,21,26,49.173,39,2,36.139019,-120.368347,165.671005,6,600,58,3,"e00fce6850cac69f647dc199",2026-08-19 16:10:05.136,2026-08-19 16:10:05.514,2026-08-19 16:10:05.514,2026-08-19
"920","SqggFCAr03","MOOSPMv3Parser",1787156400,6,6,5,10,10,5,5,10,10,5,1648,370,26131,64,36,4,36,36,28,31,36,0,28,31,38,36,36.028,153,2,36.503204,-120.325371,60.304001,9,600,58,3,"e00fce68e77e43df92405fdb",2026-08-19 16:20:02.27,2026-08-19 16:20:02.413,2026-08-19 16:20:02.413,2026-08-19
"921","iHA7pGU1Nf","MOOSPMv3Parser",1787156400,0,0,4,2,2,4,4,2,2,4,322,228,63756,38,32,3,33,33,32,26,33,0,31,36,28,26,29.842,45,2,36.138992,-120.368324,167.738998,7,600,58,3,"e00fce68d6b773b56ce8baa0",2026-08-19 16:20:02.848,2026-08-19 16:20:03.041,2026-08-19 16:20:03.041,2026-08-19
"922","6kukJHIBBt","MOOSPMv3Parser",1787156401,12,12,10,18,18,11,11,19,19,11,2481,624,139653,121,81,11,81,81,29,38,81,0,28,33,44,37,13.169,248,1,36.762646,-119.798691,67.531998,0,600,58,3,"e00fce68e88237db75a60608",2026-08-19 16:20:03.087,2026-08-19 16:20:03.256,2026-08-19 16:20:03.256,2026-08-19
"923","diitLo12hu","MOOSPMv3Parser",1787156400,8,8,7,13,12,8,8,14,14,8,1634,458,90274,83,57,6,58,58,31,15,58,1,32,37,24,22,38.834,70,3277,2.5e-05,-0.004246,1378.108032,7,600,58,3,"e00fce68e28dcbc9a589be10",2026-08-19 16:20:03.207,2026-08-19 16:20:03.413,2026-08-19 16:20:03.413,2026-08-19
"924","tJF8FtManN","MOOSPMv3Parser",1787156401,0,0,2,1,1,2,2,1,1,2,292,189,15349,28,17,2,17,17,31,26,17,0,32,36,27,24,37.885,48,1,36.138985,-120.368332,174.800003,12,600,58,3,"e00fce686dc2ef0a68fa40b0",2026-08-19 16:20:03.56,2026-08-19 16:20:03.741,2026-08-19 16:20:03.741,2026-08-19
"925","sZjzSvokL1","MOOSPMv3Parser",1787156400,9,9,6,14,14,6,6,15,15,6,1875,515,91213,88,47,7,47,47,28,37,47,0,30,33,42,37,23.059,121,2,35.94957,-119.049927,116.766998,6,600,58,3,"e00fce6808784ceaf209f949",2026-08-19 16:20:03.918,2026-08-19 16:20:04.084,2026-08-19 16:20:04.084,2026-08-19
"926","8UHAisfH69","MOOSPMv3Parser",1787156401,5,5,7,9,9,7,7,10,10,7,1093,338,44571,66,52,5,53,53,0,0,53,0,28,28,37,40,18.866,95,3,36.433655,-119.923325,42.034,7,600,58,3,"e00fce6876826e255108c6bd",2026-08-19 16:20:04.034,2026-08-19 16:20:04.2,2026-08-19 16:20:04.2,2026-08-19
"927","TQdYOMBn2I","MOOSPMv3Parser",1787156400,16,16,9,21,21,10,10,22,22,10,3019,826,144276,110,72,4,72,72,24,56,72,0,28,27,48,51,19.615,101,4,36.523373,-119.278839,76.324997,8,600,58,3,"e00fce68f12da1a0c5de6248",2026-08-19 16:20:04.09,2026-08-19 16:20:04.282,2026-08-19 16:20:04.282,2026-08-19
"928","AZs73L7TEG","MOOSPMv3Parser",1787156401,6,6,0,10,10,0,0,10,10,0,1443,369,0,70,0,6,0,0,29,20,0,2,30,33,30,28,30.219,55,4,36.187504,-119.822021,30.525999,7,600,58,3,"e00fce68e739ecbcf9e91965",2026-08-19 16:20:04.325,2026-08-19 16:20:04.56,2026-08-19 16:20:04.56,2026-08-19
"929","mURdHqtUmi","MOOSPMv3Parser",1787156401,4,4,4,6,6,4,4,6,6,4,984,242,69584,41,32,3,32,32,31,17,32,0,37,36,21,25,51.92,27,2,36.139019,-120.368347,165.671997,0,600,58,3,"e00fce6850cac69f647dc199",2026-08-19 16:20:05.61,2026-08-19 16:20:05.772,2026-08-19 16:20:05.772,2026-08-19
"930","4ZELZwHn1f","MOOSPMv3Parser",1787157000,0,0,4,2,2,4,4,3,3,4,320,222,63782,40,31,4,31,31,33,25,31,0,32,36,27,25,31.568,41,2,36.13903,-120.36834,167.873001,7,600,58,3,"e00fce68d6b773b56ce8baa0",2026-08-19 16:30:02.611,2026-08-19 16:30:02.833,2026-08-19 16:30:02.833,2026-08-19
"931","uqvilAdQJi","MOOSPMv3Parser",1787157000,6,6,4,9,9,5,5,10,10,5,1566,352,26161,62,34,4,34,35,28,30,35,0,30,32,36,36,34.545,140,2,36.50317,-120.325386,56.956001,10,600,58,3,"e00fce68e77e43df92405fdb",2026-08-19 16:30:02.573,2026-08-19 16:30:02.992,2026-08-19 16:30:02.992,2026-08-19
"932","jsYRqEe7XP","MOOSPMv3Parser",1787157001,12,12,10,19,19,11,11,20,20,11,2557,640,139723,126,80,12,81,81,29,36,81,0,28,34,43,36,14.63,244,1,36.762714,-119.798759,49.341999,5,600,58,3,"e00fce68e88237db75a60608",2026-08-19 16:30:02.865,2026-08-19 16:30:03.12,2026-08-19 16:30:03.12,2026-08-19
"933","55fGS88neH","MOOSPMv3Parser",1787157000,6,6,6,10,10,6,6,10,10,6,1271,363,90314,67,46,4,46,46,32,13,46,1,33,37,23,21,42.753,25,3277,2.5e-05,-0.004246,1378.108032,7,600,58,3,"e00fce68e28dcbc9a589be10",2026-08-19 16:30:03.33,2026-08-19 16:30:03.524,2026-08-19 16:30:03.524,2026-08-19
"934","DdY7bpwm1V","MOOSPMv3Parser",1787157000,9,9,6,13,13,6,6,14,14,6,1855,508,91254,85,48,5,48,48,29,36,48,0,30,33,43,37,24.73,103,2,35.949619,-119.050018,102.113998,6,600,58,3,"e00fce6808784ceaf209f949",2026-08-19 16:30:03.711,2026-08-19 16:30:03.889,2026-08-19 16:30:03.889,2026-08-19
"935","JNXm1AANkO","MOOSPMv3Parser",1787157001,0,0,2,1,1,2,2,1,1,2,279,180,15364,28,17,2,17,17,32,26,17,0,32,36,27,24,41.108,35,1,36.138985,-120.368332,174.800003,0,600,58,3,"e00fce686dc2ef0a68fa40b0",2026-08-19 16:30:03.852,2026-08-19 16:30:04.059,2026-08-19 16:30:04.059,2026-08-19
"936","7l6miNJ9fr","MOOSPMv3Parser",1787157001,5,5,6,9,9,6,6,9,9,6,988,303,44611,62,46,7,46,46,0,0,46,0,29,29,36,37,20.544,95,4,36.433613,-119.923332,38.076,7,600,58,3,"e00fce6876826e255108c6bd",2026-08-19 16:30:04.037,2026-08-19 16:30:04.255,2026-08-19 16:30:04.255,2026-08-19
"937","KG3fOU5YBJ","MOOSPMv3Parser",1787157001,5,5,0,11,11,0,0,11,11,0,1392,365,0,81,0,9,0,0,29,19,0,2,30,33,30,29,32.629,49,4,36.187504,-119.822021,30.527,0,600,58,3,"e00fce68e739ecbcf9e91965",2026-08-19 16:30:04.103,2026-08-19 16:30:04.287,2026-08-19 16:30:04.287,2026-08-19
"938","iuvFOsGFwL","MOOSPMv3Parser",1787157000,11,11,7,15,15,7,7,16,16,7,2255,617,144324,84,55,4,55,55,25,50,55,0,29,28,42,46,24.272,76,4,36.523331,-119.278725,72.473,7,600,58,3,"e00fce68f12da1a0c5de6248",2026-08-19 16:30:05.164,2026-08-19 16:30:05.379,2026-08-19 16:30:05.379,2026-08-19
"939","TPVYccuFjR","MOOSPMv3Parser",1787157001,4,4,4,6,6,4,4,6,6,4,1002,241,69612,43,32,3,32,32,32,16,32,0,38,36,20,24,204.494,27,2,36.138958,-120.368393,175.085007,7,600,58,3,"e00fce6850cac69f647dc199",2026-08-19 16:30:05.644,2026-08-19 16:30:05.825,2026-08-19 16:30:05.825,2026-08-19
"940","GZzfFW0xqo","MOOSPMv3Parser",1787157600,6,6,4,8,8,4,4,9,9,4,1505,333,26189,59,32,3,32,32,29,26,32,0,29,32,35,33,38.379,96,1,36.503128,-120.325409,53.779999,8,600,58,3,"e00fce68e77e43df92405fdb",2026-08-19 16:40:02.333,2026-08-19 16:40:02.502,2026-08-19 16:40:02.502,2026-08-19
"941","FRweJTk5SJ","MOOSPMv3Parser",1787157601,11,11,10,18,18,11,11,19,19,11,2443,605,139792,114,79,11,80,80,30,34,80,0,29,35,42,34,16.631,237,1,36.762657,-119.798698,59.566002,6,600,58,3,"e00fce68e88237db75a60608",2026-08-19 16:40:02.861,2026-08-19 16:40:03.068,2026-08-19 16:40:03.068,2026-08-19
"942","ezVA5XKGrB","MOOSPMv3Parser",1787157600,0,0,4,2,2,4,4,2,2,4,324,225,63808,40,31,4,31,31,34,24,31,0,32,37,26,24,31.467,32,2,36.139019,-120.368385,177.845993,6,600,58,3,"e00fce68d6b773b56ce8baa0",2026-08-19 16:40:02.922,2026-08-19 16:40:03.089,2026-08-19 16:40:03.089,2026-08-19
"943","ImHY6RYIfn","MOOSPMv3Parser",1787157600,5,5,5,7,7,5,6,7,7,6,934,269,90346,52,38,3,38,38,33,13,38,1,33,38,22,20,43.853,19,3277,2.5e-05,-0.004246,1378.108032,7,600,58,3,"e00fce68e28dcbc9a589be10",2026-08-19 16:40:03.187,2026-08-19 16:40:03.358,2026-08-19 16:40:03.358,2026-08-19
"944","bGE7F4ECM2","MOOSPMv3Parser",1787157600,10,10,6,13,13,7,7,14,14,7,2019,554,144367,73,49,3,50,50,26,48,50,0,30,29,41,44,26.844,53,5,36.523342,-119.278786,80.68,8,600,58,3,"e00fce68f12da1a0c5de6248",2026-08-19 16:40:03.72,2026-08-19 16:40:03.869,2026-08-19 16:40:03.869,2026-08-19
"945","AtU1sgaYGb","MOOSPMv3Parser",1787157600,9,9,6,12,12,6,6,13,13,6,1780,483,91293,75,44,5,44,44,30,33,44,0,30,34,42,36,24.49,117,2,35.94957,-119.049965,109.810997,6,600,58,3,"e00fce6808784ceaf209f949",2026-08-19 16:40:03.678,2026-08-19 16:40:03.928,2026-08-19 16:40:03.928,2026-08-19
"946","07nnU8KOyS","MOOSPMv3Parser",1787157601,5,5,6,8,8,6,6,9,9,6,983,302,44651,58,45,4,46,46,0,0,46,0,30,30,36,37,21.46,95,5,36.433613,-119.923279,34.785999,9,600,58,3,"e00fce6876826e255108c6bd",2026-08-19 16:40:04.035,2026-08-19 16:40:04.183,2026-08-19 16:40:04.183,2026-08-19
"947","OtPXR8I7Ca","MOOSPMv3Parser",1787157601,0,0,2,1,1,2,2,1,1,2,285,182,15378,27,17,2,17,17,32,25,17,0,33,37,25,23,41.542,32,1,36.138969,-120.368347,172.707993,10,600,58,3,"e00fce686dc2ef0a68fa40b0",2026-08-19 16:40:04.181,2026-08-19 16:40:04.355,2026-08-19 16:40:04.355,2026-08-19
"948","mbx8q2xnh5","MOOSPMv3Parser",1787157601,6,6,0,11,11,0,0,13,13,0,1528,396,0,86,0,11,0,0,30,17,0,2,31,34,28,27,33.168,50,4,36.187458,-119.822182,13.306,9,600,58,3,"e00fce68e739ecbcf9e91965",2026-08-19 16:40:04.164,2026-08-19 16:40:04.408,2026-08-19 16:40:04.408,2026-08-19
"949","C5gZxPxqEn","MOOSPMv3Parser",1787157601,4,4,4,6,6,4,4,6,6,4,984,236,69638,43,30,3,30,30,32,14,30,0,39,37,19,23,272.401,23,2,36.138981,-120.36837,173.807007,7,600,58,3,"e00fce6850cac69f647dc199",2026-08-19 16:40:04.672,2026-08-19 16:40:04.894,2026-08-19 16:40:04.894,2026-08-19
"950","l6wWcs6cSH","MOOSPMv3Parser",1787158200,5,5,4,8,8,4,4,8,8,4,1450,318,26215,52,30,3,30,30,29,24,30,0,30,33,33,32,43.373,51,1,36.503128,-120.325409,53.776001,0,600,58,3,"e00fce68e77e43df92405fdb",2026-08-19 16:50:02.634,2026-08-19 16:50:02.87,2026-08-19 16:50:02.87,2026-08-19
"951","tTslyFvXEt","MOOSPMv3Parser",1787158200,0,0,4,2,2,4,4,2,2,4,312,220,63831,39,28,3,28,28,34,24,28,0,33,38,27,24,32.544,27,2,36.138954,-120.368362,173.169998,6,600,58,3,"e00fce68d6b773b56ce8baa0",2026-08-19 16:50:02.676,2026-08-19 16:50:02.998,2026-08-19 16:50:02.998,2026-08-19
"952","VweqMww1Vs","MOOSPMv3Parser",1787158201,11,11,10,18,18,10,10,18,18,10,2452,605,139859,114,76,9,76,76,30,33,76,0,30,35,40,33,18.687,233,1,36.762672,-119.798752,56.57,8,600,58,3,"e00fce68e88237db75a60608",2026-08-19 16:50:02.959,2026-08-19 16:50:03.181,2026-08-19 16:50:03.181,2026-08-19
"953","54LXXP16PD","MOOSPMv3Parser",1787158201,0,0,2,1,1,2,2,1,1,2,278,177,15390,27,15,2,15,15,33,25,15,0,33,37,26,23,42.661,27,1,36.138996,-120.368378,172.992996,8,600,58,3,"e00fce686dc2ef0a68fa40b0",2026-08-19 16:50:03.244,2026-08-19 16:50:03.434,2026-08-19 16:50:03.434,2026-08-19
"954","SEXCHvPhak","MOOSPMv3Parser",1787158200,4,4,4,6,6,4,5,7,7,5,911,256,90375,46,33,3,33,33,33,12,33,1,34,39,22,20,45.827,14,3277,2.5e-05,-0.004246,1378.108032,7,600,58,3,"e00fce68e28dcbc9a589be10",2026-08-19 16:50:03.327,2026-08-19 16:50:03.598,2026-08-19 16:50:03.598,2026-08-19
"955","NDIGgSegyE","MOOSPMv3Parser",1787158200,8,8,5,12,12,6,6,13,13,6,1673,458,91329,80,41,5,41,41,30,31,41,0,31,35,42,35,25.34,115,2,35.949604,-119.049965,112.501999,7,600,58,3,"e00fce6808784ceaf209f949",2026-08-19 16:50:03.702,2026-08-19 16:50:03.872,2026-08-19 16:50:03.872,2026-08-19
"956","rTeHiwmjYD","MOOSPMv3Parser",1787158200,11,11,7,14,14,7,7,15,15,7,2121,584,144412,78,52,3,52,52,27,47,52,0,30,30,42,44,27.27,62,6,36.523312,-119.278793,89.209999,7,600,58,3,"e00fce68f12da1a0c5de6248",2026-08-19 16:50:03.862,2026-08-19 16:50:04.083,2026-08-19 16:50:04.083,2026-08-19
"957","JHrDN3mvVY","MOOSPMv3Parser",1787158201,5,5,5,8,8,6,6,9,9,6,996,308,44688,59,43,5,43,43,0,0,43,0,31,31,33,35,22.034,95,6,36.433556,-119.923409,27.266001,7,600,58,3,"e00fce6876826e255108c6bd",2026-08-19 16:50:04.114,2026-08-19 16:50:04.313,2026-08-19 16:50:04.313,2026-08-19
"958","DjXG40CbgN","MOOSPMv3Parser",1787158201,6,6,0,11,11,0,0,12,12,0,1427,375,0,80,0,10,0,0,30,16,0,2,32,35,27,26,35.097,33,4,36.187489,-119.821999,35.446999,7,600,58,3,"e00fce68e739ecbcf9e91965",2026-08-19 16:50:04.248,2026-08-19 16:50:04.45,2026-08-19 16:50:04.45,2026-08-19
"959","KccVrx9s5d","MOOSPMv3Parser",1787158201,4,4,4,6,6,4,4,6,6,4,973,233,69663,43,29,2,29,29,33,14,29,0,39,38,20,24,512.614,23,2,36.138954,-120.36837,177.625,7,600,58,3,"e00fce6850cac69f647dc199",2026-08-19 16:50:05.094,2026-08-19 16:50:05.301,2026-08-19 16:50:05.301,2026-08-19
"960","ktILlF9pAy","MOOSPMv3Parser",1787158800,5,5,4,8,8,4,4,8,8,4,1487,313,26240,52,29,4,29,29,30,23,29,0,30,34,31,30,43.316,60,1,36.503181,-120.325409,58.012001,7,600,58,3,"e00fce68e77e43df92405fdb",2026-08-19 17:00:02.645,2026-08-19 17:00:03.224,2026-08-19 17:00:03.224,2026-08-19
"961","3mljAijCNE","MOOSPMv3Parser",1787158801,11,11,9,17,17,9,9,18,18,9,2449,596,139920,107,71,9,71,71,31,30,71,0,31,37,37,31,22.261,214,1,36.762703,-119.798744,51.120998,7,600,58,3,"e00fce68e88237db75a60608",2026-08-19 17:00:02.872,2026-08-19 17:00:03.456,2026-08-19 17:00:03.456,2026-08-19
"962","TmlGGGwVca","MOOSPMv3Parser",1787158800,0,0,4,2,2,4,4,2,2,4,313,220,63855,37,29,4,29,29,34,24,29,0,33,38,27,24,32.824,25,2,36.138916,-120.368393,168.175995,4,600,58,3,"e00fce68d6b773b56ce8baa0",2026-08-19 17:00:03.043,2026-08-19 17:00:03.535,2026-08-19 17:00:03.535,2026-08-19
"963","BOPa9UZRCK","MOOSPMv3Parser",1787158800,4,4,4,6,6,4,4,7,7,4,886,250,90401,46,31,3,31,31,34,12,31,1,34,40,22,19,46.831,14,3277,2.5e-05,-0.004246,1378.108032,7,600,58,3,"e00fce68e28dcbc9a589be10",2026-08-19 17:00:03.092,2026-08-19 17:00:03.642,2026-08-19 17:00:03.642,2026-08-19
"964","2QemzKkbqi","MOOSPMv3Parser",1787158801,0,0,2,0,0,2,2,1,1,2,272,175,15404,26,16,1,16,16,33,25,16,0,33,37,26,23,43.483,28,1,36.139027,-120.36837,183.035004,8,600,58,3,"e00fce686dc2ef0a68fa40b0",2026-08-19 17:00:04.117,2026-08-19 17:00:04.385,2026-08-19 17:00:04.385,2026-08-19
"965","6C9Ax2A03k","MOOSPMv3Parser",1787158801,5,5,5,8,8,6,6,8,8,6,971,297,44725,56,42,5,42,42,0,0,42,0,31,32,32,34,23.365,95,6,36.433575,-119.923378,22.916,6,600,58,3,"e00fce6876826e255108c6bd",2026-08-19 17:00:04.056,2026-08-19 17:00:04.425,2026-08-19 17:00:04.425,2026-08-19
"966","Rt2HE5K9Hb","MOOSPMv3Parser",1787158800,8,8,5,11,11,5,5,12,12,5,1647,445,91362,74,39,4,39,39,31,28,39,0,32,36,37,32,27.18,100,1,35.949604,-119.049965,112.504997,0,600,58,3,"e00fce6808784ceaf209f949",2026-08-19 17:00:03.727,2026-08-19 17:00:04.448,2026-08-19 17:00:04.448,2026-08-19
"967","C7E21q4lGO","MOOSPMv3Parser",1787158801,5,5,0,10,10,0,0,10,10,0,1389,360,0,72,0,8,0,0,31,14,0,2,32,36,25,24,36.044,28,3,36.187401,-119.821945,51.946999,8,600,58,3,"e00fce68e739ecbcf9e91965",2026-08-19 17:00:04.326,2026-08-19 17:00:04.807,2026-08-19 17:00:04.807,2026-08-19
"968","2sIBnS6z57","MOOSPMv3Parser",1787158801,4,4,4,6,6,4,4,6,6,4,939,228,69688,45,29,3,29,29,33,14,29,0,39,38,19,23,512.606,25,1,36.139008,-120.368378,188.272003,9,600,58,3,"e00fce6850cac69f647dc199",2026-08-19 17:00:05.723,2026-08-19 17:00:05.906,2026-08-19 17:00:05.906,2026-08-19
"969","Hj3FJFQE4c","MOOSPMv3Parser",1787158800,10,10,7,14,14,7,7,15,15,7,2084,571,144458,75,52,4,52,52,28,42,52,0,31,32,39,39,27.964,66,6,36.523312,-119.278793,89.209999,0,600,58,3,"e00fce68f12da1a0c5de6248",2026-08-19 17:00:40.685,2026-08-19 17:00:40.828,2026-08-19 17:00:40.828,2026-08-19
"970","VtSlQzzldH","MOOSPMv3Parser",1787159400,5,5,4,8,8,4,4,8,8,4,1618,321,26269,52,32,3,33,33,30,23,33,0,31,35,31,30,42.914,87,1,36.503181,-120.325424,72.652,7,600,58,3,"e00fce68e77e43df92405fdb",2026-08-19 17:10:02.304,2026-08-19 17:10:02.51,2026-08-19 17:10:02.51,2026-08-19
"971","mv989loZZn","MOOSPMv3Parser",1787159400,0,0,4,2,2,4,4,2,2,4,307,211,63878,34,27,3,27,27,35,23,28,0,33,39,26,23,33.614,20,2,36.138962,-120.368408,159.988007,9,600,58,3,"e00fce68d6b773b56ce8baa0",2026-08-19 17:10:02.611,2026-08-19 17:10:02.842,2026-08-19 17:10:02.842,2026-08-19
"972","vODw8q5dIo","MOOSPMv3Parser",1787159401,11,11,9,17,17,10,10,17,17,10,2480,590,139983,107,71,8,72,72,32,28,72,0,31,37,36,30,24.073,209,1,36.762726,-119.798729,63.035,8,600,58,3,"e00fce68e88237db75a60608",2026-08-19 17:10:02.863,2026-08-19 17:10:03.086,2026-08-19 17:10:03.086,2026-08-19
"973","pAKNQLcE1B","MOOSPMv3Parser",1787159400,4,4,4,6,6,5,5,7,7,5,946,266,90430,47,34,3,34,34,35,12,34,1,35,41,22,20,45.53,33,3277,2.5e-05,-0.004246,1378.108032,7,600,58,3,"e00fce68e28dcbc9a589be10",2026-08-19 17:10:03.257,2026-08-19 17:10:03.447,2026-08-19 17:10:03.447,2026-08-19
"974","cETKLCPZph","MOOSPMv3Parser",1787159400,10,10,6,13,13,7,7,14,14,7,1961,532,144502,75,51,4,51,51,28,41,51,0,31,33,39,39,29.859,57,5,36.523277,-119.278862,96.835999,10,600,58,3,"e00fce68f12da1a0c5de6248",2026-08-19 17:10:03.507,2026-08-19 17:10:03.698,2026-08-19 17:10:03.698,2026-08-19
"975","5eIWXxdgLa","MOOSPMv3Parser",1787159400,8,8,5,11,11,5,5,12,12,5,1665,447,91398,72,41,5,41,41,32,29,41,0,32,37,37,33,28.697,98,1,35.949516,-119.049919,116.433998,14,600,58,3,"e00fce6808784ceaf209f949",2026-08-19 17:10:03.757,2026-08-19 17:10:03.947,2026-08-19 17:10:03.947,2026-08-19
"976","QmXyTIsJrQ","MOOSPMv3Parser",1787159401,0,0,2,0,0,2,2,0,0,2,275,173,15417,26,15,1,15,15,33,24,15,0,34,38,25,22,44.615,25,1,36.139027,-120.368393,167.891998,8,600,58,3,"e00fce686dc2ef0a68fa40b0",2026-08-19 17:10:03.784,2026-08-19 17:10:03.96,2026-08-19 17:10:03.96,2026-08-19
"977","FJV9DkZGQ6","MOOSPMv3Parser",1787159401,4,4,6,7,7,6,6,8,8,6,919,282,44763,52,43,4,43,43,0,0,43,0,31,32,32,33,24.286,96,6,36.433464,-119.923416,21.665001,7,600,58,3,"e00fce6876826e255108c6bd",2026-08-19 17:10:04.057,2026-08-19 17:10:04.237,2026-08-19 17:10:04.237,2026-08-19
"978","iiJoNk65vk","MOOSPMv3Parser",1787159401,5,5,0,9,9,0,0,10,10,0,1383,356,0,70,0,7,0,0,32,14,0,2,33,37,25,24,37.632,23,3,36.187447,-119.822044,26.447001,9,600,58,3,"e00fce68e739ecbcf9e91965",2026-08-19 17:10:04.158,2026-08-19 17:10:04.363,2026-08-19 17:10:04.363,2026-08-19
"979","l93s8V6bk5","MOOSPMv3Parser",1787159401,3,3,4,5,5,4,4,6,6,4,880,213,69712,38,27,3,28,28,33,13,28,0,39,38,19,23,512.486,24,1,36.138981,-120.368378,163.380005,7,600,58,3,"e00fce6850cac69f647dc199",2026-08-19 17:10:05.844,2026-08-19 17:10:06.029,2026-08-19 17:10:06.029,2026-08-19
"980","z6ZAjPuJxQ","MOOSPMv3Parser",1787160000,0,0,3,1,1,4,4,2,2,4,307,214,63900,36,26,3,26,26,35,22,26,0,34,39,25,23,33.655,19,2,36.138954,-120.368469,165.406006,9,600,58,3,"e00fce68d6b773b56ce8baa0",2026-08-19 17:20:02.758,2026-08-19 17:20:02.957,2026-08-19 17:20:02.957,2026-08-19
"981","GSZIC9tQNF","MOOSPMv3Parser",1787160001,11,11,9,17,17,10,10,18,18,10,2543,609,140046,109,72,11,73,73,32,27,73,0,31,37,37,30,25.72,200,1,36.762691,-119.798691,72.607002,5,600,58,3,"e00fce68e88237db75a60608",2026-08-19 17:20:02.926,2026-08-19 17:20:03.118,2026-08-19 17:20:03.118,2026-08-19
"982","3WtcGh7I5C","MOOSPMv3Parser",1787160000,8,8,5,11,11,5,5,12,12,5,1636,435,91583,73,37,4,37,37,33,25,37,0,33,38,37,31,31.565,83,1,35.949608,-119.050018,108.189003,7,599,58,3,"e00fce6808784ceaf209f949",2026-08-19 17:20:03.081,2026-08-19 17:20:03.25,2026-08-19 17:20:03.25,2026-08-19
"983","OhidMiBAJX","MOOSPMv3Parser",1787160000,4,4,4,6,6,5,5,6,6,5,911,258,90460,46,34,3,34,34,35,11,34,1,35,41,22,19,46.983,41,3277,2.5e-05,-0.004246,1378.108032,7,600,58,3,"e00fce68e28dcbc9a589be10",2026-08-19 17:20:03.244,2026-08-19 17:20:03.457,2026-08-19 17:20:03.457,2026-08-19
"984","iKagdBJHk6","MOOSPMv3Parser",1787160000,11,11,7,14,14,7,7,15,15,7,2117,579,144547,79,51,3,51,51,29,37,51,0,31,34,38,36,31.448,69,5,36.523159,-119.278961,90.955002,6,600,58,3,"e00fce68f12da1a0c5de6248",2026-08-19 17:20:03.595,2026-08-19 17:20:03.783,2026-08-19 17:20:03.783,2026-08-19
"985","POw7xv0BAm","MOOSPMv3Parser",1787160001,5,5,6,8,8,6,6,9,9,6,928,288,44800,56,43,5,43,43,0,0,43,0,31,32,31,33,24.556,96,7,36.43375,-119.923378,38.771,6,600,58,3,"e00fce6876826e255108c6bd",2026-08-19 17:20:03.976,2026-08-19 17:20:04.209,2026-08-19 17:20:04.209,2026-08-19
"986","4CJDCcgHND","MOOSPMv3Parser",1787160001,5,5,0,9,9,0,0,10,10,0,1389,357,0,73,0,7,0,0,32,14,0,2,33,37,26,24,38.242,32,2,36.187447,-119.822006,34.324001,11,600,58,3,"e00fce68e739ecbcf9e91965",2026-08-19 17:20:04.238,2026-08-19 17:20:04.418,2026-08-19 17:20:04.418,2026-08-19
"987","097cTDGcYR","MOOSPMv3Parser",1787160001,0,0,2,0,0,2,2,0,0,2,270,169,15429,24,14,2,14,14,34,24,14,0,34,39,25,22,44.025,28,1,36.139091,-120.368523,162.914001,7,600,58,3,"e00fce686dc2ef0a68fa40b0",2026-08-19 17:20:04.343,2026-08-19 17:20:04.564,2026-08-19 17:20:04.564,2026-08-19
"988","xnaO0JC4of","MOOSPMv3Parser",1787160001,3,3,3,5,5,4,4,6,6,4,919,220,69735,37,27,3,27,27,34,13,27,0,40,39,19,22,512.412,27,1,36.138966,-120.368347,172.699997,7,600,58,3,"e00fce6850cac69f647dc199",2026-08-19 17:20:05.031,2026-08-19 17:20:05.213,2026-08-19 17:20:05.213,2026-08-19
"989","WlnR6UFa4E","MOOSPMv3Parser",1787160600,8,8,5,12,12,5,5,12,12,5,1696,457,91464,75,39,4,39,39,33,24,39,0,33,39,37,30,31.346,88,1,35.949467,-119.04998,127.362999,7,600,58,3,"e00fce6808784ceaf209f949",2026-08-19 17:30:02.755,2026-08-19 17:30:02.945,2026-08-19 17:30:02.945,2026-08-19
"990","d7oEj1Z9UD","MOOSPMv3Parser",1787160600,0,0,4,2,2,4,4,2,2,4,312,214,63923,36,28,3,28,28,36,23,28,0,34,40,26,23,33.026,24,1,36.138988,-120.368385,176.054001,10,600,58,3,"e00fce68d6b773b56ce8baa0",2026-08-19 17:30:02.612,2026-08-19 17:30:02.969,2026-08-19 17:30:02.969,2026-08-19
"991","khA2ek6asv","MOOSPMv3Parser",1787160601,13,13,11,20,20,11,11,20,20,11,2841,683,140120,119,84,11,85,85,33,26,85,0,32,38,36,30,27.192,198,1,36.762676,-119.79866,59.476002,6,600,58,3,"e00fce68e88237db75a60608",2026-08-19 17:30:03.015,2026-08-19 17:30:03.213,2026-08-19 17:30:03.213,2026-08-19
"992","xsSVJCcg8Q","MOOSPMv3Parser",1787160600,4,4,4,7,7,4,4,7,7,4,992,279,90487,53,32,4,32,32,36,11,32,1,35,42,22,19,46.975,30,3277,2.5e-05,-0.004246,1378.108032,7,600,58,3,"e00fce68e28dcbc9a589be10",2026-08-19 17:30:03.319,2026-08-19 17:30:03.469,2026-08-19 17:30:03.469,2026-08-19
"993","3aSwKg6aqA","MOOSPMv3Parser",1787160601,0,0,2,0,0,2,2,0,0,2,281,179,15441,27,15,2,15,15,34,24,15,0,34,39,25,22,43.835,41,1,36.138985,-120.368332,177.882004,9,600,58,3,"e00fce686dc2ef0a68fa40b0",2026-08-19 17:30:03.369,2026-08-19 17:30:03.527,2026-08-19 17:30:03.527,2026-08-19
"994","sM8Y3EakgL","MOOSPMv3Parser",1787160600,12,12,7,15,15,7,7,16,16,7,2284,625,144596,83,55,4,55,55,30,37,55,0,32,34,38,36,32.117,60,5,36.523354,-119.278801,88.296997,6,600,58,3,"e00fce68f12da1a0c5de6248",2026-08-19 17:30:03.961,2026-08-19 17:30:04.152,2026-08-19 17:30:04.152,2026-08-19
"995","isi5BfHlKX","MOOSPMv3Parser",1787160600,5,5,4,8,8,4,4,8,8,4,1551,311,26493,49,28,3,28,28,-10,-10,28,0,32,36,32,31,42.054,91,1,36.503075,-120.325317,46.848999,5,596,58,3,"e00fce68e77e43df92405fdb",2026-08-19 17:30:04.17,2026-08-19 17:30:04.343,2026-08-19 17:30:04.343,2026-08-19
"996","dyWDwuE9G5","MOOSPMv3Parser",1787160601,5,5,0,10,10,0,0,10,10,0,1375,357,0,74,0,7,0,0,33,14,0,2,33,38,26,24,38.683,42,1,36.187481,-119.82206,24.065001,10,600,58,3,"e00fce68e739ecbcf9e91965",2026-08-19 17:30:04.197,2026-08-19 17:30:04.35,2026-08-19 17:30:04.35,2026-08-19
"997","N3WkN3kzeW","MOOSPMv3Parser",1787160601,5,5,6,8,8,6,6,10,10,6,1003,309,44839,60,44,5,45,45,0,0,45,0,31,33,31,31,24.458,96,7,36.433502,-119.923309,22.256001,7,600,58,3,"e00fce6876826e255108c6bd",2026-08-19 17:30:04.126,2026-08-19 17:30:04.369,2026-08-19 17:30:04.369,2026-08-19
"998","MSoNyGgnl1","MOOSPMv3Parser",1787160601,4,4,4,6,6,4,4,6,6,4,952,226,69760,40,28,2,28,28,34,13,28,0,40,39,19,23,512.476,36,1,36.138985,-120.368301,188.337997,9,600,58,3,"e00fce6850cac69f647dc199",2026-08-19 17:30:05.224,2026-08-19 17:30:05.412,2026-08-19 17:30:05.412,2026-08-19
"999","62LZpyq9Bu","MOOSPMv3Parser",1787161200,8,8,5,11,11,5,5,12,12,5,1647,440,91496,71,37,4,37,37,34,22,37,0,34,40,32,27,31.655,108,1,35.949581,-119.049919,122.005997,8,600,58,3,"e00fce6808784ceaf209f949",2026-08-19 17:40:02.71,2026-08-19 17:40:02.878,2026-08-19 17:40:02.878,2026-08-19
"1000","eLNHnfdpJQ","MOOSPMv3Parser",1787161200,0,0,3,2,2,4,4,2,2,4,314,215,63946,34,27,3,27,27,36,22,27,0,34,40,25,22,33.248,29,1,36.139034,-120.368324,179.796005,8,600,58,3,"e00fce68d6b773b56ce8baa0",2026-08-19 17:40:02.614,2026-08-19 17:40:02.994,2026-08-19 17:40:02.994,2026-08-19
"1001","19dKiFxYgF","MOOSPMv3Parser",1787161201,12,12,9,19,19,10,10,19,19,10,2751,633,140185,114,74,13,74,74,33,25,74,0,32,39,35,29,31.054,179,1,36.762741,-119.79879,53.613998,7,600,58,3,"e00fce68e88237db75a60608",2026-08-19 17:40:03.092,2026-08-19 17:40:03.289,2026-08-19 17:40:03.289,2026-08-19
"1002","IBdYnu27ee","MOOSPMv3Parser",1787161200,4,4,4,6,6,4,4,6,6,4,949,265,90515,46,32,2,32,32,36,11,32,0,35,42,22,19,46.971,29,3277,2.5e-05,-0.004246,1378.108032,7,600,58,3,"e00fce68e28dcbc9a589be10",2026-08-19 17:40:03.334,2026-08-19 17:40:03.529,2026-08-19 17:40:03.529,2026-08-19
"1003","aicI7qBCId","MOOSPMv3Parser",1787161201,0,0,2,0,0,2,2,0,0,2,276,173,15454,26,15,1,15,15,35,23,15,0,35,40,25,21,44.2,47,1,36.138931,-120.368355,178.147003,12,600,58,3,"e00fce686dc2ef0a68fa40b0",2026-08-19 17:40:03.516,2026-08-19 17:40:03.7,2026-08-19 17:40:03.7,2026-08-19
"1004","zJYhL3EiHw","MOOSPMv3Parser",1787161201,5,5,5,8,8,6,6,9,9,6,970,299,44876,57,43,4,43,43,0,0,43,0,32,33,29,30,25.349,96,7,36.433445,-119.923256,17.885,5,600,58,3,"e00fce6876826e255108c6bd",2026-08-19 17:40:04.121,2026-08-19 17:40:04.323,2026-08-19 17:40:04.323,2026-08-19
"1005","GJdj0w96n9","MOOSPMv3Parser",1787161201,6,6,0,9,9,0,0,10,10,0,1439,370,0,75,0,6,0,0,34,13,0,2,34,40,26,23,39.951,35,1,36.187462,-119.821869,41.500999,9,600,58,3,"e00fce68e739ecbcf9e91965",2026-08-19 17:40:04.397,2026-08-19 17:40:04.554,2026-08-19 17:40:04.554,2026-08-19
"1006","An6aBEr8IF","MOOSPMv3Parser",1787161200,6,6,4,8,8,4,4,9,9,4,1662,330,26342,54,29,4,29,29,32,21,29,0,33,36,31,29,42.45,77,1,36.503151,-120.325363,59.609001,7,600,58,3,"e00fce68e77e43df92405fdb",2026-08-19 17:40:04.979,2026-08-19 17:40:05.113,2026-08-19 17:40:05.113,2026-08-19
"1007","zUxlZw3gA7","MOOSPMv3Parser",1787161201,4,4,3,6,6,4,4,6,6,4,960,233,69784,41,27,3,27,27,35,12,27,0,40,40,18,22,512.476,43,1,36.139023,-120.368362,176.134995,9,600,58,3,"e00fce6850cac69f647dc199",2026-08-19 17:40:09.868,2026-08-19 17:40:10.101,2026-08-19 17:40:10.101,2026-08-19
"1008","jiiaDDXY5D","MOOSPMv3Parser",1787161200,12,12,7,17,17,8,8,18,18,8,2421,668,144646,92,59,5,59,59,30,36,59,0,32,35,38,36,32.894,67,4,36.523434,-119.278831,75.916,6,600,58,3,"e00fce68f12da1a0c5de6248",2026-08-19 17:40:19.627,2026-08-19 17:40:19.867,2026-08-19 17:40:19.867,2026-08-19
"1009","mWKCTDBojg","MOOSPMv3Parser",1787161800,6,6,4,9,9,4,4,9,9,4,1818,365,26370,57,32,3,32,32,32,22,32,0,33,37,32,31,42.464,99,1,36.50312,-120.325409,58.535999,6,600,58,3,"e00fce68e77e43df92405fdb",2026-08-19 17:50:02.743,2026-08-19 17:50:02.914,2026-08-19 17:50:02.914,2026-08-19
"1010","b4njlNu1W3","MOOSPMv3Parser",1787161800,0,0,3,1,1,4,4,2,2,4,306,211,63968,34,26,3,26,26,37,22,26,0,35,41,25,22,34.258,29,1,36.139,-120.368378,171.057999,8,600,58,3,"e00fce68d6b773b56ce8baa0",2026-08-19 17:50:02.683,2026-08-19 17:50:02.931,2026-08-19 17:50:02.931,2026-08-19
"1011","WInCHJhNa7","MOOSPMv3Parser",1787161801,11,11,9,16,16,9,9,17,17,9,2600,577,140244,100,68,8,68,68,34,24,68,0,32,39,35,28,36.279,144,1,36.762703,-119.798759,62.501999,9,600,58,3,"e00fce68e88237db75a60608",2026-08-19 17:50:02.946,2026-08-19 17:50:03.147,2026-08-19 17:50:03.147,2026-08-19
"1012","ZbjLFO1qRk","MOOSPMv3Parser",1787161800,7,7,4,11,11,4,4,11,11,4,1573,418,91525,70,33,4,34,34,34,20,34,0,34,40,32,27,34.598,99,1,35.949467,-119.049957,92.353996,6,600,58,3,"e00fce6808784ceaf209f949",2026-08-19 17:50:03.035,2026-08-19 17:50:03.295,2026-08-19 17:50:03.295,2026-08-19
"1013","PnKNEUm6hD","MOOSPMv3Parser",1787161800,4,4,4,6,6,4,4,6,6,4,955,269,90541,46,30,2,30,30,36,11,30,0,36,42,22,19,47.055,32,3277,2.5e-05,-0.004246,1378.108032,7,600,58,3,"e00fce68e28dcbc9a589be10",2026-08-19 17:50:03.246,2026-08-19 17:50:03.422,2026-08-19 17:50:03.422,2026-08-19
"1014","2FwF0e6DxR","MOOSPMv3Parser",1787161800,13,13,8,18,18,9,9,19,19,9,2615,716,144702,94,65,4,65,65,31,34,65,0,33,36,37,34,33.299,80,4,36.523285,-119.278786,83.783997,7,600,58,3,"e00fce68f12da1a0c5de6248",2026-08-19 17:50:03.761,2026-08-19 17:50:03.953,2026-08-19 17:50:03.953,2026-08-19
"1015","UKkvdzlo7b","MOOSPMv3Parser",1787161801,0,0,2,0,0,2,2,0,0,2,280,178,15465,25,14,1,14,14,35,23,14,0,35,40,24,21,44.025,46,1,36.139072,-120.368416,168.222,10,600,58,3,"e00fce686dc2ef0a68fa40b0",2026-08-19 17:50:03.789,2026-08-19 17:50:03.961,2026-08-19 17:50:03.961,2026-08-19
"1016","QisvsbDpnF","MOOSPMv3Parser",1787161801,4,4,5,8,8,6,6,9,9,6,933,288,44912,55,42,6,42,42,0,0,42,0,32,34,30,31,25.858,96,8,36.433445,-119.923256,17.889999,0,600,58,3,"e00fce6876826e255108c6bd",2026-08-19 17:50:04.113,2026-08-19 17:50:04.278,2026-08-19 17:50:04.278,2026-08-19
"1017","sHoIhJcA7o","MOOSPMv3Parser",1787161801,6,6,0,10,10,0,0,10,10,0,1461,373,0,77,0,9,0,0,34,12,0,2,34,40,25,22,40.587,37,1,36.187447,-119.822075,7.598,8,600,58,3,"e00fce68e739ecbcf9e91965",2026-08-19 17:50:04.171,2026-08-19 17:50:04.344,2026-08-19 17:50:04.344,2026-08-19
"1018","4KAkN0pXLo","MOOSPMv3Parser",1787161801,3,3,3,5,5,3,3,6,6,3,956,226,69806,44,26,3,26,26,35,12,26,0,41,40,18,22,512.389,44,1,36.139019,-120.368309,168.979004,7,600,58,3,"e00fce6850cac69f647dc199",2026-08-19 17:50:06.027,2026-08-19 17:50:06.198,2026-08-19 17:50:06.198,2026-08-19
"1019","0hIS0amezR","MOOSPMv3Parser",1787162400,7,7,4,10,10,4,4,11,11,4,1556,411,91552,65,31,4,31,31,34,22,31,0,34,40,38,31,33.699,109,1,35.949539,-119.049965,116.611,8,600,58,3,"e00fce6808784ceaf209f949",2026-08-19 18:00:02.849,2026-08-19 18:00:03.571,2026-08-19 18:00:03.571,2026-08-19
"1020","aLoOcAvqzf","MOOSPMv3Parser",1787162401,10,10,8,15,15,8,8,16,16,8,2499,553,140298,94,62,8,62,62,34,23,62,0,33,40,33,28,41.674,115,1,36.762703,-119.798759,62.502998,0,600,58,3,"e00fce68e88237db75a60608",2026-08-19 18:00:03.125,2026-08-19 18:00:04.093,2026-08-19 18:00:04.093,2026-08-19
"1021","CGBDhvfi0Y","MOOSPMv3Parser",1787162400,0,0,3,1,1,3,3,1,1,3,306,209,63990,33,26,3,26,26,37,21,26,0,35,42,24,21,30.967,28,1,36.139,-120.368324,184.804993,7,600,58,3,"e00fce68d6b773b56ce8baa0",2026-08-19 18:00:02.905,2026-08-19 18:00:04.172,2026-08-19 18:00:04.172,2026-08-19
"1022","k8eM9o7TFg","MOOSPMv3Parser",1787162400,3,3,4,6,6,4,4,6,6,4,922,254,90566,46,30,3,30,30,36,10,30,0,36,42,20,18,48.483,25,3277,2.5e-05,-0.004246,1378.108032,7,600,58,3,"e00fce68e28dcbc9a589be10",2026-08-19 18:00:03.493,2026-08-19 18:00:04.589,2026-08-19 18:00:04.589,2026-08-19
"1023","gZcT7PoWsz","MOOSPMv3Parser",1787162401,5,5,0,9,9,0,0,10,10,0,1482,373,0,75,0,6,0,0,35,11,0,2,35,41,24,21,40.642,45,1,36.187405,-119.822021,32.761002,8,600,58,3,"e00fce68e739ecbcf9e91965",2026-08-19 18:00:04.39,2026-08-19 18:00:04.913,2026-08-19 18:00:04.913,2026-08-19
"1024","vPbamwxAlK","MOOSPMv3Parser",1787162401,0,0,2,0,0,2,2,0,0,2,289,181,15476,26,13,1,13,13,35,22,13,0,35,41,23,20,45.742,41,1,36.138973,-120.368301,186.537003,7,600,58,3,"e00fce686dc2ef0a68fa40b0",2026-08-19 18:00:04.175,2026-08-19 18:00:05.163,2026-08-19 18:00:05.163,2026-08-19
"1025","8GUfiq49El","MOOSPMv3Parser",1787162401,4,4,5,7,7,5,5,8,8,5,874,269,44946,51,38,4,38,38,0,0,38,0,33,35,27,28,26.309,96,8,36.433624,-119.923386,45.686001,7,600,58,3,"e00fce6876826e255108c6bd",2026-08-19 18:00:04.231,2026-08-19 18:00:05.898,2026-08-19 18:00:05.898,2026-08-19
"1026","5k4zEzrsMr","MOOSPMv3Parser",1787162401,3,3,3,5,5,3,3,5,5,3,912,220,69829,39,25,2,25,25,36,11,25,0,42,41,17,21,512.369,45,1,36.139,-120.368385,189.910004,6,600,58,3,"e00fce6850cac69f647dc199",2026-08-19 18:00:05.056,2026-08-19 18:00:06.58,2026-08-19 18:00:06.58,2026-08-19
"1027","srTYucHxV0","MOOSPMv3Parser",1787162400,6,6,4,9,9,4,4,9,9,4,1790,356,26397,60,31,3,31,31,-10,-10,31,0,32,37,26,24,46.094,90,1,36.50317,-120.325439,44.188999,6,600,58,3,"e00fce68e77e43df92405fdb",2026-08-19 18:00:06.459,2026-08-19 18:00:07.599,2026-08-19 18:00:07.599,2026-08-19
"1028","x7nBfSDrjF","MOOSPMv3Parser",1787162400,12,12,8,17,17,8,8,18,18,8,2404,656,144756,89,62,5,62,62,32,32,62,0,33,37,36,32,35.313,74,4,36.523163,-119.278717,73.943001,7,600,58,3,"e00fce68f12da1a0c5de6248",2026-08-19 18:00:12.654,2026-08-19 18:00:12.884,2026-08-19 18:00:12.884,2026-08-19
"1029","vSgF00YH46","MOOSPMv3Parser",1787163000,7,7,4,10,10,5,5,11,11,5,1541,414,91582,66,35,4,35,35,34,21,35,0,34,39,34,29,35.297,84,1,35.94965,-119.049911,117.603996,7,600,58,3,"e00fce6808784ceaf209f949",2026-08-19 18:10:02.735,2026-08-19 18:10:02.921,2026-08-19 18:10:02.921,2026-08-19
"1030","q86iGUfXTY","MOOSPMv3Parser",1787163000,5,5,4,8,8,4,4,8,8,4,1626,312,26423,49,30,3,30,30,33,17,30,0,33,38,28,26,50.051,47,1,36.503136,-120.325378,59.655998,7,600,58,3,"e00fce68e77e43df92405fdb",2026-08-19 18:10:02.856,2026-08-19 18:10:03.058,2026-08-19 18:10:03.058,2026-08-19
"1031","2GTm0CFqZ3","MOOSPMv3Parser",1787163000,0,0,3,1,1,3,3,1,1,3,308,212,64011,33,25,3,25,25,38,20,25,0,35,42,24,20,32.127,23,1,36.138996,-120.368294,155.294998,5,600,58,3,"e00fce68d6b773b56ce8baa0",2026-08-19 18:10:02.841,2026-08-19 18:10:03.098,2026-08-19 18:10:03.098,2026-08-19
"1032","jqId6z7Fq9","MOOSPMv3Parser",1787163001,9,9,7,14,14,8,8,15,15,8,2438,523,140348,87,57,6,58,58,35,21,58,0,33,40,32,26,44.52,99,1,36.762703,-119.798759,59.023998,10,600,58,3,"e00fce68e88237db75a60608",2026-08-19 18:10:03.077,2026-08-19 18:10:03.305,2026-08-19 18:10:03.305,2026-08-19
"1033","PD3GFdOi6B","MOOSPMv3Parser",1787163000,3,3,4,5,5,4,4,6,6,4,886,245,90592,43,30,2,30,30,36,9,30,0,37,42,20,17,46.399,18,3277,2.5e-05,-0.004246,1378.108032,7,600,58,3,"e00fce68e28dcbc9a589be10",2026-08-19 18:10:03.254,2026-08-19 18:10:03.408,2026-08-19 18:10:03.408,2026-08-19
"1034","vKWF61BntV","MOOSPMv3Parser",1787163001,0,0,2,0,0,2,2,0,0,2,282,177,15488,25,14,1,14,14,36,22,14,0,36,41,21,19,44.846,33,1,36.139034,-120.368416,174.509003,6,600,58,3,"e00fce686dc2ef0a68fa40b0",2026-08-19 18:10:03.269,2026-08-19 18:10:03.473,2026-08-19 18:10:03.473,2026-08-19
"1035","qdAIQTtoCV","MOOSPMv3Parser",1787163000,10,10,7,14,14,7,7,15,15,7,1993,544,144801,81,51,4,51,51,32,32,51,0,33,37,36,33,36.518,60,3,36.523411,-119.278877,96.244003,6,600,58,3,"e00fce68f12da1a0c5de6248",2026-08-19 18:10:03.712,2026-08-19 18:10:03.864,2026-08-19 18:10:03.864,2026-08-19
"1036","dnb2x3JuId","MOOSPMv3Parser",1787163001,4,4,5,7,7,5,5,8,8,5,893,276,44979,52,38,4,38,38,0,0,38,0,34,35,26,28,27.179,96,8,36.433575,-119.923286,37.473,7,600,58,3,"e00fce6876826e255108c6bd",2026-08-19 18:10:04.132,2026-08-19 18:10:04.297,2026-08-19 18:10:04.297,2026-08-19
"1037","VQtlIFmXjG","MOOSPMv3Parser",1787163001,5,5,0,9,9,0,0,9,9,0,1466,361,0,69,0,6,0,0,35,10,0,2,35,41,24,20,42.861,33,1,36.187481,-119.822052,37.09,8,600,58,3,"e00fce68e739ecbcf9e91965",2026-08-19 18:10:04.166,2026-08-19 18:10:04.374,2026-08-19 18:10:04.374,2026-08-19
"1038","8eHnA5JPwb","MOOSPMv3Parser",1787163001,3,3,3,5,5,3,3,5,5,3,948,222,69851,41,26,2,26,26,36,10,26,0,42,41,16,20,512.409,40,1,36.139,-120.368385,189.912994,0,600,58,3,"e00fce6850cac69f647dc199",2026-08-19 18:10:04.981,2026-08-19 18:10:05.127,2026-08-19 18:10:05.127,2026-08-19
"1039","v2fGf1NDE2","MOOSPMv3Parser",1787163600,5,5,3,7,7,4,4,8,8,4,1617,298,26446,47,27,3,27,27,33,15,27,0,33,38,25,23,52.219,39,1,36.503117,-120.325386,60.127998,7,600,58,3,"e00fce68e77e43df92405fdb",2026-08-19 18:20:02.398,2026-08-19 18:20:02.694,2026-08-19 18:20:02.694,2026-08-19
"1040","nDSVcPxxl2","MOOSPMv3Parser",1787163600,0,0,3,1,1,3,3,2,2,3,317,218,64032,35,25,3,26,26,38,20,26,0,35,43,24,20,33.004,23,1,36.138866,-120.368393,173.136993,5,600,58,3,"e00fce68d6b773b56ce8baa0",2026-08-19 18:20:02.781,2026-08-19 18:20:03.014,2026-08-19 18:20:03.014,2026-08-19
"1041","XQDYmVWzio","MOOSPMv3Parser",1787163600,7,7,4,10,10,5,5,10,10,5,1474,390,91611,65,34,4,34,34,34,22,34,0,34,39,35,29,34.798,77,1,35.949612,-119.049973,105.199997,6,600,58,3,"e00fce6808784ceaf209f949",2026-08-19 18:20:02.837,2026-08-19 18:20:03.048,2026-08-19 18:20:03.048,2026-08-19
"1042","nozhnw9pIm","MOOSPMv3Parser",1787163601,9,9,7,13,13,7,7,14,14,7,2518,516,140395,87,55,5,55,55,35,20,55,0,34,41,31,25,45.989,85,1,36.76268,-119.798759,54.745998,11,600,58,3,"e00fce68e88237db75a60608",2026-08-19 18:20:02.953,2026-08-19 18:20:03.141,2026-08-19 18:20:03.141,2026-08-19
"1043","O7DaUb7hSF","MOOSPMv3Parser",1787163600,3,3,4,5,5,4,4,5,5,4,905,247,90616,42,28,2,28,28,36,10,28,0,37,43,19,17,49.379,17,3277,2.5e-05,-0.004246,1378.108032,7,600,58,3,"e00fce68e28dcbc9a589be10",2026-08-19 18:20:03.366,2026-08-19 18:20:03.523,2026-08-19 18:20:03.523,2026-08-19
"1044","BvBFAVdLyP","MOOSPMv3Parser",1787163601,0,0,2,0,0,2,2,0,0,2,283,178,15500,26,14,2,14,14,36,22,14,0,36,41,22,19,46.471,37,1,36.139034,-120.368416,174.509003,0,600,58,3,"e00fce686dc2ef0a68fa40b0",2026-08-19 18:20:03.613,2026-08-19 18:20:03.76,2026-08-19 18:20:03.76,2026-08-19
"1045","NSIifBrxPU","MOOSPMv3Parser",1787163600,11,11,7,15,15,7,7,16,16,7,2192,604,144849,83,55,3,55,55,32,30,55,0,34,38,35,31,37.389,75,3,36.523277,-119.278801,79.616997,6,600,58,3,"e00fce68f12da1a0c5de6248",2026-08-19 18:20:04.105,2026-08-19 18:20:04.335,2026-08-19 18:20:04.335,2026-08-19
"1046","E4SB9gzmeq","MOOSPMv3Parser",1787163601,4,4,4,7,7,5,5,8,8,5,861,264,45009,52,35,4,35,35,1,0,35,0,34,36,26,27,27.782,96,9,36.43367,-119.923393,25.889999,7,600,58,3,"e00fce6876826e255108c6bd",2026-08-19 18:20:04.164,2026-08-19 18:20:04.361,2026-08-19 18:20:04.361,2026-08-19
"1047","OgpIBalSis","MOOSPMv3Parser",1787163601,5,5,0,8,8,0,0,9,9,0,1499,363,0,69,0,5,0,0,36,10,0,2,35,42,23,20,43.491,33,1,36.187481,-119.822052,37.089001,0,600,58,3,"e00fce68e739ecbcf9e91965",2026-08-19 18:20:04.255,2026-08-19 18:20:04.428,2026-08-19 18:20:04.428,2026-08-19
"1048","3leU74f9YN","MOOSPMv3Parser",1787163601,3,3,3,5,5,3,3,5,5,3,971,225,69874,41,26,2,26,26,36,10,26,0,43,42,16,20,512.44,48,1,36.13892,-120.368347,175.884003,5,600,58,3,"e00fce6850cac69f647dc199",2026-08-19 18:20:05.557,2026-08-19 18:20:05.723,2026-08-19 18:20:05.723,2026-08-19
"1049","6bA1STqJIv","MOOSPMv3Parser",1787164200,5,5,3,7,7,3,3,8,8,3,1588,295,26467,47,24,3,24,24,34,15,24,0,33,38,24,24,53.353,36,1,36.503124,-120.325409,67.914001,7,600,58,3,"e00fce68e77e43df92405fdb",2026-08-19 18:30:02.759,2026-08-19 18:30:02.966,2026-08-19 18:30:02.966,2026-08-19
"1050","TGajZ5ib1H","MOOSPMv3Parser",1787164201,9,9,7,13,13,7,7,14,14,7,2440,520,140443,82,55,6,55,55,36,20,55,0,35,42,30,25,49.625,78,1,36.762691,-119.79879,71.375999,10,600,58,3,"e00fce68e88237db75a60608",2026-08-19 18:30:02.953,2026-08-19 18:30:03.134,2026-08-19 18:30:03.134,2026-08-19
"1051","TJQw7HMekA","MOOSPMv3Parser",1787164200,7,7,4,10,10,5,5,11,11,5,1550,412,91641,69,34,3,34,34,34,22,34,0,34,39,34,29,36.543,59,1,35.949635,-119.04995,117.293999,7,600,58,3,"e00fce6808784ceaf209f949",2026-08-19 18:30:02.802,2026-08-19 18:30:03.154,2026-08-19 18:30:03.154,2026-08-19
"1052","h46tnpalbJ","MOOSPMv3Parser",1787164200,0,0,3,1,1,3,3,1,1,3,312,212,64053,33,25,3,25,25,38,20,25,0,35,43,24,20,32.276,29,1,36.138947,-120.368378,171.942001,7,600,58,3,"e00fce68d6b773b56ce8baa0",2026-08-19 18:30:02.858,2026-08-19 18:30:03.305,2026-08-19 18:30:03.305,2026-08-19
"1053","pTE5249uMV","MOOSPMv3Parser",1787164200,3,3,3,5,5,4,4,5,5,4,895,242,90639,38,27,2,27,27,37,9,27,0,37,43,19,17,50.278,24,3277,2.5e-05,-0.004246,1378.108032,7,600,58,3,"e00fce68e28dcbc9a589be10",2026-08-19 18:30:03.392,2026-08-19 18:30:03.579,2026-08-19 18:30:03.579,2026-08-19
"1054","rmf5SoWlrZ","MOOSPMv3Parser",1787164200,11,11,7,14,14,7,7,15,15,7,2121,577,144895,81,52,3,52,52,33,29,52,0,34,38,33,30,38.95,77,3,36.523323,-119.27887,89.058998,8,600,58,3,"e00fce68f12da1a0c5de6248",2026-08-19 18:30:03.811,2026-08-19 18:30:03.956,2026-08-19 18:30:03.956,2026-08-19
"1055","jJyq62mfog","MOOSPMv3Parser",1787164201,0,0,2,0,0,2,2,1,1,2,286,181,15511,25,13,1,13,13,36,22,13,0,37,42,22,19,45.898,44,1,36.138893,-120.368408,185.212997,9,600,58,3,"e00fce686dc2ef0a68fa40b0",2026-08-19 18:30:03.784,2026-08-19 18:30:03.97,2026-08-19 18:30:03.97,2026-08-19
"1056","1I64k59L6m","MOOSPMv3Parser",1787164201,4,4,5,7,7,5,5,8,8,5,897,279,45041,50,36,5,36,36,0,0,36,0,34,37,25,26,27.531,96,8,36.433613,-119.923332,22.226999,6,600,58,3,"e00fce6876826e255108c6bd",2026-08-19 18:30:04.091,2026-08-19 18:30:04.313,2026-08-19 18:30:04.313,2026-08-19
"1057","JucQG0eSnX","MOOSPMv3Parser",1787164201,5,5,0,8,8,0,0,9,9,0,1465,362,0,71,0,4,0,0,36,10,0,2,36,42,23,20,43.445,46,1,36.187447,-119.822083,29.313999,9,600,58,3,"e00fce68e739ecbcf9e91965",2026-08-19 18:30:04.416,2026-08-19 18:30:04.568,2026-08-19 18:30:04.568,2026-08-19
"1058","omjM1fRuAN","MOOSPMv3Parser",1787164201,3,3,3,5,5,3,3,5,5,3,993,226,69895,40,25,2,25,25,37,10,25,0,43,42,16,20,512.444,65,1,36.138973,-120.368393,172.401993,6,600,58,3,"e00fce6850cac69f647dc199",2026-08-19 18:30:05.939,2026-08-19 18:30:06.122,2026-08-19 18:30:06.122,2026-08-19
"1059","Hh3T6uzaO6","MOOSPMv3Parser",1787164800,7,7,4,10,10,4,4,10,10,4,1482,394,91669,61,32,4,33,33,34,20,33,0,34,39,32,28,37.169,53,1,35.949535,-119.049988,118.483002,5,600,58,3,"e00fce6808784ceaf209f949",2026-08-19 18:40:02.834,2026-08-19 18:40:03.021,2026-08-19 18:40:03.021,2026-08-19
"1060","lUa9U6u9ti","MOOSPMv3Parser",1787164801,9,9,7,13,13,7,7,13,13,7,2548,512,140488,84,51,5,51,51,36,19,51,0,35,42,29,24,50.338,78,1,36.762703,-119.798729,53.912998,9,600,58,3,"e00fce68e88237db75a60608",2026-08-19 18:40:03.097,2026-08-19 18:40:03.282,2026-08-19 18:40:03.282,2026-08-19
"1061","MVjJxWOwTK","MOOSPMv3Parser",1787164800,3,3,4,5,5,4,4,5,5,4,840,232,90664,38,29,3,29,29,37,9,29,0,38,44,19,17,49.254,26,3277,2.5e-05,-0.004246,1378.108032,7,600,58,3,"e00fce68e28dcbc9a589be10",2026-08-19 18:40:03.55,2026-08-19 18:40:03.753,2026-08-19 18:40:03.753,2026-08-19
"1062","L5R0UjLtDS","MOOSPMv3Parser",1787164800,10,10,6,14,14,7,7,15,15,7,2054,560,144937,78,49,3,49,49,34,29,49,0,34,39,35,31,39.104,75,3,36.523323,-119.27887,89.061996,0,600,58,3,"e00fce68f12da1a0c5de6248",2026-08-19 18:40:03.557,2026-08-19 18:40:03.765,2026-08-19 18:40:03.765,2026-08-19
"1063","n5CLZPPSPU","MOOSPMv3Parser",1787164800,5,5,3,7,7,3,3,8,8,3,1607,294,26488,47,24,3,24,24,34,16,24,0,35,38,25,26,53.627,40,1,36.503124,-120.325409,67.916,0,600,58,3,"e00fce68e77e43df92405fdb",2026-08-19 18:40:03.671,2026-08-19 18:40:03.822,2026-08-19 18:40:03.822,2026-08-19
"1064","t1XXx2FMt7","MOOSPMv3Parser",1787164801,4,4,4,7,7,4,4,7,7,4,868,268,45068,47,32,4,32,32,1,0,32,0,35,37,23,24,27.969,96,8,36.43359,-119.923393,21.896,6,600,58,3,"e00fce6876826e255108c6bd",2026-08-19 18:40:04.132,2026-08-19 18:40:04.309,2026-08-19 18:40:04.309,2026-08-19
"1065","fJedtvNQ3x","MOOSPMv3Parser",1787164801,0,0,2,0,0,2,2,0,0,2,279,176,15523,24,14,1,15,15,36,22,15,0,37,42,22,19,47.254,44,1,36.138969,-120.36834,184.606995,8,600,58,3,"e00fce686dc2ef0a68fa40b0",2026-08-19 18:40:04.169,2026-08-19 18:40:04.407,2026-08-19 18:40:04.407,2026-08-19
"1066","OAhuhsLQiv","MOOSPMv3Parser",1787164801,6,6,0,9,9,0,0,10,10,0,1534,378,0,72,0,6,0,0,36,10,0,2,36,43,24,20,44.244,42,1,36.187588,-119.822166,15.622,12,600,58,3,"e00fce68e739ecbcf9e91965",2026-08-19 18:40:04.242,2026-08-19 18:40:04.437,2026-08-19 18:40:04.437,2026-08-19
"1067","AwHq7d0wVq","MOOSPMv3Parser",1787164801,3,3,3,5,5,3,3,5,5,3,1016,231,69917,38,25,2,25,25,37,9,25,0,43,42,16,19,512.394,69,1,36.13903,-120.368439,176.917999,10,600,58,3,"e00fce6850cac69f647dc199",2026-08-19 18:40:04.904,2026-08-19 18:40:05.065,2026-08-19 18:40:05.065,2026-08-19
"1068","nadKaCEQ94","MOOSPMv3Parser",1787164800,0,0,3,1,1,3,3,1,1,3,309,213,64074,35,25,3,25,25,38,20,25,0,35,43,24,19,33.023,31,1,36.138947,-120.368378,171.938995,0,600,58,3,"e00fce68d6b773b56ce8baa0",2026-08-19 18:40:07.113,2026-08-19 18:40:07.309,2026-08-19 18:40:07.309,2026-08-19
"1069","qSIfrJ5ErB","MOOSPMv3Parser",1787165400,6,6,4,9,9,4,4,10,10,4,1411,377,91696,60,30,3,31,31,34,17,31,0,35,40,29,25,37.545,48,1,35.949535,-119.049988,118.480003,0,600,58,3,"e00fce6808784ceaf209f949",2026-08-19 18:50:02.756,2026-08-19 18:50:02.962,2026-08-19 18:50:02.962,2026-08-19
"1070","sqcRzVf6gy","MOOSPMv3Parser",1787165400,5,5,3,7,7,3,3,7,7,3,1562,279,26511,45,26,2,26,26,34,15,26,0,35,39,23,24,51.432,83,1,36.503136,-120.325325,35.740002,8,600,58,3,"e00fce68e77e43df92405fdb",2026-08-19 18:50:02.748,2026-08-19 18:50:02.993,2026-08-19 18:50:02.993,2026-08-19
"1071","j10HYek3Jm","MOOSPMv3Parser",1787165400,0,0,3,1,1,3,3,1,1,3,308,211,64095,33,25,2,25,25,38,20,25,0,35,43,24,20,33.31,28,1,36.138908,-120.368416,167.274002,8,600,58,3,"e00fce68d6b773b56ce8baa0",2026-08-19 18:50:02.842,2026-08-19 18:50:03.049,2026-08-19 18:50:03.049,2026-08-19
"1072","mES5CNjfaj","MOOSPMv3Parser",1787165401,8,8,6,12,12,7,7,13,13,7,2537,497,140531,80,50,6,50,50,36,18,50,0,36,42,28,24,52.807,59,1,36.762718,-119.798843,54.362999,9,600,58,3,"e00fce68e88237db75a60608",2026-08-19 18:50:03.19,2026-08-19 18:50:03.369,2026-08-19 18:50:03.369,2026-08-19
"1073","Bv9HK9C3D0","MOOSPMv3Parser",1787165400,3,3,3,5,5,4,4,5,5,4,860,233,90687,42,27,2,27,27,37,8,27,1,38,44,18,16,48.092,38,3277,2.5e-05,-0.004246,1378.108032,7,600,58,3,"e00fce68e28dcbc9a589be10",2026-08-19 18:50:03.263,2026-08-19 18:50:03.461,2026-08-19 18:50:03.461,2026-08-19
"1074","DdUsdEXJJk","MOOSPMv3Parser",1787165400,10,10,6,13,13,6,6,14,14,6,1990,547,144977,75,46,3,47,47,34,27,47,0,35,39,32,29,40.93,70,3,36.523346,-119.278702,79.391998,8,600,58,3,"e00fce68f12da1a0c5de6248",2026-08-19 18:50:03.54,2026-08-19 18:50:03.701,2026-08-19 18:50:03.701,2026-08-19
"1075","SBFnwCm97D","MOOSPMv3Parser",1787165401,4,4,4,6,6,4,4,8,8,4,838,256,45096,47,31,5,31,31,0,0,31,0,35,38,23,24,29.185,96,8,36.433628,-119.923363,39.256001,6,600,58,3,"e00fce6876826e255108c6bd",2026-08-19 18:50:04.045,2026-08-19 18:50:04.206,2026-08-19 18:50:04.206,2026-08-19
"1076","JMGBjh4irF","MOOSPMv3Parser",1787165401,5,5,0,8,8,0,0,9,9,0,1433,345,0,68,0,7,0,0,37,9,0,2,36,43,21,19,46.18,39,1,36.187435,-119.822044,26.190001,9,600,58,3,"e00fce68e739ecbcf9e91965",2026-08-19 18:50:04.243,2026-08-19 18:50:04.459,2026-08-19 18:50:04.459,2026-08-19
"1077","GtDVQbdAWK","MOOSPMv3Parser",1787165401,0,0,2,0,0,2,2,0,0,2,293,183,15535,25,14,1,14,14,36,22,14,0,37,42,22,20,47.197,41,1,36.139019,-120.368347,182.653,11,600,58,3,"e00fce686dc2ef0a68fa40b0",2026-08-19 18:50:08.993,2026-08-19 18:50:09.209,2026-08-19 18:50:09.209,2026-08-19
"1078","TJ0kgVnfQu","MOOSPMv3Parser",1787165401,2,2,3,4,4,3,3,4,4,3,966,214,69939,37,25,2,25,25,37,10,25,0,43,42,17,20,512.453,67,1,36.138973,-120.368401,176.653,7,600,58,3,"e00fce6850cac69f647dc199",2026-08-19 18:50:19.149,2026-08-19 18:50:19.32,2026-08-19 18:50:19.32,2026-08-19
"1079","Z56KUqvkcr","MOOSPMv3Parser",1787166000,0,0,3,1,1,3,3,1,1,3,306,208,64115,31,24,3,24,24,38,19,24,0,35,43,24,19,33.774,29,1,36.138824,-120.368332,175.606003,7,600,58,3,"e00fce68d6b773b56ce8baa0",2026-08-19 19:00:02.423,2026-08-19 19:00:02.971,2026-08-19 19:00:02.971,2026-08-19
"1080","8qqTyygF6H","MOOSPMv3Parser",1787166000,6,6,4,9,9,4,4,10,10,4,1401,375,91722,58,30,4,30,30,34,17,30,0,34,40,30,26,38.854,44,1,35.949585,-119.04995,113.540001,5,600,58,3,"e00fce6808784ceaf209f949",2026-08-19 19:00:02.771,2026-08-19 19:00:03.117,2026-08-19 19:00:03.117,2026-08-19
"1081","uxNMYMzEoH","MOOSPMv3Parser",1787166000,5,5,3,7,7,3,3,7,7,3,1569,279,26531,48,23,3,23,23,34,15,23,0,35,39,25,24,52.612,55,1,36.50317,-120.325371,49.039001,8,600,58,3,"e00fce68e77e43df92405fdb",2026-08-19 19:00:02.62,2026-08-19 19:00:03.14,2026-08-19 19:00:03.14,2026-08-19
"1082","rZaMINgOEU","MOOSPMv3Parser",1787166001,8,8,6,12,12,6,6,13,13,6,2517,500,140573,77,48,5,48,48,36,18,48,0,36,42,27,24,54.39,51,1,36.762691,-119.798737,59.886002,10,600,58,3,"e00fce68e88237db75a60608",2026-08-19 19:00:03.183,2026-08-19 19:00:03.584,2026-08-19 19:00:03.584,2026-08-19
"1083","Fp6q7KE3Wh","MOOSPMv3Parser",1787166000,10,10,6,13,13,7,7,14,14,7,2092,573,145020,81,49,3,49,49,34,27,49,0,35,40,33,30,41.441,77,2,36.523335,-119.278862,87.942001,7,600,58,3,"e00fce68f12da1a0c5de6248",2026-08-19 19:00:03.54,2026-08-19 19:00:03.779,2026-08-19 19:00:03.779,2026-08-19
"1084","5ZPCwDZoHB","MOOSPMv3Parser",1787166000,2,2,3,4,4,3,3,4,4,3,752,206,90708,37,24,1,24,24,38,8,24,0,38,44,17,15,49.427,35,3277,2.5e-05,-0.004246,1378.108032,7,600,58,3,"e00fce68e28dcbc9a589be10",2026-08-19 19:00:03.327,2026-08-19 19:00:03.814,2026-08-19 19:00:03.814,2026-08-19
"1085","mcbuiANAri","MOOSPMv3Parser",1787166001,3,3,4,5,5,4,4,6,6,4,742,228,45122,38,30,2,30,30,0,0,30,0,36,39,23,24,29.49,96,8,36.433582,-119.923325,44.360001,9,600,58,3,"e00fce6876826e255108c6bd",2026-08-19 19:00:03.963,2026-08-19 19:00:04.171,2026-08-19 19:00:04.171,2026-08-19
"1086","9SUKTB7T1Y","MOOSPMv3Parser",1787166001,5,5,0,8,8,0,0,8,8,0,1437,343,0,64,0,3,0,0,37,8,0,2,37,43,21,19,46.541,31,1,36.187527,-119.821999,34.084,6,600,58,3,"e00fce68e739ecbcf9e91965",2026-08-19 19:00:04.397,2026-08-19 19:00:04.604,2026-08-19 19:00:04.604,2026-08-19
"1087","rdQj86CRMb","MOOSPMv3Parser",1787166001,3,3,3,4,4,3,3,5,5,3,962,216,69960,37,24,2,24,24,37,8,24,0,43,43,15,19,512.361,69,1,36.138905,-120.368286,189.082001,8,600,58,3,"e00fce6850cac69f647dc199",2026-08-19 19:00:05.604,2026-08-19 19:00:05.776,2026-08-19 19:00:05.776,2026-08-19
"1088","NE29zoPgAW","MOOSPMv3Parser",1787166001,0,0,2,0,0,2,2,0,0,2,289,182,15546,25,14,1,14,14,37,21,14,0,38,42,20,18,48.333,42,1,36.139015,-120.368408,172.828003,10,600,58,3,"e00fce686dc2ef0a68fa40b0",2026-08-19 19:00:06.369,2026-08-19 19:00:06.565,2026-08-19 19:00:06.565,2026-08-19
"1089","qEc2DdpjEf","MOOSPMv3Parser",1787166600,5,5,3,7,7,3,3,7,7,3,1583,280,26550,43,22,3,22,22,-10,-10,22,0,36,39,23,23,51.862,57,1,36.503113,-120.325363,49.570999,7,600,58,3,"e00fce68e77e43df92405fdb",2026-08-19 19:10:02.436,2026-08-19 19:10:02.738,2026-08-19 19:10:02.738,2026-08-19
"1090","xPwc0qNkmI","MOOSPMv3Parser",1787166600,6,6,4,9,9,4,4,9,9,5,1382,361,91749,60,32,3,32,32,34,16,32,0,35,40,29,25,38.948,34,1,35.949535,-119.049896,129.197006,5,600,58,3,"e00fce6808784ceaf209f949",2026-08-19 19:10:02.911,2026-08-19 19:10:03.177,2026-08-19 19:10:03.177,2026-08-19
"1091","A0XFiqCoug","MOOSPMv3Parser",1787166601,8,8,6,12,12,6,6,12,12,6,2565,490,140613,75,47,5,47,47,36,17,47,0,36,41,26,24,55.345,40,1,36.762657,-119.798759,56.419998,7,600,58,3,"e00fce68e88237db75a60608",2026-08-19 19:10:03.101,2026-08-19 19:10:03.305,2026-08-19 19:10:03.305,2026-08-19
"1092","9K8uCniq9H","MOOSPMv3Parser",1787166600,0,0,3,1,1,3,3,1,1,3,314,212,64134,33,23,3,23,23,39,20,23,0,35,44,24,19,34.164,25,1,36.139065,-120.36834,177.722,8,600,58,3,"e00fce68d6b773b56ce8baa0",2026-08-19 19:10:03.33,2026-08-19 19:10:03.511,2026-08-19 19:10:03.511,2026-08-19
"1093","tlUrg1ZYJJ","MOOSPMv3Parser",1787166600,3,3,3,4,4,4,4,5,5,4,795,219,90730,38,26,2,26,26,38,7,26,0,39,45,16,15,47.578,47,3277,2.5e-05,-0.004246,1378.108032,7,600,58,3,"e00fce68e28dcbc9a589be10",2026-08-19 19:10:03.366,2026-08-19 19:10:03.561,2026-08-19 19:10:03.561,2026-08-19
"1094","1CErhAGiTY","MOOSPMv3Parser",1787166600,10,10,7,14,14,7,7,14,14,7,2128,581,145066,82,52,4,52,52,35,26,52,0,36,40,32,28,40.874,96,2,36.52351,-119.278732,96.793999,7,600,58,3,"e00fce68f12da1a0c5de6248",2026-08-19 19:10:03.707,2026-08-19 19:10:03.875,2026-08-19 19:10:03.875,2026-08-19
"1095","56wJCDlSyX","MOOSPMv3Parser",1787166601,0,0,2,0,0,2,2,0,0,2,293,184,15558,25,13,1,14,14,37,21,14,0,38,42,20,19,48.556,38,1,36.139027,-120.368393,167.792999,10,600,58,3,"e00fce686dc2ef0a68fa40b0",2026-08-19 19:10:03.867,2026-08-19 19:10:04.071,2026-08-19 19:10:04.071,2026-08-19
"1096","2RLX4JK9h3","MOOSPMv3Parser",1787166601,3,3,4,5,5,4,4,6,6,4,756,231,45147,42,29,2,29,29,0,0,29,0,36,39,23,23,29.308,96,7,36.433723,-119.923332,22.318001,9,600,58,3,"e00fce6876826e255108c6bd",2026-08-19 19:10:04.035,2026-08-19 19:10:04.2,2026-08-19 19:10:04.2,2026-08-19
"1097","x69k2x97Dy","MOOSPMv3Parser",1787166601,5,5,0,8,8,0,0,8,8,0,1466,353,0,64,0,5,0,0,37,8,0,2,37,44,21,19,47.169,33,1,36.187553,-119.822021,20.747,9,600,58,3,"e00fce68e739ecbcf9e91965",2026-08-19 19:10:04.472,2026-08-19 19:10:04.626,2026-08-19 19:10:04.626,2026-08-19
"1098","HB3nvvVWy9","MOOSPMv3Parser",1787166601,3,3,3,5,5,3,3,5,5,3,993,222,69979,38,22,2,22,22,37,9,22,0,43,43,16,19,512.354,62,1,36.139072,-120.368401,151.309998,8,600,58,3,"e00fce6850cac69f647dc199",2026-08-19 19:10:06.687,2026-08-19 19:10:06.862,2026-08-19 19:10:06.862,2026-08-19
"1099","2UfulGZ14H","MOOSPMv3Parser",1787167200,5,5,3,7,7,3,3,7,7,3,1573,275,26570,42,22,2,22,23,35,14,23,0,36,40,23,23,52.423,64,1,36.503166,-120.325401,57.283001,7,600,58,3,"e00fce68e77e43df92405fdb",2026-08-19 19:20:02.51,2026-08-19 19:20:02.873,2026-08-19 19:20:02.873,2026-08-19
"1100","C0j3dQ0y0A","MOOSPMv3Parser",1787167200,0,0,3,1,1,3,3,1,1,3,325,220,64154,36,23,3,23,23,39,19,23,0,35,44,24,19,34.239,31,1,36.138996,-120.368355,170.617996,8,600,58,3,"e00fce68d6b773b56ce8baa0",2026-08-19 19:20:02.854,2026-08-19 19:20:03.101,2026-08-19 19:20:03.101,2026-08-19
"1101","dJgHHPBWwf","MOOSPMv3Parser",1787167200,5,5,3,7,7,3,3,7,7,3,1160,301,91771,43,25,2,25,25,35,15,25,0,35,40,27,24,39.38,27,1,35.949524,-119.049927,132.332001,8,600,58,3,"e00fce6808784ceaf209f949",2026-08-19 19:20:02.977,2026-08-19 19:20:03.198,2026-08-19 19:20:03.198,2026-08-19
"1102","bFHNXZMPWY","MOOSPMv3Parser",1787167201,7,7,5,10,10,6,6,11,11,6,2317,444,140650,67,42,4,42,42,36,16,42,0,36,41,25,23,55.725,30,1,36.762714,-119.798782,62.028999,7,600,58,3,"e00fce68e88237db75a60608",2026-08-19 19:20:03.182,2026-08-19 19:20:03.4,2026-08-19 19:20:03.4,2026-08-19
"1103","1VnT41CSZm","MOOSPMv3Parser",1787167200,2,2,3,4,4,3,3,4,4,3,725,198,90748,33,21,1,21,21,38,6,21,0,39,45,15,14,48.697,53,3277,2.5e-05,-0.004246,1378.108032,7,600,58,3,"e00fce68e28dcbc9a589be10",2026-08-19 19:20:03.323,2026-08-19 19:20:03.498,2026-08-19 19:20:03.498,2026-08-19
"1104","MbhvPCotxn","MOOSPMv3Parser",1787167200,9,9,6,12,12,7,7,13,13,7,1957,532,145108,73,49,4,49,49,35,24,49,0,36,41,33,28,42.222,81,2,36.523304,-119.278816,74.383003,5,600,58,3,"e00fce68f12da1a0c5de6248",2026-08-19 19:20:03.551,2026-08-19 19:20:03.76,2026-08-19 19:20:03.76,2026-08-19
"1105","JFcDeypMbG","MOOSPMv3Parser",1787167201,3,3,4,5,5,4,4,6,6,4,726,223,45174,43,30,3,30,30,0,0,30,0,36,40,22,22,29.33,96,6,36.433567,-119.923363,22.974001,9,600,58,3,"e00fce6876826e255108c6bd",2026-08-19 19:20:04.15,2026-08-19 19:20:04.293,2026-08-19 19:20:04.293,2026-08-19
"1106","s5kexcB2hv","MOOSPMv3Parser",1787167201,5,5,0,8,8,0,0,8,8,0,1443,338,0,66,0,5,0,0,38,7,0,2,38,44,20,18,47.879,34,1,36.187534,-119.822075,15.545,9,600,58,3,"e00fce68e739ecbcf9e91965",2026-08-19 19:20:04.166,2026-08-19 19:20:04.373,2026-08-19 19:20:04.373,2026-08-19
"1107","AdcPY5uNBS","MOOSPMv3Parser",1787167201,0,0,2,0,0,2,2,0,0,2,292,186,15568,25,13,1,13,13,37,21,13,0,38,43,20,19,47.8,53,1,36.139061,-120.368401,178.171997,10,600,58,3,"e00fce686dc2ef0a68fa40b0",2026-08-19 19:20:04.245,2026-08-19 19:20:04.465,2026-08-19 19:20:04.465,2026-08-19
"1108","3P3lnPTHm2","MOOSPMv3Parser",1787167201,3,3,3,5,5,3,3,5,5,3,1011,221,70000,37,25,2,25,25,38,9,25,0,43,43,16,19,512.37,83,1,36.13905,-120.368279,209.106003,6,600,58,3,"e00fce6850cac69f647dc199",2026-08-19 19:20:21.087,2026-08-19 19:20:21.288,2026-08-19 19:20:21.288,2026-08-19
"1109","J3J50rGkN4","MOOSPMv3Parser",1787167800,5,5,4,7,7,4,4,8,8,4,1660,294,26593,45,28,4,28,28,35,14,28,0,37,40,23,23,50.643,82,1,36.503269,-120.32534,61.355,6,600,58,3,"e00fce68e77e43df92405fdb",2026-08-19 19:30:02.662,2026-08-19 19:30:02.831,2026-08-19 19:30:02.831,2026-08-19
"1110","Mt4fTSARqf","MOOSPMv3Parser",1787167800,0,0,3,1,1,3,3,1,1,3,309,209,64173,32,23,2,23,23,39,19,23,0,35,44,24,19,34.693,33,1,36.13905,-120.36837,160.065994,9,600,58,3,"e00fce68d6b773b56ce8baa0",2026-08-19 19:30:02.706,2026-08-19 19:30:02.965,2026-08-19 19:30:02.965,2026-08-19
"1111","Q1mmojNB1D","MOOSPMv3Parser",1787167801,7,7,6,10,10,6,6,11,11,6,2350,444,140688,65,43,4,43,43,36,16,43,0,37,42,25,23,57.11,27,1,36.762772,-119.798813,64.630997,8,600,58,3,"e00fce68e88237db75a60608",2026-08-19 19:30:03.029,2026-08-19 19:30:03.231,2026-08-19 19:30:03.231,2026-08-19
"1112","54y6WCkZNv","MOOSPMv3Parser",1787167800,5,5,4,8,8,5,5,9,9,5,1239,330,91797,58,30,4,31,31,35,15,31,0,35,40,29,25,39.088,29,1,35.949554,-119.049911,125.568001,7,600,58,3,"e00fce6808784ceaf209f949",2026-08-19 19:30:03.015,2026-08-19 19:30:03.271,2026-08-19 19:30:03.271,2026-08-19
"1113","CpubImJAHq","MOOSPMv3Parser",1787167801,0,0,2,0,0,2,2,0,0,2,282,178,15579,24,13,1,13,13,38,21,13,0,39,43,20,18,50.015,49,1,36.139214,-120.368416,170.214005,8,600,58,3,"e00fce686dc2ef0a68fa40b0",2026-08-19 19:30:03.149,2026-08-19 19:30:03.346,2026-08-19 19:30:03.346,2026-08-19
"1114","oHCZT4Gl70","MOOSPMv3Parser",1787167800,2,2,2,3,3,2,2,3,3,2,650,177,90763,30,17,1,17,17,39,7,17,0,40,46,16,14,49.048,50,3277,2.5e-05,-0.004246,1378.108032,7,600,58,3,"e00fce68e28dcbc9a589be10",2026-08-19 19:30:03.272,2026-08-19 19:30:03.476,2026-08-19 19:30:03.476,2026-08-19
"1115","hYykOVq5By","MOOSPMv3Parser",1787167801,5,5,0,8,8,0,0,8,8,0,1461,341,0,65,0,6,0,0,38,7,0,2,38,44,20,18,47.502,45,1,36.187489,-119.822105,4.399,9,600,58,3,"e00fce68e739ecbcf9e91965",2026-08-19 19:30:04.099,2026-08-19 19:30:04.317,2026-08-19 19:30:04.317,2026-08-19
"1116","uvXcjNw34v","MOOSPMv3Parser",1787167801,3,3,3,5,5,3,3,6,6,3,708,215,45196,39,26,3,26,26,0,0,26,0,37,40,21,21,30.334,96,6,36.433594,-119.923347,32.233002,9,600,58,3,"e00fce6876826e255108c6bd",2026-08-19 19:30:04.605,2026-08-19 19:30:04.748,2026-08-19 19:30:04.748,2026-08-19
"1117","PrCsgPXw6D","MOOSPMv3Parser",1787167801,3,3,3,4,4,3,3,5,5,3,972,217,70021,37,24,2,24,24,38,9,24,0,43,43,16,19,512.299,77,1,36.138992,-120.368393,162.412994,8,600,58,3,"e00fce6850cac69f647dc199",2026-08-19 19:30:05.727,2026-08-19 19:30:05.878,2026-08-19 19:30:05.878,2026-08-19
"1118","A3wlwkf5ZF","MOOSPMv3Parser",1787167800,8,8,5,11,11,5,5,12,12,5,1782,480,145144,70,40,4,41,41,36,24,41,0,36,41,33,28,41.326,82,2,36.523335,-119.278839,74.482002,9,600,58,3,"e00fce68f12da1a0c5de6248",2026-08-19 19:30:09.102,2026-08-19 19:30:09.297,2026-08-19 19:30:09.297,2026-08-19
"1119","IovDozWQmD","MOOSPMv3Parser",1787168400,0,0,3,1,1,3,3,1,1,3,317,218,64193,33,23,3,23,23,39,19,23,0,35,44,24,18,34.254,36,1,36.139019,-120.368347,168.350006,8,600,58,3,"e00fce68d6b773b56ce8baa0",2026-08-19 19:40:02.814,2026-08-19 19:40:03.015,2026-08-19 19:40:03.015,2026-08-19
"1120","do96oVxLPS","MOOSPMv3Parser",1787168400,6,6,4,8,8,5,5,9,9,5,1295,343,91823,56,30,3,31,31,35,14,31,0,36,41,27,24,39.051,41,1,35.949577,-119.04998,105.442001,9,600,58,3,"e00fce6808784ceaf209f949",2026-08-19 19:40:02.815,2026-08-19 19:40:03.018,2026-08-19 19:40:03.018,2026-08-19
"1121","IGGaH1Z6ix","MOOSPMv3Parser",1787168401,7,7,5,10,10,6,6,11,11,6,2346,447,140725,65,42,4,42,42,36,16,42,0,38,42,25,23,58.196,29,1,36.762791,-119.798759,69.348999,9,600,58,3,"e00fce68e88237db75a60608",2026-08-19 19:40:03.015,2026-08-19 19:40:03.198,2026-08-19 19:40:03.198,2026-08-19
"1122","2SEYNlSXz3","MOOSPMv3Parser",1787168400,2,2,2,3,3,3,3,3,3,3,667,181,90780,27,19,2,19,19,39,5,19,0,40,46,13,12,49.627,63,3277,2.5e-05,-0.004246,1378.108032,7,600,58,3,"e00fce68e28dcbc9a589be10",2026-08-19 19:40:03.438,2026-08-19 19:40:03.629,2026-08-19 19:40:03.629,2026-08-19
"1123","062jGRdfqq","MOOSPMv3Parser",1787168401,0,0,2,0,0,2,2,0,0,2,289,184,15591,25,14,1,14,14,38,20,14,0,39,43,19,18,48.197,56,1,36.139008,-120.36837,168.337997,10,600,58,3,"e00fce686dc2ef0a68fa40b0",2026-08-19 19:40:03.548,2026-08-19 19:40:03.715,2026-08-19 19:40:03.715,2026-08-19
"1124","HUu8y2za59","MOOSPMv3Parser",1787168400,7,7,5,10,10,6,6,11,11,6,1721,456,145181,63,42,3,43,43,36,23,43,0,36,42,31,27,41.536,79,2,36.523502,-119.278786,81.973,7,600,58,3,"e00fce68f12da1a0c5de6248",2026-08-19 19:40:03.804,2026-08-19 19:40:03.979,2026-08-19 19:40:03.979,2026-08-19
"1125","Hsnv10RUDG","MOOSPMv3Parser",1787168401,4,4,0,7,7,0,0,8,8,0,1385,309,0,61,0,5,0,0,38,6,0,2,38,45,18,17,48.068,42,1,36.187504,-119.822075,12.258,7,600,58,3,"e00fce68e739ecbcf9e91965",2026-08-19 19:40:04.101,2026-08-19 19:40:04.302,2026-08-19 19:40:04.302,2026-08-19
"1126","kPj5C3wEes","MOOSPMv3Parser",1787168401,3,3,4,6,6,4,4,6,6,4,759,232,45221,42,29,4,29,29,0,0,29,0,37,41,21,21,29.288,96,5,36.433594,-119.923347,32.233002,0,600,58,3,"e00fce6876826e255108c6bd",2026-08-19 19:40:04.155,2026-08-19 19:40:04.342,2026-08-19 19:40:04.342,2026-08-19
"1127","lN9CuvTOUy","MOOSPMv3Parser",1787168401,3,3,3,5,5,3,3,5,5,3,1018,224,70040,41,22,2,22,22,38,8,22,0,43,43,15,18,512.256,87,1,36.138977,-120.368332,184.824005,7,600,58,3,"e00fce6850cac69f647dc199",2026-08-19 19:40:05.447,2026-08-19 19:40:05.614,2026-08-19 19:40:05.614,2026-08-19
"1128","qq5gGMH3i7","MOOSPMv3Parser",1787168400,6,6,5,10,10,10,14,11,11,15,1942,369,26618,65,35,8,40,41,35,13,41,1,36,40,23,23,53.705,85,1,36.503136,-120.325394,59.529999,7,600,58,3,"e00fce68e77e43df92405fdb",2026-08-19 19:40:08.539,2026-08-19 19:40:08.766,2026-08-19 19:40:08.766,2026-08-19
"1129","xBxFBTleFu","MOOSPMv3Parser",1787169000,6,6,5,9,9,6,6,10,10,7,1343,355,91852,63,35,4,36,36,35,14,36,1,35,40,28,24,39.466,38,1,35.949677,-119.04995,103.682999,9,600,58,3,"e00fce6808784ceaf209f949",2026-08-19 19:50:02.816,2026-08-19 19:50:02.977,2026-08-19 19:50:02.977,2026-08-19
"1130","eg6a2NPJLO","MOOSPMv3Parser",1787169001,7,7,6,11,11,6,6,11,11,7,2367,451,140766,69,46,4,47,47,37,16,47,0,38,43,24,23,55.856,40,1,36.762791,-119.798759,69.349998,0,600,58,3,"e00fce68e88237db75a60608",2026-08-19 19:50:03.093,2026-08-19 19:50:03.289,2026-08-19 19:50:03.289,2026-08-19
"1131","jO39JtRAtq","MOOSPMv3Parser",1787169000,2,2,2,3,3,2,2,3,3,2,621,165,90795,29,18,1,18,18,40,5,18,0,40,47,14,13,50.655,71,3277,2.5e-05,-0.004246,1378.108032,7,600,58,3,"e00fce68e28dcbc9a589be10",2026-08-19 19:50:03.241,2026-08-19 19:50:03.429,2026-08-19 19:50:03.429,2026-08-19
"1132","EmiUPJrR0X","MOOSPMv3Parser",1787169000,0,0,3,1,1,3,3,1,1,3,313,212,64213,33,24,2,24,24,39,19,24,0,35,45,24,18,34.041,38,1,36.139126,-120.368378,185.270996,8,600,58,3,"e00fce68d6b773b56ce8baa0",2026-08-19 19:50:03.286,2026-08-19 19:50:03.47,2026-08-19 19:50:03.47,2026-08-19
"1133","nuMYAOG2Ih","MOOSPMv3Parser",1787169000,7,7,5,11,11,6,6,11,11,6,1684,458,145218,64,42,4,42,42,36,24,42,0,36,41,31,28,42.355,77,1,36.523335,-119.278778,79.269997,7,600,58,3,"e00fce68f12da1a0c5de6248",2026-08-19 19:50:03.723,2026-08-19 19:50:03.871,2026-08-19 19:50:03.871,2026-08-19
"1134","IAVwUqor3g","MOOSPMv3Parser",1787169001,0,0,2,0,0,2,2,0,0,2,285,181,15602,23,13,1,13,13,38,20,13,0,39,44,19,17,49.654,59,1,36.139,-120.368362,166.768005,10,600,58,3,"e00fce686dc2ef0a68fa40b0",2026-08-19 19:50:03.784,2026-08-19 19:50:03.94,2026-08-19 19:50:03.94,2026-08-19
"1135","y8IpbHCJhJ","MOOSPMv3Parser",1787169001,4,4,0,6,6,0,0,6,6,0,1331,289,0,51,0,4,0,0,38,6,0,2,38,45,18,17,49.549,32,1,36.187477,-119.822136,1.863,8,600,58,3,"e00fce68e739ecbcf9e91965",2026-08-19 19:50:04.169,2026-08-19 19:50:04.389,2026-08-19 19:50:04.389,2026-08-19
"1136","VZPFvB3fBk","MOOSPMv3Parser",1787169001,3,3,4,6,6,4,4,7,7,4,771,234,45246,41,28,4,28,28,0,0,28,0,38,42,19,19,29.334,96,4,36.433685,-119.923317,23.736,11,600,58,3,"e00fce6876826e255108c6bd",2026-08-19 19:50:04.304,2026-08-19 19:50:04.477,2026-08-19 19:50:04.477,2026-08-19
"1137","nCXMuzGIK8","MOOSPMv3Parser",1787169001,3,3,3,4,4,3,3,5,5,3,1013,222,70060,40,23,2,23,23,38,8,23,0,44,44,15,18,512.381,91,1,36.139046,-120.368362,183.826996,7,600,58,3,"e00fce6850cac69f647dc199",2026-08-19 19:50:05.998,2026-08-19 19:50:06.19,2026-08-19 19:50:06.19,2026-08-19
"1138","We1dxz4DJ5","MOOSPMv3Parser",1787169000,5,5,3,7,7,3,3,7,7,3,1689,291,26637,45,23,2,23,23,35,14,23,0,37,40,23,23,53.321,71,1,36.503139,-120.325417,60.542,7,600,58,3,"e00fce68e77e43df92405fdb",2026-08-19 19:50:18.045,2026-08-19 19:50:18.175,2026-08-19 19:50:18.175,2026-08-19
"1139","aYhEPhKvgF","MOOSPMv3Parser",1787169600,4,4,3,6,6,3,3,7,7,3,1672,291,26656,44,22,3,22,22,36,13,22,0,37,41,22,22,53.258,91,1,36.503132,-120.325386,55.264,7,600,58,3,"e00fce68e77e43df92405fdb",2026-08-19 20:00:02.392,2026-08-19 20:00:02.836,2026-08-19 20:00:02.836,2026-08-19
"1140","G2YvIWYt3k","MOOSPMv3Parser",1787169600,5,5,3,8,8,4,4,8,8,4,1255,329,91875,54,27,3,27,27,35,13,27,0,35,40,25,23,40.761,33,1,35.949577,-119.050018,113.843002,8,600,58,3,"e00fce6808784ceaf209f949",2026-08-19 20:00:02.782,2026-08-19 20:00:03.44,2026-08-19 20:00:03.44,2026-08-19
"1141","Pm8Tvy9Ptp","MOOSPMv3Parser",1787169600,0,0,3,1,1,3,3,1,1,3,307,209,64231,32,22,2,22,22,40,18,22,0,35,45,24,17,34.131,44,1,36.13908,-120.368378,183.929993,11,600,58,3,"e00fce68d6b773b56ce8baa0",2026-08-19 20:00:02.927,2026-08-19 20:00:03.504,2026-08-19 20:00:03.504,2026-08-19
"1142","QzF3EmMjVa","MOOSPMv3Parser",1787169601,7,7,6,11,11,7,7,12,12,7,2531,463,140805,74,46,6,46,46,37,15,46,0,39,44,24,22,55.708,51,1,36.762718,-119.798767,56.509998,11,600,58,3,"e00fce68e88237db75a60608",2026-08-19 20:00:03.351,2026-08-19 20:00:03.747,2026-08-19 20:00:03.747,2026-08-19
"1143","VHBMhMEbk4","MOOSPMv3Parser",1787169600,2,2,3,4,4,3,3,4,4,3,781,209,90815,34,23,2,23,23,40,6,23,0,40,47,14,13,51.058,78,3277,2.5e-05,-0.004246,1378.108032,7,600,58,3,"e00fce68e28dcbc9a589be10",2026-08-19 20:00:03.69,2026-08-19 20:00:04.101,2026-08-19 20:00:04.101,2026-08-19
"1144","oZRadDHMpS","MOOSPMv3Parser",1787169600,8,8,6,10,10,6,6,11,11,6,1729,462,145256,64,44,3,44,44,36,23,44,0,37,41,30,27,43.064,72,2,36.52346,-119.278687,89.125,9,600,58,3,"e00fce68f12da1a0c5de6248",2026-08-19 20:00:03.808,2026-08-19 20:00:04.117,2026-08-19 20:00:04.117,2026-08-19
"1145","3JRZ5QveRt","MOOSPMv3Parser",1787169601,4,4,0,6,6,0,0,6,6,0,1298,275,0,51,0,3,0,0,39,6,0,2,39,45,20,18,49.681,34,1,36.18755,-119.82206,20.941999,12,600,58,3,"e00fce68e739ecbcf9e91965",2026-08-19 20:00:04.253,2026-08-19 20:00:04.509,2026-08-19 20:00:04.509,2026-08-19
"1146","3ZrhuMm5Di","MOOSPMv3Parser",1787169601,2,2,3,4,4,3,3,5,5,3,612,186,45268,33,25,3,26,26,0,0,26,0,37,41,19,19,31.673,96,4,36.433628,-119.923386,13.909,7,600,58,3,"e00fce6876826e255108c6bd",2026-08-19 20:00:04.19,2026-08-19 20:00:04.526,2026-08-19 20:00:04.526,2026-08-19
"1147","KvrPHIuzmb","MOOSPMv3Parser",1787169601,0,0,2,0,0,2,2,0,0,2,288,181,15612,25,13,1,13,13,38,20,13,0,39,44,18,17,49.517,66,1,36.139088,-120.368378,178.764999,8,600,58,3,"e00fce686dc2ef0a68fa40b0",2026-08-19 20:00:04.19,2026-08-19 20:00:04.626,2026-08-19 20:00:04.626,2026-08-19
"1148","DajwCHQHck","MOOSPMv3Parser",1787169601,3,3,3,4,4,3,3,5,5,3,1025,223,70080,38,24,2,24,24,38,7,24,0,44,44,14,18,512.36,101,1,36.139046,-120.368362,183.826996,0,600,58,3,"e00fce6850cac69f647dc199",2026-08-19 20:00:05.85,2026-08-19 20:00:06.013,2026-08-19 20:00:06.013,2026-08-19
"1149","ZjUksGNNiu","MOOSPMv3Parser",1787170200,4,4,3,6,6,3,3,6,6,3,1615,276,26675,43,21,3,21,21,36,12,21,0,37,41,21,21,54.168,68,1,36.503166,-120.325424,63.722,7,600,58,3,"e00fce68e77e43df92405fdb",2026-08-19 20:10:02.667,2026-08-19 20:10:02.916,2026-08-19 20:10:02.916,2026-08-19
"1150","CkJGRIW5NP","MOOSPMv3Parser",1787170200,4,4,3,7,7,3,3,7,7,3,1105,285,91896,46,25,3,25,25,35,11,25,0,36,41,22,20,41.555,24,1,35.949615,-119.049904,121.847,9,600,58,3,"e00fce6808784ceaf209f949",2026-08-19 20:10:02.84,2026-08-19 20:10:03.048,2026-08-19 20:10:03.048,2026-08-19
"1151","ssrDAgLZBB","MOOSPMv3Parser",1787170201,6,6,6,10,10,6,7,10,10,7,2409,413,140843,65,44,6,44,44,37,14,44,0,38,43,22,21,54.043,52,1,36.762836,-119.798737,54.415001,9,600,58,3,"e00fce68e88237db75a60608",2026-08-19 20:10:03.286,2026-08-19 20:10:03.507,2026-08-19 20:10:03.507,2026-08-19
"1152","3G4NBEeBRR","MOOSPMv3Parser",1787170200,0,0,3,1,1,3,3,1,1,3,311,212,64250,34,23,3,23,23,40,18,23,0,35,45,24,18,34.3,46,1,36.139042,-120.368355,175.332001,11,600,58,3,"e00fce68d6b773b56ce8baa0",2026-08-19 20:10:03.397,2026-08-19 20:10:03.605,2026-08-19 20:10:03.605,2026-08-19
"1153","tDwhzMbt0I","MOOSPMv3Parser",1787170200,2,2,3,3,3,3,3,4,4,3,712,187,90832,30,20,2,20,20,40,6,20,0,41,47,14,13,50.577,102,3277,2.5e-05,-0.004246,1378.108032,7,600,58,3,"e00fce68e28dcbc9a589be10",2026-08-19 20:10:03.644,2026-08-19 20:10:03.773,2026-08-19 20:10:03.773,2026-08-19
"1154","N51C5GUgBq","MOOSPMv3Parser",1787170200,7,7,5,10,10,6,6,11,11,6,1708,453,145293,66,41,2,41,41,36,23,41,0,37,41,29,27,43.316,64,2,36.523502,-119.27874,108.665001,7,600,58,3,"e00fce68f12da1a0c5de6248",2026-08-19 20:10:03.82,2026-08-19 20:10:04.051,2026-08-19 20:10:04.051,2026-08-19
"1155","hUUuh4gqce","MOOSPMv3Parser",1787170201,0,0,2,0,0,2,2,0,0,2,288,180,15623,24,12,1,13,13,38,20,13,0,40,44,18,17,49.883,68,1,36.139088,-120.368378,178.761002,0,600,58,3,"e00fce686dc2ef0a68fa40b0",2026-08-19 20:10:03.952,2026-08-19 20:10:04.087,2026-08-19 20:10:04.087,2026-08-19
"1156","6rgvKneQgf","MOOSPMv3Parser",1787170201,2,2,3,4,4,3,3,5,5,3,609,185,45290,31,25,2,25,25,0,0,25,0,38,41,18,19,31.989,96,4,36.433731,-119.923409,28.74,9,600,58,3,"e00fce6876826e255108c6bd",2026-08-19 20:10:04.219,2026-08-19 20:10:04.407,2026-08-19 20:10:04.407,2026-08-19
"1157","lfyuLKJ2Ke","MOOSPMv3Parser",1787170201,4,4,0,6,6,0,0,7,7,0,1367,291,0,56,0,5,0,0,39,6,0,2,39,46,18,16,49.865,42,1,36.18755,-119.82206,20.941999,0,600,58,3,"e00fce68e739ecbcf9e91965",2026-08-19 20:10:04.416,2026-08-19 20:10:04.643,2026-08-19 20:10:04.643,2026-08-19
"1158","eMk1OMB3Og","MOOSPMv3Parser",1787170201,3,3,3,5,5,3,3,5,5,3,1059,231,70100,36,23,1,23,23,38,8,23,0,44,44,14,18,512.4,108,1,36.138996,-120.368317,181.302994,11,600,58,3,"e00fce6850cac69f647dc199",2026-08-19 20:10:05.377,2026-08-19 20:10:05.573,2026-08-19 20:10:05.573,2026-08-19
"1159","BViCm4ZFTd","MOOSPMv3Parser",1787170800,4,4,3,6,6,3,3,6,6,3,1579,274,26693,44,21,2,21,21,36,14,21,0,37,41,24,25,56.584,45,1,36.503185,-120.325401,60.662998,7,600,58,3,"e00fce68e77e43df92405fdb",2026-08-19 20:20:02.359,2026-08-19 20:20:02.673,2026-08-19 20:20:02.673,2026-08-19
"1160","x0xkIHUDbO","MOOSPMv3Parser",1787170800,4,4,3,6,6,3,3,6,6,3,947,247,91915,41,22,3,22,22,36,10,22,0,36,41,22,20,42.047,16,1,35.949604,-119.049988,111.483002,7,600,58,3,"e00fce6808784ceaf209f949",2026-08-19 20:20:02.86,2026-08-19 20:20:03.18,2026-08-19 20:20:03.18,2026-08-19
"1161","GBJSOg9i61","MOOSPMv3Parser",1787170801,6,6,5,9,9,5,6,9,9,6,2372,396,140876,57,39,4,39,39,38,14,39,0,39,44,22,21,56.228,55,1,36.762733,-119.798737,60.630001,12,600,58,3,"e00fce68e88237db75a60608",2026-08-19 20:20:03.022,2026-08-19 20:20:03.235,2026-08-19 20:20:03.235,2026-08-19
"1162","2QBFakHEHP","MOOSPMv3Parser",1787170800,0,0,3,1,1,3,3,1,1,3,314,211,64268,32,21,2,21,21,40,18,21,0,35,45,24,17,34.66,50,1,36.139091,-120.368332,183.186005,9,600,58,3,"e00fce68d6b773b56ce8baa0",2026-08-19 20:20:03.086,2026-08-19 20:20:03.271,2026-08-19 20:20:03.271,2026-08-19
"1163","lPUrsEZ7H8","MOOSPMv3Parser",1787170800,2,2,2,3,3,3,3,4,4,3,735,186,90849,30,19,2,19,19,40,5,19,0,41,48,14,13,50.549,120,3277,2.5e-05,-0.004246,1378.108032,7,600,58,3,"e00fce68e28dcbc9a589be10",2026-08-19 20:20:03.311,2026-08-19 20:20:03.498,2026-08-19 20:20:03.498,2026-08-19
"1164","641jue0Tp5","MOOSPMv3Parser",1787170801,0,0,2,0,0,2,2,0,0,2,289,177,15633,23,12,1,12,12,39,19,12,0,40,44,18,16,49.495,77,1,36.138954,-120.36837,173.158997,6,600,58,3,"e00fce686dc2ef0a68fa40b0",2026-08-19 20:20:03.515,2026-08-19 20:20:03.654,2026-08-19 20:20:03.654,2026-08-19
"1165","lHhA74rIYt","MOOSPMv3Parser",1787170800,7,7,5,10,10,5,5,10,10,5,1567,423,145327,60,39,3,40,40,36,21,40,0,37,41,28,25,42.886,56,2,36.523426,-119.278778,102.833,7,600,58,3,"e00fce68f12da1a0c5de6248",2026-08-19 20:20:03.716,2026-08-19 20:20:03.905,2026-08-19 20:20:03.905,2026-08-19
"1166","btDckTVy62","MOOSPMv3Parser",1787170801,2,2,3,4,4,4,4,5,5,4,577,173,45312,34,26,4,27,27,0,0,27,1,38,41,19,19,32.077,96,5,36.43351,-119.923424,1.585,6,600,58,3,"e00fce6876826e255108c6bd",2026-08-19 20:20:04.212,2026-08-19 20:20:04.41,2026-08-19 20:20:04.41,2026-08-19
"1167","usqVnr01Iz","MOOSPMv3Parser",1787170801,4,4,0,6,6,0,0,7,7,0,1452,304,0,56,0,4,0,0,39,5,0,2,40,45,17,16,49.958,42,1,36.187565,-119.822113,18.344,12,600,58,3,"e00fce68e739ecbcf9e91965",2026-08-19 20:20:04.238,2026-08-19 20:20:04.434,2026-08-19 20:20:04.434,2026-08-19
"1168","VEfPiMU2lN","MOOSPMv3Parser",1787170801,3,3,3,5,5,3,3,5,5,3,1052,223,70119,38,22,1,22,22,38,7,22,0,45,44,14,17,512.367,118,1,36.138969,-120.368294,179.029999,8,600,58,3,"e00fce6850cac69f647dc199",2026-08-19 20:20:05.551,2026-08-19 20:20:05.755,2026-08-19 20:20:05.755,2026-08-19
"1169","1rROPz7zGd","MOOSPMv3Parser",1787171400,3,3,3,5,5,3,3,6,6,3,1613,264,26711,37,21,2,21,21,-10,-10,21,0,38,41,20,20,53.467,68,1,36.503185,-120.325401,60.665001,0,600,58,3,"e00fce68e77e43df92405fdb",2026-08-19 20:30:02.542,2026-08-19 20:30:02.911,2026-08-19 20:30:02.911,2026-08-19
"1170","oZjXi6Ppfe","MOOSPMv3Parser",1787171400,4,4,3,6,6,3,3,6,6,3,1029,266,91936,41,24,2,24,24,36,10,24,0,37,41,23,21,42.705,19,1,35.949604,-119.049988,111.485001,0,600,58,3,"e00fce6808784ceaf209f949",2026-08-19 20:30:02.943,2026-08-19 20:30:03.253,2026-08-19 20:30:03.253,2026-08-19
"1171","zHaC77Cvhm","MOOSPMv3Parser",1787171401,6,6,5,9,9,5,5,9,9,5,2388,390,140908,57,38,4,38,38,38,12,38,0,40,44,19,19,56.273,54,1,36.762737,-119.798729,51.224998,11,600,58,3,"e00fce68e88237db75a60608",2026-08-19 20:30:03.15,2026-08-19 20:30:03.383,2026-08-19 20:30:03.383,2026-08-19
"1172","k6TsjdDSEr","MOOSPMv3Parser",1787171400,0,0,3,1,1,3,3,1,1,3,311,212,64285,33,21,2,21,21,40,18,21,0,35,46,24,17,34.2,52,1,36.139091,-120.368332,183.190002,0,600,58,3,"e00fce68d6b773b56ce8baa0",2026-08-19 20:30:03.612,2026-08-19 20:30:03.832,2026-08-19 20:30:03.832,2026-08-19
"1173","KNwlZftKLk","MOOSPMv3Parser",1787171400,2,2,2,3,3,3,3,3,3,3,690,183,90865,30,19,1,19,19,40,5,19,0,41,48,14,13,51.926,113,3277,2.5e-05,-0.004246,1378.108032,7,600,58,3,"e00fce68e28dcbc9a589be10",2026-08-19 20:30:03.708,2026-08-19 20:30:03.866,2026-08-19 20:30:03.866,2026-08-19
"1174","3aHuVtvZki","MOOSPMv3Parser",1787171400,7,7,5,10,10,5,5,10,10,5,1627,433,145360,65,38,3,38,38,36,22,38,0,37,41,28,26,45.446,44,2,36.523426,-119.278778,102.830002,0,600,58,3,"e00fce68f12da1a0c5de6248",2026-08-19 20:30:03.701,2026-08-19 20:30:03.904,2026-08-19 20:30:03.904,2026-08-19
"1175","IupBuvfRNm","MOOSPMv3Parser",1787171401,4,4,0,6,6,0,0,7,7,0,1569,307,0,57,0,3,0,0,39,5,0,2,39,46,17,16,50.553,40,1,36.18755,-119.82206,15.932,11,600,58,3,"e00fce68e739ecbcf9e91965",2026-08-19 20:30:04.245,2026-08-19 20:30:04.394,2026-08-19 20:30:04.394,2026-08-19
"1176","JDgHGYkHAN","MOOSPMv3Parser",1787171401,2,2,3,4,4,4,4,5,5,4,630,190,45336,37,27,4,28,28,0,0,28,0,38,41,19,19,32.461,96,5,36.433586,-119.923294,38.611,10,600,58,3,"e00fce6876826e255108c6bd",2026-08-19 20:30:04.338,2026-08-19 20:30:04.543,2026-08-19 20:30:04.543,2026-08-19
"1177","FqhsA0fWra","MOOSPMv3Parser",1787171401,0,0,1,0,0,2,2,0,0,2,283,177,15643,24,12,1,12,12,39,19,12,0,40,45,17,16,49.971,79,1,36.139069,-120.36837,181.007004,13,600,58,3,"e00fce686dc2ef0a68fa40b0",2026-08-19 20:30:04.53,2026-08-19 20:30:04.721,2026-08-19 20:30:04.721,2026-08-19
"1178","8nRw3fVHLU","MOOSPMv3Parser",1787171401,3,3,3,4,4,3,3,5,5,3,1047,224,70139,38,23,1,23,23,39,7,23,0,45,45,14,17,512.36,121,1,36.139015,-120.368347,170.921005,11,600,58,3,"e00fce6850cac69f647dc199",2026-08-19 20:30:06.549,2026-08-19 20:30:06.809,2026-08-19 20:30:06.809,2026-08-19
"1179","ZFewK0IV1o","MOOSPMv3Parser",1787172000,5,5,3,7,7,3,4,7,7,4,1140,297,91958,44,26,3,26,26,37,11,26,0,37,43,23,20,42.39,48,1,35.949608,-119.049934,119.612,15,600,58,3,"e00fce6808784ceaf209f949",2026-08-19 20:40:02.784,2026-08-19 20:40:02.99,2026-08-19 20:40:02.99,2026-08-19
"1180","NKD9tjvVXa","MOOSPMv3Parser",1787172000,4,4,3,5,5,3,3,6,6,3,1672,272,26730,37,22,2,22,22,36,13,22,0,38,41,20,22,54.412,54,1,36.503136,-120.325394,63.105999,7,600,58,3,"e00fce68e77e43df92405fdb",2026-08-19 20:40:02.952,2026-08-19 20:40:03.209,2026-08-19 20:40:03.209,2026-08-19
"1181","7Cm0X6ERxe","MOOSPMv3Parser",1787172000,0,0,3,0,0,3,3,1,1,3,304,204,64303,33,21,2,21,21,40,18,21,0,35,46,24,17,33.985,60,1,36.139149,-120.368324,186.563004,11,600,58,3,"e00fce68d6b773b56ce8baa0",2026-08-19 20:40:02.991,2026-08-19 20:40:03.232,2026-08-19 20:40:03.232,2026-08-19
"1182","eI1q5guMq2","MOOSPMv3Parser",1787172001,5,5,4,7,7,4,4,8,8,4,2202,346,140936,48,32,3,32,32,38,11,32,0,39,44,19,19,52.131,50,1,36.762745,-119.798759,54.030998,10,600,58,3,"e00fce68e88237db75a60608",2026-08-19 20:40:03.028,2026-08-19 20:40:03.247,2026-08-19 20:40:03.247,2026-08-19
"1183","cQ6yofctbp","MOOSPMv3Parser",1787172000,2,2,3,4,4,3,3,4,4,3,795,211,90884,34,21,2,21,21,40,5,21,0,41,48,14,13,50.813,137,3277,2.5e-05,-0.004246,1378.108032,7,600,58,3,"e00fce68e28dcbc9a589be10",2026-08-19 20:40:03.485,2026-08-19 20:40:03.685,2026-08-19 20:40:03.685,2026-08-19
"1184","zD7K8SFGfc","MOOSPMv3Parser",1787172001,2,2,3,4,4,3,4,5,5,4,612,186,45357,35,25,4,25,25,0,0,25,0,38,41,19,20,32.449,97,5,36.433624,-119.923302,39.810001,11,600,58,3,"e00fce6876826e255108c6bd",2026-08-19 20:40:04.117,2026-08-19 20:40:04.299,2026-08-19 20:40:04.299,2026-08-19
"1185","q07J41OYsB","MOOSPMv3Parser",1787172001,4,4,0,6,6,0,0,7,7,0,1480,301,0,55,0,4,0,0,40,5,0,2,40,46,18,16,51.409,35,1,36.187481,-119.822029,19.138,10,600,58,3,"e00fce68e739ecbcf9e91965",2026-08-19 20:40:04.245,2026-08-19 20:40:04.446,2026-08-19 20:40:04.446,2026-08-19
"1186","vlbgxDLEt7","MOOSPMv3Parser",1787172001,0,0,1,0,0,2,2,0,0,2,275,168,15652,22,12,1,12,12,39,19,12,0,40,45,17,16,49.099,86,1,36.13903,-120.368324,174.393005,10,600,58,3,"e00fce686dc2ef0a68fa40b0",2026-08-19 20:40:04.351,2026-08-19 20:40:04.566,2026-08-19 20:40:04.566,2026-08-19
"1187","zpA201taLO","MOOSPMv3Parser",1787172001,2,2,3,4,4,3,3,4,4,3,979,204,70156,33,20,1,20,20,39,7,20,0,45,45,13,17,512.418,135,1,36.138992,-120.368423,133.389999,7,600,58,3,"e00fce6850cac69f647dc199",2026-08-19 20:40:04.987,2026-08-19 20:40:05.176,2026-08-19 20:40:05.176,2026-08-19
"1188","OyDwUdwedh","MOOSPMv3Parser",1787172000,6,6,5,9,9,5,5,10,10,5,1557,415,145394,59,38,3,38,38,36,20,38,0,38,42,26,25,44.264,59,2,36.523361,-119.278778,70.667999,11,600,58,3,"e00fce68f12da1a0c5de6248",2026-08-19 20:40:08.783,2026-08-19 20:40:09.015,2026-08-19 20:40:09.015,2026-08-19
"1189","YPdTu0k1UF","MOOSPMv3Parser",1787172600,0,0,3,1,1,3,3,1,1,3,307,205,64320,29,20,2,20,20,40,17,20,0,35,46,24,17,34.895,65,1,36.139034,-120.368324,181.649994,8,600,58,3,"e00fce68d6b773b56ce8baa0",2026-08-19 20:50:02.682,2026-08-19 20:50:02.822,2026-08-19 20:50:02.822,2026-08-19
"1190","2XP9QaGvDZ","MOOSPMv3Parser",1787172600,4,4,3,6,6,3,3,6,6,3,1655,273,26748,41,20,2,20,20,36,14,20,0,38,41,24,24,53.58,68,1,36.503147,-120.325409,58.403999,9,600,58,3,"e00fce68e77e43df92405fdb",2026-08-19 20:50:02.709,2026-08-19 20:50:02.871,2026-08-19 20:50:02.871,2026-08-19
"1191","XGAxHFKa29","MOOSPMv3Parser",1787172600,5,5,3,7,7,3,3,8,8,3,1179,307,91980,49,25,3,25,25,37,10,25,0,38,43,22,20,42.857,44,1,35.949566,-119.049904,115.112,11,600,58,3,"e00fce6808784ceaf209f949",2026-08-19 20:50:02.842,2026-08-19 20:50:03.111,2026-08-19 20:50:03.111,2026-08-19
"1192","s82IYsSNId","MOOSPMv3Parser",1787172601,4,4,4,6,6,4,4,7,7,4,2052,310,140962,42,31,3,31,31,38,11,31,0,39,44,19,19,52.037,39,1,36.762718,-119.798714,60.337002,9,600,58,3,"e00fce68e88237db75a60608",2026-08-19 20:50:03.095,2026-08-19 20:50:03.32,2026-08-19 20:50:03.32,2026-08-19
"1193","ZOrIcZVbcO","MOOSPMv3Parser",1787172601,0,0,1,0,0,1,1,0,0,1,282,173,15661,22,11,1,11,11,39,19,11,0,40,45,17,16,49.481,89,1,36.139011,-120.368309,183.705994,12,600,58,3,"e00fce686dc2ef0a68fa40b0",2026-08-19 20:50:03.258,2026-08-19 20:50:03.457,2026-08-19 20:50:03.457,2026-08-19
"1194","Ny5V6kiHKc","MOOSPMv3Parser",1787172600,3,3,3,4,4,3,3,4,4,3,830,221,90902,34,21,1,21,21,40,6,21,0,41,48,15,14,52.044,122,3277,2.5e-05,-0.004246,1378.108032,7,600,58,3,"e00fce68e28dcbc9a589be10",2026-08-19 20:50:03.445,2026-08-19 20:50:03.636,2026-08-19 20:50:03.636,2026-08-19
"1195","aXbtSQDpg3","MOOSPMv3Parser",1787172601,4,4,0,6,6,0,0,7,7,0,1399,297,0,56,0,4,0,0,39,5,0,2,39,46,17,16,51.089,44,1,36.187561,-119.822197,20.171,7,600,58,3,"e00fce68e739ecbcf9e91965",2026-08-19 20:50:04.232,2026-08-19 20:50:04.411,2026-08-19 20:50:04.411,2026-08-19
"1196","uvtxN9lqsq","MOOSPMv3Parser",1787172601,3,3,4,5,5,4,4,6,6,4,669,200,45380,36,27,4,28,28,0,0,28,0,39,42,19,20,32.149,97,4,36.433605,-119.923317,24.094999,10,600,58,3,"e00fce6876826e255108c6bd",2026-08-19 20:50:04.365,2026-08-19 20:50:04.542,2026-08-19 20:50:04.542,2026-08-19
"1197","BNu5AGScDK","MOOSPMv3Parser",1787172601,2,2,3,4,4,3,3,4,4,3,989,206,70174,34,21,2,21,21,39,6,21,0,45,45,13,17,512.325,141,1,36.138947,-120.368355,160.695007,10,600,58,3,"e00fce6850cac69f647dc199",2026-08-19 20:50:05.453,2026-08-19 20:50:05.639,2026-08-19 20:50:05.639,2026-08-19
"1198","XPbVwBYxAl","MOOSPMv3Parser",1787173200,0,0,3,0,0,3,3,1,1,3,299,201,64336,28,20,2,20,20,41,17,20,0,35,46,24,17,34.288,66,1,36.139046,-120.368355,174.957993,7,600,58,3,"e00fce68d6b773b56ce8baa0",2026-08-19 21:00:02.771,2026-08-19 21:00:03.254,2026-08-19 21:00:03.254,2026-08-19
"1199","DiaG890IdJ","MOOSPMv3Parser",1787173201,5,5,4,8,8,4,4,8,8,4,2314,353,141224,49,31,3,31,31,38,10,31,0,40,44,18,18,54.301,37,1,36.762733,-119.79879,36.387001,8,599,58,3,"e00fce68e88237db75a60608",2026-08-19 21:00:03.1,2026-08-19 21:00:03.578,2026-08-19 21:00:03.578,2026-08-19
"1200","BZunbrYSxZ","MOOSPMv3Parser",1787173200,5,5,4,7,7,5,5,8,8,5,1126,292,92006,50,31,3,31,31,37,9,31,0,38,42,21,19,41.604,51,1,35.949562,-119.049973,116.585999,8,600,58,3,"e00fce6808784ceaf209f949",2026-08-19 21:00:03.294,2026-08-19 21:00:03.729,2026-08-19 21:00:03.729,2026-08-19
"1201","nNBVbhf9Px","MOOSPMv3Parser",1787173200,3,3,3,4,4,3,3,5,5,3,890,230,90922,36,23,2,23,23,41,6,23,0,42,48,14,14,49.695,172,3277,2.5e-05,-0.004246,1378.108032,7,600,58,3,"e00fce68e28dcbc9a589be10",2026-08-19 21:00:03.413,2026-08-19 21:00:03.762,2026-08-19 21:00:03.762,2026-08-19
"1202","Qp1brGn5gH","MOOSPMv3Parser",1787173200,7,7,5,10,10,5,5,11,11,5,1693,449,145697,59,38,3,38,38,37,20,38,0,38,42,29,26,46.822,55,2,36.523335,-119.27877,113.481003,8,599,58,3,"e00fce68f12da1a0c5de6248",2026-08-19 21:00:03.624,2026-08-19 21:00:04.098,2026-08-19 21:00:04.098,2026-08-19
"1203","Jgne4staZH","MOOSPMv3Parser",1787173201,3,3,3,5,5,3,4,6,6,4,694,210,45402,38,25,4,25,25,0,0,25,0,39,42,18,20,32.193,97,4,36.433613,-119.92337,21.830999,7,600,58,3,"e00fce6876826e255108c6bd",2026-08-19 21:00:04.301,2026-08-19 21:00:04.514,2026-08-19 21:00:04.514,2026-08-19
"1204","0ijgXicUYW","MOOSPMv3Parser",1787173201,4,4,0,6,6,0,0,6,6,0,1311,270,0,51,0,4,0,0,39,5,0,2,40,46,16,16,51.022,35,1,36.187603,-119.822075,29.143,8,600,58,3,"e00fce68e739ecbcf9e91965",2026-08-19 21:00:04.253,2026-08-19 21:00:04.535,2026-08-19 21:00:04.535,2026-08-19
"1205","c9rolm8D9g","MOOSPMv3Parser",1787173201,0,0,1,0,0,1,1,0,0,1,268,161,15670,21,11,1,11,11,39,18,11,0,40,45,17,16,48.788,87,1,36.139084,-120.368324,187.186996,10,600,58,3,"e00fce686dc2ef0a68fa40b0",2026-08-19 21:00:07.462,2026-08-19 21:00:07.683,2026-08-19 21:00:07.683,2026-08-19
"1206","j0Q4TlSUKM","MOOSPMv3Parser",1787173200,4,4,2,6,6,3,3,7,7,3,1684,282,26765,43,19,3,19,19,36,12,19,0,38,41,20,21,53.148,79,1,36.503151,-120.325432,59.334999,10,600,58,3,"e00fce68e77e43df92405fdb",2026-08-19 21:00:08.4,2026-08-19 21:00:08.539,2026-08-19 21:00:08.539,2026-08-19
"1207","yyR8kfCr6N","MOOSPMv3Parser",1787173201,2,2,2,4,4,3,3,4,4,3,989,206,70191,35,19,2,19,19,39,6,19,0,46,45,13,16,512.316,147,1,36.139042,-120.368385,150.626999,8,600,58,3,"e00fce6850cac69f647dc199",2026-08-19 21:00:10.223,2026-08-19 21:00:10.462,2026-08-19 21:00:10.462,2026-08-19
"1208","wx19FI17KG","MOOSPMv3Parser",1787173800,4,4,3,5,5,3,3,6,6,3,1646,269,26783,39,21,2,21,21,36,12,21,0,39,41,19,21,53.593,76,1,36.503086,-120.325363,51.737999,11,600,58,3,"e00fce68e77e43df92405fdb",2026-08-19 21:10:02.575,2026-08-19 21:10:02.795,2026-08-19 21:10:02.795,2026-08-19
"1209","Wq0fEinkO3","MOOSPMv3Parser",1787173800,4,4,2,5,5,3,3,6,6,3,952,238,92023,37,19,2,19,19,37,7,19,0,38,42,18,18,42.178,50,1,35.949738,-119.049797,140.462006,8,600,58,3,"e00fce6808784ceaf209f949",2026-08-19 21:10:02.847,2026-08-19 21:10:03.049,2026-08-19 21:10:03.049,2026-08-19
"1210","uLs6ILI15E","MOOSPMv3Parser",1787173801,4,4,4,6,6,4,4,7,7,4,2109,309,141248,42,28,2,28,28,38,10,28,0,40,44,19,19,52.962,40,1,36.762714,-119.798782,49.791,7,599,58,3,"e00fce68e88237db75a60608",2026-08-19 21:10:03.112,2026-08-19 21:10:03.314,2026-08-19 21:10:03.314,2026-08-19
"1211","7KRLBTtvPC","MOOSPMv3Parser",1787173800,0,0,2,0,0,2,2,0,0,2,289,189,64351,26,18,1,18,18,41,17,18,0,35,46,24,16,34.299,79,1,36.138939,-120.368271,196.065002,8,600,58,3,"e00fce68d6b773b56ce8baa0",2026-08-19 21:10:03.233,2026-08-19 21:10:03.403,2026-08-19 21:10:03.403,2026-08-19
"1212","oAE3E8kksG","MOOSPMv3Parser",1787173800,3,3,3,4,4,3,3,5,5,3,858,228,90941,38,22,1,22,22,41,6,22,0,42,49,15,14,50.718,172,3277,2.5e-05,-0.004246,1378.108032,7,600,58,3,"e00fce68e28dcbc9a589be10",2026-08-19 21:10:03.419,2026-08-19 21:10:03.599,2026-08-19 21:10:03.599,2026-08-19
"1213","DGbg2iXUGE","MOOSPMv3Parser",1787173800,7,7,5,11,11,6,6,12,12,6,1762,464,145491,65,42,4,42,42,37,21,42,0,38,42,27,25,47.213,61,2,36.523243,-119.278778,93.934998,9,600,58,3,"e00fce68f12da1a0c5de6248",2026-08-19 21:10:03.72,2026-08-19 21:10:03.88,2026-08-19 21:10:03.88,2026-08-19
"1214","jK3IIQbTGZ","MOOSPMv3Parser",1787173801,3,3,3,5,5,3,3,5,5,3,661,199,45422,35,24,3,24,24,0,0,24,0,40,43,17,18,31.768,97,3,36.433544,-119.923325,30.496,9,600,58,3,"e00fce6876826e255108c6bd",2026-08-19 21:10:04.326,2026-08-19 21:10:04.494,2026-08-19 21:10:04.494,2026-08-19
"1215","Fr2L7wwIlE","MOOSPMv3Parser",1787173801,3,3,0,5,5,0,0,5,5,0,1299,259,0,46,0,3,0,0,39,5,0,2,40,46,16,16,50.782,33,1,36.187469,-119.822052,24.143,7,600,58,3,"e00fce68e739ecbcf9e91965",2026-08-19 21:10:04.408,2026-08-19 21:10:04.571,2026-08-19 21:10:04.571,2026-08-19
"1216","xPDDrOyAEL","MOOSPMv3Parser",1787173801,0,0,1,0,0,1,1,0,0,1,256,153,15679,19,10,1,10,10,40,18,10,0,41,45,16,15,48.49,93,1,36.139057,-120.368233,184.548996,11,600,58,3,"e00fce686dc2ef0a68fa40b0",2026-08-19 21:10:07.948,2026-08-19 21:10:08.17,2026-08-19 21:10:08.17,2026-08-19
"1217","iDcRPPJR8z","MOOSPMv3Parser",1787173801,2,2,2,3,3,3,3,3,3,3,939,187,70207,29,19,1,19,19,39,6,19,0,46,45,13,16,512.371,159,1,36.138977,-120.36837,163.429993,8,600,58,3,"e00fce6850cac69f647dc199",2026-08-19 21:10:08.836,2026-08-19 21:10:08.979,2026-08-19 21:10:08.979,2026-08-19
"1218","F5dewf4OSX","MOOSPMv3Parser",1787174400,4,4,3,5,5,3,3,6,6,3,1645,269,26801,39,20,2,20,20,36,12,20,0,38,41,19,21,54.736,67,1,36.50312,-120.325386,60.716999,7,600,58,3,"e00fce68e77e43df92405fdb",2026-08-19 21:20:02.478,2026-08-19 21:20:02.708,2026-08-19 21:20:02.708,2026-08-19
"1219","5THsMOLV1V","MOOSPMv3Parser",1787174400,3,3,2,5,5,2,2,5,5,2,837,214,92037,31,17,2,17,17,37,6,17,0,38,43,19,18,43.272,30,1,35.949619,-119.049812,129.223999,7,600,58,3,"e00fce6808784ceaf209f949",2026-08-19 21:20:02.827,2026-08-19 21:20:03.025,2026-08-19 21:20:03.025,2026-08-19
"1220","d2ApxTAY4U","MOOSPMv3Parser",1787174400,6,6,4,8,8,5,5,9,9,5,1444,382,145520,53,34,2,34,34,37,17,34,0,39,42,23,22,44.091,51,2,36.523289,-119.27874,82.917,8,600,58,3,"e00fce68f12da1a0c5de6248",2026-08-19 21:20:02.982,2026-08-19 21:20:03.157,2026-08-19 21:20:03.157,2026-08-19
"1221","4wQfQxOaAt","MOOSPMv3Parser",1787174400,0,0,2,0,0,2,2,1,1,2,294,194,64367,27,18,2,18,18,41,17,18,0,35,47,24,16,34.147,94,1,36.139,-120.368324,166.735992,7,600,58,3,"e00fce68d6b773b56ce8baa0",2026-08-19 21:20:02.999,2026-08-19 21:20:03.192,2026-08-19 21:20:03.192,2026-08-19
"1222","VDNos66E7H","MOOSPMv3Parser",1787174401,5,5,4,7,7,4,4,7,7,4,2200,329,141274,46,30,3,30,30,38,10,30,0,40,44,18,19,53.607,48,1,36.76276,-119.798836,51.443001,5,599,58,3,"e00fce68e88237db75a60608",2026-08-19 21:20:03.32,2026-08-19 21:20:03.541,2026-08-19 21:20:03.541,2026-08-19
"1223","g6DfXIWMOi","MOOSPMv3Parser",1787174400,3,3,3,4,4,3,3,5,5,3,875,233,90961,36,23,1,23,23,41,6,23,0,42,49,15,14,50.164,196,3277,2.5e-05,-0.004246,1378.108032,7,600,58,3,"e00fce68e28dcbc9a589be10",2026-08-19 21:20:03.404,2026-08-19 21:20:03.685,2026-08-19 21:20:03.685,2026-08-19
"1224","I9hS9Pvcwz","MOOSPMv3Parser",1787174401,0,0,1,0,0,1,1,0,0,1,266,161,15687,20,10,1,10,10,40,18,10,0,41,46,17,16,48.223,109,1,36.139088,-120.368416,163.227005,9,600,58,3,"e00fce686dc2ef0a68fa40b0",2026-08-19 21:20:04.018,2026-08-19 21:20:04.205,2026-08-19 21:20:04.205,2026-08-19
"1225","sYwXWiMKe7","MOOSPMv3Parser",1787174401,3,3,3,5,5,3,3,5,5,3,657,198,45443,38,24,3,24,24,0,0,24,0,40,43,17,18,31.832,97,3,36.433548,-119.923271,49.373001,6,600,58,3,"e00fce6876826e255108c6bd",2026-08-19 21:20:04.325,2026-08-19 21:20:04.554,2026-08-19 21:20:04.554,2026-08-19
"1226","H9dZfSo4Ma","MOOSPMv3Parser",1787174401,4,4,0,6,6,0,0,6,6,0,1432,287,0,47,0,3,0,0,39,5,0,2,40,46,16,16,51.441,33,1,36.187534,-119.822067,28.037001,11,600,58,3,"e00fce68e739ecbcf9e91965",2026-08-19 21:20:04.391,2026-08-19 21:20:04.566,2026-08-19 21:20:04.566,2026-08-19
"1227","MjIXr1TAic","MOOSPMv3Parser",1787174401,2,2,2,4,4,2,2,4,4,2,974,196,70224,32,18,2,18,18,40,6,18,0,46,46,13,16,512.363,181,1,36.138924,-120.368294,197.457993,8,600,58,3,"e00fce6850cac69f647dc199",2026-08-19 21:20:06.375,2026-08-19 21:20:06.527,2026-08-19 21:20:06.527,2026-08-19
"1228","M47nZNaSIn","MOOSPMv3Parser",1787175000,3,3,3,5,5,3,3,6,6,3,1611,260,26819,38,21,2,21,21,36,12,21,0,38,41,20,22,56.367,64,1,36.503124,-120.325424,60.612,7,600,58,3,"e00fce68e77e43df92405fdb",2026-08-19 21:30:02.572,2026-08-19 21:30:02.763,2026-08-19 21:30:02.763,2026-08-19
"1229","F0DGPWBcIY","MOOSPMv3Parser",1787175000,4,4,3,5,5,3,3,6,6,3,927,241,92054,35,20,3,20,20,37,8,20,0,38,43,21,20,44.27,30,1,35.949406,-119.049904,118.297997,6,600,58,3,"e00fce6808784ceaf209f949",2026-08-19 21:30:02.903,2026-08-19 21:30:03.15,2026-08-19 21:30:03.15,2026-08-19
"1230","lX0Ft4r8Vl","MOOSPMv3Parser",1787175000,0,0,2,0,0,3,3,0,0,3,294,197,64382,28,19,2,19,19,41,17,19,0,35,47,24,16,34.42,98,1,36.138966,-120.368324,184.610001,9,600,58,3,"e00fce68d6b773b56ce8baa0",2026-08-19 21:30:03.09,2026-08-19 21:30:03.278,2026-08-19 21:30:03.278,2026-08-19
"1231","zxQCgJC9lf","MOOSPMv3Parser",1787175001,4,4,3,6,6,4,4,6,6,4,2085,295,141298,37,27,2,27,27,38,10,27,0,40,44,18,18,54.082,42,1,36.762783,-119.798698,40.021,5,599,58,3,"e00fce68e88237db75a60608",2026-08-19 21:30:03.257,2026-08-19 21:30:03.434,2026-08-19 21:30:03.434,2026-08-19
"1232","aIqFoncOxC","MOOSPMv3Parser",1787175000,3,3,3,4,4,3,3,5,5,3,897,234,90981,36,23,2,23,23,41,6,23,0,42,49,15,14,50.687,206,3277,2.5e-05,-0.004246,1378.108032,7,600,58,3,"e00fce68e28dcbc9a589be10",2026-08-19 21:30:03.348,2026-08-19 21:30:03.542,2026-08-19 21:30:03.542,2026-08-19
"1233","VKaYRVDGOs","MOOSPMv3Parser",1787175001,4,4,0,6,6,0,0,6,6,0,1472,300,0,54,0,3,0,0,39,5,0,2,40,46,17,16,53.495,28,1,36.187408,-119.822037,22.110001,9,600,58,3,"e00fce68e739ecbcf9e91965",2026-08-19 21:30:04.334,2026-08-19 21:30:04.504,2026-08-19 21:30:04.504,2026-08-19
"1234","25D1nqtpUN","MOOSPMv3Parser",1787175001,3,3,4,6,6,5,5,10,8,5,763,229,45470,52,31,9,32,32,0,0,32,0,40,43,17,18,31.862,97,3,36.433548,-119.923271,49.375,0,600,58,3,"e00fce6876826e255108c6bd",2026-08-19 21:30:04.559,2026-08-19 21:30:04.721,2026-08-19 21:30:04.721,2026-08-19
"1235","4OblrDhUQ0","MOOSPMv3Parser",1787175000,4,4,4,6,6,4,4,7,7,4,1198,315,145544,41,28,2,28,28,36,17,28,0,39,42,23,22,42.281,39,1,36.523312,-119.278786,65.278999,8,600,58,3,"e00fce68f12da1a0c5de6248",2026-08-19 21:30:06.992,2026-08-19 21:30:07.143,2026-08-19 21:30:07.143,2026-08-19
"1236","yFYTd0gWsZ","MOOSPMv3Parser",1787175001,2,2,3,4,4,3,3,4,4,3,976,202,70241,32,20,2,20,20,39,6,20,0,46,46,13,16,512.299,187,1,36.139004,-120.368248,173.184998,10,600,58,3,"e00fce6850cac69f647dc199",2026-08-19 21:30:09.996,2026-08-19 21:30:10.202,2026-08-19 21:30:10.202,2026-08-19
"1237","hsYJyyA67C","MOOSPMv3Parser",1787175001,0,0,1,0,0,1,1,0,0,1,262,157,15696,18,11,1,11,11,40,18,11,0,41,46,17,15,48.296,115,1,36.138973,-120.368248,189.755997,8,600,58,3,"e00fce686dc2ef0a68fa40b0",2026-08-19 21:30:44.297,2026-08-19 21:30:44.446,2026-08-19 21:30:44.446,2026-08-19
"1238","NxGBLyMUhe","MOOSPMv3Parser",1787175600,3,3,2,5,5,3,3,6,6,3,1650,269,26835,40,19,2,19,19,36,11,19,0,38,41,20,21,56.741,49,1,36.503151,-120.325417,64.162003,7,600,58,3,"e00fce68e77e43df92405fdb",2026-08-19 21:40:02.408,2026-08-19 21:40:02.735,2026-08-19 21:40:02.735,2026-08-19
"1239","bSdbGDWjF9","MOOSPMv3Parser",1787175600,5,5,4,8,8,4,4,8,8,4,1378,361,145570,49,30,2,30,30,37,17,30,0,39,42,23,22,43.386,39,1,36.523289,-119.278755,76.123001,8,600,58,3,"e00fce68f12da1a0c5de6248",2026-08-19 21:40:02.756,2026-08-19 21:40:02.982,2026-08-19 21:40:02.982,2026-08-19
"1240","EZPyF62Hco","MOOSPMv3Parser",1787175600,0,0,2,0,0,3,3,0,0,3,293,194,64398,28,19,1,19,19,41,17,19,0,35,47,24,16,34.613,95,1,36.138767,-120.368416,167.505005,7,600,58,3,"e00fce68d6b773b56ce8baa0",2026-08-19 21:40:02.834,2026-08-19 21:40:03.013,2026-08-19 21:40:03.013,2026-08-19
"1241","zwOyeECbZX","MOOSPMv3Parser",1787175600,4,4,4,6,6,4,5,6,6,5,961,247,92077,38,27,3,28,28,37,8,28,0,38,42,21,20,43.599,31,1,35.949577,-119.049835,137.408005,7,600,58,3,"e00fce6808784ceaf209f949",2026-08-19 21:40:02.798,2026-08-19 21:40:03.054,2026-08-19 21:40:03.054,2026-08-19
"1242","DwjFD9ETw1","MOOSPMv3Parser",1787175601,5,5,4,7,7,4,4,7,7,4,2200,337,141087,45,29,3,29,29,38,10,29,0,40,44,17,18,54.116,38,1,36.762783,-119.798698,40.021,0,600,58,3,"e00fce68e88237db75a60608",2026-08-19 21:40:03.179,2026-08-19 21:40:03.401,2026-08-19 21:40:03.401,2026-08-19
"1243","vQIWxhKh4r","MOOSPMv3Parser",1787175600,3,3,3,4,4,3,3,5,5,3,896,228,91000,37,22,1,23,23,41,6,23,0,42,49,15,13,51.683,199,3277,2.5e-05,-0.004246,1378.108032,7,600,58,3,"e00fce68e28dcbc9a589be10",2026-08-19 21:40:03.416,2026-08-19 21:40:03.612,2026-08-19 21:40:03.612,2026-08-19
"1244","wU31lsEStO","MOOSPMv3Parser",1787175601,4,4,0,6,6,0,0,6,6,0,1420,283,0,52,0,3,0,0,39,5,0,2,40,45,17,17,54.056,26,1,36.18755,-119.821899,24.853001,9,600,58,3,"e00fce68e739ecbcf9e91965",2026-08-19 21:40:04.284,2026-08-19 21:40:04.481,2026-08-19 21:40:04.481,2026-08-19
"1245","DBiJ8Q3lkD","MOOSPMv3Parser",1787175601,3,3,3,5,5,4,5,7,7,5,709,212,45492,44,26,6,27,27,0,0,27,1,40,43,17,18,31.584,97,2,36.433662,-119.923309,31.253,12,600,58,3,"e00fce6876826e255108c6bd",2026-08-19 21:40:04.439,2026-08-19 21:40:04.649,2026-08-19 21:40:04.649,2026-08-19
"1246","NJ9MTdgEjO","MOOSPMv3Parser",1787175601,2,2,3,4,4,3,3,4,4,3,1005,204,70259,34,20,2,20,20,39,6,20,0,46,46,13,16,512.213,190,1,36.139,-120.368362,185.690994,7,600,58,3,"e00fce6850cac69f647dc199",2026-08-19 21:40:05.731,2026-08-19 21:40:05.939,2026-08-19 21:40:05.939,2026-08-19
"1247","Hdidb6Z95C","MOOSPMv3Parser",1787175601,0,0,1,0,0,1,1,0,0,1,267,161,15705,20,11,1,11,11,40,18,11,0,41,46,16,15,48.982,114,1,36.138828,-120.368347,164.535004,8,600,58,3,"e00fce686dc2ef0a68fa40b0",2026-08-19 21:40:07.904,2026-08-19 21:40:08.098,2026-08-19 21:40:08.098,2026-08-19
"1248","Z4Bj4sJ0NA","MOOSPMv3Parser",1787176200,4,4,2,5,5,2,2,6,6,2,1662,267,26852,39,18,2,19,19,36,12,19,0,39,41,19,22,59.494,54,1,36.503201,-120.325439,58.137001,8,600,58,3,"e00fce68e77e43df92405fdb",2026-08-19 21:50:02.654,2026-08-19 21:50:02.923,2026-08-19 21:50:02.923,2026-08-19
"1249","xa4cyeg4J1","MOOSPMv3Parser",1787176200,4,4,4,7,7,5,5,8,8,6,1074,281,92100,53,28,4,29,29,37,8,29,1,38,42,21,19,46.182,30,1,35.949684,-119.04995,116.364998,7,600,58,3,"e00fce6808784ceaf209f949",2026-08-19 21:50:02.831,2026-08-19 21:50:03.01,2026-08-19 21:50:03.01,2026-08-19
"1250","QXyQv1KzhH","MOOSPMv3Parser",1787176200,5,5,4,7,7,4,4,7,7,4,1277,337,145596,46,30,2,30,30,36,18,30,0,39,42,24,23,44.087,33,1,36.523411,-119.27877,66.202003,8,600,58,3,"e00fce68f12da1a0c5de6248",2026-08-19 21:50:02.824,2026-08-19 21:50:03.06,2026-08-19 21:50:03.06,2026-08-19
"1251","KdfxjFXcFS","MOOSPMv3Parser",1787176200,0,0,2,0,0,3,3,0,0,3,303,200,64414,29,19,2,19,19,41,17,19,0,35,47,24,16,34.444,95,1,36.138977,-120.368393,175.886993,9,600,58,3,"e00fce68d6b773b56ce8baa0",2026-08-19 21:50:03.105,2026-08-19 21:50:03.243,2026-08-19 21:50:03.243,2026-08-19
"1252","C3DBx3vv6C","MOOSPMv3Parser",1787176201,4,4,4,6,6,4,4,7,7,4,2192,313,141348,41,29,2,29,29,38,9,29,0,41,44,17,17,52.696,43,1,36.76268,-119.79882,52.499001,6,599,58,3,"e00fce68e88237db75a60608",2026-08-19 21:50:03.168,2026-08-19 21:50:03.415,2026-08-19 21:50:03.415,2026-08-19
"1253","XUwm6UAL00","MOOSPMv3Parser",1787176200,3,3,3,5,5,3,3,5,5,3,926,241,91021,38,23,1,23,23,42,6,23,0,43,49,15,14,51.1,203,3277,2.5e-05,-0.004246,1378.108032,7,600,58,3,"e00fce68e28dcbc9a589be10",2026-08-19 21:50:03.357,2026-08-19 21:50:03.526,2026-08-19 21:50:03.526,2026-08-19
"1254","q670CO6GUv","MOOSPMv3Parser",1787176201,0,0,1,0,0,1,1,0,0,1,267,159,15714,20,10,1,10,10,40,18,10,0,41,46,16,15,50.008,103,1,36.138889,-120.368301,160.539993,8,600,58,3,"e00fce686dc2ef0a68fa40b0",2026-08-19 21:50:03.937,2026-08-19 21:50:04.116,2026-08-19 21:50:04.116,2026-08-19
"1255","LM8P2KITCc","MOOSPMv3Parser",1787176201,4,4,0,6,6,0,0,6,6,0,1458,290,0,49,0,4,0,0,39,5,0,2,40,45,17,17,54.637,22,1,36.187496,-119.821915,9.815,9,600,58,3,"e00fce68e739ecbcf9e91965",2026-08-19 21:50:04.241,2026-08-19 21:50:04.45,2026-08-19 21:50:04.45,2026-08-19
"1256","auekhpkUa7","MOOSPMv3Parser",1787176201,3,3,3,4,4,3,3,5,5,3,660,199,45513,35,24,3,24,24,0,0,24,0,40,43,18,18,32.503,97,2,36.433609,-119.923279,27.268,7,600,58,3,"e00fce6876826e255108c6bd",2026-08-19 21:50:04.478,2026-08-19 21:50:04.675,2026-08-19 21:50:04.675,2026-08-19
"1257","brsjCn1lUv","MOOSPMv3Parser",1787176201,2,2,3,4,4,3,3,4,4,3,963,195,70276,35,20,1,20,20,39,6,20,0,46,46,13,16,512.208,186,1,36.139,-120.368362,185.686996,0,600,58,3,"e00fce6850cac69f647dc199",2026-08-19 21:50:06.512,2026-08-19 21:50:06.681,2026-08-19 21:50:06.681,2026-08-19
"1258","Hd7rJ1Keve","MOOSPMv3Parser",1787176800,4,4,3,6,6,3,3,6,6,3,1684,274,26870,40,21,3,21,21,36,10,21,0,38,42,19,19,58.547,63,1,36.503086,-120.325233,29.209,7,600,58,3,"e00fce68e77e43df92405fdb",2026-08-19 22:00:02.417,2026-08-19 22:00:02.858,2026-08-19 22:00:02.858,2026-08-19
"1259","LhCCkxeSYR","MOOSPMv3Parser",1787176800,4,4,3,6,6,3,3,6,6,3,1043,269,92119,41,22,3,22,22,36,9,22,0,38,42,21,20,46.014,21,1,35.949482,-119.049934,110.772003,5,600,58,3,"e00fce6808784ceaf209f949",2026-08-19 22:00:02.833,2026-08-19 22:00:03.515,2026-08-19 22:00:03.515,2026-08-19
"1260","avw8pjwKtJ","MOOSPMv3Parser",1787176801,5,5,4,7,7,4,4,7,7,4,2171,331,141373,45,28,3,29,29,38,10,29,0,40,44,18,18,54.7,42,1,36.762768,-119.798889,67.075996,5,599,58,3,"e00fce68e88237db75a60608",2026-08-19 22:00:03.097,2026-08-19 22:00:03.876,2026-08-19 22:00:03.876,2026-08-19
"1261","Wzh0zrJcyY","MOOSPMv3Parser",1787176800,5,5,4,7,7,4,4,8,8,4,1270,339,145621,46,29,2,29,29,36,18,29,0,39,42,24,23,42.034,39,1,36.523289,-119.278748,86.332001,7,600,58,3,"e00fce68f12da1a0c5de6248",2026-08-19 22:00:02.804,2026-08-19 22:00:03.974,2026-08-19 22:00:03.974,2026-08-19
"1262","f2MrHTRx2T","MOOSPMv3Parser",1787176800,3,3,3,5,5,3,3,5,5,3,905,235,91041,36,24,1,24,24,42,6,24,0,43,49,15,14,49.697,235,3277,2.5e-05,-0.004246,1378.108032,7,600,58,3,"e00fce68e28dcbc9a589be10",2026-08-19 22:00:03.46,2026-08-19 22:00:04.042,2026-08-19 22:00:04.042,2026-08-19
"1263","biW58JMbxa","MOOSPMv3Parser",1787176800,0,0,3,0,0,3,3,0,0,3,309,206,64431,30,20,2,20,20,41,17,20,0,35,47,24,17,35.09,90,1,36.138947,-120.368286,181.505997,6,600,58,3,"e00fce68d6b773b56ce8baa0",2026-08-19 22:00:02.93,2026-08-19 22:00:04.629,2026-08-19 22:00:04.629,2026-08-19
"1264","HFwp9xsIMj","MOOSPMv3Parser",1787176801,4,4,0,6,6,0,0,6,6,0,1426,297,0,53,0,4,0,0,39,6,0,2,40,45,18,17,53.885,22,1,36.187496,-119.821915,9.812,0,600,58,3,"e00fce68e739ecbcf9e91965",2026-08-19 22:00:04.328,2026-08-19 22:00:05.067,2026-08-19 22:00:05.067,2026-08-19
"1265","64HNYzjbhj","MOOSPMv3Parser",1787176801,3,3,3,5,5,3,3,6,6,3,660,199,45534,36,25,5,25,25,0,0,25,0,39,43,18,19,33.521,97,2,36.433849,-119.923325,26.861,6,600,58,3,"e00fce6876826e255108c6bd",2026-08-19 22:00:04.289,2026-08-19 22:00:05.383,2026-08-19 22:00:05.383,2026-08-19
"1266","iaPzQ63en8","MOOSPMv3Parser",1787176801,0,0,1,0,0,2,2,0,0,2,275,166,15724,20,11,1,11,11,39,19,11,0,41,45,17,16,50.075,99,1,36.138889,-120.368301,160.537003,0,600,58,3,"e00fce686dc2ef0a68fa40b0",2026-08-19 22:00:05.64,2026-08-19 22:00:06.305,2026-08-19 22:00:06.305,2026-08-19
"1267","kHbxjlF3AO","MOOSPMv3Parser",1787176801,2,2,3,4,4,3,3,4,4,3,1062,211,70294,34,20,2,20,20,39,6,20,0,47,46,13,17,512.294,186,1,36.139008,-120.368462,178.809998,7,600,58,3,"e00fce6850cac69f647dc199",2026-08-19 22:00:07.344,2026-08-19 22:00:07.817,2026-08-19 22:00:07.817,2026-08-19
"1268","SEUh6bVAnA","MOOSPMv3Parser",1787177400,4,4,3,6,6,3,3,6,6,3,1718,281,26888,40,21,2,21,21,-10,-10,21,0,39,42,21,23,57.058,59,1,36.503109,-120.325317,54.568001,7,600,58,3,"e00fce68e77e43df92405fdb",2026-08-19 22:10:02.46,2026-08-19 22:10:02.649,2026-08-19 22:10:02.649,2026-08-19
"1269","YF9EIWsRfM","MOOSPMv3Parser",1787177400,0,0,3,0,0,3,3,1,1,3,312,208,64449,30,21,2,21,21,41,17,21,0,35,47,24,17,35.046,99,1,36.138939,-120.368378,169.016998,7,600,58,3,"e00fce68d6b773b56ce8baa0",2026-08-19 22:10:02.763,2026-08-19 22:10:02.974,2026-08-19 22:10:02.974,2026-08-19
"1270","JIOYHZprzb","MOOSPMv3Parser",1787177400,4,4,3,6,6,4,4,6,6,4,1041,268,92140,44,25,2,25,25,36,9,25,0,38,41,20,20,44.215,22,1,35.949608,-119.049973,123.438004,4,600,58,3,"e00fce6808784ceaf209f949",2026-08-19 22:10:02.993,2026-08-19 22:10:03.174,2026-08-19 22:10:03.174,2026-08-19
"1271","IShBFL8WrG","MOOSPMv3Parser",1787177401,4,4,4,7,7,4,4,7,7,4,2176,315,141398,44,30,3,30,30,38,10,30,0,41,44,17,18,52.955,46,1,36.762695,-119.79879,45.169998,11,599,58,3,"e00fce68e88237db75a60608",2026-08-19 22:10:03.097,2026-08-19 22:10:03.29,2026-08-19 22:10:03.29,2026-08-19
"1272","Fa0VNEtDCt","MOOSPMv3Parser",1787177400,3,3,3,5,5,3,3,5,5,3,918,241,91062,41,24,2,24,24,42,6,24,0,43,49,15,14,51.34,223,3277,2.5e-05,-0.004246,1378.108032,7,600,58,3,"e00fce68e28dcbc9a589be10",2026-08-19 22:10:03.324,2026-08-19 22:10:03.474,2026-08-19 22:10:03.474,2026-08-19
"1273","StC22GHxkq","MOOSPMv3Parser",1787177401,3,3,3,4,4,4,4,5,5,4,649,194,45557,32,26,3,26,26,0,0,26,0,39,42,19,19,34.157,97,2,36.433678,-119.923347,34.645,6,600,58,3,"e00fce6876826e255108c6bd",2026-08-19 22:10:04.369,2026-08-19 22:10:04.536,2026-08-19 22:10:04.536,2026-08-19
"1274","FbyPAVctKt","MOOSPMv3Parser",1787177401,4,4,0,5,5,0,0,6,6,0,1266,271,0,47,0,3,0,0,39,6,0,2,40,45,18,17,52.131,30,1,36.1875,-119.821983,14.821,13,600,58,3,"e00fce68e739ecbcf9e91965",2026-08-19 22:10:04.328,2026-08-19 22:10:04.551,2026-08-19 22:10:04.551,2026-08-19
"1275","JJ0fUcDPQc","MOOSPMv3Parser",1787177401,3,3,3,4,4,3,3,4,4,3,1034,216,70312,35,21,1,21,21,39,6,21,0,47,46,13,17,512.253,198,1,36.139,-120.368416,167.906006,11,600,58,3,"e00fce6850cac69f647dc199",2026-08-19 22:10:06.681,2026-08-19 22:10:06.889,2026-08-19 22:10:06.889,2026-08-19
"1276","ufGZbLxstQ","MOOSPMv3Parser",1787177400,5,5,4,7,7,4,4,7,7,4,1255,332,145645,47,28,2,28,28,36,17,28,0,39,42,22,23,42.683,36,1,36.523327,-119.278809,89.112,3,600,58,3,"e00fce68f12da1a0c5de6248",2026-08-19 22:10:08.353,2026-08-19 22:10:08.516,2026-08-19 22:10:08.516,2026-08-19
"1277","9icCDra33G","MOOSPMv3Parser",1787177401,0,0,1,0,0,2,2,0,0,2,277,170,15733,23,11,1,12,12,39,18,12,0,41,45,16,16,50.583,108,1,36.138992,-120.368362,172.824997,10,600,58,3,"e00fce686dc2ef0a68fa40b0",2026-08-19 22:10:08.695,2026-08-19 22:10:08.927,2026-08-19 22:10:08.927,2026-08-19
"1278","IsQA7jCIkC","MOOSPMv3Parser",1787178000,3,3,3,5,5,3,4,6,6,4,920,239,92159,39,22,2,22,22,36,9,22,0,38,41,22,21,43.402,23,1,35.949562,-119.049942,118.390999,5,600,58,3,"e00fce6808784ceaf209f949",2026-08-19 22:20:02.91,2026-08-19 22:20:03.107,2026-08-19 22:20:03.107,2026-08-19
"1279","q9svmDjxOH","MOOSPMv3Parser",1787178000,0,0,3,1,1,3,3,1,1,3,312,209,64466,30,21,3,21,21,41,17,21,0,35,47,24,17,35.25,92,1,36.138939,-120.368378,169.020996,0,600,58,3,"e00fce68d6b773b56ce8baa0",2026-08-19 22:20:03.081,2026-08-19 22:20:03.302,2026-08-19 22:20:03.302,2026-08-19
"1280","WVEe9xamrh","MOOSPMv3Parser",1787178001,5,5,4,7,7,4,4,7,7,4,2226,338,141425,47,31,2,31,31,38,9,31,0,41,45,17,17,55.942,42,1,36.76265,-119.798744,51.387001,10,599,58,3,"e00fce68e88237db75a60608",2026-08-19 22:20:03.177,2026-08-19 22:20:03.374,2026-08-19 22:20:03.374,2026-08-19
"1281","5AhHlejBju","MOOSPMv3Parser",1787178000,3,3,3,5,5,3,3,5,5,3,910,234,91084,38,25,2,25,25,41,6,25,0,43,49,15,14,49.604,241,3277,2.5e-05,-0.004246,1378.108032,7,600,58,3,"e00fce68e28dcbc9a589be10",2026-08-19 22:20:03.415,2026-08-19 22:20:03.578,2026-08-19 22:20:03.578,2026-08-19
"1282","PqZu36mGCR","MOOSPMv3Parser",1787178000,4,4,3,6,6,4,4,6,6,4,1146,304,145669,36,27,2,27,27,36,16,27,0,40,41,21,22,41.824,31,1,36.5233,-119.278839,84.858002,6,600,58,3,"e00fce68f12da1a0c5de6248",2026-08-19 22:20:03.478,2026-08-19 22:20:03.625,2026-08-19 22:20:03.625,2026-08-19
"1283","tt1Jjrn8Yb","MOOSPMv3Parser",1787178001,0,0,2,0,0,2,2,0,0,2,284,172,15743,23,12,1,12,12,39,19,12,0,42,45,17,16,51.352,98,1,36.13905,-120.36837,176.742004,12,600,58,3,"e00fce686dc2ef0a68fa40b0",2026-08-19 22:20:03.758,2026-08-19 22:20:03.917,2026-08-19 22:20:03.917,2026-08-19
"1284","Y8XZRevs3c","MOOSPMv3Parser",1787178001,4,4,0,6,6,0,0,6,6,0,1323,281,0,53,0,3,0,0,38,6,0,2,41,45,17,17,52.551,36,1,36.187561,-119.821892,27.882999,9,600,58,3,"e00fce68e739ecbcf9e91965",2026-08-19 22:20:04.248,2026-08-19 22:20:04.435,2026-08-19 22:20:04.435,2026-08-19
"1285","nd3JaEr3Oq","MOOSPMv3Parser",1787178001,3,3,3,6,6,4,4,7,7,4,718,216,45580,40,27,5,27,27,0,0,27,0,39,42,18,19,33.758,97,3,36.433689,-119.923393,24.615,6,600,58,3,"e00fce6876826e255108c6bd",2026-08-19 22:20:04.416,2026-08-19 22:20:04.557,2026-08-19 22:20:04.557,2026-08-19
"1286","fXsmrD9Bxz","MOOSPMv3Parser",1787178000,4,4,3,6,6,3,3,6,6,3,1727,285,26907,42,22,3,22,22,37,12,22,0,39,42,20,21,54.729,126,1,36.503109,-120.325317,54.568001,0,600,58,3,"e00fce68e77e43df92405fdb",2026-08-19 22:20:08.176,2026-08-19 22:20:08.358,2026-08-19 22:20:08.358,2026-08-19
"1287","3BjVymVBNg","MOOSPMv3Parser",1787178001,3,3,3,4,4,3,3,5,5,3,1048,216,70331,39,21,2,21,21,39,7,21,0,46,45,13,17,512.311,188,1,36.138969,-120.368408,178.121002,8,600,58,3,"e00fce6850cac69f647dc199",2026-08-19 22:20:09.156,2026-08-19 22:20:09.337,2026-08-19 22:20:09.337,2026-08-19
"1288","K2wTjfjOQj","MOOSPMv3Parser",1787178600,4,4,3,6,6,3,3,6,6,3,1824,294,26926,42,22,2,22,22,36,12,22,0,39,42,20,21,55.771,70,1,36.503136,-120.325294,47.124001,7,600,58,3,"e00fce68e77e43df92405fdb",2026-08-19 22:30:02.505,2026-08-19 22:30:02.68,2026-08-19 22:30:02.68,2026-08-19
"1289","McdacRGiIR","MOOSPMv3Parser",1787178600,4,4,3,6,6,4,4,7,7,4,1142,305,145693,41,27,2,27,27,35,16,27,0,39,41,21,22,42.92,26,1,36.523289,-119.278877,79.852997,7,600,58,3,"e00fce68f12da1a0c5de6248",2026-08-19 22:30:02.666,2026-08-19 22:30:02.798,2026-08-19 22:30:02.798,2026-08-19
"1290","fF4wlG4xW4","MOOSPMv3Parser",1787178600,4,4,3,6,6,3,4,6,6,4,987,254,92179,41,23,2,23,23,35,9,23,0,38,41,21,21,43.109,23,1,35.949581,-119.04995,119.091003,6,600,58,3,"e00fce6808784ceaf209f949",2026-08-19 22:30:02.991,2026-08-19 22:30:03.148,2026-08-19 22:30:03.148,2026-08-19
"1291","poFPrAX1zB","MOOSPMv3Parser",1787178601,5,5,4,7,7,4,4,7,7,4,2159,328,141451,46,30,3,30,30,38,9,30,0,40,44,17,17,55.548,37,1,36.762718,-119.798759,50.778999,11,599,58,3,"e00fce68e88237db75a60608",2026-08-19 22:30:03.191,2026-08-19 22:30:03.361,2026-08-19 22:30:03.361,2026-08-19
"1292","5HsUTlxPV8","MOOSPMv3Parser",1787178600,0,0,3,1,1,3,3,1,1,3,312,210,64484,30,21,3,21,21,41,17,21,0,35,46,24,17,35.682,89,1,36.139004,-120.368355,160.815994,8,600,58,3,"e00fce68d6b773b56ce8baa0",2026-08-19 22:30:03.215,2026-08-19 22:30:03.391,2026-08-19 22:30:03.391,2026-08-19
"1293","HsS8XLqTDo","MOOSPMv3Parser",1787178600,3,3,3,5,5,3,3,5,5,3,934,244,91103,37,23,1,23,23,42,6,23,0,43,49,14,14,50.895,208,3277,2.5e-05,-0.004246,1378.108032,7,600,58,3,"e00fce68e28dcbc9a589be10",2026-08-19 22:30:03.511,2026-08-19 22:30:03.726,2026-08-19 22:30:03.726,2026-08-19
"1294","BswS673rUm","MOOSPMv3Parser",1787178601,3,3,3,5,5,4,4,6,6,4,688,207,45602,38,26,4,26,26,0,0,26,0,40,42,17,19,33.667,97,3,36.433693,-119.923302,26.473,6,600,58,3,"e00fce6876826e255108c6bd",2026-08-19 22:30:04.367,2026-08-19 22:30:04.522,2026-08-19 22:30:04.522,2026-08-19
"1295","c7ZyVGWUFs","MOOSPMv3Parser",1787178601,4,4,0,6,6,0,0,6,6,0,1331,288,0,51,0,4,0,0,39,6,0,2,41,45,18,18,52.729,31,1,36.187534,-119.822052,26.035999,7,600,58,3,"e00fce68e739ecbcf9e91965",2026-08-19 22:30:04.479,2026-08-19 22:30:04.629,2026-08-19 22:30:04.629,2026-08-19
"1296","G4wmBa33CK","MOOSPMv3Parser",1787178601,0,0,2,0,0,2,2,0,0,2,281,177,15753,23,12,1,12,12,39,19,12,0,41,45,17,17,50.692,94,1,36.138924,-120.368362,164.117004,10,600,58,3,"e00fce686dc2ef0a68fa40b0",2026-08-19 22:30:08.695,2026-08-19 22:30:08.875,2026-08-19 22:30:08.875,2026-08-19
"1297","R6iXvMq9Ac","MOOSPMv3Parser",1787178601,3,3,3,5,5,3,3,5,5,3,1053,223,70350,39,22,2,22,22,39,7,22,0,46,45,14,17,512.414,184,1,36.138988,-120.368423,168.552002,9,600,58,3,"e00fce6850cac69f647dc199",2026-08-19 22:30:09.967,2026-08-19 22:30:10.177,2026-08-19 22:30:10.177,2026-08-19
"1298","NVbCqZEdfD","MOOSPMv3Parser",1787179200,4,4,3,6,6,3,3,7,7,3,1818,307,26946,45,23,2,23,23,-10,-10,23,0,39,42,19,23,57.774,52,1,36.502869,-120.325378,36.624001,7,600,58,3,"e00fce68e77e43df92405fdb",2026-08-19 22:40:02.368,2026-08-19 22:40:02.597,2026-08-19 22:40:02.597,2026-08-19
"1299","APCHiwF7Lc","MOOSPMv3Parser",1787179200,0,0,3,1,1,3,3,1,1,3,317,212,64502,32,22,2,22,22,41,17,22,0,35,46,24,17,35.612,82,1,36.13908,-120.36837,178.755005,12,600,58,3,"e00fce68d6b773b56ce8baa0",2026-08-19 22:40:02.872,2026-08-19 22:40:03.064,2026-08-19 22:40:03.064,2026-08-19
"1300","z3QwqBGEcB","MOOSPMv3Parser",1787179200,3,3,3,5,5,3,3,5,5,3,833,218,92196,35,21,3,21,21,35,8,21,0,38,40,18,19,42.252,21,1,35.949535,-119.049957,113.220001,4,600,58,3,"e00fce6808784ceaf209f949",2026-08-19 22:40:02.969,2026-08-19 22:40:03.179,2026-08-19 22:40:03.179,2026-08-19
"1301","4WkmDCzgd9","MOOSPMv3Parser",1787179201,4,4,4,7,7,4,4,7,7,4,2142,318,141476,44,28,2,28,28,38,9,28,0,40,45,17,17,56.594,32,1,36.762733,-119.798782,45.373001,9,599,58,3,"e00fce68e88237db75a60608",2026-08-19 22:40:03.175,2026-08-19 22:40:03.361,2026-08-19 22:40:03.361,2026-08-19
"1302","ae75KDVgjB","MOOSPMv3Parser",1787179200,3,3,3,4,4,3,3,4,4,3,878,226,91123,36,23,2,23,23,41,6,23,0,43,49,15,14,50.024,223,3277,2.5e-05,-0.004246,1378.108032,7,600,58,3,"e00fce68e28dcbc9a589be10",2026-08-19 22:40:03.406,2026-08-19 22:40:03.568,2026-08-19 22:40:03.568,2026-08-19
"1303","TFntE8pZVu","MOOSPMv3Parser",1787179201,0,0,1,0,0,2,2,0,0,2,285,177,15763,23,12,1,12,12,38,20,12,0,41,44,17,16,51.25,86,1,36.139015,-120.368393,178.123001,13,600,58,3,"e00fce686dc2ef0a68fa40b0",2026-08-19 22:40:04.219,2026-08-19 22:40:04.395,2026-08-19 22:40:04.395,2026-08-19
"1304","pC7mdtsrNY","MOOSPMv3Parser",1787179201,3,3,4,6,6,4,4,7,7,4,744,222,45627,45,28,5,28,28,0,0,28,0,40,43,19,20,33.407,97,3,36.433678,-119.923347,25.218,7,600,58,3,"e00fce6876826e255108c6bd",2026-08-19 22:40:04.272,2026-08-19 22:40:04.456,2026-08-19 22:40:04.456,2026-08-19
"1305","Il9lyXLqni","MOOSPMv3Parser",1787179201,4,4,0,6,6,0,0,6,6,0,1461,292,0,49,0,3,0,0,39,6,0,2,41,45,17,17,51.787,41,1,36.187412,-119.821915,14.139,10,600,58,3,"e00fce68e739ecbcf9e91965",2026-08-19 22:40:04.329,2026-08-19 22:40:04.509,2026-08-19 22:40:04.509,2026-08-19
"1306","Nie1P8jnr3","MOOSPMv3Parser",1787179200,4,4,3,6,6,4,4,6,6,4,1143,306,145717,39,27,2,27,27,35,17,28,0,38,40,22,23,43.844,21,1,36.523258,-119.278923,98.266998,7,600,58,3,"e00fce68f12da1a0c5de6248",2026-08-19 22:40:08.131,2026-08-19 22:40:08.295,2026-08-19 22:40:08.295,2026-08-19
"1307","kU25ns6pVT","MOOSPMv3Parser",1787179201,3,3,3,4,4,3,3,5,5,3,1038,217,70369,37,22,2,22,22,39,7,22,0,45,45,13,17,512.331,172,1,36.138988,-120.368385,173.554001,11,600,58,3,"e00fce6850cac69f647dc199",2026-08-19 22:40:10.1,2026-08-19 22:40:10.263,2026-08-19 22:40:10.263,2026-08-19
"1308","J8tFpZ6HWZ","MOOSPMv3Parser",1787179800,4,4,4,7,7,4,5,7,7,5,1814,309,26970,47,29,4,29,29,36,12,29,0,40,42,19,21,57.691,72,1,36.503048,-120.32547,66.168999,7,600,58,3,"e00fce68e77e43df92405fdb",2026-08-19 22:50:02.422,2026-08-19 22:50:02.607,2026-08-19 22:50:02.607,2026-08-19
"1309","MQJsKA9ukp","MOOSPMv3Parser",1787179800,3,3,3,4,4,3,3,4,4,3,757,194,92214,28,21,2,21,21,35,8,21,0,38,41,19,20,42.069,17,1,35.949566,-119.049973,112.720001,5,600,58,3,"e00fce6808784ceaf209f949",2026-08-19 22:50:02.903,2026-08-19 22:50:03.094,2026-08-19 22:50:03.094,2026-08-19
"1310","Xc8G1xARY9","MOOSPMv3Parser",1787179801,4,4,4,6,6,4,4,6,6,4,2070,302,141264,42,28,2,28,28,38,8,28,0,41,44,16,17,54.637,38,1,36.762733,-119.798782,45.373001,0,600,58,3,"e00fce68e88237db75a60608",2026-08-19 22:50:03.112,2026-08-19 22:50:03.316,2026-08-19 22:50:03.316,2026-08-19
"1311","SrX3KFel41","MOOSPMv3Parser",1787179800,0,0,3,1,1,3,3,1,1,3,314,209,64520,30,21,2,21,21,40,17,21,0,35,46,24,17,35.682,69,1,36.138988,-120.368378,169.966995,7,600,58,3,"e00fce68d6b773b56ce8baa0",2026-08-19 22:50:03.319,2026-08-19 22:50:03.521,2026-08-19 22:50:03.521,2026-08-19
"1312","3zJ55YXJln","MOOSPMv3Parser",1787179800,3,3,3,4,4,3,3,5,5,3,871,225,91143,38,24,2,24,24,41,7,24,0,43,49,15,14,50.334,217,3277,2.5e-05,-0.004246,1378.108032,7,600,58,3,"e00fce68e28dcbc9a589be10",2026-08-19 22:50:03.321,2026-08-19 22:50:03.557,2026-08-19 22:50:03.557,2026-08-19
"1313","r5EjBGeLlA","MOOSPMv3Parser",1787179801,0,0,2,0,0,2,2,0,0,2,282,172,15774,23,13,1,13,13,38,19,13,0,41,44,17,17,51.226,68,1,36.139019,-120.36837,157.714005,10,600,58,3,"e00fce686dc2ef0a68fa40b0",2026-08-19 22:50:03.898,2026-08-19 22:50:04.135,2026-08-19 22:50:04.135,2026-08-19
"1314","C6TAMqpLWh","MOOSPMv3Parser",1787179801,4,4,0,6,6,0,0,6,6,0,1520,304,0,50,0,3,0,0,39,6,0,2,41,46,17,17,52.515,35,1,36.187477,-119.82206,21.177,9,600,58,3,"e00fce68e739ecbcf9e91965",2026-08-19 22:50:04.397,2026-08-19 22:50:04.545,2026-08-19 22:50:04.545,2026-08-19
"1315","lsGNjMaFAq","MOOSPMv3Parser",1787179801,4,4,6,8,7,9,11,11,10,12,934,281,45659,61,41,11,44,45,0,0,45,1,40,42,19,20,33.324,97,2,36.433678,-119.923317,28.966999,7,600,58,3,"e00fce6876826e255108c6bd",2026-08-19 22:50:04.487,2026-08-19 22:50:04.666,2026-08-19 22:50:04.666,2026-08-19
"1316","OSJYTwGZHR","MOOSPMv3Parser",1787179800,5,5,3,6,6,4,4,7,7,4,1194,319,145741,43,27,2,27,27,34,17,27,0,38,40,22,23,43.794,20,1,36.523293,-119.27887,88.897003,8,600,58,3,"e00fce68f12da1a0c5de6248",2026-08-19 22:50:04.614,2026-08-19 22:50:04.803,2026-08-19 22:50:04.803,2026-08-19
"1317","fe9VEQS1q9","MOOSPMv3Parser",1787180400,4,4,3,6,6,3,3,6,6,3,1794,296,26989,41,22,2,22,22,36,12,22,0,39,42,20,22,58.072,54,1,36.503063,-120.325424,56.152,8,600,58,3,"e00fce68e77e43df92405fdb",2026-08-19 23:00:02.684,2026-08-19 23:00:03.037,2026-08-19 23:00:03.037,2026-08-19
"1318","OTu05MvS2i","MOOSPMv3Parser",1787180400,0,0,3,1,1,3,3,1,1,3,315,211,64537,29,21,2,21,21,40,17,21,0,35,46,24,17,36.374,56,1,36.138927,-120.368385,146.832001,9,600,58,3,"e00fce68d6b773b56ce8baa0",2026-08-19 23:00:02.768,2026-08-19 23:00:03.129,2026-08-19 23:00:03.129,2026-08-19
"1319","xNNrcLxeOA","MOOSPMv3Parser",1787180400,3,3,2,5,5,3,3,5,5,3,858,223,92231,34,19,2,19,19,35,8,19,0,38,40,20,20,43.521,16,1,35.949551,-119.049988,95.331001,7,600,58,3,"e00fce6808784ceaf209f949",2026-08-19 23:00:02.841,2026-08-19 23:00:03.166,2026-08-19 23:00:03.166,2026-08-19
"1320","sleLFlRUfO","MOOSPMv3Parser",1787180401,4,4,3,6,6,4,4,6,6,4,2037,286,141524,34,26,2,27,27,38,8,27,0,41,44,15,16,55.836,31,1,36.762737,-119.798752,55.931,9,599,58,3,"e00fce68e88237db75a60608",2026-08-19 23:00:03.274,2026-08-19 23:00:03.603,2026-08-19 23:00:03.603,2026-08-19
"1321","9AoDsdHye2","MOOSPMv3Parser",1787180400,3,3,3,5,5,3,3,5,5,3,902,234,91164,36,24,2,24,24,41,7,24,0,43,49,16,15,50.432,201,3277,2.5e-05,-0.004246,1378.108032,7,600,58,3,"e00fce68e28dcbc9a589be10",2026-08-19 23:00:03.405,2026-08-19 23:00:03.65,2026-08-19 23:00:03.65,2026-08-19
"1322","d2Ng2biOgA","MOOSPMv3Parser",1787180400,5,5,4,7,7,4,4,7,7,4,1192,321,145767,46,30,2,30,30,34,18,30,0,38,40,24,24,45.153,20,1,36.523361,-119.278801,76.401001,7,600,58,3,"e00fce68f12da1a0c5de6248",2026-08-19 23:00:03.651,2026-08-19 23:00:03.822,2026-08-19 23:00:03.822,2026-08-19
"1323","Jm3GEMX1pu","MOOSPMv3Parser",1787180401,0,0,2,0,0,2,2,0,0,2,277,171,15784,21,12,1,12,12,38,20,12,0,41,44,17,17,52.831,56,1,36.139111,-120.368408,166.121994,8,600,58,3,"e00fce686dc2ef0a68fa40b0",2026-08-19 23:00:03.547,2026-08-19 23:00:03.844,2026-08-19 23:00:03.844,2026-08-19
"1324","7VVm8zbYwu","MOOSPMv3Parser",1787180401,4,4,0,6,6,0,0,7,7,0,1504,313,0,50,0,4,0,0,39,6,0,2,41,45,18,18,53.824,37,1,36.187473,-119.821976,7.79,8,600,58,3,"e00fce68e739ecbcf9e91965",2026-08-19 23:00:04.326,2026-08-19 23:00:04.489,2026-08-19 23:00:04.489,2026-08-19
"1325","BL2aNoPs9N","MOOSPMv3Parser",1787180401,2,2,3,4,4,3,3,5,5,3,991,213,70641,37,21,2,21,21,38,7,21,0,45,44,14,17,512.313,125,1,36.139065,-120.368378,179.886993,7,598,58,3,"e00fce6850cac69f647dc199",2026-08-19 23:00:04.368,2026-08-19 23:00:04.547,2026-08-19 23:00:04.547,2026-08-19
"1326","zTkCXrg5q5","MOOSPMv3Parser",1787180401,3,3,3,5,5,4,5,6,6,5,680,206,45681,37,26,5,26,27,0,0,27,1,40,42,18,20,32.821,97,2,36.433647,-119.923363,28.295,7,600,58,3,"e00fce6876826e255108c6bd",2026-08-19 23:00:04.37,2026-08-19 23:00:04.554,2026-08-19 23:00:04.554,2026-08-19
"1327","TuOCyVnNFR","MOOSPMv3Parser",1787181000,4,4,3,6,6,3,3,7,7,3,1785,296,27008,41,22,2,22,22,36,12,22,0,39,42,20,21,55.551,76,1,36.503139,-120.325417,42.794998,5,600,58,3,"e00fce68e77e43df92405fdb",2026-08-19 23:10:02.537,2026-08-19 23:10:02.695,2026-08-19 23:10:02.695,2026-08-19
"1328","Kn2iw3zReK","MOOSPMv3Parser",1787181000,5,5,4,8,8,4,4,8,8,4,1311,356,145796,51,33,2,33,33,34,19,33,0,38,39,24,25,46.469,19,2,36.52322,-119.278824,65.009003,6,600,58,3,"e00fce68f12da1a0c5de6248",2026-08-19 23:10:02.788,2026-08-19 23:10:02.971,2026-08-19 23:10:02.971,2026-08-19
"1329","NHRHBV25t6","MOOSPMv3Parser",1787181000,4,4,3,6,6,4,4,6,6,4,957,248,92252,43,25,3,26,26,35,9,26,1,38,40,21,21,44.041,15,1,35.949493,-119.049973,98.68,8,600,58,3,"e00fce6808784ceaf209f949",2026-08-19 23:10:02.912,2026-08-19 23:10:03.113,2026-08-19 23:10:03.113,2026-08-19
"1330","X8x43grtAT","MOOSPMv3Parser",1787181000,0,0,3,1,1,3,3,1,1,3,307,207,64555,30,21,2,21,21,40,17,21,0,35,45,24,17,35.818,60,1,36.138939,-120.368401,149.459,10,600,58,3,"e00fce68d6b773b56ce8baa0",2026-08-19 23:10:03.171,2026-08-19 23:10:03.354,2026-08-19 23:10:03.354,2026-08-19
"1331","CQwVG1Q0Ci","MOOSPMv3Parser",1787181001,3,3,3,5,5,4,4,5,5,4,1892,259,141548,34,27,2,27,27,38,7,27,0,41,45,14,15,56.071,30,1,36.762741,-119.79882,43.997002,8,599,58,3,"e00fce68e88237db75a60608",2026-08-19 23:10:03.247,2026-08-19 23:10:03.474,2026-08-19 23:10:03.474,2026-08-19
"1332","JxGlKL2N0G","MOOSPMv3Parser",1787181000,3,3,3,5,5,3,3,5,5,3,898,232,91184,37,23,2,23,23,41,7,23,0,43,48,15,14,49.525,215,3277,2.5e-05,-0.004246,1378.108032,7,600,58,3,"e00fce68e28dcbc9a589be10",2026-08-19 23:10:03.403,2026-08-19 23:10:03.566,2026-08-19 23:10:03.566,2026-08-19
"1333","I7Htt299ng","MOOSPMv3Parser",1787181001,0,0,2,0,0,2,2,0,0,2,282,174,15795,23,13,1,13,13,38,20,13,0,42,43,16,17,51.119,57,1,36.139015,-120.368378,162.815002,8,600,58,3,"e00fce686dc2ef0a68fa40b0",2026-08-19 23:10:03.718,2026-08-19 23:10:03.896,2026-08-19 23:10:03.896,2026-08-19
"1334","ssQOp2qIwk","MOOSPMv3Parser",1787181001,2,2,3,4,4,3,3,5,5,3,989,215,70423,36,21,2,21,21,38,7,21,0,45,44,13,17,512.29,122,1,36.138969,-120.368462,172.819,6,600,58,3,"e00fce6850cac69f647dc199",2026-08-19 23:10:03.874,2026-08-19 23:10:04.046,2026-08-19 23:10:04.046,2026-08-19
"1335","qR6IVpYXAA","MOOSPMv3Parser",1787181001,3,3,3,5,5,4,4,6,6,4,691,207,45703,35,26,5,27,27,0,0,27,0,39,42,18,19,33.747,97,2,36.433937,-119.923363,28.164,5,600,58,3,"e00fce6876826e255108c6bd",2026-08-19 23:10:04.296,2026-08-19 23:10:04.482,2026-08-19 23:10:04.482,2026-08-19
"1336","QiwDbJFkpn","MOOSPMv3Parser",1787181001,4,4,0,6,6,0,0,6,6,0,1475,301,0,53,0,3,0,0,39,6,0,2,41,45,18,17,54.274,30,1,36.18745,-119.822311,-2.022,8,600,58,3,"e00fce68e739ecbcf9e91965",2026-08-19 23:10:04.328,2026-08-19 23:10:04.536,2026-08-19 23:10:04.536,2026-08-19
"1337","qqCedV6yHW","MOOSPMv3Parser",1787181600,4,4,3,6,6,3,3,6,6,3,1746,293,27029,43,25,2,25,25,36,11,25,0,39,42,19,21,60.23,48,1,36.503033,-120.325378,53.543999,6,600,58,3,"e00fce68e77e43df92405fdb",2026-08-19 23:20:02.575,2026-08-19 23:20:02.778,2026-08-19 23:20:02.778,2026-08-19
"1338","uBqjDlXuB1","MOOSPMv3Parser",1787181600,0,0,3,1,1,3,3,1,1,3,313,208,64573,31,22,3,22,22,40,18,22,0,35,45,24,17,36.347,53,1,36.138805,-120.36837,153.748993,7,600,58,3,"e00fce68d6b773b56ce8baa0",2026-08-19 23:20:02.914,2026-08-19 23:20:03.118,2026-08-19 23:20:03.118,2026-08-19
"1339","MWqblVGx1Y","MOOSPMv3Parser",1787181600,3,3,3,5,5,3,3,5,5,3,965,233,92270,36,20,2,20,20,35,9,20,0,38,40,21,21,43.383,14,1,35.949669,-119.04998,97.352997,7,600,58,3,"e00fce6808784ceaf209f949",2026-08-19 23:20:02.914,2026-08-19 23:20:03.13,2026-08-19 23:20:03.13,2026-08-19
"1340","wfZYmjcOW1","MOOSPMv3Parser",1787181601,3,3,3,4,4,3,3,5,5,3,1885,243,141331,28,22,1,22,22,38,6,22,0,42,45,13,15,57.095,23,1,36.762745,-119.798813,62.987,8,600,58,3,"e00fce68e88237db75a60608",2026-08-19 23:20:03.271,2026-08-19 23:20:03.51,2026-08-19 23:20:03.51,2026-08-19
"1341","OZgLriAqZc","MOOSPMv3Parser",1787181600,3,3,3,4,4,3,3,5,5,3,887,224,91204,37,23,2,23,23,41,7,23,0,43,48,16,15,51.03,167,3277,2.5e-05,-0.004246,1378.108032,7,600,58,3,"e00fce68e28dcbc9a589be10",2026-08-19 23:20:03.404,2026-08-19 23:20:03.54,2026-08-19 23:20:03.54,2026-08-19
"1342","LHdCaaaha6","MOOSPMv3Parser",1787181600,6,6,4,8,8,4,4,8,8,4,1341,362,145825,49,33,2,33,33,34,20,33,0,38,39,24,25,47.849,15,2,36.523479,-119.278809,82.392998,8,600,58,3,"e00fce68f12da1a0c5de6248",2026-08-19 23:20:03.349,2026-08-19 23:20:03.59,2026-08-19 23:20:03.59,2026-08-19
"1343","al1OhU64BW","MOOSPMv3Parser",1787181601,3,3,3,4,4,3,3,4,4,3,961,209,70442,34,21,2,21,21,38,7,21,0,45,44,14,18,512.372,107,1,36.138988,-120.368347,156.294998,7,600,58,3,"e00fce6850cac69f647dc199",2026-08-19 23:20:03.711,2026-08-19 23:20:03.917,2026-08-19 23:20:03.917,2026-08-19
"1344","BugVYTNbFJ","MOOSPMv3Parser",1787181601,4,4,0,6,6,0,0,7,7,0,1542,305,0,54,0,3,0,0,39,6,0,2,41,45,17,17,54.283,26,1,36.187454,-119.822182,13.756,9,600,58,3,"e00fce68e739ecbcf9e91965",2026-08-19 23:20:04.331,2026-08-19 23:20:04.524,2026-08-19 23:20:04.524,2026-08-19
"1345","QDkDaJEmLv","MOOSPMv3Parser",1787181601,3,3,3,5,5,4,4,5,5,4,683,207,45726,35,26,3,26,26,0,0,26,0,39,42,18,20,33.695,97,3,36.433937,-119.923363,28.162001,0,600,58,3,"e00fce6876826e255108c6bd",2026-08-19 23:20:04.415,2026-08-19 23:20:04.581,2026-08-19 23:20:04.581,2026-08-19
"1346","QaHwlD53Co","MOOSPMv3Parser",1787181601,0,0,2,0,0,2,2,0,0,2,272,169,15806,21,13,1,13,13,37,20,13,0,41,43,17,18,50.961,49,1,36.13908,-120.368462,182.089996,9,600,58,3,"e00fce686dc2ef0a68fa40b0",2026-08-19 23:20:07.948,2026-08-19 23:20:08.097,2026-08-19 23:20:08.097,2026-08-19
"1347","XekjdFhWFA","MOOSPMv3Parser",1787182200,4,4,3,6,6,3,3,6,6,3,1758,294,27050,40,23,2,23,23,36,11,23,0,39,42,19,20,58.915,57,1,36.503139,-120.325363,65.949997,5,600,58,3,"e00fce68e77e43df92405fdb",2026-08-19 23:30:02.318,2026-08-19 23:30:02.518,2026-08-19 23:30:02.518,2026-08-19
"1348","pWR5fB1Aib","MOOSPMv3Parser",1787182200,5,5,4,7,7,4,4,7,7,4,1152,313,145850,44,30,2,30,30,34,19,30,0,38,39,23,25,45.011,22,3,36.523323,-119.278862,82.428001,7,600,58,3,"e00fce68f12da1a0c5de6248",2026-08-19 23:30:02.855,2026-08-19 23:30:03.022,2026-08-19 23:30:03.022,2026-08-19
"1349","nTvTfRXYap","MOOSPMv3Parser",1787182200,3,3,3,5,5,3,3,5,5,3,883,223,92288,35,21,2,21,21,34,9,21,0,38,40,19,21,43.795,11,1,35.949638,-119.050003,107.25,6,600,58,3,"e00fce6808784ceaf209f949",2026-08-19 23:30:02.834,2026-08-19 23:30:03.061,2026-08-19 23:30:03.061,2026-08-19
"1350","OJ5TrZ9L0b","MOOSPMv3Parser",1787182201,4,4,3,6,6,3,3,6,6,3,2087,299,141589,40,25,2,26,26,38,8,26,0,41,44,15,16,56.112,32,1,36.762745,-119.798744,53.424,9,599,58,3,"e00fce68e88237db75a60608",2026-08-19 23:30:03.317,2026-08-19 23:30:03.472,2026-08-19 23:30:03.472,2026-08-19
"1351","cC7NhI7I7i","MOOSPMv3Parser",1787182200,0,0,3,0,0,3,3,1,1,3,308,205,64591,30,21,3,21,21,40,18,21,0,35,45,24,18,35.84,51,1,36.139004,-120.368469,159.082001,9,600,58,3,"e00fce68d6b773b56ce8baa0",2026-08-19 23:30:03.318,2026-08-19 23:30:03.474,2026-08-19 23:30:03.474,2026-08-19
"1352","0wZb6PgHKn","MOOSPMv3Parser",1787182200,3,3,3,5,5,3,3,5,5,3,942,242,91225,37,25,2,25,25,41,7,25,0,43,48,16,15,48.663,221,3277,2.5e-05,-0.004246,1378.108032,7,600,58,3,"e00fce68e28dcbc9a589be10",2026-08-19 23:30:03.48,2026-08-19 23:30:03.667,2026-08-19 23:30:03.667,2026-08-19
"1353","y5Kidt9F6Y","MOOSPMv3Parser",1787182201,3,3,3,5,5,4,4,5,5,4,678,205,45747,35,25,3,25,25,0,0,25,0,40,42,18,20,32.72,97,3,36.433567,-119.923325,25.905001,7,600,58,3,"e00fce6876826e255108c6bd",2026-08-19 23:30:04.317,2026-08-19 23:30:04.479,2026-08-19 23:30:04.479,2026-08-19
"1354","47DqlowSsN","MOOSPMv3Parser",1787182201,4,4,0,6,6,0,0,6,6,0,1532,301,0,50,0,3,0,0,38,6,0,2,41,45,17,17,54.364,27,1,36.187523,-119.822304,9.946,8,600,58,3,"e00fce68e739ecbcf9e91965",2026-08-19 23:30:04.476,2026-08-19 23:30:04.721,2026-08-19 23:30:04.721,2026-08-19
"1355","imqE9wzwox","MOOSPMv3Parser",1787182201,0,0,2,0,0,2,2,0,0,2,279,174,15817,22,13,1,13,13,37,20,13,0,41,43,17,18,51.505,50,1,36.138988,-120.368423,174.442993,10,600,58,3,"e00fce686dc2ef0a68fa40b0",2026-08-19 23:30:07.559,2026-08-19 23:30:07.716,2026-08-19 23:30:07.716,2026-08-19
"1356","OhNzMJbSu7","MOOSPMv3Parser",1787182201,3,3,3,4,4,3,3,5,5,3,988,218,70461,35,22,2,22,22,37,7,22,0,45,43,14,18,512.395,108,1,36.139011,-120.368393,172.395004,5,600,58,3,"e00fce6850cac69f647dc199",2026-08-19 23:30:08.448,2026-08-19 23:30:08.622,2026-08-19 23:30:08.622,2026-08-19
"1357","i2MKSrVezp","MOOSPMv3Parser",1787182800,4,4,3,6,6,3,3,7,7,3,1872,310,27070,45,23,2,23,23,36,12,23,0,40,42,20,22,60.407,54,1,36.503052,-120.325363,58.074001,6,600,58,3,"e00fce68e77e43df92405fdb",2026-08-19 23:40:02.388,2026-08-19 23:40:02.539,2026-08-19 23:40:02.539,2026-08-19
"1358","67mJd3C4mc","MOOSPMv3Parser",1787182800,0,0,3,1,1,3,3,1,1,3,309,207,64608,31,21,2,21,21,39,18,21,0,35,44,24,18,35.777,43,1,36.139088,-120.368431,149.065994,7,600,58,3,"e00fce68d6b773b56ce8baa0",2026-08-19 23:40:02.861,2026-08-19 23:40:03.043,2026-08-19 23:40:03.043,2026-08-19
"1359","K8uLI3m7yR","MOOSPMv3Parser",1787182800,4,4,3,6,6,4,4,6,6,4,963,251,92310,37,25,2,26,26,34,10,26,0,38,40,22,22,43.799,10,1,35.94965,-119.049927,119.179001,6,600,58,3,"e00fce6808784ceaf209f949",2026-08-19 23:40:02.907,2026-08-19 23:40:03.097,2026-08-19 23:40:03.097,2026-08-19
"1360","XJrWkqOE6u","MOOSPMv3Parser",1787182801,4,4,3,6,6,3,3,7,7,3,2070,315,141612,40,26,2,26,26,38,7,26,0,41,44,15,16,58.509,29,1,36.762703,-119.798798,44.383999,7,599,58,3,"e00fce68e88237db75a60608",2026-08-19 23:40:03.449,2026-08-19 23:40:03.611,2026-08-19 23:40:03.611,2026-08-19
"1361","3R6DRSU5MC","MOOSPMv3Parser",1787182800,3,3,3,5,5,3,3,5,5,3,946,244,91245,40,23,2,23,23,40,7,23,0,42,48,16,15,52.72,151,3277,2.5e-05,-0.004246,1378.108032,7,600,58,3,"e00fce68e28dcbc9a589be10",2026-08-19 23:40:03.57,2026-08-19 23:40:03.76,2026-08-19 23:40:03.76,2026-08-19
"1362","L8Yg29juhR","MOOSPMv3Parser",1787182801,0,0,2,0,0,2,2,0,0,2,278,169,15830,21,15,1,15,15,37,20,15,0,41,42,17,18,52.091,43,1,36.138954,-120.368408,160.731003,11,600,58,3,"e00fce686dc2ef0a68fa40b0",2026-08-19 23:40:03.649,2026-08-19 23:40:03.849,2026-08-19 23:40:03.849,2026-08-19
"1363","HSEq85TEYj","MOOSPMv3Parser",1787182801,3,3,3,4,4,3,3,5,5,3,973,219,70482,36,24,2,24,24,37,8,24,0,45,43,14,18,512.447,93,1,36.139011,-120.368393,172.395004,0,600,58,3,"e00fce6850cac69f647dc199",2026-08-19 23:40:04.17,2026-08-19 23:40:04.369,2026-08-19 23:40:04.369,2026-08-19
"1364","dSJxsho2Tw","MOOSPMv3Parser",1787182801,4,4,0,6,6,0,0,6,6,0,1467,310,0,48,0,3,0,0,38,6,0,2,41,45,17,17,54.43,24,1,36.187534,-119.822121,22.705,10,600,58,3,"e00fce68e739ecbcf9e91965",2026-08-19 23:40:04.245,2026-08-19 23:40:04.484,2026-08-19 23:40:04.484,2026-08-19
"1365","XfgFYkXsme","MOOSPMv3Parser",1787182801,3,3,4,5,5,4,5,6,6,5,715,216,45772,39,29,4,30,30,0,0,30,1,40,42,18,20,33.101,97,3,36.433556,-119.923332,15.188,8,600,58,3,"e00fce6876826e255108c6bd",2026-08-19 23:40:04.377,2026-08-19 23:40:04.569,2026-08-19 23:40:04.569,2026-08-19
"1366","7nZXQcpiyA","MOOSPMv3Parser",1787182800,4,4,4,6,6,4,4,6,6,4,1094,296,145875,40,28,2,29,29,34,18,29,0,38,39,23,24,45.963,23,3,36.523384,-119.278839,78.408997,6,600,58,3,"e00fce68f12da1a0c5de6248",2026-08-19 23:40:41.916,2026-08-19 23:40:42.052,2026-08-19 23:40:42.052,2026-08-19
"1367","8MQ5QhUfYA","MOOSPMv3Parser",1787183400,4,4,3,6,6,3,3,7,7,3,1835,304,27090,43,23,2,24,24,36,12,24,0,40,42,20,22,58.444,64,1,36.503227,-120.325401,63.537998,7,600,58,3,"e00fce68e77e43df92405fdb",2026-08-19 23:50:02.459,2026-08-19 23:50:02.63,2026-08-19 23:50:02.63,2026-08-19
"1368","GQGc8p9hTw","MOOSPMv3Parser",1787183400,5,5,3,7,7,3,3,7,7,3,1113,290,92330,43,24,3,24,24,34,11,24,0,38,39,22,23,45.707,10,1,35.949608,-119.049957,104.716003,7,600,58,3,"e00fce6808784ceaf209f949",2026-08-19 23:50:02.911,2026-08-19 23:50:03.104,2026-08-19 23:50:03.104,2026-08-19
"1369","RaERWuCToA","MOOSPMv3Parser",1787183401,5,5,3,7,7,4,4,7,7,4,2152,328,141636,49,27,3,27,27,38,8,27,0,41,44,15,16,57.171,32,1,36.762753,-119.798759,53.816002,7,599,58,3,"e00fce68e88237db75a60608",2026-08-19 23:50:03.246,2026-08-19 23:50:03.426,2026-08-19 23:50:03.426,2026-08-19
"1370","m0rhjPTzsw","MOOSPMv3Parser",1787183400,0,0,3,1,1,3,3,1,1,3,303,205,64626,30,22,2,22,22,39,18,22,0,35,44,24,18,36.47,37,1,36.13903,-120.368477,185.130997,6,600,58,3,"e00fce68d6b773b56ce8baa0",2026-08-19 23:50:03.344,2026-08-19 23:50:03.486,2026-08-19 23:50:03.486,2026-08-19
"1371","aoQPkQx60g","MOOSPMv3Parser",1787183401,3,3,3,4,4,3,3,4,4,3,967,218,70502,33,23,1,23,23,37,8,23,0,45,42,14,18,512.494,73,1,36.139,-120.368439,163.302994,9,600,58,3,"e00fce6850cac69f647dc199",2026-08-19 23:50:03.383,2026-08-19 23:50:03.54,2026-08-19 23:50:03.54,2026-08-19
"1372","TE7IjLQDor","MOOSPMv3Parser",1787183400,4,4,4,6,6,4,4,6,6,4,1066,292,145899,39,28,2,28,28,34,16,28,0,38,39,21,23,46.028,21,2,36.523384,-119.278839,78.404999,0,600,58,3,"e00fce68f12da1a0c5de6248",2026-08-19 23:50:03.472,2026-08-19 23:50:03.619,2026-08-19 23:50:03.619,2026-08-19
"1373","aO3KIABrMF","MOOSPMv3Parser",1787183400,3,3,3,5,5,3,3,5,5,3,872,233,91266,36,23,2,24,24,40,7,24,0,42,47,15,15,51.66,157,3277,2.5e-05,-0.004246,1378.108032,7,600,58,3,"e00fce68e28dcbc9a589be10",2026-08-19 23:50:03.483,2026-08-19 23:50:03.777,2026-08-19 23:50:03.777,2026-08-19
"1374","3JgIBZrgva","MOOSPMv3Parser",1787183401,0,0,2,0,0,2,2,0,0,2,276,169,15841,22,13,1,13,13,36,21,13,0,41,42,17,18,52.688,36,1,36.138954,-120.368408,160.723999,0,600,58,3,"e00fce686dc2ef0a68fa40b0",2026-08-19 23:50:04.112,2026-08-19 23:50:04.365,2026-08-19 23:50:04.365,2026-08-19
"1375","0yUB5k07pZ","MOOSPMv3Parser",1787183401,4,4,0,6,6,0,0,6,6,0,1383,292,0,52,0,4,0,0,38,6,0,2,41,45,18,18,54.049,25,1,36.187534,-119.822121,22.708,0,600,58,3,"e00fce68e739ecbcf9e91965",2026-08-19 23:50:04.246,2026-08-19 23:50:04.418,2026-08-19 23:50:04.418,2026-08-19
"1376","F6lEdX8JKA","MOOSPMv3Parser",1787183401,3,3,3,5,5,4,4,6,6,4,693,209,45794,34,26,4,26,26,0,0,26,0,40,42,19,20,32.905,97,3,36.433666,-119.923309,26.117001,7,600,58,3,"e00fce6876826e255108c6bd",2026-08-19 23:50:04.298,2026-08-19 23:50:04.464,2026-08-19 23:50:04.464,2026-08-19
