"","objectId","event","unixtime","m_PM1_CF1","m_PM1_ATM","m_PM1_b","m_PM25_CF1","m_PM25_ATM","m_PM25_b","m_PM4_b","m_PM10_CF1","m_PM10_ATM","m_PM10_b","n_PM03_P","n_PM05_P","n_PM05_b","n_PM1_P","n_PM1_b","n_PM25_P","n_PM25_b","n_PM4_b","tempC_pms","rh_pms","n_PM10_b","typ_size_b","temp_C","tempC_sen5x","rh","rh_sen5x","o3","vocIdx","noxIdx","lat","lon","alt","sats","counter","moos","ver","coreid","published_at","createdAt","updatedAt","date"
"1","tN82bjbbdf","MOOSPMv3Parser",1786579200,2,2,1,3,3,1,1,3,3,1,1106,159,750,20,9,1,9,9,36,14,9,0,39,41,20,24,32.842,383,1,36.503078,-120.325386,59.789001,0,600,58,3,"e00fce68e77e43df92405fdb",2026-08-13 00:00:02.139,2026-08-13 00:00:02.697,2026-08-13 00:00:02.697,2026-08-13
"2","ZW8nkyfJXM","MOOSPMv3Parser",1786579201,0,0,1,0,0,2,2,0,0,2,226,138,42342,17,11,1,11,11,36,21,11,0,38,41,22,22,18.73,85,1,36.138985,-120.368408,168.104004,10,600,58,3,"e00fce68d6b773b56ce8baa0",2026-08-13 00:00:02.413,2026-08-13 00:00:03.459,2026-08-13 00:00:03.459,2026-08-13
"3","0PBejSr6b7","MOOSPMv3Parser",1786579201,1,1,2,2,2,2,2,2,2,2,556,149,63063,23,16,1,16,16,38,10,16,0,40,45,20,19,29.943,108,3277,3.1e-05,0.002265,33216.242188,6,600,58,3,"e00fce68e28dcbc9a589be10",2026-08-13 00:00:02.69,2026-08-13 00:00:03.791,2026-08-13 00:00:03.791,2026-08-13
"4","1gjYMcXB2z","MOOSPMv3Parser",1786579200,1,1,0,3,3,0,0,3,3,0,885,167,0,27,0,2,0,0,38,8,0,2,40,45,20,20,30.773,63,1,36.187458,-119.822159,14.68,8,600,58,3,"e00fce68e739ecbcf9e91965",2026-08-13 00:00:02.958,2026-08-13 00:00:03.846,2026-08-13 00:00:03.846,2026-08-13
"5","FLkiPfNiew","MOOSPMv3Parser",1786579200,1,1,2,1,1,2,2,2,2,2,565,124,47012,17,12,1,12,12,34,11,12,0,41,40,18,22,40.687,103,1,36.139023,-120.368538,172.718994,7,600,58,3,"e00fce6850cac69f647dc199",2026-08-13 00:00:03.504,2026-08-13 00:00:04.281,2026-08-13 00:00:04.281,2026-08-13
"6","v6rztgGzJZ","MOOSPMv3Parser",1786579201,0,0,1,0,0,1,1,0,0,1,191,101,3851,12,7,1,7,7,35,24,7,0,38,39,21,22,28.396,68,1,36.138966,-120.368347,183.246994,9,601,58,3,"e00fce686dc2ef0a68fa40b0",2026-08-13 00:00:04.128,2026-08-13 00:00:05.953,2026-08-13 00:00:05.953,2026-08-13
"7","4qwEqJJ5h1","MOOSPMv3Parser",1786579201,11,11,6,16,16,6,6,16,16,6,2153,589,63827,102,45,5,46,46,34,16,46,0,37,39,27,27,39.441,14,2,35.949318,-119.05011,72.272003,6,600,58,3,"e00fce6808784ceaf209f949",2026-08-13 00:00:04.528,2026-08-13 00:00:06.2,2026-08-13 00:00:06.2,2026-08-13
"8","88v0vBs6Uy","MOOSPMv3Parser",1786579201,1,1,2,3,3,2,2,3,3,2,482,143,7169,22,16,2,16,16,0,0,16,0,40,42,21,22,24.23,84,1,36.433613,-119.923378,20.605,0,600,58,3,"e00fce6876826e255108c6bd",2026-08-13 00:00:04.77,2026-08-13 00:00:06.515,2026-08-13 00:00:06.515,2026-08-13
"9","x3gDLLyrJY","MOOSPMv3Parser",1786579201,4,4,3,5,5,4,4,6,6,4,1682,269,102332,41,27,1,27,27,37,13,27,0,40,43,21,21,44.53,43,1,36.762821,-119.798744,59.041,6,600,58,3,"e00fce68e88237db75a60608",2026-08-13 00:00:05.42,2026-08-13 00:00:06.575,2026-08-13 00:00:06.575,2026-08-13
"10","EUQYB8Fh9X","MOOSPMv3Parser",1786579200,8,8,9,12,12,15,19,14,13,21,1604,443,104172,84,67,7,73,74,34,19,74,1,37,39,25,25,35.163,28,1,36.523407,-119.278786,83.817001,0,599,58,3,"e00fce68f12da1a0c5de6248",2026-08-13 00:00:07.503,2026-08-13 00:00:08.473,2026-08-13 00:00:08.473,2026-08-13
"11","ClEhojwq7J","MOOSPMv3Parser",1786579800,2,2,1,3,3,1,1,3,3,1,1097,156,760,20,10,1,10,10,36,13,10,0,40,41,20,23,31.352,405,1,36.50312,-120.325386,54.793999,8,600,58,3,"e00fce68e77e43df92405fdb",2026-08-13 00:10:01.999,2026-08-13 00:10:02.181,2026-08-13 00:10:02.181,2026-08-13
"12","fDrGChkZjQ","MOOSPMv3Parser",1786579801,0,0,2,0,0,2,2,0,0,2,229,140,42352,17,12,1,13,13,36,22,13,0,38,41,22,23,19.1,74,1,36.138985,-120.368408,168.100006,0,600,58,3,"e00fce68d6b773b56ce8baa0",2026-08-13 00:10:02.091,2026-08-13 00:10:02.281,2026-08-13 00:10:02.281,2026-08-13
"13","BlWqvHvmdV","MOOSPMv3Parser",1786579801,1,1,2,2,2,2,2,2,2,2,522,141,63076,20,15,1,15,15,38,10,15,0,40,44,20,19,29.048,104,3277,3.1e-05,0.002265,33216.242188,6,600,58,3,"e00fce68e28dcbc9a589be10",2026-08-13 00:10:02.554,2026-08-13 00:10:02.706,2026-08-13 00:10:02.706,2026-08-13
"14","QoD5uAC9QJ","MOOSPMv3Parser",1786579800,1,1,0,3,3,0,0,3,3,0,875,166,0,30,0,1,0,0,38,9,0,2,40,44,20,20,29.627,72,1,36.187374,-119.822197,7.853,9,600,58,3,"e00fce68e739ecbcf9e91965",2026-08-13 00:10:02.726,2026-08-13 00:10:02.938,2026-08-13 00:10:02.938,2026-08-13
"15","Rkce8y38jX","MOOSPMv3Parser",1786579801,0,0,1,0,0,1,1,0,0,1,197,104,3863,12,7,1,7,7,34,24,7,0,38,39,22,23,29.226,61,1,36.138981,-120.368431,158.647003,9,600,58,3,"e00fce686dc2ef0a68fa40b0",2026-08-13 00:10:03.251,2026-08-13 00:10:03.468,2026-08-13 00:10:03.468,2026-08-13
"16","HJfKAIBhiI","MOOSPMv3Parser",1786579800,1,1,2,2,2,2,2,2,2,2,578,128,47022,19,12,1,12,12,34,12,13,0,41,39,19,23,42.204,91,1,36.139015,-120.36853,179.102005,6,600,58,3,"e00fce6850cac69f647dc199",2026-08-13 00:10:04.131,2026-08-13 00:10:04.323,2026-08-13 00:10:04.323,2026-08-13
"17","1IosvRmILl","MOOSPMv3Parser",1786579801,11,11,6,15,15,6,6,16,16,6,2116,585,63867,93,46,4,46,46,34,16,46,0,36,39,27,27,40.747,11,2,35.949421,-119.050117,92.266998,7,600,58,3,"e00fce6808784ceaf209f949",2026-08-13 00:10:04.582,2026-08-13 00:10:04.733,2026-08-13 00:10:04.733,2026-08-13
"18","1j9Tpp1Ojf","MOOSPMv3Parser",1786579801,2,2,2,3,3,2,2,3,3,2,487,146,7183,22,16,2,16,16,0,0,16,0,40,42,22,23,24.79,84,1,36.433544,-119.923355,20.646,6,600,58,3,"e00fce6876826e255108c6bd",2026-08-13 00:10:04.686,2026-08-13 00:10:04.903,2026-08-13 00:10:04.903,2026-08-13
"19","UklFNdaKCO","MOOSPMv3Parser",1786579801,3,3,3,5,5,3,3,5,5,3,1650,256,102353,40,25,2,25,25,37,14,25,0,39,42,21,22,42.637,46,1,36.76265,-119.79882,48.791,5,600,58,3,"e00fce68e88237db75a60608",2026-08-13 00:10:05.236,2026-08-13 00:10:05.466,2026-08-13 00:10:05.466,2026-08-13
"20","MK0P5dTUMo","MOOSPMv3Parser",1786579800,7,7,5,9,9,5,5,10,10,5,1388,380,104204,57,37,3,38,38,33,22,38,0,36,38,26,28,37.383,31,2,36.523323,-119.278763,84.030998,7,599,58,3,"e00fce68f12da1a0c5de6248",2026-08-13 00:10:07.99,2026-08-13 00:10:08.153,2026-08-13 00:10:08.153,2026-08-13
"21","Mx4I7Awy0t","MOOSPMv3Parser",1786580400,2,2,2,4,4,2,2,4,4,2,1263,197,772,27,14,1,14,14,36,15,14,0,39,41,23,25,36.318,366,1,36.503216,-120.325401,65.637001,6,600,58,3,"e00fce68e77e43df92405fdb",2026-08-13 00:20:02.163,2026-08-13 00:20:02.345,2026-08-13 00:20:02.345,2026-08-13
"22","PSjDShbwua","MOOSPMv3Parser",1786580401,0,0,2,0,0,2,2,0,0,2,231,143,42363,19,13,2,13,13,36,22,13,0,38,40,22,23,19.072,67,1,36.138958,-120.368446,154.692001,9,600,58,3,"e00fce68d6b773b56ce8baa0",2026-08-13 00:20:02.259,2026-08-13 00:20:02.407,2026-08-13 00:20:02.407,2026-08-13
"23","0heFvroJC9","MOOSPMv3Parser",1786580401,1,1,2,2,2,2,2,2,2,2,498,134,63090,19,15,1,15,15,37,10,15,0,40,44,20,19,28.686,96,3277,3.1e-05,0.002265,33216.242188,6,600,58,3,"e00fce68e28dcbc9a589be10",2026-08-13 00:20:02.6,2026-08-13 00:20:02.775,2026-08-13 00:20:02.775,2026-08-13
"24","R4CEGR42CO","MOOSPMv3Parser",1786580400,2,2,0,3,3,0,0,3,3,0,892,170,0,27,0,2,0,0,38,8,0,2,40,44,20,20,29.729,72,1,36.187584,-119.822205,25.316999,9,600,58,3,"e00fce68e739ecbcf9e91965",2026-08-13 00:20:02.727,2026-08-13 00:20:02.896,2026-08-13 00:20:02.896,2026-08-13
"25","wMmmOefRyA","MOOSPMv3Parser",1786580401,0,0,1,0,0,1,1,0,0,1,200,106,3869,12,7,1,7,7,34,24,7,0,37,39,22,23,29.381,58,1,36.138981,-120.368431,158.645996,0,600,58,3,"e00fce686dc2ef0a68fa40b0",2026-08-13 00:20:03.729,2026-08-13 00:20:03.889,2026-08-13 00:20:03.889,2026-08-13
"26","ewk3XZcEA7","MOOSPMv3Parser",1786580400,2,2,2,3,3,2,2,3,3,2,593,131,47034,21,13,1,13,13,34,12,13,0,41,39,19,23,41.864,82,1,36.139015,-120.36853,179.104004,0,600,58,3,"e00fce6850cac69f647dc199",2026-08-13 00:20:04.383,2026-08-13 00:20:04.569,2026-08-13 00:20:04.569,2026-08-13
"27","fqcq1rM4yB","MOOSPMv3Parser",1786580401,10,10,6,15,15,6,6,15,15,6,2002,554,63905,95,44,5,44,44,34,16,44,0,37,39,28,27,39.628,8,2,35.949474,-119.049965,111.096001,7,600,58,3,"e00fce6808784ceaf209f949",2026-08-13 00:20:04.525,2026-08-13 00:20:04.756,2026-08-13 00:20:04.756,2026-08-13
"28","SNw8pqdAqK","MOOSPMv3Parser",1786580401,2,2,2,3,3,2,2,4,4,2,507,152,7197,23,17,2,17,17,0,0,17,0,39,42,22,23,25.494,84,1,36.433624,-119.92337,22.108,6,600,58,3,"e00fce6876826e255108c6bd",2026-08-13 00:20:04.665,2026-08-13 00:20:04.88,2026-08-13 00:20:04.88,2026-08-13
"29","wI0UWlPW8q","MOOSPMv3Parser",1786580401,3,3,3,4,4,3,3,4,4,3,1528,226,102373,34,23,1,23,23,36,14,23,0,39,42,22,22,42.749,41,1,36.762489,-119.798775,52.618999,5,600,58,3,"e00fce68e88237db75a60608",2026-08-13 00:20:05.418,2026-08-13 00:20:05.673,2026-08-13 00:20:05.673,2026-08-13
"30","82elCmBpX4","MOOSPMv3Parser",1786580400,6,6,5,9,9,5,5,9,9,5,1334,366,104236,54,37,2,37,37,33,22,37,0,36,38,27,27,38.138,23,2,36.523361,-119.278809,85.386002,7,599,58,3,"e00fce68f12da1a0c5de6248",2026-08-13 00:20:07.11,2026-08-13 00:20:07.322,2026-08-13 00:20:07.322,2026-08-13
"31","ZDyv1cNeLN","MOOSPMv3Parser",1786581001,0,0,2,0,0,2,2,0,0,2,231,145,42374,20,13,2,13,13,35,23,13,0,37,40,23,23,19.297,55,1,36.139015,-120.368439,178.667007,6,600,58,3,"e00fce68d6b773b56ce8baa0",2026-08-13 00:30:01.928,2026-08-13 00:30:02.087,2026-08-13 00:30:02.087,2026-08-13
"32","96ZxdAHgUl","MOOSPMv3Parser",1786581000,4,4,3,6,6,3,4,6,6,4,1491,254,790,37,22,3,22,22,35,16,22,1,38,40,24,27,44.083,267,1,36.503071,-120.325386,50.919998,6,600,58,3,"e00fce68e77e43df92405fdb",2026-08-13 00:30:02.014,2026-08-13 00:30:02.192,2026-08-13 00:30:02.192,2026-08-13
"33","rjLCJt6k5A","MOOSPMv3Parser",1786581000,0,0,1,0,0,1,1,0,0,1,200,108,3882,13,8,1,8,8,34,24,8,0,37,38,23,23,29.573,51,1,36.139038,-120.368454,173.561996,8,599,58,3,"e00fce686dc2ef0a68fa40b0",2026-08-13 00:30:02.605,2026-08-13 00:30:02.814,2026-08-13 00:30:02.814,2026-08-13
"34","ama6AmjCDu","MOOSPMv3Parser",1786581001,1,1,2,2,2,2,2,2,2,2,502,134,63101,20,13,1,13,13,37,11,13,0,39,43,21,20,28.204,84,3277,3.1e-05,0.002265,33216.242188,6,600,58,3,"e00fce68e28dcbc9a589be10",2026-08-13 00:30:02.719,2026-08-13 00:30:02.88,2026-08-13 00:30:02.88,2026-08-13
"35","WC5qu8W9rA","MOOSPMv3Parser",1786581000,2,2,0,3,3,0,0,3,3,0,878,172,0,31,0,1,0,0,38,10,0,2,40,44,22,21,29.604,73,1,36.187408,-119.822212,-1.674,8,600,58,3,"e00fce68e739ecbcf9e91965",2026-08-13 00:30:02.81,2026-08-13 00:30:02.987,2026-08-13 00:30:02.987,2026-08-13
"36","2n2RHRw4mq","MOOSPMv3Parser",1786581000,2,2,2,2,2,2,2,3,3,2,629,130,47045,19,13,1,13,13,34,12,13,0,40,38,19,24,42.92,70,1,36.138969,-120.368416,142.470993,6,600,58,3,"e00fce6850cac69f647dc199",2026-08-13 00:30:03.238,2026-08-13 00:30:03.406,2026-08-13 00:30:03.406,2026-08-13
"37","raKMIVdECf","MOOSPMv3Parser",1786581000,7,7,4,9,9,5,5,9,9,5,1329,368,104267,55,35,2,35,35,33,23,35,0,36,38,27,29,36.637,31,2,36.523285,-119.278862,106.521004,6,599,58,3,"e00fce68f12da1a0c5de6248",2026-08-13 00:30:03.67,2026-08-13 00:30:03.814,2026-08-13 00:30:03.814,2026-08-13
"38","PcdEbBNTKP","MOOSPMv3Parser",1786581001,10,10,5,14,14,6,6,14,14,6,1987,542,63942,87,42,4,42,42,34,16,42,0,37,39,28,27,39.43,11,2,35.949474,-119.049965,111.091003,0,600,58,3,"e00fce6808784ceaf209f949",2026-08-13 00:30:04.364,2026-08-13 00:30:04.533,2026-08-13 00:30:04.533,2026-08-13
"39","zlugirK21p","MOOSPMv3Parser",1786581001,2,2,2,3,3,2,2,4,4,2,511,155,7212,26,17,2,17,17,0,0,17,0,39,42,22,23,25.902,84,1,36.433628,-119.923416,22.305,7,600,58,3,"e00fce6876826e255108c6bd",2026-08-13 00:30:04.661,2026-08-13 00:30:04.811,2026-08-13 00:30:04.811,2026-08-13
"40","OUJDOc9qrl","MOOSPMv3Parser",1786581001,3,3,3,4,4,3,3,5,5,3,1573,231,102393,35,23,2,23,23,36,14,23,0,40,42,21,22,42.423,39,1,36.762737,-119.798744,52.359001,8,600,58,3,"e00fce68e88237db75a60608",2026-08-13 00:30:05.244,2026-08-13 00:30:05.453,2026-08-13 00:30:05.453,2026-08-13
"41","0Keai8VTEX","MOOSPMv3Parser",1786581600,4,4,3,6,6,4,4,6,6,5,1498,262,808,39,21,3,22,22,35,16,22,1,39,40,23,26,42.94,244,1,36.503124,-120.325294,38.446999,6,600,58,3,"e00fce68e77e43df92405fdb",2026-08-13 00:40:02.072,2026-08-13 00:40:02.238,2026-08-13 00:40:02.238,2026-08-13
"42","nQ05mmg91E","MOOSPMv3Parser",1786581601,0,0,2,0,0,2,2,0,0,2,222,138,42385,18,13,1,13,13,35,23,13,0,37,39,23,24,18.92,52,1,36.13905,-120.368477,159.227997,6,600,58,3,"e00fce68d6b773b56ce8baa0",2026-08-13 00:40:02.105,2026-08-13 00:40:02.307,2026-08-13 00:40:02.307,2026-08-13
"43","bUDQNkva7b","MOOSPMv3Parser",1786581601,1,1,2,2,2,2,2,2,2,2,566,152,63114,22,15,1,15,15,36,11,15,0,38,42,21,20,27.944,67,3277,3.1e-05,0.002265,33216.242188,6,600,58,3,"e00fce68e28dcbc9a589be10",2026-08-13 00:40:02.65,2026-08-13 00:40:02.836,2026-08-13 00:40:02.836,2026-08-13
"44","JDMEBDqw8A","MOOSPMv3Parser",1786581600,2,2,0,3,3,0,0,3,3,0,867,168,0,27,0,2,0,0,38,9,0,2,39,44,21,21,30.125,56,1,36.187408,-119.822212,-1.675,0,600,58,3,"e00fce68e739ecbcf9e91965",2026-08-13 00:40:02.728,2026-08-13 00:40:02.877,2026-08-13 00:40:02.877,2026-08-13
"45","EZ3HTP2j43","MOOSPMv3Parser",1786581601,0,0,1,0,0,1,1,0,0,1,179,95,2329212,12,6,0,6,6,34,25,6,0,37,38,24,23,30.589,54,1,36.139053,-120.368591,182.251999,7,1,58,3,"e00fce686dc2ef0a68fa40b0",2026-08-13 00:40:02.788,2026-08-13 00:40:02.956,2026-08-13 00:40:02.956,2026-08-13
"46","2iEBUbteOc","MOOSPMv3Parser",1786581600,0,0,1,0,0,1,1,0,0,1,199,105,3882,13,8,1,8,8,34,25,8,0,37,38,23,23,28.844,51,1,36.139053,-120.368591,182.251999,7,600,58,3,"e00fce686dc2ef0a68fa40b0",2026-08-13 00:40:02.78,2026-08-13 00:40:02.968,2026-08-13 00:40:02.968,2026-08-13
"47","qPiUeuNwNJ","MOOSPMv3Parser",1786581600,2,2,2,2,2,2,2,2,2,2,561,127,47058,19,15,1,15,15,33,13,15,0,40,38,20,24,42.431,65,1,36.138992,-120.368393,154.951996,6,600,58,3,"e00fce6850cac69f647dc199",2026-08-13 00:40:03.414,2026-08-13 00:40:03.613,2026-08-13 00:40:03.613,2026-08-13
"48","arWc0AiKlz","MOOSPMv3Parser",1786581601,9,9,5,12,12,5,5,13,13,5,1668,460,63976,80,39,4,39,39,34,17,39,0,37,39,28,28,39.16,10,2,35.949528,-119.049957,116.510002,10,600,58,3,"e00fce6808784ceaf209f949",2026-08-13 00:40:04.368,2026-08-13 00:40:04.551,2026-08-13 00:40:04.551,2026-08-13
"49","SMSzsHOMZZ","MOOSPMv3Parser",1786581601,2,2,3,4,4,3,3,4,4,3,569,171,7229,30,21,3,21,21,0,0,21,1,39,42,25,26,25.743,84,1,36.43362,-119.923325,36.131001,7,600,58,3,"e00fce6876826e255108c6bd",2026-08-13 00:40:04.67,2026-08-13 00:40:04.85,2026-08-13 00:40:04.85,2026-08-13
"50","J5bxZgXn0D","MOOSPMv3Parser",1786581601,3,3,3,4,4,3,3,5,5,3,1506,226,102411,34,21,2,21,21,36,14,21,0,39,42,22,23,40.736,51,1,36.762775,-119.798798,52.764,7,600,58,3,"e00fce68e88237db75a60608",2026-08-13 00:40:05.239,2026-08-13 00:40:05.412,2026-08-13 00:40:05.412,2026-08-13
"51","zrRBv8QDDZ","MOOSPMv3Parser",1786582200,4,4,3,6,6,3,4,6,6,4,1452,255,826,35,22,2,22,22,35,16,22,1,38,40,25,26,44.275,180,1,36.503128,-120.325348,49.98,6,600,58,3,"e00fce68e77e43df92405fdb",2026-08-13 00:50:01.969,2026-08-13 00:50:02.187,2026-08-13 00:50:02.187,2026-08-13
"52","tLz81Brmyt","MOOSPMv3Parser",1786582201,0,0,2,0,0,2,2,0,0,2,224,138,42396,18,13,1,13,13,34,24,13,0,37,38,23,24,22.335,53,1,36.139023,-120.368439,167.889008,7,600,58,3,"e00fce68d6b773b56ce8baa0",2026-08-13 00:50:02.016,2026-08-13 00:50:02.205,2026-08-13 00:50:02.205,2026-08-13
"53","YmdirR5OYk","MOOSPMv3Parser",1786582201,1,1,2,2,2,2,2,2,2,2,492,132,63125,16,13,1,13,13,36,11,13,0,38,42,21,21,28.001,53,3277,3.1e-05,0.002265,33216.242188,6,600,58,3,"e00fce68e28dcbc9a589be10",2026-08-13 00:50:02.692,2026-08-13 00:50:02.876,2026-08-13 00:50:02.876,2026-08-13
"54","iVz6rI728T","MOOSPMv3Parser",1786582200,2,2,0,3,3,0,0,4,4,0,873,173,0,30,0,1,0,0,37,9,0,2,40,44,21,21,31.287,49,1,36.187565,-119.822182,27.924,10,600,58,3,"e00fce68e739ecbcf9e91965",2026-08-13 00:50:02.726,2026-08-13 00:50:02.9,2026-08-13 00:50:02.9,2026-08-13
"55","LyeSRaX0Gp","MOOSPMv3Parser",1786582201,0,0,1,0,0,1,1,0,0,1,208,100,2333310,8,9,0,9,9,33,25,9,0,36,38,24,24,29.952,49,1,36.139008,-120.368416,166.664001,7,1,58,3,"e00fce686dc2ef0a68fa40b0",2026-08-13 00:50:03.245,2026-08-13 00:50:03.406,2026-08-13 00:50:03.406,2026-08-13
"56","HpINNJLlyN","MOOSPMv3Parser",1786582200,0,0,1,0,0,1,1,0,0,1,192,99,3895,13,8,1,8,8,33,25,8,0,36,38,24,24,28.481,53,1,36.139008,-120.368416,166.664001,7,599,58,3,"e00fce686dc2ef0a68fa40b0",2026-08-13 00:50:03.244,2026-08-13 00:50:03.417,2026-08-13 00:50:03.417,2026-08-13
"57","6tnyBDR1mn","MOOSPMv3Parser",1786582200,1,1,2,2,2,2,2,2,2,2,518,117,47070,17,13,1,13,13,33,13,13,0,40,38,20,24,42.612,64,1,36.139046,-120.368546,150.677002,11,600,58,3,"e00fce6850cac69f647dc199",2026-08-13 00:50:03.885,2026-08-13 00:50:04.043,2026-08-13 00:50:04.043,2026-08-13
"58","Sz8JxM7znJ","MOOSPMv3Parser",1786582201,9,9,5,13,13,5,5,13,13,5,1744,476,64010,80,40,4,40,40,33,17,40,0,37,38,28,28,38.962,11,2,35.949574,-119.050011,112.205002,7,600,58,3,"e00fce6808784ceaf209f949",2026-08-13 00:50:04.424,2026-08-13 00:50:04.597,2026-08-13 00:50:04.597,2026-08-13
"59","Ezll42ntHT","MOOSPMv3Parser",1786582201,2,2,3,4,4,3,4,5,5,4,595,178,7247,34,22,3,22,22,0,0,22,1,39,41,23,24,25.636,84,1,36.43346,-119.923294,47.543999,9,600,58,3,"e00fce6876826e255108c6bd",2026-08-13 00:50:04.604,2026-08-13 00:50:04.765,2026-08-13 00:50:04.765,2026-08-13
"60","JA6fzpWcwh","MOOSPMv3Parser",1786582201,2,2,3,4,4,3,3,4,4,3,1423,213,102429,30,21,3,21,21,36,15,21,0,39,41,22,23,41.814,42,1,36.762699,-119.798759,62.694,10,600,58,3,"e00fce68e88237db75a60608",2026-08-13 00:50:05.405,2026-08-13 00:50:05.541,2026-08-13 00:50:05.541,2026-08-13
"61","4exHNcPLsw","MOOSPMv3Parser",1786582200,6,6,5,8,8,5,5,8,8,5,1218,336,104329,50,36,2,36,36,33,23,36,0,36,38,27,28,36.467,26,2,36.523369,-119.278931,60.925999,7,599,58,3,"e00fce68f12da1a0c5de6248",2026-08-13 00:50:08.343,2026-08-13 00:50:08.567,2026-08-13 00:50:08.567,2026-08-13
"62","H1VEAort7l","MOOSPMv3Parser",1786582800,4,4,3,6,6,4,4,7,7,4,1483,266,846,37,23,3,24,24,34,17,24,1,38,39,25,28,45.37,124,1,36.503036,-120.32531,58.786999,5,600,58,3,"e00fce68e77e43df92405fdb",2026-08-13 01:00:01.924,2026-08-13 01:00:02.115,2026-08-13 01:00:02.115,2026-08-13
"63","PBr8Gje9lD","MOOSPMv3Parser",1786582801,0,0,2,0,0,2,2,0,0,2,219,132,42405,18,12,2,12,12,34,24,12,0,36,38,24,25,21.953,50,1,36.13905,-120.368301,198.654007,6,600,58,3,"e00fce68d6b773b56ce8baa0",2026-08-13 01:00:02.102,2026-08-13 01:00:02.39,2026-08-13 01:00:02.39,2026-08-13
"64","kCChR1KByt","MOOSPMv3Parser",1786582800,0,0,1,0,0,1,1,0,0,1,184,96,3901,12,7,1,7,7,33,25,7,0,35,38,25,24,30.589,51,1,36.13903,-120.368454,162.283005,9,599,58,3,"e00fce686dc2ef0a68fa40b0",2026-08-13 01:00:02.383,2026-08-13 01:00:02.667,2026-08-13 01:00:02.667,2026-08-13
"65","reg8qVsCtx","MOOSPMv3Parser",1786582801,1,1,2,2,2,2,2,2,2,2,519,140,63136,19,13,1,13,13,36,11,13,0,39,41,21,21,27.348,55,3277,3.1e-05,0.002265,33216.242188,6,600,58,3,"e00fce68e28dcbc9a589be10",2026-08-13 01:00:02.701,2026-08-13 01:00:03.114,2026-08-13 01:00:03.114,2026-08-13
"66","SPD3n6c2Zc","MOOSPMv3Parser",1786582800,6,6,4,8,8,5,5,9,9,5,1284,348,104186,53,35,2,35,35,33,23,35,0,36,38,27,28,35.24,30,2,36.523369,-119.278915,72.974998,7,600,58,3,"e00fce68f12da1a0c5de6248",2026-08-13 01:00:03.104,2026-08-13 01:00:03.453,2026-08-13 01:00:03.453,2026-08-13
"67","R3FKEblLG3","MOOSPMv3Parser",1786582800,2,2,0,3,3,0,0,4,4,0,913,188,0,31,0,2,0,0,37,9,0,2,40,43,21,21,31.817,47,1,36.187542,-119.822235,14.213,10,600,58,3,"e00fce68e739ecbcf9e91965",2026-08-13 01:00:03.405,2026-08-13 01:00:03.618,2026-08-13 01:00:03.618,2026-08-13
"68","BXvuQAB3s2","MOOSPMv3Parser",1786582800,2,2,2,2,2,2,2,3,3,2,542,124,47081,18,13,1,13,13,32,14,13,0,39,37,21,25,41.465,59,1,36.13905,-120.368309,186.677002,9,600,58,3,"e00fce6850cac69f647dc199",2026-08-13 01:00:04.198,2026-08-13 01:00:04.373,2026-08-13 01:00:04.373,2026-08-13
"69","WucEydWMOS","MOOSPMv3Parser",1786582801,8,8,5,12,12,5,5,12,12,5,1646,452,64042,78,36,4,36,36,33,17,36,0,36,38,28,28,38.356,12,2,35.949512,-119.049866,119.709999,5,600,58,3,"e00fce6808784ceaf209f949",2026-08-13 01:00:04.351,2026-08-13 01:00:04.515,2026-08-13 01:00:04.515,2026-08-13
"70","tPL8I9QHdA","MOOSPMv3Parser",1786582801,2,2,3,3,3,3,3,4,4,3,538,162,7265,28,20,3,21,21,0,0,21,1,39,41,23,24,25.7,85,1,36.433605,-119.923401,25.827,6,600,58,3,"e00fce6876826e255108c6bd",2026-08-13 01:00:04.864,2026-08-13 01:00:05.012,2026-08-13 01:00:05.012,2026-08-13
"71","NZGce5hsn6","MOOSPMv3Parser",1786582801,3,3,3,4,4,3,3,4,4,3,1373,217,102447,32,20,2,20,20,36,15,20,0,39,41,23,24,42.145,36,1,36.762722,-119.798767,71.988998,10,600,58,3,"e00fce68e88237db75a60608",2026-08-13 01:00:05.233,2026-08-13 01:00:05.423,2026-08-13 01:00:05.423,2026-08-13
"72","5LLvQsxDKi","MOOSPMv3Parser",1786583400,5,5,3,7,7,4,5,7,7,5,1569,288,867,40,26,3,27,27,34,18,27,1,38,39,26,28,45.67,111,1,36.503029,-120.325417,56.630001,5,600,58,3,"e00fce68e77e43df92405fdb",2026-08-13 01:10:02.162,2026-08-13 01:10:02.408,2026-08-13 01:10:02.408,2026-08-13
"73","vRxPT9oDdl","MOOSPMv3Parser",1786583400,0,0,1,0,0,1,1,0,0,1,186,97,3900,11,7,1,7,7,33,25,7,0,35,37,25,25,29.339,60,1,36.139061,-120.36834,173.996994,9,600,58,3,"e00fce686dc2ef0a68fa40b0",2026-08-13 01:10:02.532,2026-08-13 01:10:02.73,2026-08-13 01:10:02.73,2026-08-13
"74","9vGdLEy74d","MOOSPMv3Parser",1786583401,1,1,1,2,2,2,2,2,2,2,404,109,63146,14,12,1,12,12,35,12,12,0,38,41,21,21,28.483,40,3277,3.1e-05,0.002265,33216.242188,6,600,58,3,"e00fce68e28dcbc9a589be10",2026-08-13 01:10:02.536,2026-08-13 01:10:02.749,2026-08-13 01:10:02.749,2026-08-13
"75","OSTlmCjtnr","MOOSPMv3Parser",1786583401,0,0,2,0,0,2,2,0,0,2,212,131,42416,18,13,1,13,13,34,24,13,0,35,37,25,26,21.224,62,1,36.139057,-120.36837,182.257996,5,600,58,3,"e00fce68d6b773b56ce8baa0",2026-08-13 01:10:02.578,2026-08-13 01:10:02.762,2026-08-13 01:10:02.762,2026-08-13
"76","cZFVc73AqD","MOOSPMv3Parser",1786583400,1,1,0,3,3,0,0,3,3,0,850,171,0,30,0,2,0,0,36,9,0,2,39,42,21,21,30.357,52,1,36.187584,-119.82225,28.732,9,600,58,3,"e00fce68e739ecbcf9e91965",2026-08-13 01:10:02.736,2026-08-13 01:10:02.905,2026-08-13 01:10:02.905,2026-08-13
"77","yQf8RI79DD","MOOSPMv3Parser",1786583401,0,0,1,0,0,1,1,0,0,1,226,97,2340283,15,5,0,5,5,33,25,5,0,35,37,25,25,30.589,61,1,36.139061,-120.36834,173.996994,9,1,58,3,"e00fce686dc2ef0a68fa40b0",2026-08-13 01:10:02.84,2026-08-13 01:10:03.066,2026-08-13 01:10:03.066,2026-08-13
"78","Z7dOHX1Dk7","MOOSPMv3Parser",1786583400,1,1,2,2,2,2,2,2,2,2,525,115,47092,16,13,1,13,13,32,14,13,0,38,37,22,26,40.153,62,1,36.139065,-120.368423,162.464005,8,600,58,3,"e00fce6850cac69f647dc199",2026-08-13 01:10:04.452,2026-08-13 01:10:04.606,2026-08-13 01:10:04.606,2026-08-13
"79","Va4kQuygw5","MOOSPMv3Parser",1786583401,9,9,5,12,12,5,5,13,13,5,1709,464,64077,77,40,3,41,41,33,17,41,0,36,38,27,28,38.087,11,2,35.949608,-119.049973,106.858002,8,600,58,3,"e00fce6808784ceaf209f949",2026-08-13 01:10:04.68,2026-08-13 01:10:04.863,2026-08-13 01:10:04.863,2026-08-13
"80","HBGTCHPbW4","MOOSPMv3Parser",1786583401,2,2,3,3,3,3,3,4,4,3,492,148,7282,26,20,3,21,21,0,0,21,1,39,41,23,24,25.737,85,1,36.433609,-119.923325,27.462999,6,600,58,3,"e00fce6876826e255108c6bd",2026-08-13 01:10:04.75,2026-08-13 01:10:04.905,2026-08-13 01:10:04.905,2026-08-13
"81","GGL5pSiYlP","MOOSPMv3Parser",1786583401,2,2,3,4,4,3,3,4,4,3,1378,211,102465,29,20,2,20,20,35,15,20,0,38,41,23,24,42.235,30,1,36.762665,-119.79882,60.263,6,600,58,3,"e00fce68e88237db75a60608",2026-08-13 01:10:05.1,2026-08-13 01:10:05.318,2026-08-13 01:10:05.318,2026-08-13
"82","JJtALHLCV4","MOOSPMv3Parser",1786583400,6,6,5,8,8,5,5,8,8,5,1233,338,104217,51,36,2,36,36,32,23,36,0,36,37,28,29,36.824,27,2,36.523399,-119.27874,96.785004,5,600,58,3,"e00fce68f12da1a0c5de6248",2026-08-13 01:10:15.878,2026-08-13 01:10:16.055,2026-08-13 01:10:16.055,2026-08-13
"83","0HsDdMMD83","MOOSPMv3Parser",1786584000,5,5,4,7,7,5,6,8,8,6,1631,313,892,46,30,3,31,31,34,17,31,1,37,38,25,27,45.533,104,1,36.503113,-120.325356,56.446999,5,600,58,3,"e00fce68e77e43df92405fdb",2026-08-13 01:20:02.011,2026-08-13 01:20:02.17,2026-08-13 01:20:02.17,2026-08-13
"84","Mksaju3VlK","MOOSPMv3Parser",1786584001,0,0,2,0,0,2,2,0,0,2,214,131,42427,18,13,1,13,13,33,25,13,0,35,37,26,26,20.952,61,1,36.138931,-120.368431,172.975998,8,600,58,3,"e00fce68d6b773b56ce8baa0",2026-08-13 01:20:02.277,2026-08-13 01:20:02.427,2026-08-13 01:20:02.427,2026-08-13
"85","RDWWFed20J","MOOSPMv3Parser",1786584001,1,1,2,2,2,2,2,2,2,2,456,123,63157,19,13,1,13,13,35,12,13,0,37,40,22,22,28.26,34,3277,3.1e-05,0.002265,33216.242188,6,600,58,3,"e00fce68e28dcbc9a589be10",2026-08-13 01:20:02.606,2026-08-13 01:20:02.805,2026-08-13 01:20:02.805,2026-08-13
"86","O3XNf2jSyg","MOOSPMv3Parser",1786584000,1,1,0,3,3,0,0,3,3,0,755,158,0,29,0,2,0,0,36,10,0,2,39,42,22,22,29.077,52,1,36.18755,-119.82225,29.278999,7,600,58,3,"e00fce68e739ecbcf9e91965",2026-08-13 01:20:02.726,2026-08-13 01:20:02.881,2026-08-13 01:20:02.881,2026-08-13
"87","BTiBMEQYDQ","MOOSPMv3Parser",1786584000,0,0,1,0,0,1,1,0,0,1,182,96,3913,11,7,1,7,7,33,26,7,0,35,37,25,25,28.915,60,1,36.13903,-120.368423,167.384003,7,599,58,3,"e00fce686dc2ef0a68fa40b0",2026-08-13 01:20:03.006,2026-08-13 01:20:03.244,2026-08-13 01:20:03.244,2026-08-13
"88","JWN5ccTnnA","MOOSPMv3Parser",1786584000,1,1,2,2,2,2,2,2,2,2,509,117,47103,18,13,1,13,13,32,14,13,0,37,36,22,26,39.938,58,1,36.138973,-120.368484,162.643005,9,600,58,3,"e00fce6850cac69f647dc199",2026-08-13 01:20:03.641,2026-08-13 01:20:03.839,2026-08-13 01:20:03.839,2026-08-13
"89","jWpCfsP0kX","MOOSPMv3Parser",1786584001,8,8,4,11,11,4,4,11,11,4,1542,421,64106,69,33,3,34,34,33,18,34,0,36,38,28,29,37.694,10,2,35.949642,-119.050018,101.348999,7,600,58,3,"e00fce6808784ceaf209f949",2026-08-13 01:20:04.487,2026-08-13 01:20:04.661,2026-08-13 01:20:04.661,2026-08-13
"90","HXHFN56VCM","MOOSPMv3Parser",1786584001,2,2,3,4,4,3,3,5,5,3,600,180,7301,29,22,2,22,22,0,0,22,0,38,40,28,29,26.305,85,1,36.433537,-119.92337,32.049,5,600,58,3,"e00fce6876826e255108c6bd",2026-08-13 01:20:04.717,2026-08-13 01:20:04.938,2026-08-13 01:20:04.938,2026-08-13
"91","JO8COB1t11","MOOSPMv3Parser",1786584001,3,3,3,4,4,3,3,4,4,3,1362,216,102484,33,22,2,22,22,35,16,22,0,38,41,23,24,41.975,30,1,36.762665,-119.79882,60.265999,0,600,58,3,"e00fce68e88237db75a60608",2026-08-13 01:20:05.099,2026-08-13 01:20:05.247,2026-08-13 01:20:05.247,2026-08-13
"92","D9pq9Kx6Du","MOOSPMv3Parser",1786584000,6,6,5,8,8,5,5,9,9,5,1238,341,104248,53,35,2,36,36,32,24,36,0,35,37,29,29,35.169,45,2,36.523388,-119.278938,93.473,9,600,58,3,"e00fce68f12da1a0c5de6248",2026-08-13 01:20:11.529,2026-08-13 01:20:11.692,2026-08-13 01:20:11.692,2026-08-13
"93","KMiOeYMlJq","MOOSPMv3Parser",1786584601,0,0,2,0,0,2,2,0,0,2,213,131,42437,17,12,1,12,12,33,25,12,0,34,37,26,26,21.049,50,1,36.138931,-120.368431,172.983002,0,600,58,3,"e00fce68d6b773b56ce8baa0",2026-08-13 01:30:02.435,2026-08-13 01:30:02.734,2026-08-13 01:30:02.734,2026-08-13
"94","D2eZyZ0DCQ","MOOSPMv3Parser",1786584600,6,6,3,8,8,4,5,8,8,6,1673,329,910,49,23,3,24,24,33,18,24,1,37,38,26,28,46.725,46,2,36.503193,-120.325439,63.73,6,600,58,3,"e00fce68e77e43df92405fdb",2026-08-13 01:30:02.4,2026-08-13 01:30:02.772,2026-08-13 01:30:02.772,2026-08-13
"95","sCJIk6Pi10","MOOSPMv3Parser",1786584601,2,2,2,3,3,2,2,3,3,2,493,134,63168,20,13,1,13,13,34,12,13,0,37,39,22,22,28.023,30,3277,3.1e-05,0.002265,33216.242188,6,600,58,3,"e00fce68e28dcbc9a589be10",2026-08-13 01:30:02.618,2026-08-13 01:30:02.867,2026-08-13 01:30:02.867,2026-08-13
"96","QVATc4WE3l","MOOSPMv3Parser",1786584600,1,1,0,3,3,0,0,3,3,0,767,164,0,29,0,2,0,0,35,10,0,2,38,41,22,22,28.245,44,1,36.187531,-119.822266,19.777,8,600,58,3,"e00fce68e739ecbcf9e91965",2026-08-13 01:30:02.806,2026-08-13 01:30:03.041,2026-08-13 01:30:03.041,2026-08-13
"97","bIikWyesXh","MOOSPMv3Parser",1786584601,0,0,1,0,0,1,1,0,0,1,184,94,3906,11,7,1,7,7,33,25,7,0,34,37,26,25,29.726,53,1,36.139057,-120.368423,176.048004,8,601,58,3,"e00fce686dc2ef0a68fa40b0",2026-08-13 01:30:03.342,2026-08-13 01:30:03.503,2026-08-13 01:30:03.503,2026-08-13
"98","qMz6TOIZSn","MOOSPMv3Parser",1786584600,1,1,2,2,2,2,2,2,2,2,502,114,47113,17,12,1,12,12,31,15,12,0,37,36,22,26,41.618,48,1,36.13913,-120.368462,173.636002,7,600,58,3,"e00fce6850cac69f647dc199",2026-08-13 01:30:03.98,2026-08-13 01:30:04.183,2026-08-13 01:30:04.183,2026-08-13
"99","98k4Zwvash","MOOSPMv3Parser",1786584601,7,7,5,10,10,5,5,11,11,5,1495,401,64137,65,36,4,36,36,33,18,36,0,36,37,29,29,37.392,12,2,35.949642,-119.049942,129.139008,7,600,58,3,"e00fce6808784ceaf209f949",2026-08-13 01:30:04.503,2026-08-13 01:30:04.646,2026-08-13 01:30:04.646,2026-08-13
"100","GtGCmdm3FK","MOOSPMv3Parser",1786584601,3,3,3,4,4,3,4,6,6,4,621,189,7322,34,25,4,25,25,0,0,25,0,37,39,29,30,26.321,85,1,36.433537,-119.92337,32.048,0,600,58,3,"e00fce6876826e255108c6bd",2026-08-13 01:30:04.612,2026-08-13 01:30:04.807,2026-08-13 01:30:04.807,2026-08-13
"101","C7DjveEART","MOOSPMv3Parser",1786584601,2,2,3,4,4,3,3,4,4,3,1329,214,102504,32,23,2,23,23,35,16,23,0,38,40,23,24,42.24,30,1,36.762711,-119.798714,65.247002,9,600,58,3,"e00fce68e88237db75a60608",2026-08-13 01:30:05.242,2026-08-13 01:30:05.4,2026-08-13 01:30:05.4,2026-08-13
"102","JkGf2KUVN1","MOOSPMv3Parser",1786584600,6,6,5,8,8,5,5,8,8,5,1220,336,104281,50,38,2,38,38,32,24,38,0,36,37,29,29,37.945,33,2,36.523388,-119.278938,93.477997,0,600,58,3,"e00fce68f12da1a0c5de6248",2026-08-13 01:30:06.421,2026-08-13 01:30:06.602,2026-08-13 01:30:06.602,2026-08-13
"103","8RfxPQRmZY","MOOSPMv3Parser",1786585200,6,6,5,8,8,5,5,9,9,5,1220,334,104313,52,36,3,36,36,32,24,36,0,36,37,28,29,38.855,26,3,36.523254,-119.278847,120.846001,10,600,58,3,"e00fce68f12da1a0c5de6248",2026-08-13 01:40:02.103,2026-08-13 01:40:02.266,2026-08-13 01:40:02.266,2026-08-13
"104","iOKDLwNI0u","MOOSPMv3Parser",1786585200,0,0,1,0,0,1,1,0,0,1,186,99,3926,11,8,1,8,8,32,26,8,0,34,36,26,25,29.675,46,1,36.139118,-120.368416,189.806,7,599,58,3,"e00fce686dc2ef0a68fa40b0",2026-08-13 01:40:02.214,2026-08-13 01:40:02.404,2026-08-13 01:40:02.404,2026-08-13
"105","tAgJaaFh0R","MOOSPMv3Parser",1786585201,0,0,2,0,0,2,2,0,0,2,215,136,42448,19,13,2,13,13,32,25,13,0,34,36,27,27,21.24,38,1,36.13903,-120.368355,184.886993,9,600,58,3,"e00fce68d6b773b56ce8baa0",2026-08-13 01:40:02.249,2026-08-13 01:40:02.414,2026-08-13 01:40:02.414,2026-08-13
"106","niIrtm7Gtj","MOOSPMv3Parser",1786585200,8,8,4,10,10,5,5,11,11,5,1915,413,938,65,32,4,33,33,33,18,33,0,36,37,27,29,47.632,38,2,36.503136,-120.325417,58.567001,5,600,58,3,"e00fce68e77e43df92405fdb",2026-08-13 01:40:02.217,2026-08-13 01:40:02.425,2026-08-13 01:40:02.425,2026-08-13
"107","ubAWFon5kL","MOOSPMv3Parser",1786585201,2,2,2,2,2,2,2,3,3,2,473,129,63180,17,13,1,13,13,34,13,13,0,36,39,23,23,27.444,25,3277,3.1e-05,0.002265,33216.242188,6,600,58,3,"e00fce68e28dcbc9a589be10",2026-08-13 01:40:02.691,2026-08-13 01:40:02.851,2026-08-13 01:40:02.851,2026-08-13
"108","VDrAYkBvjW","MOOSPMv3Parser",1786585200,1,1,0,3,3,0,0,3,3,0,703,150,0,27,0,2,0,0,35,10,0,2,37,40,22,22,27.148,49,1,36.187504,-119.822296,14.318,7,600,58,3,"e00fce68e739ecbcf9e91965",2026-08-13 01:40:02.886,2026-08-13 01:40:03.016,2026-08-13 01:40:03.016,2026-08-13
"109","6HJ2asW6tb","MOOSPMv3Parser",1786585200,2,2,2,3,3,2,2,3,3,2,538,123,47125,19,13,1,13,13,31,15,13,0,36,35,24,27,42.095,38,1,36.139168,-120.368332,180.979996,7,600,58,3,"e00fce6850cac69f647dc199",2026-08-13 01:40:04.343,2026-08-13 01:40:04.51,2026-08-13 01:40:04.51,2026-08-13
"110","6einAJ71g3","MOOSPMv3Parser",1786585201,7,7,4,10,10,5,5,10,10,5,1439,393,64167,61,34,3,34,34,32,19,34,0,36,37,29,29,36.689,12,2,35.949463,-119.04995,104.501999,9,600,58,3,"e00fce6808784ceaf209f949",2026-08-13 01:40:04.511,2026-08-13 01:40:04.708,2026-08-13 01:40:04.708,2026-08-13
"111","xCQKxbCsog","MOOSPMv3Parser",1786585201,3,3,3,5,5,4,4,6,6,4,715,217,7343,38,25,4,25,25,0,0,25,0,37,39,29,30,26.195,85,1,36.43362,-119.923393,25.155001,7,600,58,3,"e00fce6876826e255108c6bd",2026-08-13 01:40:04.69,2026-08-13 01:40:04.849,2026-08-13 01:40:04.849,2026-08-13
"112","rzI8qR9PO5","MOOSPMv3Parser",1786585201,3,3,3,4,4,3,3,4,4,3,1369,221,102523,30,22,2,22,22,35,16,22,0,38,40,23,24,41.805,29,1,36.76276,-119.798744,55.786999,10,600,58,3,"e00fce68e88237db75a60608",2026-08-13 01:40:05.109,2026-08-13 01:40:05.301,2026-08-13 01:40:05.301,2026-08-13
"113","EfMmpR4brU","MOOSPMv3Parser",1786585800,8,8,4,11,11,4,4,12,12,4,1984,427,966,66,33,4,33,33,33,19,33,0,36,37,27,30,50.028,18,2,36.503136,-120.325417,58.568001,0,600,58,3,"e00fce68e77e43df92405fdb",2026-08-13 01:50:02.319,2026-08-13 01:50:02.457,2026-08-13 01:50:02.457,2026-08-13
"114","4XUNO0zWJz","MOOSPMv3Parser",1786585801,0,0,2,0,0,2,2,0,0,2,226,139,42460,19,14,2,15,15,32,26,15,0,33,35,28,27,21.494,36,1,36.139099,-120.368332,174.733002,8,600,58,3,"e00fce68d6b773b56ce8baa0",2026-08-13 01:50:02.498,2026-08-13 01:50:02.654,2026-08-13 01:50:02.654,2026-08-13
"115","XuNhaceEMp","MOOSPMv3Parser",1786585800,0,0,1,0,0,1,1,0,0,1,195,106,3927,13,9,1,9,9,32,26,9,0,33,36,27,26,30.108,46,1,36.139126,-120.368286,193.904999,7,600,58,3,"e00fce686dc2ef0a68fa40b0",2026-08-13 01:50:02.633,2026-08-13 01:50:02.87,2026-08-13 01:50:02.87,2026-08-13
"116","uXv1RqiGAl","MOOSPMv3Parser",1786585801,1,1,2,2,2,2,2,2,2,2,431,118,63192,17,14,1,14,14,33,13,14,0,36,38,23,24,27.766,25,3277,3.1e-05,0.002265,33216.242188,6,600,58,3,"e00fce68e28dcbc9a589be10",2026-08-13 01:50:02.704,2026-08-13 01:50:02.89,2026-08-13 01:50:02.89,2026-08-13
"117","oyvftQfDLQ","MOOSPMv3Parser",1786585800,1,1,0,3,3,0,0,3,3,0,649,144,0,25,0,2,0,0,34,10,0,2,37,39,22,23,28.168,28,1,36.187595,-119.822296,37.958,7,600,58,3,"e00fce68e739ecbcf9e91965",2026-08-13 01:50:03.047,2026-08-13 01:50:03.273,2026-08-13 01:50:03.273,2026-08-13
"118","HgY2ptsaNd","MOOSPMv3Parser",1786585800,2,2,2,2,2,2,2,3,3,2,539,126,47137,19,14,1,14,14,31,16,14,0,35,35,24,28,43.271,33,1,36.139103,-120.36824,209.738007,8,600,58,3,"e00fce6850cac69f647dc199",2026-08-13 01:50:04.399,2026-08-13 01:50:04.546,2026-08-13 01:50:04.546,2026-08-13
"119","trTX3DjAmK","MOOSPMv3Parser",1786585801,7,7,4,10,10,4,4,11,11,4,1474,402,64195,63,33,3,33,33,32,18,33,0,36,37,28,29,36.835,13,2,35.9496,-119.049973,117.019997,7,600,58,3,"e00fce6808784ceaf209f949",2026-08-13 01:50:04.51,2026-08-13 01:50:04.686,2026-08-13 01:50:04.686,2026-08-13
"120","v4PbgMqGn2","MOOSPMv3Parser",1786585801,3,3,3,5,5,4,4,6,6,4,701,213,7365,36,26,3,26,26,0,0,26,1,37,39,27,29,26.093,85,1,36.433537,-119.923431,15.586,5,600,58,3,"e00fce6876826e255108c6bd",2026-08-13 01:50:04.599,2026-08-13 01:50:04.745,2026-08-13 01:50:04.745,2026-08-13
"121","tWMC4EDE7P","MOOSPMv3Parser",1786585801,3,3,3,4,4,3,3,5,5,3,1394,219,102542,35,22,2,22,22,34,16,22,0,38,40,23,25,43.123,26,1,36.762733,-119.798782,55.889999,10,600,58,3,"e00fce68e88237db75a60608",2026-08-13 01:50:05.243,2026-08-13 01:50:05.421,2026-08-13 01:50:05.421,2026-08-13
"122","E1BtLDt3Tg","MOOSPMv3Parser",1786585800,6,6,5,8,8,5,5,9,9,5,1235,339,104345,50,37,2,37,37,32,24,37,0,35,37,29,30,37.403,37,3,36.523327,-119.278847,85.504997,5,600,58,3,"e00fce68f12da1a0c5de6248",2026-08-13 01:50:07.961,2026-08-13 01:50:08.222,2026-08-13 01:50:08.222,2026-08-13
"123","JzveCBoOmg","MOOSPMv3Parser",1786586400,8,8,4,11,11,5,5,12,12,5,2073,445,995,67,33,4,34,34,32,19,34,0,35,36,28,30,51.973,9,2,36.503162,-120.325401,68.942001,5,600,58,3,"e00fce68e77e43df92405fdb",2026-08-13 02:00:02.027,2026-08-13 02:00:02.238,2026-08-13 02:00:02.238,2026-08-13
"124","TRInDUDNR6","MOOSPMv3Parser",1786586401,0,0,2,0,0,2,2,0,0,2,220,137,42472,20,14,2,14,14,31,26,14,0,33,35,28,28,21.83,27,1,36.13903,-120.368408,198.779999,5,600,58,3,"e00fce68d6b773b56ce8baa0",2026-08-13 02:00:02.435,2026-08-13 02:00:02.713,2026-08-13 02:00:02.713,2026-08-13
"125","9w114DBuVT","MOOSPMv3Parser",1786586401,2,2,2,2,2,2,2,3,3,2,456,129,63204,21,14,1,14,14,33,14,14,1,35,38,24,24,27.631,23,3277,3.1e-05,0.002265,33216.242188,6,600,58,3,"e00fce68e28dcbc9a589be10",2026-08-13 02:00:02.784,2026-08-13 02:00:03.14,2026-08-13 02:00:03.14,2026-08-13
"126","4ULCwmyYW6","MOOSPMv3Parser",1786586400,1,1,0,2,2,0,0,3,3,0,635,144,0,28,0,3,0,0,33,12,0,2,36,38,24,25,26.64,29,1,36.187569,-119.821945,43.659,6,600,58,3,"e00fce68e739ecbcf9e91965",2026-08-13 02:00:02.966,2026-08-13 02:00:03.348,2026-08-13 02:00:03.348,2026-08-13
"127","ZN3o9MR6jR","MOOSPMv3Parser",1786586400,2,2,2,2,2,2,2,3,3,2,531,124,47150,21,14,1,14,14,30,16,14,0,35,34,25,28,44.086,26,1,36.139023,-120.36834,174.182007,9,600,58,3,"e00fce6850cac69f647dc199",2026-08-13 02:00:03.491,2026-08-13 02:00:03.817,2026-08-13 02:00:03.817,2026-08-13
"128","zC3SUqZvKC","MOOSPMv3Parser",1786586400,9,9,5,12,12,6,6,12,12,6,1761,485,104382,65,42,3,42,42,32,24,42,0,35,37,28,29,34.854,65,3,36.523384,-119.278809,82.462997,6,600,58,3,"e00fce68f12da1a0c5de6248",2026-08-13 02:00:03.561,2026-08-13 02:00:03.829,2026-08-13 02:00:03.829,2026-08-13
"129","H1PdBVRjHe","MOOSPMv3Parser",1786586401,0,0,1,0,0,1,1,0,0,1,192,102,3927,13,8,1,8,8,32,27,8,0,33,36,27,26,30.413,40,1,36.139046,-120.368408,184.940994,10,601,58,3,"e00fce686dc2ef0a68fa40b0",2026-08-13 02:00:04.371,2026-08-13 02:00:04.581,2026-08-13 02:00:04.581,2026-08-13
"130","vZ5ddJMw54","MOOSPMv3Parser",1786586401,8,8,4,10,10,4,4,11,11,4,1502,411,64224,65,33,3,33,33,32,18,33,0,35,37,28,29,36.396,12,2,35.949623,-119.049965,123.495003,6,600,58,3,"e00fce6808784ceaf209f949",2026-08-13 02:00:04.432,2026-08-13 02:00:04.627,2026-08-13 02:00:04.627,2026-08-13
"131","0HfXaWZhZv","MOOSPMv3Parser",1786586401,3,3,3,5,5,4,4,6,6,4,664,204,7387,37,26,3,26,26,0,0,26,0,37,38,28,30,26.193,85,2,36.433804,-119.923172,58.810001,5,600,58,3,"e00fce6876826e255108c6bd",2026-08-13 02:00:04.846,2026-08-13 02:00:05.012,2026-08-13 02:00:05.012,2026-08-13
"132","QXRGDKJWUR","MOOSPMv3Parser",1786586401,3,3,3,4,4,3,3,5,5,3,1342,215,102562,33,22,2,23,23,34,17,23,0,38,39,24,25,41.972,26,1,36.76276,-119.798775,85.313004,8,600,58,3,"e00fce68e88237db75a60608",2026-08-13 02:00:05.237,2026-08-13 02:00:05.421,2026-08-13 02:00:05.421,2026-08-13
"133","6QulLlYdI8","MOOSPMv3Parser",1786587000,8,8,4,11,11,5,5,12,12,5,1964,430,1025,68,34,5,34,34,-10,-10,34,0,35,36,29,31,51.01,7,2,36.503078,-120.325424,52.685001,6,600,58,3,"e00fce68e77e43df92405fdb",2026-08-13 02:10:02.184,2026-08-13 02:10:02.334,2026-08-13 02:10:02.334,2026-08-13
"134","SLXMnb6nv3","MOOSPMv3Parser",1786587001,0,0,2,0,0,2,2,0,0,2,226,143,42485,21,15,2,16,16,31,27,16,0,33,34,28,28,21.801,25,2,36.139183,-120.368423,198.076004,7,600,58,3,"e00fce68d6b773b56ce8baa0",2026-08-13 02:10:02.548,2026-08-13 02:10:02.729,2026-08-13 02:10:02.729,2026-08-13
"135","BPvDK6DImB","MOOSPMv3Parser",1786587001,1,1,2,2,2,2,2,2,2,2,440,124,63216,21,13,1,14,14,32,14,14,0,34,37,25,24,27.228,22,3277,3.1e-05,0.002265,33216.242188,6,600,58,3,"e00fce68e28dcbc9a589be10",2026-08-13 02:10:02.739,2026-08-13 02:10:02.901,2026-08-13 02:10:02.901,2026-08-13
"136","vPsrwahi5q","MOOSPMv3Parser",1786587000,1,1,0,3,3,0,0,3,3,0,661,155,0,30,0,3,0,0,33,13,0,2,35,37,25,26,25.152,46,1,36.187534,-119.821976,43.936001,7,600,58,3,"e00fce68e739ecbcf9e91965",2026-08-13 02:10:03.136,2026-08-13 02:10:03.31,2026-08-13 02:10:03.31,2026-08-13
"137","TNEEtUkaxt","MOOSPMv3Parser",1786587000,0,0,1,0,0,1,1,0,0,1,193,107,3947,15,8,1,9,9,31,27,9,0,33,35,27,27,29.892,39,1,36.139046,-120.368408,184.938004,0,599,58,3,"e00fce686dc2ef0a68fa40b0",2026-08-13 02:10:03.25,2026-08-13 02:10:03.401,2026-08-13 02:10:03.401,2026-08-13
"138","MBaLYYGy2q","MOOSPMv3Parser",1786587001,0,0,1,0,0,2,2,0,0,2,142,98,2364527,18,11,1,11,11,31,27,11,0,33,35,27,27,30.844,39,1,36.139046,-120.368408,184.938004,0,1,58,3,"e00fce686dc2ef0a68fa40b0",2026-08-13 02:10:03.276,2026-08-13 02:10:03.531,2026-08-13 02:10:03.531,2026-08-13
"139","xlbaIAeXb3","MOOSPMv3Parser",1786587000,2,2,2,3,3,2,2,3,3,2,600,139,47163,22,15,1,15,15,30,17,15,0,34,34,25,29,44.094,24,1,36.139023,-120.36834,174.181,0,600,58,3,"e00fce6850cac69f647dc199",2026-08-13 02:10:04.077,2026-08-13 02:10:04.214,2026-08-13 02:10:04.214,2026-08-13
"140","rhcUcia8Ii","MOOSPMv3Parser",1786587001,8,8,5,11,11,5,5,12,12,5,1596,435,64258,72,39,3,39,39,32,19,39,0,35,36,29,29,36.958,14,2,35.949623,-119.049927,131.464005,7,600,58,3,"e00fce6808784ceaf209f949",2026-08-13 02:10:04.435,2026-08-13 02:10:04.603,2026-08-13 02:10:04.603,2026-08-13
"141","CMvNTRS1FP","MOOSPMv3Parser",1786587001,3,3,3,5,5,3,4,6,6,4,718,220,7408,35,24,4,25,25,0,0,25,0,37,38,29,30,25.598,85,2,36.43362,-119.923393,23.914,7,600,58,3,"e00fce6876826e255108c6bd",2026-08-13 02:10:04.694,2026-08-13 02:10:04.871,2026-08-13 02:10:04.871,2026-08-13
"142","DfIf7be8Fn","MOOSPMv3Parser",1786587001,4,4,4,6,6,4,4,6,6,4,1459,262,102589,37,31,2,32,32,34,18,32,0,38,39,25,27,47.722,23,1,36.762634,-119.798897,41.834999,6,600,58,3,"e00fce68e88237db75a60608",2026-08-13 02:10:05.409,2026-08-13 02:10:05.547,2026-08-13 02:10:05.547,2026-08-13
"143","WLc3T5mkYw","MOOSPMv3Parser",1786587000,6,6,5,8,8,5,5,9,9,5,1246,342,104413,48,35,3,36,36,32,28,36,0,35,36,33,33,34.438,59,3,36.523384,-119.278893,80.424004,9,600,58,3,"e00fce68f12da1a0c5de6248",2026-08-13 02:10:05.733,2026-08-13 02:10:05.959,2026-08-13 02:10:05.959,2026-08-13
"144","kw40tIs3QN","MOOSPMv3Parser",1786587601,0,0,2,0,0,2,2,0,0,2,222,143,42498,20,16,2,16,16,30,27,16,0,32,34,29,29,22.082,22,2,36.139004,-120.368378,163.324997,11,600,58,3,"e00fce68d6b773b56ce8baa0",2026-08-13 02:20:02.179,2026-08-13 02:20:02.35,2026-08-13 02:20:02.35,2026-08-13
"145","9FqUSOavoz","MOOSPMv3Parser",1786587600,8,8,4,11,11,5,5,11,11,5,1913,419,1054,64,34,4,34,34,31,20,34,0,34,35,29,31,51.62,5,2,36.503033,-120.325417,42.032001,6,600,58,3,"e00fce68e77e43df92405fdb",2026-08-13 02:20:02.342,2026-08-13 02:20:02.52,2026-08-13 02:20:02.52,2026-08-13
"146","vL3PzMaVvi","MOOSPMv3Parser",1786587601,1,1,2,2,2,2,2,2,2,2,407,113,63227,16,13,1,13,13,32,14,13,0,34,37,25,25,26.405,23,3277,3.1e-05,0.002265,33216.242188,6,600,58,3,"e00fce68e28dcbc9a589be10",2026-08-13 02:20:02.677,2026-08-13 02:20:02.845,2026-08-13 02:20:02.845,2026-08-13
"147","jwIstI8CP4","MOOSPMv3Parser",1786587600,1,1,0,3,3,0,0,3,3,0,647,155,0,31,0,3,0,0,32,14,0,2,35,37,26,27,24.614,46,1,36.187557,-119.822144,42.137001,7,600,58,3,"e00fce68e739ecbcf9e91965",2026-08-13 02:20:03.286,2026-08-13 02:20:03.496,2026-08-13 02:20:03.496,2026-08-13
"148","xxh4EF38iU","MOOSPMv3Parser",1786587601,0,0,1,0,0,1,1,0,0,1,194,108,3949,15,9,1,9,9,31,28,9,0,33,34,28,27,30.419,36,1,36.139114,-120.368416,180.014008,9,600,58,3,"e00fce686dc2ef0a68fa40b0",2026-08-13 02:20:03.492,2026-08-13 02:20:03.69,2026-08-13 02:20:03.69,2026-08-13
"149","OcnHub3bNa","MOOSPMv3Parser",1786587600,2,2,2,3,3,2,2,3,3,2,589,140,47177,23,16,1,16,16,29,18,16,0,34,33,26,29,44.382,21,1,36.139011,-120.368378,162.770004,8,600,58,3,"e00fce6850cac69f647dc199",2026-08-13 02:20:04.204,2026-08-13 02:20:04.411,2026-08-13 02:20:04.411,2026-08-13
"150","WVZwzFO75T","MOOSPMv3Parser",1786587601,8,8,4,11,11,4,4,11,11,4,1505,411,64286,68,33,3,33,33,32,20,33,0,35,36,30,30,35.296,17,2,35.949623,-119.049927,131.462006,0,600,58,3,"e00fce6808784ceaf209f949",2026-08-13 02:20:04.432,2026-08-13 02:20:04.583,2026-08-13 02:20:04.583,2026-08-13
"151","9pXzrvukxA","MOOSPMv3Parser",1786587601,3,3,3,5,5,4,4,6,6,4,694,214,7430,38,25,3,26,26,0,0,26,0,36,38,26,27,23.744,86,2,36.433578,-119.92337,27.014,6,600,58,3,"e00fce6876826e255108c6bd",2026-08-13 02:20:04.761,2026-08-13 02:20:04.922,2026-08-13 02:20:04.922,2026-08-13
"152","NBh5yvTZGD","MOOSPMv3Parser",1786587601,5,5,5,8,8,5,5,9,9,5,1579,307,102620,53,36,4,36,36,33,19,36,0,37,38,26,28,50.363,16,1,36.762726,-119.798782,63.952,11,600,58,3,"e00fce68e88237db75a60608",2026-08-13 02:20:05.609,2026-08-13 02:20:05.797,2026-08-13 02:20:05.797,2026-08-13
"153","oRcPHGq54S","MOOSPMv3Parser",1786587600,5,5,5,8,8,5,5,8,8,5,1133,314,104445,46,36,2,36,36,31,30,36,0,33,36,36,34,33.13,80,2,36.523418,-119.27877,96.513,8,600,58,3,"e00fce68f12da1a0c5de6248",2026-08-13 02:20:10.107,2026-08-13 02:20:10.318,2026-08-13 02:20:10.318,2026-08-13
"154","wHRNdQ5efm","MOOSPMv3Parser",1786588200,7,7,4,11,11,4,4,11,11,4,1847,406,1082,66,32,4,32,32,31,22,32,0,34,35,31,33,50.325,4,2,36.503353,-120.325333,46.936001,5,600,58,3,"e00fce68e77e43df92405fdb",2026-08-13 02:30:02.066,2026-08-13 02:30:02.217,2026-08-13 02:30:02.217,2026-08-13
"155","nQBhovNlDP","MOOSPMv3Parser",1786588201,0,0,2,0,0,2,2,0,0,2,228,147,42512,22,16,2,16,16,30,28,16,0,31,33,30,30,21.814,19,2,36.139042,-120.368378,175.304001,10,600,58,3,"e00fce68d6b773b56ce8baa0",2026-08-13 02:30:02.114,2026-08-13 02:30:02.312,2026-08-13 02:30:02.312,2026-08-13
"156","eBeSaxm2Du","MOOSPMv3Parser",1786588200,6,6,5,8,8,5,5,9,9,5,1186,327,104478,51,38,3,38,38,31,33,38,0,33,35,39,37,30.492,94,2,36.523464,-119.278862,109.733002,7,600,58,3,"e00fce68f12da1a0c5de6248",2026-08-13 02:30:02.291,2026-08-13 02:30:02.435,2026-08-13 02:30:02.435,2026-08-13
"157","yrRCpzoc1d","MOOSPMv3Parser",1786588200,0,0,1,0,0,1,1,0,0,1,199,110,3963,15,10,1,10,10,30,28,10,0,32,34,29,28,30.536,34,1,36.138939,-120.368378,177.192001,9,599,58,3,"e00fce686dc2ef0a68fa40b0",2026-08-13 02:30:02.697,2026-08-13 02:30:02.917,2026-08-13 02:30:02.917,2026-08-13
"158","FHRqMC9fsK","MOOSPMv3Parser",1786588201,1,1,2,2,2,2,2,2,2,2,411,113,63238,19,13,1,13,13,32,15,13,1,33,36,27,26,26.694,21,3277,3.1e-05,0.002265,33216.242188,6,600,58,3,"e00fce68e28dcbc9a589be10",2026-08-13 02:30:02.873,2026-08-13 02:30:03.033,2026-08-13 02:30:03.033,2026-08-13
"159","hoX1yfx44E","MOOSPMv3Parser",1786588200,1,1,0,3,3,0,0,3,3,0,658,155,0,27,0,2,0,0,32,15,0,2,34,36,27,27,23.931,47,1,36.187557,-119.822144,42.138,0,600,58,3,"e00fce68e739ecbcf9e91965",2026-08-13 02:30:03.132,2026-08-13 02:30:03.352,2026-08-13 02:30:03.352,2026-08-13
"160","UZAKUsZenq","MOOSPMv3Parser",1786588201,5,5,5,8,8,5,5,8,8,5,1536,304,102994,49,35,3,36,36,33,19,36,0,37,38,26,28,49.346,24,1,36.762695,-119.79882,74.158997,12,598,58,3,"e00fce68e88237db75a60608",2026-08-13 02:30:03.499,2026-08-13 02:30:03.751,2026-08-13 02:30:03.751,2026-08-13
"161","jlGVpCgidi","MOOSPMv3Parser",1786588201,7,7,4,11,11,5,5,11,11,5,1537,417,64316,69,34,3,34,34,32,20,34,0,34,36,31,30,31.614,69,2,35.949512,-119.04995,122.579002,6,600,58,3,"e00fce6808784ceaf209f949",2026-08-13 02:30:04.449,2026-08-13 02:30:04.616,2026-08-13 02:30:04.616,2026-08-13
"162","aWDEReOFq1","MOOSPMv3Parser",1786588200,2,2,2,3,3,2,2,3,3,2,567,134,47192,23,18,2,18,18,29,18,18,0,33,33,27,30,44.634,19,2,36.13908,-120.368301,179.042999,6,600,58,3,"e00fce6850cac69f647dc199",2026-08-13 02:30:04.602,2026-08-13 02:30:04.811,2026-08-13 02:30:04.811,2026-08-13
"163","XwBAMUVrRL","MOOSPMv3Parser",1786588201,2,2,2,3,3,2,3,3,3,3,466,141,7444,24,16,2,17,17,0,0,17,0,36,37,25,26,21.108,86,1,36.433681,-119.923416,32.792,7,600,58,3,"e00fce6876826e255108c6bd",2026-08-13 02:30:04.852,2026-08-13 02:30:04.991,2026-08-13 02:30:04.991,2026-08-13
"164","Y8vUt0PsyB","MOOSPMv3Parser",1786588801,0,0,2,0,0,2,2,0,0,2,230,145,42525,21,16,2,16,16,29,28,16,0,31,33,30,30,21.656,18,2,36.138958,-120.368439,152.720001,9,600,58,3,"e00fce68d6b773b56ce8baa0",2026-08-13 02:40:02.181,2026-08-13 02:40:02.339,2026-08-13 02:40:02.339,2026-08-13
"165","mphOZ6cbDf","MOOSPMv3Parser",1786588800,7,7,4,10,10,4,4,11,11,4,1818,393,1110,64,32,4,32,32,-10,-10,32,0,33,34,33,35,44.495,18,3,36.503105,-120.325424,55.081001,5,600,58,3,"e00fce68e77e43df92405fdb",2026-08-13 02:40:02.401,2026-08-13 02:40:02.556,2026-08-13 02:40:02.556,2026-08-13
"166","gPuM6lgS79","MOOSPMv3Parser",1786588801,4,4,2,5,5,3,3,5,5,3,803,222,63254,27,19,1,19,19,31,16,19,1,33,35,28,27,26.683,19,3277,3.1e-05,0.002265,33216.242188,6,600,58,3,"e00fce68e28dcbc9a589be10",2026-08-13 02:40:02.696,2026-08-13 02:40:02.825,2026-08-13 02:40:02.825,2026-08-13
"167","IW9aEVKHFR","MOOSPMv3Parser",1786588800,1,1,0,2,2,0,0,3,3,0,611,142,0,26,0,3,0,0,31,16,0,2,34,35,27,28,23.24,41,1,36.187527,-119.822098,26.790001,8,600,58,3,"e00fce68e739ecbcf9e91965",2026-08-13 02:40:02.957,2026-08-13 02:40:03.145,2026-08-13 02:40:03.145,2026-08-13
"168","0RAAeOj5Zf","MOOSPMv3Parser",1786588801,5,5,4,7,7,5,5,7,7,5,1426,289,102680,46,34,2,34,34,33,20,34,0,36,38,27,28,48.001,25,2,36.762783,-119.798721,55.724998,10,600,58,3,"e00fce68e88237db75a60608",2026-08-13 02:40:03.329,2026-08-13 02:40:03.54,2026-08-13 02:40:03.54,2026-08-13
"169","A2bgnxGTIX","MOOSPMv3Parser",1786588800,2,2,2,3,3,2,2,3,3,2,557,133,47206,20,16,1,16,16,28,19,16,0,33,32,27,30,44.625,17,2,36.139038,-120.368385,171.423004,7,600,58,3,"e00fce6850cac69f647dc199",2026-08-13 02:40:03.562,2026-08-13 02:40:03.748,2026-08-13 02:40:03.748,2026-08-13
"170","xQnw9x9SQl","MOOSPMv3Parser",1786588801,0,0,1,0,0,1,1,0,0,1,195,108,3958,15,9,1,9,9,30,28,9,0,31,33,30,28,30.123,33,2,36.139069,-120.368416,189.102005,8,601,58,3,"e00fce686dc2ef0a68fa40b0",2026-08-13 02:40:04.13,2026-08-13 02:40:04.322,2026-08-13 02:40:04.322,2026-08-13
"171","sYuLlBgEZ8","MOOSPMv3Parser",1786588801,7,7,4,9,9,4,4,10,10,4,1383,374,64345,63,33,3,33,33,31,21,33,0,34,36,32,31,31.986,65,2,35.949574,-119.049995,129.229004,7,600,58,3,"e00fce6808784ceaf209f949",2026-08-13 02:40:04.513,2026-08-13 02:40:04.698,2026-08-13 02:40:04.698,2026-08-13
"172","Akrl7aFxGL","MOOSPMv3Parser",1786588801,1,1,2,2,2,2,2,3,3,2,399,121,7456,21,14,2,14,14,0,0,14,0,35,37,25,27,20.114,86,1,36.43367,-119.923378,37.161999,7,600,58,3,"e00fce6876826e255108c6bd",2026-08-13 02:40:04.764,2026-08-13 02:40:04.924,2026-08-13 02:40:04.924,2026-08-13
"173","6UNWvZoDll","MOOSPMv3Parser",1786588800,6,6,5,8,8,5,5,9,9,5,1246,343,104511,51,38,2,38,38,30,34,38,0,32,35,40,37,26.062,162,2,36.523273,-119.278793,99.855003,7,600,58,3,"e00fce68f12da1a0c5de6248",2026-08-13 02:40:07.978,2026-08-13 02:40:08.119,2026-08-13 02:40:08.119,2026-08-13
"174","8xWKW3iusq","MOOSPMv3Parser",1786589401,0,0,2,0,0,2,2,0,0,2,221,141,42539,21,16,2,16,16,29,29,16,0,30,32,31,31,21.399,16,2,36.139042,-120.368355,164.882004,7,600,58,3,"e00fce68d6b773b56ce8baa0",2026-08-13 02:50:02.444,2026-08-13 02:50:02.621,2026-08-13 02:50:02.621,2026-08-13
"175","PIP7xe8g9n","MOOSPMv3Parser",1786589400,6,6,5,8,8,5,5,8,8,5,1238,340,104544,50,38,2,38,38,30,36,38,0,31,34,43,39,18.114,228,2,36.523411,-119.278854,99.628998,7,600,58,3,"e00fce68f12da1a0c5de6248",2026-08-13 02:50:02.495,2026-08-13 02:50:02.691,2026-08-13 02:50:02.691,2026-08-13
"176","UPAECRumyH","MOOSPMv3Parser",1786589401,2,2,2,3,3,2,2,3,3,2,484,134,63268,22,16,2,16,16,30,16,16,1,32,35,28,27,27.949,11,3277,3.1e-05,0.002265,33216.242188,6,600,58,3,"e00fce68e28dcbc9a589be10",2026-08-13 02:50:02.624,2026-08-13 02:50:02.835,2026-08-13 02:50:02.835,2026-08-13
"177","XykM9zLxQJ","MOOSPMv3Parser",1786589400,1,1,0,2,2,0,0,3,3,0,572,136,0,26,0,3,0,0,30,16,0,2,33,34,28,29,23.723,34,1,36.187477,-119.822014,46.66,10,600,58,3,"e00fce68e739ecbcf9e91965",2026-08-13 02:50:03.135,2026-08-13 02:50:03.329,2026-08-13 02:50:03.329,2026-08-13
"178","RuS7teRdSn","MOOSPMv3Parser",1786589400,0,0,1,0,0,1,1,0,0,1,194,109,3979,14,9,1,9,9,29,29,9,0,31,33,31,29,30.242,30,2,36.139061,-120.368439,192.134995,6,599,58,3,"e00fce686dc2ef0a68fa40b0",2026-08-13 02:50:03.189,2026-08-13 02:50:03.36,2026-08-13 02:50:03.36,2026-08-13
"179","e3EFixETKq","MOOSPMv3Parser",1786589401,0,0,1,0,0,1,1,0,0,1,104,84,2383223,15,8,1,8,8,29,29,8,0,31,33,31,29,29.697,29,2,36.139061,-120.368439,192.134995,6,1,58,3,"e00fce686dc2ef0a68fa40b0",2026-08-13 02:50:03.201,2026-08-13 02:50:03.414,2026-08-13 02:50:03.414,2026-08-13
"180","2FDyxTOjPC","MOOSPMv3Parser",1786589401,4,4,4,6,6,4,4,6,6,4,1293,250,102704,41,29,3,29,29,32,20,29,0,36,37,27,29,39.54,44,1,36.762703,-119.798744,60.866001,11,600,58,3,"e00fce68e88237db75a60608",2026-08-13 02:50:03.316,2026-08-13 02:50:03.521,2026-08-13 02:50:03.521,2026-08-13
"181","ueHvlfEjc1","MOOSPMv3Parser",1786589400,2,2,2,3,3,2,2,3,3,2,573,133,47220,23,16,2,17,17,28,20,17,0,32,32,27,31,45.004,15,2,36.139023,-120.36837,179.309998,9,600,58,3,"e00fce6850cac69f647dc199",2026-08-13 02:50:03.808,2026-08-13 02:50:03.946,2026-08-13 02:50:03.946,2026-08-13
"182","3Km1iCGHp7","MOOSPMv3Parser",1786589401,6,6,4,9,9,4,4,10,10,4,1313,357,64372,63,32,4,32,32,31,21,32,0,33,35,33,31,31.197,59,2,35.949574,-119.049957,113.720001,5,600,58,3,"e00fce6808784ceaf209f949",2026-08-13 02:50:04.525,2026-08-13 02:50:04.727,2026-08-13 02:50:04.727,2026-08-13
"183","2KzYdFGGop","MOOSPMv3Parser",1786589401,1,1,2,3,3,2,3,3,3,3,426,129,7470,23,16,2,16,17,0,0,17,1,35,36,26,27,19.359,86,1,36.433601,-119.923378,32.018002,7,600,58,3,"e00fce6876826e255108c6bd",2026-08-13 02:50:04.694,2026-08-13 02:50:04.844,2026-08-13 02:50:04.844,2026-08-13
"184","ClaDho8ltm","MOOSPMv3Parser",1786589400,6,6,4,9,9,4,4,9,9,4,1726,351,1134,53,28,3,28,28,-10,-10,28,0,33,33,33,35,37.044,81,2,36.503162,-120.325371,62.618,6,600,58,3,"e00fce68e77e43df92405fdb",2026-08-13 02:53:21.926,2026-08-13 02:53:22.148,2026-08-13 02:53:22.148,2026-08-13
"185","EB2huXbhSz","MOOSPMv3Parser",1786590000,5,5,3,7,7,3,4,8,8,4,1460,305,1155,45,25,3,25,25,29,25,25,0,32,33,34,36,34.047,114,2,36.503166,-120.325417,61.869999,6,600,58,3,"e00fce68e77e43df92405fdb",2026-08-13 03:00:02.25,2026-08-13 03:00:02.469,2026-08-13 03:00:02.469,2026-08-13
"186","IUu26DXv9T","MOOSPMv3Parser",1786590001,0,0,2,0,0,2,2,0,0,2,230,148,42552,21,16,3,16,16,28,29,16,0,30,32,32,31,21.611,12,3,36.139,-120.368393,179.246002,7,600,58,3,"e00fce68d6b773b56ce8baa0",2026-08-13 03:00:02.246,2026-08-13 03:00:02.502,2026-08-13 03:00:02.502,2026-08-13
"187","aBOTTcPH4S","MOOSPMv3Parser",1786590000,0,0,1,0,0,1,1,0,0,1,195,108,3986,15,9,1,9,9,29,30,9,0,30,32,31,29,30.506,26,2,36.139046,-120.36837,188.774994,7,599,58,3,"e00fce686dc2ef0a68fa40b0",2026-08-13 03:00:02.233,2026-08-13 03:00:02.509,2026-08-13 03:00:02.509,2026-08-13
"188","NmjTCFS6U3","MOOSPMv3Parser",1786590001,2,2,2,3,3,2,2,3,3,2,484,136,63282,20,16,2,16,16,30,17,16,1,32,34,29,28,28.027,8,3277,3.1e-05,0.002265,33216.242188,6,600,58,3,"e00fce68e28dcbc9a589be10",2026-08-13 03:00:02.865,2026-08-13 03:00:03.256,2026-08-13 03:00:03.256,2026-08-13
"189","hFMhy6QtQS","MOOSPMv3Parser",1786590000,1,1,0,3,3,0,0,3,3,0,627,148,0,28,0,4,0,0,30,17,0,2,33,34,28,29,23.467,28,1,36.187561,-119.822014,31.267,9,600,58,3,"e00fce68e739ecbcf9e91965",2026-08-13 03:00:02.966,2026-08-13 03:00:03.406,2026-08-13 03:00:03.406,2026-08-13
"190","7Bf0FKzWwq","MOOSPMv3Parser",1786590001,4,4,4,6,6,4,4,6,6,4,1265,252,102729,42,29,2,29,29,32,21,29,0,35,37,28,29,37.818,45,1,36.762741,-119.798737,48.049999,9,600,58,3,"e00fce68e88237db75a60608",2026-08-13 03:00:03.276,2026-08-13 03:00:03.665,2026-08-13 03:00:03.665,2026-08-13
"191","iSw2CD2Jea","MOOSPMv3Parser",1786590000,2,2,2,3,3,2,2,3,3,2,596,144,47235,24,16,1,16,16,28,20,16,0,32,31,28,32,45.283,12,2,36.139004,-120.368355,202.354996,8,600,58,3,"e00fce6850cac69f647dc199",2026-08-13 03:00:04.061,2026-08-13 03:00:04.219,2026-08-13 03:00:04.219,2026-08-13
"192","dsrhGsk9wm","MOOSPMv3Parser",1786590001,7,7,4,10,10,4,4,10,10,4,1357,370,64400,64,32,4,32,32,30,25,32,0,33,34,36,34,23.431,205,2,35.949596,-119.049927,112.737,6,600,58,3,"e00fce6808784ceaf209f949",2026-08-13 03:00:04.451,2026-08-13 03:00:04.645,2026-08-13 03:00:04.645,2026-08-13
"193","bD2xG11a46","MOOSPMv3Parser",1786590001,1,1,2,2,2,2,2,3,3,2,407,124,7481,19,13,2,13,13,0,0,13,1,34,36,26,28,19.776,86,1,36.433601,-119.923347,11.54,7,600,58,3,"e00fce6876826e255108c6bd",2026-08-13 03:00:04.806,2026-08-13 03:00:04.99,2026-08-13 03:00:04.99,2026-08-13
"194","KhsimlGlyE","MOOSPMv3Parser",1786590000,6,6,5,9,9,6,6,9,9,6,1277,352,104580,54,41,3,41,41,29,37,41,0,30,33,44,40,19.89,214,1,36.523411,-119.278854,99.627998,0,600,58,3,"e00fce68f12da1a0c5de6248",2026-08-13 03:00:18.995,2026-08-13 03:00:19.155,2026-08-13 03:00:19.155,2026-08-13
"195","mO85ukNcnw","MOOSPMv3Parser",1786590600,5,5,3,7,7,4,4,8,8,4,1401,292,1178,49,27,3,27,27,29,24,27,0,31,32,33,34,31.541,154,2,36.503143,-120.325424,68.896004,6,600,58,3,"e00fce68e77e43df92405fdb",2026-08-13 03:10:01.991,2026-08-13 03:10:02.169,2026-08-13 03:10:02.169,2026-08-13
"196","njQB3GM2lM","MOOSPMv3Parser",1786590601,0,0,2,0,0,2,2,0,0,2,230,147,42566,23,17,2,17,17,28,30,17,0,30,31,33,32,21.568,11,3,36.139061,-120.368416,167.774002,10,600,58,3,"e00fce68d6b773b56ce8baa0",2026-08-13 03:10:02.422,2026-08-13 03:10:02.613,2026-08-13 03:10:02.613,2026-08-13
"197","dtNDsaOe1e","MOOSPMv3Parser",1786590600,0,0,1,0,0,1,1,0,0,1,193,109,3987,15,9,1,9,9,28,30,9,0,30,32,32,30,30.548,25,2,36.139008,-120.368423,183.852005,11,600,58,3,"e00fce686dc2ef0a68fa40b0",2026-08-13 03:10:02.446,2026-08-13 03:10:02.659,2026-08-13 03:10:02.659,2026-08-13
"198","mNO8P6HVXh","MOOSPMv3Parser",1786590601,2,2,2,3,3,3,3,3,3,3,513,144,63298,24,19,1,20,20,30,18,20,1,31,33,30,29,27.935,11,3277,3.1e-05,0.002265,33216.242188,6,600,58,3,"e00fce68e28dcbc9a589be10",2026-08-13 03:10:02.787,2026-08-13 03:10:02.954,2026-08-13 03:10:02.954,2026-08-13
"199","fmLUv2fNYl","MOOSPMv3Parser",1786590601,0,0,1,0,0,1,1,0,0,1,300,146,2392452,14,10,0,10,10,28,30,10,0,30,32,32,30,30.589,25,2,36.139008,-120.368423,183.852005,11,1,58,3,"e00fce686dc2ef0a68fa40b0",2026-08-13 03:10:02.842,2026-08-13 03:10:03.026,2026-08-13 03:10:03.026,2026-08-13
"200","b4XQkEZXDd","MOOSPMv3Parser",1786590600,1,1,0,2,2,0,0,3,3,0,583,138,0,28,0,4,0,0,30,18,0,2,32,33,29,30,23.908,26,1,36.187473,-119.822098,37.985001,11,600,58,3,"e00fce68e739ecbcf9e91965",2026-08-13 03:10:03.14,2026-08-13 03:10:03.315,2026-08-13 03:10:03.315,2026-08-13
"201","JgUejgRMEW","MOOSPMv3Parser",1786590601,4,4,4,6,6,4,4,7,7,4,1251,254,102756,42,31,3,31,31,32,22,31,0,35,36,28,30,35.128,65,1,36.762741,-119.798737,48.048,0,600,58,3,"e00fce68e88237db75a60608",2026-08-13 03:10:03.345,2026-08-13 03:10:03.568,2026-08-13 03:10:03.568,2026-08-13
"202","QyKVRsE60v","MOOSPMv3Parser",1786590600,7,7,6,10,10,6,6,10,10,6,1424,395,104619,57,45,2,45,45,29,41,45,0,29,33,48,43,18.461,241,1,36.523346,-119.278763,95.337997,8,600,58,3,"e00fce68f12da1a0c5de6248",2026-08-13 03:10:03.83,2026-08-13 03:10:04.004,2026-08-13 03:10:04.004,2026-08-13
"203","yB6rzMSNV2","MOOSPMv3Parser",1786590600,2,2,2,3,3,2,2,3,3,2,582,140,47250,21,18,1,18,18,27,21,18,0,32,31,29,32,45.255,11,2,36.139053,-120.368309,191.994003,9,600,58,3,"e00fce6850cac69f647dc199",2026-08-13 03:10:04.452,2026-08-13 03:10:04.595,2026-08-13 03:10:04.595,2026-08-13
"204","PZvEV520Jd","MOOSPMv3Parser",1786590601,4,4,4,7,7,4,4,7,7,4,1016,276,64424,45,28,3,28,28,30,25,28,0,32,34,35,34,18.818,280,1,35.949692,-119.049927,123.426003,9,600,58,3,"e00fce6808784ceaf209f949",2026-08-13 03:10:04.498,2026-08-13 03:10:04.706,2026-08-13 03:10:04.706,2026-08-13
"205","4WkL6edoF2","MOOSPMv3Parser",1786590601,1,1,2,2,2,2,2,3,3,2,432,130,7493,20,14,3,14,14,0,0,14,0,34,36,28,28,19.138,86,2,36.433601,-119.923347,11.541,0,600,58,3,"e00fce6876826e255108c6bd",2026-08-13 03:10:05.247,2026-08-13 03:10:05.474,2026-08-13 03:10:05.474,2026-08-13
"206","7VdCUhHFnG","MOOSPMv3Parser",1786591200,5,5,3,7,7,3,3,8,8,3,1427,300,1200,48,25,3,25,25,28,25,25,0,31,32,34,36,32.042,118,2,36.503181,-120.3255,80.136002,6,600,58,3,"e00fce68e77e43df92405fdb",2026-08-13 03:20:02.23,2026-08-13 03:20:02.427,2026-08-13 03:20:02.427,2026-08-13
"207","8c5tp2xLxe","MOOSPMv3Parser",1786591201,0,0,2,0,0,2,2,0,0,2,227,145,42580,23,17,2,17,17,28,30,17,0,29,31,33,32,21.446,10,3,36.139061,-120.368416,167.779007,0,600,58,3,"e00fce68d6b773b56ce8baa0",2026-08-13 03:20:02.336,2026-08-13 03:20:02.507,2026-08-13 03:20:02.507,2026-08-13
"208","KKWMcWFFpE","MOOSPMv3Parser",1786591200,0,0,1,0,0,1,1,0,0,1,197,110,4003,16,10,1,10,10,28,30,10,0,29,32,33,30,30.016,25,2,36.139004,-120.368385,166.029007,10,599,58,3,"e00fce686dc2ef0a68fa40b0",2026-08-13 03:20:02.839,2026-08-13 03:20:03.074,2026-08-13 03:20:03.074,2026-08-13
"209","UZIa28PevJ","MOOSPMv3Parser",1786591201,2,2,4,4,4,6,8,5,5,9,588,164,63318,31,27,3,29,30,29,19,30,1,31,33,30,30,26.572,13,3277,3.1e-05,0.002265,33216.242188,6,600,58,3,"e00fce68e28dcbc9a589be10",2026-08-13 03:20:02.906,2026-08-13 03:20:03.085,2026-08-13 03:20:03.085,2026-08-13
"210","RitlTJDuHo","MOOSPMv3Parser",1786591200,1,1,0,3,3,0,0,3,3,0,622,145,0,31,0,4,0,0,29,18,0,2,32,33,29,30,24.037,24,2,36.187523,-119.822014,28.075001,10,600,58,3,"e00fce68e739ecbcf9e91965",2026-08-13 03:20:03.134,2026-08-13 03:20:03.356,2026-08-13 03:20:03.356,2026-08-13
"211","kYv8evRyvB","MOOSPMv3Parser",1786591201,7,7,6,11,11,7,7,11,11,7,1820,394,102800,72,50,4,50,50,31,23,50,0,34,35,30,31,40.146,45,1,36.76268,-119.798729,45.284,12,600,58,3,"e00fce68e88237db75a60608",2026-08-13 03:20:03.409,2026-08-13 03:20:03.612,2026-08-13 03:20:03.612,2026-08-13
"212","wMtBLxo6Nf","MOOSPMv3Parser",1786591200,2,2,2,3,3,2,2,3,3,2,568,135,47265,24,17,1,17,17,27,22,17,0,31,31,29,33,45.167,11,2,36.139027,-120.368309,178.369003,10,600,58,3,"e00fce6850cac69f647dc199",2026-08-13 03:20:03.559,2026-08-13 03:20:03.78,2026-08-13 03:20:03.78,2026-08-13
"213","rBu8ud8Dgp","MOOSPMv3Parser",1786591201,2,2,2,4,4,3,3,4,4,4,667,180,64440,28,19,2,19,20,29,26,20,1,31,33,37,35,16.98,289,1,35.949249,-119.04998,97.366997,8,600,58,3,"e00fce6808784ceaf209f949",2026-08-13 03:20:04.668,2026-08-13 03:20:04.823,2026-08-13 03:20:04.823,2026-08-13
"214","kztfFV1HFL","MOOSPMv3Parser",1786591201,1,1,2,2,2,2,2,3,3,2,407,123,7507,22,16,2,16,16,0,0,16,0,33,35,28,29,18.777,86,2,36.433609,-119.92337,30.722,6,600,58,3,"e00fce6876826e255108c6bd",2026-08-13 03:20:04.838,2026-08-13 03:20:05.03,2026-08-13 03:20:05.03,2026-08-13
"215","APukcepgXP","MOOSPMv3Parser",1786591800,6,6,4,8,8,4,4,9,9,4,1501,327,1226,53,29,3,30,30,28,25,30,0,30,31,35,36,31.693,118,2,36.503181,-120.3255,80.138,0,600,58,3,"e00fce68e77e43df92405fdb",2026-08-13 03:30:02.145,2026-08-13 03:30:02.301,2026-08-13 03:30:02.301,2026-08-13
"216","5Axj4jLO1t","MOOSPMv3Parser",1786591801,0,0,2,0,0,2,2,0,0,2,238,153,42593,24,16,2,16,16,28,31,16,0,29,31,33,33,21.124,11,3,36.138981,-120.368446,172.287994,9,600,58,3,"e00fce68d6b773b56ce8baa0",2026-08-13 03:30:02.505,2026-08-13 03:30:02.713,2026-08-13 03:30:02.713,2026-08-13
"217","wrojBVyUUP","MOOSPMv3Parser",1786591801,2,2,2,3,3,3,4,3,3,4,451,125,63331,20,16,2,17,17,29,19,17,1,31,33,30,30,25.868,14,3277,3.1e-05,0.002265,33216.242188,6,600,58,3,"e00fce68e28dcbc9a589be10",2026-08-13 03:30:02.788,2026-08-13 03:30:03.036,2026-08-13 03:30:03.036,2026-08-13
"218","KLyVOIay9I","MOOSPMv3Parser",1786591800,0,0,1,0,0,1,1,0,0,1,202,115,4004,15,10,1,10,10,28,30,10,0,29,31,33,31,29.785,26,2,36.138988,-120.368439,179.292999,10,600,58,3,"e00fce686dc2ef0a68fa40b0",2026-08-13 03:30:03.177,2026-08-13 03:30:03.372,2026-08-13 03:30:03.372,2026-08-13
"219","NMCFzPuYY3","MOOSPMv3Parser",1786591800,1,1,0,3,3,0,0,4,4,0,658,158,0,31,0,5,0,0,29,19,0,2,32,32,30,31,24.724,22,3,36.187428,-119.822052,24.712999,9,600,58,3,"e00fce68e739ecbcf9e91965",2026-08-13 03:30:03.194,2026-08-13 03:30:03.395,2026-08-13 03:30:03.395,2026-08-13
"220","033mp7CPFy","MOOSPMv3Parser",1786591801,9,9,7,13,13,8,8,14,14,8,2072,485,102851,87,58,4,59,59,31,24,59,0,34,35,31,32,43.309,24,2,36.762726,-119.798737,58.806999,11,600,58,3,"e00fce68e88237db75a60608",2026-08-13 03:30:03.409,2026-08-13 03:30:03.589,2026-08-13 03:30:03.589,2026-08-13
"221","XNhoyIGp3D","MOOSPMv3Parser",1786591800,2,2,2,3,3,2,2,3,3,2,559,135,47280,21,18,1,18,18,27,22,18,0,31,30,29,33,44.385,10,3,36.139015,-120.368416,175.962006,12,600,58,3,"e00fce6850cac69f647dc199",2026-08-13 03:30:04.024,2026-08-13 03:30:04.216,2026-08-13 03:30:04.216,2026-08-13
"222","LNTY73RDlB","MOOSPMv3Parser",1786591801,2,2,3,4,4,3,4,4,4,4,638,170,64456,28,19,3,20,20,28,25,20,1,31,32,35,34,16.757,254,1,35.949516,-119.04995,121.759003,8,600,58,3,"e00fce6808784ceaf209f949",2026-08-13 03:30:04.433,2026-08-13 03:30:04.614,2026-08-13 03:30:04.614,2026-08-13
"223","2GwAWmNIhO","MOOSPMv3Parser",1786591801,2,2,2,3,3,3,3,4,4,3,471,142,7522,28,19,4,19,19,0,0,19,1,33,35,29,30,18.066,86,2,36.43362,-119.923363,29.827,6,600,58,3,"e00fce6876826e255108c6bd",2026-08-13 03:30:04.838,2026-08-13 03:30:05.036,2026-08-13 03:30:05.036,2026-08-13
"224","7qs6ROtP9Z","MOOSPMv3Parser",1786591800,8,8,7,12,12,8,9,13,13,9,1633,446,104709,76,57,4,58,58,28,43,58,0,29,32,49,44,13.292,279,1,36.523304,-119.278816,81.278999,7,600,58,3,"e00fce68f12da1a0c5de6248",2026-08-13 03:30:06.423,2026-08-13 03:30:06.585,2026-08-13 03:30:06.585,2026-08-13
"225","XQOr4RdJqg","MOOSPMv3Parser",1786592400,6,6,4,9,9,4,4,9,9,4,1579,349,1250,57,28,3,28,28,28,27,28,0,30,31,36,38,32.499,95,2,36.503147,-120.325417,62.495998,7,600,58,3,"e00fce68e77e43df92405fdb",2026-08-13 03:40:02.134,2026-08-13 03:40:02.344,2026-08-13 03:40:02.344,2026-08-13
"226","0g5KfhV5Jb","MOOSPMv3Parser",1786592401,1,1,2,2,2,2,3,2,2,3,405,114,63343,19,15,1,15,15,29,20,15,1,31,32,31,31,25.126,17,3277,3.1e-05,0.002265,33216.242188,6,600,58,3,"e00fce68e28dcbc9a589be10",2026-08-13 03:40:02.776,2026-08-13 03:40:02.959,2026-08-13 03:40:02.959,2026-08-13
"227","SKhtjwosBL","MOOSPMv3Parser",1786592400,1,1,0,3,3,0,0,4,4,0,618,148,0,32,0,4,0,0,28,20,0,2,31,32,31,32,23.874,24,3,36.187519,-119.822098,29.478001,10,600,58,3,"e00fce68e739ecbcf9e91965",2026-08-13 03:40:03.046,2026-08-13 03:40:03.193,2026-08-13 03:40:03.193,2026-08-13
"228","ZrKUzlDPdD","MOOSPMv3Parser",1786592400,9,9,7,13,13,8,8,14,14,8,1753,489,104759,78,57,5,57,57,27,48,57,0,28,31,55,49,13.909,258,1,36.523438,-119.278816,81.749001,7,600,58,3,"e00fce68f12da1a0c5de6248",2026-08-13 03:40:03.024,2026-08-13 03:40:03.242,2026-08-13 03:40:03.242,2026-08-13
"229","Kk2TZI4oCX","MOOSPMv3Parser",1786592401,9,9,7,12,12,8,8,13,13,8,2007,463,102902,79,59,4,59,59,30,25,59,0,34,35,31,32,42.683,26,2,36.762699,-119.798782,56.980999,9,600,58,3,"e00fce68e88237db75a60608",2026-08-13 03:40:03.349,2026-08-13 03:40:03.572,2026-08-13 03:40:03.572,2026-08-13
"230","1VnDHtBVIR","MOOSPMv3Parser",1786592401,0,0,1,0,0,1,1,0,0,1,204,116,4006,16,10,1,10,10,28,31,10,0,29,31,33,31,30.327,27,2,36.139034,-120.368416,177.481003,10,601,58,3,"e00fce686dc2ef0a68fa40b0",2026-08-13 03:40:03.577,2026-08-13 03:40:03.781,2026-08-13 03:40:03.781,2026-08-13
"231","Gd1YLLkmqi","MOOSPMv3Parser",1786592400,2,2,2,3,3,2,2,3,3,2,617,151,47296,25,18,1,19,19,27,22,19,0,31,30,30,34,45.209,10,3,36.138981,-120.368378,173.899002,9,600,58,3,"e00fce6850cac69f647dc199",2026-08-13 03:40:04.31,2026-08-13 03:40:04.5,2026-08-13 03:40:04.5,2026-08-13
"232","vHxSi9nhXc","MOOSPMv3Parser",1786592401,2,2,2,4,4,4,6,4,4,6,601,163,64468,30,16,3,18,19,28,25,19,1,30,32,36,35,17.705,194,1,35.949417,-119.049896,107.82,6,600,58,3,"e00fce6808784ceaf209f949",2026-08-13 03:40:04.518,2026-08-13 03:40:04.688,2026-08-13 03:40:04.688,2026-08-13
"233","giUtG8MABk","MOOSPMv3Parser",1786592401,2,2,2,3,3,3,3,4,4,3,480,146,7538,26,18,2,19,19,0,0,19,1,32,34,33,33,16.933,87,1,36.433689,-119.92337,29.052,8,600,58,3,"e00fce6876826e255108c6bd",2026-08-13 03:40:04.836,2026-08-13 03:40:05.08,2026-08-13 03:40:05.08,2026-08-13
"234","YqLgGxDOXc","MOOSPMv3Parser",1786592401,0,0,2,0,0,2,2,0,0,2,242,158,42608,26,18,3,18,18,27,31,18,0,29,30,34,33,21.265,11,3,36.138988,-120.368317,161.556,8,600,58,3,"e00fce68d6b773b56ce8baa0",2026-08-13 03:40:17.784,2026-08-13 03:40:17.952,2026-08-13 03:40:17.952,2026-08-13
"235","b0JDdaXNTr","MOOSPMv3Parser",1786593000,6,6,4,9,9,4,4,10,10,4,1681,369,1279,60,33,4,33,33,27,28,33,0,29,30,38,39,31.029,133,2,36.503193,-120.325371,60.693001,7,600,58,3,"e00fce68e77e43df92405fdb",2026-08-13 03:50:02.234,2026-08-13 03:50:02.449,2026-08-13 03:50:02.449,2026-08-13
"236","WtEypPOVFr","MOOSPMv3Parser",1786593001,0,0,3,0,0,3,3,1,1,3,236,153,42625,23,20,2,20,20,27,31,20,0,29,30,34,34,21.728,8,4,36.138889,-120.368423,175.145996,8,600,58,3,"e00fce68d6b773b56ce8baa0",2026-08-13 03:50:02.535,2026-08-13 03:50:02.743,2026-08-13 03:50:02.743,2026-08-13
"237","V0Kqn8pN8B","MOOSPMv3Parser",1786593001,1,1,2,2,2,2,2,2,2,3,426,120,63356,19,15,1,15,15,28,20,15,1,31,32,31,31,25.099,18,3277,3.1e-05,0.002265,33216.242188,6,600,58,3,"e00fce68e28dcbc9a589be10",2026-08-13 03:50:02.759,2026-08-13 03:50:02.973,2026-08-13 03:50:02.973,2026-08-13
"238","G4Ou5Q9Lai","MOOSPMv3Parser",1786593000,1,1,0,4,4,0,0,4,4,0,660,158,0,37,0,6,0,0,28,21,0,2,31,31,31,33,23.665,31,4,36.187508,-119.822075,32.835999,9,600,58,3,"e00fce68e739ecbcf9e91965",2026-08-13 03:50:03.161,2026-08-13 03:50:03.389,2026-08-13 03:50:03.389,2026-08-13
"239","11b8AAQUdZ","MOOSPMv3Parser",1786593001,9,9,7,13,13,8,8,14,14,8,2042,471,102953,84,58,6,59,59,30,25,59,0,33,34,31,32,43.281,31,2,36.762718,-119.798767,60.798,12,600,58,3,"e00fce68e88237db75a60608",2026-08-13 03:50:03.411,2026-08-13 03:50:03.591,2026-08-13 03:50:03.591,2026-08-13
"240","64p2a84EMZ","MOOSPMv3Parser",1786593001,0,0,1,0,0,1,1,0,0,1,211,121,4021,18,10,1,10,10,28,31,10,0,29,31,34,32,30.244,22,2,36.138969,-120.368408,171.304993,11,600,58,3,"e00fce686dc2ef0a68fa40b0",2026-08-13 03:50:03.893,2026-08-13 03:50:04.136,2026-08-13 03:50:04.136,2026-08-13
"241","yNijqsAbES","MOOSPMv3Parser",1786593000,9,9,7,13,13,7,7,13,13,7,1718,477,104804,74,52,4,53,53,27,49,53,0,28,31,56,49,7.325,349,1,36.523224,-119.278839,70.476997,5,600,58,3,"e00fce68f12da1a0c5de6248",2026-08-13 03:50:04.042,2026-08-13 03:50:04.208,2026-08-13 03:50:04.208,2026-08-13
"242","EoGSiuq0Cw","MOOSPMv3Parser",1786593000,2,2,2,4,4,2,2,4,4,2,629,158,47313,26,19,2,19,19,26,23,19,0,31,30,30,34,45.97,8,3,36.138954,-120.368309,161.184006,12,600,58,3,"e00fce6850cac69f647dc199",2026-08-13 03:50:04.457,2026-08-13 03:50:04.62,2026-08-13 03:50:04.62,2026-08-13
"243","yr73HLxhfe","MOOSPMv3Parser",1786593001,2,2,2,3,3,4,6,4,4,7,556,147,64479,25,16,2,18,19,28,26,19,1,30,31,37,36,17.227,197,1,35.949543,-119.049858,133.802002,6,600,58,3,"e00fce6808784ceaf209f949",2026-08-13 03:50:04.516,2026-08-13 03:50:04.724,2026-08-13 03:50:04.724,2026-08-13
"244","lnmpqyQyvv","MOOSPMv3Parser",1786593001,5,5,6,9,9,7,7,11,11,7,1082,331,7575,66,43,7,44,44,0,0,44,1,31,33,39,39,20.727,87,2,36.433731,-119.923386,21.736,5,600,58,3,"e00fce6876826e255108c6bd",2026-08-13 03:50:04.997,2026-08-13 03:50:05.161,2026-08-13 03:50:05.161,2026-08-13
"245","XzIO8cjeGF","MOOSPMv3Parser",1786593601,0,0,3,0,0,3,3,1,1,3,250,166,42642,27,21,3,21,21,27,32,21,0,28,30,35,35,21.824,7,4,36.139004,-120.368355,181.104004,8,600,58,3,"e00fce68d6b773b56ce8baa0",2026-08-13 04:00:02.165,2026-08-13 04:00:02.559,2026-08-13 04:00:02.559,2026-08-13
"246","UDpxAab6gh","MOOSPMv3Parser",1786593600,8,8,5,11,11,5,5,12,12,5,1855,420,1310,67,35,5,36,36,27,29,36,0,29,30,38,40,31.093,124,2,36.503136,-120.325363,57.129002,7,600,58,3,"e00fce68e77e43df92405fdb",2026-08-13 04:00:02.324,2026-08-13 04:00:02.801,2026-08-13 04:00:02.801,2026-08-13
"247","gkAdmq0EVN","MOOSPMv3Parser",1786593601,1,1,2,2,2,2,2,2,2,2,403,111,63368,17,14,1,14,14,28,20,14,1,31,32,31,31,25.343,18,3277,3.1e-05,0.002265,33216.242188,6,600,58,3,"e00fce68e28dcbc9a589be10",2026-08-13 04:00:02.807,2026-08-13 04:00:03.458,2026-08-13 04:00:03.458,2026-08-13
"248","1nvCprdBtk","MOOSPMv3Parser",1786593601,0,0,1,0,0,1,1,0,0,1,272,139,2418059,21,10,3,10,10,27,32,10,0,28,30,35,33,30.08,23,2,36.138969,-120.368408,171.306,0,1,58,3,"e00fce686dc2ef0a68fa40b0",2026-08-13 04:00:02.94,2026-08-13 04:00:03.466,2026-08-13 04:00:03.466,2026-08-13
"249","3gGPwsb3lk","MOOSPMv3Parser",1786593601,9,9,7,13,13,8,8,14,14,8,2041,468,103004,89,58,7,58,58,30,26,58,0,33,34,31,33,42.322,28,2,36.762665,-119.798775,60.979,10,600,58,3,"e00fce68e88237db75a60608",2026-08-13 04:00:03.335,2026-08-13 04:00:03.832,2026-08-13 04:00:03.832,2026-08-13
"250","z1BAPFaybq","MOOSPMv3Parser",1786593600,1,1,0,2,2,0,0,3,3,0,585,143,0,29,0,1,0,0,28,22,0,2,30,31,32,33,23.946,25,5,36.187485,-119.822029,35.389999,8,600,58,3,"e00fce68e739ecbcf9e91965",2026-08-13 04:00:03.048,2026-08-13 04:00:03.861,2026-08-13 04:00:03.861,2026-08-13
"251","GmbSi7i8NX","MOOSPMv3Parser",1786593600,0,0,1,0,0,1,1,0,0,1,214,125,4037,18,11,1,11,11,27,32,11,0,28,30,35,33,30.439,22,2,36.138969,-120.368408,171.306,0,599,58,3,"e00fce686dc2ef0a68fa40b0",2026-08-13 04:00:02.93,2026-08-13 04:00:04.335,2026-08-13 04:00:04.335,2026-08-13
"252","QUFRcrh3PA","MOOSPMv3Parser",1786593600,2,2,3,4,4,3,3,4,4,3,654,162,47332,28,22,2,22,22,26,24,22,0,30,29,31,35,46.03,8,3,36.138954,-120.368309,161.182007,0,600,58,3,"e00fce6850cac69f647dc199",2026-08-13 04:00:03.414,2026-08-13 04:00:04.417,2026-08-13 04:00:04.417,2026-08-13
"253","3Dg6NYQVD8","MOOSPMv3Parser",1786593601,2,2,2,3,3,3,4,3,3,4,538,146,64490,23,14,2,16,16,27,27,16,1,29,31,37,36,17.134,198,1,35.949497,-119.049942,107.307999,8,600,58,3,"e00fce6808784ceaf209f949",2026-08-13 04:00:04.513,2026-08-13 04:00:05.251,2026-08-13 04:00:05.251,2026-08-13
"254","Ct6m9UO9cM","MOOSPMv3Parser",1786593601,6,6,6,9,9,7,7,11,11,7,1117,346,7614,67,45,8,46,46,0,0,46,0,31,32,38,38,21.368,87,2,36.433636,-119.923393,27.198,6,600,58,3,"e00fce6876826e255108c6bd",2026-08-13 04:00:05.267,2026-08-13 04:00:05.841,2026-08-13 04:00:05.841,2026-08-13
"255","R9zsCUb9ye","MOOSPMv3Parser",1786593600,8,8,7,12,12,7,7,12,12,7,1655,456,104852,72,54,3,54,54,27,46,54,0,29,30,49,47,10.987,318,1,36.523331,-119.278755,87.078003,8,600,58,3,"e00fce68f12da1a0c5de6248",2026-08-13 04:00:06.359,2026-08-13 04:00:06.633,2026-08-13 04:00:06.633,2026-08-13
"256","KoP6N3cAmF","MOOSPMv3Parser",1786594200,9,9,5,12,12,5,5,13,13,5,2050,469,1345,79,40,4,40,40,26,29,40,0,29,29,38,40,32.78,89,2,36.503056,-120.325409,59.518002,7,600,58,3,"e00fce68e77e43df92405fdb",2026-08-13 04:10:02.244,2026-08-13 04:10:02.435,2026-08-13 04:10:02.435,2026-08-13
"257","f4l1kXveRT","MOOSPMv3Parser",1786594201,0,0,3,1,1,3,3,1,1,3,256,170,42660,30,21,3,21,21,27,33,21,0,28,29,36,35,21.368,8,4,36.139019,-120.368469,158.641006,7,600,58,3,"e00fce68d6b773b56ce8baa0",2026-08-13 04:10:02.744,2026-08-13 04:10:02.935,2026-08-13 04:10:02.935,2026-08-13
"258","U6LQMWHJeH","MOOSPMv3Parser",1786594201,1,1,2,2,2,2,2,2,2,2,382,107,63379,18,13,2,13,13,28,21,13,1,30,32,32,32,25.187,15,3277,3.1e-05,0.002265,33216.242188,6,600,58,3,"e00fce68e28dcbc9a589be10",2026-08-13 04:10:02.754,2026-08-13 04:10:03.011,2026-08-13 04:10:03.011,2026-08-13
"259","iRNuimKiaw","MOOSPMv3Parser",1786594200,1,1,0,4,4,0,0,4,4,0,692,168,0,36,0,5,0,0,28,22,0,2,30,31,32,34,23.989,23,7,36.187561,-119.822021,26.836,9,600,58,3,"e00fce68e739ecbcf9e91965",2026-08-13 04:10:02.972,2026-08-13 04:10:03.175,2026-08-13 04:10:03.175,2026-08-13
"260","HpES2tR5fc","MOOSPMv3Parser",1786594201,0,0,2,0,0,2,2,0,0,2,223,130,4040,20,12,2,12,12,27,32,12,0,28,30,35,33,30.168,25,2,36.139027,-120.368416,169.740005,10,600,58,3,"e00fce686dc2ef0a68fa40b0",2026-08-13 04:10:03.261,2026-08-13 04:10:03.449,2026-08-13 04:10:03.449,2026-08-13
"261","RoG39nX8XS","MOOSPMv3Parser",1786594201,9,9,7,13,13,8,8,13,13,8,2010,463,103054,83,58,4,58,58,30,26,58,0,33,33,31,33,42.083,38,2,36.762699,-119.798737,65.712997,10,600,58,3,"e00fce68e88237db75a60608",2026-08-13 04:10:03.319,2026-08-13 04:10:03.498,2026-08-13 04:10:03.498,2026-08-13
"262","y6uBIHs7lt","MOOSPMv3Parser",1786594200,2,2,3,4,4,3,3,4,4,3,679,171,47350,30,21,2,21,21,26,25,21,0,30,29,31,36,45.147,9,3,36.138962,-120.368378,174.393997,10,600,58,3,"e00fce6850cac69f647dc199",2026-08-13 04:10:03.739,2026-08-13 04:10:03.893,2026-08-13 04:10:03.893,2026-08-13
"263","8m4JAuiZ4t","MOOSPMv3Parser",1786594201,2,2,2,3,3,3,3,4,4,4,559,153,64503,28,16,2,17,17,27,28,17,1,29,31,38,37,17.7,181,1,35.949497,-119.049942,107.310997,0,600,58,3,"e00fce6808784ceaf209f949",2026-08-13 04:10:04.595,2026-08-13 04:10:04.767,2026-08-13 04:10:04.767,2026-08-13
"264","jIW4KyPcY0","MOOSPMv3Parser",1786594201,5,5,6,8,8,6,7,10,10,7,1044,321,7652,60,44,5,45,45,0,0,45,0,30,32,40,40,20.582,87,2,36.433636,-119.92334,35.470001,7,600,58,3,"e00fce6876826e255108c6bd",2026-08-13 04:10:04.853,2026-08-13 04:10:05.055,2026-08-13 04:10:05.055,2026-08-13
"265","KLCCj9BiV3","MOOSPMv3Parser",1786594200,8,8,7,11,11,7,7,11,11,7,1715,451,104900,63,56,3,56,56,27,48,56,0,28,30,51,48,12.67,295,1,36.523319,-119.278694,85.653,8,600,58,3,"e00fce68f12da1a0c5de6248",2026-08-13 04:10:19.99,2026-08-13 04:10:20.227,2026-08-13 04:10:20.227,2026-08-13
"266","miEREvzb7F","MOOSPMv3Parser",1786594800,8,8,5,12,12,5,5,12,12,5,1982,466,1379,77,40,4,40,40,26,30,40,0,29,29,38,40,31.226,105,2,36.50304,-120.325378,52.838001,7,600,58,3,"e00fce68e77e43df92405fdb",2026-08-13 04:20:02.095,2026-08-13 04:20:02.292,2026-08-13 04:20:02.292,2026-08-13
"267","Xbckl7zt2d","MOOSPMv3Parser",1786594801,0,0,3,1,1,3,3,1,1,3,268,180,42681,32,25,3,25,25,26,33,25,0,28,29,36,36,21.317,10,5,36.138927,-120.36821,188.427002,7,600,58,3,"e00fce68d6b773b56ce8baa0",2026-08-13 04:20:02.188,2026-08-13 04:20:02.391,2026-08-13 04:20:02.391,2026-08-13
"268","MkvAHj6bHk","MOOSPMv3Parser",1786594800,0,0,2,0,0,2,2,0,0,2,229,137,4057,22,13,2,13,13,27,33,13,0,28,30,36,34,29.765,27,2,36.139065,-120.368378,173.580002,10,599,58,3,"e00fce686dc2ef0a68fa40b0",2026-08-13 04:20:02.279,2026-08-13 04:20:02.458,2026-08-13 04:20:02.458,2026-08-13
"269","RDQnkL53Yj","MOOSPMv3Parser",1786594801,1,1,2,2,2,2,2,2,2,2,398,112,63391,18,13,1,13,13,28,21,13,1,30,31,32,32,23.474,26,3277,3.1e-05,0.002265,33216.242188,6,600,58,3,"e00fce68e28dcbc9a589be10",2026-08-13 04:20:02.895,2026-08-13 04:20:03.074,2026-08-13 04:20:03.074,2026-08-13
"270","j5Ago4eFpT","MOOSPMv3Parser",1786594800,9,9,7,13,13,8,8,14,14,8,1931,497,104949,76,56,4,56,56,26,48,56,0,28,30,51,48,11.38,300,1,36.523369,-119.278778,81.843002,7,600,58,3,"e00fce68f12da1a0c5de6248",2026-08-13 04:20:02.947,2026-08-13 04:20:03.1,2026-08-13 04:20:03.1,2026-08-13
"271","KkKdbaV6xK","MOOSPMv3Parser",1786594800,1,1,0,3,3,0,0,3,3,0,664,161,0,29,0,2,0,0,27,23,0,2,30,31,33,34,23.533,25,8,36.187561,-119.822021,26.839001,0,600,58,3,"e00fce68e739ecbcf9e91965",2026-08-13 04:20:02.972,2026-08-13 04:20:03.124,2026-08-13 04:20:03.124,2026-08-13
"272","8yqTJIsIjE","MOOSPMv3Parser",1786594801,8,8,8,12,12,8,8,13,13,8,1957,454,103106,83,59,4,59,59,29,27,59,0,32,33,33,34,40.887,38,2,36.762718,-119.798729,58.826,10,600,58,3,"e00fce68e88237db75a60608",2026-08-13 04:20:03.552,2026-08-13 04:20:03.714,2026-08-13 04:20:03.714,2026-08-13
"273","MMWi0q7dgz","MOOSPMv3Parser",1786594800,3,3,3,5,5,3,3,5,5,3,726,183,47372,36,25,2,25,25,26,25,25,0,30,29,32,36,43.974,10,4,36.139034,-120.368355,176.022003,11,600,58,3,"e00fce6850cac69f647dc199",2026-08-13 04:20:04.213,2026-08-13 04:20:04.447,2026-08-13 04:20:04.447,2026-08-13
"274","H41CrlwBlE","MOOSPMv3Parser",1786594801,2,2,2,3,3,3,3,4,4,4,564,151,64516,24,16,2,17,17,27,28,17,1,29,30,38,37,18.121,169,1,35.949604,-119.050003,117.983002,9,600,58,3,"e00fce6808784ceaf209f949",2026-08-13 04:20:04.444,2026-08-13 04:20:04.613,2026-08-13 04:20:04.613,2026-08-13
"275","W3J2TXABlX","MOOSPMv3Parser",1786594801,5,5,6,9,9,7,7,10,10,7,1077,334,7691,63,46,6,46,46,0,0,46,1,30,31,41,40,18.868,87,1,36.433681,-119.923347,21.882,5,600,58,3,"e00fce6876826e255108c6bd",2026-08-13 04:20:04.926,2026-08-13 04:20:05.079,2026-08-13 04:20:05.079,2026-08-13
"276","Jms8DDNipa","MOOSPMv3Parser",1786595400,8,8,5,11,11,5,5,11,11,5,1898,425,1411,70,37,4,37,37,26,30,37,0,29,29,38,41,28.835,150,2,36.503105,-120.325394,62.740002,7,600,58,3,"e00fce68e77e43df92405fdb",2026-08-13 04:30:02.145,2026-08-13 04:30:02.355,2026-08-13 04:30:02.355,2026-08-13
"277","QKWxQwWHf4","MOOSPMv3Parser",1786595401,0,0,3,1,1,3,3,1,1,3,253,168,42700,27,23,3,23,23,26,34,23,0,27,29,37,36,20.782,13,5,36.138977,-120.368309,168.356995,9,600,58,3,"e00fce68d6b773b56ce8baa0",2026-08-13 04:30:02.648,2026-08-13 04:30:02.823,2026-08-13 04:30:02.823,2026-08-13
"278","j8FgTAhGc5","MOOSPMv3Parser",1786595400,0,0,2,0,0,2,2,0,0,2,216,131,4061,21,12,2,12,12,27,33,12,0,28,30,37,34,29.51,32,2,36.139008,-120.368423,170.770996,10,600,58,3,"e00fce686dc2ef0a68fa40b0",2026-08-13 04:30:02.693,2026-08-13 04:30:02.869,2026-08-13 04:30:02.869,2026-08-13
"279","XkqBWX5MmC","MOOSPMv3Parser",1786595400,2,2,0,4,4,0,0,4,4,0,716,177,0,35,0,3,0,0,27,23,0,2,30,30,33,35,22.828,31,9,36.187523,-119.822067,24.361,10,600,58,3,"e00fce68e739ecbcf9e91965",2026-08-13 04:30:02.965,2026-08-13 04:30:03.198,2026-08-13 04:30:03.198,2026-08-13
"280","RtUEydrG90","MOOSPMv3Parser",1786595401,1,1,2,2,2,2,2,2,2,2,413,116,63401,20,12,1,12,12,28,22,12,1,30,31,32,33,24.2,32,3277,3.1e-05,0.002265,33216.242188,6,600,58,3,"e00fce68e28dcbc9a589be10",2026-08-13 04:30:02.96,2026-08-13 04:30:03.207,2026-08-13 04:30:03.207,2026-08-13
"281","htrxQMdey1","MOOSPMv3Parser",1786595401,9,9,7,13,13,7,7,13,13,7,1992,458,103155,81,56,7,56,56,29,30,56,0,32,33,36,37,38.488,65,3,36.762688,-119.798767,57.558998,8,600,58,3,"e00fce68e88237db75a60608",2026-08-13 04:30:03.5,2026-08-13 04:30:03.644,2026-08-13 04:30:03.644,2026-08-13
"282","JgvbQiwnuB","MOOSPMv3Parser",1786595400,3,3,3,4,4,3,3,4,4,3,726,175,47392,30,22,2,22,22,25,26,22,0,30,28,32,37,43.457,12,4,36.138973,-120.368294,179.541,12,600,58,3,"e00fce6850cac69f647dc199",2026-08-13 04:30:04.602,2026-08-13 04:30:04.775,2026-08-13 04:30:04.775,2026-08-13
"283","8GkUR4UZUh","MOOSPMv3Parser",1786595401,2,2,2,3,3,3,3,3,3,3,575,155,64529,22,15,1,16,16,26,28,16,1,29,30,38,37,18.226,164,1,35.949619,-119.049866,126.333,10,600,58,3,"e00fce6808784ceaf209f949",2026-08-13 04:30:04.734,2026-08-13 04:30:04.896,2026-08-13 04:30:04.896,2026-08-13
"284","bmPbVfXYji","MOOSPMv3Parser",1786595401,5,5,5,8,8,6,6,9,9,6,1049,324,7727,56,42,5,43,43,0,0,43,0,29,31,40,40,18.681,87,1,36.43367,-119.92334,22.556,7,600,58,3,"e00fce6876826e255108c6bd",2026-08-13 04:30:04.872,2026-08-13 04:30:05.089,2026-08-13 04:30:05.089,2026-08-13
"285","OXIAAyVwI4","MOOSPMv3Parser",1786595400,9,9,7,13,13,8,8,13,13,8,1804,500,104999,78,58,4,58,58,26,49,58,0,29,30,50,48,6.412,286,1,36.523346,-119.278831,72.714996,8,600,58,3,"e00fce68f12da1a0c5de6248",2026-08-13 04:30:16.944,2026-08-13 04:30:17.152,2026-08-13 04:30:17.152,2026-08-13
"286","rlF6142x5t","MOOSPMv3Parser",1786596000,7,7,6,10,10,6,6,10,10,6,1416,392,105040,59,47,3,47,47,26,49,47,0,28,30,51,48,5.022,285,1,36.523361,-119.278824,73.470001,6,600,58,3,"e00fce68f12da1a0c5de6248",2026-08-13 04:40:02.185,2026-08-13 04:40:02.39,2026-08-13 04:40:02.39,2026-08-13
"287","DRY4kUiheP","MOOSPMv3Parser",1786596000,7,7,4,11,11,5,5,12,12,5,1876,425,1442,69,35,4,35,35,26,30,35,0,29,29,38,41,28.087,161,2,36.503101,-120.325378,61.181999,7,600,58,3,"e00fce68e77e43df92405fdb",2026-08-13 04:40:02.314,2026-08-13 04:40:02.498,2026-08-13 04:40:02.498,2026-08-13
"288","3nehUYjKgA","MOOSPMv3Parser",1786596001,0,0,3,1,1,3,3,1,1,3,258,173,42719,28,23,3,23,23,26,34,23,0,27,29,38,37,20.885,16,5,36.138958,-120.368393,161.139008,5,600,58,3,"e00fce68d6b773b56ce8baa0",2026-08-13 04:40:02.423,2026-08-13 04:40:02.605,2026-08-13 04:40:02.605,2026-08-13
"289","pCYw5EVs2l","MOOSPMv3Parser",1786596000,1,1,0,4,4,0,0,4,4,0,684,172,0,36,0,4,0,0,27,24,0,2,30,30,33,35,22.363,37,10,36.187515,-119.822105,16.648001,10,600,58,3,"e00fce68e739ecbcf9e91965",2026-08-13 04:40:02.967,2026-08-13 04:40:03.117,2026-08-13 04:40:03.117,2026-08-13
"290","N6xTtHGUNP","MOOSPMv3Parser",1786596000,0,0,2,0,0,2,2,0,0,2,225,135,4071,20,12,2,12,12,26,34,12,0,27,29,38,35,29.381,34,2,36.139198,-120.368385,185.352997,9,600,58,3,"e00fce686dc2ef0a68fa40b0",2026-08-13 04:40:02.998,2026-08-13 04:40:03.172,2026-08-13 04:40:03.172,2026-08-13
"291","PwfEFdzNJI","MOOSPMv3Parser",1786596000,3,3,3,4,4,3,3,5,5,3,716,181,47411,31,22,2,22,22,25,27,22,0,30,28,33,38,43.357,13,4,36.139027,-120.368385,172.923004,10,600,58,3,"e00fce6850cac69f647dc199",2026-08-13 04:40:03.654,2026-08-13 04:40:03.804,2026-08-13 04:40:03.804,2026-08-13
"292","hxxzO5ZUBY","MOOSPMv3Parser",1786596001,2,2,2,4,4,3,3,4,4,3,586,161,64542,28,16,2,17,17,26,29,17,1,28,29,39,38,19.1,161,1,35.949585,-119.049934,112.973,6,600,58,3,"e00fce6808784ceaf209f949",2026-08-13 04:40:04.595,2026-08-13 04:40:04.8,2026-08-13 04:40:04.8,2026-08-13
"293","ntyZkW7SSy","MOOSPMv3Parser",1786596001,6,6,5,9,9,6,6,10,10,6,1067,328,7764,62,42,6,42,42,0,0,42,0,29,31,41,40,18.943,87,1,36.433556,-119.923317,28.218,7,600,58,3,"e00fce6876826e255108c6bd",2026-08-13 04:40:04.776,2026-08-13 04:40:04.956,2026-08-13 04:40:04.956,2026-08-13
"294","GagJaarecA","MOOSPMv3Parser",1786596001,8,8,7,12,12,8,8,12,12,8,1905,437,103204,77,57,4,57,57,28,34,57,0,31,32,40,40,32.528,125,3,36.762711,-119.798752,56.282001,10,600,58,3,"e00fce68e88237db75a60608",2026-08-13 04:40:19.081,2026-08-13 04:40:19.253,2026-08-13 04:40:19.253,2026-08-13
"295","BbdS4bl71e","MOOSPMv3Parser",1786596001,2,2,2,3,3,2,2,3,3,2,442,124,63414,20,15,1,15,15,28,22,15,1,29,31,33,32,22.957,34,3277,3.1e-05,0.002265,33216.242188,6,600,58,3,"e00fce68e28dcbc9a589be10",2026-08-13 04:40:53.099,2026-08-13 04:40:53.24,2026-08-13 04:40:53.24,2026-08-13
"296","IkvCflMe7M","MOOSPMv3Parser",1786596600,8,8,4,11,11,5,5,12,12,5,2012,441,1472,68,35,4,35,35,26,31,35,0,28,29,39,41,27.116,182,2,36.503113,-120.325409,49.236,5,600,58,3,"e00fce68e77e43df92405fdb",2026-08-13 04:50:02.294,2026-08-13 04:50:02.489,2026-08-13 04:50:02.489,2026-08-13
"297","IvByPcHooD","MOOSPMv3Parser",1786596601,0,0,3,1,1,3,3,1,1,3,266,180,42738,30,23,4,23,23,26,35,23,0,27,28,39,38,20.315,19,5,36.139145,-120.368507,164.703003,7,600,58,3,"e00fce68d6b773b56ce8baa0",2026-08-13 04:50:02.428,2026-08-13 04:50:02.596,2026-08-13 04:50:02.596,2026-08-13
"298","q2zpYJAYEN","MOOSPMv3Parser",1786596601,2,2,2,3,3,2,2,3,3,2,483,137,63427,19,15,1,16,16,28,22,16,1,29,31,34,33,22.943,49,3277,3.1e-05,0.002265,33216.242188,6,600,58,3,"e00fce68e28dcbc9a589be10",2026-08-13 04:50:02.773,2026-08-13 04:50:02.97,2026-08-13 04:50:02.97,2026-08-13
"299","7BlZaSeG9q","MOOSPMv3Parser",1786596600,1,1,0,3,3,0,0,4,4,0,684,166,0,31,0,4,0,0,27,24,0,2,29,30,33,35,21.775,38,11,36.187473,-119.82193,39.532001,11,600,58,3,"e00fce68e739ecbcf9e91965",2026-08-13 04:50:02.972,2026-08-13 04:50:03.148,2026-08-13 04:50:03.148,2026-08-13
"300","zv1chcN147","MOOSPMv3Parser",1786596601,0,0,2,0,0,2,2,0,0,2,325,161,2448384,15,12,1,12,12,26,35,12,0,27,29,38,36,28.932,36,2,36.138977,-120.368378,169.998993,9,1,58,3,"e00fce686dc2ef0a68fa40b0",2026-08-13 04:50:03.269,2026-08-13 04:50:03.407,2026-08-13 04:50:03.407,2026-08-13
"301","hhMYE9kcY4","MOOSPMv3Parser",1786596600,0,0,2,0,0,2,2,0,0,2,224,133,4081,20,12,1,12,12,26,35,12,0,27,29,38,36,29.07,37,2,36.138977,-120.368378,169.998993,9,600,58,3,"e00fce686dc2ef0a68fa40b0",2026-08-13 04:50:03.262,2026-08-13 04:50:03.464,2026-08-13 04:50:03.464,2026-08-13
"302","cPRquWiUtS","MOOSPMv3Parser",1786596600,7,7,6,10,10,7,7,10,10,7,1367,378,105082,60,48,3,48,48,26,49,48,0,28,29,50,49,4.919,264,1,36.523361,-119.278824,73.468002,0,600,58,3,"e00fce68f12da1a0c5de6248",2026-08-13 04:50:03.25,2026-08-13 04:50:03.477,2026-08-13 04:50:03.477,2026-08-13
"303","ap4TbmLAxL","MOOSPMv3Parser",1786596601,7,7,7,11,11,7,7,11,11,7,1755,401,103249,71,51,5,52,52,28,37,52,0,30,31,42,42,25.319,171,2,36.762695,-119.798759,58.130001,10,600,58,3,"e00fce68e88237db75a60608",2026-08-13 04:50:03.499,2026-08-13 04:50:03.696,2026-08-13 04:50:03.696,2026-08-13
"304","LMxhEO5YCa","MOOSPMv3Parser",1786596600,3,3,3,4,4,3,3,5,5,3,725,180,47430,31,23,2,23,23,25,28,23,0,29,28,34,39,43.252,15,4,36.139179,-120.368179,194.117996,6,600,58,3,"e00fce6850cac69f647dc199",2026-08-13 04:50:03.881,2026-08-13 04:50:04.111,2026-08-13 04:50:04.111,2026-08-13
"305","d4pet31Ynf","MOOSPMv3Parser",1786596601,3,3,2,4,4,3,3,5,5,3,645,175,64554,30,15,3,15,15,26,30,15,1,28,29,40,38,18.914,130,1,35.949478,-119.049957,96.102997,5,600,58,3,"e00fce6808784ceaf209f949",2026-08-13 04:50:04.59,2026-08-13 04:50:04.766,2026-08-13 04:50:04.766,2026-08-13
"306","eapzG36QIy","MOOSPMv3Parser",1786596601,5,5,5,9,9,6,6,10,10,6,1034,322,7800,65,41,5,42,42,0,0,42,0,28,30,42,41,18.107,87,1,36.43359,-119.923378,23.455999,7,600,58,3,"e00fce6876826e255108c6bd",2026-08-13 04:50:04.928,2026-08-13 04:50:05.1,2026-08-13 04:50:05.1,2026-08-13
"307","9foxAQpN7e","MOOSPMv3Parser",1786597200,0,0,1,0,0,2,2,0,0,2,225,137,4097,20,11,2,11,11,26,35,11,0,27,29,39,36,28.777,36,3,36.13895,-120.368294,182.082993,7,599,58,3,"e00fce686dc2ef0a68fa40b0",2026-08-13 05:00:02.21,2026-08-13 05:00:02.45,2026-08-13 05:00:02.45,2026-08-13
"308","J9e4UWmWOG","MOOSPMv3Parser",1786597200,10,10,5,14,14,5,5,15,15,5,2278,531,1507,85,39,4,39,39,26,30,39,0,28,28,39,41,27.438,186,2,36.503166,-120.325401,60.915001,8,600,58,3,"e00fce68e77e43df92405fdb",2026-08-13 05:00:02.23,2026-08-13 05:00:02.731,2026-08-13 05:00:02.731,2026-08-13
"309","2ce50uVrvP","MOOSPMv3Parser",1786597201,0,0,3,1,1,3,3,1,1,3,261,178,42757,30,23,3,23,23,25,35,23,0,26,28,40,38,20.547,19,5,36.139118,-120.368317,157.270996,7,600,58,3,"e00fce68d6b773b56ce8baa0",2026-08-13 05:00:02.352,2026-08-13 05:00:02.755,2026-08-13 05:00:02.755,2026-08-13
"310","A66awTPu0X","MOOSPMv3Parser",1786597200,2,2,0,3,3,0,0,4,4,0,706,171,0,31,0,3,0,0,27,24,0,2,29,30,33,35,22.74,32,13,36.18745,-119.822029,36.125,7,600,58,3,"e00fce68e739ecbcf9e91965",2026-08-13 05:00:02.966,2026-08-13 05:00:03.728,2026-08-13 05:00:03.728,2026-08-13
"311","xpgCMis1iq","MOOSPMv3Parser",1786597201,2,2,2,3,3,2,2,3,3,2,451,129,63440,21,15,1,15,15,27,22,15,1,29,31,33,33,23.923,33,3277,3.1e-05,0.002265,33216.242188,6,600,58,3,"e00fce68e28dcbc9a589be10",2026-08-13 05:00:02.731,2026-08-13 05:00:03.874,2026-08-13 05:00:03.874,2026-08-13
"312","j0LZ6eME8O","MOOSPMv3Parser",1786597201,8,8,7,12,12,7,7,12,12,7,1775,412,103296,76,54,6,54,54,27,39,54,0,30,31,43,43,20.692,192,2,36.762695,-119.798759,58.125,0,600,58,3,"e00fce68e88237db75a60608",2026-08-13 05:00:03.42,2026-08-13 05:00:03.948,2026-08-13 05:00:03.948,2026-08-13
"313","UbGrRQ51Hr","MOOSPMv3Parser",1786597200,2,2,3,4,4,3,3,4,4,3,692,172,47450,29,23,2,23,23,25,28,23,0,29,28,34,39,43.171,15,4,36.139179,-120.368286,187.362,8,600,58,3,"e00fce6850cac69f647dc199",2026-08-13 05:00:04.202,2026-08-13 05:00:04.558,2026-08-13 05:00:04.558,2026-08-13
"314","HV97M13rTa","MOOSPMv3Parser",1786597201,3,3,2,4,4,3,3,4,4,3,676,182,64569,26,17,2,18,18,26,30,18,1,27,29,41,39,18.707,133,1,35.94965,-119.049995,118.990997,5,600,58,3,"e00fce6808784ceaf209f949",2026-08-13 05:00:04.593,2026-08-13 05:00:04.775,2026-08-13 05:00:04.775,2026-08-13
"315","4nh09zvHxW","MOOSPMv3Parser",1786597201,6,6,5,9,9,6,6,11,11,6,1098,338,7837,65,42,7,43,43,0,0,43,0,28,30,43,42,16.388,87,1,36.43359,-119.923378,23.455999,0,600,58,3,"e00fce6876826e255108c6bd",2026-08-13 05:00:04.852,2026-08-13 05:00:05.01,2026-08-13 05:00:05.01,2026-08-13
"316","xThVB117g1","MOOSPMv3Parser",1786597200,5,5,5,7,7,5,6,8,8,6,1035,285,105289,47,37,3,38,38,26,46,38,0,28,29,49,46,5.359,280,1,36.523338,-119.278793,85.578003,7,599,58,3,"e00fce68f12da1a0c5de6248",2026-08-13 05:00:15.066,2026-08-13 05:00:15.229,2026-08-13 05:00:15.229,2026-08-13
"317","SB2BMd5gZo","MOOSPMv3Parser",1786597801,0,0,3,0,0,3,3,1,1,3,258,175,42775,28,21,3,21,21,25,35,21,0,26,28,40,39,20.437,21,5,36.139118,-120.368317,157.266998,0,600,58,3,"e00fce68d6b773b56ce8baa0",2026-08-13 05:10:02.11,2026-08-13 05:10:02.314,2026-08-13 05:10:02.314,2026-08-13
"318","0lyRzG57TB","MOOSPMv3Parser",1786597800,13,13,6,18,18,7,7,19,19,7,2758,671,1550,104,49,8,50,50,26,31,50,0,28,28,39,41,30.07,143,2,36.503143,-120.325409,59.249001,6,600,58,3,"e00fce68e77e43df92405fdb",2026-08-13 05:10:02.402,2026-08-13 05:10:02.599,2026-08-13 05:10:02.599,2026-08-13
"319","GItQWzuh2S","MOOSPMv3Parser",1786597801,2,2,2,3,3,2,2,3,3,2,461,128,63452,19,14,1,14,14,27,22,14,1,29,30,33,33,25.611,16,3277,3.1e-05,0.002265,33216.242188,6,600,58,3,"e00fce68e28dcbc9a589be10",2026-08-13 05:10:02.518,2026-08-13 05:10:02.705,2026-08-13 05:10:02.705,2026-08-13
"320","F5g19NWEsx","MOOSPMv3Parser",1786597800,0,0,2,0,0,2,2,0,0,2,222,134,4100,21,12,2,12,12,26,35,12,0,26,28,39,36,28.533,37,3,36.138935,-120.368385,171.085007,8,600,58,3,"e00fce686dc2ef0a68fa40b0",2026-08-13 05:10:02.632,2026-08-13 05:10:02.823,2026-08-13 05:10:02.823,2026-08-13
"321","2ckyLzAbAe","MOOSPMv3Parser",1786597800,2,2,0,4,4,0,0,4,4,0,690,169,0,32,0,4,0,0,27,24,0,2,29,30,33,35,22.978,24,16,36.18734,-119.822517,-12.91,7,600,58,3,"e00fce68e739ecbcf9e91965",2026-08-13 05:10:02.98,2026-08-13 05:10:03.164,2026-08-13 05:10:03.164,2026-08-13
"322","L3M95b1gBh","MOOSPMv3Parser",1786597801,8,8,7,12,12,8,8,12,12,8,1868,434,103347,78,58,4,58,58,27,40,58,0,29,30,43,43,19.973,186,2,36.762764,-119.798714,58.847,12,600,58,3,"e00fce68e88237db75a60608",2026-08-13 05:10:03.339,2026-08-13 05:10:03.485,2026-08-13 05:10:03.485,2026-08-13
"323","j7CukEXlXu","MOOSPMv3Parser",1786597800,4,4,4,6,6,4,5,6,6,5,873,243,105139,39,29,2,30,30,26,45,30,1,28,29,47,45,6.46,196,1,36.523331,-119.27874,73.837997,7,600,58,3,"e00fce68f12da1a0c5de6248",2026-08-13 05:10:04.065,2026-08-13 05:10:04.311,2026-08-13 05:10:04.311,2026-08-13
"324","32fGjCHfbG","MOOSPMv3Parser",1786597800,2,2,3,4,4,3,3,4,4,3,668,167,47469,30,22,2,22,22,24,29,22,0,29,27,35,40,42.703,16,4,36.139057,-120.368256,184.572006,5,600,58,3,"e00fce6850cac69f647dc199",2026-08-13 05:10:04.533,2026-08-13 05:10:04.734,2026-08-13 05:10:04.734,2026-08-13
"325","2zoBvSTFro","MOOSPMv3Parser",1786597801,3,3,2,4,4,3,3,5,5,3,679,184,64584,31,18,3,19,19,26,31,19,1,27,29,41,39,19.043,138,1,35.949528,-119.04998,120.099998,7,600,58,3,"e00fce6808784ceaf209f949",2026-08-13 05:10:04.598,2026-08-13 05:10:04.831,2026-08-13 05:10:04.831,2026-08-13
"326","YSEgcS9pJl","MOOSPMv3Parser",1786597801,10,10,8,14,14,9,9,15,15,9,1709,529,7894,90,66,6,66,66,0,0,66,0,28,29,41,42,18.723,88,1,36.433548,-119.923363,26.681999,7,600,58,3,"e00fce6876826e255108c6bd",2026-08-13 05:10:04.903,2026-08-13 05:10:05.094,2026-08-13 05:10:05.094,2026-08-13
"327","OBzu3t7f6P","MOOSPMv3Parser",1786598401,0,0,3,1,1,3,3,1,1,3,257,172,42793,28,21,3,21,21,25,36,21,0,26,27,40,39,20.604,22,5,36.139282,-120.368492,146.903,5,600,58,3,"e00fce68d6b773b56ce8baa0",2026-08-13 05:20:02.106,2026-08-13 05:20:02.304,2026-08-13 05:20:02.304,2026-08-13
"328","WlMHJbRJNW","MOOSPMv3Parser",1786598400,15,15,7,21,21,8,8,22,22,8,3080,760,1600,123,57,8,58,58,26,31,58,0,28,28,39,42,31.924,123,3,36.503143,-120.325409,59.249001,0,600,58,3,"e00fce68e77e43df92405fdb",2026-08-13 05:20:02.475,2026-08-13 05:20:02.69,2026-08-13 05:20:02.69,2026-08-13
"329","1iBEyJoAV2","MOOSPMv3Parser",1786598401,2,2,2,3,3,2,2,3,3,2,480,135,63464,22,15,2,15,15,27,23,15,1,29,30,33,34,24.743,18,3277,3.1e-05,0.002265,33216.242188,6,600,58,3,"e00fce68e28dcbc9a589be10",2026-08-13 05:20:02.706,2026-08-13 05:20:02.87,2026-08-13 05:20:02.87,2026-08-13
"330","865Ill7Cze","MOOSPMv3Parser",1786598400,0,0,1,0,0,1,1,0,0,1,223,134,4109,20,10,1,11,11,26,35,11,0,26,28,40,37,28.463,37,3,36.138981,-120.368309,178.651993,7,600,58,3,"e00fce686dc2ef0a68fa40b0",2026-08-13 05:20:02.865,2026-08-13 05:20:02.997,2026-08-13 05:20:02.997,2026-08-13
"331","il8kdYnaPP","MOOSPMv3Parser",1786598401,0,0,2,0,0,2,2,0,0,2,278,142,2465467,15,12,1,12,12,26,35,12,0,26,28,40,37,29.825,36,3,36.138981,-120.368309,178.651993,7,1,58,3,"e00fce686dc2ef0a68fa40b0",2026-08-13 05:20:02.867,2026-08-13 05:20:03.061,2026-08-13 05:20:03.061,2026-08-13
"332","36LoMGBXoi","MOOSPMv3Parser",1786598400,2,2,0,4,4,0,0,5,5,0,701,175,0,34,0,4,0,0,27,24,0,2,29,29,34,36,23.005,25,18,36.18742,-119.822098,13.523,7,599,58,3,"e00fce68e739ecbcf9e91965",2026-08-13 05:20:03.232,2026-08-13 05:20:03.449,2026-08-13 05:20:03.449,2026-08-13
"333","1QHfzZvQBd","MOOSPMv3Parser",1786598401,9,9,8,14,14,9,9,14,14,9,1995,475,103403,91,64,9,64,64,27,41,64,0,29,30,43,44,20.974,170,1,36.762691,-119.798805,54.959999,9,600,58,3,"e00fce68e88237db75a60608",2026-08-13 05:20:03.637,2026-08-13 05:20:03.801,2026-08-13 05:20:03.801,2026-08-13
"334","cEIwF46CBi","MOOSPMv3Parser",1786598400,3,3,3,4,4,3,3,5,5,3,721,181,47487,32,21,2,21,21,24,29,21,0,28,27,35,40,43.066,16,4,36.138966,-120.368401,163.572998,7,600,58,3,"e00fce6850cac69f647dc199",2026-08-13 05:20:03.66,2026-08-13 05:20:03.877,2026-08-13 05:20:03.877,2026-08-13
"335","97WnXDDIFY","MOOSPMv3Parser",1786598401,3,3,2,4,4,3,3,4,4,3,649,177,64598,27,16,2,17,17,25,31,17,1,27,28,41,40,18.738,142,1,35.949562,-119.049942,121.079002,8,600,58,3,"e00fce6808784ceaf209f949",2026-08-13 05:20:04.591,2026-08-13 05:20:04.804,2026-08-13 05:20:04.804,2026-08-13
"336","glUpT96Eul","MOOSPMv3Parser",1786598401,12,12,10,19,19,11,11,20,20,11,2179,677,7965,121,82,11,82,82,0,0,82,0,28,29,42,42,21.756,88,2,36.433575,-119.923409,18.632,6,600,58,3,"e00fce6876826e255108c6bd",2026-08-13 05:20:04.989,2026-08-13 05:20:05.212,2026-08-13 05:20:05.212,2026-08-13
"337","GaP0swZpsa","MOOSPMv3Parser",1786598400,3,3,3,5,5,4,4,5,5,4,788,211,105161,31,25,2,26,26,25,44,26,1,27,29,46,45,6.965,173,1,36.523399,-119.278824,91.299004,8,600,58,3,"e00fce68f12da1a0c5de6248",2026-08-13 05:21:11.584,2026-08-13 05:21:11.789,2026-08-13 05:21:11.789,2026-08-13
"338","sQo5dAyhwF","MOOSPMv3Parser",1786599001,0,0,3,0,0,3,3,1,1,3,256,171,42811,29,22,3,22,22,25,36,22,0,26,27,41,40,20.253,20,5,36.139046,-120.368462,146.369995,6,600,58,3,"e00fce68d6b773b56ce8baa0",2026-08-13 05:30:02.422,2026-08-13 05:30:02.673,2026-08-13 05:30:02.673,2026-08-13
"339","Zr7XEPphZV","MOOSPMv3Parser",1786599001,2,2,2,3,3,2,2,3,3,2,481,132,63477,21,14,1,14,14,27,23,14,0,29,30,33,34,25.148,21,3277,3.1e-05,0.002265,33216.242188,6,600,58,3,"e00fce68e28dcbc9a589be10",2026-08-13 05:30:02.886,2026-08-13 05:30:03.163,2026-08-13 05:30:03.163,2026-08-13
"340","KCvhepvAdV","MOOSPMv3Parser",1786599000,2,2,0,4,4,0,0,5,5,0,713,174,0,33,0,2,0,0,26,25,0,2,29,29,34,36,22.919,25,21,36.187557,-119.822166,17.360001,8,599,58,3,"e00fce68e739ecbcf9e91965",2026-08-13 05:30:02.973,2026-08-13 05:30:03.255,2026-08-13 05:30:03.255,2026-08-13
"341","y0V79PeIYf","MOOSPMv3Parser",1786599000,0,0,2,0,0,2,2,0,0,2,220,134,4126,21,12,1,12,12,25,36,12,0,26,28,40,37,28.793,35,3,36.139015,-120.36837,171.897995,10,599,58,3,"e00fce686dc2ef0a68fa40b0",2026-08-13 05:30:03.098,2026-08-13 05:30:03.339,2026-08-13 05:30:03.339,2026-08-13
"342","OxLQvoFIoU","MOOSPMv3Parser",1786599001,10,10,8,14,14,9,9,15,15,9,2148,506,103461,95,66,5,67,67,26,42,67,0,29,29,44,45,21.704,162,2,36.762753,-119.798721,60.576,13,600,58,3,"e00fce68e88237db75a60608",2026-08-13 05:30:03.339,2026-08-13 05:30:03.633,2026-08-13 05:30:03.633,2026-08-13
"343","jOxbV7uxnF","MOOSPMv3Parser",1786599000,2,2,3,4,4,3,3,4,4,3,683,167,47506,30,22,1,22,22,24,30,22,0,28,27,36,40,42.989,16,4,36.138985,-120.36837,180.330002,6,600,58,3,"e00fce6850cac69f647dc199",2026-08-13 05:30:03.898,2026-08-13 05:30:04.071,2026-08-13 05:30:04.071,2026-08-13
"344","4PtNGiRHwB","MOOSPMv3Parser",1786599001,3,3,2,4,4,3,3,5,5,3,699,192,64613,31,19,2,19,19,25,32,19,1,27,28,42,40,18.648,135,1,35.949623,-119.049957,121.569,6,600,58,3,"e00fce6808784ceaf209f949",2026-08-13 05:30:04.542,2026-08-13 05:30:04.698,2026-08-13 05:30:04.698,2026-08-13
"345","PtI384TMMw","MOOSPMv3Parser",1786599001,13,13,11,21,21,12,12,23,23,12,2365,734,8041,141,87,14,87,87,0,0,87,0,28,29,42,43,21.652,88,3,36.433704,-119.923355,27.938,6,600,58,3,"e00fce6876826e255108c6bd",2026-08-13 05:30:05.073,2026-08-13 05:30:05.261,2026-08-13 05:30:05.261,2026-08-13
"346","sFmrWQRkhB","MOOSPMv3Parser",1786599001,3,3,3,4,4,4,4,4,4,4,688,188,105181,26,24,2,24,24,25,42,24,1,27,28,44,43,7.913,156,1,36.523193,-119.278915,95.608002,7,600,58,3,"e00fce68f12da1a0c5de6248",2026-08-13 05:30:07.495,2026-08-13 05:30:07.661,2026-08-13 05:30:07.661,2026-08-13
"347","eBY2SxYB7c","MOOSPMv3Parser",1786599000,16,16,8,23,23,9,9,24,24,9,3424,844,1656,133,65,9,65,65,26,31,65,0,28,28,39,42,33.264,111,3,36.503185,-120.325378,57.754002,7,600,58,3,"e00fce68e77e43df92405fdb",2026-08-13 05:30:34.525,2026-08-13 05:30:34.756,2026-08-13 05:30:34.756,2026-08-13
"348","dy7SW63ZjH","MOOSPMv3Parser",1786599600,18,18,9,26,26,10,10,27,27,10,3804,942,1721,160,74,10,75,75,25,31,75,0,27,28,40,42,35.383,79,3,36.503132,-120.325363,51.092999,7,600,58,3,"e00fce68e77e43df92405fdb",2026-08-13 05:40:02.406,2026-08-13 05:40:02.578,2026-08-13 05:40:02.578,2026-08-13
"349","y8TmkULocA","MOOSPMv3Parser",1786599601,0,0,3,0,0,3,3,1,1,3,245,164,42828,27,20,3,20,20,24,36,20,0,26,27,41,40,20.538,20,5,36.139008,-120.368408,167.100006,8,600,58,3,"e00fce68d6b773b56ce8baa0",2026-08-13 05:40:02.417,2026-08-13 05:40:02.601,2026-08-13 05:40:02.601,2026-08-13
"350","OsJeGHPasa","MOOSPMv3Parser",1786599601,2,2,2,3,3,2,2,3,3,2,472,133,63490,21,15,1,15,15,27,23,15,0,29,30,34,34,25.582,19,3277,3.1e-05,0.002265,33216.242188,6,600,58,3,"e00fce68e28dcbc9a589be10",2026-08-13 05:40:02.76,2026-08-13 05:40:02.953,2026-08-13 05:40:02.953,2026-08-13
"351","HPuhqXOM6N","MOOSPMv3Parser",1786599600,3,3,0,4,4,0,0,5,5,0,709,176,0,32,0,3,0,0,26,25,0,2,29,29,35,37,22.867,26,24,36.187504,-119.822121,23.087,8,599,58,3,"e00fce68e739ecbcf9e91965",2026-08-13 05:40:03.046,2026-08-13 05:40:03.222,2026-08-13 05:40:03.222,2026-08-13
"352","eOtdADRytF","MOOSPMv3Parser",1786599601,0,0,1,0,0,1,1,0,0,1,213,128,4122,20,11,1,11,11,25,36,11,0,26,28,41,38,28.854,34,3,36.139061,-120.36834,172.320999,8,601,58,3,"e00fce686dc2ef0a68fa40b0",2026-08-13 05:40:03.414,2026-08-13 05:40:03.56,2026-08-13 05:40:03.56,2026-08-13
"353","wie5dHfbFw","MOOSPMv3Parser",1786599601,10,10,9,15,15,9,9,16,16,9,2173,525,103521,98,69,7,69,69,26,43,69,0,29,29,44,45,21.314,168,2,36.762711,-119.798759,60.261002,14,600,58,3,"e00fce68e88237db75a60608",2026-08-13 05:40:03.624,2026-08-13 05:40:03.909,2026-08-13 05:40:03.909,2026-08-13
"354","ytnGCrsgpn","MOOSPMv3Parser",1786599600,2,2,3,4,4,3,3,4,4,3,701,173,47525,31,22,2,22,22,24,30,22,0,28,27,36,41,42.848,15,4,36.138969,-120.368423,171.380997,9,600,58,3,"e00fce6850cac69f647dc199",2026-08-13 05:40:04.357,2026-08-13 05:40:04.505,2026-08-13 05:40:04.505,2026-08-13
"355","x7YtUrioVD","MOOSPMv3Parser",1786599601,3,3,2,4,4,3,3,5,5,4,692,187,64629,33,18,2,19,19,25,33,19,1,27,28,43,41,18.5,133,2,35.949623,-119.049957,121.567001,0,600,58,3,"e00fce6808784ceaf209f949",2026-08-13 05:40:04.771,2026-08-13 05:40:04.941,2026-08-13 05:40:04.941,2026-08-13
"356","OYi1s7HCy7","MOOSPMv3Parser",1786599601,13,13,11,21,21,11,11,23,23,11,2318,720,8115,136,85,14,85,85,0,0,85,0,27,29,44,44,20.062,88,2,36.433678,-119.923317,32.224998,9,600,58,3,"e00fce6876826e255108c6bd",2026-08-13 05:40:04.903,2026-08-13 05:40:05.079,2026-08-13 05:40:05.079,2026-08-13
"357","yJ7fEolHFp","MOOSPMv3Parser",1786599601,3,3,3,4,4,3,4,5,5,4,701,191,105376,28,23,1,24,24,25,42,24,1,28,28,44,43,9.819,119,1,36.523273,-119.278778,84.440002,7,599,58,3,"e00fce68f12da1a0c5de6248",2026-08-13 05:40:06.044,2026-08-13 05:40:06.245,2026-08-13 05:40:06.245,2026-08-13
"358","EwuO8I4a6f","MOOSPMv3Parser",1786600200,20,20,10,28,28,11,11,29,29,11,4138,1020,1790,158,79,12,80,80,-10,-10,80,0,27,28,40,42,36.196,79,4,36.50309,-120.325394,49.902,7,600,58,3,"e00fce68e77e43df92405fdb",2026-08-13 05:50:02.214,2026-08-13 05:50:02.433,2026-08-13 05:50:02.433,2026-08-13
"359","ovjwDDeglO","MOOSPMv3Parser",1786600201,0,0,3,0,0,3,3,1,1,3,250,167,42845,28,21,2,21,21,24,36,21,0,25,27,41,40,20.564,20,5,36.138954,-120.368401,170.003006,7,600,58,3,"e00fce68d6b773b56ce8baa0",2026-08-13 05:50:02.515,2026-08-13 05:50:02.692,2026-08-13 05:50:02.692,2026-08-13
"360","aI0YognjQc","MOOSPMv3Parser",1786600200,0,0,1,0,0,1,1,0,0,1,218,128,4145,19,11,1,11,11,25,36,11,0,25,28,40,38,28.769,39,3,36.139061,-120.36834,172.322998,0,599,58,3,"e00fce686dc2ef0a68fa40b0",2026-08-13 05:50:02.543,2026-08-13 05:50:02.749,2026-08-13 05:50:02.749,2026-08-13
"361","9kD3hXP903","MOOSPMv3Parser",1786600201,0,0,2,0,0,2,2,0,0,2,259,119,2482686,12,12,4,13,13,25,36,13,0,25,28,40,38,29.697,46,3,36.139061,-120.36834,172.322998,0,1,58,3,"e00fce686dc2ef0a68fa40b0",2026-08-13 05:50:02.758,2026-08-13 05:50:02.912,2026-08-13 05:50:02.912,2026-08-13
"362","lTF2SndU4v","MOOSPMv3Parser",1786600201,2,2,2,2,2,2,2,2,2,2,451,125,63502,18,15,1,15,15,27,23,15,0,29,30,33,33,25.7,17,3277,3.1e-05,0.002265,33216.242188,6,600,58,3,"e00fce68e28dcbc9a589be10",2026-08-13 05:50:02.767,2026-08-13 05:50:03.033,2026-08-13 05:50:03.033,2026-08-13
"363","vdHKp2u9P6","MOOSPMv3Parser",1786600200,3,3,0,4,4,0,0,5,5,0,727,180,0,32,0,2,0,0,26,26,0,2,28,29,35,37,22.328,29,26,36.187519,-119.822105,25.09,8,599,58,3,"e00fce68e739ecbcf9e91965",2026-08-13 05:50:03.125,2026-08-13 05:50:03.295,2026-08-13 05:50:03.295,2026-08-13
"364","gSxnIyyrBP","MOOSPMv3Parser",1786600201,11,11,10,17,17,10,10,17,17,10,2389,576,103590,107,78,9,79,79,26,44,79,0,28,29,45,46,21,166,2,36.762699,-119.798714,63.959999,15,600,58,3,"e00fce68e88237db75a60608",2026-08-13 05:50:03.482,2026-08-13 05:50:03.655,2026-08-13 05:50:03.655,2026-08-13
"365","ATYbwIMIBm","MOOSPMv3Parser",1786600200,3,3,3,4,4,3,3,4,4,3,670,169,47543,27,21,2,21,21,24,30,21,0,28,26,36,41,42.691,15,4,36.138969,-120.368423,171.384995,0,600,58,3,"e00fce6850cac69f647dc199",2026-08-13 05:50:04.461,2026-08-13 05:50:04.647,2026-08-13 05:50:04.647,2026-08-13
"366","9OtjUJfdG9","MOOSPMv3Parser",1786600201,3,3,3,5,5,3,4,5,5,4,744,202,64645,35,20,2,20,21,25,34,21,1,26,28,45,42,16.44,179,2,35.949532,-119.049965,95.728996,8,600,58,3,"e00fce6808784ceaf209f949",2026-08-13 05:50:04.518,2026-08-13 05:50:04.728,2026-08-13 05:50:04.728,2026-08-13
"367","1YHF2o5I8N","MOOSPMv3Parser",1786600201,14,14,11,21,21,12,12,23,23,12,2402,745,8190,134,86,11,87,87,0,0,87,0,27,28,45,44,16.837,88,2,36.433708,-119.923355,36.473,7,600,58,3,"e00fce6876826e255108c6bd",2026-08-13 05:50:04.913,2026-08-13 05:50:05.056,2026-08-13 05:50:05.056,2026-08-13
"368","v9PIEQGH7L","MOOSPMv3Parser",1786600201,3,3,3,4,4,3,4,5,5,4,703,195,105397,29,24,2,24,25,25,43,25,0,28,28,44,45,10.767,133,1,36.523178,-119.278908,91.200996,8,599,58,3,"e00fce68f12da1a0c5de6248",2026-08-13 05:50:09.079,2026-08-13 05:50:09.262,2026-08-13 05:50:09.262,2026-08-13
"369","2Bi4tzMKGb","MOOSPMv3Parser",1786600800,22,21,11,32,31,12,12,33,33,12,4751,1138,1865,179,87,13,87,87,25,32,87,0,27,27,40,42,35.91,76,4,36.503193,-120.325371,68.925003,7,600,58,3,"e00fce68e77e43df92405fdb",2026-08-13 06:00:02.141,2026-08-13 06:00:02.502,2026-08-13 06:00:02.502,2026-08-13
"370","MmMk5sEbiX","MOOSPMv3Parser",1786600801,0,0,3,0,0,3,3,1,1,3,248,166,42862,27,20,2,20,20,24,36,20,0,25,27,41,40,21.18,17,5,36.139004,-120.368431,168.983994,7,600,58,3,"e00fce68d6b773b56ce8baa0",2026-08-13 06:00:02.261,2026-08-13 06:00:02.537,2026-08-13 06:00:02.537,2026-08-13
"371","5R1LaPbjNh","MOOSPMv3Parser",1786600800,0,0,1,0,0,1,1,0,0,1,219,130,4153,18,10,1,10,10,25,36,10,0,25,27,40,38,29.849,30,3,36.139034,-120.368393,178.005997,8,599,58,3,"e00fce686dc2ef0a68fa40b0",2026-08-13 06:00:02.981,2026-08-13 06:00:03.244,2026-08-13 06:00:03.244,2026-08-13
"372","NRMe9lgh4t","MOOSPMv3Parser",1786600801,13,13,11,19,19,12,12,20,20,12,2701,670,103668,125,89,9,89,89,25,43,89,0,28,28,45,46,23.247,137,2,36.76273,-119.798714,65.921997,12,600,58,3,"e00fce68e88237db75a60608",2026-08-13 06:00:03.416,2026-08-13 06:00:03.736,2026-08-13 06:00:03.736,2026-08-13
"373","UWL0n6xY1Y","MOOSPMv3Parser",1786600801,2,2,2,3,3,2,2,3,3,2,435,124,63514,18,14,1,14,14,27,23,14,0,29,30,33,34,25.805,17,3277,3.1e-05,0.002265,33216.242188,6,600,58,3,"e00fce68e28dcbc9a589be10",2026-08-13 06:00:02.69,2026-08-13 06:00:03.772,2026-08-13 06:00:03.772,2026-08-13
"374","TjjFVev5g7","MOOSPMv3Parser",1786600800,3,3,0,4,4,0,0,5,5,0,748,186,0,35,0,2,0,0,26,26,0,2,28,29,36,37,22.193,31,28,36.187496,-119.821945,36.144001,8,599,58,3,"e00fce68e739ecbcf9e91965",2026-08-13 06:00:03.128,2026-08-13 06:00:03.855,2026-08-13 06:00:03.855,2026-08-13
"375","J9hSjoYYun","MOOSPMv3Parser",1786600800,2,2,3,4,4,3,3,4,4,3,655,162,47561,27,20,2,20,20,24,30,20,0,28,26,36,41,44.786,13,5,36.138969,-120.368378,167.725006,7,600,58,3,"e00fce6850cac69f647dc199",2026-08-13 06:00:03.565,2026-08-13 06:00:04.443,2026-08-13 06:00:04.443,2026-08-13
"376","KpNYzoY1tc","MOOSPMv3Parser",1786600801,3,3,2,5,5,3,4,5,5,4,745,203,64660,34,19,2,20,20,24,34,20,1,26,27,44,42,15.545,205,1,35.949547,-119.049927,113.958,5,600,58,3,"e00fce6808784ceaf209f949",2026-08-13 06:00:04.513,2026-08-13 06:00:05.026,2026-08-13 06:00:05.026,2026-08-13
"377","LqEwwUAS9I","MOOSPMv3Parser",1786600801,3,3,3,4,4,4,4,5,5,4,715,198,105243,27,25,1,26,26,25,42,26,0,28,28,45,44,12.429,95,1,36.523357,-119.278877,95.871002,8,600,58,3,"e00fce68f12da1a0c5de6248",2026-08-13 06:00:04.665,2026-08-13 06:00:05.107,2026-08-13 06:00:05.107,2026-08-13
"378","47BX6EHlDd","MOOSPMv3Parser",1786600801,16,16,12,24,24,13,13,26,26,13,2676,832,8272,152,94,12,95,95,0,0,95,0,27,28,45,44,15.242,88,1,36.433678,-119.923355,32.115002,6,600,58,3,"e00fce6876826e255108c6bd",2026-08-13 06:00:04.956,2026-08-13 06:00:05.593,2026-08-13 06:00:05.593,2026-08-13
"379","d9CqAnvDPo","MOOSPMv3Parser",1786601400,23,22,11,33,31,11,11,34,34,11,4920,1189,1938,187,83,12,84,84,25,32,84,0,27,27,40,42,34.001,102,4,36.503094,-120.325417,43.25,6,600,58,3,"e00fce68e77e43df92405fdb",2026-08-13 06:10:02.379,2026-08-13 06:10:02.58,2026-08-13 06:10:02.58,2026-08-13
"380","3yBVM5MdGf","MOOSPMv3Parser",1786601401,0,0,2,0,0,3,3,0,0,3,249,166,42878,27,19,3,19,19,24,36,19,0,25,26,41,40,21.308,10,6,36.138996,-120.368462,163.313995,8,600,58,3,"e00fce68d6b773b56ce8baa0",2026-08-13 06:10:02.579,2026-08-13 06:10:02.773,2026-08-13 06:10:02.773,2026-08-13
"381","n4ppXfEXSY","MOOSPMv3Parser",1786601401,2,2,2,3,3,2,2,3,3,2,459,130,63526,19,14,1,14,14,27,23,14,0,29,30,33,34,26.032,14,3277,3.1e-05,0.002265,33216.242188,6,600,58,3,"e00fce68e28dcbc9a589be10",2026-08-13 06:10:02.771,2026-08-13 06:10:02.951,2026-08-13 06:10:02.951,2026-08-13
"382","72CrlIDDM6","MOOSPMv3Parser",1786601400,3,3,0,5,5,0,0,5,5,0,761,190,0,37,0,4,0,0,26,27,0,2,28,29,37,38,22.072,31,31,36.187496,-119.821945,36.144001,0,600,58,3,"e00fce68e739ecbcf9e91965",2026-08-13 06:10:03.175,2026-08-13 06:10:03.399,2026-08-13 06:10:03.399,2026-08-13
"383","DGEofCT6EV","MOOSPMv3Parser",1786601400,0,0,1,0,0,1,1,0,0,1,211,127,4155,19,10,1,10,10,25,36,10,0,25,27,40,38,30.287,23,3,36.139076,-120.368446,179.266006,6,600,58,3,"e00fce686dc2ef0a68fa40b0",2026-08-13 06:10:03.247,2026-08-13 06:10:03.439,2026-08-13 06:10:03.439,2026-08-13
"384","nsq9ROrLCK","MOOSPMv3Parser",1786601401,0,0,1,0,0,1,1,1,1,1,280,144,2492970,30,11,2,11,11,25,36,11,0,25,27,40,38,30.589,23,3,36.139076,-120.368446,179.266006,6,1,58,3,"e00fce686dc2ef0a68fa40b0",2026-08-13 06:10:03.252,2026-08-13 06:10:03.447,2026-08-13 06:10:03.447,2026-08-13
"385","8DwPu3MTtO","MOOSPMv3Parser",1786601401,15,15,13,23,23,13,13,23,23,13,3090,774,103755,143,100,11,100,100,25,44,100,0,27,28,46,46,22.664,132,2,36.762703,-119.798744,69.194,10,600,58,3,"e00fce68e88237db75a60608",2026-08-13 06:10:03.401,2026-08-13 06:10:03.595,2026-08-13 06:10:03.595,2026-08-13
"386","NX6JpMxddf","MOOSPMv3Parser",1786601400,2,2,3,4,4,3,3,4,4,3,656,163,47578,29,20,1,20,20,24,30,20,0,28,26,35,41,44.601,10,5,36.139,-120.368347,173.102997,6,600,58,3,"e00fce6850cac69f647dc199",2026-08-13 06:10:03.998,2026-08-13 06:10:04.164,2026-08-13 06:10:04.164,2026-08-13
"387","FDlBCuAk6B","MOOSPMv3Parser",1786601401,3,3,2,4,4,3,3,5,5,3,719,196,64675,31,18,2,18,18,24,35,19,1,26,27,45,43,15.617,197,1,35.949486,-119.049858,111.753998,5,600,58,3,"e00fce6808784ceaf209f949",2026-08-13 06:10:04.619,2026-08-13 06:10:04.774,2026-08-13 06:10:04.774,2026-08-13
"388","JFxRZOwfDA","MOOSPMv3Parser",1786601401,16,16,12,25,25,13,13,27,27,13,2852,885,8356,160,97,14,97,97,0,0,97,0,26,28,46,44,15.601,88,1,36.433571,-119.923378,24.054001,7,600,58,3,"e00fce6876826e255108c6bd",2026-08-13 06:10:04.907,2026-08-13 06:10:05.109,2026-08-13 06:10:05.109,2026-08-13
"389","2Qby7oUiff","MOOSPMv3Parser",1786601401,3,3,3,4,4,3,4,5,5,4,710,198,105439,29,24,2,24,24,25,43,24,0,28,28,45,45,11.963,90,1,36.523335,-119.278847,88.305,7,599,58,3,"e00fce68f12da1a0c5de6248",2026-08-13 06:10:08.495,2026-08-13 06:10:08.683,2026-08-13 06:10:08.683,2026-08-13
"390","A5Ng6Icg4q","MOOSPMv3Parser",1786602000,24,22,11,34,32,11,11,35,35,11,5016,1208,2012,194,85,14,85,85,25,31,85,0,27,27,40,42,31.135,159,4,36.503319,-120.325455,77.234001,6,600,58,3,"e00fce68e77e43df92405fdb",2026-08-13 06:20:02.08,2026-08-13 06:20:02.273,2026-08-13 06:20:02.273,2026-08-13
"391","T8X0pv89Y6","MOOSPMv3Parser",1786602000,0,0,1,0,0,1,1,0,0,1,217,127,4170,19,10,1,10,10,24,36,10,0,25,27,40,38,29.857,25,3,36.139034,-120.368584,172.740997,7,599,58,3,"e00fce686dc2ef0a68fa40b0",2026-08-13 06:20:02.223,2026-08-13 06:20:02.368,2026-08-13 06:20:02.368,2026-08-13
"392","M6E4oABQqq","MOOSPMv3Parser",1786602001,0,0,2,0,0,3,3,1,1,3,247,164,42894,27,19,3,19,19,24,36,19,0,25,26,41,40,21.59,9,7,36.139061,-120.368484,198.033005,7,600,58,3,"e00fce68d6b773b56ce8baa0",2026-08-13 06:20:02.182,2026-08-13 06:20:02.408,2026-08-13 06:20:02.408,2026-08-13
"393","x60oIAVPId","MOOSPMv3Parser",1786602001,2,2,2,3,3,2,2,3,3,2,468,132,63539,21,14,1,14,14,26,24,14,0,28,29,35,35,25.25,18,3277,3.1e-05,0.002265,33216.242188,6,600,58,3,"e00fce68e28dcbc9a589be10",2026-08-13 06:20:02.771,2026-08-13 06:20:02.963,2026-08-13 06:20:02.963,2026-08-13
"394","OB4uyZ6K3d","MOOSPMv3Parser",1786602000,3,3,0,5,5,0,0,5,5,0,749,188,0,36,0,2,0,0,26,27,0,2,28,28,37,38,21.834,32,33,36.187515,-119.822159,58.27,7,599,58,3,"e00fce68e739ecbcf9e91965",2026-08-13 06:20:03.314,2026-08-13 06:20:03.493,2026-08-13 06:20:03.493,2026-08-13
"395","nM2kdFdT3q","MOOSPMv3Parser",1786602001,16,16,14,25,25,14,14,25,25,14,3280,829,103848,160,106,12,107,107,25,44,107,0,27,28,46,46,22.158,133,2,36.762726,-119.798744,76.166,8,600,58,3,"e00fce68e88237db75a60608",2026-08-13 06:20:03.474,2026-08-13 06:20:03.643,2026-08-13 06:20:03.643,2026-08-13
"396","MIRGcIh00V","MOOSPMv3Parser",1786602001,3,3,3,4,4,3,4,4,4,4,744,199,105285,27,24,2,24,24,25,43,24,0,27,28,45,44,11.547,90,1,36.523411,-119.278763,80.863998,7,600,58,3,"e00fce68f12da1a0c5de6248",2026-08-13 06:20:03.543,2026-08-13 06:20:03.746,2026-08-13 06:20:03.746,2026-08-13
"397","zpvaDWc2ru","MOOSPMv3Parser",1786602000,2,2,3,4,4,3,3,4,4,3,678,167,47595,28,20,2,20,20,23,30,20,0,28,26,35,41,44.803,9,5,36.139008,-120.368309,172.257004,7,600,58,3,"e00fce6850cac69f647dc199",2026-08-13 06:20:04.136,2026-08-13 06:20:04.337,2026-08-13 06:20:04.337,2026-08-13
"398","tLTcL14DjN","MOOSPMv3Parser",1786602001,3,3,3,5,5,3,4,5,5,4,720,198,64692,31,20,3,20,21,24,36,21,1,25,27,45,43,15.245,207,1,35.949532,-119.049965,113.089996,8,600,58,3,"e00fce6808784ceaf209f949",2026-08-13 06:20:04.512,2026-08-13 06:20:04.688,2026-08-13 06:20:04.688,2026-08-13
"399","KFaErMOYST","MOOSPMv3Parser",1786602001,17,17,13,26,26,14,14,27,27,14,2907,900,8447,158,104,13,105,105,0,0,105,0,26,28,46,44,15.19,88,1,36.433743,-119.923416,39.837002,7,600,58,3,"e00fce6876826e255108c6bd",2026-08-13 06:20:04.838,2026-08-13 06:20:04.987,2026-08-13 06:20:04.987,2026-08-13
"400","b4IbdlHC3X","MOOSPMv3Parser",1786602600,0,0,1,0,0,1,1,0,0,1,215,125,4171,20,10,1,10,10,24,36,10,0,25,27,39,38,29.844,30,3,36.139023,-120.368538,187.761993,6,600,58,3,"e00fce686dc2ef0a68fa40b0",2026-08-13 06:30:02.557,2026-08-13 06:30:02.745,2026-08-13 06:30:02.745,2026-08-13
"401","wql2bT9ud7","MOOSPMv3Parser",1786602601,0,0,3,0,0,3,3,0,0,3,244,161,42911,25,20,3,20,20,24,36,20,0,25,26,40,40,21.402,11,7,36.138977,-120.368347,162.985992,9,600,58,3,"e00fce68d6b773b56ce8baa0",2026-08-13 06:30:02.571,2026-08-13 06:30:02.854,2026-08-13 06:30:02.854,2026-08-13
"402","TFclrC5gzl","MOOSPMv3Parser",1786602601,2,2,2,3,3,2,2,3,3,2,488,135,63551,21,15,1,15,15,26,24,15,0,27,29,37,35,23.183,38,3277,3.1e-05,0.002265,33216.242188,6,600,58,3,"e00fce68e28dcbc9a589be10",2026-08-13 06:30:02.852,2026-08-13 06:30:03.155,2026-08-13 06:30:03.155,2026-08-13
"403","7ZiYYc9qNw","MOOSPMv3Parser",1786602600,3,3,0,5,5,0,0,6,6,0,758,191,0,36,0,5,0,0,25,28,0,2,28,28,37,38,22.834,28,37,36.187523,-119.822205,20.851,11,599,58,3,"e00fce68e739ecbcf9e91965",2026-08-13 06:30:03.205,2026-08-13 06:30:03.389,2026-08-13 06:30:03.389,2026-08-13
"404","zipXFwjnkd","MOOSPMv3Parser",1786602601,17,17,14,26,26,15,15,27,27,15,3453,881,103947,163,113,13,114,114,25,45,114,0,27,27,46,47,23.762,116,2,36.762676,-119.798782,61.179001,8,600,58,3,"e00fce68e88237db75a60608",2026-08-13 06:30:03.588,2026-08-13 06:30:03.79,2026-08-13 06:30:03.79,2026-08-13
"405","5gUxDVJjdb","MOOSPMv3Parser",1786602600,2,2,3,4,4,3,3,4,4,3,664,166,47613,27,20,1,20,20,23,30,20,0,28,26,35,41,44.306,10,6,36.139072,-120.368324,154.132996,7,600,58,3,"e00fce6850cac69f647dc199",2026-08-13 06:30:04.471,2026-08-13 06:30:04.672,2026-08-13 06:30:04.672,2026-08-13
"406","F1f5FerM7D","MOOSPMv3Parser",1786602601,3,3,3,5,5,4,4,6,6,5,783,212,64709,35,21,3,22,22,24,36,22,1,25,27,46,44,14.656,210,1,35.94965,-119.049965,122.153,6,600,58,3,"e00fce6808784ceaf209f949",2026-08-13 06:30:04.59,2026-08-13 06:30:04.76,2026-08-13 06:30:04.76,2026-08-13
"407","XM7JkoXJQ0","MOOSPMv3Parser",1786602601,19,19,15,30,29,16,16,32,32,16,3285,1023,8549,187,117,18,117,117,0,0,117,0,26,27,45,44,16.932,88,1,36.433651,-119.923355,28.52,6,600,58,3,"e00fce6876826e255108c6bd",2026-08-13 06:30:04.981,2026-08-13 06:30:05.129,2026-08-13 06:30:05.129,2026-08-13
"408","BC8ELAUEBQ","MOOSPMv3Parser",1786602600,25,23,11,35,33,12,12,36,36,12,5282,1265,2089,198,89,14,89,89,25,31,89,0,26,27,40,42,29.475,193,3,36.503178,-120.325409,63.785,6,600,58,3,"e00fce68e77e43df92405fdb",2026-08-13 06:30:06.03,2026-08-13 06:30:06.211,2026-08-13 06:30:06.211,2026-08-13
"409","9quAmo1Rxy","MOOSPMv3Parser",1786602601,3,3,3,4,4,3,4,5,5,4,756,206,105480,34,23,1,24,24,25,43,24,0,27,28,46,44,11.338,90,1,36.52338,-119.278961,128.940002,7,599,58,3,"e00fce68f12da1a0c5de6248",2026-08-13 06:30:18.911,2026-08-13 06:30:19.081,2026-08-13 06:30:19.081,2026-08-13
"410","HhkHcsUe6n","MOOSPMv3Parser",1786603200,26,23,11,36,34,12,12,38,38,12,5457,1313,2166,206,89,15,89,89,-10,-10,89,0,26,27,41,42,27.749,255,3,36.503296,-120.325485,57.450001,5,600,58,3,"e00fce68e77e43df92405fdb",2026-08-13 06:40:02.225,2026-08-13 06:40:02.381,2026-08-13 06:40:02.381,2026-08-13
"411","JtDU5RxuAU","MOOSPMv3Parser",1786603201,0,0,3,0,0,3,3,1,1,3,246,164,42928,28,20,3,20,20,24,36,20,0,25,26,40,40,21.569,12,7,36.138977,-120.368347,162.988007,0,600,58,3,"e00fce68d6b773b56ce8baa0",2026-08-13 06:40:02.247,2026-08-13 06:40:02.422,2026-08-13 06:40:02.422,2026-08-13
"412","2hQnSf23rz","MOOSPMv3Parser",1786603200,0,0,1,0,0,1,1,0,0,1,215,126,4180,18,10,1,10,10,24,36,10,0,25,27,39,37,30.283,28,3,36.139164,-120.368378,174.621994,5,600,58,3,"e00fce686dc2ef0a68fa40b0",2026-08-13 06:40:02.936,2026-08-13 06:40:03.102,2026-08-13 06:40:03.102,2026-08-13
"413","qCqd7vooCY","MOOSPMv3Parser",1786603201,2,2,2,3,3,2,2,3,3,2,459,129,63564,21,15,2,16,16,26,25,16,1,27,29,37,36,21.831,64,3277,3.1e-05,0.002265,33216.242188,6,600,58,3,"e00fce68e28dcbc9a589be10",2026-08-13 06:40:02.845,2026-08-13 06:40:03.111,2026-08-13 06:40:03.111,2026-08-13
"414","RBtGYTdY3y","MOOSPMv3Parser",1786603200,2,2,0,4,4,0,0,5,5,0,729,180,0,35,0,3,0,0,25,28,0,2,28,28,37,39,23.074,23,44,36.187489,-119.822121,23.886999,10,599,58,3,"e00fce68e739ecbcf9e91965",2026-08-13 06:40:03.125,2026-08-13 06:40:03.314,2026-08-13 06:40:03.314,2026-08-13
"415","CDqttvvsaM","MOOSPMv3Parser",1786603200,2,2,3,4,4,3,3,4,4,3,655,165,47630,26,20,1,20,20,23,30,20,0,28,26,34,40,45.844,10,6,36.139004,-120.368347,173.059998,8,600,58,3,"e00fce6850cac69f647dc199",2026-08-13 06:40:03.578,2026-08-13 06:40:03.763,2026-08-13 06:40:03.763,2026-08-13
"416","V5aUlAXJnp","MOOSPMv3Parser",1786603201,18,18,15,28,28,16,16,29,29,16,3568,917,104051,176,119,15,119,119,25,45,119,0,27,27,46,47,23.754,130,2,36.762703,-119.798782,57.230999,6,600,58,3,"e00fce68e88237db75a60608",2026-08-13 06:40:03.714,2026-08-13 06:40:03.93,2026-08-13 06:40:03.93,2026-08-13
"417","1NsVQz5bGU","MOOSPMv3Parser",1786603201,3,3,3,5,5,3,4,5,5,4,789,213,64726,36,20,2,21,21,24,37,21,1,25,26,45,44,13.863,229,1,35.949551,-119.049736,118.732002,7,600,58,3,"e00fce6808784ceaf209f949",2026-08-13 06:40:04.739,2026-08-13 06:40:04.943,2026-08-13 06:40:04.943,2026-08-13
"418","UGi8AYIH5Z","MOOSPMv3Parser",1786603201,21,20,16,32,31,17,17,33,33,17,3518,1092,8657,195,124,17,124,124,0,0,124,0,26,27,45,44,18.652,89,1,36.433651,-119.923355,28.525,0,600,58,3,"e00fce6876826e255108c6bd",2026-08-13 06:40:04.941,2026-08-13 06:40:05.114,2026-08-13 06:40:05.114,2026-08-13
"419","Z4DlwfpzRo","MOOSPMv3Parser",1786603202,3,3,3,4,4,3,3,5,5,3,772,206,105324,27,22,1,23,23,25,43,23,0,27,28,46,45,11.496,87,1,36.523399,-119.278801,83.987,7,600,58,3,"e00fce68f12da1a0c5de6248",2026-08-13 06:40:05.737,2026-08-13 06:40:05.89,2026-08-13 06:40:05.89,2026-08-13
"420","FhAnvu1Dw3","MOOSPMv3Parser",1786603800,29,25,13,40,36,13,13,42,42,13,6060,1464,2252,226,98,14,99,99,24,32,99,0,26,26,41,42,27.397,259,3,36.503178,-120.325424,67.063004,6,600,58,3,"e00fce68e77e43df92405fdb",2026-08-13 06:50:02.136,2026-08-13 06:50:02.372,2026-08-13 06:50:02.372,2026-08-13
"421","EZ2nGGBbKk","MOOSPMv3Parser",1786603801,0,0,2,0,0,3,3,0,0,3,246,161,42944,24,19,2,19,19,24,36,19,0,25,26,39,39,22.443,8,8,36.139076,-120.368294,139.123001,7,600,58,3,"e00fce68d6b773b56ce8baa0",2026-08-13 06:50:02.439,2026-08-13 06:50:02.636,2026-08-13 06:50:02.636,2026-08-13
"422","Gh6lbVf46i","MOOSPMv3Parser",1786603801,2,2,2,2,2,2,2,3,3,2,495,138,63578,20,16,1,16,16,26,25,16,0,27,29,37,36,22.715,57,3277,3.1e-05,0.002265,33216.242188,6,600,58,3,"e00fce68e28dcbc9a589be10",2026-08-13 06:50:02.852,2026-08-13 06:50:03.125,2026-08-13 06:50:03.125,2026-08-13
"423","uaC9AuXCqI","MOOSPMv3Parser",1786603800,0,0,1,0,0,1,1,0,0,1,213,124,4188,18,10,2,10,10,24,35,10,0,25,27,39,37,31.443,22,3,36.139046,-120.368416,188.606003,6,600,58,3,"e00fce686dc2ef0a68fa40b0",2026-08-13 06:50:03.262,2026-08-13 06:50:03.524,2026-08-13 06:50:03.524,2026-08-13
"424","qcxSZd1bJ8","MOOSPMv3Parser",1786603800,3,3,0,4,4,0,0,5,5,0,727,178,0,31,0,4,0,0,25,28,0,2,27,28,37,39,22.607,25,50,36.187519,-119.822128,22.51,10,599,58,3,"e00fce68e739ecbcf9e91965",2026-08-13 06:50:03.277,2026-08-13 06:50:03.537,2026-08-13 06:50:03.537,2026-08-13
"425","w8SquuICBD","MOOSPMv3Parser",1786603801,18,18,15,27,27,16,16,29,29,16,3571,919,104157,177,121,13,121,121,24,46,121,0,26,27,47,47,22.983,131,2,36.762703,-119.798782,57.233002,0,600,58,3,"e00fce68e88237db75a60608",2026-08-13 06:50:03.548,2026-08-13 06:50:03.77,2026-08-13 06:50:03.77,2026-08-13
"426","oEftgxaVfd","MOOSPMv3Parser",1786603800,2,2,3,4,4,3,3,4,4,3,637,158,47647,26,20,1,20,20,23,29,20,0,28,26,34,40,46.573,8,6,36.139004,-120.368172,183.511993,6,600,58,3,"e00fce6850cac69f647dc199",2026-08-13 06:50:03.806,2026-08-13 06:50:04.001,2026-08-13 06:50:04.001,2026-08-13
"427","2QmAcyx555","MOOSPMv3Parser",1786603801,3,3,3,4,4,3,3,5,5,3,731,197,64742,32,19,2,20,20,24,37,20,1,25,26,46,45,15.896,179,1,35.949585,-119.049919,115.681999,5,600,58,3,"e00fce6808784ceaf209f949",2026-08-13 06:50:04.592,2026-08-13 06:50:04.808,2026-08-13 06:50:04.808,2026-08-13
"428","rmQoDEnp6a","MOOSPMv3Parser",1786603801,20,20,15,31,30,16,16,33,33,16,3443,1068,8762,197,121,17,121,121,0,0,121,0,26,27,45,44,16.07,89,1,36.433609,-119.923347,20.336,7,600,58,3,"e00fce6876826e255108c6bd",2026-08-13 06:50:05.058,2026-08-13 06:50:05.237,2026-08-13 06:50:05.237,2026-08-13
"429","Y4qMAGCbFA","MOOSPMv3Parser",1786603801,3,3,3,5,5,3,4,5,5,4,748,207,105521,32,24,1,25,25,24,44,25,1,26,27,47,45,10.502,91,1,36.523399,-119.278801,83.987,7,599,58,3,"e00fce68f12da1a0c5de6248",2026-08-13 06:50:08.128,2026-08-13 06:50:08.377,2026-08-13 06:50:08.377,2026-08-13
"430","SJNKYlbbCd","MOOSPMv3Parser",1786604400,0,0,1,0,0,1,1,0,0,1,208,117,4196,16,9,1,9,9,24,35,9,0,25,27,38,36,31.628,18,3,36.139,-120.368423,169.345993,12,600,58,3,"e00fce686dc2ef0a68fa40b0",2026-08-13 07:00:02.212,2026-08-13 07:00:02.447,2026-08-13 07:00:02.447,2026-08-13
"431","HYivD3Uiux","MOOSPMv3Parser",1786604401,0,0,2,0,0,2,2,0,0,2,242,156,42959,23,18,2,18,18,24,35,18,0,25,26,38,39,22.955,6,8,36.139153,-120.368332,173.626007,7,600,58,3,"e00fce68d6b773b56ce8baa0",2026-08-13 07:00:02.106,2026-08-13 07:00:02.468,2026-08-13 07:00:02.468,2026-08-13
"432","40lyA6rSer","MOOSPMv3Parser",1786604401,2,2,2,3,3,2,2,3,3,2,509,142,63592,22,16,2,16,16,26,25,16,0,27,29,37,36,24.33,35,3277,3.1e-05,0.002265,33216.242188,6,600,58,3,"e00fce68e28dcbc9a589be10",2026-08-13 07:00:02.981,2026-08-13 07:00:03.544,2026-08-13 07:00:03.544,2026-08-13
"433","BdUYFIIbv6","MOOSPMv3Parser",1786604400,3,3,0,5,5,0,0,5,5,0,760,188,0,34,0,2,0,0,25,28,0,2,27,28,37,39,22.073,30,53,36.187588,-119.822159,25.336,12,599,58,3,"e00fce68e739ecbcf9e91965",2026-08-13 07:00:03.059,2026-08-13 07:00:03.729,2026-08-13 07:00:03.729,2026-08-13
"434","HUMdkBzUBE","MOOSPMv3Parser",1786604401,18,18,16,29,28,17,17,30,30,17,3705,950,104267,181,126,16,126,126,24,46,126,0,26,27,47,48,22.425,129,2,36.762714,-119.798744,50.811001,10,600,58,3,"e00fce68e88237db75a60608",2026-08-13 07:00:03.642,2026-08-13 07:00:04.026,2026-08-13 07:00:04.026,2026-08-13
"435","3mAQGBrKEB","MOOSPMv3Parser",1786604400,2,2,2,3,3,3,3,3,3,3,620,150,47663,25,19,1,19,19,23,28,19,0,28,25,33,39,48.326,6,7,36.138996,-120.368378,177.856003,7,600,58,3,"e00fce6850cac69f647dc199",2026-08-13 07:00:04.122,2026-08-13 07:00:04.545,2026-08-13 07:00:04.545,2026-08-13
"436","eR2iD64LYQ","MOOSPMv3Parser",1786604401,3,3,3,5,5,3,4,5,5,4,749,203,64760,31,21,3,21,22,24,36,22,1,25,26,44,44,16.178,168,1,35.949429,-119.049919,102.655998,5,600,58,3,"e00fce6808784ceaf209f949",2026-08-13 07:00:04.517,2026-08-13 07:00:04.823,2026-08-13 07:00:04.823,2026-08-13
"437","xZPC6YTdNa","MOOSPMv3Parser",1786604401,21,20,16,32,31,17,17,34,34,17,3546,1100,8871,196,126,18,126,126,0,0,126,0,26,27,44,44,18.132,89,1,36.433578,-119.923363,39.313,6,600,58,3,"e00fce6876826e255108c6bd",2026-08-13 07:00:04.871,2026-08-13 07:00:05.126,2026-08-13 07:00:05.126,2026-08-13
"438","k31TSEqsEH","MOOSPMv3Parser",1786604400,29,25,13,41,36,14,14,42,42,14,6049,1466,2340,231,102,15,102,102,24,33,102,0,25,26,43,44,25.865,277,3,36.503128,-120.325417,64.385002,6,600,58,3,"e00fce68e77e43df92405fdb",2026-08-13 07:00:06.134,2026-08-13 07:00:06.286,2026-08-13 07:00:06.286,2026-08-13
"439","gK36VTChJA","MOOSPMv3Parser",1786604401,3,3,3,5,5,3,4,5,5,4,799,214,105541,30,23,1,24,24,24,45,24,0,26,27,49,46,10.555,94,1,36.523342,-119.278809,61.331001,7,599,58,3,"e00fce68f12da1a0c5de6248",2026-08-13 07:00:08.677,2026-08-13 07:00:08.854,2026-08-13 07:00:08.854,2026-08-13
"440","qxpHIllm9Q","MOOSPMv3Parser",1786605000,28,24,13,39,35,13,13,41,41,13,5813,1406,2426,226,98,15,98,99,24,34,99,0,25,26,44,44,23.547,344,3,36.503128,-120.325417,64.382004,0,600,58,3,"e00fce68e77e43df92405fdb",2026-08-13 07:10:02.098,2026-08-13 07:10:02.271,2026-08-13 07:10:02.271,2026-08-13
"441","jNRl833tUH","MOOSPMv3Parser",1786605001,0,0,2,0,0,3,3,0,0,3,233,151,42975,24,19,2,19,19,24,35,19,0,25,26,38,39,22.879,5,9,36.139,-120.368439,167.115005,8,600,58,3,"e00fce68d6b773b56ce8baa0",2026-08-13 07:10:02.451,2026-08-13 07:10:02.595,2026-08-13 07:10:02.595,2026-08-13
"442","g54Zz3ea49","MOOSPMv3Parser",1786605000,0,0,1,0,0,1,1,0,0,1,201,116,4204,16,10,1,10,10,24,35,10,0,25,27,38,36,31.785,17,4,36.138977,-120.368462,165.404007,11,600,58,3,"e00fce686dc2ef0a68fa40b0",2026-08-13 07:10:02.572,2026-08-13 07:10:02.709,2026-08-13 07:10:02.709,2026-08-13
"443","36nAEMi7R0","MOOSPMv3Parser",1786605001,2,2,2,4,4,3,3,4,4,3,598,167,63608,27,19,2,19,19,26,26,19,0,27,28,37,37,23.742,45,3277,3.1e-05,0.002265,33216.242188,6,600,58,3,"e00fce68e28dcbc9a589be10",2026-08-13 07:10:02.819,2026-08-13 07:10:03.015,2026-08-13 07:10:03.015,2026-08-13
"444","dWDodAQpLf","MOOSPMv3Parser",1786605000,2,2,0,4,4,0,0,5,5,0,724,180,0,34,0,2,0,0,25,28,0,2,27,28,37,39,22.685,31,57,36.187572,-119.822174,17.931999,11,599,58,3,"e00fce68e739ecbcf9e91965",2026-08-13 07:10:03.124,2026-08-13 07:10:03.316,2026-08-13 07:10:03.316,2026-08-13
"445","zJmEIBloxO","MOOSPMv3Parser",1786605001,4,4,3,5,5,3,3,6,6,4,855,230,105561,32,24,2,24,24,24,44,24,0,26,27,48,45,10.912,92,1,36.523315,-119.278809,93.644997,7,599,58,3,"e00fce68f12da1a0c5de6248",2026-08-13 07:10:03.232,2026-08-13 07:10:03.445,2026-08-13 07:10:03.445,2026-08-13
"446","iTjygHdcqP","MOOSPMv3Parser",1786605001,18,18,16,29,29,17,17,30,30,17,3658,944,104377,185,126,17,127,127,24,47,127,0,26,26,47,48,22.493,129,2,36.762733,-119.798729,58.604,12,600,58,3,"e00fce68e88237db75a60608",2026-08-13 07:10:03.437,2026-08-13 07:10:03.587,2026-08-13 07:10:03.587,2026-08-13
"447","o4vdgVtKdR","MOOSPMv3Parser",1786605001,3,3,3,5,5,4,4,5,5,5,769,211,64777,34,21,3,22,22,24,37,22,1,25,26,46,46,14.997,194,1,35.949501,-119.049744,115.114998,6,600,58,3,"e00fce6808784ceaf209f949",2026-08-13 07:10:04.59,2026-08-13 07:10:04.785,2026-08-13 07:10:04.785,2026-08-13
"448","aPUykpx3bi","MOOSPMv3Parser",1786605001,22,21,17,33,31,17,17,35,35,17,3673,1138,8984,208,130,18,131,131,0,0,131,0,25,27,44,44,17.904,89,2,36.433598,-119.92337,20.158001,6,600,58,3,"e00fce6876826e255108c6bd",2026-08-13 07:10:04.978,2026-08-13 07:10:05.138,2026-08-13 07:10:05.138,2026-08-13
"449","lxsf2XKDGC","MOOSPMv3Parser",1786605000,2,2,2,3,3,2,2,4,4,2,616,154,47679,26,18,1,18,18,23,28,18,0,27,25,33,39,47.545,5,7,36.139019,-120.368393,166.376999,8,600,58,3,"e00fce6850cac69f647dc199",2026-08-13 07:10:09.52,2026-08-13 07:10:09.714,2026-08-13 07:10:09.714,2026-08-13
"450","SyKOKrSYC1","MOOSPMv3Parser",1786605600,28,24,13,39,35,13,13,41,41,13,5909,1417,2512,220,99,16,100,100,24,35,100,0,24,26,46,45,22.468,379,2,36.50312,-120.325356,57.132,5,600,58,3,"e00fce68e77e43df92405fdb",2026-08-13 07:20:02.138,2026-08-13 07:20:02.375,2026-08-13 07:20:02.375,2026-08-13
"451","em2WfV3Ewn","MOOSPMv3Parser",1786605601,0,0,2,0,0,3,3,1,1,3,240,156,42991,24,19,2,19,19,24,35,19,0,25,26,39,39,22.801,6,9,36.139038,-120.368362,155.376007,7,600,58,3,"e00fce68d6b773b56ce8baa0",2026-08-13 07:20:02.188,2026-08-13 07:20:02.393,2026-08-13 07:20:02.393,2026-08-13
"452","YxgNEpC5sh","MOOSPMv3Parser",1786605601,5,5,4,7,7,4,4,7,7,4,964,277,63636,49,32,3,32,32,25,27,32,1,26,28,40,38,22.397,98,3277,3.1e-05,0.002265,33216.242188,6,600,58,3,"e00fce68e28dcbc9a589be10",2026-08-13 07:20:02.818,2026-08-13 07:20:03.081,2026-08-13 07:20:03.081,2026-08-13
"453","YreTH7zeSL","MOOSPMv3Parser",1786605600,3,3,0,4,4,0,0,5,5,0,734,181,0,33,0,3,0,0,25,28,0,2,27,27,38,39,23.118,27,64,36.187511,-119.822311,1.715,9,599,58,3,"e00fce68e739ecbcf9e91965",2026-08-13 07:20:03.045,2026-08-13 07:20:03.187,2026-08-13 07:20:03.187,2026-08-13
"454","yvBWFONrBL","MOOSPMv3Parser",1786605601,19,19,16,28,28,17,17,29,29,17,3767,955,104486,179,125,12,125,125,24,47,125,0,26,26,48,48,21.695,131,2,36.762684,-119.798767,59.896,11,600,58,3,"e00fce68e88237db75a60608",2026-08-13 07:20:03.488,2026-08-13 07:20:03.669,2026-08-13 07:20:03.669,2026-08-13
"455","5JB1KkEspB","MOOSPMv3Parser",1786605601,0,0,1,0,0,1,1,0,0,1,202,117,4206,17,10,1,10,10,24,35,10,0,25,27,38,36,31.487,20,4,36.13908,-120.368332,158.716995,8,601,58,3,"e00fce686dc2ef0a68fa40b0",2026-08-13 07:20:04.293,2026-08-13 07:20:04.478,2026-08-13 07:20:04.478,2026-08-13
"456","KpVUUbEdPy","MOOSPMv3Parser",1786605601,3,3,3,5,5,3,4,5,5,4,723,193,64793,33,20,3,21,21,24,36,21,1,25,26,44,43,16.694,158,1,35.949478,-119.049988,127.420998,6,600,58,3,"e00fce6808784ceaf209f949",2026-08-13 07:20:04.512,2026-08-13 07:20:04.718,2026-08-13 07:20:04.718,2026-08-13
"457","nGiZLBWBqP","MOOSPMv3Parser",1786605600,2,2,2,4,4,3,3,4,4,3,647,160,47695,29,19,2,19,19,23,29,19,0,27,25,34,40,47.479,7,7,36.138973,-120.36837,160.934006,12,600,58,3,"e00fce6850cac69f647dc199",2026-08-13 07:20:04.739,2026-08-13 07:20:04.969,2026-08-13 07:20:04.969,2026-08-13
"458","PcSA2aeQl6","MOOSPMv3Parser",1786605601,23,22,17,35,33,18,18,38,38,18,3911,1212,9103,223,137,18,137,137,1,0,137,0,25,27,45,44,17.267,89,2,36.433636,-119.923386,12.003,6,600,58,3,"e00fce6876826e255108c6bd",2026-08-13 07:20:04.986,2026-08-13 07:20:05.135,2026-08-13 07:20:05.135,2026-08-13
"459","e5jeiKdKvR","MOOSPMv3Parser",1786605601,4,4,3,6,6,4,4,6,6,4,864,239,105584,37,26,2,26,26,24,45,26,0,25,27,48,46,11.274,86,1,36.523243,-119.278885,90.582001,6,599,58,3,"e00fce68f12da1a0c5de6248",2026-08-13 07:20:07.798,2026-08-13 07:20:07.983,2026-08-13 07:20:07.983,2026-08-13
"460","NvPPa1G0Ic","MOOSPMv3Parser",1786606200,27,24,13,38,35,13,13,40,40,13,5781,1364,2598,216,99,16,99,99,23,37,99,0,24,25,47,47,20.629,400,2,36.503193,-120.325333,36.724998,5,600,58,3,"e00fce68e77e43df92405fdb",2026-08-13 07:30:02.096,2026-08-13 07:30:02.332,2026-08-13 07:30:02.332,2026-08-13
"461","Dd8AMcoL2t","MOOSPMv3Parser",1786606201,0,0,2,0,0,3,3,0,0,3,236,154,43007,25,19,3,19,19,23,35,19,0,25,26,40,39,22.706,8,9,36.139053,-120.368393,166.490997,9,600,58,3,"e00fce68d6b773b56ce8baa0",2026-08-13 07:30:02.561,2026-08-13 07:30:02.926,2026-08-13 07:30:02.926,2026-08-13
"462","4L6aIX6tCD","MOOSPMv3Parser",1786606201,5,5,4,7,7,4,4,7,7,4,938,267,63663,47,32,3,32,32,25,27,32,1,26,28,40,38,22.454,104,3277,3.1e-05,0.002265,33216.242188,6,600,58,3,"e00fce68e28dcbc9a589be10",2026-08-13 07:30:02.738,2026-08-13 07:30:03.149,2026-08-13 07:30:03.149,2026-08-13
"463","1m9C6EpBuf","MOOSPMv3Parser",1786606200,0,0,1,0,0,1,1,0,0,1,205,117,4227,17,9,1,9,9,24,35,9,0,25,27,39,37,31.01,24,4,36.13908,-120.368332,158.720993,0,599,58,3,"e00fce686dc2ef0a68fa40b0",2026-08-13 07:30:03.215,2026-08-13 07:30:03.396,2026-08-13 07:30:03.396,2026-08-13
"464","H6uLZGuqqd","MOOSPMv3Parser",1786606200,3,3,0,4,4,0,0,5,5,0,728,183,0,35,0,3,0,0,25,29,0,2,27,27,37,39,23.455,25,73,36.187595,-119.822121,25.079,8,599,58,3,"e00fce68e739ecbcf9e91965",2026-08-13 07:30:03.133,2026-08-13 07:30:03.42,2026-08-13 07:30:03.42,2026-08-13
"465","kWl5I3XFiV","MOOSPMv3Parser",1786606201,0,0,1,0,0,1,1,0,0,1,199,135,2532246,25,10,3,10,10,24,36,10,0,25,27,39,37,29.952,30,4,36.13908,-120.368332,158.720993,0,1,58,3,"e00fce686dc2ef0a68fa40b0",2026-08-13 07:30:03.216,2026-08-13 07:30:03.436,2026-08-13 07:30:03.436,2026-08-13
"466","z3xovgbL9T","MOOSPMv3Parser",1786606201,19,19,16,30,29,17,17,31,31,17,3855,985,104594,188,124,16,124,124,24,48,124,0,25,26,49,49,20.807,134,2,36.762691,-119.798767,46.827,9,600,58,3,"e00fce68e88237db75a60608",2026-08-13 07:30:03.497,2026-08-13 07:30:03.685,2026-08-13 07:30:03.685,2026-08-13
"467","y2FeFCbUa8","MOOSPMv3Parser",1786606200,2,2,2,4,4,3,3,4,4,3,645,161,47712,30,20,1,20,20,23,29,20,0,27,25,34,40,45.638,8,7,36.139034,-120.36837,166.968994,10,600,58,3,"e00fce6850cac69f647dc199",2026-08-13 07:30:03.704,2026-08-13 07:30:03.937,2026-08-13 07:30:03.937,2026-08-13
"468","lJpNenCHSr","MOOSPMv3Parser",1786606201,4,4,3,5,5,4,4,6,6,4,867,238,105607,36,27,1,27,27,24,46,27,0,25,26,49,47,11.247,84,2,36.523285,-119.278824,90.814003,6,599,58,3,"e00fce68f12da1a0c5de6248",2026-08-13 07:30:04.31,2026-08-13 07:30:04.463,2026-08-13 07:30:04.463,2026-08-13
"469","zO7KCtxCvo","MOOSPMv3Parser",1786606201,3,3,3,4,4,3,4,5,5,4,712,194,64810,31,20,2,20,20,24,37,20,1,25,26,46,45,15.363,168,2,35.949478,-119.049988,127.426003,0,600,58,3,"e00fce6808784ceaf209f949",2026-08-13 07:30:04.59,2026-08-13 07:30:04.745,2026-08-13 07:30:04.745,2026-08-13
"470","FLl6Ilii9S","MOOSPMv3Parser",1786606201,23,22,18,36,33,19,19,38,38,19,3927,1221,9225,223,139,21,140,140,1,0,140,0,25,27,46,45,17.742,89,2,36.43372,-119.92337,6.123,6,600,58,3,"e00fce6876826e255108c6bd",2026-08-13 07:30:05.151,2026-08-13 07:30:05.311,2026-08-13 07:30:05.311,2026-08-13
"471","aJOk5OMKiS","MOOSPMv3Parser",1786606801,0,0,2,0,0,2,2,0,0,2,231,147,43022,24,18,2,18,18,23,35,18,0,25,26,39,39,21.935,17,9,36.139042,-120.368439,159.565994,6,600,58,3,"e00fce68d6b773b56ce8baa0",2026-08-13 07:40:02.04,2026-08-13 07:40:02.191,2026-08-13 07:40:02.191,2026-08-13
"472","A6KvaRbHi7","MOOSPMv3Parser",1786606800,27,24,13,38,35,13,13,40,40,13,5712,1370,2685,215,100,15,101,101,23,38,101,0,24,25,49,48,19.64,416,2,36.503155,-120.325371,53.710999,7,600,58,3,"e00fce68e77e43df92405fdb",2026-08-13 07:40:02.101,2026-08-13 07:40:02.301,2026-08-13 07:40:02.301,2026-08-13
"473","sxyhc3QVAE","MOOSPMv3Parser",1786606800,0,0,1,0,0,1,1,0,0,1,202,116,4235,17,9,1,9,9,24,35,9,0,25,26,38,37,30.26,37,4,36.139084,-120.36837,173.337997,9,599,58,3,"e00fce686dc2ef0a68fa40b0",2026-08-13 07:40:02.169,2026-08-13 07:40:02.365,2026-08-13 07:40:02.365,2026-08-13
"474","WgoGdFUVnA","MOOSPMv3Parser",1786606801,4,4,3,6,6,4,4,6,6,4,782,225,63687,43,27,3,27,27,25,28,27,1,26,27,40,39,22.887,92,3277,3.1e-05,0.002265,33216.242188,6,600,58,3,"e00fce68e28dcbc9a589be10",2026-08-13 07:40:02.743,2026-08-13 07:40:02.944,2026-08-13 07:40:02.944,2026-08-13
"475","QTpvSnA7vX","MOOSPMv3Parser",1786606800,3,3,0,5,5,0,0,5,5,0,737,188,0,35,0,3,0,0,25,29,0,2,27,27,38,39,23.235,28,80,36.187557,-119.822159,2.007,6,599,58,3,"e00fce68e739ecbcf9e91965",2026-08-13 07:40:03.119,2026-08-13 07:40:03.359,2026-08-13 07:40:03.359,2026-08-13
"476","uwRROWc6YY","MOOSPMv3Parser",1786606801,4,4,4,6,6,4,4,7,7,4,925,260,105631,38,28,3,28,28,23,47,28,0,25,26,50,47,10.954,87,2,36.523296,-119.278877,92.995003,5,599,58,3,"e00fce68f12da1a0c5de6248",2026-08-13 07:40:03.493,2026-08-13 07:40:03.715,2026-08-13 07:40:03.715,2026-08-13
"477","Uwu5NR5AG8","MOOSPMv3Parser",1786606801,20,19,16,30,29,17,17,31,31,17,3884,1000,104705,188,126,14,126,126,23,48,126,0,25,26,49,49,21.254,124,2,36.762756,-119.798737,46.757999,11,600,58,3,"e00fce68e88237db75a60608",2026-08-13 07:40:03.56,2026-08-13 07:40:03.767,2026-08-13 07:40:03.767,2026-08-13
"478","oSj6UUl9lC","MOOSPMv3Parser",1786606800,2,2,2,3,3,3,3,3,3,3,595,147,47729,23,19,2,19,19,23,29,19,0,27,25,33,40,44.917,13,7,36.139034,-120.36837,166.964996,0,600,58,3,"e00fce6850cac69f647dc199",2026-08-13 07:40:04.315,2026-08-13 07:40:04.495,2026-08-13 07:40:04.495,2026-08-13
"479","hhlIDHz5zF","MOOSPMv3Parser",1786606801,23,22,17,35,33,18,18,37,37,18,3911,1212,9341,218,133,17,134,134,0,0,134,0,25,26,45,44,19.974,89,2,36.433487,-119.923363,46.729,6,600,58,3,"e00fce6876826e255108c6bd",2026-08-13 07:40:05,2026-08-13 07:40:05.177,2026-08-13 07:40:05.177,2026-08-13
"480","Z37QaCqcRs","MOOSPMv3Parser",1786606801,3,3,3,5,5,3,4,5,5,4,757,207,64827,34,20,2,21,21,23,38,21,1,25,26,47,45,13.217,226,1,35.94957,-119.04995,120.952003,10,600,58,3,"e00fce6808784ceaf209f949",2026-08-13 07:40:08.657,2026-08-13 07:40:08.809,2026-08-13 07:40:08.809,2026-08-13
"481","TdIGDXWwl3","MOOSPMv3Parser",1786607400,27,24,13,38,35,13,13,40,40,13,5630,1366,2772,216,99,14,100,100,23,40,100,0,23,25,50,49,18.02,415,2,36.503132,-120.325394,52.303001,7,600,58,3,"e00fce68e77e43df92405fdb",2026-08-13 07:50:02.284,2026-08-13 07:50:02.525,2026-08-13 07:50:02.525,2026-08-13
"482","TjP3W0VcSg","MOOSPMv3Parser",1786607400,0,0,1,0,0,1,1,0,0,1,193,109,4236,15,9,1,9,9,24,34,9,0,25,26,36,35,31.27,26,4,36.139072,-120.36837,158.623993,10,600,58,3,"e00fce686dc2ef0a68fa40b0",2026-08-13 07:50:02.479,2026-08-13 07:50:02.687,2026-08-13 07:50:02.687,2026-08-13
"483","8kjJx8alQS","MOOSPMv3Parser",1786607401,0,0,2,0,0,2,2,0,0,2,229,148,43037,23,18,2,18,18,23,35,18,0,25,25,37,37,23.169,13,8,36.139091,-120.368378,163.785004,9,600,58,3,"e00fce68d6b773b56ce8baa0",2026-08-13 07:50:02.661,2026-08-13 07:50:02.825,2026-08-13 07:50:02.825,2026-08-13
"484","HGtV4sBUKs","MOOSPMv3Parser",1786607401,0,0,1,0,0,1,1,0,0,1,284,142,2541482,17,8,0,8,8,24,34,8,0,25,26,36,35,33.266,21,4,36.139072,-120.36837,158.623993,10,1,58,3,"e00fce686dc2ef0a68fa40b0",2026-08-13 07:50:02.727,2026-08-13 07:50:02.905,2026-08-13 07:50:02.905,2026-08-13
"485","TFAPBU5xTL","MOOSPMv3Parser",1786607401,4,4,4,6,6,4,4,6,6,4,804,231,63711,40,29,2,29,29,24,29,29,1,25,27,41,40,22.4,87,3277,3.1e-05,0.002265,33216.242188,6,600,58,3,"e00fce68e28dcbc9a589be10",2026-08-13 07:50:02.832,2026-08-13 07:50:03.01,2026-08-13 07:50:03.01,2026-08-13
"486","HlGf04AG6c","MOOSPMv3Parser",1786607400,3,3,0,5,5,0,0,5,5,0,784,195,0,38,0,3,0,0,25,29,0,2,27,27,38,39,22.952,45,82,36.187557,-119.822159,2.01,0,600,58,3,"e00fce68e739ecbcf9e91965",2026-08-13 07:50:03.12,2026-08-13 07:50:03.306,2026-08-13 07:50:03.306,2026-08-13
"487","RpBuPo9Tyd","MOOSPMv3Parser",1786607401,21,20,16,31,30,17,17,32,32,17,4014,1045,104817,190,128,18,129,129,23,48,129,0,25,26,49,49,21.484,120,2,36.762711,-119.798721,53.249001,8,600,58,3,"e00fce68e88237db75a60608",2026-08-13 07:50:03.554,2026-08-13 07:50:03.731,2026-08-13 07:50:03.731,2026-08-13
"488","DXhPGSnCyH","MOOSPMv3Parser",1786607401,4,4,4,6,6,4,4,6,6,4,894,247,105657,38,29,2,30,30,23,47,30,0,25,26,50,48,11.124,87,2,36.523338,-119.278816,88.012001,5,599,58,3,"e00fce68f12da1a0c5de6248",2026-08-13 07:50:03.794,2026-08-13 07:50:03.966,2026-08-13 07:50:03.966,2026-08-13
"489","H5AadbduYF","MOOSPMv3Parser",1786607400,2,2,2,3,3,2,2,3,3,2,592,147,47744,23,18,1,18,18,23,28,18,0,27,25,32,38,47.358,10,7,36.138996,-120.368477,178.638,7,600,58,3,"e00fce6850cac69f647dc199",2026-08-13 07:50:04.503,2026-08-13 07:50:04.688,2026-08-13 07:50:04.688,2026-08-13
"490","KacI2VpEfd","MOOSPMv3Parser",1786607401,3,3,3,5,5,3,4,5,5,4,728,199,64845,34,21,3,22,22,23,39,22,1,24,26,46,46,14.259,195,1,35.949558,-119.049934,130.348007,6,600,58,3,"e00fce6808784ceaf209f949",2026-08-13 07:50:04.667,2026-08-13 07:50:04.825,2026-08-13 07:50:04.825,2026-08-13
"491","U886JKs6mq","MOOSPMv3Parser",1786607401,24,22,17,36,33,18,18,38,38,18,3982,1240,9459,221,136,21,136,136,0,0,136,0,25,26,45,45,20.911,89,3,36.433556,-119.92334,56.987,7,600,58,3,"e00fce6876826e255108c6bd",2026-08-13 07:50:04.981,2026-08-13 07:50:05.2,2026-08-13 07:50:05.2,2026-08-13
"492","6Scu9p7cqf","MOOSPMv3Parser",1786608001,0,0,2,0,0,2,2,0,0,2,220,141,43052,20,17,2,17,17,23,34,17,0,25,25,36,37,23.551,7,9,36.139,-120.368401,160.511993,10,600,58,3,"e00fce68d6b773b56ce8baa0",2026-08-13 08:00:02.186,2026-08-13 08:00:02.418,2026-08-13 08:00:02.418,2026-08-13
"493","Aa7PnXt1Tw","MOOSPMv3Parser",1786608000,27,24,13,38,34,13,13,39,39,13,5584,1368,2858,214,99,13,99,99,-10,-10,99,0,24,24,49,49,18.336,423,2,36.503139,-120.325462,83.351997,6,600,58,3,"e00fce68e77e43df92405fdb",2026-08-13 08:00:02.121,2026-08-13 08:00:02.568,2026-08-13 08:00:02.568,2026-08-13
"494","TlGUmLy0Q2","MOOSPMv3Parser",1786608001,3,3,3,5,5,4,4,5,5,4,766,215,63734,39,27,3,27,27,24,30,27,1,25,27,44,41,21.3,105,3277,3.1e-05,0.002265,33216.242188,6,600,58,3,"e00fce68e28dcbc9a589be10",2026-08-13 08:00:02.829,2026-08-13 08:00:03.252,2026-08-13 08:00:03.252,2026-08-13
"495","E2L649xOkE","MOOSPMv3Parser",1786608000,0,0,1,0,0,1,1,0,0,1,197,109,4250,15,8,1,8,8,24,34,8,0,25,26,36,35,32.679,18,4,36.138905,-120.368431,165.134003,8,599,58,3,"e00fce686dc2ef0a68fa40b0",2026-08-13 08:00:02.763,2026-08-13 08:00:03.297,2026-08-13 08:00:03.297,2026-08-13
"496","To2QpO2fzT","MOOSPMv3Parser",1786608001,5,5,4,7,7,4,4,7,7,4,997,272,105506,42,30,2,30,30,23,48,30,0,25,26,51,49,11.465,83,2,36.523361,-119.278664,71.363998,8,600,58,3,"e00fce68f12da1a0c5de6248",2026-08-13 08:00:03.316,2026-08-13 08:00:03.647,2026-08-13 08:00:03.647,2026-08-13
"497","K27usUEC7A","MOOSPMv3Parser",1786608001,20,20,16,30,30,17,17,31,31,17,3935,1016,104926,192,126,15,126,126,23,49,126,0,25,25,50,50,22.207,112,2,36.762615,-119.798782,47.165001,8,600,58,3,"e00fce68e88237db75a60608",2026-08-13 08:00:03.565,2026-08-13 08:00:03.875,2026-08-13 08:00:03.875,2026-08-13
"498","FU1eaklkkB","MOOSPMv3Parser",1786608000,3,3,0,5,5,0,0,6,6,0,775,193,0,35,0,5,0,0,25,29,0,2,27,27,38,39,22.342,47,83,36.187553,-119.821983,37.695999,11,599,58,3,"e00fce68e739ecbcf9e91965",2026-08-13 08:00:03.349,2026-08-13 08:00:03.925,2026-08-13 08:00:03.925,2026-08-13
"499","hf0bbDrDxk","MOOSPMv3Parser",1786608001,3,3,3,5,5,3,3,5,5,3,708,193,64862,32,19,3,20,20,23,36,20,1,25,26,44,43,14.825,183,1,35.949615,-119.049942,118.583,8,600,58,3,"e00fce6808784ceaf209f949",2026-08-13 08:00:04.594,2026-08-13 08:00:04.794,2026-08-13 08:00:04.794,2026-08-13
"500","1uorJvCFIr","MOOSPMv3Parser",1786608000,2,2,2,3,3,2,2,3,3,2,559,137,47760,24,17,2,18,18,23,27,18,0,27,25,32,38,49.335,7,8,36.139011,-120.368355,153.703003,6,600,58,3,"e00fce6850cac69f647dc199",2026-08-13 08:00:04.823,2026-08-13 08:00:05.019,2026-08-13 08:00:05.019,2026-08-13
"501","VFA2ZvcGmw","MOOSPMv3Parser",1786608001,23,22,18,35,33,19,19,37,37,19,3889,1205,9581,223,140,15,140,140,0,0,140,0,25,26,46,45,20.865,89,3,36.433556,-119.92334,56.985001,0,600,58,3,"e00fce6876826e255108c6bd",2026-08-13 08:00:04.924,2026-08-13 08:00:05.131,2026-08-13 08:00:05.131,2026-08-13
"502","BrYHvCVH02","MOOSPMv3Parser",1786608600,27,24,13,39,35,13,13,41,41,13,5673,1384,2945,224,100,16,100,100,22,38,100,0,23,24,47,47,17.787,412,2,36.503105,-120.32534,54.527,5,600,58,3,"e00fce68e77e43df92405fdb",2026-08-13 08:10:02.263,2026-08-13 08:10:02.462,2026-08-13 08:10:02.462,2026-08-13
"503","WHTtpqulsD","MOOSPMv3Parser",1786608601,0,0,2,0,0,2,2,0,0,2,231,146,43067,23,18,2,18,18,23,34,18,0,25,25,35,36,24.236,6,10,36.139114,-120.36834,164.302002,6,600,58,3,"e00fce68d6b773b56ce8baa0",2026-08-13 08:10:02.503,2026-08-13 08:10:02.663,2026-08-13 08:10:02.663,2026-08-13
"504","ZzCthxgDth","MOOSPMv3Parser",1786608601,3,3,3,5,5,3,3,5,5,3,731,208,63755,34,24,2,24,24,24,31,24,1,24,26,45,42,21.323,105,3277,3.1e-05,0.002265,33216.242188,6,600,58,3,"e00fce68e28dcbc9a589be10",2026-08-13 08:10:02.83,2026-08-13 08:10:02.999,2026-08-13 08:10:02.999,2026-08-13
"505","xpZwi0dQIn","MOOSPMv3Parser",1786608601,0,0,1,0,0,1,1,0,0,1,194,108,4243,15,9,1,9,9,24,33,9,0,25,26,35,34,33.05,17,4,36.139015,-120.368362,172.998993,9,601,58,3,"e00fce686dc2ef0a68fa40b0",2026-08-13 08:10:03.14,2026-08-13 08:10:03.363,2026-08-13 08:10:03.363,2026-08-13
"506","DczTK9bjga","MOOSPMv3Parser",1786608600,3,3,0,5,5,0,0,5,5,0,762,193,0,33,0,1,0,0,24,29,0,2,26,27,38,39,21.507,58,82,36.187542,-119.822006,29.674,8,599,58,3,"e00fce68e739ecbcf9e91965",2026-08-13 08:10:03.19,2026-08-13 08:10:03.417,2026-08-13 08:10:03.417,2026-08-13
"507","BISEVtgpHz","MOOSPMv3Parser",1786608601,5,5,4,7,7,4,4,7,7,5,994,274,105534,43,31,3,32,32,23,49,32,0,24,26,53,49,10.857,88,2,36.523258,-119.278763,77.596001,6,600,58,3,"e00fce68f12da1a0c5de6248",2026-08-13 08:10:03.314,2026-08-13 08:10:03.451,2026-08-13 08:10:03.451,2026-08-13
"508","cZnFQl9FFm","MOOSPMv3Parser",1786608601,20,20,16,31,30,17,17,32,32,17,3969,1021,105035,193,124,16,124,124,23,50,124,0,25,25,50,50,20.896,115,2,36.762684,-119.798752,62.055,8,600,58,3,"e00fce68e88237db75a60608",2026-08-13 08:10:03.499,2026-08-13 08:10:03.632,2026-08-13 08:10:03.632,2026-08-13
"509","tFi0S3M6VX","MOOSPMv3Parser",1786608600,2,2,2,3,3,2,2,3,3,2,595,144,47775,24,18,1,18,18,23,26,18,0,27,25,31,37,49.768,6,8,36.138985,-120.368347,180.863007,6,600,58,3,"e00fce6850cac69f647dc199",2026-08-13 08:10:03.797,2026-08-13 08:10:03.928,2026-08-13 08:10:03.928,2026-08-13
"510","CF39TlVed1","MOOSPMv3Parser",1786608601,3,3,2,5,5,3,3,5,5,3,720,196,64878,33,19,3,20,20,23,37,20,1,24,25,45,44,15.699,160,1,35.94952,-119.049957,108.197998,6,600,58,3,"e00fce6808784ceaf209f949",2026-08-13 08:10:04.522,2026-08-13 08:10:04.732,2026-08-13 08:10:04.732,2026-08-13
"511","XO2MIUnu5D","MOOSPMv3Parser",1786608601,24,22,18,36,33,19,19,39,39,19,3980,1232,9705,233,143,20,144,144,1,0,144,0,25,26,47,46,20.62,89,3,36.43359,-119.923332,32.088001,7,600,58,3,"e00fce6876826e255108c6bd",2026-08-13 08:10:04.995,2026-08-13 08:10:05.176,2026-08-13 08:10:05.176,2026-08-13
"512","pVb9CRFEa3","MOOSPMv3Parser",1786609200,0,0,1,0,0,1,1,0,0,1,201,116,4264,17,8,1,8,8,24,33,8,0,25,26,34,34,33.647,16,4,36.139053,-120.36834,172.231003,8,599,58,3,"e00fce686dc2ef0a68fa40b0",2026-08-13 08:20:02.252,2026-08-13 08:20:02.458,2026-08-13 08:20:02.458,2026-08-13
"513","GQiUXVlTBq","MOOSPMv3Parser",1786609201,0,0,2,0,0,2,2,0,0,2,234,151,43081,22,18,2,18,18,23,34,18,0,25,25,35,36,24.861,5,12,36.139011,-120.36837,169.302002,9,600,58,3,"e00fce68d6b773b56ce8baa0",2026-08-13 08:20:02.321,2026-08-13 08:20:02.508,2026-08-13 08:20:02.508,2026-08-13
"514","WAIz8CZKZn","MOOSPMv3Parser",1786609200,28,24,13,40,36,14,14,42,41,14,5780,1419,3033,222,101,17,102,102,22,38,102,0,23,24,47,47,13.785,462,1,36.503189,-120.325432,72.828003,6,600,58,3,"e00fce68e77e43df92405fdb",2026-08-13 08:20:02.341,2026-08-13 08:20:02.547,2026-08-13 08:20:02.547,2026-08-13
"515","zynKPFhB8A","MOOSPMv3Parser",1786609201,4,4,3,5,5,3,3,6,6,3,748,213,63777,37,25,3,25,25,24,31,25,1,24,26,44,41,22.558,96,3277,3.1e-05,0.002265,33216.242188,6,600,58,3,"e00fce68e28dcbc9a589be10",2026-08-13 08:20:02.819,2026-08-13 08:20:03.011,2026-08-13 08:20:03.011,2026-08-13
"516","n8AGEmaYXd","MOOSPMv3Parser",1786609200,3,3,0,5,5,0,0,5,5,0,785,195,0,34,0,2,0,0,24,29,0,2,26,27,38,39,21.982,58,84,36.187511,-119.822044,13.155,9,599,58,3,"e00fce68e739ecbcf9e91965",2026-08-13 08:20:03.203,2026-08-13 08:20:03.404,2026-08-13 08:20:03.404,2026-08-13
"517","gT3KxDDB7K","MOOSPMv3Parser",1786609201,20,20,16,30,30,17,17,31,31,17,3960,1022,105144,189,124,13,125,125,23,50,125,0,24,25,50,51,19.969,131,2,36.762733,-119.79879,59.469002,13,600,58,3,"e00fce68e88237db75a60608",2026-08-13 08:20:03.493,2026-08-13 08:20:03.619,2026-08-13 08:20:03.619,2026-08-13
"518","yw1WXDIxYj","MOOSPMv3Parser",1786609200,2,2,2,3,3,2,2,3,3,2,595,146,47791,26,18,1,18,18,23,26,18,0,28,25,30,37,314.09,5,9,36.139,-120.368416,184.317001,7,600,58,3,"e00fce6850cac69f647dc199",2026-08-13 08:20:04.101,2026-08-13 08:20:04.302,2026-08-13 08:20:04.302,2026-08-13
"519","JBeGvuVXZd","MOOSPMv3Parser",1786609201,3,3,2,5,5,3,3,5,5,3,747,206,64893,33,18,2,18,18,23,36,19,1,24,25,44,44,15.969,153,1,35.949562,-119.050026,104.013,7,600,58,3,"e00fce6808784ceaf209f949",2026-08-13 08:20:04.594,2026-08-13 08:20:04.78,2026-08-13 08:20:04.78,2026-08-13
"520","k4MPLmSTls","MOOSPMv3Parser",1786609202,5,5,4,7,7,4,4,7,7,4,1017,281,105560,38,30,2,31,31,23,50,31,0,24,25,54,50,9.955,99,2,36.523415,-119.278854,79.272003,7,600,58,3,"e00fce68f12da1a0c5de6248",2026-08-13 08:20:04.649,2026-08-13 08:20:04.81,2026-08-13 08:20:04.81,2026-08-13
"521","4njECWY7AR","MOOSPMv3Parser",1786609201,24,22,18,37,34,19,19,39,39,19,4114,1275,9831,230,144,18,145,145,0,0,145,0,24,26,47,46,19.714,90,2,36.433636,-119.923386,22.634001,7,600,58,3,"e00fce6876826e255108c6bd",2026-08-13 08:20:04.984,2026-08-13 08:20:05.18,2026-08-13 08:20:05.18,2026-08-13
"522","qf7EdziQxO","MOOSPMv3Parser",1786609800,33,27,15,46,39,16,16,49,47,16,6593,1635,3135,265,118,19,118,118,22,40,118,0,23,23,48,50,17.73,443,1,36.503124,-120.325378,65.417999,6,600,58,3,"e00fce68e77e43df92405fdb",2026-08-13 08:30:02.286,2026-08-13 08:30:02.431,2026-08-13 08:30:02.431,2026-08-13
"523","9zFFf3obVU","MOOSPMv3Parser",1786609800,0,0,1,0,0,1,1,0,0,1,201,114,4264,17,9,1,9,9,24,34,9,0,25,26,35,35,34.123,14,4,36.138947,-120.368355,157.093002,7,600,58,3,"e00fce686dc2ef0a68fa40b0",2026-08-13 08:30:02.572,2026-08-13 08:30:02.821,2026-08-13 08:30:02.821,2026-08-13
"524","6wwYk3iBNH","MOOSPMv3Parser",1786609801,0,0,2,0,0,2,2,0,0,2,235,152,43096,22,17,2,17,17,23,34,17,0,25,26,35,37,24.659,4,14,36.139011,-120.36837,169.307007,0,600,58,3,"e00fce68d6b773b56ce8baa0",2026-08-13 08:30:02.732,2026-08-13 08:30:02.89,2026-08-13 08:30:02.89,2026-08-13
"525","JNVE6UY6fo","MOOSPMv3Parser",1786609801,4,4,3,5,5,3,3,6,6,3,761,215,63800,38,26,2,26,26,23,30,26,0,24,26,43,41,24.05,50,3277,3.1e-05,0.002265,33216.242188,6,600,58,3,"e00fce68e28dcbc9a589be10",2026-08-13 08:30:02.812,2026-08-13 08:30:02.988,2026-08-13 08:30:02.988,2026-08-13
"526","E47uEYNo7w","MOOSPMv3Parser",1786609800,3,3,0,4,4,0,0,5,5,0,722,176,0,31,0,2,0,0,24,29,0,2,26,27,39,40,22.015,37,94,36.187511,-119.822029,32.279999,10,599,58,3,"e00fce68e739ecbcf9e91965",2026-08-13 08:30:03.139,2026-08-13 08:30:03.33,2026-08-13 08:30:03.33,2026-08-13
"527","FXKaEl0uHB","MOOSPMv3Parser",1786609801,5,5,4,7,7,5,5,8,8,5,1109,309,105766,46,35,2,35,35,22,52,35,0,24,25,55,51,9.695,109,2,36.523415,-119.278854,79.272003,7,599,58,3,"e00fce68f12da1a0c5de6248",2026-08-13 08:30:03.572,2026-08-13 08:30:03.752,2026-08-13 08:30:03.752,2026-08-13
"528","PSbcLWjCsq","MOOSPMv3Parser",1786609801,19,19,16,29,29,17,17,30,30,17,3750,969,105252,181,124,16,124,124,22,51,124,0,24,25,51,51,19.532,148,2,36.762711,-119.798767,62.089001,10,600,58,3,"e00fce68e88237db75a60608",2026-08-13 08:30:03.586,2026-08-13 08:30:03.783,2026-08-13 08:30:03.783,2026-08-13
"529","VuuN8p6PMX","MOOSPMv3Parser",1786609800,2,2,2,3,3,2,2,3,3,2,602,146,47806,25,17,1,17,17,23,26,17,0,28,25,30,38,464.632,5,10,36.138908,-120.368263,183.227005,7,600,58,3,"e00fce6850cac69f647dc199",2026-08-13 08:30:04.409,2026-08-13 08:30:04.588,2026-08-13 08:30:04.588,2026-08-13
"530","RpPn0V9lZ1","MOOSPMv3Parser",1786609801,3,3,2,5,5,3,3,5,5,3,784,212,64910,34,19,2,19,20,23,35,20,0,24,25,45,43,16.343,145,2,35.949566,-119.049904,114.212997,8,600,58,3,"e00fce6808784ceaf209f949",2026-08-13 08:30:04.417,2026-08-13 08:30:04.636,2026-08-13 08:30:04.636,2026-08-13
"531","lCYqHcUTxs","MOOSPMv3Parser",1786609801,26,23,20,39,35,21,21,41,41,21,4343,1353,9965,240,154,19,155,155,0,0,155,0,24,26,47,47,17.403,90,1,36.433674,-119.923325,57.391998,6,600,58,3,"e00fce6876826e255108c6bd",2026-08-13 08:30:04.97,2026-08-13 08:30:05.189,2026-08-13 08:30:05.189,2026-08-13
"532","4xJ5yOZOG5","MOOSPMv3Parser",1786610401,0,0,2,0,0,2,2,0,0,2,230,147,43111,23,18,2,18,18,23,33,18,0,25,26,35,36,24.57,5,14,36.139114,-120.368324,192.496994,12,600,58,3,"e00fce68d6b773b56ce8baa0",2026-08-13 08:40:02.116,2026-08-13 08:40:02.31,2026-08-13 08:40:02.31,2026-08-13
"533","h4zGyUN32n","MOOSPMv3Parser",1786610400,0,0,1,0,0,1,1,0,0,1,193,108,4272,16,9,1,9,9,24,33,9,0,25,26,34,34,33.082,18,5,36.13913,-120.36834,185.546005,8,600,58,3,"e00fce686dc2ef0a68fa40b0",2026-08-13 08:40:02.775,2026-08-13 08:40:02.962,2026-08-13 08:40:02.962,2026-08-13
"534","ijhAtImHzW","MOOSPMv3Parser",1786610401,3,3,3,5,5,3,3,5,5,3,738,211,63821,34,25,2,25,25,23,31,25,0,24,26,44,42,23.541,43,3277,3.1e-05,0.002265,33216.242188,6,600,58,3,"e00fce68e28dcbc9a589be10",2026-08-13 08:40:02.864,2026-08-13 08:40:03.058,2026-08-13 08:40:03.058,2026-08-13
"535","3YpimKWLNk","MOOSPMv3Parser",1786610400,3,3,0,5,5,0,0,5,5,0,735,184,0,34,0,3,0,0,24,29,0,2,26,26,39,40,21.889,54,97,36.187454,-119.821877,32.924999,8,599,58,3,"e00fce68e739ecbcf9e91965",2026-08-13 08:40:03.182,2026-08-13 08:40:03.518,2026-08-13 08:40:03.518,2026-08-13
"536","SAdvERmc5v","MOOSPMv3Parser",1786610401,6,6,5,9,9,5,5,9,9,5,1280,358,105802,56,41,3,41,41,22,52,41,0,23,25,56,52,9.601,131,2,36.523293,-119.27877,57.308998,6,599,58,3,"e00fce68f12da1a0c5de6248",2026-08-13 08:40:03.483,2026-08-13 08:40:03.714,2026-08-13 08:40:03.714,2026-08-13
"537","BBwRU98uN8","MOOSPMv3Parser",1786610401,19,18,15,27,27,16,16,28,28,16,3632,939,105354,169,117,10,118,118,22,51,118,0,24,25,50,51,20.583,134,2,36.762711,-119.798767,62.084,0,600,58,3,"e00fce68e88237db75a60608",2026-08-13 08:40:03.564,2026-08-13 08:40:03.767,2026-08-13 08:40:03.767,2026-08-13
"538","zj0eFOCLlz","MOOSPMv3Parser",1786610401,3,3,2,5,5,3,3,5,5,3,771,211,64927,33,19,2,19,19,23,36,19,0,24,25,46,44,15.737,145,2,35.949585,-119.050003,114.361,7,600,58,3,"e00fce6808784ceaf209f949",2026-08-13 08:40:04.416,2026-08-13 08:40:04.633,2026-08-13 08:40:04.633,2026-08-13
"539","emHz6cPd8r","MOOSPMv3Parser",1786610400,2,2,2,3,3,2,2,3,3,2,591,142,47821,22,17,1,17,17,23,25,17,0,28,25,29,36,220.607,6,11,36.138973,-120.368446,163.714005,6,600,58,3,"e00fce6850cac69f647dc199",2026-08-13 08:40:04.828,2026-08-13 08:40:05.013,2026-08-13 08:40:05.013,2026-08-13
"540","kEaScYOq7o","MOOSPMv3Parser",1786610401,25,23,19,38,35,20,20,40,40,20,4202,1304,10098,242,152,18,153,153,0,0,153,0,24,26,50,49,13.183,90,1,36.433567,-119.923401,15.642,8,600,58,3,"e00fce6876826e255108c6bd",2026-08-13 08:40:04.934,2026-08-13 08:40:05.116,2026-08-13 08:40:05.116,2026-08-13
"541","jpF3NxHAs5","MOOSPMv3Parser",1786611000,0,0,1,0,0,1,1,0,0,1,193,107,4279,15,9,1,9,9,24,32,9,0,25,26,33,32,34.521,13,5,36.139046,-120.368347,195.259003,9,600,58,3,"e00fce686dc2ef0a68fa40b0",2026-08-13 08:50:01.948,2026-08-13 08:50:02.102,2026-08-13 08:50:02.102,2026-08-13
"542","dFiLIo3wP6","MOOSPMv3Parser",1786611001,0,0,2,0,0,2,2,0,0,2,225,144,43125,21,17,2,17,17,23,32,17,0,25,26,33,34,25.221,3,15,36.139061,-120.368393,174.559998,7,600,58,3,"e00fce68d6b773b56ce8baa0",2026-08-13 08:50:02.421,2026-08-13 08:50:02.661,2026-08-13 08:50:02.661,2026-08-13
"543","VHkb7NpZGU","MOOSPMv3Parser",1786611001,3,3,3,5,5,3,3,5,5,3,680,194,63842,36,24,2,24,24,23,30,24,1,24,25,42,41,24.005,44,3277,3.1e-05,0.002265,33216.242188,6,600,58,3,"e00fce68e28dcbc9a589be10",2026-08-13 08:50:02.783,2026-08-13 08:50:02.956,2026-08-13 08:50:02.956,2026-08-13
"544","4T84iGc2q4","MOOSPMv3Parser",1786611001,37,29,17,52,42,18,18,55,51,18,7365,1838,3382,294,133,23,134,134,22,40,134,0,22,23,49,50,20.54,414,2,36.503075,-120.325424,61.173,6,597,58,3,"e00fce68e77e43df92405fdb",2026-08-13 08:50:02.917,2026-08-13 08:50:03.174,2026-08-13 08:50:03.174,2026-08-13
"545","i1LziTnEqW","MOOSPMv3Parser",1786611000,3,3,0,4,4,0,0,5,5,0,717,183,0,30,0,2,0,0,24,29,0,2,25,26,39,40,22.611,38,106,36.18758,-119.822014,39.902,9,599,58,3,"e00fce68e739ecbcf9e91965",2026-08-13 08:50:03.285,2026-08-13 08:50:03.459,2026-08-13 08:50:03.459,2026-08-13
"546","2UqUsoPS0L","MOOSPMv3Parser",1786611001,17,17,14,27,27,14,14,28,28,14,3489,894,105448,170,107,14,107,107,22,51,107,0,25,24,49,51,21.994,98,2,36.76268,-119.798729,61.611,11,600,58,3,"e00fce68e88237db75a60608",2026-08-13 08:50:03.72,2026-08-13 08:50:03.896,2026-08-13 08:50:03.896,2026-08-13
"547","WFvojepUGq","MOOSPMv3Parser",1786611000,2,2,2,3,3,2,2,3,3,2,585,143,47836,24,18,2,18,18,23,24,18,0,28,25,28,35,513.227,5,11,36.138954,-120.368416,167.776001,5,600,58,3,"e00fce6850cac69f647dc199",2026-08-13 08:50:03.912,2026-08-13 08:50:04.083,2026-08-13 08:50:04.083,2026-08-13
"548","5iCpj9zDJW","MOOSPMv3Parser",1786611001,3,3,3,5,5,3,3,6,6,3,812,221,64945,36,21,3,22,22,22,37,22,0,24,25,46,44,14.732,183,2,35.949665,-119.049881,112.287003,7,600,58,3,"e00fce6808784ceaf209f949",2026-08-13 08:50:04.644,2026-08-13 08:50:04.862,2026-08-13 08:50:04.862,2026-08-13
"549","1Dbc012IlZ","MOOSPMv3Parser",1786611001,23,22,18,36,33,19,19,38,38,19,3887,1211,10222,228,143,22,143,143,0,0,143,0,24,25,51,49,13.371,90,1,36.433544,-119.923355,33.890999,7,600,58,3,"e00fce6876826e255108c6bd",2026-08-13 08:50:04.984,2026-08-13 08:50:05.181,2026-08-13 08:50:05.181,2026-08-13
"550","CAvJltcsoe","MOOSPMv3Parser",1786611600,5,5,5,7,7,5,5,8,8,5,1105,308,105868,48,36,2,36,36,22,52,36,0,23,25,56,52,9.711,104,2,36.5233,-119.278885,96.083,6,599,58,3,"e00fce68f12da1a0c5de6248",2026-08-13 09:00:02.344,2026-08-13 09:00:02.853,2026-08-13 09:00:02.853,2026-08-13
"551","myVPRJXt4a","MOOSPMv3Parser",1786611601,0,0,2,0,0,2,2,0,0,2,222,138,43138,21,16,2,16,16,23,32,16,0,26,26,32,34,26.734,2,16,36.138962,-120.368431,183.389999,5,600,58,3,"e00fce68d6b773b56ce8baa0",2026-08-13 09:00:02.254,2026-08-13 09:00:02.986,2026-08-13 09:00:02.986,2026-08-13
"552","kkrmFvcq6Y","MOOSPMv3Parser",1786611600,3,3,0,4,4,0,0,5,5,0,718,177,0,31,0,2,0,0,24,30,0,2,25,26,39,40,22.444,60,110,36.187511,-119.822044,30.118999,8,599,58,3,"e00fce68e739ecbcf9e91965",2026-08-13 09:00:03.136,2026-08-13 09:00:03.844,2026-08-13 09:00:03.844,2026-08-13
"553","hKc7reEBIH","MOOSPMv3Parser",1786611601,3,3,3,5,5,3,3,5,5,3,701,200,63863,34,25,2,25,25,23,30,25,0,24,25,42,41,23.545,51,3277,3.1e-05,0.002265,33216.242188,6,600,58,3,"e00fce68e28dcbc9a589be10",2026-08-13 09:00:02.82,2026-08-13 09:00:03.963,2026-08-13 09:00:03.963,2026-08-13
"554","oSr6nbrk4W","MOOSPMv3Parser",1786611601,16,16,13,24,24,14,14,25,25,14,3214,822,105538,152,103,11,104,104,22,51,104,0,25,24,49,51,21.784,99,2,36.762718,-119.798805,59.735001,9,600,58,3,"e00fce68e88237db75a60608",2026-08-13 09:00:03.559,2026-08-13 09:00:04.176,2026-08-13 09:00:04.176,2026-08-13
"555","CqrIqk3RWx","MOOSPMv3Parser",1786611601,35,28,16,50,41,17,17,52,49,17,7099,1760,3474,284,125,21,126,126,21,41,126,0,22,23,51,50,16.029,450,1,36.503075,-120.325424,61.173,0,600,58,3,"e00fce68e77e43df92405fdb",2026-08-13 09:00:03.094,2026-08-13 09:00:04.33,2026-08-13 09:00:04.33,2026-08-13
"556","IYRkMKKyRH","MOOSPMv3Parser",1786611600,2,2,2,3,3,2,2,3,3,2,520,129,47850,19,17,1,17,17,23,23,17,0,29,25,27,34,513.139,4,11,36.138954,-120.368416,167.774994,0,600,58,3,"e00fce6850cac69f647dc199",2026-08-13 09:00:04.055,2026-08-13 09:00:04.579,2026-08-13 09:00:04.579,2026-08-13
"557","uYYOOpHagj","MOOSPMv3Parser",1786611601,0,0,1,0,0,1,1,0,0,1,183,100,4279,13,8,1,8,8,24,31,8,0,25,26,32,32,36.523,8,5,36.138901,-120.368408,163.259003,9,601,58,3,"e00fce686dc2ef0a68fa40b0",2026-08-13 09:00:03.62,2026-08-13 09:00:04.648,2026-08-13 09:00:04.648,2026-08-13
"558","mypc9j3E9V","MOOSPMv3Parser",1786611601,3,3,3,5,5,3,3,5,5,3,785,212,64962,34,20,2,21,21,22,38,21,0,23,25,48,46,13.556,212,2,35.94968,-119.049797,130.977005,8,600,58,3,"e00fce6808784ceaf209f949",2026-08-13 09:00:04.67,2026-08-13 09:00:05.012,2026-08-13 09:00:05.012,2026-08-13
"559","VvwlIwsKsC","MOOSPMv3Parser",1786611601,23,21,18,34,32,19,19,36,36,19,3797,1181,10343,218,139,16,140,140,0,0,140,0,23,25,53,51,13.692,90,1,36.433556,-119.923416,14.176,8,600,58,3,"e00fce6876826e255108c6bd",2026-08-13 09:00:05.013,2026-08-13 09:00:05.313,2026-08-13 09:00:05.313,2026-08-13
"560","XLxrGu1xLn","MOOSPMv3Parser",1786612200,5,5,4,7,7,5,5,8,8,5,1092,303,105722,42,35,2,35,35,22,53,35,0,23,24,55,52,9.196,105,2,36.523285,-119.278786,74.987999,6,600,58,3,"e00fce68f12da1a0c5de6248",2026-08-13 09:10:02.432,2026-08-13 09:10:02.64,2026-08-13 09:10:02.64,2026-08-13
"561","DSFpdji1oU","MOOSPMv3Parser",1786612201,0,0,2,0,0,2,2,0,0,2,216,134,43151,20,16,2,16,16,24,32,16,0,25,26,33,34,26.65,1,18,36.138977,-120.368462,161.921997,5,600,58,3,"e00fce68d6b773b56ce8baa0",2026-08-13 09:10:02.498,2026-08-13 09:10:02.732,2026-08-13 09:10:02.732,2026-08-13
"562","1RccDxcKwj","MOOSPMv3Parser",1786612201,3,3,3,5,5,3,3,5,5,3,718,203,63885,39,25,3,25,25,23,31,25,0,24,25,43,41,23.296,63,3277,3.1e-05,0.002265,33216.242188,6,600,58,3,"e00fce68e28dcbc9a589be10",2026-08-13 09:10:02.828,2026-08-13 09:10:03.054,2026-08-13 09:10:03.054,2026-08-13
"563","Oam0Fgkww8","MOOSPMv3Parser",1786612201,38,29,17,53,43,18,18,56,51,18,7496,1891,3591,301,134,23,135,135,21,42,135,0,22,22,52,51,17.825,443,1,36.503139,-120.325401,53.358002,8,600,58,3,"e00fce68e77e43df92405fdb",2026-08-13 09:10:02.898,2026-08-13 09:10:03.097,2026-08-13 09:10:03.097,2026-08-13
"564","VaTl3Yo83X","MOOSPMv3Parser",1786612200,3,3,0,5,5,0,0,5,5,0,741,190,0,35,0,3,0,0,23,30,0,2,25,26,39,40,22.489,63,104,36.187439,-119.822014,22.002001,8,599,58,3,"e00fce68e739ecbcf9e91965",2026-08-13 09:10:03.208,2026-08-13 09:10:03.412,2026-08-13 09:10:03.412,2026-08-13
"565","6153oP0vEj","MOOSPMv3Parser",1786612201,16,16,13,25,25,13,13,25,25,13,3285,831,105626,152,101,13,101,101,22,51,101,0,25,24,49,51,21.663,92,2,36.762711,-119.798798,54.591,10,600,58,3,"e00fce68e88237db75a60608",2026-08-13 09:10:03.587,2026-08-13 09:10:03.724,2026-08-13 09:10:03.724,2026-08-13
"566","HpCoxDaqG3","MOOSPMv3Parser",1786612201,0,0,1,0,0,1,1,0,0,1,185,100,4292,15,7,1,7,7,24,31,7,0,25,26,32,32,36.846,7,5,36.139015,-120.368462,145.720001,8,600,58,3,"e00fce686dc2ef0a68fa40b0",2026-08-13 09:10:03.8,2026-08-13 09:10:03.949,2026-08-13 09:10:03.949,2026-08-13
"567","0AiEvG0hg8","MOOSPMv3Parser",1786612200,2,2,2,3,3,2,2,3,3,2,543,133,47865,21,16,2,16,16,23,23,16,0,29,25,27,34,513.27,3,13,36.139008,-120.36837,168.259995,9,600,58,3,"e00fce6850cac69f647dc199",2026-08-13 09:10:04.358,2026-08-13 09:10:04.517,2026-08-13 09:10:04.517,2026-08-13
"568","FmPZZr8LY1","MOOSPMv3Parser",1786612201,4,4,3,6,6,3,3,6,6,3,837,230,64980,36,21,3,21,21,22,40,21,1,23,24,50,47,11.974,235,1,35.949615,-119.04998,116.358002,8,600,58,3,"e00fce6808784ceaf209f949",2026-08-13 09:10:04.416,2026-08-13 09:10:04.582,2026-08-13 09:10:04.582,2026-08-13
"569","GQtFqBS5gf","MOOSPMv3Parser",1786612201,23,21,17,35,33,18,18,37,37,18,3833,1194,10462,218,137,17,137,137,0,0,137,0,23,25,54,52,14.504,90,1,36.433643,-119.923363,35.063,5,600,58,3,"e00fce6876826e255108c6bd",2026-08-13 09:10:05.063,2026-08-13 09:10:05.249,2026-08-13 09:10:05.249,2026-08-13
"570","5r7TMzrj09","MOOSPMv3Parser",1786612801,0,0,2,0,0,2,2,0,0,2,216,136,43164,20,14,2,14,14,23,32,14,0,25,26,33,34,25.823,1,18,36.13903,-120.368393,162.468994,6,600,58,3,"e00fce68d6b773b56ce8baa0",2026-08-13 09:20:02.347,2026-08-13 09:20:02.514,2026-08-13 09:20:02.514,2026-08-13
"571","oWmsfAHFAB","MOOSPMv3Parser",1786612800,6,6,5,8,8,5,5,9,9,5,1164,324,105755,52,37,3,38,38,22,54,38,0,23,24,57,53,9.229,102,2,36.523312,-119.278816,88.563004,5,600,58,3,"e00fce68f12da1a0c5de6248",2026-08-13 09:20:02.407,2026-08-13 09:20:02.683,2026-08-13 09:20:02.683,2026-08-13
"572","aXbzQjK4if","MOOSPMv3Parser",1786612801,3,3,3,5,5,3,3,5,5,3,738,210,63906,36,25,2,25,25,23,31,25,0,24,25,43,41,22.95,64,3277,3.1e-05,0.002265,33216.242188,6,600,58,3,"e00fce68e28dcbc9a589be10",2026-08-13 09:20:02.817,2026-08-13 09:20:02.975,2026-08-13 09:20:02.975,2026-08-13
"573","GyBDSKzTaZ","MOOSPMv3Parser",1786612800,0,0,1,0,0,1,1,0,0,1,181,98,4306,12,8,1,8,8,24,31,8,0,25,26,33,32,35.688,8,5,36.139015,-120.368462,145.722,0,599,58,3,"e00fce686dc2ef0a68fa40b0",2026-08-13 09:20:02.9,2026-08-13 09:20:03.101,2026-08-13 09:20:03.101,2026-08-13
"574","gQDPwJxMNY","MOOSPMv3Parser",1786612801,0,0,1,0,0,1,1,0,0,1,80,70,2579290,14,9,0,9,9,24,31,9,0,25,26,33,32,36.197,8,5,36.139015,-120.368462,145.722,0,1,58,3,"e00fce686dc2ef0a68fa40b0",2026-08-13 09:20:02.901,2026-08-13 09:20:03.109,2026-08-13 09:20:03.109,2026-08-13
"575","pUtHGZXviV","MOOSPMv3Parser",1786612801,40,30,18,56,44,19,19,58,53,19,7769,1967,3711,315,138,22,139,139,21,42,139,0,21,22,51,51,18.086,429,1,36.503159,-120.325424,64.051003,6,600,58,3,"e00fce68e77e43df92405fdb",2026-08-13 09:20:02.913,2026-08-13 09:20:03.131,2026-08-13 09:20:03.131,2026-08-13
"576","qSKFTzqijC","MOOSPMv3Parser",1786612800,3,3,0,4,4,0,0,5,5,0,739,184,0,33,0,2,0,0,23,30,0,2,25,25,40,41,21.879,56,113,36.187439,-119.822075,17.979,8,599,58,3,"e00fce68e739ecbcf9e91965",2026-08-13 09:20:03.135,2026-08-13 09:20:03.371,2026-08-13 09:20:03.371,2026-08-13
"577","UWgkBKiOzV","MOOSPMv3Parser",1786612801,16,16,13,24,24,14,14,26,26,14,3266,829,105715,158,102,13,102,102,22,51,102,0,24,24,50,51,20.517,116,2,36.762707,-119.798798,56.134998,9,600,58,3,"e00fce68e88237db75a60608",2026-08-13 09:20:03.643,2026-08-13 09:20:03.841,2026-08-13 09:20:03.841,2026-08-13
"578","EW1IR0M9Tg","MOOSPMv3Parser",1786612801,4,4,3,6,6,4,4,7,7,4,908,245,65000,42,24,3,25,25,22,42,25,1,23,24,50,47,11.171,251,1,35.949615,-119.04998,116.357002,0,600,58,3,"e00fce6808784ceaf209f949",2026-08-13 09:20:04.663,2026-08-13 09:20:04.82,2026-08-13 09:20:04.82,2026-08-13
"579","Vood8Co0DQ","MOOSPMv3Parser",1786612800,1,1,2,2,2,2,2,3,3,2,516,122,47878,21,16,1,16,16,23,23,16,0,29,25,27,34,513.291,4,13,36.138969,-120.368431,146.091995,8,600,58,3,"e00fce6850cac69f647dc199",2026-08-13 09:20:04.659,2026-08-13 09:20:04.829,2026-08-13 09:20:04.829,2026-08-13
"580","IWu8eShWu2","MOOSPMv3Parser",1786612801,23,21,17,34,32,18,18,37,37,18,3820,1188,10580,212,135,18,135,135,0,0,135,0,23,25,54,52,15.601,90,1,36.433727,-119.923409,17.334999,7,600,58,3,"e00fce6876826e255108c6bd",2026-08-13 09:20:05.003,2026-08-13 09:20:05.162,2026-08-13 09:20:05.162,2026-08-13
"581","VLSyWyV3PU","MOOSPMv3Parser",1786613400,0,0,1,0,0,1,1,0,0,1,184,98,4312,13,7,1,7,7,24,32,7,0,25,26,33,32,35.726,10,5,36.139072,-120.368492,147.582993,6,599,58,3,"e00fce686dc2ef0a68fa40b0",2026-08-13 09:30:01.934,2026-08-13 09:30:02.094,2026-08-13 09:30:02.094,2026-08-13
"582","0tQgSQ62hz","MOOSPMv3Parser",1786613401,0,0,2,0,0,2,2,0,0,2,216,134,43177,21,16,2,16,16,23,32,16,0,25,26,34,34,25.442,2,18,36.138992,-120.368347,185.574997,7,600,58,3,"e00fce68d6b773b56ce8baa0",2026-08-13 09:30:02.194,2026-08-13 09:30:02.373,2026-08-13 09:30:02.373,2026-08-13
"583","ZWXdNdoMl7","MOOSPMv3Parser",1786613401,0,0,1,0,0,1,1,0,0,1,238,102,2582911,19,8,1,8,8,24,32,8,0,25,26,33,32,35.433,10,5,36.139072,-120.368492,147.582993,6,1,58,3,"e00fce686dc2ef0a68fa40b0",2026-08-13 09:30:02.726,2026-08-13 09:30:02.98,2026-08-13 09:30:02.98,2026-08-13
"584","NkxWGJiWzt","MOOSPMv3Parser",1786613400,6,6,5,9,9,6,6,10,10,6,1285,358,105792,57,42,3,42,42,22,55,42,0,23,24,57,54,9.625,110,2,36.52317,-119.278755,105.301003,5,600,58,3,"e00fce68f12da1a0c5de6248",2026-08-13 09:30:02.648,2026-08-13 09:30:03.019,2026-08-13 09:30:03.019,2026-08-13
"585","Q3Tteoutkx","MOOSPMv3Parser",1786613401,3,3,3,5,5,3,3,5,5,3,708,200,63927,35,24,2,24,24,23,31,24,1,23,25,43,42,21.222,92,3277,3.1e-05,0.002265,33216.242188,6,600,58,3,"e00fce68e28dcbc9a589be10",2026-08-13 09:30:02.817,2026-08-13 09:30:03.124,2026-08-13 09:30:03.124,2026-08-13
"586","sbTbrwMxHi","MOOSPMv3Parser",1786613400,3,3,0,4,4,0,0,4,4,0,739,184,0,30,0,2,0,0,23,30,0,2,25,25,39,41,21.373,77,99,36.1875,-119.822098,27.305,8,599,58,3,"e00fce68e739ecbcf9e91965",2026-08-13 09:30:03.126,2026-08-13 09:30:03.323,2026-08-13 09:30:03.323,2026-08-13
"587","U6LhIO7Nfc","MOOSPMv3Parser",1786613401,40,30,18,55,44,18,18,58,53,18,7765,1967,3831,310,138,22,138,138,20,42,138,0,21,22,52,52,16.31,438,1,36.503086,-120.325439,65.973,5,600,58,3,"e00fce68e77e43df92405fdb",2026-08-13 09:30:03.308,2026-08-13 09:30:03.514,2026-08-13 09:30:03.514,2026-08-13
"588","VT1UdBbWkk","MOOSPMv3Parser",1786613401,15,15,12,23,23,13,13,23,23,13,3077,785,105801,140,98,10,98,98,22,52,98,0,24,24,50,51,20.891,111,2,36.762718,-119.798782,54.578999,11,600,58,3,"e00fce68e88237db75a60608",2026-08-13 09:30:03.659,2026-08-13 09:30:03.847,2026-08-13 09:30:03.847,2026-08-13
"589","lWRBKbPs3i","MOOSPMv3Parser",1786613400,1,1,2,2,2,2,2,3,3,2,501,121,47891,19,15,1,15,15,23,23,15,0,29,25,27,35,513.171,5,13,36.139023,-120.368431,194.410995,6,600,58,3,"e00fce6850cac69f647dc199",2026-08-13 09:30:03.781,2026-08-13 09:30:03.975,2026-08-13 09:30:03.975,2026-08-13
"590","j6evWTy2Sg","MOOSPMv3Parser",1786613401,4,4,3,6,6,3,3,6,6,3,912,248,65017,38,20,2,20,20,22,44,20,0,23,24,52,49,10.861,249,1,35.949738,-119.049957,121.551003,8,600,58,3,"e00fce6808784ceaf209f949",2026-08-13 09:30:04.62,2026-08-13 09:30:04.819,2026-08-13 09:30:04.819,2026-08-13
"591","z6k6Cs3beN","MOOSPMv3Parser",1786613401,24,22,18,36,33,19,19,38,38,19,3952,1231,10703,219,142,20,143,143,0,0,143,0,23,24,54,52,14.034,144,1,36.433609,-119.92337,39.082001,7,600,58,3,"e00fce6876826e255108c6bd",2026-08-13 09:30:04.991,2026-08-13 09:30:05.215,2026-08-13 09:30:05.215,2026-08-13
"592","79vwPEIiWb","MOOSPMv3Parser",1786614000,0,0,1,0,0,1,1,0,0,1,185,102,4319,13,8,1,8,8,24,32,8,0,25,26,33,32,35.525,10,5,36.138912,-120.368385,166.725006,8,599,58,3,"e00fce686dc2ef0a68fa40b0",2026-08-13 09:40:02.181,2026-08-13 09:40:02.342,2026-08-13 09:40:02.342,2026-08-13
"593","6pdWkeNoGJ","MOOSPMv3Parser",1786614001,0,0,2,0,0,2,2,0,0,2,215,134,43189,19,15,2,15,15,23,32,15,0,25,26,33,34,26.106,2,18,36.139019,-120.368401,181.050995,6,600,58,3,"e00fce68d6b773b56ce8baa0",2026-08-13 09:40:02.187,2026-08-13 09:40:02.409,2026-08-13 09:40:02.409,2026-08-13
"594","L99D0niJVD","MOOSPMv3Parser",1786614000,7,7,6,10,10,6,6,11,11,6,1388,389,105834,61,48,3,48,48,22,56,48,0,22,24,59,54,9.535,118,2,36.523216,-119.278755,72.042999,5,600,58,3,"e00fce68f12da1a0c5de6248",2026-08-13 09:40:02.344,2026-08-13 09:40:02.578,2026-08-13 09:40:02.578,2026-08-13
"595","HaM2w9fujn","MOOSPMv3Parser",1786614001,3,3,3,5,5,4,4,6,6,4,750,214,63950,38,26,3,26,27,23,31,27,1,23,25,43,41,18.654,145,3277,3.1e-05,0.002265,33216.242188,6,600,58,3,"e00fce68e28dcbc9a589be10",2026-08-13 09:40:02.892,2026-08-13 09:40:03.045,2026-08-13 09:40:03.045,2026-08-13
"596","ivTOHBTZ0T","MOOSPMv3Parser",1786614000,3,3,0,4,4,0,0,5,5,0,704,175,0,32,0,3,0,0,23,30,0,2,25,25,38,41,22.812,31,116,36.1875,-119.822098,27.302,0,600,58,3,"e00fce68e739ecbcf9e91965",2026-08-13 09:40:03.192,2026-08-13 09:40:03.412,2026-08-13 09:40:03.412,2026-08-13
"597","4w28AzIXpS","MOOSPMv3Parser",1786614001,40,30,17,55,43,18,18,58,53,18,7746,1965,3949,311,136,22,136,136,20,44,136,0,21,22,53,53,15.27,451,1,36.503132,-120.325348,58.763,7,600,58,3,"e00fce68e77e43df92405fdb",2026-08-13 09:40:03.262,2026-08-13 09:40:03.421,2026-08-13 09:40:03.421,2026-08-13
"598","Ao0tyyVq85","MOOSPMv3Parser",1786614001,15,15,12,21,21,12,12,22,22,12,2976,746,105881,133,91,9,91,91,22,52,91,0,24,24,50,52,21.323,97,2,36.762741,-119.798706,59.231998,7,600,58,3,"e00fce68e88237db75a60608",2026-08-13 09:40:03.724,2026-08-13 09:40:03.93,2026-08-13 09:40:03.93,2026-08-13
"599","JVGcGSgakq","MOOSPMv3Parser",1786614000,1,1,2,2,2,2,2,3,3,2,490,119,47904,21,15,1,15,15,23,23,15,0,29,25,27,34,513.076,5,13,36.13892,-120.368286,203.264999,7,600,58,3,"e00fce6850cac69f647dc199",2026-08-13 09:40:04.035,2026-08-13 09:40:04.24,2026-08-13 09:40:04.24,2026-08-13
"600","diFW6MFCJu","MOOSPMv3Parser",1786614001,4,4,3,6,6,3,3,6,6,3,904,249,65035,39,21,2,21,21,21,43,21,0,23,24,51,49,10.131,239,1,35.949856,-119.049973,145.886993,6,600,58,3,"e00fce6808784ceaf209f949",2026-08-13 09:40:04.655,2026-08-13 09:40:04.826,2026-08-13 09:40:04.826,2026-08-13
"601","CduRcvCvWV","MOOSPMv3Parser",1786614001,23,21,17,34,32,18,18,37,37,18,3800,1178,10822,214,136,19,137,137,0,0,137,0,23,24,51,51,16.055,91,1,36.433609,-119.92337,39.082001,0,600,58,3,"e00fce6876826e255108c6bd",2026-08-13 09:40:05.071,2026-08-13 09:40:05.28,2026-08-13 09:40:05.28,2026-08-13
"602","17XvAkwSt4","MOOSPMv3Parser",1786614600,10,10,8,14,14,9,9,15,15,9,1784,507,105891,84,65,5,65,65,22,57,65,0,22,24,59,55,10.64,129,2,36.523312,-119.278778,89.336998,5,600,58,3,"e00fce68f12da1a0c5de6248",2026-08-13 09:50:02.504,2026-08-13 09:50:02.721,2026-08-13 09:50:02.721,2026-08-13
"603","JLY1JVBcBJ","MOOSPMv3Parser",1786614601,0,0,2,0,0,2,2,0,0,2,209,129,43201,19,14,2,14,14,23,31,14,0,25,26,32,32,26.431,2,18,36.139019,-120.368401,181.054001,0,600,58,3,"e00fce68d6b773b56ce8baa0",2026-08-13 09:50:02.667,2026-08-13 09:50:02.903,2026-08-13 09:50:02.903,2026-08-13
"604","QXGI9Mo4d9","MOOSPMv3Parser",1786614601,3,3,3,5,5,3,3,5,5,3,677,190,63970,36,24,3,24,24,23,31,24,1,23,25,43,42,20.942,106,3277,3.1e-05,0.002265,33216.242188,6,600,58,3,"e00fce68e28dcbc9a589be10",2026-08-13 09:50:02.81,2026-08-13 09:50:03.052,2026-08-13 09:50:03.052,2026-08-13
"605","7nWwx9956Q","MOOSPMv3Parser",1786614600,3,3,0,5,5,0,0,5,5,0,724,181,0,33,0,2,0,0,23,30,0,2,25,25,40,41,20.325,92,112,36.187527,-119.822052,32.264999,7,599,58,3,"e00fce68e739ecbcf9e91965",2026-08-13 09:50:03.279,2026-08-13 09:50:03.471,2026-08-13 09:50:03.471,2026-08-13
"606","BtKb8tDLFy","MOOSPMv3Parser",1786614601,36,28,16,51,41,16,16,53,50,16,7147,1805,4056,287,122,21,123,123,20,46,123,0,21,21,55,55,16.177,444,1,36.503269,-120.325378,67.999001,8,600,58,3,"e00fce68e77e43df92405fdb",2026-08-13 09:50:03.314,2026-08-13 09:50:03.484,2026-08-13 09:50:03.484,2026-08-13
"607","iSzriYVKwa","MOOSPMv3Parser",1786614601,14,14,11,21,21,12,12,22,22,12,2876,723,105958,133,88,10,88,88,22,52,88,0,24,24,50,52,21.205,99,2,36.762756,-119.798737,44.069,6,600,58,3,"e00fce68e88237db75a60608",2026-08-13 09:50:03.506,2026-08-13 09:50:03.71,2026-08-13 09:50:03.71,2026-08-13
"608","rhiObWEUDY","MOOSPMv3Parser",1786614601,0,0,1,0,0,1,1,0,0,1,178,93,4310,12,6,1,7,7,24,31,7,0,25,26,31,31,36.113,9,5,36.13916,-120.368477,163.429993,7,601,58,3,"e00fce686dc2ef0a68fa40b0",2026-08-13 09:50:03.704,2026-08-13 09:50:03.854,2026-08-13 09:50:03.854,2026-08-13
"609","tlREUclZ0e","MOOSPMv3Parser",1786614600,1,1,2,3,3,2,2,3,3,2,509,123,47917,19,14,1,14,14,23,22,14,0,29,25,26,33,513.16,5,13,36.138973,-120.368423,183.996994,6,600,58,3,"e00fce6850cac69f647dc199",2026-08-13 09:50:04.681,2026-08-13 09:50:04.842,2026-08-13 09:50:04.842,2026-08-13
"610","VgqBszGX5z","MOOSPMv3Parser",1786614601,4,4,3,5,5,3,3,6,6,3,867,238,65053,34,21,2,21,21,21,42,21,0,23,24,49,48,12.429,211,1,35.949631,-119.049927,116.464996,5,600,58,3,"e00fce6808784ceaf209f949",2026-08-13 09:50:04.816,2026-08-13 09:50:05.004,2026-08-13 09:50:05.004,2026-08-13
"611","HQTrGO0pmx","MOOSPMv3Parser",1786614601,24,22,18,36,33,19,19,39,39,19,3961,1230,10945,233,141,19,141,141,1,0,141,0,23,24,51,51,13.869,90,1,36.433731,-119.923393,20.888,6,600,58,3,"e00fce6876826e255108c6bd",2026-08-13 09:50:05.003,2026-08-13 09:50:05.16,2026-08-13 09:50:05.16,2026-08-13
"612","etzB9BUgtY","MOOSPMv3Parser",1786615200,10,10,10,15,15,10,10,16,16,10,1923,544,105957,98,76,5,76,76,21,57,76,0,22,24,61,55,10.694,147,2,36.523312,-119.278778,89.339996,0,600,58,3,"e00fce68f12da1a0c5de6248",2026-08-13 10:00:02.353,2026-08-13 10:00:02.797,2026-08-13 10:00:02.797,2026-08-13
"613","D0n6tNhB37","MOOSPMv3Parser",1786615201,0,0,2,0,0,2,2,0,0,2,208,125,43212,17,13,2,13,13,23,31,13,0,25,26,31,32,26.467,2,19,36.139027,-120.368462,170.804993,10,600,58,3,"e00fce68d6b773b56ce8baa0",2026-08-13 10:00:02.337,2026-08-13 10:00:02.929,2026-08-13 10:00:02.929,2026-08-13
"614","72VkWazMYr","MOOSPMv3Parser",1786615200,0,0,1,0,0,1,1,0,0,1,174,91,4330,11,8,1,8,8,24,30,8,0,25,26,31,30,36.406,9,5,36.138996,-120.368301,192.410004,7,599,58,3,"e00fce686dc2ef0a68fa40b0",2026-08-13 10:00:02.82,2026-08-13 10:00:03.711,2026-08-13 10:00:03.711,2026-08-13
"615","wGg9dSNWwv","MOOSPMv3Parser",1786615201,3,3,3,5,5,3,3,5,5,3,717,203,63992,34,24,2,24,24,22,31,24,1,23,25,43,42,20.077,131,3277,3.1e-05,0.002265,33216.242188,6,600,58,3,"e00fce68e28dcbc9a589be10",2026-08-13 10:00:02.817,2026-08-13 10:00:03.715,2026-08-13 10:00:03.715,2026-08-13
"616","WZjoC0ak88","MOOSPMv3Parser",1786615200,3,3,0,4,4,0,0,5,5,0,714,176,0,30,0,2,0,0,23,31,0,2,24,25,40,42,20.055,108,95,36.187473,-119.822021,37.588001,7,599,58,3,"e00fce68e739ecbcf9e91965",2026-08-13 10:00:03.288,2026-08-13 10:00:03.757,2026-08-13 10:00:03.757,2026-08-13
"617","AsMHrDxJGI","MOOSPMv3Parser",1786615201,15,15,12,23,23,13,13,24,24,13,3055,776,106042,144,96,10,97,97,22,54,97,0,24,24,52,53,18.979,120,2,36.762604,-119.798752,86.485001,9,600,58,3,"e00fce68e88237db75a60608",2026-08-13 10:00:03.562,2026-08-13 10:00:04.098,2026-08-13 10:00:04.098,2026-08-13
"618","7BAjZxrZce","MOOSPMv3Parser",1786615201,4,4,3,6,6,3,3,6,6,3,826,230,65071,37,21,3,22,22,22,43,22,0,23,24,51,49,11.389,230,1,35.949528,-119.049965,111.472,5,600,58,3,"e00fce6808784ceaf209f949",2026-08-13 10:00:04.729,2026-08-13 10:00:05.051,2026-08-13 10:00:05.051,2026-08-13
"619","YOaSITcNKr","MOOSPMv3Parser",1786615200,1,1,2,2,2,2,2,2,2,2,484,114,47929,16,13,1,13,13,23,21,13,0,29,25,25,33,513.239,5,14,36.139133,-120.368576,169.455002,6,600,58,3,"e00fce6850cac69f647dc199",2026-08-13 10:00:04.773,2026-08-13 10:00:05.102,2026-08-13 10:00:05.102,2026-08-13
"620","wwmc9Yeaja","MOOSPMv3Parser",1786615201,24,22,18,37,34,19,19,39,39,19,4000,1246,11067,229,141,22,142,142,0,0,142,0,23,24,53,52,12.869,90,1,36.433598,-119.923378,27.521,6,600,58,3,"e00fce6876826e255108c6bd",2026-08-13 10:00:05.063,2026-08-13 10:00:05.317,2026-08-13 10:00:05.317,2026-08-13
"621","cBF4tgcFMR","MOOSPMv3Parser",1786615800,0,0,1,0,0,1,1,0,0,1,167,86,4329,12,7,1,7,7,24,30,7,0,25,26,31,30,35.927,11,5,36.139088,-120.368477,180.300003,6,600,58,3,"e00fce686dc2ef0a68fa40b0",2026-08-13 10:10:01.945,2026-08-13 10:10:02.099,2026-08-13 10:10:02.099,2026-08-13
"622","Dwt86BNIXz","MOOSPMv3Parser",1786615800,11,11,10,16,16,11,11,17,17,11,2113,600,106205,107,81,5,81,81,21,58,81,0,22,24,62,56,11.573,147,2,36.523281,-119.278839,97.487999,7,599,58,3,"e00fce68f12da1a0c5de6248",2026-08-13 10:10:02.508,2026-08-13 10:10:02.77,2026-08-13 10:10:02.77,2026-08-13
"623","n6zzV6zC4Q","MOOSPMv3Parser",1786615801,0,0,2,0,0,2,2,0,0,2,200,119,43223,15,13,1,13,13,23,30,13,0,25,25,31,32,26.207,3,19,36.139114,-120.368233,176.330994,6,600,58,3,"e00fce68d6b773b56ce8baa0",2026-08-13 10:10:02.576,2026-08-13 10:10:02.875,2026-08-13 10:10:02.875,2026-08-13
"624","LGkokJ3Gj5","MOOSPMv3Parser",1786615801,3,3,3,5,5,4,4,5,5,4,727,207,64014,34,26,2,26,26,22,32,26,1,23,25,44,42,17.716,182,3277,3.1e-05,0.002265,33216.242188,6,600,58,3,"e00fce68e28dcbc9a589be10",2026-08-13 10:10:02.815,2026-08-13 10:10:03.135,2026-08-13 10:10:03.135,2026-08-13
"625","3ajxvjDUuH","MOOSPMv3Parser",1786615801,21,20,10,29,28,10,10,31,31,10,4452,1082,4248,167,75,11,75,75,20,49,75,0,21,21,55,57,18.621,399,1,36.503178,-120.325439,53.300999,6,595,58,3,"e00fce68e77e43df92405fdb",2026-08-13 10:10:03.155,2026-08-13 10:10:03.372,2026-08-13 10:10:03.372,2026-08-13
"626","U5RwXSNHo5","MOOSPMv3Parser",1786615800,3,3,0,4,4,0,0,5,5,0,757,190,0,35,0,2,0,0,23,31,0,2,24,25,40,42,19.085,128,82,36.187496,-119.822029,27.061001,6,599,58,3,"e00fce68e739ecbcf9e91965",2026-08-13 10:10:03.205,2026-08-13 10:10:03.418,2026-08-13 10:10:03.418,2026-08-13
"627","IDe0EpCe4o","MOOSPMv3Parser",1786615801,13,13,11,20,20,12,12,21,21,12,2783,693,106118,129,87,10,87,87,22,54,87,0,24,24,52,52,19.268,124,2,36.762608,-119.798782,57.449001,9,600,58,3,"e00fce68e88237db75a60608",2026-08-13 10:10:03.499,2026-08-13 10:10:03.654,2026-08-13 10:10:03.654,2026-08-13
"628","yT1vvUf0ZQ","MOOSPMv3Parser",1786615800,1,1,2,2,2,2,2,2,2,2,481,111,47940,18,13,1,13,13,23,21,13,0,28,25,26,33,513.214,5,14,36.138969,-120.368423,189.863007,10,600,58,3,"e00fce6850cac69f647dc199",2026-08-13 10:10:03.719,2026-08-13 10:10:03.918,2026-08-13 10:10:03.918,2026-08-13
"629","cZjJDCr0RI","MOOSPMv3Parser",1786615801,4,4,3,6,6,3,3,6,6,3,846,228,65090,37,22,3,22,22,22,43,22,0,22,24,51,49,10.638,241,1,35.949589,-119.049919,120.650002,7,600,58,3,"e00fce6808784ceaf209f949",2026-08-13 10:10:04.67,2026-08-13 10:10:04.843,2026-08-13 10:10:04.843,2026-08-13
"630","teMoP51eL8","MOOSPMv3Parser",1786615801,23,22,18,35,33,19,19,37,37,19,3901,1211,11191,223,142,16,142,142,0,0,142,0,22,24,53,52,12.03,155,1,36.43362,-119.923386,32.713001,5,600,58,3,"e00fce6876826e255108c6bd",2026-08-13 10:10:05.063,2026-08-13 10:10:05.224,2026-08-13 10:10:05.224,2026-08-13
"631","mqXgaVVTjd","MOOSPMv3Parser",1786616400,0,0,1,0,0,1,1,0,0,1,171,87,4334,12,6,1,6,6,24,30,6,0,25,26,31,30,36.479,13,5,36.138889,-120.368484,168.507996,11,600,58,3,"e00fce686dc2ef0a68fa40b0",2026-08-13 10:20:02.178,2026-08-13 10:20:02.339,2026-08-13 10:20:02.339,2026-08-13
"632","6ZwzEdHVHz","MOOSPMv3Parser",1786616401,0,0,2,0,0,2,2,0,0,2,202,123,43234,19,13,1,13,13,23,30,13,0,25,25,31,32,26.078,4,19,36.139042,-120.368423,178.421997,5,600,58,3,"e00fce68d6b773b56ce8baa0",2026-08-13 10:20:02.181,2026-08-13 10:20:02.415,2026-08-13 10:20:02.415,2026-08-13
"633","6TXFaIyn3C","MOOSPMv3Parser",1786616401,3,3,3,5,5,4,4,5,5,4,722,204,64036,38,26,2,26,26,22,32,26,1,23,24,44,43,15.83,228,3277,3.1e-05,0.002265,33216.242188,6,600,58,3,"e00fce68e28dcbc9a589be10",2026-08-13 10:20:02.78,2026-08-13 10:20:03.06,2026-08-13 10:20:03.06,2026-08-13
"634","gMlVIIczvo","MOOSPMv3Parser",1786616400,3,3,0,5,5,0,0,5,5,0,743,184,0,35,0,3,0,0,23,32,0,2,24,25,42,43,18.382,161,77,36.18745,-119.821999,35.834,6,599,58,3,"e00fce68e739ecbcf9e91965",2026-08-13 10:20:03.135,2026-08-13 10:20:03.311,2026-08-13 10:20:03.311,2026-08-13
"635","L3ZVk9JdX4","MOOSPMv3Parser",1786616401,13,13,6,18,18,6,6,19,19,6,2973,681,4253,106,47,6,47,47,20,48,47,0,21,21,55,56,19.39,329,2,36.503189,-120.325279,78.286003,6,600,58,3,"e00fce68e77e43df92405fdb",2026-08-13 10:20:03.151,2026-08-13 10:20:03.39,2026-08-13 10:20:03.39,2026-08-13
"636","5oDXEHv1pG","MOOSPMv3Parser",1786616401,13,13,11,20,20,11,11,21,21,11,2764,692,106192,126,85,9,85,85,22,54,85,0,24,24,51,53,20.125,104,2,36.762695,-119.798805,57.235001,7,600,58,3,"e00fce68e88237db75a60608",2026-08-13 10:20:03.632,2026-08-13 10:20:03.808,2026-08-13 10:20:03.808,2026-08-13
"637","epZMCUGRqo","MOOSPMv3Parser",1786616400,1,1,2,2,2,2,2,2,2,2,452,105,47952,15,13,1,13,13,23,21,13,0,28,25,26,33,513.278,6,14,36.138939,-120.368477,164.639008,8,600,58,3,"e00fce6850cac69f647dc199",2026-08-13 10:20:04.352,2026-08-13 10:20:04.514,2026-08-13 10:20:04.514,2026-08-13
"638","TOXvkAc2V9","MOOSPMv3Parser",1786616401,4,4,3,6,6,3,4,6,6,4,839,229,65110,38,24,3,24,24,22,45,24,0,22,24,54,51,9.339,262,1,35.949554,-119.049927,116.740997,6,600,58,3,"e00fce6808784ceaf209f949",2026-08-13 10:20:04.671,2026-08-13 10:20:04.837,2026-08-13 10:20:04.837,2026-08-13
"639","Mb607r7EUL","MOOSPMv3Parser",1786616401,24,22,18,35,33,19,19,38,38,19,3950,1229,11311,216,138,18,139,139,1,0,139,0,22,24,53,52,13.515,90,1,36.433552,-119.923378,20.861,6,600,58,3,"e00fce6876826e255108c6bd",2026-08-13 10:20:05.003,2026-08-13 10:20:05.188,2026-08-13 10:20:05.188,2026-08-13
"640","WkReNedAYO","MOOSPMv3Parser",1786616400,12,12,10,17,17,11,11,18,18,11,2159,615,106098,110,80,5,80,80,21,59,80,0,21,23,63,57,11.546,148,2,36.52335,-119.278801,83.677002,5,600,58,3,"e00fce68f12da1a0c5de6248",2026-08-13 10:20:56.213,2026-08-13 10:20:56.401,2026-08-13 10:20:56.401,2026-08-13
"641","EcPlF5tpXY","MOOSPMv3Parser",1786617001,0,0,2,0,0,2,2,0,0,2,201,122,43245,17,13,2,13,13,23,31,13,0,25,25,32,33,25.537,5,19,36.138992,-120.368446,168.651001,5,600,58,3,"e00fce68d6b773b56ce8baa0",2026-08-13 10:30:02.415,2026-08-13 10:30:02.719,2026-08-13 10:30:02.719,2026-08-13
"642","52nrAzNqFg","MOOSPMv3Parser",1786617000,0,0,1,0,0,1,1,0,0,1,168,86,4340,10,7,1,7,7,24,30,7,0,25,26,32,31,35.414,15,5,36.139,-120.368401,175.240997,9,600,58,3,"e00fce686dc2ef0a68fa40b0",2026-08-13 10:30:02.501,2026-08-13 10:30:02.845,2026-08-13 10:30:02.845,2026-08-13
"643","B4XvgLReZH","MOOSPMv3Parser",1786617000,11,11,10,16,16,10,10,17,17,10,2088,595,106166,107,78,5,78,78,21,61,78,0,21,23,65,58,9.732,163,2,36.523285,-119.278847,88.315002,6,600,58,3,"e00fce68f12da1a0c5de6248",2026-08-13 10:30:02.697,2026-08-13 10:30:02.994,2026-08-13 10:30:02.994,2026-08-13
"644","PqdHNBNius","MOOSPMv3Parser",1786617001,3,3,3,5,5,3,3,5,5,3,730,207,64057,38,24,3,24,25,22,32,25,1,23,24,44,43,14.168,251,3277,3.1e-05,0.002265,33216.242188,6,600,58,3,"e00fce68e28dcbc9a589be10",2026-08-13 10:30:02.82,2026-08-13 10:30:03.079,2026-08-13 10:30:03.079,2026-08-13
"645","2iQuzNgRWp","MOOSPMv3Parser",1786617001,11,11,5,16,16,6,6,17,17,6,2666,594,4290,93,43,6,43,43,20,50,43,0,21,21,57,57,17.424,372,2,36.503197,-120.325363,68.032997,6,600,58,3,"e00fce68e77e43df92405fdb",2026-08-13 10:30:03.307,2026-08-13 10:30:03.504,2026-08-13 10:30:03.504,2026-08-13
"646","rmY2391SXa","MOOSPMv3Parser",1786617000,2,2,0,4,4,0,0,4,4,0,703,176,0,31,0,3,0,0,23,32,0,2,24,25,41,43,18.738,148,65,36.187515,-119.822166,10.056,8,599,58,3,"e00fce68e739ecbcf9e91965",2026-08-13 10:30:03.357,2026-08-13 10:30:03.523,2026-08-13 10:30:03.523,2026-08-13
"647","Qwpdl7S9Xw","MOOSPMv3Parser",1786617001,13,13,11,20,20,11,11,20,20,11,2771,688,106267,120,85,8,85,85,22,55,85,0,24,24,51,53,19.317,101,2,36.762695,-119.798805,57.231998,0,600,58,3,"e00fce68e88237db75a60608",2026-08-13 10:30:03.633,2026-08-13 10:30:03.793,2026-08-13 10:30:03.793,2026-08-13
"648","L29SRudKTF","MOOSPMv3Parser",1786617000,1,1,2,2,2,2,2,2,2,2,448,107,47963,18,13,1,13,13,23,21,13,0,28,25,26,33,513.214,7,14,36.139011,-120.368439,170.552002,8,600,58,3,"e00fce6850cac69f647dc199",2026-08-13 10:30:04.644,2026-08-13 10:30:04.799,2026-08-13 10:30:04.799,2026-08-13
"649","R4PXHSdf0o","MOOSPMv3Parser",1786617001,4,4,2,5,5,3,3,6,6,3,817,222,65126,35,19,2,19,19,21,44,19,0,22,23,52,49,7.364,291,1,35.949471,-119.04995,107.311996,7,600,58,3,"e00fce6808784ceaf209f949",2026-08-13 10:30:04.611,2026-08-13 10:30:04.847,2026-08-13 10:30:04.847,2026-08-13
"650","4YvidAuwci","MOOSPMv3Parser",1786617001,24,22,17,37,34,18,18,39,39,18,3957,1233,11430,240,137,22,137,137,0,0,137,0,22,23,54,52,14.012,90,1,36.43351,-119.923378,17.103001,8,600,58,3,"e00fce6876826e255108c6bd",2026-08-13 10:30:05.063,2026-08-13 10:30:05.241,2026-08-13 10:30:05.241,2026-08-13
"651","ELoMLTD7Wv","MOOSPMv3Parser",1786617601,0,0,2,0,0,2,2,0,0,2,201,123,43256,17,14,1,14,14,23,31,14,0,25,25,32,33,25.941,5,19,36.139042,-120.368317,170.727997,5,600,58,3,"e00fce68d6b773b56ce8baa0",2026-08-13 10:40:02.243,2026-08-13 10:40:02.405,2026-08-13 10:40:02.405,2026-08-13
"652","KCsGpu5H9g","MOOSPMv3Parser",1786617600,11,11,10,17,17,11,11,18,18,11,2128,603,106236,110,80,5,80,80,21,61,80,0,22,23,63,58,10.369,160,2,36.523312,-119.278915,87.106003,6,600,58,3,"e00fce68f12da1a0c5de6248",2026-08-13 10:40:02.419,2026-08-13 10:40:02.733,2026-08-13 10:40:02.733,2026-08-13
"653","Nbb4je5Emt","MOOSPMv3Parser",1786617601,3,3,3,5,5,3,3,5,5,3,737,210,64078,34,25,2,25,25,22,32,25,0,23,24,43,42,13.706,237,3277,3.1e-05,0.002265,33216.242188,6,600,58,3,"e00fce68e28dcbc9a589be10",2026-08-13 10:40:02.847,2026-08-13 10:40:02.998,2026-08-13 10:40:02.998,2026-08-13
"654","797TYjz1s6","MOOSPMv3Parser",1786617601,0,0,1,0,0,1,1,0,0,1,171,88,4338,11,6,1,6,6,24,31,6,0,25,26,32,31,35.897,14,6,36.139008,-120.368423,177.358994,9,601,58,3,"e00fce686dc2ef0a68fa40b0",2026-08-13 10:40:03.002,2026-08-13 10:40:03.196,2026-08-13 10:40:03.196,2026-08-13
"655","tM5kquLDlq","MOOSPMv3Parser",1786617600,3,3,0,4,4,0,0,5,5,0,699,175,0,30,0,3,0,0,23,32,0,2,25,25,39,42,20.973,83,79,36.187492,-119.822075,26.747999,9,599,58,3,"e00fce68e739ecbcf9e91965",2026-08-13 10:40:03.133,2026-08-13 10:40:03.314,2026-08-13 10:40:03.314,2026-08-13
"656","mIV4bvZ3Ug","MOOSPMv3Parser",1786617601,10,10,5,14,14,5,5,15,15,5,2616,563,4321,82,36,4,36,36,20,52,36,0,20,21,58,58,17.752,333,2,36.503181,-120.3256,42.275002,5,600,58,3,"e00fce68e77e43df92405fdb",2026-08-13 10:40:03.253,2026-08-13 10:40:03.423,2026-08-13 10:40:03.423,2026-08-13
"657","ebEqm7KloJ","MOOSPMv3Parser",1786617601,14,14,11,20,20,12,12,20,20,12,2788,694,106342,128,86,7,86,86,22,55,86,0,24,24,51,53,19.064,102,2,36.762707,-119.798775,60.897999,11,600,58,3,"e00fce68e88237db75a60608",2026-08-13 10:40:03.723,2026-08-13 10:40:03.91,2026-08-13 10:40:03.91,2026-08-13
"658","EQMit8Of5H","MOOSPMv3Parser",1786617600,1,1,2,2,2,2,2,2,2,2,479,114,47975,18,14,1,14,14,23,22,14,0,28,25,26,34,513.165,8,14,36.138992,-120.368431,178.425003,7,600,58,3,"e00fce6850cac69f647dc199",2026-08-13 10:40:04.677,2026-08-13 10:40:04.886,2026-08-13 10:40:04.886,2026-08-13
"659","8ZJ3tHEAvH","MOOSPMv3Parser",1786617601,3,3,3,5,5,3,3,5,5,3,813,221,65144,34,20,2,20,20,21,44,20,0,22,23,52,49,9.745,252,1,35.949402,-119.049889,110.457001,7,600,58,3,"e00fce6808784ceaf209f949",2026-08-13 10:40:04.67,2026-08-13 10:40:04.936,2026-08-13 10:40:04.936,2026-08-13
"660","VYzAllmg2m","MOOSPMv3Parser",1786617601,24,22,18,36,33,19,19,39,38,19,4044,1257,11574,226,143,19,143,143,0,0,143,0,22,23,56,53,12.491,172,1,36.433582,-119.923401,35.493,6,599,58,3,"e00fce6876826e255108c6bd",2026-08-13 10:40:04.992,2026-08-13 10:40:05.155,2026-08-13 10:40:05.155,2026-08-13
"661","CKJNY4f0WA","MOOSPMv3Parser",1786618200,11,11,10,16,16,10,10,16,16,10,2035,575,106304,99,78,5,78,78,21,60,78,0,21,23,62,57,11.062,166,2,36.523342,-119.278893,92.833,8,600,58,3,"e00fce68f12da1a0c5de6248",2026-08-13 10:50:02.31,2026-08-13 10:50:02.583,2026-08-13 10:50:02.583,2026-08-13
"662","hm7c3gCbgl","MOOSPMv3Parser",1786618201,0,0,2,0,0,2,2,0,0,2,202,124,43268,19,13,2,14,14,23,31,14,0,25,25,32,34,26.038,5,20,36.139042,-120.368416,180.177994,5,600,58,3,"e00fce68d6b773b56ce8baa0",2026-08-13 10:50:02.655,2026-08-13 10:50:02.878,2026-08-13 10:50:02.878,2026-08-13
"663","W5cxtIgMWU","MOOSPMv3Parser",1786618201,3,3,3,5,5,3,3,5,5,3,692,196,64098,36,23,2,23,23,22,32,23,1,23,24,43,42,11.191,227,3277,3.1e-05,0.002265,33216.242188,6,600,58,3,"e00fce68e28dcbc9a589be10",2026-08-13 10:50:02.824,2026-08-13 10:50:03.081,2026-08-13 10:50:03.081,2026-08-13
"664","6A6yBJNw3X","MOOSPMv3Parser",1786618201,0,0,1,0,0,1,1,0,0,1,171,90,4351,11,7,1,7,7,24,31,7,0,25,26,32,31,36.075,14,6,36.139008,-120.368423,177.358002,0,600,58,3,"e00fce686dc2ef0a68fa40b0",2026-08-13 10:50:03.139,2026-08-13 10:50:03.313,2026-08-13 10:50:03.313,2026-08-13
"665","sAIafel5kd","MOOSPMv3Parser",1786618201,13,13,6,18,18,6,6,19,19,6,3403,704,4362,102,46,6,46,46,20,54,46,0,20,21,59,59,14.799,373,2,36.503181,-120.3256,42.278999,0,600,58,3,"e00fce68e77e43df92405fdb",2026-08-13 10:50:03.161,2026-08-13 10:50:03.329,2026-08-13 10:50:03.329,2026-08-13
"666","SO2eSF7AFq","MOOSPMv3Parser",1786618200,3,3,0,5,5,0,0,5,5,0,748,186,0,34,0,3,0,0,23,32,0,2,25,25,39,42,21.007,64,108,36.187527,-119.822105,20.886999,9,599,58,3,"e00fce68e739ecbcf9e91965",2026-08-13 10:50:03.165,2026-08-13 10:50:03.349,2026-08-13 10:50:03.349,2026-08-13
"667","4kOHXCpk8K","MOOSPMv3Parser",1786618201,13,13,11,20,20,12,12,20,20,12,2778,688,106417,125,87,8,87,87,22,55,87,0,23,24,52,53,18.261,121,2,36.762718,-119.798744,57.332001,9,600,58,3,"e00fce68e88237db75a60608",2026-08-13 10:50:03.819,2026-08-13 10:50:03.986,2026-08-13 10:50:03.986,2026-08-13
"668","x3ZYSoSc14","MOOSPMv3Parser",1786618200,1,1,2,2,2,2,2,2,2,2,474,114,47987,18,14,1,14,14,23,22,14,0,28,25,26,34,513.198,8,15,36.138992,-120.368431,178.423004,0,600,58,3,"e00fce6850cac69f647dc199",2026-08-13 10:50:03.857,2026-08-13 10:50:04.068,2026-08-13 10:50:04.068,2026-08-13
"669","lyq2vdgUEs","MOOSPMv3Parser",1786618201,3,3,3,5,5,3,3,5,5,3,800,218,65161,35,21,2,21,21,21,46,21,0,22,23,54,51,10.48,233,1,35.949528,-119.049896,123.132004,7,600,58,3,"e00fce6808784ceaf209f949",2026-08-13 10:50:04.646,2026-08-13 10:50:04.816,2026-08-13 10:50:04.816,2026-08-13
"670","oNx2YEkc8p","MOOSPMv3Parser",1786618201,24,22,18,37,34,19,19,40,40,19,4082,1268,11675,231,139,21,139,139,0,0,139,0,21,23,57,54,10.35,498,1,36.43375,-119.923264,22.249001,6,600,58,3,"e00fce6876826e255108c6bd",2026-08-13 10:50:05.062,2026-08-13 10:50:05.201,2026-08-13 10:50:05.201,2026-08-13
"671","gdoPcfAGZ4","MOOSPMv3Parser",1786618800,0,0,1,0,0,1,1,0,0,1,183,97,4364,13,7,1,7,7,24,31,7,0,25,26,32,32,35.777,15,6,36.13905,-120.368393,183.845993,11,599,58,3,"e00fce686dc2ef0a68fa40b0",2026-08-13 11:00:02.109,2026-08-13 11:00:02.506,2026-08-13 11:00:02.506,2026-08-13
"672","LxJmUypVIG","MOOSPMv3Parser",1786618801,0,0,2,0,0,2,2,0,0,2,206,127,43279,19,14,2,14,14,23,31,14,0,25,25,33,34,26.148,6,21,36.139088,-120.368484,157.089996,4,600,58,3,"e00fce68d6b773b56ce8baa0",2026-08-13 11:00:02.254,2026-08-13 11:00:02.919,2026-08-13 11:00:02.919,2026-08-13
"673","9XYfqjxPjw","MOOSPMv3Parser",1786618800,10,10,9,13,13,9,9,14,14,9,1840,522,106364,82,68,3,68,68,21,62,68,0,21,23,65,60,10.296,160,2,36.523277,-119.278755,74.125,6,600,58,3,"e00fce68f12da1a0c5de6248",2026-08-13 11:00:02.424,2026-08-13 11:00:03.094,2026-08-13 11:00:03.094,2026-08-13
"674","Bi2OD4NUFd","MOOSPMv3Parser",1786618801,3,3,3,5,5,3,3,5,5,3,718,205,64120,36,25,2,25,25,22,32,25,1,23,24,44,42,10.266,249,3277,3.1e-05,0.002265,33216.242188,6,600,58,3,"e00fce68e28dcbc9a589be10",2026-08-13 11:00:02.818,2026-08-13 11:00:03.719,2026-08-13 11:00:03.719,2026-08-13
"675","REqtJVsnR9","MOOSPMv3Parser",1786618800,3,3,0,5,5,0,0,6,6,0,774,194,0,36,0,3,0,0,23,32,0,2,24,25,41,43,17.887,177,95,36.187584,-119.822128,20.565001,9,599,58,3,"e00fce68e739ecbcf9e91965",2026-08-13 11:00:03.294,2026-08-13 11:00:03.815,2026-08-13 11:00:03.815,2026-08-13
"676","p58Q0ijMH9","MOOSPMv3Parser",1786618801,16,16,7,22,22,8,8,23,23,8,4146,851,4411,124,57,8,57,57,19,54,57,0,20,21,60,59,12.446,407,1,36.503304,-120.325272,84.536003,5,600,58,3,"e00fce68e77e43df92405fdb",2026-08-13 11:00:03.316,2026-08-13 11:00:04.016,2026-08-13 11:00:04.016,2026-08-13
"677","9Rs1Rjf8SS","MOOSPMv3Parser",1786618801,14,14,11,20,20,12,12,21,21,12,2852,714,106495,129,89,10,90,90,22,56,90,0,23,24,53,53,18.049,127,2,36.762695,-119.79879,67.711998,12,600,58,3,"e00fce68e88237db75a60608",2026-08-13 11:00:03.564,2026-08-13 11:00:04.076,2026-08-13 11:00:04.076,2026-08-13
"678","AcBZA5hES4","MOOSPMv3Parser",1786618800,2,2,2,3,3,2,2,3,3,2,517,123,48000,18,14,1,15,15,23,22,15,0,29,25,26,34,513.158,9,15,36.138969,-120.368378,181.852997,7,600,58,3,"e00fce6850cac69f647dc199",2026-08-13 11:00:04.035,2026-08-13 11:00:04.811,2026-08-13 11:00:04.811,2026-08-13
"679","Iy3Sm8hpih","MOOSPMv3Parser",1786618801,4,4,3,5,5,3,3,5,5,3,794,218,65180,33,21,2,21,21,21,45,21,0,22,23,54,51,6.704,289,1,35.949539,-119.050018,114.891998,6,600,58,3,"e00fce6808784ceaf209f949",2026-08-13 11:00:04.808,2026-08-13 11:00:05.016,2026-08-13 11:00:05.016,2026-08-13
"680","W6Vnhx8mC2","MOOSPMv3Parser",1786618801,25,23,19,38,35,20,20,41,41,20,4199,1306,11823,240,147,21,147,147,0,0,147,0,21,23,58,55,11.963,289,1,36.43375,-119.923401,27.391001,5,599,58,3,"e00fce6876826e255108c6bd",2026-08-13 11:00:05.063,2026-08-13 11:00:05.324,2026-08-13 11:00:05.324,2026-08-13
"681","ANnYLwSPvW","MOOSPMv3Parser",1786619400,0,0,1,0,0,1,1,0,0,1,182,95,4363,13,7,1,7,7,24,32,7,0,25,26,33,32,34.592,19,6,36.139057,-120.368317,176.901993,9,600,58,3,"e00fce686dc2ef0a68fa40b0",2026-08-13 11:10:02.415,2026-08-13 11:10:02.641,2026-08-13 11:10:02.641,2026-08-13
"682","T67ZsRMRHR","MOOSPMv3Parser",1786619401,0,0,2,0,0,2,2,0,0,2,215,131,43292,19,15,2,15,15,23,32,15,0,25,25,33,34,25.547,6,21,36.139236,-120.368469,167.871002,5,600,58,3,"e00fce68d6b773b56ce8baa0",2026-08-13 11:10:02.489,2026-08-13 11:10:02.726,2026-08-13 11:10:02.726,2026-08-13
"683","DDwnxrQdY6","MOOSPMv3Parser",1786619401,3,3,3,5,5,3,3,5,5,3,719,205,64140,35,24,2,24,24,22,30,24,1,23,24,41,41,13.492,197,3277,3.1e-05,0.002265,33216.242188,6,600,58,3,"e00fce68e28dcbc9a589be10",2026-08-13 11:10:02.901,2026-08-13 11:10:03.078,2026-08-13 11:10:03.078,2026-08-13
"684","SUpG3bNt7Z","MOOSPMv3Parser",1786619400,3,3,0,5,5,0,0,5,5,0,775,199,0,36,0,3,0,0,22,34,0,2,24,24,44,44,13.727,297,43,36.187542,-119.822105,23.377001,9,599,58,3,"e00fce68e739ecbcf9e91965",2026-08-13 11:10:03.277,2026-08-13 11:10:03.463,2026-08-13 11:10:03.463,2026-08-13
"685","Knthc0KvER","MOOSPMv3Parser",1786619401,17,17,7,23,23,8,8,24,24,8,4481,879,4462,125,58,10,58,58,19,56,58,0,20,21,61,60,10.852,408,1,36.50309,-120.325386,46.608002,5,600,58,3,"e00fce68e77e43df92405fdb",2026-08-13 11:10:03.41,2026-08-13 11:10:03.602,2026-08-13 11:10:03.602,2026-08-13
"686","z67kj4gQXN","MOOSPMv3Parser",1786619401,14,14,11,21,21,12,12,21,21,12,2908,730,106572,133,87,9,88,88,22,56,88,0,23,23,53,54,18.349,122,2,36.762733,-119.798714,49.417999,7,600,58,3,"e00fce68e88237db75a60608",2026-08-13 11:10:03.633,2026-08-13 11:10:03.815,2026-08-13 11:10:03.815,2026-08-13
"687","OST2RxTsxA","MOOSPMv3Parser",1786619400,1,1,2,2,2,2,2,2,2,2,490,119,48012,19,14,1,14,14,23,23,14,0,29,25,27,35,513.184,10,15,36.139175,-120.368317,182.807999,8,600,58,3,"e00fce6850cac69f647dc199",2026-08-13 11:10:04.344,2026-08-13 11:10:04.527,2026-08-13 11:10:04.527,2026-08-13
"688","5bHSFZbMKy","MOOSPMv3Parser",1786619401,4,4,3,6,6,3,4,7,7,4,878,243,65199,43,23,3,23,23,21,49,23,0,22,23,56,53,5.89,294,1,35.949539,-119.050018,114.890999,0,600,58,3,"e00fce6808784ceaf209f949",2026-08-13 11:10:04.67,2026-08-13 11:10:04.907,2026-08-13 11:10:04.907,2026-08-13
"689","CXKGbI0Cnx","MOOSPMv3Parser",1786619401,25,23,19,39,35,20,20,42,41,20,4275,1329,11954,246,151,22,151,151,0,0,151,0,21,23,58,55,12.052,268,1,36.433552,-119.923271,0.879,6,599,58,3,"e00fce6876826e255108c6bd",2026-08-13 11:10:05.071,2026-08-13 11:10:05.278,2026-08-13 11:10:05.278,2026-08-13
"690","klg1JT7EPC","MOOSPMv3Parser",1786619400,8,8,8,12,12,8,8,13,13,8,1648,463,106416,78,59,4,59,59,21,60,59,0,22,23,59,57,9.825,140,1,36.523518,-119.278847,107.759003,6,600,58,3,"e00fce68f12da1a0c5de6248",2026-08-13 11:10:05.147,2026-08-13 11:10:05.323,2026-08-13 11:10:05.323,2026-08-13
"691","Km6HFQgX2L","MOOSPMv3Parser",1786620001,0,0,2,0,0,2,2,0,0,2,216,134,43304,20,15,2,15,15,23,33,15,0,25,25,36,36,25.302,10,20,36.13916,-120.368385,170.5,7,600,58,3,"e00fce68d6b773b56ce8baa0",2026-08-13 11:20:02.189,2026-08-13 11:20:02.414,2026-08-13 11:20:02.414,2026-08-13
"692","bc8Tn8Dgho","MOOSPMv3Parser",1786620000,0,0,1,0,0,1,1,0,0,1,183,99,4370,13,8,1,8,8,24,33,8,0,25,26,36,34,34.746,28,6,36.138996,-120.368378,167.781006,7,600,58,3,"e00fce686dc2ef0a68fa40b0",2026-08-13 11:20:02.749,2026-08-13 11:20:02.961,2026-08-13 11:20:02.961,2026-08-13
"693","NWR62BbYG6","MOOSPMv3Parser",1786620001,3,3,3,5,5,3,3,5,5,3,686,195,64161,35,24,3,24,24,22,29,24,1,24,25,38,39,14.803,178,3277,3.1e-05,0.002265,33216.242188,6,600,58,3,"e00fce68e28dcbc9a589be10",2026-08-13 11:20:02.898,2026-08-13 11:20:03.131,2026-08-13 11:20:03.131,2026-08-13
"694","Kor0lqDGsm","MOOSPMv3Parser",1786620000,3,3,0,5,5,0,0,5,5,0,734,185,0,35,0,2,0,0,22,36,0,2,23,24,47,46,5.66,358,15,36.18758,-119.822182,22.968,8,599,58,3,"e00fce68e739ecbcf9e91965",2026-08-13 11:20:03.205,2026-08-13 11:20:03.365,2026-08-13 11:20:03.365,2026-08-13
"695","bmxkUOfSN6","MOOSPMv3Parser",1786620001,16,16,7,21,21,7,7,22,22,7,4017,820,4510,116,55,8,56,56,19,57,56,0,20,20,62,61,10.038,403,1,36.503033,-120.325417,42.368999,5,600,58,3,"e00fce68e77e43df92405fdb",2026-08-13 11:20:03.228,2026-08-13 11:20:03.439,2026-08-13 11:20:03.439,2026-08-13
"696","4FY2kHHgCO","MOOSPMv3Parser",1786620001,14,14,11,20,20,12,12,21,21,12,2862,716,106647,128,86,8,87,87,21,57,87,0,23,23,53,54,17.542,117,2,36.762726,-119.798752,46.93,11,600,58,3,"e00fce68e88237db75a60608",2026-08-13 11:20:03.808,2026-08-13 11:20:04.085,2026-08-13 11:20:04.085,2026-08-13
"697","lsVphnVlAk","MOOSPMv3Parser",1786620000,8,8,8,12,12,8,8,12,12,8,1630,457,106467,73,59,3,59,59,21,58,59,0,23,23,57,56,11.224,112,2,36.523533,-119.278824,98.32,7,600,58,3,"e00fce68f12da1a0c5de6248",2026-08-13 11:20:04.191,2026-08-13 11:20:04.382,2026-08-13 11:20:04.382,2026-08-13
"698","UFKY7xXa7j","MOOSPMv3Parser",1786620001,4,4,3,6,6,3,3,6,6,3,867,234,65216,38,20,2,20,20,20,51,20,0,21,22,57,54,3.656,300,1,35.949562,-119.049942,110.508003,7,600,58,3,"e00fce6808784ceaf209f949",2026-08-13 11:20:04.67,2026-08-13 11:20:04.867,2026-08-13 11:20:04.867,2026-08-13
"699","F8uEaibeYg","MOOSPMv3Parser",1786620000,1,1,2,2,2,2,2,2,2,2,512,122,48026,19,15,1,16,16,23,25,16,0,29,25,28,37,513.245,13,14,36.139122,-120.368393,182.141006,6,600,58,3,"e00fce6850cac69f647dc199",2026-08-13 11:20:05.007,2026-08-13 11:20:05.174,2026-08-13 11:20:05.174,2026-08-13
"700","QG2zhoyde2","MOOSPMv3Parser",1786620001,26,23,19,39,35,20,20,42,42,20,4307,1336,12085,242,151,21,152,152,0,0,152,0,21,22,60,57,11.341,376,1,36.43364,-119.923363,31.827,6,599,58,3,"e00fce6876826e255108c6bd",2026-08-13 11:20:05.11,2026-08-13 11:20:05.258,2026-08-13 11:20:05.258,2026-08-13
"701","ZeKmuZFC3S","MOOSPMv3Parser",1786620600,0,0,1,0,0,1,1,0,0,1,187,100,4376,14,8,1,8,8,24,32,8,0,25,26,35,34,34.04,28,6,36.13913,-120.368393,177.925995,9,600,58,3,"e00fce686dc2ef0a68fa40b0",2026-08-13 11:30:01.933,2026-08-13 11:30:02.116,2026-08-13 11:30:02.116,2026-08-13
"702","MUL5GWMJor","MOOSPMv3Parser",1786620601,0,0,2,0,0,2,2,0,0,2,216,136,43317,19,15,2,15,15,23,33,15,0,25,25,35,36,25.34,12,19,36.139111,-120.368385,163.572998,10,600,58,3,"e00fce68d6b773b56ce8baa0",2026-08-13 11:30:02.572,2026-08-13 11:30:02.822,2026-08-13 11:30:02.822,2026-08-13
"703","HazBGp6qNZ","MOOSPMv3Parser",1786620601,0,0,1,0,0,1,1,0,0,1,148,89,2625776,21,7,1,7,7,24,33,7,0,25,26,35,34,34.158,30,6,36.13913,-120.368393,177.925995,9,1,58,3,"e00fce686dc2ef0a68fa40b0",2026-08-13 11:30:02.656,2026-08-13 11:30:03.018,2026-08-13 11:30:03.018,2026-08-13
"704","2NI4ikneEb","MOOSPMv3Parser",1786620601,2,2,2,3,3,3,3,4,4,3,576,161,64177,27,19,2,19,19,23,26,19,1,24,25,35,36,23.549,53,3277,3.1e-05,0.002265,33216.242188,6,600,58,3,"e00fce68e28dcbc9a589be10",2026-08-13 11:30:02.816,2026-08-13 11:30:03.028,2026-08-13 11:30:03.028,2026-08-13
"705","IxJcWS5oJl","MOOSPMv3Parser",1786620601,16,16,7,22,22,7,7,23,23,7,4419,850,4556,121,53,8,53,53,19,59,53,0,20,20,63,63,10.182,389,1,36.503021,-120.325378,36.584,5,600,58,3,"e00fce68e77e43df92405fdb",2026-08-13 11:30:03.075,2026-08-13 11:30:03.295,2026-08-13 11:30:03.295,2026-08-13
"706","dIiP40unDo","MOOSPMv3Parser",1786620600,9,9,8,13,13,8,8,14,14,8,1719,484,106520,82,61,4,61,61,21,59,61,0,23,23,58,56,11.948,105,2,36.523628,-119.27861,99.490997,7,600,58,3,"e00fce68f12da1a0c5de6248",2026-08-13 11:30:03.232,2026-08-13 11:30:03.407,2026-08-13 11:30:03.407,2026-08-13
"707","cHtpQ2VsVt","MOOSPMv3Parser",1786620600,2,2,0,4,4,0,0,4,4,0,718,179,0,30,0,2,0,0,22,37,0,2,23,24,47,47,6.748,360,2,36.18758,-119.822182,22.966999,0,600,58,3,"e00fce68e739ecbcf9e91965",2026-08-13 11:30:03.357,2026-08-13 11:30:03.526,2026-08-13 11:30:03.526,2026-08-13
"708","gM5nOPCCnN","MOOSPMv3Parser",1786620601,14,14,11,21,21,12,12,22,22,12,2898,738,106725,136,89,10,89,89,21,57,89,0,23,23,53,55,16.278,136,2,36.762756,-119.79879,67.375,11,600,58,3,"e00fce68e88237db75a60608",2026-08-13 11:30:03.655,2026-08-13 11:30:03.845,2026-08-13 11:30:03.845,2026-08-13
"709","IiOvPtDBuC","MOOSPMv3Parser",1786620600,2,2,2,2,2,2,2,3,3,2,540,127,48039,20,15,1,15,15,23,24,15,0,29,25,28,36,513.302,15,13,36.138969,-120.368515,164.218002,7,600,58,3,"e00fce6850cac69f647dc199",2026-08-13 11:30:03.79,2026-08-13 11:30:03.949,2026-08-13 11:30:03.949,2026-08-13
"710","GqkqNIsYO5","MOOSPMv3Parser",1786620601,4,4,3,5,5,3,3,5,5,3,841,227,65234,36,21,2,21,21,20,52,21,0,21,22,57,54,4.842,286,1,35.949753,-119.04995,139.320007,7,600,58,3,"e00fce6808784ceaf209f949",2026-08-13 11:30:04.671,2026-08-13 11:30:04.86,2026-08-13 11:30:04.86,2026-08-13
"711","avXC1PPMoJ","MOOSPMv3Parser",1786620601,26,23,19,40,36,20,20,43,42,20,4308,1343,12195,252,149,22,150,150,0,0,150,0,20,22,61,57,11.76,411,1,36.43364,-119.923363,31.830999,0,600,58,3,"e00fce6876826e255108c6bd",2026-08-13 11:30:05.089,2026-08-13 11:30:05.233,2026-08-13 11:30:05.233,2026-08-13
"712","XzkTqciKE7","MOOSPMv3Parser",1786621201,0,0,2,0,0,2,2,0,0,2,215,132,43329,20,14,2,14,14,23,32,14,0,25,25,35,35,24.287,14,17,36.139175,-120.368393,167.304001,8,600,58,3,"e00fce68d6b773b56ce8baa0",2026-08-13 11:40:02.203,2026-08-13 11:40:02.348,2026-08-13 11:40:02.348,2026-08-13
"713","k8QNyJxASx","MOOSPMv3Parser",1786621200,0,0,1,0,0,1,1,0,0,1,187,102,4391,13,8,1,8,8,24,32,8,0,25,26,34,33,33.404,35,5,36.138988,-120.368416,174.921997,10,599,58,3,"e00fce686dc2ef0a68fa40b0",2026-08-13 11:40:02.184,2026-08-13 11:40:02.361,2026-08-13 11:40:02.361,2026-08-13
"714","4kFzeX0lHH","MOOSPMv3Parser",1786621201,0,0,1,0,0,1,1,0,0,1,148,90,2630005,16,10,0,10,10,24,32,10,0,25,26,34,33,32.119,37,5,36.138988,-120.368416,174.921997,10,1,58,3,"e00fce686dc2ef0a68fa40b0",2026-08-13 11:40:02.646,2026-08-13 11:40:02.882,2026-08-13 11:40:02.882,2026-08-13
"715","wGFxZ6lwo7","MOOSPMv3Parser",1786621201,2,2,2,3,3,2,2,3,3,2,529,150,64192,24,17,2,17,17,23,25,17,0,25,25,33,35,28.987,5,3277,3.1e-05,0.002265,33216.242188,6,600,58,3,"e00fce68e28dcbc9a589be10",2026-08-13 11:40:02.896,2026-08-13 11:40:03.09,2026-08-13 11:40:03.09,2026-08-13
"716","XX4IJ8feAW","MOOSPMv3Parser",1786621201,17,17,7,24,24,8,8,24,24,8,4514,899,4607,129,58,9,59,59,19,60,59,0,19,20,64,63,8.305,402,1,36.503201,-120.325394,61.903,5,600,58,3,"e00fce68e77e43df92405fdb",2026-08-13 11:40:03.371,2026-08-13 11:40:03.567,2026-08-13 11:40:03.567,2026-08-13
"717","KtXG46d62c","MOOSPMv3Parser",1786621200,3,3,0,5,5,0,0,5,5,0,725,182,0,32,0,2,0,0,22,36,0,2,23,24,45,45,11.238,311,5,36.187531,-119.822098,32.801998,12,600,58,3,"e00fce68e739ecbcf9e91965",2026-08-13 11:40:03.367,2026-08-13 11:40:03.583,2026-08-13 11:40:03.583,2026-08-13
"718","mu4oLNleV4","MOOSPMv3Parser",1786621201,15,15,11,22,22,12,12,23,23,12,2844,752,106803,142,89,12,90,90,21,59,90,0,23,23,54,55,15.497,148,2,36.762753,-119.798698,57.337002,10,600,58,3,"e00fce68e88237db75a60608",2026-08-13 11:40:03.808,2026-08-13 11:40:03.967,2026-08-13 11:40:03.967,2026-08-13
"719","STVwCHAGhn","MOOSPMv3Parser",1786621200,2,2,2,3,3,2,2,3,3,2,539,130,48052,20,16,1,16,16,23,24,16,0,29,25,27,35,513.177,17,13,36.138916,-120.368271,164.380997,6,600,58,3,"e00fce6850cac69f647dc199",2026-08-13 11:40:04.266,2026-08-13 11:40:04.467,2026-08-13 11:40:04.467,2026-08-13
"720","65JJrXH9xw","MOOSPMv3Parser",1786621201,4,4,3,5,5,3,3,6,6,3,858,233,65252,39,21,2,22,22,20,52,22,0,21,22,56,54,4.844,284,1,35.949696,-119.049911,131.514999,6,600,58,3,"e00fce6808784ceaf209f949",2026-08-13 11:40:04.67,2026-08-13 11:40:04.819,2026-08-13 11:40:04.819,2026-08-13
"721","dDW4JTDRC2","MOOSPMv3Parser",1786621201,26,23,19,40,36,20,20,42,42,20,4354,1356,12348,255,152,22,153,153,0,0,153,0,20,22,61,58,10.657,478,1,36.433674,-119.923347,34.306999,6,599,58,3,"e00fce6876826e255108c6bd",2026-08-13 11:40:05.171,2026-08-13 11:40:05.442,2026-08-13 11:40:05.442,2026-08-13
"722","wUkjMjpZlF","MOOSPMv3Parser",1786621200,9,9,8,13,13,8,8,14,14,8,1746,494,106575,87,63,4,63,63,21,58,63,0,22,23,59,57,11.413,111,2,36.523293,-119.278847,88.600998,8,600,58,3,"e00fce68f12da1a0c5de6248",2026-08-13 11:40:09.079,2026-08-13 11:40:09.292,2026-08-13 11:40:09.292,2026-08-13
"723","kAG9e0atw9","MOOSPMv3Parser",1786621801,0,0,2,0,0,2,2,0,0,2,216,134,43341,18,15,1,15,15,23,32,15,0,25,25,34,35,24.16,17,16,36.138992,-120.368301,182.123993,7,600,58,3,"e00fce68d6b773b56ce8baa0",2026-08-13 11:50:02.664,2026-08-13 11:50:02.924,2026-08-13 11:50:02.924,2026-08-13
"724","q4XGcgdyuO","MOOSPMv3Parser",1786621801,3,3,3,4,4,3,3,4,4,3,652,186,64210,30,21,2,21,21,23,25,21,0,25,25,33,35,28.758,5,3277,3.1e-05,0.002265,33216.242188,6,600,58,3,"e00fce68e28dcbc9a589be10",2026-08-13 11:50:02.825,2026-08-13 11:50:03.079,2026-08-13 11:50:03.079,2026-08-13
"725","w2ZcvLXCIV","MOOSPMv3Parser",1786621800,9,9,8,13,13,8,8,14,14,8,1782,502,106630,80,63,4,63,63,21,59,63,0,22,23,62,57,10.938,137,2,36.523293,-119.278847,88.598,0,600,58,3,"e00fce68f12da1a0c5de6248",2026-08-13 11:50:03.106,2026-08-13 11:50:03.266,2026-08-13 11:50:03.266,2026-08-13
"726","KsOOJTOCEI","MOOSPMv3Parser",1786621800,3,3,0,5,5,0,0,5,5,0,781,198,0,36,0,2,0,0,22,36,0,2,23,24,45,46,13.497,251,8,36.187626,-119.822212,36.085999,7,599,58,3,"e00fce68e739ecbcf9e91965",2026-08-13 11:50:03.272,2026-08-13 11:50:03.53,2026-08-13 11:50:03.53,2026-08-13
"727","6dPl7abcnP","MOOSPMv3Parser",1786621801,17,17,8,24,24,8,8,25,25,8,4419,910,4659,131,61,10,61,61,19,61,61,0,20,20,64,63,7.72,402,1,36.503124,-120.325424,58.876999,5,600,58,3,"e00fce68e77e43df92405fdb",2026-08-13 11:50:03.39,2026-08-13 11:50:03.541,2026-08-13 11:50:03.541,2026-08-13
"728","lniN4t1HBD","MOOSPMv3Parser",1786621801,15,15,11,22,22,12,12,23,23,12,2906,774,106881,143,88,8,89,89,21,58,89,0,23,23,54,55,14.681,161,2,36.762814,-119.79879,61.666,10,600,58,3,"e00fce68e88237db75a60608",2026-08-13 11:50:03.813,2026-08-13 11:50:03.97,2026-08-13 11:50:03.97,2026-08-13
"729","iFMHeRzRBi","MOOSPMv3Parser",1786621801,0,0,1,0,0,1,1,0,0,1,185,99,4389,13,7,1,7,7,24,32,7,0,25,26,34,32,33.899,37,5,36.139046,-120.368423,187.766006,8,600,58,3,"e00fce686dc2ef0a68fa40b0",2026-08-13 11:50:03.86,2026-08-13 11:50:04.139,2026-08-13 11:50:04.139,2026-08-13
"730","DKg753WWtM","MOOSPMv3Parser",1786621800,2,2,2,2,2,2,2,3,3,2,506,124,48065,17,14,1,14,14,23,24,14,0,29,25,27,35,513.174,19,12,36.139023,-120.368271,176.100006,6,600,58,3,"e00fce6850cac69f647dc199",2026-08-13 11:50:04.672,2026-08-13 11:50:04.884,2026-08-13 11:50:04.884,2026-08-13
"731","SQ483z0fmW","MOOSPMv3Parser",1786621801,4,4,3,6,6,3,3,6,6,3,869,236,65270,38,21,3,22,22,20,52,22,0,21,22,57,55,4.361,291,1,35.949688,-119.049973,130.764999,5,600,58,3,"e00fce6808784ceaf209f949",2026-08-13 11:50:04.671,2026-08-13 11:50:04.896,2026-08-13 11:50:04.896,2026-08-13
"732","3ZX6ZNdc0X","MOOSPMv3Parser",1786621801,25,22,19,37,34,20,20,39,39,20,4147,1287,12476,229,147,17,148,148,0,0,148,0,20,21,61,58,9.477,500,1,36.433765,-119.923386,35.907001,5,599,58,3,"e00fce6876826e255108c6bd",2026-08-13 11:50:05.234,2026-08-13 11:50:05.448,2026-08-13 11:50:05.448,2026-08-13
"733","lyTo5IOizC","MOOSPMv3Parser",1786622401,0,0,2,0,0,2,2,0,0,2,213,131,43354,19,14,2,14,14,23,32,14,0,25,25,34,35,24.327,17,16,36.139118,-120.368378,177.240005,6,600,58,3,"e00fce68d6b773b56ce8baa0",2026-08-13 12:00:02.133,2026-08-13 12:00:02.494,2026-08-13 12:00:02.494,2026-08-13
"734","JGQ325HFhc","MOOSPMv3Parser",1786622401,0,0,1,0,0,1,1,0,0,1,115,70,2637467,15,8,1,8,8,24,32,8,0,25,26,34,33,35.943,35,5,36.139095,-120.368401,192.153,9,1,58,3,"e00fce686dc2ef0a68fa40b0",2026-08-13 12:00:02.976,2026-08-13 12:00:03.553,2026-08-13 12:00:03.553,2026-08-13
"735","zXMpzLD4fx","MOOSPMv3Parser",1786622400,0,0,1,0,0,1,1,0,0,1,180,93,4403,13,8,1,8,8,24,32,8,0,25,26,34,33,33.455,37,5,36.139095,-120.368401,192.153,9,599,58,3,"e00fce686dc2ef0a68fa40b0",2026-08-13 12:00:02.959,2026-08-13 12:00:03.614,2026-08-13 12:00:03.614,2026-08-13
"736","822rGEBDmB","MOOSPMv3Parser",1786622400,9,9,9,13,13,9,9,14,14,9,1803,511,106867,87,67,4,67,67,21,58,67,0,23,23,56,56,13.078,112,2,36.523304,-119.278801,79.891998,7,599,58,3,"e00fce68f12da1a0c5de6248",2026-08-13 12:00:03.442,2026-08-13 12:00:03.762,2026-08-13 12:00:03.762,2026-08-13
"737","bPkckP2UzW","MOOSPMv3Parser",1786622401,18,18,8,25,25,9,9,27,27,9,4308,934,4716,144,64,10,65,65,19,62,65,0,19,20,64,64,6.815,411,1,36.503147,-120.325455,75.186996,6,600,58,3,"e00fce68e77e43df92405fdb",2026-08-13 12:00:03.146,2026-08-13 12:00:03.772,2026-08-13 12:00:03.772,2026-08-13
"738","bc1Iahslav","MOOSPMv3Parser",1786622401,5,5,4,7,7,4,4,7,7,4,980,278,64236,46,30,2,30,30,23,26,30,0,25,25,37,38,27.731,9,3277,3.1e-05,0.002265,33216.242188,6,600,58,3,"e00fce68e28dcbc9a589be10",2026-08-13 12:00:03.057,2026-08-13 12:00:03.808,2026-08-13 12:00:03.808,2026-08-13
"739","YLdUZbOZnU","MOOSPMv3Parser",1786622400,7,7,0,12,12,0,0,13,13,0,1536,409,0,79,0,9,0,0,22,39,0,2,23,24,48,48,3.298,356,7,36.187691,-119.822296,30.820999,9,599,58,3,"e00fce68e739ecbcf9e91965",2026-08-13 12:00:03.277,2026-08-13 12:00:04.139,2026-08-13 12:00:04.139,2026-08-13
"740","8uPK83UY65","MOOSPMv3Parser",1786622401,15,15,11,23,23,12,12,24,24,12,2916,773,106958,147,89,10,89,89,21,58,89,0,23,23,54,55,15.117,146,2,36.762737,-119.798767,62.255001,11,600,58,3,"e00fce68e88237db75a60608",2026-08-13 12:00:03.739,2026-08-13 12:00:04.155,2026-08-13 12:00:04.155,2026-08-13
"741","S67zRQBGVN","MOOSPMv3Parser",1786622400,2,2,2,2,2,2,2,3,3,2,501,120,48078,18,15,1,15,15,23,24,15,0,29,25,27,35,513.26,20,12,36.139,-120.368309,179.593002,6,600,58,3,"e00fce6850cac69f647dc199",2026-08-13 12:00:04.824,2026-08-13 12:00:05.273,2026-08-13 12:00:05.273,2026-08-13
"742","WAds7piILh","MOOSPMv3Parser",1786622401,4,4,3,6,6,3,3,6,6,4,887,243,65290,41,23,2,23,23,20,52,23,0,21,22,57,54,3.026,300,1,35.949554,-119.050003,99.973999,6,600,58,3,"e00fce6808784ceaf209f949",2026-08-13 12:00:04.656,2026-08-13 12:00:05.348,2026-08-13 12:00:05.348,2026-08-13
"743","HybygY9E9a","MOOSPMv3Parser",1786622401,23,22,18,36,33,18,18,38,38,18,3911,1215,12596,222,138,18,138,138,0,0,138,0,20,21,61,59,9.447,500,1,36.433537,-119.923393,41.837002,6,599,58,3,"e00fce6876826e255108c6bd",2026-08-13 12:00:05.1,2026-08-13 12:00:05.588,2026-08-13 12:00:05.588,2026-08-13
"744","S7sKW4g9Fk","MOOSPMv3Parser",1786623000,0,0,1,0,0,1,1,0,0,1,181,96,4409,13,7,1,7,7,24,32,7,0,25,26,34,33,34.611,30,5,36.139042,-120.368301,204.850998,7,599,58,3,"e00fce686dc2ef0a68fa40b0",2026-08-13 12:10:02.103,2026-08-13 12:10:02.337,2026-08-13 12:10:02.337,2026-08-13
"745","JrLHYVHF7L","MOOSPMv3Parser",1786623000,9,9,8,13,13,9,9,14,14,9,1734,493,106745,88,65,5,65,65,21,57,65,0,23,23,55,55,14.289,86,2,36.523369,-119.278938,75.526001,7,600,58,3,"e00fce68f12da1a0c5de6248",2026-08-13 12:10:02.397,2026-08-13 12:10:02.676,2026-08-13 12:10:02.676,2026-08-13
"746","ngsNld2jA3","MOOSPMv3Parser",1786623001,0,0,2,0,0,2,2,0,0,2,217,133,43366,19,14,2,14,14,23,32,14,0,25,25,34,35,24.859,15,16,36.139107,-120.368332,172.253006,6,600,58,3,"e00fce68d6b773b56ce8baa0",2026-08-13 12:10:02.668,2026-08-13 12:10:02.981,2026-08-13 12:10:02.981,2026-08-13
"747","dQaMvfucU5","MOOSPMv3Parser",1786623001,9,9,7,13,13,7,7,14,14,7,1696,489,64281,84,53,5,53,53,23,29,53,0,24,25,40,40,26.211,36,3277,3.1e-05,0.002265,33216.242188,6,600,58,3,"e00fce68e28dcbc9a589be10",2026-08-13 12:10:02.921,2026-08-13 12:10:03.205,2026-08-13 12:10:03.205,2026-08-13
"748","SZlVBScdrQ","MOOSPMv3Parser",1786623001,18,18,8,25,25,9,9,26,26,9,4046,926,4771,139,64,10,64,64,19,64,64,0,19,20,66,66,5.906,409,1,36.503212,-120.325409,55.745998,5,600,58,3,"e00fce68e77e43df92405fdb",2026-08-13 12:10:03.15,2026-08-13 12:10:03.331,2026-08-13 12:10:03.331,2026-08-13
"749","HgbS5K8ujF","MOOSPMv3Parser",1786623000,13,13,0,22,22,0,0,24,24,0,2616,712,0,143,0,17,0,0,22,40,0,2,23,23,50,49,0,410,1,36.187511,-119.822212,8.744,5,599,58,3,"e00fce68e739ecbcf9e91965",2026-08-13 12:10:03.289,2026-08-13 12:10:03.441,2026-08-13 12:10:03.441,2026-08-13
"750","OynN9jivZc","MOOSPMv3Parser",1786623001,15,15,12,23,23,12,12,24,24,12,2910,768,107037,147,91,11,91,91,21,60,91,0,23,23,55,56,14.344,152,2,36.762714,-119.798752,53.602001,11,600,58,3,"e00fce68e88237db75a60608",2026-08-13 12:10:03.587,2026-08-13 12:10:03.74,2026-08-13 12:10:03.74,2026-08-13
"751","TerR6KPPzu","MOOSPMv3Parser",1786623000,2,2,2,3,3,2,2,3,3,2,523,128,48090,21,15,1,15,15,23,24,15,0,29,25,28,36,513.184,17,12,36.138939,-120.368347,187.518997,6,600,58,3,"e00fce6850cac69f647dc199",2026-08-13 12:10:03.866,2026-08-13 12:10:04.08,2026-08-13 12:10:04.08,2026-08-13
"752","LXU2pzPpwT","MOOSPMv3Parser",1786623001,4,4,3,6,6,4,4,7,7,4,902,245,65312,45,26,3,27,27,20,52,27,1,21,22,57,55,2.049,305,1,35.949535,-119.050011,101.213997,5,600,58,3,"e00fce6808784ceaf209f949",2026-08-13 12:10:04.602,2026-08-13 12:10:04.843,2026-08-13 12:10:04.843,2026-08-13
"753","E3oQMdTJ6s","MOOSPMv3Parser",1786623001,23,21,18,35,33,19,19,38,38,19,3831,1190,12719,225,140,20,141,141,0,0,141,0,20,21,61,60,10.29,485,1,36.433578,-119.923401,21.419001,10,599,58,3,"e00fce6876826e255108c6bd",2026-08-13 12:10:05.088,2026-08-13 12:10:05.274,2026-08-13 12:10:05.274,2026-08-13
"754","SAbDIeoHCK","MOOSPMv3Parser",1786623601,0,0,2,0,0,2,2,0,0,2,219,136,43378,19,15,2,15,15,23,34,15,0,25,26,37,38,24.363,28,16,36.139004,-120.368385,177.723999,8,600,58,3,"e00fce68d6b773b56ce8baa0",2026-08-13 12:20:02.192,2026-08-13 12:20:02.35,2026-08-13 12:20:02.35,2026-08-13
"755","djlUtIM2ID","MOOSPMv3Parser",1786623600,0,0,1,0,0,1,1,0,0,1,187,100,4408,13,7,1,7,7,24,34,7,0,25,26,37,35,33.211,57,5,36.138985,-120.368469,178.871002,8,600,58,3,"e00fce686dc2ef0a68fa40b0",2026-08-13 12:20:02.274,2026-08-13 12:20:02.448,2026-08-13 12:20:02.448,2026-08-13
"756","vL2hYgqPTR","MOOSPMv3Parser",1786623601,11,11,8,16,16,9,9,17,17,9,1987,571,64338,107,65,6,65,65,23,30,65,0,24,25,41,41,25.723,51,3277,3.1e-05,0.002265,33216.242188,6,600,58,3,"e00fce68e28dcbc9a589be10",2026-08-13 12:20:02.992,2026-08-13 12:20:03.243,2026-08-13 12:20:03.243,2026-08-13
"757","fPCAkNEGD9","MOOSPMv3Parser",1786623601,17,17,8,24,24,8,8,25,25,8,3784,875,4825,134,62,9,62,62,19,62,62,0,19,20,64,63,5.376,404,1,36.503212,-120.325409,55.748001,0,600,58,3,"e00fce68e77e43df92405fdb",2026-08-13 12:20:03.08,2026-08-13 12:20:03.283,2026-08-13 12:20:03.283,2026-08-13
"758","JzukqEYE06","MOOSPMv3Parser",1786623600,19,18,0,29,29,0,0,31,31,0,3456,955,0,182,0,19,0,0,22,42,0,2,22,23,51,50,0,415,1,36.187572,-119.822205,33.271999,8,599,58,3,"e00fce68e739ecbcf9e91965",2026-08-13 12:20:03.288,2026-08-13 12:20:03.437,2026-08-13 12:20:03.437,2026-08-13
"759","6uXvebaCYc","MOOSPMv3Parser",1786623601,19,18,14,28,27,14,14,28,28,14,3548,938,107132,169,108,12,108,108,21,60,108,0,22,23,56,56,9.124,226,1,36.762714,-119.798752,53.601002,0,600,58,3,"e00fce68e88237db75a60608",2026-08-13 12:20:03.643,2026-08-13 12:20:03.815,2026-08-13 12:20:03.815,2026-08-13
"760","kb7hb1h5tp","MOOSPMv3Parser",1786623600,2,2,2,2,2,2,2,3,3,2,534,127,48104,20,16,1,16,16,23,26,16,0,29,25,30,38,513.122,26,12,36.139011,-120.368416,159.289993,9,600,58,3,"e00fce6850cac69f647dc199",2026-08-13 12:20:04.169,2026-08-13 12:20:04.456,2026-08-13 12:20:04.456,2026-08-13
"761","YQu2pBNGs9","MOOSPMv3Parser",1786623601,4,4,3,6,6,3,3,6,6,3,846,231,65329,38,21,3,21,21,20,52,21,0,21,22,57,54,3.762,284,1,35.949543,-119.04998,105.376999,5,600,58,3,"e00fce6808784ceaf209f949",2026-08-13 12:20:04.673,2026-08-13 12:20:04.849,2026-08-13 12:20:04.849,2026-08-13
"762","B5UFv5LMbQ","MOOSPMv3Parser",1786623601,19,19,15,29,29,16,16,31,31,16,3290,1016,12820,187,116,16,117,117,0,0,117,0,20,21,61,60,11.175,418,1,36.43364,-119.923393,30.945999,8,599,58,3,"e00fce6876826e255108c6bd",2026-08-13 12:20:05.312,2026-08-13 12:20:05.457,2026-08-13 12:20:05.457,2026-08-13
"763","7BmN1DlTNE","MOOSPMv3Parser",1786623600,9,9,8,13,13,8,8,14,14,8,1676,475,106799,83,62,4,62,62,21,56,62,0,22,23,57,54,13.549,88,3,36.523319,-119.278839,87.445,8,600,58,3,"e00fce68f12da1a0c5de6248",2026-08-13 12:20:08.76,2026-08-13 12:20:08.92,2026-08-13 12:20:08.92,2026-08-13
"764","FNvovf0GNg","MOOSPMv3Parser",1786624201,0,0,2,0,0,2,2,0,0,2,221,139,43391,20,15,2,15,15,23,34,15,0,25,26,36,37,23.847,45,13,36.138966,-120.368431,180.089005,11,600,58,3,"e00fce68d6b773b56ce8baa0",2026-08-13 12:30:02.65,2026-08-13 12:30:02.8,2026-08-13 12:30:02.8,2026-08-13
"765","iuPcgLVem5","MOOSPMv3Parser",1786624200,0,0,1,0,0,1,1,0,0,1,185,101,4413,13,7,1,7,7,24,33,7,0,25,26,36,34,32.55,62,5,36.13908,-120.368469,172.110001,12,600,58,3,"e00fce686dc2ef0a68fa40b0",2026-08-13 12:30:02.573,2026-08-13 12:30:02.813,2026-08-13 12:30:02.813,2026-08-13
"766","mhM5fYrKqO","MOOSPMv3Parser",1786624201,0,0,1,0,0,1,1,0,0,1,183,99,2647949,16,6,1,6,6,24,33,6,0,25,26,36,34,33.266,48,5,36.13908,-120.368469,172.110001,12,1,58,3,"e00fce686dc2ef0a68fa40b0",2026-08-13 12:30:02.649,2026-08-13 12:30:02.9,2026-08-13 12:30:02.9,2026-08-13
"767","TxyUpbdxhw","MOOSPMv3Parser",1786624201,13,13,10,19,19,10,10,20,20,10,2370,677,64403,124,76,7,76,76,23,31,76,0,24,25,43,42,25.007,71,3277,3.1e-05,0.002265,33216.242188,6,600,58,3,"e00fce68e28dcbc9a589be10",2026-08-13 12:30:02.908,2026-08-13 12:30:03.07,2026-08-13 12:30:03.07,2026-08-13
"768","icTY4snpGv","MOOSPMv3Parser",1786624201,16,16,8,23,23,8,8,24,24,8,3554,842,4878,133,60,9,60,60,19,61,60,0,19,20,63,62,5.513,401,1,36.503113,-120.325409,62.721001,9,600,58,3,"e00fce68e77e43df92405fdb",2026-08-13 12:30:03.15,2026-08-13 12:30:03.32,2026-08-13 12:30:03.32,2026-08-13
"769","famQLrSoHN","MOOSPMv3Parser",1786624200,24,22,0,38,35,0,0,41,40,0,4408,1218,0,235,0,26,0,0,21,42,0,2,22,23,51,51,0,432,1,36.187565,-119.822411,2.094,8,599,58,3,"e00fce68e739ecbcf9e91965",2026-08-13 12:30:03.284,2026-08-13 12:30:03.442,2026-08-13 12:30:03.442,2026-08-13
"770","BjJFkdrJOh","MOOSPMv3Parser",1786624201,21,21,15,31,30,16,16,32,32,16,4349,1079,107234,191,118,13,118,118,20,60,118,0,22,22,56,56,9.385,226,1,36.762703,-119.798744,51.631001,9,600,58,3,"e00fce68e88237db75a60608",2026-08-13 12:30:03.64,2026-08-13 12:30:03.825,2026-08-13 12:30:03.825,2026-08-13
"771","qinPL3ja8Q","MOOSPMv3Parser",1786624200,2,2,2,3,3,2,2,3,3,2,542,134,48119,20,16,1,16,16,23,26,16,0,28,25,29,37,367.21,29,11,36.139,-120.368431,177.100006,8,600,58,3,"e00fce6850cac69f647dc199",2026-08-13 12:30:04.492,2026-08-13 12:30:04.709,2026-08-13 12:30:04.709,2026-08-13
"772","4K8bdraX9c","MOOSPMv3Parser",1786624201,4,4,3,6,6,3,4,6,6,4,845,229,65349,40,23,2,23,23,20,53,23,0,21,22,56,55,4.954,263,1,35.949543,-119.04998,105.374001,0,600,58,3,"e00fce6808784ceaf209f949",2026-08-13 12:30:04.597,2026-08-13 12:30:04.757,2026-08-13 12:30:04.757,2026-08-13
"773","FQjxT3mpEe","MOOSPMv3Parser",1786624201,18,18,15,29,28,16,16,31,31,16,3166,982,12921,186,116,18,116,116,0,0,116,0,20,21,62,61,11.714,344,1,36.433517,-119.923317,38.167,7,599,58,3,"e00fce6876826e255108c6bd",2026-08-13 12:30:05.141,2026-08-13 12:30:05.339,2026-08-13 12:30:05.339,2026-08-13
"774","yUBXuMh8kN","MOOSPMv3Parser",1786624200,8,8,8,12,12,8,8,12,12,8,1627,456,106852,78,60,4,61,61,21,56,61,0,22,23,57,54,12.114,117,3,36.523331,-119.278877,90.598,8,600,58,3,"e00fce68f12da1a0c5de6248",2026-08-13 12:30:06.496,2026-08-13 12:30:06.679,2026-08-13 12:30:06.679,2026-08-13
"775","9y7lkJd0XV","MOOSPMv3Parser",1786624801,0,0,2,0,0,2,2,0,0,2,219,138,43404,18,15,2,15,15,23,36,15,0,24,25,41,40,22.868,36,12,36.139069,-120.368477,162.287994,6,600,58,3,"e00fce68d6b773b56ce8baa0",2026-08-13 12:40:02.411,2026-08-13 12:40:02.61,2026-08-13 12:40:02.61,2026-08-13
"776","jIYJHwjhhz","MOOSPMv3Parser",1786624801,0,0,1,0,0,1,1,0,0,1,189,104,4420,14,8,1,8,8,24,36,8,0,24,26,40,37,31.708,51,5,36.13908,-120.368469,172.108994,0,600,58,3,"e00fce686dc2ef0a68fa40b0",2026-08-13 12:40:02.904,2026-08-13 12:40:03.091,2026-08-13 12:40:03.091,2026-08-13
"777","U5ATAiqWX2","MOOSPMv3Parser",1786624801,15,15,10,21,21,11,11,22,22,11,2556,736,64474,136,82,8,82,82,23,32,82,0,23,25,44,43,24.087,96,3277,3.1e-05,0.002265,33216.242188,6,600,58,3,"e00fce68e28dcbc9a589be10",2026-08-13 12:40:02.921,2026-08-13 12:40:03.129,2026-08-13 12:40:03.129,2026-08-13
"778","EXWHhNRf88","MOOSPMv3Parser",1786624801,16,16,8,23,23,8,8,24,24,8,3605,842,4929,130,59,11,59,59,19,58,59,0,19,20,60,61,3.154,412,1,36.503128,-120.325394,53.699001,8,600,58,3,"e00fce68e77e43df92405fdb",2026-08-13 12:40:03.15,2026-08-13 12:40:03.341,2026-08-13 12:40:03.341,2026-08-13
"779","VlzhJfDSZ2","MOOSPMv3Parser",1786624800,28,24,0,43,37,0,0,45,45,0,5033,1402,0,257,0,27,0,0,21,42,0,2,22,23,51,51,2.055,383,1,36.187546,-119.822243,22.181,10,599,58,3,"e00fce68e739ecbcf9e91965",2026-08-13 12:40:03.442,2026-08-13 12:40:03.631,2026-08-13 12:40:03.631,2026-08-13
"780","Af8ASINnXV","MOOSPMv3Parser",1786624801,24,22,17,36,33,18,18,37,37,18,4800,1223,107352,223,134,17,135,135,20,59,135,0,21,22,56,55,9.907,214,1,36.762711,-119.798775,66.167999,9,600,58,3,"e00fce68e88237db75a60608",2026-08-13 12:40:03.632,2026-08-13 12:40:03.8,2026-08-13 12:40:03.8,2026-08-13
"781","mliB95mXvs","MOOSPMv3Parser",1786624800,8,8,8,12,12,8,8,13,13,8,1602,448,106904,80,59,3,60,60,21,57,60,0,23,23,57,55,12.603,102,3,36.523266,-119.278786,88.059998,7,600,58,3,"e00fce68f12da1a0c5de6248",2026-08-13 12:40:04.133,2026-08-13 12:40:04.307,2026-08-13 12:40:04.307,2026-08-13
"782","OkQ58yLnp5","MOOSPMv3Parser",1786624800,2,2,2,3,3,2,2,3,3,2,535,130,48133,21,16,2,16,16,23,29,16,0,28,25,32,40,278.787,29,10,36.139,-120.368431,177.095001,0,600,58,3,"e00fce6850cac69f647dc199",2026-08-13 12:40:04.667,2026-08-13 12:40:04.866,2026-08-13 12:40:04.866,2026-08-13
"783","5K4V7OL0zh","MOOSPMv3Parser",1786624801,4,4,3,6,6,4,4,7,7,4,919,252,65370,46,24,3,25,25,20,53,25,1,21,22,57,55,4.23,269,1,35.949574,-119.04995,110.928001,8,600,58,3,"e00fce6808784ceaf209f949",2026-08-13 12:40:04.669,2026-08-13 12:40:04.873,2026-08-13 12:40:04.873,2026-08-13
"784","QiBrqmwHvM","MOOSPMv3Parser",1786624801,16,16,14,26,26,14,14,28,28,14,2878,893,13014,162,107,16,107,107,0,0,107,0,20,21,61,61,11.555,326,1,36.433498,-119.923332,22.034,9,599,58,3,"e00fce6876826e255108c6bd",2026-08-13 12:40:05.142,2026-08-13 12:40:05.301,2026-08-13 12:40:05.301,2026-08-13
"785","DDtRNKhgms","MOOSPMv3Parser",1786625400,0,0,1,0,0,1,1,0,0,1,187,104,4434,14,8,1,8,8,24,36,8,0,24,26,41,38,29.863,79,5,36.139042,-120.368446,177.832001,9,599,58,3,"e00fce686dc2ef0a68fa40b0",2026-08-13 12:50:01.934,2026-08-13 12:50:02.134,2026-08-13 12:50:02.134,2026-08-13
"786","Lv3XS13ezA","MOOSPMv3Parser",1786625401,0,0,2,0,0,2,2,0,0,2,229,147,43416,23,15,2,15,15,23,36,15,0,24,25,42,41,21.279,52,11,36.139069,-120.368477,162.289993,0,600,58,3,"e00fce68d6b773b56ce8baa0",2026-08-13 12:50:02.171,2026-08-13 12:50:02.381,2026-08-13 12:50:02.381,2026-08-13
"787","q9OwSneP9O","MOOSPMv3Parser",1786625401,0,0,2,0,0,2,2,0,0,2,99,91,2655771,23,13,0,13,13,24,36,13,0,24,26,41,38,28.932,84,4,36.139042,-120.368446,177.832001,9,1,58,3,"e00fce686dc2ef0a68fa40b0",2026-08-13 12:50:02.648,2026-08-13 12:50:02.926,2026-08-13 12:50:02.926,2026-08-13
"788","hkHz4k4MMH","MOOSPMv3Parser",1786625401,16,16,11,23,23,12,12,24,24,12,2782,803,64551,155,89,9,89,89,23,33,89,0,23,25,45,44,22.851,133,3277,3.1e-05,0.002265,33216.242188,6,600,58,3,"e00fce68e28dcbc9a589be10",2026-08-13 12:50:02.917,2026-08-13 12:50:03.075,2026-08-13 12:50:03.075,2026-08-13
"789","yhEykCWdd7","MOOSPMv3Parser",1786625401,15,15,7,21,21,8,8,22,22,8,3323,790,4979,119,57,6,57,57,18,61,57,0,19,20,62,63,1.795,421,1,36.503166,-120.325409,56.324001,7,600,58,3,"e00fce68e77e43df92405fdb",2026-08-13 12:50:03.243,2026-08-13 12:50:03.435,2026-08-13 12:50:03.435,2026-08-13
"790","xQAI7ItWbo","MOOSPMv3Parser",1786625400,29,25,0,44,38,0,0,46,45,0,5204,1443,0,273,0,23,0,0,21,43,0,2,22,23,51,52,8.483,336,2,36.187481,-119.822044,26.304001,12,599,58,3,"e00fce68e739ecbcf9e91965",2026-08-13 12:50:03.286,2026-08-13 12:50:03.482,2026-08-13 12:50:03.482,2026-08-13
"791","G58m7ML2R6","MOOSPMv3Parser",1786625401,28,24,19,41,37,20,20,43,42,20,5336,1387,107484,246,151,20,152,152,20,60,152,0,21,22,57,56,10.699,195,1,36.762699,-119.798767,66.024002,15,600,58,3,"e00fce68e88237db75a60608",2026-08-13 12:50:03.72,2026-08-13 12:50:04.01,2026-08-13 12:50:04.01,2026-08-13
"792","SxSOJckI6w","MOOSPMv3Parser",1786625400,2,2,2,3,3,2,2,3,3,2,560,139,48145,23,15,1,15,15,23,30,15,0,28,25,33,41,44.526,44,9,36.139023,-120.368431,160.065994,11,600,58,3,"e00fce6850cac69f647dc199",2026-08-13 12:50:03.852,2026-08-13 12:50:04.079,2026-08-13 12:50:04.079,2026-08-13
"793","0zd3GWHuy9","MOOSPMv3Parser",1786625401,4,4,3,6,6,3,3,6,6,3,923,254,65390,42,23,2,23,23,20,54,23,0,21,22,58,55,4.688,259,1,35.949673,-119.049927,106.056,7,600,58,3,"e00fce6808784ceaf209f949",2026-08-13 12:50:04.69,2026-08-13 12:50:04.859,2026-08-13 12:50:04.859,2026-08-13
"794","T3hTtnHgRW","MOOSPMv3Parser",1786625401,16,16,13,25,25,13,13,26,26,13,2779,861,13100,152,99,15,99,99,0,0,99,0,20,21,62,61,11.408,425,1,36.433636,-119.923378,6.167,7,599,58,3,"e00fce6876826e255108c6bd",2026-08-13 12:50:05.077,2026-08-13 12:50:05.271,2026-08-13 12:50:05.271,2026-08-13
"795","EDH6XJMUA0","MOOSPMv3Parser",1786625400,9,9,8,12,12,8,8,13,13,8,1667,468,106958,79,62,5,63,63,21,58,63,0,22,23,60,56,10.001,127,3,36.523338,-119.278809,80.528999,7,600,58,3,"e00fce68f12da1a0c5de6248",2026-08-13 12:50:12.944,2026-08-13 12:50:13.121,2026-08-13 12:50:13.121,2026-08-13
"796","83gGb26ocg","MOOSPMv3Parser",1786626000,0,0,1,0,0,1,1,0,0,1,193,110,4440,15,7,1,7,7,24,37,7,0,24,26,43,39,29.352,88,4,36.138981,-120.368393,180.419006,10,599,58,3,"e00fce686dc2ef0a68fa40b0",2026-08-13 13:00:02.122,2026-08-13 13:00:02.575,2026-08-13 13:00:02.575,2026-08-13
"797","X1QszRq4R6","MOOSPMv3Parser",1786626001,0,0,2,0,0,2,2,0,0,2,227,145,43429,21,16,2,16,16,23,37,16,0,24,25,43,42,20.746,68,9,36.138992,-120.368362,183.628006,10,600,58,3,"e00fce68d6b773b56ce8baa0",2026-08-13 13:00:02.333,2026-08-13 13:00:02.601,2026-08-13 13:00:02.601,2026-08-13
"798","SF6FNrWIsN","MOOSPMv3Parser",1786626000,9,9,8,13,13,8,8,14,14,8,1731,487,107013,81,62,4,62,62,21,60,62,0,22,23,61,57,7.611,171,2,36.52338,-119.278824,80.072998,7,600,58,3,"e00fce68f12da1a0c5de6248",2026-08-13 13:00:02.37,2026-08-13 13:00:02.718,2026-08-13 13:00:02.718,2026-08-13
"799","RmNEqYKQ1F","MOOSPMv3Parser",1786626001,17,17,12,24,24,13,13,25,25,13,2961,856,64634,159,97,8,97,97,22,34,98,0,23,25,46,44,22.255,153,3277,3.1e-05,0.002265,33216.242188,6,600,58,3,"e00fce68e28dcbc9a589be10",2026-08-13 13:00:03.038,2026-08-13 13:00:03.56,2026-08-13 13:00:03.56,2026-08-13
"800","JTRgGmohnE","MOOSPMv3Parser",1786626001,15,15,7,21,21,7,7,22,22,7,3239,766,5025,122,54,9,54,54,19,61,54,0,19,20,63,63,1.818,421,1,36.503082,-120.325439,55.686001,6,600,58,3,"e00fce68e77e43df92405fdb",2026-08-13 13:00:03.25,2026-08-13 13:00:03.685,2026-08-13 13:00:03.685,2026-08-13
"801","zfDNVGDYXF","MOOSPMv3Parser",1786626000,30,25,0,46,39,0,0,49,47,0,5402,1490,0,282,0,28,0,0,21,44,0,2,22,22,52,52,9.923,318,5,36.187473,-119.821953,35.812,9,599,58,3,"e00fce68e739ecbcf9e91965",2026-08-13 13:00:03.365,2026-08-13 13:00:03.732,2026-08-13 13:00:03.732,2026-08-13
"802","3cVWKnXQ3R","MOOSPMv3Parser",1786626001,30,26,21,45,39,22,22,46,45,22,5836,1502,107627,273,164,21,165,165,20,62,165,0,21,21,58,57,9.931,203,1,36.762718,-119.798767,67.598999,12,600,58,3,"e00fce68e88237db75a60608",2026-08-13 13:00:03.873,2026-08-13 13:00:04.065,2026-08-13 13:00:04.065,2026-08-13
"803","2AScuGCDmc","MOOSPMv3Parser",1786626000,2,2,2,3,3,2,2,3,3,2,573,140,48159,22,16,1,16,16,22,32,16,0,27,25,35,43,44.211,53,7,36.139019,-120.368462,173.414001,9,600,58,3,"e00fce6850cac69f647dc199",2026-08-13 13:00:04.023,2026-08-13 13:00:04.189,2026-08-13 13:00:04.189,2026-08-13
"804","hzWB0xYkGF","MOOSPMv3Parser",1786626001,4,4,3,6,6,3,3,6,6,3,916,250,65409,41,23,2,23,23,20,53,23,0,21,22,58,55,3.309,265,1,35.949509,-119.050049,111.014,9,600,58,3,"e00fce6808784ceaf209f949",2026-08-13 13:00:04.7,2026-08-13 13:00:04.848,2026-08-13 13:00:04.848,2026-08-13
"805","fMvsklspHn","MOOSPMv3Parser",1786626001,16,16,12,24,24,13,13,26,26,13,2740,850,13184,155,97,12,97,97,0,0,97,0,20,21,63,61,11.2,472,1,36.433544,-119.923286,55.451,6,599,58,3,"e00fce6876826e255108c6bd",2026-08-13 13:00:05.323,2026-08-13 13:00:05.495,2026-08-13 13:00:05.495,2026-08-13
"806","buyBFSgs4e","MOOSPMv3Parser",1786626601,0,0,2,0,0,2,2,0,0,2,225,142,43443,21,16,2,16,16,23,38,16,0,24,25,43,42,20.444,101,7,36.139057,-120.368477,182.809998,7,600,58,3,"e00fce68d6b773b56ce8baa0",2026-08-13 13:10:02.5,2026-08-13 13:10:02.686,2026-08-13 13:10:02.686,2026-08-13
"807","v1eqf8EEmS","MOOSPMv3Parser",1786626600,0,0,1,0,0,1,1,0,0,1,191,106,4439,14,7,1,7,7,23,37,7,0,24,26,43,40,27.901,108,4,36.139122,-120.368408,177.626007,6,600,58,3,"e00fce686dc2ef0a68fa40b0",2026-08-13 13:10:02.556,2026-08-13 13:10:02.737,2026-08-13 13:10:02.737,2026-08-13
"808","O6aHn9zZNW","MOOSPMv3Parser",1786626600,9,9,8,13,13,8,8,14,14,8,1768,493,107067,81,62,4,63,63,21,60,63,0,22,23,60,56,7.316,170,2,36.523495,-119.278839,85.283997,7,600,58,3,"e00fce68f12da1a0c5de6248",2026-08-13 13:10:02.513,2026-08-13 13:10:02.764,2026-08-13 13:10:02.764,2026-08-13
"809","FLLvyPEcUD","MOOSPMv3Parser",1786626601,19,19,14,27,27,14,14,28,28,14,3266,939,64726,174,106,10,106,106,22,34,106,0,23,25,46,45,21.134,177,3277,2e-06,-0.004268,24191.423828,8,600,58,3,"e00fce68e28dcbc9a589be10",2026-08-13 13:10:02.941,2026-08-13 13:10:03.142,2026-08-13 13:10:03.142,2026-08-13
"810","vFek1L28VX","MOOSPMv3Parser",1786626600,28,24,0,42,37,0,0,45,44,0,5042,1383,0,259,0,24,0,0,21,46,0,2,21,22,54,54,10.854,306,6,36.187435,-119.821815,38.459999,9,600,58,3,"e00fce68e739ecbcf9e91965",2026-08-13 13:10:03.284,2026-08-13 13:10:03.487,2026-08-13 13:10:03.487,2026-08-13
"811","G4mpgrHJzz","MOOSPMv3Parser",1786626601,14,14,7,19,19,7,7,21,21,7,3110,731,5070,114,52,7,52,52,19,63,52,0,19,20,63,64,4.237,392,1,36.50317,-120.325356,57.057999,6,600,58,3,"e00fce68e77e43df92405fdb",2026-08-13 13:10:03.335,2026-08-13 13:10:03.573,2026-08-13 13:10:03.573,2026-08-13
"812","Jtyfv3Y8L1","MOOSPMv3Parser",1786626601,30,25,21,44,38,22,22,46,45,22,5597,1477,107768,272,161,22,161,162,20,64,162,0,21,21,60,58,9.217,195,1,36.762703,-119.798752,62.672001,5,600,58,3,"e00fce68e88237db75a60608",2026-08-13 13:10:03.817,2026-08-13 13:10:03.978,2026-08-13 13:10:03.978,2026-08-13
"813","bIm2sJleCH","MOOSPMv3Parser",1786626600,2,2,2,3,3,2,2,3,3,2,576,140,48172,23,16,2,16,16,22,32,16,0,27,25,36,43,42.472,65,6,36.138988,-120.368477,169.074005,7,600,58,3,"e00fce6850cac69f647dc199",2026-08-13 13:10:04.57,2026-08-13 13:10:04.746,2026-08-13 13:10:04.746,2026-08-13
"814","eaH8eHNOsC","MOOSPMv3Parser",1786626601,4,4,3,6,6,3,3,7,7,3,920,255,65430,48,24,3,24,24,20,53,24,0,21,22,58,56,5.571,239,1,35.949512,-119.049942,117.446999,7,600,58,3,"e00fce6808784ceaf209f949",2026-08-13 13:10:04.891,2026-08-13 13:10:05.05,2026-08-13 13:10:05.05,2026-08-13
"815","DxstNlSGE9","MOOSPMv3Parser",1786626601,13,13,11,20,20,11,11,21,21,11,2350,723,13237,130,85,10,86,86,0,0,86,0,20,21,63,61,10.463,494,1,36.433544,-119.923286,55.445,0,600,58,3,"e00fce6876826e255108c6bd",2026-08-13 13:10:05.066,2026-08-13 13:10:05.21,2026-08-13 13:10:05.21,2026-08-13
"816","pYvHbAgsOQ","MOOSPMv3Parser",1786627201,0,0,2,0,0,2,2,0,0,2,219,139,43455,21,15,2,15,15,23,38,15,0,24,25,43,42,20.595,97,6,36.139072,-120.368439,188.940994,7,600,58,3,"e00fce68d6b773b56ce8baa0",2026-08-13 13:20:02.426,2026-08-13 13:20:02.599,2026-08-13 13:20:02.599,2026-08-13
"817","Y9bWHYW5a3","MOOSPMv3Parser",1786627200,0,0,1,0,0,1,1,0,0,1,190,103,4445,14,7,1,7,7,23,37,7,0,24,26,42,39,29.231,97,4,36.13908,-120.368401,176.339996,8,600,58,3,"e00fce686dc2ef0a68fa40b0",2026-08-13 13:20:02.9,2026-08-13 13:20:03.064,2026-08-13 13:20:03.064,2026-08-13
"818","nJRgCFEno3","MOOSPMv3Parser",1786627201,19,19,14,28,28,15,15,30,30,15,3341,960,64821,187,111,10,111,111,22,35,111,0,23,24,47,45,20.298,201,3277,2e-06,-0.004268,24191.423828,8,600,58,3,"e00fce68e28dcbc9a589be10",2026-08-13 13:20:02.899,2026-08-13 13:20:03.126,2026-08-13 13:20:03.126,2026-08-13
"819","vy7UEpiLBt","MOOSPMv3Parser",1786627201,12,12,6,18,18,7,7,19,19,7,2851,666,5113,106,49,7,49,49,19,63,49,0,20,20,63,64,7.032,346,1,36.503178,-120.32534,54.974998,7,600,58,3,"e00fce68e77e43df92405fdb",2026-08-13 13:20:03.322,2026-08-13 13:20:03.547,2026-08-13 13:20:03.547,2026-08-13
"820","0OgtJ6YdMQ","MOOSPMv3Parser",1786627200,25,23,0,38,34,0,0,40,40,0,4562,1237,0,230,0,22,0,0,21,46,0,2,21,22,54,54,12.275,273,7,36.187435,-119.821815,38.456001,0,600,58,3,"e00fce68e739ecbcf9e91965",2026-08-13 13:20:03.368,2026-08-13 13:20:03.578,2026-08-13 13:20:03.578,2026-08-13
"821","JLmRJkIA7y","MOOSPMv3Parser",1786627201,30,25,21,45,38,22,22,46,45,22,5601,1479,107912,271,164,25,165,165,20,65,165,0,20,21,60,59,7.817,206,1,36.762726,-119.798721,65.196999,8,600,58,3,"e00fce68e88237db75a60608",2026-08-13 13:20:03.643,2026-08-13 13:20:03.848,2026-08-13 13:20:03.848,2026-08-13
"822","YflQMocwA8","MOOSPMv3Parser",1786627200,2,2,2,3,3,2,2,3,3,2,537,131,48186,21,15,1,15,15,22,32,15,0,27,24,36,42,43.683,61,6,36.138939,-120.368347,177.811996,9,600,58,3,"e00fce6850cac69f647dc199",2026-08-13 13:20:04.675,2026-08-13 13:20:04.841,2026-08-13 13:20:04.841,2026-08-13
"823","aHqQaiQTRo","MOOSPMv3Parser",1786627201,4,4,4,7,7,4,5,7,7,5,966,270,65454,50,29,4,29,29,20,53,29,1,21,22,58,55,1.818,283,1,35.949547,-119.049957,101.5,8,600,58,3,"e00fce6808784ceaf209f949",2026-08-13 13:20:04.754,2026-08-13 13:20:04.943,2026-08-13 13:20:04.943,2026-08-13
"824","z1RVbqMlBP","MOOSPMv3Parser",1786627201,12,12,10,18,18,10,10,19,19,10,2067,639,13302,114,75,9,75,75,0,0,75,0,20,21,63,61,9.301,500,1,36.433578,-119.923416,19.382999,8,600,58,3,"e00fce6876826e255108c6bd",2026-08-13 13:20:05.384,2026-08-13 13:20:05.549,2026-08-13 13:20:05.549,2026-08-13
"825","nYXbZAHx0m","MOOSPMv3Parser",1786627200,8,8,7,12,12,7,7,13,13,7,1625,454,107116,77,55,4,55,55,21,60,55,0,22,23,61,57,7.825,141,1,36.523376,-119.278854,90.175003,6,600,58,3,"e00fce68f12da1a0c5de6248",2026-08-13 13:20:06.992,2026-08-13 13:20:07.207,2026-08-13 13:20:07.207,2026-08-13
"826","HpfFWtIbjg","MOOSPMv3Parser",1786627800,0,0,1,0,0,1,1,0,0,1,187,102,4451,14,7,1,7,7,23,38,7,0,24,26,43,40,29.021,85,4,36.139053,-120.368355,191.695007,10,600,58,3,"e00fce686dc2ef0a68fa40b0",2026-08-13 13:30:01.94,2026-08-13 13:30:02.162,2026-08-13 13:30:02.162,2026-08-13
"827","Gtt4htBnM9","MOOSPMv3Parser",1786627801,0,0,2,0,0,2,2,0,0,2,215,135,43468,18,15,1,15,15,23,39,15,0,24,25,44,43,20.953,86,6,36.138901,-120.36837,180.483994,8,600,58,3,"e00fce68d6b773b56ce8baa0",2026-08-13 13:30:02.059,2026-08-13 13:30:02.224,2026-08-13 13:30:02.224,2026-08-13
"828","PieSWtnxoz","MOOSPMv3Parser",1786627801,0,0,1,0,0,1,1,0,0,1,184,112,2670669,17,6,0,6,6,23,38,6,0,24,26,43,40,26.893,81,4,36.139053,-120.368355,191.695007,10,1,58,3,"e00fce686dc2ef0a68fa40b0",2026-08-13 13:30:02.666,2026-08-13 13:30:02.85,2026-08-13 13:30:02.85,2026-08-13
"829","HeznbqvGDF","MOOSPMv3Parser",1786627801,20,20,14,29,28,15,15,30,30,15,3435,993,64916,184,109,10,110,110,22,35,110,0,23,24,46,45,19.625,222,3277,2e-06,-0.004268,24191.423828,8,600,58,3,"e00fce68e28dcbc9a589be10",2026-08-13 13:30:02.954,2026-08-13 13:30:03.1,2026-08-13 13:30:03.1,2026-08-13
"830","HIKvr3wyAk","MOOSPMv3Parser",1786627800,24,22,0,36,33,0,0,38,38,0,4376,1191,0,212,0,20,0,0,20,48,0,2,21,22,55,55,11.723,273,8,36.187515,-119.822029,32.347,8,600,58,3,"e00fce68e739ecbcf9e91965",2026-08-13 13:30:03.286,2026-08-13 13:30:03.467,2026-08-13 13:30:03.467,2026-08-13
"831","WuoUB07Bv2","MOOSPMv3Parser",1786627801,27,24,19,40,36,20,20,42,42,20,5045,1346,108045,249,153,21,153,153,20,66,153,0,21,21,60,60,6.129,216,1,36.762711,-119.798676,55.987,8,600,58,3,"e00fce68e88237db75a60608",2026-08-13 13:30:03.728,2026-08-13 13:30:03.882,2026-08-13 13:30:03.882,2026-08-13
"832","tSs1Dy63P0","MOOSPMv3Parser",1786627800,2,2,2,3,3,2,2,3,3,2,557,137,48199,24,15,1,15,15,22,33,15,0,27,24,37,44,44.641,53,6,36.138988,-120.36834,183.979004,11,600,58,3,"e00fce6850cac69f647dc199",2026-08-13 13:30:03.874,2026-08-13 13:30:04.047,2026-08-13 13:30:04.047,2026-08-13
"833","ZXxeD3m50N","MOOSPMv3Parser",1786627801,5,5,4,8,8,6,7,8,8,7,996,277,65479,55,31,5,32,32,20,54,32,1,21,22,59,56,1.051,293,1,35.949543,-119.049904,121.987,9,600,58,3,"e00fce6808784ceaf209f949",2026-08-13 13:30:04.776,2026-08-13 13:30:04.945,2026-08-13 13:30:04.945,2026-08-13
"834","4Ma4AYbASy","MOOSPMv3Parser",1786627801,11,11,10,17,17,10,10,20,20,10,2016,626,13389,118,75,10,76,76,1,0,76,0,20,21,63,62,8.55,500,1,36.433601,-119.923378,26.066999,6,599,58,3,"e00fce6876826e255108c6bd",2026-08-13 13:30:05.187,2026-08-13 13:30:05.385,2026-08-13 13:30:05.385,2026-08-13
"835","1KDbofwOCQ","MOOSPMv3Parser",1786627800,7,7,6,10,10,7,7,11,11,7,1433,394,107159,67,50,4,50,50,21,60,50,0,22,23,59,57,8.528,125,1,36.523346,-119.278839,81.103996,7,600,58,3,"e00fce68f12da1a0c5de6248",2026-08-13 13:30:06.92,2026-08-13 13:30:07.092,2026-08-13 13:30:07.092,2026-08-13
"836","FOAblUSEtu","MOOSPMv3Parser",1786627801,11,11,6,17,17,7,8,18,18,8,2643,607,5156,102,50,8,51,51,-10,-10,51,0,20,20,62,63,8.989,323,1,36.503159,-120.325417,61.762001,6,600,58,3,"e00fce68e77e43df92405fdb",2026-08-13 13:30:19.096,2026-08-13 13:30:19.273,2026-08-13 13:30:19.273,2026-08-13
"837","OnxaSRdd1b","MOOSPMv3Parser",1786628400,0,0,1,0,0,1,1,0,0,1,183,97,4465,13,8,1,8,8,23,38,8,0,24,26,43,41,28.367,89,4,36.139042,-120.368324,188.598999,10,599,58,3,"e00fce686dc2ef0a68fa40b0",2026-08-13 13:40:02.26,2026-08-13 13:40:02.471,2026-08-13 13:40:02.471,2026-08-13
"838","pDoohFEBsX","MOOSPMv3Parser",1786628401,0,0,2,0,0,2,2,0,0,2,223,141,43480,21,14,2,14,14,23,38,14,0,24,25,43,43,20.361,88,7,36.139004,-120.368393,178.356995,8,600,58,3,"e00fce68d6b773b56ce8baa0",2026-08-13 13:40:02.343,2026-08-13 13:40:02.608,2026-08-13 13:40:02.608,2026-08-13
"839","P79ZltzDI0","MOOSPMv3Parser",1786628401,22,21,16,33,31,16,16,34,34,16,3866,1117,65021,214,122,11,122,122,22,34,122,0,23,24,45,45,18.868,227,3277,2e-06,-0.004268,24191.423828,8,600,58,3,"e00fce68e28dcbc9a589be10",2026-08-13 13:40:02.911,2026-08-13 13:40:03.17,2026-08-13 13:40:03.17,2026-08-13
"840","VpxTkJcyGp","MOOSPMv3Parser",1786628401,11,11,5,16,16,6,6,16,16,6,2648,601,5193,91,42,6,43,43,-10,-10,43,0,20,20,63,65,8.449,321,1,36.503117,-120.325363,56.549,6,600,58,3,"e00fce68e77e43df92405fdb",2026-08-13 13:40:03.267,2026-08-13 13:40:03.443,2026-08-13 13:40:03.443,2026-08-13
"841","ySHyEzLQgd","MOOSPMv3Parser",1786628400,7,7,6,10,10,7,7,10,10,7,1398,386,107202,63,49,3,49,49,21,59,49,0,22,23,59,57,8.335,134,1,36.523346,-119.278839,81.100998,0,600,58,3,"e00fce68f12da1a0c5de6248",2026-08-13 13:40:03.313,2026-08-13 13:40:03.555,2026-08-13 13:40:03.555,2026-08-13
"842","DMhG8X2Kcm","MOOSPMv3Parser",1786628400,25,22,0,38,35,0,0,41,41,0,4517,1252,0,234,0,23,0,0,20,49,0,2,21,22,56,56,9.614,325,8,36.187443,-119.821983,32.917,9,600,58,3,"e00fce68e739ecbcf9e91965",2026-08-13 13:40:03.446,2026-08-13 13:40:03.602,2026-08-13 13:40:03.602,2026-08-13
"843","PMRWHvCyI5","MOOSPMv3Parser",1786628401,24,22,18,36,33,18,18,37,37,18,4458,1212,108165,219,137,17,138,138,19,68,138,0,20,21,61,61,4.872,225,1,36.762745,-119.798759,60.874001,6,600,58,3,"e00fce68e88237db75a60608",2026-08-13 13:40:03.656,2026-08-13 13:40:03.849,2026-08-13 13:40:03.849,2026-08-13
"844","ho9PT2nxQU","MOOSPMv3Parser",1786628400,2,2,2,2,2,2,2,3,3,2,510,123,48212,19,15,1,16,16,22,34,16,0,27,24,37,44,43.047,54,6,36.139038,-120.368408,170.042999,7,600,58,3,"e00fce6850cac69f647dc199",2026-08-13 13:40:04.098,2026-08-13 13:40:04.279,2026-08-13 13:40:04.279,2026-08-13
"845","7SpSo3NGi8","MOOSPMv3Parser",1786628401,5,5,4,8,8,6,8,8,8,9,1030,285,65503,56,31,5,33,33,20,54,33,1,21,22,59,56,0.752,297,1,35.949432,-119.049988,101.657997,8,600,58,3,"e00fce6808784ceaf209f949",2026-08-13 13:40:04.827,2026-08-13 13:40:05.025,2026-08-13 13:40:05.025,2026-08-13
"846","NiHG5BSXKP","MOOSPMv3Parser",1786628401,11,11,9,17,17,10,10,19,19,10,1937,601,13453,112,73,11,73,73,0,0,73,0,20,21,63,62,8.581,500,1,36.433933,-119.92334,52.993999,6,599,58,3,"e00fce6876826e255108c6bd",2026-08-13 13:40:05.174,2026-08-13 13:40:05.314,2026-08-13 13:40:05.314,2026-08-13
"847","pnp1gBAnSj","MOOSPMv3Parser",1786629000,7,7,6,10,10,7,7,11,11,7,1477,404,107424,63,50,3,50,50,21,60,50,0,22,23,59,57,6.862,160,1,36.523357,-119.27877,85.216003,5,599,58,3,"e00fce68f12da1a0c5de6248",2026-08-13 13:50:02.365,2026-08-13 13:50:02.559,2026-08-13 13:50:02.559,2026-08-13
"848","YrJX0ri7Km","MOOSPMv3Parser",1786629000,0,0,1,0,0,1,1,0,0,1,190,105,4464,14,8,1,8,8,23,40,8,0,24,25,46,43,28.146,94,4,36.13903,-120.36834,197.600998,11,600,58,3,"e00fce686dc2ef0a68fa40b0",2026-08-13 13:50:02.583,2026-08-13 13:50:02.77,2026-08-13 13:50:02.77,2026-08-13
"849","1ojcSGF0kP","MOOSPMv3Parser",1786629001,0,0,2,0,0,2,2,0,0,2,224,141,43493,21,16,2,16,16,23,41,16,0,24,25,46,45,20.319,97,6,36.138966,-120.368362,177.882996,7,600,58,3,"e00fce68d6b773b56ce8baa0",2026-08-13 13:50:02.555,2026-08-13 13:50:02.978,2026-08-13 13:50:02.978,2026-08-13
"850","eFhQWPJDCa","MOOSPMv3Parser",1786629001,18,18,13,26,26,14,14,27,27,14,3071,887,65108,168,101,9,101,101,23,33,101,0,24,25,43,43,20.031,212,3277,2e-06,-0.004268,24191.423828,8,600,58,3,"e00fce68e28dcbc9a589be10",2026-08-13 13:50:02.926,2026-08-13 13:50:03.215,2026-08-13 13:50:03.215,2026-08-13
"851","VHt3kp5RcD","MOOSPMv3Parser",1786629001,10,10,5,15,15,5,5,16,16,5,2487,569,5227,88,40,6,40,40,19,62,40,0,20,20,62,63,9.662,315,1,36.503178,-120.325386,49.505001,5,600,58,3,"e00fce68e77e43df92405fdb",2026-08-13 13:50:03.322,2026-08-13 13:50:03.522,2026-08-13 13:50:03.522,2026-08-13
"852","0I0Uvg10K0","MOOSPMv3Parser",1786629000,25,23,0,40,36,0,0,43,42,0,4569,1265,0,249,0,27,0,0,20,49,0,2,21,22,56,56,9.013,333,6,36.187492,-119.821991,39.074001,7,600,58,3,"e00fce68e739ecbcf9e91965",2026-08-13 13:50:03.517,2026-08-13 13:50:03.761,2026-08-13 13:50:03.761,2026-08-13
"853","heni5XTDom","MOOSPMv3Parser",1786629001,23,22,17,36,33,18,18,37,37,18,4375,1174,108282,222,133,19,134,134,19,69,134,0,20,21,62,61,4.128,224,1,36.762756,-119.798828,63.014,5,600,58,3,"e00fce68e88237db75a60608",2026-08-13 13:50:03.884,2026-08-13 13:50:04.086,2026-08-13 13:50:04.086,2026-08-13
"854","A7t6YJCTOR","MOOSPMv3Parser",1786629000,2,2,2,3,3,2,2,3,3,2,556,134,48226,21,16,2,16,16,22,36,16,0,26,24,40,46,43.334,61,6,36.139019,-120.368439,195.281998,6,600,58,3,"e00fce6850cac69f647dc199",2026-08-13 13:50:04.496,2026-08-13 13:50:04.691,2026-08-13 13:50:04.691,2026-08-13
"855","hRgRtVIEF6","MOOSPMv3Parser",1786629001,5,5,4,7,7,5,6,8,8,6,1016,277,65526,51,28,4,29,29,20,54,29,1,21,22,59,56,0.786,295,1,35.949593,-119.049919,115.286003,7,600,58,3,"e00fce6808784ceaf209f949",2026-08-13 13:50:04.942,2026-08-13 13:50:05.101,2026-08-13 13:50:05.101,2026-08-13
"856","hKM35KeOkc","MOOSPMv3Parser",1786629001,10,10,8,16,16,9,9,17,17,9,1740,541,13486,101,64,11,64,64,0,0,64,0,20,21,62,62,9.527,500,1,36.433617,-119.923424,28.316999,6,600,58,3,"e00fce6876826e255108c6bd",2026-08-13 13:50:05.269,2026-08-13 13:50:05.414,2026-08-13 13:50:05.414,2026-08-13
"857","fz2H5Q9KVb","MOOSPMv3Parser",1786629601,0,0,2,0,0,2,2,0,0,2,218,138,43505,19,15,2,15,15,22,42,15,0,24,25,46,46,19.902,113,6,36.138947,-120.368423,188.192001,9,600,58,3,"e00fce68d6b773b56ce8baa0",2026-08-13 14:00:02.179,2026-08-13 14:00:02.526,2026-08-13 14:00:02.526,2026-08-13
"858","rGo5NSiHxS","MOOSPMv3Parser",1786629600,7,7,6,10,10,7,7,11,11,7,1464,403,107288,65,49,3,49,49,21,60,49,0,22,23,60,57,6.868,163,1,36.523224,-119.278854,81.019997,5,600,58,3,"e00fce68f12da1a0c5de6248",2026-08-13 14:00:02.558,2026-08-13 14:00:03.073,2026-08-13 14:00:03.073,2026-08-13
"859","F8fcGbVu4G","MOOSPMv3Parser",1786629601,0,0,1,0,0,1,1,0,0,1,90,80,2682182,12,8,0,8,8,23,41,8,0,24,25,46,43,28.04,110,4,36.138939,-120.368416,157.839996,9,1,58,3,"e00fce686dc2ef0a68fa40b0",2026-08-13 14:00:02.843,2026-08-13 14:00:03.341,2026-08-13 14:00:03.341,2026-08-13
"860","2UmbybH8N3","MOOSPMv3Parser",1786629601,11,11,8,16,16,9,9,17,17,9,2027,576,65164,104,65,6,65,65,23,33,65,0,24,25,43,43,18.365,202,3277,2e-06,-0.004268,24191.423828,8,600,58,3,"e00fce68e28dcbc9a589be10",2026-08-13 14:00:02.838,2026-08-13 14:00:03.388,2026-08-13 14:00:03.388,2026-08-13
"861","fPcT73VrVM","MOOSPMv3Parser",1786629600,0,0,1,0,0,1,1,0,0,1,184,102,4470,14,7,1,7,7,23,41,7,0,24,25,46,43,27.666,109,4,36.138939,-120.368416,157.839996,9,600,58,3,"e00fce686dc2ef0a68fa40b0",2026-08-13 14:00:02.842,2026-08-13 14:00:03.472,2026-08-13 14:00:03.472,2026-08-13
"862","6XoCn42mId","MOOSPMv3Parser",1786629600,21,21,0,34,32,0,0,36,36,0,3956,1094,0,217,0,20,0,0,21,49,0,2,21,22,56,56,3.388,364,4,36.187416,-119.822105,27.9,8,600,58,3,"e00fce68e739ecbcf9e91965",2026-08-13 14:00:03.453,2026-08-13 14:00:03.69,2026-08-13 14:00:03.69,2026-08-13
"863","rSBCW6FjNq","MOOSPMv3Parser",1786629601,10,10,5,15,15,6,6,15,15,6,2482,562,5263,87,42,5,42,42,19,62,42,0,20,20,61,62,9.517,304,1,36.503178,-120.325386,49.506001,0,600,58,3,"e00fce68e77e43df92405fdb",2026-08-13 14:00:03.323,2026-08-13 14:00:03.781,2026-08-13 14:00:03.781,2026-08-13
"864","ARpNOObBm4","MOOSPMv3Parser",1786629601,22,21,16,33,31,17,17,34,34,17,4152,1120,108393,201,127,15,128,128,19,70,128,0,20,21,62,61,3.621,233,1,36.762711,-119.798805,63.523998,12,600,58,3,"e00fce68e88237db75a60608",2026-08-13 14:00:03.789,2026-08-13 14:00:04.086,2026-08-13 14:00:04.086,2026-08-13
"865","MjYy8p8dT0","MOOSPMv3Parser",1786629601,4,4,3,6,6,4,4,7,7,4,945,260,65548,44,26,3,26,26,20,54,26,1,22,22,56,56,1.491,277,1,35.949631,-119.049904,131.837997,6,600,58,3,"e00fce6808784ceaf209f949",2026-08-13 14:00:04.696,2026-08-13 14:00:04.911,2026-08-13 14:00:04.911,2026-08-13
"866","6n422s1b8r","MOOSPMv3Parser",1786629600,2,2,2,3,3,2,2,3,3,2,539,131,48239,20,15,1,15,15,22,37,15,0,26,24,40,47,41.645,70,5,36.138981,-120.368561,194.311996,6,600,58,3,"e00fce6850cac69f647dc199",2026-08-13 14:00:04.811,2026-08-13 14:00:05.024,2026-08-13 14:00:05.024,2026-08-13
"867","1GqffKMFLH","MOOSPMv3Parser",1786629601,8,8,7,12,12,7,7,13,13,7,1476,455,13557,79,56,4,56,56,1,0,56,0,20,21,61,61,10.601,437,1,36.433708,-119.92334,23.775999,5,599,58,3,"e00fce6876826e255108c6bd",2026-08-13 14:00:05.193,2026-08-13 14:00:05.34,2026-08-13 14:00:05.34,2026-08-13
"868","yH20wxyeyh","MOOSPMv3Parser",1786630200,0,0,1,0,0,1,1,0,0,1,191,105,4484,14,8,1,8,8,23,42,8,0,23,25,48,44,27.002,113,3,36.138901,-120.368362,157.630005,9,599,58,3,"e00fce686dc2ef0a68fa40b0",2026-08-13 14:10:01.886,2026-08-13 14:10:02.089,2026-08-13 14:10:02.089,2026-08-13
"869","vt6cjNEFZg","MOOSPMv3Parser",1786630201,0,0,2,0,0,2,2,0,0,2,215,139,43518,19,15,2,16,16,22,43,16,0,23,24,49,47,19.477,121,5,36.139027,-120.368393,186.811005,11,600,58,3,"e00fce68d6b773b56ce8baa0",2026-08-13 14:10:02.588,2026-08-13 14:10:02.826,2026-08-13 14:10:02.826,2026-08-13
"870","ZFK46cyttl","MOOSPMv3Parser",1786630201,3,3,3,5,5,3,3,5,5,3,725,205,65183,33,22,2,22,22,23,35,22,0,24,25,45,45,18.783,219,3277,2e-06,-0.004268,24191.423828,8,600,58,3,"e00fce68e28dcbc9a589be10",2026-08-13 14:10:02.833,2026-08-13 14:10:03.099,2026-08-13 14:10:03.099,2026-08-13
"871","5jpt3wxYbr","MOOSPMv3Parser",1786630201,9,9,5,12,12,5,5,13,13,5,2206,484,5294,75,36,4,36,36,-10,-10,36,0,20,20,61,62,11.663,268,1,36.503128,-120.325401,53.466999,9,600,58,3,"e00fce68e77e43df92405fdb",2026-08-13 14:10:03.169,2026-08-13 14:10:03.426,2026-08-13 14:10:03.426,2026-08-13
"872","5JGOXGuPkQ","MOOSPMv3Parser",1786630200,19,19,0,30,29,0,0,31,31,0,3536,982,0,185,0,16,0,0,21,48,0,2,22,23,56,55,0,393,1,36.187485,-119.822159,23.24,10,600,58,3,"e00fce68e739ecbcf9e91965",2026-08-13 14:10:03.452,2026-08-13 14:10:03.64,2026-08-13 14:10:03.64,2026-08-13
"873","HxYNQYtGOe","MOOSPMv3Parser",1786630201,20,20,15,32,31,16,16,33,33,16,3881,1035,108496,199,117,18,118,118,20,69,118,0,20,21,62,61,3.87,236,1,36.762711,-119.798805,63.52,0,600,58,3,"e00fce68e88237db75a60608",2026-08-13 14:10:03.721,2026-08-13 14:10:03.917,2026-08-13 14:10:03.917,2026-08-13
"874","o03UzPvaWg","MOOSPMv3Parser",1786630200,2,2,2,2,2,2,2,3,3,2,564,136,48251,19,14,1,14,14,22,39,14,0,26,24,42,48,41.534,75,5,36.139019,-120.36834,175.376999,9,600,58,3,"e00fce6850cac69f647dc199",2026-08-13 14:10:03.94,2026-08-13 14:10:04.101,2026-08-13 14:10:04.101,2026-08-13
"875","F45xFhRCcP","MOOSPMv3Parser",1786630201,4,4,3,6,6,4,4,7,7,4,942,263,65570,45,26,3,27,27,21,52,27,1,22,22,54,54,4.967,234,1,35.949539,-119.04998,116.044998,4,600,58,3,"e00fce6808784ceaf209f949",2026-08-13 14:10:04.972,2026-08-13 14:10:05.162,2026-08-13 14:10:05.162,2026-08-13
"876","h2FpD0O2IH","MOOSPMv3Parser",1786630201,7,7,7,11,11,7,7,12,12,7,1305,403,13602,75,51,6,52,52,0,0,52,0,20,21,61,60,11.775,220,1,36.433681,-119.923347,20.514,5,599,58,3,"e00fce6876826e255108c6bd",2026-08-13 14:10:05.207,2026-08-13 14:10:05.367,2026-08-13 14:10:05.367,2026-08-13
"877","b6MoNDVNLW","MOOSPMv3Parser",1786630801,0,0,2,0,0,2,2,0,0,2,224,140,43532,22,16,2,16,16,22,43,16,0,23,24,50,47,18.898,142,4,36.138996,-120.368431,188.216995,9,600,58,3,"e00fce68d6b773b56ce8baa0",2026-08-13 14:20:02.249,2026-08-13 14:20:02.469,2026-08-13 14:20:02.469,2026-08-13
"878","vSE5wLHfS3","MOOSPMv3Parser",1786630801,2,2,3,4,4,3,3,4,4,3,611,175,65201,29,20,1,21,21,23,35,21,0,25,25,44,45,18.456,238,3277,2e-06,-0.004268,24191.423828,8,600,58,3,"e00fce68e28dcbc9a589be10",2026-08-13 14:20:03.17,2026-08-13 14:20:03.353,2026-08-13 14:20:03.353,2026-08-13
"879","YNPCIxSQn7","MOOSPMv3Parser",1786630801,7,7,4,10,10,4,4,11,11,4,1970,414,5320,61,29,4,29,29,19,62,29,0,20,20,62,62,13.819,233,1,36.503132,-120.325417,65.379997,8,600,58,3,"e00fce68e77e43df92405fdb",2026-08-13 14:20:03.188,2026-08-13 14:20:03.389,2026-08-13 14:20:03.389,2026-08-13
"880","Fk3Kl0LuSp","MOOSPMv3Parser",1786630800,18,18,0,28,28,0,0,30,30,0,3417,933,0,170,0,19,0,0,22,46,0,2,22,23,55,53,0,369,1,36.187492,-119.822044,25.122,11,600,58,3,"e00fce68e739ecbcf9e91965",2026-08-13 14:20:03.386,2026-08-13 14:20:03.563,2026-08-13 14:20:03.563,2026-08-13
"881","WLBEc84CGg","MOOSPMv3Parser",1786630801,0,0,1,0,0,1,1,0,0,1,189,105,4476,15,8,1,8,8,23,42,8,0,23,25,49,45,26.824,126,3,36.138977,-120.368393,158.947998,8,601,58,3,"e00fce686dc2ef0a68fa40b0",2026-08-13 14:20:03.614,2026-08-13 14:20:03.754,2026-08-13 14:20:03.754,2026-08-13
"882","F8PQQ8UNAA","MOOSPMv3Parser",1786630801,19,19,14,28,28,15,15,29,29,15,3630,967,108594,176,112,12,113,113,20,68,113,0,21,21,61,60,3.827,235,1,36.762684,-119.798744,66.752998,9,600,58,3,"e00fce68e88237db75a60608",2026-08-13 14:20:03.721,2026-08-13 14:20:03.932,2026-08-13 14:20:03.932,2026-08-13
"883","YF6dX8fBHK","MOOSPMv3Parser",1786630800,2,2,2,3,3,2,2,3,3,2,534,133,48264,21,15,1,15,15,22,39,15,0,25,24,43,48,40.786,89,4,36.138966,-120.368393,181.067993,10,600,58,3,"e00fce6850cac69f647dc199",2026-08-13 14:20:03.785,2026-08-13 14:20:04.023,2026-08-13 14:20:04.023,2026-08-13
"884","gXfrDUKqP5","MOOSPMv3Parser",1786630801,4,4,3,6,6,4,4,7,7,5,933,259,65592,45,26,4,26,26,21,52,26,1,23,23,54,54,5.255,229,1,35.949657,-119.049965,117.163002,6,600,58,3,"e00fce6808784ceaf209f949",2026-08-13 14:20:04.757,2026-08-13 14:20:04.927,2026-08-13 14:20:04.927,2026-08-13
"885","8R2kulTNgV","MOOSPMv3Parser",1786630801,7,7,7,11,11,7,8,13,13,8,1256,386,13648,75,53,10,54,54,0,0,54,0,20,21,62,60,12.797,85,1,36.433605,-119.923332,12.862,6,599,58,3,"e00fce6876826e255108c6bd",2026-08-13 14:20:05.355,2026-08-13 14:20:05.511,2026-08-13 14:20:05.511,2026-08-13
"886","g7QtQ5o4m5","MOOSPMv3Parser",1786630800,13,13,11,18,18,11,11,19,19,11,2445,681,107413,109,83,5,83,83,21,60,83,0,22,23,59,57,4.534,217,1,36.523373,-119.27877,99.738998,8,600,58,3,"e00fce68f12da1a0c5de6248",2026-08-13 14:20:06.739,2026-08-13 14:20:06.913,2026-08-13 14:20:06.913,2026-08-13
"887","UPYKMIGUyR","MOOSPMv3Parser",1786631401,0,0,2,0,0,2,2,0,0,2,222,142,43544,21,15,2,15,15,23,43,15,0,23,25,49,47,18.791,159,4,36.139027,-120.368408,173.141998,8,600,58,3,"e00fce68d6b773b56ce8baa0",2026-08-13 14:30:02.496,2026-08-13 14:30:02.695,2026-08-13 14:30:02.695,2026-08-13
"888","1bw4d7MtBs","MOOSPMv3Parser",1786631400,0,0,1,0,0,1,1,0,0,1,188,104,4497,14,8,1,8,8,23,42,8,0,24,25,48,45,26.231,139,3,36.138977,-120.368393,158.949005,0,599,58,3,"e00fce686dc2ef0a68fa40b0",2026-08-13 14:30:02.615,2026-08-13 14:30:02.92,2026-08-13 14:30:02.92,2026-08-13
"889","1OJOu7GbDa","MOOSPMv3Parser",1786631401,0,0,1,0,0,1,1,0,0,1,294,150,2693989,8,9,0,9,9,23,42,9,0,24,25,48,45,25.874,138,3,36.138977,-120.368393,158.949005,0,1,58,3,"e00fce686dc2ef0a68fa40b0",2026-08-13 14:30:02.616,2026-08-13 14:30:02.929,2026-08-13 14:30:02.929,2026-08-13
"890","nRsin7jahA","MOOSPMv3Parser",1786631401,3,3,3,5,5,3,3,5,5,3,712,207,65221,33,23,2,23,23,23,33,23,0,25,26,41,42,18.653,236,3277,2e-06,-0.004268,24191.423828,8,600,58,3,"e00fce68e28dcbc9a589be10",2026-08-13 14:30:02.956,2026-08-13 14:30:03.209,2026-08-13 14:30:03.209,2026-08-13
"891","pk8OgeDBqP","MOOSPMv3Parser",1786631401,7,7,4,10,10,4,4,11,11,4,1875,408,5344,65,28,3,29,29,19,62,29,0,20,20,60,62,14.19,219,1,36.503101,-120.325386,42.669998,9,600,58,3,"e00fce68e77e43df92405fdb",2026-08-13 14:30:03.248,2026-08-13 14:30:03.428,2026-08-13 14:30:03.428,2026-08-13
"892","dDdFHJ1Nb5","MOOSPMv3Parser",1786631400,17,17,0,27,27,0,0,29,29,0,3310,899,0,166,0,17,0,0,22,44,0,2,22,24,53,50,3.952,318,1,36.187511,-119.822021,44.478001,9,600,58,3,"e00fce68e739ecbcf9e91965",2026-08-13 14:30:03.367,2026-08-13 14:30:03.582,2026-08-13 14:30:03.582,2026-08-13
"893","4ScJq20dHm","MOOSPMv3Parser",1786631400,2,2,2,3,3,2,2,3,3,2,543,128,48277,20,15,1,15,15,22,39,15,0,26,24,43,48,39.985,98,4,36.138966,-120.368393,181.065994,0,600,58,3,"e00fce6850cac69f647dc199",2026-08-13 14:30:03.606,2026-08-13 14:30:03.761,2026-08-13 14:30:03.761,2026-08-13
"894","yI0hIJwqcm","MOOSPMv3Parser",1786631401,19,19,14,28,28,15,15,29,29,15,3614,961,108690,179,110,13,110,110,20,66,110,0,21,22,59,58,3.3,242,1,36.762695,-119.798721,44.598999,9,600,58,3,"e00fce68e88237db75a60608",2026-08-13 14:30:03.724,2026-08-13 14:30:03.904,2026-08-13 14:30:03.904,2026-08-13
"895","AgkgKzPHiF","MOOSPMv3Parser",1786631401,6,6,6,10,10,11,16,11,11,18,1211,337,65618,73,38,7,44,45,21,53,45,1,23,23,55,56,5.184,236,1,35.949509,-119.049995,112.914001,6,600,58,3,"e00fce6808784ceaf209f949",2026-08-13 14:30:04.813,2026-08-13 14:30:05.028,2026-08-13 14:30:05.028,2026-08-13
"896","M5tzvzvHdx","MOOSPMv3Parser",1786631401,6,6,6,10,10,7,7,12,12,7,1169,360,13689,66,49,8,49,49,0,0,49,0,20,21,61,60,13.177,85,1,36.433655,-119.923363,30.386999,6,599,58,3,"e00fce6876826e255108c6bd",2026-08-13 14:30:05.223,2026-08-13 14:30:05.439,2026-08-13 14:30:05.439,2026-08-13
"897","1mDkrSpioi","MOOSPMv3Parser",1786632001,0,0,2,0,0,2,2,0,0,2,216,136,43557,20,15,2,15,15,23,42,15,0,24,25,47,46,18.466,173,3,36.139027,-120.368408,173.139999,0,600,58,3,"e00fce68d6b773b56ce8baa0",2026-08-13 14:40:02.345,2026-08-13 14:40:02.693,2026-08-13 14:40:02.693,2026-08-13
"898","cJoZf78uyj","MOOSPMv3Parser",1786632000,0,0,1,0,0,1,1,0,0,1,187,102,4504,13,8,1,8,8,23,41,8,0,24,26,46,44,26.042,146,3,36.138966,-120.368408,181.298996,13,599,58,3,"e00fce686dc2ef0a68fa40b0",2026-08-13 14:40:02.748,2026-08-13 14:40:02.917,2026-08-13 14:40:02.917,2026-08-13
"899","ekXOUNfLHq","MOOSPMv3Parser",1786632001,8,8,6,11,11,6,6,11,11,6,1464,418,65262,69,47,4,47,47,24,32,47,0,26,26,41,42,24.034,123,3277,2e-06,-0.004268,24191.423828,8,600,58,3,"e00fce68e28dcbc9a589be10",2026-08-13 14:40:02.92,2026-08-13 14:40:03.149,2026-08-13 14:40:03.149,2026-08-13
"900","pr9YQtcZY4","MOOSPMv3Parser",1786632000,15,15,0,23,23,0,0,25,25,0,2913,794,0,142,0,14,0,0,23,43,0,2,23,25,53,49,5.773,287,2,36.187508,-119.822052,31.056,10,600,58,3,"e00fce68e739ecbcf9e91965",2026-08-13 14:40:03.302,2026-08-13 14:40:03.482,2026-08-13 14:40:03.482,2026-08-13
"901","1ctLIqTrqD","MOOSPMv3Parser",1786632001,7,7,4,10,10,4,4,10,10,4,1842,390,5369,60,28,3,28,28,19,60,28,0,20,21,61,60,13.652,225,1,36.503174,-120.325447,69.009003,7,600,58,3,"e00fce68e77e43df92405fdb",2026-08-13 14:40:03.286,2026-08-13 14:40:03.502,2026-08-13 14:40:03.502,2026-08-13
"902","5zV5Nk0ipD","MOOSPMv3Parser",1786632001,18,18,13,26,26,14,14,27,27,14,3442,897,108780,164,103,11,104,104,20,64,104,0,21,22,58,56,4.789,221,1,36.762714,-119.798706,71.295998,11,600,58,3,"e00fce68e88237db75a60608",2026-08-13 14:40:03.917,2026-08-13 14:40:04.079,2026-08-13 14:40:04.079,2026-08-13
"903","EEHvhKJoUj","MOOSPMv3Parser",1786632000,2,2,2,2,2,2,2,3,3,2,533,131,48291,19,15,1,15,15,22,38,15,0,26,25,41,47,39.362,109,3,36.138981,-120.368416,176.466995,8,600,58,3,"e00fce6850cac69f647dc199",2026-08-13 14:40:04.031,2026-08-13 14:40:04.218,2026-08-13 14:40:04.218,2026-08-13
"904","WxxMoCavwv","MOOSPMv3Parser",1786632001,4,4,3,6,6,4,5,6,6,5,862,235,65635,38,21,3,22,22,22,52,22,1,24,24,53,54,7.413,209,1,35.949539,-119.04995,128.173996,6,600,58,3,"e00fce6808784ceaf209f949",2026-08-13 14:40:04.749,2026-08-13 14:40:04.958,2026-08-13 14:40:04.958,2026-08-13
"905","aiVmtOczUz","MOOSPMv3Parser",1786632001,6,6,6,9,9,7,7,11,11,7,1132,349,13729,61,47,7,47,47,0,0,47,0,21,21,60,60,13.655,85,1,36.433575,-119.923401,32.209,6,599,58,3,"e00fce6876826e255108c6bd",2026-08-13 14:40:05.3,2026-08-13 14:40:05.5,2026-08-13 14:40:05.5,2026-08-13
"906","M8GXNWXGFa","MOOSPMv3Parser",1786632000,9,9,7,12,12,8,8,13,13,8,1686,467,107510,70,56,4,56,56,22,57,56,0,24,24,55,54,8.421,125,1,36.523399,-119.278854,95.652,6,600,58,3,"e00fce68f12da1a0c5de6248",2026-08-13 14:40:18.759,2026-08-13 14:40:18.961,2026-08-13 14:40:18.961,2026-08-13
"907","TJ3TrVFHA9","MOOSPMv3Parser",1786632601,0,0,2,0,0,2,2,0,0,2,216,133,43569,20,14,2,14,14,23,41,14,0,24,25,47,45,18.096,203,3,36.139,-120.368332,150.914001,7,600,58,3,"e00fce68d6b773b56ce8baa0",2026-08-13 14:50:02.474,2026-08-13 14:50:02.768,2026-08-13 14:50:02.768,2026-08-13
"908","IcquE4D7HJ","MOOSPMv3Parser",1786632601,0,0,1,0,0,1,1,0,0,1,178,96,4495,14,7,1,8,8,24,40,8,0,24,26,46,43,25.378,185,3,36.139,-120.36837,195.617004,10,601,58,3,"e00fce686dc2ef0a68fa40b0",2026-08-13 14:50:03.163,2026-08-13 14:50:03.329,2026-08-13 14:50:03.329,2026-08-13
"909","Itosv1KisQ","MOOSPMv3Parser",1786632601,7,7,6,11,11,6,6,11,11,6,1403,405,65300,72,44,4,44,44,24,34,44,0,25,26,44,44,20.178,189,3277,2e-06,-0.004268,24191.423828,8,600,58,3,"e00fce68e28dcbc9a589be10",2026-08-13 14:50:03.189,2026-08-13 14:50:03.433,2026-08-13 14:50:03.433,2026-08-13
"910","ZdzayVpLHe","MOOSPMv3Parser",1786632601,6,6,3,9,9,4,4,9,9,4,1739,355,5392,53,26,3,26,26,20,60,26,0,20,21,59,60,14.227,229,1,36.50309,-120.325371,52.828999,7,600,58,3,"e00fce68e77e43df92405fdb",2026-08-13 14:50:03.355,2026-08-13 14:50:03.598,2026-08-13 14:50:03.598,2026-08-13
"911","8ylDNXpjMA","MOOSPMv3Parser",1786632600,14,14,0,22,22,0,0,23,23,0,2706,738,0,135,0,12,0,0,23,41,0,2,23,25,51,48,3.797,282,2,36.187366,-119.822021,24.912001,10,600,58,3,"e00fce68e739ecbcf9e91965",2026-08-13 14:50:03.372,2026-08-13 14:50:03.609,2026-08-13 14:50:03.609,2026-08-13
"912","xxwTGBIls1","MOOSPMv3Parser",1786632601,17,17,13,25,25,13,13,26,26,13,3445,886,108868,157,101,11,101,101,21,63,101,0,21,23,59,56,5.859,216,1,36.76273,-119.798714,71.806,12,600,58,3,"e00fce68e88237db75a60608",2026-08-13 14:50:03.722,2026-08-13 14:50:03.87,2026-08-13 14:50:03.87,2026-08-13
"913","xeAMXIrrb9","MOOSPMv3Parser",1786632600,2,2,2,2,2,2,2,3,3,2,524,128,48303,20,15,1,15,15,23,38,15,0,27,25,40,46,38.329,130,3,36.139,-120.368332,188.779007,9,600,58,3,"e00fce6850cac69f647dc199",2026-08-13 14:50:03.789,2026-08-13 14:50:04.06,2026-08-13 14:50:04.06,2026-08-13
"914","hiBU7AeUEZ","MOOSPMv3Parser",1786632601,3,3,3,5,5,3,3,5,5,3,775,214,65653,36,21,2,21,21,22,49,21,0,25,24,50,51,10.407,174,1,35.949551,-119.04982,128.391998,6,600,58,3,"e00fce6808784ceaf209f949",2026-08-13 14:50:04.787,2026-08-13 14:50:04.933,2026-08-13 14:50:04.933,2026-08-13
"915","fg4c0yCWEw","MOOSPMv3Parser",1786632601,6,6,7,11,11,8,8,13,13,8,1178,366,13775,82,53,11,54,54,0,0,54,1,21,21,59,59,13.939,85,1,36.433655,-119.923393,36.397999,6,599,58,3,"e00fce6876826e255108c6bd",2026-08-13 14:50:05.299,2026-08-13 14:50:05.488,2026-08-13 14:50:05.488,2026-08-13
"916","GTU5Q4rTnE","MOOSPMv3Parser",1786632600,8,8,7,11,11,7,7,12,12,7,1593,443,107556,67,52,3,52,52,22,56,52,0,24,24,54,55,10.124,120,1,36.523399,-119.278854,95.656998,0,600,58,3,"e00fce68f12da1a0c5de6248",2026-08-13 14:50:17.479,2026-08-13 14:50:17.711,2026-08-13 14:50:17.711,2026-08-13
"917","jN8TpxQbxu","MOOSPMv3Parser",1786633200,0,0,1,0,0,1,1,0,0,1,177,94,4516,12,6,1,6,6,24,40,6,0,25,27,46,42,25.522,174,2,36.138855,-120.368385,177.878998,9,599,58,3,"e00fce686dc2ef0a68fa40b0",2026-08-13 15:00:02.288,2026-08-13 15:00:02.702,2026-08-13 15:00:02.702,2026-08-13
"918","SEcFU5NsSR","MOOSPMv3Parser",1786633201,0,0,2,0,0,2,2,0,0,2,207,126,43580,19,14,2,14,14,24,40,14,0,24,26,47,45,17.874,205,2,36.138969,-120.368416,184.746994,7,600,58,3,"e00fce68d6b773b56ce8baa0",2026-08-13 15:00:02.33,2026-08-13 15:00:02.857,2026-08-13 15:00:02.857,2026-08-13
"919","Dck1z2Fp1y","MOOSPMv3Parser",1786633200,12,12,0,18,18,0,0,19,19,0,2300,621,0,115,0,12,0,0,24,40,0,2,23,26,51,46,4.406,266,2,36.187447,-119.822098,22.391001,10,600,58,3,"e00fce68e739ecbcf9e91965",2026-08-13 15:00:03.288,2026-08-13 15:00:03.781,2026-08-13 15:00:03.781,2026-08-13
"920","5HPoUDhlDN","MOOSPMv3Parser",1786633201,8,8,6,12,12,6,6,12,12,6,1554,446,65341,77,48,4,48,48,24,33,48,0,25,27,44,43,20.345,204,3277,2e-06,-0.004268,24191.423828,8,600,58,3,"e00fce68e28dcbc9a589be10",2026-08-13 15:00:03.108,2026-08-13 15:00:03.84,2026-08-13 15:00:03.84,2026-08-13
"921","EZeHjEPKpt","MOOSPMv3Parser",1786633201,17,17,12,25,25,13,13,26,26,13,3214,848,108953,161,97,13,97,97,21,62,97,0,22,23,58,54,6.572,211,1,36.762672,-119.798737,48.509998,9,600,58,3,"e00fce68e88237db75a60608",2026-08-13 15:00:03.642,2026-08-13 15:00:04.073,2026-08-13 15:00:04.073,2026-08-13
"922","IkU1zL56yP","MOOSPMv3Parser",1786633200,6,6,6,9,9,6,6,10,10,6,1348,379,107775,59,45,3,46,46,22,52,46,0,25,25,50,51,10.646,110,1,36.523273,-119.278786,82.393997,7,599,58,3,"e00fce68f12da1a0c5de6248",2026-08-13 15:00:03.759,2026-08-13 15:00:04.257,2026-08-13 15:00:04.257,2026-08-13
"923","hAmhkp1BDB","MOOSPMv3Parser",1786633200,1,1,2,2,2,2,2,2,2,2,503,120,48315,19,13,1,13,13,23,37,13,0,27,26,40,45,37.77,141,3,36.139023,-120.368324,177.785004,7,600,58,3,"e00fce6850cac69f647dc199",2026-08-13 15:00:04.1,2026-08-13 15:00:04.335,2026-08-13 15:00:04.335,2026-08-13
"924","4c3I5K2jtK","MOOSPMv3Parser",1786633201,3,3,3,5,5,3,3,5,5,3,779,211,65671,34,21,2,21,21,22,49,21,0,24,25,51,51,12.636,151,1,35.94944,-119.049828,127.452003,6,600,58,3,"e00fce6808784ceaf209f949",2026-08-13 15:00:04.684,2026-08-13 15:00:04.902,2026-08-13 15:00:04.902,2026-08-13
"925","OHVwK5lF4z","MOOSPMv3Parser",1786633201,6,6,6,10,10,7,7,12,12,8,1207,375,13795,72,50,9,51,51,0,0,51,1,21,22,57,58,13.975,85,1,36.433655,-119.923393,36.401001,0,600,58,3,"e00fce6876826e255108c6bd",2026-08-13 15:00:05.513,2026-08-13 15:00:05.775,2026-08-13 15:00:05.775,2026-08-13
"926","KA7fjTr4rB","MOOSPMv3Parser",1786633801,0,0,2,0,0,2,2,0,0,2,199,122,43591,17,12,1,12,12,24,39,12,0,25,27,45,43,17.798,206,2,36.13905,-120.368347,182.718002,6,600,58,3,"e00fce68d6b773b56ce8baa0",2026-08-13 15:10:02.147,2026-08-13 15:10:02.34,2026-08-13 15:10:02.34,2026-08-13
"927","QkSsfPSRDj","MOOSPMv3Parser",1786633800,0,0,1,0,0,1,1,0,0,1,173,89,4514,11,6,1,6,6,25,38,6,0,26,28,43,40,24.946,173,2,36.139034,-120.36834,195.591003,10,600,58,3,"e00fce686dc2ef0a68fa40b0",2026-08-13 15:10:02.501,2026-08-13 15:10:02.722,2026-08-13 15:10:02.722,2026-08-13
"928","khCFFqUkUj","MOOSPMv3Parser",1786633801,9,9,7,13,13,7,7,14,14,7,1728,496,65386,88,52,4,52,52,25,32,52,0,26,27,42,41,21.382,168,3277,2e-06,-0.004268,24191.423828,8,600,58,3,"e00fce68e28dcbc9a589be10",2026-08-13 15:10:02.968,2026-08-13 15:10:03.148,2026-08-13 15:10:03.148,2026-08-13
"929","MPOXg6ntba","MOOSPMv3Parser",1786633800,11,11,0,19,19,0,0,20,20,0,2257,616,0,118,0,13,0,0,24,39,0,2,24,27,50,45,3.44,257,3,36.187447,-119.822098,22.393999,0,600,58,3,"e00fce68e739ecbcf9e91965",2026-08-13 15:10:03.454,2026-08-13 15:10:03.675,2026-08-13 15:10:03.675,2026-08-13
"930","0BFwMQuwQk","MOOSPMv3Parser",1786633801,6,6,3,8,8,4,4,8,8,4,1683,335,5473,52,26,2,26,26,20,55,26,0,21,22,56,56,15.733,205,1,36.503159,-120.32547,66.524002,6,596,58,3,"e00fce68e77e43df92405fdb",2026-08-13 15:10:03.528,2026-08-13 15:10:03.684,2026-08-13 15:10:03.684,2026-08-13
"931","sfntpACIAj","MOOSPMv3Parser",1786633800,6,6,6,9,9,6,6,9,9,6,1293,362,107634,55,45,2,45,45,23,52,45,0,25,25,51,51,11.407,97,2,36.523277,-119.278625,78.946999,8,600,58,3,"e00fce68f12da1a0c5de6248",2026-08-13 15:10:03.631,2026-08-13 15:10:03.831,2026-08-13 15:10:03.831,2026-08-13
"932","sruuG4w56l","MOOSPMv3Parser",1786633800,1,1,2,2,2,2,2,2,2,2,443,102,48325,15,12,0,12,12,24,35,12,0,28,27,38,42,37.1,149,2,36.138988,-120.368355,179.651001,8,600,58,3,"e00fce6850cac69f647dc199",2026-08-13 15:10:04.557,2026-08-13 15:10:04.789,2026-08-13 15:10:04.789,2026-08-13
"933","cFEezlBaJP","MOOSPMv3Parser",1786633801,3,3,3,5,5,3,3,6,6,3,795,220,65689,38,21,3,21,21,23,49,21,0,24,25,52,51,13.237,140,1,35.949738,-119.049904,126.813004,9,600,58,3,"e00fce6808784ceaf209f949",2026-08-13 15:10:04.894,2026-08-13 15:10:05.099,2026-08-13 15:10:05.099,2026-08-13
"934","5ByxskQRPH","MOOSPMv3Parser",1786633801,6,6,6,10,10,7,7,12,12,7,1164,360,13861,72,50,9,50,50,0,0,50,0,22,22,56,57,14.035,85,1,36.433609,-119.923378,29.239,7,599,58,3,"e00fce6876826e255108c6bd",2026-08-13 15:10:05.23,2026-08-13 15:10:05.429,2026-08-13 15:10:05.429,2026-08-13
"935","3KB5Dg7BMT","MOOSPMv3Parser",1786633801,16,16,12,25,25,13,13,26,26,13,3153,840,109036,158,94,13,95,95,22,59,95,0,22,24,57,52,7.174,211,1,36.762688,-119.798744,69.652,6,600,58,3,"e00fce68e88237db75a60608",2026-08-13 15:10:21.249,2026-08-13 15:10:21.48,2026-08-13 15:10:21.48,2026-08-13
"936","P2AkKz8PUB","MOOSPMv3Parser",1786634401,0,0,1,0,0,1,1,0,0,1,192,116,43600,15,11,1,11,11,25,38,11,0,26,28,43,41,17.644,212,2,36.138947,-120.368393,172.944,7,600,58,3,"e00fce68d6b773b56ce8baa0",2026-08-13 15:20:02.415,2026-08-13 15:20:02.635,2026-08-13 15:20:02.635,2026-08-13
"937","nQEti5khpI","MOOSPMv3Parser",1786634400,0,0,1,0,0,1,1,0,0,1,163,82,4518,9,6,1,6,6,26,37,6,0,26,29,42,38,25.003,177,2,36.139,-120.368301,181.488007,9,600,58,3,"e00fce686dc2ef0a68fa40b0",2026-08-13 15:20:02.764,2026-08-13 15:20:02.931,2026-08-13 15:20:02.931,2026-08-13
"938","XRaQaXiuad","MOOSPMv3Parser",1786634401,13,13,9,18,18,9,9,18,18,9,2294,661,65447,115,71,4,71,71,25,32,71,0,26,28,43,41,22.879,153,3277,2e-06,-0.004268,24191.423828,8,600,58,3,"e00fce68e28dcbc9a589be10",2026-08-13 15:20:03.18,2026-08-13 15:20:03.329,2026-08-13 15:20:03.329,2026-08-13
"939","B1wkUDAP76","MOOSPMv3Parser",1786634401,5,5,3,8,8,3,3,8,8,3,1631,322,5457,47,23,3,23,23,21,52,23,0,22,23,53,53,18.117,166,1,36.503117,-120.325424,59.801998,6,600,58,3,"e00fce68e77e43df92405fdb",2026-08-13 15:20:03.507,2026-08-13 15:20:03.672,2026-08-13 15:20:03.672,2026-08-13
"940","d8qtUsm2JX","MOOSPMv3Parser",1786634400,10,10,0,16,16,0,0,17,17,0,2081,558,0,97,0,9,0,0,24,38,0,2,24,27,50,45,3.279,246,2,36.187431,-119.82206,25.135,12,600,58,3,"e00fce68e739ecbcf9e91965",2026-08-13 15:20:03.542,2026-08-13 15:20:03.792,2026-08-13 15:20:03.792,2026-08-13
"941","yEqKqrKKo9","MOOSPMv3Parser",1786634401,16,16,12,25,25,13,13,25,25,13,3109,824,109118,159,94,12,95,95,22,56,95,0,23,25,55,50,8.309,208,1,36.762787,-119.798729,49.973,6,600,58,3,"e00fce68e88237db75a60608",2026-08-13 15:20:04.259,2026-08-13 15:20:04.475,2026-08-13 15:20:04.475,2026-08-13
"942","GJqdCTEv0J","MOOSPMv3Parser",1786634401,3,3,3,5,5,3,3,6,6,3,765,211,65706,39,20,3,21,21,23,46,21,1,25,26,49,49,13.662,137,1,35.949341,-119.049858,110.828003,6,600,58,3,"e00fce6808784ceaf209f949",2026-08-13 15:20:04.851,2026-08-13 15:20:04.995,2026-08-13 15:20:04.995,2026-08-13
"943","5mpHNlQgBG","MOOSPMv3Parser",1786634400,1,1,1,2,2,1,1,2,2,1,439,104,48334,16,10,1,11,11,25,33,11,0,29,28,36,40,37.22,159,2,36.139023,-120.368309,191.703995,12,600,58,3,"e00fce6850cac69f647dc199",2026-08-13 15:20:04.918,2026-08-13 15:20:05.111,2026-08-13 15:20:05.111,2026-08-13
"944","GeTshZlaDk","MOOSPMv3Parser",1786634401,6,6,7,10,10,7,8,12,12,8,1173,364,13906,69,52,9,53,53,0,0,53,0,22,23,55,56,13.992,85,1,36.433613,-119.923294,19.249001,5,599,58,3,"e00fce6876826e255108c6bd",2026-08-13 15:20:05.254,2026-08-13 15:20:05.442,2026-08-13 15:20:05.442,2026-08-13
"945","NNl5HuNS50","MOOSPMv3Parser",1786634400,7,7,7,10,10,8,9,11,11,9,1397,389,107682,68,56,4,57,57,23,55,57,1,25,25,53,54,9.571,131,2,36.52335,-119.278816,85.182999,8,600,58,3,"e00fce68f12da1a0c5de6248",2026-08-13 15:20:09.783,2026-08-13 15:20:10.004,2026-08-13 15:20:10.004,2026-08-13
"946","0jgClUQ2Jf","MOOSPMv3Parser",1786635000,0,0,1,0,0,1,1,0,0,1,156,76,4523,10,5,1,5,5,27,36,5,0,27,30,41,36,25.336,176,2,36.138977,-120.368309,185.817001,8,600,58,3,"e00fce686dc2ef0a68fa40b0",2026-08-13 15:30:01.866,2026-08-13 15:30:02.054,2026-08-13 15:30:02.054,2026-08-13
"947","yAfmlSJuDG","MOOSPMv3Parser",1786635000,12,12,11,18,18,12,12,19,19,12,2238,636,107758,120,87,6,88,88,23,54,88,0,25,26,53,52,10.542,150,2,36.523331,-119.278831,83.369003,7,600,58,3,"e00fce68f12da1a0c5de6248",2026-08-13 15:30:02.445,2026-08-13 15:30:02.751,2026-08-13 15:30:02.751,2026-08-13
"948","PL2u3NntFX","MOOSPMv3Parser",1786635001,0,0,1,0,0,1,1,0,0,1,183,105,43608,14,9,1,9,9,26,37,9,0,27,29,42,39,17.534,210,2,36.138901,-120.368355,161.891998,5,600,58,3,"e00fce68d6b773b56ce8baa0",2026-08-13 15:30:02.501,2026-08-13 15:30:02.837,2026-08-13 15:30:02.837,2026-08-13
"949","tySOIGLc6M","MOOSPMv3Parser",1786635001,5,5,3,7,7,3,3,7,7,3,1514,292,5476,44,22,3,22,22,22,50,22,0,23,23,53,53,20.946,130,2,36.503208,-120.325439,71.124001,6,600,58,3,"e00fce68e77e43df92405fdb",2026-08-13 15:30:02.999,2026-08-13 15:30:03.219,2026-08-13 15:30:03.219,2026-08-13
"950","iyb79uYqiR","MOOSPMv3Parser",1786635001,21,21,15,31,30,15,15,32,32,15,3766,1082,65546,202,114,9,115,115,26,31,115,0,27,29,42,39,22.81,168,3277,2e-06,-0.004268,24191.423828,8,600,58,3,"e00fce68e28dcbc9a589be10",2026-08-13 15:30:03.185,2026-08-13 15:30:03.355,2026-08-13 15:30:03.355,2026-08-13
"951","uWlgPSXEnJ","MOOSPMv3Parser",1786635000,10,10,0,16,16,0,0,17,17,0,2064,556,0,103,0,9,0,0,24,37,0,2,24,27,49,43,2.646,244,2,36.187469,-119.822052,37.514,11,600,58,3,"e00fce68e739ecbcf9e91965",2026-08-13 15:30:03.586,2026-08-13 15:30:03.844,2026-08-13 15:30:03.844,2026-08-13
"952","oy53ZF1VeI","MOOSPMv3Parser",1786635001,15,15,11,23,23,12,12,23,23,12,2890,769,109196,146,89,11,89,89,23,56,89,0,23,26,56,49,9.231,197,1,36.762741,-119.798706,64.311996,7,600,58,3,"e00fce68e88237db75a60608",2026-08-13 15:30:03.723,2026-08-13 15:30:03.886,2026-08-13 15:30:03.886,2026-08-13
"953","M9cC01ID3c","MOOSPMv3Parser",1786635000,1,1,1,1,1,1,1,1,1,1,370,84,48343,12,10,1,10,10,26,31,10,0,30,30,35,38,37.025,168,2,36.138973,-120.368378,166.272995,8,600,58,3,"e00fce6850cac69f647dc199",2026-08-13 15:30:03.877,2026-08-13 15:30:04.054,2026-08-13 15:30:04.054,2026-08-13
"954","u75HNzPGwE","MOOSPMv3Parser",1786635001,3,3,3,5,5,3,3,6,6,3,803,221,65725,39,21,2,22,22,24,46,22,0,25,27,50,48,13.775,140,1,35.949696,-119.049774,132.824005,7,600,58,3,"e00fce6808784ceaf209f949",2026-08-13 15:30:04.757,2026-08-13 15:30:04.948,2026-08-13 15:30:04.948,2026-08-13
"955","DmRCETHtVI","MOOSPMv3Parser",1786635001,6,6,6,9,9,7,7,10,10,7,1111,343,13948,65,49,6,49,49,0,0,49,0,23,23,53,54,14.235,85,1,36.433556,-119.923325,28.646999,6,599,58,3,"e00fce6876826e255108c6bd",2026-08-13 15:30:05.15,2026-08-13 15:30:05.368,2026-08-13 15:30:05.368,2026-08-13
"956","1njYV4JCGH","MOOSPMv3Parser",1786635601,0,0,1,0,0,1,1,0,0,1,186,107,43616,14,9,1,9,9,27,35,9,0,27,30,40,37,17.476,216,2,36.139015,-120.36837,182.811005,7,600,58,3,"e00fce68d6b773b56ce8baa0",2026-08-13 15:40:02.111,2026-08-13 15:40:02.296,2026-08-13 15:40:02.296,2026-08-13
"957","iznDfuhbO7","MOOSPMv3Parser",1786635601,22,21,14,31,30,15,15,32,32,15,3779,1086,65641,197,110,9,110,110,26,30,110,0,27,30,41,38,22.231,177,3277,2e-06,-0.004268,24191.423828,8,600,58,3,"e00fce68e28dcbc9a589be10",2026-08-13 15:40:02.961,2026-08-13 15:40:03.19,2026-08-13 15:40:03.19,2026-08-13
"958","ms4Gw3pM6G","MOOSPMv3Parser",1786635601,4,4,2,6,6,3,3,7,7,3,1379,257,5493,39,19,3,19,19,22,48,19,0,23,24,51,51,22.815,101,2,36.503124,-120.325394,73.057999,6,600,58,3,"e00fce68e77e43df92405fdb",2026-08-13 15:40:03.035,2026-08-13 15:40:03.247,2026-08-13 15:40:03.247,2026-08-13
"959","FPcDI3ilHB","MOOSPMv3Parser",1786635600,10,10,0,16,16,0,0,17,17,0,2085,562,0,106,0,8,0,0,24,36,0,2,24,27,48,43,11.516,200,3,36.187466,-119.822266,0.357,10,599,58,3,"e00fce68e739ecbcf9e91965",2026-08-13 15:40:03.453,2026-08-13 15:40:03.661,2026-08-13 15:40:03.661,2026-08-13
"960","YG9dTdb1vo","MOOSPMv3Parser",1786635601,0,0,1,0,0,1,1,0,0,1,154,72,4520,9,5,1,5,5,27,34,5,0,28,31,38,34,25.182,188,2,36.139008,-120.368294,180.942001,8,601,58,3,"e00fce686dc2ef0a68fa40b0",2026-08-13 15:40:03.464,2026-08-13 15:40:03.699,2026-08-13 15:40:03.699,2026-08-13
"961","7iqXgMIZpn","MOOSPMv3Parser",1786635601,14,14,11,21,21,11,11,21,21,11,2727,718,109269,139,84,8,84,84,23,55,84,0,23,26,55,49,10.96,184,1,36.762741,-119.798706,64.313004,0,600,58,3,"e00fce68e88237db75a60608",2026-08-13 15:40:03.961,2026-08-13 15:40:04.111,2026-08-13 15:40:04.111,2026-08-13
"962","DAP5ylJtNS","MOOSPMv3Parser",1786635600,1,1,1,1,1,1,1,1,1,1,361,82,48351,12,10,1,10,10,27,28,10,0,31,31,33,36,36.218,184,2,36.139103,-120.368408,171.378998,7,600,58,3,"e00fce6850cac69f647dc199",2026-08-13 15:40:04.183,2026-08-13 15:40:04.345,2026-08-13 15:40:04.345,2026-08-13
"963","ACWuqOoMMJ","MOOSPMv3Parser",1786635601,5,5,4,8,8,4,5,8,8,5,1081,295,65749,54,29,4,29,29,24,46,29,1,25,27,53,48,14.51,144,1,35.949692,-119.04998,108.713997,7,600,58,3,"e00fce6808784ceaf209f949",2026-08-13 15:40:04.751,2026-08-13 15:40:04.939,2026-08-13 15:40:04.939,2026-08-13
"964","D0lo0F40GE","MOOSPMv3Parser",1786635600,15,15,14,22,22,14,14,23,23,14,2692,764,107852,141,107,8,108,108,23,52,108,0,25,26,51,51,12.438,146,2,36.523247,-119.278793,77.988998,7,600,58,3,"e00fce68f12da1a0c5de6248",2026-08-13 15:40:05.009,2026-08-13 15:40:05.276,2026-08-13 15:40:05.276,2026-08-13
"965","D5eUvFybpv","MOOSPMv3Parser",1786635601,6,6,6,10,10,7,7,12,12,7,1160,361,13988,72,47,9,47,47,0,0,47,0,23,24,52,52,14.792,86,1,36.433678,-119.923424,43.966999,6,599,58,3,"e00fce6876826e255108c6bd",2026-08-13 15:40:05.24,2026-08-13 15:40:05.462,2026-08-13 15:40:05.462,2026-08-13
"966","ET9zzj1nI7","MOOSPMv3Parser",1786636200,0,0,1,0,0,1,1,0,0,1,157,76,4540,10,5,1,5,5,28,34,5,0,28,32,38,33,25.013,194,2,36.139046,-120.368362,180.352005,9,599,58,3,"e00fce686dc2ef0a68fa40b0",2026-08-13 15:50:02.113,2026-08-13 15:50:02.381,2026-08-13 15:50:02.381,2026-08-13
"967","Y8Ax6DT4FY","MOOSPMv3Parser",1786636201,0,0,1,0,0,1,1,0,0,1,185,105,43624,13,10,1,10,10,28,33,10,0,27,31,39,36,17.811,224,1,36.139011,-120.368385,175.367996,7,600,58,3,"e00fce68d6b773b56ce8baa0",2026-08-13 15:50:02.573,2026-08-13 15:50:02.742,2026-08-13 15:50:02.742,2026-08-13
"968","C6gz5KQrQD","MOOSPMv3Parser",1786636201,17,17,11,24,24,12,12,25,25,12,3000,859,65718,153,89,7,89,89,27,29,89,0,27,30,42,37,22.475,157,3277,2e-06,-0.004268,24191.423828,8,600,58,3,"e00fce68e28dcbc9a589be10",2026-08-13 15:50:03.332,2026-08-13 15:50:03.502,2026-08-13 15:50:03.502,2026-08-13
"969","SKe17ildbC","MOOSPMv3Parser",1786636200,9,9,0,15,15,0,0,16,16,0,1913,514,0,93,0,7,0,0,25,36,0,2,24,27,47,43,11.206,201,7,36.187481,-119.822044,25.021,8,600,58,3,"e00fce68e739ecbcf9e91965",2026-08-13 15:50:03.747,2026-08-13 15:50:03.951,2026-08-13 15:50:03.951,2026-08-13
"970","CLAeMay9in","MOOSPMv3Parser",1786636201,13,13,10,20,20,11,11,21,21,11,2654,700,109340,130,81,9,82,82,23,52,82,0,24,26,53,48,12.542,175,1,36.762718,-119.798767,61.070999,5,600,58,3,"e00fce68e88237db75a60608",2026-08-13 15:50:03.804,2026-08-13 15:50:04.011,2026-08-13 15:50:04.011,2026-08-13
"971","eqrEzuVUkc","MOOSPMv3Parser",1786636200,1,1,1,1,1,1,1,1,1,1,362,82,48359,13,10,1,10,10,28,27,10,0,31,31,32,35,36.079,198,2,36.139,-120.368355,174.639999,6,600,58,3,"e00fce6850cac69f647dc199",2026-08-13 15:50:04.424,2026-08-13 15:50:04.639,2026-08-13 15:50:04.639,2026-08-13
"972","gj6blpF1JO","MOOSPMv3Parser",1786636201,6,6,4,9,9,5,5,9,9,5,1187,331,65778,61,34,4,35,35,24,44,35,0,25,27,51,45,14.438,146,1,35.949696,-119.04998,108.709999,0,600,58,3,"e00fce6808784ceaf209f949",2026-08-13 15:50:04.743,2026-08-13 15:50:04.925,2026-08-13 15:50:04.925,2026-08-13
"973","ooha3yP3ew","MOOSPMv3Parser",1786636201,5,5,6,10,10,6,7,11,11,7,1112,345,14029,67,47,10,47,47,0,0,47,0,24,25,51,51,15.245,86,1,36.433544,-119.923355,19.916,7,599,58,3,"e00fce6876826e255108c6bd",2026-08-13 15:50:05.405,2026-08-13 15:50:05.559,2026-08-13 15:50:05.559,2026-08-13
"974","3tXHxwuex3","MOOSPMv3Parser",1786636200,13,13,11,19,19,12,12,20,20,12,2369,676,107929,115,89,7,89,89,24,50,89,0,26,26,49,49,14.463,101,2,36.523193,-119.278809,70.282997,7,600,58,3,"e00fce68f12da1a0c5de6248",2026-08-13 15:50:38.399,2026-08-13 15:50:38.612,2026-08-13 15:50:38.612,2026-08-13
"975","D8RmH3tIHr","MOOSPMv3Parser",1786636800,4,4,3,6,6,3,3,6,6,3,1382,255,5574,43,21,3,21,21,-10,-10,21,0,23,25,50,47,22.052,109,2,36.503132,-120.325394,60.238998,8,595,58,3,"e00fce68e77e43df92405fdb",2026-08-13 16:00:02.107,2026-08-13 16:00:02.531,2026-08-13 16:00:02.531,2026-08-13
"976","2WvXprU9Ow","MOOSPMv3Parser",1786636801,0,0,1,0,0,1,1,0,0,1,172,95,43632,11,9,1,9,9,28,33,9,0,28,32,39,35,17.484,224,1,36.138905,-120.368408,165.656998,6,600,58,3,"e00fce68d6b773b56ce8baa0",2026-08-13 16:00:02.121,2026-08-13 16:00:02.554,2026-08-13 16:00:02.554,2026-08-13
"977","SZLSJp89ag","MOOSPMv3Parser",1786636800,13,13,11,20,20,12,12,21,21,12,2478,705,108005,127,87,6,87,87,24,51,87,0,26,26,49,50,15.989,93,3,36.523399,-119.278809,102.170998,6,600,58,3,"e00fce68f12da1a0c5de6248",2026-08-13 16:00:02.996,2026-08-13 16:00:03.292,2026-08-13 16:00:03.292,2026-08-13
"978","o1t7tvBO2c","MOOSPMv3Parser",1786636801,0,0,1,0,0,1,1,0,0,1,152,68,4528,7,4,1,4,4,28,33,4,0,28,32,37,32,25.52,198,1,36.13903,-120.368271,195.858994,10,601,58,3,"e00fce686dc2ef0a68fa40b0",2026-08-13 16:00:02.916,2026-08-13 16:00:03.441,2026-08-13 16:00:03.441,2026-08-13
"979","YasvRoODyB","MOOSPMv3Parser",1786636801,15,15,10,22,22,11,11,22,22,11,2740,784,65786,135,79,6,79,79,27,28,79,0,27,31,41,36,22.229,166,3277,2e-06,-0.004268,24191.423828,8,600,58,3,"e00fce68e28dcbc9a589be10",2026-08-13 16:00:02.975,2026-08-13 16:00:03.693,2026-08-13 16:00:03.693,2026-08-13
"980","Eqpm3xWZLA","MOOSPMv3Parser",1786636800,9,9,0,14,14,0,0,15,15,0,1820,492,0,93,0,7,0,0,25,35,0,2,25,28,46,42,5.894,235,6,36.187466,-119.821953,39.050999,9,600,58,3,"e00fce68e739ecbcf9e91965",2026-08-13 16:00:03.444,2026-08-13 16:00:03.897,2026-08-13 16:00:03.897,2026-08-13
"981","fuYe6u1S7C","MOOSPMv3Parser",1786636801,15,15,11,22,22,12,12,23,23,12,2914,767,109417,141,88,10,88,88,24,52,88,0,24,27,53,47,13.514,173,1,36.76273,-119.798706,51.174999,11,600,58,3,"e00fce68e88237db75a60608",2026-08-13 16:00:03.956,2026-08-13 16:00:04.33,2026-08-13 16:00:04.33,2026-08-13
"982","YU8GemWyLP","MOOSPMv3Parser",1786636801,7,7,5,10,10,5,5,10,10,5,1355,376,65809,65,35,3,36,36,25,42,36,0,26,28,49,43,15.233,138,1,35.949585,-119.049889,133.679993,10,600,58,3,"e00fce6808784ceaf209f949",2026-08-13 16:00:04.728,2026-08-13 16:00:04.943,2026-08-13 16:00:04.943,2026-08-13
"983","lQBgVNjRtj","MOOSPMv3Parser",1786636801,6,6,6,9,9,7,7,11,11,7,1123,346,14070,69,48,7,49,49,0,0,49,0,23,25,52,50,15.507,86,1,36.43354,-119.923355,24.354,7,599,58,3,"e00fce6876826e255108c6bd",2026-08-13 16:00:05.455,2026-08-13 16:00:05.671,2026-08-13 16:00:05.671,2026-08-13
"984","uOls3BGoH1","MOOSPMv3Parser",1786636800,1,1,1,1,1,1,1,1,1,1,362,82,48367,12,8,1,8,8,28,26,8,0,32,32,32,34,35.982,205,1,36.139019,-120.368355,178.283005,8,600,58,3,"e00fce6850cac69f647dc199",2026-08-13 16:00:08.499,2026-08-13 16:00:08.698,2026-08-13 16:00:08.698,2026-08-13
"985","4fexHGerGy","MOOSPMv3Parser",1786637400,4,4,2,6,6,3,3,7,7,3,1503,265,5544,43,19,2,19,19,23,44,19,0,23,26,52,49,22.383,95,2,36.503159,-120.325409,54.507999,9,600,58,3,"e00fce68e77e43df92405fdb",2026-08-13 16:10:02.043,2026-08-13 16:10:02.237,2026-08-13 16:10:02.237,2026-08-13
"986","LWi6WMXHEz","MOOSPMv3Parser",1786637401,0,0,1,0,0,1,1,0,0,1,172,96,43638,11,8,1,8,8,29,32,8,0,28,32,39,34,17.6,222,1,36.139053,-120.368416,168.876007,5,600,58,3,"e00fce68d6b773b56ce8baa0",2026-08-13 16:10:02.276,2026-08-13 16:10:02.479,2026-08-13 16:10:02.479,2026-08-13
"987","UIr7eqN2Ut","MOOSPMv3Parser",1786637401,14,14,10,20,20,10,10,20,20,10,2549,723,65851,126,75,5,75,75,28,27,75,0,27,32,40,35,23.216,146,3277,2e-06,-0.004268,24191.423828,8,600,58,3,"e00fce68e28dcbc9a589be10",2026-08-13 16:10:03.104,2026-08-13 16:10:03.245,2026-08-13 16:10:03.245,2026-08-13
"988","cl3DV4pH2C","MOOSPMv3Parser",1786637401,0,0,1,0,0,1,1,0,0,1,148,67,4539,7,4,0,4,4,29,32,4,0,28,33,37,32,25.853,190,1,36.139019,-120.36837,179.617996,13,600,58,3,"e00fce686dc2ef0a68fa40b0",2026-08-13 16:10:03.064,2026-08-13 16:10:03.42,2026-08-13 16:10:03.42,2026-08-13
"989","hHvh3aH2PT","MOOSPMv3Parser",1786637400,8,8,0,13,13,0,0,13,13,0,1622,434,0,85,0,7,0,0,25,35,0,2,25,28,46,42,8.08,200,5,36.18755,-119.821922,35.522999,7,600,58,3,"e00fce68e739ecbcf9e91965",2026-08-13 16:10:03.433,2026-08-13 16:10:03.639,2026-08-13 16:10:03.639,2026-08-13
"990","q9HdJwA3Na","MOOSPMv3Parser",1786637401,15,15,12,23,23,12,12,24,24,12,3019,796,109496,146,91,11,91,91,24,49,91,0,24,28,52,45,14.114,175,1,36.762741,-119.798721,55.263,11,600,58,3,"e00fce68e88237db75a60608",2026-08-13 16:10:04.132,2026-08-13 16:10:04.324,2026-08-13 16:10:04.324,2026-08-13
"991","Vm1pRUJEWO","MOOSPMv3Parser",1786637401,6,6,4,9,9,5,5,10,10,5,1251,346,65839,65,34,4,35,35,26,39,35,0,26,29,48,42,16.343,128,1,35.949463,-119.049911,138.626999,8,600,58,3,"e00fce6808784ceaf209f949",2026-08-13 16:10:04.685,2026-08-13 16:10:04.833,2026-08-13 16:10:04.833,2026-08-13
"992","RVl2DLuLDC","MOOSPMv3Parser",1786637401,6,6,6,10,10,7,7,12,12,7,1143,355,14113,73,49,9,50,50,0,0,50,0,24,26,51,49,16.341,86,2,36.433582,-119.923332,34.186001,5,599,58,3,"e00fce6876826e255108c6bd",2026-08-13 16:10:05.336,2026-08-13 16:10:05.527,2026-08-13 16:10:05.527,2026-08-13
"993","tXxuU32MHH","MOOSPMv3Parser",1786637400,1,1,1,1,1,1,1,1,1,1,347,77,48373,11,8,1,8,8,28,25,8,0,32,32,32,33,36.621,209,1,36.138958,-120.36834,213.035995,7,600,58,3,"e00fce6850cac69f647dc199",2026-08-13 16:10:05.491,2026-08-13 16:10:05.661,2026-08-13 16:10:05.661,2026-08-13
"994","c40ot8yhTy","MOOSPMv3Parser",1786637400,13,13,12,20,20,12,12,21,21,12,2437,692,108084,133,91,7,91,91,24,50,91,0,27,27,46,48,14.232,203,4,36.523312,-119.278763,72.261002,7,600,58,3,"e00fce68f12da1a0c5de6248",2026-08-13 16:10:07.978,2026-08-13 16:10:08.117,2026-08-13 16:10:08.117,2026-08-13
"995","0888DjHP9y","MOOSPMv3Parser",1786638001,0,0,1,0,0,1,1,0,0,1,173,94,43645,10,8,1,8,8,29,32,8,0,28,33,39,34,17.858,218,1,36.139008,-120.368439,170.235001,7,600,58,3,"e00fce68d6b773b56ce8baa0",2026-08-13 16:20:02.184,2026-08-13 16:20:02.399,2026-08-13 16:20:02.399,2026-08-13
"996","EUHMipoD7Q","MOOSPMv3Parser",1786638000,4,4,3,6,6,3,3,7,7,3,1602,275,5564,40,22,3,22,22,24,44,22,0,23,26,51,49,22.045,115,3,36.503162,-120.325371,58.019001,7,600,58,3,"e00fce68e77e43df92405fdb",2026-08-13 16:20:02.292,2026-08-13 16:20:02.466,2026-08-13 16:20:02.466,2026-08-13
"997","EmeGQGiYDa","MOOSPMv3Parser",1786638000,13,13,12,20,20,12,12,21,21,12,2419,688,108164,124,91,8,91,91,24,49,91,0,27,27,47,48,16.165,104,3,36.523384,-119.278824,109.18,5,600,58,3,"e00fce68f12da1a0c5de6248",2026-08-13 16:20:02.666,2026-08-13 16:20:02.89,2026-08-13 16:20:02.89,2026-08-13
"998","SpO77O67ln","MOOSPMv3Parser",1786638001,14,14,9,19,19,9,9,20,20,9,2470,710,65911,118,70,5,70,70,28,26,70,0,27,33,40,34,23.624,147,3277,2e-06,-0.004268,24191.423828,8,600,58,3,"e00fce68e28dcbc9a589be10",2026-08-13 16:20:02.949,2026-08-13 16:20:03.247,2026-08-13 16:20:03.247,2026-08-13
"999","kF1W0BNKT8","MOOSPMv3Parser",1786638000,8,8,0,12,12,0,0,12,12,0,1585,419,0,75,0,6,0,0,26,33,0,2,26,29,44,40,14.048,135,8,36.187531,-119.822006,23.927999,9,600,58,3,"e00fce68e739ecbcf9e91965",2026-08-13 16:20:03.373,2026-08-13 16:20:03.561,2026-08-13 16:20:03.561,2026-08-13
"1000","Fve41qAGep","MOOSPMv3Parser",1786638001,0,0,0,0,0,1,1,0,0,1,147,65,4542,7,4,0,4,4,29,32,4,0,29,33,37,32,25.992,184,1,36.139019,-120.36837,179.617004,0,600,58,3,"e00fce686dc2ef0a68fa40b0",2026-08-13 16:20:03.628,2026-08-13 16:20:03.821,2026-08-13 16:20:03.821,2026-08-13
"1001","VHE6CZNbGD","MOOSPMv3Parser",1786638001,15,15,11,23,23,12,12,24,24,12,3007,783,109573,152,88,12,89,89,26,46,89,0,25,29,50,42,15.545,177,1,36.762722,-119.798752,48.157001,8,600,58,3,"e00fce68e88237db75a60608",2026-08-13 16:20:03.808,2026-08-13 16:20:03.981,2026-08-13 16:20:03.981,2026-08-13
"1002","j0eUamrzHq","MOOSPMv3Parser",1786638000,0,0,1,1,1,1,1,1,1,1,351,76,48380,11,8,0,8,8,29,24,8,0,32,33,32,33,37.279,209,1,36.138958,-120.36834,213.031998,0,600,58,3,"e00fce6850cac69f647dc199",2026-08-13 16:20:04.178,2026-08-13 16:20:04.362,2026-08-13 16:20:04.362,2026-08-13
"1003","8b4PZ8mo8b","MOOSPMv3Parser",1786638001,5,5,4,8,8,4,4,8,8,4,1120,309,65862,54,27,3,28,28,26,37,28,0,26,30,47,40,16.534,126,1,35.949604,-119.04995,116.942001,7,600,58,3,"e00fce6808784ceaf209f949",2026-08-13 16:20:04.973,2026-08-13 16:20:05.16,2026-08-13 16:20:05.16,2026-08-13
"1004","e9WxuJQXLo","MOOSPMv3Parser",1786638001,6,6,6,10,10,7,7,12,12,8,1179,364,14155,73,50,7,50,50,0,0,50,1,25,26,49,49,16.813,86,2,36.433578,-119.923332,19.125,5,599,58,3,"e00fce6876826e255108c6bd",2026-08-13 16:20:05.382,2026-08-13 16:20:05.606,2026-08-13 16:20:05.606,2026-08-13
"1005","MDeOZnG2rk","MOOSPMv3Parser",1786638600,5,5,3,7,7,3,3,8,8,3,2009,305,5584,45,23,3,23,23,24,42,23,0,23,26,51,46,22.337,130,3,36.503124,-120.325363,51.862999,7,600,58,3,"e00fce68e77e43df92405fdb",2026-08-13 16:30:02.331,2026-08-13 16:30:02.632,2026-08-13 16:30:02.632,2026-08-13
"1006","Clg3kFh9LM","MOOSPMv3Parser",1786638600,0,0,1,0,0,1,1,0,0,1,145,64,4554,6,4,0,4,4,29,32,4,0,30,34,36,31,24.563,209,1,36.139053,-120.368393,179.572998,10,599,58,3,"e00fce686dc2ef0a68fa40b0",2026-08-13 16:30:02.573,2026-08-13 16:30:02.79,2026-08-13 16:30:02.79,2026-08-13
"1007","67VDGs1PGH","MOOSPMv3Parser",1786638601,0,0,1,0,0,1,1,0,0,1,42,40,2727621,6,4,0,4,4,30,32,4,0,30,34,36,31,24.981,214,1,36.139053,-120.368393,179.572998,10,1,58,3,"e00fce686dc2ef0a68fa40b0",2026-08-13 16:30:02.58,2026-08-13 16:30:02.848,2026-08-13 16:30:02.848,2026-08-13
"1008","UYoqTHbN1n","MOOSPMv3Parser",1786638601,0,0,1,0,0,1,1,0,0,1,167,91,43651,11,7,1,7,7,30,31,7,0,29,33,38,33,17.031,232,1,36.139008,-120.368439,170.235992,0,600,58,3,"e00fce68d6b773b56ce8baa0",2026-08-13 16:30:02.649,2026-08-13 16:30:02.869,2026-08-13 16:30:02.869,2026-08-13
"1009","7Dh0ncLyzq","MOOSPMv3Parser",1786638601,12,12,8,17,17,9,9,18,18,9,2275,644,65966,115,63,6,64,64,29,25,64,0,28,33,39,33,24.435,139,3277,2e-06,-0.004268,24191.423828,8,600,58,3,"e00fce68e28dcbc9a589be10",2026-08-13 16:30:03.152,2026-08-13 16:30:03.35,2026-08-13 16:30:03.35,2026-08-13
"1010","7aLc6xhHxQ","MOOSPMv3Parser",1786638600,7,7,0,12,12,0,0,12,12,0,1500,395,0,72,0,9,0,0,26,33,0,2,25,29,46,40,13.317,140,11,36.187561,-119.821991,25.035999,9,600,58,3,"e00fce68e739ecbcf9e91965",2026-08-13 16:30:03.447,2026-08-13 16:30:03.624,2026-08-13 16:30:03.624,2026-08-13
"1011","6JlVOeXEUx","MOOSPMv3Parser",1786638601,14,14,11,22,22,12,12,22,22,12,2879,750,109649,142,87,9,87,87,26,43,87,0,25,30,48,41,17.747,155,1,36.762646,-119.798737,42.403999,8,600,58,3,"e00fce68e88237db75a60608",2026-08-13 16:30:03.972,2026-08-13 16:30:04.183,2026-08-13 16:30:04.183,2026-08-13
"1012","Hl9VEnnqqa","MOOSPMv3Parser",1786638600,0,0,1,1,1,1,1,1,1,1,325,69,48386,10,7,1,7,7,30,24,7,0,33,34,31,32,34.383,233,1,36.139088,-120.368408,187.610001,7,600,58,3,"e00fce6850cac69f647dc199",2026-08-13 16:30:04.539,2026-08-13 16:30:04.714,2026-08-13 16:30:04.714,2026-08-13
"1013","wm0lf3lggW","MOOSPMv3Parser",1786638601,6,6,4,9,9,4,4,10,10,4,1271,350,65890,64,32,4,32,32,26,36,32,0,27,30,46,40,17.529,116,1,35.949619,-119.050003,108.685997,8,600,58,3,"e00fce6808784ceaf209f949",2026-08-13 16:30:04.702,2026-08-13 16:30:04.896,2026-08-13 16:30:04.896,2026-08-13
"1014","GIumGgIRCX","MOOSPMv3Parser",1786638601,6,6,6,10,10,7,8,13,13,8,1171,365,14197,72,48,11,49,49,1,0,49,1,25,27,47,47,16.971,86,2,36.433567,-119.923332,37.658001,5,599,58,3,"e00fce6876826e255108c6bd",2026-08-13 16:30:05.313,2026-08-13 16:30:05.473,2026-08-13 16:30:05.473,2026-08-13
"1015","Fars8xSi8x","MOOSPMv3Parser",1786638600,14,14,12,20,20,12,12,21,21,12,2562,726,108245,129,93,6,93,93,25,48,93,0,28,28,46,47,16.677,100,4,36.52338,-119.278862,94.419998,6,600,58,3,"e00fce68f12da1a0c5de6248",2026-08-13 16:30:19.124,2026-08-13 16:30:19.356,2026-08-13 16:30:19.356,2026-08-13
"1016","i5NEEE47EM","MOOSPMv3Parser",1786639201,0,0,1,0,0,1,1,0,0,1,162,88,43657,9,7,0,7,7,31,30,7,0,29,34,38,32,17.434,233,1,36.139095,-120.368347,186.516998,11,600,58,3,"e00fce68d6b773b56ce8baa0",2026-08-13 16:40:02.268,2026-08-13 16:40:02.431,2026-08-13 16:40:02.431,2026-08-13
"1017","V9xXj2cUCv","MOOSPMv3Parser",1786639200,0,0,0,0,0,0,0,0,0,0,141,61,4556,6,3,0,3,3,30,31,3,0,30,34,36,31,25.151,198,1,36.139019,-120.36834,180.796005,11,599,58,3,"e00fce686dc2ef0a68fa40b0",2026-08-13 16:40:03.017,2026-08-13 16:40:03.195,2026-08-13 16:40:03.195,2026-08-13
"1018","5TBBdi0bLF","MOOSPMv3Parser",1786639201,11,11,7,15,15,8,8,16,16,8,2023,580,66015,95,58,4,58,58,29,24,58,0,28,34,38,32,25.451,133,3277,2e-06,-0.004268,24191.423828,8,600,58,3,"e00fce68e28dcbc9a589be10",2026-08-13 16:40:03.122,2026-08-13 16:40:03.297,2026-08-13 16:40:03.297,2026-08-13
"1019","yMwR6cfgan","MOOSPMv3Parser",1786639200,7,7,0,11,11,0,0,12,12,0,1467,391,0,72,0,7,0,0,26,32,0,2,26,29,45,40,16.195,123,14,36.18755,-119.822021,22.134001,9,600,58,3,"e00fce68e739ecbcf9e91965",2026-08-13 16:40:03.368,2026-08-13 16:40:03.533,2026-08-13 16:40:03.533,2026-08-13
"1020","KvERy0Cdnv","MOOSPMv3Parser",1786639201,13,13,10,20,20,11,11,21,21,11,2668,698,109718,131,79,11,79,79,27,41,79,0,26,31,47,39,20.533,133,1,36.762707,-119.798683,50.956001,8,600,58,3,"e00fce68e88237db75a60608",2026-08-13 16:40:03.812,2026-08-13 16:40:04.017,2026-08-13 16:40:04.017,2026-08-13
"1021","YBC5GKzCQ5","MOOSPMv3Parser",1786639200,16,16,14,25,25,15,15,26,26,15,3005,855,108340,158,109,8,110,110,26,47,110,0,28,29,46,46,17.124,116,4,36.52338,-119.278862,94.419998,0,600,58,3,"e00fce68f12da1a0c5de6248",2026-08-13 16:40:04.195,2026-08-13 16:40:04.411,2026-08-13 16:40:04.411,2026-08-13
"1022","t7YEmRxN1X","MOOSPMv3Parser",1786639201,7,7,5,10,10,6,6,11,11,6,1414,388,65925,71,40,4,40,40,27,36,40,0,27,30,47,40,17.95,112,1,35.949593,-119.049919,134.169006,8,600,58,3,"e00fce6808784ceaf209f949",2026-08-13 16:40:04.755,2026-08-13 16:40:04.927,2026-08-13 16:40:04.927,2026-08-13
"1023","6bnnDmJ877","MOOSPMv3Parser",1786639200,0,0,1,1,1,1,1,1,1,1,310,66,48392,9,7,1,7,7,30,23,7,0,33,34,30,31,35.635,236,1,36.138947,-120.368362,211.785004,6,600,58,3,"e00fce6850cac69f647dc199",2026-08-13 16:40:04.819,2026-08-13 16:40:04.988,2026-08-13 16:40:04.988,2026-08-13
"1024","9IA3J6HaD0","MOOSPMv3Parser",1786639201,6,6,6,10,10,7,8,12,12,8,1171,365,14215,71,49,9,50,50,0,0,50,1,26,27,46,45,17.989,86,2,36.433681,-119.923317,41.980999,5,600,58,3,"e00fce6876826e255108c6bd",2026-08-13 16:40:05.279,2026-08-13 16:40:05.546,2026-08-13 16:40:05.546,2026-08-13
"1025","u9q6dI9UY8","MOOSPMv3Parser",1786639800,5,5,3,8,8,3,3,8,8,3,1912,325,5664,46,24,4,24,24,-10,-10,24,0,24,27,49,45,23.009,128,3,36.503193,-120.325325,53.367001,8,596,58,3,"e00fce68e77e43df92405fdb",2026-08-13 16:50:02.118,2026-08-13 16:50:02.342,2026-08-13 16:50:02.342,2026-08-13
"1026","ZB8Mxgwpug","MOOSPMv3Parser",1786639801,0,0,1,0,0,1,1,0,0,1,162,85,43662,8,7,1,7,7,31,30,7,0,29,34,36,31,17.297,225,1,36.139065,-120.368362,176.274994,6,600,58,3,"e00fce68d6b773b56ce8baa0",2026-08-13 16:50:02.748,2026-08-13 16:50:02.943,2026-08-13 16:50:02.943,2026-08-13
"1027","wMsNPSalZr","MOOSPMv3Parser",1786639801,11,11,7,15,15,7,7,16,16,7,1993,569,66063,92,55,5,55,55,30,23,55,0,29,35,37,31,25.967,123,3277,2e-06,-0.004268,24191.423828,8,600,58,3,"e00fce68e28dcbc9a589be10",2026-08-13 16:50:03.245,2026-08-13 16:50:03.423,2026-08-13 16:50:03.423,2026-08-13
"1028","BABAUrXRGH","MOOSPMv3Parser",1786639801,0,0,0,0,0,0,0,0,0,0,141,59,4543,6,3,0,3,3,30,31,3,0,30,34,35,31,25.094,192,1,36.138958,-120.368324,179.276001,11,601,58,3,"e00fce686dc2ef0a68fa40b0",2026-08-13 16:50:03.314,2026-08-13 16:50:03.507,2026-08-13 16:50:03.507,2026-08-13
"1029","bpAhjB1mg4","MOOSPMv3Parser",1786639800,6,6,0,10,10,0,0,11,11,0,1369,360,0,69,0,5,0,0,27,31,0,2,26,30,42,38,16.972,121,17,36.18758,-119.822121,15.614,8,600,58,3,"e00fce68e739ecbcf9e91965",2026-08-13 16:50:03.381,2026-08-13 16:50:03.585,2026-08-13 16:50:03.585,2026-08-13
"1030","SYxbQWIumg","MOOSPMv3Parser",1786639801,12,12,10,19,19,10,10,20,20,10,2537,655,109787,126,78,10,79,79,27,39,79,0,26,31,48,39,21.97,125,2,36.762741,-119.798752,60.604,10,600,58,3,"e00fce68e88237db75a60608",2026-08-13 16:50:03.873,2026-08-13 16:50:04.037,2026-08-13 16:50:04.037,2026-08-13
"1031","rn5QoPtDF5","MOOSPMv3Parser",1786639800,18,18,15,28,27,16,16,29,29,16,3295,934,108446,179,120,8,121,121,26,44,121,0,28,30,44,43,16.828,149,5,36.523357,-119.278809,96.111,5,600,58,3,"e00fce68f12da1a0c5de6248",2026-08-13 16:50:04.128,2026-08-13 16:50:04.258,2026-08-13 16:50:04.258,2026-08-13
"1032","lN8APWpnMN","MOOSPMv3Parser",1786639801,11,10,12,19,18,20,26,22,20,29,2166,603,65989,137,85,17,93,94,27,34,94,1,27,31,46,39,18.583,113,1,35.949608,-119.050041,120.160004,7,600,58,3,"e00fce6808784ceaf209f949",2026-08-13 16:50:04.701,2026-08-13 16:50:04.86,2026-08-13 16:50:04.86,2026-08-13
"1033","34do2j9ViJ","MOOSPMv3Parser",1786639800,0,0,1,1,1,1,1,1,1,1,296,61,48397,8,6,0,6,6,30,22,6,0,34,35,29,31,35.19,236,1,36.139191,-120.368294,191.276993,7,600,58,3,"e00fce6850cac69f647dc199",2026-08-13 16:50:05.064,2026-08-13 16:50:05.295,2026-08-13 16:50:05.295,2026-08-13
"1034","VLqchY6ftU","MOOSPMv3Parser",1786639801,6,6,6,9,9,7,7,11,11,8,1132,347,14255,67,47,8,48,48,0,0,48,1,27,28,44,44,18.51,86,2,36.433681,-119.923317,41.977001,0,600,58,3,"e00fce6876826e255108c6bd",2026-08-13 16:50:05.469,2026-08-13 16:50:05.656,2026-08-13 16:50:05.656,2026-08-13
"1035","lHAhoZZYAp","MOOSPMv3Parser",1786640400,0,0,0,0,0,0,0,0,0,0,137,55,4561,5,3,0,3,3,31,31,3,0,30,35,36,31,25.089,187,1,36.13905,-120.368401,176.561996,12,599,58,3,"e00fce686dc2ef0a68fa40b0",2026-08-13 17:00:02.182,2026-08-13 17:00:02.375,2026-08-13 17:00:02.375,2026-08-13
"1036","8UjIJmYTar","MOOSPMv3Parser",1786640401,0,0,1,0,0,1,1,0,0,1,154,82,43667,8,6,1,6,6,31,30,6,0,29,35,38,32,17.471,223,1,36.13916,-120.368324,192.285995,8,600,58,3,"e00fce68d6b773b56ce8baa0",2026-08-13 17:00:02.022,2026-08-13 17:00:02.398,2026-08-13 17:00:02.398,2026-08-13
"1037","PBucxUdNZQ","MOOSPMv3Parser",1786640400,20,19,17,31,30,18,18,32,32,18,3632,1034,108562,200,133,10,134,134,27,44,134,0,29,31,45,42,17.183,159,5,36.523338,-119.278854,74.378998,8,600,58,3,"e00fce68f12da1a0c5de6248",2026-08-13 17:00:02.515,2026-08-13 17:00:03.102,2026-08-13 17:00:03.102,2026-08-13
"1038","13NohFWC1w","MOOSPMv3Parser",1786640401,0,0,0,0,0,0,0,0,0,0,25,20,2732314,1,2,0,2,2,31,31,2,0,30,35,36,31,25.746,187,1,36.13905,-120.368401,176.561996,12,1,58,3,"e00fce686dc2ef0a68fa40b0",2026-08-13 17:00:02.601,2026-08-13 17:00:03.275,2026-08-13 17:00:03.275,2026-08-13
"1039","b29GZkZzTD","MOOSPMv3Parser",1786640401,10,10,7,14,14,7,7,14,14,7,1900,540,66108,88,52,4,52,52,30,22,52,0,29,35,37,30,26.994,117,3277,2e-06,-0.004268,24191.423828,8,600,58,3,"e00fce68e28dcbc9a589be10",2026-08-13 17:00:03.134,2026-08-13 17:00:03.551,2026-08-13 17:00:03.551,2026-08-13
"1040","p6uTHAalcm","MOOSPMv3Parser",1786640400,5,5,0,9,9,0,0,10,10,0,1298,338,0,63,0,7,0,0,28,29,0,2,27,32,41,35,17.745,122,18,36.18758,-119.822121,15.614,0,600,58,3,"e00fce68e739ecbcf9e91965",2026-08-13 17:00:03.6,2026-08-13 17:00:03.911,2026-08-13 17:00:03.911,2026-08-13
"1041","NtE7wQHDGA","MOOSPMv3Parser",1786640401,12,12,10,18,18,10,10,19,19,10,2519,645,109853,119,75,8,76,76,28,38,76,0,26,32,46,37,23.21,113,2,36.762684,-119.798759,55.625,10,600,58,3,"e00fce68e88237db75a60608",2026-08-13 17:00:03.81,2026-08-13 17:00:04.166,2026-08-13 17:00:04.166,2026-08-13
"1042","m25lvl12tb","MOOSPMv3Parser",1786640400,0,0,1,0,0,1,1,0,0,1,259,50,48402,7,5,0,5,5,31,22,5,0,34,35,30,31,35.454,240,1,36.139118,-120.368271,189.697006,6,600,58,3,"e00fce6850cac69f647dc199",2026-08-13 17:00:04.267,2026-08-13 17:00:04.7,2026-08-13 17:00:04.7,2026-08-13
"1043","cMq4f1Ysi3","MOOSPMv3Parser",1786640401,7,7,5,11,11,5,5,11,11,5,1470,407,66020,73,36,4,37,37,28,32,37,0,28,32,43,36,19.641,111,1,35.949627,-119.049927,118.93,9,600,58,3,"e00fce6808784ceaf209f949",2026-08-13 17:00:04.781,2026-08-13 17:00:04.994,2026-08-13 17:00:04.994,2026-08-13
"1044","lbLi5sYNHD","MOOSPMv3Parser",1786640401,6,6,6,9,9,6,7,11,11,7,1118,348,14317,65,44,8,45,45,0,0,45,0,27,29,42,42,19.441,87,3,36.434113,-119.923683,20.018999,5,599,58,3,"e00fce6876826e255108c6bd",2026-08-13 17:00:05.46,2026-08-13 17:00:05.65,2026-08-13 17:00:05.65,2026-08-13
"1045","227lCxfrJ5","MOOSPMv3Parser",1786640400,5,5,3,8,8,3,3,8,8,3,1630,312,5647,49,24,3,24,24,25,39,24,0,25,27,47,44,23.97,118,3,36.503189,-120.325371,62.330002,7,600,58,3,"e00fce68e77e43df92405fdb",2026-08-13 17:00:07.479,2026-08-13 17:00:07.679,2026-08-13 17:00:07.679,2026-08-13
"1046","RvosrwGDkH","MOOSPMv3Parser",1786641000,5,5,3,7,7,4,4,8,8,4,1649,312,5670,47,27,3,27,27,-10,-10,27,0,25,28,47,44,25.273,106,3,36.503151,-120.325317,61.870998,6,600,58,3,"e00fce68e77e43df92405fdb",2026-08-13 17:10:02.478,2026-08-13 17:10:02.687,2026-08-13 17:10:02.687,2026-08-13
"1047","UGxjGKpdE3","MOOSPMv3Parser",1786641000,0,0,0,0,0,0,0,0,0,0,131,53,4564,4,4,0,4,4,31,30,4,0,30,35,35,30,24.381,200,1,36.138992,-120.368439,166.675003,7,599,58,3,"e00fce686dc2ef0a68fa40b0",2026-08-13 17:10:02.503,2026-08-13 17:10:02.726,2026-08-13 17:10:02.726,2026-08-13
"1048","ZAoXwybSCo","MOOSPMv3Parser",1786641001,0,0,1,0,0,1,1,0,0,1,159,81,43672,7,5,0,5,5,31,29,5,0,30,35,37,31,17.099,228,1,36.13905,-120.368332,161.606995,8,600,58,3,"e00fce68d6b773b56ce8baa0",2026-08-13 17:10:02.673,2026-08-13 17:10:03.005,2026-08-13 17:10:03.005,2026-08-13
"1049","YhKmVumr6G","MOOSPMv3Parser",1786641001,10,10,7,14,14,7,7,15,15,7,1914,547,66155,89,54,4,55,55,31,22,55,0,30,36,36,29,27.558,116,3277,2e-06,-0.004268,24191.423828,8,600,58,3,"e00fce68e28dcbc9a589be10",2026-08-13 17:10:03.054,2026-08-13 17:10:03.241,2026-08-13 17:10:03.241,2026-08-13
"1050","DL8Uk2CLsU","MOOSPMv3Parser",1786641000,5,5,0,8,8,0,0,9,9,0,1282,335,0,57,0,6,0,0,28,27,0,2,28,33,40,34,18.175,119,16,36.18758,-119.822159,8.444,11,600,58,3,"e00fce68e739ecbcf9e91965",2026-08-13 17:10:03.372,2026-08-13 17:10:03.515,2026-08-13 17:10:03.515,2026-08-13
"1051","G3DxqjePkA","MOOSPMv3Parser",1786641001,11,11,9,18,18,10,10,18,18,10,2368,603,109917,113,73,10,74,74,28,36,74,0,27,33,44,36,25.258,104,2,36.762722,-119.798737,58.629002,7,600,58,3,"e00fce68e88237db75a60608",2026-08-13 17:10:04.043,2026-08-13 17:10:04.231,2026-08-13 17:10:04.231,2026-08-13
"1052","OchRnXF7td","MOOSPMv3Parser",1786641000,0,0,1,0,0,1,1,0,0,1,242,49,48406,6,5,1,5,5,31,22,5,0,34,35,29,30,34.643,250,1,36.138897,-120.368538,157,7,600,58,3,"e00fce6850cac69f647dc199",2026-08-13 17:10:04.479,2026-08-13 17:10:04.648,2026-08-13 17:10:04.648,2026-08-13
"1053","n1LEFuj3CW","MOOSPMv3Parser",1786641001,8,8,6,12,12,7,7,13,13,7,1619,443,66059,79,46,6,47,47,28,31,47,0,28,32,43,37,20.781,100,2,35.94949,-119.049965,99.841003,5,600,58,3,"e00fce6808784ceaf209f949",2026-08-13 17:10:04.762,2026-08-13 17:10:04.96,2026-08-13 17:10:04.96,2026-08-13
"1054","C9C7oSxNnl","MOOSPMv3Parser",1786641001,6,6,6,9,9,6,6,11,11,6,1106,343,14355,65,44,7,44,44,0,0,44,0,27,30,41,40,20.349,87,3,36.433567,-119.923424,10.399,7,599,58,3,"e00fce6876826e255108c6bd",2026-08-13 17:10:05.254,2026-08-13 17:10:05.461,2026-08-13 17:10:05.461,2026-08-13
"1055","lyy7zFTW7a","MOOSPMv3Parser",1786641000,18,18,15,27,27,16,16,29,29,16,3281,929,108666,178,119,10,119,119,27,41,119,0,28,31,44,41,18.341,151,4,36.523293,-119.278893,85.194,9,600,58,3,"e00fce68f12da1a0c5de6248",2026-08-13 17:10:20.012,2026-08-13 17:10:20.202,2026-08-13 17:10:20.202,2026-08-13
"1056","hjCKTTXBcw","MOOSPMv3Parser",1786641600,6,6,3,8,8,4,4,9,9,4,1700,336,5694,53,27,3,27,27,25,39,27,0,25,28,48,44,26.609,88,3,36.503254,-120.325348,34.348999,5,600,58,3,"e00fce68e77e43df92405fdb",2026-08-13 17:20:02.108,2026-08-13 17:20:02.287,2026-08-13 17:20:02.287,2026-08-13
"1057","moTLZeIpt4","MOOSPMv3Parser",1786641601,0,0,1,0,0,1,1,0,0,1,155,77,43676,6,5,1,5,5,30,31,5,0,28,33,41,33,17.276,220,1,36.139107,-120.368286,157.800003,8,600,58,3,"e00fce68d6b773b56ce8baa0",2026-08-13 17:20:02.333,2026-08-13 17:20:02.64,2026-08-13 17:20:02.64,2026-08-13
"1058","v33t2prT4X","MOOSPMv3Parser",1786641601,0,0,0,0,0,0,0,0,0,0,133,53,4552,4,3,0,3,3,30,32,3,0,28,34,39,32,25.386,185,1,36.139107,-120.36834,157.029007,10,601,58,3,"e00fce686dc2ef0a68fa40b0",2026-08-13 17:20:02.829,2026-08-13 17:20:02.995,2026-08-13 17:20:02.995,2026-08-13
"1059","wvw3OggNno","MOOSPMv3Parser",1786641600,16,16,13,24,24,14,14,25,25,14,2941,832,108755,157,102,8,102,102,28,39,102,0,29,32,41,39,18.681,131,4,36.523357,-119.278778,77.990997,7,600,58,3,"e00fce68f12da1a0c5de6248",2026-08-13 17:20:02.681,2026-08-13 17:20:03.011,2026-08-13 17:20:03.011,2026-08-13
"1060","7TtFpke3fC","MOOSPMv3Parser",1786641601,10,10,7,14,14,7,7,15,15,7,1872,531,66199,95,52,4,52,52,32,21,52,0,30,37,36,28,27.694,123,3277,2e-06,-0.004268,24191.423828,8,600,58,3,"e00fce68e28dcbc9a589be10",2026-08-13 17:20:03.379,2026-08-13 17:20:03.536,2026-08-13 17:20:03.536,2026-08-13
"1061","EOq2Fyxi9c","MOOSPMv3Parser",1786641600,4,4,0,7,7,0,0,8,8,0,1233,316,0,57,0,4,0,0,29,26,0,2,29,34,40,34,20.613,97,14,36.187534,-119.822159,20.534,5,600,58,3,"e00fce68e739ecbcf9e91965",2026-08-13 17:20:03.51,2026-08-13 17:20:03.691,2026-08-13 17:20:03.691,2026-08-13
"1062","8kkd7AanGx","MOOSPMv3Parser",1786641601,11,11,9,18,18,9,9,19,19,9,2373,602,109978,114,70,10,70,70,29,33,70,0,28,34,41,34,26.236,100,2,36.762802,-119.798729,58.784,5,600,58,3,"e00fce68e88237db75a60608",2026-08-13 17:20:03.926,2026-08-13 17:20:04.128,2026-08-13 17:20:04.128,2026-08-13
"1063","9rbBOeRlwW","MOOSPMv3Parser",1786641600,0,0,1,0,0,1,1,1,1,1,235,47,48411,7,5,1,5,5,30,23,5,0,32,34,31,33,35.679,240,1,36.138924,-120.3685,171.044998,6,600,58,3,"e00fce6850cac69f647dc199",2026-08-13 17:20:04.991,2026-08-13 17:20:05.191,2026-08-13 17:20:05.191,2026-08-13
"1064","z6r9frRrnz","MOOSPMv3Parser",1786641601,7,7,4,10,10,5,6,11,11,6,1343,369,66088,67,34,4,35,35,28,30,35,1,28,32,43,36,20.864,99,2,35.949574,-119.049957,118.740997,3,600,58,3,"e00fce6808784ceaf209f949",2026-08-13 17:20:05.025,2026-08-13 17:20:05.198,2026-08-13 17:20:05.198,2026-08-13
"1065","12iLeEjLzj","MOOSPMv3Parser",1786641601,6,6,5,9,9,6,6,10,10,6,1099,337,14367,57,41,5,41,41,0,0,41,0,28,30,42,40,20.637,87,4,36.43375,-119.923325,33.783001,5,600,58,3,"e00fce6876826e255108c6bd",2026-08-13 17:20:05.293,2026-08-13 17:20:05.536,2026-08-13 17:20:05.536,2026-08-13
"1066","LugP2suPvA","MOOSPMv3Parser",1786642200,0,0,1,0,0,1,1,0,0,1,137,54,4570,4,4,0,4,4,30,33,4,0,28,34,40,33,24.418,185,1,36.139122,-120.368477,137.182999,7,599,58,3,"e00fce686dc2ef0a68fa40b0",2026-08-13 17:30:01.976,2026-08-13 17:30:02.181,2026-08-13 17:30:02.181,2026-08-13
"1067","avuS5x6RXQ","MOOSPMv3Parser",1786642201,0,0,1,0,0,1,1,0,0,1,154,79,43681,7,6,1,6,6,30,32,6,0,28,33,41,34,17.131,216,1,36.138992,-120.368378,174.057999,7,600,58,3,"e00fce68d6b773b56ce8baa0",2026-08-13 17:30:02.025,2026-08-13 17:30:02.291,2026-08-13 17:30:02.291,2026-08-13
"1068","FokLXmLSxs","MOOSPMv3Parser",1786642200,6,6,4,8,8,4,4,9,9,4,1784,343,5719,51,29,3,29,29,26,37,29,0,26,29,47,43,27.183,92,3,36.503147,-120.325348,32.745998,5,600,58,3,"e00fce68e77e43df92405fdb",2026-08-13 17:30:02.256,2026-08-13 17:30:02.482,2026-08-13 17:30:02.482,2026-08-13
"1069","YgGUfmr4dp","MOOSPMv3Parser",1786642201,9,9,6,12,12,6,6,13,13,6,1705,485,66239,80,46,3,46,46,32,20,46,0,31,38,35,28,27.318,122,3277,2e-06,-0.004268,24191.423828,8,600,58,3,"e00fce68e28dcbc9a589be10",2026-08-13 17:30:03.243,2026-08-13 17:30:03.514,2026-08-13 17:30:03.514,2026-08-13
"1070","1FBaWF6W6J","MOOSPMv3Parser",1786642200,4,4,0,6,6,0,0,7,7,0,1094,280,0,50,0,3,0,0,30,22,0,2,29,35,36,30,22.234,72,12,36.18758,-119.822136,8.825,9,600,58,3,"e00fce68e739ecbcf9e91965",2026-08-13 17:30:03.365,2026-08-13 17:30:03.544,2026-08-13 17:30:03.544,2026-08-13
"1071","7Wy3HGE3x0","MOOSPMv3Parser",1786642201,11,11,9,17,17,9,9,18,18,9,2344,589,110038,111,68,9,69,69,30,31,69,0,28,34,40,33,28.192,90,2,36.762802,-119.798729,58.784,0,600,58,3,"e00fce68e88237db75a60608",2026-08-13 17:30:03.969,2026-08-13 17:30:04.162,2026-08-13 17:30:04.162,2026-08-13
"1072","vYEYXA1q3b","MOOSPMv3Parser",1786642201,5,5,4,8,8,6,7,9,9,8,1121,309,66116,58,34,5,35,35,29,30,35,1,29,33,42,35,20.659,103,2,35.949615,-119.049988,112.371002,5,600,58,3,"e00fce6808784ceaf209f949",2026-08-13 17:30:04.937,2026-08-13 17:30:05.144,2026-08-13 17:30:05.144,2026-08-13
"1073","UvAKluoMCt","MOOSPMv3Parser",1786642200,0,0,1,0,0,1,1,0,0,1,258,53,48415,7,5,0,6,6,29,25,6,0,32,33,33,34,35.637,230,1,36.138954,-120.368324,185.108994,5,600,58,3,"e00fce6850cac69f647dc199",2026-08-13 17:30:05.146,2026-08-13 17:30:05.321,2026-08-13 17:30:05.321,2026-08-13
"1074","Qt2pDx0jHJ","MOOSPMv3Parser",1786642201,5,5,5,8,8,5,5,9,9,5,1042,320,14400,56,38,4,38,38,0,0,38,0,28,31,41,39,20.976,87,4,36.433456,-119.923386,26.171,5,600,58,3,"e00fce6876826e255108c6bd",2026-08-13 17:30:05.437,2026-08-13 17:30:05.61,2026-08-13 17:30:05.61,2026-08-13
"1075","68NYyd1nDZ","MOOSPMv3Parser",1786642200,19,19,16,29,29,16,16,31,31,16,3522,999,108862,192,123,10,123,123,29,40,123,0,30,33,44,40,22.318,121,4,36.523411,-119.278793,93.942001,7,600,58,3,"e00fce68f12da1a0c5de6248",2026-08-13 17:30:07.152,2026-08-13 17:30:07.341,2026-08-13 17:30:07.341,2026-08-13
"1076","WC0Lc70XSv","MOOSPMv3Parser",1786642800,0,0,0,0,0,0,0,0,0,0,135,56,4565,5,3,0,3,3,30,32,3,0,29,34,38,32,24.772,190,1,36.138969,-120.368431,176.742004,5,600,58,3,"e00fce686dc2ef0a68fa40b0",2026-08-13 17:40:02.245,2026-08-13 17:40:02.435,2026-08-13 17:40:02.435,2026-08-13
"1077","6nAHeHTM41","MOOSPMv3Parser",1786642800,20,20,15,30,30,16,16,31,31,16,3608,1025,108967,195,120,9,121,121,30,36,121,0,31,34,40,36,24.438,126,4,36.523407,-119.278786,85.336998,7,600,58,3,"e00fce68f12da1a0c5de6248",2026-08-13 17:40:02.616,2026-08-13 17:40:02.854,2026-08-13 17:40:02.854,2026-08-13
"1078","XrbfTXUz2F","MOOSPMv3Parser",1786642801,0,0,0,0,0,0,0,0,0,0,51,37,2739190,3,2,0,2,2,30,32,2,0,29,34,38,32,25.746,185,1,36.138969,-120.368431,176.742004,5,1,58,3,"e00fce686dc2ef0a68fa40b0",2026-08-13 17:40:02.599,2026-08-13 17:40:02.873,2026-08-13 17:40:02.873,2026-08-13
"1079","su3eS2Ugfy","MOOSPMv3Parser",1786642801,0,0,1,0,0,1,1,0,0,1,157,84,43686,8,5,0,5,5,30,31,5,0,29,33,39,34,16.987,219,1,36.13905,-120.36837,180.253006,6,600,58,3,"e00fce68d6b773b56ce8baa0",2026-08-13 17:40:02.783,2026-08-13 17:40:02.952,2026-08-13 17:40:02.952,2026-08-13
"1080","vMeABB6JrT","MOOSPMv3Parser",1786642801,7,7,5,10,10,5,5,10,10,5,1355,383,66272,62,38,3,38,38,33,19,38,0,32,38,33,27,26.917,142,3277,2e-06,-0.004268,24191.423828,8,600,58,3,"e00fce68e28dcbc9a589be10",2026-08-13 17:40:03.35,2026-08-13 17:40:03.523,2026-08-13 17:40:03.523,2026-08-13
"1081","JOvtaF2EVl","MOOSPMv3Parser",1786642800,3,3,0,5,5,0,0,6,6,0,990,246,0,44,0,3,0,0,31,22,0,2,30,36,38,30,24.65,50,9,36.187599,-119.822067,4.778,9,600,58,3,"e00fce68e739ecbcf9e91965",2026-08-13 17:40:03.775,2026-08-13 17:40:04.023,2026-08-13 17:40:04.023,2026-08-13
"1082","N0S4W4lLJj","MOOSPMv3Parser",1786642800,0,0,1,1,1,1,1,1,1,1,255,52,48421,8,6,1,6,6,29,24,6,0,32,33,33,33,35.786,229,1,36.139015,-120.368393,164.550003,7,600,58,3,"e00fce6850cac69f647dc199",2026-08-13 17:40:04.117,2026-08-13 17:40:04.29,2026-08-13 17:40:04.29,2026-08-13
"1083","mUvFiQYF0C","MOOSPMv3Parser",1786642801,5,5,4,8,8,4,5,9,9,5,1153,316,66142,57,31,3,31,31,29,28,31,0,29,33,40,34,21.751,90,2,35.949554,-119.04995,111.512001,5,600,58,3,"e00fce6808784ceaf209f949",2026-08-13 17:40:04.866,2026-08-13 17:40:05.035,2026-08-13 17:40:05.035,2026-08-13
"1084","czW2eiyv6D","MOOSPMv3Parser",1786642801,11,11,8,17,17,9,9,17,17,9,2349,588,110095,109,66,8,66,66,30,30,66,0,28,35,40,32,30.222,75,2,36.762737,-119.798737,59.358002,12,600,58,3,"e00fce68e88237db75a60608",2026-08-13 17:40:04.893,2026-08-13 17:40:05.074,2026-08-13 17:40:05.074,2026-08-13
"1085","iNZz7wESVu","MOOSPMv3Parser",1786642801,5,5,5,8,8,5,5,9,9,5,1001,309,14433,59,37,5,38,38,0,0,38,0,29,32,39,37,20.787,87,4,36.433746,-119.923409,30.631001,5,600,58,3,"e00fce6876826e255108c6bd",2026-08-13 17:40:05.381,2026-08-13 17:40:05.607,2026-08-13 17:40:05.607,2026-08-13
"1086","pR3ejKzLK2","MOOSPMv3Parser",1786642800,6,6,4,9,9,4,4,10,10,4,1843,365,5747,59,32,4,32,32,26,35,32,0,26,29,45,41,28.111,80,3,36.503147,-120.325348,32.745998,0,600,58,3,"e00fce68e77e43df92405fdb",2026-08-13 17:40:06.456,2026-08-13 17:40:06.61,2026-08-13 17:40:06.61,2026-08-13
"1087","Exs95u71fb","MOOSPMv3Parser",1786643400,20,20,16,30,30,16,16,32,32,16,3688,1047,109075,197,123,10,123,123,30,34,123,0,30,35,40,35,27.201,105,4,36.523373,-119.278709,67.268997,6,600,58,3,"e00fce68f12da1a0c5de6248",2026-08-13 17:50:02.52,2026-08-13 17:50:02.73,2026-08-13 17:50:02.73,2026-08-13
"1088","0DMkhOvkLE","MOOSPMv3Parser",1786643401,0,0,1,0,0,1,1,0,0,1,159,84,43691,8,6,1,6,6,31,31,6,0,30,35,37,32,17.022,214,1,36.139088,-120.368423,164.962006,7,600,58,3,"e00fce68d6b773b56ce8baa0",2026-08-13 17:50:02.591,2026-08-13 17:50:02.843,2026-08-13 17:50:02.843,2026-08-13
"1089","Zy0xSsXGlT","MOOSPMv3Parser",1786643401,0,0,1,0,0,1,1,0,0,1,27,24,2741210,4,9,0,9,9,31,32,9,0,31,35,35,31,24.726,190,1,36.138992,-120.36834,187.722,5,1,58,3,"e00fce686dc2ef0a68fa40b0",2026-08-13 17:50:02.626,2026-08-13 17:50:02.882,2026-08-13 17:50:02.882,2026-08-13
"1090","kQGj0fRJjo","MOOSPMv3Parser",1786643400,0,0,1,0,0,1,1,0,0,1,139,57,4576,5,4,0,4,4,31,32,4,0,31,35,35,31,25.093,186,1,36.138992,-120.36834,187.722,5,599,58,3,"e00fce686dc2ef0a68fa40b0",2026-08-13 17:50:02.604,2026-08-13 17:50:02.951,2026-08-13 17:50:02.951,2026-08-13
"1091","MJv0jeHLU2","MOOSPMv3Parser",1786643401,2,2,2,3,3,2,2,3,3,2,518,142,66286,23,16,1,16,16,33,19,16,0,32,39,33,27,26.193,121,3277,2e-06,-0.004268,24191.423828,8,600,58,3,"e00fce68e28dcbc9a589be10",2026-08-13 17:50:03.329,2026-08-13 17:50:03.527,2026-08-13 17:50:03.527,2026-08-13
"1092","81OHkDBX5C","MOOSPMv3Parser",1786643400,3,3,0,5,5,0,0,5,5,0,928,229,0,41,0,3,0,0,32,20,0,2,30,37,35,29,25.278,45,7,36.187588,-119.822174,12.136,9,600,58,3,"e00fce68e739ecbcf9e91965",2026-08-13 17:50:03.368,2026-08-13 17:50:03.554,2026-08-13 17:50:03.554,2026-08-13
"1093","Z6o7e4aeRN","MOOSPMv3Parser",1786643400,6,6,3,9,9,4,4,9,9,4,1836,358,5770,53,27,3,27,27,26,34,27,0,26,29,44,41,28.562,81,3,36.503166,-120.32531,60.813,5,600,58,3,"e00fce68e77e43df92405fdb",2026-08-13 17:50:03.787,2026-08-13 17:50:03.948,2026-08-13 17:50:03.948,2026-08-13
"1094","RQgkZZWUpF","MOOSPMv3Parser",1786643401,10,10,7,14,14,8,8,15,15,8,2100,509,110146,93,58,6,58,58,31,26,58,0,29,36,36,29,32.935,55,2,36.762753,-119.798737,67.056999,7,600,58,3,"e00fce68e88237db75a60608",2026-08-13 17:50:03.978,2026-08-13 17:50:04.175,2026-08-13 17:50:04.175,2026-08-13
"1095","4S3P9noOIM","MOOSPMv3Parser",1786643400,0,0,1,0,0,1,1,0,0,1,269,56,48426,8,6,0,6,6,30,24,6,0,33,34,31,33,35.871,224,1,36.139023,-120.368309,174.936005,5,600,58,3,"e00fce6850cac69f647dc199",2026-08-13 17:50:04.492,2026-08-13 17:50:04.687,2026-08-13 17:50:04.687,2026-08-13
"1096","dqPenpoQ72","MOOSPMv3Parser",1786643401,7,7,5,10,10,5,5,10,10,5,1376,380,66174,63,37,4,37,37,29,27,37,0,29,33,40,34,22.461,76,2,35.949692,-119.04982,122.893997,4,600,58,3,"e00fce6808784ceaf209f949",2026-08-13 17:50:05.143,2026-08-13 17:50:05.293,2026-08-13 17:50:05.293,2026-08-13
"1097","s5NA9bDJ0z","MOOSPMv3Parser",1786643401,5,5,4,7,7,5,5,8,8,5,982,301,14462,52,34,5,34,34,0,0,34,0,29,32,39,37,20.73,87,4,36.433685,-119.923431,4.494,5,600,58,3,"e00fce6876826e255108c6bd",2026-08-13 17:50:05.549,2026-08-13 17:50:05.72,2026-08-13 17:50:05.72,2026-08-13
"1098","jYp47830xa","MOOSPMv3Parser",1786644001,0,0,1,0,0,1,1,0,0,1,161,83,43695,7,6,0,6,6,32,30,6,0,31,36,36,31,16.793,221,1,36.139008,-120.368378,179.311005,7,600,58,3,"e00fce68d6b773b56ce8baa0",2026-08-13 18:00:02.411,2026-08-13 18:00:02.926,2026-08-13 18:00:02.926,2026-08-13
"1099","c4dUfBdD7B","MOOSPMv3Parser",1786644000,6,6,4,9,9,4,4,10,10,4,1853,370,5796,57,30,4,30,30,26,33,30,0,26,30,44,40,29.944,76,3,36.503185,-120.325417,61.077999,7,600,58,3,"e00fce68e77e43df92405fdb",2026-08-13 18:00:02.72,2026-08-13 18:00:03.144,2026-08-13 18:00:03.144,2026-08-13
"1100","QD9YxqlnLI","MOOSPMv3Parser",1786644001,0,0,0,0,0,0,0,0,0,0,137,56,4572,5,3,0,3,3,32,30,3,0,32,36,34,29,24.602,200,1,36.138981,-120.368362,179.742996,5,600,58,3,"e00fce686dc2ef0a68fa40b0",2026-08-13 18:00:02.926,2026-08-13 18:00:03.781,2026-08-13 18:00:03.781,2026-08-13
"1101","iFR6iBrR38","MOOSPMv3Parser",1786644001,2,2,2,2,2,2,2,3,3,2,457,124,66297,20,13,1,13,13,33,19,13,0,32,39,34,27,26.198,117,3277,2e-06,-0.004268,24191.423828,8,600,58,3,"e00fce68e28dcbc9a589be10",2026-08-13 18:00:03.528,2026-08-13 18:00:04.495,2026-08-13 18:00:04.495,2026-08-13
"1102","ZlF0gIDFYR","MOOSPMv3Parser",1786644000,3,3,0,5,5,0,0,6,6,0,944,234,0,42,0,3,0,0,32,19,0,2,30,37,35,28,25.76,43,5,36.18755,-119.822128,9.165,8,600,58,3,"e00fce68e739ecbcf9e91965",2026-08-13 18:00:03.452,2026-08-13 18:00:04.727,2026-08-13 18:00:04.727,2026-08-13
"1103","GW6GG6ml0q","MOOSPMv3Parser",1786644000,20,20,15,30,30,15,15,32,32,15,3654,1041,109175,191,115,9,115,115,31,33,115,0,31,35,41,35,28.782,91,4,36.523235,-119.278763,75.863998,6,600,58,3,"e00fce68f12da1a0c5de6248",2026-08-13 18:00:03.693,2026-08-13 18:00:04.767,2026-08-13 18:00:04.767,2026-08-13
"1104","BG0RdDEVqx","MOOSPMv3Parser",1786644001,9,9,7,13,13,7,7,14,14,7,1992,480,110193,88,54,5,54,54,31,25,54,0,30,37,36,29,34.64,45,2,36.762688,-119.798752,58.797001,9,600,58,3,"e00fce68e88237db75a60608",2026-08-13 18:00:04.31,2026-08-13 18:00:04.944,2026-08-13 18:00:04.944,2026-08-13
"1105","bQM8X3k5UF","MOOSPMv3Parser",1786644000,0,0,1,0,0,1,1,1,1,1,280,54,48431,9,6,1,6,6,31,22,6,0,34,35,29,31,33.978,237,1,36.139023,-120.368309,174.936996,0,600,58,3,"e00fce6850cac69f647dc199",2026-08-13 18:00:04.658,2026-08-13 18:00:05.023,2026-08-13 18:00:05.023,2026-08-13
"1106","gkCcjvljwv","MOOSPMv3Parser",1786644001,5,5,4,7,7,4,4,8,8,5,1092,300,66199,54,29,4,29,29,30,26,29,0,30,34,39,33,22.511,82,2,35.949734,-119.049904,122.902,6,600,58,3,"e00fce6808784ceaf209f949",2026-08-13 18:00:04.864,2026-08-13 18:00:05.372,2026-08-13 18:00:05.372,2026-08-13
"1107","NIUC2S9H2e","MOOSPMv3Parser",1786644001,4,4,4,7,7,4,4,8,8,4,885,274,14491,46,33,4,33,33,0,0,33,0,29,33,38,36,21.286,87,4,36.43364,-119.923302,19.247,6,600,58,3,"e00fce6876826e255108c6bd",2026-08-13 18:00:05.57,2026-08-13 18:00:05.834,2026-08-13 18:00:05.834,2026-08-13
"1108","SZGTB3PHdE","MOOSPMv3Parser",1786644600,0,0,0,0,0,0,0,0,0,0,137,55,4582,5,3,0,3,3,32,30,3,0,32,37,34,29,24.878,203,1,36.138981,-120.368362,179.738998,0,599,58,3,"e00fce686dc2ef0a68fa40b0",2026-08-13 18:10:01.857,2026-08-13 18:10:02.045,2026-08-13 18:10:02.045,2026-08-13
"1109","0MDA42Mzrs","MOOSPMv3Parser",1786644600,21,20,15,31,30,16,16,33,33,16,3775,1068,109279,202,118,9,119,119,31,33,119,0,31,36,42,35,29.764,102,4,36.52335,-119.278831,77.001999,5,600,58,3,"e00fce68f12da1a0c5de6248",2026-08-13 18:10:02.523,2026-08-13 18:10:02.782,2026-08-13 18:10:02.782,2026-08-13
"1110","iaoIc0ocph","MOOSPMv3Parser",1786644601,0,0,1,0,0,1,1,0,0,1,140,59,2744594,5,5,0,5,5,32,30,5,0,32,37,34,29,23.707,204,1,36.138981,-120.368362,179.738998,0,1,58,3,"e00fce686dc2ef0a68fa40b0",2026-08-13 18:10:02.57,2026-08-13 18:10:02.801,2026-08-13 18:10:02.801,2026-08-13
"1111","lbsas970aH","MOOSPMv3Parser",1786644601,0,0,1,0,0,1,1,0,0,1,155,79,43700,8,6,0,6,6,32,29,6,0,31,36,36,31,17.362,222,1,36.139103,-120.368385,179.212997,8,600,58,3,"e00fce68d6b773b56ce8baa0",2026-08-13 18:10:02.659,2026-08-13 18:10:02.92,2026-08-13 18:10:02.92,2026-08-13
"1112","fYF91TcqXF","MOOSPMv3Parser",1786644600,7,7,4,9,9,4,4,10,10,4,1821,384,5821,60,28,3,29,29,27,35,29,0,27,30,44,42,30.429,68,3,36.503124,-120.325333,54.465,5,600,58,3,"e00fce68e77e43df92405fdb",2026-08-13 18:10:02.972,2026-08-13 18:10:03.215,2026-08-13 18:10:03.215,2026-08-13
"1113","wyDrMPrMQZ","MOOSPMv3Parser",1786644600,3,3,0,6,6,0,0,6,6,0,1020,255,0,43,0,2,0,0,32,19,0,2,30,37,35,28,25.178,58,4,36.187542,-119.822121,20.132,6,600,58,3,"e00fce68e739ecbcf9e91965",2026-08-13 18:10:03.366,2026-08-13 18:10:03.549,2026-08-13 18:10:03.549,2026-08-13
"1114","k18vNXYIfg","MOOSPMv3Parser",1786644601,2,2,2,2,2,2,2,3,3,2,468,129,66309,21,13,1,13,13,33,18,13,0,32,39,33,27,26.416,112,3277,2e-06,-0.004268,24191.423828,8,600,58,3,"e00fce68e28dcbc9a589be10",2026-08-13 18:10:03.405,2026-08-13 18:10:03.565,2026-08-13 18:10:03.565,2026-08-13
"1115","BC8GKqFvv4","MOOSPMv3Parser",1786644601,9,9,7,14,14,8,8,14,14,8,2045,491,110243,92,57,6,58,58,32,24,58,0,30,37,35,28,34.512,51,2,36.762726,-119.798729,60.068001,8,600,58,3,"e00fce68e88237db75a60608",2026-08-13 18:10:03.901,2026-08-13 18:10:04.079,2026-08-13 18:10:04.079,2026-08-13
"1116","iy8SFqMO1q","MOOSPMv3Parser",1786644601,4,4,3,7,7,4,4,7,7,4,1025,280,66220,49,25,3,26,26,30,26,26,1,30,35,39,33,22.649,86,2,35.949444,-119.04995,108.528,5,600,58,3,"e00fce6808784ceaf209f949",2026-08-13 18:10:05.211,2026-08-13 18:10:05.405,2026-08-13 18:10:05.405,2026-08-13
"1117","Ic0IU2M9oD","MOOSPMv3Parser",1786644600,0,0,1,1,1,1,1,1,1,1,257,53,48435,9,5,0,5,5,32,22,5,0,35,36,29,31,34.755,241,1,36.138962,-120.368401,176.651993,8,600,58,3,"e00fce6850cac69f647dc199",2026-08-13 18:10:05.389,2026-08-13 18:10:05.543,2026-08-13 18:10:05.543,2026-08-13
"1118","mgNBPiXXOW","MOOSPMv3Parser",1786644601,4,4,4,6,6,4,4,7,7,4,880,270,14519,44,32,3,32,32,0,0,32,0,30,33,38,35,21.728,87,4,36.433723,-119.923416,29.183001,5,600,58,3,"e00fce6876826e255108c6bd",2026-08-13 18:10:05.377,2026-08-13 18:10:05.607,2026-08-13 18:10:05.607,2026-08-13
"1119","gAwSJ5gZJ4","MOOSPMv3Parser",1786645201,0,0,1,0,0,1,1,0,0,1,162,86,43705,9,6,1,6,6,33,28,6,0,31,37,36,30,17.431,220,1,36.139103,-120.368385,179.212997,0,600,58,3,"e00fce68d6b773b56ce8baa0",2026-08-13 18:20:02.241,2026-08-13 18:20:02.42,2026-08-13 18:20:02.42,2026-08-13
"1120","LWa8AMN1Ol","MOOSPMv3Parser",1786645200,0,0,1,0,0,1,1,0,0,1,136,56,4585,5,4,0,4,4,33,29,4,0,32,37,33,28,25.356,200,1,36.139023,-120.368446,183.945999,5,599,58,3,"e00fce686dc2ef0a68fa40b0",2026-08-13 18:20:02.355,2026-08-13 18:20:02.661,2026-08-13 18:20:02.661,2026-08-13
"1121","8g5DtFkCoV","MOOSPMv3Parser",1786645200,7,7,4,10,10,4,4,10,10,4,1823,382,5847,58,30,4,30,30,27,34,30,0,27,30,43,42,31.963,59,3,36.503178,-120.325401,81.190002,5,600,58,3,"e00fce68e77e43df92405fdb",2026-08-13 18:20:02.783,2026-08-13 18:20:03.053,2026-08-13 18:20:03.053,2026-08-13
"1122","3P7IiQiLNJ","MOOSPMv3Parser",1786645201,1,1,2,2,2,2,2,2,2,2,448,123,66322,21,15,1,15,15,34,18,15,0,32,39,33,27,26.716,114,3277,2e-06,-0.004268,24191.423828,8,600,58,3,"e00fce68e28dcbc9a589be10",2026-08-13 18:20:03.104,2026-08-13 18:20:03.35,2026-08-13 18:20:03.35,2026-08-13
"1123","3TFCNmhBmL","MOOSPMv3Parser",1786645200,4,4,0,7,7,0,0,7,7,0,1164,298,0,52,0,3,0,0,32,20,0,2,30,37,36,29,25.684,64,3,36.18755,-119.821846,51.037998,5,600,58,3,"e00fce68e739ecbcf9e91965",2026-08-13 18:20:03.366,2026-08-13 18:20:03.533,2026-08-13 18:20:03.533,2026-08-13
"1124","B6KMy6lXkz","MOOSPMv3Parser",1786645200,0,0,1,0,0,1,1,0,0,1,298,57,48440,7,6,0,6,6,32,21,6,0,36,36,28,30,35.1,242,1,36.138966,-120.368408,171.007996,9,600,58,3,"e00fce6850cac69f647dc199",2026-08-13 18:20:04.1,2026-08-13 18:20:04.229,2026-08-13 18:20:04.229,2026-08-13
"1125","PI28LtvPU2","MOOSPMv3Parser",1786645201,8,8,6,13,13,7,7,13,13,7,1979,465,110285,81,49,7,49,49,32,23,49,0,30,38,34,27,36.108,52,1,36.762741,-119.798759,44.541,9,600,58,3,"e00fce68e88237db75a60608",2026-08-13 18:20:04.151,2026-08-13 18:20:04.64,2026-08-13 18:20:04.64,2026-08-13
"1126","0g6yryG7Bc","MOOSPMv3Parser",1786645200,19,19,14,28,28,14,14,29,29,14,3525,992,109372,173,106,8,106,106,31,32,106,0,31,36,40,33,30.14,94,4,36.52335,-119.278831,77.005997,0,600,58,3,"e00fce68f12da1a0c5de6248",2026-08-13 18:20:04.843,2026-08-13 18:20:04.993,2026-08-13 18:20:04.993,2026-08-13
"1127","Nnzvn5gPF9","MOOSPMv3Parser",1786645201,4,4,3,6,6,4,4,7,7,5,954,262,66242,47,26,3,27,27,31,27,27,1,30,35,39,33,22.915,90,1,35.949619,-119.04995,121.908997,8,600,58,3,"e00fce6808784ceaf209f949",2026-08-13 18:20:04.8,2026-08-13 18:20:05.006,2026-08-13 18:20:05.006,2026-08-13
"1128","Tb3xDNX0u3","MOOSPMv3Parser",1786645201,4,4,4,6,6,4,4,7,7,4,858,265,14546,43,31,4,32,32,0,0,32,0,30,33,37,34,21.949,88,4,36.433586,-119.92337,37.203999,7,600,58,3,"e00fce6876826e255108c6bd",2026-08-13 18:20:05.434,2026-08-13 18:20:05.605,2026-08-13 18:20:05.605,2026-08-13
"1129","FPWLDaQwrE","MOOSPMv3Parser",1786645801,0,0,1,0,0,1,1,0,0,1,162,87,43710,9,6,1,6,6,33,28,6,0,31,37,36,29,17.972,216,1,36.138947,-120.368355,169.195007,8,600,58,3,"e00fce68d6b773b56ce8baa0",2026-08-13 18:30:02.584,2026-08-13 18:30:02.897,2026-08-13 18:30:02.897,2026-08-13
"1130","tPPzIsOzaE","MOOSPMv3Parser",1786645800,16,16,11,22,22,11,11,24,24,11,2876,812,109446,141,85,6,85,85,32,29,85,0,31,37,37,31,30.662,68,3,36.523361,-119.278816,91.788002,7,600,58,3,"e00fce68f12da1a0c5de6248",2026-08-13 18:30:02.693,2026-08-13 18:30:02.914,2026-08-13 18:30:02.914,2026-08-13
"1131","aUJRMAOH1B","MOOSPMv3Parser",1786645800,7,7,4,10,10,4,4,10,10,4,1879,397,5873,63,31,3,31,31,27,32,31,0,28,30,39,38,31.343,70,3,36.503155,-120.325417,69.227997,5,600,58,3,"e00fce68e77e43df92405fdb",2026-08-13 18:30:02.714,2026-08-13 18:30:02.932,2026-08-13 18:30:02.932,2026-08-13
"1132","0zrBqDrAxa","MOOSPMv3Parser",1786645800,0,0,0,0,0,0,0,0,0,0,138,57,4581,5,3,0,3,3,33,28,3,0,32,38,33,27,25.25,197,1,36.139065,-120.36834,180.733002,7,600,58,3,"e00fce686dc2ef0a68fa40b0",2026-08-13 18:30:02.723,2026-08-13 18:30:02.94,2026-08-13 18:30:02.94,2026-08-13
"1133","BlWmuMAw7o","MOOSPMv3Parser",1786645801,2,2,2,3,3,2,2,3,3,2,484,135,66334,19,14,1,14,14,34,18,14,0,32,39,34,27,26.131,139,3277,2e-06,-0.004268,24191.423828,8,600,58,3,"e00fce68e28dcbc9a589be10",2026-08-13 18:30:03.263,2026-08-13 18:30:03.446,2026-08-13 18:30:03.446,2026-08-13
"1134","BE8bpIRvZc","MOOSPMv3Parser",1786645800,4,4,0,7,7,0,0,8,8,0,1180,300,0,52,0,4,0,0,32,19,0,2,31,37,35,29,25.515,80,3,36.187504,-119.821785,29.773001,6,600,58,3,"e00fce68e739ecbcf9e91965",2026-08-13 18:30:03.703,2026-08-13 18:30:03.902,2026-08-13 18:30:03.902,2026-08-13
"1135","YVWjEVWXOV","MOOSPMv3Parser",1786645801,8,8,6,12,12,7,7,12,12,7,1913,443,110328,76,49,4,49,49,33,22,49,0,32,38,33,27,37.187,50,1,36.762718,-119.798752,57.847,10,600,58,3,"e00fce68e88237db75a60608",2026-08-13 18:30:04.364,2026-08-13 18:30:04.527,2026-08-13 18:30:04.527,2026-08-13
"1136","0qumWNtAqv","MOOSPMv3Parser",1786645800,0,0,1,0,0,1,1,0,0,1,287,55,48445,7,6,0,6,6,32,20,6,0,36,37,27,29,35.476,240,1,36.139011,-120.368401,173.309006,11,600,58,3,"e00fce6850cac69f647dc199",2026-08-13 18:30:04.427,2026-08-13 18:30:04.584,2026-08-13 18:30:04.584,2026-08-13
"1137","L2wZmBeqO7","MOOSPMv3Parser",1786645801,4,4,3,6,6,4,4,6,6,4,889,239,66262,41,23,3,24,24,31,24,24,1,31,35,37,31,22.766,105,1,35.949566,-119.049919,122.134003,6,600,58,3,"e00fce6808784ceaf209f949",2026-08-13 18:30:05.086,2026-08-13 18:30:05.287,2026-08-13 18:30:05.287,2026-08-13
"1138","YS716RxjR0","MOOSPMv3Parser",1786645801,4,4,4,7,7,4,4,8,8,4,878,271,14572,45,30,4,30,30,0,0,30,0,30,34,36,34,22.391,88,4,36.433586,-119.92337,37.200001,0,600,58,3,"e00fce6876826e255108c6bd",2026-08-13 18:30:05.54,2026-08-13 18:30:05.693,2026-08-13 18:30:05.693,2026-08-13
"1139","rncHjCAIZ9","MOOSPMv3Parser",1786646401,0,0,1,0,0,1,1,0,0,1,170,91,43715,9,6,1,6,6,34,27,6,0,31,38,36,28,18.005,211,1,36.139023,-120.368347,166.817993,7,600,58,3,"e00fce68d6b773b56ce8baa0",2026-08-13 18:40:02.171,2026-08-13 18:40:02.367,2026-08-13 18:40:02.367,2026-08-13
"1140","mUMhwwNzjd","MOOSPMv3Parser",1786646400,7,7,4,10,10,4,4,11,11,4,1933,406,5901,63,31,3,31,31,27,30,31,0,27,30,40,37,33.334,60,3,36.503239,-120.325432,61.948002,5,600,58,3,"e00fce68e77e43df92405fdb",2026-08-13 18:40:02.48,2026-08-13 18:40:02.662,2026-08-13 18:40:02.662,2026-08-13
"1141","qM9paDAKeG","MOOSPMv3Parser",1786646400,0,0,0,0,0,0,0,0,0,0,146,61,4583,6,3,0,3,3,34,28,3,0,33,38,32,27,25.554,195,1,36.139034,-120.368378,169.772995,9,600,58,3,"e00fce686dc2ef0a68fa40b0",2026-08-13 18:40:02.82,2026-08-13 18:40:03.021,2026-08-13 18:40:03.021,2026-08-13
"1142","uJ3Dvx4zHr","MOOSPMv3Parser",1786646401,2,2,2,2,2,2,2,2,2,2,471,130,66346,18,13,1,14,14,33,19,14,0,32,39,34,27,25.983,128,3277,2e-06,-0.004268,24191.423828,8,600,58,3,"e00fce68e28dcbc9a589be10",2026-08-13 18:40:03.298,2026-08-13 18:40:03.482,2026-08-13 18:40:03.482,2026-08-13
"1143","WNKZS7zpat","MOOSPMv3Parser",1786646400,5,5,0,8,8,0,0,9,9,0,1317,334,0,61,0,5,0,0,33,19,0,2,31,38,34,29,26.212,80,2,36.187504,-119.821785,29.773001,0,600,58,3,"e00fce68e739ecbcf9e91965",2026-08-13 18:40:03.523,2026-08-13 18:40:03.725,2026-08-13 18:40:03.725,2026-08-13
"1144","9e8nRTihsw","MOOSPMv3Parser",1786646401,8,8,6,11,11,6,6,12,12,6,1850,424,110366,73,44,5,44,44,33,21,44,0,32,39,33,26,37.245,60,1,36.762794,-119.798683,62.050999,9,600,58,3,"e00fce68e88237db75a60608",2026-08-13 18:40:03.808,2026-08-13 18:40:03.983,2026-08-13 18:40:03.983,2026-08-13
"1145","hQxCcMDEOh","MOOSPMv3Parser",1786646400,0,0,1,1,1,1,1,1,1,1,293,58,48450,8,6,0,6,6,33,19,6,0,36,37,26,28,35.55,235,1,36.138859,-120.368423,160.382004,8,600,58,3,"e00fce6850cac69f647dc199",2026-08-13 18:40:04.741,2026-08-13 18:40:04.943,2026-08-13 18:40:04.943,2026-08-13
"1146","r2FtbPy65s","MOOSPMv3Parser",1786646401,4,4,3,6,6,3,4,6,6,4,935,255,66282,43,22,3,23,23,31,23,23,0,31,36,36,30,23.671,94,1,35.949539,-119.049942,108.549004,8,600,58,3,"e00fce6808784ceaf209f949",2026-08-13 18:40:04.964,2026-08-13 18:40:05.119,2026-08-13 18:40:05.119,2026-08-13
"1147","AinI2rmHaO","MOOSPMv3Parser",1786646401,4,4,4,7,7,4,4,8,8,5,848,262,14599,47,31,4,31,31,0,0,31,0,31,34,34,33,22.109,88,4,36.43362,-119.923347,30.451,8,600,58,3,"e00fce6876826e255108c6bd",2026-08-13 18:40:05.589,2026-08-13 18:40:05.765,2026-08-13 18:40:05.765,2026-08-13
"1148","1HhT0f2Y5b","MOOSPMv3Parser",1786646400,14,14,9,20,20,10,10,21,21,10,2547,710,109510,126,73,6,73,73,32,27,73,0,31,37,36,30,30.927,48,3,36.523361,-119.278816,91.791,0,600,58,3,"e00fce68f12da1a0c5de6248",2026-08-13 18:40:08.619,2026-08-13 18:40:08.777,2026-08-13 18:40:08.777,2026-08-13
"1149","EXE81CS30y","MOOSPMv3Parser",1786647001,0,0,1,0,0,1,1,0,0,1,175,92,43720,9,5,1,5,5,34,27,5,0,31,38,36,28,18.662,210,1,36.139057,-120.36834,171.570999,7,600,58,3,"e00fce68d6b773b56ce8baa0",2026-08-13 18:50:02.512,2026-08-13 18:50:02.788,2026-08-13 18:50:02.788,2026-08-13
"1150","9qS8lIH8jE","MOOSPMv3Parser",1786647000,12,12,8,16,16,8,8,17,17,8,2187,611,109747,103,62,4,62,62,32,25,62,0,32,38,32,28,30.484,41,2,36.523342,-119.278831,67.295998,7,599,58,3,"e00fce68f12da1a0c5de6248",2026-08-13 18:50:02.682,2026-08-13 18:50:02.993,2026-08-13 18:50:02.993,2026-08-13
"1151","1uwHcETwr5","MOOSPMv3Parser",1786647001,2,2,2,2,2,2,2,3,3,2,448,126,66358,20,14,1,14,14,34,18,14,0,33,39,33,27,26.336,112,3277,2e-06,-0.004268,24191.423828,8,600,58,3,"e00fce68e28dcbc9a589be10",2026-08-13 18:50:02.921,2026-08-13 18:50:03.13,2026-08-13 18:50:03.13,2026-08-13
"1152","QXaFd25ulg","MOOSPMv3Parser",1786647000,5,5,0,9,9,0,0,9,9,0,1369,359,0,63,0,4,0,0,33,19,0,2,32,38,34,28,26.763,85,2,36.187496,-119.822029,17.827999,9,600,58,3,"e00fce68e739ecbcf9e91965",2026-08-13 18:50:03.522,2026-08-13 18:50:03.732,2026-08-13 18:50:03.732,2026-08-13
"1153","qWmLHrsEPD","MOOSPMv3Parser",1786647001,8,8,6,11,11,7,7,12,12,7,1835,416,110408,74,49,6,49,49,33,20,49,0,32,38,32,26,37.427,63,1,36.762642,-119.798698,69.164001,7,600,58,3,"e00fce68e88237db75a60608",2026-08-13 18:50:04.058,2026-08-13 18:50:04.307,2026-08-13 18:50:04.307,2026-08-13
"1154","aZluRZCOvO","MOOSPMv3Parser",1786647001,4,4,3,6,6,4,4,7,7,4,962,257,66303,46,25,4,26,26,31,23,26,1,31,36,36,30,24.403,77,1,35.949524,-119.049942,112.782997,6,600,58,3,"e00fce6808784ceaf209f949",2026-08-13 18:50:04.847,2026-08-13 18:50:05.039,2026-08-13 18:50:05.039,2026-08-13
"1155","1FmGlY6s0p","MOOSPMv3Parser",1786647000,0,0,1,1,1,1,1,1,1,1,307,63,48456,10,6,0,6,6,33,18,6,0,36,37,26,28,36.878,235,1,36.139011,-120.368385,176.362,6,600,58,3,"e00fce6850cac69f647dc199",2026-08-13 18:50:05.072,2026-08-13 18:50:05.288,2026-08-13 18:50:05.288,2026-08-13
"1156","VquCZhOXS1","MOOSPMv3Parser",1786647001,3,3,3,5,5,4,4,6,6,4,739,228,14622,39,26,3,26,26,0,0,26,0,31,35,34,32,23.317,88,4,36.433693,-119.92334,24.702999,5,600,58,3,"e00fce6876826e255108c6bd",2026-08-13 18:50:05.563,2026-08-13 18:50:05.722,2026-08-13 18:50:05.722,2026-08-13
"1157","zAK6frnst8","MOOSPMv3Parser",1786647000,0,0,0,0,0,0,0,0,0,0,146,61,4586,5,3,0,3,3,34,27,3,0,33,38,31,26,26.021,195,1,36.139114,-120.36834,175.513,9,600,58,3,"e00fce686dc2ef0a68fa40b0",2026-08-13 18:50:06.144,2026-08-13 18:50:06.327,2026-08-13 18:50:06.327,2026-08-13
"1158","06nPurI47T","MOOSPMv3Parser",1786647000,8,8,4,11,11,4,4,12,12,4,1967,447,5927,64,30,4,31,31,27,29,31,0,28,31,38,37,34.609,46,3,36.503239,-120.325401,49.139999,5,600,58,3,"e00fce68e77e43df92405fdb",2026-08-13 18:50:07.965,2026-08-13 18:50:08.167,2026-08-13 18:50:08.167,2026-08-13
"1159","EgpKUTChpx","MOOSPMv3Parser",1786647600,0,0,0,0,0,0,0,0,0,0,150,62,4589,6,4,0,4,4,34,27,4,0,32,38,31,26,27.377,180,1,36.138748,-120.368416,151.425995,8,600,58,3,"e00fce686dc2ef0a68fa40b0",2026-08-13 19:00:01.794,2026-08-13 19:00:02.077,2026-08-13 19:00:02.077,2026-08-13
"1160","DaHGRGV37B","MOOSPMv3Parser",1786647601,0,0,1,0,0,1,1,0,0,1,175,96,43725,9,6,1,6,6,34,26,6,0,31,37,36,28,18.585,201,1,36.139114,-120.368401,172.899002,9,600,58,3,"e00fce68d6b773b56ce8baa0",2026-08-13 19:00:02.339,2026-08-13 19:00:03.343,2026-08-13 19:00:03.343,2026-08-13
"1161","sHiQqRUreY","MOOSPMv3Parser",1786647600,8,8,4,11,11,4,4,12,12,4,2006,459,5955,71,32,3,32,32,28,29,32,0,28,31,39,37,36.021,46,3,36.503193,-120.325409,64.628998,5,600,58,3,"e00fce68e77e43df92405fdb",2026-08-13 19:00:02.421,2026-08-13 19:00:03.397,2026-08-13 19:00:03.397,2026-08-13
"1162","aowysFWs2P","MOOSPMv3Parser",1786647601,2,2,2,2,2,2,2,3,3,2,476,130,66371,20,15,1,15,15,34,18,15,0,33,39,33,27,26.446,117,3277,2e-06,-0.004268,24191.423828,8,600,58,3,"e00fce68e28dcbc9a589be10",2026-08-13 19:00:03.02,2026-08-13 19:00:04.388,2026-08-13 19:00:04.388,2026-08-13
"1163","IKCngFIWjE","MOOSPMv3Parser",1786647600,0,0,1,1,1,1,1,1,1,1,332,65,48462,9,7,0,7,7,32,18,7,0,36,37,26,28,38.588,225,1,36.139111,-120.368256,178.429001,8,600,58,3,"e00fce6850cac69f647dc199",2026-08-13 19:00:04.277,2026-08-13 19:00:04.798,2026-08-13 19:00:04.798,2026-08-13
"1164","EKGQ9TJCmC","MOOSPMv3Parser",1786647601,7,7,5,10,10,6,6,11,11,6,1785,400,110445,66,42,3,42,42,33,20,42,0,32,38,32,27,38.861,45,1,36.762722,-119.798752,45.710999,9,600,58,3,"e00fce68e88237db75a60608",2026-08-13 19:00:04.064,2026-08-13 19:00:04.88,2026-08-13 19:00:04.88,2026-08-13
"1165","e8ds22KqrY","MOOSPMv3Parser",1786647600,6,6,0,9,9,0,0,9,9,0,1469,370,0,60,0,4,0,0,33,18,0,2,33,39,32,28,26.343,96,2,36.187462,-119.821976,17.747,10,600,58,3,"e00fce68e739ecbcf9e91965",2026-08-13 19:00:03.523,2026-08-13 19:00:05.117,2026-08-13 19:00:05.117,2026-08-13
"1166","bBjJC2C7rA","MOOSPMv3Parser",1786647601,4,4,4,6,6,4,4,7,7,4,802,247,14646,42,28,5,28,28,0,0,28,0,32,35,34,32,23.031,88,4,36.433624,-119.923363,12.354,7,600,58,3,"e00fce6876826e255108c6bd",2026-08-13 19:00:05.17,2026-08-13 19:00:05.776,2026-08-13 19:00:05.776,2026-08-13
"1167","17FPVqyEx6","MOOSPMv3Parser",1786647600,4,4,3,6,6,4,4,7,7,4,960,261,66657,42,25,3,25,25,31,22,25,1,31,36,35,30,24.886,69,1,35.949589,-119.049919,114.749001,5,597,58,3,"e00fce6808784ceaf209f949",2026-08-13 19:00:05.835,2026-08-13 19:00:06.595,2026-08-13 19:00:06.595,2026-08-13
"1168","jVmLJOYTBq","MOOSPMv3Parser",1786647600,10,10,7,13,13,7,7,14,14,7,1835,517,109609,82,52,3,52,52,33,24,52,0,32,38,32,27,31.045,29,2,36.523323,-119.27877,71.753998,7,600,58,3,"e00fce68f12da1a0c5de6248",2026-08-13 19:00:11.312,2026-08-13 19:00:11.51,2026-08-13 19:00:11.51,2026-08-13
"1169","cXP8F8Pv53","MOOSPMv3Parser",1786648200,4,4,3,6,6,3,3,6,6,3,928,248,66344,44,23,2,23,23,31,22,23,0,31,36,35,30,25.324,62,1,35.949596,-119.049934,103.758003,6,600,58,3,"e00fce6808784ceaf209f949",2026-08-13 19:10:01.873,2026-08-13 19:10:02.085,2026-08-13 19:10:02.085,2026-08-13
"1170","be06msQWcp","MOOSPMv3Parser",1786648200,9,9,5,13,13,6,6,13,13,6,2168,487,5989,75,41,6,41,41,28,28,41,0,29,31,37,36,36.773,37,3,36.503204,-120.325409,52.748001,5,600,58,3,"e00fce68e77e43df92405fdb",2026-08-13 19:10:02.438,2026-08-13 19:10:02.688,2026-08-13 19:10:02.688,2026-08-13
"1171","ayCa0FDPLG","MOOSPMv3Parser",1786648201,0,0,1,0,0,1,1,0,0,1,175,93,43730,8,6,1,6,6,34,27,6,0,31,37,36,29,19.409,191,1,36.139065,-120.368347,177.362,10,600,58,3,"e00fce68d6b773b56ce8baa0",2026-08-13 19:10:02.435,2026-08-13 19:10:02.699,2026-08-13 19:10:02.699,2026-08-13
"1172","DqJVtZP8IL","MOOSPMv3Parser",1786648200,9,9,6,12,12,7,7,13,13,7,1704,478,109652,81,49,4,49,49,33,24,49,0,33,38,31,28,30.139,36,2,36.523365,-119.278725,91.921997,7,600,58,3,"e00fce68f12da1a0c5de6248",2026-08-13 19:10:02.576,2026-08-13 19:10:02.798,2026-08-13 19:10:02.798,2026-08-13
"1173","bvcE1CbJ8o","MOOSPMv3Parser",1786648200,0,0,0,0,0,0,0,0,0,0,148,64,4592,5,4,0,4,4,34,28,4,0,32,38,33,27,27.835,172,1,36.138969,-120.368355,165.619003,10,600,58,3,"e00fce686dc2ef0a68fa40b0",2026-08-13 19:10:02.582,2026-08-13 19:10:02.859,2026-08-13 19:10:02.859,2026-08-13
"1174","TDGmiwDie0","MOOSPMv3Parser",1786648201,2,2,2,3,3,2,2,3,3,2,479,135,66382,20,13,1,14,14,34,18,14,0,33,40,32,26,26.627,120,3277,2e-06,-0.004268,24191.423828,8,600,58,3,"e00fce68e28dcbc9a589be10",2026-08-13 19:10:03.019,2026-08-13 19:10:03.221,2026-08-13 19:10:03.221,2026-08-13
"1175","NgwGtksG27","MOOSPMv3Parser",1786648200,6,6,0,9,9,0,0,9,9,0,1438,373,0,65,0,5,0,0,34,18,0,2,32,39,33,27,27.735,79,1,36.187496,-119.822121,18.292999,8,600,58,3,"e00fce68e739ecbcf9e91965",2026-08-13 19:10:03.607,2026-08-13 19:10:03.774,2026-08-13 19:10:03.774,2026-08-13
"1176","xrEOJ2E31T","MOOSPMv3Parser",1786648201,6,6,5,9,9,5,5,9,9,5,1512,332,110477,57,37,3,37,37,33,19,37,0,32,38,30,26,39.337,32,1,36.762714,-119.798775,51.330002,11,600,58,3,"e00fce68e88237db75a60608",2026-08-13 19:10:03.865,2026-08-13 19:10:04.035,2026-08-13 19:10:04.035,2026-08-13
"1177","Fx7ThhoUMx","MOOSPMv3Parser",1786648200,0,0,1,1,1,1,1,1,1,1,328,65,48467,9,6,0,6,6,32,19,6,0,36,37,28,29,39.502,216,1,36.138996,-120.368477,153.192001,8,600,58,3,"e00fce6850cac69f647dc199",2026-08-13 19:10:04.517,2026-08-13 19:10:04.673,2026-08-13 19:10:04.673,2026-08-13
"1178","F8YezbMoDA","MOOSPMv3Parser",1786648201,3,3,3,5,5,3,3,6,6,3,730,224,14667,37,24,4,24,24,0,0,24,0,32,35,33,31,23.447,88,4,36.433575,-119.923363,17.860001,7,600,58,3,"e00fce6876826e255108c6bd",2026-08-13 19:10:05.406,2026-08-13 19:10:05.649,2026-08-13 19:10:05.649,2026-08-13
"1179","XGZTQETloE","MOOSPMv3Parser",1786648800,4,4,3,6,6,3,3,6,6,3,903,242,66362,41,21,2,21,21,32,21,21,0,32,37,34,29,25.742,71,1,35.949512,-119.049957,103.329002,6,600,58,3,"e00fce6808784ceaf209f949",2026-08-13 19:20:01.837,2026-08-13 19:20:02.015,2026-08-13 19:20:02.015,2026-08-13
"1180","MrJBnrWdCC","MOOSPMv3Parser",1786648801,0,0,1,0,0,1,1,0,0,1,175,93,43735,9,6,1,6,6,34,27,6,0,31,37,36,28,19.428,189,1,36.139019,-120.368347,160.824997,10,600,58,3,"e00fce68d6b773b56ce8baa0",2026-08-13 19:20:02.484,2026-08-13 19:20:02.757,2026-08-13 19:20:02.757,2026-08-13
"1181","rjQfs9s48o","MOOSPMv3Parser",1786648800,0,0,0,0,0,1,1,0,0,1,151,64,4595,5,4,0,4,4,34,27,4,0,32,38,32,26,27.718,174,1,36.139137,-120.36834,178.438004,8,600,58,3,"e00fce686dc2ef0a68fa40b0",2026-08-13 19:20:02.838,2026-08-13 19:20:03.066,2026-08-13 19:20:03.066,2026-08-13
"1182","nJR1GF9q1L","MOOSPMv3Parser",1786648801,2,2,2,3,3,2,2,3,3,2,520,144,66395,21,14,1,14,14,35,17,14,0,33,40,32,26,27.351,120,3277,2e-06,-0.004268,24191.423828,8,600,58,3,"e00fce68e28dcbc9a589be10",2026-08-13 19:20:03.038,2026-08-13 19:20:03.253,2026-08-13 19:20:03.253,2026-08-13
"1183","B4ex8ClTk8","MOOSPMv3Parser",1786648800,6,6,0,9,9,0,0,9,9,0,1461,370,0,63,0,5,0,0,34,18,0,2,32,39,34,28,28.351,73,1,36.187496,-119.822083,23.84,9,600,58,3,"e00fce68e739ecbcf9e91965",2026-08-13 19:20:03.528,2026-08-13 19:20:03.689,2026-08-13 19:20:03.689,2026-08-13
"1184","AWz7Lbv5PK","MOOSPMv3Parser",1786648801,5,5,4,8,8,5,5,8,8,5,1473,310,110507,54,35,3,35,35,33,19,35,0,32,38,30,26,39.611,29,1,36.762714,-119.798775,51.334999,0,600,58,3,"e00fce68e88237db75a60608",2026-08-13 19:20:03.956,2026-08-13 19:20:04.164,2026-08-13 19:20:04.164,2026-08-13
"1185","PzrOEMw29r","MOOSPMv3Parser",1786648800,0,0,1,1,1,1,1,1,1,1,314,63,48472,9,6,1,6,6,32,18,6,0,36,37,26,28,39.63,213,1,36.139172,-120.368324,160.376007,6,600,58,3,"e00fce6850cac69f647dc199",2026-08-13 19:20:04.912,2026-08-13 19:20:05.077,2026-08-13 19:20:05.077,2026-08-13
"1186","mAsYwZL4gf","MOOSPMv3Parser",1786648801,3,3,3,4,4,3,3,5,5,3,673,206,14687,32,23,3,23,23,0,0,23,0,32,36,33,31,22.618,88,4,36.433586,-119.92337,37.751999,7,600,58,3,"e00fce6876826e255108c6bd",2026-08-13 19:20:05.219,2026-08-13 19:20:05.455,2026-08-13 19:20:05.455,2026-08-13
"1187","ylkAqXrZBC","MOOSPMv3Parser",1786648800,7,7,6,11,11,6,6,11,11,6,1513,419,109690,70,43,3,43,43,34,23,43,0,33,39,31,27,29.283,39,1,36.523319,-119.278862,87.507004,7,600,58,3,"e00fce68f12da1a0c5de6248",2026-08-13 19:20:09.262,2026-08-13 19:20:09.441,2026-08-13 19:20:09.441,2026-08-13
"1188","A1a421kauG","MOOSPMv3Parser",1786649400,4,4,3,5,5,3,3,6,6,3,862,232,66379,40,20,3,20,20,32,20,20,0,32,37,34,29,26.509,71,1,35.949673,-119.049942,110.652,10,600,58,3,"e00fce6808784ceaf209f949",2026-08-13 19:30:01.822,2026-08-13 19:30:02.002,2026-08-13 19:30:02.002,2026-08-13
"1189","UEvtosiGzJ","MOOSPMv3Parser",1786649401,0,0,1,0,0,1,1,0,0,1,180,99,43740,10,7,1,7,7,33,26,7,0,31,35,36,28,20.136,179,1,36.139038,-120.368355,158.617996,8,600,58,3,"e00fce68d6b773b56ce8baa0",2026-08-13 19:30:02.416,2026-08-13 19:30:02.661,2026-08-13 19:30:02.661,2026-08-13
"1190","SOCfVEEIF6","MOOSPMv3Parser",1786649401,2,2,2,3,3,2,2,3,3,2,518,146,66408,21,15,2,15,15,35,17,15,0,34,41,31,25,27.758,127,3277,2e-06,-0.004268,24191.423828,8,600,58,3,"e00fce68e28dcbc9a589be10",2026-08-13 19:30:02.971,2026-08-13 19:30:03.219,2026-08-13 19:30:03.219,2026-08-13
"1191","G57sGjym4H","MOOSPMv3Parser",1786649401,0,0,0,0,0,0,0,0,0,0,153,67,4590,6,3,0,3,3,33,27,3,0,31,36,32,26,28.4,158,1,36.139072,-120.368469,158.343002,9,601,58,3,"e00fce686dc2ef0a68fa40b0",2026-08-13 19:30:03.327,2026-08-13 19:30:03.513,2026-08-13 19:30:03.513,2026-08-13
"1192","JIw24m8YV6","MOOSPMv3Parser",1786649400,5,5,0,8,8,0,0,8,8,0,1331,336,0,61,0,6,0,0,34,18,0,2,32,39,35,28,28.088,80,1,36.187443,-119.821976,69.972,6,600,58,3,"e00fce68e739ecbcf9e91965",2026-08-13 19:30:03.598,2026-08-13 19:30:03.762,2026-08-13 19:30:03.762,2026-08-13
"1193","uJwS0jvirP","MOOSPMv3Parser",1786649401,5,5,5,8,8,5,5,9,9,5,1440,307,110539,55,36,4,36,36,34,18,36,0,33,39,29,25,40.072,36,1,36.762714,-119.798706,46.650002,8,600,58,3,"e00fce68e88237db75a60608",2026-08-13 19:30:03.805,2026-08-13 19:30:03.987,2026-08-13 19:30:03.987,2026-08-13
"1194","GgyB4EVCYh","MOOSPMv3Parser",1786649400,1,1,1,1,1,1,1,1,1,1,364,73,48477,10,6,1,6,6,32,17,6,0,35,35,26,28,41.415,199,1,36.139149,-120.368309,189.848999,7,600,58,3,"e00fce6850cac69f647dc199",2026-08-13 19:30:05.079,2026-08-13 19:30:05.259,2026-08-13 19:30:05.259,2026-08-13
"1195","NVW65tAcBe","MOOSPMv3Parser",1786649401,3,3,3,5,5,3,3,5,5,3,669,207,14707,36,24,2,24,24,0,0,24,0,32,36,34,31,22.435,88,4,36.433651,-119.92334,39.902,6,600,58,3,"e00fce6876826e255108c6bd",2026-08-13 19:30:05.392,2026-08-13 19:30:05.609,2026-08-13 19:30:05.609,2026-08-13
"1196","K7O6zLnWS0","MOOSPMv3Parser",1786649401,8,8,4,11,11,4,4,12,12,4,1975,443,6088,69,33,4,33,33,-10,-10,33,0,29,32,40,36,36.183,50,3,36.503185,-120.325371,51.035999,5,596,58,3,"e00fce68e77e43df92405fdb",2026-08-13 19:30:06.758,2026-08-13 19:30:06.955,2026-08-13 19:30:06.955,2026-08-13
"1197","w5aRv7hHbc","MOOSPMv3Parser",1786649400,7,7,5,9,9,5,5,10,10,5,1384,378,109722,60,37,2,37,37,34,23,37,0,33,39,31,27,29.2,48,1,36.523418,-119.278755,81.095001,7,600,58,3,"e00fce68f12da1a0c5de6248",2026-08-13 19:30:08.328,2026-08-13 19:30:08.556,2026-08-13 19:30:08.556,2026-08-13
"1198","rBV6HzHE9s","MOOSPMv3Parser",1786650000,4,4,3,6,6,4,5,6,6,5,907,242,66398,39,24,2,25,25,32,20,25,1,32,37,34,29,25.751,70,1,35.949673,-119.049942,110.653,0,600,58,3,"e00fce6808784ceaf209f949",2026-08-13 19:40:01.978,2026-08-13 19:40:02.139,2026-08-13 19:40:02.139,2026-08-13
"1199","KlJX6GUidp","MOOSPMv3Parser",1786650001,8,8,4,10,10,4,4,11,11,4,1924,432,6076,61,33,3,33,33,29,26,33,0,30,33,36,34,35.744,58,3,36.50317,-120.32547,44.504002,5,600,58,3,"e00fce68e77e43df92405fdb",2026-08-13 19:40:02.05,2026-08-13 19:40:02.265,2026-08-13 19:40:02.265,2026-08-13
"1200","ngCAXQbmng","MOOSPMv3Parser",1786650001,0,0,1,0,0,1,1,0,0,1,185,101,43747,10,7,1,7,7,33,26,7,0,32,36,32,28,21.09,154,1,36.139023,-120.368462,144.578995,7,600,58,3,"e00fce68d6b773b56ce8baa0",2026-08-13 19:40:02.199,2026-08-13 19:40:02.36,2026-08-13 19:40:02.36,2026-08-13
"1201","8ul4MVzvRR","MOOSPMv3Parser",1786650000,0,0,1,0,0,1,1,0,0,1,157,70,4609,7,4,0,4,4,33,27,4,0,32,37,31,26,30.266,131,1,36.139072,-120.368469,158.347,0,599,58,3,"e00fce686dc2ef0a68fa40b0",2026-08-13 19:40:02.439,2026-08-13 19:40:02.72,2026-08-13 19:40:02.72,2026-08-13
"1202","Puss4EJHhH","MOOSPMv3Parser",1786650001,0,0,1,0,0,1,1,0,0,1,86,47,2761025,7,5,0,5,5,33,27,5,0,32,37,31,26,29.57,136,1,36.139072,-120.368469,158.347,0,1,58,3,"e00fce686dc2ef0a68fa40b0",2026-08-13 19:40:02.564,2026-08-13 19:40:02.774,2026-08-13 19:40:02.774,2026-08-13
"1203","MQeOxghzZi","MOOSPMv3Parser",1786650000,6,6,5,9,9,5,5,9,9,5,1399,381,109756,59,38,3,38,38,34,23,38,0,34,39,31,27,29.822,46,1,36.523376,-119.278831,105.907997,7,600,58,3,"e00fce68f12da1a0c5de6248",2026-08-13 19:40:02.746,2026-08-13 19:40:02.949,2026-08-13 19:40:02.949,2026-08-13
"1204","SFz2xvPmlB","MOOSPMv3Parser",1786650001,1,1,2,2,2,2,2,2,2,2,477,133,66419,19,13,0,13,13,35,16,13,0,34,41,30,24,27.683,135,3277,2e-06,-0.004268,24191.423828,8,600,58,3,"e00fce68e28dcbc9a589be10",2026-08-13 19:40:03.038,2026-08-13 19:40:03.218,2026-08-13 19:40:03.218,2026-08-13
"1205","CKax2YpWJ3","MOOSPMv3Parser",1786650000,5,5,0,8,8,0,0,8,8,0,1390,350,0,60,0,4,0,0,34,18,0,2,33,40,34,27,28.233,89,1,36.187496,-119.822037,35.713001,8,600,58,3,"e00fce68e739ecbcf9e91965",2026-08-13 19:40:03.535,2026-08-13 19:40:03.766,2026-08-13 19:40:03.766,2026-08-13
"1206","iV4hRRu996","MOOSPMv3Parser",1786650001,5,5,4,7,7,5,5,8,8,5,1441,290,110567,51,33,4,33,33,34,18,33,0,34,40,28,25,39.478,46,1,36.762703,-119.798706,62.394001,8,600,58,3,"e00fce68e88237db75a60608",2026-08-13 19:40:03.809,2026-08-13 19:40:03.984,2026-08-13 19:40:03.984,2026-08-13
"1207","iCi9oxpjo8","MOOSPMv3Parser",1786650000,1,1,1,1,1,1,1,1,1,1,375,79,48484,12,8,0,8,8,32,18,8,0,35,36,27,29,43.686,167,1,36.13887,-120.368355,167.695999,8,600,58,3,"e00fce6850cac69f647dc199",2026-08-13 19:40:04.173,2026-08-13 19:40:04.33,2026-08-13 19:40:04.33,2026-08-13
"1208","xCAWToilz9","MOOSPMv3Parser",1786650001,3,3,3,5,5,3,3,5,5,3,678,208,14728,35,24,3,24,24,0,0,24,0,32,36,33,31,21.903,88,3,36.433514,-119.923279,58.283001,6,600,58,3,"e00fce6876826e255108c6bd",2026-08-13 19:40:05.511,2026-08-13 19:40:05.657,2026-08-13 19:40:05.657,2026-08-13
"1209","8l2HVAAwej","MOOSPMv3Parser",1786650600,4,4,3,5,5,4,4,6,6,4,880,231,66419,40,25,3,25,25,33,20,25,0,33,37,34,29,25.296,71,1,35.949532,-119.049965,99.503998,5,600,58,3,"e00fce6808784ceaf209f949",2026-08-13 19:50:01.872,2026-08-13 19:50:02.027,2026-08-13 19:50:02.027,2026-08-13
"1210","5LEFEycc0F","MOOSPMv3Parser",1786650600,0,0,1,0,0,1,1,0,0,1,160,74,4613,7,5,0,5,5,34,26,5,0,33,38,29,25,30.561,128,1,36.139019,-120.368408,162.852997,8,599,58,3,"e00fce686dc2ef0a68fa40b0",2026-08-13 19:50:02.541,2026-08-13 19:50:02.712,2026-08-13 19:50:02.712,2026-08-13
"1211","dZeAv1FyLa","MOOSPMv3Parser",1786650601,7,7,4,11,11,4,4,11,11,4,1882,420,6104,68,32,4,32,32,30,27,32,0,30,33,36,35,36.412,56,3,36.503139,-120.325394,58.476002,7,600,58,3,"e00fce68e77e43df92405fdb",2026-08-13 19:50:02.534,2026-08-13 19:50:02.724,2026-08-13 19:50:02.724,2026-08-13
"1212","fnzdMafu74","MOOSPMv3Parser",1786650601,0,0,1,0,0,1,1,0,0,1,187,105,43754,11,8,1,9,9,33,26,9,0,32,37,30,27,21.857,147,1,36.139088,-120.368378,157.212006,6,600,58,3,"e00fce68d6b773b56ce8baa0",2026-08-13 19:50:02.525,2026-08-13 19:50:02.739,2026-08-13 19:50:02.739,2026-08-13
"1213","cQlHSmGnQo","MOOSPMv3Parser",1786650600,5,5,4,8,8,4,4,8,8,4,1241,341,109785,51,33,3,33,33,34,21,33,0,33,39,30,26,30.36,49,1,36.523338,-119.27887,79.376999,7,600,58,3,"e00fce68f12da1a0c5de6248",2026-08-13 19:50:02.698,2026-08-13 19:50:02.862,2026-08-13 19:50:02.862,2026-08-13
"1214","rltIuI9f5N","MOOSPMv3Parser",1786650601,1,1,2,1,1,2,2,2,2,2,456,121,66430,18,13,1,13,13,36,15,13,0,35,41,29,24,27.25,143,3277,2e-06,-0.004268,24191.423828,8,600,58,3,"e00fce68e28dcbc9a589be10",2026-08-13 19:50:03.181,2026-08-13 19:50:03.377,2026-08-13 19:50:03.377,2026-08-13
"1215","v3N9eSQq4g","MOOSPMv3Parser",1786650600,5,5,0,8,8,0,0,8,8,0,1407,348,0,60,0,4,0,0,35,18,0,2,33,40,33,27,28.075,94,1,36.187447,-119.822021,30.701,9,600,58,3,"e00fce68e739ecbcf9e91965",2026-08-13 19:50:03.523,2026-08-13 19:50:03.698,2026-08-13 19:50:03.698,2026-08-13
"1216","fZFOc3yOoU","MOOSPMv3Parser",1786650601,5,5,4,7,7,5,5,7,7,5,1510,284,110596,48,34,4,34,34,34,18,34,0,33,40,29,25,39.016,49,1,36.762672,-119.798744,47.549999,12,600,58,3,"e00fce68e88237db75a60608",2026-08-13 19:50:04.31,2026-08-13 19:50:04.505,2026-08-13 19:50:04.505,2026-08-13
"1217","wwgEGRo0yg","MOOSPMv3Parser",1786650600,1,1,1,1,1,1,1,1,1,1,391,86,48491,12,8,0,8,8,32,17,8,0,36,36,25,27,44.415,161,1,36.13887,-120.368355,167.697006,0,600,58,3,"e00fce6850cac69f647dc199",2026-08-13 19:50:04.351,2026-08-13 19:50:04.564,2026-08-13 19:50:04.564,2026-08-13
"1218","qdldvKKCzB","MOOSPMv3Parser",1786650601,3,3,3,5,5,4,4,6,6,4,724,221,14750,37,25,4,26,26,0,0,26,0,32,35,34,32,22.308,89,4,36.433533,-119.923279,31.789,5,600,58,3,"e00fce6876826e255108c6bd",2026-08-13 19:50:05.524,2026-08-13 19:50:05.73,2026-08-13 19:50:05.73,2026-08-13
"1219","RvyUw062Cs","MOOSPMv3Parser",1786651200,3,3,3,5,5,3,3,5,5,3,826,221,66436,35,20,2,20,20,33,19,20,1,32,38,34,29,24.908,75,1,35.949535,-119.049988,114.640999,6,600,58,3,"e00fce6808784ceaf209f949",2026-08-13 20:00:01.873,2026-08-13 20:00:02.361,2026-08-13 20:00:02.361,2026-08-13
"1220","2v7yOMJfMZ","MOOSPMv3Parser",1786651201,8,8,4,11,11,4,4,12,12,4,1942,435,6132,67,33,4,33,33,-10,-10,33,0,30,34,34,33,36.277,73,3,36.503185,-120.325417,65.024002,6,600,58,3,"e00fce68e77e43df92405fdb",2026-08-13 20:00:02.23,2026-08-13 20:00:02.591,2026-08-13 20:00:02.591,2026-08-13
"1221","AoFSqnPcON","MOOSPMv3Parser",1786651201,0,0,1,0,0,1,1,0,0,1,191,108,43761,12,8,1,8,8,34,24,8,0,33,37,28,25,22.234,139,1,36.139,-120.368393,169.080002,6,600,58,3,"e00fce68d6b773b56ce8baa0",2026-08-13 20:00:02.212,2026-08-13 20:00:02.718,2026-08-13 20:00:02.718,2026-08-13
"1222","hNGNTaoUNl","MOOSPMv3Parser",1786651200,0,0,1,0,0,1,1,0,0,1,160,73,4610,8,5,1,5,5,34,25,5,0,33,38,27,23,31.143,122,1,36.139091,-120.368423,158.712997,7,600,58,3,"e00fce686dc2ef0a68fa40b0",2026-08-13 20:00:02.865,2026-08-13 20:00:03.423,2026-08-13 20:00:03.423,2026-08-13
"1223","ygCdB7D1gN","MOOSPMv3Parser",1786651200,5,5,4,8,8,5,5,8,8,5,1271,350,109814,54,34,2,34,34,34,21,34,0,34,40,30,26,30.576,47,1,36.523396,-119.278809,89.684998,8,600,58,3,"e00fce68f12da1a0c5de6248",2026-08-13 20:00:03.84,2026-08-13 20:00:04.576,2026-08-13 20:00:04.576,2026-08-13
"1224","XMxXGkmnCn","MOOSPMv3Parser",1786651201,1,1,2,1,1,2,2,1,1,2,449,123,66440,17,12,1,12,12,36,15,12,0,35,42,28,23,26.285,144,3277,2e-06,-0.004268,24191.423828,8,600,58,3,"e00fce68e28dcbc9a589be10",2026-08-13 20:00:03.42,2026-08-13 20:00:04.694,2026-08-13 20:00:04.694,2026-08-13
"1225","iaPItaB5At","MOOSPMv3Parser",1786651200,4,4,0,7,7,0,0,7,7,0,1242,309,0,52,0,4,0,0,35,17,0,2,34,41,32,27,27.336,109,1,36.187473,-119.822021,26.424,10,600,58,3,"e00fce68e739ecbcf9e91965",2026-08-13 20:00:03.445,2026-08-13 20:00:04.771,2026-08-13 20:00:04.771,2026-08-13
"1226","ighEIgQbCA","MOOSPMv3Parser",1786651200,1,1,1,1,1,1,1,1,1,1,379,79,48498,13,9,0,9,9,33,15,9,0,36,37,23,25,45.206,154,1,36.139042,-120.368423,167.354996,6,600,58,3,"e00fce6850cac69f647dc199",2026-08-13 20:00:04.675,2026-08-13 20:00:04.983,2026-08-13 20:00:04.983,2026-08-13
"1227","kTrrd11Slt","MOOSPMv3Parser",1786651201,4,4,4,7,7,5,5,7,7,5,1507,276,110624,48,32,3,33,33,34,18,33,0,33,39,29,25,39.681,45,1,36.762783,-119.798767,64.054001,9,600,58,3,"e00fce68e88237db75a60608",2026-08-13 20:00:04.47,2026-08-13 20:00:05.025,2026-08-13 20:00:05.025,2026-08-13
"1228","4SwuAlk5ov","MOOSPMv3Parser",1786651201,3,3,3,5,5,3,3,6,6,3,717,218,14770,36,23,3,23,23,0,0,23,0,32,36,34,32,22.808,89,4,36.433628,-119.923409,17.583,5,600,58,3,"e00fce6876826e255108c6bd",2026-08-13 20:00:05.476,2026-08-13 20:00:05.858,2026-08-13 20:00:05.858,2026-08-13
"1229","ffy3z4raNR","MOOSPMv3Parser",1786651800,4,4,3,6,6,3,3,6,6,3,870,236,66453,37,20,2,21,21,33,19,21,0,33,37,33,29,25.097,68,1,35.949528,-119.050018,98.765999,6,600,58,3,"e00fce6808784ceaf209f949",2026-08-13 20:10:02.248,2026-08-13 20:10:02.456,2026-08-13 20:10:02.456,2026-08-13
"1230","cIKVl3NhAD","MOOSPMv3Parser",1786651801,0,0,1,0,0,1,1,0,0,1,194,113,43768,14,9,1,9,9,34,25,9,0,33,38,28,26,22.997,129,1,36.139,-120.368393,169.076996,0,600,58,3,"e00fce68d6b773b56ce8baa0",2026-08-13 20:10:02.499,2026-08-13 20:10:02.736,2026-08-13 20:10:02.736,2026-08-13
"1231","aslWYiRq5v","MOOSPMv3Parser",1786651801,7,7,4,10,10,4,4,11,11,4,1907,412,6159,61,31,3,31,31,30,24,31,0,31,34,34,32,36.791,66,3,36.503078,-120.325417,55.172001,7,600,58,3,"e00fce68e77e43df92405fdb",2026-08-13 20:10:02.978,2026-08-13 20:10:03.17,2026-08-13 20:10:03.17,2026-08-13
"1232","SGMkhBp94Y","MOOSPMv3Parser",1786651801,0,0,1,0,0,1,1,0,0,1,161,76,4607,8,6,1,6,6,34,25,6,0,34,39,28,24,31.778,120,1,36.138901,-120.368393,167.231995,9,601,58,3,"e00fce686dc2ef0a68fa40b0",2026-08-13 20:10:03.17,2026-08-13 20:10:03.38,2026-08-13 20:10:03.38,2026-08-13
"1233","5A5hwWNAtC","MOOSPMv3Parser",1786651800,4,4,0,6,6,0,0,6,6,0,1149,273,0,43,0,4,0,0,36,16,0,2,34,41,33,26,27.912,92,1,36.187431,-119.821953,34.113998,9,600,58,3,"e00fce68e739ecbcf9e91965",2026-08-13 20:10:03.448,2026-08-13 20:10:03.652,2026-08-13 20:10:03.652,2026-08-13
"1234","bqWzEPHSVR","MOOSPMv3Parser",1786651801,4,4,4,6,6,5,5,7,7,5,1521,274,110650,46,31,3,32,32,35,18,32,0,33,40,29,25,39.504,44,1,36.762741,-119.798721,60.042999,10,600,58,3,"e00fce68e88237db75a60608",2026-08-13 20:10:03.895,2026-08-13 20:10:04.082,2026-08-13 20:10:04.082,2026-08-13
"1235","SG8Ayu1zc7","MOOSPMv3Parser",1786651800,1,1,1,1,1,1,1,1,1,1,410,85,48507,13,10,0,10,10,33,15,10,0,37,37,24,26,46.361,145,1,36.138973,-120.368301,206.352005,5,600,58,3,"e00fce6850cac69f647dc199",2026-08-13 20:10:05.242,2026-08-13 20:10:05.41,2026-08-13 20:10:05.41,2026-08-13
"1236","zYCMtEJEE7","MOOSPMv3Parser",1786651801,1,1,2,2,2,2,2,2,2,2,452,123,66451,20,12,2,12,12,36,15,12,0,35,42,28,23,26.432,150,3277,2e-06,-0.004268,24191.423828,8,600,58,3,"e00fce68e28dcbc9a589be10",2026-08-13 20:10:05.621,2026-08-13 20:10:05.803,2026-08-13 20:10:05.803,2026-08-13
"1237","oRtNnuVuZ3","MOOSPMv3Parser",1786651801,3,3,3,5,5,3,3,6,6,3,718,220,14790,35,23,3,23,23,0,0,23,0,33,36,33,31,22.801,89,4,36.43359,-119.923347,18.073999,5,600,58,3,"e00fce6876826e255108c6bd",2026-08-13 20:10:05.673,2026-08-13 20:10:05.902,2026-08-13 20:10:05.902,2026-08-13
"1238","GHCmBVfue8","MOOSPMv3Parser",1786651800,5,5,4,8,8,4,4,8,8,4,1289,351,109842,55,32,2,32,32,34,21,32,0,34,40,30,26,30.976,48,1,36.52327,-119.278801,67.844002,5,600,58,3,"e00fce68f12da1a0c5de6248",2026-08-13 20:10:07.009,2026-08-13 20:10:07.183,2026-08-13 20:10:07.183,2026-08-13
"1239","NGcgFVtL0a","MOOSPMv3Parser",1786652400,4,4,3,5,5,3,3,6,6,3,860,229,66472,34,22,2,22,22,32,19,22,0,33,37,32,28,25.41,87,1,35.949703,-119.049873,132.143997,5,600,58,3,"e00fce6808784ceaf209f949",2026-08-13 20:20:01.894,2026-08-13 20:20:02.065,2026-08-13 20:20:02.065,2026-08-13
"1240","qOwh4h4Qq8","MOOSPMv3Parser",1786652401,0,0,1,0,0,1,1,0,0,1,194,115,43776,14,10,1,10,10,34,25,10,0,33,38,28,26,22.396,139,1,36.138988,-120.368385,166.473999,7,600,58,3,"e00fce68d6b773b56ce8baa0",2026-08-13 20:20:02.244,2026-08-13 20:20:02.397,2026-08-13 20:20:02.397,2026-08-13
"1241","XQl0vqr1ex","MOOSPMv3Parser",1786652401,0,0,1,0,0,1,1,0,0,1,70,57,2771715,14,5,1,5,5,34,25,5,0,33,39,28,24,30.207,140,1,36.138988,-120.368423,171.315994,8,1,58,3,"e00fce686dc2ef0a68fa40b0",2026-08-13 20:20:02.489,2026-08-13 20:20:02.719,2026-08-13 20:20:02.719,2026-08-13
"1242","t1a9YvQjNF","MOOSPMv3Parser",1786652400,0,0,1,0,0,1,1,0,0,1,169,82,4627,9,6,1,6,6,34,25,6,0,33,39,28,24,32.058,135,1,36.138988,-120.368423,171.315994,8,599,58,3,"e00fce686dc2ef0a68fa40b0",2026-08-13 20:20:02.373,2026-08-13 20:20:02.955,2026-08-13 20:20:02.955,2026-08-13
"1243","UoEyEECwi6","MOOSPMv3Parser",1786652401,0,0,1,1,1,1,1,1,1,1,412,110,66460,14,11,1,11,11,36,14,11,0,36,42,27,23,26.084,132,3277,2e-06,-0.004268,24191.423828,8,600,58,3,"e00fce68e28dcbc9a589be10",2026-08-13 20:20:03.103,2026-08-13 20:20:03.325,2026-08-13 20:20:03.325,2026-08-13
"1244","htqRWdJaZQ","MOOSPMv3Parser",1786652400,3,3,0,5,5,0,0,5,5,0,1085,251,0,40,0,2,0,0,36,16,0,2,34,41,31,25,27.554,110,1,36.187447,-119.822021,21.518,10,600,58,3,"e00fce68e739ecbcf9e91965",2026-08-13 20:20:03.51,2026-08-13 20:20:03.672,2026-08-13 20:20:03.672,2026-08-13
"1245","WrbdPS5ku8","MOOSPMv3Parser",1786652400,5,5,4,7,7,4,4,7,7,4,1195,324,109870,50,31,2,31,31,35,22,31,0,34,40,30,27,31.113,54,1,36.523365,-119.278763,89.100998,3,600,58,3,"e00fce68f12da1a0c5de6248",2026-08-13 20:20:03.537,2026-08-13 20:20:03.769,2026-08-13 20:20:03.769,2026-08-13
"1246","wp4bH21l5m","MOOSPMv3Parser",1786652401,5,5,4,7,7,5,5,7,7,5,1582,284,110678,44,32,2,33,33,34,18,33,0,33,39,30,26,39.542,48,1,36.762703,-119.798759,54.800999,10,600,58,3,"e00fce68e88237db75a60608",2026-08-13 20:20:03.954,2026-08-13 20:20:04.133,2026-08-13 20:20:04.133,2026-08-13
"1247","IhCQZtnBXc","MOOSPMv3Parser",1786652400,1,1,1,1,1,1,1,2,2,1,443,95,48516,15,10,1,10,10,33,16,10,0,36,37,24,26,45.888,159,1,36.138927,-120.368401,170.078995,6,600,58,3,"e00fce6850cac69f647dc199",2026-08-13 20:20:04.179,2026-08-13 20:20:04.425,2026-08-13 20:20:04.425,2026-08-13
"1248","a88RPpBSdJ","MOOSPMv3Parser",1786652401,3,3,3,5,5,3,3,5,5,3,711,217,14810,35,22,2,23,23,0,0,23,0,33,37,31,30,23.827,89,4,36.43359,-119.923347,18.076,0,600,58,3,"e00fce6876826e255108c6bd",2026-08-13 20:20:05.434,2026-08-13 20:20:05.592,2026-08-13 20:20:05.592,2026-08-13
"1249","2h3Z84Hloj","MOOSPMv3Parser",1786652401,7,7,4,10,10,4,4,10,10,4,1940,411,6185,58,30,3,30,30,30,24,30,0,30,34,34,32,37.138,60,2,36.503136,-120.325409,57.435001,8,600,58,3,"e00fce68e77e43df92405fdb",2026-08-13 20:20:43.158,2026-08-13 20:20:43.369,2026-08-13 20:20:43.369,2026-08-13
"1250","ejjI3yufAG","MOOSPMv3Parser",1786653000,4,4,3,6,6,4,4,6,6,5,888,235,66492,40,25,2,25,26,33,19,26,1,33,37,33,29,26.351,58,1,35.949516,-119.049934,114.539001,8,600,58,3,"e00fce6808784ceaf209f949",2026-08-13 20:30:01.82,2026-08-13 20:30:01.978,2026-08-13 20:30:01.978,2026-08-13
"1251","XrKKxrF6qh","MOOSPMv3Parser",1786653000,0,0,1,0,0,1,1,0,0,1,171,83,4633,9,7,0,7,7,34,25,7,0,33,39,28,23,32.901,118,1,36.139,-120.368378,176.376999,9,599,58,3,"e00fce686dc2ef0a68fa40b0",2026-08-13 20:30:02.506,2026-08-13 20:30:02.667,2026-08-13 20:30:02.667,2026-08-13
"1252","Y5iT3IKkIg","MOOSPMv3Parser",1786653000,4,4,4,7,7,4,4,7,7,4,1119,306,109896,45,30,2,30,30,34,21,30,0,34,40,30,26,31.641,55,1,36.523308,-119.278809,82.473,5,600,58,3,"e00fce68f12da1a0c5de6248",2026-08-13 20:30:02.592,2026-08-13 20:30:02.794,2026-08-13 20:30:02.794,2026-08-13
"1253","ArWDHQE1Nr","MOOSPMv3Parser",1786653001,0,0,1,0,0,1,1,0,0,1,202,119,43785,15,10,1,10,10,34,25,10,0,33,37,28,26,23.234,127,1,36.138966,-120.368385,170.384003,7,600,58,3,"e00fce68d6b773b56ce8baa0",2026-08-13 20:30:02.678,2026-08-13 20:30:02.939,2026-08-13 20:30:02.939,2026-08-13
"1254","ZKkbRGO1Rl","MOOSPMv3Parser",1786653001,1,1,2,2,2,2,2,2,2,2,487,132,66473,23,15,1,15,15,36,16,15,1,36,42,28,24,26.513,122,3277,2e-06,-0.004268,24191.423828,8,600,58,3,"e00fce68e28dcbc9a589be10",2026-08-13 20:30:03.297,2026-08-13 20:30:03.46,2026-08-13 20:30:03.46,2026-08-13
"1255","AuvTawt5oz","MOOSPMv3Parser",1786653000,2,2,0,4,4,0,0,4,4,0,902,204,0,32,0,2,0,0,36,16,0,2,34,42,32,26,27.066,108,1,36.187447,-119.822021,21.516001,0,600,58,3,"e00fce68e739ecbcf9e91965",2026-08-13 20:30:03.517,2026-08-13 20:30:03.712,2026-08-13 20:30:03.712,2026-08-13
"1256","PniL4UVppz","MOOSPMv3Parser",1786653001,5,5,4,7,7,5,5,8,8,5,1587,288,110707,50,33,4,34,34,34,18,34,0,34,40,29,25,38.939,42,1,36.762676,-119.79879,45.896,13,600,58,3,"e00fce68e88237db75a60608",2026-08-13 20:30:03.875,2026-08-13 20:30:04.05,2026-08-13 20:30:04.05,2026-08-13
"1257","IG3KcJpKje","MOOSPMv3Parser",1786653000,1,1,1,1,1,1,1,2,2,1,450,98,48525,15,10,1,10,10,32,15,10,0,36,37,24,26,47.814,146,1,36.139004,-120.368416,170.697998,6,600,58,3,"e00fce6850cac69f647dc199",2026-08-13 20:30:04.67,2026-08-13 20:30:04.809,2026-08-13 20:30:04.809,2026-08-13
"1258","lph3qJQUxn","MOOSPMv3Parser",1786653001,3,3,3,4,4,3,3,5,5,3,636,192,14827,32,20,2,20,20,0,0,20,0,34,37,30,30,23.49,89,4,36.433636,-119.923409,12.222,6,600,58,3,"e00fce6876826e255108c6bd",2026-08-13 20:30:05.471,2026-08-13 20:30:05.643,2026-08-13 20:30:05.643,2026-08-13
"1259","K1utXA3zex","MOOSPMv3Parser",1786653600,4,4,3,6,6,3,3,6,6,3,882,236,66509,40,20,2,20,20,33,19,20,0,33,38,33,29,27.19,51,1,35.949543,-119.04998,119.820999,7,600,58,3,"e00fce6808784ceaf209f949",2026-08-13 20:40:01.924,2026-08-13 20:40:02.124,2026-08-13 20:40:02.124,2026-08-13
"1260","2DncC4mPZu","MOOSPMv3Parser",1786653601,0,0,1,0,0,1,1,0,0,1,206,121,43793,14,10,1,10,10,34,24,10,0,33,38,28,25,23.711,118,1,36.139015,-120.368362,173.319,6,600,58,3,"e00fce68d6b773b56ce8baa0",2026-08-13 20:40:02.384,2026-08-13 20:40:02.6,2026-08-13 20:40:02.6,2026-08-13
"1261","QRYpuTYhdB","MOOSPMv3Parser",1786653600,0,0,1,0,0,1,1,0,0,1,175,86,4629,10,5,1,5,5,34,24,5,0,34,39,27,23,32.508,120,1,36.139004,-120.368439,178.197998,9,600,58,3,"e00fce686dc2ef0a68fa40b0",2026-08-13 20:40:02.922,2026-08-13 20:40:03.148,2026-08-13 20:40:03.148,2026-08-13
"1262","9SkndBjPEP","MOOSPMv3Parser",1786653601,3,3,3,4,4,3,4,4,4,4,789,218,66493,36,24,2,24,24,36,16,24,1,36,42,28,25,29.416,125,3277,2e-06,-0.004268,24191.423828,8,600,58,3,"e00fce68e28dcbc9a589be10",2026-08-13 20:40:03.182,2026-08-13 20:40:03.388,2026-08-13 20:40:03.388,2026-08-13
"1263","CG5l8Hzwgn","MOOSPMv3Parser",1786653600,2,2,0,4,4,0,0,4,4,0,911,200,0,35,0,2,0,0,36,16,0,2,35,42,31,26,26.567,128,1,36.187416,-119.822014,15.209,12,600,58,3,"e00fce68e739ecbcf9e91965",2026-08-13 20:40:03.765,2026-08-13 20:40:03.939,2026-08-13 20:40:03.939,2026-08-13
"1264","q9ACX8p5K3","MOOSPMv3Parser",1786653601,4,4,4,7,7,4,4,7,7,5,1508,274,110733,44,30,3,31,31,34,18,31,0,33,39,30,27,37.712,48,1,36.762764,-119.79882,49.849998,11,600,58,3,"e00fce68e88237db75a60608",2026-08-13 20:40:04.132,2026-08-13 20:40:04.34,2026-08-13 20:40:04.34,2026-08-13
"1265","DuYTknlmPF","MOOSPMv3Parser",1786653600,1,1,1,1,1,1,1,2,2,1,440,96,48533,13,10,1,10,10,33,15,10,0,36,37,23,25,47.776,140,1,36.139057,-120.368423,177.643005,7,600,58,3,"e00fce6850cac69f647dc199",2026-08-13 20:40:04.826,2026-08-13 20:40:04.994,2026-08-13 20:40:04.994,2026-08-13
"1266","rlcgobSXHb","MOOSPMv3Parser",1786653601,2,2,2,4,4,3,3,4,4,3,585,177,14844,30,19,2,19,19,0,0,19,0,34,37,30,30,22.88,89,3,36.433617,-119.923332,40.862,7,600,58,3,"e00fce6876826e255108c6bd",2026-08-13 20:40:05.478,2026-08-13 20:40:05.626,2026-08-13 20:40:05.626,2026-08-13
"1267","HoNkWfH3uj","MOOSPMv3Parser",1786653600,3,3,3,5,5,3,3,5,5,3,894,244,109917,33,25,1,25,25,35,20,25,0,34,40,29,25,30.833,49,1,36.523201,-119.278824,61.657001,9,600,58,3,"e00fce68f12da1a0c5de6248",2026-08-13 20:40:07.387,2026-08-13 20:40:07.557,2026-08-13 20:40:07.557,2026-08-13
"1268","MPtCOGTvl3","MOOSPMv3Parser",1786653600,7,7,4,10,10,4,4,10,10,4,1848,397,6276,57,28,3,28,28,30,23,28,0,31,34,33,31,38.137,53,2,36.503216,-120.325386,61.527,7,596,58,3,"e00fce68e77e43df92405fdb",2026-08-13 20:40:07.921,2026-08-13 20:40:08.096,2026-08-13 20:40:08.096,2026-08-13
"1269","DqAbVjUvML","MOOSPMv3Parser",1786654200,4,4,3,5,5,3,3,6,6,3,886,233,66527,37,21,2,21,21,33,19,21,0,34,38,32,29,26.957,56,1,35.949696,-119.050003,129.369995,7,600,58,3,"e00fce6808784ceaf209f949",2026-08-13 20:50:01.816,2026-08-13 20:50:02.026,2026-08-13 20:50:02.026,2026-08-13
"1270","jEoDxykD57","MOOSPMv3Parser",1786654200,0,0,1,0,0,1,1,0,0,1,173,86,4633,10,5,1,5,5,34,24,5,0,33,39,26,22,33.263,125,1,36.139038,-120.368385,179.251007,9,600,58,3,"e00fce686dc2ef0a68fa40b0",2026-08-13 20:50:02.017,2026-08-13 20:50:02.215,2026-08-13 20:50:02.215,2026-08-13
"1271","HXYvAHJ1XC","MOOSPMv3Parser",1786654200,7,7,3,10,10,4,4,10,10,4,1841,391,6257,58,27,3,27,27,31,25,27,0,32,35,34,34,37.855,55,2,36.503147,-120.325356,58.661999,6,600,58,3,"e00fce68e77e43df92405fdb",2026-08-13 20:50:02.319,2026-08-13 20:50:02.487,2026-08-13 20:50:02.487,2026-08-13
"1272","VVYOOsPPSK","MOOSPMv3Parser",1786654200,3,3,3,4,4,3,3,5,5,3,854,230,109937,33,22,2,23,23,35,20,23,0,35,40,29,25,29.724,54,1,36.523247,-119.278915,60.311001,7,600,58,3,"e00fce68f12da1a0c5de6248",2026-08-13 20:50:02.73,2026-08-13 20:50:02.986,2026-08-13 20:50:02.986,2026-08-13
"1273","bvEvzQmzEa","MOOSPMv3Parser",1786654201,0,0,1,0,0,1,1,0,0,1,203,120,43801,14,10,1,10,10,34,24,10,0,33,38,27,25,23.635,122,1,36.13895,-120.368454,156.225998,7,600,58,3,"e00fce68d6b773b56ce8baa0",2026-08-13 20:50:02.838,2026-08-13 20:50:03.08,2026-08-13 20:50:03.08,2026-08-13
"1274","ETYcyUb2Sy","MOOSPMv3Parser",1786654201,3,3,3,4,4,3,3,4,4,3,762,214,66512,37,22,2,22,22,36,16,22,0,37,42,27,24,29.342,129,3277,2e-06,-0.004268,24191.423828,8,600,58,3,"e00fce68e28dcbc9a589be10",2026-08-13 20:50:03.282,2026-08-13 20:50:03.523,2026-08-13 20:50:03.523,2026-08-13
"1275","PKe9viAK27","MOOSPMv3Parser",1786654200,3,3,0,4,4,0,0,5,5,0,969,218,0,37,0,2,0,0,36,15,0,2,35,42,30,25,28.406,103,1,36.187523,-119.822014,26.649,7,600,58,3,"e00fce68e739ecbcf9e91965",2026-08-13 20:50:03.687,2026-08-13 20:50:03.879,2026-08-13 20:50:03.879,2026-08-13
"1276","vKaK5Fk4RZ","MOOSPMv3Parser",1786654200,1,1,1,2,2,1,1,2,2,1,465,98,48542,14,10,1,10,10,33,14,10,0,36,37,22,25,48.096,143,1,36.139008,-120.368408,163.779999,7,600,58,3,"e00fce6850cac69f647dc199",2026-08-13 20:50:04.99,2026-08-13 20:50:05.202,2026-08-13 20:50:05.202,2026-08-13
"1277","SC2czA20mY","MOOSPMv3Parser",1786654201,2,2,2,4,4,2,2,4,4,2,585,177,14860,28,18,2,19,19,0,0,19,0,34,37,31,30,23.055,89,3,36.433643,-119.923355,22.731001,7,600,58,3,"e00fce6876826e255108c6bd",2026-08-13 20:50:05.57,2026-08-13 20:50:05.8,2026-08-13 20:50:05.8,2026-08-13
"1278","IvZnKdyQEV","MOOSPMv3Parser",1786654201,4,4,3,6,6,4,4,6,6,4,1410,250,110756,39,27,2,27,27,35,18,27,0,33,39,30,26,36.118,47,1,36.762733,-119.79879,39.195999,11,600,58,3,"e00fce68e88237db75a60608",2026-08-13 20:50:09.597,2026-08-13 20:50:09.813,2026-08-13 20:50:09.813,2026-08-13
"1279","MVLj7rRswM","MOOSPMv3Parser",1786654800,4,4,3,6,6,3,3,6,6,3,935,248,66547,39,23,2,23,23,33,19,23,0,33,38,32,28,27.793,57,1,35.949528,-119.049965,117.632004,8,600,58,3,"e00fce6808784ceaf209f949",2026-08-13 21:00:01.825,2026-08-13 21:00:02.064,2026-08-13 21:00:02.064,2026-08-13
"1280","Vs8tMUZH7e","MOOSPMv3Parser",1786654801,0,0,1,0,0,1,1,0,0,1,205,121,43809,14,10,1,10,10,34,25,10,0,33,38,27,25,23.837,115,1,36.138855,-120.368492,138.628998,6,600,58,3,"e00fce68d6b773b56ce8baa0",2026-08-13 21:00:02.178,2026-08-13 21:00:02.772,2026-08-13 21:00:02.772,2026-08-13
"1281","ald9KOx9T7","MOOSPMv3Parser",1786654800,3,3,3,5,5,3,3,5,5,3,895,246,109958,38,24,2,24,24,35,20,24,0,35,41,29,25,30.115,59,1,36.5233,-119.27877,51.880001,7,600,58,3,"e00fce68f12da1a0c5de6248",2026-08-13 21:00:02.689,2026-08-13 21:00:03.049,2026-08-13 21:00:03.049,2026-08-13
"1282","MBwVzbh97B","MOOSPMv3Parser",1786654800,7,7,4,9,9,4,4,10,10,4,1822,390,6282,56,29,4,29,29,31,24,29,0,32,35,35,33,37.168,81,2,36.503174,-120.325401,63.394001,6,600,58,3,"e00fce68e77e43df92405fdb",2026-08-13 21:00:02.634,2026-08-13 21:00:03.163,2026-08-13 21:00:03.163,2026-08-13
"1283","wsgtwUNZVr","MOOSPMv3Parser",1786654801,3,3,3,4,4,3,3,4,4,3,778,215,66531,30,21,2,21,21,36,15,21,0,37,42,27,23,30.532,125,3277,2e-06,-0.004268,24191.423828,8,600,58,3,"e00fce68e28dcbc9a589be10",2026-08-13 21:00:03.104,2026-08-13 21:00:03.75,2026-08-13 21:00:03.75,2026-08-13
"1284","rLp5vIfrAk","MOOSPMv3Parser",1786654800,2,2,0,4,4,0,0,4,4,0,927,205,0,36,0,2,0,0,36,15,0,2,35,42,30,25,28.326,88,1,36.187477,-119.822083,22.344999,8,600,58,3,"e00fce68e739ecbcf9e91965",2026-08-13 21:00:03.612,2026-08-13 21:00:03.914,2026-08-13 21:00:03.914,2026-08-13
"1285","JhGs5Qg16m","MOOSPMv3Parser",1786654801,0,0,1,0,0,1,1,0,0,1,172,84,4630,8,6,0,6,6,34,24,6,0,33,39,27,23,33.329,113,1,36.139011,-120.368416,169.966003,11,601,58,3,"e00fce686dc2ef0a68fa40b0",2026-08-13 21:00:03.452,2026-08-13 21:00:04.003,2026-08-13 21:00:04.003,2026-08-13
"1286","mBSkhXDRUy","MOOSPMv3Parser",1786654801,3,3,3,5,5,3,3,5,5,3,1379,228,110778,36,25,2,26,26,34,17,26,0,34,39,29,25,34.875,56,1,36.762753,-119.798805,50.691002,13,600,58,3,"e00fce68e88237db75a60608",2026-08-13 21:00:03.896,2026-08-13 21:00:04.537,2026-08-13 21:00:04.537,2026-08-13
"1287","iF6CgD5kqj","MOOSPMv3Parser",1786654800,1,1,1,2,2,1,1,2,2,1,436,95,48550,14,10,1,10,10,32,14,10,0,36,37,23,25,171.835,137,1,36.139111,-120.368416,172.755997,5,600,58,3,"e00fce6850cac69f647dc199",2026-08-13 21:00:04.249,2026-08-13 21:00:04.631,2026-08-13 21:00:04.631,2026-08-13
"1288","WUAVpmmjFl","MOOSPMv3Parser",1786654801,2,2,2,4,4,2,2,4,4,2,578,174,14875,26,18,2,18,18,0,0,18,0,34,38,30,29,23.16,89,3,36.433651,-119.92337,29.761,8,600,58,3,"e00fce6876826e255108c6bd",2026-08-13 21:00:05.464,2026-08-13 21:00:05.704,2026-08-13 21:00:05.704,2026-08-13
"1289","qRlYL5EDAR","MOOSPMv3Parser",1786655400,5,5,3,7,7,3,3,7,7,3,1029,278,66567,43,23,3,23,23,33,19,23,0,33,38,33,29,28.629,46,1,35.949638,-119.049988,115.675003,9,600,58,3,"e00fce6808784ceaf209f949",2026-08-13 21:10:01.898,2026-08-13 21:10:02.071,2026-08-13 21:10:02.071,2026-08-13
"1290","BAc1mlJKpa","MOOSPMv3Parser",1786655401,0,0,1,0,0,1,1,0,0,1,200,115,43817,14,9,1,9,9,33,25,9,0,32,37,29,26,23.681,108,1,36.138954,-120.368347,178.112,5,600,58,3,"e00fce68d6b773b56ce8baa0",2026-08-13 21:10:02.504,2026-08-13 21:10:02.702,2026-08-13 21:10:02.702,2026-08-13
"1291","oBubswpBHK","MOOSPMv3Parser",1786655400,0,0,1,0,0,1,1,0,0,1,171,85,4651,8,7,0,7,7,34,25,7,0,32,38,28,23,33.485,107,1,36.138977,-120.368385,180.130997,11,599,58,3,"e00fce686dc2ef0a68fa40b0",2026-08-13 21:10:02.59,2026-08-13 21:10:02.771,2026-08-13 21:10:02.771,2026-08-13
"1292","A2IToqgkvE","MOOSPMv3Parser",1786655401,3,3,3,4,4,3,3,4,4,3,799,219,66549,33,21,2,22,22,37,15,22,0,37,43,27,23,30.872,129,3277,2e-06,-0.004268,24191.423828,8,600,58,3,"e00fce68e28dcbc9a589be10",2026-08-13 21:10:03.433,2026-08-13 21:10:03.593,2026-08-13 21:10:03.593,2026-08-13
"1293","nXCHMauP2z","MOOSPMv3Parser",1786655400,2,2,0,3,3,0,0,4,4,0,846,183,0,32,0,2,0,0,36,16,0,2,35,41,30,26,27.794,101,1,36.187424,-119.821815,47.001999,9,600,58,3,"e00fce68e739ecbcf9e91965",2026-08-13 21:10:03.525,2026-08-13 21:10:03.684,2026-08-13 21:10:03.684,2026-08-13
"1294","VkYLSVGsRr","MOOSPMv3Parser",1786655400,7,7,4,9,9,4,4,10,10,4,1873,379,6306,54,28,4,28,28,31,24,28,0,33,36,31,32,37.73,90,2,36.503174,-120.325401,63.396,0,600,58,3,"e00fce68e77e43df92405fdb",2026-08-13 21:10:04.111,2026-08-13 21:10:04.283,2026-08-13 21:10:04.283,2026-08-13
"1295","2PIOJ6jgNx","MOOSPMv3Parser",1786655401,4,4,3,6,6,4,4,6,6,4,1436,248,110802,39,27,3,27,27,34,18,27,0,34,40,28,25,35.576,58,1,36.762753,-119.798805,50.686001,0,600,58,3,"e00fce68e88237db75a60608",2026-08-13 21:10:04.066,2026-08-13 21:10:04.292,2026-08-13 21:10:04.292,2026-08-13
"1296","5KemS2wtZS","MOOSPMv3Parser",1786655400,1,1,1,2,2,1,1,2,2,1,451,94,48560,15,11,1,11,11,32,15,11,0,36,37,24,26,412.922,129,1,36.139015,-120.368454,187.048004,8,600,58,3,"e00fce6850cac69f647dc199",2026-08-13 21:10:04.51,2026-08-13 21:10:04.72,2026-08-13 21:10:04.72,2026-08-13
"1297","lduFA8lDNR","MOOSPMv3Parser",1786655401,2,2,2,4,4,3,3,4,4,3,593,180,14892,30,19,2,19,19,0,0,19,0,33,37,31,30,22.649,89,3,36.433659,-119.923393,22.583,8,600,58,3,"e00fce6876826e255108c6bd",2026-08-13 21:10:05.691,2026-08-13 21:10:05.889,2026-08-13 21:10:05.889,2026-08-13
"1298","7r3o0bltiS","MOOSPMv3Parser",1786655400,4,4,4,6,6,4,4,7,7,4,1101,299,109984,45,31,2,31,31,35,21,31,0,35,41,30,27,30.41,60,1,36.523315,-119.27877,39.537998,7,600,58,3,"e00fce68f12da1a0c5de6248",2026-08-13 21:10:06.455,2026-08-13 21:10:06.681,2026-08-13 21:10:06.681,2026-08-13
"1299","2mGaudB2fr","MOOSPMv3Parser",1786656000,6,6,3,8,8,4,4,8,8,4,1200,323,66590,54,26,3,26,26,33,19,26,0,33,38,33,28,29.235,45,1,35.949638,-119.049988,115.675003,0,600,58,3,"e00fce6808784ceaf209f949",2026-08-13 21:20:01.981,2026-08-13 21:20:02.174,2026-08-13 21:20:02.174,2026-08-13
"1300","bLs3mulubS","MOOSPMv3Parser",1786656001,0,0,1,0,0,1,1,0,0,1,194,112,43826,14,10,1,10,10,34,24,10,0,32,37,26,25,23.968,106,1,36.138966,-120.368317,185.852997,5,600,58,3,"e00fce68d6b773b56ce8baa0",2026-08-13 21:20:02.163,2026-08-13 21:20:02.371,2026-08-13 21:20:02.371,2026-08-13
"1301","5BcTD6Z2pu","MOOSPMv3Parser",1786656000,6,6,3,9,9,3,3,9,9,3,1856,366,6329,53,26,3,26,26,32,22,26,0,33,36,29,30,36.564,100,2,36.503227,-120.325417,64.876999,8,600,58,3,"e00fce68e77e43df92405fdb",2026-08-13 21:20:02.751,2026-08-13 21:20:03.048,2026-08-13 21:20:03.048,2026-08-13
"1302","PpGQg2X3SM","MOOSPMv3Parser",1786656000,0,0,1,0,0,1,1,0,0,1,170,81,4648,8,5,0,5,5,34,24,5,0,33,39,26,23,32.511,105,1,36.139004,-120.368416,180.434998,10,600,58,3,"e00fce686dc2ef0a68fa40b0",2026-08-13 21:20:02.901,2026-08-13 21:20:03.185,2026-08-13 21:20:03.185,2026-08-13
"1303","ulKwCDyTML","MOOSPMv3Parser",1786656001,0,0,1,0,0,1,1,0,0,1,82,55,2788676,6,4,0,4,4,34,24,4,0,33,39,27,23,32.246,109,1,36.139004,-120.368416,180.434998,10,1,58,3,"e00fce686dc2ef0a68fa40b0",2026-08-13 21:20:02.902,2026-08-13 21:20:03.229,2026-08-13 21:20:03.229,2026-08-13
"1304","McRrmakC1D","MOOSPMv3Parser",1786656001,2,2,2,3,3,2,2,3,3,2,693,191,66566,29,19,1,19,19,37,14,19,0,37,42,27,23,30.79,132,3277,2e-06,-0.004268,24191.423828,8,600,58,3,"e00fce68e28dcbc9a589be10",2026-08-13 21:20:03.262,2026-08-13 21:20:03.426,2026-08-13 21:20:03.426,2026-08-13
"1305","0yPmDJWt6f","MOOSPMv3Parser",1786656000,2,2,0,4,4,0,0,4,4,0,893,195,0,32,0,2,0,0,36,15,0,2,35,42,29,24,28.05,102,1,36.187477,-119.822029,35.828999,10,600,58,3,"e00fce68e739ecbcf9e91965",2026-08-13 21:20:03.684,2026-08-13 21:20:03.865,2026-08-13 21:20:03.865,2026-08-13
"1306","xaivFOzTC9","MOOSPMv3Parser",1786656001,4,4,4,7,7,4,4,7,7,4,1517,269,110827,45,29,4,29,29,34,18,29,0,34,40,29,25,36.634,51,1,36.762711,-119.798752,61.613998,11,600,58,3,"e00fce68e88237db75a60608",2026-08-13 21:20:03.908,2026-08-13 21:20:04.06,2026-08-13 21:20:04.06,2026-08-13
"1307","m1bHZGspag","MOOSPMv3Parser",1786656000,1,1,1,1,1,1,1,1,1,1,420,87,48568,13,9,1,9,9,32,14,9,0,36,37,23,25,292.371,124,1,36.139042,-120.368279,208.938004,7,600,58,3,"e00fce6850cac69f647dc199",2026-08-13 21:20:04.911,2026-08-13 21:20:05.077,2026-08-13 21:20:05.077,2026-08-13
"1308","uzSqHNHrNi","MOOSPMv3Parser",1786656001,2,2,2,4,4,2,2,4,4,2,564,171,14907,27,17,3,17,17,0,0,17,0,34,37,30,30,22.657,89,3,36.433666,-119.923347,7.798,8,600,58,3,"e00fce6876826e255108c6bd",2026-08-13 21:20:05.593,2026-08-13 21:20:05.778,2026-08-13 21:20:05.778,2026-08-13
"1309","GyGjhlLvmU","MOOSPMv3Parser",1786656000,3,3,3,4,4,3,3,5,5,3,856,229,110004,35,22,2,23,23,35,20,23,0,35,41,31,26,29.519,57,1,36.523289,-119.278793,104.890999,7,600,58,3,"e00fce68f12da1a0c5de6248",2026-08-13 21:20:08.152,2026-08-13 21:20:08.349,2026-08-13 21:20:08.349,2026-08-13
"1310","tAqcuY40P7","MOOSPMv3Parser",1786656600,0,0,1,0,0,1,1,0,0,1,171,85,4661,9,6,1,6,6,34,24,6,0,33,39,26,23,32.147,119,1,36.139004,-120.368416,180.431,0,599,58,3,"e00fce686dc2ef0a68fa40b0",2026-08-13 21:30:01.863,2026-08-13 21:30:02.026,2026-08-13 21:30:02.026,2026-08-13
"1311","BErfWEBTXC","MOOSPMv3Parser",1786656600,7,7,4,9,9,4,4,10,10,4,1377,369,66616,61,30,3,31,31,33,19,31,0,34,38,32,29,29.931,43,1,35.9496,-119.049957,111.514999,8,600,58,3,"e00fce6808784ceaf209f949",2026-08-13 21:30:01.87,2026-08-13 21:30:02.068,2026-08-13 21:30:02.068,2026-08-13
"1312","gGqIkvYjZ8","MOOSPMv3Parser",1786656601,0,0,1,0,0,1,1,0,0,1,89,57,2791775,11,11,2,11,11,34,24,11,0,33,39,26,23,30.589,125,1,36.139004,-120.368416,180.431,0,1,58,3,"e00fce686dc2ef0a68fa40b0",2026-08-13 21:30:02.493,2026-08-13 21:30:02.783,2026-08-13 21:30:02.783,2026-08-13
"1313","t18vGethZW","MOOSPMv3Parser",1786656601,0,0,1,0,0,1,1,0,0,1,200,114,43834,14,10,1,10,10,34,24,10,0,32,38,26,25,23.5,117,1,36.138966,-120.368317,185.852997,0,600,58,3,"e00fce68d6b773b56ce8baa0",2026-08-13 21:30:02.584,2026-08-13 21:30:02.825,2026-08-13 21:30:02.825,2026-08-13
"1314","tIhe6qHYIX","MOOSPMv3Parser",1786656600,4,4,4,6,6,4,4,7,7,4,1101,301,110031,44,31,2,31,31,35,21,31,0,35,41,30,26,29.804,60,1,36.523232,-119.278763,99.391998,7,600,58,3,"e00fce68f12da1a0c5de6248",2026-08-13 21:30:03.232,2026-08-13 21:30:03.425,2026-08-13 21:30:03.425,2026-08-13
"1315","etMqgDSvVW","MOOSPMv3Parser",1786656601,2,2,2,3,3,2,2,3,3,2,632,175,66581,27,17,1,18,18,36,15,18,0,36,42,27,23,30.064,134,3277,2e-06,-0.004268,24191.423828,8,600,58,3,"e00fce68e28dcbc9a589be10",2026-08-13 21:30:03.283,2026-08-13 21:30:03.474,2026-08-13 21:30:03.474,2026-08-13
"1316","Jy9Vcp6Rt1","MOOSPMv3Parser",1786656600,2,2,0,4,4,0,0,4,4,0,898,197,0,34,0,2,0,0,36,13,0,2,36,42,28,24,28.639,84,1,36.187523,-119.822098,23.561001,8,600,58,3,"e00fce68e739ecbcf9e91965",2026-08-13 21:30:03.685,2026-08-13 21:30:03.857,2026-08-13 21:30:03.857,2026-08-13
"1317","QrSZ8DSyFv","MOOSPMv3Parser",1786656600,6,6,3,8,8,3,3,8,8,3,1732,340,6351,48,26,2,26,26,32,20,26,0,33,36,29,28,38.594,78,2,36.503029,-120.32518,71.667999,6,600,58,3,"e00fce68e77e43df92405fdb",2026-08-13 21:30:04.93,2026-08-13 21:30:05.091,2026-08-13 21:30:05.091,2026-08-13
"1318","HHvSTHQRAy","MOOSPMv3Parser",1786656600,1,1,1,2,2,1,1,2,2,1,436,92,48576,14,10,1,10,10,32,14,10,0,37,37,22,25,47.359,132,1,36.139042,-120.368279,208.934998,0,600,58,3,"e00fce6850cac69f647dc199",2026-08-13 21:30:05.237,2026-08-13 21:30:05.415,2026-08-13 21:30:05.415,2026-08-13
"1319","3IizehkwJ7","MOOSPMv3Parser",1786656601,2,2,2,3,3,2,2,4,4,2,554,169,14921,28,17,2,17,17,0,0,17,0,35,38,29,29,22.582,90,3,36.433643,-119.923386,21.636999,7,600,58,3,"e00fce6876826e255108c6bd",2026-08-13 21:30:05.527,2026-08-13 21:30:05.702,2026-08-13 21:30:05.702,2026-08-13
"1320","rEBcpgJAbX","MOOSPMv3Parser",1786656601,4,4,4,6,6,4,4,6,6,4,1475,257,110853,41,30,2,30,30,34,18,30,0,34,39,29,25,36.618,45,1,36.762753,-119.798721,66.963997,10,600,58,3,"e00fce68e88237db75a60608",2026-08-13 21:30:08.555,2026-08-13 21:30:08.745,2026-08-13 21:30:08.745,2026-08-13
"1321","rDKCj1n5mc","MOOSPMv3Parser",1786657200,7,7,4,10,10,4,4,10,10,4,1396,379,66642,63,30,3,30,30,33,18,30,0,33,38,33,28,30.927,34,1,35.94968,-119.049889,115.795998,6,600,58,3,"e00fce6808784ceaf209f949",2026-08-13 21:40:01.887,2026-08-13 21:40:02.05,2026-08-13 21:40:02.05,2026-08-13
"1322","p8btEQzAhp","MOOSPMv3Parser",1786657201,0,0,1,0,0,1,1,0,0,1,203,120,43842,14,10,1,10,10,34,24,10,0,32,37,26,25,24.243,107,1,36.139519,-120.36866,194.470001,5,600,58,3,"e00fce68d6b773b56ce8baa0",2026-08-13 21:40:02.194,2026-08-13 21:40:02.365,2026-08-13 21:40:02.365,2026-08-13
"1323","26cAnO6yfr","MOOSPMv3Parser",1786657200,0,0,1,0,0,1,1,0,0,1,172,84,4666,9,6,1,6,6,34,24,6,0,33,38,27,23,33.777,101,1,36.139042,-120.368378,176.528,9,599,58,3,"e00fce686dc2ef0a68fa40b0",2026-08-13 21:40:02.433,2026-08-13 21:40:02.676,2026-08-13 21:40:02.676,2026-08-13
"1324","N5AoYfm2dj","MOOSPMv3Parser",1786657201,1,1,2,2,2,2,2,2,2,2,535,145,66593,22,14,2,14,14,36,15,14,0,37,43,27,24,29.131,129,3277,2e-06,-0.004268,24191.423828,8,600,58,3,"e00fce68e28dcbc9a589be10",2026-08-13 21:40:03.285,2026-08-13 21:40:03.477,2026-08-13 21:40:03.477,2026-08-13
"1325","esB4WeOFZy","MOOSPMv3Parser",1786657200,2,2,0,4,4,0,0,5,5,0,971,213,0,37,0,2,0,0,36,14,0,2,36,42,28,25,28.957,87,1,36.187439,-119.822128,20.945,10,600,58,3,"e00fce68e739ecbcf9e91965",2026-08-13 21:40:03.596,2026-08-13 21:40:03.764,2026-08-13 21:40:03.764,2026-08-13
"1326","G0Fxq4B2Gc","MOOSPMv3Parser",1786657200,5,5,4,7,7,5,5,7,7,5,1151,316,110061,47,34,2,34,34,35,20,34,0,35,41,29,25,30.586,64,1,36.523373,-119.278671,63.729,11,600,58,3,"e00fce68f12da1a0c5de6248",2026-08-13 21:40:03.856,2026-08-13 21:40:04.047,2026-08-13 21:40:04.047,2026-08-13
"1327","xEWqrHno7a","MOOSPMv3Parser",1786657201,4,4,3,6,6,4,4,6,6,4,1476,261,110876,40,26,2,26,26,34,17,26,0,34,39,28,26,36.354,54,1,36.762772,-119.798805,48.924999,11,600,58,3,"e00fce68e88237db75a60608",2026-08-13 21:40:04.057,2026-08-13 21:40:04.221,2026-08-13 21:40:04.221,2026-08-13
"1328","WHcNHMCosn","MOOSPMv3Parser",1786657200,6,6,3,8,8,3,3,8,8,3,1717,329,6372,44,25,2,25,25,32,21,25,0,34,37,31,30,38.796,66,2,36.502953,-120.325203,85.141998,6,600,58,3,"e00fce68e77e43df92405fdb",2026-08-13 21:40:04.239,2026-08-13 21:40:04.414,2026-08-13 21:40:04.414,2026-08-13
"1329","5MWl8K2rau","MOOSPMv3Parser",1786657200,1,1,1,1,1,1,1,2,2,1,440,93,48585,14,10,1,10,10,32,14,10,0,36,37,23,25,369.965,120,1,36.139027,-120.368362,184.132004,11,600,58,3,"e00fce6850cac69f647dc199",2026-08-13 21:40:04.269,2026-08-13 21:40:04.458,2026-08-13 21:40:04.458,2026-08-13
"1330","L3oEOlGPcs","MOOSPMv3Parser",1786657201,2,2,2,3,3,2,2,4,4,2,536,162,14937,29,17,2,18,18,0,0,18,0,35,38,29,29,22.646,90,2,36.43367,-119.923393,17.368999,5,600,58,3,"e00fce6876826e255108c6bd",2026-08-13 21:40:05.392,2026-08-13 21:40:05.619,2026-08-13 21:40:05.619,2026-08-13
"1331","EmCmw9Y2zN","MOOSPMv3Parser",1786657800,7,7,4,10,10,4,4,11,11,4,1512,407,66671,63,33,3,33,33,33,19,33,0,34,38,32,28,31.842,25,1,35.949543,-119.049896,128.391006,6,600,58,3,"e00fce6808784ceaf209f949",2026-08-13 21:50:01.864,2026-08-13 21:50:02.049,2026-08-13 21:50:02.049,2026-08-13
"1332","JbCfOkBp68","MOOSPMv3Parser",1786657801,0,0,1,0,0,1,1,0,0,1,193,114,43850,12,9,1,9,9,34,24,9,0,32,37,26,24,23.737,102,1,36.139046,-120.36837,171.195999,13,600,58,3,"e00fce68d6b773b56ce8baa0",2026-08-13 21:50:02.09,2026-08-13 21:50:02.287,2026-08-13 21:50:02.287,2026-08-13
"1333","tYOmXwxu5i","MOOSPMv3Parser",1786657800,6,6,3,8,8,3,3,8,8,3,1740,335,6392,48,23,3,23,23,-10,-10,23,0,33,37,29,28,38.956,91,2,36.503124,-120.325325,66.996002,6,600,58,3,"e00fce68e77e43df92405fdb",2026-08-13 21:50:02.667,2026-08-13 21:50:02.97,2026-08-13 21:50:02.97,2026-08-13
"1334","HKonjqNj7E","MOOSPMv3Parser",1786657800,0,0,1,0,0,1,1,0,0,1,168,81,4662,8,5,0,5,5,34,24,5,0,33,38,26,22,33.379,102,1,36.138775,-120.368439,187.824997,9,600,58,3,"e00fce686dc2ef0a68fa40b0",2026-08-13 21:50:02.73,2026-08-13 21:50:02.983,2026-08-13 21:50:02.983,2026-08-13
"1335","nUJI3FC3pL","MOOSPMv3Parser",1786657800,3,3,3,5,5,3,3,6,6,3,960,255,110083,38,25,2,25,25,35,20,25,0,36,41,28,25,29.249,60,1,36.523445,-119.278839,61.900002,5,600,58,3,"e00fce68f12da1a0c5de6248",2026-08-13 21:50:03.081,2026-08-13 21:50:03.302,2026-08-13 21:50:03.302,2026-08-13
"1336","sO0W7VE7Lp","MOOSPMv3Parser",1786657801,1,1,2,2,2,2,2,2,2,2,479,129,66606,20,14,2,14,14,36,14,14,0,37,43,25,22,28.473,136,3277,2e-06,-0.004268,24191.423828,8,600,58,3,"e00fce68e28dcbc9a589be10",2026-08-13 21:50:03.189,2026-08-13 21:50:03.36,2026-08-13 21:50:03.36,2026-08-13
"1337","NkcFFc6ccT","MOOSPMv3Parser",1786657800,2,2,0,4,4,0,0,4,4,0,926,204,0,36,0,2,0,0,36,14,0,2,35,42,29,25,28.501,103,1,36.187447,-119.822121,19.91,7,600,58,3,"e00fce68e739ecbcf9e91965",2026-08-13 21:50:03.553,2026-08-13 21:50:03.709,2026-08-13 21:50:03.709,2026-08-13
"1338","vtQVsHJ4SF","MOOSPMv3Parser",1786657801,4,4,4,6,6,4,4,6,6,4,1431,251,110900,41,28,3,28,28,34,17,28,0,34,40,28,25,36.256,49,1,36.762703,-119.798767,57.610001,6,600,58,3,"e00fce68e88237db75a60608",2026-08-13 21:50:04.367,2026-08-13 21:50:04.573,2026-08-13 21:50:04.573,2026-08-13
"1339","7Ba0GvRhxp","MOOSPMv3Parser",1786657800,1,1,1,1,1,1,1,2,2,1,418,89,48593,14,9,1,9,9,32,14,9,0,37,37,22,25,219.35,120,1,36.138981,-120.368408,172.296005,11,600,58,3,"e00fce6850cac69f647dc199",2026-08-13 21:50:04.444,2026-08-13 21:50:04.658,2026-08-13 21:50:04.658,2026-08-13
"1340","CvhvNG1HsO","MOOSPMv3Parser",1786657801,2,2,2,3,3,2,2,4,4,2,509,153,14951,25,17,2,17,17,0,0,17,0,35,39,28,28,22.431,90,2,36.433708,-119.923355,7.68,6,600,58,3,"e00fce6876826e255108c6bd",2026-08-13 21:50:05.412,2026-08-13 21:50:05.585,2026-08-13 21:50:05.585,2026-08-13
"1341","e4sZ9vxav1","MOOSPMv3Parser",1786658400,8,8,4,11,11,4,4,11,11,4,1528,416,66697,69,30,4,30,30,33,19,30,0,34,38,32,29,32.411,28,1,35.949627,-119.050026,119.487999,7,600,58,3,"e00fce6808784ceaf209f949",2026-08-13 22:00:01.866,2026-08-13 22:00:02.19,2026-08-13 22:00:02.19,2026-08-13
"1342","mrCryIA5qf","MOOSPMv3Parser",1786658401,0,0,1,0,0,1,1,0,0,1,202,117,43858,13,10,1,10,10,33,24,10,0,32,37,26,25,23.882,102,1,36.13903,-120.368385,159.125,9,600,58,3,"e00fce68d6b773b56ce8baa0",2026-08-13 22:00:02.255,2026-08-13 22:00:02.725,2026-08-13 22:00:02.725,2026-08-13
"1343","6SfGDtgWaC","MOOSPMv3Parser",1786658401,0,0,1,1,1,2,2,1,1,2,426,114,66615,16,12,1,12,12,37,13,12,0,37,43,24,21,28.371,124,3277,2e-06,-0.004268,24191.423828,8,600,58,3,"e00fce68e28dcbc9a589be10",2026-08-13 22:00:03.34,2026-08-13 22:00:04.182,2026-08-13 22:00:04.182,2026-08-13
"1344","pRWu8qGBqD","MOOSPMv3Parser",1786658401,0,0,1,0,0,1,1,0,0,1,169,82,4659,8,5,0,5,5,34,24,5,0,33,38,27,23,33.005,102,1,36.139069,-120.368355,166.501007,11,601,58,3,"e00fce686dc2ef0a68fa40b0",2026-08-13 22:00:03.003,2026-08-13 22:00:04.514,2026-08-13 22:00:04.514,2026-08-13
"1345","zrsJ43rm24","MOOSPMv3Parser",1786658400,6,6,3,8,8,3,3,8,8,3,1726,327,6412,46,23,2,23,23,-10,-10,23,0,33,37,35,32,41.061,57,2,36.503078,-120.325317,56.748001,5,600,58,3,"e00fce68e77e43df92405fdb",2026-08-13 22:00:04.015,2026-08-13 22:00:05.251,2026-08-13 22:00:05.251,2026-08-13
"1346","FP5O1G0SUy","MOOSPMv3Parser",1786658400,3,3,0,6,6,0,0,6,6,0,1103,256,0,44,0,3,0,0,35,14,0,2,36,40,28,26,30.175,79,1,36.187504,-119.82206,37.307999,8,600,58,3,"e00fce68e739ecbcf9e91965",2026-08-13 22:00:03.606,2026-08-13 22:00:05.279,2026-08-13 22:00:05.279,2026-08-13
"1347","JEqwjqXSBx","MOOSPMv3Parser",1786658400,1,1,1,1,1,1,1,2,2,1,404,87,48601,13,10,1,10,10,32,14,10,0,36,36,23,25,512.667,121,1,36.139023,-120.368378,167.785004,8,600,58,3,"e00fce6850cac69f647dc199",2026-08-13 22:00:04.743,2026-08-13 22:00:05.367,2026-08-13 22:00:05.367,2026-08-13
"1348","PnAxDZyoRf","MOOSPMv3Parser",1786658401,4,4,3,6,6,4,4,6,6,4,1427,257,110923,40,27,3,27,27,34,18,27,0,33,38,31,28,37.602,41,1,36.762699,-119.798759,65.875999,6,600,58,3,"e00fce68e88237db75a60608",2026-08-13 22:00:04.38,2026-08-13 22:00:05.834,2026-08-13 22:00:05.834,2026-08-13
"1349","GGm3DoVphD","MOOSPMv3Parser",1786658401,2,2,2,3,3,2,2,3,3,2,459,141,14964,21,15,1,15,15,0,0,15,0,36,39,27,26,22.006,90,2,36.433697,-119.923347,21.860001,6,600,58,3,"e00fce6876826e255108c6bd",2026-08-13 22:00:05.479,2026-08-13 22:00:06.976,2026-08-13 22:00:06.976,2026-08-13
"1350","pNu0MdPvly","MOOSPMv3Parser",1786658400,3,3,3,4,4,3,3,4,4,3,809,221,110101,30,21,1,21,21,35,20,21,0,35,41,29,25,30.389,53,1,36.523445,-119.278839,61.897999,0,600,58,3,"e00fce68f12da1a0c5de6248",2026-08-13 22:00:06.919,2026-08-13 22:00:07.521,2026-08-13 22:00:07.521,2026-08-13
"1351","OCpEyfNmb5","MOOSPMv3Parser",1786659000,8,8,4,11,11,5,5,11,11,5,1568,426,66727,65,34,3,34,34,33,19,34,0,34,38,32,29,32.965,23,1,35.949547,-119.050026,118.621002,7,600,58,3,"e00fce6808784ceaf209f949",2026-08-13 22:10:01.837,2026-08-13 22:10:02.028,2026-08-13 22:10:02.028,2026-08-13
"1352","ckdg9KwyRX","MOOSPMv3Parser",1786659000,0,0,1,0,0,1,1,0,0,1,177,85,4679,10,6,0,6,6,34,25,6,0,33,38,28,24,32.167,112,1,36.139137,-120.368401,165.759003,9,599,58,3,"e00fce686dc2ef0a68fa40b0",2026-08-13 22:10:01.866,2026-08-13 22:10:02.067,2026-08-13 22:10:02.067,2026-08-13
"1353","szvxiYJYCz","MOOSPMv3Parser",1786659001,0,0,1,0,0,1,1,0,0,1,206,121,43866,13,10,1,10,10,34,25,10,0,32,37,26,26,23.267,109,1,36.138958,-120.368439,158.472,8,600,58,3,"e00fce68d6b773b56ce8baa0",2026-08-13 22:10:02.5,2026-08-13 22:10:02.678,2026-08-13 22:10:02.678,2026-08-13
"1354","8UGPEbzD5k","MOOSPMv3Parser",1786659000,5,5,3,7,7,3,3,8,8,3,1560,303,6431,44,21,3,21,21,32,19,21,0,33,37,28,28,38.908,65,2,36.503132,-120.325386,67.813004,7,600,58,3,"e00fce68e77e43df92405fdb",2026-08-13 22:10:02.702,2026-08-13 22:10:02.845,2026-08-13 22:10:02.845,2026-08-13
"1355","NCdC8JsQbs","MOOSPMv3Parser",1786659001,1,1,2,1,1,2,2,1,1,2,441,121,66626,16,13,1,13,13,36,12,13,0,37,43,23,20,29.38,102,3277,2e-06,-0.004268,24191.423828,8,600,58,3,"e00fce68e28dcbc9a589be10",2026-08-13 22:10:03.199,2026-08-13 22:10:03.396,2026-08-13 22:10:03.396,2026-08-13
"1356","GmvHRNDSpz","MOOSPMv3Parser",1786659000,3,3,3,4,4,3,3,4,4,3,793,214,110119,31,21,2,21,21,35,21,21,0,35,40,29,26,30.368,51,1,36.523331,-119.278786,79.435997,7,600,58,3,"e00fce68f12da1a0c5de6248",2026-08-13 22:10:03.648,2026-08-13 22:10:03.788,2026-08-13 22:10:03.788,2026-08-13
"1357","IsMjcj8WkM","MOOSPMv3Parser",1786659000,3,3,0,5,5,0,0,6,6,0,1070,248,0,43,0,3,0,0,35,15,0,2,35,41,29,26,30.831,57,1,36.187569,-119.822083,9.291,6,600,58,3,"e00fce68e739ecbcf9e91965",2026-08-13 22:10:03.606,2026-08-13 22:10:03.802,2026-08-13 22:10:03.802,2026-08-13
"1358","18taz69v02","MOOSPMv3Parser",1786659001,4,4,4,6,6,4,4,6,6,4,1356,236,110948,39,28,2,28,29,34,18,29,0,34,39,29,26,36.997,41,1,36.76276,-119.798859,55.076,5,600,58,3,"e00fce68e88237db75a60608",2026-08-13 22:10:04.028,2026-08-13 22:10:04.262,2026-08-13 22:10:04.262,2026-08-13
"1359","79qSvN7f27","MOOSPMv3Parser",1786659000,1,1,1,2,2,1,1,2,2,1,441,96,48610,15,11,1,11,11,32,15,11,0,37,37,23,26,115.49,129,1,36.138943,-120.368454,191.733002,9,600,58,3,"e00fce6850cac69f647dc199",2026-08-13 22:10:05.367,2026-08-13 22:10:05.542,2026-08-13 22:10:05.542,2026-08-13
"1360","Mc5ZRatW7H","MOOSPMv3Parser",1786659001,1,1,2,2,2,2,2,2,2,2,362,109,14974,18,12,2,12,12,0,0,12,0,36,39,23,23,22.661,90,2,36.433697,-119.923347,21.858,0,600,58,3,"e00fce6876826e255108c6bd",2026-08-13 22:10:05.492,2026-08-13 22:10:05.689,2026-08-13 22:10:05.689,2026-08-13
"1361","5r5rnmAGgk","MOOSPMv3Parser",1786659600,7,7,4,11,11,4,4,11,11,4,1487,409,66754,66,31,4,32,32,33,19,32,0,34,38,33,29,33.537,20,2,35.949818,-119.049988,117.972,7,600,58,3,"e00fce6808784ceaf209f949",2026-08-13 22:20:01.871,2026-08-13 22:20:02.079,2026-08-13 22:20:02.079,2026-08-13
"1362","HeHtpcsyM1","MOOSPMv3Parser",1786659600,0,0,1,0,0,1,1,0,0,1,180,90,4677,10,7,1,7,7,34,24,7,0,33,38,27,23,31.787,120,1,36.139107,-120.368378,176.593994,8,600,58,3,"e00fce686dc2ef0a68fa40b0",2026-08-13 22:20:02.192,2026-08-13 22:20:02.385,2026-08-13 22:20:02.385,2026-08-13
"1363","06GvKvCvNW","MOOSPMv3Parser",1786659601,0,0,1,0,0,1,1,0,0,1,211,130,43875,16,11,1,11,11,34,24,11,0,32,37,26,25,22.906,122,1,36.138908,-120.368416,162.949005,8,600,58,3,"e00fce68d6b773b56ce8baa0",2026-08-13 22:20:02.267,2026-08-13 22:20:02.517,2026-08-13 22:20:02.517,2026-08-13
"1364","Z72flwTkKV","MOOSPMv3Parser",1786659600,5,5,3,7,7,3,3,8,8,3,1683,305,6448,45,20,2,20,20,32,18,20,0,33,37,27,27,42.672,49,1,36.503139,-120.325417,62.388,7,600,58,3,"e00fce68e77e43df92405fdb",2026-08-13 22:20:02.568,2026-08-13 22:20:02.762,2026-08-13 22:20:02.762,2026-08-13
"1365","LYkLV9Vbff","MOOSPMv3Parser",1786659601,0,0,2,1,1,2,2,1,1,2,423,114,66636,17,12,1,12,12,36,12,12,0,37,43,22,20,30.399,78,3277,2e-06,-0.004268,24191.423828,8,600,58,3,"e00fce68e28dcbc9a589be10",2026-08-13 22:20:03.579,2026-08-13 22:20:03.731,2026-08-13 22:20:03.731,2026-08-13
"1366","M30Cz2OWP5","MOOSPMv3Parser",1786659600,2,2,0,5,5,0,0,5,5,0,947,214,0,35,0,4,0,0,35,13,0,2,36,40,25,24,30.057,57,1,36.187569,-119.822083,9.294,0,600,58,3,"e00fce68e739ecbcf9e91965",2026-08-13 22:20:03.602,2026-08-13 22:20:03.753,2026-08-13 22:20:03.753,2026-08-13
"1367","yPMTMoetpK","MOOSPMv3Parser",1786659600,1,1,1,2,2,2,2,2,2,2,489,107,48620,16,11,1,11,11,32,14,11,0,36,36,23,25,97.076,140,1,36.13903,-120.368492,175.641006,6,600,58,3,"e00fce6850cac69f647dc199",2026-08-13 22:20:04.112,2026-08-13 22:20:04.292,2026-08-13 22:20:04.292,2026-08-13
"1368","sEf9pxLWX2","MOOSPMv3Parser",1786659601,4,4,3,6,6,4,4,6,6,4,1387,246,110970,38,26,2,26,26,34,18,26,0,34,39,28,25,36.589,38,1,36.76276,-119.798859,55.074001,0,600,58,3,"e00fce68e88237db75a60608",2026-08-13 22:20:04.194,2026-08-13 22:20:04.371,2026-08-13 22:20:04.371,2026-08-13
"1369","efFWy7rhsd","MOOSPMv3Parser",1786659601,1,1,2,1,1,2,2,2,2,2,321,97,14986,15,14,1,14,15,0,0,15,0,36,39,23,23,22.856,90,2,36.433735,-119.923317,25.836,6,600,58,3,"e00fce6876826e255108c6bd",2026-08-13 22:20:05.459,2026-08-13 22:20:05.608,2026-08-13 22:20:05.608,2026-08-13
"1370","NhOKWHIeVT","MOOSPMv3Parser",1786659600,3,3,3,4,4,3,3,5,5,3,862,232,110138,35,23,1,23,23,34,20,23,0,35,40,28,26,30.124,56,1,36.523365,-119.278801,68.967003,7,600,58,3,"e00fce68f12da1a0c5de6248",2026-08-13 22:20:18.024,2026-08-13 22:20:18.229,2026-08-13 22:20:18.229,2026-08-13
"1371","aAyelhnYwR","MOOSPMv3Parser",1786660200,7,7,4,10,10,4,4,11,11,4,1429,384,66783,62,33,4,33,33,33,20,33,0,34,38,32,29,33.049,22,2,35.949619,-119.04995,124.350998,6,600,58,3,"e00fce6808784ceaf209f949",2026-08-13 22:30:01.941,2026-08-13 22:30:02.132,2026-08-13 22:30:02.132,2026-08-13
"1372","6meh4tc2XN","MOOSPMv3Parser",1786660200,0,0,1,0,0,1,1,0,0,1,180,90,4683,10,6,1,6,6,33,25,6,0,33,37,27,24,32.886,97,1,36.139,-120.368416,170.091995,9,600,58,3,"e00fce686dc2ef0a68fa40b0",2026-08-13 22:30:02.522,2026-08-13 22:30:02.731,2026-08-13 22:30:02.731,2026-08-13
"1373","nKw3BIUBEU","MOOSPMv3Parser",1786660201,0,0,1,0,0,1,1,0,0,1,212,128,43884,16,11,1,11,11,33,24,11,0,32,37,26,25,23.825,108,1,36.13905,-120.36837,159.024002,7,600,58,3,"e00fce68d6b773b56ce8baa0",2026-08-13 22:30:02.522,2026-08-13 22:30:02.741,2026-08-13 22:30:02.741,2026-08-13
"1374","Ka6kpE0zph","MOOSPMv3Parser",1786660201,0,0,1,1,1,2,2,1,1,2,426,115,66646,17,12,1,12,12,36,11,12,0,37,43,22,19,30.596,73,3277,2e-06,-0.004268,24191.423828,8,600,58,3,"e00fce68e28dcbc9a589be10",2026-08-13 22:30:03.132,2026-08-13 22:30:03.324,2026-08-13 22:30:03.324,2026-08-13
"1375","bucvyXDqY0","MOOSPMv3Parser",1786660200,1,1,0,4,4,0,0,4,4,0,792,173,0,33,0,5,0,0,35,12,0,2,36,40,25,24,29.98,42,1,36.187534,-119.822197,21.337,5,600,58,3,"e00fce68e739ecbcf9e91965",2026-08-13 22:30:03.591,2026-08-13 22:30:03.746,2026-08-13 22:30:03.746,2026-08-13
"1376","VuDePk8zBq","MOOSPMv3Parser",1786660200,5,5,2,6,6,3,3,7,7,3,1513,279,6465,40,19,3,19,19,33,19,19,0,34,37,29,29,42.929,29,1,36.503174,-120.325348,56.887001,7,600,58,3,"e00fce68e77e43df92405fdb",2026-08-13 22:30:04.03,2026-08-13 22:30:04.206,2026-08-13 22:30:04.206,2026-08-13
"1377","e62QAkrFUZ","MOOSPMv3Parser",1786660201,3,3,3,5,5,4,4,5,5,4,1417,245,110993,36,27,2,27,27,35,17,27,0,35,40,27,24,38.135,40,1,36.762691,-119.798798,64.968002,5,600,58,3,"e00fce68e88237db75a60608",2026-08-13 22:30:04.137,2026-08-13 22:30:04.323,2026-08-13 22:30:04.323,2026-08-13
"1378","xNh4Qrzn5O","MOOSPMv3Parser",1786660200,1,1,1,2,2,1,1,2,2,1,462,101,48630,13,11,1,11,11,32,14,11,0,36,36,23,25,348.723,118,1,36.139008,-120.368355,177.830002,9,600,58,3,"e00fce6850cac69f647dc199",2026-08-13 22:30:04.404,2026-08-13 22:30:04.627,2026-08-13 22:30:04.627,2026-08-13
"1379","1SewlWznHR","MOOSPMv3Parser",1786660201,1,1,1,2,2,2,2,2,2,3,351,106,14996,18,11,2,12,12,0,0,12,1,36,39,24,24,22.345,90,3,36.433578,-119.923485,103.596001,5,600,58,3,"e00fce6876826e255108c6bd",2026-08-13 22:30:05.588,2026-08-13 22:30:05.827,2026-08-13 22:30:05.827,2026-08-13
"1380","bnMtOSpav5","MOOSPMv3Parser",1786660200,3,3,3,5,5,3,3,5,5,3,831,224,110159,35,23,1,23,24,34,22,24,0,35,39,30,27,31.167,45,1,36.523384,-119.278732,58.98,8,600,58,3,"e00fce68f12da1a0c5de6248",2026-08-13 22:30:11.552,2026-08-13 22:30:11.732,2026-08-13 22:30:11.732,2026-08-13
"1381","sED4K7lHXg","MOOSPMv3Parser",1786660800,7,7,4,9,9,4,4,10,10,4,1370,369,66809,59,30,3,30,30,33,20,30,0,34,38,32,29,33.376,21,2,35.949631,-119.049988,114.181,7,600,58,3,"e00fce6808784ceaf209f949",2026-08-13 22:40:02.055,2026-08-13 22:40:02.227,2026-08-13 22:40:02.227,2026-08-13
"1382","DGt1LhBtXk","MOOSPMv3Parser",1786660801,0,0,2,0,0,2,2,0,0,2,210,127,43894,16,12,1,12,12,33,24,12,0,32,37,26,26,23.483,98,1,36.139038,-120.368332,150.264999,5,600,58,3,"e00fce68d6b773b56ce8baa0",2026-08-13 22:40:02.523,2026-08-13 22:40:02.725,2026-08-13 22:40:02.725,2026-08-13
"1383","NXZk7wvRxM","MOOSPMv3Parser",1786660800,5,5,3,6,6,3,3,7,7,3,1633,277,6483,40,21,2,21,21,33,17,21,0,34,37,27,27,40.83,57,1,36.503166,-120.325439,75.115997,7,600,58,3,"e00fce68e77e43df92405fdb",2026-08-13 22:40:02.598,2026-08-13 22:40:02.762,2026-08-13 22:40:02.762,2026-08-13
"1384","6GSkD7rRvK","MOOSPMv3Parser",1786660800,4,4,3,5,5,3,4,6,6,4,876,236,110180,33,25,2,25,25,33,23,25,0,34,39,31,28,32.04,42,1,36.523376,-119.278793,79.523003,7,600,58,3,"e00fce68f12da1a0c5de6248",2026-08-13 22:40:02.856,2026-08-13 22:40:03.024,2026-08-13 22:40:03.024,2026-08-13
"1385","1t1CzCMsRK","MOOSPMv3Parser",1786660800,0,0,1,0,0,1,1,0,0,1,179,89,4688,11,6,0,6,6,33,25,6,0,33,37,27,24,32.918,94,1,36.138969,-120.368439,171.154999,13,600,58,3,"e00fce686dc2ef0a68fa40b0",2026-08-13 22:40:02.9,2026-08-13 22:40:03.064,2026-08-13 22:40:03.064,2026-08-13
"1386","hbgOgVWwJa","MOOSPMv3Parser",1786660801,0,0,1,1,1,1,1,1,1,1,396,103,66655,16,11,1,11,11,36,10,11,1,37,43,20,18,31.769,52,3277,2e-06,-0.004268,24191.423828,8,600,58,3,"e00fce68e28dcbc9a589be10",2026-08-13 22:40:03.363,2026-08-13 22:40:03.589,2026-08-13 22:40:03.589,2026-08-13
"1387","gGaEnT1RjP","MOOSPMv3Parser",1786660800,1,1,0,3,3,0,0,4,4,0,758,168,0,32,0,4,0,0,34,12,0,2,36,40,25,24,29.659,35,1,36.187584,-119.822372,10.297,5,600,58,3,"e00fce68e739ecbcf9e91965",2026-08-13 22:40:03.686,2026-08-13 22:40:03.906,2026-08-13 22:40:03.906,2026-08-13
"1388","gqfz1Skoer","MOOSPMv3Parser",1786660801,4,4,4,6,6,4,4,6,6,4,1425,252,111017,42,27,3,28,28,35,17,28,0,34,40,28,25,37.838,45,1,36.762642,-119.79879,45.193001,5,600,58,3,"e00fce68e88237db75a60608",2026-08-13 22:40:03.96,2026-08-13 22:40:04.137,2026-08-13 22:40:04.137,2026-08-13
"1389","ux6TyfuEBi","MOOSPMv3Parser",1786660800,1,1,1,2,2,2,2,2,2,2,479,106,48640,17,11,1,11,11,32,15,11,0,36,36,23,26,284.495,113,1,36.139011,-120.368401,170.591003,8,600,58,3,"e00fce6850cac69f647dc199",2026-08-13 22:40:04.664,2026-08-13 22:40:04.81,2026-08-13 22:40:04.81,2026-08-13
"1390","dldq8xp2Yl","MOOSPMv3Parser",1786660801,1,1,2,2,2,2,2,3,3,3,348,104,15006,18,13,3,13,13,0,0,13,1,36,39,23,24,23.288,90,3,36.433544,-119.923424,39.995998,5,600,58,3,"e00fce6876826e255108c6bd",2026-08-13 22:40:05.39,2026-08-13 22:40:05.604,2026-08-13 22:40:05.604,2026-08-13
"1391","bZq90eABg1","MOOSPMv3Parser",1786661400,6,6,4,9,9,4,4,10,10,4,1319,357,66835,57,30,3,30,30,33,20,30,0,34,37,33,30,33.278,18,2,35.949631,-119.049988,114.179001,0,600,58,3,"e00fce6808784ceaf209f949",2026-08-13 22:50:01.871,2026-08-13 22:50:02.027,2026-08-13 22:50:02.027,2026-08-13
"1392","f1zMryUH94","MOOSPMv3Parser",1786661400,0,0,1,0,0,1,1,0,0,1,180,91,4694,10,7,1,7,7,33,25,7,0,33,37,26,24,32.146,99,1,36.13905,-120.368439,179.417007,12,600,58,3,"e00fce686dc2ef0a68fa40b0",2026-08-13 22:50:02.015,2026-08-13 22:50:02.188,2026-08-13 22:50:02.188,2026-08-13
"1393","XIDMJAlJwK","MOOSPMv3Parser",1786661401,0,0,2,1,1,2,2,1,1,2,373,99,66667,16,13,1,13,13,36,8,13,1,37,42,19,17,34.468,24,3277,2e-06,-0.004268,24191.423828,8,600,58,3,"e00fce68e28dcbc9a589be10",2026-08-13 22:50:03.14,2026-08-13 22:50:03.298,2026-08-13 22:50:03.298,2026-08-13
"1394","ZhBDtS97tH","MOOSPMv3Parser",1786661400,1,1,0,3,3,0,0,3,3,0,726,160,0,30,0,3,0,0,34,12,0,2,36,39,25,24,29.786,37,1,36.187561,-119.822128,38.23,5,600,58,3,"e00fce68e739ecbcf9e91965",2026-08-13 22:50:03.606,2026-08-13 22:50:03.761,2026-08-13 22:50:03.761,2026-08-13
"1395","tK8PYfpyk0","MOOSPMv3Parser",1786661401,3,3,3,5,5,4,4,5,5,4,1384,237,111039,35,25,2,25,26,35,17,26,0,35,40,28,25,38.523,41,1,36.762718,-119.798782,61.636002,7,600,58,3,"e00fce68e88237db75a60608",2026-08-13 22:50:04.128,2026-08-13 22:50:04.29,2026-08-13 22:50:04.29,2026-08-13
"1396","iWshCE4uA5","MOOSPMv3Parser",1786661400,1,1,1,2,2,2,2,2,2,2,476,105,48650,15,12,1,12,12,31,15,12,0,36,36,22,26,145.413,120,1,36.139038,-120.368423,172.75,7,600,58,3,"e00fce6850cac69f647dc199",2026-08-13 22:50:05.072,2026-08-13 22:50:05.244,2026-08-13 22:50:05.244,2026-08-13
"1397","c21fCLHv9e","MOOSPMv3Parser",1786661401,1,1,2,2,2,2,3,2,2,3,333,97,15017,19,13,2,13,13,0,0,13,1,35,38,22,23,23.921,90,3,36.433647,-119.923317,53.053001,5,600,58,3,"e00fce6876826e255108c6bd",2026-08-13 22:50:05.464,2026-08-13 22:50:05.641,2026-08-13 22:50:05.641,2026-08-13
"1398","D7X8Rgumk5","MOOSPMv3Parser",1786661400,4,4,3,5,5,3,4,5,5,4,865,234,110202,32,25,1,25,25,33,24,25,0,34,38,31,29,32.414,39,1,36.523422,-119.278687,78.008003,7,600,58,3,"e00fce68f12da1a0c5de6248",2026-08-13 22:50:06.696,2026-08-13 22:50:06.861,2026-08-13 22:50:06.861,2026-08-13
"1399","V8Goxo7eai","MOOSPMv3Parser",1786661400,4,4,2,5,5,2,2,6,6,2,1618,250,6498,34,18,1,18,18,33,16,18,0,34,38,26,25,44.181,30,1,36.503094,-120.325439,58.799,6,600,58,3,"e00fce68e77e43df92405fdb",2026-08-13 22:50:07.582,2026-08-13 22:50:07.796,2026-08-13 22:50:07.796,2026-08-13
"1400","koSAKzdKAE","MOOSPMv3Parser",1786661401,0,0,1,0,0,2,2,0,0,2,208,126,43904,16,11,1,11,11,33,24,11,0,32,37,26,25,23.471,107,1,36.139072,-120.368347,174.856003,7,600,58,3,"e00fce68d6b773b56ce8baa0",2026-08-13 22:50:08.079,2026-08-13 22:50:08.272,2026-08-13 22:50:08.272,2026-08-13
"1401","RWgfFlnNCP","MOOSPMv3Parser",1786662000,6,6,5,9,9,6,7,10,10,7,1333,357,66866,59,36,4,37,37,32,20,37,1,34,37,32,30,32.352,21,2,35.949638,-119.049896,129.373993,7,600,58,3,"e00fce6808784ceaf209f949",2026-08-13 23:00:01.873,2026-08-13 23:00:02.184,2026-08-13 23:00:02.184,2026-08-13
"1402","4R0PGx9MZg","MOOSPMv3Parser",1786662001,0,0,1,0,0,1,1,0,0,1,212,124,43912,16,11,1,11,11,33,24,11,0,32,36,26,25,23.69,91,1,36.13908,-120.368393,179.916,6,600,58,3,"e00fce68d6b773b56ce8baa0",2026-08-13 23:00:02.2,2026-08-13 23:00:02.658,2026-08-13 23:00:02.658,2026-08-13
"1403","yr9Oq4zfkd","MOOSPMv3Parser",1786662000,0,0,1,0,0,1,1,0,0,1,175,88,4700,9,7,1,7,7,32,25,7,0,33,37,26,24,33.284,82,1,36.139034,-120.368401,171.869995,14,600,58,3,"e00fce686dc2ef0a68fa40b0",2026-08-13 23:00:02.383,2026-08-13 23:00:03.02,2026-08-13 23:00:03.02,2026-08-13
"1404","fxJ1u1VIbo","MOOSPMv3Parser",1786662000,4,4,2,6,6,2,2,7,7,2,1511,273,6514,36,19,3,19,19,33,17,19,0,34,38,27,27,44.256,47,1,36.503094,-120.325439,58.793999,0,600,58,3,"e00fce68e77e43df92405fdb",2026-08-13 23:00:02.443,2026-08-13 23:00:03.119,2026-08-13 23:00:03.119,2026-08-13
"1405","cj8nHjeZzC","MOOSPMv3Parser",1786662000,4,4,3,5,5,4,4,6,6,4,889,244,110224,35,25,2,25,25,33,24,25,0,34,38,30,29,31.842,38,1,36.523434,-119.278748,65.43,8,600,58,3,"e00fce68f12da1a0c5de6248",2026-08-13 23:00:03.196,2026-08-13 23:00:03.748,2026-08-13 23:00:03.748,2026-08-13
"1406","3YTmXp6SBY","MOOSPMv3Parser",1786662001,0,0,1,1,1,2,2,1,1,2,329,88,66676,13,11,1,11,11,36,9,11,1,37,42,18,17,34.662,17,3277,2e-06,-0.004268,24191.423828,8,600,58,3,"e00fce68e28dcbc9a589be10",2026-08-13 23:00:03.168,2026-08-13 23:00:03.907,2026-08-13 23:00:03.907,2026-08-13
"1407","crC8vNcYAx","MOOSPMv3Parser",1786662000,1,1,0,3,3,0,0,4,4,0,698,157,0,32,0,4,0,0,34,12,0,2,35,39,24,24,30.059,27,1,36.187538,-119.822121,24.854,11,600,58,3,"e00fce68e739ecbcf9e91965",2026-08-13 23:00:03.683,2026-08-13 23:00:04.054,2026-08-13 23:00:04.054,2026-08-13
"1408","LWXCsUtLJB","MOOSPMv3Parser",1786662001,3,3,4,5,5,4,4,6,6,4,1434,247,111062,38,27,3,28,28,35,17,28,0,35,40,27,25,39.402,51,1,36.762703,-119.798805,62.145,14,600,58,3,"e00fce68e88237db75a60608",2026-08-13 23:00:04.139,2026-08-13 23:00:04.395,2026-08-13 23:00:04.395,2026-08-13
"1409","UHQjRt3TLF","MOOSPMv3Parser",1786662000,1,1,1,2,2,1,1,2,2,1,447,102,48659,15,11,0,11,11,31,15,11,0,36,35,22,26,424.533,102,1,36.139057,-120.368355,166.442993,8,600,58,3,"e00fce6850cac69f647dc199",2026-08-13 23:00:04.25,2026-08-13 23:00:04.657,2026-08-13 23:00:04.657,2026-08-13
"1410","6dE0P1wDSz","MOOSPMv3Parser",1786662001,1,1,1,2,2,2,2,2,2,2,306,92,15026,18,11,2,11,11,0,0,11,1,36,39,22,23,23.81,90,3,36.433746,-119.923309,30.459,5,600,58,3,"e00fce6876826e255108c6bd",2026-08-13 23:00:05.471,2026-08-13 23:00:05.713,2026-08-13 23:00:05.713,2026-08-13
"1411","3sjeA9vlUP","MOOSPMv3Parser",1786662601,0,0,1,0,0,2,2,0,0,2,206,123,43922,17,12,2,12,12,33,24,12,0,32,36,26,25,24.208,86,1,36.138985,-120.368347,182.300995,6,600,58,3,"e00fce68d6b773b56ce8baa0",2026-08-13 23:10:01.928,2026-08-13 23:10:02.089,2026-08-13 23:10:02.089,2026-08-13
"1412","d250MxcoBs","MOOSPMv3Parser",1786662600,5,5,3,8,8,4,4,8,8,4,1140,306,66889,50,27,2,27,27,32,20,27,0,34,37,32,30,31.554,22,2,35.949558,-119.049889,129.953995,6,600,58,3,"e00fce6808784ceaf209f949",2026-08-13 23:10:01.952,2026-08-13 23:10:02.14,2026-08-13 23:10:02.14,2026-08-13
"1413","JuRN7ZrzY7","MOOSPMv3Parser",1786662601,0,0,1,1,1,2,2,1,1,2,353,95,66685,14,11,1,11,11,36,10,11,1,36,41,22,19,35.055,14,3277,2e-06,-0.004268,24191.423828,8,600,58,3,"e00fce68e28dcbc9a589be10",2026-08-13 23:10:03.23,2026-08-13 23:10:03.368,2026-08-13 23:10:03.368,2026-08-13
"1414","axqDELso4c","MOOSPMv3Parser",1786662600,1,1,0,4,4,0,0,4,4,0,701,164,0,31,0,5,0,0,34,11,0,2,35,39,23,23,30.459,22,1,36.187538,-119.822281,24.26,8,600,58,3,"e00fce68e739ecbcf9e91965",2026-08-13 23:10:03.693,2026-08-13 23:10:03.832,2026-08-13 23:10:03.832,2026-08-13
"1415","FYrAF65LZw","MOOSPMv3Parser",1786662600,4,4,3,6,6,3,4,6,6,4,893,241,110246,33,26,1,26,26,32,24,26,0,34,37,31,29,32.11,33,1,36.523354,-119.27874,75.125,6,600,58,3,"e00fce68f12da1a0c5de6248",2026-08-13 23:10:03.639,2026-08-13 23:10:03.841,2026-08-13 23:10:03.841,2026-08-13
"1416","kZXfTJ1HE2","MOOSPMv3Parser",1786662601,0,0,1,0,0,1,1,0,0,1,179,90,4698,11,7,1,7,7,32,25,7,0,33,36,25,24,32.641,78,1,36.138992,-120.36837,170.697006,11,601,58,3,"e00fce686dc2ef0a68fa40b0",2026-08-13 23:10:03.849,2026-08-13 23:10:04.013,2026-08-13 23:10:04.013,2026-08-13
"1417","8nlE3bRUmW","MOOSPMv3Parser",1786662600,1,1,1,2,2,2,2,2,2,2,484,108,48669,18,11,1,12,12,31,14,12,0,36,35,21,25,512.739,94,1,36.139107,-120.368317,181.186005,4,600,58,3,"e00fce6850cac69f647dc199",2026-08-13 23:10:04.495,2026-08-13 23:10:04.646,2026-08-13 23:10:04.646,2026-08-13
"1418","msGnAqJSpI","MOOSPMv3Parser",1786662601,4,4,3,6,6,4,4,6,6,4,1422,250,111085,37,27,2,27,27,35,16,27,0,35,40,26,24,39.785,41,1,36.762699,-119.798759,54.006001,11,600,58,3,"e00fce68e88237db75a60608",2026-08-13 23:10:05.152,2026-08-13 23:10:05.313,2026-08-13 23:10:05.313,2026-08-13
"1419","57t4hYsITG","MOOSPMv3Parser",1786662601,1,1,2,3,3,2,2,5,4,2,402,122,15036,28,12,7,12,12,0,0,12,1,36,39,22,23,23.973,91,3,36.433746,-119.923309,30.457001,0,600,58,3,"e00fce6876826e255108c6bd",2026-08-13 23:10:05.608,2026-08-13 23:10:05.76,2026-08-13 23:10:05.76,2026-08-13
"1420","lO0nQF6mOL","MOOSPMv3Parser",1786662600,4,4,3,6,6,3,3,7,7,3,1533,271,6532,36,20,2,20,20,33,15,20,0,34,38,25,24,44.388,50,1,36.503166,-120.325378,62.139,10,600,58,3,"e00fce68e77e43df92405fdb",2026-08-13 23:10:16.639,2026-08-13 23:10:16.821,2026-08-13 23:10:16.821,2026-08-13
"1421","yTx8L3yWhD","MOOSPMv3Parser",1786663200,5,5,3,7,7,3,3,7,7,3,1075,292,66910,45,25,3,25,25,32,21,25,0,34,37,33,31,31.014,26,2,35.949615,-119.049934,111.973,7,600,58,3,"e00fce6808784ceaf209f949",2026-08-13 23:20:02.118,2026-08-13 23:20:02.339,2026-08-13 23:20:02.339,2026-08-13
"1422","FLhl8xHY0k","MOOSPMv3Parser",1786663201,0,0,1,0,0,2,2,0,0,2,204,121,43931,15,11,1,11,11,32,24,11,0,32,35,26,24,24.539,65,1,36.138985,-120.368347,182.298004,0,600,58,3,"e00fce68d6b773b56ce8baa0",2026-08-13 23:20:02.205,2026-08-13 23:20:02.398,2026-08-13 23:20:02.398,2026-08-13
"1423","SCDfEwSOhw","MOOSPMv3Parser",1786663200,4,4,3,6,6,4,4,6,6,4,871,236,110268,35,26,2,26,26,32,25,26,0,34,37,32,29,32.731,29,1,36.523426,-119.278732,87.884003,3,600,58,3,"e00fce68f12da1a0c5de6248",2026-08-13 23:20:02.749,2026-08-13 23:20:02.914,2026-08-13 23:20:02.914,2026-08-13
"1424","qnS5SLWzjC","MOOSPMv3Parser",1786663200,0,0,1,0,0,1,1,0,0,1,171,85,4720,9,8,1,8,8,31,25,8,0,32,35,25,23,34.753,57,1,36.138992,-120.36837,170.697006,0,599,58,3,"e00fce686dc2ef0a68fa40b0",2026-08-13 23:20:02.834,2026-08-13 23:20:03.014,2026-08-13 23:20:03.014,2026-08-13
"1425","0xsiJLAJyx","MOOSPMv3Parser",1786663201,0,0,2,1,1,2,2,1,1,2,380,103,66696,17,13,2,13,13,35,11,13,0,36,41,22,20,33.243,30,3277,2e-06,-0.004268,24191.423828,8,600,58,3,"e00fce68e28dcbc9a589be10",2026-08-13 23:20:03.121,2026-08-13 23:20:03.341,2026-08-13 23:20:03.341,2026-08-13
"1426","vVCEfHkQJF","MOOSPMv3Parser",1786663201,5,5,3,7,7,3,3,7,7,3,1568,285,6538,40,20,2,20,20,33,17,20,0,34,38,26,27,44.737,39,1,36.503311,-120.325371,64.350998,8,601,58,3,"e00fce68e77e43df92405fdb",2026-08-13 23:20:03.495,2026-08-13 23:20:03.67,2026-08-13 23:20:03.67,2026-08-13
"1427","Fx0kAyDcDn","MOOSPMv3Parser",1786663200,1,1,0,2,2,0,0,3,3,0,632,141,0,25,0,2,0,0,34,11,0,2,35,38,24,23,30.989,15,1,36.187584,-119.822189,25.833,10,600,58,3,"e00fce68e739ecbcf9e91965",2026-08-13 23:20:03.688,2026-08-13 23:20:03.868,2026-08-13 23:20:03.868,2026-08-13
"1428","X71b427qBt","MOOSPMv3Parser",1786663201,3,3,3,5,5,4,4,6,6,4,1437,247,111107,37,25,3,25,26,35,17,26,0,35,39,27,26,38.941,45,1,36.762791,-119.798843,66.166,11,600,58,3,"e00fce68e88237db75a60608",2026-08-13 23:20:03.965,2026-08-13 23:20:04.114,2026-08-13 23:20:04.114,2026-08-13
"1429","QhbrqX2iz9","MOOSPMv3Parser",1786663201,1,1,1,1,1,2,2,2,2,2,303,91,15045,16,11,1,11,11,0,0,11,1,36,39,23,23,24.272,91,3,36.433727,-119.92318,47.148998,5,600,58,3,"e00fce6876826e255108c6bd",2026-08-13 23:20:05.5,2026-08-13 23:20:05.667,2026-08-13 23:20:05.667,2026-08-13
"1430","DELt5YHr7B","MOOSPMv3Parser",1786663200,1,1,1,2,2,1,1,2,2,1,442,96,48678,15,11,1,11,11,30,14,11,0,35,34,21,25,512.664,70,1,36.139072,-120.368439,188.022003,7,600,58,3,"e00fce6850cac69f647dc199",2026-08-13 23:20:08.647,2026-08-13 23:20:08.825,2026-08-13 23:20:08.825,2026-08-13
"1431","xG37DFSTZx","MOOSPMv3Parser",1786663800,0,0,1,0,0,1,1,0,0,1,170,87,4718,10,8,1,8,8,31,25,8,0,32,35,26,24,35.245,47,1,36.138988,-120.368393,165.365005,8,600,58,3,"e00fce686dc2ef0a68fa40b0",2026-08-13 23:30:01.94,2026-08-13 23:30:02.143,2026-08-13 23:30:02.143,2026-08-13
"1432","wqKOlBOOmY","MOOSPMv3Parser",1786663800,5,5,3,7,7,3,3,7,7,3,1034,277,66932,44,25,2,25,25,32,21,25,0,34,36,33,31,30.719,27,2,35.949547,-119.049927,116.222,8,600,58,3,"e00fce6808784ceaf209f949",2026-08-13 23:30:02.024,2026-08-13 23:30:02.244,2026-08-13 23:30:02.244,2026-08-13
"1433","3vEy3zDr2H","MOOSPMv3Parser",1786663801,0,0,1,0,0,1,1,0,0,1,197,117,43940,16,11,1,11,11,32,24,11,0,32,35,26,25,24.823,49,1,36.139137,-120.368492,179.942993,8,600,58,3,"e00fce68d6b773b56ce8baa0",2026-08-13 23:30:02.28,2026-08-13 23:30:02.492,2026-08-13 23:30:02.492,2026-08-13
"1434","FxIXjkmYG3","MOOSPMv3Parser",1786663801,1,1,2,2,2,2,2,2,2,2,427,118,66708,16,13,1,13,13,35,11,13,1,36,40,21,20,32.06,31,3277,2e-06,-0.004268,24191.423828,8,600,58,3,"e00fce68e28dcbc9a589be10",2026-08-13 23:30:03.222,2026-08-13 23:30:03.383,2026-08-13 23:30:03.383,2026-08-13
"1435","1qbcMOscAQ","MOOSPMv3Parser",1786663801,6,6,3,7,7,3,3,8,8,3,1713,324,6568,41,22,1,22,22,33,17,22,0,34,38,27,26,44.959,49,1,36.503143,-120.325356,50.215,7,600,58,3,"e00fce68e77e43df92405fdb",2026-08-13 23:30:03.528,2026-08-13 23:30:03.724,2026-08-13 23:30:03.724,2026-08-13
"1436","vStZDZsgwX","MOOSPMv3Parser",1786663800,1,1,0,3,3,0,0,3,3,0,707,159,0,30,0,2,0,0,33,11,0,2,35,38,23,23,31.154,13,1,36.187584,-119.822197,33.596001,8,600,58,3,"e00fce68e739ecbcf9e91965",2026-08-13 23:30:03.688,2026-08-13 23:30:03.876,2026-08-13 23:30:03.876,2026-08-13
"1437","l7ImAxQCjn","MOOSPMv3Parser",1786663801,4,4,3,5,5,4,4,5,5,4,1396,235,111129,34,26,2,26,26,34,17,26,0,35,39,28,26,37.951,45,1,36.762741,-119.79882,63.910999,10,600,58,3,"e00fce68e88237db75a60608",2026-08-13 23:30:04.504,2026-08-13 23:30:04.708,2026-08-13 23:30:04.708,2026-08-13
"1438","QdVYAOPmKG","MOOSPMv3Parser",1786663800,1,1,1,2,2,2,2,2,2,2,439,99,48688,15,11,1,11,11,30,14,11,0,35,34,22,26,512.688,57,1,36.139107,-120.368362,181.108994,7,600,58,3,"e00fce6850cac69f647dc199",2026-08-13 23:30:05.073,2026-08-13 23:30:05.205,2026-08-13 23:30:05.205,2026-08-13
"1439","r3RGEZlx3O","MOOSPMv3Parser",1786663801,1,1,1,1,1,2,2,2,2,2,303,92,15054,15,11,2,11,11,0,0,11,1,36,38,22,22,24.083,91,3,36.433735,-119.923248,19.705,5,600,58,3,"e00fce6876826e255108c6bd",2026-08-13 23:30:05.708,2026-08-13 23:30:05.878,2026-08-13 23:30:05.878,2026-08-13
"1440","9xNrSACfHR","MOOSPMv3Parser",1786663800,4,4,3,5,5,3,3,6,6,3,863,238,110291,32,26,1,26,26,32,25,26,0,34,37,32,30,32.27,30,1,36.523376,-119.278839,81.027,6,600,58,3,"e00fce68f12da1a0c5de6248",2026-08-13 23:30:06.951,2026-08-13 23:30:07.104,2026-08-13 23:30:07.104,2026-08-13
"1441","10k8dFqe4T","MOOSPMv3Parser",1786664400,5,5,3,7,7,3,3,7,7,3,1039,280,66951,43,22,2,22,22,32,21,22,0,34,36,32,31,30.559,26,2,35.949532,-119.050026,117.510002,8,600,58,3,"e00fce6808784ceaf209f949",2026-08-13 23:40:01.95,2026-08-13 23:40:02.162,2026-08-13 23:40:02.162,2026-08-13
"1442","LRplkdjfN8","MOOSPMv3Parser",1786664400,0,0,1,0,0,1,1,0,0,1,170,84,4723,10,5,1,5,5,31,25,5,0,32,34,25,24,34.798,42,1,36.139008,-120.368393,181.766998,9,600,58,3,"e00fce686dc2ef0a68fa40b0",2026-08-13 23:40:02.26,2026-08-13 23:40:02.419,2026-08-13 23:40:02.419,2026-08-13
"1443","k8vDNhlWb8","MOOSPMv3Parser",1786664401,0,0,1,0,0,1,1,0,0,1,193,114,43949,15,11,1,11,11,32,24,11,0,32,35,26,25,24.957,40,1,36.138973,-120.368408,166.779007,5,600,58,3,"e00fce68d6b773b56ce8baa0",2026-08-13 23:40:02.252,2026-08-13 23:40:02.426,2026-08-13 23:40:02.426,2026-08-13
"1444","AInx7uOD1z","MOOSPMv3Parser",1786664401,0,0,0,0,0,1,1,0,0,1,251,95,2833770,16,4,1,4,4,31,25,4,0,32,34,25,24,34.031,40,1,36.139008,-120.368393,181.766998,9,1,58,3,"e00fce686dc2ef0a68fa40b0",2026-08-13 23:40:02.565,2026-08-13 23:40:02.749,2026-08-13 23:40:02.749,2026-08-13
"1445","RdHDFYY6Wa","MOOSPMv3Parser",1786664401,1,1,2,2,2,2,2,2,2,2,400,109,66718,16,12,1,13,13,34,10,13,1,35,40,21,19,33.911,18,3277,2e-06,-0.004268,24191.423828,8,600,58,3,"e00fce68e28dcbc9a589be10",2026-08-13 23:40:03.073,2026-08-13 23:40:03.251,2026-08-13 23:40:03.251,2026-08-13
"1446","6GBwOf79pV","MOOSPMv3Parser",1786664401,5,5,3,7,7,3,3,8,8,3,1645,309,6586,44,21,2,21,21,33,17,21,0,34,37,27,27,44.831,34,1,36.503155,-120.325363,52.144001,7,600,58,3,"e00fce68e77e43df92405fdb",2026-08-13 23:40:03.574,2026-08-13 23:40:03.774,2026-08-13 23:40:03.774,2026-08-13
"1447","ln2MaR98WH","MOOSPMv3Parser",1786664400,1,1,0,3,3,0,0,3,3,0,629,142,0,26,0,3,0,0,33,11,0,2,35,38,24,23,31.285,12,1,36.187534,-119.822014,43.049999,8,600,58,3,"e00fce68e739ecbcf9e91965",2026-08-13 23:40:03.83,2026-08-13 23:40:03.988,2026-08-13 23:40:03.988,2026-08-13
"1448","0cYxeP1mHE","MOOSPMv3Parser",1786664401,4,4,3,5,5,4,4,6,6,4,1344,229,111151,34,25,2,26,26,34,18,26,0,35,39,28,26,38.567,38,1,36.762714,-119.798813,68.962997,9,600,58,3,"e00fce68e88237db75a60608",2026-08-13 23:40:04.129,2026-08-13 23:40:04.297,2026-08-13 23:40:04.297,2026-08-13
"1449","M3GloGojRT","MOOSPMv3Parser",1786664400,1,1,1,2,2,1,1,2,2,1,419,94,48697,13,10,1,10,10,30,14,10,0,35,33,21,26,512.81,49,1,36.138893,-120.368515,185.106003,6,600,58,3,"e00fce6850cac69f647dc199",2026-08-13 23:40:05.378,2026-08-13 23:40:05.543,2026-08-13 23:40:05.543,2026-08-13
"1450","x3PDQgnazR","MOOSPMv3Parser",1786664401,0,0,1,1,1,2,2,2,2,2,283,85,15063,14,11,2,11,11,0,0,11,1,36,38,22,22,24.014,91,3,36.433834,-119.92337,43.726002,5,600,58,3,"e00fce6876826e255108c6bd",2026-08-13 23:40:05.622,2026-08-13 23:40:05.822,2026-08-13 23:40:05.822,2026-08-13
"1451","CMzeY8y5Jy","MOOSPMv3Parser",1786664400,4,4,3,5,5,3,3,5,5,3,866,234,110312,32,24,1,24,24,32,26,24,0,34,37,32,31,31.013,33,1,36.523376,-119.278839,81.030998,0,600,58,3,"e00fce68f12da1a0c5de6248",2026-08-13 23:40:18.838,2026-08-13 23:40:18.985,2026-08-13 23:40:18.985,2026-08-13
"1452","H0m7G6adum","MOOSPMv3Parser",1786665000,4,4,3,6,6,3,3,6,6,3,937,253,66971,41,23,2,23,23,32,22,23,0,34,36,33,32,29.994,26,2,35.949558,-119.049896,113.696999,7,600,58,3,"e00fce6808784ceaf209f949",2026-08-13 23:50:02.109,2026-08-13 23:50:02.301,2026-08-13 23:50:02.301,2026-08-13
"1453","sEUcKvGptF","MOOSPMv3Parser",1786665000,0,0,1,0,0,1,1,0,0,1,161,81,4736,10,6,1,6,6,30,25,6,0,32,34,25,24,35.362,35,1,36.138977,-120.368385,172.789993,9,599,58,3,"e00fce686dc2ef0a68fa40b0",2026-08-13 23:50:02.496,2026-08-13 23:50:02.681,2026-08-13 23:50:02.681,2026-08-13
"1454","Ggsez95k63","MOOSPMv3Parser",1786665001,0,0,1,0,0,1,1,0,0,1,190,113,43958,14,10,1,10,10,31,24,10,0,31,34,25,25,25.574,31,1,36.139069,-120.368401,184.718002,6,600,58,3,"e00fce68d6b773b56ce8baa0",2026-08-13 23:50:02.553,2026-08-13 23:50:02.743,2026-08-13 23:50:02.743,2026-08-13
"1455","flPWOepoAi","MOOSPMv3Parser",1786665001,1,1,2,2,2,2,2,2,2,2,392,107,66730,17,14,1,14,14,34,10,14,1,35,40,21,19,34.06,10,3277,2e-06,-0.004268,24191.423828,8,600,58,3,"e00fce68e28dcbc9a589be10",2026-08-13 23:50:03.124,2026-08-13 23:50:03.314,2026-08-13 23:50:03.314,2026-08-13
"1456","oN01ZQWfrA","MOOSPMv3Parser",1786665000,3,3,3,5,5,3,3,5,5,3,786,215,110517,30,24,1,24,24,32,27,24,0,34,36,32,31,30.527,39,1,36.523411,-119.278793,91.150002,8,599,58,3,"e00fce68f12da1a0c5de6248",2026-08-13 23:50:03.236,2026-08-13 23:50:03.421,2026-08-13 23:50:03.421,2026-08-13
"1457","DlMgylzyBd","MOOSPMv3Parser",1786665001,5,5,3,8,8,3,3,8,8,3,1676,319,6604,45,21,2,21,21,32,17,21,0,34,37,26,27,46.169,25,1,36.503098,-120.325371,64.782997,7,600,58,3,"e00fce68e77e43df92405fdb",2026-08-13 23:50:03.411,2026-08-13 23:50:03.594,2026-08-13 23:50:03.594,2026-08-13
"1458","UdHf04AM3o","MOOSPMv3Parser",1786665000,1,1,0,3,3,0,0,3,3,0,669,153,0,27,0,3,0,0,33,11,0,2,34,37,24,23,30.687,11,1,36.187561,-119.822151,28.146,7,600,58,3,"e00fce68e739ecbcf9e91965",2026-08-13 23:50:03.685,2026-08-13 23:50:03.885,2026-08-13 23:50:03.885,2026-08-13
"1459","bkNdAmnLGZ","MOOSPMv3Parser",1786665001,4,4,3,6,6,4,4,6,6,4,1382,241,111174,41,26,2,26,26,34,18,26,0,35,39,28,26,39.768,35,1,36.762714,-119.798813,68.958,0,600,58,3,"e00fce68e88237db75a60608",2026-08-13 23:50:03.901,2026-08-13 23:50:04.07,2026-08-13 23:50:04.07,2026-08-13
"1460","Crhs109x21","MOOSPMv3Parser",1786665000,1,1,1,2,2,1,1,2,2,1,405,93,48705,13,10,1,10,10,29,14,10,0,35,33,21,26,512.821,40,1,36.139046,-120.368279,189.238998,5,600,58,3,"e00fce6850cac69f647dc199",2026-08-13 23:50:04.347,2026-08-13 23:50:04.574,2026-08-13 23:50:04.574,2026-08-13
"1461","taIvVQo4Go","MOOSPMv3Parser",1786665001,1,1,2,1,1,2,2,2,2,2,312,92,15072,15,12,1,12,12,0,0,12,1,35,38,21,22,24.417,91,3,36.433739,-119.923172,64.709,5,600,58,3,"e00fce6876826e255108c6bd",2026-08-13 23:50:05.536,2026-08-13 23:50:05.748,2026-08-13 23:50:05.748,2026-08-13
