"","objectId","event","unixtime","m_PM1_CF1","m_PM1_ATM","m_PM1_b","m_PM25_CF1","m_PM25_ATM","m_PM25_b","m_PM4_b","m_PM10_CF1","m_PM10_ATM","m_PM10_b","n_PM03_P","n_PM05_P","n_PM05_b","n_PM1_P","n_PM1_b","n_PM25_P","n_PM25_b","n_PM4_b","tempC_pms","rh_pms","n_PM10_b","typ_size_b","temp_C","tempC_sen5x","rh","rh_sen5x","o3","vocIdx","noxIdx","lat","lon","alt","sats","counter","moos","ver","coreid","published_at","createdAt","updatedAt","date"
"1","OGhf3WGxO9","MOOSPMv3Parser",1790726400,4,4,2,5,5,3,3,6,6,3,901,237,304182,32,18,2,19,19,27,19,19,1,29,30,29,29,34.905,14,2,35.949528,-119.050018,117.028,0,599,58,3,"e00fce6808784ceaf209f949",2026-09-30 00:00:02.2,2026-09-30 00:00:02.503,2026-09-30 00:00:02.503,2026-09-30
"2","y0pXepZw6t","MOOSPMv3Parser",1790726401,0,0,2,0,0,2,3,0,0,3,213,121,69672,16,13,2,13,13,30,25,13,1,31,34,25,23,35.602,34,1,36.198875,-120.1045,69.014,9,599,58,3,"e00fce686dc2ef0a68fa40b0",2026-09-30 00:00:02.75,2026-09-30 00:00:02.993,2026-09-30 00:00:02.993,2026-09-30
"3","UAewxQFFQV","MOOSPMv3Parser",1790726400,1,1,0,2,2,0,0,2,2,0,1102,119,95522,11,0,1,0,0,29,14,0,0,32,32,23,25,51.358,22,1,36.50309,-120.325378,49.331001,9,600,58,3,"e00fce68e77e43df92405fdb",2026-09-30 00:00:02.911,2026-09-30 00:00:03.161,2026-09-30 00:00:03.161,2026-09-30
"4","SDOWPMw3ls","MOOSPMv3Parser",1790726400,1,1,0,2,2,0,0,2,2,0,565,155,219311,19,0,2,0,0,32,11,0,0,33,36,23,21,44.301,24,3277,1e-06,0.002349,16274.161133,12,600,58,3,"e00fce68e28dcbc9a589be10",2026-09-30 00:00:03.054,2026-09-30 00:00:03.297,2026-09-30 00:00:03.297,2026-09-30
"5","SrL9NaTs79","MOOSPMv3Parser",1790726401,0,0,3,1,1,3,3,2,2,4,306,209,165552,29,21,3,21,21,33,22,21,1,32,36,24,23,30.423,24,1,35.963097,-119.291817,46.321999,8,600,58,3,"e00fce68d6b773b56ce8baa0",2026-09-30 00:00:02.963,2026-09-30 00:00:03.607,2026-09-30 00:00:03.607,2026-09-30
"6","PM22sudB5C","MOOSPMv3Parser",1790726401,3,3,3,4,4,3,3,5,5,3,1282,216,203903,24,20,1,20,20,30,14,20,0,32,34,23,23,34.819,25,1,35.775059,-119.238541,64.417,0,600,58,3,"e00fce68e88237db75a60608",2026-09-30 00:00:03.634,2026-09-30 00:00:03.89,2026-09-30 00:00:03.89,2026-09-30
"7","ErK5crXg9f","MOOSPMv3Parser",1790726400,3,3,0,6,6,0,0,6,6,0,1150,248,0,41,0,4,0,0,30,14,0,2,31,34,26,26,37.403,13,57,36.187489,-119.822075,31.200001,12,600,58,3,"e00fce68e739ecbcf9e91965",2026-09-30 00:00:04.005,2026-09-30 00:00:04.233,2026-09-30 00:00:04.233,2026-09-30
"8","vtwC5jTV2b","MOOSPMv3Parser",1790726401,4,4,3,5,5,3,4,5,5,4,867,232,189955,28,23,2,23,23,28,22,23,1,29,31,30,29,45.578,10,16,36.523319,-119.278847,82.265999,7,600,58,3,"e00fce68f12da1a0c5de6248",2026-09-30 00:00:04.13,2026-09-30 00:00:04.344,2026-09-30 00:00:04.344,2026-09-30
"9","Ji835fa9CP","MOOSPMv3Parser",1790726400,1,1,1,1,1,1,2,1,1,2,397,81,341247,11,9,1,9,9,32,6,9,1,39,36,13,18,512.59,60,1,36.138935,-120.368355,174.319,8,600,58,3,"e00fce6850cac69f647dc199",2026-09-30 00:00:04.113,2026-09-30 00:00:04.425,2026-09-30 00:00:04.425,2026-09-30
"10","M7ok9D51cs","MOOSPMv3Parser",1790726401,3,3,3,4,4,5,7,6,6,7,656,197,242835,33,24,4,26,26,0,0,26,1,30,32,30,30,28.241,66,13,36.433632,-119.923393,27.396,11,600,58,3,"e00fce6876826e255108c6bd",2026-09-30 00:00:05.505,2026-09-30 00:00:05.69,2026-09-30 00:00:05.69,2026-09-30
"11","ZMfDpmKvIX","MOOSPMv3Parser",1790727000,4,4,2,5,5,3,3,5,5,3,908,238,303691,33,19,2,19,19,27,19,19,1,29,30,28,29,34.257,14,3,35.949451,-119.04995,108.134003,9,600,58,3,"e00fce6808784ceaf209f949",2026-09-30 00:10:02.169,2026-09-30 00:10:02.37,2026-09-30 00:10:02.37,2026-09-30
"12","TEbKId9Rv0","MOOSPMv3Parser",1790727001,0,0,4,3,3,5,6,3,3,6,342,239,165575,39,29,6,30,30,32,22,30,1,32,36,23,22,29.204,30,1,35.963154,-119.291618,72.363998,5,600,58,3,"e00fce68d6b773b56ce8baa0",2026-09-30 00:10:02.561,2026-09-30 00:10:02.749,2026-09-30 00:10:02.749,2026-09-30
"13","AGhVgPCQbX","MOOSPMv3Parser",1790727000,1,1,0,2,2,0,0,2,2,0,1049,120,95522,11,0,1,0,0,29,13,0,0,32,32,21,24,51.777,20,1,36.50309,-120.325378,49.333,0,600,58,3,"e00fce68e77e43df92405fdb",2026-09-30 00:10:03.021,2026-09-30 00:10:03.229,2026-09-30 00:10:03.229,2026-09-30
"14","zs5ljpTkNJ","MOOSPMv3Parser",1790727000,2,2,0,3,3,0,0,3,3,0,618,167,219311,23,0,1,0,0,31,12,0,0,32,36,24,22,45.941,18,3277,1e-06,0.002349,16274.161133,12,600,58,3,"e00fce68e28dcbc9a589be10",2026-09-30 00:10:03.158,2026-09-30 00:10:03.404,2026-09-30 00:10:03.404,2026-09-30
"15","y4MXGmv6sU","MOOSPMv3Parser",1790727001,0,0,2,0,0,2,2,0,0,3,207,114,69681,13,12,2,13,13,30,25,13,1,31,33,25,24,35.627,28,1,36.198826,-120.104431,69.010002,12,599,58,3,"e00fce686dc2ef0a68fa40b0",2026-09-30 00:10:03.28,2026-09-30 00:10:03.463,2026-09-30 00:10:03.463,2026-09-30
"16","Gt9LOKOfAM","MOOSPMv3Parser",1790727000,3,3,0,5,5,0,0,6,6,0,1111,246,0,40,0,5,0,0,30,14,0,2,31,34,27,26,37.375,13,58,36.187489,-119.82209,26.351,12,600,58,3,"e00fce68e739ecbcf9e91965",2026-09-30 00:10:03.846,2026-09-30 00:10:04.054,2026-09-30 00:10:04.054,2026-09-30
"17","rBQVBY4HVE","MOOSPMv3Parser",1790727001,3,3,2,5,5,3,3,5,5,3,1280,215,203919,26,19,2,19,19,30,15,19,0,32,34,24,24,35.677,31,1,35.775066,-119.238525,68.685997,15,600,58,3,"e00fce68e88237db75a60608",2026-09-30 00:10:03.865,2026-09-30 00:10:04.117,2026-09-30 00:10:04.117,2026-09-30
"18","ccOO00nZcA","MOOSPMv3Parser",1790727000,1,1,1,1,1,2,2,1,1,3,384,74,341253,9,9,1,10,10,32,6,10,1,37,36,15,19,512.454,54,1,36.138992,-120.368286,181.791,7,600,58,3,"e00fce6850cac69f647dc199",2026-09-30 00:10:04.22,2026-09-30 00:10:04.413,2026-09-30 00:10:04.413,2026-09-30
"19","61C5o2gvlH","MOOSPMv3Parser",1790727001,4,4,3,5,5,4,4,5,5,4,863,231,189976,28,24,1,25,25,27,23,25,1,29,31,31,30,45.218,9,18,36.523232,-119.278854,72.380997,7,600,58,3,"e00fce68f12da1a0c5de6248",2026-09-30 00:10:04.375,2026-09-30 00:10:04.577,2026-09-30 00:10:04.577,2026-09-30
"20","zRBHBP6Rma","MOOSPMv3Parser",1790727001,3,3,3,4,4,5,6,6,6,7,652,197,242851,33,24,4,26,26,0,0,26,1,30,31,30,31,28.122,66,15,36.433575,-119.923386,26.052,7,600,58,3,"e00fce6876826e255108c6bd",2026-09-30 00:10:05.499,2026-09-30 00:10:05.682,2026-09-30 00:10:05.682,2026-09-30
"21","tUSjllaEnZ","MOOSPMv3Parser",1790727601,0,0,2,0,0,2,2,0,0,2,211,122,69691,15,12,2,12,13,29,26,13,1,31,33,26,25,34.589,24,1,36.19883,-120.104469,76.044998,10,599,58,3,"e00fce686dc2ef0a68fa40b0",2026-09-30 00:20:02.194,2026-09-30 00:20:02.43,2026-09-30 00:20:02.43,2026-09-30
"22","Sdxey3JSdR","MOOSPMv3Parser",1790727600,4,4,2,6,6,3,3,6,6,3,954,252,303707,36,19,3,19,19,27,19,19,1,29,30,28,29,32.453,20,3,35.949543,-119.049957,127.268997,7,600,58,3,"e00fce6808784ceaf209f949",2026-09-30 00:20:02.225,2026-09-30 00:20:02.453,2026-09-30 00:20:02.453,2026-09-30
"23","HRJ6PkOUeN","MOOSPMv3Parser",1790727601,0,0,3,2,2,3,3,2,2,3,328,222,165592,32,21,3,22,22,32,22,22,1,33,36,23,23,29.61,26,1,35.963131,-119.291641,59.500999,5,600,58,3,"e00fce68d6b773b56ce8baa0",2026-09-30 00:20:02.887,2026-09-30 00:20:03.122,2026-09-30 00:20:03.122,2026-09-30
"24","GABMEPr1xK","MOOSPMv3Parser",1790727600,1,1,0,2,2,0,0,2,2,0,1071,119,95522,11,0,1,0,0,29,14,0,0,31,32,22,25,52.542,16,1,36.503162,-120.325256,74.194,5,600,58,3,"e00fce68e77e43df92405fdb",2026-09-30 00:20:02.953,2026-09-30 00:20:03.15,2026-09-30 00:20:03.15,2026-09-30
"25","IZ2ylzdIwm","MOOSPMv3Parser",1790727600,2,2,0,2,2,0,0,3,3,0,590,163,219311,22,0,1,0,0,31,12,0,0,32,35,23,23,46.062,11,3277,1e-06,0.002349,16274.161133,12,600,58,3,"e00fce68e28dcbc9a589be10",2026-09-30 00:20:03.08,2026-09-30 00:20:03.253,2026-09-30 00:20:03.253,2026-09-30
"26","MLm7SNDdc5","MOOSPMv3Parser",1790727601,3,3,2,4,4,3,3,5,5,3,1267,212,203935,26,18,2,18,18,30,15,18,1,32,34,24,25,38.39,31,1,35.775066,-119.23851,66.099998,10,600,58,3,"e00fce68e88237db75a60608",2026-09-30 00:20:03.811,2026-09-30 00:20:03.989,2026-09-30 00:20:03.989,2026-09-30
"27","dffRBSGhiO","MOOSPMv3Parser",1790727600,3,3,0,5,5,0,0,6,6,0,1070,232,0,36,0,5,0,0,30,14,0,2,31,33,26,26,37.445,13,62,36.187489,-119.82209,26.351999,0,600,58,3,"e00fce68e739ecbcf9e91965",2026-09-30 00:20:03.872,2026-09-30 00:20:04.107,2026-09-30 00:20:04.107,2026-09-30
"28","6uR0YlpaG9","MOOSPMv3Parser",1790727600,0,0,1,1,1,2,3,1,1,3,378,71,341257,11,10,1,10,11,31,6,11,1,36,35,16,19,512.452,48,1,36.138901,-120.36834,172.132004,6,600,58,3,"e00fce6850cac69f647dc199",2026-09-30 00:20:04.039,2026-09-30 00:20:04.259,2026-09-30 00:20:04.259,2026-09-30
"29","jcBSse5YPW","MOOSPMv3Parser",1790727601,4,4,3,5,5,4,4,5,5,4,866,231,189997,27,24,2,25,25,27,23,25,1,29,31,30,29,43.973,23,19,36.523392,-119.278801,78.068001,8,600,58,3,"e00fce68f12da1a0c5de6248",2026-09-30 00:20:04.07,2026-09-30 00:20:04.314,2026-09-30 00:20:04.314,2026-09-30
"30","dyPIsBVkJG","MOOSPMv3Parser",1790727601,3,3,3,5,5,5,6,6,6,7,665,201,242867,36,23,5,25,25,0,0,25,1,30,31,30,31,27.728,66,16,36.433628,-119.923424,27.177999,12,600,58,3,"e00fce6876826e255108c6bd",2026-09-30 00:20:05.33,2026-09-30 00:20:05.487,2026-09-30 00:20:05.487,2026-09-30
"31","WzBokAmuA2","MOOSPMv3Parser",1790728200,4,4,2,5,5,3,3,6,6,3,932,242,303723,32,19,2,20,20,27,19,20,1,29,30,29,29,33.379,19,2,35.949394,-119.049889,98.470001,9,600,58,3,"e00fce6808784ceaf209f949",2026-09-30 00:30:02.176,2026-09-30 00:30:02.346,2026-09-30 00:30:02.346,2026-09-30
"32","FPWnj2dT5P","MOOSPMv3Parser",1790728201,0,0,2,0,0,2,2,0,0,3,229,131,69701,16,13,2,13,13,29,27,13,1,30,33,28,26,35.055,25,1,36.198799,-120.104431,68.139,8,599,58,3,"e00fce686dc2ef0a68fa40b0",2026-09-30 00:30:02.437,2026-09-30 00:30:02.635,2026-09-30 00:30:02.635,2026-09-30
"33","VL5O1SuIkf","MOOSPMv3Parser",1790728201,0,0,3,2,2,3,3,2,2,3,330,226,165608,32,22,3,22,22,32,22,22,1,32,35,24,23,29.951,25,1,35.963055,-119.291679,59.310001,5,600,58,3,"e00fce68d6b773b56ce8baa0",2026-09-30 00:30:02.498,2026-09-30 00:30:02.782,2026-09-30 00:30:02.782,2026-09-30
"34","1NOH3Zk0kC","MOOSPMv3Parser",1790728200,2,2,0,3,3,0,0,3,3,0,1205,158,95522,15,0,1,0,0,28,15,0,0,31,32,23,26,52.826,17,1,36.503075,-120.325386,55.469002,6,600,58,3,"e00fce68e77e43df92405fdb",2026-09-30 00:30:02.751,2026-09-30 00:30:02.914,2026-09-30 00:30:02.914,2026-09-30
"35","S7PGHZhP2a","MOOSPMv3Parser",1790728200,2,2,0,3,3,0,0,3,3,0,615,169,219311,23,0,1,0,0,31,13,0,0,32,35,25,24,47.205,9,3277,1e-06,0.002349,16274.161133,12,600,58,3,"e00fce68e28dcbc9a589be10",2026-09-30 00:30:03.067,2026-09-30 00:30:03.306,2026-09-30 00:30:03.306,2026-09-30
"36","3zi59Nvnmm","MOOSPMv3Parser",1790728201,3,3,3,5,5,3,3,5,5,3,1282,220,203951,28,20,2,20,20,30,14,20,0,32,33,23,24,37.23,33,1,35.77504,-119.238457,61.209999,7,600,58,3,"e00fce68e88237db75a60608",2026-09-30 00:30:03.644,2026-09-30 00:30:03.852,2026-09-30 00:30:03.852,2026-09-30
"37","FmDW0c4a5o","MOOSPMv3Parser",1790728200,3,3,0,6,6,0,0,7,7,0,1131,255,0,43,0,6,0,0,29,14,0,2,31,33,27,27,37.503,13,64,36.187538,-119.822075,33.182999,11,600,58,3,"e00fce68e739ecbcf9e91965",2026-09-30 00:30:03.989,2026-09-30 00:30:04.138,2026-09-30 00:30:04.138,2026-09-30
"38","DcIbi0BWBF","MOOSPMv3Parser",1790728200,0,0,1,1,1,2,2,1,1,3,333,66,341258,10,8,0,9,9,30,7,9,1,36,34,16,19,512.504,50,1,36.138775,-120.36824,201.059998,6,600,58,3,"e00fce6850cac69f647dc199",2026-09-30 00:30:04.094,2026-09-30 00:30:04.287,2026-09-30 00:30:04.287,2026-09-30
"39","ERen64qcQ1","MOOSPMv3Parser",1790728201,4,4,3,5,5,4,4,5,5,4,858,227,190017,28,24,2,25,25,27,24,25,1,28,30,30,30,44.417,16,20,36.523392,-119.278801,78.067001,0,600,58,3,"e00fce68f12da1a0c5de6248",2026-09-30 00:30:04.203,2026-09-30 00:30:04.399,2026-09-30 00:30:04.399,2026-09-30
"40","seTqGraRAc","MOOSPMv3Parser",1790728201,3,3,3,5,5,5,7,7,7,8,691,209,242884,38,24,5,26,26,0,0,26,1,30,31,29,31,27.854,66,16,36.433754,-119.923378,30.774,8,600,58,3,"e00fce6876826e255108c6bd",2026-09-30 00:30:05.333,2026-09-30 00:30:05.494,2026-09-30 00:30:05.494,2026-09-30
"41","G2fpbBwipy","MOOSPMv3Parser",1790728800,4,4,2,6,6,3,3,6,6,3,973,252,303739,33,19,2,19,19,27,20,19,1,29,30,30,30,33.26,20,2,35.949593,-119.049957,122.769997,8,600,58,3,"e00fce6808784ceaf209f949",2026-09-30 00:40:02.183,2026-09-30 00:40:02.377,2026-09-30 00:40:02.377,2026-09-30
"42","KcKcw7SApp","MOOSPMv3Parser",1790728801,0,0,2,0,0,2,3,0,0,3,231,136,69712,18,14,2,14,14,29,27,14,1,30,32,28,26,35.376,23,1,36.198788,-120.104408,58.549999,6,599,58,3,"e00fce686dc2ef0a68fa40b0",2026-09-30 00:40:02.815,2026-09-30 00:40:03.009,2026-09-30 00:40:03.009,2026-09-30
"43","jFtJvqC4Fe","MOOSPMv3Parser",1790728801,0,0,3,2,2,3,3,2,2,3,337,234,165626,31,22,4,23,23,32,22,23,0,32,35,23,22,29.517,27,1,35.963165,-119.291809,43.567001,12,600,58,3,"e00fce68d6b773b56ce8baa0",2026-09-30 00:40:02.959,2026-09-30 00:40:03.126,2026-09-30 00:40:03.126,2026-09-30
"44","7jELxDDgR0","MOOSPMv3Parser",1790728800,2,2,0,3,3,0,0,3,3,0,1193,150,95522,15,0,1,0,0,28,14,0,0,31,32,24,26,53.649,20,1,36.503105,-120.32534,70.355003,6,600,58,3,"e00fce68e77e43df92405fdb",2026-09-30 00:40:03.008,2026-09-30 00:40:03.178,2026-09-30 00:40:03.178,2026-09-30
"45","BiF4oRUlTu","MOOSPMv3Parser",1790728800,3,3,0,4,4,0,0,4,4,0,654,179,219311,25,0,2,0,0,30,13,0,0,32,34,25,24,45.492,11,3277,1e-06,0.002349,16274.161133,12,600,58,3,"e00fce68e28dcbc9a589be10",2026-09-30 00:40:03.153,2026-09-30 00:40:03.337,2026-09-30 00:40:03.337,2026-09-30
"46","0u6kLG1ulr","MOOSPMv3Parser",1790728801,3,3,2,5,5,3,3,5,5,3,1261,213,203967,28,18,1,18,18,29,14,18,1,31,33,23,24,37.078,23,1,35.775082,-119.238533,74.130997,8,600,58,3,"e00fce68e88237db75a60608",2026-09-30 00:40:03.715,2026-09-30 00:40:03.906,2026-09-30 00:40:03.906,2026-09-30
"47","S0gD7DOFFg","MOOSPMv3Parser",1790728800,3,3,0,5,5,0,0,5,5,0,1051,239,0,37,0,3,0,0,29,15,0,2,30,33,27,27,37.407,15,72,36.187508,-119.822075,26.492001,9,600,58,3,"e00fce68e739ecbcf9e91965",2026-09-30 00:40:03.847,2026-09-30 00:40:04.046,2026-09-30 00:40:04.046,2026-09-30
"48","sTAbbUS7jT","MOOSPMv3Parser",1790728801,4,4,3,5,5,3,4,5,5,4,884,237,190037,30,24,1,24,24,27,25,24,1,28,30,33,31,44.348,13,21,36.523346,-119.278755,73.856003,11,600,58,3,"e00fce68f12da1a0c5de6248",2026-09-30 00:40:04.233,2026-09-30 00:40:04.373,2026-09-30 00:40:04.373,2026-09-30
"49","OW6N3OZBjA","MOOSPMv3Parser",1790728800,0,0,1,1,1,2,2,1,1,3,367,71,341259,11,8,1,8,9,30,8,9,1,35,34,17,21,512.514,42,1,36.138889,-120.368309,184.197006,8,600,58,3,"e00fce6850cac69f647dc199",2026-09-30 00:40:04.286,2026-09-30 00:40:04.473,2026-09-30 00:40:04.473,2026-09-30
"50","bHnFcfkPxR","MOOSPMv3Parser",1790728801,2,2,3,4,4,5,6,5,5,7,590,180,242900,31,21,4,23,23,0,0,23,1,30,31,30,31,28.369,67,16,36.433552,-119.923355,15.577,9,600,58,3,"e00fce6876826e255108c6bd",2026-09-30 00:40:05.397,2026-09-30 00:40:05.562,2026-09-30 00:40:05.562,2026-09-30
"51","Cxx9ZR9zHC","MOOSPMv3Parser",1790729400,4,4,3,6,6,3,3,6,6,3,969,254,303756,36,20,3,20,20,27,19,20,1,29,30,29,29,32.792,23,2,35.949528,-119.049965,114.705002,8,600,58,3,"e00fce6808784ceaf209f949",2026-09-30 00:50:02.138,2026-09-30 00:50:02.336,2026-09-30 00:50:02.336,2026-09-30
"52","c3JrjqFScs","MOOSPMv3Parser",1790729401,0,0,3,2,2,4,4,2,2,4,336,236,165647,36,26,4,26,26,32,22,26,1,32,35,24,23,29.76,26,1,35.963108,-119.291771,36.428001,10,600,58,3,"e00fce68d6b773b56ce8baa0",2026-09-30 00:50:02.497,2026-09-30 00:50:02.718,2026-09-30 00:50:02.718,2026-09-30
"53","JTUIPISCEy","MOOSPMv3Parser",1790729400,3,3,0,4,4,0,0,4,4,0,690,190,219311,26,0,2,0,0,30,14,0,0,31,34,26,25,46.493,14,3277,1e-06,0.002349,16274.161133,12,600,58,3,"e00fce68e28dcbc9a589be10",2026-09-30 00:50:03.066,2026-09-30 00:50:03.221,2026-09-30 00:50:03.221,2026-09-30
"54","Ufu1A2SBTq","MOOSPMv3Parser",1790729400,2,2,1,3,3,1,1,4,4,1,1324,185,95527,19,5,1,5,5,-10,-10,5,0,31,31,27,29,53.222,27,1,36.503071,-120.325386,43.332001,5,600,58,3,"e00fce68e77e43df92405fdb",2026-09-30 00:50:03.176,2026-09-30 00:50:03.321,2026-09-30 00:50:03.321,2026-09-30
"55","PSLA2cE9uy","MOOSPMv3Parser",1790729401,0,0,2,0,0,3,3,0,0,3,232,136,69723,17,14,2,15,15,28,28,15,1,30,32,29,27,35.061,23,1,36.198891,-120.104485,81.712997,7,599,58,3,"e00fce686dc2ef0a68fa40b0",2026-09-30 00:50:03.328,2026-09-30 00:50:03.54,2026-09-30 00:50:03.54,2026-09-30
"56","rCleK9Spkl","MOOSPMv3Parser",1790729401,4,4,3,5,5,3,3,5,5,3,1306,223,203983,27,20,2,20,20,29,14,20,1,31,33,23,24,35.454,20,1,35.775055,-119.238434,50.693001,9,600,58,3,"e00fce68e88237db75a60608",2026-09-30 00:50:03.714,2026-09-30 00:50:03.928,2026-09-30 00:50:03.928,2026-09-30
"57","b0MHdc3Hc6","MOOSPMv3Parser",1790729400,3,3,0,6,6,0,0,6,6,0,1130,252,0,39,0,4,0,0,29,15,0,2,30,32,28,28,37.117,15,79,36.187458,-119.821976,21.610001,10,600,58,3,"e00fce68e739ecbcf9e91965",2026-09-30 00:50:03.777,2026-09-30 00:50:04.125,2026-09-30 00:50:04.125,2026-09-30
"58","VtKOjiTS0T","MOOSPMv3Parser",1790729401,4,4,3,5,5,3,4,5,5,4,862,234,190058,29,24,2,24,24,27,26,24,1,28,30,34,32,42.839,15,22,36.523277,-119.278763,70.037003,5,600,58,3,"e00fce68f12da1a0c5de6248",2026-09-30 00:50:03.953,2026-09-30 00:50:04.166,2026-09-30 00:50:04.166,2026-09-30
"59","07hYBCSguZ","MOOSPMv3Parser",1790729400,0,0,2,1,1,3,5,1,1,5,359,71,341264,9,12,1,14,14,29,8,14,1,34,33,17,21,512.695,39,1,36.138969,-120.368378,175.373001,7,600,58,3,"e00fce6850cac69f647dc199",2026-09-30 00:50:04.129,2026-09-30 00:50:04.284,2026-09-30 00:50:04.284,2026-09-30
"60","sIm4hUBPFD","MOOSPMv3Parser",1790729401,3,3,3,5,5,5,6,5,5,7,632,191,242916,32,23,4,24,25,0,0,25,1,29,31,30,31,28.342,67,16,36.433617,-119.923317,12.581,10,600,58,3,"e00fce6876826e255108c6bd",2026-09-30 00:50:05.408,2026-09-30 00:50:05.584,2026-09-30 00:50:05.584,2026-09-30
"61","zDPlISn37P","MOOSPMv3Parser",1790730001,0,0,2,0,0,3,3,0,0,4,239,141,69735,18,15,2,16,16,28,28,16,1,29,32,29,27,33.942,29,1,36.198826,-120.104439,74.943001,10,599,58,3,"e00fce686dc2ef0a68fa40b0",2026-09-30 01:00:02.295,2026-09-30 01:00:02.619,2026-09-30 01:00:02.619,2026-09-30
"62","pM6VQlKo4O","MOOSPMv3Parser",1790730000,4,4,3,6,6,3,3,6,6,3,959,250,303772,35,20,2,20,20,27,19,20,1,29,30,29,29,33.147,23,2,35.949558,-119.049866,127.313004,9,600,58,3,"e00fce6808784ceaf209f949",2026-09-30 01:00:02.264,2026-09-30 01:00:02.639,2026-09-30 01:00:02.639,2026-09-30
"63","tJGbz34SOE","MOOSPMv3Parser",1790730001,0,0,3,2,2,3,4,2,2,4,337,234,165666,33,23,4,23,24,31,23,24,1,31,34,24,24,28.108,31,1,35.963184,-119.291801,43.945,12,600,58,3,"e00fce68d6b773b56ce8baa0",2026-09-30 01:00:02.826,2026-09-30 01:00:03.011,2026-09-30 01:00:03.011,2026-09-30
"64","yMKZoRq2Tc","MOOSPMv3Parser",1790730000,3,3,3,4,4,3,4,4,4,4,1376,204,95546,21,23,1,24,24,28,19,24,0,30,31,27,30,53.712,46,1,36.503063,-120.325417,31.108,5,600,58,3,"e00fce68e77e43df92405fdb",2026-09-30 01:00:02.934,2026-09-30 01:00:03.148,2026-09-30 01:00:03.148,2026-09-30
"65","498fJGqAXw","MOOSPMv3Parser",1790730000,3,3,0,4,4,0,0,5,5,0,720,195,219311,29,0,2,0,0,29,15,0,0,30,33,28,26,46.441,12,3277,1e-06,0.002349,16274.161133,12,600,58,3,"e00fce68e28dcbc9a589be10",2026-09-30 01:00:03.068,2026-09-30 01:00:03.314,2026-09-30 01:00:03.314,2026-09-30
"66","gTVSBqlnHN","MOOSPMv3Parser",1790730001,4,4,2,5,5,3,3,5,5,3,1317,232,204000,29,19,2,20,20,29,16,20,0,31,32,24,25,38.279,26,1,35.775169,-119.238434,49.754002,6,600,58,3,"e00fce68e88237db75a60608",2026-09-30 01:00:03.636,2026-09-30 01:00:03.817,2026-09-30 01:00:03.817,2026-09-30
"67","CxlUbMAyD5","MOOSPMv3Parser",1790730000,3,3,0,6,6,0,0,7,7,0,1108,252,0,43,0,6,0,0,28,16,0,2,30,32,28,28,36.876,15,89,36.187531,-119.822014,34.355,12,600,58,3,"e00fce68e739ecbcf9e91965",2026-09-30 01:00:03.925,2026-09-30 01:00:04.119,2026-09-30 01:00:04.119,2026-09-30
"68","ejWEGnSBHc","MOOSPMv3Parser",1790730001,4,4,3,5,5,3,4,5,5,4,862,236,190077,29,23,1,23,23,26,26,23,1,27,30,34,32,41.779,21,22,36.523346,-119.278824,79.914001,5,600,58,3,"e00fce68f12da1a0c5de6248",2026-09-30 01:00:04.268,2026-09-30 01:00:04.479,2026-09-30 01:00:04.479,2026-09-30
"69","KCbBBHuPMK","MOOSPMv3Parser",1790730000,0,0,1,1,1,2,3,1,1,3,343,69,341264,9,6,1,7,7,29,8,7,1,33,32,18,21,512.737,31,1,36.138905,-120.368263,189.429001,9,600,58,3,"e00fce6850cac69f647dc199",2026-09-30 01:00:04.358,2026-09-30 01:00:04.546,2026-09-30 01:00:04.546,2026-09-30
"70","coNm0tkhsd","MOOSPMv3Parser",1790730001,3,3,3,4,4,5,6,5,5,7,626,189,242932,28,23,3,25,25,0,0,25,1,29,30,33,33,28.073,67,16,36.433624,-119.923347,38.388,11,600,58,3,"e00fce6876826e255108c6bd",2026-09-30 01:00:05.434,2026-09-30 01:00:05.594,2026-09-30 01:00:05.594,2026-09-30
"71","XulpNOSHvL","MOOSPMv3Parser",1790730600,4,4,2,6,6,3,3,6,6,3,932,242,303788,34,19,3,20,20,27,19,20,1,29,30,30,30,33.082,24,2,35.949581,-119.04985,132.604996,12,600,58,3,"e00fce6808784ceaf209f949",2026-09-30 01:10:02.182,2026-09-30 01:10:02.385,2026-09-30 01:10:02.385,2026-09-30
"72","FgTalT1sSD","MOOSPMv3Parser",1790730601,0,0,3,2,2,3,3,2,2,4,334,235,165683,33,23,3,23,23,31,23,23,1,31,34,25,24,26.78,40,1,35.963161,-119.291878,40.467999,9,600,58,3,"e00fce68d6b773b56ce8baa0",2026-09-30 01:10:02.552,2026-09-30 01:10:02.777,2026-09-30 01:10:02.777,2026-09-30
"73","FeUXwqiotE","MOOSPMv3Parser",1790730601,0,0,2,0,0,2,3,0,0,3,240,142,69629,17,13,1,14,14,28,28,14,1,29,31,30,28,35.206,19,2,36.198826,-120.104439,74.945,0,600,58,3,"e00fce686dc2ef0a68fa40b0",2026-09-30 01:10:02.583,2026-09-30 01:10:02.809,2026-09-30 01:10:02.809,2026-09-30
"74","GQy6d6HiZO","MOOSPMv3Parser",1790730600,3,3,3,4,4,3,4,4,4,4,1365,205,95563,23,20,2,20,21,28,19,21,1,30,31,28,30,53.675,53,1,36.503262,-120.325356,75.273003,5,600,58,3,"e00fce68e77e43df92405fdb",2026-09-30 01:10:02.933,2026-09-30 01:10:03.076,2026-09-30 01:10:03.076,2026-09-30
"75","Zn1DAK6mfp","MOOSPMv3Parser",1790730600,3,3,0,5,5,0,0,6,6,0,773,215,219311,33,0,3,0,0,29,16,0,0,29,33,29,27,44.094,19,3277,1e-06,0.002349,16274.161133,12,600,58,3,"e00fce68e28dcbc9a589be10",2026-09-30 01:10:03.069,2026-09-30 01:10:03.232,2026-09-30 01:10:03.232,2026-09-30
"76","9ayDSpayyC","MOOSPMv3Parser",1790730601,4,4,3,5,5,3,3,5,5,3,1336,230,204019,27,23,1,23,23,28,17,23,0,30,32,26,27,36.692,44,1,35.775127,-119.23838,57.898998,8,600,58,3,"e00fce68e88237db75a60608",2026-09-30 01:10:03.894,2026-09-30 01:10:04.055,2026-09-30 01:10:04.055,2026-09-30
"77","0oioHJyhkP","MOOSPMv3Parser",1790730600,4,4,0,7,7,0,0,9,9,0,1198,278,0,50,0,6,0,0,28,16,0,2,29,31,28,28,36.597,15,105,36.187454,-119.822037,30.636999,12,600,58,3,"e00fce68e739ecbcf9e91965",2026-09-30 01:10:03.925,2026-09-30 01:10:04.117,2026-09-30 01:10:04.117,2026-09-30
"78","UkivfSwF2H","MOOSPMv3Parser",1790730601,4,4,3,5,5,3,4,5,5,4,847,229,190097,28,23,1,24,24,26,28,24,1,27,29,36,34,40.545,23,21,36.523315,-119.278816,87.535004,7,600,58,3,"e00fce68f12da1a0c5de6248",2026-09-30 01:10:03.994,2026-09-30 01:10:04.191,2026-09-30 01:10:04.191,2026-09-30
"79","jQIZUIhvBB","MOOSPMv3Parser",1790730600,0,0,1,1,1,2,2,1,1,3,379,74,341264,11,8,1,9,9,28,9,9,1,33,32,19,22,512.719,27,1,36.138931,-120.368355,167.005997,9,600,58,3,"e00fce6850cac69f647dc199",2026-09-30 01:10:04.261,2026-09-30 01:10:04.49,2026-09-30 01:10:04.49,2026-09-30
"80","gPMOMDcc6x","MOOSPMv3Parser",1790730601,3,3,3,5,5,5,7,7,7,7,700,212,242948,35,24,5,26,26,0,0,26,1,29,30,34,34,27.528,67,13,36.433609,-119.92337,21.186001,11,600,58,3,"e00fce6876826e255108c6bd",2026-09-30 01:10:05.535,2026-09-30 01:10:05.711,2026-09-30 01:10:05.711,2026-09-30
"81","2T8eu3clhC","MOOSPMv3Parser",1790731200,4,4,2,6,6,3,3,6,6,3,940,242,303804,37,19,3,19,19,27,19,19,1,28,30,30,29,33.213,25,2,35.949802,-119.049965,130.554993,6,600,58,3,"e00fce6808784ceaf209f949",2026-09-30 01:20:02.344,2026-09-30 01:20:02.53,2026-09-30 01:20:02.53,2026-09-30
"82","IexOswlvWx","MOOSPMv3Parser",1790731201,0,0,3,2,2,3,3,2,2,3,336,234,165701,34,23,4,23,23,30,24,23,0,31,33,26,26,24.828,65,1,35.963165,-119.291916,32.556,11,600,58,3,"e00fce68d6b773b56ce8baa0",2026-09-30 01:20:02.883,2026-09-30 01:20:03.093,2026-09-30 01:20:03.093,2026-09-30
"83","nSCNBaAbLi","MOOSPMv3Parser",1790731200,3,3,2,4,4,3,4,4,4,4,1341,205,95577,21,18,2,18,19,-10,-10,19,1,29,30,30,31,50.582,81,1,36.503155,-120.325401,52.637001,12,600,58,3,"e00fce68e77e43df92405fdb",2026-09-30 01:20:02.837,2026-09-30 01:20:03.112,2026-09-30 01:20:03.112,2026-09-30
"84","5LkXsGN2Sf","MOOSPMv3Parser",1790731201,0,0,3,0,0,4,4,0,0,5,253,155,69761,23,19,2,20,20,28,30,21,1,29,31,31,29,33.167,30,2,36.198883,-120.104439,68.092003,8,599,58,3,"e00fce686dc2ef0a68fa40b0",2026-09-30 01:20:02.92,2026-09-30 01:20:03.118,2026-09-30 01:20:03.118,2026-09-30
"85","HRkMwI5imA","MOOSPMv3Parser",1790731200,3,3,0,5,5,0,0,5,5,0,705,197,219311,31,0,3,0,0,28,16,0,0,29,32,30,28,42.733,43,3277,1e-06,0.002349,16274.161133,12,600,58,3,"e00fce68e28dcbc9a589be10",2026-09-30 01:20:03.176,2026-09-30 01:20:03.382,2026-09-30 01:20:03.382,2026-09-30
"86","kIrpTYO398","MOOSPMv3Parser",1790731201,4,4,3,5,5,3,3,6,6,3,1311,228,204037,27,22,2,22,22,28,18,22,1,30,31,27,27,36.319,58,1,35.775089,-119.238464,71.696999,9,600,58,3,"e00fce68e88237db75a60608",2026-09-30 01:20:03.79,2026-09-30 01:20:03.931,2026-09-30 01:20:03.931,2026-09-30
"87","mBh12thgYV","MOOSPMv3Parser",1790731200,4,4,0,6,6,0,0,7,7,0,1054,235,0,41,0,6,0,0,27,17,0,2,29,31,29,29,36.009,16,127,36.187485,-119.821999,27.731001,12,600,58,3,"e00fce68e739ecbcf9e91965",2026-09-30 01:20:03.922,2026-09-30 01:20:04.119,2026-09-30 01:20:04.119,2026-09-30
"88","E1FiNj47Sr","MOOSPMv3Parser",1790731200,1,1,1,1,1,2,2,1,1,2,375,76,341265,10,8,1,8,9,28,10,9,1,32,31,19,23,512.77,24,1,36.138912,-120.368301,183.080994,8,600,58,3,"e00fce6850cac69f647dc199",2026-09-30 01:20:04.111,2026-09-30 01:20:04.283,2026-09-30 01:20:04.283,2026-09-30
"89","bu5Vme20h5","MOOSPMv3Parser",1790731201,3,3,4,6,6,7,9,8,8,10,721,218,242967,43,27,7,30,30,1,1,30,1,28,30,35,35,26.386,68,11,36.433678,-119.923386,43.771,9,600,58,3,"e00fce6876826e255108c6bd",2026-09-30 01:20:05.318,2026-09-30 01:20:05.505,2026-09-30 01:20:05.505,2026-09-30
"90","CYlPQa3j5t","MOOSPMv3Parser",1790731800,4,4,3,5,5,3,3,6,6,4,906,236,303820,34,20,2,21,21,26,21,21,1,27,29,33,31,30.096,40,2,35.949566,-119.049919,116.361,9,600,58,3,"e00fce6808784ceaf209f949",2026-09-30 01:30:02.185,2026-09-30 01:30:02.373,2026-09-30 01:30:02.373,2026-09-30
"91","yOXm1bs0bH","MOOSPMv3Parser",1790731801,0,0,3,2,2,4,4,3,3,4,339,237,165722,36,26,4,26,26,30,24,26,1,30,33,25,25,20.148,165,1,35.963165,-119.291916,32.557999,0,600,58,3,"e00fce68d6b773b56ce8baa0",2026-09-30 01:30:02.721,2026-09-30 01:30:02.882,2026-09-30 01:30:02.882,2026-09-30
"92","AZMGx2qD4f","MOOSPMv3Parser",1790731800,3,3,2,4,4,3,3,4,4,4,1377,209,95588,23,14,1,15,15,27,20,15,1,28,30,30,31,49.611,96,1,36.503178,-120.325371,59.103001,8,600,58,3,"e00fce68e77e43df92405fdb",2026-09-30 01:30:03.071,2026-09-30 01:30:03.271,2026-09-30 01:30:03.271,2026-09-30
"93","ztn6uX4HxT","MOOSPMv3Parser",1790731800,3,3,0,4,4,0,0,5,5,0,683,191,219311,31,0,2,0,0,28,18,0,0,28,31,31,29,40.443,59,3277,1e-06,0.002349,16274.161133,12,600,58,3,"e00fce68e28dcbc9a589be10",2026-09-30 01:30:03.147,2026-09-30 01:30:03.306,2026-09-30 01:30:03.306,2026-09-30
"94","g71GCaZndL","MOOSPMv3Parser",1790731801,0,0,3,0,0,4,5,0,0,5,255,155,69777,21,22,2,23,23,27,30,23,1,28,31,32,29,32.516,46,2,36.198914,-120.104454,80.292999,9,599,58,3,"e00fce686dc2ef0a68fa40b0",2026-09-30 01:30:03.148,2026-09-30 01:30:03.332,2026-09-30 01:30:03.332,2026-09-30
"95","6wumzBwmE6","MOOSPMv3Parser",1790731801,4,4,3,5,5,3,3,5,5,3,1300,222,204054,28,21,2,21,21,28,18,21,1,29,31,28,28,35.578,77,1,35.775101,-119.238472,69.865997,9,600,58,3,"e00fce68e88237db75a60608",2026-09-30 01:30:03.791,2026-09-30 01:30:03.985,2026-09-30 01:30:03.985,2026-09-30
"96","4yxQP2BJfI","MOOSPMv3Parser",1790731800,4,4,0,6,6,0,0,7,7,0,1045,237,0,39,0,4,0,0,27,19,0,2,28,30,31,31,33.292,38,111,36.187496,-119.822037,23.573999,10,600,58,3,"e00fce68e739ecbcf9e91965",2026-09-30 01:30:03.843,2026-09-30 01:30:04.017,2026-09-30 01:30:04.017,2026-09-30
"97","dGcnc9w9pa","MOOSPMv3Parser",1790731801,4,4,3,5,5,4,4,6,6,4,914,250,190139,32,26,1,26,27,25,34,27,1,25,28,44,39,32.096,101,15,36.523357,-119.278656,79.994003,6,600,58,3,"e00fce68f12da1a0c5de6248",2026-09-30 01:30:04.255,2026-09-30 01:30:04.398,2026-09-30 01:30:04.398,2026-09-30
"98","YyMCgcxGM7","MOOSPMv3Parser",1790731800,1,1,1,1,1,1,2,1,1,2,375,76,341267,8,8,1,8,8,27,10,8,1,32,30,20,24,512.785,22,1,36.138966,-120.368279,184.806,10,600,58,3,"e00fce6850cac69f647dc199",2026-09-30 01:30:04.207,2026-09-30 01:30:04.404,2026-09-30 01:30:04.404,2026-09-30
"99","H9kOifF4l6","MOOSPMv3Parser",1790731801,3,3,4,6,6,6,8,8,8,9,708,214,242985,43,27,9,29,29,0,0,29,1,28,30,37,36,22.869,68,7,36.43367,-119.923378,41.68,9,600,58,3,"e00fce6876826e255108c6bd",2026-09-30 01:30:05.391,2026-09-30 01:30:05.61,2026-09-30 01:30:05.61,2026-09-30
"100","oJboFmkwMi","MOOSPMv3Parser",1790732401,0,0,2,0,0,3,4,0,0,4,252,156,69791,20,17,2,18,18,27,30,18,1,28,30,32,30,30.437,79,2,36.198879,-120.1045,82.169998,7,599,58,3,"e00fce686dc2ef0a68fa40b0",2026-09-30 01:40:02.221,2026-09-30 01:40:02.443,2026-09-30 01:40:02.443,2026-09-30
"101","yq8uvX7CUG","MOOSPMv3Parser",1790732400,4,4,3,6,6,3,4,6,6,4,993,262,303836,36,21,2,22,22,25,23,22,1,26,28,35,33,29.364,61,2,35.949406,-119.049965,104.795998,5,600,58,3,"e00fce6808784ceaf209f949",2026-09-30 01:40:02.338,2026-09-30 01:40:02.587,2026-09-30 01:40:02.587,2026-09-30
"102","yjUPq1K9zI","MOOSPMv3Parser",1790732401,0,0,3,2,2,4,4,2,2,4,336,237,165743,36,25,4,26,26,29,25,26,1,29,32,27,26,19.241,169,1,35.963173,-119.291817,51.966999,8,600,58,3,"e00fce68d6b773b56ce8baa0",2026-09-30 01:40:02.812,2026-09-30 01:40:03.016,2026-09-30 01:40:03.016,2026-09-30
"103","ZuP5MdL2hM","MOOSPMv3Parser",1790732400,3,3,2,4,4,3,3,4,4,4,1355,202,95600,22,14,2,15,15,26,20,15,1,28,29,31,31,51.086,95,1,36.503151,-120.325424,53.745998,10,600,58,3,"e00fce68e77e43df92405fdb",2026-09-30 01:40:02.935,2026-09-30 01:40:03.112,2026-09-30 01:40:03.112,2026-09-30
"104","gJKYdu4fo1","MOOSPMv3Parser",1790732400,3,3,0,4,4,0,0,5,5,0,707,196,219311,28,0,2,0,0,27,19,0,0,27,31,33,30,38.481,96,3277,1e-06,0.002349,16274.161133,12,600,58,3,"e00fce68e28dcbc9a589be10",2026-09-30 01:40:03.043,2026-09-30 01:40:03.252,2026-09-30 01:40:03.252,2026-09-30
"105","I17CDbqA7D","MOOSPMv3Parser",1790732401,3,3,3,5,5,3,4,5,5,4,1249,217,204072,28,22,2,23,23,27,19,23,1,29,30,29,29,34.69,82,1,35.775024,-119.238525,65.702003,11,600,58,3,"e00fce68e88237db75a60608",2026-09-30 01:40:03.715,2026-09-30 01:40:03.961,2026-09-30 01:40:03.961,2026-09-30
"106","SdDn5UxeQF","MOOSPMv3Parser",1790732400,4,4,0,7,7,0,0,7,7,0,1129,264,0,44,0,4,0,0,26,20,0,2,27,29,32,32,31.015,72,85,36.187511,-119.821945,36.884998,10,600,58,3,"e00fce68e739ecbcf9e91965",2026-09-30 01:40:03.932,2026-09-30 01:40:04.148,2026-09-30 01:40:04.148,2026-09-30
"107","mn5X4cKqij","MOOSPMv3Parser",1790732400,1,1,2,1,1,2,2,2,2,3,423,91,341280,12,12,1,12,13,27,12,13,1,32,30,22,26,512.811,31,1,36.138966,-120.368279,184.811996,0,600,58,3,"e00fce6850cac69f647dc199",2026-09-30 01:40:04.115,2026-09-30 01:40:04.309,2026-09-30 01:40:04.309,2026-09-30
"108","6xNzktlLif","MOOSPMv3Parser",1790732401,5,5,4,6,6,7,8,7,7,9,1022,276,190165,37,31,2,34,34,25,37,34,1,24,28,47,40,28.474,152,9,36.523357,-119.278656,79.994003,0,600,58,3,"e00fce68f12da1a0c5de6248",2026-09-30 01:40:04.192,2026-09-30 01:40:04.417,2026-09-30 01:40:04.417,2026-09-30
"109","1BdWh5DFG2","MOOSPMv3Parser",1790732401,3,3,3,5,5,5,7,7,7,7,714,217,243001,37,25,6,26,27,1,0,27,1,27,29,38,36,23.423,68,4,36.43367,-119.923378,41.679001,0,600,58,3,"e00fce6876826e255108c6bd",2026-09-30 01:40:05.335,2026-09-30 01:40:05.571,2026-09-30 01:40:05.571,2026-09-30
"110","7XpeFTNsfj","MOOSPMv3Parser",1790733000,5,5,4,7,7,5,6,7,7,6,1070,284,304361,42,27,3,28,28,25,25,28,1,26,28,37,35,26.519,92,2,35.949406,-119.049965,104.792999,0,599,58,3,"e00fce6808784ceaf209f949",2026-09-30 01:50:02.186,2026-09-30 01:50:02.422,2026-09-30 01:50:02.422,2026-09-30
"111","WGUs594eoK","MOOSPMv3Parser",1790733001,0,0,2,0,0,4,4,0,0,5,262,162,69805,22,18,2,19,20,27,30,20,1,28,30,33,30,31.155,87,2,36.198883,-120.104431,78.167,7,599,58,3,"e00fce686dc2ef0a68fa40b0",2026-09-30 01:50:02.515,2026-09-30 01:50:02.798,2026-09-30 01:50:02.798,2026-09-30
"112","MjuvJnkda5","MOOSPMv3Parser",1790733001,0,0,4,2,2,4,4,3,3,5,337,239,165766,37,28,4,28,29,28,26,29,1,28,31,30,28,15.408,227,1,35.963081,-119.291817,62.459,9,600,58,3,"e00fce68d6b773b56ce8baa0",2026-09-30 01:50:02.642,2026-09-30 01:50:02.82,2026-09-30 01:50:02.82,2026-09-30
"113","F5IFPtqVuI","MOOSPMv3Parser",1790733000,3,3,2,4,4,3,3,4,4,4,1372,199,95612,21,16,1,16,17,26,22,17,1,27,28,32,33,52.261,82,1,36.503151,-120.325424,53.742001,0,600,58,3,"e00fce68e77e43df92405fdb",2026-09-30 01:50:02.847,2026-09-30 01:50:03.041,2026-09-30 01:50:03.041,2026-09-30
"114","oIkXHwDZbN","MOOSPMv3Parser",1790733000,3,3,0,4,4,0,0,5,5,0,712,195,219311,27,0,2,0,0,27,20,0,0,27,30,35,31,36.835,116,3277,1e-06,0.002349,16274.161133,12,600,58,3,"e00fce68e28dcbc9a589be10",2026-09-30 01:50:03.097,2026-09-30 01:50:03.325,2026-09-30 01:50:03.325,2026-09-30
"115","42sCTAgKiO","MOOSPMv3Parser",1790733001,4,4,3,6,6,4,4,6,6,4,1372,250,204092,33,25,3,25,25,26,21,25,1,28,29,31,31,32.657,115,1,35.775024,-119.238525,65.700996,0,600,58,3,"e00fce68e88237db75a60608",2026-09-30 01:50:03.646,2026-09-30 01:50:03.834,2026-09-30 01:50:03.834,2026-09-30
"116","EPLQ0lP2DY","MOOSPMv3Parser",1790733000,5,5,0,8,8,0,0,9,9,0,1295,310,0,47,0,6,0,0,26,22,0,2,27,28,34,34,29.406,111,69,36.187534,-119.822121,20.867001,10,600,58,3,"e00fce68e739ecbcf9e91965",2026-09-30 01:50:03.918,2026-09-30 01:50:04.1,2026-09-30 01:50:04.1,2026-09-30
"117","oFvGzfVerq","MOOSPMv3Parser",1790733000,2,2,2,2,2,2,3,3,3,3,541,124,341296,18,13,2,14,14,26,16,14,1,31,29,24,29,512.954,46,1,36.138977,-120.368355,170.237,7,600,58,3,"e00fce6850cac69f647dc199",2026-09-30 01:50:04.127,2026-09-30 01:50:04.37,2026-09-30 01:50:04.37,2026-09-30
"118","RxNvzq8z0G","MOOSPMv3Parser",1790733001,5,5,4,6,6,5,6,7,7,6,1021,280,190189,38,29,2,30,31,24,37,31,1,24,27,47,40,29.409,157,5,36.523335,-119.278763,80.242996,7,600,58,3,"e00fce68f12da1a0c5de6248",2026-09-30 01:50:04.171,2026-09-30 01:50:04.385,2026-09-30 01:50:04.385,2026-09-30
"119","UIQXY4l7N0","MOOSPMv3Parser",1790733001,5,5,5,8,8,8,11,10,10,13,1021,310,243025,56,34,8,37,38,0,0,38,1,26,29,39,37,23.773,68,4,36.433636,-119.923363,24.326,8,600,58,3,"e00fce6876826e255108c6bd",2026-09-30 01:50:05.391,2026-09-30 01:50:05.614,2026-09-30 01:50:05.614,2026-09-30
"120","E0myyq3tXr","MOOSPMv3Parser",1790733600,5,5,3,7,7,5,6,7,7,6,1063,283,303872,42,25,3,26,27,24,27,27,1,25,27,39,36,22.319,197,1,35.949543,-119.04998,119.258003,7,600,58,3,"e00fce6808784ceaf209f949",2026-09-30 02:00:02.12,2026-09-30 02:00:02.362,2026-09-30 02:00:02.362,2026-09-30
"121","zPO3Yg4VHs","MOOSPMv3Parser",1790733601,0,0,2,0,0,3,4,1,1,4,259,159,69818,24,17,3,18,18,26,32,18,1,27,29,35,31,29.418,135,2,36.198757,-120.104538,63.521999,7,599,58,3,"e00fce686dc2ef0a68fa40b0",2026-09-30 02:00:02.786,2026-09-30 02:00:03.022,2026-09-30 02:00:03.022,2026-09-30
"122","wxXclfg3Jh","MOOSPMv3Parser",1790733600,3,3,2,4,4,3,3,4,4,4,1489,207,95625,22,15,2,16,16,25,23,16,1,27,28,32,34,50.884,98,2,36.503151,-120.325401,49.583,10,600,58,3,"e00fce68e77e43df92405fdb",2026-09-30 02:00:02.939,2026-09-30 02:00:03.142,2026-09-30 02:00:03.142,2026-09-30
"123","MaeIgvLtSG","MOOSPMv3Parser",1790733601,0,0,4,3,3,5,5,4,4,5,364,260,165791,45,31,6,32,32,27,27,32,1,28,31,30,29,14.222,247,1,35.963161,-119.291832,56.014999,9,600,58,3,"e00fce68d6b773b56ce8baa0",2026-09-30 02:00:03.068,2026-09-30 02:00:03.243,2026-09-30 02:00:03.243,2026-09-30
"124","2DG33a4KbG","MOOSPMv3Parser",1790733600,5,5,0,7,7,0,0,8,8,0,1050,293,219311,48,0,5,0,0,26,22,0,0,26,29,36,33,30.844,243,3277,1e-06,0.002349,16274.161133,12,600,58,3,"e00fce68e28dcbc9a589be10",2026-09-30 02:00:03.132,2026-09-30 02:00:03.351,2026-09-30 02:00:03.351,2026-09-30
"125","tNOH4MVWYD","MOOSPMv3Parser",1790733601,4,4,3,6,6,4,4,6,6,4,1299,239,204115,36,26,2,26,26,26,22,26,1,27,29,31,31,30.292,170,1,35.77512,-119.238495,67.060997,10,600,58,3,"e00fce68e88237db75a60608",2026-09-30 02:00:03.715,2026-09-30 02:00:03.908,2026-09-30 02:00:03.908,2026-09-30
"126","gIRyda0QQt","MOOSPMv3Parser",1790733600,5,5,0,8,8,0,0,9,9,0,1212,285,0,48,0,6,0,0,25,23,0,2,27,28,34,34,27.729,149,52,36.187534,-119.822083,17.764999,10,600,58,3,"e00fce68e739ecbcf9e91965",2026-09-30 02:00:04.078,2026-09-30 02:00:04.272,2026-09-30 02:00:04.272,2026-09-30
"127","cavFU6rMHq","MOOSPMv3Parser",1790733600,2,2,2,3,3,3,3,3,3,4,644,149,341312,20,17,1,18,18,26,17,18,1,31,28,25,30,513.03,59,1,36.138973,-120.368355,166.093002,9,600,58,3,"e00fce6850cac69f647dc199",2026-09-30 02:00:04.343,2026-09-30 02:00:04.499,2026-09-30 02:00:04.499,2026-09-30
"128","7kvvf2ugAC","MOOSPMv3Parser",1790733601,5,5,3,6,6,4,4,6,6,4,1054,285,190212,32,26,1,27,27,24,41,27,1,23,26,53,43,27.871,166,5,36.523338,-119.278801,84.373001,7,600,58,3,"e00fce68f12da1a0c5de6248",2026-09-30 02:00:04.516,2026-09-30 02:00:04.689,2026-09-30 02:00:04.689,2026-09-30
"129","AbyiB7yj4H","MOOSPMv3Parser",1790733601,4,4,4,6,6,6,8,8,8,9,812,246,243041,42,27,7,29,30,0,0,30,1,25,28,42,40,22.08,69,4,36.433563,-119.923378,15.353,8,600,58,3,"e00fce6876826e255108c6bd",2026-09-30 02:00:05.568,2026-09-30 02:00:05.706,2026-09-30 02:00:05.706,2026-09-30
"130","EoorK9xRy7","MOOSPMv3Parser",1790734200,5,5,3,7,7,4,4,7,7,5,1113,294,303889,43,23,3,24,24,24,29,24,1,25,26,40,38,25.207,157,1,35.949612,-119.049942,117.071999,8,600,58,3,"e00fce6808784ceaf209f949",2026-09-30 02:10:02.215,2026-09-30 02:10:02.35,2026-09-30 02:10:02.35,2026-09-30
"131","nloKe2WhaT","MOOSPMv3Parser",1790734201,2,2,5,5,5,6,7,6,6,7,427,317,165825,57,41,7,42,42,27,27,42,1,28,30,29,29,16.802,215,1,35.963127,-119.291771,48.035,8,600,58,3,"e00fce68d6b773b56ce8baa0",2026-09-30 02:10:02.675,2026-09-30 02:10:02.898,2026-09-30 02:10:02.898,2026-09-30
"132","KLUp6VbOGs","MOOSPMv3Parser",1790734200,3,3,2,4,4,3,4,5,5,4,1633,215,95637,22,15,1,16,16,25,24,16,1,26,27,34,35,50.233,76,2,36.503147,-120.325401,47.805,10,600,58,3,"e00fce68e77e43df92405fdb",2026-09-30 02:10:02.871,2026-09-30 02:10:03.086,2026-09-30 02:10:03.086,2026-09-30
"133","IvMRFW8UWF","MOOSPMv3Parser",1790734200,6,6,0,9,9,0,0,10,10,0,1235,346,219311,56,0,5,0,0,26,21,0,0,25,28,36,32,28.42,286,3277,1e-06,0.002349,16274.161133,12,600,58,3,"e00fce68e28dcbc9a589be10",2026-09-30 02:10:03.167,2026-09-30 02:10:03.353,2026-09-30 02:10:03.353,2026-09-30
"134","R5Do15Znn0","MOOSPMv3Parser",1790734201,0,0,3,0,0,4,4,1,1,5,266,166,69834,24,20,3,21,21,26,32,21,1,26,29,36,32,25.49,189,2,36.198868,-120.104355,64.363998,7,599,58,3,"e00fce686dc2ef0a68fa40b0",2026-09-30 02:10:03.354,2026-09-30 02:10:03.526,2026-09-30 02:10:03.526,2026-09-30
"135","ToeP3XqZpb","MOOSPMv3Parser",1790734201,4,4,3,6,6,4,5,6,6,5,1335,252,204137,37,26,3,27,27,25,24,27,1,27,28,31,32,30.325,156,1,35.77507,-119.238533,56.040001,10,600,58,3,"e00fce68e88237db75a60608",2026-09-30 02:10:03.727,2026-09-30 02:10:03.874,2026-09-30 02:10:03.874,2026-09-30
"136","DgpPfLQtrk","MOOSPMv3Parser",1790734200,5,5,0,8,8,0,0,9,9,0,1182,287,0,49,0,8,0,0,25,23,0,2,26,27,33,34,26.499,162,45,36.187534,-119.822083,17.768,0,600,58,3,"e00fce68e739ecbcf9e91965",2026-09-30 02:10:04.086,2026-09-30 02:10:04.295,2026-09-30 02:10:04.295,2026-09-30
"137","PiBYxdL8D9","MOOSPMv3Parser",1790734201,5,5,3,6,6,4,4,7,7,4,1042,282,190235,33,25,1,26,26,23,45,26,0,22,26,55,46,20.05,255,3,36.523407,-119.278709,77.987999,8,600,58,3,"e00fce68f12da1a0c5de6248",2026-09-30 02:10:04.121,2026-09-30 02:10:04.321,2026-09-30 02:10:04.321,2026-09-30
"138","TEh2oZTM6Z","MOOSPMv3Parser",1790734200,3,3,3,4,4,4,5,5,5,5,787,187,341330,30,21,2,22,22,25,19,22,1,31,28,26,32,512.959,69,1,36.138988,-120.368324,168.332001,9,600,58,3,"e00fce6850cac69f647dc199",2026-09-30 02:10:04.208,2026-09-30 02:10:04.388,2026-09-30 02:10:04.388,2026-09-30
"139","Hc3fjmsuar","MOOSPMv3Parser",1790734201,4,4,4,7,7,7,9,9,9,10,818,249,243059,51,28,11,31,31,0,0,31,1,25,27,43,41,20.343,69,3,36.433823,-119.923386,32.34,6,600,58,3,"e00fce6876826e255108c6bd",2026-09-30 02:10:05.53,2026-09-30 02:10:05.7,2026-09-30 02:10:05.7,2026-09-30
"140","ZzWlt9Z7ZA","MOOSPMv3Parser",1790734801,0,0,3,1,1,4,4,1,1,5,283,183,69849,28,20,3,21,21,25,34,21,1,25,28,38,34,25.631,210,1,36.19886,-120.104454,82.024002,9,599,58,3,"e00fce686dc2ef0a68fa40b0",2026-09-30 02:20:02.137,2026-09-30 02:20:02.299,2026-09-30 02:20:02.299,2026-09-30
"141","xVCtGF6zAS","MOOSPMv3Parser",1790734800,5,5,4,8,8,5,6,9,9,7,1241,327,303913,49,30,4,31,32,23,31,32,1,24,26,41,40,21.733,200,1,35.949566,-119.049911,120.299004,8,600,58,3,"e00fce6808784ceaf209f949",2026-09-30 02:20:02.129,2026-09-30 02:20:02.32,2026-09-30 02:20:02.32,2026-09-30
"142","wO2xMPzKTt","MOOSPMv3Parser",1790734800,3,3,2,4,4,3,3,4,4,4,1719,211,95648,22,14,2,15,15,24,25,15,1,25,27,36,36,52.129,74,2,36.503124,-120.325394,40.481998,9,600,58,3,"e00fce68e77e43df92405fdb",2026-09-30 02:20:02.999,2026-09-30 02:20:03.146,2026-09-30 02:20:03.146,2026-09-30
"143","g0ZdThYwFG","MOOSPMv3Parser",1790734801,25,17,61,58,40,69,73,63,45,75,1624,1445,166208,484,443,72,448,448,26,29,449,1,27,29,32,31,15.632,242,1,35.963184,-119.291725,48.41,10,600,58,3,"e00fce68d6b773b56ce8baa0",2026-09-30 02:20:02.996,2026-09-30 02:20:03.177,2026-09-30 02:20:03.177,2026-09-30
"144","Y2Sx9brnoO","MOOSPMv3Parser",1790734800,4,4,0,6,6,0,0,7,7,0,897,252,219311,42,0,4,0,0,25,22,0,0,25,28,36,33,24.799,278,3277,1e-06,0.002349,16274.161133,12,600,58,3,"e00fce68e28dcbc9a589be10",2026-09-30 02:20:03.105,2026-09-30 02:20:03.282,2026-09-30 02:20:03.282,2026-09-30
"145","g1g3xAtRE6","MOOSPMv3Parser",1790734801,4,4,3,6,6,4,4,6,6,4,1356,250,204159,38,26,2,26,26,24,26,26,1,27,27,34,35,29.551,169,1,35.775043,-119.238503,60.201,9,600,58,3,"e00fce68e88237db75a60608",2026-09-30 02:20:03.861,2026-09-30 02:20:04.038,2026-09-30 02:20:04.038,2026-09-30
"146","JQ9OxqSRsu","MOOSPMv3Parser",1790734800,5,5,0,7,7,0,0,8,8,0,1198,284,0,44,0,5,0,0,24,24,0,2,26,27,34,35,29.59,112,91,36.187473,-119.822067,18.621,10,600,58,3,"e00fce68e739ecbcf9e91965",2026-09-30 02:20:04.033,2026-09-30 02:20:04.261,2026-09-30 02:20:04.261,2026-09-30
"147","FkYjY7QDmN","MOOSPMv3Parser",1790734801,5,5,4,7,7,4,4,7,7,4,1080,292,190259,35,28,2,28,28,23,43,28,0,22,25,52,44,22.732,228,1,36.52338,-119.27877,56.404999,6,600,58,3,"e00fce68f12da1a0c5de6248",2026-09-30 02:20:04.273,2026-09-30 02:20:04.484,2026-09-30 02:20:04.484,2026-09-30
"148","gtSeUY6kLe","MOOSPMv3Parser",1790734800,2,2,2,3,3,3,4,4,4,4,676,160,341346,24,18,2,19,19,24,21,19,1,30,27,27,33,512.996,107,1,36.138924,-120.36837,167.931,9,600,58,3,"e00fce6850cac69f647dc199",2026-09-30 02:20:04.367,2026-09-30 02:20:04.518,2026-09-30 02:20:04.518,2026-09-30
"149","UXg2sYntaB","MOOSPMv3Parser",1790734801,4,4,4,6,6,7,9,8,8,10,822,250,243078,45,29,6,31,32,1,0,32,1,24,26,45,42,18.696,69,2,36.433659,-119.923355,23.679001,7,600,58,3,"e00fce6876826e255108c6bd",2026-09-30 02:20:05.465,2026-09-30 02:20:05.695,2026-09-30 02:20:05.695,2026-09-30
"150","Uaygbz7DjU","MOOSPMv3Parser",1790735400,7,7,5,11,11,11,15,12,12,18,1501,400,303931,70,31,8,37,38,23,33,38,1,24,25,42,40,17.731,239,1,35.949558,-119.049919,108.640999,10,600,58,3,"e00fce6808784ceaf209f949",2026-09-30 02:30:02.333,2026-09-30 02:30:02.501,2026-09-30 02:30:02.501,2026-09-30
"151","EwhJYp2xEq","MOOSPMv3Parser",1790735401,0,0,3,2,2,4,4,2,2,5,303,201,69868,32,23,3,24,24,24,35,24,1,25,27,39,36,20.985,290,1,36.198841,-120.104454,69.056,7,599,58,3,"e00fce686dc2ef0a68fa40b0",2026-09-30 02:30:02.526,2026-09-30 02:30:02.699,2026-09-30 02:30:02.699,2026-09-30
"152","YwguAGXAkF","MOOSPMv3Parser",1790735401,9,7,13,19,15,15,16,21,18,16,723,584,166291,126,102,16,103,103,26,29,103,1,27,29,34,32,11.293,284,1,35.963223,-119.291878,42.189999,8,600,58,3,"e00fce68d6b773b56ce8baa0",2026-09-30 02:30:02.527,2026-09-30 02:30:02.723,2026-09-30 02:30:02.723,2026-09-30
"153","8gGY7D6WHA","MOOSPMv3Parser",1790735400,7,7,2,8,8,3,4,9,9,4,4396,451,95660,23,15,2,16,16,-10,-10,16,1,24,26,40,40,43.099,169,3,36.503159,-120.325447,46.323002,9,600,58,3,"e00fce68e77e43df92405fdb",2026-09-30 02:30:02.95,2026-09-30 02:30:03.159,2026-09-30 02:30:03.159,2026-09-30
"154","nuQfa3YH2P","MOOSPMv3Parser",1790735400,4,4,0,5,5,0,0,5,5,0,799,220,219311,31,0,2,0,0,24,22,0,0,24,27,36,33,23.868,257,3277,1e-06,0.002349,16274.161133,12,600,58,3,"e00fce68e28dcbc9a589be10",2026-09-30 02:30:03.246,2026-09-30 02:30:03.4,2026-09-30 02:30:03.4,2026-09-30
"155","zP0pVMLJpa","MOOSPMv3Parser",1790735401,4,4,3,6,6,4,4,6,6,4,1312,244,204180,34,25,2,26,26,24,28,26,1,26,27,35,37,30.893,145,1,35.77504,-119.238518,56.976002,11,600,58,3,"e00fce68e88237db75a60608",2026-09-30 02:30:03.642,2026-09-30 02:30:03.873,2026-09-30 02:30:03.873,2026-09-30
"156","Xhg1BHEox0","MOOSPMv3Parser",1790735400,4,4,0,7,7,0,0,7,7,0,1049,244,0,41,0,6,0,0,24,25,0,2,26,26,34,36,30.724,93,141,36.187454,-119.822136,17.131001,9,600,58,3,"e00fce68e739ecbcf9e91965",2026-09-30 02:30:04.023,2026-09-30 02:30:04.23,2026-09-30 02:30:04.23,2026-09-30
"157","zijJ0vhAap","MOOSPMv3Parser",1790735400,2,2,3,3,3,3,4,4,4,4,700,163,341362,23,20,2,20,21,24,22,21,1,30,27,27,34,513.053,135,1,36.13895,-120.368362,172.996002,6,600,58,3,"e00fce6850cac69f647dc199",2026-09-30 02:30:04.128,2026-09-30 02:30:04.298,2026-09-30 02:30:04.298,2026-09-30
"158","N3Ox5YQzRm","MOOSPMv3Parser",1790735401,5,5,3,6,6,4,4,7,7,4,1077,294,190284,34,27,1,27,27,22,48,27,0,21,24,57,49,19.515,243,1,36.523376,-119.278793,94.017998,7,600,58,3,"e00fce68f12da1a0c5de6248",2026-09-30 02:30:04.189,2026-09-30 02:30:04.36,2026-09-30 02:30:04.36,2026-09-30
"159","QGINi8y2MZ","MOOSPMv3Parser",1790735401,4,4,5,8,8,8,10,10,10,11,886,270,243104,54,33,10,36,37,0,0,37,1,24,26,46,44,17.842,69,1,36.433617,-119.923347,16.187,10,600,58,3,"e00fce6876826e255108c6bd",2026-09-30 02:30:05.465,2026-09-30 02:30:05.672,2026-09-30 02:30:05.672,2026-09-30
"160","z9LbyH0AUG","MOOSPMv3Parser",1790736000,6,6,4,9,9,8,11,10,10,12,1363,364,303948,58,27,5,31,32,22,34,32,1,24,25,43,41,18.841,240,1,35.9496,-119.04985,124.029999,6,600,58,3,"e00fce6808784ceaf209f949",2026-09-30 02:40:02.185,2026-09-30 02:40:02.402,2026-09-30 02:40:02.402,2026-09-30
"161","kiTCwvb7Z5","MOOSPMv3Parser",1790736001,2,2,5,4,4,6,7,5,5,8,403,298,166323,53,40,7,41,41,25,32,41,1,26,28,35,33,16.282,240,1,35.963139,-119.29184,43.810001,9,600,58,3,"e00fce68d6b773b56ce8baa0",2026-09-30 02:40:02.959,2026-09-30 02:40:03.132,2026-09-30 02:40:03.132,2026-09-30
"162","lnt7qeBJyt","MOOSPMv3Parser",1790736001,0,0,3,2,2,4,4,2,2,4,327,221,69887,33,24,4,24,24,24,36,25,1,24,26,41,37,15.678,354,1,36.198952,-120.104385,67.101997,6,599,58,3,"e00fce686dc2ef0a68fa40b0",2026-09-30 02:40:02.973,2026-09-30 02:40:03.186,2026-09-30 02:40:03.186,2026-09-30
"163","7bZxxmxX56","MOOSPMv3Parser",1790736000,3,3,2,4,4,3,3,4,4,4,1883,212,95673,21,15,2,16,16,-10,-10,16,1,25,25,37,39,43.179,195,2,36.502998,-120.325356,28.805,8,600,58,3,"e00fce68e77e43df92405fdb",2026-09-30 02:40:03.102,2026-09-30 02:40:03.248,2026-09-30 02:40:03.248,2026-09-30
"164","dmU5b3ibGL","MOOSPMv3Parser",1790736000,3,3,0,5,5,0,0,6,6,0,816,227,219311,35,0,3,0,0,24,23,0,0,24,27,38,35,18.748,270,3277,1e-06,0.002349,16274.161133,12,600,58,3,"e00fce68e28dcbc9a589be10",2026-09-30 02:40:03.205,2026-09-30 02:40:03.418,2026-09-30 02:40:03.418,2026-09-30
"165","mOVQQVaHrF","MOOSPMv3Parser",1790736001,4,4,3,5,5,4,4,5,5,4,1287,235,204201,28,24,2,25,25,24,31,25,1,26,26,38,39,30.482,155,1,35.775043,-119.238487,58.973999,11,600,58,3,"e00fce68e88237db75a60608",2026-09-30 02:40:03.795,2026-09-30 02:40:03.995,2026-09-30 02:40:03.995,2026-09-30
"166","6OJJvjEYbh","MOOSPMv3Parser",1790736000,4,4,0,7,7,0,0,8,8,0,1090,254,0,43,0,6,0,0,24,25,0,2,26,26,35,36,31.146,102,151,36.187412,-119.822144,19.400999,8,600,58,3,"e00fce68e739ecbcf9e91965",2026-09-30 02:40:03.992,2026-09-30 02:40:04.169,2026-09-30 02:40:04.169,2026-09-30
"167","RyuVbzLO87","MOOSPMv3Parser",1790736001,7,7,5,9,9,5,5,10,10,5,1442,398,190318,49,40,2,40,40,22,49,40,0,21,24,56,49,16.499,273,1,36.523365,-119.278893,89.588997,6,600,58,3,"e00fce68f12da1a0c5de6248",2026-09-30 02:40:04.112,2026-09-30 02:40:04.279,2026-09-30 02:40:04.279,2026-09-30
"168","xkxhxs2THd","MOOSPMv3Parser",1790736000,3,3,3,4,4,3,4,4,4,4,724,173,341378,27,20,2,21,21,24,24,21,1,29,26,28,36,513.118,175,1,36.138931,-120.368378,157.899002,8,600,58,3,"e00fce6850cac69f647dc199",2026-09-30 02:40:04.126,2026-09-30 02:40:04.302,2026-09-30 02:40:04.302,2026-09-30
"169","k1og2CMF1d","MOOSPMv3Parser",1790736001,4,4,5,7,7,8,11,10,10,12,888,270,243127,51,32,9,36,36,0,0,36,1,24,26,47,45,20.035,69,1,36.43362,-119.923378,32.828999,10,600,58,3,"e00fce6876826e255108c6bd",2026-09-30 02:40:05.469,2026-09-30 02:40:05.636,2026-09-30 02:40:05.636,2026-09-30
"170","5NvXR0Hl8P","MOOSPMv3Parser",1790736600,6,6,3,8,8,5,6,9,9,7,1257,329,303966,48,26,4,27,28,22,36,28,1,23,24,45,43,15.692,263,1,35.949543,-119.049858,109.329002,8,600,58,3,"e00fce6808784ceaf209f949",2026-09-30 02:50:02.017,2026-09-30 02:50:02.167,2026-09-30 02:50:02.167,2026-09-30
"171","YeUpQGSvZx","MOOSPMv3Parser",1790736601,0,0,4,2,2,4,5,3,3,5,323,228,166345,37,27,4,28,28,24,33,28,1,26,27,36,35,17.513,219,1,35.963245,-119.291878,37.112,7,600,58,3,"e00fce68d6b773b56ce8baa0",2026-09-30 02:50:02.566,2026-09-30 02:50:02.728,2026-09-30 02:50:02.728,2026-09-30
"172","fayGSpZmDp","MOOSPMv3Parser",1790736600,3,3,2,4,4,3,3,4,4,4,1623,212,95685,23,15,2,16,16,-10,-10,16,1,24,25,40,41,41.232,237,2,36.503193,-120.325386,48.868,10,600,58,3,"e00fce68e77e43df92405fdb",2026-09-30 02:50:02.874,2026-09-30 02:50:03.05,2026-09-30 02:50:03.05,2026-09-30
"173","4wit4VDCf3","MOOSPMv3Parser",1790736600,4,4,0,6,6,0,0,7,7,0,886,248,219311,41,0,3,0,0,24,24,0,0,24,26,38,35,19.428,286,3277,1e-06,0.002349,16274.161133,12,600,58,3,"e00fce68e28dcbc9a589be10",2026-09-30 02:50:03.103,2026-09-30 02:50:03.278,2026-09-30 02:50:03.278,2026-09-30
"174","rUCcahG3qG","MOOSPMv3Parser",1790736601,1,1,3,3,3,4,4,4,4,4,395,280,69906,38,24,3,24,24,23,36,24,1,24,26,41,38,11.839,389,1,36.198841,-120.104477,75.755997,8,599,58,3,"e00fce686dc2ef0a68fa40b0",2026-09-30 02:50:03.311,2026-09-30 02:50:03.506,2026-09-30 02:50:03.506,2026-09-30
"175","zB4QZBSqrx","MOOSPMv3Parser",1790736601,4,4,3,6,6,4,4,7,7,4,1322,256,204225,38,27,3,27,27,24,33,27,1,25,26,38,39,27.79,210,1,35.775108,-119.238457,52.220001,12,600,58,3,"e00fce68e88237db75a60608",2026-09-30 02:50:03.795,2026-09-30 02:50:03.947,2026-09-30 02:50:03.947,2026-09-30
"176","lXKLpUmBHx","MOOSPMv3Parser",1790736600,4,4,0,7,7,0,0,8,8,0,1081,251,0,45,0,6,0,0,24,26,0,2,25,26,36,37,31.268,82,168,36.187546,-119.822098,14.778,12,600,58,3,"e00fce68e739ecbcf9e91965",2026-09-30 02:50:03.922,2026-09-30 02:50:04.086,2026-09-30 02:50:04.086,2026-09-30
"177","FbYscJcq2g","MOOSPMv3Parser",1790736601,7,7,5,9,9,5,5,9,9,5,1353,372,190348,50,35,2,35,35,21,49,35,0,20,23,58,50,18.542,247,1,36.523335,-119.278801,85.365997,6,600,58,3,"e00fce68f12da1a0c5de6248",2026-09-30 02:50:04.047,2026-09-30 02:50:04.228,2026-09-30 02:50:04.228,2026-09-30
"178","CR83YrYyI5","MOOSPMv3Parser",1790736600,3,3,3,4,4,4,4,4,4,4,772,181,341394,26,22,2,22,22,23,25,22,1,29,26,29,36,513.061,114,1,36.138992,-120.368385,156.904999,8,600,58,3,"e00fce6850cac69f647dc199",2026-09-30 02:50:04.441,2026-09-30 02:50:04.659,2026-09-30 02:50:04.659,2026-09-30
"179","9RdIGvPvs5","MOOSPMv3Parser",1790736601,4,4,5,8,8,8,10,11,11,12,938,287,243153,57,33,11,37,37,0,0,37,1,24,25,45,44,20.086,70,2,36.433598,-119.923393,20.653,10,600,58,3,"e00fce6876826e255108c6bd",2026-09-30 02:50:05.453,2026-09-30 02:50:05.618,2026-09-30 02:50:05.618,2026-09-30
"180","NhCV6sEMzC","MOOSPMv3Parser",1790737200,6,6,3,8,8,4,5,9,9,5,1343,355,303985,50,27,4,27,28,21,38,28,1,22,24,46,43,16.362,242,1,35.949596,-119.049942,107.828003,8,600,58,3,"e00fce6808784ceaf209f949",2026-09-30 03:00:02.114,2026-09-30 03:00:02.328,2026-09-30 03:00:02.328,2026-09-30
"181","tVKoYrVRg6","MOOSPMv3Parser",1790737201,3,3,4,6,6,4,5,7,7,5,515,381,69813,55,29,4,29,29,23,37,29,1,23,25,42,38,11.693,373,1,36.198841,-120.104477,75.760002,0,600,58,3,"e00fce686dc2ef0a68fa40b0",2026-09-30 03:00:02.196,2026-09-30 03:00:02.433,2026-09-30 03:00:02.433,2026-09-30
"182","23V9cOxUnQ","MOOSPMv3Parser",1790737201,0,0,4,2,2,4,5,3,3,5,332,236,166368,39,28,5,28,29,24,33,29,1,25,27,38,36,17.992,221,1,35.963196,-119.291855,56.826,8,600,58,3,"e00fce68d6b773b56ce8baa0",2026-09-30 03:00:02.816,2026-09-30 03:00:03.02,2026-09-30 03:00:03.02,2026-09-30
"183","VUCZ7Fi70w","MOOSPMv3Parser",1790737200,3,3,2,5,5,3,4,5,5,4,1660,225,95698,25,17,2,17,17,22,36,18,1,22,24,47,46,23.218,325,1,36.503078,-120.325386,48.606998,5,600,58,3,"e00fce68e77e43df92405fdb",2026-09-30 03:00:03.106,2026-09-30 03:00:03.307,2026-09-30 03:00:03.307,2026-09-30
"184","HR5xnvjaUL","MOOSPMv3Parser",1790737200,4,4,0,5,5,0,0,6,6,0,829,233,219311,37,0,3,0,0,23,24,0,0,24,26,37,35,24.776,227,3277,1e-06,0.002349,16274.161133,12,600,58,3,"e00fce68e28dcbc9a589be10",2026-09-30 03:00:03.131,2026-09-30 03:00:03.328,2026-09-30 03:00:03.328,2026-09-30
"185","KZU3RJ6w2k","MOOSPMv3Parser",1790737201,4,4,3,6,6,4,4,6,6,4,1270,245,204248,32,26,2,26,26,23,34,26,1,25,26,39,40,27.377,221,1,35.77507,-119.238518,59.077,12,600,58,3,"e00fce68e88237db75a60608",2026-09-30 03:00:03.951,2026-09-30 03:00:04.143,2026-09-30 03:00:04.143,2026-09-30
"186","ezRKeFR41C","MOOSPMv3Parser",1790737200,4,4,0,8,8,0,0,8,8,0,1171,274,0,46,0,6,0,0,23,27,0,2,25,25,37,38,29.814,86,166,36.187511,-119.822067,26.611,12,600,58,3,"e00fce68e739ecbcf9e91965",2026-09-30 03:00:03.992,2026-09-30 03:00:04.209,2026-09-30 03:00:04.209,2026-09-30
"187","zr7pkWlBkz","MOOSPMv3Parser",1790737200,3,3,3,4,4,4,5,4,4,5,774,185,341410,25,23,2,24,24,23,25,24,1,29,25,29,37,512.979,79,1,36.138935,-120.36834,163.473007,8,600,58,3,"e00fce6850cac69f647dc199",2026-09-30 03:00:04.205,2026-09-30 03:00:04.398,2026-09-30 03:00:04.398,2026-09-30
"188","Sv3VQqngic","MOOSPMv3Parser",1790737201,6,6,4,8,8,4,4,8,8,4,1202,336,190374,40,30,2,30,30,21,51,30,0,20,23,61,51,16.178,231,1,36.523491,-119.278786,51.099998,7,600,58,3,"e00fce68f12da1a0c5de6248",2026-09-30 03:00:04.256,2026-09-30 03:00:04.457,2026-09-30 03:00:04.457,2026-09-30
"189","1GZ84E9MXd","MOOSPMv3Parser",1790737201,4,4,5,7,7,8,11,10,10,12,952,290,243178,53,33,9,37,37,1,1,37,1,23,25,47,45,18.182,70,1,36.433594,-119.92337,8.131,11,600,58,3,"e00fce6876826e255108c6bd",2026-09-30 03:00:05.481,2026-09-30 03:00:05.749,2026-09-30 03:00:05.749,2026-09-30
"190","EsTmdaWrrb","MOOSPMv3Parser",1790737800,6,6,4,9,9,4,5,9,9,5,1379,366,304006,50,27,4,28,28,21,38,28,1,22,23,45,43,18.46,226,1,35.949638,-119.049942,116.874001,8,600,58,3,"e00fce6808784ceaf209f949",2026-09-30 03:10:02.256,2026-09-30 03:10:02.475,2026-09-30 03:10:02.475,2026-09-30
"191","WbkCDrIb31","MOOSPMv3Parser",1790737801,3,3,4,6,6,5,5,7,7,5,504,372,69838,54,30,5,31,31,22,37,31,1,23,25,43,39,11.178,380,1,36.198879,-120.104462,82.57,16,600,58,3,"e00fce686dc2ef0a68fa40b0",2026-09-30 03:10:02.675,2026-09-30 03:10:02.898,2026-09-30 03:10:02.898,2026-09-30
"192","gGGBnJR0uB","MOOSPMv3Parser",1790737801,1,1,4,2,2,4,5,3,3,5,327,232,166392,37,28,4,28,28,24,34,29,1,25,26,40,38,16.929,230,1,35.963161,-119.291809,48.323002,6,600,58,3,"e00fce68d6b773b56ce8baa0",2026-09-30 03:10:02.658,2026-09-30 03:10:02.901,2026-09-30 03:10:02.901,2026-09-30
"193","qx3fXauqKz","MOOSPMv3Parser",1790737800,4,4,2,5,5,3,4,5,5,4,1810,239,95713,26,18,2,19,19,22,36,19,1,22,23,46,45,20.805,321,1,36.503117,-120.325424,44.439999,7,600,58,3,"e00fce68e77e43df92405fdb",2026-09-30 03:10:02.847,2026-09-30 03:10:03.043,2026-09-30 03:10:03.043,2026-09-30
"194","O7ClhDxnQn","MOOSPMv3Parser",1790737800,4,4,0,6,6,0,0,6,6,0,860,236,219311,41,0,4,0,0,23,25,0,0,23,25,38,36,22.503,230,3277,1e-06,0.002349,16274.161133,12,600,58,3,"e00fce68e28dcbc9a589be10",2026-09-30 03:10:03.142,2026-09-30 03:10:03.354,2026-09-30 03:10:03.354,2026-09-30
"195","OTDHeQYXY6","MOOSPMv3Parser",1790737801,4,4,3,6,6,4,4,6,6,4,1339,254,204269,36,24,3,25,25,23,37,25,0,25,25,42,42,25.893,243,1,35.775036,-119.238525,53.015999,11,600,58,3,"e00fce68e88237db75a60608",2026-09-30 03:10:03.794,2026-09-30 03:10:04.055,2026-09-30 03:10:04.055,2026-09-30
"196","inocbAFvt5","MOOSPMv3Parser",1790737800,4,4,0,7,7,0,0,8,8,0,1156,268,0,49,0,5,0,0,23,29,0,2,24,25,39,39,27.416,135,115,36.187542,-119.822166,15.528,11,600,58,3,"e00fce68e739ecbcf9e91965",2026-09-30 03:10:03.855,2026-09-30 03:10:04.077,2026-09-30 03:10:04.077,2026-09-30
"197","LnhxuW7viA","MOOSPMv3Parser",1790737801,6,6,4,8,8,4,4,9,9,4,1309,357,190403,43,32,2,32,32,21,51,32,0,20,23,59,51,16.009,225,1,36.523357,-119.278923,108.615997,7,600,58,3,"e00fce68f12da1a0c5de6248",2026-09-30 03:10:04.032,2026-09-30 03:10:04.258,2026-09-30 03:10:04.258,2026-09-30
"198","JeCV5mcu17","MOOSPMv3Parser",1790737800,3,3,3,4,4,4,4,5,5,5,768,186,341426,26,22,2,23,23,23,26,23,1,28,25,29,37,394.033,155,2,36.138958,-120.36834,161.238998,9,600,58,3,"e00fce6850cac69f647dc199",2026-09-30 03:10:04.296,2026-09-30 03:10:04.496,2026-09-30 03:10:04.496,2026-09-30
"199","trbtnjbOdu","MOOSPMv3Parser",1790737801,5,5,5,8,8,9,12,11,11,13,988,303,243206,59,35,10,38,39,0,0,39,1,22,24,47,45,15.008,70,1,36.433601,-119.92334,29.57,9,600,58,3,"e00fce6876826e255108c6bd",2026-09-30 03:10:05.54,2026-09-30 03:10:05.763,2026-09-30 03:10:05.763,2026-09-30
"200","GVrceM5Se1","MOOSPMv3Parser",1790738400,6,6,3,8,8,4,4,9,9,5,1285,342,304025,43,26,3,26,27,21,38,27,1,22,23,45,43,18.849,211,1,35.94957,-119.049942,128.934006,7,600,58,3,"e00fce6808784ceaf209f949",2026-09-30 03:20:02.426,2026-09-30 03:20:02.59,2026-09-30 03:20:02.59,2026-09-30
"201","azRsgwrbGI","MOOSPMv3Parser",1790738401,1,1,4,4,4,5,6,4,4,6,373,269,166420,46,34,6,35,35,23,36,35,1,24,26,42,40,14.689,249,1,35.963161,-119.291809,48.320999,0,600,58,3,"e00fce68d6b773b56ce8baa0",2026-09-30 03:20:02.827,2026-09-30 03:20:03.047,2026-09-30 03:20:03.047,2026-09-30
"202","7NDkZDylm1","MOOSPMv3Parser",1790738401,0,0,3,2,2,4,4,2,2,5,320,216,69973,35,24,3,24,24,22,39,24,1,23,24,45,40,14.039,346,1,36.198784,-120.104454,82.773003,8,599,58,3,"e00fce686dc2ef0a68fa40b0",2026-09-30 03:20:02.914,2026-09-30 03:20:03.088,2026-09-30 03:20:03.088,2026-09-30
"203","EgSNvGkQzi","MOOSPMv3Parser",1790738400,4,4,3,6,6,4,5,6,6,6,2200,276,95731,29,22,2,23,24,21,35,24,1,21,23,45,44,20.184,317,1,36.503193,-120.325378,58.959,6,600,58,3,"e00fce68e77e43df92405fdb",2026-09-30 03:20:03.027,2026-09-30 03:20:03.253,2026-09-30 03:20:03.253,2026-09-30
"204","BeCdtYPA7m","MOOSPMv3Parser",1790738400,3,3,0,6,6,0,0,6,6,0,819,226,219311,40,0,4,0,0,23,25,0,0,23,25,38,36,22.113,249,3277,1e-06,0.002349,16274.161133,12,600,58,3,"e00fce68e28dcbc9a589be10",2026-09-30 03:20:03.143,2026-09-30 03:20:03.379,2026-09-30 03:20:03.379,2026-09-30
"205","OeCcUnlWlL","MOOSPMv3Parser",1790738401,5,5,3,7,7,4,4,7,7,4,1481,293,204293,40,27,2,27,27,22,40,27,1,24,25,45,45,23.169,265,1,35.775051,-119.238503,57.502998,12,600,58,3,"e00fce68e88237db75a60608",2026-09-30 03:20:03.794,2026-09-30 03:20:03.997,2026-09-30 03:20:03.997,2026-09-30
"206","6lRuwFOEGy","MOOSPMv3Parser",1790738400,4,4,0,6,6,0,0,8,8,0,1175,268,0,41,0,4,0,0,23,30,0,2,25,25,37,40,30.057,107,130,36.1875,-119.822174,19.402,9,600,58,3,"e00fce68e739ecbcf9e91965",2026-09-30 03:20:03.922,2026-09-30 03:20:04.159,2026-09-30 03:20:04.159,2026-09-30
"207","KCEmFak2Kr","MOOSPMv3Parser",1790738401,6,6,4,8,8,4,4,9,9,4,1345,369,190430,45,32,2,32,32,20,54,32,0,19,22,63,53,15.338,245,1,36.523346,-119.278854,95.005997,7,600,58,3,"e00fce68f12da1a0c5de6248",2026-09-30 03:20:04.059,2026-09-30 03:20:04.239,2026-09-30 03:20:04.239,2026-09-30
"208","FZstksKMCh","MOOSPMv3Parser",1790738400,3,3,3,4,4,4,5,4,4,5,755,179,341443,26,22,2,23,23,22,27,23,1,28,24,31,38,193.441,212,1,36.138947,-120.368408,154.011002,8,600,58,3,"e00fce6850cac69f647dc199",2026-09-30 03:20:04.342,2026-09-30 03:20:04.519,2026-09-30 03:20:04.519,2026-09-30
"209","iYYQBJ48UV","MOOSPMv3Parser",1790738401,5,5,5,9,9,9,12,12,12,14,1052,319,243235,64,39,13,42,43,0,0,43,1,21,24,48,43,13.078,122,1,36.433689,-119.92334,35.671001,11,600,58,3,"e00fce6876826e255108c6bd",2026-09-30 03:20:05.226,2026-09-30 03:20:05.414,2026-09-30 03:20:05.414,2026-09-30
"210","GvWOjHfJe0","MOOSPMv3Parser",1790739000,6,6,3,8,8,4,4,8,8,4,1272,339,304044,44,26,3,27,27,21,38,27,1,22,23,46,44,18.43,209,1,35.949619,-119.049873,120.935997,8,600,58,3,"e00fce6808784ceaf209f949",2026-09-30 03:30:02.582,2026-09-30 03:30:02.806,2026-09-30 03:30:02.806,2026-09-30
"211","UqtAwC0FIt","MOOSPMv3Parser",1790739001,1,1,4,4,4,5,6,4,4,6,384,276,166448,45,34,6,34,35,23,37,35,1,24,26,44,41,14.302,257,1,35.96323,-119.291801,42.551998,8,600,58,3,"e00fce68d6b773b56ce8baa0",2026-09-30 03:30:02.577,2026-09-30 03:30:02.851,2026-09-30 03:30:02.851,2026-09-30
"212","ePlpr7y3Mv","MOOSPMv3Parser",1790739000,4,4,2,5,5,3,4,5,5,5,1782,249,95744,25,17,2,18,18,21,35,18,1,21,22,45,44,18.721,310,1,36.50322,-120.325493,70.833,6,600,58,3,"e00fce68e77e43df92405fdb",2026-09-30 03:30:03.061,2026-09-30 03:30:03.248,2026-09-30 03:30:03.248,2026-09-30
"213","G22zGM54MS","MOOSPMv3Parser",1790739000,3,3,0,5,5,0,0,5,5,0,778,213,219311,28,0,3,0,0,23,25,0,0,23,25,38,37,25.315,221,3277,1e-06,0.002349,16274.161133,12,600,58,3,"e00fce68e28dcbc9a589be10",2026-09-30 03:30:03.174,2026-09-30 03:30:03.369,2026-09-30 03:30:03.369,2026-09-30
"214","7tm8J0Ykqa","MOOSPMv3Parser",1790739001,0,0,3,1,1,4,4,1,1,4,281,180,69989,27,20,4,21,21,22,40,21,1,22,24,46,42,12.276,360,1,36.198826,-120.104485,77.080002,11,599,58,3,"e00fce686dc2ef0a68fa40b0",2026-09-30 03:30:03.237,2026-09-30 03:30:03.427,2026-09-30 03:30:03.427,2026-09-30
"215","jXpE0ZwvY7","MOOSPMv3Parser",1790739001,5,5,4,7,7,4,4,8,8,4,1540,315,204318,42,29,3,29,30,22,43,30,0,23,24,48,46,21.253,265,1,35.775043,-119.238548,62.507999,12,600,58,3,"e00fce68e88237db75a60608",2026-09-30 03:30:03.876,2026-09-30 03:30:04.049,2026-09-30 03:30:04.049,2026-09-30
"216","xEdCwQZTO7","MOOSPMv3Parser",1790739000,4,4,0,8,8,0,0,9,9,0,1202,278,0,50,0,8,0,0,23,30,0,2,25,25,37,40,32.588,72,202,36.187496,-119.822266,13.41,12,600,58,3,"e00fce68e739ecbcf9e91965",2026-09-30 03:30:03.854,2026-09-30 03:30:04.062,2026-09-30 03:30:04.062,2026-09-30
"217","HtdjMrgC99","MOOSPMv3Parser",1790739001,7,7,4,9,9,5,5,9,9,5,1387,384,190461,46,34,2,34,34,20,55,34,0,19,22,64,54,14.348,229,1,36.523346,-119.278854,95.008003,0,600,58,3,"e00fce68f12da1a0c5de6248",2026-09-30 03:30:04.035,2026-09-30 03:30:04.236,2026-09-30 03:30:04.236,2026-09-30
"218","C9R9S2wRGk","MOOSPMv3Parser",1790739000,3,3,3,4,4,4,5,4,4,5,764,183,341459,26,21,2,22,22,22,27,22,1,27,24,31,39,43.998,255,1,36.138947,-120.368408,154.011002,0,600,58,3,"e00fce6850cac69f647dc199",2026-09-30 03:30:04.644,2026-09-30 03:30:04.833,2026-09-30 03:30:04.833,2026-09-30
"219","UGx9uhicX3","MOOSPMv3Parser",1790739001,5,5,6,9,9,10,13,12,12,14,1038,318,243264,59,40,11,44,45,0,0,45,1,21,23,51,46,11.971,290,1,36.433689,-119.92334,35.672001,0,600,58,3,"e00fce6876826e255108c6bd",2026-09-30 03:30:05.23,2026-09-30 03:30:05.389,2026-09-30 03:30:05.389,2026-09-30
"220","OdaUIwuaFM","MOOSPMv3Parser",1790739600,6,6,3,8,8,4,4,9,9,4,1276,338,304570,47,26,4,26,26,20,39,26,1,21,22,46,44,19.118,207,1,35.949619,-119.049873,120.931999,0,599,58,3,"e00fce6808784ceaf209f949",2026-09-30 03:40:02.267,2026-09-30 03:40:02.426,2026-09-30 03:40:02.426,2026-09-30
"221","qwedbC1Trb","MOOSPMv3Parser",1790739601,0,0,3,1,1,3,4,2,2,4,298,195,70005,29,20,3,20,21,22,39,21,1,22,24,44,41,13.184,337,1,36.198826,-120.104431,71.621002,10,599,58,3,"e00fce686dc2ef0a68fa40b0",2026-09-30 03:40:02.344,2026-09-30 03:40:02.488,2026-09-30 03:40:02.488,2026-09-30
"222","EI0GpFVUf5","MOOSPMv3Parser",1790739601,1,1,4,4,4,5,5,5,5,6,382,278,166476,47,34,6,35,35,23,37,35,1,23,25,45,42,14.025,256,1,35.963181,-119.291824,47.419998,7,600,58,3,"e00fce68d6b773b56ce8baa0",2026-09-30 03:40:02.892,2026-09-30 03:40:03.049,2026-09-30 03:40:03.049,2026-09-30
"223","PvJntDSHOB","MOOSPMv3Parser",1790739600,4,4,3,5,5,4,5,5,5,5,1729,241,95759,26,19,2,20,21,20,34,21,1,21,22,43,44,18.332,295,1,36.50322,-120.325493,70.837997,0,600,58,3,"e00fce68e77e43df92405fdb",2026-09-30 03:40:03.031,2026-09-30 03:40:03.256,2026-09-30 03:40:03.256,2026-09-30
"224","T4nSmGycDN","MOOSPMv3Parser",1790739600,4,4,0,5,5,0,0,6,6,0,828,229,219311,34,0,2,0,0,22,26,0,0,22,24,39,38,23.282,237,3277,1e-06,0.002349,16274.161133,12,600,58,3,"e00fce68e28dcbc9a589be10",2026-09-30 03:40:03.13,2026-09-30 03:40:03.312,2026-09-30 03:40:03.312,2026-09-30
"225","tjqCDb5ayS","MOOSPMv3Parser",1790739601,6,6,4,8,8,4,4,8,8,4,1555,320,204343,41,29,4,29,30,21,44,30,0,22,23,48,46,20.139,263,1,35.775043,-119.238548,62.505001,0,600,58,3,"e00fce68e88237db75a60608",2026-09-30 03:40:03.897,2026-09-30 03:40:04.055,2026-09-30 03:40:04.055,2026-09-30
"226","9WPiaYhEqP","MOOSPMv3Parser",1790739600,5,5,0,9,9,0,0,10,10,0,1310,305,0,58,0,11,0,0,23,30,0,2,25,25,38,41,32.87,61,228,36.187511,-119.822113,26.973,10,600,58,3,"e00fce68e739ecbcf9e91965",2026-09-30 03:40:04.095,2026-09-30 03:40:04.244,2026-09-30 03:40:04.244,2026-09-30
"227","wj9NJnLWtC","MOOSPMv3Parser",1790739601,7,7,4,9,9,5,5,9,9,5,1400,384,190491,46,34,2,34,34,20,55,34,0,19,21,64,54,15.996,221,1,36.523384,-119.278854,85.309998,10,600,58,3,"e00fce68f12da1a0c5de6248",2026-09-30 03:40:04.27,2026-09-30 03:40:04.439,2026-09-30 03:40:04.439,2026-09-30
"228","GFUnnAjDzm","MOOSPMv3Parser",1790739600,3,3,3,4,4,4,4,4,4,4,723,173,341475,23,21,2,22,22,21,28,22,1,26,23,32,39,45.314,254,1,36.138939,-120.368393,170.149002,13,600,58,3,"e00fce6850cac69f647dc199",2026-09-30 03:40:04.508,2026-09-30 03:40:04.706,2026-09-30 03:40:04.706,2026-09-30
"229","11eBcbLw2l","MOOSPMv3Parser",1790739601,4,4,4,7,7,7,9,9,9,10,876,266,243286,49,31,7,34,35,1,0,35,1,21,23,50,47,13.872,71,1,36.433617,-119.923386,24.202999,16,600,58,3,"e00fce6876826e255108c6bd",2026-09-30 03:40:05.226,2026-09-30 03:40:05.381,2026-09-30 03:40:05.381,2026-09-30
"230","iBChj68nBe","MOOSPMv3Parser",1790740200,6,6,3,8,8,4,4,9,9,4,1243,332,304081,47,26,3,26,26,20,38,26,1,21,22,46,44,20.26,191,1,35.949589,-119.049988,106.917,5,600,58,3,"e00fce6808784ceaf209f949",2026-09-30 03:50:02.272,2026-09-30 03:50:02.441,2026-09-30 03:50:02.441,2026-09-30
"231","HZsO23kVSo","MOOSPMv3Parser",1790740201,0,0,3,2,2,4,5,2,2,5,307,204,70024,30,24,3,25,25,21,39,25,1,22,23,44,41,13.28,343,1,36.199005,-120.104477,83.699997,8,599,58,3,"e00fce686dc2ef0a68fa40b0",2026-09-30 03:50:02.675,2026-09-30 03:50:02.894,2026-09-30 03:50:02.894,2026-09-30
"232","BlbTflkrPk","MOOSPMv3Parser",1790740201,2,2,5,4,4,5,6,5,5,6,403,293,166506,49,36,7,48,48,22,39,48,1,22,24,48,43,12.683,263,1,35.963158,-119.291862,35.118999,9,600,58,3,"e00fce68d6b773b56ce8baa0",2026-09-30 03:50:02.754,2026-09-30 03:50:03.034,2026-09-30 03:50:03.034,2026-09-30
"233","Q6u19DQhcC","MOOSPMv3Parser",1790740200,3,3,2,5,5,4,5,5,5,5,1698,237,95772,27,17,2,18,18,20,35,18,1,21,22,43,44,22.586,284,1,36.50309,-120.325378,53.485001,7,600,58,3,"e00fce68e77e43df92405fdb",2026-09-30 03:50:02.898,2026-09-30 03:50:03.083,2026-09-30 03:50:03.083,2026-09-30
"234","XTEVZZdCn9","MOOSPMv3Parser",1790740200,3,3,0,5,5,0,0,6,6,0,824,226,219311,36,0,3,0,0,22,26,0,0,22,24,39,38,26.814,205,3277,1e-06,0.002349,16274.161133,12,600,58,3,"e00fce68e28dcbc9a589be10",2026-09-30 03:50:03.304,2026-09-30 03:50:03.456,2026-09-30 03:50:03.456,2026-09-30
"235","hOiMOYsA01","MOOSPMv3Parser",1790740201,6,6,4,8,8,4,4,8,8,4,1536,320,204368,48,30,4,30,31,21,45,31,0,22,23,48,47,19.533,264,1,35.775097,-119.238541,66.443001,10,600,58,3,"e00fce68e88237db75a60608",2026-09-30 03:50:03.726,2026-09-30 03:50:03.923,2026-09-30 03:50:03.923,2026-09-30
"236","f0njcJPPwK","MOOSPMv3Parser",1790740201,7,7,4,9,9,5,5,10,10,5,1447,394,190522,47,35,2,35,35,19,57,35,0,18,21,68,56,11.495,250,1,36.523472,-119.278877,77.442001,5,600,58,3,"e00fce68f12da1a0c5de6248",2026-09-30 03:50:04.038,2026-09-30 03:50:04.207,2026-09-30 03:50:04.207,2026-09-30
"237","P0CVsOGorC","MOOSPMv3Parser",1790740200,5,5,0,8,8,0,0,9,9,0,1235,285,0,48,0,7,0,0,23,31,0,2,24,25,39,41,31.272,92,197,36.187534,-119.82209,22.620001,13,600,58,3,"e00fce68e739ecbcf9e91965",2026-09-30 03:50:03.939,2026-09-30 03:50:04.225,2026-09-30 03:50:04.225,2026-09-30
"238","0xghf7Au09","MOOSPMv3Parser",1790740200,3,3,3,4,4,3,4,4,4,4,760,181,341491,27,20,2,21,21,21,30,21,1,25,23,34,41,44.615,258,1,36.138912,-120.368355,167.746994,11,600,58,3,"e00fce6850cac69f647dc199",2026-09-30 03:50:04.442,2026-09-30 03:50:04.601,2026-09-30 03:50:04.601,2026-09-30
"239","rTWmjBbWep","MOOSPMv3Parser",1790740201,5,5,6,10,10,10,14,13,13,16,1046,320,243318,68,39,16,44,45,1,0,45,1,21,23,49,47,13.669,70,1,36.433704,-119.923393,32.922001,10,600,58,3,"e00fce6876826e255108c6bd",2026-09-30 03:50:05.421,2026-09-30 03:50:05.611,2026-09-30 03:50:05.611,2026-09-30
"240","Gxv2cFs45l","MOOSPMv3Parser",1790740800,6,6,3,8,8,4,4,9,9,4,1287,347,304100,47,25,3,25,26,20,43,26,1,20,22,49,48,13.29,253,1,35.949543,-119.049873,105.697998,5,600,58,3,"e00fce6808784ceaf209f949",2026-09-30 04:00:02.266,2026-09-30 04:00:02.557,2026-09-30 04:00:02.557,2026-09-30
"241","DQ1wG4SDl7","MOOSPMv3Parser",1790740801,0,0,3,1,1,5,6,1,1,7,287,186,70042,28,23,3,25,25,21,39,26,1,22,23,43,41,16.908,291,1,36.198986,-120.104347,107.362999,7,599,58,3,"e00fce686dc2ef0a68fa40b0",2026-09-30 04:00:02.838,2026-09-30 04:00:03.034,2026-09-30 04:00:03.034,2026-09-30
"242","3YeXHkGkT4","MOOSPMv3Parser",1790740800,4,4,2,5,5,3,4,5,5,5,1730,239,95785,25,17,2,18,18,20,36,18,1,21,21,44,45,22.47,277,1,36.503139,-120.325386,52.785,12,600,58,3,"e00fce68e77e43df92405fdb",2026-09-30 04:00:02.932,2026-09-30 04:00:03.196,2026-09-30 04:00:03.196,2026-09-30
"243","RuJ8mqMhMN","MOOSPMv3Parser",1790740801,2,2,5,4,4,5,6,5,5,6,385,284,166537,46,37,6,38,38,22,40,38,1,21,24,50,44,11.843,269,1,35.963158,-119.291779,27.806999,9,600,58,3,"e00fce68d6b773b56ce8baa0",2026-09-30 04:00:03.06,2026-09-30 04:00:03.237,2026-09-30 04:00:03.237,2026-09-30
"244","JFhxuCvKQD","MOOSPMv3Parser",1790740800,3,3,0,5,5,0,0,6,6,0,789,217,219311,36,0,3,0,0,22,27,0,0,23,24,39,38,30.009,167,3277,1e-06,0.002349,16274.161133,12,600,58,3,"e00fce68e28dcbc9a589be10",2026-09-30 04:00:03.149,2026-09-30 04:00:03.396,2026-09-30 04:00:03.396,2026-09-30
"245","NBaswfc3tB","MOOSPMv3Parser",1790740801,5,5,4,7,7,4,5,8,8,5,1617,305,204394,39,30,3,30,30,20,45,30,1,21,22,48,47,18.938,262,1,35.775036,-119.238541,72.120003,10,600,58,3,"e00fce68e88237db75a60608",2026-09-30 04:00:03.786,2026-09-30 04:00:03.969,2026-09-30 04:00:03.969,2026-09-30
"246","WPKrtaCjG4","MOOSPMv3Parser",1790740800,4,4,0,7,7,0,0,8,8,0,1131,256,0,46,0,6,0,0,22,32,0,2,22,24,43,42,25.396,168,110,36.187534,-119.82209,22.621,0,600,58,3,"e00fce68e739ecbcf9e91965",2026-09-30 04:00:04.008,2026-09-30 04:00:04.184,2026-09-30 04:00:04.184,2026-09-30
"247","LImfcO0Fax","MOOSPMv3Parser",1790740801,8,8,4,10,10,5,5,10,10,5,1580,431,190552,52,34,2,35,35,19,59,35,0,18,21,69,57,11.289,246,1,36.523319,-119.278816,77.992996,7,600,58,3,"e00fce68f12da1a0c5de6248",2026-09-30 04:00:04.153,2026-09-30 04:00:04.316,2026-09-30 04:00:04.316,2026-09-30
"248","HujSadp62J","MOOSPMv3Parser",1790740800,3,3,3,4,4,4,4,5,5,5,778,185,341507,27,23,2,23,24,21,30,24,1,25,22,35,41,42.111,291,1,36.138905,-120.368416,168.552002,10,600,58,3,"e00fce6850cac69f647dc199",2026-09-30 04:00:04.933,2026-09-30 04:00:05.094,2026-09-30 04:00:05.094,2026-09-30
"249","WBFSIDU9Or","MOOSPMv3Parser",1790740801,6,6,6,11,11,11,15,15,15,17,1209,371,243350,75,44,15,49,50,0,0,50,1,21,23,52,49,13.649,70,1,36.433815,-119.923378,19.118,7,600,58,3,"e00fce6876826e255108c6bd",2026-09-30 04:00:05.471,2026-09-30 04:00:05.657,2026-09-30 04:00:05.657,2026-09-30
"250","dag7VVwwYf","MOOSPMv3Parser",1790741400,5,5,3,7,7,4,4,7,7,4,1178,312,304120,42,26,2,26,26,20,40,26,1,20,21,47,45,18.849,215,1,35.949535,-119.049927,106.165001,11,600,58,3,"e00fce6808784ceaf209f949",2026-09-30 04:10:02.273,2026-09-30 04:10:02.497,2026-09-30 04:10:02.497,2026-09-30
"251","L7XsAZwxms","MOOSPMv3Parser",1790741401,1,1,4,4,4,4,4,4,4,5,377,273,166561,43,30,5,30,30,21,41,30,1,21,23,51,46,11.818,266,1,35.963158,-119.291893,48.782001,5,600,58,3,"e00fce68d6b773b56ce8baa0",2026-09-30 04:10:02.651,2026-09-30 04:10:02.854,2026-09-30 04:10:02.854,2026-09-30
"252","eS5DOyqpRY","MOOSPMv3Parser",1790741400,4,4,2,5,5,3,4,5,5,5,1744,240,95798,26,17,1,18,18,20,38,18,1,20,21,46,46,20.047,278,1,36.503155,-120.325409,51.387001,11,600,58,3,"e00fce68e77e43df92405fdb",2026-09-30 04:10:03.022,2026-09-30 04:10:03.181,2026-09-30 04:10:03.181,2026-09-30
"253","RwsHwc3AZZ","MOOSPMv3Parser",1790741401,0,0,3,1,1,4,5,2,2,6,299,198,70059,28,21,3,23,23,21,40,23,1,22,23,44,42,16.693,286,1,36.198841,-120.104439,78.772003,6,599,58,3,"e00fce686dc2ef0a68fa40b0",2026-09-30 04:10:03.092,2026-09-30 04:10:03.304,2026-09-30 04:10:03.304,2026-09-30
"254","2URRCYWLM5","MOOSPMv3Parser",1790741400,3,3,0,5,5,0,0,5,5,0,775,215,219311,31,0,3,0,0,22,28,0,0,22,24,40,39,30.656,167,3277,1e-06,0.002349,16274.161133,12,600,58,3,"e00fce68e28dcbc9a589be10",2026-09-30 04:10:03.228,2026-09-30 04:10:03.403,2026-09-30 04:10:03.403,2026-09-30
"255","XYADz5Dehn","MOOSPMv3Parser",1790741401,6,6,4,8,8,4,5,8,8,5,1542,313,204419,46,30,3,31,31,20,46,31,0,21,22,48,47,18.834,254,1,35.774971,-119.238525,73.412003,7,600,58,3,"e00fce68e88237db75a60608",2026-09-30 04:10:03.727,2026-09-30 04:10:03.89,2026-09-30 04:10:03.89,2026-09-30
"256","hY0VrbmGor","MOOSPMv3Parser",1790741400,4,4,0,7,7,0,0,7,7,0,1038,237,0,41,0,6,0,0,21,33,0,2,21,23,45,43,20.923,218,36,36.187542,-119.822067,13.661,11,600,58,3,"e00fce68e739ecbcf9e91965",2026-09-30 04:10:03.848,2026-09-30 04:10:04.021,2026-09-30 04:10:04.021,2026-09-30
"257","Yw0iN0QtBq","MOOSPMv3Parser",1790741401,8,8,5,11,11,5,5,11,11,5,1667,462,190585,57,37,2,38,38,19,60,38,0,17,20,69,58,10.501,230,1,36.52346,-119.278816,85.502998,5,600,58,3,"e00fce68f12da1a0c5de6248",2026-09-30 04:10:04.251,2026-09-30 04:10:04.397,2026-09-30 04:10:04.397,2026-09-30
"258","qCGIF2TmWs","MOOSPMv3Parser",1790741400,3,3,3,4,4,4,4,5,5,4,791,190,341523,27,22,3,23,23,20,31,23,1,24,22,35,42,41.661,302,1,36.138973,-120.368256,170.966003,8,600,58,3,"e00fce6850cac69f647dc199",2026-09-30 04:10:04.5,2026-09-30 04:10:04.678,2026-09-30 04:10:04.678,2026-09-30
"259","6dXK2jW0Wq","MOOSPMv3Parser",1790741401,7,7,8,13,13,11,14,17,17,15,1426,438,243396,90,56,17,60,61,0,0,61,1,21,22,50,48,13.78,70,1,36.433701,-119.923271,-8.339,7,600,58,3,"e00fce6876826e255108c6bd",2026-09-30 04:10:05.568,2026-09-30 04:10:05.737,2026-09-30 04:10:05.737,2026-09-30
"260","LbkzGrHeud","MOOSPMv3Parser",1790742001,0,0,2,0,0,3,4,1,1,4,294,191,70073,27,18,3,19,19,21,40,19,1,22,23,46,42,17.619,256,1,36.198898,-120.104424,71.050003,8,599,58,3,"e00fce686dc2ef0a68fa40b0",2026-09-30 04:20:02.108,2026-09-30 04:20:02.246,2026-09-30 04:20:02.246,2026-09-30
"261","hlDr6GyBeh","MOOSPMv3Parser",1790742000,5,5,3,8,8,4,4,8,8,4,1217,324,304139,44,26,3,26,26,19,41,26,1,20,21,48,46,21.045,171,1,35.949581,-119.049934,114.116997,9,600,58,3,"e00fce6808784ceaf209f949",2026-09-30 04:20:02.266,2026-09-30 04:20:02.458,2026-09-30 04:20:02.458,2026-09-30
"262","ZXKxtEgFyn","MOOSPMv3Parser",1790742001,0,0,4,3,3,4,4,3,3,4,352,250,166585,37,29,4,30,30,20,43,30,1,21,22,51,48,12.275,262,1,35.96307,-119.291908,41.154999,7,600,58,3,"e00fce68d6b773b56ce8baa0",2026-09-30 04:20:02.812,2026-09-30 04:20:02.97,2026-09-30 04:20:02.97,2026-09-30
"263","3uoTuBccuN","MOOSPMv3Parser",1790742000,4,4,2,5,5,3,4,5,5,5,2083,249,95811,24,16,2,17,18,20,37,18,1,20,21,45,45,19.057,279,1,36.503143,-120.325371,42.368999,10,600,58,3,"e00fce68e77e43df92405fdb",2026-09-30 04:20:03.148,2026-09-30 04:20:03.357,2026-09-30 04:20:03.357,2026-09-30
"264","GKJTmlKSdN","MOOSPMv3Parser",1790742000,3,3,0,5,5,0,0,5,5,0,774,215,219311,29,0,2,0,0,22,28,0,0,22,24,41,39,31.444,164,3277,1e-06,0.002349,16274.161133,12,600,58,3,"e00fce68e28dcbc9a589be10",2026-09-30 04:20:03.149,2026-09-30 04:20:03.371,2026-09-30 04:20:03.371,2026-09-30
"265","VEm2Ba9EcP","MOOSPMv3Parser",1790742001,6,6,4,8,8,4,5,8,8,5,1582,324,204445,44,30,3,31,31,20,46,31,1,21,22,48,48,18.625,251,1,35.775036,-119.238518,65.492996,8,600,58,3,"e00fce68e88237db75a60608",2026-09-30 04:20:03.798,2026-09-30 04:20:04.042,2026-09-30 04:20:04.042,2026-09-30
"266","nelbJOXytx","MOOSPMv3Parser",1790742000,4,4,0,6,6,0,0,7,7,0,1104,232,0,40,0,4,0,0,21,34,0,2,21,23,45,44,21.458,208,38,36.187565,-119.82206,17.540001,13,600,58,3,"e00fce68e739ecbcf9e91965",2026-09-30 04:20:03.922,2026-09-30 04:20:04.082,2026-09-30 04:20:04.082,2026-09-30
"267","Y9Eid6eWls","MOOSPMv3Parser",1790742000,3,3,3,4,4,4,4,4,4,4,786,188,341539,27,22,2,23,23,20,33,23,1,24,22,37,44,39.663,358,1,36.138935,-120.368309,179.947998,8,600,58,3,"e00fce6850cac69f647dc199",2026-09-30 04:20:04.348,2026-09-30 04:20:04.526,2026-09-30 04:20:04.526,2026-09-30
"268","qk9EO9smeM","MOOSPMv3Parser",1790742001,8,8,5,10,10,5,5,11,11,5,1643,449,190618,52,37,2,37,37,19,61,37,0,17,20,70,59,10.042,233,1,36.523281,-119.278816,83.402,5,600,58,3,"e00fce68f12da1a0c5de6248",2026-09-30 04:20:04.349,2026-09-30 04:20:04.533,2026-09-30 04:20:04.533,2026-09-30
"269","8Ad8iidwaW","MOOSPMv3Parser",1790742001,6,6,7,12,12,12,16,17,17,17,1297,398,243429,87,49,20,54,55,1,0,55,1,21,22,50,49,12.573,158,1,36.433563,-119.92337,38.144001,6,600,58,3,"e00fce6876826e255108c6bd",2026-09-30 04:20:05.473,2026-09-30 04:20:05.682,2026-09-30 04:20:05.682,2026-09-30
"270","gEqvtyaldS","MOOSPMv3Parser",1790742600,6,6,3,8,8,4,4,9,9,4,1283,346,304159,48,27,3,27,27,19,43,27,1,20,21,50,47,20.093,177,1,35.949635,-119.049973,108.019997,8,600,58,3,"e00fce6808784ceaf209f949",2026-09-30 04:30:02.247,2026-09-30 04:30:02.433,2026-09-30 04:30:02.433,2026-09-30
"271","8bnPuzFsUf","MOOSPMv3Parser",1790742601,0,0,2,1,1,3,3,1,1,4,280,180,70086,25,17,3,17,17,21,41,17,1,22,23,46,43,18.943,238,1,36.198837,-120.104431,70.629997,8,599,58,3,"e00fce686dc2ef0a68fa40b0",2026-09-30 04:30:02.642,2026-09-30 04:30:02.856,2026-09-30 04:30:02.856,2026-09-30
"272","QC9QKbOhLb","MOOSPMv3Parser",1790742601,0,0,3,3,3,4,4,4,4,4,346,248,166609,37,27,5,27,28,20,43,28,1,21,22,51,48,12.777,260,1,35.963142,-119.29187,31.641001,7,600,58,3,"e00fce68d6b773b56ce8baa0",2026-09-30 04:30:02.73,2026-09-30 04:30:02.911,2026-09-30 04:30:02.911,2026-09-30
"273","ZflN5mBr0H","MOOSPMv3Parser",1790742600,3,3,0,5,5,0,0,5,5,0,753,209,219311,31,0,2,0,0,22,28,0,0,22,23,41,39,28.594,206,3277,1e-06,0.002349,16274.161133,12,600,58,3,"e00fce68e28dcbc9a589be10",2026-09-30 04:30:03.084,2026-09-30 04:30:03.259,2026-09-30 04:30:03.259,2026-09-30
"274","w5DGWmJh5m","MOOSPMv3Parser",1790742601,6,6,4,8,8,4,5,8,8,5,1607,330,204470,46,30,3,30,30,20,48,30,1,21,21,49,49,17.742,254,1,35.775002,-119.23848,56.106998,12,600,58,3,"e00fce68e88237db75a60608",2026-09-30 04:30:03.775,2026-09-30 04:30:04.015,2026-09-30 04:30:04.015,2026-09-30
"275","4rCyqjDMwu","MOOSPMv3Parser",1790742600,4,4,0,6,6,0,0,7,7,0,1111,244,0,41,0,5,0,0,21,35,0,2,21,22,44,44,21.938,196,39,36.187592,-119.822075,11.247,10,600,58,3,"e00fce68e739ecbcf9e91965",2026-09-30 04:30:04.082,2026-09-30 04:30:04.295,2026-09-30 04:30:04.295,2026-09-30
"276","q0Ik2UzEOt","MOOSPMv3Parser",1790742601,8,8,5,10,10,5,5,10,10,5,1584,432,190649,51,37,2,37,37,18,61,37,0,18,20,67,59,14.09,193,1,36.523315,-119.278831,88.448997,8,600,58,3,"e00fce68f12da1a0c5de6248",2026-09-30 04:30:04.366,2026-09-30 04:30:04.555,2026-09-30 04:30:04.555,2026-09-30
"277","b1lEHzbXlY","MOOSPMv3Parser",1790742600,3,3,3,4,4,3,4,5,5,4,792,189,341555,28,22,2,23,23,20,33,23,1,24,21,36,44,39.802,345,1,36.138973,-120.368378,186.606003,8,600,58,3,"e00fce6850cac69f647dc199",2026-09-30 04:30:04.522,2026-09-30 04:30:04.731,2026-09-30 04:30:04.731,2026-09-30
"278","R634GmuWGC","MOOSPMv3Parser",1790742601,7,7,7,13,13,12,16,17,17,18,1327,411,243462,86,50,20,55,56,0,0,56,1,21,22,51,50,11.861,281,1,36.433651,-119.923378,70.133003,5,600,58,3,"e00fce6876826e255108c6bd",2026-09-30 04:30:05.476,2026-09-30 04:30:05.656,2026-09-30 04:30:05.656,2026-09-30
"279","nQVVWtQhwC","MOOSPMv3Parser",1790742600,4,4,2,5,5,3,4,5,5,5,2281,250,95823,22,16,2,17,17,19,37,17,1,20,21,45,46,19.15,273,1,36.503201,-120.325272,12.96,11,600,58,3,"e00fce68e77e43df92405fdb",2026-09-30 04:30:06.964,2026-09-30 04:30:07.134,2026-09-30 04:30:07.134,2026-09-30
"280","NblRsM8qDU","MOOSPMv3Parser",1790743200,6,6,4,9,9,4,5,10,10,5,1358,366,304185,53,30,4,30,30,19,45,31,1,19,20,51,49,19.961,171,1,35.949623,-119.049965,118.314003,10,600,58,3,"e00fce6808784ceaf209f949",2026-09-30 04:40:02.265,2026-09-30 04:40:02.478,2026-09-30 04:40:02.478,2026-09-30
"281","5qG5nDyYnr","MOOSPMv3Parser",1790743201,1,1,4,3,3,4,4,3,3,4,344,245,166632,38,28,4,28,28,20,44,28,1,21,22,51,49,12.672,259,1,35.963161,-119.291794,35.396999,10,600,58,3,"e00fce68d6b773b56ce8baa0",2026-09-30 04:40:02.819,2026-09-30 04:40:03.051,2026-09-30 04:40:03.051,2026-09-30
"282","F5DCDr807c","MOOSPMv3Parser",1790743201,0,0,2,1,1,3,3,1,1,3,284,183,70099,24,17,3,17,17,20,40,17,1,22,22,45,43,19.459,241,1,36.198784,-120.104439,67.695999,10,599,58,3,"e00fce686dc2ef0a68fa40b0",2026-09-30 04:40:02.874,2026-09-30 04:40:03.068,2026-09-30 04:40:03.068,2026-09-30
"283","NULxsrWZBU","MOOSPMv3Parser",1790743200,4,4,0,5,5,0,0,6,6,0,810,223,219311,33,0,3,0,0,21,29,0,0,22,23,41,40,25.052,212,3277,1e-06,0.002349,16274.161133,12,600,58,3,"e00fce68e28dcbc9a589be10",2026-09-30 04:40:03.124,2026-09-30 04:40:03.36,2026-09-30 04:40:03.36,2026-09-30
"284","BeUbo8FcOn","MOOSPMv3Parser",1790743201,6,6,4,8,8,4,4,8,8,5,1601,332,204495,47,30,3,30,30,20,48,30,1,21,21,49,49,18.088,257,1,35.775021,-119.238571,73.810997,9,600,58,3,"e00fce68e88237db75a60608",2026-09-30 04:40:03.715,2026-09-30 04:40:03.898,2026-09-30 04:40:03.898,2026-09-30
"285","eje85T7JTT","MOOSPMv3Parser",1790743200,4,4,0,7,7,0,0,8,8,0,1242,267,0,47,0,7,0,0,20,36,0,2,22,22,44,45,22.192,184,48,36.187534,-119.82206,11.23,9,600,58,3,"e00fce68e739ecbcf9e91965",2026-09-30 04:40:03.995,2026-09-30 04:40:04.179,2026-09-30 04:40:04.179,2026-09-30
"286","lvm8IVUdBc","MOOSPMv3Parser",1790743200,4,4,2,5,5,3,4,6,6,5,2880,287,95834,22,15,2,16,16,19,36,16,1,20,20,44,45,16.403,274,1,36.503159,-120.325325,38.976002,6,600,58,3,"e00fce68e77e43df92405fdb",2026-09-30 04:40:04.102,2026-09-30 04:40:04.274,2026-09-30 04:40:04.274,2026-09-30
"287","1dXIyCyKOp","MOOSPMv3Parser",1790743201,8,8,5,10,10,5,5,10,10,5,1561,427,190681,49,36,2,36,36,18,60,36,0,18,20,64,58,15.36,199,1,36.523251,-119.278923,86.963997,6,600,58,3,"e00fce68f12da1a0c5de6248",2026-09-30 04:40:04.117,2026-09-30 04:40:04.298,2026-09-30 04:40:04.298,2026-09-30
"288","kEifJU5CWd","MOOSPMv3Parser",1790743200,3,3,3,4,4,4,4,5,5,4,815,193,341572,26,24,2,24,24,19,34,24,1,23,21,38,45,38.027,337,1,36.138966,-120.368347,170.944,6,600,58,3,"e00fce6850cac69f647dc199",2026-09-30 04:40:04.29,2026-09-30 04:40:04.542,2026-09-30 04:40:04.542,2026-09-30
"289","BJ0wx4rKkI","MOOSPMv3Parser",1790743201,7,7,7,14,14,12,16,19,19,17,1480,456,243504,95,54,21,59,59,0,0,60,1,21,22,49,49,12.808,195,1,36.433689,-119.923309,67.019997,5,600,58,3,"e00fce6876826e255108c6bd",2026-09-30 04:40:05.661,2026-09-30 04:40:05.889,2026-09-30 04:40:05.889,2026-09-30
"290","8TcDMrvvwL","MOOSPMv3Parser",1790743800,6,6,4,8,8,5,5,9,9,6,1332,358,304212,49,30,4,30,31,18,46,31,1,19,20,51,49,18.587,194,1,35.949459,-119.049934,118.727997,7,600,58,3,"e00fce6808784ceaf209f949",2026-09-30 04:50:02.265,2026-09-30 04:50:02.439,2026-09-30 04:50:02.439,2026-09-30
"291","kencf9b8Q6","MOOSPMv3Parser",1790743801,1,1,4,3,3,4,4,3,3,4,350,248,166656,39,29,4,29,29,20,43,29,0,21,22,51,49,12.404,254,1,35.963169,-119.291817,36.494999,9,600,58,3,"e00fce68d6b773b56ce8baa0",2026-09-30 04:50:02.498,2026-09-30 04:50:02.734,2026-09-30 04:50:02.734,2026-09-30
"292","MStQ0YitBz","MOOSPMv3Parser",1790743800,3,3,2,4,4,3,4,5,5,4,1853,229,95846,20,15,2,16,17,19,37,17,1,19,20,45,46,17.017,270,1,36.503029,-120.325455,49.077999,6,600,58,3,"e00fce68e77e43df92405fdb",2026-09-30 04:50:02.939,2026-09-30 04:50:03.1,2026-09-30 04:50:03.1,2026-09-30
"293","oyEpSsuf0y","MOOSPMv3Parser",1790743800,3,3,0,5,5,0,0,5,5,0,784,221,219311,33,0,2,0,0,21,30,0,0,22,23,42,40,25.172,215,3277,1e-06,0.002349,16274.161133,12,600,58,3,"e00fce68e28dcbc9a589be10",2026-09-30 04:50:03.068,2026-09-30 04:50:03.248,2026-09-30 04:50:03.248,2026-09-30
"294","25sKDBRKxg","MOOSPMv3Parser",1790743801,0,0,2,0,0,3,4,1,1,4,274,173,69997,24,18,3,18,19,20,40,19,1,21,22,44,43,20.131,228,1,36.198784,-120.104439,67.695,0,600,58,3,"e00fce686dc2ef0a68fa40b0",2026-09-30 04:50:03.085,2026-09-30 04:50:03.315,2026-09-30 04:50:03.315,2026-09-30
"295","56NuIllcS4","MOOSPMv3Parser",1790743801,6,6,4,8,8,4,5,8,8,5,1630,339,204521,44,31,3,31,31,19,52,31,1,21,21,52,52,18.482,252,1,35.775005,-119.238548,73.613998,12,600,58,3,"e00fce68e88237db75a60608",2026-09-30 04:50:03.795,2026-09-30 04:50:03.985,2026-09-30 04:50:03.985,2026-09-30
"296","3OP2mpPCl3","MOOSPMv3Parser",1790743800,4,4,0,7,7,0,0,8,8,0,1273,270,0,45,0,6,0,0,20,36,0,2,21,22,45,45,20.472,231,31,36.187523,-119.822144,20.575001,8,600,58,3,"e00fce68e739ecbcf9e91965",2026-09-30 04:50:04.004,2026-09-30 04:50:04.13,2026-09-30 04:50:04.13,2026-09-30
"297","uBX2NJ6H1E","MOOSPMv3Parser",1790743801,8,8,5,11,11,5,5,11,11,5,1642,452,190713,53,36,2,36,36,18,62,36,0,17,19,70,60,11.206,222,1,36.523361,-119.278801,78.169998,5,600,58,3,"e00fce68f12da1a0c5de6248",2026-09-30 04:50:04.177,2026-09-30 04:50:04.327,2026-09-30 04:50:04.327,2026-09-30
"298","AesmuX9jz9","MOOSPMv3Parser",1790743800,3,3,3,5,5,4,4,5,5,4,837,199,341588,31,24,2,24,24,19,34,24,1,23,21,35,43,34.762,382,1,36.139046,-120.368416,151.231003,8,600,58,3,"e00fce6850cac69f647dc199",2026-09-30 04:50:04.334,2026-09-30 04:50:04.518,2026-09-30 04:50:04.518,2026-09-30
"299","CGhw3FKlYg","MOOSPMv3Parser",1790743801,8,8,8,14,14,13,17,18,18,19,1523,465,243546,94,57,16,61,62,1,1,63,1,20,22,54,52,11.693,312,1,36.433556,-119.923355,17.129,5,600,58,3,"e00fce6876826e255108c6bd",2026-09-30 04:50:05.494,2026-09-30 04:50:05.674,2026-09-30 04:50:05.674,2026-09-30
"300","ZVTHI5plCU","MOOSPMv3Parser",1790744401,0,0,2,0,0,3,3,1,1,3,265,166,70126,21,15,2,16,16,20,42,16,1,21,22,45,44,18.117,235,1,36.198734,-120.104477,63.859001,8,599,58,3,"e00fce686dc2ef0a68fa40b0",2026-09-30 05:00:02.192,2026-09-30 05:00:02.431,2026-09-30 05:00:02.431,2026-09-30
"301","ChfbXEA7uh","MOOSPMv3Parser",1790744400,6,6,4,9,9,5,6,10,10,6,1414,378,304234,53,29,3,30,30,18,48,30,1,19,20,53,50,17.276,212,1,35.949562,-119.04998,117.25,8,600,58,3,"e00fce6808784ceaf209f949",2026-09-30 05:00:02.206,2026-09-30 05:00:02.53,2026-09-30 05:00:02.53,2026-09-30
"302","zdJj7bf4WW","MOOSPMv3Parser",1790744401,0,0,4,3,3,4,4,3,3,4,345,244,166681,37,29,4,29,29,20,43,29,0,21,21,51,50,14.126,243,1,35.963116,-119.291695,35.452999,10,600,58,3,"e00fce68d6b773b56ce8baa0",2026-09-30 05:00:03.047,2026-09-30 05:00:03.238,2026-09-30 05:00:03.238,2026-09-30
"303","sUco0IoUxW","MOOSPMv3Parser",1790744400,3,3,2,4,4,3,4,5,5,4,1656,229,95859,22,16,2,17,17,19,39,17,1,18,20,50,48,15.683,268,1,36.503166,-120.325447,64.305,6,600,58,3,"e00fce68e77e43df92405fdb",2026-09-30 05:00:03.033,2026-09-30 05:00:03.255,2026-09-30 05:00:03.255,2026-09-30
"304","JLCJNG0Xob","MOOSPMv3Parser",1790744400,4,4,0,5,5,0,0,6,6,0,826,229,219311,35,0,3,0,0,21,30,0,0,22,23,41,40,23.779,222,3277,1e-06,0.002349,16274.161133,12,600,58,3,"e00fce68e28dcbc9a589be10",2026-09-30 05:00:03.318,2026-09-30 05:00:03.525,2026-09-30 05:00:03.525,2026-09-30
"305","HeNjuHJ55D","MOOSPMv3Parser",1790744401,6,6,5,9,9,5,6,10,10,6,1738,373,204552,53,37,4,38,38,19,53,38,1,20,21,53,52,15.216,269,1,35.77504,-119.23851,52.964001,9,600,58,3,"e00fce68e88237db75a60608",2026-09-30 05:00:03.726,2026-09-30 05:00:03.879,2026-09-30 05:00:03.879,2026-09-30
"306","Wo1v2lWpKw","MOOSPMv3Parser",1790744400,4,4,0,7,7,0,0,8,8,0,1227,259,0,44,0,6,0,0,20,38,0,2,21,21,45,46,21.37,214,21,36.187508,-119.822113,15.176,11,600,58,3,"e00fce68e739ecbcf9e91965",2026-09-30 05:00:03.923,2026-09-30 05:00:04.211,2026-09-30 05:00:04.211,2026-09-30
"307","QijKIpSrTH","MOOSPMv3Parser",1790744401,8,8,5,11,11,5,5,11,11,5,1666,460,190745,56,37,2,37,37,18,61,37,0,18,19,65,59,15.415,203,1,36.523312,-119.278816,81.061996,6,600,58,3,"e00fce68f12da1a0c5de6248",2026-09-30 05:00:04.04,2026-09-30 05:00:04.226,2026-09-30 05:00:04.226,2026-09-30
"308","Fr0zTpdASE","MOOSPMv3Parser",1790744400,2,2,3,3,3,3,4,4,4,4,683,159,341605,23,20,2,21,21,19,29,21,1,23,20,33,40,38.837,346,1,36.138962,-120.368423,174.242996,6,600,58,3,"e00fce6850cac69f647dc199",2026-09-30 05:00:04.728,2026-09-30 05:00:04.893,2026-09-30 05:00:04.893,2026-09-30
"309","NgWvBndkLO","MOOSPMv3Parser",1790744401,7,7,8,12,12,11,14,17,17,16,1375,424,243590,89,56,15,60,60,1,1,60,1,20,21,56,52,11.858,319,1,36.433556,-119.923355,17.129,0,600,58,3,"e00fce6876826e255108c6bd",2026-09-30 05:00:05.488,2026-09-30 05:00:05.663,2026-09-30 05:00:05.663,2026-09-30
"310","Fy2To9G20E","MOOSPMv3Parser",1790745000,6,6,4,9,9,5,6,9,9,6,1354,358,304260,51,30,4,31,31,18,48,31,1,19,20,53,50,17.645,205,1,35.949596,-119.049973,111.417,8,600,58,3,"e00fce6808784ceaf209f949",2026-09-30 05:10:02.264,2026-09-30 05:10:02.484,2026-09-30 05:10:02.484,2026-09-30
"311","RRuj2LR9qI","MOOSPMv3Parser",1790745001,0,0,2,1,1,3,3,2,2,3,283,185,70140,26,18,3,19,19,20,41,19,1,21,22,46,43,13.853,292,1,36.198849,-120.104424,70.245003,8,599,58,3,"e00fce686dc2ef0a68fa40b0",2026-09-30 05:10:02.504,2026-09-30 05:10:02.709,2026-09-30 05:10:02.709,2026-09-30
"312","d2RRhHdoXY","MOOSPMv3Parser",1790745001,0,0,4,4,4,4,4,4,4,5,367,266,166706,40,31,4,32,32,20,44,32,1,21,21,51,51,11.976,245,1,35.963116,-119.291695,35.452,0,600,58,3,"e00fce68d6b773b56ce8baa0",2026-09-30 05:10:02.521,2026-09-30 05:10:02.768,2026-09-30 05:10:02.768,2026-09-30
"313","8gbJgdGy2n","MOOSPMv3Parser",1790745000,3,3,2,4,4,3,4,5,5,4,1594,221,95871,24,15,2,16,16,18,43,16,1,18,19,52,51,13.775,266,1,36.503143,-120.325424,56.727001,7,600,58,3,"e00fce68e77e43df92405fdb",2026-09-30 05:10:02.93,2026-09-30 05:10:03.102,2026-09-30 05:10:03.102,2026-09-30
"314","oSTxHz7e5L","MOOSPMv3Parser",1790745000,4,4,0,6,6,0,0,7,7,0,872,244,219311,41,0,4,0,0,21,33,0,0,21,23,47,44,19.942,235,3277,1e-06,0.002349,16274.161133,12,600,58,3,"e00fce68e28dcbc9a589be10",2026-09-30 05:10:03.208,2026-09-30 05:10:03.451,2026-09-30 05:10:03.451,2026-09-30
"315","TNdzHrHlhy","MOOSPMv3Parser",1790745001,6,6,4,9,9,5,5,9,9,5,1721,362,204582,49,34,3,34,34,19,52,34,0,20,20,52,51,16.072,263,1,35.774998,-119.238548,57.845001,8,600,58,3,"e00fce68e88237db75a60608",2026-09-30 05:10:03.793,2026-09-30 05:10:04.032,2026-09-30 05:10:04.032,2026-09-30
"316","o96wvFjjOn","MOOSPMv3Parser",1790745000,4,4,0,8,8,0,0,9,9,0,1309,272,0,51,0,8,0,0,20,38,0,2,21,21,46,47,20.827,205,33,36.187511,-119.82206,21.858999,9,600,58,3,"e00fce68e739ecbcf9e91965",2026-09-30 05:10:03.923,2026-09-30 05:10:04.173,2026-09-30 05:10:04.173,2026-09-30
"317","mKqyMm5DX9","MOOSPMv3Parser",1790745000,1,1,2,2,2,2,3,3,3,3,544,125,341621,17,14,1,15,15,19,27,15,1,23,20,32,38,37.477,309,1,36.138966,-120.368454,169.451996,3,600,58,3,"e00fce6850cac69f647dc199",2026-09-30 05:10:04.497,2026-09-30 05:10:04.706,2026-09-30 05:10:04.706,2026-09-30
"318","Yit9V8wE5j","MOOSPMv3Parser",1790745001,9,9,5,11,11,5,5,11,11,5,1712,472,190777,52,37,2,37,37,18,64,37,0,16,19,72,61,12.46,199,1,36.523273,-119.278793,75.641998,7,600,58,3,"e00fce68f12da1a0c5de6248",2026-09-30 05:10:04.68,2026-09-30 05:10:04.852,2026-09-30 05:10:04.852,2026-09-30
"319","cINP2eBo1J","MOOSPMv3Parser",1790745001,5,5,5,9,9,8,10,11,11,11,1115,341,243622,64,38,9,41,42,0,0,42,1,20,21,55,52,12.722,138,1,36.433598,-119.923363,19.815001,12,600,58,3,"e00fce6876826e255108c6bd",2026-09-30 05:10:05.545,2026-09-30 05:10:05.695,2026-09-30 05:10:05.695,2026-09-30
"320","olhD8cs4K2","MOOSPMv3Parser",1790745600,6,6,3,8,8,4,4,9,9,4,1280,338,304278,48,25,3,26,26,18,48,26,1,18,19,53,51,18.217,191,1,35.949493,-119.050049,104.325996,7,600,58,3,"e00fce6808784ceaf209f949",2026-09-30 05:20:02.426,2026-09-30 05:20:02.606,2026-09-30 05:20:02.606,2026-09-30
"321","k54035Vis6","MOOSPMv3Parser",1790745601,2,2,4,5,5,5,5,5,5,5,408,302,166735,46,34,4,34,34,19,45,34,0,21,21,51,51,12.861,239,1,35.962955,-119.291817,28.808001,7,600,58,3,"e00fce68d6b773b56ce8baa0",2026-09-30 05:20:02.89,2026-09-30 05:20:03.036,2026-09-30 05:20:03.036,2026-09-30
"322","jdTb7fsagk","MOOSPMv3Parser",1790745601,0,0,3,2,2,4,5,2,2,6,313,204,70159,33,24,4,25,26,20,41,26,1,20,22,47,44,12.221,302,1,36.198811,-120.104439,70.672997,10,599,58,3,"e00fce686dc2ef0a68fa40b0",2026-09-30 05:20:02.986,2026-09-30 05:20:03.202,2026-09-30 05:20:03.202,2026-09-30
"323","F4BpkATuRs","MOOSPMv3Parser",1790745600,3,3,2,4,4,3,3,5,5,3,1594,224,95884,24,15,2,16,16,18,46,16,1,18,19,54,53,11.156,272,1,36.503143,-120.325333,46.972,8,600,58,3,"e00fce68e77e43df92405fdb",2026-09-30 05:20:03.075,2026-09-30 05:20:03.27,2026-09-30 05:20:03.27,2026-09-30
"324","OZ4ftFV3CB","MOOSPMv3Parser",1790745600,4,4,0,6,6,0,0,7,7,0,890,245,219311,41,0,4,0,0,21,34,0,0,20,22,49,45,16.998,256,3277,1e-06,0.002349,16274.161133,12,600,58,3,"e00fce68e28dcbc9a589be10",2026-09-30 05:20:03.315,2026-09-30 05:20:03.508,2026-09-30 05:20:03.508,2026-09-30
"325","IBpzVZrF9c","MOOSPMv3Parser",1790745601,6,6,4,8,8,4,4,8,8,5,1598,330,204608,46,31,3,31,31,19,53,31,0,19,20,53,52,16.691,253,1,35.775043,-119.238518,64.579002,8,600,58,3,"e00fce68e88237db75a60608",2026-09-30 05:20:03.863,2026-09-30 05:20:04.022,2026-09-30 05:20:04.022,2026-09-30
"326","hFETWQFs4x","MOOSPMv3Parser",1790745600,4,4,0,7,7,0,0,7,7,0,1273,264,0,42,0,3,0,0,20,40,0,2,20,21,50,49,18.105,248,13,36.187531,-119.821999,29.999001,9,600,58,3,"e00fce68e739ecbcf9e91965",2026-09-30 05:20:03.931,2026-09-30 05:20:04.132,2026-09-30 05:20:04.132,2026-09-30
"327","iLHZCiymCJ","MOOSPMv3Parser",1790745601,9,9,5,11,11,5,5,11,11,5,1688,468,190809,51,37,2,37,37,18,64,37,0,16,19,72,61,10.956,199,1,36.523273,-119.278793,75.642998,0,600,58,3,"e00fce68f12da1a0c5de6248",2026-09-30 05:20:04.118,2026-09-30 05:20:04.406,2026-09-30 05:20:04.406,2026-09-30
"328","nOLjt6mXsk","MOOSPMv3Parser",1790745600,1,1,2,2,2,2,2,2,2,2,479,109,341637,14,13,1,13,13,19,26,13,1,23,20,30,37,42.181,235,1,36.138969,-120.368401,177.199997,8,600,58,3,"e00fce6850cac69f647dc199",2026-09-30 05:20:04.476,2026-09-30 05:20:04.703,2026-09-30 05:20:04.703,2026-09-30
"329","PpcdYbBdbu","MOOSPMv3Parser",1790745601,9,9,9,16,16,12,14,20,20,15,1690,519,243681,107,71,19,74,75,1,0,75,1,20,21,57,55,11.467,272,1,36.433605,-119.923363,30.427999,6,600,58,3,"e00fce6876826e255108c6bd",2026-09-30 05:20:05.731,2026-09-30 05:20:05.92,2026-09-30 05:20:05.92,2026-09-30
"330","OYT19nGqvG","MOOSPMv3Parser",1790746200,5,5,3,8,8,4,4,8,8,4,1213,323,304805,46,25,3,25,25,18,49,25,1,18,19,53,51,19.349,169,1,35.949493,-119.050049,104.322998,0,599,58,3,"e00fce6808784ceaf209f949",2026-09-30 05:30:02.336,2026-09-30 05:30:02.534,2026-09-30 05:30:02.534,2026-09-30
"331","FUgm4jty6n","MOOSPMv3Parser",1790746201,3,3,5,6,6,5,5,6,6,5,471,357,166768,56,40,5,40,40,19,45,40,0,21,21,51,51,11.263,239,1,35.963249,-119.291809,54.457001,8,600,58,3,"e00fce68d6b773b56ce8baa0",2026-09-30 05:30:02.552,2026-09-30 05:30:02.747,2026-09-30 05:30:02.747,2026-09-30
"332","BrwO8gLGEO","MOOSPMv3Parser",1790746200,3,3,2,4,4,2,3,4,4,3,1537,214,95895,22,14,2,14,14,18,44,14,1,18,19,51,52,16.899,256,1,36.503143,-120.325333,46.971001,0,600,58,3,"e00fce68e77e43df92405fdb",2026-09-30 05:30:02.932,2026-09-30 05:30:03.086,2026-09-30 05:30:03.086,2026-09-30
"333","A71K15jdjQ","MOOSPMv3Parser",1790746200,4,4,0,6,6,0,0,6,6,0,831,233,219311,38,0,3,0,0,20,35,0,0,20,22,49,45,14.669,270,3277,1e-06,0.002349,16274.161133,12,600,58,3,"e00fce68e28dcbc9a589be10",2026-09-30 05:30:03.076,2026-09-30 05:30:03.216,2026-09-30 05:30:03.216,2026-09-30
"334","yWHZr59Xig","MOOSPMv3Parser",1790746201,0,0,2,1,1,4,4,1,1,5,268,171,70174,24,19,3,20,20,20,41,20,1,20,22,46,43,13.208,300,1,36.198723,-120.104477,43.474998,9,599,58,3,"e00fce686dc2ef0a68fa40b0",2026-09-30 05:30:03.153,2026-09-30 05:30:03.316,2026-09-30 05:30:03.316,2026-09-30
"335","VxOxC1jCcw","MOOSPMv3Parser",1790746201,6,6,4,8,8,4,5,8,8,5,1595,325,204633,46,30,3,30,30,18,53,30,1,19,20,52,52,17.798,244,1,35.775043,-119.238518,64.584,0,600,58,3,"e00fce68e88237db75a60608",2026-09-30 05:30:03.908,2026-09-30 05:30:04.079,2026-09-30 05:30:04.079,2026-09-30
"336","f9fyooPuQg","MOOSPMv3Parser",1790746200,6,6,0,10,10,0,0,12,12,0,1635,362,0,67,0,8,0,0,19,41,0,2,19,20,52,50,15.69,262,5,36.187553,-119.822014,30.016001,8,600,58,3,"e00fce68e739ecbcf9e91965",2026-09-30 05:30:03.999,2026-09-30 05:30:04.22,2026-09-30 05:30:04.22,2026-09-30
"337","m2oiKDiSFm","MOOSPMv3Parser",1790746200,1,1,2,2,2,2,2,2,2,2,454,104,341650,15,12,2,12,12,18,27,12,1,22,20,31,38,39.29,248,1,36.13884,-120.368362,160.014999,9,600,58,3,"e00fce6850cac69f647dc199",2026-09-30 05:30:04.27,2026-09-30 05:30:04.43,2026-09-30 05:30:04.43,2026-09-30
"338","QFpJOXxuct","MOOSPMv3Parser",1790746201,8,8,5,11,11,5,5,11,11,5,1689,463,190841,58,36,2,36,36,17,65,36,0,15,19,74,62,7.206,210,1,36.523315,-119.278862,66.209999,7,600,58,3,"e00fce68f12da1a0c5de6248",2026-09-30 05:30:04.188,2026-09-30 05:30:04.441,2026-09-30 05:30:04.441,2026-09-30
"339","B8KJsELfHd","MOOSPMv3Parser",1790746201,6,6,6,12,12,10,12,16,16,13,1291,395,243717,80,45,19,48,49,0,0,49,1,20,21,58,56,11.3,328,1,36.433479,-119.923332,14.855,8,600,58,3,"e00fce6876826e255108c6bd",2026-09-30 05:30:05.477,2026-09-30 05:30:05.609,2026-09-30 05:30:05.609,2026-09-30
"340","k9gDKOYH4f","MOOSPMv3Parser",1790746801,3,3,5,6,6,5,5,6,6,5,458,342,166801,52,40,6,40,40,19,45,40,0,21,21,51,51,12.215,236,1,35.963238,-119.291824,48.366001,7,600,58,3,"e00fce68d6b773b56ce8baa0",2026-09-30 05:40:02.164,2026-09-30 05:40:02.303,2026-09-30 05:40:02.303,2026-09-30
"341","KHUIqozekJ","MOOSPMv3Parser",1790746801,0,0,2,1,1,3,3,1,1,3,248,150,70185,21,15,3,15,15,20,41,15,1,20,21,46,43,14.587,287,1,36.198738,-120.104393,74.817001,6,599,58,3,"e00fce686dc2ef0a68fa40b0",2026-09-30 05:40:02.18,2026-09-30 05:40:02.346,2026-09-30 05:40:02.346,2026-09-30
"342","GR5P1WRNPX","MOOSPMv3Parser",1790746800,6,6,3,8,8,4,4,9,9,4,1252,335,304315,50,25,3,26,26,18,49,26,1,18,19,53,51,18.87,186,1,35.949535,-119.050041,105.874001,8,600,58,3,"e00fce6808784ceaf209f949",2026-09-30 05:40:02.275,2026-09-30 05:40:02.474,2026-09-30 05:40:02.474,2026-09-30
"343","9LHe8zMDEN","MOOSPMv3Parser",1790746800,3,3,2,4,4,2,3,4,4,3,1514,208,95906,19,14,2,14,14,18,44,15,1,19,19,50,52,19.745,246,1,36.503113,-120.325447,48.540001,10,600,58,3,"e00fce68e77e43df92405fdb",2026-09-30 05:40:02.833,2026-09-30 05:40:02.977,2026-09-30 05:40:02.977,2026-09-30
"344","VkqdFzQZhw","MOOSPMv3Parser",1790746800,4,4,0,7,7,0,0,8,8,0,934,262,219311,50,0,4,0,0,20,32,0,0,21,22,44,43,18.112,258,3277,1e-06,0.002349,16274.161133,12,600,58,3,"e00fce68e28dcbc9a589be10",2026-09-30 05:40:03.184,2026-09-30 05:40:03.345,2026-09-30 05:40:03.345,2026-09-30
"345","yK1ZUT2OKN","MOOSPMv3Parser",1790746801,6,6,4,8,8,4,4,8,8,4,1590,324,204658,46,29,2,30,30,18,54,30,1,19,20,53,52,19.146,229,1,35.775032,-119.238525,69.724998,11,600,58,3,"e00fce68e88237db75a60608",2026-09-30 05:40:03.936,2026-09-30 05:40:04.121,2026-09-30 05:40:04.121,2026-09-30
"346","BwCBsBGZA7","MOOSPMv3Parser",1790746800,4,4,0,7,7,0,0,8,8,0,1326,282,0,47,0,6,0,0,19,43,0,2,18,20,53,51,11.087,284,2,36.187325,-119.821991,20.252001,6,600,58,3,"e00fce68e739ecbcf9e91965",2026-09-30 05:40:04.015,2026-09-30 05:40:04.186,2026-09-30 05:40:04.186,2026-09-30
"347","JULQXXY8v6","MOOSPMv3Parser",1790746801,8,8,5,11,11,5,5,12,12,5,1708,468,190873,58,36,3,36,36,17,66,36,0,15,18,76,63,6.071,214,1,36.523289,-119.278847,80.431999,7,600,58,3,"e00fce68f12da1a0c5de6248",2026-09-30 05:40:04.282,2026-09-30 05:40:04.505,2026-09-30 05:40:04.505,2026-09-30
"348","VAcKd49gz2","MOOSPMv3Parser",1790746800,1,1,2,2,2,2,2,2,2,2,464,105,341666,14,13,1,13,13,18,28,13,1,22,20,33,40,35.083,303,1,36.138943,-120.368309,180.380997,9,600,58,3,"e00fce6850cac69f647dc199",2026-09-30 05:40:04.423,2026-09-30 05:40:04.569,2026-09-30 05:40:04.569,2026-09-30
"349","1gnHLfBXZZ","MOOSPMv3Parser",1790746801,7,7,7,13,13,13,17,17,17,19,1412,431,243751,89,50,17,55,56,1,0,57,1,20,21,57,56,10.595,339,1,36.433613,-119.923363,15.89,9,600,58,3,"e00fce6876826e255108c6bd",2026-09-30 05:40:05.499,2026-09-30 05:40:05.664,2026-09-30 05:40:05.664,2026-09-30
"350","b6THBoHmUi","MOOSPMv3Parser",1790747400,6,6,3,8,8,4,4,9,9,4,1327,354,304338,49,27,3,27,27,18,50,27,1,18,19,53,51,18.718,198,1,35.949543,-119.049904,112.292,8,600,58,3,"e00fce6808784ceaf209f949",2026-09-30 05:50:02.267,2026-09-30 05:50:02.433,2026-09-30 05:50:02.433,2026-09-30
"351","AdK9QryEHL","MOOSPMv3Parser",1790747401,3,3,5,5,5,5,5,6,6,5,429,318,166832,51,36,5,36,36,19,45,36,0,21,20,51,51,13.027,228,1,35.963306,-119.291801,54.498001,8,600,58,3,"e00fce68d6b773b56ce8baa0",2026-09-30 05:50:02.413,2026-09-30 05:50:02.632,2026-09-30 05:50:02.632,2026-09-30
"352","nmYhlyMqP8","MOOSPMv3Parser",1790747401,0,0,2,0,0,2,3,1,1,3,232,140,70079,19,13,2,14,14,20,39,14,1,20,21,42,41,15.932,244,1,36.1987,-120.104469,75.088997,6,600,58,3,"e00fce686dc2ef0a68fa40b0",2026-09-30 05:50:02.501,2026-09-30 05:50:02.707,2026-09-30 05:50:02.707,2026-09-30
"353","kO7H5QwDhl","MOOSPMv3Parser",1790747400,3,3,2,4,4,3,3,4,4,3,1489,203,95918,22,14,2,15,15,18,43,15,1,19,19,48,51,20.421,241,1,36.503216,-120.325401,55.299999,8,600,58,3,"e00fce68e77e43df92405fdb",2026-09-30 05:50:02.93,2026-09-30 05:50:03.121,2026-09-30 05:50:03.121,2026-09-30
"354","BufSvSQtNm","MOOSPMv3Parser",1790747400,3,3,0,5,5,0,0,6,6,0,805,223,219311,35,0,3,0,0,20,32,0,0,21,22,44,43,20.641,228,3277,1e-06,0.002349,16274.161133,12,600,58,3,"e00fce68e28dcbc9a589be10",2026-09-30 05:50:03.243,2026-09-30 05:50:03.456,2026-09-30 05:50:03.456,2026-09-30
"355","fxLHOH1ozD","MOOSPMv3Parser",1790747401,6,6,4,8,8,4,4,8,8,4,1616,330,204683,48,29,3,29,29,18,54,30,1,19,19,52,52,20.22,218,1,35.775028,-119.23851,72.592003,13,600,58,3,"e00fce68e88237db75a60608",2026-09-30 05:50:03.879,2026-09-30 05:50:04.044,2026-09-30 05:50:04.044,2026-09-30
"356","F9aESZkDOJ","MOOSPMv3Parser",1790747400,4,4,0,7,7,0,0,8,8,0,1264,273,0,44,0,5,0,0,18,44,0,2,19,20,53,52,10.966,279,1,36.187325,-119.821991,20.252001,0,600,58,3,"e00fce68e739ecbcf9e91965",2026-09-30 05:50:04.006,2026-09-30 05:50:04.177,2026-09-30 05:50:04.177,2026-09-30
"357","nXi3nD5y9V","MOOSPMv3Parser",1790747401,11,11,6,13,13,6,6,14,14,6,2003,554,190912,63,45,3,45,45,17,67,45,0,16,18,74,64,8.367,189,1,36.5233,-119.278831,107.742996,7,600,58,3,"e00fce68f12da1a0c5de6248",2026-09-30 05:50:04.187,2026-09-30 05:50:04.335,2026-09-30 05:50:04.335,2026-09-30
"358","3EVOWwLrtV","MOOSPMv3Parser",1790747400,1,1,2,2,2,2,2,2,2,2,485,111,341682,15,13,1,13,13,18,29,13,1,22,19,34,41,32.821,324,1,36.138908,-120.368324,166.210999,8,600,58,3,"e00fce6850cac69f647dc199",2026-09-30 05:50:04.339,2026-09-30 05:50:04.499,2026-09-30 05:50:04.499,2026-09-30
"359","MTLI1nNzW5","MOOSPMv3Parser",1790747401,7,7,7,12,12,12,16,16,16,18,1328,407,243783,84,47,17,52,53,0,0,53,1,20,21,56,55,11.248,183,1,36.433678,-119.923439,9.47,8,600,58,3,"e00fce6876826e255108c6bd",2026-09-30 05:50:05.485,2026-09-30 05:50:05.71,2026-09-30 05:50:05.71,2026-09-30
"360","MvqW6dHvOT","MOOSPMv3Parser",1790748000,6,6,3,9,9,4,4,9,9,4,1320,354,304361,50,27,3,27,28,17,50,28,0,18,19,53,52,18.118,193,1,35.949486,-119.04998,109.760002,7,600,58,3,"e00fce6808784ceaf209f949",2026-09-30 06:00:02.269,2026-09-30 06:00:02.579,2026-09-30 06:00:02.579,2026-09-30
"361","7CFI5qUSJa","MOOSPMv3Parser",1790748001,2,2,5,5,5,5,5,5,5,5,418,311,166864,52,39,6,39,39,19,44,39,1,21,20,51,50,13.346,217,1,35.963116,-119.29187,26.042,6,600,58,3,"e00fce68d6b773b56ce8baa0",2026-09-30 06:00:02.527,2026-09-30 06:00:02.808,2026-09-30 06:00:02.808,2026-09-30
"362","XApC1GQ4J6","MOOSPMv3Parser",1790748001,0,0,2,0,0,2,2,0,0,2,221,128,70205,16,12,2,12,12,20,39,12,1,20,21,43,41,16.516,217,1,36.198784,-120.104485,66.293999,5,599,58,3,"e00fce686dc2ef0a68fa40b0",2026-09-30 06:00:02.769,2026-09-30 06:00:03.126,2026-09-30 06:00:03.126,2026-09-30
"363","qWkkywrPGZ","MOOSPMv3Parser",1790748000,3,3,2,4,4,2,3,4,4,3,1542,208,95928,21,13,2,13,13,18,43,13,1,19,19,48,50,21.151,233,1,36.50317,-120.325409,48.382,7,600,58,3,"e00fce68e77e43df92405fdb",2026-09-30 06:00:02.915,2026-09-30 06:00:03.141,2026-09-30 06:00:03.141,2026-09-30
"364","cJKEemAQ3L","MOOSPMv3Parser",1790748000,4,4,0,5,5,0,0,6,6,0,807,224,219311,34,0,3,0,0,20,33,0,0,21,22,44,43,23.117,223,3277,1e-06,0.002349,16274.161133,12,600,58,3,"e00fce68e28dcbc9a589be10",2026-09-30 06:00:03.372,2026-09-30 06:00:03.557,2026-09-30 06:00:03.557,2026-09-30
"365","dGjqQ4mH3b","MOOSPMv3Parser",1790748001,6,6,4,8,8,4,5,8,8,5,1572,325,204709,46,31,3,31,31,18,54,31,1,19,19,52,53,21.162,207,1,35.77494,-119.238663,59.366001,9,600,58,3,"e00fce68e88237db75a60608",2026-09-30 06:00:03.806,2026-09-30 06:00:03.997,2026-09-30 06:00:03.997,2026-09-30
"366","2YMmEkxRr4","MOOSPMv3Parser",1790748000,4,4,0,7,7,0,0,8,8,0,1276,271,0,45,0,5,0,0,18,46,0,2,19,19,53,53,9.988,279,1,36.187469,-119.82206,17.957001,5,600,58,3,"e00fce68e739ecbcf9e91965",2026-09-30 06:00:04.003,2026-09-30 06:00:04.201,2026-09-30 06:00:04.201,2026-09-30
"367","g9uPPCquwU","MOOSPMv3Parser",1790748001,12,12,6,15,15,6,6,16,16,6,2204,612,190952,75,45,3,45,45,17,67,45,0,16,18,74,64,8.752,193,1,36.523285,-119.278801,93.276001,7,600,58,3,"e00fce68f12da1a0c5de6248",2026-09-30 06:00:04.093,2026-09-30 06:00:04.314,2026-09-30 06:00:04.314,2026-09-30
"368","Eg2wx1KJRp","MOOSPMv3Parser",1790748000,1,1,2,2,2,2,2,2,2,2,497,112,341698,15,14,1,14,14,18,32,14,1,21,19,37,44,29.652,345,1,36.13892,-120.368484,147.485001,7,600,58,3,"e00fce6850cac69f647dc199",2026-09-30 06:00:04.304,2026-09-30 06:00:04.475,2026-09-30 06:00:04.475,2026-09-30
"369","Y53uDe1Ivy","MOOSPMv3Parser",1790748001,6,6,7,13,13,13,18,18,18,20,1343,415,243816,94,47,21,53,55,1,1,55,1,19,20,56,55,10.831,259,1,36.433586,-119.92337,21.412001,8,600,58,3,"e00fce6876826e255108c6bd",2026-09-30 06:00:05.651,2026-09-30 06:00:05.895,2026-09-30 06:00:05.895,2026-09-30
"370","6G7x3FSC9B","MOOSPMv3Parser",1790748600,6,6,3,8,8,4,4,8,8,4,1248,336,304379,44,25,3,25,26,17,50,26,1,18,19,53,52,17.529,207,1,35.949459,-119.049934,123.351997,7,600,58,3,"e00fce6808784ceaf209f949",2026-09-30 06:10:02.276,2026-09-30 06:10:02.474,2026-09-30 06:10:02.474,2026-09-30
"371","cWmMbuHA3x","MOOSPMv3Parser",1790748601,1,1,4,4,4,5,5,4,4,5,384,280,166893,44,35,5,35,35,19,43,35,1,21,20,51,50,12.295,220,1,35.96357,-119.291756,77.272003,6,600,58,3,"e00fce68d6b773b56ce8baa0",2026-09-30 06:10:02.517,2026-09-30 06:10:02.871,2026-09-30 06:10:02.871,2026-09-30
"372","SGqhoeCHOn","MOOSPMv3Parser",1790748600,3,3,2,4,4,3,3,4,4,3,1485,197,95940,19,15,1,15,15,18,41,15,1,19,19,47,49,20.802,234,1,36.503014,-120.325409,47.563999,6,600,58,3,"e00fce68e77e43df92405fdb",2026-09-30 06:10:02.995,2026-09-30 06:10:03.255,2026-09-30 06:10:03.255,2026-09-30
"373","Y5di6Dl2t9","MOOSPMv3Parser",1790748601,0,0,2,0,0,2,2,0,0,2,227,135,70098,17,12,2,13,13,19,39,13,1,20,21,44,42,17.125,215,1,36.198814,-120.104462,78.522003,6,600,58,3,"e00fce686dc2ef0a68fa40b0",2026-09-30 06:10:03.071,2026-09-30 06:10:03.27,2026-09-30 06:10:03.27,2026-09-30
"374","TFD1fFIHKf","MOOSPMv3Parser",1790748600,3,3,0,5,5,0,0,5,5,0,783,219,219311,34,0,3,0,0,20,33,0,0,21,22,45,44,23.987,232,3277,1e-06,0.002349,16274.161133,12,600,58,3,"e00fce68e28dcbc9a589be10",2026-09-30 06:10:03.274,2026-09-30 06:10:03.451,2026-09-30 06:10:03.451,2026-09-30
"375","98NzDSkG2a","MOOSPMv3Parser",1790748601,6,6,4,7,7,4,4,8,8,4,1569,320,204734,43,30,2,30,30,18,55,30,1,19,19,52,53,21.685,197,1,35.775043,-119.238457,75.612999,10,600,58,3,"e00fce68e88237db75a60608",2026-09-30 06:10:03.879,2026-09-30 06:10:04.08,2026-09-30 06:10:04.08,2026-09-30
"376","FcyQwPS4tK","MOOSPMv3Parser",1790748600,5,5,0,7,7,0,0,8,8,0,1335,292,0,46,0,4,0,0,18,46,0,2,19,19,53,53,9.224,284,1,36.187477,-119.822052,30.643,7,600,58,3,"e00fce68e739ecbcf9e91965",2026-09-30 06:10:03.93,2026-09-30 06:10:04.225,2026-09-30 06:10:04.225,2026-09-30
"377","osHzlA03Cw","MOOSPMv3Parser",1790748601,13,13,7,16,16,7,7,16,16,7,2364,659,190996,74,51,4,51,51,17,69,51,0,16,18,74,65,8.456,204,1,36.523186,-119.2789,98.558998,5,600,58,3,"e00fce68f12da1a0c5de6248",2026-09-30 06:10:04.101,2026-09-30 06:10:04.314,2026-09-30 06:10:04.314,2026-09-30
"378","E3vMjCdsZ3","MOOSPMv3Parser",1790748600,1,1,2,2,2,2,3,2,2,3,533,119,341714,15,15,1,15,16,18,34,16,1,21,19,37,45,26.46,383,1,36.138889,-120.36834,164.591995,6,600,58,3,"e00fce6850cac69f647dc199",2026-09-30 06:10:04.361,2026-09-30 06:10:04.583,2026-09-30 06:10:04.583,2026-09-30
"379","wtdui5dF5e","MOOSPMv3Parser",1790748601,6,6,7,13,13,14,19,18,18,22,1341,406,243848,96,47,21,53,55,1,0,55,1,19,20,57,54,10.718,349,1,36.433578,-119.923378,23.594,8,600,58,3,"e00fce6876826e255108c6bd",2026-09-30 06:10:05.547,2026-09-30 06:10:05.794,2026-09-30 06:10:05.794,2026-09-30
"380","UDguNbbDEc","MOOSPMv3Parser",1790749200,5,5,3,7,7,4,4,7,7,4,1211,322,304398,41,25,2,26,26,17,50,26,0,18,18,52,51,19.149,176,1,35.949703,-119.049904,123.417,7,600,58,3,"e00fce6808784ceaf209f949",2026-09-30 06:20:02.269,2026-09-30 06:20:02.439,2026-09-30 06:20:02.439,2026-09-30
"381","1fFBnMFeaO","MOOSPMv3Parser",1790749201,0,0,2,0,0,2,2,0,0,2,228,136,70108,17,13,2,13,13,19,39,13,1,20,21,43,41,17.007,216,1,36.198826,-120.104401,88.935997,6,600,58,3,"e00fce686dc2ef0a68fa40b0",2026-09-30 06:20:02.29,2026-09-30 06:20:02.462,2026-09-30 06:20:02.462,2026-09-30
"382","HD69DTCDTS","MOOSPMv3Parser",1790749201,1,1,4,4,4,5,5,4,4,5,366,263,166920,46,33,6,33,33,19,43,33,1,21,20,51,49,12.211,219,1,35.963131,-119.291794,54.426998,6,600,58,3,"e00fce68d6b773b56ce8baa0",2026-09-30 06:20:02.724,2026-09-30 06:20:02.934,2026-09-30 06:20:02.934,2026-09-30
"383","MCyZTTnAKb","MOOSPMv3Parser",1790749200,3,3,2,4,4,2,3,4,4,3,1398,188,95951,20,14,2,14,14,18,41,14,1,19,19,46,48,23.417,218,1,36.503052,-120.325386,42.922001,10,600,58,3,"e00fce68e77e43df92405fdb",2026-09-30 06:20:02.86,2026-09-30 06:20:03.056,2026-09-30 06:20:03.056,2026-09-30
"384","8iHGrjbH3w","MOOSPMv3Parser",1790749200,3,3,0,5,5,0,0,6,6,0,812,225,219311,37,0,3,0,0,20,33,0,0,21,22,44,43,18.582,238,3277,1e-06,0.002349,16274.161133,12,600,58,3,"e00fce68e28dcbc9a589be10",2026-09-30 06:20:03.219,2026-09-30 06:20:03.405,2026-09-30 06:20:03.405,2026-09-30
"385","pz246y5ffc","MOOSPMv3Parser",1790749201,6,6,4,8,8,4,5,8,8,5,1537,324,204761,46,31,3,32,32,18,57,32,1,19,19,55,55,21.079,190,1,35.775036,-119.238525,62.917,11,600,58,3,"e00fce68e88237db75a60608",2026-09-30 06:20:03.809,2026-09-30 06:20:03.998,2026-09-30 06:20:03.998,2026-09-30
"386","eeV6GFBpPH","MOOSPMv3Parser",1790749200,5,5,0,8,8,0,0,9,9,0,1371,299,0,47,0,4,0,0,18,47,0,2,18,19,53,53,7.248,291,1,36.187489,-119.822075,22.579,8,600,58,3,"e00fce68e739ecbcf9e91965",2026-09-30 06:20:04.093,2026-09-30 06:20:04.286,2026-09-30 06:20:04.286,2026-09-30
"387","tokquy0eCt","MOOSPMv3Parser",1790749201,12,12,6,15,15,6,6,16,16,6,2244,626,191038,76,48,3,48,48,16,69,48,0,16,17,74,66,6.479,207,1,36.523273,-119.278954,100.561996,5,600,58,3,"e00fce68f12da1a0c5de6248",2026-09-30 06:20:04.136,2026-09-30 06:20:04.324,2026-09-30 06:20:04.324,2026-09-30
"388","qT12Xq1Mem","MOOSPMv3Parser",1790749200,2,2,2,3,3,2,3,3,3,3,560,128,341730,17,16,2,16,16,17,34,16,1,21,19,38,46,27.349,380,1,36.138954,-120.368416,164.542999,7,600,58,3,"e00fce6850cac69f647dc199",2026-09-30 06:20:04.36,2026-09-30 06:20:04.534,2026-09-30 06:20:04.534,2026-09-30
"389","SjYF1J0TrX","MOOSPMv3Parser",1790749201,7,7,7,13,13,14,19,17,17,22,1358,414,243881,89,49,18,56,57,0,0,57,1,19,20,56,55,9.877,439,1,36.43359,-119.923401,26.388,9,600,58,3,"e00fce6876826e255108c6bd",2026-09-30 06:20:05.561,2026-09-30 06:20:05.778,2026-09-30 06:20:05.778,2026-09-30
"390","wjUHewCt94","MOOSPMv3Parser",1790749800,5,5,3,8,8,4,4,8,8,4,1239,329,304417,48,26,3,26,26,17,49,26,1,18,18,51,51,18.709,176,1,35.949585,-119.050011,103.202003,7,600,58,3,"e00fce6808784ceaf209f949",2026-09-30 06:30:02.27,2026-09-30 06:30:02.476,2026-09-30 06:30:02.476,2026-09-30
"391","Iio1o7RhaL","MOOSPMv3Parser",1790749801,1,1,4,3,3,4,4,4,4,4,363,259,166945,39,30,5,31,31,19,44,31,1,21,20,51,50,14.796,194,1,35.96328,-119.291916,46.943001,6,600,58,3,"e00fce68d6b773b56ce8baa0",2026-09-30 06:30:02.483,2026-09-30 06:30:02.679,2026-09-30 06:30:02.679,2026-09-30
"392","bEcng10BPZ","MOOSPMv3Parser",1790749801,0,0,2,0,0,2,2,0,0,2,223,129,70235,17,12,2,13,13,19,39,13,1,20,21,43,41,16.872,224,1,36.19862,-120.104469,62.998001,10,599,58,3,"e00fce686dc2ef0a68fa40b0",2026-09-30 06:30:02.591,2026-09-30 06:30:02.776,2026-09-30 06:30:02.776,2026-09-30
"393","RWlih8dvMs","MOOSPMv3Parser",1790749800,3,3,2,4,4,2,3,4,4,3,1485,196,95962,18,13,1,14,14,18,40,14,1,19,19,46,48,22.166,219,1,36.503033,-120.325378,71.217003,8,600,58,3,"e00fce68e77e43df92405fdb",2026-09-30 06:30:02.942,2026-09-30 06:30:03.148,2026-09-30 06:30:03.148,2026-09-30
"394","OjUB5HTEaZ","MOOSPMv3Parser",1790749800,3,3,0,5,5,0,0,6,6,0,791,220,219311,35,0,3,0,0,20,33,0,0,21,22,44,43,18.534,218,3277,1e-06,0.002349,16274.161133,12,600,58,3,"e00fce68e28dcbc9a589be10",2026-09-30 06:30:03.385,2026-09-30 06:30:03.57,2026-09-30 06:30:03.57,2026-09-30
"395","rf4ZsRvk1g","MOOSPMv3Parser",1790749801,6,6,4,8,8,4,4,8,8,4,1552,322,204786,46,30,3,30,30,18,60,30,0,18,19,57,56,19.957,207,1,35.775055,-119.238533,68.333,7,600,58,3,"e00fce68e88237db75a60608",2026-09-30 06:30:03.879,2026-09-30 06:30:04.047,2026-09-30 06:30:04.047,2026-09-30
"396","oUpL6q0iJi","MOOSPMv3Parser",1790749801,12,12,6,15,15,7,7,15,15,7,2223,614,191081,76,49,3,50,50,16,70,50,0,15,17,76,66,6.287,199,1,36.523167,-119.279213,15.333,5,600,58,3,"e00fce68f12da1a0c5de6248",2026-09-30 06:30:04.125,2026-09-30 06:30:04.29,2026-09-30 06:30:04.29,2026-09-30
"397","313M0IVayq","MOOSPMv3Parser",1790749800,6,6,0,9,9,0,0,10,10,0,1503,338,0,53,0,5,0,0,18,47,0,2,19,18,51,53,7.837,289,1,36.187401,-119.822006,29.532,9,600,58,3,"e00fce68e739ecbcf9e91965",2026-09-30 06:30:04.092,2026-09-30 06:30:04.367,2026-09-30 06:30:04.367,2026-09-30
"398","0FFF6Pljkf","MOOSPMv3Parser",1790749800,2,2,2,3,3,3,3,3,3,3,550,129,341746,18,17,1,17,17,17,34,17,1,21,18,38,45,24.303,407,1,36.13903,-120.368294,164.796997,8,600,58,3,"e00fce6850cac69f647dc199",2026-09-30 06:30:04.358,2026-09-30 06:30:04.551,2026-09-30 06:30:04.551,2026-09-30
"399","yFV7GplTmu","MOOSPMv3Parser",1790749801,7,7,7,12,12,14,19,16,16,21,1400,424,243916,85,52,16,58,59,0,0,60,1,19,20,57,55,9.838,449,1,36.433624,-119.923317,34.169998,8,600,58,3,"e00fce6876826e255108c6bd",2026-09-30 06:30:05.575,2026-09-30 06:30:05.818,2026-09-30 06:30:05.818,2026-09-30
"400","rbG3eigMC5","MOOSPMv3Parser",1790750400,6,6,3,8,8,4,4,8,8,4,1216,324,304437,47,25,3,26,26,17,49,26,0,18,18,51,51,16.575,213,1,35.949856,-119.049919,135.598999,6,600,58,3,"e00fce6808784ceaf209f949",2026-09-30 06:40:02.419,2026-09-30 06:40:02.607,2026-09-30 06:40:02.607,2026-09-30
"401","ankUA2NKKT","MOOSPMv3Parser",1790750401,0,0,2,0,0,2,3,0,0,3,224,132,70129,17,14,2,14,14,19,38,14,1,19,21,43,41,16.332,199,1,36.19862,-120.104469,63,0,600,58,3,"e00fce686dc2ef0a68fa40b0",2026-09-30 06:40:02.822,2026-09-30 06:40:03.031,2026-09-30 06:40:03.031,2026-09-30
"402","PTS7Sma7Kp","MOOSPMv3Parser",1790750401,1,1,4,4,4,4,4,4,4,4,366,262,166971,43,32,5,32,32,18,44,32,1,21,20,51,50,12.89,210,1,35.963329,-119.292,17.403999,4,600,58,3,"e00fce68d6b773b56ce8baa0",2026-09-30 06:40:02.82,2026-09-30 06:40:03.059,2026-09-30 06:40:03.059,2026-09-30
"403","XCFqPYoCMk","MOOSPMv3Parser",1790750400,3,3,2,4,4,2,3,4,4,3,1526,197,95972,22,13,1,14,14,18,41,14,1,19,19,47,49,20.369,225,1,36.503105,-120.325409,51.620998,7,600,58,3,"e00fce68e77e43df92405fdb",2026-09-30 06:40:02.914,2026-09-30 06:40:03.093,2026-09-30 06:40:03.093,2026-09-30
"404","MXLpwIEGgw","MOOSPMv3Parser",1790750400,3,3,0,5,5,0,0,5,5,0,781,218,219311,33,0,2,0,0,20,33,0,0,21,22,44,43,23.676,191,3277,1e-06,0.002349,16274.161133,12,600,58,3,"e00fce68e28dcbc9a589be10",2026-09-30 06:40:03.242,2026-09-30 06:40:03.419,2026-09-30 06:40:03.419,2026-09-30
"405","y7le4zFAY7","MOOSPMv3Parser",1790750401,6,6,4,8,8,4,5,9,9,5,1592,335,204814,49,32,4,32,32,17,59,32,0,18,18,55,55,19.434,223,1,35.775028,-119.238495,72.469002,6,600,58,3,"e00fce68e88237db75a60608",2026-09-30 06:40:03.807,2026-09-30 06:40:03.998,2026-09-30 06:40:03.998,2026-09-30
"406","aEmO09wDeO","MOOSPMv3Parser",1790750400,6,6,0,10,10,0,0,11,11,0,1588,365,0,59,0,6,0,0,18,47,0,2,19,18,50,53,12.206,261,1,36.187466,-119.822121,25.687,9,600,58,3,"e00fce68e739ecbcf9e91965",2026-09-30 06:40:04,2026-09-30 06:40:04.207,2026-09-30 06:40:04.207,2026-09-30
"407","Xr4Bgo07xf","MOOSPMv3Parser",1790750401,11,11,6,14,14,7,7,15,15,7,2140,592,191125,72,49,3,50,50,16,68,50,0,16,17,72,64,10.475,176,1,36.523289,-119.279144,62.168999,6,600,58,3,"e00fce68f12da1a0c5de6248",2026-09-30 06:40:04.108,2026-09-30 06:40:04.287,2026-09-30 06:40:04.287,2026-09-30
"408","ybXOjoOjvn","MOOSPMv3Parser",1790750400,2,2,2,3,3,3,3,3,3,3,574,135,341762,19,17,2,18,18,17,36,18,1,20,18,39,47,23.762,408,1,36.138912,-120.368439,169.429993,8,600,58,3,"e00fce6850cac69f647dc199",2026-09-30 06:40:04.562,2026-09-30 06:40:04.775,2026-09-30 06:40:04.775,2026-09-30
"409","RN2mvVmBWZ","MOOSPMv3Parser",1790750401,6,6,7,13,13,14,20,19,19,23,1349,406,243950,93,50,23,57,58,0,0,58,1,18,20,59,56,9.722,477,1,36.433605,-119.923363,29.972,6,600,58,3,"e00fce6876826e255108c6bd",2026-09-30 06:40:05.637,2026-09-30 06:40:05.814,2026-09-30 06:40:05.814,2026-09-30
"410","bCpWOrZeRp","MOOSPMv3Parser",1790751000,5,5,3,7,7,4,4,8,8,4,1185,315,304456,41,25,3,25,25,17,48,25,0,18,18,52,51,19.266,184,1,35.949566,-119.049812,134.563004,7,600,58,3,"e00fce6808784ceaf209f949",2026-09-30 06:50:02.269,2026-09-30 06:50:02.437,2026-09-30 06:50:02.437,2026-09-30
"411","HRzg9v4Nv8","MOOSPMv3Parser",1790751001,0,0,4,3,3,4,4,4,4,4,348,250,166995,40,31,5,31,31,18,44,31,1,21,20,51,50,12.022,213,1,35.963364,-119.292068,26.452999,5,600,58,3,"e00fce68d6b773b56ce8baa0",2026-09-30 06:50:02.401,2026-09-30 06:50:02.646,2026-09-30 06:50:02.646,2026-09-30
"412","MLqjKD3pvp","MOOSPMv3Parser",1790751000,3,3,2,4,4,2,3,4,4,3,1623,211,95982,21,12,2,13,13,18,42,13,1,18,19,48,49,17.341,229,1,36.502983,-120.325378,50.255001,8,600,58,3,"e00fce68e77e43df92405fdb",2026-09-30 06:50:03.083,2026-09-30 06:50:03.25,2026-09-30 06:50:03.25,2026-09-30
"413","GiIhl1y4KA","MOOSPMv3Parser",1790751001,0,0,2,0,0,2,2,0,0,2,217,126,70256,15,12,1,13,13,19,38,13,1,19,21,43,40,16.021,199,1,36.198742,-120.104462,92.459,10,599,58,3,"e00fce686dc2ef0a68fa40b0",2026-09-30 06:50:03.14,2026-09-30 06:50:03.285,2026-09-30 06:50:03.285,2026-09-30
"414","FoBVMK3oGX","MOOSPMv3Parser",1790751000,3,3,0,5,5,0,0,5,5,0,798,220,219311,32,0,2,0,0,20,33,0,0,21,21,44,44,25.676,197,3277,1e-06,0.002349,16274.161133,12,600,58,3,"e00fce68e28dcbc9a589be10",2026-09-30 06:50:03.229,2026-09-30 06:50:03.374,2026-09-30 06:50:03.374,2026-09-30
"415","fGMzGaBJni","MOOSPMv3Parser",1790751001,6,6,4,9,9,5,5,9,9,5,1651,347,204842,50,33,2,34,34,17,59,34,0,18,18,56,56,19.564,220,1,35.77504,-119.238541,62.694,11,600,58,3,"e00fce68e88237db75a60608",2026-09-30 06:50:04.04,2026-09-30 06:50:04.19,2026-09-30 06:50:04.19,2026-09-30
"416","Px01JCbm5H","MOOSPMv3Parser",1790751000,6,6,0,9,9,0,0,10,10,0,1518,339,0,53,0,5,0,0,18,46,0,2,19,18,50,53,12.1,246,1,36.187496,-119.822021,37.284,7,600,58,3,"e00fce68e739ecbcf9e91965",2026-09-30 06:50:04.002,2026-09-30 06:50:04.201,2026-09-30 06:50:04.201,2026-09-30
"417","gLah5sEqOu","MOOSPMv3Parser",1790751001,11,11,6,14,14,6,6,15,15,6,2116,588,191166,69,48,3,48,48,16,67,48,0,16,17,70,63,11.976,190,1,36.523365,-119.279121,66.857002,6,600,58,3,"e00fce68f12da1a0c5de6248",2026-09-30 06:50:04.162,2026-09-30 06:50:04.375,2026-09-30 06:50:04.375,2026-09-30
"418","glhg9AZGtj","MOOSPMv3Parser",1790751000,2,2,2,3,3,3,3,4,4,4,617,147,341778,22,18,2,19,19,17,37,19,1,20,18,40,48,25.013,399,1,36.138935,-120.368431,159.621994,10,600,58,3,"e00fce6850cac69f647dc199",2026-09-30 06:50:04.345,2026-09-30 06:50:04.529,2026-09-30 06:50:04.529,2026-09-30
"419","8mDxPYobJD","MOOSPMv3Parser",1790751001,6,6,7,12,12,14,19,17,17,22,1237,380,243982,82,46,20,53,54,0,0,54,1,18,19,59,56,9.751,477,1,36.433605,-119.923363,29.973,0,600,58,3,"e00fce6876826e255108c6bd",2026-09-30 06:50:05.627,2026-09-30 06:50:05.851,2026-09-30 06:50:05.851,2026-09-30
"420","bXzSHTd7L0","MOOSPMv3Parser",1790751601,0,0,2,0,0,2,2,0,0,3,201,110,70267,14,13,1,13,13,19,37,13,1,19,21,42,39,17.641,172,1,36.19883,-120.104454,74.311996,9,599,58,3,"e00fce686dc2ef0a68fa40b0",2026-09-30 07:00:02.121,2026-09-30 07:00:02.312,2026-09-30 07:00:02.312,2026-09-30
"421","kZjWBnyuPF","MOOSPMv3Parser",1790751600,5,5,3,8,8,4,4,8,8,4,1211,325,304477,45,26,4,27,27,17,51,27,1,18,18,55,53,17.196,214,1,35.949581,-119.049942,112.904999,7,600,58,3,"e00fce6808784ceaf209f949",2026-09-30 07:00:02.268,2026-09-30 07:00:02.544,2026-09-30 07:00:02.544,2026-09-30
"422","MEHCIo1y7z","MOOSPMv3Parser",1790751601,1,1,4,4,4,5,5,4,4,5,377,273,167023,45,34,6,34,34,18,44,34,1,21,19,51,50,11.882,214,1,35.963146,-119.291878,32.651001,5,600,58,3,"e00fce68d6b773b56ce8baa0",2026-09-30 07:00:02.655,2026-09-30 07:00:02.896,2026-09-30 07:00:02.896,2026-09-30
"423","BIj48QqiDR","MOOSPMv3Parser",1790751600,3,3,2,4,4,2,3,4,4,3,1796,221,95993,22,13,2,13,14,18,42,14,1,18,18,49,49,22.843,210,1,36.503098,-120.325417,46.41,9,600,58,3,"e00fce68e77e43df92405fdb",2026-09-30 07:00:02.851,2026-09-30 07:00:03.049,2026-09-30 07:00:03.049,2026-09-30
"424","iNrpERlkzf","MOOSPMv3Parser",1790751600,3,3,0,5,5,0,0,5,5,0,764,213,219311,32,0,3,0,0,20,33,0,0,21,21,44,44,25.657,182,3277,1e-06,0.002349,16274.161133,12,600,58,3,"e00fce68e28dcbc9a589be10",2026-09-30 07:00:03.21,2026-09-30 07:00:03.398,2026-09-30 07:00:03.398,2026-09-30
"425","3i4euj7kUw","MOOSPMv3Parser",1790751601,7,7,5,10,10,5,5,10,10,5,1880,399,204873,57,35,4,36,36,17,60,36,1,18,18,55,56,18.542,222,1,35.77507,-119.238571,68.789001,9,600,58,3,"e00fce68e88237db75a60608",2026-09-30 07:00:03.879,2026-09-30 07:00:04.088,2026-09-30 07:00:04.088,2026-09-30
"426","NpChAlSfD2","MOOSPMv3Parser",1790751600,5,5,0,9,9,0,0,9,9,0,1468,326,0,55,0,5,0,0,18,47,0,2,18,18,52,53,10.866,246,1,36.1875,-119.821884,37.858002,6,600,58,3,"e00fce68e739ecbcf9e91965",2026-09-30 07:00:04.001,2026-09-30 07:00:04.211,2026-09-30 07:00:04.211,2026-09-30
"427","GeLZlkwAB2","MOOSPMv3Parser",1790751601,11,11,6,14,14,6,6,15,15,6,2156,592,191208,72,47,3,47,47,16,69,47,0,15,17,75,65,8.176,192,1,36.523365,-119.279121,66.862,0,600,58,3,"e00fce68f12da1a0c5de6248",2026-09-30 07:00:04.108,2026-09-30 07:00:04.371,2026-09-30 07:00:04.371,2026-09-30
"428","NiR0feYChv","MOOSPMv3Parser",1790751600,2,2,2,3,3,3,3,4,4,3,624,152,341794,23,18,2,19,19,17,37,19,1,20,18,40,48,24.185,403,1,36.138935,-120.368431,159.626007,0,600,58,3,"e00fce6850cac69f647dc199",2026-09-30 07:00:04.352,2026-09-30 07:00:04.53,2026-09-30 07:00:04.53,2026-09-30
"429","UiHUMQmIhi","MOOSPMv3Parser",1790751601,6,6,6,11,11,11,15,15,15,17,1252,386,244014,77,44,13,49,50,0,0,50,1,18,19,63,59,10.319,425,1,36.433624,-119.923294,27.507999,9,600,58,3,"e00fce6876826e255108c6bd",2026-09-30 07:00:05.617,2026-09-30 07:00:05.766,2026-09-30 07:00:05.766,2026-09-30
"430","ErOmy0he32","MOOSPMv3Parser",1790752200,5,5,3,8,8,4,4,8,8,4,1181,319,304496,45,25,4,26,26,17,49,26,1,17,18,53,51,17.94,197,1,35.949669,-119.050018,128.845001,6,600,58,3,"e00fce6808784ceaf209f949",2026-09-30 07:10:02.43,2026-09-30 07:10:02.611,2026-09-30 07:10:02.611,2026-09-30
"431","AG1OyLDPmC","MOOSPMv3Parser",1790752201,2,2,5,5,5,6,6,5,5,6,402,298,167057,49,40,6,41,41,18,44,41,1,21,19,51,51,12.005,225,1,35.963215,-119.291931,41.122002,5,600,58,3,"e00fce68d6b773b56ce8baa0",2026-09-30 07:10:02.518,2026-09-30 07:10:02.733,2026-09-30 07:10:02.733,2026-09-30
"432","96rKU2HgO3","MOOSPMv3Parser",1790752201,0,0,2,0,0,2,3,0,0,3,199,110,70277,14,13,2,13,13,19,37,13,1,19,20,42,39,17.312,175,1,36.198971,-120.104408,81.287003,10,599,58,3,"e00fce686dc2ef0a68fa40b0",2026-09-30 07:10:02.536,2026-09-30 07:10:02.744,2026-09-30 07:10:02.744,2026-09-30
"433","td8Pde2ew2","MOOSPMv3Parser",1790752200,6,6,2,7,7,2,3,7,7,3,3425,416,96003,18,13,1,13,13,18,42,14,1,18,18,49,49,22.923,209,1,36.503162,-120.325424,61.983002,9,600,58,3,"e00fce68e77e43df92405fdb",2026-09-30 07:10:02.968,2026-09-30 07:10:03.204,2026-09-30 07:10:03.204,2026-09-30
"434","FZgTJSFZ16","MOOSPMv3Parser",1790752200,3,3,0,5,5,0,0,5,5,0,786,217,219311,35,0,2,0,0,20,34,0,0,20,21,44,44,27.756,181,3277,1e-06,0.002349,16274.161133,12,600,58,3,"e00fce68e28dcbc9a589be10",2026-09-30 07:10:03.348,2026-09-30 07:10:03.562,2026-09-30 07:10:03.562,2026-09-30
"435","C8pazBToAW","MOOSPMv3Parser",1790752201,8,8,5,10,10,5,5,11,11,6,2025,436,204907,58,39,3,39,39,17,60,39,0,18,18,55,56,17.142,232,1,35.775112,-119.23851,64.328003,10,600,58,3,"e00fce68e88237db75a60608",2026-09-30 07:10:03.807,2026-09-30 07:10:03.988,2026-09-30 07:10:03.988,2026-09-30
"436","vsJU6u1YhR","MOOSPMv3Parser",1790752200,6,6,0,9,9,0,0,10,10,0,1500,337,0,54,0,7,0,0,18,46,0,2,20,19,48,53,13.531,222,1,36.187527,-119.822067,28.568001,12,600,58,3,"e00fce68e739ecbcf9e91965",2026-09-30 07:10:04.014,2026-09-30 07:10:04.202,2026-09-30 07:10:04.202,2026-09-30
"437","8FhB9WO6Uh","MOOSPMv3Parser",1790752201,12,12,6,15,15,6,6,16,16,6,2209,614,191248,74,46,3,47,47,16,70,47,0,15,17,75,66,7.809,176,1,36.523655,-119.279175,44.160999,6,600,58,3,"e00fce68f12da1a0c5de6248",2026-09-30 07:10:04.205,2026-09-30 07:10:04.377,2026-09-30 07:10:04.377,2026-09-30
"438","lI1kHDmPnh","MOOSPMv3Parser",1790752200,2,2,2,3,3,3,3,3,3,3,622,145,341810,21,18,2,18,18,17,37,18,1,20,17,40,47,24.822,405,1,36.138939,-120.368431,171.115997,14,600,58,3,"e00fce6850cac69f647dc199",2026-09-30 07:10:04.361,2026-09-30 07:10:04.594,2026-09-30 07:10:04.594,2026-09-30
"439","vDAAyAD9H2","MOOSPMv3Parser",1790752201,7,7,7,12,12,10,13,16,16,14,1388,428,244050,78,48,13,52,53,1,1,53,1,18,19,63,61,8.993,485,1,36.433632,-119.923355,22.334,8,600,58,3,"e00fce6876826e255108c6bd",2026-09-30 07:10:05.63,2026-09-30 07:10:05.787,2026-09-30 07:10:05.787,2026-09-30
"440","SX1m5CFW9Z","MOOSPMv3Parser",1790752800,6,6,3,8,8,4,4,8,8,4,1277,326,305023,45,24,2,25,25,17,49,25,1,17,18,55,51,14.914,228,1,35.949669,-119.050018,128.843994,0,599,58,3,"e00fce6808784ceaf209f949",2026-09-30 07:20:02.269,2026-09-30 07:20:02.491,2026-09-30 07:20:02.491,2026-09-30
"441","yoAViZrmsq","MOOSPMv3Parser",1790752801,2,2,5,5,5,6,6,5,5,6,403,299,167091,53,41,6,42,42,18,45,42,1,21,19,51,51,12.332,223,1,35.963207,-119.291901,24.705,6,600,58,3,"e00fce68d6b773b56ce8baa0",2026-09-30 07:20:02.513,2026-09-30 07:20:02.736,2026-09-30 07:20:02.736,2026-09-30
"442","qvi0FDGXX7","MOOSPMv3Parser",1790752801,0,0,1,0,0,2,2,0,0,3,189,102,70286,13,11,1,12,12,19,37,12,1,19,20,42,39,17.111,181,1,36.198891,-120.104454,68.638,9,599,58,3,"e00fce686dc2ef0a68fa40b0",2026-09-30 07:20:02.776,2026-09-30 07:20:02.956,2026-09-30 07:20:02.956,2026-09-30
"443","GH5alGmMgb","MOOSPMv3Parser",1790752800,12,11,2,13,13,2,3,13,13,3,6148,760,96014,19,13,2,14,14,17,42,14,1,17,18,49,49,22.448,210,1,36.503162,-120.325424,61.981998,0,600,58,3,"e00fce68e77e43df92405fdb",2026-09-30 07:20:03.015,2026-09-30 07:20:03.196,2026-09-30 07:20:03.196,2026-09-30
"444","7fUBiNE6uF","MOOSPMv3Parser",1790752800,3,3,0,5,5,0,0,5,5,0,790,217,219311,33,0,2,0,0,20,34,0,0,20,21,45,44,25.807,192,3277,1e-06,0.002349,16274.161133,12,600,58,3,"e00fce68e28dcbc9a589be10",2026-09-30 07:20:03.27,2026-09-30 07:20:03.5,2026-09-30 07:20:03.5,2026-09-30
"445","UWtAVxTct9","MOOSPMv3Parser",1790752801,8,8,5,11,11,5,5,12,12,5,1957,421,204940,68,37,6,37,38,17,61,38,0,19,18,55,57,16.872,238,1,35.775112,-119.23851,64.331001,0,600,58,3,"e00fce68e88237db75a60608",2026-09-30 07:20:03.909,2026-09-30 07:20:04.18,2026-09-30 07:20:04.18,2026-09-30
"446","YIGjfHR7G3","MOOSPMv3Parser",1790752800,6,6,0,9,9,0,0,10,10,0,1559,341,0,54,0,8,0,0,18,45,0,2,20,19,48,52,14.874,207,1,36.187489,-119.822136,18.344,11,600,58,3,"e00fce68e739ecbcf9e91965",2026-09-30 07:20:04.02,2026-09-30 07:20:04.236,2026-09-30 07:20:04.236,2026-09-30
"447","ijtTekDTg0","MOOSPMv3Parser",1790752801,12,12,6,15,15,6,6,16,16,6,2293,637,191289,75,47,3,47,47,16,70,48,0,14,17,80,67,6.414,159,1,36.523411,-119.278847,76.676003,6,600,58,3,"e00fce68f12da1a0c5de6248",2026-09-30 07:20:04.246,2026-09-30 07:20:04.472,2026-09-30 07:20:04.472,2026-09-30
"448","VMqQlyDn0z","MOOSPMv3Parser",1790752800,2,2,2,3,3,3,3,3,3,3,624,146,341826,20,17,2,18,18,16,38,18,1,20,17,40,48,28.655,381,1,36.138912,-120.368439,165.468994,9,600,58,3,"e00fce6850cac69f647dc199",2026-09-30 07:20:04.371,2026-09-30 07:20:04.588,2026-09-30 07:20:04.588,2026-09-30
"449","WhblFKQ3Ej","MOOSPMv3Parser",1790752801,7,7,7,13,13,11,13,16,16,15,1424,435,244089,84,51,16,55,55,1,0,56,1,17,19,63,61,8.695,489,1,36.433498,-119.92334,12.975,11,600,58,3,"e00fce6876826e255108c6bd",2026-09-30 07:20:05.627,2026-09-30 07:20:05.825,2026-09-30 07:20:05.825,2026-09-30
"450","oohFNBrAWf","MOOSPMv3Parser",1790753400,6,6,3,8,8,3,4,8,8,4,1231,319,304533,42,24,3,25,25,17,50,25,0,17,18,56,52,12.843,240,1,35.949593,-119.049927,113.639,8,600,58,3,"e00fce6808784ceaf209f949",2026-09-30 07:30:02.274,2026-09-30 07:30:02.474,2026-09-30 07:30:02.474,2026-09-30
"451","rn85jNe3QS","MOOSPMv3Parser",1790753401,1,1,4,4,4,5,5,4,4,5,368,264,167119,46,35,6,35,35,18,46,35,1,21,19,51,52,14.309,206,1,35.963146,-119.291809,42.613998,6,600,58,3,"e00fce68d6b773b56ce8baa0",2026-09-30 07:30:02.413,2026-09-30 07:30:02.619,2026-09-30 07:30:02.619,2026-09-30
"452","xwaYkgl3aW","MOOSPMv3Parser",1790753400,4,4,2,5,5,2,2,6,6,3,2759,306,96025,19,13,2,14,14,17,41,14,1,18,18,48,48,21.752,211,1,36.503078,-120.325417,50.039001,10,600,58,3,"e00fce68e77e43df92405fdb",2026-09-30 07:30:03.011,2026-09-30 07:30:03.202,2026-09-30 07:30:03.202,2026-09-30
"453","F5tO6HoSUH","MOOSPMv3Parser",1790753401,0,0,1,0,0,2,2,0,0,2,189,101,70294,12,10,2,11,11,19,37,11,1,19,20,41,38,15.263,217,1,36.198902,-120.104324,89.467003,7,599,58,3,"e00fce686dc2ef0a68fa40b0",2026-09-30 07:30:03.141,2026-09-30 07:30:03.307,2026-09-30 07:30:03.307,2026-09-30
"454","tbDX2e9Bnp","MOOSPMv3Parser",1790753400,4,4,0,6,6,0,0,6,6,0,845,233,219311,38,0,3,0,0,20,34,0,0,20,21,45,44,22.51,223,3277,1e-06,0.002349,16274.161133,12,600,58,3,"e00fce68e28dcbc9a589be10",2026-09-30 07:30:03.232,2026-09-30 07:30:03.419,2026-09-30 07:30:03.419,2026-09-30
"455","V3yxqh8Bfj","MOOSPMv3Parser",1790753401,7,7,5,10,10,5,6,10,10,6,1816,386,204972,55,37,4,38,38,17,61,38,1,18,18,56,57,17.527,230,1,35.775074,-119.238503,67.764,7,600,58,3,"e00fce68e88237db75a60608",2026-09-30 07:30:03.87,2026-09-30 07:30:04.035,2026-09-30 07:30:04.035,2026-09-30
"456","aHM4AUNWJ6","MOOSPMv3Parser",1790753400,6,6,0,9,9,0,0,9,9,0,1519,335,0,54,0,4,0,0,18,45,0,2,19,19,50,52,13.755,210,2,36.187531,-119.822083,18.034,10,600,58,3,"e00fce68e739ecbcf9e91965",2026-09-30 07:30:04.236,2026-09-30 07:30:04.415,2026-09-30 07:30:04.415,2026-09-30
"457","2giohXmg53","MOOSPMv3Parser",1790753401,13,13,6,17,17,7,7,18,18,7,2540,700,191333,83,50,3,51,51,16,72,51,0,14,17,79,68,7.894,142,1,36.523369,-119.278877,90.595001,8,600,58,3,"e00fce68f12da1a0c5de6248",2026-09-30 07:30:04.217,2026-09-30 07:30:04.434,2026-09-30 07:30:04.434,2026-09-30
"458","iuPvLtUyVM","MOOSPMv3Parser",1790753400,2,2,2,3,3,3,3,3,3,3,590,143,341842,19,17,2,18,18,16,37,18,1,20,17,40,47,27.236,386,1,36.138931,-120.368378,162.149994,9,600,58,3,"e00fce6850cac69f647dc199",2026-09-30 07:30:04.429,2026-09-30 07:30:04.622,2026-09-30 07:30:04.622,2026-09-30
"459","8eGiVWoVY1","MOOSPMv3Parser",1790753401,7,7,7,12,12,10,13,15,15,15,1348,414,244126,79,49,12,53,53,1,1,54,1,17,19,60,57,8.719,489,1,36.433655,-119.923325,30.964001,6,600,58,3,"e00fce6876826e255108c6bd",2026-09-30 07:30:05.626,2026-09-30 07:30:05.856,2026-09-30 07:30:05.856,2026-09-30
"460","gsmA9Q1MDn","MOOSPMv3Parser",1790754001,0,0,1,0,0,2,2,0,0,2,182,96,70301,12,9,1,9,9,19,37,9,1,19,20,41,39,16.303,173,1,36.198856,-120.104469,86.702003,5,599,58,3,"e00fce686dc2ef0a68fa40b0",2026-09-30 07:40:02.152,2026-09-30 07:40:02.363,2026-09-30 07:40:02.363,2026-09-30
"461","Rhu5BcoDS4","MOOSPMv3Parser",1790754000,6,6,3,8,8,4,4,9,9,4,1291,346,304552,46,25,3,25,25,17,51,25,0,17,18,56,53,14.083,229,1,35.949547,-119.049957,113.133003,6,600,58,3,"e00fce6808784ceaf209f949",2026-09-30 07:40:02.196,2026-09-30 07:40:02.385,2026-09-30 07:40:02.385,2026-09-30
"462","qFpIHQJwI1","MOOSPMv3Parser",1790754001,1,1,5,4,4,5,5,5,5,5,379,272,167149,46,35,5,36,36,18,46,36,1,21,18,51,53,14.056,204,1,35.963219,-119.291946,43.820999,6,600,58,3,"e00fce68d6b773b56ce8baa0",2026-09-30 07:40:02.49,2026-09-30 07:40:02.651,2026-09-30 07:40:02.651,2026-09-30
"463","YCP0ZFxqV9","MOOSPMv3Parser",1790754000,3,3,2,4,4,2,2,4,4,3,2063,206,96036,15,13,1,13,13,17,41,13,1,18,18,47,49,22.235,204,1,36.503159,-120.325386,55.344002,9,600,58,3,"e00fce68e77e43df92405fdb",2026-09-30 07:40:02.918,2026-09-30 07:40:03.112,2026-09-30 07:40:03.112,2026-09-30
"464","tmvAGFOQ67","MOOSPMv3Parser",1790754000,3,3,0,5,5,0,0,6,6,0,785,218,219311,37,0,3,0,0,20,37,0,0,20,21,49,48,22.414,200,3277,1e-06,0.002349,16274.161133,12,600,58,3,"e00fce68e28dcbc9a589be10",2026-09-30 07:40:03.274,2026-09-30 07:40:03.47,2026-09-30 07:40:03.47,2026-09-30
"465","AYq27P0Tdd","MOOSPMv3Parser",1790754001,7,7,4,9,9,5,5,10,10,5,1808,384,205003,55,35,3,35,35,17,62,35,0,18,18,57,57,18.177,218,1,35.775005,-119.238518,67.488998,10,600,58,3,"e00fce68e88237db75a60608",2026-09-30 07:40:03.826,2026-09-30 07:40:04.005,2026-09-30 07:40:04.005,2026-09-30
"466","ll4GGyCuBj","MOOSPMv3Parser",1790754001,13,13,7,16,16,7,7,17,17,7,2498,694,191379,81,52,2,52,52,16,72,52,0,14,16,77,68,7.677,155,1,36.523281,-119.278877,88.514,7,600,58,3,"e00fce68f12da1a0c5de6248",2026-09-30 07:40:04.187,2026-09-30 07:40:04.352,2026-09-30 07:40:04.352,2026-09-30
"467","3owf6zQqZo","MOOSPMv3Parser",1790754000,6,6,0,9,9,0,0,10,10,0,1589,345,0,53,0,7,0,0,18,46,0,2,18,19,52,53,10.943,229,2,36.187531,-119.822083,18.034,0,600,58,3,"e00fce68e739ecbcf9e91965",2026-09-30 07:40:04.164,2026-09-30 07:40:04.419,2026-09-30 07:40:04.419,2026-09-30
"468","ewl8XWifr6","MOOSPMv3Parser",1790754000,1,1,2,2,2,3,3,2,2,3,546,122,341858,16,17,1,17,17,16,37,17,1,20,17,40,47,31.08,363,1,36.139004,-120.368195,192.296997,8,600,58,3,"e00fce6850cac69f647dc199",2026-09-30 07:40:04.356,2026-09-30 07:40:04.533,2026-09-30 07:40:04.533,2026-09-30
"469","wZMtitbboP","MOOSPMv3Parser",1790754001,6,6,7,12,12,12,15,16,16,17,1291,396,244162,86,51,17,55,56,0,0,56,1,17,18,61,57,8.644,491,1,36.433678,-119.923332,36.966,7,600,58,3,"e00fce6876826e255108c6bd",2026-09-30 07:40:05.557,2026-09-30 07:40:05.751,2026-09-30 07:40:05.751,2026-09-30
"470","WufdhKN4Ua","MOOSPMv3Parser",1790754600,6,6,3,8,8,4,4,8,8,4,1244,331,304572,45,25,2,26,26,17,52,26,0,17,18,56,53,15.797,209,1,35.949669,-119.050011,121.873001,8,600,58,3,"e00fce6808784ceaf209f949",2026-09-30 07:50:02.203,2026-09-30 07:50:02.372,2026-09-30 07:50:02.372,2026-09-30
"471","fe1uMhPCX1","MOOSPMv3Parser",1790754601,1,1,4,3,3,4,4,4,4,4,342,247,167175,40,31,4,31,32,17,46,32,0,21,18,51,52,14.106,199,1,35.963188,-119.291985,27.759001,5,600,58,3,"e00fce68d6b773b56ce8baa0",2026-09-30 07:50:02.579,2026-09-30 07:50:02.761,2026-09-30 07:50:02.761,2026-09-30
"472","TrG4PZtiGw","MOOSPMv3Parser",1790754601,0,0,2,0,0,2,2,0,0,2,184,97,70310,14,12,2,12,12,19,37,12,1,19,20,40,38,18.246,156,1,36.198845,-120.104408,79.780998,6,599,58,3,"e00fce686dc2ef0a68fa40b0",2026-09-30 07:50:02.622,2026-09-30 07:50:02.84,2026-09-30 07:50:02.84,2026-09-30
"473","qpVG3PJLyP","MOOSPMv3Parser",1790754600,2,2,2,3,3,2,2,4,4,3,1421,182,96048,18,14,1,14,14,17,42,14,1,17,18,48,49,21.78,199,1,36.503201,-120.325455,57.599998,6,600,58,3,"e00fce68e77e43df92405fdb",2026-09-30 07:50:02.91,2026-09-30 07:50:03.103,2026-09-30 07:50:03.103,2026-09-30
"474","vPDZ5qHjoO","MOOSPMv3Parser",1790754600,4,4,0,6,6,0,0,6,6,0,858,236,219311,38,0,3,0,0,19,38,0,0,18,20,54,48,14.434,229,3277,1e-06,0.002349,16274.161133,12,600,58,3,"e00fce68e28dcbc9a589be10",2026-09-30 07:50:03.253,2026-09-30 07:50:03.499,2026-09-30 07:50:03.499,2026-09-30
"475","FFWpRGnUbk","MOOSPMv3Parser",1790754601,7,7,5,10,10,5,5,10,10,5,1978,409,205035,57,38,4,38,38,17,62,38,0,18,18,57,57,17.602,216,1,35.775066,-119.238518,70.263,11,600,58,3,"e00fce68e88237db75a60608",2026-09-30 07:50:03.951,2026-09-30 07:50:04.16,2026-09-30 07:50:04.16,2026-09-30
"476","ZZeFuG76SQ","MOOSPMv3Parser",1790754600,6,6,0,9,9,0,0,10,10,0,1499,330,0,53,0,6,0,0,18,46,0,2,17,19,54,52,9.392,235,1,36.187473,-119.822151,21.388,7,600,58,3,"e00fce68e739ecbcf9e91965",2026-09-30 07:50:04.021,2026-09-30 07:50:04.229,2026-09-30 07:50:04.229,2026-09-30
"477","KWcg53imKU","MOOSPMv3Parser",1790754600,2,2,2,3,3,3,3,3,3,3,574,133,341874,20,17,1,17,18,16,37,18,1,19,17,40,48,29.345,369,1,36.138912,-120.368408,179.929001,7,600,58,3,"e00fce6850cac69f647dc199",2026-09-30 07:50:04.35,2026-09-30 07:50:04.535,2026-09-30 07:50:04.535,2026-09-30
"478","8mw56rmLiZ","MOOSPMv3Parser",1790754601,13,13,6,16,16,7,7,17,17,7,2481,681,191423,84,50,3,50,50,16,72,50,0,14,16,78,67,6.284,156,1,36.523354,-119.278793,73.995003,7,600,58,3,"e00fce68f12da1a0c5de6248",2026-09-30 07:50:04.495,2026-09-30 07:50:04.672,2026-09-30 07:50:04.672,2026-09-30
"479","AJvKDPKrn8","MOOSPMv3Parser",1790754601,6,6,6,11,11,10,12,14,14,13,1271,388,244196,76,47,11,50,50,1,1,51,1,17,18,62,59,9.679,481,1,36.433651,-119.92337,24.190001,8,600,58,3,"e00fce6876826e255108c6bd",2026-09-30 07:50:05.645,2026-09-30 07:50:05.818,2026-09-30 07:50:05.818,2026-09-30
"480","wJRkUL3C6N","MOOSPMv3Parser",1790755201,0,0,1,0,0,1,2,0,0,2,179,93,70317,11,8,1,8,9,19,37,9,1,19,20,41,39,18.648,144,1,36.198814,-120.10434,80.746002,7,599,58,3,"e00fce686dc2ef0a68fa40b0",2026-09-30 08:00:02.927,2026-09-30 08:00:03.223,2026-09-30 08:00:03.223,2026-09-30
"481","6q1cByjMLB","MOOSPMv3Parser",1790755201,0,0,4,3,3,4,4,3,3,4,331,235,167199,38,30,5,30,30,17,45,30,0,17,18,55,52,14.401,190,1,35.963188,-119.291985,27.766001,0,600,58,3,"e00fce68d6b773b56ce8baa0",2026-09-30 08:00:02.898,2026-09-30 08:00:03.237,2026-09-30 08:00:03.237,2026-09-30
"482","PPWJcBljiq","MOOSPMv3Parser",1790755200,2,2,2,3,3,2,3,4,4,3,1408,180,96060,17,14,1,14,14,17,41,14,1,17,18,47,48,21.053,203,1,36.503075,-120.325424,38.733002,8,600,58,3,"e00fce68e77e43df92405fdb",2026-09-30 08:00:03.187,2026-09-30 08:00:03.381,2026-09-30 08:00:03.381,2026-09-30
"483","gBOIuvyoHb","MOOSPMv3Parser",1790755200,4,4,0,5,5,0,0,6,6,0,842,233,219311,37,0,2,0,0,19,37,0,0,17,20,53,47,14.355,229,3277,1e-06,0.002349,16274.161133,12,600,58,3,"e00fce68e28dcbc9a589be10",2026-09-30 08:00:03.406,2026-09-30 08:00:03.641,2026-09-30 08:00:03.641,2026-09-30
"484","D125QMceE4","MOOSPMv3Parser",1790755201,7,7,5,10,10,5,5,11,11,5,2172,416,205067,58,36,3,37,37,17,64,37,0,18,18,58,59,17.182,214,1,35.774952,-119.238518,58.257999,13,600,58,3,"e00fce68e88237db75a60608",2026-09-30 08:00:03.869,2026-09-30 08:00:04.032,2026-09-30 08:00:04.032,2026-09-30
"485","fBRQrbqBAD","MOOSPMv3Parser",1790755200,6,6,0,9,9,0,0,9,9,0,1485,336,0,54,0,5,0,0,17,51,0,2,15,18,64,57,5.694,244,1,36.187523,-119.82206,16.688,11,600,58,3,"e00fce68e739ecbcf9e91965",2026-09-30 08:00:04.111,2026-09-30 08:00:04.329,2026-09-30 08:00:04.329,2026-09-30
"486","Id6DRoHbCl","MOOSPMv3Parser",1790755201,13,13,6,17,17,7,7,18,18,7,2534,700,191466,85,50,3,50,50,15,71,50,0,14,16,78,67,6.519,136,1,36.523449,-119.278816,106.492996,7,600,58,3,"e00fce68f12da1a0c5de6248",2026-09-30 08:00:04.19,2026-09-30 08:00:04.373,2026-09-30 08:00:04.373,2026-09-30
"487","uCxaT7Pc52","MOOSPMv3Parser",1790755200,2,2,2,2,2,3,3,3,3,3,563,128,341890,16,16,1,16,17,16,38,17,1,19,17,40,48,29.364,379,1,36.138981,-120.368401,165.001999,7,600,58,3,"e00fce6850cac69f647dc199",2026-09-30 08:00:04.39,2026-09-30 08:00:04.62,2026-09-30 08:00:04.62,2026-09-30
"488","8urY0JDG3S","MOOSPMv3Parser",1790755201,7,7,6,12,12,9,11,15,15,12,1413,433,244235,80,49,13,51,51,1,0,51,1,17,18,63,60,10.168,455,1,36.433609,-119.923393,28.413,8,600,58,3,"e00fce6876826e255108c6bd",2026-09-30 08:00:05.557,2026-09-30 08:00:05.733,2026-09-30 08:00:05.733,2026-09-30
"489","qWRRwls2Jb","MOOSPMv3Parser",1790755200,6,6,3,8,8,3,3,9,9,4,1254,336,304588,48,24,3,24,24,16,53,24,0,17,18,56,53,15.805,207,1,35.949661,-119.050011,123.297997,9,600,58,3,"e00fce6808784ceaf209f949",2026-09-30 08:00:08.199,2026-09-30 08:00:08.396,2026-09-30 08:00:08.396,2026-09-30
"490","cnr6lMnGEt","MOOSPMv3Parser",1790755801,0,0,2,0,0,2,2,0,0,2,185,97,70209,13,11,2,12,12,19,37,12,1,19,20,41,39,19.075,133,1,36.198853,-120.104416,68.834,13,600,58,3,"e00fce686dc2ef0a68fa40b0",2026-09-30 08:10:02.128,2026-09-30 08:10:02.283,2026-09-30 08:10:02.283,2026-09-30
"491","lVe0vaJAvv","MOOSPMv3Parser",1790755800,6,6,3,8,8,4,4,8,8,4,1248,331,304608,47,26,3,26,26,16,53,26,1,17,18,56,54,15.608,212,1,35.949612,-119.04998,116.492996,8,600,58,3,"e00fce6808784ceaf209f949",2026-09-30 08:10:02.363,2026-09-30 08:10:02.778,2026-09-30 08:10:02.778,2026-09-30
"492","dwpuENvNbT","MOOSPMv3Parser",1790755801,0,0,4,3,3,4,4,3,3,4,330,232,167223,38,29,4,29,29,17,45,29,0,17,18,55,52,14.928,183,1,35.963177,-119.29184,50.515999,8,600,58,3,"e00fce68d6b773b56ce8baa0",2026-09-30 08:10:02.658,2026-09-30 08:10:02.816,2026-09-30 08:10:02.816,2026-09-30
"493","L6wBErCe3f","MOOSPMv3Parser",1790755800,3,3,2,3,3,2,3,4,4,3,1445,189,96070,18,13,1,13,13,17,40,14,1,18,18,46,47,22.014,202,1,36.503151,-120.325371,49.022999,10,600,58,3,"e00fce68e77e43df92405fdb",2026-09-30 08:10:03.098,2026-09-30 08:10:03.262,2026-09-30 08:10:03.262,2026-09-30
"494","2qHQ9BX1JX","MOOSPMv3Parser",1790755800,4,4,0,5,5,0,0,6,6,0,816,228,219311,35,0,2,0,0,18,38,0,0,17,20,54,48,15.704,220,3277,1e-06,0.002349,16274.161133,12,600,58,3,"e00fce68e28dcbc9a589be10",2026-09-30 08:10:03.311,2026-09-30 08:10:03.561,2026-09-30 08:10:03.561,2026-09-30
"495","cvFa9dPIvx","MOOSPMv3Parser",1790755801,7,7,4,10,10,5,5,10,10,5,2137,403,205098,55,35,3,35,35,17,64,35,0,18,18,58,59,15.612,222,1,35.775089,-119.238487,64.491997,9,600,58,3,"e00fce68e88237db75a60608",2026-09-30 08:10:03.947,2026-09-30 08:10:04.146,2026-09-30 08:10:04.146,2026-09-30
"496","tpGlbIxq2B","MOOSPMv3Parser",1790755800,6,6,0,9,9,0,0,10,10,0,1521,341,0,54,0,7,0,0,17,54,0,2,16,17,63,58,4.657,239,1,36.187519,-119.822083,27.399,9,600,58,3,"e00fce68e739ecbcf9e91965",2026-09-30 08:10:04.014,2026-09-30 08:10:04.167,2026-09-30 08:10:04.167,2026-09-30
"497","3EmGKt5BJ8","MOOSPMv3Parser",1790755800,1,1,2,2,2,3,3,3,3,3,561,131,341906,16,17,1,17,17,16,38,17,1,19,17,40,48,28.868,382,1,36.138966,-120.368439,161.932999,8,600,58,3,"e00fce6850cac69f647dc199",2026-09-30 08:10:04.452,2026-09-30 08:10:04.608,2026-09-30 08:10:04.608,2026-09-30
"498","D2hSKmB3MY","MOOSPMv3Parser",1790755801,13,13,6,16,16,6,6,17,17,6,2475,689,191508,83,48,3,49,49,15,73,49,0,14,16,80,69,7.211,130,1,36.523331,-119.278839,61.095001,6,600,58,3,"e00fce68f12da1a0c5de6248",2026-09-30 08:10:04.456,2026-09-30 08:10:04.634,2026-09-30 08:10:04.634,2026-09-30
"499","h2Rrwq0igM","MOOSPMv3Parser",1790755801,8,8,7,14,14,10,13,18,18,14,1516,465,244282,90,54,18,57,57,1,1,57,1,17,18,63,61,9.807,462,1,36.433567,-119.923363,25.146999,9,600,58,3,"e00fce6876826e255108c6bd",2026-09-30 08:10:05.625,2026-09-30 08:10:05.795,2026-09-30 08:10:05.795,2026-09-30
"500","GyoMKk7QFh","MOOSPMv3Parser",1790756401,0,0,1,0,0,2,2,0,0,2,187,101,70217,11,10,1,10,10,19,37,10,1,19,20,42,39,19.96,126,1,36.198891,-120.104332,99.432999,7,600,58,3,"e00fce686dc2ef0a68fa40b0",2026-09-30 08:20:02.223,2026-09-30 08:20:02.421,2026-09-30 08:20:02.421,2026-09-30
"501","DXFeifQfQI","MOOSPMv3Parser",1790756400,6,6,3,8,8,4,4,9,9,4,1277,339,304630,46,27,3,27,27,16,53,27,0,17,17,56,54,16.062,205,1,35.949574,-119.049995,120.528,10,600,58,3,"e00fce6808784ceaf209f949",2026-09-30 08:20:02.348,2026-09-30 08:20:02.576,2026-09-30 08:20:02.576,2026-09-30
"502","bPW8EgDwno","MOOSPMv3Parser",1790756401,1,1,4,3,3,4,4,3,3,4,335,232,167248,37,30,5,30,30,17,46,30,0,17,18,56,52,15.229,182,1,35.963181,-119.291847,45.299,10,600,58,3,"e00fce68d6b773b56ce8baa0",2026-09-30 08:20:02.82,2026-09-30 08:20:03.05,2026-09-30 08:20:03.05,2026-09-30
"503","YPIft5lHI0","MOOSPMv3Parser",1790756400,2,2,2,3,3,2,3,3,3,3,1376,175,96081,17,13,1,13,13,17,40,14,1,17,18,47,49,22.602,196,1,36.503139,-120.325417,52.014,9,600,58,3,"e00fce68e77e43df92405fdb",2026-09-30 08:20:03.079,2026-09-30 08:20:03.263,2026-09-30 08:20:03.263,2026-09-30
"504","bfTLC1P25h","MOOSPMv3Parser",1790756400,4,4,0,6,6,0,0,6,6,0,865,239,219311,38,0,3,0,0,18,37,0,0,17,19,51,47,15.207,215,3277,1e-06,0.002349,16274.161133,12,600,58,3,"e00fce68e28dcbc9a589be10",2026-09-30 08:20:03.183,2026-09-30 08:20:03.322,2026-09-30 08:20:03.322,2026-09-30
"505","mPEYPGpuAL","MOOSPMv3Parser",1790756401,7,7,4,10,10,5,5,10,10,5,2104,409,205127,49,34,3,34,34,16,65,34,0,18,17,57,59,16.411,215,1,35.775131,-119.23851,64.295998,10,600,58,3,"e00fce68e88237db75a60608",2026-09-30 08:20:04.038,2026-09-30 08:20:04.211,2026-09-30 08:20:04.211,2026-09-30
"506","AxrulsaTUT","MOOSPMv3Parser",1790756400,6,6,0,9,9,0,0,9,9,0,1487,336,0,52,0,5,0,0,16,55,0,2,15,17,63,59,4.534,230,1,36.187508,-119.82209,38.944,8,600,58,3,"e00fce68e739ecbcf9e91965",2026-09-30 08:20:04.174,2026-09-30 08:20:04.348,2026-09-30 08:20:04.348,2026-09-30
"507","LEr5OSDDCZ","MOOSPMv3Parser",1790756401,12,12,6,16,16,6,6,16,16,6,2369,652,191549,76,48,2,48,48,15,72,48,0,13,16,79,68,6.937,137,1,36.523323,-119.278786,70.174004,6,600,58,3,"e00fce68f12da1a0c5de6248",2026-09-30 08:20:04.195,2026-09-30 08:20:04.395,2026-09-30 08:20:04.395,2026-09-30
"508","mRK6gWrprm","MOOSPMv3Parser",1790756400,2,2,2,3,3,3,3,3,3,3,600,140,341922,21,17,1,17,18,16,38,18,1,19,16,41,49,27.659,397,1,36.13895,-120.368401,174.889999,7,600,58,3,"e00fce6850cac69f647dc199",2026-09-30 08:20:04.427,2026-09-30 08:20:04.581,2026-09-30 08:20:04.581,2026-09-30
"509","EK6b54pv4D","MOOSPMv3Parser",1790756401,8,8,7,14,14,11,15,19,19,16,1597,489,244325,97,54,16,58,59,1,1,59,1,17,18,63,60,9.628,473,1,36.433613,-119.923355,19.218,10,600,58,3,"e00fce6876826e255108c6bd",2026-09-30 08:20:05.627,2026-09-30 08:20:05.796,2026-09-30 08:20:05.796,2026-09-30
"510","DfIGbqY3iv","MOOSPMv3Parser",1790757000,6,6,3,9,9,4,4,9,9,4,1372,362,304648,52,26,3,26,26,16,54,26,0,16,17,57,54,15.861,206,1,35.949783,-119.049934,135.669006,7,600,58,3,"e00fce6808784ceaf209f949",2026-09-30 08:30:02.287,2026-09-30 08:30:02.454,2026-09-30 08:30:02.454,2026-09-30
"511","BOFcddzPcX","MOOSPMv3Parser",1790757001,0,0,2,0,0,2,2,0,0,2,190,102,70227,13,12,2,12,12,19,37,12,1,19,20,41,39,20.231,126,1,36.198891,-120.104332,99.435997,0,600,58,3,"e00fce686dc2ef0a68fa40b0",2026-09-30 08:30:02.467,2026-09-30 08:30:02.623,2026-09-30 08:30:02.623,2026-09-30
"512","DDfyeu4mC6","MOOSPMv3Parser",1790757001,1,1,4,4,4,5,5,4,4,5,373,270,167278,45,35,6,35,35,17,46,35,1,16,18,57,53,12.1,204,1,35.963142,-119.291817,55.402,8,600,58,3,"e00fce68d6b773b56ce8baa0",2026-09-30 08:30:02.498,2026-09-30 08:30:02.75,2026-09-30 08:30:02.75,2026-09-30
"513","wFkEsELmw7","MOOSPMv3Parser",1790757000,2,2,2,3,3,2,3,3,3,3,1398,179,96091,19,13,1,13,13,17,41,13,1,17,17,47,49,22.549,197,1,36.503239,-120.325409,67.306,8,600,58,3,"e00fce68e77e43df92405fdb",2026-09-30 08:30:03.012,2026-09-30 08:30:03.197,2026-09-30 08:30:03.197,2026-09-30
"514","RaZn8xa3El","MOOSPMv3Parser",1790757000,4,4,0,5,5,0,0,6,6,0,829,228,219311,35,0,4,0,0,18,38,0,0,17,19,51,48,16.462,210,3277,1e-06,0.002349,16274.161133,12,600,58,3,"e00fce68e28dcbc9a589be10",2026-09-30 08:30:03.184,2026-09-30 08:30:03.411,2026-09-30 08:30:03.411,2026-09-30
"515","87NBE4N3MG","MOOSPMv3Parser",1790757000,6,6,0,9,9,0,0,10,10,0,1546,345,0,51,0,6,0,0,16,55,0,2,16,17,62,59,5.717,229,1,36.187645,-119.822144,49.530998,11,600,58,3,"e00fce68e739ecbcf9e91965",2026-09-30 08:30:04.01,2026-09-30 08:30:04.178,2026-09-30 08:30:04.178,2026-09-30
"516","VbldDCfieu","MOOSPMv3Parser",1790757001,7,7,4,9,9,5,5,10,10,5,1734,369,205155,53,32,4,33,33,16,64,33,0,18,17,57,58,18.106,204,1,35.775124,-119.238541,72.032997,7,600,58,3,"e00fce68e88237db75a60608",2026-09-30 08:30:04.106,2026-09-30 08:30:04.28,2026-09-30 08:30:04.28,2026-09-30
"517","Al38yruDQt","MOOSPMv3Parser",1790757001,12,12,6,15,15,7,7,16,16,7,2292,640,191592,75,49,3,49,49,15,72,49,0,14,16,77,69,8.851,141,1,36.523346,-119.278893,68.862,7,600,58,3,"e00fce68f12da1a0c5de6248",2026-09-30 08:30:04.331,2026-09-30 08:30:04.466,2026-09-30 08:30:04.466,2026-09-30
"518","iDtNES8Mqs","MOOSPMv3Parser",1790757000,2,2,2,3,3,3,3,3,3,3,584,138,341938,21,18,1,18,18,16,40,18,1,19,16,42,50,25.459,408,1,36.139015,-120.368385,189.910004,8,600,58,3,"e00fce6850cac69f647dc199",2026-09-30 08:30:04.367,2026-09-30 08:30:04.582,2026-09-30 08:30:04.582,2026-09-30
"519","QvipzoUHfa","MOOSPMv3Parser",1790757001,8,8,7,13,13,10,12,17,17,13,1541,474,244368,86,51,14,54,54,1,1,54,1,17,18,60,58,9.895,455,1,36.433605,-119.923424,41.714001,10,600,58,3,"e00fce6876826e255108c6bd",2026-09-30 08:30:05.629,2026-09-30 08:30:05.803,2026-09-30 08:30:05.803,2026-09-30
"520","9pznIkC4o7","MOOSPMv3Parser",1790757600,7,7,3,10,10,4,4,10,10,4,1506,387,304669,53,26,4,26,26,16,55,26,0,16,17,58,55,14.728,219,1,35.949947,-119.049904,132.268005,8,600,58,3,"e00fce6808784ceaf209f949",2026-09-30 08:40:02.287,2026-09-30 08:40:02.459,2026-09-30 08:40:02.459,2026-09-30
"521","hJpVmCRS5X","MOOSPMv3Parser",1790757601,1,1,5,4,4,5,5,4,4,5,363,263,167308,44,36,6,36,36,17,46,36,1,17,18,56,52,11.149,211,1,35.963158,-119.291817,38.734001,7,600,58,3,"e00fce68d6b773b56ce8baa0",2026-09-30 08:40:02.887,2026-09-30 08:40:03.085,2026-09-30 08:40:03.085,2026-09-30
"522","zm8TJDDjhS","MOOSPMv3Parser",1790757600,2,2,2,3,3,2,3,4,4,3,1409,179,96102,19,14,2,14,14,17,42,14,1,17,17,48,50,21.649,196,1,36.503155,-120.325378,45.762001,10,600,58,3,"e00fce68e77e43df92405fdb",2026-09-30 08:40:02.993,2026-09-30 08:40:03.213,2026-09-30 08:40:03.213,2026-09-30
"523","FSDCf65yGA","MOOSPMv3Parser",1790757601,0,0,1,0,0,1,2,0,0,2,178,91,70235,11,9,1,9,10,19,37,10,1,19,20,39,39,21.028,107,2,36.198826,-120.104385,78.872002,16,600,58,3,"e00fce686dc2ef0a68fa40b0",2026-09-30 08:40:03.041,2026-09-30 08:40:03.268,2026-09-30 08:40:03.268,2026-09-30
"524","CpXrGH2y3f","MOOSPMv3Parser",1790757600,4,4,0,5,5,0,0,6,6,0,863,237,219311,35,0,2,0,0,18,39,0,0,17,19,53,49,14.891,216,3277,1e-06,0.002349,16274.161133,12,600,58,3,"e00fce68e28dcbc9a589be10",2026-09-30 08:40:03.172,2026-09-30 08:40:03.341,2026-09-30 08:40:03.341,2026-09-30
"525","WhQrAznHjR","MOOSPMv3Parser",1790757601,6,6,4,8,8,5,5,9,9,5,1538,346,205184,53,32,3,33,33,16,65,33,0,17,17,57,58,18.941,199,1,35.775101,-119.238525,78.264999,11,600,58,3,"e00fce68e88237db75a60608",2026-09-30 08:40:03.957,2026-09-30 08:40:04.128,2026-09-30 08:40:04.128,2026-09-30
"526","i0vypSSjp9","MOOSPMv3Parser",1790757600,6,6,0,10,10,0,0,10,10,0,1554,347,0,57,0,6,0,0,16,56,0,2,16,16,62,60,6.482,225,1,36.187534,-119.822174,21.783001,10,600,58,3,"e00fce68e739ecbcf9e91965",2026-09-30 08:40:04.077,2026-09-30 08:40:04.266,2026-09-30 08:40:04.266,2026-09-30
"527","yMoqM6WZ7G","MOOSPMv3Parser",1790757601,13,13,6,16,16,7,7,17,17,7,2432,677,191635,82,50,3,50,50,15,72,50,0,14,16,77,69,7.853,146,1,36.523319,-119.278862,71.614998,7,600,58,3,"e00fce68f12da1a0c5de6248",2026-09-30 08:40:04.235,2026-09-30 08:40:04.399,2026-09-30 08:40:04.399,2026-09-30
"528","c0LGmVRL99","MOOSPMv3Parser",1790757600,2,2,2,3,3,3,3,4,4,3,645,152,341954,23,19,2,19,19,16,40,19,1,19,16,42,51,21.973,418,1,36.138969,-120.368431,201.115997,8,600,58,3,"e00fce6850cac69f647dc199",2026-09-30 08:40:04.407,2026-09-30 08:40:04.606,2026-09-30 08:40:04.606,2026-09-30
"529","E5y7PQTY7W","MOOSPMv3Parser",1790757601,8,8,7,14,14,10,12,17,17,13,1585,486,244415,90,56,14,58,58,0,0,59,1,17,18,64,62,10.288,430,1,36.433605,-119.923424,41.716,0,600,58,3,"e00fce6876826e255108c6bd",2026-09-30 08:40:05.814,2026-09-30 08:40:05.992,2026-09-30 08:40:05.992,2026-09-30
"530","aM6s0RC1LK","MOOSPMv3Parser",1790758200,8,8,3,11,11,4,4,12,12,4,2291,468,304691,55,27,3,27,27,16,56,28,0,16,17,59,56,14.542,217,1,35.949581,-119.049911,119.407997,6,600,58,3,"e00fce6808784ceaf209f949",2026-09-30 08:50:02.275,2026-09-30 08:50:02.459,2026-09-30 08:50:02.459,2026-09-30
"531","VzW4diCWHU","MOOSPMv3Parser",1790758201,1,1,5,4,4,5,5,4,4,5,366,266,167339,44,35,5,36,36,17,46,36,1,17,18,56,53,11.772,208,1,35.963123,-119.291763,40.238998,8,600,58,3,"e00fce68d6b773b56ce8baa0",2026-09-30 08:50:02.558,2026-09-30 08:50:02.828,2026-09-30 08:50:02.828,2026-09-30
"532","YRWg3tlyVx","MOOSPMv3Parser",1790758200,2,2,2,3,3,2,2,3,3,3,1394,177,96113,16,13,1,13,13,17,41,13,1,17,17,47,49,21.834,197,1,36.503231,-120.325386,43.494999,8,600,58,3,"e00fce68e77e43df92405fdb",2026-09-30 08:50:02.925,2026-09-30 08:50:03.113,2026-09-30 08:50:03.113,2026-09-30
"533","E5py7sW04F","MOOSPMv3Parser",1790758201,0,0,1,0,0,1,2,0,0,2,178,90,70242,11,9,1,9,10,19,36,10,1,19,20,39,38,21.485,98,2,36.198788,-120.1045,60.009998,10,600,58,3,"e00fce686dc2ef0a68fa40b0",2026-09-30 08:50:03.125,2026-09-30 08:50:03.312,2026-09-30 08:50:03.312,2026-09-30
"534","Ak5h2YHcn9","MOOSPMv3Parser",1790758200,4,4,0,6,6,0,0,7,7,0,893,252,219311,39,0,4,0,0,17,41,0,0,16,18,56,51,13.445,227,3277,1e-06,0.002349,16274.161133,12,600,58,3,"e00fce68e28dcbc9a589be10",2026-09-30 08:50:03.245,2026-09-30 08:50:03.455,2026-09-30 08:50:03.455,2026-09-30
"535","TVQ91E5V1X","MOOSPMv3Parser",1790758201,6,6,4,8,8,4,4,8,8,5,1446,328,205209,50,31,3,31,31,16,65,31,0,17,17,58,59,19.864,198,1,35.775097,-119.238396,64.408997,6,600,58,3,"e00fce68e88237db75a60608",2026-09-30 08:50:04.044,2026-09-30 08:50:04.301,2026-09-30 08:50:04.301,2026-09-30
"536","hRMg0EpnYP","MOOSPMv3Parser",1790758200,6,6,0,10,10,0,0,11,11,0,1598,361,0,58,0,8,0,0,16,55,0,2,15,16,60,59,6.396,228,1,36.187542,-119.822113,25.690001,9,600,58,3,"e00fce68e739ecbcf9e91965",2026-09-30 08:50:04.226,2026-09-30 08:50:04.419,2026-09-30 08:50:04.419,2026-09-30
"537","Imxx9N4KdH","MOOSPMv3Parser",1790758201,13,13,6,17,17,7,7,18,18,7,2528,697,191678,85,50,4,50,50,15,73,50,0,14,15,78,69,7.2,158,1,36.523319,-119.278862,71.619003,0,600,58,3,"e00fce68f12da1a0c5de6248",2026-09-30 08:50:04.332,2026-09-30 08:50:04.542,2026-09-30 08:50:04.542,2026-09-30
"538","Dn0Hc0lz01","MOOSPMv3Parser",1790758200,2,2,2,3,3,3,3,3,3,3,617,143,341970,19,18,1,18,18,16,43,18,1,19,16,44,53,21.664,426,1,36.138969,-120.368431,201.119003,0,600,58,3,"e00fce6850cac69f647dc199",2026-09-30 08:50:04.5,2026-09-30 08:50:04.773,2026-09-30 08:50:04.773,2026-09-30
"539","iTtSe0JLuB","MOOSPMv3Parser",1790758201,10,10,8,15,15,9,10,18,18,11,1749,537,244463,92,60,11,61,62,1,1,62,1,17,18,64,62,10.882,331,1,36.433655,-119.923325,35.275002,11,600,58,3,"e00fce6876826e255108c6bd",2026-09-30 08:50:05.699,2026-09-30 08:50:05.903,2026-09-30 08:50:05.903,2026-09-30
"540","8BsnasFfLd","MOOSPMv3Parser",1790758801,0,0,1,0,0,1,2,0,0,2,176,90,70249,9,9,1,9,9,19,36,9,1,19,20,39,38,20.272,104,2,36.198837,-120.104416,99.735001,7,600,58,3,"e00fce686dc2ef0a68fa40b0",2026-09-30 09:00:02.167,2026-09-30 09:00:02.399,2026-09-30 09:00:02.399,2026-09-30
"541","j3AAsHvA5l","MOOSPMv3Parser",1790758800,13,13,4,16,16,4,4,16,16,4,4225,747,304717,56,29,3,29,29,16,58,29,0,16,17,59,57,14.933,211,1,35.949692,-119.049828,136.276001,7,600,58,3,"e00fce6808784ceaf209f949",2026-09-30 09:00:02.508,2026-09-30 09:00:02.733,2026-09-30 09:00:02.733,2026-09-30
"542","Y0GaxuRlK8","MOOSPMv3Parser",1790758800,2,2,2,3,3,2,2,4,4,2,1390,181,96125,19,14,2,14,14,17,41,14,1,17,17,47,49,21.472,195,1,36.503075,-120.325333,39.320999,9,600,58,3,"e00fce68e77e43df92405fdb",2026-09-30 09:00:02.996,2026-09-30 09:00:03.205,2026-09-30 09:00:03.205,2026-09-30
"543","yVlJleDyg5","MOOSPMv3Parser",1790758801,1,1,5,4,4,5,5,4,4,5,374,271,167370,41,36,4,37,37,17,46,37,1,17,18,55,52,11.571,207,1,35.963299,-119.291901,56.415001,9,600,58,3,"e00fce68d6b773b56ce8baa0",2026-09-30 09:00:03.051,2026-09-30 09:00:03.26,2026-09-30 09:00:03.26,2026-09-30
"544","mrgjD8Jqa0","MOOSPMv3Parser",1790758800,4,4,0,6,6,0,0,7,7,0,928,261,219311,37,0,3,0,0,17,41,0,0,16,18,56,51,13.207,231,3277,1e-06,0.002349,16274.161133,12,600,58,3,"e00fce68e28dcbc9a589be10",2026-09-30 09:00:03.278,2026-09-30 09:00:03.481,2026-09-30 09:00:03.481,2026-09-30
"545","hTKLqCoJAZ","MOOSPMv3Parser",1790758801,6,6,4,8,8,4,5,9,9,5,1533,341,205236,54,31,4,31,31,16,66,31,0,17,17,58,59,20.015,194,1,35.775139,-119.238556,77.584999,9,600,58,3,"e00fce68e88237db75a60608",2026-09-30 09:00:04.046,2026-09-30 09:00:04.259,2026-09-30 09:00:04.259,2026-09-30
"546","WpYkXESBUp","MOOSPMv3Parser",1790758800,6,6,0,10,10,0,0,11,11,0,1644,364,0,61,0,9,0,0,16,53,0,2,15,16,58,57,6.779,230,1,36.187626,-119.822128,32.021,9,600,58,3,"e00fce68e739ecbcf9e91965",2026-09-30 09:00:04.235,2026-09-30 09:00:04.425,2026-09-30 09:00:04.425,2026-09-30
"547","RuabY2yuTf","MOOSPMv3Parser",1790758801,14,14,7,18,18,8,8,19,19,8,2714,753,191727,91,57,3,57,57,15,74,57,0,14,15,78,70,8.164,153,1,36.523308,-119.278847,84.712997,6,600,58,3,"e00fce68f12da1a0c5de6248",2026-09-30 09:00:04.267,2026-09-30 09:00:04.467,2026-09-30 09:00:04.467,2026-09-30
"548","KKaHD535vC","MOOSPMv3Parser",1790758800,2,2,2,3,3,2,3,3,3,3,590,134,341986,18,16,1,16,16,16,40,16,1,19,16,42,50,23.705,402,1,36.139004,-120.368561,167.251007,6,600,58,3,"e00fce6850cac69f647dc199",2026-09-30 09:00:04.362,2026-09-30 09:00:04.532,2026-09-30 09:00:04.532,2026-09-30
"549","TH9pbkXwwK","MOOSPMv3Parser",1790758801,11,11,8,17,17,9,9,20,20,10,1977,603,244514,103,61,13,62,62,0,0,62,1,17,18,64,62,11.181,278,1,36.433567,-119.923363,22.443001,10,600,58,3,"e00fce6876826e255108c6bd",2026-09-30 09:00:05.697,2026-09-30 09:00:05.92,2026-09-30 09:00:05.92,2026-09-30
"550","kh7F8ks6g6","MOOSPMv3Parser",1790759400,18,17,4,21,21,4,4,21,21,4,5866,1054,305248,55,28,3,28,28,16,59,28,0,16,17,59,57,15.504,196,1,35.949692,-119.049828,136.276993,0,599,58,3,"e00fce6808784ceaf209f949",2026-09-30 09:10:02.348,2026-09-30 09:10:02.597,2026-09-30 09:10:02.597,2026-09-30
"551","HfMvcQdi9W","MOOSPMv3Parser",1790759401,1,1,4,3,3,4,4,3,3,4,348,246,167395,40,31,4,31,31,17,46,31,1,17,18,54,52,15.11,179,1,35.963177,-119.291779,30.339001,6,600,58,3,"e00fce68d6b773b56ce8baa0",2026-09-30 09:10:02.492,2026-09-30 09:10:02.68,2026-09-30 09:10:02.68,2026-09-30
"552","aknNhk9PMV","MOOSPMv3Parser",1790759401,0,0,1,0,0,1,2,0,0,2,180,94,70257,11,9,1,9,9,19,36,9,1,19,20,40,38,20.326,107,2,36.198875,-120.104477,76.839996,8,600,58,3,"e00fce686dc2ef0a68fa40b0",2026-09-30 09:10:02.526,2026-09-30 09:10:02.766,2026-09-30 09:10:02.766,2026-09-30
"553","CDYfmhswP6","MOOSPMv3Parser",1790759400,2,2,2,3,3,2,2,3,3,2,1368,174,96136,17,13,2,14,14,16,42,14,1,17,17,48,49,23.263,185,1,36.503075,-120.325333,39.321999,0,600,58,3,"e00fce68e77e43df92405fdb",2026-09-30 09:10:02.989,2026-09-30 09:10:03.196,2026-09-30 09:10:03.196,2026-09-30
"554","20FKSeaMHh","MOOSPMv3Parser",1790759400,4,4,0,6,6,0,0,7,7,0,919,258,219311,38,0,3,0,0,17,42,0,0,17,18,56,52,13.084,234,3277,1e-06,0.002349,16274.161133,12,600,58,3,"e00fce68e28dcbc9a589be10",2026-09-30 09:10:03.334,2026-09-30 09:10:03.555,2026-09-30 09:10:03.555,2026-09-30
"555","ZUyNf24MOH","MOOSPMv3Parser",1790759400,6,6,0,11,11,0,0,12,12,0,1665,374,0,65,0,11,0,0,16,52,0,2,16,16,57,56,7.469,224,1,36.187485,-119.82193,28.101,5,600,58,3,"e00fce68e739ecbcf9e91965",2026-09-30 09:10:04.082,2026-09-30 09:10:04.256,2026-09-30 09:10:04.256,2026-09-30
"556","IbUaJVGr5V","MOOSPMv3Parser",1790759401,6,6,4,9,9,4,5,9,9,5,1578,353,205263,53,31,3,32,32,16,66,32,0,17,17,58,59,21.247,174,1,35.775139,-119.238556,77.586998,0,600,58,3,"e00fce68e88237db75a60608",2026-09-30 09:10:04.189,2026-09-30 09:10:04.412,2026-09-30 09:10:04.412,2026-09-30
"557","O1d25y5vSB","MOOSPMv3Parser",1790759400,1,1,2,2,2,2,3,3,3,3,586,133,342002,19,16,1,17,17,15,40,17,1,19,16,42,50,24.025,391,1,36.138973,-120.368385,175.363007,8,600,58,3,"e00fce6850cac69f647dc199",2026-09-30 09:10:04.352,2026-09-30 09:10:04.529,2026-09-30 09:10:04.529,2026-09-30
"558","mqTlAKMoYY","MOOSPMv3Parser",1790759401,14,14,7,18,18,7,7,19,19,7,2670,738,191774,92,53,4,53,53,15,74,53,0,14,15,78,71,7.362,146,1,36.523331,-119.278839,78.249001,6,600,58,3,"e00fce68f12da1a0c5de6248",2026-09-30 09:10:04.347,2026-09-30 09:10:04.538,2026-09-30 09:10:04.538,2026-09-30
"559","Ub4SavTxu2","MOOSPMv3Parser",1790759401,10,10,8,16,16,9,10,20,20,10,1828,558,244564,97,61,17,62,62,1,0,62,1,16,17,66,61,10.409,385,1,36.433685,-119.923378,24.93,10,600,58,3,"e00fce6876826e255108c6bd",2026-09-30 09:10:05.714,2026-09-30 09:10:05.881,2026-09-30 09:10:05.881,2026-09-30
"560","D2gLTkSgJD","MOOSPMv3Parser",1790760000,19,18,4,22,21,4,4,22,22,4,6264,1108,304764,58,28,3,28,28,16,58,29,0,16,17,59,57,14.789,199,1,35.949547,-119.050011,114.936996,7,600,58,3,"e00fce6808784ceaf209f949",2026-09-30 09:20:02.348,2026-09-30 09:20:02.657,2026-09-30 09:20:02.657,2026-09-30
"561","7HddkWq44R","MOOSPMv3Parser",1790760001,0,0,1,0,0,1,2,0,0,2,175,89,70263,10,8,1,8,9,19,36,9,1,19,20,39,37,19.964,102,2,36.19886,-120.104416,74.396004,7,600,58,3,"e00fce686dc2ef0a68fa40b0",2026-09-30 09:20:02.87,2026-09-30 09:20:03.042,2026-09-30 09:20:03.042,2026-09-30
"562","ULvPhpqWcS","MOOSPMv3Parser",1790760000,2,2,2,3,3,2,2,3,3,2,1387,172,96147,19,13,1,13,13,16,41,13,1,17,17,47,48,21.539,187,1,36.503197,-120.325432,57.111,11,600,58,3,"e00fce68e77e43df92405fdb",2026-09-30 09:20:02.91,2026-09-30 09:20:03.111,2026-09-30 09:20:03.111,2026-09-30
"563","nBiwmdz0qr","MOOSPMv3Parser",1790760001,2,2,5,5,5,5,5,5,5,5,399,292,167427,47,38,5,38,38,17,46,38,0,17,18,57,54,12.952,190,1,35.963116,-119.291817,43.23,6,600,58,3,"e00fce68d6b773b56ce8baa0",2026-09-30 09:20:02.971,2026-09-30 09:20:03.143,2026-09-30 09:20:03.143,2026-09-30
"564","Olrn1AmkAd","MOOSPMv3Parser",1790760000,4,4,0,6,6,0,0,6,6,0,907,253,219311,37,0,2,0,0,17,43,0,0,17,18,56,53,12.287,253,3277,1e-06,0.002349,16274.161133,12,600,58,3,"e00fce68e28dcbc9a589be10",2026-09-30 09:20:03.173,2026-09-30 09:20:03.386,2026-09-30 09:20:03.386,2026-09-30
"565","cx2AD2jx9f","MOOSPMv3Parser",1790760001,6,6,4,9,9,5,5,9,9,5,1540,353,205290,50,32,3,32,32,16,66,32,0,17,17,58,59,21.389,163,2,35.775074,-119.23848,68.372002,8,600,58,3,"e00fce68e88237db75a60608",2026-09-30 09:20:03.963,2026-09-30 09:20:04.142,2026-09-30 09:20:04.142,2026-09-30
"566","FGXM9qTIIq","MOOSPMv3Parser",1790760000,6,6,0,10,10,0,0,11,11,0,1687,375,0,61,0,8,0,0,16,52,0,2,16,16,56,57,6.315,221,1,36.187485,-119.82193,28.103001,0,600,58,3,"e00fce68e739ecbcf9e91965",2026-09-30 09:20:04.005,2026-09-30 09:20:04.143,2026-09-30 09:20:04.143,2026-09-30
"567","1RMJI3JwwX","MOOSPMv3Parser",1790760001,13,13,7,17,17,7,7,18,18,7,2508,694,191818,86,51,3,51,51,15,75,51,0,14,15,78,71,8.977,125,1,36.523323,-119.278877,89.043999,6,600,58,3,"e00fce68f12da1a0c5de6248",2026-09-30 09:20:04.169,2026-09-30 09:20:04.316,2026-09-30 09:20:04.316,2026-09-30
"568","XSFJkNmA3m","MOOSPMv3Parser",1790760000,2,2,2,2,2,2,3,3,3,3,551,128,342018,16,14,1,15,15,15,40,15,1,19,16,41,49,25.58,376,1,36.138981,-120.368385,168.529007,7,600,58,3,"e00fce6850cac69f647dc199",2026-09-30 09:20:04.427,2026-09-30 09:20:04.594,2026-09-30 09:20:04.594,2026-09-30
"569","sSJG64AUHW","MOOSPMv3Parser",1790760001,13,13,9,21,21,10,11,24,24,11,2381,733,244624,126,70,14,71,71,0,0,71,1,16,17,70,67,10.285,425,1,36.433681,-119.923355,26.775999,7,600,58,3,"e00fce6876826e255108c6bd",2026-09-30 09:20:05.708,2026-09-30 09:20:05.921,2026-09-30 09:20:05.921,2026-09-30
"570","Q19qqf8Vhf","MOOSPMv3Parser",1790760600,17,16,4,19,19,4,4,19,19,4,5660,981,304790,53,29,2,29,29,16,58,29,0,16,17,58,56,15.312,201,1,35.949631,-119.049957,108.486,8,600,58,3,"e00fce6808784ceaf209f949",2026-09-30 09:30:02.347,2026-09-30 09:30:02.512,2026-09-30 09:30:02.512,2026-09-30
"571","rdsQb6oEio","MOOSPMv3Parser",1790760601,2,2,6,6,6,6,6,6,6,6,429,317,167464,55,45,6,45,45,17,47,45,1,17,17,57,54,10.976,211,1,35.963169,-119.291626,61.777,8,600,58,3,"e00fce68d6b773b56ce8baa0",2026-09-30 09:30:02.723,2026-09-30 09:30:02.923,2026-09-30 09:30:02.923,2026-09-30
"572","E8YsA6TQZr","MOOSPMv3Parser",1790760600,3,3,2,4,4,2,2,4,4,3,1486,193,96158,18,13,1,14,14,16,41,14,1,17,17,47,48,19.42,193,1,36.503078,-120.325348,27.031,7,600,58,3,"e00fce68e77e43df92405fdb",2026-09-30 09:30:03.16,2026-09-30 09:30:03.341,2026-09-30 09:30:03.341,2026-09-30
"573","0hcrsYv0h0","MOOSPMv3Parser",1790760601,0,0,1,0,0,1,2,0,0,2,177,89,70270,10,8,1,9,9,19,36,9,1,19,20,39,37,20.303,103,2,36.198879,-120.104492,68.073997,8,600,58,3,"e00fce686dc2ef0a68fa40b0",2026-09-30 09:30:03.174,2026-09-30 09:30:03.387,2026-09-30 09:30:03.387,2026-09-30
"574","zTH55HjwDt","MOOSPMv3Parser",1790760600,4,4,0,6,6,0,0,6,6,0,900,252,219311,40,0,3,0,0,17,43,0,0,17,18,56,53,13.818,237,3277,1e-06,0.002349,16274.161133,12,600,58,3,"e00fce68e28dcbc9a589be10",2026-09-30 09:30:03.244,2026-09-30 09:30:03.419,2026-09-30 09:30:03.419,2026-09-30
"575","4UrGlRgGbM","MOOSPMv3Parser",1790760600,6,6,0,10,10,0,0,12,12,0,1651,367,0,61,0,9,0,0,15,53,0,2,16,16,57,57,4.875,219,1,36.187477,-119.822105,24.669001,11,600,58,3,"e00fce68e739ecbcf9e91965",2026-09-30 09:30:04.067,2026-09-30 09:30:04.273,2026-09-30 09:30:04.273,2026-09-30
"576","koYCsueNgn","MOOSPMv3Parser",1790760601,6,6,4,8,8,4,5,9,9,5,1537,348,205317,52,31,3,32,32,16,66,32,0,17,17,58,59,19.948,166,2,35.775074,-119.23848,70.607002,12,600,58,3,"e00fce68e88237db75a60608",2026-09-30 09:30:04.227,2026-09-30 09:30:04.424,2026-09-30 09:30:04.424,2026-09-30
"577","jBXPRMKQGm","MOOSPMv3Parser",1790760601,12,12,6,16,16,6,6,16,16,6,2336,642,191860,79,47,3,47,47,15,74,47,0,14,15,78,70,10.513,124,1,36.523411,-119.278801,70.970001,7,600,58,3,"e00fce68f12da1a0c5de6248",2026-09-30 09:30:04.348,2026-09-30 09:30:04.51,2026-09-30 09:30:04.51,2026-09-30
"578","rWPwO0CJom","MOOSPMv3Parser",1790760600,1,1,2,2,2,2,3,3,3,3,547,122,342034,17,15,2,15,15,15,38,15,1,18,16,40,48,29.653,343,1,36.13895,-120.36837,167.259003,10,600,58,3,"e00fce6850cac69f647dc199",2026-09-30 09:30:04.431,2026-09-30 09:30:04.646,2026-09-30 09:30:04.646,2026-09-30
"579","g29uHQETBS","MOOSPMv3Parser",1790760601,15,15,10,23,23,10,10,26,26,11,2664,817,244690,132,76,17,77,77,0,0,77,0,16,17,70,67,10.131,422,1,36.433556,-119.92334,29.240999,9,600,58,3,"e00fce6876826e255108c6bd",2026-09-30 09:30:05.65,2026-09-30 09:30:05.842,2026-09-30 09:30:05.842,2026-09-30
"580","ycDIQDj1cU","MOOSPMv3Parser",1790761200,15,15,4,18,18,4,4,18,18,4,5343,911,304814,56,28,2,28,28,16,58,28,0,17,17,58,57,15.263,198,1,35.949387,-119.049889,123.653,7,600,58,3,"e00fce6808784ceaf209f949",2026-09-30 09:40:02.345,2026-09-30 09:40:02.552,2026-09-30 09:40:02.552,2026-09-30
"581","lJNT0RF4NN","MOOSPMv3Parser",1790761201,0,0,1,0,0,1,2,0,0,2,168,87,70276,11,8,1,8,8,18,36,8,1,18,20,41,37,18.732,113,2,36.198864,-120.104416,65.759003,8,600,58,3,"e00fce686dc2ef0a68fa40b0",2026-09-30 09:40:02.368,2026-09-30 09:40:02.594,2026-09-30 09:40:02.594,2026-09-30
"582","vcI50dHlu6","MOOSPMv3Parser",1790761201,4,4,7,9,9,7,7,10,10,7,505,387,167510,69,55,8,55,55,17,47,55,1,17,17,58,54,10.19,210,1,35.963184,-119.291733,31.305,6,600,58,3,"e00fce68d6b773b56ce8baa0",2026-09-30 09:40:02.818,2026-09-30 09:40:03.012,2026-09-30 09:40:03.012,2026-09-30
"583","iZGOrnJUx1","MOOSPMv3Parser",1790761200,3,3,2,4,4,2,2,4,4,3,1520,196,96169,20,13,1,14,14,16,41,14,1,16,17,49,49,19.461,195,1,36.503155,-120.325371,55.063,6,600,58,3,"e00fce68e77e43df92405fdb",2026-09-30 09:40:02.972,2026-09-30 09:40:03.217,2026-09-30 09:40:03.217,2026-09-30
"584","rJPDNc1Phz","MOOSPMv3Parser",1790761200,4,4,0,6,6,0,0,7,7,0,911,257,219311,37,0,3,0,0,17,45,0,0,16,18,59,55,13.08,229,3277,1e-06,0.002349,16274.161133,12,600,58,3,"e00fce68e28dcbc9a589be10",2026-09-30 09:40:03.251,2026-09-30 09:40:03.435,2026-09-30 09:40:03.435,2026-09-30
"585","zlMV8Tecql","MOOSPMv3Parser",1790761200,6,6,0,10,10,0,0,11,11,0,1642,361,0,61,0,8,0,0,15,52,0,2,16,16,56,57,4.938,223,1,36.187511,-119.822021,27.969999,10,600,58,3,"e00fce68e739ecbcf9e91965",2026-09-30 09:40:04.011,2026-09-30 09:40:04.195,2026-09-30 09:40:04.195,2026-09-30
"586","fTjxyzC0qA","MOOSPMv3Parser",1790761201,6,6,4,9,9,5,5,10,10,5,1601,369,205344,55,32,5,32,32,16,67,32,0,17,17,58,60,19.268,177,2,35.775051,-119.23851,60.105,12,600,58,3,"e00fce68e88237db75a60608",2026-09-30 09:40:04.135,2026-09-30 09:40:04.357,2026-09-30 09:40:04.357,2026-09-30
"587","zLU4zzBgjL","MOOSPMv3Parser",1790761201,11,11,6,14,14,6,6,15,15,6,2209,609,191900,69,46,3,46,46,15,73,46,0,14,15,76,69,9.736,145,1,36.523338,-119.27887,92.513,5,600,58,3,"e00fce68f12da1a0c5de6248",2026-09-30 09:40:04.422,2026-09-30 09:40:04.585,2026-09-30 09:40:04.585,2026-09-30
"588","Q1oz7aXLwZ","MOOSPMv3Parser",1790761200,1,1,2,2,2,2,3,2,2,3,528,118,342051,15,15,1,16,16,15,37,16,1,18,16,39,47,31.067,333,1,36.138874,-120.36821,185.412003,8,600,58,3,"e00fce6850cac69f647dc199",2026-09-30 09:40:04.515,2026-09-30 09:40:04.675,2026-09-30 09:40:04.675,2026-09-30
"589","2yqmJ5KBrw","MOOSPMv3Parser",1790761201,16,16,10,23,23,11,11,26,26,11,2785,852,244756,134,78,14,79,79,1,0,79,0,16,17,71,68,9.836,441,1,36.433586,-119.923393,12.172,7,600,58,3,"e00fce6876826e255108c6bd",2026-09-30 09:40:05.792,2026-09-30 09:40:05.944,2026-09-30 09:40:05.944,2026-09-30
"590","lBH6ZUdX0y","MOOSPMv3Parser",1790761800,11,11,4,14,14,4,4,14,14,4,3538,634,304836,54,27,3,28,28,16,58,28,0,16,17,58,57,15.233,198,1,35.94952,-119.049942,108.820999,7,600,58,3,"e00fce6808784ceaf209f949",2026-09-30 09:50:02.518,2026-09-30 09:50:02.706,2026-09-30 09:50:02.706,2026-09-30
"591","Sg4oYYdp0Q","MOOSPMv3Parser",1790761801,0,0,1,0,0,2,2,0,0,2,174,85,70284,10,9,1,10,10,18,36,10,1,18,20,42,38,17.465,134,2,36.198849,-120.104462,71.254997,9,600,58,3,"e00fce686dc2ef0a68fa40b0",2026-09-30 09:50:02.531,2026-09-30 09:50:02.809,2026-09-30 09:50:02.809,2026-09-30
"592","BBwU6j4O29","MOOSPMv3Parser",1790761801,4,4,7,8,8,7,7,9,9,7,474,363,167553,65,52,8,52,52,17,47,52,1,16,17,58,55,6.586,221,1,35.963184,-119.291733,31.304001,0,600,58,3,"e00fce68d6b773b56ce8baa0",2026-09-30 09:50:02.651,2026-09-30 09:50:02.857,2026-09-30 09:50:02.857,2026-09-30
"593","9mFkk3vXXM","MOOSPMv3Parser",1790761800,2,2,2,3,3,2,3,4,4,3,1441,178,96181,20,15,1,16,16,-10,-10,16,1,16,17,48,49,19.751,197,1,36.503128,-120.325294,60.026001,6,600,58,3,"e00fce68e77e43df92405fdb",2026-09-30 09:50:03.202,2026-09-30 09:50:03.381,2026-09-30 09:50:03.381,2026-09-30
"594","vZztww4AOC","MOOSPMv3Parser",1790761800,4,4,0,6,6,0,0,6,6,0,932,258,219311,40,0,2,0,0,17,46,0,0,15,17,62,55,11.255,234,3277,1e-06,0.002349,16274.161133,12,600,58,3,"e00fce68e28dcbc9a589be10",2026-09-30 09:50:03.333,2026-09-30 09:50:03.604,2026-09-30 09:50:03.604,2026-09-30
"595","DBHOVLkdRh","MOOSPMv3Parser",1790761801,6,6,4,9,9,5,5,9,9,5,1622,366,205374,55,34,4,34,34,16,67,34,0,17,17,58,60,19.823,180,2,35.775089,-119.23851,56.245998,10,600,58,3,"e00fce68e88237db75a60608",2026-09-30 09:50:03.951,2026-09-30 09:50:04.121,2026-09-30 09:50:04.121,2026-09-30
"596","wL32hEELuq","MOOSPMv3Parser",1790761800,7,7,0,10,10,0,0,11,11,0,1691,380,0,60,0,7,0,0,15,53,0,2,15,16,57,58,5.269,225,1,36.1875,-119.82209,34.825001,11,600,58,3,"e00fce68e739ecbcf9e91965",2026-09-30 09:50:04.004,2026-09-30 09:50:04.17,2026-09-30 09:50:04.17,2026-09-30
"597","EsCPBKZJti","MOOSPMv3Parser",1790761801,12,12,6,16,16,6,6,16,16,6,2316,646,191941,80,47,3,47,47,15,74,47,0,14,15,78,70,8.193,164,1,36.523312,-119.278824,84.372002,5,600,58,3,"e00fce68f12da1a0c5de6248",2026-09-30 09:50:04.244,2026-09-30 09:50:04.473,2026-09-30 09:50:04.473,2026-09-30
"598","wmcgl9C71U","MOOSPMv3Parser",1790761800,1,1,2,2,2,2,3,2,2,3,526,114,342067,17,14,1,15,15,15,38,15,1,18,15,40,48,34.634,274,1,36.138927,-120.36837,163.201004,11,600,58,3,"e00fce6850cac69f647dc199",2026-09-30 09:50:04.586,2026-09-30 09:50:04.744,2026-09-30 09:50:04.744,2026-09-30
"599","DoPCSwWpsd","MOOSPMv3Parser",1790761801,15,15,10,23,23,10,10,26,26,10,2686,826,244820,132,76,16,77,77,0,0,77,0,16,17,71,68,9.778,445,1,36.433617,-119.923416,21.743,5,600,58,3,"e00fce6876826e255108c6bd",2026-09-30 09:50:05.695,2026-09-30 09:50:05.861,2026-09-30 09:50:05.861,2026-09-30
"600","7WRozGJRCu","MOOSPMv3Parser",1790762400,7,7,4,10,10,4,4,10,10,4,1761,416,304859,55,27,3,28,28,16,59,28,0,16,17,59,57,16.022,185,1,35.949558,-119.050011,118.528,8,600,58,3,"e00fce6808784ceaf209f949",2026-09-30 10:00:02.277,2026-09-30 10:00:02.588,2026-09-30 10:00:02.588,2026-09-30
"601","ehUDhptLL6","MOOSPMv3Parser",1790762401,0,0,1,0,0,1,2,0,0,2,189,93,70290,11,8,1,8,8,18,36,8,1,17,19,42,38,17.841,136,2,36.198795,-120.104362,77.880997,11,600,58,3,"e00fce686dc2ef0a68fa40b0",2026-09-30 10:00:02.858,2026-09-30 10:00:03.2,2026-09-30 10:00:03.2,2026-09-30
"602","Kxn6AAkXQ0","MOOSPMv3Parser",1790762400,2,2,2,3,3,2,3,4,4,3,1530,183,96194,19,15,1,16,16,16,42,16,1,16,17,48,49,19.747,196,1,36.503105,-120.325394,46.548,6,600,58,3,"e00fce68e77e43df92405fdb",2026-09-30 10:00:02.972,2026-09-30 10:00:03.329,2026-09-30 10:00:03.329,2026-09-30
"603","lWlyFTB4a6","MOOSPMv3Parser",1790762401,3,3,6,6,6,6,6,7,7,6,444,335,167592,57,45,7,46,46,16,48,46,1,16,17,60,55,3.856,226,1,35.963062,-119.291664,37.651001,5,600,58,3,"e00fce68d6b773b56ce8baa0",2026-09-30 10:00:03.071,2026-09-30 10:00:03.415,2026-09-30 10:00:03.415,2026-09-30
"604","XGYv84mq1H","MOOSPMv3Parser",1790762400,4,4,0,6,6,0,0,6,6,0,917,257,219311,37,0,2,0,0,16,47,0,0,15,17,61,55,10.744,233,3277,1e-06,0.002349,16274.161133,12,600,58,3,"e00fce68e28dcbc9a589be10",2026-09-30 10:00:03.271,2026-09-30 10:00:03.484,2026-09-30 10:00:03.484,2026-09-30
"605","MVMDUBCakq","MOOSPMv3Parser",1790762400,7,7,0,10,10,0,0,12,12,0,1741,396,0,60,0,7,0,0,15,54,0,2,15,16,59,59,4.841,215,1,36.187496,-119.821968,33.096001,11,600,58,3,"e00fce68e739ecbcf9e91965",2026-09-30 10:00:04.01,2026-09-30 10:00:04.181,2026-09-30 10:00:04.181,2026-09-30
"606","qzVIwTz4sF","MOOSPMv3Parser",1790762401,7,7,5,10,10,5,5,10,10,5,1653,387,205405,57,35,4,36,36,16,68,36,0,17,16,58,60,19.761,178,2,35.775047,-119.238518,67.153,16,600,58,3,"e00fce68e88237db75a60608",2026-09-30 10:00:04.123,2026-09-30 10:00:04.325,2026-09-30 10:00:04.325,2026-09-30
"607","22QtDp9zov","MOOSPMv3Parser",1790762401,12,12,6,15,15,6,6,16,16,6,2237,623,191983,75,48,3,48,48,15,74,48,0,14,15,77,70,6.902,182,1,36.523422,-119.278839,72.915001,5,600,58,3,"e00fce68f12da1a0c5de6248",2026-09-30 10:00:04.252,2026-09-30 10:00:04.431,2026-09-30 10:00:04.431,2026-09-30
"608","oeLvMtpFHu","MOOSPMv3Parser",1790762400,1,1,2,2,2,2,2,2,2,3,538,120,342083,16,14,1,15,15,15,40,15,1,18,15,42,51,32.812,304,1,36.138958,-120.368393,162.487,8,600,58,3,"e00fce6850cac69f647dc199",2026-09-30 10:00:04.448,2026-09-30 10:00:04.692,2026-09-30 10:00:04.692,2026-09-30
"609","yurdcMBPGm","MOOSPMv3Parser",1790762401,16,16,10,23,23,11,11,26,26,11,2780,854,244885,133,78,13,79,79,0,0,79,0,16,17,71,68,9.062,462,1,36.43362,-119.92334,21.665001,11,600,58,3,"e00fce6876826e255108c6bd",2026-09-30 10:00:05.708,2026-09-30 10:00:05.953,2026-09-30 10:00:05.953,2026-09-30
"610","PH32LtkECm","MOOSPMv3Parser",1790763000,7,7,3,9,9,4,4,10,10,4,1451,384,304881,53,27,3,27,27,16,59,27,0,16,17,59,57,15.785,185,1,35.949562,-119.04995,116.155998,9,600,58,3,"e00fce6808784ceaf209f949",2026-09-30 10:10:02.348,2026-09-30 10:10:02.629,2026-09-30 10:10:02.629,2026-09-30
"611","7hjicsM5M7","MOOSPMv3Parser",1790763001,3,3,7,7,7,7,7,8,8,7,477,359,167637,63,53,7,53,53,16,47,53,1,16,17,59,55,5.01,230,1,35.963165,-119.291817,35.650002,6,600,58,3,"e00fce68d6b773b56ce8baa0",2026-09-30 10:10:03.042,2026-09-30 10:10:03.167,2026-09-30 10:10:03.167,2026-09-30
"612","B3GOBKKNbg","MOOSPMv3Parser",1790763000,3,3,2,3,3,3,3,4,4,3,1612,183,96207,20,15,1,16,16,16,42,16,1,16,17,48,50,18.543,198,1,36.502968,-120.325348,56.451,5,600,58,3,"e00fce68e77e43df92405fdb",2026-09-30 10:10:02.992,2026-09-30 10:10:03.197,2026-09-30 10:10:03.197,2026-09-30
"613","0isKWMFYsl","MOOSPMv3Parser",1790763001,0,0,1,0,0,1,1,0,0,1,188,93,70296,9,8,1,8,8,18,36,8,1,17,19,42,38,18.514,123,2,36.198776,-120.104454,84.116997,6,600,58,3,"e00fce686dc2ef0a68fa40b0",2026-09-30 10:10:03.129,2026-09-30 10:10:03.295,2026-09-30 10:10:03.295,2026-09-30
"614","q0tG6TYpLj","MOOSPMv3Parser",1790763000,4,4,0,6,6,0,0,7,7,0,945,265,219311,42,0,2,0,0,16,47,0,0,15,17,62,56,10.435,234,3277,1e-06,0.002349,16274.161133,12,600,58,3,"e00fce68e28dcbc9a589be10",2026-09-30 10:10:03.252,2026-09-30 10:10:03.404,2026-09-30 10:10:03.404,2026-09-30
"615","vAiozdKi9e","MOOSPMv3Parser",1790763001,7,7,5,10,10,5,5,10,10,5,1690,392,205437,54,35,3,35,35,16,68,35,0,17,16,57,60,19.525,177,2,35.775055,-119.238464,54.828999,13,600,58,3,"e00fce68e88237db75a60608",2026-09-30 10:10:03.958,2026-09-30 10:10:04.151,2026-09-30 10:10:04.151,2026-09-30
"616","qu9JKloeSy","MOOSPMv3Parser",1790763000,6,6,0,9,9,0,0,11,11,0,1606,356,0,60,0,7,0,0,15,56,0,2,15,15,62,60,5.609,208,1,36.187439,-119.822067,21.702,10,600,58,3,"e00fce68e739ecbcf9e91965",2026-09-30 10:10:04.097,2026-09-30 10:10:04.254,2026-09-30 10:10:04.254,2026-09-30
"617","Zldwx9o5iV","MOOSPMv3Parser",1790763001,12,12,6,16,16,6,6,16,16,6,2347,649,192025,81,48,4,49,49,15,74,49,0,14,15,79,70,6.749,186,1,36.523335,-119.278786,88.056999,7,600,58,3,"e00fce68f12da1a0c5de6248",2026-09-30 10:10:04.291,2026-09-30 10:10:04.481,2026-09-30 10:10:04.481,2026-09-30
"618","uu9YAGNlEl","MOOSPMv3Parser",1790763000,1,1,2,2,2,2,2,2,2,2,545,115,342099,16,13,1,14,14,15,42,14,1,18,15,44,52,30.662,301,1,36.138939,-120.368416,157.869003,8,600,58,3,"e00fce6850cac69f647dc199",2026-09-30 10:10:04.51,2026-09-30 10:10:04.708,2026-09-30 10:10:04.708,2026-09-30
"619","MQKmHPnjrO","MOOSPMv3Parser",1790763001,15,15,10,23,23,11,11,26,26,11,2648,815,244952,137,79,14,79,79,0,0,79,0,16,17,71,68,8.587,471,1,36.433502,-119.923302,28.277,9,600,58,3,"e00fce6876826e255108c6bd",2026-09-30 10:10:05.716,2026-09-30 10:10:05.919,2026-09-30 10:10:05.919,2026-09-30
"620","XRiDBCCQSx","MOOSPMv3Parser",1790763601,0,0,1,0,0,1,2,0,0,2,167,82,70303,9,8,1,8,8,18,37,8,1,17,19,42,39,18.167,124,2,36.198776,-120.104454,84.110001,0,600,58,3,"e00fce686dc2ef0a68fa40b0",2026-09-30 10:20:02.161,2026-09-30 10:20:02.367,2026-09-30 10:20:02.367,2026-09-30
"621","uiMV1uVbjx","MOOSPMv3Parser",1790763600,7,7,3,9,9,4,4,10,10,4,1382,375,305412,49,27,4,27,27,16,59,27,0,16,17,59,57,15.741,184,1,35.949593,-119.049995,110.561996,6,599,58,3,"e00fce6808784ceaf209f949",2026-09-30 10:20:02.348,2026-09-30 10:20:02.651,2026-09-30 10:20:02.651,2026-09-30
"622","Cas4CedEsF","MOOSPMv3Parser",1790763600,3,3,2,4,4,2,3,4,4,3,1499,189,96219,20,15,2,15,15,-10,-10,15,1,16,16,52,53,16.519,202,1,36.502983,-120.325386,53.541,6,600,58,3,"e00fce68e77e43df92405fdb",2026-09-30 10:20:02.993,2026-09-30 10:20:03.167,2026-09-30 10:20:03.167,2026-09-30
"623","9BZAonUV5g","MOOSPMv3Parser",1790763601,3,3,6,7,7,7,7,7,7,7,445,334,167679,59,50,7,51,51,16,48,51,1,16,17,59,55,6.254,225,1,35.963261,-119.291733,19.455,6,600,58,3,"e00fce68d6b773b56ce8baa0",2026-09-30 10:20:03.047,2026-09-30 10:20:03.249,2026-09-30 10:20:03.249,2026-09-30
"624","AfILOFvzln","MOOSPMv3Parser",1790763600,4,4,0,6,6,0,0,7,7,0,952,267,219311,42,0,2,0,0,16,47,0,0,16,17,59,56,10.186,236,3277,1e-06,0.002349,16274.161133,12,600,58,3,"e00fce68e28dcbc9a589be10",2026-09-30 10:20:03.419,2026-09-30 10:20:03.581,2026-09-30 10:20:03.581,2026-09-30
"625","4asVqjfk4n","MOOSPMv3Parser",1790763601,7,7,4,10,10,5,5,10,10,5,1700,395,205467,55,35,4,35,35,16,67,35,0,17,16,57,60,17.767,195,2,35.775043,-119.238541,65.749001,12,600,58,3,"e00fce68e88237db75a60608",2026-09-30 10:20:04.055,2026-09-30 10:20:04.237,2026-09-30 10:20:04.237,2026-09-30
"626","D9za1GhVSF","MOOSPMv3Parser",1790763600,6,6,0,10,10,0,0,11,11,0,1608,375,0,60,0,7,0,0,15,60,0,2,14,15,67,63,3.029,212,1,36.187466,-119.821899,31.974001,10,600,58,3,"e00fce68e739ecbcf9e91965",2026-09-30 10:20:04.084,2026-09-30 10:20:04.256,2026-09-30 10:20:04.256,2026-09-30
"627","b28HCCU10J","MOOSPMv3Parser",1790763601,12,12,6,16,16,7,7,17,17,7,2317,649,192069,87,50,3,50,50,15,73,50,0,13,15,79,69,5.743,182,1,36.523354,-119.27877,79.032997,7,600,58,3,"e00fce68f12da1a0c5de6248",2026-09-30 10:20:04.181,2026-09-30 10:20:04.409,2026-09-30 10:20:04.409,2026-09-30
"628","1K8WeyMKMc","MOOSPMv3Parser",1790763600,1,1,2,2,2,2,2,2,2,3,510,109,342115,16,14,1,14,14,15,41,14,1,18,15,43,51,30.055,301,1,36.138924,-120.368347,167.585007,7,600,58,3,"e00fce6850cac69f647dc199",2026-09-30 10:20:04.44,2026-09-30 10:20:04.719,2026-09-30 10:20:04.719,2026-09-30
"629","yU5zZnwvCE","MOOSPMv3Parser",1790763601,15,15,10,22,22,11,11,25,25,11,2586,794,245018,133,77,15,78,78,0,0,78,0,16,17,70,68,8.938,450,1,36.433632,-119.923309,31.391001,8,600,58,3,"e00fce6876826e255108c6bd",2026-09-30 10:20:05.729,2026-09-30 10:20:05.893,2026-09-30 10:20:05.893,2026-09-30
"630","ACTXOn1DVq","MOOSPMv3Parser",1790764200,7,7,4,10,10,4,4,10,10,4,1451,385,305435,54,28,3,28,28,16,59,28,0,16,17,59,57,15.931,180,1,35.949577,-119.049988,107.333,6,599,58,3,"e00fce6808784ceaf209f949",2026-09-30 10:30:02.348,2026-09-30 10:30:02.532,2026-09-30 10:30:02.532,2026-09-30
"631","HL4GZsxPZA","MOOSPMv3Parser",1790764201,0,0,1,0,0,1,2,0,0,2,168,84,70310,10,9,1,9,9,18,37,9,1,18,19,41,38,18.304,127,2,36.198902,-120.104477,88.058998,7,600,58,3,"e00fce686dc2ef0a68fa40b0",2026-09-30 10:30:02.634,2026-09-30 10:30:02.846,2026-09-30 10:30:02.846,2026-09-30
"632","1ghB8n43Kc","MOOSPMv3Parser",1790764201,2,2,6,6,6,7,7,7,7,7,441,327,167720,58,49,6,50,50,16,47,50,1,16,17,59,55,8.892,213,1,35.963226,-119.291718,39.158001,8,600,58,3,"e00fce68d6b773b56ce8baa0",2026-09-30 10:30:03.042,2026-09-30 10:30:03.218,2026-09-30 10:30:03.218,2026-09-30
"633","ZQ31PthRos","MOOSPMv3Parser",1790764200,3,3,2,4,4,2,3,4,4,3,1474,202,96231,21,14,1,15,15,16,46,15,1,15,16,53,52,13.472,213,1,36.503082,-120.325317,48.75,5,600,58,3,"e00fce68e77e43df92405fdb",2026-09-30 10:30:03.067,2026-09-30 10:30:03.234,2026-09-30 10:30:03.234,2026-09-30
"634","tJsrZW4HQO","MOOSPMv3Parser",1790764200,4,4,0,6,6,0,0,6,6,0,903,252,219311,40,0,3,0,0,16,47,0,0,16,17,58,55,11.593,230,3277,1e-06,0.002349,16274.161133,12,600,58,3,"e00fce68e28dcbc9a589be10",2026-09-30 10:30:03.275,2026-09-30 10:30:03.465,2026-09-30 10:30:03.465,2026-09-30
"635","XaPTvbOhuZ","MOOSPMv3Parser",1790764201,7,7,4,10,10,5,5,10,10,5,1665,390,205498,62,34,4,34,34,16,66,34,0,17,16,55,58,21.375,156,1,35.775101,-119.238541,72.916,8,600,58,3,"e00fce68e88237db75a60608",2026-09-30 10:30:03.957,2026-09-30 10:30:04.115,2026-09-30 10:30:04.115,2026-09-30
"636","GmTkPKKgFo","MOOSPMv3Parser",1790764200,9,9,0,14,14,0,0,16,16,0,2057,486,0,79,0,13,0,0,15,61,0,2,14,15,66,63,2.858,218,1,36.187443,-119.822075,23.017,10,600,58,3,"e00fce68e739ecbcf9e91965",2026-09-30 10:30:04.307,2026-09-30 10:30:04.503,2026-09-30 10:30:04.503,2026-09-30
"637","oIb9YJ9ZXT","MOOSPMv3Parser",1790764201,12,12,6,16,16,7,7,16,16,7,2314,643,192112,79,49,3,49,49,14,74,49,0,12,15,84,70,5.447,149,1,36.523354,-119.27877,79.029999,0,600,58,3,"e00fce68f12da1a0c5de6248",2026-09-30 10:30:04.478,2026-09-30 10:30:04.667,2026-09-30 10:30:04.667,2026-09-30
"638","a2rTwXnH5r","MOOSPMv3Parser",1790764200,1,1,2,2,2,2,2,2,2,3,534,114,342131,14,15,1,15,15,15,41,15,1,18,15,43,51,31.361,305,1,36.138981,-120.368362,182.826996,8,600,58,3,"e00fce6850cac69f647dc199",2026-09-30 10:30:04.519,2026-09-30 10:30:04.692,2026-09-30 10:30:04.692,2026-09-30
"639","KcvzKOC5zO","MOOSPMv3Parser",1790764201,14,14,10,22,22,10,10,25,25,10,2566,783,245083,130,76,14,76,76,0,0,76,0,15,16,72,69,8.763,454,1,36.433632,-119.923309,31.396999,0,600,58,3,"e00fce6876826e255108c6bd",2026-09-30 10:30:05.883,2026-09-30 10:30:06.042,2026-09-30 10:30:06.042,2026-09-30
"640","NBy4FA4nag","MOOSPMv3Parser",1790764800,7,7,3,9,9,4,4,10,10,4,1439,382,305457,56,27,3,27,27,16,59,27,0,16,16,59,57,15.464,184,1,35.949505,-119.049934,119.709999,9,599,58,3,"e00fce6808784ceaf209f949",2026-09-30 10:40:02.338,2026-09-30 10:40:02.531,2026-09-30 10:40:02.531,2026-09-30
"641","nLBJ5i7PzK","MOOSPMv3Parser",1790764801,0,0,1,0,0,1,1,0,0,1,169,85,70317,9,8,1,8,8,18,37,8,1,17,19,42,39,15.716,156,2,36.198883,-120.104446,77.227997,6,600,58,3,"e00fce686dc2ef0a68fa40b0",2026-09-30 10:40:02.8,2026-09-30 10:40:03.014,2026-09-30 10:40:03.014,2026-09-30
"642","DgWu9Daw3m","MOOSPMv3Parser",1790764800,3,3,2,4,4,2,3,4,4,3,1496,195,96243,19,15,2,15,15,16,45,15,1,16,16,50,52,14.323,215,1,36.50309,-120.325424,39.004002,5,600,58,3,"e00fce68e77e43df92405fdb",2026-09-30 10:40:02.967,2026-09-30 10:40:03.192,2026-09-30 10:40:03.192,2026-09-30
"643","ghIeYYWQ1W","MOOSPMv3Parser",1790764801,2,2,6,5,5,6,6,6,6,6,414,306,167757,53,44,6,45,45,16,47,45,1,16,17,58,55,8.844,209,1,35.963146,-119.291771,32.945,7,600,58,3,"e00fce68d6b773b56ce8baa0",2026-09-30 10:40:03.051,2026-09-30 10:40:03.215,2026-09-30 10:40:03.215,2026-09-30
"644","XP62SVvH37","MOOSPMv3Parser",1790764800,4,4,0,6,6,0,0,7,7,0,963,268,219311,37,0,3,0,0,16,48,0,0,16,17,58,56,13,213,3277,1e-06,0.002349,16274.161133,12,600,58,3,"e00fce68e28dcbc9a589be10",2026-09-30 10:40:03.318,2026-09-30 10:40:03.498,2026-09-30 10:40:03.498,2026-09-30
"645","N5JjueiNtB","MOOSPMv3Parser",1790764801,7,7,4,9,9,5,5,9,9,5,1669,381,205527,51,33,2,34,34,16,65,34,0,17,17,56,58,22.501,143,2,35.775059,-119.238548,64.879997,6,600,58,3,"e00fce68e88237db75a60608",2026-09-30 10:40:03.957,2026-09-30 10:40:04.15,2026-09-30 10:40:04.15,2026-09-30
"646","8t0zYpTmp7","MOOSPMv3Parser",1790764800,10,10,0,16,16,0,0,17,17,0,2288,545,0,94,0,13,0,0,14,62,0,2,14,15,68,64,1.286,223,1,36.187447,-119.82209,26.214001,9,600,58,3,"e00fce68e739ecbcf9e91965",2026-09-30 10:40:04.167,2026-09-30 10:40:04.367,2026-09-30 10:40:04.367,2026-09-30
"647","Y2GmLTq7Cb","MOOSPMv3Parser",1790764801,13,13,6,16,16,7,7,17,17,7,2442,678,192155,81,50,3,50,50,14,74,50,0,12,15,83,68,5.355,141,1,36.523369,-119.278847,75.230003,9,600,58,3,"e00fce68f12da1a0c5de6248",2026-09-30 10:40:04.316,2026-09-30 10:40:04.513,2026-09-30 10:40:04.513,2026-09-30
"648","Q6DmsVDrKs","MOOSPMv3Parser",1790764800,1,1,2,2,2,2,2,2,2,2,540,116,342146,15,15,1,15,15,15,41,15,1,18,15,43,51,32.715,273,1,36.138981,-120.368362,182.826996,0,600,58,3,"e00fce6850cac69f647dc199",2026-09-30 10:40:04.507,2026-09-30 10:40:04.666,2026-09-30 10:40:04.666,2026-09-30
"649","oFNYgTdsOa","MOOSPMv3Parser",1790764801,14,14,10,22,22,10,10,24,24,10,2492,767,245148,128,75,15,76,76,0,0,76,0,15,16,73,69,8.569,455,1,36.433552,-119.92337,31.879999,13,600,58,3,"e00fce6876826e255108c6bd",2026-09-30 10:40:05.713,2026-09-30 10:40:05.953,2026-09-30 10:40:05.953,2026-09-30
"650","2nBnbvXbva","MOOSPMv3Parser",1790765400,7,7,4,9,9,4,4,10,10,4,1414,372,305479,50,27,3,28,28,16,60,28,0,16,16,59,58,16.225,178,1,35.949554,-119.049942,96.531998,6,599,58,3,"e00fce6808784ceaf209f949",2026-09-30 10:50:02.125,2026-09-30 10:50:02.362,2026-09-30 10:50:02.362,2026-09-30
"651","YDD9OM5npC","MOOSPMv3Parser",1790765401,2,2,5,5,5,6,6,6,6,6,400,295,167792,52,42,7,42,42,16,47,42,1,16,17,58,54,9.023,205,1,35.963177,-119.29174,29.302999,8,600,58,3,"e00fce68d6b773b56ce8baa0",2026-09-30 10:50:02.563,2026-09-30 10:50:02.774,2026-09-30 10:50:02.774,2026-09-30
"652","bLn0MPo5Ri","MOOSPMv3Parser",1790765400,3,3,2,4,4,2,3,4,4,3,1501,201,96256,21,15,1,15,15,15,47,15,1,15,16,54,54,13.381,211,1,36.503128,-120.325317,40.851002,7,600,58,3,"e00fce68e77e43df92405fdb",2026-09-30 10:50:02.998,2026-09-30 10:50:03.158,2026-09-30 10:50:03.158,2026-09-30
"653","MmJFIiWq2c","MOOSPMv3Parser",1790765401,0,0,1,0,0,1,1,0,0,1,169,85,70324,10,9,1,9,9,17,37,9,1,17,19,43,39,15.601,156,1,36.198872,-120.104469,69.521004,7,600,58,3,"e00fce686dc2ef0a68fa40b0",2026-09-30 10:50:03.108,2026-09-30 10:50:03.28,2026-09-30 10:50:03.28,2026-09-30
"654","MzgaV3Fz0S","MOOSPMv3Parser",1790765400,4,4,0,6,6,0,0,7,7,0,944,266,219311,38,0,3,0,0,16,48,0,0,16,17,60,57,13.057,210,3277,1e-06,0.002349,16274.161133,12,600,58,3,"e00fce68e28dcbc9a589be10",2026-09-30 10:50:03.258,2026-09-30 10:50:03.413,2026-09-30 10:50:03.413,2026-09-30
"655","IdUMdWFARp","MOOSPMv3Parser",1790765401,7,7,4,9,9,5,5,10,10,5,1652,382,205557,55,34,3,34,34,16,67,34,0,17,16,58,60,21.321,151,2,35.775017,-119.238564,63.141998,5,600,58,3,"e00fce68e88237db75a60608",2026-09-30 10:50:03.946,2026-09-30 10:50:04.141,2026-09-30 10:50:04.141,2026-09-30
"656","AwDlAK0mlb","MOOSPMv3Parser",1790765401,12,12,6,16,16,6,6,16,16,6,2329,646,192197,79,48,3,48,48,14,74,48,0,11,14,85,70,5.114,129,1,36.523388,-119.278816,87.456001,7,600,58,3,"e00fce68f12da1a0c5de6248",2026-09-30 10:50:04.272,2026-09-30 10:50:04.46,2026-09-30 10:50:04.46,2026-09-30
"657","X9EaqpAl07","MOOSPMv3Parser",1790765400,1,1,2,2,2,2,2,2,2,2,558,112,342162,16,14,1,14,14,15,41,14,1,18,15,42,51,31.126,287,1,36.139,-120.36824,182.535004,7,600,58,3,"e00fce6850cac69f647dc199",2026-09-30 10:50:04.431,2026-09-30 10:50:04.58,2026-09-30 10:50:04.58,2026-09-30
"658","wUlhHKBBCr","MOOSPMv3Parser",1790765400,10,10,0,16,16,0,0,17,17,0,2343,565,0,89,0,12,0,0,14,63,0,2,13,15,70,65,0.001,233,1,36.187511,-119.822052,27.193001,9,600,58,3,"e00fce68e739ecbcf9e91965",2026-09-30 10:50:04.333,2026-09-30 10:50:04.618,2026-09-30 10:50:04.618,2026-09-30
"659","bs3kpnm1K2","MOOSPMv3Parser",1790765401,14,14,9,20,20,10,10,23,23,10,2401,741,245211,120,71,12,71,71,0,0,72,0,15,16,71,68,8.142,455,1,36.433609,-119.923355,31.301001,10,600,58,3,"e00fce6876826e255108c6bd",2026-09-30 10:50:05.865,2026-09-30 10:50:05.991,2026-09-30 10:50:05.991,2026-09-30
"660","OL9laWSHBK","MOOSPMv3Parser",1790766001,0,0,1,0,0,1,2,0,0,2,176,92,70332,11,9,1,10,10,17,38,10,1,17,18,44,40,15.357,152,1,36.198853,-120.104431,78.089996,8,600,58,3,"e00fce686dc2ef0a68fa40b0",2026-09-30 11:00:02.222,2026-09-30 11:00:02.414,2026-09-30 11:00:02.414,2026-09-30
"661","Ni5dCJme1p","MOOSPMv3Parser",1790766000,7,7,3,9,9,4,4,10,10,4,1444,377,304989,51,26,2,26,26,16,60,26,0,16,16,58,58,16.832,166,1,35.949554,-119.049942,96.527,0,600,58,3,"e00fce6808784ceaf209f949",2026-09-30 11:00:02.496,2026-09-30 11:00:02.868,2026-09-30 11:00:02.868,2026-09-30
"662","GW2W4qhTmX","MOOSPMv3Parser",1790766001,2,2,5,5,5,6,6,6,6,6,403,298,167827,52,43,6,43,43,16,47,43,0,16,17,59,55,10.354,198,1,35.963192,-119.291702,36.459999,5,600,58,3,"e00fce68d6b773b56ce8baa0",2026-09-30 11:00:02.812,2026-09-30 11:00:03.11,2026-09-30 11:00:03.11,2026-09-30
"663","DB4yooJut7","MOOSPMv3Parser",1790766000,3,3,2,3,3,2,3,4,4,3,1419,188,96268,19,15,1,15,15,15,41,15,1,14,15,52,49,9.342,212,1,36.503128,-120.325317,40.848999,0,600,58,3,"e00fce68e77e43df92405fdb",2026-09-30 11:00:02.987,2026-09-30 11:00:03.147,2026-09-30 11:00:03.147,2026-09-30
"664","XbaQxbHoxA","MOOSPMv3Parser",1790766000,4,4,0,7,7,0,0,7,7,0,1003,279,219311,43,0,2,0,0,16,49,0,0,16,17,60,57,14.132,203,3277,1e-06,0.002349,16274.161133,12,600,58,3,"e00fce68e28dcbc9a589be10",2026-09-30 11:00:03.483,2026-09-30 11:00:03.642,2026-09-30 11:00:03.642,2026-09-30
"665","uSi5nZFI1l","MOOSPMv3Parser",1790766000,12,12,0,18,18,0,0,19,19,0,2581,630,0,103,0,11,0,0,14,65,0,2,14,14,70,67,0,239,1,36.187447,-119.822029,41.921001,9,600,58,3,"e00fce68e739ecbcf9e91965",2026-09-30 11:00:04.165,2026-09-30 11:00:04.306,2026-09-30 11:00:04.306,2026-09-30
"666","pqfVmaBoOn","MOOSPMv3Parser",1790766001,7,7,4,10,10,5,5,11,11,5,1698,394,205588,60,35,6,35,35,16,67,35,0,17,16,57,60,18.095,172,2,35.775017,-119.238564,63.141998,0,600,58,3,"e00fce68e88237db75a60608",2026-09-30 11:00:04.054,2026-09-30 11:00:04.313,2026-09-30 11:00:04.313,2026-09-30
"667","C0Lx6KMwng","MOOSPMv3Parser",1790766001,14,14,7,18,18,8,8,19,19,8,2642,734,192247,88,56,3,57,57,14,76,57,0,12,14,83,72,5.766,152,1,36.52343,-119.278915,81.874001,5,600,58,3,"e00fce68f12da1a0c5de6248",2026-09-30 11:00:04.181,2026-09-30 11:00:04.355,2026-09-30 11:00:04.355,2026-09-30
"668","1o5qHNHJTQ","MOOSPMv3Parser",1790766000,1,1,2,2,2,2,2,2,2,2,572,118,342178,15,15,1,15,15,14,42,15,1,18,15,42,51,29.342,315,1,36.138996,-120.368317,190.973999,7,600,58,3,"e00fce6850cac69f647dc199",2026-09-30 11:00:04.668,2026-09-30 11:00:04.854,2026-09-30 11:00:04.854,2026-09-30
"669","1d3Q85lDtL","MOOSPMv3Parser",1790766001,13,13,9,20,20,9,10,22,22,10,2264,696,245272,121,69,13,69,69,0,0,69,0,15,16,71,68,7.864,453,1,36.433697,-119.923309,33.129002,10,600,58,3,"e00fce6876826e255108c6bd",2026-09-30 11:00:05.78,2026-09-30 11:00:05.968,2026-09-30 11:00:05.968,2026-09-30
"670","5CrXqXHhxZ","MOOSPMv3Parser",1790766600,7,7,3,9,9,3,3,9,9,4,1458,380,305516,49,25,2,25,25,16,61,25,0,16,16,59,58,16.068,167,1,35.949524,-119.049934,108.823997,7,599,58,3,"e00fce6808784ceaf209f949",2026-09-30 11:10:02.35,2026-09-30 11:10:02.512,2026-09-30 11:10:02.512,2026-09-30
"671","KQkRRO9HM6","MOOSPMv3Parser",1790766601,0,0,1,0,0,2,2,0,0,2,184,98,70340,11,10,1,10,10,17,38,10,1,17,18,43,40,15.416,147,1,36.198898,-120.104393,78.494003,8,600,58,3,"e00fce686dc2ef0a68fa40b0",2026-09-30 11:10:02.457,2026-09-30 11:10:02.643,2026-09-30 11:10:02.643,2026-09-30
"672","xKMb0tZ2UZ","MOOSPMv3Parser",1790766601,2,2,6,6,6,7,7,7,7,7,439,326,167869,58,50,7,51,51,16,47,51,0,15,17,59,55,9.23,202,1,35.963158,-119.291687,57.418999,5,600,58,3,"e00fce68d6b773b56ce8baa0",2026-09-30 11:10:02.643,2026-09-30 11:10:02.817,2026-09-30 11:10:02.817,2026-09-30
"673","AcuUTZCCEQ","MOOSPMv3Parser",1790766600,5,5,0,7,7,0,0,7,7,0,1017,283,219311,41,0,3,0,0,16,48,0,0,16,17,58,56,17.413,184,3277,1e-06,0.002349,16274.161133,12,600,58,3,"e00fce68e28dcbc9a589be10",2026-09-30 11:10:03.324,2026-09-30 11:10:03.551,2026-09-30 11:10:03.551,2026-09-30
"674","hJCdtE8Bhz","MOOSPMv3Parser",1790766600,2,2,2,3,3,2,2,4,4,2,1476,178,96279,18,13,1,13,13,15,49,13,1,14,15,58,56,6.662,213,1,36.50317,-120.325272,30.815001,7,600,58,3,"e00fce68e77e43df92405fdb",2026-09-30 11:10:03.704,2026-09-30 11:10:03.874,2026-09-30 11:10:03.874,2026-09-30
"675","ta5JF69Mp8","MOOSPMv3Parser",1790766601,7,7,4,10,10,5,5,10,10,5,1694,390,205618,57,34,3,34,34,16,68,34,0,17,16,59,60,18.144,187,2,35.775028,-119.238541,76.926003,14,600,58,3,"e00fce68e88237db75a60608",2026-09-30 11:10:04.013,2026-09-30 11:10:04.227,2026-09-30 11:10:04.227,2026-09-30
"676","zm5uXokUgF","MOOSPMv3Parser",1790766600,13,13,0,19,19,0,0,21,21,0,2807,690,0,107,0,12,0,0,14,67,0,2,14,14,68,68,0,245,1,36.187447,-119.822029,41.922001,0,600,58,3,"e00fce68e739ecbcf9e91965",2026-09-30 11:10:04.237,2026-09-30 11:10:04.405,2026-09-30 11:10:04.405,2026-09-30
"677","SsYpQSmsVw","MOOSPMv3Parser",1790766601,14,14,7,18,18,7,7,18,18,7,2591,721,192296,88,55,3,55,55,14,75,55,0,12,14,82,72,6.129,164,1,36.52327,-119.278793,93.459,6,600,58,3,"e00fce68f12da1a0c5de6248",2026-09-30 11:10:04.255,2026-09-30 11:10:04.421,2026-09-30 11:10:04.421,2026-09-30
"678","CrbNrPU0ft","MOOSPMv3Parser",1790766600,2,2,2,2,2,2,3,3,3,3,576,125,342194,17,16,1,16,16,14,43,16,1,18,15,43,53,26.843,314,1,36.139046,-120.368332,184.488007,7,600,58,3,"e00fce6850cac69f647dc199",2026-09-30 11:10:04.471,2026-09-30 11:10:04.636,2026-09-30 11:10:04.636,2026-09-30
"679","xMGBJevWUH","MOOSPMv3Parser",1790766601,13,13,9,20,20,9,10,23,23,10,2273,698,245333,122,67,14,68,68,0,0,68,0,15,16,71,68,7.648,448,1,36.433609,-119.923325,23.073999,11,600,58,3,"e00fce6876826e255108c6bd",2026-09-30 11:10:05.698,2026-09-30 11:10:05.874,2026-09-30 11:10:05.874,2026-09-30
"680","WthbHTaNy0","MOOSPMv3Parser",1790767201,0,0,1,0,0,1,2,0,0,2,179,93,70347,11,9,1,9,9,17,38,9,1,17,18,43,40,16.25,133,1,36.198853,-120.104416,87.571999,9,600,58,3,"e00fce686dc2ef0a68fa40b0",2026-09-30 11:20:02.204,2026-09-30 11:20:02.365,2026-09-30 11:20:02.365,2026-09-30
"681","5FBL4IMzIn","MOOSPMv3Parser",1790767200,7,7,4,9,9,4,4,9,9,4,1469,381,305540,51,28,3,28,28,15,61,28,0,16,16,59,58,16.008,168,1,35.949612,-119.04995,110.286003,9,599,58,3,"e00fce6808784ceaf209f949",2026-09-30 11:20:02.356,2026-09-30 11:20:02.583,2026-09-30 11:20:02.583,2026-09-30
"682","e0S0ZB9PNf","MOOSPMv3Parser",1790767201,4,4,8,9,9,9,9,10,10,9,524,405,167922,72,63,8,63,63,16,47,63,1,16,16,59,55,9.854,202,1,35.963219,-119.291824,37.283001,6,600,58,3,"e00fce68d6b773b56ce8baa0",2026-09-30 11:20:03.035,2026-09-30 11:20:03.278,2026-09-30 11:20:03.278,2026-09-30
"683","AEAOHYxS6s","MOOSPMv3Parser",1790767200,5,5,0,7,7,0,0,7,7,0,1003,278,219311,43,0,3,0,0,16,48,0,0,16,17,58,56,18.377,179,3277,1e-06,0.002349,16274.161133,12,600,58,3,"e00fce68e28dcbc9a589be10",2026-09-30 11:20:03.253,2026-09-30 11:20:03.404,2026-09-30 11:20:03.404,2026-09-30
"684","ReyFtjQAOv","MOOSPMv3Parser",1790767201,7,7,4,10,10,5,5,10,10,5,1663,389,205647,56,33,3,34,34,16,69,34,0,16,16,59,61,16.225,198,1,35.775059,-119.238518,66.806999,15,600,58,3,"e00fce68e88237db75a60608",2026-09-30 11:20:04.025,2026-09-30 11:20:04.179,2026-09-30 11:20:04.179,2026-09-30
"685","RcVezvajeH","MOOSPMv3Parser",1790767200,14,14,0,22,22,0,0,23,23,0,2973,746,0,122,0,15,0,0,14,66,0,2,14,14,68,67,0,246,1,36.187489,-119.822136,16.719999,7,600,58,3,"e00fce68e739ecbcf9e91965",2026-09-30 11:20:04.158,2026-09-30 11:20:04.342,2026-09-30 11:20:04.342,2026-09-30
"686","hExjsMRQyP","MOOSPMv3Parser",1790767201,14,14,7,18,18,7,7,18,18,7,2565,709,192343,90,54,3,54,54,14,76,54,0,13,14,82,73,6.472,150,1,36.523273,-119.278801,103.223999,7,600,58,3,"e00fce68f12da1a0c5de6248",2026-09-30 11:20:04.259,2026-09-30 11:20:04.407,2026-09-30 11:20:04.407,2026-09-30
"687","b2YAQNCfHV","MOOSPMv3Parser",1790767200,1,1,2,2,2,2,3,3,3,3,532,125,342210,18,16,2,16,16,14,42,17,1,17,15,43,52,27.303,322,1,36.139034,-120.368301,190.651993,7,600,58,3,"e00fce6850cac69f647dc199",2026-09-30 11:20:04.51,2026-09-30 11:20:04.725,2026-09-30 11:20:04.725,2026-09-30
"688","SFTNz8F9My","MOOSPMv3Parser",1790767201,13,13,9,20,20,9,10,22,22,10,2281,699,245394,117,68,15,68,68,0,0,68,0,16,16,70,69,7.522,443,1,36.433567,-119.923332,22.691999,10,600,58,3,"e00fce6876826e255108c6bd",2026-09-30 11:20:05.788,2026-09-30 11:20:05.975,2026-09-30 11:20:05.975,2026-09-30
"689","pbn2YveoiK","MOOSPMv3Parser",1790767801,0,0,1,0,0,1,2,0,0,2,176,89,70354,10,9,1,9,9,17,38,9,1,17,18,43,40,15.911,123,2,36.198841,-120.104431,81.797997,7,600,58,3,"e00fce686dc2ef0a68fa40b0",2026-09-30 11:30:02.132,2026-09-30 11:30:02.281,2026-09-30 11:30:02.281,2026-09-30
"690","6wI5M3TgGP","MOOSPMv3Parser",1790767800,7,7,3,10,10,4,4,10,10,4,1489,391,305561,55,26,3,27,27,16,60,27,0,16,16,59,58,16.145,166,1,35.949406,-119.049858,129.177994,8,599,58,3,"e00fce6808784ceaf209f949",2026-09-30 11:30:02.275,2026-09-30 11:30:02.44,2026-09-30 11:30:02.44,2026-09-30
"691","CvdFWBgRUy","MOOSPMv3Parser",1790767801,4,4,8,9,9,8,8,10,10,8,512,395,167974,69,61,9,61,61,16,47,61,1,16,16,57,54,9.535,203,1,35.963219,-119.291824,37.285,0,600,58,3,"e00fce68d6b773b56ce8baa0",2026-09-30 11:30:02.497,2026-09-30 11:30:02.678,2026-09-30 11:30:02.678,2026-09-30
"692","IIOfLBR9h0","MOOSPMv3Parser",1790767800,4,4,0,6,6,0,0,7,7,0,956,269,219311,41,0,3,0,0,16,48,0,0,16,17,58,56,18.732,180,3277,1e-06,0.002349,16274.161133,12,600,58,3,"e00fce68e28dcbc9a589be10",2026-09-30 11:30:03.497,2026-09-30 11:30:03.701,2026-09-30 11:30:03.701,2026-09-30
"693","inEpsbsQEH","MOOSPMv3Parser",1790767801,7,7,4,10,10,5,5,10,10,5,1673,386,205678,55,35,3,35,35,15,70,35,0,16,16,60,62,15.482,203,1,35.775017,-119.23851,69.197998,12,600,58,3,"e00fce68e88237db75a60608",2026-09-30 11:30:04.037,2026-09-30 11:30:04.217,2026-09-30 11:30:04.217,2026-09-30
"694","fRTS7Cuz4g","MOOSPMv3Parser",1790767800,14,14,0,22,22,0,0,24,24,0,3044,764,0,129,0,14,0,0,14,66,0,2,14,14,68,67,0,248,1,36.187489,-119.822075,21.231001,9,600,58,3,"e00fce68e739ecbcf9e91965",2026-09-30 11:30:04.147,2026-09-30 11:30:04.276,2026-09-30 11:30:04.276,2026-09-30
"695","YdfuGKbw77","MOOSPMv3Parser",1790767801,14,14,7,17,17,7,7,18,18,7,2573,709,192391,88,55,3,55,55,14,76,55,0,13,14,82,74,7.793,134,1,36.523254,-119.278885,100.084,5,600,58,3,"e00fce68f12da1a0c5de6248",2026-09-30 11:30:04.341,2026-09-30 11:30:04.505,2026-09-30 11:30:04.505,2026-09-30
"696","nPe8AgQ3Mb","MOOSPMv3Parser",1790767800,1,1,2,2,2,2,2,2,2,2,512,116,342226,16,14,1,14,14,14,42,14,1,17,15,43,51,30.723,277,1,36.138897,-120.368301,170.516998,8,600,58,3,"e00fce6850cac69f647dc199",2026-09-30 11:30:04.512,2026-09-30 11:30:04.696,2026-09-30 11:30:04.696,2026-09-30
"697","o0LdguhuCy","MOOSPMv3Parser",1790767801,12,12,8,20,20,9,9,22,22,9,2195,678,245453,117,66,15,67,67,1,0,67,0,16,16,69,68,7.507,433,1,36.433609,-119.923325,27.344,12,600,58,3,"e00fce6876826e255108c6bd",2026-09-30 11:30:05.794,2026-09-30 11:30:05.936,2026-09-30 11:30:05.936,2026-09-30
"698","lqGyoDJ4pi","MOOSPMv3Parser",1790768401,0,0,1,0,0,1,1,0,0,1,170,86,70360,10,8,1,8,8,17,39,8,1,16,18,45,42,16.261,136,2,36.198814,-120.104439,73.682999,8,600,58,3,"e00fce686dc2ef0a68fa40b0",2026-09-30 11:40:02.127,2026-09-30 11:40:02.371,2026-09-30 11:40:02.371,2026-09-30
"699","VFkDTv4uXo","MOOSPMv3Parser",1790768400,7,7,4,10,10,4,4,10,10,4,1551,398,305585,53,28,3,29,29,16,60,29,0,16,16,58,57,16.287,170,1,35.949409,-119.049843,125.306,7,599,58,3,"e00fce6808784ceaf209f949",2026-09-30 11:40:02.345,2026-09-30 11:40:02.521,2026-09-30 11:40:02.521,2026-09-30
"700","b87dVipXKm","MOOSPMv3Parser",1790768401,3,3,7,8,8,8,8,8,8,8,466,354,168021,62,55,8,56,56,16,47,56,1,16,16,58,55,8.863,202,1,35.963139,-119.291817,45.728001,9,600,58,3,"e00fce68d6b773b56ce8baa0",2026-09-30 11:40:02.812,2026-09-30 11:40:03.013,2026-09-30 11:40:03.013,2026-09-30
"701","4Yj9w7P7XX","MOOSPMv3Parser",1790768400,4,4,0,6,6,0,0,6,6,0,935,258,219311,37,0,2,0,0,16,48,0,0,16,17,59,56,17.824,184,3277,1e-06,0.002349,16274.161133,12,600,58,3,"e00fce68e28dcbc9a589be10",2026-09-30 11:40:03.331,2026-09-30 11:40:03.505,2026-09-30 11:40:03.505,2026-09-30
"702","Mm8ap3mxbx","MOOSPMv3Parser",1790768401,7,7,5,10,10,5,5,11,11,5,1705,401,205709,61,36,4,36,36,15,71,36,0,16,16,61,62,13.967,220,1,35.774979,-119.238548,73.709,9,600,58,3,"e00fce68e88237db75a60608",2026-09-30 11:40:04.037,2026-09-30 11:40:04.21,2026-09-30 11:40:04.21,2026-09-30
"703","Q5Gqism6uo","MOOSPMv3Parser",1790768400,15,15,0,22,22,0,0,24,24,0,3071,768,0,131,0,15,0,0,14,68,0,2,14,14,70,68,0,248,1,36.187553,-119.821945,45.405998,9,600,58,3,"e00fce68e739ecbcf9e91965",2026-09-30 11:40:04.241,2026-09-30 11:40:04.405,2026-09-30 11:40:04.405,2026-09-30
"704","9qgYAu36oz","MOOSPMv3Parser",1790768401,14,14,7,17,17,7,7,18,18,7,2551,710,192438,86,54,2,54,54,14,76,54,0,12,14,82,72,7.777,118,1,36.523399,-119.278801,84.047997,6,600,58,3,"e00fce68f12da1a0c5de6248",2026-09-30 11:40:04.341,2026-09-30 11:40:04.5,2026-09-30 11:40:04.5,2026-09-30
"705","BHMOXAFWeq","MOOSPMv3Parser",1790768400,2,2,2,2,2,2,3,3,3,3,546,122,342242,17,15,1,16,16,14,40,16,1,17,15,42,50,32.643,259,1,36.13903,-120.368355,180.598999,8,600,58,3,"e00fce6850cac69f647dc199",2026-09-30 11:40:04.511,2026-09-30 11:40:04.7,2026-09-30 11:40:04.7,2026-09-30
"706","yPCwAT3STZ","MOOSPMv3Parser",1790768401,12,12,9,19,19,9,9,21,21,10,2145,660,245512,116,66,14,67,67,0,0,67,0,15,16,70,68,7.149,428,1,36.433609,-119.92334,14.881,8,600,58,3,"e00fce6876826e255108c6bd",2026-09-30 11:40:05.817,2026-09-30 11:40:05.971,2026-09-30 11:40:05.971,2026-09-30
"707","6o0eI2KBpy","MOOSPMv3Parser",1790769001,0,0,1,0,0,2,2,0,0,2,184,96,70369,11,10,1,11,11,17,38,11,1,17,18,44,41,16.692,141,2,36.198792,-120.104469,80.880997,9,600,58,3,"e00fce686dc2ef0a68fa40b0",2026-09-30 11:50:02.26,2026-09-30 11:50:02.447,2026-09-30 11:50:02.447,2026-09-30
"708","uAFl6QgHfj","MOOSPMv3Parser",1790769000,8,8,4,10,10,4,4,10,10,4,1600,412,305613,57,29,3,29,29,16,59,29,0,16,16,57,57,16.4,169,1,35.949535,-119.049797,124.352997,8,599,58,3,"e00fce6808784ceaf209f949",2026-09-30 11:50:02.349,2026-09-30 11:50:02.486,2026-09-30 11:50:02.486,2026-09-30
"709","6d4YtwTdZn","MOOSPMv3Parser",1790769001,4,4,8,9,9,8,8,9,9,8,498,380,168070,71,59,9,59,59,16,48,59,1,15,16,60,55,10.208,200,1,35.963097,-119.291832,58.73,10,600,58,3,"e00fce68d6b773b56ce8baa0",2026-09-30 11:50:02.552,2026-09-30 11:50:02.713,2026-09-30 11:50:02.713,2026-09-30
"710","o63s2533qM","MOOSPMv3Parser",1790769000,4,4,0,6,6,0,0,7,7,0,949,264,219311,41,0,3,0,0,16,49,0,0,16,17,60,57,16.128,206,3277,1e-06,0.002349,16274.161133,12,600,58,3,"e00fce68e28dcbc9a589be10",2026-09-30 11:50:03.468,2026-09-30 11:50:03.648,2026-09-30 11:50:03.648,2026-09-30
"711","rOkXSMe5ED","MOOSPMv3Parser",1790769001,8,8,5,10,10,5,5,11,11,5,1772,420,205740,61,36,3,36,36,15,72,36,0,16,16,61,63,11.72,230,1,35.775047,-119.238487,69.547997,10,600,58,3,"e00fce68e88237db75a60608",2026-09-30 11:50:04.037,2026-09-30 11:50:04.23,2026-09-30 11:50:04.23,2026-09-30
"712","RbwgMh1FK5","MOOSPMv3Parser",1790769000,15,15,0,23,23,0,0,24,24,0,3231,807,0,131,0,12,0,0,14,68,0,2,14,14,69,68,0,245,1,36.187489,-119.822098,23.033001,11,600,58,3,"e00fce68e739ecbcf9e91965",2026-09-30 11:50:04.163,2026-09-30 11:50:04.44,2026-09-30 11:50:04.44,2026-09-30
"713","pTcKDyHDSC","MOOSPMv3Parser",1790769001,14,14,7,18,18,7,7,19,19,7,2607,717,192485,90,54,4,54,54,14,76,54,0,12,14,83,73,7.853,113,1,36.523289,-119.278816,86.468002,6,600,58,3,"e00fce68f12da1a0c5de6248",2026-09-30 11:50:04.346,2026-09-30 11:50:04.534,2026-09-30 11:50:04.534,2026-09-30
"714","g0ECwv4eJl","MOOSPMv3Parser",1790769000,1,1,2,2,2,2,2,3,3,3,532,120,342258,17,15,1,15,15,14,43,15,1,17,15,44,53,31.335,265,1,36.138962,-120.368408,167.927002,7,600,58,3,"e00fce6850cac69f647dc199",2026-09-30 11:50:04.5,2026-09-30 11:50:04.716,2026-09-30 11:50:04.716,2026-09-30
"715","XSqiNAkCEn","MOOSPMv3Parser",1790769001,12,12,9,19,19,9,10,21,21,10,2140,659,245571,110,66,14,67,67,0,0,67,0,15,16,70,67,7.241,416,1,36.433571,-119.923355,30.398001,7,600,58,3,"e00fce6876826e255108c6bd",2026-09-30 11:50:05.716,2026-09-30 11:50:05.869,2026-09-30 11:50:05.869,2026-09-30
"716","YtSspZsXL0","MOOSPMv3Parser",1790769601,0,0,2,0,0,2,2,0,0,2,198,108,70378,14,11,1,12,12,17,39,12,1,16,18,45,42,14.267,164,2,36.198811,-120.104393,69.574997,9,600,58,3,"e00fce686dc2ef0a68fa40b0",2026-09-30 12:00:01.953,2026-09-30 12:00:02.145,2026-09-30 12:00:02.145,2026-09-30
"717","R6JMHAyeA2","MOOSPMv3Parser",1790769600,7,7,3,9,9,4,4,10,10,4,1433,375,305634,55,27,4,27,27,16,59,27,0,16,16,57,57,16.413,166,1,35.949429,-119.049767,137.75,9,599,58,3,"e00fce6808784ceaf209f949",2026-09-30 12:00:02.277,2026-09-30 12:00:02.492,2026-09-30 12:00:02.492,2026-09-30
"718","dfSjP9Dh35","MOOSPMv3Parser",1790769601,4,4,8,10,10,9,9,11,11,9,533,414,168124,76,65,9,65,65,16,48,65,1,15,16,60,56,10.68,200,1,35.96312,-119.29174,18.636999,8,600,58,3,"e00fce68d6b773b56ce8baa0",2026-09-30 12:00:03.051,2026-09-30 12:00:03.265,2026-09-30 12:00:03.265,2026-09-30
"719","ctFoJ1oAEK","MOOSPMv3Parser",1790769600,5,5,3,6,6,3,4,6,6,4,1913,287,96354,30,20,1,21,21,14,56,21,1,14,14,59,60,7.035,225,1,36.503033,-120.325333,50.493,12,600,58,3,"e00fce68e77e43df92405fdb",2026-09-30 12:00:03.089,2026-09-30 12:00:03.314,2026-09-30 12:00:03.314,2026-09-30
"720","xVF5KwPZbi","MOOSPMv3Parser",1790769600,5,5,0,7,7,0,0,7,7,0,1044,292,219311,41,0,3,0,0,15,47,0,0,13,16,64,55,11.141,210,3277,1e-06,0.002349,16274.161133,12,600,58,3,"e00fce68e28dcbc9a589be10",2026-09-30 12:00:03.451,2026-09-30 12:00:03.625,2026-09-30 12:00:03.625,2026-09-30
"721","ktAtKgQ7dJ","MOOSPMv3Parser",1790769601,7,7,5,11,11,6,6,11,11,6,1784,424,205773,67,39,5,40,40,15,73,40,0,16,16,61,64,7.782,249,1,35.775021,-119.238441,63.188999,10,600,58,3,"e00fce68e88237db75a60608",2026-09-30 12:00:04.108,2026-09-30 12:00:04.334,2026-09-30 12:00:04.334,2026-09-30
"722","3KswhRGhhF","MOOSPMv3Parser",1790769601,13,13,7,17,17,7,7,18,18,7,2526,700,192531,86,53,4,53,53,14,76,53,0,13,14,82,73,8.318,113,1,36.523281,-119.278801,88.772003,6,600,58,3,"e00fce68f12da1a0c5de6248",2026-09-30 12:00:04.265,2026-09-30 12:00:04.449,2026-09-30 12:00:04.449,2026-09-30
"723","AjOhX9SEAJ","MOOSPMv3Parser",1790769600,16,16,0,23,23,0,0,25,25,0,3242,812,0,135,0,14,0,0,14,68,0,2,14,14,70,68,0,241,1,36.18755,-119.822128,29.695999,9,600,58,3,"e00fce68e739ecbcf9e91965",2026-09-30 12:00:04.328,2026-09-30 12:00:04.513,2026-09-30 12:00:04.513,2026-09-30
"724","lGnKaxebCo","MOOSPMv3Parser",1790769600,1,1,2,2,2,2,3,2,2,3,511,118,342274,16,15,1,16,16,14,42,16,1,17,14,43,51,29.174,271,1,36.138988,-120.368309,182.464005,7,600,58,3,"e00fce6850cac69f647dc199",2026-09-30 12:00:04.576,2026-09-30 12:00:04.72,2026-09-30 12:00:04.72,2026-09-30
"725","tLp4AAqB0h","MOOSPMv3Parser",1790769601,12,12,8,18,18,9,9,21,21,9,2122,654,245627,108,65,14,65,65,0,0,65,0,15,16,70,67,7.628,398,1,36.433674,-119.923386,31.306999,6,600,58,3,"e00fce6876826e255108c6bd",2026-09-30 12:00:05.789,2026-09-30 12:00:05.986,2026-09-30 12:00:05.986,2026-09-30
"726","u08GKWzREr","MOOSPMv3Parser",1790770201,0,0,2,0,0,3,3,0,0,3,221,131,70391,19,17,2,17,17,17,39,17,1,16,18,45,41,12.469,198,2,36.198811,-120.104393,69.578003,0,600,58,3,"e00fce686dc2ef0a68fa40b0",2026-09-30 12:10:02.023,2026-09-30 12:10:02.18,2026-09-30 12:10:02.18,2026-09-30
"727","36xYWQARUa","MOOSPMv3Parser",1790770200,6,6,3,8,8,4,4,9,9,4,1324,338,305654,47,26,3,26,26,16,59,26,0,17,16,56,57,16.538,167,1,35.949474,-119.049973,113.235001,7,599,58,3,"e00fce6808784ceaf209f949",2026-09-30 12:10:02.348,2026-09-30 12:10:02.555,2026-09-30 12:10:02.555,2026-09-30
"728","aqVVnXpAlm","MOOSPMv3Parser",1790770201,3,3,7,7,7,7,7,8,8,7,466,353,168169,62,52,7,53,53,16,48,53,1,15,16,60,56,11.625,194,1,35.9631,-119.291779,36.793999,8,600,58,3,"e00fce68d6b773b56ce8baa0",2026-09-30 12:10:02.734,2026-09-30 12:10:02.894,2026-09-30 12:10:02.894,2026-09-30
"729","69EjzuGHCj","MOOSPMv3Parser",1790770200,5,5,3,6,6,4,4,7,7,5,1961,302,96372,34,22,2,23,23,14,58,23,1,14,14,61,62,6.885,227,1,36.503082,-120.325417,55.981998,10,600,58,3,"e00fce68e77e43df92405fdb",2026-09-30 12:10:02.971,2026-09-30 12:10:03.185,2026-09-30 12:10:03.185,2026-09-30
"730","WwVlycxOHx","MOOSPMv3Parser",1790770200,6,6,0,8,8,0,0,8,8,0,1115,313,219311,45,0,3,0,0,15,45,0,0,13,16,61,53,9.749,210,3277,1e-06,0.002349,16274.161133,12,600,58,3,"e00fce68e28dcbc9a589be10",2026-09-30 12:10:03.216,2026-09-30 12:10:03.356,2026-09-30 12:10:03.356,2026-09-30
"731","heUNyPR1UB","MOOSPMv3Parser",1790770201,8,8,5,12,12,6,6,13,13,6,1843,442,205810,69,42,6,42,42,15,74,42,0,16,15,62,65,7.132,249,1,35.775051,-119.238503,75.730003,7,600,58,3,"e00fce68e88237db75a60608",2026-09-30 12:10:04.103,2026-09-30 12:10:04.306,2026-09-30 12:10:04.306,2026-09-30
"732","dprGnrf1VX","MOOSPMv3Parser",1790770201,13,13,6,17,17,7,7,17,17,7,2425,676,192574,83,50,3,50,50,14,76,50,0,13,14,82,73,8.648,116,1,36.523296,-119.278778,80.626999,6,600,58,3,"e00fce68f12da1a0c5de6248",2026-09-30 12:10:04.354,2026-09-30 12:10:04.523,2026-09-30 12:10:04.523,2026-09-30
"733","aFT6YTK8Wr","MOOSPMv3Parser",1790770200,16,16,0,24,24,0,0,25,25,0,3287,820,0,131,0,15,0,0,14,69,0,2,13,14,71,69,0,246,1,36.1875,-119.822205,24.268999,5,600,58,3,"e00fce68e739ecbcf9e91965",2026-09-30 12:10:04.341,2026-09-30 12:10:04.525,2026-09-30 12:10:04.525,2026-09-30
"734","bq9Xasab5q","MOOSPMv3Parser",1790770200,1,1,2,2,2,2,2,2,2,3,535,123,342290,17,14,2,15,15,14,41,15,1,17,14,43,51,34.951,239,1,36.138996,-120.368431,165.139999,6,600,58,3,"e00fce6850cac69f647dc199",2026-09-30 12:10:04.52,2026-09-30 12:10:04.693,2026-09-30 12:10:04.693,2026-09-30
"735","RnetzDC8oS","MOOSPMv3Parser",1790770201,13,13,9,19,19,9,10,21,21,10,2247,689,245689,111,68,12,69,69,0,0,69,0,15,16,70,67,7.725,390,1,36.433586,-119.923332,17.290001,9,600,58,3,"e00fce6876826e255108c6bd",2026-09-30 12:10:05.809,2026-09-30 12:10:05.948,2026-09-30 12:10:05.948,2026-09-30
"736","egPVjHKv9I","MOOSPMv3Parser",1790770801,0,0,2,0,0,2,3,0,0,3,199,108,70402,15,13,2,14,14,16,40,14,1,15,17,49,43,9.998,204,1,36.198841,-120.104408,70.969002,12,600,58,3,"e00fce686dc2ef0a68fa40b0",2026-09-30 12:20:02.044,2026-09-30 12:20:02.274,2026-09-30 12:20:02.274,2026-09-30
"737","FiBH2R8GSe","MOOSPMv3Parser",1790770800,6,6,3,8,8,3,3,8,8,3,1218,323,305671,45,24,2,25,25,16,59,25,0,17,16,56,57,17.826,144,1,35.949577,-119.049904,119.795998,8,599,58,3,"e00fce6808784ceaf209f949",2026-09-30 12:20:02.347,2026-09-30 12:20:02.502,2026-09-30 12:20:02.502,2026-09-30
"738","cUYITVDKMH","MOOSPMv3Parser",1790770801,3,3,6,6,6,7,7,8,8,7,447,337,168210,58,49,8,49,49,16,49,49,1,15,16,60,56,12.548,184,1,35.963158,-119.291862,54.228001,9,600,58,3,"e00fce68d6b773b56ce8baa0",2026-09-30 12:20:02.819,2026-09-30 12:20:03.068,2026-09-30 12:20:03.068,2026-09-30
"739","z3f9AQvATO","MOOSPMv3Parser",1790770800,4,4,2,5,5,3,4,6,6,4,1737,266,96387,28,18,2,19,19,14,60,19,1,14,14,64,63,5.15,233,1,36.503143,-120.325371,50.362999,11,600,58,3,"e00fce68e77e43df92405fdb",2026-09-30 12:20:03.149,2026-09-30 12:20:03.325,2026-09-30 12:20:03.325,2026-09-30
"740","ZOIIV7ysoT","MOOSPMv3Parser",1790770800,6,6,0,8,8,0,0,8,8,0,1180,328,219311,45,0,3,0,0,15,46,0,0,13,15,62,55,8.811,208,3277,1e-06,0.002349,16274.161133,12,600,58,3,"e00fce68e28dcbc9a589be10",2026-09-30 12:20:03.458,2026-09-30 12:20:03.635,2026-09-30 12:20:03.635,2026-09-30
"741","iQvayrbFwX","MOOSPMv3Parser",1790770801,10,10,7,14,14,7,7,15,15,8,2106,509,205854,87,51,9,51,51,15,75,52,1,16,15,63,64,5.283,255,1,35.775051,-119.23851,60.073002,12,600,58,3,"e00fce68e88237db75a60608",2026-09-30 12:20:03.968,2026-09-30 12:20:04.124,2026-09-30 12:20:04.124,2026-09-30
"742","o4opp03Y1o","MOOSPMv3Parser",1790770800,16,16,0,24,24,0,0,25,25,0,3282,830,0,134,0,15,0,0,14,70,0,2,13,14,72,69,0,229,1,36.187504,-119.822113,17.48,5,600,58,3,"e00fce68e739ecbcf9e91965",2026-09-30 12:20:04.166,2026-09-30 12:20:04.393,2026-09-30 12:20:04.393,2026-09-30
"743","9CdE2Sna5F","MOOSPMv3Parser",1790770801,13,13,7,16,16,7,7,17,17,7,2426,667,192620,81,52,3,52,52,14,77,52,0,13,14,81,74,9.602,99,1,36.523296,-119.278778,80.626999,0,600,58,3,"e00fce68f12da1a0c5de6248",2026-09-30 12:20:04.525,2026-09-30 12:20:04.707,2026-09-30 12:20:04.707,2026-09-30
"744","7pEWrhAEkh","MOOSPMv3Parser",1790770800,1,1,2,2,2,2,3,3,3,3,547,125,342306,20,16,1,16,17,14,42,17,1,17,14,44,52,32.232,239,1,36.138931,-120.36853,162.658997,7,600,58,3,"e00fce6850cac69f647dc199",2026-09-30 12:20:04.589,2026-09-30 12:20:04.78,2026-09-30 12:20:04.78,2026-09-30
"745","AK1n3JMscj","MOOSPMv3Parser",1790770801,14,14,9,20,20,10,10,23,23,10,2390,734,245752,120,71,13,72,72,0,0,72,0,15,16,70,67,7.7,376,1,36.433586,-119.923332,17.291,0,600,58,3,"e00fce6876826e255108c6bd",2026-09-30 12:20:05.738,2026-09-30 12:20:05.988,2026-09-30 12:20:05.988,2026-09-30
"746","cnkhNS8M5t","MOOSPMv3Parser",1790771401,0,0,2,0,0,2,3,0,0,3,205,117,70411,15,12,1,13,13,16,42,13,1,15,17,53,46,10.034,210,1,36.198917,-120.104393,98.133003,10,600,58,3,"e00fce686dc2ef0a68fa40b0",2026-09-30 12:30:02.357,2026-09-30 12:30:02.53,2026-09-30 12:30:02.53,2026-09-30
"747","Jgx6sE94VM","MOOSPMv3Parser",1790771400,6,6,3,8,8,3,4,8,8,4,1243,324,305688,48,24,3,24,24,16,57,24,0,16,16,57,56,16.635,154,1,35.94949,-119.049919,102.913002,6,599,58,3,"e00fce6808784ceaf209f949",2026-09-30 12:30:02.348,2026-09-30 12:30:02.549,2026-09-30 12:30:02.549,2026-09-30
"748","s9bU1DybuB","MOOSPMv3Parser",1790771401,3,3,7,7,7,7,7,8,8,7,463,350,168253,61,52,7,52,52,15,49,52,1,15,16,62,57,12.313,183,1,35.963135,-119.291817,57.311001,10,600,58,3,"e00fce68d6b773b56ce8baa0",2026-09-30 12:30:02.612,2026-09-30 12:30:02.776,2026-09-30 12:30:02.776,2026-09-30
"749","gfrsxFgYnO","MOOSPMv3Parser",1790771400,4,4,3,5,5,3,4,6,6,4,1710,263,96403,27,20,2,20,20,14,61,20,1,14,14,64,63,3.939,240,1,36.503166,-120.325417,43.033001,10,600,58,3,"e00fce68e77e43df92405fdb",2026-09-30 12:30:03.159,2026-09-30 12:30:03.333,2026-09-30 12:30:03.333,2026-09-30
"750","vtlHOHh6Mp","MOOSPMv3Parser",1790771400,6,6,0,9,9,0,0,9,9,0,1277,356,219311,52,0,4,0,0,15,47,0,0,13,15,61,56,8.163,211,3277,1e-06,0.002349,16274.161133,12,600,58,3,"e00fce68e28dcbc9a589be10",2026-09-30 12:30:03.29,2026-09-30 12:30:03.445,2026-09-30 12:30:03.445,2026-09-30
"751","Wh4Ko1FlUh","MOOSPMv3Parser",1790771401,9,9,5,12,12,6,6,13,13,6,1971,473,205889,71,41,5,41,41,15,73,41,0,16,15,61,63,11.224,209,1,35.775043,-119.238449,66.980003,10,600,58,3,"e00fce68e88237db75a60608",2026-09-30 12:30:04.03,2026-09-30 12:30:04.209,2026-09-30 12:30:04.209,2026-09-30
"752","fFDPv6Dkt2","MOOSPMv3Parser",1790771400,16,16,0,24,24,0,0,26,26,0,3317,832,0,138,0,13,0,0,14,71,0,2,13,14,72,70,0,226,1,36.187527,-119.822105,26.737,10,600,58,3,"e00fce68e739ecbcf9e91965",2026-09-30 12:30:04.324,2026-09-30 12:30:04.512,2026-09-30 12:30:04.512,2026-09-30
"753","4yhmq5hfDT","MOOSPMv3Parser",1790771401,11,11,6,14,14,6,6,15,15,6,2092,576,192659,73,45,3,45,45,14,76,45,0,13,14,78,72,11.718,132,1,36.523495,-119.278862,108.957001,7,600,58,3,"e00fce68f12da1a0c5de6248",2026-09-30 12:30:04.454,2026-09-30 12:30:04.62,2026-09-30 12:30:04.62,2026-09-30
"754","G1qs0Ow7KZ","MOOSPMv3Parser",1790771400,1,1,2,2,2,2,2,3,3,3,527,122,342322,16,16,1,16,16,14,42,16,1,17,14,44,52,31.261,262,1,36.138931,-120.36853,162.658997,0,600,58,3,"e00fce6850cac69f647dc199",2026-09-30 12:30:04.557,2026-09-30 12:30:04.728,2026-09-30 12:30:04.728,2026-09-30
"755","KmoaKp6rym","MOOSPMv3Parser",1790771401,14,14,9,21,21,10,10,23,23,10,2409,742,245815,123,71,13,71,71,0,0,71,0,15,16,70,67,7.607,378,1,36.433418,-119.923256,1.426,10,600,58,3,"e00fce6876826e255108c6bd",2026-09-30 12:30:05.789,2026-09-30 12:30:05.985,2026-09-30 12:30:05.985,2026-09-30
"756","37moqc4q4M","MOOSPMv3Parser",1790772001,0,0,3,2,2,3,4,2,2,4,320,211,70427,29,20,2,21,21,16,43,21,1,15,17,53,47,9.005,239,1,36.198833,-120.104362,72.388,9,600,58,3,"e00fce686dc2ef0a68fa40b0",2026-09-30 12:40:02.027,2026-09-30 12:40:02.169,2026-09-30 12:40:02.169,2026-09-30
"757","RihMPPPiBn","MOOSPMv3Parser",1790772000,5,5,3,7,7,3,4,8,8,4,1179,310,305706,45,24,2,24,24,16,56,24,0,16,17,56,55,15.778,194,1,35.949612,-119.049995,110.582001,7,599,58,3,"e00fce6808784ceaf209f949",2026-09-30 12:40:02.267,2026-09-30 12:40:02.446,2026-09-30 12:40:02.446,2026-09-30
"758","c1nKsrjh6h","MOOSPMv3Parser",1790772001,3,3,7,8,8,7,7,8,8,7,479,364,168296,65,52,7,52,52,15,50,52,1,15,16,62,58,11.597,185,1,35.96315,-119.291794,39.432999,10,600,58,3,"e00fce68d6b773b56ce8baa0",2026-09-30 12:40:02.82,2026-09-30 12:40:03.023,2026-09-30 12:40:03.023,2026-09-30
"759","Up0ryE8cBg","MOOSPMv3Parser",1790772000,4,4,3,6,6,3,4,6,6,4,1742,278,96419,30,20,3,21,21,14,61,21,1,14,14,62,63,3.832,236,1,36.503174,-120.325386,52.042,10,600,58,3,"e00fce68e77e43df92405fdb",2026-09-30 12:40:02.945,2026-09-30 12:40:03.099,2026-09-30 12:40:03.099,2026-09-30
"760","3dSVQ3joxW","MOOSPMv3Parser",1790772000,6,6,0,9,9,0,0,9,9,0,1274,356,219311,52,0,3,0,0,15,48,0,0,14,15,61,57,7.828,213,3277,1e-06,0.002349,16274.161133,12,600,58,3,"e00fce68e28dcbc9a589be10",2026-09-30 12:40:03.342,2026-09-30 12:40:03.547,2026-09-30 12:40:03.547,2026-09-30
"761","nWENJYHREy","MOOSPMv3Parser",1790772001,9,9,5,12,12,5,5,12,12,5,1983,472,205923,68,40,3,40,40,15,72,40,0,15,15,62,62,13.296,177,1,35.775028,-119.23851,64.813004,5,600,58,3,"e00fce68e88237db75a60608",2026-09-30 12:40:04.038,2026-09-30 12:40:04.203,2026-09-30 12:40:04.203,2026-09-30
"762","LdPXHz89Yw","MOOSPMv3Parser",1790772000,15,15,0,23,23,0,0,25,25,0,3097,771,0,125,0,18,0,0,14,71,0,2,13,14,72,69,0,229,1,36.187469,-119.821945,27.174999,9,600,58,3,"e00fce68e739ecbcf9e91965",2026-09-30 12:40:04.33,2026-09-30 12:40:04.475,2026-09-30 12:40:04.475,2026-09-30
"763","bIqNc2Eykj","MOOSPMv3Parser",1790772001,12,12,6,15,15,6,6,15,15,6,2207,613,192699,72,46,3,46,46,14,76,46,0,13,14,81,73,10.316,100,1,36.523296,-119.278793,79.834999,7,600,58,3,"e00fce68f12da1a0c5de6248",2026-09-30 12:40:04.439,2026-09-30 12:40:04.62,2026-09-30 12:40:04.62,2026-09-30
"764","yYq9q7mFrj","MOOSPMv3Parser",1790772000,1,1,2,2,2,2,3,3,3,3,544,126,342338,18,16,2,17,17,14,41,17,1,17,14,42,50,29.285,285,1,36.138931,-120.36837,170.518997,9,600,58,3,"e00fce6850cac69f647dc199",2026-09-30 12:40:04.616,2026-09-30 12:40:04.768,2026-09-30 12:40:04.768,2026-09-30
"765","Tw4J3qa8Cc","MOOSPMv3Parser",1790772001,14,14,9,22,22,10,10,25,25,10,2512,777,245880,130,73,16,74,74,0,0,74,0,14,15,72,68,7.664,378,1,36.433567,-119.923271,15.635,10,600,58,3,"e00fce6876826e255108c6bd",2026-09-30 12:40:05.787,2026-09-30 12:40:05.985,2026-09-30 12:40:05.985,2026-09-30
"766","yUtJVroHji","MOOSPMv3Parser",1790772601,3,3,3,4,4,3,4,5,5,4,391,269,70445,33,22,3,22,22,16,44,22,1,15,17,52,48,8.653,292,1,36.198856,-120.104431,91.367996,10,600,58,3,"e00fce686dc2ef0a68fa40b0",2026-09-30 12:50:02.102,2026-09-30 12:50:02.261,2026-09-30 12:50:02.261,2026-09-30
"767","Iw4elFAxfm","MOOSPMv3Parser",1790772600,5,5,3,7,7,3,4,8,8,4,1184,308,305215,45,25,3,25,25,16,56,25,0,17,17,55,55,17.437,159,1,35.949612,-119.049995,110.583,0,600,58,3,"e00fce6808784ceaf209f949",2026-09-30 12:50:02.288,2026-09-30 12:50:02.454,2026-09-30 12:50:02.454,2026-09-30
"768","rguTFb7tpb","MOOSPMv3Parser",1790772601,3,3,7,7,7,7,7,8,8,7,468,356,168339,60,52,7,52,52,15,50,52,1,15,16,61,57,11.65,185,1,35.963146,-119.291702,23.757,9,600,58,3,"e00fce68d6b773b56ce8baa0",2026-09-30 12:50:02.5,2026-09-30 12:50:02.717,2026-09-30 12:50:02.717,2026-09-30
"769","CbwnYRsXjP","MOOSPMv3Parser",1790772600,4,4,2,5,5,3,3,5,5,4,1634,245,96435,26,19,2,19,19,14,60,19,1,13,14,63,62,4.487,224,1,36.503174,-120.325386,52.036999,0,600,58,3,"e00fce68e77e43df92405fdb",2026-09-30 12:50:02.98,2026-09-30 12:50:03.19,2026-09-30 12:50:03.19,2026-09-30
"770","F7z2HV3CUd","MOOSPMv3Parser",1790772600,6,6,0,9,9,0,0,10,10,0,1258,354,219311,55,0,4,0,0,15,49,0,0,14,15,62,58,7.262,216,3277,1e-06,0.002349,16274.161133,12,600,58,3,"e00fce68e28dcbc9a589be10",2026-09-30 12:50:03.247,2026-09-30 12:50:03.388,2026-09-30 12:50:03.388,2026-09-30
"771","EVOZOZMgmn","MOOSPMv3Parser",1790772601,9,9,5,13,13,5,5,14,14,5,2032,488,205957,77,39,7,39,39,15,72,39,0,15,15,62,63,12.344,199,1,35.775028,-119.23851,64.810997,0,600,58,3,"e00fce68e88237db75a60608",2026-09-30 12:50:03.967,2026-09-30 12:50:04.147,2026-09-30 12:50:04.147,2026-09-30
"772","HsrYSMmDGR","MOOSPMv3Parser",1790772601,11,11,6,14,14,6,6,15,15,6,2139,592,192740,68,47,3,47,47,14,76,47,0,13,14,79,73,7.66,124,1,36.5233,-119.278793,84.57,6,600,58,3,"e00fce68f12da1a0c5de6248",2026-09-30 12:50:04.275,2026-09-30 12:50:04.449,2026-09-30 12:50:04.449,2026-09-30
"773","Q9onZr2Bt7","MOOSPMv3Parser",1790772600,15,15,0,23,23,0,0,24,24,0,3182,790,0,127,0,15,0,0,14,72,0,2,13,14,74,70,0,227,1,36.187557,-119.822014,23.177999,9,600,58,3,"e00fce68e739ecbcf9e91965",2026-09-30 12:50:04.344,2026-09-30 12:50:04.511,2026-09-30 12:50:04.511,2026-09-30
"774","XQejjPBjST","MOOSPMv3Parser",1790772600,1,1,2,2,2,2,3,2,2,3,498,115,342354,18,15,1,15,15,14,38,15,1,17,14,40,47,41.137,162,1,36.13895,-120.368431,163.447998,7,600,58,3,"e00fce6850cac69f647dc199",2026-09-30 12:50:04.59,2026-09-30 12:50:04.775,2026-09-30 12:50:04.775,2026-09-30
"775","jID7XE06hE","MOOSPMv3Parser",1790772601,15,15,10,23,23,11,11,27,27,11,2651,815,245948,136,80,17,81,81,0,0,81,0,14,15,71,68,7.798,368,1,36.433609,-119.92334,30.607,8,600,58,3,"e00fce6876826e255108c6bd",2026-09-30 12:50:05.858,2026-09-30 12:50:06.087,2026-09-30 12:50:06.087,2026-09-30
"776","eG7LzMiMfM","MOOSPMv3Parser",1790773201,1,1,3,2,2,3,4,2,2,4,308,202,70463,27,22,3,22,22,16,44,22,1,15,17,53,48,8.875,283,1,36.198872,-120.104446,67.862,9,600,58,3,"e00fce686dc2ef0a68fa40b0",2026-09-30 13:00:02.116,2026-09-30 13:00:02.327,2026-09-30 13:00:02.327,2026-09-30
"777","DHWdKqX03j","MOOSPMv3Parser",1790773200,6,6,3,8,8,4,4,8,8,4,1196,319,305743,43,25,2,26,26,16,55,26,1,17,17,54,54,16.3,155,1,35.949593,-119.049919,117.111,8,599,58,3,"e00fce6808784ceaf209f949",2026-09-30 13:00:02.509,2026-09-30 13:00:02.914,2026-09-30 13:00:02.914,2026-09-30
"778","IAG1X2E4af","MOOSPMv3Parser",1790773201,3,3,7,8,8,7,8,8,8,8,456,343,168382,61,52,9,52,53,15,50,53,1,15,16,61,57,12.037,180,1,35.963207,-119.291771,43.679001,7,600,58,3,"e00fce68d6b773b56ce8baa0",2026-09-30 13:00:02.97,2026-09-30 13:00:03.305,2026-09-30 13:00:03.305,2026-09-30
"779","JyESFJ1xw2","MOOSPMv3Parser",1790773200,6,6,0,8,8,0,0,8,8,0,1183,328,219311,51,0,3,0,0,15,50,0,0,14,15,62,59,7.895,222,3277,1e-06,0.002349,16274.161133,12,600,58,3,"e00fce68e28dcbc9a589be10",2026-09-30 13:00:03.53,2026-09-30 13:00:03.748,2026-09-30 13:00:03.748,2026-09-30
"780","2QYuKxUhvk","MOOSPMv3Parser",1790773200,4,4,2,5,5,3,4,5,5,4,1658,247,96451,26,19,2,19,19,14,58,19,1,14,14,60,61,4.519,219,1,36.503197,-120.325401,56.93,11,600,58,3,"e00fce68e77e43df92405fdb",2026-09-30 13:00:03.664,2026-09-30 13:00:03.818,2026-09-30 13:00:03.818,2026-09-30
"781","5gJ5igQxnH","MOOSPMv3Parser",1790773201,9,9,5,12,12,5,5,13,13,5,1978,479,205991,69,40,5,40,40,15,72,40,0,15,15,62,63,12.698,184,1,35.775032,-119.238487,72.559998,6,600,58,3,"e00fce68e88237db75a60608",2026-09-30 13:00:03.991,2026-09-30 13:00:04.162,2026-09-30 13:00:04.162,2026-09-30
"782","VY8g18h2nS","MOOSPMv3Parser",1790773200,15,15,0,23,23,0,0,25,25,0,3248,815,0,133,0,15,0,0,14,72,0,2,13,13,72,70,0,225,1,36.187557,-119.822014,23.18,0,600,58,3,"e00fce68e739ecbcf9e91965",2026-09-30 13:00:04.234,2026-09-30 13:00:04.402,2026-09-30 13:00:04.402,2026-09-30
"783","xuvccZGEiN","MOOSPMv3Parser",1790773201,11,11,6,14,14,6,6,15,15,6,2081,579,192780,74,46,3,46,46,14,76,46,0,13,14,80,73,7.231,129,1,36.523388,-119.278793,68.306999,7,600,58,3,"e00fce68f12da1a0c5de6248",2026-09-30 13:00:04.494,2026-09-30 13:00:04.703,2026-09-30 13:00:04.703,2026-09-30
"784","RXDdec3TAe","MOOSPMv3Parser",1790773200,1,1,2,2,2,2,3,2,2,3,501,109,342370,14,15,1,15,15,14,38,15,1,17,15,39,47,39.973,133,2,36.138954,-120.368355,169.490997,6,600,58,3,"e00fce6850cac69f647dc199",2026-09-30 13:00:04.676,2026-09-30 13:00:04.878,2026-09-30 13:00:04.878,2026-09-30
"785","HWc27D0UaB","MOOSPMv3Parser",1790773201,16,16,10,23,23,11,11,26,26,11,2703,828,246018,136,81,15,82,82,0,0,82,0,14,15,73,69,7.97,354,1,36.433601,-119.923355,21.216999,8,600,58,3,"e00fce6876826e255108c6bd",2026-09-30 13:00:05.854,2026-09-30 13:00:05.985,2026-09-30 13:00:05.985,2026-09-30
"786","hjJF7x9KNi","MOOSPMv3Parser",1790773800,5,5,3,7,7,3,3,8,8,4,1110,296,305759,43,23,3,23,23,16,55,23,0,17,17,55,54,17.907,143,1,35.94957,-119.050011,113.128998,10,599,58,3,"e00fce6808784ceaf209f949",2026-09-30 13:10:02.435,2026-09-30 13:10:02.638,2026-09-30 13:10:02.638,2026-09-30
"787","FudCE0XDeE","MOOSPMv3Parser",1790773801,3,3,7,7,7,8,8,8,8,8,451,338,168425,61,52,9,53,53,15,49,53,1,15,16,61,58,11.112,181,1,35.963146,-119.291786,33.821999,5,600,58,3,"e00fce68d6b773b56ce8baa0",2026-09-30 13:10:02.5,2026-09-30 13:10:02.719,2026-09-30 13:10:02.719,2026-09-30
"788","ezKPYaMH7k","MOOSPMv3Parser",1790773800,5,5,0,8,8,0,0,9,9,0,1165,329,219311,56,0,5,0,0,15,52,0,0,14,15,63,60,8.843,216,3277,1e-06,0.002349,16274.161133,12,600,58,3,"e00fce68e28dcbc9a589be10",2026-09-30 13:10:03.237,2026-09-30 13:10:03.465,2026-09-30 13:10:03.465,2026-09-30
"789","MxjsZvwyZO","MOOSPMv3Parser",1790773801,9,9,5,12,12,6,6,12,12,6,1963,469,206027,69,41,4,41,41,15,72,41,0,15,15,61,63,11.924,196,1,35.775005,-119.238579,59.405998,7,600,58,3,"e00fce68e88237db75a60608",2026-09-30 13:10:03.957,2026-09-30 13:10:04.097,2026-09-30 13:10:04.097,2026-09-30
"790","VZ7DB2Vlj8","MOOSPMv3Parser",1790773800,16,16,0,24,24,0,0,26,26,0,3333,837,0,136,0,16,0,0,13,72,0,2,13,13,72,70,0,226,1,36.187565,-119.822098,31.905001,9,600,58,3,"e00fce68e739ecbcf9e91965",2026-09-30 13:10:04.177,2026-09-30 13:10:04.327,2026-09-30 13:10:04.327,2026-09-30
"791","ibwXAivAwI","MOOSPMv3Parser",1790773801,11,11,6,14,14,7,7,15,15,7,2074,574,192824,72,50,3,50,50,14,76,50,0,14,14,78,72,5.746,205,1,36.52338,-119.27877,88.945,7,600,58,3,"e00fce68f12da1a0c5de6248",2026-09-30 13:10:04.264,2026-09-30 13:10:04.441,2026-09-30 13:10:04.441,2026-09-30
"792","ZWmMIu3AcL","MOOSPMv3Parser",1790773800,1,1,2,2,2,2,3,2,2,3,564,128,342386,15,15,1,15,15,14,38,15,1,17,14,40,48,35.789,197,2,36.138981,-120.368362,160.522995,8,600,58,3,"e00fce6850cac69f647dc199",2026-09-30 13:10:04.694,2026-09-30 13:10:04.844,2026-09-30 13:10:04.844,2026-09-30
"793","vUbm81yIe4","MOOSPMv3Parser",1790773801,16,16,11,25,25,12,12,28,28,12,2768,855,246091,146,86,18,86,86,1,0,86,0,13,15,74,70,7.311,358,1,36.433662,-119.923325,26.068001,11,600,58,3,"e00fce6876826e255108c6bd",2026-09-30 13:10:05.74,2026-09-30 13:10:05.915,2026-09-30 13:10:05.915,2026-09-30
"794","U6E10cpLEy","MOOSPMv3Parser",1790773800,4,4,3,5,5,3,4,5,5,4,1663,245,96467,27,19,2,20,20,14,61,20,1,13,14,65,64,3.812,215,1,36.503189,-120.325432,69.181999,9,600,58,3,"e00fce68e77e43df92405fdb",2026-09-30 13:10:11.884,2026-09-30 13:10:12.093,2026-09-30 13:10:12.093,2026-09-30
"795","iC2ZoIEwH9","MOOSPMv3Parser",1790774400,5,5,3,7,7,3,4,8,8,4,1155,306,305776,44,24,3,25,25,16,55,25,0,17,17,55,54,17.872,152,1,35.949596,-119.049889,115.43,11,599,58,3,"e00fce6808784ceaf209f949",2026-09-30 13:20:02.581,2026-09-30 13:20:02.809,2026-09-30 13:20:02.809,2026-09-30
"796","e6OPORLtsI","MOOSPMv3Parser",1790774401,2,2,6,6,6,7,7,6,6,7,417,312,168465,54,47,5,48,48,15,49,48,1,15,16,61,57,11.622,177,1,35.963146,-119.291786,33.819,0,600,58,3,"e00fce68d6b773b56ce8baa0",2026-09-30 13:20:02.826,2026-09-30 13:20:02.993,2026-09-30 13:20:02.993,2026-09-30
"797","F2WlKKCKhh","MOOSPMv3Parser",1790774400,0,0,2,1,1,3,4,2,2,4,288,186,70375,26,19,3,20,20,16,46,20,1,15,16,56,52,9.794,217,1,36.198811,-120.104416,70.143997,5,601,58,3,"e00fce686dc2ef0a68fa40b0",2026-09-30 13:20:02.923,2026-09-30 13:20:03.086,2026-09-30 13:20:03.086,2026-09-30
"798","BWGylsw3U9","MOOSPMv3Parser",1790774400,6,6,0,8,8,0,0,9,9,0,1206,335,219311,52,0,4,0,0,14,53,0,0,13,15,67,61,6.654,214,3277,1e-06,0.002349,16274.161133,12,600,58,3,"e00fce68e28dcbc9a589be10",2026-09-30 13:20:03.269,2026-09-30 13:20:03.446,2026-09-30 13:20:03.446,2026-09-30
"799","OX5zzn13oH","MOOSPMv3Parser",1790774401,8,8,5,12,12,5,5,12,12,6,1876,453,206062,68,40,5,40,40,14,73,40,0,15,15,61,63,11.871,189,1,35.775146,-119.238464,72.352997,6,600,58,3,"e00fce68e88237db75a60608",2026-09-30 13:20:04.038,2026-09-30 13:20:04.203,2026-09-30 13:20:04.203,2026-09-30
"800","oPr2txKssS","MOOSPMv3Parser",1790774400,16,16,0,25,25,0,0,27,27,0,3405,848,0,140,0,17,0,0,13,74,0,2,13,13,74,72,0,218,1,36.187519,-119.821999,20.955999,9,600,58,3,"e00fce68e739ecbcf9e91965",2026-09-30 13:20:04.169,2026-09-30 13:20:04.317,2026-09-30 13:20:04.317,2026-09-30
"801","IlDDjmMQJ1","MOOSPMv3Parser",1790774401,11,11,7,15,15,7,7,16,16,7,2137,594,192869,80,52,4,52,52,14,76,52,0,14,14,76,71,5.155,217,1,36.523247,-119.278854,95.263,5,600,58,3,"e00fce68f12da1a0c5de6248",2026-09-30 13:20:04.448,2026-09-30 13:20:04.604,2026-09-30 13:20:04.604,2026-09-30
"802","tc6Pn6x1FD","MOOSPMv3Parser",1790774400,1,1,2,2,2,2,3,2,2,3,532,121,342402,16,15,1,15,15,14,38,15,1,17,14,40,48,36.538,197,2,36.138939,-120.36837,170.947006,7,600,58,3,"e00fce6850cac69f647dc199",2026-09-30 13:20:04.529,2026-09-30 13:20:04.705,2026-09-30 13:20:04.705,2026-09-30
"803","anaiXIkhFe","MOOSPMv3Parser",1790774401,15,15,10,24,24,11,11,26,26,11,2608,805,246158,139,80,15,80,80,0,0,80,0,13,14,76,71,7.266,366,1,36.433632,-119.923401,37.637001,10,600,58,3,"e00fce6876826e255108c6bd",2026-09-30 13:20:05.837,2026-09-30 13:20:06.041,2026-09-30 13:20:06.041,2026-09-30
"804","1CLPBd3wZc","MOOSPMv3Parser",1790774400,4,4,3,5,5,4,5,6,6,5,1646,245,96481,27,19,2,20,20,14,64,20,1,13,13,68,66,2.567,213,1,36.503136,-120.325394,71.424004,8,600,58,3,"e00fce68e77e43df92405fdb",2026-09-30 13:20:07.407,2026-09-30 13:20:07.598,2026-09-30 13:20:07.598,2026-09-30
"805","CjxsYTPhVi","MOOSPMv3Parser",1790775000,5,5,3,7,7,3,4,8,8,4,1175,306,305794,44,24,3,24,24,16,56,24,1,16,17,55,55,18.107,147,1,35.949688,-119.050003,109.646004,9,599,58,3,"e00fce6808784ceaf209f949",2026-09-30 13:30:02.454,2026-09-30 13:30:02.664,2026-09-30 13:30:02.664,2026-09-30
"806","GYq5MBH5bs","MOOSPMv3Parser",1790775001,2,2,6,6,6,6,6,7,7,7,429,319,168504,56,46,7,46,46,15,49,46,1,15,16,61,57,9.88,177,1,35.963127,-119.291847,42.409,7,600,58,3,"e00fce68d6b773b56ce8baa0",2026-09-30 13:30:02.576,2026-09-30 13:30:02.778,2026-09-30 13:30:02.778,2026-09-30
"807","F0TgbWFfxR","MOOSPMv3Parser",1790775000,0,0,2,1,1,3,3,1,1,4,288,184,70506,26,17,2,18,18,16,47,18,1,15,16,57,53,8.631,235,1,36.198795,-120.104446,73.400002,10,600,58,3,"e00fce686dc2ef0a68fa40b0",2026-09-30 13:30:02.996,2026-09-30 13:30:03.159,2026-09-30 13:30:03.159,2026-09-30
"808","oEb8gCCAF2","MOOSPMv3Parser",1790775000,6,6,0,8,8,0,0,8,8,0,1180,327,219311,50,0,4,0,0,14,54,0,0,13,15,68,62,6.936,212,3277,1e-06,0.002349,16274.161133,12,600,58,3,"e00fce68e28dcbc9a589be10",2026-09-30 13:30:03.509,2026-09-30 13:30:03.668,2026-09-30 13:30:03.668,2026-09-30
"809","WTONuGdU9H","MOOSPMv3Parser",1790775001,8,8,5,12,12,5,6,12,12,6,1928,460,206097,71,40,6,41,41,14,77,41,0,15,15,63,66,10.873,203,1,35.77504,-119.238487,70.839996,6,600,58,3,"e00fce68e88237db75a60608",2026-09-30 13:30:04.038,2026-09-30 13:30:04.233,2026-09-30 13:30:04.233,2026-09-30
"810","KBbkq2vCJW","MOOSPMv3Parser",1790775000,16,16,0,24,24,0,0,25,25,0,3417,846,0,131,0,11,0,0,13,75,0,2,12,13,75,73,0,223,1,36.187561,-119.82193,33.966,10,600,58,3,"e00fce68e739ecbcf9e91965",2026-09-30 13:30:04.178,2026-09-30 13:30:04.334,2026-09-30 13:30:04.334,2026-09-30
"811","eRP1eMaDCe","MOOSPMv3Parser",1790775001,10,10,6,13,13,6,6,14,14,6,1981,546,192910,66,47,3,47,47,14,74,47,0,12,14,80,69,5.496,184,1,36.523556,-119.278908,66.054001,5,600,58,3,"e00fce68f12da1a0c5de6248",2026-09-30 13:30:04.362,2026-09-30 13:30:04.543,2026-09-30 13:30:04.543,2026-09-30
"812","qAC0RbS8Qi","MOOSPMv3Parser",1790775000,1,1,2,2,2,2,3,2,2,3,515,119,342418,17,16,2,16,16,14,39,16,1,17,14,41,49,31.493,240,2,36.13892,-120.368248,191.688004,7,600,58,3,"e00fce6850cac69f647dc199",2026-09-30 13:30:04.517,2026-09-30 13:30:04.678,2026-09-30 13:30:04.678,2026-09-30
"813","TnVPYxRHQO","MOOSPMv3Parser",1790775001,15,15,10,24,24,11,11,28,28,11,2655,817,246225,140,80,17,81,81,0,0,81,0,13,14,75,70,7.498,357,1,36.433804,-119.923393,10.17,6,600,58,3,"e00fce6876826e255108c6bd",2026-09-30 13:30:05.789,2026-09-30 13:30:05.962,2026-09-30 13:30:05.962,2026-09-30
"814","hZIKtcFHYY","MOOSPMv3Parser",1790775000,4,4,2,6,6,3,4,6,6,4,1681,256,96496,29,18,2,19,19,13,66,19,1,13,13,67,67,3.53,217,1,36.503132,-120.325439,38.249001,8,600,58,3,"e00fce68e77e43df92405fdb",2026-09-30 13:30:07.907,2026-09-30 13:30:08.08,2026-09-30 13:30:08.08,2026-09-30
"815","btPIcubXAL","MOOSPMv3Parser",1790775600,5,5,3,8,8,4,4,8,8,4,1178,310,305813,44,25,4,26,26,16,56,26,0,17,17,53,54,19.168,131,1,35.949532,-119.049957,125.738998,7,599,58,3,"e00fce6808784ceaf209f949",2026-09-30 13:40:02.438,2026-09-30 13:40:02.638,2026-09-30 13:40:02.638,2026-09-30
"816","DDcV4yPweU","MOOSPMv3Parser",1790775600,0,0,2,1,1,3,3,2,2,4,292,190,70521,26,19,3,19,19,16,47,19,1,14,16,58,53,6.908,260,1,36.198807,-120.104408,65.830002,9,600,58,3,"e00fce686dc2ef0a68fa40b0",2026-09-30 13:40:02.986,2026-09-30 13:40:03.172,2026-09-30 13:40:03.172,2026-09-30
"817","xfFWkUQTk6","MOOSPMv3Parser",1790775601,2,2,6,5,5,6,6,6,6,7,412,304,168541,52,45,6,46,46,16,48,46,1,15,16,61,58,9.713,174,1,35.963211,-119.291862,43.890999,7,600,58,3,"e00fce68d6b773b56ce8baa0",2026-09-30 13:40:03.059,2026-09-30 13:40:03.238,2026-09-30 13:40:03.238,2026-09-30
"818","Z8mF2y0BRf","MOOSPMv3Parser",1790775600,6,6,0,8,8,0,0,9,9,0,1180,332,219311,50,0,4,0,0,14,55,0,0,13,15,68,62,7.151,211,3277,1e-06,0.002349,16274.161133,12,600,58,3,"e00fce68e28dcbc9a589be10",2026-09-30 13:40:03.419,2026-09-30 13:40:03.591,2026-09-30 13:40:03.591,2026-09-30
"819","QCa3GqCjVy","MOOSPMv3Parser",1790775601,9,9,6,13,13,6,6,13,13,6,1999,486,206136,73,44,6,44,44,14,76,44,0,15,15,62,64,12.2,180,1,35.775105,-119.238571,55.192001,6,600,58,3,"e00fce68e88237db75a60608",2026-09-30 13:40:03.971,2026-09-30 13:40:04.128,2026-09-30 13:40:04.128,2026-09-30
"820","nbZd1XOl4m","MOOSPMv3Parser",1790775600,16,16,0,24,24,0,0,26,26,0,3314,827,0,140,0,18,0,0,13,74,0,2,12,13,75,71,0,234,1,36.187534,-119.821991,20.056,10,600,58,3,"e00fce68e739ecbcf9e91965",2026-09-30 13:40:04.171,2026-09-30 13:40:04.306,2026-09-30 13:40:04.306,2026-09-30
"821","KGzDBfq1gc","MOOSPMv3Parser",1790775601,12,12,6,15,15,6,6,16,16,6,2180,605,192952,75,48,3,48,48,14,76,48,0,12,14,84,72,5.454,149,1,36.523403,-119.278839,-0.786,6,600,58,3,"e00fce68f12da1a0c5de6248",2026-09-30 13:40:04.368,2026-09-30 13:40:04.532,2026-09-30 13:40:04.532,2026-09-30
"822","EiAVPTwwC0","MOOSPMv3Parser",1790775600,1,1,2,2,2,3,3,3,3,3,554,130,342434,17,17,1,17,17,14,40,17,1,17,14,41,49,28.83,270,1,36.138931,-120.368561,136.895004,7,600,58,3,"e00fce6850cac69f647dc199",2026-09-30 13:40:04.589,2026-09-30 13:40:04.873,2026-09-30 13:40:04.873,2026-09-30
"823","SoJWzpawVG","MOOSPMv3Parser",1790775601,16,16,10,24,24,11,11,27,27,11,2703,836,246295,146,81,16,82,82,0,0,82,0,13,14,73,69,7.672,344,1,36.433647,-119.923347,25.959999,9,600,58,3,"e00fce6876826e255108c6bd",2026-09-30 13:40:05.837,2026-09-30 13:40:06.037,2026-09-30 13:40:06.037,2026-09-30
"824","m4Z9EfKUdE","MOOSPMv3Parser",1790776200,6,6,3,8,8,4,4,9,9,4,1336,325,305835,48,27,3,27,27,15,57,27,0,16,16,56,55,17.076,160,1,35.949638,-119.049988,128.522003,9,599,58,3,"e00fce6808784ceaf209f949",2026-09-30 13:50:02.381,2026-09-30 13:50:02.596,2026-09-30 13:50:02.596,2026-09-30
"825","mLrBE8Ta3u","MOOSPMv3Parser",1790776201,3,3,6,7,7,8,8,8,8,9,439,330,168581,62,49,8,50,50,15,49,50,1,15,16,61,57,8.775,187,1,35.963223,-119.291794,33.087002,6,600,58,3,"e00fce68d6b773b56ce8baa0",2026-09-30 13:50:02.567,2026-09-30 13:50:02.785,2026-09-30 13:50:02.785,2026-09-30
"826","u9u8E7hNmR","MOOSPMv3Parser",1790776201,16,16,11,26,26,12,13,30,30,13,2804,862,247612,158,88,20,89,89,0,0,89,0,13,14,76,71,7.784,334,1,36.43359,-119.923363,22.813999,8,597,58,3,"e00fce6876826e255108c6bd",2026-09-30 13:50:02.825,2026-09-30 13:50:03.064,2026-09-30 13:50:03.064,2026-09-30
"827","r2Bog3Cznt","MOOSPMv3Parser",1790776200,6,6,0,9,9,0,0,10,10,0,1252,348,219311,59,0,5,0,0,14,55,0,0,13,15,67,62,6.82,212,3277,1e-06,0.002349,16274.161133,12,600,58,3,"e00fce68e28dcbc9a589be10",2026-09-30 13:50:03.27,2026-09-30 13:50:03.419,2026-09-30 13:50:03.419,2026-09-30
"828","eeMK52AlMl","MOOSPMv3Parser",1790776200,0,0,3,1,1,3,4,2,2,4,292,189,70537,25,20,3,21,21,16,47,21,1,14,16,58,52,8.631,240,1,36.198807,-120.104408,65.834,0,600,58,3,"e00fce686dc2ef0a68fa40b0",2026-09-30 13:50:03.725,2026-09-30 13:50:03.933,2026-09-30 13:50:03.933,2026-09-30
"829","jldyZteZmy","MOOSPMv3Parser",1790776201,9,9,6,12,12,6,6,13,13,6,1958,466,206174,71,43,5,43,43,14,78,43,0,15,15,64,66,9.36,195,1,35.775005,-119.238647,60.001999,6,600,58,3,"e00fce68e88237db75a60608",2026-09-30 13:50:04.038,2026-09-30 13:50:04.196,2026-09-30 13:50:04.196,2026-09-30
"830","7rIY1k4JGb","MOOSPMv3Parser",1790776201,13,13,7,16,16,7,7,17,17,7,2353,656,193001,86,55,3,56,56,14,76,56,0,12,14,84,72,4.859,173,1,36.523304,-119.278717,111.235001,6,600,58,3,"e00fce68f12da1a0c5de6248",2026-09-30 13:50:04.502,2026-09-30 13:50:04.644,2026-09-30 13:50:04.644,2026-09-30
"831","hYZeatEerG","MOOSPMv3Parser",1790776200,17,17,0,25,25,0,0,26,26,0,3486,878,0,137,0,14,0,0,13,75,0,2,12,13,75,72,0,201,1,36.187477,-119.822037,22.278,11,600,58,3,"e00fce68e739ecbcf9e91965",2026-09-30 13:50:04.477,2026-09-30 13:50:04.659,2026-09-30 13:50:04.659,2026-09-30
"832","vnW4qxQaOZ","MOOSPMv3Parser",1790776200,1,1,2,2,2,2,3,2,2,3,497,114,342450,15,15,1,15,15,14,40,15,1,17,14,42,50,31.972,238,1,36.138947,-120.368385,166.895996,7,600,58,3,"e00fce6850cac69f647dc199",2026-09-30 13:50:04.658,2026-09-30 13:50:04.824,2026-09-30 13:50:04.824,2026-09-30
"833","hxGd5ftHuL","MOOSPMv3Parser",1790776800,7,7,5,10,10,7,8,11,11,9,1807,393,305865,62,36,5,38,38,15,61,38,1,15,16,61,58,13.977,195,1,35.949638,-119.050041,102.083,8,599,58,3,"e00fce6808784ceaf209f949",2026-09-30 14:00:02.619,2026-09-30 14:00:02.938,2026-09-30 14:00:02.938,2026-09-30
"834","HvwxOO0o8n","MOOSPMv3Parser",1790776801,16,16,11,24,24,11,11,28,28,12,2764,848,246446,145,83,15,84,84,0,0,84,0,13,14,75,71,7.932,325,1,36.433678,-119.923332,33.212002,7,600,58,3,"e00fce6876826e255108c6bd",2026-09-30 14:00:02.985,2026-09-30 14:00:03.296,2026-09-30 14:00:03.296,2026-09-30
"835","SujwLABxEd","MOOSPMv3Parser",1790776801,2,2,6,6,6,7,8,6,6,8,412,304,168618,54,46,7,47,47,15,49,47,1,15,16,59,57,9.023,183,1,35.963268,-119.291801,59.639,7,600,58,3,"e00fce68d6b773b56ce8baa0",2026-09-30 14:00:02.825,2026-09-30 14:00:03.463,2026-09-30 14:00:03.463,2026-09-30
"836","SWIqiRjMKZ","MOOSPMv3Parser",1790776800,0,0,3,1,1,3,4,1,1,4,285,180,70552,23,19,3,20,20,15,47,20,1,15,16,57,53,11.462,199,1,36.198963,-120.104469,76.779999,10,600,58,3,"e00fce686dc2ef0a68fa40b0",2026-09-30 14:00:03.049,2026-09-30 14:00:03.517,2026-09-30 14:00:03.517,2026-09-30
"837","PNnmzY3O53","MOOSPMv3Parser",1790776800,6,6,0,9,9,0,0,10,10,0,1293,362,219311,57,0,5,0,0,14,55,0,0,13,15,66,62,6.601,215,3277,1e-06,0.002349,16274.161133,12,600,58,3,"e00fce68e28dcbc9a589be10",2026-09-30 14:00:03.554,2026-09-30 14:00:03.726,2026-09-30 14:00:03.726,2026-09-30
"838","LQDsNGszgf","MOOSPMv3Parser",1790776801,9,9,6,13,13,7,7,14,14,8,2034,490,206215,76,48,7,49,49,14,75,49,1,16,15,61,64,6.263,220,1,35.775032,-119.238663,50.779999,5,600,58,3,"e00fce68e88237db75a60608",2026-09-30 14:00:03.97,2026-09-30 14:00:04.172,2026-09-30 14:00:04.172,2026-09-30
"839","hXU5drOgSE","MOOSPMv3Parser",1790776801,12,12,7,16,16,7,7,17,17,7,2331,642,193047,79,53,3,53,53,14,77,53,0,12,14,84,74,4.803,187,1,36.523304,-119.278717,111.232002,0,600,58,3,"e00fce68f12da1a0c5de6248",2026-09-30 14:00:04.425,2026-09-30 14:00:04.636,2026-09-30 14:00:04.636,2026-09-30
"840","DcxhHEMoP8","MOOSPMv3Parser",1790776800,17,17,0,25,25,0,0,27,27,0,3561,897,0,140,0,15,0,0,13,73,0,2,12,13,73,71,0,198,1,36.187527,-119.822075,31.164,9,600,58,3,"e00fce68e739ecbcf9e91965",2026-09-30 14:00:04.417,2026-09-30 14:00:04.743,2026-09-30 14:00:04.743,2026-09-30
"841","XQYuj3fXPt","MOOSPMv3Parser",1790776800,1,1,2,2,2,2,2,3,3,3,523,122,342466,19,15,1,16,16,14,42,16,1,17,14,42,51,30.378,231,1,36.138885,-120.368355,169.350998,7,600,58,3,"e00fce6850cac69f647dc199",2026-09-30 14:00:04.767,2026-09-30 14:00:04.943,2026-09-30 14:00:04.943,2026-09-30
"842","46ZWRlMKl0","MOOSPMv3Parser",1790777401,2,2,7,6,6,8,10,7,7,10,421,315,168659,58,51,9,52,53,16,49,53,1,16,16,59,57,8.554,178,1,35.963184,-119.291786,50.479,7,600,58,3,"e00fce68d6b773b56ce8baa0",2026-09-30 14:10:02.487,2026-09-30 14:10:02.68,2026-09-30 14:10:02.68,2026-09-30
"843","eFkzbtnSLi","MOOSPMv3Parser",1790777400,8,8,5,13,13,9,12,14,14,13,1866,466,305896,76,37,7,41,41,15,62,42,1,15,16,60,59,13.119,202,1,35.949532,-119.049911,119.542999,5,599,58,3,"e00fce6808784ceaf209f949",2026-09-30 14:10:02.661,2026-09-30 14:10:02.863,2026-09-30 14:10:02.863,2026-09-30
"844","9br3qGTcmX","MOOSPMv3Parser",1790777401,18,18,12,28,28,13,13,32,32,14,2949,912,246526,161,91,21,92,93,1,1,93,0,13,14,73,71,8.187,311,1,36.433678,-119.923332,33.209,0,600,58,3,"e00fce6876826e255108c6bd",2026-09-30 14:10:02.952,2026-09-30 14:10:03.14,2026-09-30 14:10:03.14,2026-09-30
"845","HxuCXGzHMr","MOOSPMv3Parser",1790777400,6,6,0,9,9,0,0,9,9,0,1272,361,219311,56,0,3,0,0,14,55,0,0,13,15,65,62,6.468,219,3277,1e-06,0.002349,16274.161133,12,600,58,3,"e00fce68e28dcbc9a589be10",2026-09-30 14:10:03.268,2026-09-30 14:10:03.447,2026-09-30 14:10:03.447,2026-09-30
"846","WCDuYiQjWx","MOOSPMv3Parser",1790777401,9,9,6,13,13,7,7,14,14,7,2077,500,206254,77,45,6,46,46,14,76,46,1,15,15,62,65,4.745,233,1,35.775082,-119.238457,63.759998,7,600,58,3,"e00fce68e88237db75a60608",2026-09-30 14:10:03.964,2026-09-30 14:10:04.168,2026-09-30 14:10:04.168,2026-09-30
"847","bgrLF6Wjk6","MOOSPMv3Parser",1790777400,17,17,0,26,26,0,0,28,28,0,3551,893,0,147,0,16,0,0,13,74,0,2,12,13,72,71,0,197,1,36.187519,-119.822128,14.145,9,600,58,3,"e00fce68e739ecbcf9e91965",2026-09-30 14:10:04.103,2026-09-30 14:10:04.286,2026-09-30 14:10:04.286,2026-09-30
"848","oqzF8GqgVy","MOOSPMv3Parser",1790777401,12,12,7,16,16,7,7,17,17,7,2317,640,193093,83,52,3,52,52,13,77,52,0,12,14,84,73,4.961,165,1,36.523422,-119.278862,74.313004,7,600,58,3,"e00fce68f12da1a0c5de6248",2026-09-30 14:10:04.468,2026-09-30 14:10:04.63,2026-09-30 14:10:04.63,2026-09-30
"849","iRz7D9zJ6t","MOOSPMv3Parser",1790777400,1,1,2,2,2,3,3,3,3,3,527,121,342482,19,17,2,18,18,14,41,18,1,16,14,42,51,32.981,226,1,36.139011,-120.368401,168.074997,7,600,58,3,"e00fce6850cac69f647dc199",2026-09-30 14:10:04.767,2026-09-30 14:10:04.944,2026-09-30 14:10:04.944,2026-09-30
"850","8UGlllAMGE","MOOSPMv3Parser",1790778000,0,0,2,0,0,3,4,1,1,4,238,141,70701,20,17,2,18,18,15,46,18,1,15,16,55,51,13.023,179,1,36.198967,-120.104431,91.336998,8,599,58,3,"e00fce686dc2ef0a68fa40b0",2026-09-30 14:20:02.123,2026-09-30 14:20:02.313,2026-09-30 14:20:02.313,2026-09-30
"851","B3Rv5k0onW","MOOSPMv3Parser",1790778000,9,9,6,14,14,15,22,16,16,26,1873,487,305409,94,42,10,50,52,15,62,52,1,16,16,57,58,13.015,197,1,35.949619,-119.049873,121.849998,3,600,58,3,"e00fce6808784ceaf209f949",2026-09-30 14:20:02.654,2026-09-30 14:20:03.041,2026-09-30 14:20:03.041,2026-09-30
"852","mNvRTfZDGR","MOOSPMv3Parser",1790778001,18,18,12,28,28,13,13,30,30,13,3041,939,246607,158,93,18,94,94,0,0,94,0,14,14,73,71,8.368,299,1,36.43364,-119.923378,39.051998,6,600,58,3,"e00fce6876826e255108c6bd",2026-09-30 14:20:02.821,2026-09-30 14:20:03.055,2026-09-30 14:20:03.055,2026-09-30
"853","Ja5ozjc0sF","MOOSPMv3Parser",1790778001,2,2,7,6,6,8,10,7,7,10,415,308,168699,58,50,8,51,52,16,49,52,1,16,16,58,56,8.341,183,1,35.963299,-119.291748,63.396999,9,600,58,3,"e00fce68d6b773b56ce8baa0",2026-09-30 14:20:02.893,2026-09-30 14:20:03.139,2026-09-30 14:20:03.139,2026-09-30
"854","0EAFzbBDCP","MOOSPMv3Parser",1790778000,7,7,0,10,10,0,0,11,11,0,1386,391,219311,62,0,5,0,0,14,54,0,0,14,15,64,61,6.375,220,3277,1e-06,0.002349,16274.161133,12,600,58,3,"e00fce68e28dcbc9a589be10",2026-09-30 14:20:03.291,2026-09-30 14:20:03.473,2026-09-30 14:20:03.473,2026-09-30
"855","EkDYaJVwoB","MOOSPMv3Parser",1790778001,11,11,12,20,20,22,29,22,22,33,2506,625,206315,135,85,20,95,97,15,76,97,1,16,15,61,65,0.184,261,1,35.775082,-119.23848,70.654999,8,600,58,3,"e00fce68e88237db75a60608",2026-09-30 14:20:04.282,2026-09-30 14:20:04.448,2026-09-30 14:20:04.448,2026-09-30
"856","yp0BBKqlSW","MOOSPMv3Parser",1790778000,17,17,0,26,26,0,0,28,28,0,3631,911,0,148,0,16,0,0,13,74,0,2,12,13,72,71,0,195,1,36.187557,-119.822113,14.834,9,600,58,3,"e00fce68e739ecbcf9e91965",2026-09-30 14:20:04.258,2026-09-30 14:20:04.465,2026-09-30 14:20:04.465,2026-09-30
"857","BeZcz4iEV7","MOOSPMv3Parser",1790778001,13,13,7,17,17,7,7,18,18,7,2453,679,193140,88,54,3,54,54,13,78,54,0,12,14,85,76,6.315,130,1,36.523254,-119.278839,76.716003,5,600,58,3,"e00fce68f12da1a0c5de6248",2026-09-30 14:20:04.536,2026-09-30 14:20:04.669,2026-09-30 14:20:04.669,2026-09-30
"858","h9dvAHZczy","MOOSPMv3Parser",1790778000,2,2,2,3,3,3,4,3,3,4,575,132,342498,20,19,2,19,19,14,41,19,1,17,14,42,51,30.998,227,1,36.139011,-120.368401,168.072006,0,600,58,3,"e00fce6850cac69f647dc199",2026-09-30 14:20:04.559,2026-09-30 14:20:04.767,2026-09-30 14:20:04.767,2026-09-30
"859","PjDlZqEu0t","MOOSPMv3Parser",1790778600,0,0,2,0,0,3,3,0,0,3,227,131,70596,18,16,2,16,16,16,48,16,1,15,16,53,54,14.188,171,1,36.198898,-120.104416,73.873001,8,600,58,3,"e00fce686dc2ef0a68fa40b0",2026-09-30 14:30:01.856,2026-09-30 14:30:02.034,2026-09-30 14:30:02.034,2026-09-30
"860","jEDVmfgwCP","MOOSPMv3Parser",1790778601,2,2,7,6,6,9,11,8,8,11,429,321,168742,62,54,10,56,57,16,49,57,1,17,17,56,55,8.109,185,1,35.963299,-119.291748,63.391998,0,600,58,3,"e00fce68d6b773b56ce8baa0",2026-09-30 14:30:02.517,2026-09-30 14:30:02.75,2026-09-30 14:30:02.75,2026-09-30
"861","YlFAGRn5mj","MOOSPMv3Parser",1790778601,22,20,15,33,32,15,15,38,37,15,3632,1120,246706,194,114,22,114,114,1,0,114,0,13,14,73,70,8.289,294,1,36.433578,-119.92337,25.535999,8,600,58,3,"e00fce6876826e255108c6bd",2026-09-30 14:30:02.755,2026-09-30 14:30:02.913,2026-09-30 14:30:02.913,2026-09-30
"862","zeBusB2E5w","MOOSPMv3Parser",1790778600,7,7,0,10,10,0,0,11,11,0,1404,396,219311,61,0,5,0,0,14,54,0,0,14,15,62,61,6.579,222,3277,1e-06,0.002349,16274.161133,12,600,58,3,"e00fce68e28dcbc9a589be10",2026-09-30 14:30:03.53,2026-09-30 14:30:03.734,2026-09-30 14:30:03.734,2026-09-30
"863","UeoDBp3oMG","MOOSPMv3Parser",1790778601,9,9,6,14,14,8,9,14,14,9,2121,513,206355,81,48,7,49,49,15,74,49,1,16,16,61,63,0.788,261,1,35.775082,-119.23848,70.656998,0,600,58,3,"e00fce68e88237db75a60608",2026-09-30 14:30:04.026,2026-09-30 14:30:04.177,2026-09-30 14:30:04.177,2026-09-30
"864","m2OppOlAbF","MOOSPMv3Parser",1790778600,17,17,0,26,26,0,0,27,27,0,3564,895,0,144,0,16,0,0,13,74,0,2,13,13,73,71,0,193,1,36.187546,-119.822174,20.167999,9,600,58,3,"e00fce68e739ecbcf9e91965",2026-09-30 14:30:04.313,2026-09-30 14:30:04.474,2026-09-30 14:30:04.474,2026-09-30
"865","4PScOb36Gh","MOOSPMv3Parser",1790778601,12,12,7,16,16,7,7,17,17,7,2299,643,193188,87,55,4,55,55,14,77,55,0,12,14,81,74,6.722,136,1,36.523376,-119.278801,88.455002,6,600,58,3,"e00fce68f12da1a0c5de6248",2026-09-30 14:30:04.511,2026-09-30 14:30:04.671,2026-09-30 14:30:04.671,2026-09-30
"866","XQAjKztPXp","MOOSPMv3Parser",1790778600,1,1,2,2,2,3,3,3,3,4,542,122,342514,17,17,1,18,18,14,42,18,1,17,14,43,52,28.597,272,1,36.13895,-120.368324,172.276001,7,600,58,3,"e00fce6850cac69f647dc199",2026-09-30 14:30:04.587,2026-09-30 14:30:04.769,2026-09-30 14:30:04.769,2026-09-30
"867","OTH93euS3Y","MOOSPMv3Parser",1790778600,9,9,6,16,16,17,25,18,18,29,1985,517,305937,108,41,12,50,53,15,62,53,1,16,16,58,59,12.248,208,1,35.949631,-119.049965,116.986,5,599,58,3,"e00fce6808784ceaf209f949",2026-09-30 14:31:11.34,2026-09-30 14:31:11.591,2026-09-30 14:31:11.591,2026-09-30
"868","M4GmFhWWti","MOOSPMv3Parser",1790779200,0,0,2,0,0,3,4,0,0,4,222,128,70610,20,19,3,20,20,16,44,20,1,16,16,50,49,14.811,171,1,36.198715,-120.104416,72.582001,5,600,58,3,"e00fce686dc2ef0a68fa40b0",2026-09-30 14:40:02.124,2026-09-30 14:40:02.335,2026-09-30 14:40:02.335,2026-09-30
"869","JtW7YHGvWf","MOOSPMv3Parser",1790779200,9,9,5,14,14,12,17,15,15,19,2111,522,305954,77,34,8,40,42,16,60,42,1,17,16,55,57,13.881,192,1,35.949612,-119.04995,123.389,5,599,58,3,"e00fce6808784ceaf209f949",2026-09-30 14:40:02.423,2026-09-30 14:40:02.597,2026-09-30 14:40:02.597,2026-09-30
"870","z5tJelhGHb","MOOSPMv3Parser",1790779200,5,5,4,8,8,7,9,9,9,10,1953,326,96608,45,25,5,28,29,14,68,29,1,14,14,64,66,2.909,213,1,36.503166,-120.325409,53.771,0,600,58,3,"e00fce68e77e43df92405fdb",2026-09-30 14:40:02.798,2026-09-30 14:40:02.957,2026-09-30 14:40:02.957,2026-09-30
"871","VVQqy5TB5C","MOOSPMv3Parser",1790779201,31,27,19,49,41,21,21,53,50,21,5110,1582,246838,282,152,30,153,153,0,0,153,0,14,15,72,71,8.457,278,1,36.433624,-119.923363,29.374001,9,600,58,3,"e00fce6876826e255108c6bd",2026-09-30 14:40:02.828,2026-09-30 14:40:03.012,2026-09-30 14:40:03.012,2026-09-30
"872","9OPP4MQ9qM","MOOSPMv3Parser",1790779201,3,3,10,11,11,17,22,14,14,25,509,390,168797,86,74,16,81,82,17,48,82,1,17,18,54,53,7.559,186,1,35.9632,-119.291817,52.584,9,600,58,3,"e00fce68d6b773b56ce8baa0",2026-09-30 14:40:02.976,2026-09-30 14:40:03.13,2026-09-30 14:40:03.13,2026-09-30
"873","3NesmK7OxO","MOOSPMv3Parser",1790779200,8,8,0,12,12,0,0,14,14,0,1535,433,219311,80,0,9,0,0,15,57,0,0,15,15,64,64,6.269,237,3277,1e-06,0.002349,16274.161133,12,600,58,3,"e00fce68e28dcbc9a589be10",2026-09-30 14:40:03.363,2026-09-30 14:40:03.561,2026-09-30 14:40:03.561,2026-09-30
"874","0VpZdCdxMG","MOOSPMv3Parser",1790779201,10,10,7,14,14,9,9,15,15,10,2225,537,206404,87,57,6,58,58,16,73,58,1,17,17,61,61,0.061,261,1,35.775051,-119.238564,70.896004,9,600,58,3,"e00fce68e88237db75a60608",2026-09-30 14:40:04.117,2026-09-30 14:40:04.36,2026-09-30 14:40:04.36,2026-09-30
"875","9B5vjwTyHd","MOOSPMv3Parser",1790779201,13,13,7,16,16,7,7,17,17,7,2359,657,193234,85,53,3,53,53,14,78,53,0,13,14,81,75,7.432,137,1,36.523354,-119.278847,100.236,7,600,58,3,"e00fce68f12da1a0c5de6248",2026-09-30 14:40:04.255,2026-09-30 14:40:04.411,2026-09-30 14:40:04.411,2026-09-30
"876","AxeYp5e2nD","MOOSPMv3Parser",1790779200,18,18,0,27,27,0,0,28,28,0,3670,927,0,148,0,17,0,0,14,73,0,2,13,13,70,71,0,193,1,36.187542,-119.822075,29.052999,7,600,58,3,"e00fce68e739ecbcf9e91965",2026-09-30 14:40:04.417,2026-09-30 14:40:04.603,2026-09-30 14:40:04.603,2026-09-30
"877","DmjoZYHLYj","MOOSPMv3Parser",1790779200,2,2,3,3,3,3,4,3,3,4,602,142,342530,23,21,2,21,21,14,43,21,1,17,14,44,53,23.874,298,1,36.13895,-120.368286,174.485001,6,600,58,3,"e00fce6850cac69f647dc199",2026-09-30 14:40:04.586,2026-09-30 14:40:04.757,2026-09-30 14:40:04.757,2026-09-30
"878","UG5D7R655d","MOOSPMv3Parser",1790779800,0,0,2,0,0,3,4,0,0,4,206,117,70624,16,18,2,19,19,16,43,19,1,16,16,46,46,16.032,161,1,36.198818,-120.104408,83.685997,6,600,58,3,"e00fce686dc2ef0a68fa40b0",2026-09-30 14:50:01.95,2026-09-30 14:50:02.117,2026-09-30 14:50:02.117,2026-09-30
"879","wB3JDIJTla","MOOSPMv3Parser",1790779801,4,4,15,16,16,32,46,20,20,52,533,419,168860,113,100,24,117,121,18,45,122,1,19,19,48,47,7.447,183,1,35.963177,-119.291885,42.216,8,600,58,3,"e00fce68d6b773b56ce8baa0",2026-09-30 14:50:02.427,2026-09-30 14:50:02.6,2026-09-30 14:50:02.6,2026-09-30
"880","ucW5TFKZHN","MOOSPMv3Parser",1790779800,9,9,3,12,12,4,5,13,13,6,2701,545,305970,57,25,4,26,26,16,58,26,1,18,18,53,55,14.736,167,1,35.949589,-119.049927,126.636002,5,599,58,3,"e00fce6808784ceaf209f949",2026-09-30 14:50:02.518,2026-09-30 14:50:02.767,2026-09-30 14:50:02.767,2026-09-30
"881","FgBRsYH7OI","MOOSPMv3Parser",1790779800,6,6,3,8,8,7,10,10,10,12,2080,361,96624,45,24,4,27,28,14,65,28,1,15,15,63,63,2.831,213,1,36.503212,-120.325417,75.973999,8,600,58,3,"e00fce68e77e43df92405fdb",2026-09-30 14:50:02.786,2026-09-30 14:50:02.986,2026-09-30 14:50:02.986,2026-09-30
"882","291b8PalRb","MOOSPMv3Parser",1790779801,26,23,17,40,36,19,20,46,45,21,4299,1327,246952,235,133,30,135,135,0,0,135,0,15,15,69,70,8.719,241,1,36.433563,-119.923355,31.642,7,600,58,3,"e00fce6876826e255108c6bd",2026-09-30 14:50:02.881,2026-09-30 14:50:03.081,2026-09-30 14:50:03.081,2026-09-30
"883","GDc9qErpqb","MOOSPMv3Parser",1790779800,8,8,0,11,11,0,0,13,13,0,1613,446,219311,71,0,6,0,0,15,55,0,0,15,16,62,60,6.846,231,3277,1e-06,0.002349,16274.161133,12,600,58,3,"e00fce68e28dcbc9a589be10",2026-09-30 14:50:03.689,2026-09-30 14:50:03.977,2026-09-30 14:50:03.977,2026-09-30
"884","XodXnJo96D","MOOSPMv3Parser",1790779801,10,10,7,15,15,9,10,16,16,10,2225,543,206452,90,56,10,58,58,17,68,58,1,17,18,58,58,0.105,269,1,35.775043,-119.238548,67.017998,10,600,58,3,"e00fce68e88237db75a60608",2026-09-30 14:50:04.124,2026-09-30 14:50:04.368,2026-09-30 14:50:04.368,2026-09-30
"885","MBYhObhRbA","MOOSPMv3Parser",1790779801,12,12,7,16,16,7,7,17,17,7,2379,663,193281,81,53,4,53,53,14,79,53,0,14,14,78,76,7.428,148,1,36.523315,-119.278839,89.833,8,600,58,3,"e00fce68f12da1a0c5de6248",2026-09-30 14:50:04.411,2026-09-30 14:50:04.583,2026-09-30 14:50:04.583,2026-09-30
"886","xnNrorabId","MOOSPMv3Parser",1790779800,18,18,0,26,26,0,0,28,28,0,3657,930,0,145,0,15,0,0,14,70,0,2,15,14,66,67,0,195,1,36.187542,-119.822075,29.052,0,600,58,3,"e00fce68e739ecbcf9e91965",2026-09-30 14:50:04.508,2026-09-30 14:50:04.713,2026-09-30 14:50:04.713,2026-09-30
"887","kJ7PP0emNC","MOOSPMv3Parser",1790779800,2,2,3,3,3,4,4,3,3,4,625,149,342546,21,20,2,21,21,14,43,21,1,17,14,43,52,25.177,297,1,36.138939,-120.36837,184.197006,10,600,58,3,"e00fce6850cac69f647dc199",2026-09-30 14:50:04.741,2026-09-30 14:50:04.926,2026-09-30 14:50:04.926,2026-09-30
"888","7lpXUEIlAU","MOOSPMv3Parser",1790780400,0,0,2,0,0,3,3,0,0,3,199,107,70635,16,14,2,15,15,16,42,15,1,17,17,46,46,15.609,143,1,36.198769,-120.104378,90.332001,5,600,58,3,"e00fce686dc2ef0a68fa40b0",2026-09-30 15:00:01.972,2026-09-30 15:00:02.229,2026-09-30 15:00:02.229,2026-09-30
"889","ZB8H0qDvNr","MOOSPMv3Parser",1790780401,2,2,6,5,5,7,7,6,6,8,411,306,168895,54,43,7,44,44,18,44,44,1,19,20,48,46,8.48,169,1,35.963142,-119.29184,49.794998,8,600,58,3,"e00fce68d6b773b56ce8baa0",2026-09-30 15:00:02.852,2026-09-30 15:00:03.29,2026-09-30 15:00:03.29,2026-09-30
"890","kTxEiIrF9X","MOOSPMv3Parser",1790780401,22,21,13,34,32,14,14,37,37,14,3688,1137,247043,192,105,21,105,105,0,0,105,0,17,16,65,68,9.012,201,1,36.433578,-119.923309,29.233999,8,600,58,3,"e00fce6876826e255108c6bd",2026-09-30 15:00:02.823,2026-09-30 15:00:03.35,2026-09-30 15:00:03.35,2026-09-30
"891","fOvQLeMdM7","MOOSPMv3Parser",1790780400,7,7,0,10,10,0,0,11,11,0,1499,417,219311,61,0,3,0,0,16,53,0,0,16,17,61,58,9.946,201,3277,1e-06,0.002349,16274.161133,12,600,58,3,"e00fce68e28dcbc9a589be10",2026-09-30 15:00:03.589,2026-09-30 15:00:04.077,2026-09-30 15:00:04.077,2026-09-30
"892","rT6t28K7fn","MOOSPMv3Parser",1790780401,10,10,7,14,14,8,8,15,15,8,2221,538,206496,86,51,7,52,52,18,63,52,1,18,19,55,53,3.126,243,1,35.775036,-119.238525,70.532997,7,600,58,3,"e00fce68e88237db75a60608",2026-09-30 15:00:04.118,2026-09-30 15:00:04.341,2026-09-30 15:00:04.341,2026-09-30
"893","tHjtA2kyFH","MOOSPMv3Parser",1790780400,18,18,0,27,27,0,0,29,29,0,3694,936,0,152,0,18,0,0,15,68,0,2,15,16,65,63,0,205,1,36.187508,-119.822044,27.617001,7,600,58,3,"e00fce68e739ecbcf9e91965",2026-09-30 15:00:04.251,2026-09-30 15:00:04.455,2026-09-30 15:00:04.455,2026-09-30
"894","UUZCkfHTVo","MOOSPMv3Parser",1790780401,12,12,7,15,15,7,7,15,15,7,2278,629,193326,79,52,2,53,53,15,79,53,0,16,15,74,76,8.398,178,1,36.523224,-119.27877,60.404999,7,600,58,3,"e00fce68f12da1a0c5de6248",2026-09-30 15:00:04.342,2026-09-30 15:00:04.53,2026-09-30 15:00:04.53,2026-09-30
"895","AiBUQ73KaU","MOOSPMv3Parser",1790780400,2,2,3,4,4,5,6,4,4,6,754,174,342565,27,26,3,27,27,14,44,27,1,18,15,45,54,22.795,299,1,36.138908,-120.368355,165.039001,10,600,58,3,"e00fce6850cac69f647dc199",2026-09-30 15:00:04.599,2026-09-30 15:00:04.801,2026-09-30 15:00:04.801,2026-09-30
"896","g7M2ORcXi5","MOOSPMv3Parser",1790780400,5,5,3,8,8,4,4,9,9,5,1408,339,305991,49,27,4,27,28,18,54,28,1,20,19,50,51,15.132,172,1,35.9496,-119.049934,120.810997,5,599,58,3,"e00fce6808784ceaf209f949",2026-09-30 15:02:28.917,2026-09-30 15:02:29.068,2026-09-30 15:02:29.068,2026-09-30
"897","n6RiAZmEpD","MOOSPMv3Parser",1790781001,2,2,6,5,5,7,7,6,6,8,406,301,168931,55,44,7,45,45,19,43,45,1,19,21,48,44,8.149,168,1,35.963097,-119.291809,61.926998,7,600,58,3,"e00fce68d6b773b56ce8baa0",2026-09-30 15:10:02.504,2026-09-30 15:10:02.774,2026-09-30 15:10:02.774,2026-09-30
"898","jS0juWQew5","MOOSPMv3Parser",1790781000,0,0,2,0,0,4,5,0,0,5,194,105,70649,15,18,2,19,20,17,42,20,1,17,17,46,46,15.85,144,1,36.198868,-120.104462,72.360001,5,600,58,3,"e00fce686dc2ef0a68fa40b0",2026-09-30 15:10:02.604,2026-09-30 15:10:02.862,2026-09-30 15:10:02.862,2026-09-30
"899","gBXqk9Vdcj","MOOSPMv3Parser",1790781001,21,20,13,30,30,14,14,34,34,14,3597,1104,247133,171,104,15,104,105,1,1,105,0,17,16,62,67,9.173,186,1,36.433552,-119.92337,16.591,7,600,58,3,"e00fce6876826e255108c6bd",2026-09-30 15:10:02.896,2026-09-30 15:10:03.053,2026-09-30 15:10:03.053,2026-09-30
"900","1IUL9ocVuu","MOOSPMv3Parser",1790781001,9,9,6,13,13,7,8,14,14,8,2059,497,206538,78,49,6,50,50,19,59,50,1,19,21,54,50,6.753,229,1,35.774956,-119.238579,68.912003,7,600,58,3,"e00fce68e88237db75a60608",2026-09-30 15:10:04.117,2026-09-30 15:10:04.294,2026-09-30 15:10:04.294,2026-09-30
"901","N4obb0uKUX","MOOSPMv3Parser",1790781000,16,16,0,24,24,0,0,26,26,0,3449,871,0,142,0,12,0,0,16,63,0,2,16,18,62,58,0,207,1,36.187515,-119.82209,18.594,6,600,58,3,"e00fce68e739ecbcf9e91965",2026-09-30 15:10:04.174,2026-09-30 15:10:04.388,2026-09-30 15:10:04.388,2026-09-30
"902","tZ4be4kHJZ","MOOSPMv3Parser",1790781001,13,13,8,17,17,8,9,17,17,9,2522,694,193381,85,62,3,63,63,15,76,63,0,17,16,69,72,8.794,206,1,36.523315,-119.278854,78.959,7,600,58,3,"e00fce68f12da1a0c5de6248",2026-09-30 15:10:04.359,2026-09-30 15:10:04.56,2026-09-30 15:10:04.56,2026-09-30
"903","CgmZB3cv3H","MOOSPMv3Parser",1790781000,2,2,3,3,3,4,4,4,4,4,697,153,342581,25,20,2,21,21,15,43,21,1,18,15,43,51,28.481,276,1,36.138969,-120.368416,175.983002,8,600,58,3,"e00fce6850cac69f647dc199",2026-09-30 15:10:04.595,2026-09-30 15:10:04.732,2026-09-30 15:10:04.732,2026-09-30
"904","9d8xSU5KAI","MOOSPMv3Parser",1790781001,6,6,3,8,8,4,4,8,8,4,1239,336,306009,47,24,4,25,25,19,50,25,1,21,21,48,47,14.107,198,1,35.949486,-119.049927,110.468002,6,599,58,3,"e00fce6808784ceaf209f949",2026-09-30 15:11:50.5,2026-09-30 15:11:50.702,2026-09-30 15:11:50.702,2026-09-30
"905","SQ2xHWyEMk","MOOSPMv3Parser",1790781600,5,5,3,7,7,4,4,8,8,4,1193,319,306540,43,26,3,27,27,20,47,27,1,21,22,47,46,15.033,189,1,35.949535,-119.049973,109.903,9,598,58,3,"e00fce6808784ceaf209f949",2026-09-30 15:20:01.425,2026-09-30 15:20:01.577,2026-09-30 15:20:01.577,2026-09-30
"906","mAGUYzicG8","MOOSPMv3Parser",1790781600,0,0,2,0,0,3,3,0,0,4,193,105,70659,15,14,2,15,15,17,43,15,1,18,18,45,47,17.289,137,1,36.198868,-120.104462,72.360001,0,600,58,3,"e00fce686dc2ef0a68fa40b0",2026-09-30 15:20:01.962,2026-09-30 15:20:02.16,2026-09-30 15:20:02.16,2026-09-30
"907","JbNZBEGzOY","MOOSPMv3Parser",1790781601,6,6,0,9,9,0,0,10,10,0,1284,360,219677,56,0,4,0,0,17,49,0,0,17,18,56,55,13.212,185,3277,1e-06,0.002349,16274.161133,12,599,58,3,"e00fce68e28dcbc9a589be10",2026-09-30 15:20:02.493,2026-09-30 15:20:02.922,2026-09-30 15:20:02.922,2026-09-30
"908","AeyvJYc2Ow","MOOSPMv3Parser",1790781601,22,21,14,34,32,15,15,38,38,15,3783,1164,247228,200,108,24,108,109,0,0,109,0,18,17,60,65,9.418,146,1,36.433655,-119.923332,24.766001,6,600,58,3,"e00fce6876826e255108c6bd",2026-09-30 15:20:02.857,2026-09-30 15:20:03.029,2026-09-30 15:20:03.029,2026-09-30
"909","GSxibhmCiE","MOOSPMv3Parser",1790781601,2,2,5,5,5,6,6,5,5,6,402,294,168962,50,38,6,39,39,20,44,39,1,19,21,48,46,10.978,154,1,35.963245,-119.291733,65.014999,6,600,58,3,"e00fce68d6b773b56ce8baa0",2026-09-30 15:20:02.896,2026-09-30 15:20:03.218,2026-09-30 15:20:03.218,2026-09-30
"910","tpM98pkTQF","MOOSPMv3Parser",1790781601,9,9,7,13,13,8,9,14,14,10,2073,492,206581,80,51,8,53,53,20,55,53,1,20,21,52,48,7.225,214,1,35.775059,-119.238548,68.431,6,600,58,3,"e00fce68e88237db75a60608",2026-09-30 15:20:04.038,2026-09-30 15:20:04.22,2026-09-30 15:20:04.22,2026-09-30
"911","mWEMOZOkgz","MOOSPMv3Parser",1790781600,15,15,0,23,23,0,0,24,24,0,3275,816,0,128,0,13,0,0,18,57,0,2,17,19,60,54,0.03,191,1,36.187458,-119.821976,28.820999,7,600,58,3,"e00fce68e739ecbcf9e91965",2026-09-30 15:20:04.251,2026-09-30 15:20:04.431,2026-09-30 15:20:04.431,2026-09-30
"912","0f7I9WWId9","MOOSPMv3Parser",1790781601,13,13,8,17,17,9,9,18,18,9,2460,685,193436,94,63,5,63,63,16,74,63,0,18,17,64,68,13.422,201,1,36.523487,-119.278915,105.560997,5,600,58,3,"e00fce68f12da1a0c5de6248",2026-09-30 15:20:04.358,2026-09-30 15:20:04.546,2026-09-30 15:20:04.546,2026-09-30
"913","rt7QiS1geY","MOOSPMv3Parser",1790781600,2,2,3,3,3,4,5,4,4,5,652,148,342597,26,21,2,23,23,16,39,23,1,19,16,39,48,35.855,195,1,36.138947,-120.368378,171.037994,9,600,58,3,"e00fce6850cac69f647dc199",2026-09-30 15:20:04.839,2026-09-30 15:20:04.987,2026-09-30 15:20:04.987,2026-09-30
"914","iwQcIXlhdz","MOOSPMv3Parser",1790782200,6,6,4,8,8,5,6,9,9,7,1285,346,306055,50,32,4,33,33,21,43,33,1,22,23,44,42,13.165,196,1,35.949596,-119.049957,119.257004,7,599,58,3,"e00fce6808784ceaf209f949",2026-09-30 15:30:01.38,2026-09-30 15:30:01.54,2026-09-30 15:30:01.54,2026-09-30
"915","AeEkJto74S","MOOSPMv3Parser",1790782200,0,0,2,0,0,2,3,0,0,3,184,98,70668,13,11,2,12,12,18,42,12,1,20,19,41,44,16.808,137,1,36.198795,-120.104454,82.355003,5,600,58,3,"e00fce686dc2ef0a68fa40b0",2026-09-30 15:30:01.938,2026-09-30 15:30:02.103,2026-09-30 15:30:02.103,2026-09-30
"916","5cprutbFOH","MOOSPMv3Parser",1790782201,14,14,0,21,21,0,0,23,23,0,3100,769,0,119,0,13,0,0,18,53,0,2,17,20,57,51,1.028,182,1,36.187538,-119.821968,26.722,8,598,58,3,"e00fce68e739ecbcf9e91965",2026-09-30 15:30:02.332,2026-09-30 15:30:02.531,2026-09-30 15:30:02.531,2026-09-30
"917","Cez2Qlizoe","MOOSPMv3Parser",1790782201,6,6,0,9,9,0,0,10,10,0,1317,368,219311,57,0,4,0,0,17,48,0,0,18,18,55,54,14.275,178,3277,1e-06,0.002349,16274.161133,12,600,58,3,"e00fce68e28dcbc9a589be10",2026-09-30 15:30:02.447,2026-09-30 15:30:02.649,2026-09-30 15:30:02.649,2026-09-30
"918","Ez5KU3EsQ1","MOOSPMv3Parser",1790782201,2,2,5,6,6,6,6,6,6,6,444,330,168997,56,42,6,42,42,20,44,42,1,19,22,48,47,13.014,138,1,35.963219,-119.291786,52.284,8,600,58,3,"e00fce68d6b773b56ce8baa0",2026-09-30 15:30:02.506,2026-09-30 15:30:02.733,2026-09-30 15:30:02.733,2026-09-30
"919","J8Xpu9K2ri","MOOSPMv3Parser",1790782201,22,21,13,32,31,14,14,36,36,14,3688,1136,247318,184,103,21,104,104,0,0,104,0,19,18,57,60,10.058,98,1,36.433372,-119.923378,8.298,5,600,58,3,"e00fce6876826e255108c6bd",2026-09-30 15:30:02.934,2026-09-30 15:30:03.118,2026-09-30 15:30:03.118,2026-09-30
"920","DDmZPULU7Q","MOOSPMv3Parser",1790782201,9,9,7,13,13,9,11,14,14,12,2067,492,206624,81,52,8,55,55,21,51,55,1,20,23,50,46,8.301,211,1,35.775089,-119.238518,71.839996,12,600,58,3,"e00fce68e88237db75a60608",2026-09-30 15:30:04.118,2026-09-30 15:30:04.292,2026-09-30 15:30:04.292,2026-09-30
"921","CEjK3pIDMz","MOOSPMv3Parser",1790782201,12,12,8,15,15,9,9,16,16,9,2240,623,193489,79,62,4,63,63,16,73,63,0,19,17,61,67,14.548,172,1,36.523296,-119.278877,106.737999,5,600,58,3,"e00fce68f12da1a0c5de6248",2026-09-30 15:30:04.414,2026-09-30 15:30:04.554,2026-09-30 15:30:04.554,2026-09-30
"922","IhQjxse4VR","MOOSPMv3Parser",1790782200,3,3,5,5,5,8,10,6,6,12,809,195,342620,41,33,4,36,37,17,39,37,1,21,18,37,47,31.275,203,1,36.138943,-120.368401,163.677994,9,600,58,3,"e00fce6850cac69f647dc199",2026-09-30 15:30:04.583,2026-09-30 15:30:04.77,2026-09-30 15:30:04.77,2026-09-30
"923","fPzbFRl9nn","MOOSPMv3Parser",1790782800,0,0,2,0,0,2,3,0,0,3,191,103,70678,15,13,2,14,14,18,41,14,1,21,20,39,43,16.432,138,1,36.198753,-120.104454,76.259003,7,600,58,3,"e00fce686dc2ef0a68fa40b0",2026-09-30 15:40:01.882,2026-09-30 15:40:02.081,2026-09-30 15:40:02.081,2026-09-30
"924","jxy750onQT","MOOSPMv3Parser",1790782801,13,13,0,20,20,0,0,21,21,0,2832,681,0,108,0,13,0,0,19,50,0,2,18,21,57,49,4.226,173,1,36.187523,-119.822006,30.103001,9,600,58,3,"e00fce68e739ecbcf9e91965",2026-09-30 15:40:02.258,2026-09-30 15:40:02.503,2026-09-30 15:40:02.503,2026-09-30
"925","4MtFS7GVqJ","MOOSPMv3Parser",1790782801,6,6,0,9,9,0,0,9,9,0,1289,356,219311,54,0,5,0,0,18,47,0,0,18,19,54,53,15.683,169,3277,1e-06,0.002349,16274.161133,12,600,58,3,"e00fce68e28dcbc9a589be10",2026-09-30 15:40:02.445,2026-09-30 15:40:02.646,2026-09-30 15:40:02.646,2026-09-30
"926","GN274MFLb1","MOOSPMv3Parser",1790782801,5,5,3,7,7,4,4,7,7,5,1169,306,305561,38,22,2,22,23,22,42,23,1,22,25,44,40,13.083,204,1,35.949574,-119.049942,122.002998,7,600,58,3,"e00fce6808784ceaf209f949",2026-09-30 15:40:02.482,2026-09-30 15:40:02.666,2026-09-30 15:40:02.666,2026-09-30
"927","rDUrX9HVfu","MOOSPMv3Parser",1790782801,4,4,6,7,7,7,7,8,8,7,495,376,169037,67,48,8,48,48,21,44,48,0,20,22,50,46,15.017,130,1,35.963104,-119.291832,30.004,8,600,58,3,"e00fce68d6b773b56ce8baa0",2026-09-30 15:40:02.968,2026-09-30 15:40:03.154,2026-09-30 15:40:03.154,2026-09-30
"928","LbU4OT9Q9G","MOOSPMv3Parser",1790782801,19,19,12,29,28,12,12,32,32,12,3355,1033,247400,167,93,19,93,93,0,0,93,0,20,20,54,55,10.805,64,2,36.433636,-119.923378,11.698,7,600,58,3,"e00fce6876826e255108c6bd",2026-09-30 15:40:02.994,2026-09-30 15:40:03.232,2026-09-30 15:40:03.232,2026-09-30
"929","bwCrqt1APh","MOOSPMv3Parser",1790782801,8,8,7,12,12,9,11,13,13,12,2028,471,206663,76,49,6,51,52,22,46,52,1,21,24,47,43,9.36,201,1,35.775124,-119.238487,64.235001,9,600,58,3,"e00fce68e88237db75a60608",2026-09-30 15:40:04.117,2026-09-30 15:40:04.314,2026-09-30 15:40:04.314,2026-09-30
"930","R7cP5SHy5F","MOOSPMv3Parser",1790782801,10,10,6,13,13,7,7,14,14,7,1945,537,193533,72,51,3,51,51,17,70,51,0,20,18,58,62,17.854,152,1,36.523296,-119.278877,106.740997,0,600,58,3,"e00fce68f12da1a0c5de6248",2026-09-30 15:40:04.376,2026-09-30 15:40:04.566,2026-09-30 15:40:04.566,2026-09-30
"931","Y4go1RsQnt","MOOSPMv3Parser",1790782800,2,2,3,3,3,5,6,4,4,7,666,158,342638,26,22,2,24,24,18,33,24,1,23,20,32,40,41.495,140,1,36.138958,-120.368263,165.744003,7,600,58,3,"e00fce6850cac69f647dc199",2026-09-30 15:40:04.672,2026-09-30 15:40:04.832,2026-09-30 15:40:04.832,2026-09-30
"932","O5b0XQmeg7","MOOSPMv3Parser",1790782801,7,7,3,9,9,4,5,9,9,6,2885,426,96867,37,23,4,25,25,18,52,25,1,20,19,48,53,16.284,172,1,36.503201,-120.325378,44.858002,8,599,58,3,"e00fce68e77e43df92405fdb",2026-09-30 15:40:07.645,2026-09-30 15:40:07.832,2026-09-30 15:40:07.832,2026-09-30
"933","0VbXZDbjmg","MOOSPMv3Parser",1790783401,7,7,0,9,9,0,0,9,9,0,1328,371,219311,54,0,3,0,0,18,47,0,0,19,19,52,52,15.103,168,3277,1e-06,0.002349,16274.161133,12,600,58,3,"e00fce68e28dcbc9a589be10",2026-09-30 15:50:02.416,2026-09-30 15:50:02.574,2026-09-30 15:50:02.574,2026-09-30
"934","zPvGvHhiNq","MOOSPMv3Parser",1790783400,0,0,2,0,0,2,2,0,0,3,190,104,70687,14,12,2,13,13,19,39,13,1,22,21,38,41,16.275,137,1,36.198845,-120.104385,67.912003,7,600,58,3,"e00fce686dc2ef0a68fa40b0",2026-09-30 15:50:02.457,2026-09-30 15:50:02.672,2026-09-30 15:50:02.672,2026-09-30
"935","PEaULFv9oV","MOOSPMv3Parser",1790783401,12,12,0,18,18,0,0,20,20,0,2791,662,0,104,0,12,0,0,20,48,0,2,19,22,55,47,5.165,173,1,36.187519,-119.822075,27.395,10,600,58,3,"e00fce68e739ecbcf9e91965",2026-09-30 15:50:02.424,2026-09-30 15:50:02.709,2026-09-30 15:50:02.709,2026-09-30
"936","tNQwaOwbSw","MOOSPMv3Parser",1790783401,4,4,7,8,8,7,7,9,9,8,513,394,169080,69,51,8,51,51,21,42,51,1,21,23,49,44,16.062,126,2,35.963123,-119.291771,36.800999,9,600,58,3,"e00fce68d6b773b56ce8baa0",2026-09-30 15:50:02.616,2026-09-30 15:50:02.828,2026-09-30 15:50:02.828,2026-09-30
"937","hMwJv4QwbP","MOOSPMv3Parser",1790783401,16,16,10,24,24,10,10,27,27,10,2878,883,247465,142,77,13,77,77,0,0,78,0,20,21,52,52,12.116,38,4,36.43354,-119.923317,32.433998,11,600,58,3,"e00fce6876826e255108c6bd",2026-09-30 15:50:02.942,2026-09-30 15:50:03.132,2026-09-30 15:50:03.132,2026-09-30
"938","JSLxOCV8C0","MOOSPMv3Parser",1790783400,5,5,3,6,6,3,4,6,6,4,1083,284,306087,38,20,2,21,21,22,39,21,1,23,25,45,40,14.611,187,1,35.949574,-119.049942,122.002998,0,599,58,3,"e00fce6808784ceaf209f949",2026-09-30 15:50:03.583,2026-09-30 15:50:03.731,2026-09-30 15:50:03.731,2026-09-30
"939","TMNsCCAJqm","MOOSPMv3Parser",1790783401,8,8,6,12,12,7,8,12,12,8,1941,444,206700,70,44,6,45,45,22,42,45,1,21,24,46,40,11.6,176,1,35.775063,-119.238495,62.256001,11,600,58,3,"e00fce68e88237db75a60608",2026-09-30 15:50:04.05,2026-09-30 15:50:04.208,2026-09-30 15:50:04.208,2026-09-30
"940","mUCe04K07Z","MOOSPMv3Parser",1790783401,9,9,6,12,12,7,7,13,13,7,1819,505,193573,66,47,3,48,48,18,67,48,1,21,19,54,60,19.687,156,2,36.523354,-119.278755,85.167,7,600,58,3,"e00fce68f12da1a0c5de6248",2026-09-30 15:50:04.444,2026-09-30 15:50:04.592,2026-09-30 15:50:04.592,2026-09-30
"941","ucJZtbRBkA","MOOSPMv3Parser",1790783400,2,2,3,3,3,4,5,4,4,5,658,156,342654,24,23,2,24,24,20,31,24,1,25,22,30,37,45.973,75,2,36.138969,-120.36837,162.643005,7,600,58,3,"e00fce6850cac69f647dc199",2026-09-30 15:50:04.637,2026-09-30 15:50:04.832,2026-09-30 15:50:04.832,2026-09-30
"942","ZTgNuchBOF","MOOSPMv3Parser",1790783401,5,23,3,9,21,5,6,115,8,6,1986,415,96723,33,22,25,23,24,-10,-10,24,1,21,20,46,49,18.56,165,1,36.503147,-120.325409,40.396999,9,600,58,3,"e00fce68e77e43df92405fdb",2026-09-30 15:50:39.667,2026-09-30 15:50:39.869,2026-09-30 15:50:39.869,2026-09-30
"943","Opx9skIcWT","MOOSPMv3Parser",1790784000,5,5,3,7,7,4,5,8,8,5,1217,319,306105,44,25,3,26,26,23,35,26,1,23,26,41,36,14.441,191,1,35.949585,-119.049911,107.876999,6,599,58,3,"e00fce6808784ceaf209f949",2026-09-30 16:00:01.583,2026-09-30 16:00:01.807,2026-09-30 16:00:01.807,2026-09-30
"944","j7I1fezOjV","MOOSPMv3Parser",1790784000,0,0,2,0,0,2,3,0,0,3,199,109,70697,13,12,2,13,13,21,38,13,1,23,23,36,38,17.135,153,1,36.198891,-120.104378,87.170998,7,600,58,3,"e00fce686dc2ef0a68fa40b0",2026-09-30 16:00:01.961,2026-09-30 16:00:02.318,2026-09-30 16:00:02.318,2026-09-30
"945","b1GAXWEtUR","MOOSPMv3Parser",1790784001,10,10,0,15,15,0,0,16,16,0,2353,545,0,83,0,8,0,0,21,40,0,2,20,24,47,42,8.708,156,1,36.187504,-119.822052,25.777,10,600,58,3,"e00fce68e739ecbcf9e91965",2026-09-30 16:00:02.255,2026-09-30 16:00:02.581,2026-09-30 16:00:02.581,2026-09-30
"946","1j05cUx0gb","MOOSPMv3Parser",1790784001,6,6,3,8,8,5,6,8,8,7,2639,358,96740,35,22,2,24,24,20,48,24,1,21,22,48,50,18.621,162,1,36.503189,-120.325447,51.228001,7,600,58,3,"e00fce68e77e43df92405fdb",2026-09-30 16:00:02.372,2026-09-30 16:00:02.705,2026-09-30 16:00:02.705,2026-09-30
"947","Jd69qWEhAt","MOOSPMv3Parser",1790784001,9,9,0,12,12,0,0,13,13,0,1729,479,219311,71,0,5,0,0,19,43,0,0,20,20,47,49,15.78,169,3277,1e-06,0.002349,16274.161133,12,600,58,3,"e00fce68e28dcbc9a589be10",2026-09-30 16:00:02.658,2026-09-30 16:00:03.18,2026-09-30 16:00:03.18,2026-09-30
"948","RtApgaT0cb","MOOSPMv3Parser",1790784001,15,15,10,23,23,10,10,25,25,10,2766,843,247531,133,75,13,76,76,0,0,76,0,21,22,52,51,12.547,37,8,36.43354,-119.923317,32.435001,0,600,58,3,"e00fce6876826e255108c6bd",2026-09-30 16:00:02.907,2026-09-30 16:00:03.195,2026-09-30 16:00:03.195,2026-09-30
"949","bYxZZl5rFq","MOOSPMv3Parser",1790784001,3,3,6,7,7,7,7,7,7,7,491,371,169118,61,46,7,46,47,22,42,47,1,22,24,47,43,16.78,115,3,35.963238,-119.291893,20.48,8,600,58,3,"e00fce68d6b773b56ce8baa0",2026-09-30 16:00:03.012,2026-09-30 16:00:03.373,2026-09-30 16:00:03.373,2026-09-30
"950","59c2mEjFbU","MOOSPMv3Parser",1790784001,8,8,5,11,11,6,7,11,11,7,1894,432,206734,67,40,4,41,41,23,41,41,1,22,26,46,39,14.118,161,1,35.775043,-119.238525,60.089001,9,600,58,3,"e00fce68e88237db75a60608",2026-09-30 16:00:04.117,2026-09-30 16:00:04.344,2026-09-30 16:00:04.344,2026-09-30
"951","nqCAbbtWYV","MOOSPMv3Parser",1790784001,9,9,6,12,12,7,7,12,12,8,1748,480,193614,66,48,3,49,49,19,63,49,1,22,20,51,56,22.579,151,2,36.523361,-119.278847,83.969002,6,600,58,3,"e00fce68f12da1a0c5de6248",2026-09-30 16:00:04.631,2026-09-30 16:00:04.809,2026-09-30 16:00:04.809,2026-09-30
"952","IUgmGVeT5u","MOOSPMv3Parser",1790784000,2,2,3,3,3,4,5,3,3,5,637,145,342670,23,20,2,21,22,21,28,22,1,26,23,27,34,47.138,70,2,36.138947,-120.368324,176.494003,7,600,58,3,"e00fce6850cac69f647dc199",2026-09-30 16:00:04.668,2026-09-30 16:00:04.944,2026-09-30 16:00:04.944,2026-09-30
"953","90UpjjXBMo","MOOSPMv3Parser",1790784600,6,6,4,9,9,6,7,10,10,8,1296,343,306127,51,30,5,32,32,24,34,32,1,24,27,42,37,14.365,197,1,35.949596,-119.04995,114.014,7,599,58,3,"e00fce6808784ceaf209f949",2026-09-30 16:10:01.564,2026-09-30 16:10:01.757,2026-09-30 16:10:01.757,2026-09-30
"954","R1sB3W2WwY","MOOSPMv3Parser",1790784600,0,0,2,0,0,2,3,0,0,3,200,112,70707,15,13,2,13,13,22,36,13,1,24,25,35,35,19.075,142,1,36.198738,-120.104477,94.084,6,600,58,3,"e00fce686dc2ef0a68fa40b0",2026-09-30 16:10:01.974,2026-09-30 16:10:02.188,2026-09-30 16:10:02.188,2026-09-30
"955","l2kBJfD8Ca","MOOSPMv3Parser",1790784601,8,8,0,12,12,0,0,12,12,0,1953,453,0,64,0,5,0,0,22,37,0,2,21,25,46,39,11.769,139,1,36.187534,-119.822067,24.674999,9,600,58,3,"e00fce68e739ecbcf9e91965",2026-09-30 16:10:02.268,2026-09-30 16:10:02.425,2026-09-30 16:10:02.425,2026-09-30
"956","gNVi0EZGqZ","MOOSPMv3Parser",1790784601,5,5,3,6,6,4,6,7,7,6,1938,301,96756,32,21,3,22,23,21,44,23,1,22,23,45,46,20.602,164,1,36.503021,-120.325394,57.342999,8,600,58,3,"e00fce68e77e43df92405fdb",2026-09-30 16:10:02.292,2026-09-30 16:10:02.441,2026-09-30 16:10:02.441,2026-09-30
"957","vozkwtpBUd","MOOSPMv3Parser",1790784601,8,8,0,11,11,0,0,11,11,0,1573,437,219311,62,0,3,0,0,20,40,0,0,21,22,45,45,17.509,160,3277,1e-06,0.002349,16274.161133,12,600,58,3,"e00fce68e28dcbc9a589be10",2026-09-30 16:10:02.429,2026-09-30 16:10:02.594,2026-09-30 16:10:02.594,2026-09-30
"958","FKJVTicDj2","MOOSPMv3Parser",1790784601,3,3,5,6,6,6,6,7,7,6,471,357,169153,55,43,6,43,43,22,40,43,0,22,25,47,43,17.219,114,3,35.963051,-119.291786,34.183998,7,600,58,3,"e00fce68d6b773b56ce8baa0",2026-09-30 16:10:02.675,2026-09-30 16:10:02.924,2026-09-30 16:10:02.924,2026-09-30
"959","SAg1HcCWBQ","MOOSPMv3Parser",1790784601,15,15,9,22,22,10,10,25,25,10,2621,802,247596,128,73,15,73,73,0,0,73,0,21,23,50,49,12.912,37,9,36.433636,-119.92334,31.603001,15,600,58,3,"e00fce6876826e255108c6bd",2026-09-30 16:10:03.055,2026-09-30 16:10:03.214,2026-09-30 16:10:03.214,2026-09-30
"960","ObQej8IXZG","MOOSPMv3Parser",1790784601,8,8,6,11,11,7,7,12,12,8,1961,446,206771,67,44,5,44,45,24,40,45,1,23,27,46,39,12.503,183,1,35.775059,-119.238541,58.595001,14,600,58,3,"e00fce68e88237db75a60608",2026-09-30 16:10:04.118,2026-09-30 16:10:04.293,2026-09-30 16:10:04.293,2026-09-30
"961","rESaGLYLDv","MOOSPMv3Parser",1790784601,8,8,5,10,10,5,5,11,11,6,1568,426,193647,54,37,3,37,38,20,58,38,0,23,22,46,52,25.175,139,3,36.523331,-119.278786,82.478996,8,600,58,3,"e00fce68f12da1a0c5de6248",2026-09-30 16:10:04.45,2026-09-30 16:10:04.574,2026-09-30 16:10:04.574,2026-09-30
"962","kGBvPUkC9E","MOOSPMv3Parser",1790784600,2,2,2,3,3,3,4,3,3,4,637,148,342686,24,19,2,20,20,22,25,20,1,28,25,26,32,47.243,85,2,36.138947,-120.368324,176.492004,0,600,58,3,"e00fce6850cac69f647dc199",2026-09-30 16:10:04.819,2026-09-30 16:10:04.982,2026-09-30 16:10:04.982,2026-09-30
"963","9ptEOGAXc4","MOOSPMv3Parser",1790785200,0,0,2,0,0,2,3,0,0,3,202,115,70717,16,13,2,14,14,23,34,14,1,25,26,33,33,21.77,104,1,36.198734,-120.104424,76.008003,7,600,58,3,"e00fce686dc2ef0a68fa40b0",2026-09-30 16:20:01.969,2026-09-30 16:20:02.171,2026-09-30 16:20:02.171,2026-09-30
"964","L3gLQuGvUY","MOOSPMv3Parser",1790785201,8,8,0,12,12,0,0,13,13,0,1894,468,0,68,0,6,0,0,23,34,0,2,22,26,43,37,12.319,139,2,36.187561,-119.822128,27.281,8,600,58,3,"e00fce68e739ecbcf9e91965",2026-09-30 16:20:02.194,2026-09-30 16:20:02.38,2026-09-30 16:20:02.38,2026-09-30
"965","HFqS9RW0Ae","MOOSPMv3Parser",1790785201,5,5,3,6,6,4,5,6,6,6,1908,285,96773,32,21,2,23,23,-10,-10,23,1,23,24,44,45,22.565,155,1,36.503166,-120.325302,57.494999,5,600,58,3,"e00fce68e77e43df92405fdb",2026-09-30 16:20:02.263,2026-09-30 16:20:02.48,2026-09-30 16:20:02.48,2026-09-30
"966","sm7ZeV9xlS","MOOSPMv3Parser",1790785201,7,7,0,10,10,0,0,10,10,0,1443,404,219311,55,0,3,0,0,21,37,0,0,22,24,43,40,19.066,150,3277,1e-06,0.002349,16274.161133,12,600,58,3,"e00fce68e28dcbc9a589be10",2026-09-30 16:20:02.768,2026-09-30 16:20:02.93,2026-09-30 16:20:02.93,2026-09-30
"967","5lEKkE6iWK","MOOSPMv3Parser",1790785201,14,14,9,22,22,10,10,24,24,10,2553,786,247658,126,72,14,73,73,1,1,73,0,22,24,48,46,13.108,38,9,36.433605,-119.92337,13.718,9,600,58,3,"e00fce6876826e255108c6bd",2026-09-30 16:20:02.853,2026-09-30 16:20:03.084,2026-09-30 16:20:03.084,2026-09-30
"968","oaf9koLDXV","MOOSPMv3Parser",1790785201,3,3,5,6,6,5,6,6,6,6,452,339,169186,57,39,6,39,39,23,39,39,1,23,26,45,40,17.896,102,3,35.963051,-119.291786,34.178001,0,600,58,3,"e00fce68d6b773b56ce8baa0",2026-09-30 16:20:02.922,2026-09-30 16:20:03.096,2026-09-30 16:20:03.096,2026-09-30
"969","WQovCD94Jm","MOOSPMv3Parser",1790785201,8,8,5,12,12,6,6,12,12,6,2082,476,206804,69,39,5,40,40,25,35,40,0,24,28,41,36,13.615,186,1,35.775059,-119.238541,58.589001,0,600,58,3,"e00fce68e88237db75a60608",2026-09-30 16:20:04.046,2026-09-30 16:20:04.241,2026-09-30 16:20:04.241,2026-09-30
"970","F4UjdZxvKn","MOOSPMv3Parser",1790785200,2,2,2,3,3,3,3,3,3,3,620,144,342702,22,18,2,19,19,23,22,19,1,29,26,24,30,48.396,76,2,36.138954,-120.368385,171.050003,9,600,58,3,"e00fce6850cac69f647dc199",2026-09-30 16:20:04.653,2026-09-30 16:20:04.814,2026-09-30 16:20:04.814,2026-09-30
"971","TJXN4qIwoG","MOOSPMv3Parser",1790785201,8,8,5,11,10,6,6,11,11,6,1618,451,193683,56,41,2,42,42,21,55,42,0,24,23,44,48,20.558,262,4,36.523365,-119.278809,99.928001,7,600,58,3,"e00fce68f12da1a0c5de6248",2026-09-30 16:20:04.621,2026-09-30 16:20:04.832,2026-09-30 16:20:04.832,2026-09-30
"972","CuT1NwnVa1","MOOSPMv3Parser",1790785800,0,0,2,0,0,2,2,0,0,3,201,112,70726,15,11,1,12,12,24,33,12,1,26,28,33,32,24.457,49,2,36.19878,-120.104538,85.962997,6,600,58,3,"e00fce686dc2ef0a68fa40b0",2026-09-30 16:30:01.983,2026-09-30 16:30:02.213,2026-09-30 16:30:02.213,2026-09-30
"973","kDBbLBLYRE","MOOSPMv3Parser",1790785801,6,6,0,10,10,0,0,10,10,0,1561,379,0,54,0,7,0,0,24,29,0,2,23,28,38,33,15.945,120,3,36.187466,-119.822014,32.526001,10,600,58,3,"e00fce68e739ecbcf9e91965",2026-09-30 16:30:02.291,2026-09-30 16:30:02.476,2026-09-30 16:30:02.476,2026-09-30
"974","VUwyHKXutx","MOOSPMv3Parser",1790785801,6,6,0,8,8,0,0,9,9,0,1310,367,219311,47,0,3,0,0,22,33,0,0,23,26,41,37,20.901,140,3277,1e-06,0.002349,16274.161133,12,600,58,3,"e00fce68e28dcbc9a589be10",2026-09-30 16:30:02.576,2026-09-30 16:30:02.817,2026-09-30 16:30:02.817,2026-09-30
"975","oJkzgBiexT","MOOSPMv3Parser",1790785801,2,2,5,5,5,5,5,5,5,6,445,329,169217,53,37,5,38,38,24,38,38,1,24,27,42,39,17.333,109,3,35.963081,-119.291695,58.977001,9,600,58,3,"e00fce68d6b773b56ce8baa0",2026-09-30 16:30:02.686,2026-09-30 16:30:02.88,2026-09-30 16:30:02.88,2026-09-30
"976","WjTtlfv6n9","MOOSPMv3Parser",1790785801,5,5,3,7,7,5,6,7,7,7,2031,303,96790,36,22,3,24,24,-10,-10,24,1,23,24,45,44,26.454,137,1,36.503166,-120.325302,57.497002,0,600,58,3,"e00fce68e77e43df92405fdb",2026-09-30 16:30:02.64,2026-09-30 16:30:02.942,2026-09-30 16:30:02.942,2026-09-30
"977","E7Mki13kkU","MOOSPMv3Parser",1790785801,14,14,10,22,22,11,12,24,24,12,2524,774,247725,128,75,16,77,77,1,0,77,1,23,25,46,45,13.29,38,8,36.433521,-119.923347,42.985001,12,600,58,3,"e00fce6876826e255108c6bd",2026-09-30 16:30:02.915,2026-09-30 16:30:03.131,2026-09-30 16:30:03.131,2026-09-30
"978","ebjbi4GwWg","MOOSPMv3Parser",1790785801,7,7,4,10,10,5,5,11,11,5,1878,419,206834,60,34,4,35,35,26,32,35,1,24,29,39,33,18.019,148,1,35.775066,-119.238503,66.647003,15,600,58,3,"e00fce68e88237db75a60608",2026-09-30 16:30:04.101,2026-09-30 16:30:04.278,2026-09-30 16:30:04.278,2026-09-30
"979","3p3VB5o5JY","MOOSPMv3Parser",1790785801,6,6,4,8,8,4,4,8,8,5,1336,367,193710,43,32,2,32,32,22,52,32,0,26,25,41,46,25.694,263,2,36.523296,-119.278862,99.122002,6,600,58,3,"e00fce68f12da1a0c5de6248",2026-09-30 16:30:04.585,2026-09-30 16:30:04.765,2026-09-30 16:30:04.765,2026-09-30
"980","IiHmJMlgzp","MOOSPMv3Parser",1790785800,2,2,2,3,3,3,3,3,3,3,624,146,342718,22,17,2,17,18,25,20,18,1,30,28,23,29,126.232,73,2,36.138878,-120.368324,171.110001,8,600,58,3,"e00fce6850cac69f647dc199",2026-09-30 16:30:04.593,2026-09-30 16:30:04.775,2026-09-30 16:30:04.775,2026-09-30
"981","POLZ9FHQLB","MOOSPMv3Parser",1790785801,6,6,3,8,8,5,6,9,9,7,1304,344,305651,50,25,4,27,27,24,30,27,1,24,28,39,34,15.67,189,1,35.949635,-119.049911,120.265999,7,600,58,3,"e00fce6808784ceaf209f949",2026-09-30 16:31:21.769,2026-09-30 16:31:21.948,2026-09-30 16:31:21.948,2026-09-30
"982","hD0wGVVzB3","MOOSPMv3Parser",1790786401,6,6,0,9,9,0,0,10,10,0,1456,353,0,55,0,7,0,0,25,26,0,2,24,28,38,32,20.409,85,7,36.187466,-119.822014,32.527,0,600,58,3,"e00fce68e739ecbcf9e91965",2026-09-30 16:40:02.185,2026-09-30 16:40:02.348,2026-09-30 16:40:02.348,2026-09-30
"983","dXfffeTqTW","MOOSPMv3Parser",1790786401,6,6,0,8,8,0,0,8,8,0,1193,331,219311,42,0,3,0,0,23,31,0,0,24,27,40,35,21.546,136,3277,1e-06,0.002349,16274.161133,12,600,58,3,"e00fce68e28dcbc9a589be10",2026-09-30 16:40:02.606,2026-09-30 16:40:02.791,2026-09-30 16:40:02.791,2026-09-30
"984","xnIyDjh3oJ","MOOSPMv3Parser",1790786401,5,5,3,6,6,4,6,6,6,6,1940,291,96807,32,22,2,24,24,23,38,24,1,24,25,43,42,30.352,120,2,36.50309,-120.325325,64.07,11,600,58,3,"e00fce68e77e43df92405fdb",2026-09-30 16:40:02.624,2026-09-30 16:40:02.965,2026-09-30 16:40:02.965,2026-09-30
"985","KSUhGlPb4V","MOOSPMv3Parser",1790786401,12,12,8,17,17,9,10,19,19,10,2120,649,247778,99,63,10,64,64,0,0,64,0,23,25,44,43,13.919,38,8,36.433659,-119.923309,29.936001,10,600,58,3,"e00fce6876826e255108c6bd",2026-09-30 16:40:02.899,2026-09-30 16:40:03.093,2026-09-30 16:40:03.093,2026-09-30
"986","w0NQdUD8Js","MOOSPMv3Parser",1790786401,2,2,4,5,5,5,5,5,5,5,425,314,169245,52,34,6,35,35,25,36,35,1,25,28,40,37,17.692,105,3,35.963127,-119.291832,43.752998,10,600,58,3,"e00fce68d6b773b56ce8baa0",2026-09-30 16:40:02.856,2026-09-30 16:40:03.142,2026-09-30 16:40:03.142,2026-09-30
"987","RtGxdW6aZ4","MOOSPMv3Parser",1790786401,7,7,4,9,9,4,5,10,10,5,1782,391,206861,56,31,3,31,31,26,28,32,0,25,30,36,31,22.66,111,1,35.774998,-119.23851,68.440002,10,600,58,3,"e00fce68e88237db75a60608",2026-09-30 16:40:04.118,2026-09-30 16:40:04.312,2026-09-30 16:40:04.312,2026-09-30
"988","ahcnRv5HBV","MOOSPMv3Parser",1790786401,6,6,4,8,8,4,4,8,8,4,1291,352,193735,45,30,2,30,30,24,49,30,0,27,27,41,43,28.208,125,1,36.523293,-119.278824,70.246002,6,600,58,3,"e00fce68f12da1a0c5de6248",2026-09-30 16:40:04.534,2026-09-30 16:40:04.736,2026-09-30 16:40:04.736,2026-09-30
"989","lCGFuvr0s4","MOOSPMv3Parser",1790786400,2,2,2,3,3,3,3,3,3,3,583,134,342734,19,17,1,17,17,26,16,17,1,32,29,19,24,512.701,40,2,36.139057,-120.368309,170.744995,6,600,58,3,"e00fce6850cac69f647dc199",2026-09-30 16:40:04.652,2026-09-30 16:40:04.87,2026-09-30 16:40:04.87,2026-09-30
"990","ExrYoIL2Ui","MOOSPMv3Parser",1790786400,0,0,2,0,0,2,2,0,0,2,198,109,70735,14,11,1,12,12,26,30,12,1,27,29,30,28,25.983,34,2,36.198822,-120.104424,76.386002,7,600,58,3,"e00fce686dc2ef0a68fa40b0",2026-09-30 16:40:06.847,2026-09-30 16:40:07.051,2026-09-30 16:40:07.051,2026-09-30
"991","H8VqGp3nY1","MOOSPMv3Parser",1790786400,5,5,3,7,7,4,5,8,8,6,1212,315,306689,42,23,3,25,25,25,28,25,1,24,28,38,33,17.183,165,1,35.949547,-119.049881,125.723,10,598,58,3,"e00fce6808784ceaf209f949",2026-09-30 16:41:23.978,2026-09-30 16:41:24.14,2026-09-30 16:41:24.14,2026-09-30
"992","XJLwbg5yKa","MOOSPMv3Parser",1790787000,0,0,1,0,0,2,2,0,0,2,202,113,70744,14,11,1,11,11,26,30,11,1,27,30,30,28,26.982,30,2,36.198761,-120.104385,68.891998,6,600,58,3,"e00fce686dc2ef0a68fa40b0",2026-09-30 16:50:01.968,2026-09-30 16:50:02.168,2026-09-30 16:50:02.168,2026-09-30
"993","8F3WjjCSNM","MOOSPMv3Parser",1790787001,5,5,3,7,7,5,6,7,7,7,2066,303,96823,34,22,3,23,24,24,36,24,1,25,26,41,42,30.608,112,2,36.503204,-120.325356,45.744999,7,600,58,3,"e00fce68e77e43df92405fdb",2026-09-30 16:50:02.188,2026-09-30 16:50:02.421,2026-09-30 16:50:02.421,2026-09-30
"994","UTY0st228b","MOOSPMv3Parser",1790787001,5,5,0,7,7,0,0,8,8,0,1121,313,219311,44,0,3,0,0,24,30,0,0,24,28,41,35,22.185,144,3277,1e-06,0.002349,16274.161133,12,600,58,3,"e00fce68e28dcbc9a589be10",2026-09-30 16:50:02.379,2026-09-30 16:50:02.609,2026-09-30 16:50:02.609,2026-09-30
"995","KvwkZxEJxD","MOOSPMv3Parser",1790787001,5,5,0,8,8,0,0,8,8,0,1344,323,0,48,0,3,0,0,26,25,0,2,24,29,36,31,21.548,77,13,36.187473,-119.822044,31.819,8,600,58,3,"e00fce68e739ecbcf9e91965",2026-09-30 16:50:02.579,2026-09-30 16:50:02.794,2026-09-30 16:50:02.794,2026-09-30
"996","GFF2uxzB3F","MOOSPMv3Parser",1790787001,2,2,4,4,4,5,5,5,5,5,409,302,169273,49,34,6,34,34,26,34,34,1,25,29,39,35,19.605,83,3,35.963184,-119.291847,50.865002,11,600,58,3,"e00fce68d6b773b56ce8baa0",2026-09-30 16:50:02.773,2026-09-30 16:50:02.96,2026-09-30 16:50:02.96,2026-09-30
"997","1hOfKLLNiV","MOOSPMv3Parser",1790787001,6,6,3,8,8,4,5,8,8,5,1233,322,305684,44,23,3,24,24,26,26,24,1,25,29,36,31,19.236,139,1,35.949471,-119.049973,107.375999,9,600,58,3,"e00fce6808784ceaf209f949",2026-09-30 16:50:02.89,2026-09-30 16:50:03.053,2026-09-30 16:50:03.053,2026-09-30
"998","N2GwfQiSSr","MOOSPMv3Parser",1790787001,10,10,7,15,15,7,8,17,17,8,1860,569,247823,87,52,9,52,53,1,0,53,0,24,26,41,39,15.095,39,10,36.433636,-119.923271,43.136002,9,600,58,3,"e00fce6876826e255108c6bd",2026-09-30 16:50:02.938,2026-09-30 16:50:03.168,2026-09-30 16:50:03.168,2026-09-30
"999","pWpRnBrXoR","MOOSPMv3Parser",1790787001,7,7,4,9,9,5,5,10,10,5,1820,387,206888,49,32,2,33,33,27,26,33,1,25,31,35,30,21.971,124,1,35.775028,-119.238533,64.925003,10,600,58,3,"e00fce68e88237db75a60608",2026-09-30 16:50:04.039,2026-09-30 16:50:04.217,2026-09-30 16:50:04.217,2026-09-30
"1000","NLn6vZZhWn","MOOSPMv3Parser",1790787001,6,6,4,7,7,4,4,8,8,4,1212,331,193760,38,30,2,30,30,25,40,30,0,28,29,36,37,30.647,80,2,36.523331,-119.27877,98.775002,6,600,58,3,"e00fce68f12da1a0c5de6248",2026-09-30 16:50:04.554,2026-09-30 16:50:04.712,2026-09-30 16:50:04.712,2026-09-30
"1001","zIosSzWuJI","MOOSPMv3Parser",1790787000,1,1,2,2,2,2,2,3,3,3,595,135,342750,20,15,1,15,15,27,15,15,1,33,30,19,24,512.651,31,2,36.138943,-120.368378,173.134003,9,600,58,3,"e00fce6850cac69f647dc199",2026-09-30 16:50:04.679,2026-09-30 16:50:04.944,2026-09-30 16:50:04.944,2026-09-30
"1002","h5KMP83svp","MOOSPMv3Parser",1790787600,0,0,1,0,0,2,2,0,0,2,204,114,70753,14,11,1,11,11,27,29,11,1,28,31,29,27,26.214,39,2,36.198849,-120.104439,91.216003,7,600,58,3,"e00fce686dc2ef0a68fa40b0",2026-09-30 17:00:02.045,2026-09-30 17:00:02.276,2026-09-30 17:00:02.276,2026-09-30
"1003","HRhjYvAtcx","MOOSPMv3Parser",1790787601,7,7,3,9,9,6,8,9,9,9,3074,431,96840,37,23,3,26,27,25,36,27,1,26,28,42,41,32.399,114,2,36.503162,-120.325401,51.254002,9,600,58,3,"e00fce68e77e43df92405fdb",2026-09-30 17:00:02.386,2026-09-30 17:00:02.605,2026-09-30 17:00:02.605,2026-09-30
"1004","KzRwe8MBuc","MOOSPMv3Parser",1790787601,5,5,0,6,6,0,0,7,7,0,1041,286,219311,38,0,3,0,0,25,27,0,0,25,29,37,32,24.951,123,3277,1e-06,0.002349,16274.161133,12,600,58,3,"e00fce68e28dcbc9a589be10",2026-09-30 17:00:02.388,2026-09-30 17:00:02.628,2026-09-30 17:00:02.628,2026-09-30
"1005","6Zrr5T6rwa","MOOSPMv3Parser",1790787601,5,5,0,8,8,0,0,8,8,0,1320,306,0,43,0,5,0,0,26,24,0,2,25,30,36,31,21.224,82,15,36.187458,-119.82193,39.860001,10,600,58,3,"e00fce68e739ecbcf9e91965",2026-09-30 17:00:02.337,2026-09-30 17:00:02.633,2026-09-30 17:00:02.633,2026-09-30
"1006","IhIwRqyUFR","MOOSPMv3Parser",1790787601,8,8,6,13,13,6,6,15,15,6,1579,484,247858,75,44,10,44,44,0,0,44,0,25,27,39,38,16.834,39,17,36.433609,-119.92337,29.424999,6,600,58,3,"e00fce6876826e255108c6bd",2026-09-30 17:00:02.912,2026-09-30 17:00:03.297,2026-09-30 17:00:03.297,2026-09-30
"1007","inXw9DrAev","MOOSPMv3Parser",1790787601,1,1,5,4,4,6,6,4,4,6,407,296,169303,50,36,6,37,37,26,33,37,1,25,29,39,34,20.705,74,3,35.963169,-119.291756,31.368999,9,600,58,3,"e00fce68d6b773b56ce8baa0",2026-09-30 17:00:02.819,2026-09-30 17:00:03.324,2026-09-30 17:00:03.324,2026-09-30
"1008","a91WNeAzMk","MOOSPMv3Parser",1790787601,6,6,4,9,9,4,5,9,9,5,1796,374,206914,50,30,3,30,30,28,24,31,1,26,32,34,29,23.108,127,1,35.775017,-119.238503,60.912998,10,600,58,3,"e00fce68e88237db75a60608",2026-09-30 17:00:04.118,2026-09-30 17:00:04.369,2026-09-30 17:00:04.369,2026-09-30
"1009","EY6C9ut3uF","MOOSPMv3Parser",1790787601,5,5,3,7,7,4,4,7,7,4,1130,307,193783,36,25,2,25,25,27,34,25,0,29,30,34,33,33.174,65,3,36.523315,-119.278839,73.547997,6,600,58,3,"e00fce68f12da1a0c5de6248",2026-09-30 17:00:04.375,2026-09-30 17:00:04.56,2026-09-30 17:00:04.56,2026-09-30
"1010","bRjhxK4ADD","MOOSPMv3Parser",1790787600,2,2,2,3,3,2,2,3,3,3,599,141,342766,19,15,2,15,15,28,14,15,1,34,31,19,24,512.671,44,2,36.139042,-120.368324,190.667007,7,600,58,3,"e00fce6850cac69f647dc199",2026-09-30 17:00:04.773,2026-09-30 17:00:05.05,2026-09-30 17:00:05.05,2026-09-30
"1011","wydfvZBrnP","MOOSPMv3Parser",1790787601,5,5,4,7,7,5,6,8,8,6,1202,306,306215,40,28,3,29,29,26,24,29,1,26,30,35,30,21.04,125,1,35.949535,-119.04995,116.093002,8,599,58,3,"e00fce6808784ceaf209f949",2026-09-30 17:01:16.286,2026-09-30 17:01:16.452,2026-09-30 17:01:16.452,2026-09-30
"1012","jhsKme9ZQZ","MOOSPMv3Parser",1790788201,5,5,3,7,7,5,6,7,7,7,1812,315,96855,35,20,3,22,23,26,33,23,1,26,29,39,38,36.51,97,2,36.503181,-120.325386,61.032001,9,600,58,3,"e00fce68e77e43df92405fdb",2026-09-30 17:10:02.04,2026-09-30 17:10:02.19,2026-09-30 17:10:02.19,2026-09-30
"1013","eAwh1oZgs0","MOOSPMv3Parser",1790788201,5,5,0,7,7,0,0,7,7,0,1052,296,219311,40,0,3,0,0,26,26,0,0,26,30,35,31,27.076,114,3277,1e-06,0.002349,16274.161133,12,600,58,3,"e00fce68e28dcbc9a589be10",2026-09-30 17:10:02.39,2026-09-30 17:10:02.665,2026-09-30 17:10:02.665,2026-09-30
"1014","qtTPZGzxlm","MOOSPMv3Parser",1790788201,6,6,0,8,8,0,0,9,9,0,1384,331,0,48,0,6,0,0,27,24,0,2,25,30,37,31,22.219,84,14,36.187477,-119.822052,26.746,10,600,58,3,"e00fce68e739ecbcf9e91965",2026-09-30 17:10:02.504,2026-09-30 17:10:02.676,2026-09-30 17:10:02.676,2026-09-30
"1015","gHKsKSi5oR","MOOSPMv3Parser",1790788200,0,0,1,0,0,2,2,0,0,2,204,113,70762,14,11,1,12,12,28,27,12,1,28,32,28,25,26.524,62,1,36.198849,-120.104439,91.209,0,600,58,3,"e00fce686dc2ef0a68fa40b0",2026-09-30 17:10:02.51,2026-09-30 17:10:02.713,2026-09-30 17:10:02.713,2026-09-30
"1016","6uOdtUIswq","MOOSPMv3Parser",1790788201,2,2,5,5,5,5,6,5,5,6,430,319,169333,49,36,5,37,37,27,32,37,1,26,30,37,32,18.789,96,3,35.963203,-119.29174,43.659,6,600,58,3,"e00fce68d6b773b56ce8baa0",2026-09-30 17:10:02.738,2026-09-30 17:10:02.911,2026-09-30 17:10:02.911,2026-09-30
"1017","cPVonS6EGu","MOOSPMv3Parser",1790788201,7,7,5,10,10,5,5,11,11,6,1327,407,247891,62,39,6,39,39,0,0,39,0,25,28,37,36,18.482,40,25,36.433437,-119.923363,7.31,6,600,58,3,"e00fce6876826e255108c6bd",2026-09-30 17:10:03.132,2026-09-30 17:10:03.34,2026-09-30 17:10:03.34,2026-09-30
"1018","2JIaxN0nPQ","MOOSPMv3Parser",1790788201,6,6,4,8,8,5,5,9,9,5,1712,355,206940,47,31,3,31,31,29,23,31,1,27,33,32,27,24.16,118,1,35.77494,-119.238602,60.653999,7,600,58,3,"e00fce68e88237db75a60608",2026-09-30 17:10:04.217,2026-09-30 17:10:04.379,2026-09-30 17:10:04.379,2026-09-30
"1019","vx8zh65HBv","MOOSPMv3Parser",1790788201,5,5,3,6,6,4,4,7,7,4,1093,299,193806,34,25,2,26,26,28,31,26,0,29,32,32,31,35.481,55,3,36.523296,-119.27874,101.662003,5,600,58,3,"e00fce68f12da1a0c5de6248",2026-09-30 17:10:04.348,2026-09-30 17:10:04.531,2026-09-30 17:10:04.531,2026-09-30
"1020","hhzG3B32Ef","MOOSPMv3Parser",1790788200,2,2,2,3,3,3,3,3,3,3,616,141,342782,21,16,2,16,17,29,12,17,1,35,33,18,22,512.627,42,2,36.138977,-120.368355,181.563004,7,600,58,3,"e00fce6850cac69f647dc199",2026-09-30 17:10:04.666,2026-09-30 17:10:04.87,2026-09-30 17:10:04.87,2026-09-30
"1021","cT0W3IcTCb","MOOSPMv3Parser",1790788201,4,4,3,6,6,3,4,6,6,4,1027,266,306231,38,20,2,20,21,27,22,21,1,27,32,33,28,23.786,93,1,35.949551,-119.049934,114.389,7,599,58,3,"e00fce6808784ceaf209f949",2026-09-30 17:10:17.63,2026-09-30 17:10:17.775,2026-09-30 17:10:17.775,2026-09-30
"1022","YKFgSaHhDq","MOOSPMv3Parser",1790788800,0,0,1,0,0,2,2,0,0,2,202,111,70771,14,11,1,11,11,29,27,11,1,29,33,29,26,28.002,47,1,36.19883,-120.104431,71.563004,5,600,58,3,"e00fce686dc2ef0a68fa40b0",2026-09-30 17:20:01.966,2026-09-30 17:20:02.146,2026-09-30 17:20:02.146,2026-09-30
"1023","78PTbEAXsd","MOOSPMv3Parser",1790788801,5,5,3,6,6,4,6,7,7,6,1656,293,96871,37,21,3,22,23,27,31,23,1,27,30,37,37,38.719,85,2,36.503143,-120.325378,64.708,6,600,58,3,"e00fce68e77e43df92405fdb",2026-09-30 17:20:02.122,2026-09-30 17:20:02.263,2026-09-30 17:20:02.263,2026-09-30
"1024","NwDgXZzWFM","MOOSPMv3Parser",1790788801,6,6,0,9,9,0,0,9,9,0,1423,337,0,49,0,6,0,0,28,23,0,2,26,31,35,30,22.784,87,14,36.187527,-119.822083,24.309999,10,600,58,3,"e00fce68e739ecbcf9e91965",2026-09-30 17:20:02.261,2026-09-30 17:20:02.44,2026-09-30 17:20:02.44,2026-09-30
"1025","PxL4GM6BSa","MOOSPMv3Parser",1790788801,2,2,5,5,5,6,7,5,5,7,425,316,169365,52,39,7,40,40,28,31,40,1,27,31,36,32,21.519,73,3,35.963249,-119.291824,48.455002,8,600,58,3,"e00fce68d6b773b56ce8baa0",2026-09-30 17:20:02.742,2026-09-30 17:20:02.934,2026-09-30 17:20:02.934,2026-09-30
"1026","eXk4AShBN6","MOOSPMv3Parser",1790788801,6,6,4,9,9,5,5,10,10,5,1161,353,247922,54,33,7,33,33,0,0,33,1,26,28,35,35,19.654,40,36,36.433674,-119.923347,29.141001,11,600,58,3,"e00fce6876826e255108c6bd",2026-09-30 17:20:03.133,2026-09-30 17:20:03.355,2026-09-30 17:20:03.355,2026-09-30
"1027","bNNCKhFoFM","MOOSPMv3Parser",1790788801,6,6,4,8,8,5,5,8,8,6,1622,330,206966,43,32,3,32,32,29,21,32,1,28,33,30,27,25.846,111,1,35.775066,-119.23851,70.634003,9,600,58,3,"e00fce68e88237db75a60608",2026-09-30 17:20:04.197,2026-09-30 17:20:04.379,2026-09-30 17:20:04.379,2026-09-30
"1028","wZtK94DtSw","MOOSPMv3Parser",1790788801,5,5,3,7,7,4,4,7,7,4,1158,312,193827,38,25,2,25,25,29,28,25,1,29,33,32,29,37.028,53,3,36.523296,-119.27874,101.660004,0,600,58,3,"e00fce68f12da1a0c5de6248",2026-09-30 17:20:04.42,2026-09-30 17:20:04.601,2026-09-30 17:20:04.601,2026-09-30
"1029","JnkDCTXaaW","MOOSPMv3Parser",1790788800,2,2,2,2,2,2,3,3,3,3,619,138,342798,19,15,1,15,15,30,11,15,1,36,34,17,21,512.634,40,1,36.138966,-120.36834,180.712006,7,600,58,3,"e00fce6850cac69f647dc199",2026-09-30 17:20:04.849,2026-09-30 17:20:05.009,2026-09-30 17:20:05.009,2026-09-30
"1030","vUPjlBmdy0","MOOSPMv3Parser",1790788801,5,5,0,6,6,0,0,7,7,0,997,276,219311,38,0,3,0,0,27,24,0,0,26,31,34,30,29.419,104,3277,1e-06,0.002349,16274.161133,12,600,58,3,"e00fce68e28dcbc9a589be10",2026-09-30 17:20:06.676,2026-09-30 17:20:06.848,2026-09-30 17:20:06.848,2026-09-30
"1031","eE6wAB6H6g","MOOSPMv3Parser",1790788801,5,5,3,7,7,4,4,7,7,5,1126,294,306251,41,22,2,23,23,28,19,23,1,27,32,32,27,25.116,79,1,35.94952,-119.04995,110.401001,7,599,58,3,"e00fce6808784ceaf209f949",2026-09-30 17:20:18.521,2026-09-30 17:20:18.725,2026-09-30 17:20:18.725,2026-09-30
"1032","6aXnt9fCsF","MOOSPMv3Parser",1790789400,0,0,1,0,0,2,2,0,0,2,200,110,70779,14,11,2,11,11,29,26,11,1,29,34,29,24,30.291,33,1,36.198765,-120.104424,73.142998,10,600,58,3,"e00fce686dc2ef0a68fa40b0",2026-09-30 17:30:01.965,2026-09-30 17:30:02.159,2026-09-30 17:30:02.159,2026-09-30
"1033","fdFqGtDCYj","MOOSPMv3Parser",1790789401,4,4,3,6,6,5,7,6,6,8,1634,276,96887,32,21,2,23,23,-10,-10,23,1,28,30,36,36,40.879,74,2,36.503124,-120.325394,54.266998,8,600,58,3,"e00fce68e77e43df92405fdb",2026-09-30 17:30:02.339,2026-09-30 17:30:02.519,2026-09-30 17:30:02.519,2026-09-30
"1034","0jDxKDjf45","MOOSPMv3Parser",1790789401,4,4,0,6,6,0,0,6,6,0,983,270,219311,34,0,2,0,0,28,22,0,0,27,32,32,28,30.637,97,3277,1e-06,0.002349,16274.161133,12,600,58,3,"e00fce68e28dcbc9a589be10",2026-09-30 17:30:02.471,2026-09-30 17:30:02.631,2026-09-30 17:30:02.631,2026-09-30
"1035","Sgg11fkyZL","MOOSPMv3Parser",1790789400,5,5,3,7,7,4,5,8,8,5,1236,320,306268,42,21,3,22,22,29,19,22,1,28,33,31,27,25.539,87,1,35.94944,-119.049881,119.475998,6,599,58,3,"e00fce6808784ceaf209f949",2026-09-30 17:30:02.421,2026-09-30 17:30:02.674,2026-09-30 17:30:02.674,2026-09-30
"1036","CBmwBSyPR5","MOOSPMv3Parser",1790789401,5,5,0,8,8,0,0,8,8,0,1374,320,0,45,0,5,0,0,28,20,0,2,27,32,33,28,24.011,84,12,36.187542,-119.822075,32.98,11,600,58,3,"e00fce68e739ecbcf9e91965",2026-09-30 17:30:02.561,2026-09-30 17:30:02.742,2026-09-30 17:30:02.742,2026-09-30
"1037","sl4ppOc5E6","MOOSPMv3Parser",1790789401,2,2,5,4,4,6,7,5,5,8,417,310,169394,51,37,6,38,38,28,30,38,1,27,32,35,30,21.678,86,3,35.963043,-119.291763,38.956001,10,600,58,3,"e00fce68d6b773b56ce8baa0",2026-09-30 17:30:02.579,2026-09-30 17:30:02.8,2026-09-30 17:30:02.8,2026-09-30
"1038","BRfEWwmTQQ","MOOSPMv3Parser",1790789401,5,5,4,7,7,4,5,8,8,5,1006,307,247945,41,28,5,29,29,0,0,29,1,27,29,35,34,20.33,41,42,36.433426,-119.923386,25.063999,8,600,58,3,"e00fce6876826e255108c6bd",2026-09-30 17:30:02.928,2026-09-30 17:30:03.084,2026-09-30 17:30:03.084,2026-09-30
"1039","uZFliZcsCf","MOOSPMv3Parser",1790789401,6,6,4,8,8,5,6,9,9,7,1768,344,206991,49,30,3,31,32,30,20,32,1,28,34,30,26,25.909,107,1,35.775101,-119.238434,77.705002,7,600,58,3,"e00fce68e88237db75a60608",2026-09-30 17:30:04.222,2026-09-30 17:30:04.418,2026-09-30 17:30:04.418,2026-09-30
"1040","aCinJrnFka","MOOSPMv3Parser",1790789401,6,6,4,8,8,4,4,8,8,4,1312,353,193851,40,28,2,28,28,30,27,28,0,30,34,34,30,37.328,58,3,36.523361,-119.278908,84.000999,6,600,58,3,"e00fce68f12da1a0c5de6248",2026-09-30 17:30:04.362,2026-09-30 17:30:04.559,2026-09-30 17:30:04.559,2026-09-30
"1041","nnIeydF7L6","MOOSPMv3Parser",1790789400,2,2,2,2,2,2,2,3,3,3,588,128,342814,17,15,1,15,15,30,11,15,1,37,35,16,21,512.551,34,1,36.138981,-120.368416,173.539001,8,600,58,3,"e00fce6850cac69f647dc199",2026-09-30 17:30:04.724,2026-09-30 17:30:04.953,2026-09-30 17:30:04.953,2026-09-30
"1042","KV8TsyFtCs","MOOSPMv3Parser",1790790000,0,0,1,0,0,2,2,0,0,2,195,106,70788,13,11,1,11,11,30,27,11,1,30,34,27,25,30.02,32,1,36.198811,-120.104424,87.731003,10,600,58,3,"e00fce686dc2ef0a68fa40b0",2026-09-30 17:40:01.979,2026-09-30 17:40:02.127,2026-09-30 17:40:02.127,2026-09-30
"1043","t7qQuqYfvg","MOOSPMv3Parser",1790790001,5,5,0,7,7,0,0,8,8,0,1388,320,0,46,0,5,0,0,29,18,0,2,27,33,31,26,25.549,75,12,36.187515,-119.822151,24.613001,5,600,58,3,"e00fce68e739ecbcf9e91965",2026-09-30 17:40:02.256,2026-09-30 17:40:02.431,2026-09-30 17:40:02.431,2026-09-30
"1044","FjHKgdqYcc","MOOSPMv3Parser",1790790001,4,4,0,5,5,0,0,5,5,0,918,253,219311,31,0,1,0,0,29,20,0,0,28,34,30,26,32.561,88,3277,1e-06,0.002349,16274.161133,12,600,58,3,"e00fce68e28dcbc9a589be10",2026-09-30 17:40:02.696,2026-09-30 17:40:02.916,2026-09-30 17:40:02.916,2026-09-30
"1045","CpYRB03MD6","MOOSPMv3Parser",1790790001,1,1,4,4,4,5,6,4,4,6,408,298,169420,44,33,5,34,34,29,29,34,1,28,33,32,28,21.802,91,2,35.963158,-119.291817,50.352001,10,600,58,3,"e00fce68d6b773b56ce8baa0",2026-09-30 17:40:02.913,2026-09-30 17:40:03.109,2026-09-30 17:40:03.109,2026-09-30
"1046","I9C6lVVOEW","MOOSPMv3Parser",1790790001,6,5,6,9,9,10,13,12,11,14,1177,356,247975,61,41,11,45,45,0,0,46,1,27,30,33,32,20.628,41,44,36.43359,-119.923355,21.033001,11,600,58,3,"e00fce6876826e255108c6bd",2026-09-30 17:40:03,2026-09-30 17:40:03.237,2026-09-30 17:40:03.237,2026-09-30
"1047","hcxllsgnJ0","MOOSPMv3Parser",1790790001,5,5,4,7,7,4,5,8,8,5,1653,314,207014,41,27,3,28,28,30,19,28,1,29,35,30,26,28.959,94,1,35.775028,-119.23848,70.721001,7,600,58,3,"e00fce68e88237db75a60608",2026-09-30 17:40:04.228,2026-09-30 17:40:04.418,2026-09-30 17:40:04.418,2026-09-30
"1048","NJEc5hF6fl","MOOSPMv3Parser",1790790001,5,5,3,7,7,4,4,7,7,4,1176,320,193872,36,25,2,25,25,31,23,25,1,30,35,29,26,37.393,61,3,36.523296,-119.278839,80.628998,7,600,58,3,"e00fce68f12da1a0c5de6248",2026-09-30 17:40:04.349,2026-09-30 17:40:04.586,2026-09-30 17:40:04.586,2026-09-30
"1049","XB2IrHZd8I","MOOSPMv3Parser",1790790000,2,2,2,3,3,2,3,3,3,3,609,136,342830,19,14,2,15,15,31,10,15,1,37,35,16,20,512.562,42,1,36.138981,-120.368416,173.541,0,600,58,3,"e00fce6850cac69f647dc199",2026-09-30 17:40:04.843,2026-09-30 17:40:05.088,2026-09-30 17:40:05.088,2026-09-30
"1050","HYu0mEXmST","MOOSPMv3Parser",1790790001,4,4,3,6,6,5,6,7,7,7,1660,281,96902,33,20,3,22,22,28,28,22,1,29,31,35,35,44.893,57,2,36.503162,-120.325424,56.236,10,600,58,3,"e00fce68e77e43df92405fdb",2026-09-30 17:40:06.045,2026-09-30 17:40:06.237,2026-09-30 17:40:06.237,2026-09-30
"1051","WHXK5sy8NJ","MOOSPMv3Parser",1790790001,5,5,3,7,7,3,3,8,8,4,1225,319,305774,44,20,2,20,21,30,18,21,1,29,34,30,26,25.484,114,1,35.94944,-119.049881,119.474998,0,600,58,3,"e00fce6808784ceaf209f949",2026-09-30 17:40:18.577,2026-09-30 17:40:18.764,2026-09-30 17:40:18.764,2026-09-30
"1052","VSbjsivmzG","MOOSPMv3Parser",1790790601,4,4,3,6,6,4,6,6,6,6,1681,284,96919,31,21,2,23,23,28,25,23,1,29,32,35,33,45.729,53,2,36.503117,-120.325386,55.145,10,600,58,3,"e00fce68e77e43df92405fdb",2026-09-30 17:50:02.234,2026-09-30 17:50:02.402,2026-09-30 17:50:02.402,2026-09-30
"1053","NsUAxxC0vf","MOOSPMv3Parser",1790790601,4,4,0,6,6,0,0,7,7,0,1284,290,0,40,0,4,0,0,30,17,0,2,28,34,32,26,27.682,67,11,36.187481,-119.822075,23.228001,10,600,58,3,"e00fce68e739ecbcf9e91965",2026-09-30 17:50:02.496,2026-09-30 17:50:02.734,2026-09-30 17:50:02.734,2026-09-30
"1054","oqEyC0VsRo","MOOSPMv3Parser",1790790600,0,0,2,0,0,3,3,0,0,3,207,115,70800,15,15,2,16,16,31,26,16,1,30,35,27,24,29.649,51,1,36.19875,-120.104347,76.724998,9,600,58,3,"e00fce686dc2ef0a68fa40b0",2026-09-30 17:50:02.502,2026-09-30 17:50:02.808,2026-09-30 17:50:02.808,2026-09-30
"1055","wzaVxjrEWn","MOOSPMv3Parser",1790790601,3,3,0,4,4,0,0,4,4,0,740,201,219311,26,0,2,0,0,30,18,0,0,28,35,30,25,35.456,67,3277,1e-06,0.002349,16274.161133,12,600,58,3,"e00fce68e28dcbc9a589be10",2026-09-30 17:50:02.542,2026-09-30 17:50:02.844,2026-09-30 17:50:02.844,2026-09-30
"1056","xirVJaEF1q","MOOSPMv3Parser",1790790601,1,1,4,4,4,5,6,4,4,6,396,286,169447,47,33,5,34,34,30,27,34,1,29,34,31,27,22.397,84,2,35.963093,-119.291771,51,7,600,58,3,"e00fce68d6b773b56ce8baa0",2026-09-30 17:50:02.646,2026-09-30 17:50:02.894,2026-09-30 17:50:02.894,2026-09-30
"1057","P1n2PSMOwy","MOOSPMv3Parser",1790790601,4,4,3,6,6,4,4,6,6,4,833,251,247991,32,22,4,22,22,0,0,22,1,28,31,32,31,21.563,41,45,36.43359,-119.923355,21.030001,0,600,58,3,"e00fce6876826e255108c6bd",2026-09-30 17:50:03.246,2026-09-30 17:50:03.398,2026-09-30 17:50:03.398,2026-09-30
"1058","D5x6xQTtj1","MOOSPMv3Parser",1790790601,5,5,3,7,7,4,4,7,7,4,1638,305,207036,38,25,2,26,26,31,19,26,1,29,35,30,26,30.785,72,1,35.775036,-119.238533,55.384998,8,600,58,3,"e00fce68e88237db75a60608",2026-09-30 17:50:04.118,2026-09-30 17:50:04.344,2026-09-30 17:50:04.344,2026-09-30
"1059","GQ93HoF7Ho","MOOSPMv3Parser",1790790601,5,5,3,7,7,3,4,7,7,4,1135,304,193892,32,23,1,23,23,31,23,23,1,31,36,30,27,38.148,50,2,36.523243,-119.278831,86.070999,5,600,58,3,"e00fce68f12da1a0c5de6248",2026-09-30 17:50:04.45,2026-09-30 17:50:04.643,2026-09-30 17:50:04.643,2026-09-30
"1060","TgUdGLA4Hl","MOOSPMv3Parser",1790790600,2,2,2,2,2,2,2,3,3,3,598,130,342845,17,14,1,14,14,32,10,14,1,37,36,17,21,512.539,40,1,36.13895,-120.368317,184.639008,12,600,58,3,"e00fce6850cac69f647dc199",2026-09-30 17:50:04.74,2026-09-30 17:50:04.96,2026-09-30 17:50:04.96,2026-09-30
"1061","MdwqpgUnLW","MOOSPMv3Parser",1790790601,7,7,3,9,9,4,4,9,9,4,1481,387,306300,48,23,3,24,24,30,16,24,1,29,35,30,25,26.957,107,1,35.949627,-119.04998,108.928001,8,599,58,3,"e00fce6808784ceaf209f949",2026-09-30 17:50:08.786,2026-09-30 17:50:08.963,2026-09-30 17:50:08.963,2026-09-30
"1062","YMnVzSeWUu","MOOSPMv3Parser",1790791200,0,0,2,0,0,3,4,0,0,4,214,119,70812,16,16,2,17,17,31,27,17,1,31,36,28,25,28.549,56,1,36.19875,-120.104385,89.332001,8,600,58,3,"e00fce686dc2ef0a68fa40b0",2026-09-30 18:00:02.052,2026-09-30 18:00:02.388,2026-09-30 18:00:02.388,2026-09-30
"1063","yLDr1Lrmgl","MOOSPMv3Parser",1790791201,4,4,0,6,6,0,0,7,7,0,1265,284,0,45,0,4,0,0,30,16,0,2,29,35,28,25,29.186,65,9,36.187489,-119.821976,34.269001,8,600,58,3,"e00fce68e739ecbcf9e91965",2026-09-30 18:00:02.326,2026-09-30 18:00:02.663,2026-09-30 18:00:02.663,2026-09-30
"1064","bXCo9TY9QH","MOOSPMv3Parser",1790791201,5,5,3,7,7,5,6,7,7,6,1806,300,96937,36,23,3,25,25,-10,-10,25,1,29,32,34,32,47.832,46,2,36.503143,-120.325363,48.097,9,600,58,3,"e00fce68e77e43df92405fdb",2026-09-30 18:00:02.462,2026-09-30 18:00:02.953,2026-09-30 18:00:02.953,2026-09-30
"1065","1KSRiKgDDL","MOOSPMv3Parser",1790791201,6,6,3,7,7,3,4,8,8,4,1266,330,306317,45,21,3,22,22,31,16,22,1,29,35,29,24,27.96,94,1,35.949574,-119.050018,111.158997,9,599,58,3,"e00fce6808784ceaf209f949",2026-09-30 18:00:02.947,2026-09-30 18:00:03.31,2026-09-30 18:00:03.31,2026-09-30
"1066","1xZBAgUOqJ","MOOSPMv3Parser",1790791201,1,1,4,3,3,5,5,4,4,5,374,266,169471,43,29,5,30,30,30,27,30,1,29,34,32,27,23.172,72,2,35.963131,-119.291878,40.070999,5,600,58,3,"e00fce68d6b773b56ce8baa0",2026-09-30 18:00:03.076,2026-09-30 18:00:03.535,2026-09-30 18:00:03.535,2026-09-30
"1067","xoGxTlTYhr","MOOSPMv3Parser",1790791201,2,2,0,3,3,0,0,4,4,0,696,191,219311,24,0,2,0,0,30,17,0,0,30,36,29,24,36.003,60,3277,1e-06,0.002349,16274.161133,12,600,58,3,"e00fce68e28dcbc9a589be10",2026-09-30 18:00:02.806,2026-09-30 18:00:03.613,2026-09-30 18:00:03.613,2026-09-30
"1068","aXLLjE5tWf","MOOSPMv3Parser",1790791201,3,3,3,6,6,4,4,7,7,4,822,246,248007,34,22,3,23,23,0,0,23,1,28,31,32,31,21.982,42,46,36.433609,-119.923347,25.285999,13,600,58,3,"e00fce6876826e255108c6bd",2026-09-30 18:00:02.931,2026-09-30 18:00:03.638,2026-09-30 18:00:03.638,2026-09-30
"1069","aFxJEW5GIR","MOOSPMv3Parser",1790791201,5,5,3,7,7,3,3,7,7,4,1556,287,207054,37,22,3,23,23,31,17,23,0,30,36,27,24,32.214,59,1,35.775036,-119.238533,55.388,0,600,58,3,"e00fce68e88237db75a60608",2026-09-30 18:00:04.228,2026-09-30 18:00:04.541,2026-09-30 18:00:04.541,2026-09-30
"1070","vP34f4iJq8","MOOSPMv3Parser",1790791201,5,5,3,6,6,3,4,6,6,4,1060,281,193912,31,23,1,23,23,32,22,23,1,31,36,30,26,38.508,53,2,36.523312,-119.278862,85.619003,6,600,58,3,"e00fce68f12da1a0c5de6248",2026-09-30 18:00:04.591,2026-09-30 18:00:04.865,2026-09-30 18:00:04.865,2026-09-30
"1071","4BqQtTbtVB","MOOSPMv3Parser",1790791200,1,1,2,2,2,2,2,2,2,3,564,118,342861,15,13,1,13,14,32,9,14,1,38,36,16,20,512.576,38,1,36.138954,-120.368324,167.317001,10,600,58,3,"e00fce6850cac69f647dc199",2026-09-30 18:00:04.925,2026-09-30 18:00:05.412,2026-09-30 18:00:05.412,2026-09-30
"1072","mJeaXZsDse","MOOSPMv3Parser",1790791801,5,5,3,6,6,5,6,7,7,7,1834,301,96953,36,21,2,23,24,29,25,24,1,30,33,35,33,47.399,51,2,36.503117,-120.325447,46.914001,6,600,58,3,"e00fce68e77e43df92405fdb",2026-09-30 18:10:02.11,2026-09-30 18:10:02.254,2026-09-30 18:10:02.254,2026-09-30
"1073","0ePYlCqKzP","MOOSPMv3Parser",1790791800,0,0,2,0,0,3,4,0,0,4,216,122,70825,16,17,2,18,18,32,26,18,1,31,36,28,24,29.097,64,1,36.198883,-120.104469,78.697998,9,600,58,3,"e00fce686dc2ef0a68fa40b0",2026-09-30 18:10:02.119,2026-09-30 18:10:02.295,2026-09-30 18:10:02.295,2026-09-30
"1074","4cKsyzNqra","MOOSPMv3Parser",1790791801,2,2,0,3,3,0,0,3,3,0,640,175,219311,20,0,1,0,0,31,15,0,0,30,37,27,22,37.137,62,3277,1e-06,0.002349,16274.161133,12,600,58,3,"e00fce68e28dcbc9a589be10",2026-09-30 18:10:02.388,2026-09-30 18:10:02.569,2026-09-30 18:10:02.569,2026-09-30
"1075","CF8M1AAxAn","MOOSPMv3Parser",1790791801,4,4,0,6,6,0,0,6,6,0,1220,277,0,40,0,4,0,0,31,14,0,2,30,36,28,24,30.836,51,8,36.187481,-119.821976,32.742001,8,600,58,3,"e00fce68e739ecbcf9e91965",2026-09-30 18:10:02.414,2026-09-30 18:10:02.584,2026-09-30 18:10:02.584,2026-09-30
"1076","BqB66MUjjJ","MOOSPMv3Parser",1790791801,5,5,3,7,7,3,4,7,7,4,1119,289,306333,39,20,3,21,21,31,15,21,1,30,36,28,24,29.632,70,1,35.949505,-119.049927,111.473999,10,599,58,3,"e00fce6808784ceaf209f949",2026-09-30 18:10:02.58,2026-09-30 18:10:02.763,2026-09-30 18:10:02.763,2026-09-30
"1077","E0E7vHleu4","MOOSPMv3Parser",1790791801,1,1,4,3,3,4,5,3,3,5,365,261,169494,41,28,4,28,28,31,26,28,1,30,34,28,26,23.874,58,2,35.963131,-119.291878,40.073002,0,600,58,3,"e00fce68d6b773b56ce8baa0",2026-09-30 18:10:02.582,2026-09-30 18:10:02.785,2026-09-30 18:10:02.785,2026-09-30
"1078","NHtBX2rutr","MOOSPMv3Parser",1790791801,3,3,3,5,5,4,5,6,6,5,757,228,248026,33,23,4,24,24,0,0,25,1,29,32,30,29,23.264,42,48,36.433636,-119.923309,25.767,11,600,58,3,"e00fce6876826e255108c6bd",2026-09-30 18:10:02.987,2026-09-30 18:10:03.176,2026-09-30 18:10:03.176,2026-09-30
"1079","aaW8s3Dzvb","MOOSPMv3Parser",1790791801,5,5,3,6,6,3,3,6,6,3,1564,285,207072,33,22,2,22,22,32,16,22,0,31,36,26,23,33.735,52,1,35.775028,-119.238541,65.125,11,600,58,3,"e00fce68e88237db75a60608",2026-09-30 18:10:04.12,2026-09-30 18:10:04.324,2026-09-30 18:10:04.324,2026-09-30
"1080","pc7E3IKrxn","MOOSPMv3Parser",1790791801,4,4,2,5,5,3,3,6,6,3,939,255,193928,27,19,1,20,20,32,22,20,1,31,37,30,26,38.695,53,2,36.523392,-119.278763,94.242996,6,600,58,3,"e00fce68f12da1a0c5de6248",2026-09-30 18:10:04.503,2026-09-30 18:10:04.663,2026-09-30 18:10:04.663,2026-09-30
"1081","ut3IOUwcs6","MOOSPMv3Parser",1790791800,1,1,2,2,2,2,3,2,2,3,581,128,342876,17,13,1,13,13,32,9,13,1,38,37,16,20,512.442,44,1,36.138954,-120.368294,172.171997,8,600,58,3,"e00fce6850cac69f647dc199",2026-09-30 18:10:04.747,2026-09-30 18:10:04.917,2026-09-30 18:10:04.917,2026-09-30
"1082","GgYjOlLJ6k","MOOSPMv3Parser",1790792400,0,0,2,0,0,3,4,0,0,4,203,113,70837,15,15,2,16,16,32,25,16,1,31,37,28,23,29.525,58,1,36.198845,-120.104446,73.065002,8,600,58,3,"e00fce686dc2ef0a68fa40b0",2026-09-30 18:20:01.878,2026-09-30 18:20:02.027,2026-09-30 18:20:02.027,2026-09-30
"1083","RxH4a5JFxn","MOOSPMv3Parser",1790792401,4,4,3,6,6,4,5,6,6,6,1784,282,96969,30,21,2,22,23,30,23,23,1,30,33,33,31,47.299,58,1,36.503117,-120.325447,46.912998,0,600,58,3,"e00fce68e77e43df92405fdb",2026-09-30 18:20:02.175,2026-09-30 18:20:02.424,2026-09-30 18:20:02.424,2026-09-30
"1084","bbdnq6qKhK","MOOSPMv3Parser",1790792401,4,4,0,6,6,0,0,7,7,0,1207,269,0,43,0,4,0,0,31,13,0,2,30,36,27,23,30.284,47,7,36.187481,-119.821976,32.738998,0,600,58,3,"e00fce68e739ecbcf9e91965",2026-09-30 18:20:02.255,2026-09-30 18:20:02.441,2026-09-30 18:20:02.441,2026-09-30
"1085","skBVqpxScm","MOOSPMv3Parser",1790792401,2,2,0,3,3,0,0,3,3,0,618,170,219311,25,0,2,0,0,32,15,0,0,31,37,26,22,38.922,50,3277,1e-06,0.002349,16274.161133,12,600,58,3,"e00fce68e28dcbc9a589be10",2026-09-30 18:20:02.556,2026-09-30 18:20:02.727,2026-09-30 18:20:02.727,2026-09-30
"1086","UkBnBtOQ28","MOOSPMv3Parser",1790792401,4,4,2,6,6,3,3,6,6,4,1024,260,306349,36,19,2,19,19,31,14,20,1,30,36,28,23,30.839,46,1,35.949574,-119.049904,105.053001,7,599,58,3,"e00fce6808784ceaf209f949",2026-09-30 18:20:02.844,2026-09-30 18:20:03.027,2026-09-30 18:20:03.027,2026-09-30
"1087","9CEHWcEwEF","MOOSPMv3Parser",1790792401,1,1,4,3,3,4,4,3,3,5,369,263,169516,39,27,4,28,28,31,26,28,1,31,35,29,26,24.707,39,2,35.96312,-119.291794,53.884998,6,600,58,3,"e00fce68d6b773b56ce8baa0",2026-09-30 18:20:02.879,2026-09-30 18:20:03.104,2026-09-30 18:20:03.104,2026-09-30
"1088","ci9QNZ4I5D","MOOSPMv3Parser",1790792401,4,4,4,8,8,6,7,10,10,8,958,292,248051,53,32,10,34,34,1,1,34,1,29,32,30,29,23.161,43,54,36.433495,-119.92334,39.981998,8,600,58,3,"e00fce6876826e255108c6bd",2026-09-30 18:20:03.003,2026-09-30 18:20:03.24,2026-09-30 18:20:03.24,2026-09-30
"1089","cIJ3zRBXwd","MOOSPMv3Parser",1790792401,5,5,3,6,6,3,3,6,6,4,1577,276,207091,34,22,2,23,23,33,14,23,0,31,37,25,22,34.869,56,1,35.77507,-119.238472,52.506001,10,600,58,3,"e00fce68e88237db75a60608",2026-09-30 18:20:04.131,2026-09-30 18:20:04.282,2026-09-30 18:20:04.282,2026-09-30
"1090","ICHiiLmqTS","MOOSPMv3Parser",1790792401,4,4,2,5,5,3,3,5,5,3,939,252,193945,28,19,1,20,20,33,20,20,0,32,37,28,24,38.093,63,1,36.523392,-119.278748,91.276001,6,600,58,3,"e00fce68f12da1a0c5de6248",2026-09-30 18:20:04.436,2026-09-30 18:20:04.634,2026-09-30 18:20:04.634,2026-09-30
"1091","aC9c5N3eBZ","MOOSPMv3Parser",1790792400,1,1,2,2,2,2,3,2,2,3,541,120,342888,17,11,1,12,12,33,8,12,1,38,37,15,19,512.416,49,1,36.139019,-120.368309,192.858994,9,600,58,3,"e00fce6850cac69f647dc199",2026-09-30 18:20:04.921,2026-09-30 18:20:05.15,2026-09-30 18:20:05.15,2026-09-30
"1092","9kYHKD1OxU","MOOSPMv3Parser",1790793001,4,4,3,6,6,4,5,6,6,6,1762,279,96985,30,20,2,21,21,30,22,21,1,30,33,32,30,49.618,44,1,36.503132,-120.325424,50.036999,6,600,58,3,"e00fce68e77e43df92405fdb",2026-09-30 18:30:02.162,2026-09-30 18:30:02.324,2026-09-30 18:30:02.324,2026-09-30
"1093","GabTzlg8YL","MOOSPMv3Parser",1790793001,3,3,0,5,5,0,0,6,6,0,1156,253,0,37,0,2,0,0,32,13,0,2,31,37,27,23,30.907,42,6,36.187481,-119.82193,41.222,7,600,58,3,"e00fce68e739ecbcf9e91965",2026-09-30 18:30:02.285,2026-09-30 18:30:02.428,2026-09-30 18:30:02.428,2026-09-30
"1094","zQzMHtHI3q","MOOSPMv3Parser",1790793001,2,2,0,3,3,0,0,4,4,0,674,183,219311,29,0,3,0,0,33,13,0,0,32,38,25,21,39.344,52,3277,1e-06,0.002349,16274.161133,12,600,58,3,"e00fce68e28dcbc9a589be10",2026-09-30 18:30:02.371,2026-09-30 18:30:02.524,2026-09-30 18:30:02.524,2026-09-30
"1095","PjJUDlN99v","MOOSPMv3Parser",1790793000,0,0,2,0,0,2,3,0,0,3,207,114,70847,13,12,1,13,13,32,24,13,1,31,37,26,22,30.563,60,1,36.199055,-120.104462,70.938004,8,600,58,3,"e00fce686dc2ef0a68fa40b0",2026-09-30 18:30:02.584,2026-09-30 18:30:02.77,2026-09-30 18:30:02.77,2026-09-30
"1096","1w2nZj5qCZ","MOOSPMv3Parser",1790793001,3,3,4,5,5,5,5,6,6,5,461,347,169546,56,35,6,35,35,32,25,35,0,30,35,29,26,23.842,72,2,35.963142,-119.291801,56.133999,10,600,58,3,"e00fce68d6b773b56ce8baa0",2026-09-30 18:30:02.647,2026-09-30 18:30:02.821,2026-09-30 18:30:02.821,2026-09-30
"1097","vld5QtyDEM","MOOSPMv3Parser",1790793001,4,4,3,5,5,5,6,6,6,6,813,245,248068,34,22,4,24,24,0,0,24,1,30,33,29,28,23.801,43,51,36.433582,-119.923317,28.820999,10,600,58,3,"e00fce6876826e255108c6bd",2026-09-30 18:30:03.02,2026-09-30 18:30:03.181,2026-09-30 18:30:03.181,2026-09-30
"1098","WoIrQtdEjG","MOOSPMv3Parser",1790793001,4,4,3,6,6,4,4,6,6,5,1586,275,207112,37,25,2,25,26,33,13,26,1,32,38,24,21,36.03,45,1,35.775028,-119.238564,68.261002,10,600,58,3,"e00fce68e88237db75a60608",2026-09-30 18:30:04.361,2026-09-30 18:30:04.557,2026-09-30 18:30:04.557,2026-09-30
"1099","hMeRsJBOf1","MOOSPMv3Parser",1790793001,4,4,3,6,6,3,3,6,6,3,964,256,193961,30,19,2,20,20,33,18,20,1,32,38,27,23,40.22,54,1,36.523312,-119.278786,100.026001,7,600,58,3,"e00fce68f12da1a0c5de6248",2026-09-30 18:30:04.485,2026-09-30 18:30:04.702,2026-09-30 18:30:04.702,2026-09-30
"1100","RMTGJkxYGn","MOOSPMv3Parser",1790793000,1,1,1,2,2,2,2,2,2,2,542,119,342901,15,11,1,12,12,33,8,12,1,38,37,16,19,512.465,39,1,36.138966,-120.368401,168.923004,7,600,58,3,"e00fce6850cac69f647dc199",2026-09-30 18:30:04.759,2026-09-30 18:30:04.988,2026-09-30 18:30:04.988,2026-09-30
"1101","FiJ2UIE09L","MOOSPMv3Parser",1790793600,0,0,1,0,0,2,2,0,0,2,202,109,70854,12,10,1,10,10,33,24,10,1,32,38,25,21,32.211,49,1,36.198799,-120.104431,75.825996,7,600,58,3,"e00fce686dc2ef0a68fa40b0",2026-09-30 18:40:01.963,2026-09-30 18:40:02.151,2026-09-30 18:40:02.151,2026-09-30
"1102","9bltqEYzI9","MOOSPMv3Parser",1790793601,3,3,0,6,6,0,0,6,6,0,1173,263,0,41,0,6,0,0,32,12,0,2,32,37,24,21,31.323,41,5,36.1875,-119.822128,29.280001,6,600,58,3,"e00fce68e739ecbcf9e91965",2026-09-30 18:40:02.254,2026-09-30 18:40:02.495,2026-09-30 18:40:02.495,2026-09-30
"1103","HSaWoq4ZEO","MOOSPMv3Parser",1790793601,2,2,0,4,4,0,0,4,4,0,688,187,219311,33,0,3,0,0,33,13,0,0,33,39,24,20,39.76,54,3277,1e-06,0.002349,16274.161133,12,600,58,3,"e00fce68e28dcbc9a589be10",2026-09-30 18:40:02.419,2026-09-30 18:40:02.593,2026-09-30 18:40:02.593,2026-09-30
"1104","FQq1HmFeRm","MOOSPMv3Parser",1790793601,1,1,4,4,4,4,5,4,4,5,393,283,169571,43,30,5,30,31,32,24,31,0,31,36,27,24,24.489,61,2,35.963169,-119.291855,45.193001,8,600,58,3,"e00fce68d6b773b56ce8baa0",2026-09-30 18:40:02.819,2026-09-30 18:40:02.995,2026-09-30 18:40:02.995,2026-09-30
"1105","GXhWLZmvPU","MOOSPMv3Parser",1790793601,3,3,3,5,5,3,4,6,6,4,755,225,248084,31,21,4,22,22,0,0,22,1,30,34,28,27,24.515,43,53,36.433586,-119.923439,27.171,8,600,58,3,"e00fce6876826e255108c6bd",2026-09-30 18:40:03.001,2026-09-30 18:40:03.206,2026-09-30 18:40:03.206,2026-09-30
"1106","qhFRPfBVl9","MOOSPMv3Parser",1790793601,4,4,4,6,6,5,6,7,7,7,1594,268,207133,35,26,3,28,28,33,13,28,1,32,38,24,21,36.967,44,1,35.774952,-119.238503,81.873001,12,600,58,3,"e00fce68e88237db75a60608",2026-09-30 18:40:04.175,2026-09-30 18:40:04.35,2026-09-30 18:40:04.35,2026-09-30
"1107","8lpm1L4eEu","MOOSPMv3Parser",1790793601,4,4,3,6,6,3,3,6,6,3,984,266,193978,32,20,2,20,20,33,17,20,0,32,38,26,22,40.57,53,1,36.523285,-119.27874,89.441002,6,600,58,3,"e00fce68f12da1a0c5de6248",2026-09-30 18:40:04.602,2026-09-30 18:40:04.765,2026-09-30 18:40:04.765,2026-09-30
"1108","Hrns1AaE7V","MOOSPMv3Parser",1790793600,1,1,1,2,2,2,2,2,2,2,526,115,342915,17,11,1,12,12,33,8,12,1,38,38,16,19,512.496,39,1,36.138969,-120.368393,162.585999,6,600,58,3,"e00fce6850cac69f647dc199",2026-09-30 18:40:05.024,2026-09-30 18:40:05.189,2026-09-30 18:40:05.189,2026-09-30
"1109","3rSpZtIFjp","MOOSPMv3Parser",1790793601,4,4,3,6,6,4,5,6,6,5,1782,280,96999,30,19,2,20,20,30,22,20,1,31,34,30,30,49.424,47,1,36.503193,-120.325378,67.295998,9,600,58,3,"e00fce68e77e43df92405fdb",2026-09-30 18:40:17.866,2026-09-30 18:40:18.049,2026-09-30 18:40:18.049,2026-09-30
"1110","sGRI3XdkWX","MOOSPMv3Parser",1790794200,0,0,1,0,0,2,2,0,0,2,193,102,70862,11,9,1,10,10,33,23,10,1,32,38,24,21,31.245,63,1,36.198784,-120.104424,82.769997,4,600,58,3,"e00fce686dc2ef0a68fa40b0",2026-09-30 18:50:01.89,2026-09-30 18:50:02.05,2026-09-30 18:50:02.05,2026-09-30
"1111","j4aEoWgHwF","MOOSPMv3Parser",1790794201,4,4,3,6,6,4,5,6,6,5,1727,263,97016,28,21,2,22,22,30,19,22,1,31,34,28,28,51.247,42,1,36.503082,-120.325417,49.147999,11,600,58,3,"e00fce68e77e43df92405fdb",2026-09-30 18:50:02.134,2026-09-30 18:50:02.321,2026-09-30 18:50:02.321,2026-09-30
"1112","KmAXKFCI2b","MOOSPMv3Parser",1790794201,3,3,0,5,5,0,0,5,5,0,1115,239,0,33,0,4,0,0,33,11,0,2,32,38,24,21,31.753,38,4,36.187534,-119.822052,21.337999,10,600,58,3,"e00fce68e739ecbcf9e91965",2026-09-30 18:50:02.343,2026-09-30 18:50:02.653,2026-09-30 18:50:02.653,2026-09-30
"1113","N9Q2rED4PE","MOOSPMv3Parser",1790794201,2,2,0,4,4,0,0,4,4,0,720,198,219677,33,0,3,0,0,34,11,0,0,33,39,22,19,40.744,50,3277,4e-06,0.002297,33641.308594,8,599,58,3,"e00fce68e28dcbc9a589be10",2026-09-30 18:50:02.618,2026-09-30 18:50:02.889,2026-09-30 18:50:02.889,2026-09-30
"1114","xRF64WAnbs","MOOSPMv3Parser",1790794201,1,1,4,4,4,6,7,5,5,7,386,281,169598,47,34,7,35,35,32,24,35,1,31,36,27,24,26.414,46,2,35.963131,-119.291801,55.852001,9,600,58,3,"e00fce68d6b773b56ce8baa0",2026-09-30 18:50:02.651,2026-09-30 18:50:02.936,2026-09-30 18:50:02.936,2026-09-30
"1115","sBPg5mqcXP","MOOSPMv3Parser",1790794201,3,3,3,5,5,3,3,5,5,3,719,214,248100,29,20,3,20,20,0,0,20,1,30,34,28,27,24.78,44,55,36.433681,-119.923347,33.597,9,600,58,3,"e00fce6876826e255108c6bd",2026-09-30 18:50:03.103,2026-09-30 18:50:03.363,2026-09-30 18:50:03.363,2026-09-30
"1116","SMIF7oST1c","MOOSPMv3Parser",1790794201,4,4,3,6,6,5,6,6,6,6,1675,278,207153,37,25,2,27,27,34,13,27,1,32,39,25,21,37.002,52,1,35.775028,-119.238564,68.251999,10,600,58,3,"e00fce68e88237db75a60608",2026-09-30 18:50:04.198,2026-09-30 18:50:04.36,2026-09-30 18:50:04.36,2026-09-30
"1117","2q3ZfrvGhG","MOOSPMv3Parser",1790794201,4,4,3,6,6,3,3,6,6,3,1048,279,193995,28,21,1,21,21,34,16,21,1,32,39,25,22,40.901,59,1,36.523308,-119.278839,91.079002,6,600,58,3,"e00fce68f12da1a0c5de6248",2026-09-30 18:50:04.514,2026-09-30 18:50:04.67,2026-09-30 18:50:04.67,2026-09-30
"1118","54urt9DA7u","MOOSPMv3Parser",1790794200,1,1,2,2,2,2,2,2,2,2,548,118,342930,16,12,1,13,13,34,8,13,1,39,38,15,19,512.596,47,1,36.138947,-120.368401,182.285995,5,600,58,3,"e00fce6850cac69f647dc199",2026-09-30 18:50:04.823,2026-09-30 18:50:05.028,2026-09-30 18:50:05.028,2026-09-30
"1119","d4ansJjNQn","MOOSPMv3Parser",1790794200,4,4,2,5,5,3,3,6,6,3,982,247,308458,31,17,2,17,17,32,13,17,1,31,36,28,24,32.69,32,1,35.949612,-119.049927,125.224998,7,595,58,3,"e00fce6808784ceaf209f949",2026-09-30 18:50:25.292,2026-09-30 18:50:25.459,2026-09-30 18:50:25.459,2026-09-30
"1120","SseA9PEyIQ","MOOSPMv3Parser",1790794800,0,0,1,0,0,2,2,0,0,2,195,104,70869,11,10,1,10,11,34,23,11,1,33,39,26,21,32.924,65,1,36.198723,-120.104446,85.580002,8,600,58,3,"e00fce686dc2ef0a68fa40b0",2026-09-30 19:00:01.778,2026-09-30 19:00:02.049,2026-09-30 19:00:02.049,2026-09-30
"1121","YZBhWeoBL6","MOOSPMv3Parser",1790794801,5,5,3,6,6,4,5,7,7,6,1937,300,97033,32,21,2,23,23,31,21,23,1,32,34,31,30,50.031,47,1,36.503151,-120.325363,73.246002,9,600,58,3,"e00fce68e77e43df92405fdb",2026-09-30 19:00:02.302,2026-09-30 19:00:02.632,2026-09-30 19:00:02.632,2026-09-30
"1122","sJKbiUT7ve","MOOSPMv3Parser",1790794801,2,2,0,4,4,0,0,5,5,0,714,198,219311,34,0,4,0,0,34,10,0,0,34,40,21,18,42.159,40,3277,4e-06,0.002297,33641.308594,8,600,58,3,"e00fce68e28dcbc9a589be10",2026-09-30 19:00:02.466,2026-09-30 19:00:02.839,2026-09-30 19:00:02.839,2026-09-30
"1123","5IDI05p4jF","MOOSPMv3Parser",1790794801,3,3,0,5,5,0,0,5,5,0,1059,222,0,32,0,5,0,0,33,10,0,2,33,38,23,20,33.036,35,3,36.187481,-119.822052,23.84,9,600,58,3,"e00fce68e739ecbcf9e91965",2026-09-30 19:00:02.504,2026-09-30 19:00:02.857,2026-09-30 19:00:02.857,2026-09-30
"1124","xTnDVPKYMp","MOOSPMv3Parser",1790794801,1,1,3,2,2,5,6,3,3,6,347,245,169617,39,26,5,27,28,33,23,28,1,31,37,25,23,27.666,31,2,35.963165,-119.291771,41.067001,9,600,58,3,"e00fce68d6b773b56ce8baa0",2026-09-30 19:00:02.353,2026-09-30 19:00:02.909,2026-09-30 19:00:02.909,2026-09-30
"1125","uV8IHlGEHQ","MOOSPMv3Parser",1790794801,3,3,3,4,4,3,3,5,5,4,672,202,248116,27,19,3,20,20,0,0,20,1,31,34,26,26,24.906,44,53,36.433678,-119.923401,22.690001,9,600,58,3,"e00fce6876826e255108c6bd",2026-09-30 19:00:03.004,2026-09-30 19:00:03.255,2026-09-30 19:00:03.255,2026-09-30
"1126","DVbqJ7HINM","MOOSPMv3Parser",1790794801,4,4,3,6,6,3,3,6,6,3,1130,301,194012,31,21,1,21,21,34,15,21,0,32,39,26,22,41.016,55,1,36.523369,-119.278885,78.389999,6,600,58,3,"e00fce68f12da1a0c5de6248",2026-09-30 19:00:04.338,2026-09-30 19:00:04.546,2026-09-30 19:00:04.546,2026-09-30
"1127","Z5F3M6BJK6","MOOSPMv3Parser",1790794801,4,4,3,6,6,4,5,6,6,5,1700,270,207172,35,23,2,24,25,34,13,25,1,32,38,24,21,38.499,55,1,35.775024,-119.238518,70.068001,11,600,58,3,"e00fce68e88237db75a60608",2026-09-30 19:00:04.238,2026-09-30 19:00:04.569,2026-09-30 19:00:04.569,2026-09-30
"1128","LJZdWpkfY8","MOOSPMv3Parser",1790794800,1,1,2,1,1,2,2,2,2,2,596,126,342945,16,12,2,13,13,34,8,13,1,39,38,16,19,512.504,54,1,36.138943,-120.36837,171.615997,6,600,58,3,"e00fce6850cac69f647dc199",2026-09-30 19:00:04.613,2026-09-30 19:00:04.789,2026-09-30 19:00:04.789,2026-09-30
"1129","6ntOdZrcxC","MOOSPMv3Parser",1790794800,4,4,2,5,5,3,3,6,6,3,982,249,306414,33,17,2,17,17,32,12,17,1,32,37,26,22,33.748,30,1,35.949516,-119.049873,110.250999,7,599,58,3,"e00fce6808784ceaf209f949",2026-09-30 19:00:44.875,2026-09-30 19:00:45.035,2026-09-30 19:00:45.035,2026-09-30
"1130","QO6kQfLwnn","MOOSPMv3Parser",1790795400,0,0,1,0,0,2,2,0,0,2,193,104,70876,11,9,1,9,10,34,22,10,1,33,39,25,20,34.336,50,1,36.198807,-120.104462,72.222,11,600,58,3,"e00fce686dc2ef0a68fa40b0",2026-09-30 19:10:02.434,2026-09-30 19:10:02.64,2026-09-30 19:10:02.64,2026-09-30
"1131","uQRc2rPOGm","MOOSPMv3Parser",1790795401,2,2,0,3,3,0,0,4,4,0,645,176,219311,31,0,4,0,0,35,9,0,0,35,41,19,17,44.019,33,3277,4e-06,0.002297,33641.308594,8,600,58,3,"e00fce68e28dcbc9a589be10",2026-09-30 19:10:02.477,2026-09-30 19:10:02.659,2026-09-30 19:10:02.659,2026-09-30
"1132","SBBXuk4qL9","MOOSPMv3Parser",1790795401,5,5,3,7,7,4,5,7,7,6,1956,306,97050,32,21,2,22,23,31,20,23,1,31,35,31,30,50.142,61,1,36.503124,-120.325401,56.758999,9,600,58,3,"e00fce68e77e43df92405fdb",2026-09-30 19:10:02.495,2026-09-30 19:10:02.717,2026-09-30 19:10:02.717,2026-09-30
"1133","TrxcqCW7fs","MOOSPMv3Parser",1790795401,3,3,0,5,5,0,0,5,5,0,1064,226,0,34,0,4,0,0,34,9,0,2,33,39,23,20,33.394,33,3,36.187489,-119.822037,25.986,10,600,58,3,"e00fce68e739ecbcf9e91965",2026-09-30 19:10:02.495,2026-09-30 19:10:02.727,2026-09-30 19:10:02.727,2026-09-30
"1134","gshMp6Klyc","MOOSPMv3Parser",1790795401,0,0,3,2,2,4,5,2,2,6,313,215,169636,35,24,5,25,25,33,22,25,1,31,37,25,22,29.857,12,2,35.963131,-119.291817,35.653,9,600,58,3,"e00fce68d6b773b56ce8baa0",2026-09-30 19:10:02.497,2026-09-30 19:10:02.78,2026-09-30 19:10:02.78,2026-09-30
"1135","dgnEOrWKH3","MOOSPMv3Parser",1790795400,4,4,2,6,6,3,3,6,6,3,1043,264,306430,36,17,2,18,18,32,12,18,1,31,37,26,22,34.115,29,1,35.949711,-119.049942,141.261993,6,599,58,3,"e00fce6808784ceaf209f949",2026-09-30 19:10:02.599,2026-09-30 19:10:02.89,2026-09-30 19:10:02.89,2026-09-30
"1136","ereGKO9Lm5","MOOSPMv3Parser",1790795401,2,2,2,4,4,3,3,6,6,4,657,196,248133,31,19,6,19,19,1,0,19,1,31,35,26,25,25.819,45,56,36.433914,-119.923409,47.044998,7,600,58,3,"e00fce6876826e255108c6bd",2026-09-30 19:10:03.077,2026-09-30 19:10:03.226,2026-09-30 19:10:03.226,2026-09-30
"1137","PwkyMBoH63","MOOSPMv3Parser",1790795401,4,4,3,6,6,4,4,6,6,5,1553,255,207189,30,21,2,22,22,34,12,22,1,32,38,23,21,40.658,34,1,35.775063,-119.238525,79.267998,10,600,58,3,"e00fce68e88237db75a60608",2026-09-30 19:10:04.195,2026-09-30 19:10:04.346,2026-09-30 19:10:04.346,2026-09-30
"1138","TzIGAWcqwv","MOOSPMv3Parser",1790795401,5,5,3,7,7,3,4,7,7,4,1347,361,194032,32,23,1,23,24,35,16,24,1,33,40,26,22,41.272,65,1,36.523369,-119.278885,78.389,0,600,58,3,"e00fce68f12da1a0c5de6248",2026-09-30 19:10:04.438,2026-09-30 19:10:04.637,2026-09-30 19:10:04.637,2026-09-30
"1139","Bg6Ck0SRdw","MOOSPMv3Parser",1790795400,1,1,2,2,2,2,2,2,2,2,624,137,342961,18,13,1,13,13,34,8,13,1,39,38,15,19,512.517,58,1,36.138924,-120.368309,174.388,6,600,58,3,"e00fce6850cac69f647dc199",2026-09-30 19:10:04.671,2026-09-30 19:10:04.867,2026-09-30 19:10:04.867,2026-09-30
"1140","uHTGSnhCsH","MOOSPMv3Parser",1790796000,0,0,1,0,0,2,2,0,0,2,193,100,70884,12,10,1,11,11,34,22,11,1,33,39,23,19,34.521,39,1,36.198849,-120.104431,77.752998,10,600,58,3,"e00fce686dc2ef0a68fa40b0",2026-09-30 19:20:01.744,2026-09-30 19:20:01.98,2026-09-30 19:20:01.98,2026-09-30
"1141","X4KB8ZLgGr","MOOSPMv3Parser",1790796001,5,5,3,6,6,4,5,7,7,5,1924,306,97069,33,23,2,24,24,31,18,24,1,31,35,30,28,52.015,53,1,36.503204,-120.325378,51.797001,10,600,58,3,"e00fce68e77e43df92405fdb",2026-09-30 19:20:02.342,2026-09-30 19:20:02.518,2026-09-30 19:20:02.518,2026-09-30
"1142","awObK1fDmf","MOOSPMv3Parser",1790796001,3,3,0,5,5,0,0,5,5,0,1108,230,0,34,0,3,0,0,34,8,0,2,33,39,22,19,34.139,33,2,36.187527,-119.822174,17.589001,11,600,58,3,"e00fce68e739ecbcf9e91965",2026-09-30 19:20:02.413,2026-09-30 19:20:02.679,2026-09-30 19:20:02.679,2026-09-30
"1143","3BpAWYVHcp","MOOSPMv3Parser",1790796001,0,0,3,2,2,5,5,2,2,6,321,218,169655,36,24,5,25,26,34,22,26,1,32,38,25,22,30.404,10,2,35.963097,-119.291832,52.012001,10,600,58,3,"e00fce68d6b773b56ce8baa0",2026-09-30 19:20:02.567,2026-09-30 19:20:02.793,2026-09-30 19:20:02.793,2026-09-30
"1144","oztIgev9mP","MOOSPMv3Parser",1790796001,1,1,0,3,3,0,0,3,3,0,590,159,219311,29,0,3,0,0,35,9,0,0,35,41,19,17,46.347,21,3277,4e-06,0.002297,33641.308594,8,600,58,3,"e00fce68e28dcbc9a589be10",2026-09-30 19:20:02.809,2026-09-30 19:20:03.021,2026-09-30 19:20:03.021,2026-09-30
"1145","7vAVS81ITr","MOOSPMv3Parser",1790796001,3,3,3,5,5,3,3,6,6,4,742,225,248149,31,20,5,20,20,0,0,20,1,32,35,26,26,26.002,45,64,36.433659,-119.923347,29.358999,10,600,58,3,"e00fce6876826e255108c6bd",2026-09-30 19:20:03.153,2026-09-30 19:20:03.298,2026-09-30 19:20:03.298,2026-09-30
"1146","HD8tUW0mDk","MOOSPMv3Parser",1790796001,5,5,3,7,7,3,3,7,7,3,1309,350,194050,35,22,1,22,22,35,14,22,0,33,40,24,20,42.032,67,1,36.523308,-119.278824,91.319,6,600,58,3,"e00fce68f12da1a0c5de6248",2026-09-30 19:20:04.42,2026-09-30 19:20:04.657,2026-09-30 19:20:04.657,2026-09-30
"1147","yD9BUbZbQP","MOOSPMv3Parser",1790796001,4,4,3,5,5,4,4,6,6,4,1501,237,207205,30,20,3,21,21,34,12,21,1,33,39,23,20,40.396,30,1,35.775051,-119.238503,71.442001,11,600,58,3,"e00fce68e88237db75a60608",2026-09-30 19:20:04.507,2026-09-30 19:20:04.73,2026-09-30 19:20:04.73,2026-09-30
"1148","2Yg052mqoA","MOOSPMv3Parser",1790796000,1,1,2,2,2,2,2,2,2,2,653,141,342977,22,13,2,14,14,34,7,14,1,40,39,15,19,512.52,57,1,36.138985,-120.368378,188.860001,6,600,58,3,"e00fce6850cac69f647dc199",2026-09-30 19:20:04.679,2026-09-30 19:20:04.85,2026-09-30 19:20:04.85,2026-09-30
"1149","GR6CxJSzIH","MOOSPMv3Parser",1790796000,4,4,2,5,5,3,3,5,5,3,912,231,305935,32,16,3,16,16,33,12,16,1,33,38,27,23,33.181,31,1,35.949711,-119.049942,141.264008,0,600,58,3,"e00fce6808784ceaf209f949",2026-09-30 19:20:16.669,2026-09-30 19:20:16.843,2026-09-30 19:20:16.843,2026-09-30
"1150","yeUfhjytnW","MOOSPMv3Parser",1790796600,0,0,1,0,0,2,2,0,0,3,194,104,70893,12,11,1,11,11,34,22,12,1,33,40,22,19,33.103,59,1,36.198845,-120.104416,69.731003,11,600,58,3,"e00fce686dc2ef0a68fa40b0",2026-09-30 19:30:01.863,2026-09-30 19:30:02.027,2026-09-30 19:30:02.027,2026-09-30
"1151","WCaOo6WYnS","MOOSPMv3Parser",1790796601,5,5,3,7,7,4,4,7,7,4,2047,318,97086,35,21,2,22,22,31,17,22,1,31,35,29,27,52.704,49,1,36.503231,-120.325394,65.862999,9,600,58,3,"e00fce68e77e43df92405fdb",2026-09-30 19:30:02.15,2026-09-30 19:30:02.308,2026-09-30 19:30:02.308,2026-09-30
"1152","FVTznxzR6F","MOOSPMv3Parser",1790796601,3,3,0,5,5,0,0,5,5,0,1174,239,0,35,0,4,0,0,34,8,0,2,33,39,22,19,34.869,30,2,36.1875,-119.822052,35.720001,9,600,58,3,"e00fce68e739ecbcf9e91965",2026-09-30 19:30:02.34,2026-09-30 19:30:02.541,2026-09-30 19:30:02.541,2026-09-30
"1153","hINCj98bYP","MOOSPMv3Parser",1790796601,0,0,3,2,2,4,5,2,2,6,311,215,169672,34,23,4,24,24,34,22,24,1,32,38,24,21,29.593,17,2,35.963165,-119.291756,28.761,8,600,58,3,"e00fce68d6b773b56ce8baa0",2026-09-30 19:30:02.503,2026-09-30 19:30:02.712,2026-09-30 19:30:02.712,2026-09-30
"1154","dFJzPD4a5I","MOOSPMv3Parser",1790796600,3,3,2,4,4,2,3,5,5,3,901,222,306462,26,14,2,15,15,33,10,15,1,33,38,23,21,33.633,45,1,35.949738,-119.049843,173.246994,6,599,58,3,"e00fce6808784ceaf209f949",2026-09-30 19:30:02.57,2026-09-30 19:30:02.764,2026-09-30 19:30:02.764,2026-09-30
"1155","QUuDmFYfz6","MOOSPMv3Parser",1790796601,2,2,0,3,3,0,0,4,4,0,711,189,219311,28,0,2,0,0,35,8,0,0,35,42,19,16,46.152,23,3277,4e-06,0.002297,33641.308594,8,600,58,3,"e00fce68e28dcbc9a589be10",2026-09-30 19:30:02.549,2026-09-30 19:30:02.795,2026-09-30 19:30:02.795,2026-09-30
"1156","isAYPJtrDX","MOOSPMv3Parser",1790796601,3,3,3,4,4,4,4,5,5,4,695,208,248168,30,22,3,23,23,0,0,23,1,32,35,25,25,26.34,45,60,36.433651,-119.923386,33.124001,10,600,58,3,"e00fce6876826e255108c6bd",2026-09-30 19:30:03.038,2026-09-30 19:30:03.275,2026-09-30 19:30:03.275,2026-09-30
"1157","N6G1XL7ZGa","MOOSPMv3Parser",1790796601,4,4,3,5,5,3,3,6,6,4,1523,238,207221,27,19,2,20,20,34,11,20,1,32,39,22,20,38.986,24,1,35.77512,-119.238548,59.835999,8,600,58,3,"e00fce68e88237db75a60608",2026-09-30 19:30:04.432,2026-09-30 19:30:04.595,2026-09-30 19:30:04.595,2026-09-30
"1158","Efhawx4XN9","MOOSPMv3Parser",1790796601,6,6,3,8,8,3,4,8,8,4,1426,385,194071,39,24,2,25,25,35,14,25,0,33,41,25,20,42.567,63,1,36.523281,-119.278717,85.577003,6,600,58,3,"e00fce68f12da1a0c5de6248",2026-09-30 19:30:04.578,2026-09-30 19:30:04.778,2026-09-30 19:30:04.778,2026-09-30
"1159","8BYRCtlYit","MOOSPMv3Parser",1790796600,1,1,2,2,2,2,2,2,2,3,655,137,342993,19,14,1,15,15,34,7,15,1,40,39,15,19,512.556,67,1,36.138985,-120.368378,188.858002,0,600,58,3,"e00fce6850cac69f647dc199",2026-09-30 19:30:04.85,2026-09-30 19:30:05.009,2026-09-30 19:30:05.009,2026-09-30
"1160","mS091NhsVA","MOOSPMv3Parser",1790797200,0,0,2,0,0,2,3,0,0,3,206,110,70903,12,12,1,13,13,35,22,13,1,34,40,23,19,33.069,79,1,36.198818,-120.104439,61.310001,8,600,58,3,"e00fce686dc2ef0a68fa40b0",2026-09-30 19:40:01.811,2026-09-30 19:40:01.967,2026-09-30 19:40:01.967,2026-09-30
"1161","ZekBVa8VQp","MOOSPMv3Parser",1790797201,3,3,0,5,5,0,0,6,6,0,1212,255,0,36,0,4,0,0,34,8,0,2,34,40,22,19,35.458,30,1,36.187546,-119.822121,29.358999,8,600,58,3,"e00fce68e739ecbcf9e91965",2026-09-30 19:40:02.416,2026-09-30 19:40:02.588,2026-09-30 19:40:02.588,2026-09-30
"1162","IU8HO7O3K9","MOOSPMv3Parser",1790797201,2,2,0,4,4,0,0,4,4,0,732,196,219311,29,0,2,0,0,36,8,0,0,35,42,19,16,47.121,24,3277,4e-06,0.002297,33641.308594,8,600,58,3,"e00fce68e28dcbc9a589be10",2026-09-30 19:40:02.551,2026-09-30 19:40:02.763,2026-09-30 19:40:02.763,2026-09-30
"1163","JxEeyyJHfQ","MOOSPMv3Parser",1790797201,5,5,1,6,6,1,1,7,7,1,2000,302,97093,32,9,2,9,9,31,18,9,1,32,35,29,28,53.897,37,1,36.503189,-120.325424,74.603996,7,600,58,3,"e00fce68e77e43df92405fdb",2026-09-30 19:40:02.57,2026-09-30 19:40:02.811,2026-09-30 19:40:02.811,2026-09-30
"1164","aS2ehBSI0H","MOOSPMv3Parser",1790797200,4,4,2,5,5,3,3,5,5,3,1012,252,306478,30,16,2,17,17,33,11,17,1,32,38,25,22,34.405,34,1,35.949669,-119.050049,129.985992,6,599,58,3,"e00fce6808784ceaf209f949",2026-09-30 19:40:02.589,2026-09-30 19:40:02.826,2026-09-30 19:40:02.826,2026-09-30
"1165","rmvdFEOqBG","MOOSPMv3Parser",1790797201,0,0,3,1,1,3,4,1,1,4,295,199,169688,29,19,3,20,20,35,21,20,1,33,39,22,20,30.866,15,1,35.963196,-119.291893,57.435001,9,600,58,3,"e00fce68d6b773b56ce8baa0",2026-09-30 19:40:02.835,2026-09-30 19:40:03.035,2026-09-30 19:40:03.035,2026-09-30
"1166","BiEFQLxJvl","MOOSPMv3Parser",1790797201,3,3,3,5,5,3,4,5,5,4,704,212,248184,31,20,3,21,21,0,0,21,1,32,36,26,25,26.907,46,61,36.433651,-119.923386,33.123001,0,600,58,3,"e00fce6876826e255108c6bd",2026-09-30 19:40:03.399,2026-09-30 19:40:03.561,2026-09-30 19:40:03.561,2026-09-30
"1167","sCfJs8Qh1S","MOOSPMv3Parser",1790797201,3,3,2,5,5,3,3,5,5,3,1573,241,207237,27,18,1,19,19,34,11,19,1,33,40,22,19,41.351,18,1,35.774967,-119.238533,73.331001,5,600,58,3,"e00fce68e88237db75a60608",2026-09-30 19:40:04.271,2026-09-30 19:40:04.422,2026-09-30 19:40:04.422,2026-09-30
"1168","PdWMF3Ba0w","MOOSPMv3Parser",1790797201,6,6,3,8,8,3,4,9,9,4,1523,406,194091,42,24,2,24,24,36,13,24,0,33,41,24,20,42.177,81,1,36.523369,-119.278732,66.434998,5,600,58,3,"e00fce68f12da1a0c5de6248",2026-09-30 19:40:04.525,2026-09-30 19:40:04.658,2026-09-30 19:40:04.658,2026-09-30
"1169","gxIRFaRIDe","MOOSPMv3Parser",1790797200,1,1,2,2,2,2,2,2,2,2,659,139,343007,18,13,1,13,13,35,7,13,1,40,39,14,18,512.463,70,1,36.138992,-120.368347,172.432007,13,600,58,3,"e00fce6850cac69f647dc199",2026-09-30 19:40:04.686,2026-09-30 19:40:04.857,2026-09-30 19:40:04.857,2026-09-30
"1170","px66T5miIL","MOOSPMv3Parser",1790797801,5,5,0,6,6,0,1,7,7,1,1926,298,97096,31,3,2,3,3,31,18,3,0,32,35,28,28,54.252,34,1,36.503258,-120.325447,65.403999,7,600,58,3,"e00fce68e77e43df92405fdb",2026-09-30 19:50:02.487,2026-09-30 19:50:02.649,2026-09-30 19:50:02.649,2026-09-30
"1171","UP2s1lejBe","MOOSPMv3Parser",1790797801,0,0,2,1,1,3,3,1,1,3,293,196,169703,27,18,3,19,19,35,21,19,1,34,39,22,20,32.003,9,1,35.963158,-119.291862,38.265999,10,600,58,3,"e00fce68d6b773b56ce8baa0",2026-09-30 19:50:02.421,2026-09-30 19:50:02.708,2026-09-30 19:50:02.708,2026-09-30
"1172","ZrdnTeZPUi","MOOSPMv3Parser",1790797800,0,0,1,0,0,2,2,0,0,3,210,113,70911,13,11,1,11,11,35,22,11,1,34,40,22,19,32.748,82,1,36.198822,-120.104462,94.213997,10,600,58,3,"e00fce686dc2ef0a68fa40b0",2026-09-30 19:50:02.513,2026-09-30 19:50:02.753,2026-09-30 19:50:02.753,2026-09-30
"1173","UrC7jUjczW","MOOSPMv3Parser",1790797801,2,2,0,3,3,0,0,4,4,0,673,178,219311,28,0,2,0,0,36,8,0,0,36,42,18,16,46.528,25,3277,4e-06,0.002297,33641.308594,8,600,58,3,"e00fce68e28dcbc9a589be10",2026-09-30 19:50:02.555,2026-09-30 19:50:02.771,2026-09-30 19:50:02.771,2026-09-30
"1174","CAUY4ZX15F","MOOSPMv3Parser",1790797801,3,3,0,5,5,0,0,5,5,0,1149,244,0,36,0,4,0,0,35,8,0,2,34,40,21,19,36.153,29,1,36.187588,-119.822182,32.238998,11,600,58,3,"e00fce68e739ecbcf9e91965",2026-09-30 19:50:02.335,2026-09-30 19:50:02.773,2026-09-30 19:50:02.773,2026-09-30
"1175","Fh3wt3KHYW","MOOSPMv3Parser",1790797800,4,4,2,5,5,3,3,6,6,3,1064,263,306494,30,16,2,16,17,33,10,17,1,33,38,23,21,32.898,41,1,35.949554,-119.049911,121.258003,6,599,58,3,"e00fce6808784ceaf209f949",2026-09-30 19:50:02.501,2026-09-30 19:50:02.82,2026-09-30 19:50:02.82,2026-09-30
"1176","oIA8mwc1lK","MOOSPMv3Parser",1790797801,3,3,3,5,5,3,4,5,5,4,705,211,248201,30,20,4,21,21,0,0,21,1,32,36,25,24,27.108,46,62,36.433453,-119.923409,20.402,7,600,58,3,"e00fce6876826e255108c6bd",2026-09-30 19:50:03.309,2026-09-30 19:50:03.461,2026-09-30 19:50:03.461,2026-09-30
"1177","D8xjTuByMX","MOOSPMv3Parser",1790797801,3,3,2,5,5,3,3,5,5,3,1769,245,207253,27,18,2,19,19,35,12,19,1,33,40,23,20,41.349,26,1,35.774967,-119.238533,73.328003,0,600,58,3,"e00fce68e88237db75a60608",2026-09-30 19:50:04.197,2026-09-30 19:50:04.349,2026-09-30 19:50:04.349,2026-09-30
"1178","XgUThly342","MOOSPMv3Parser",1790797801,6,6,3,8,8,3,4,8,8,4,1505,397,194112,43,24,2,24,24,36,13,24,0,34,41,26,20,42.921,77,1,36.52327,-119.278854,85.181999,6,600,58,3,"e00fce68f12da1a0c5de6248",2026-09-30 19:50:04.675,2026-09-30 19:50:04.857,2026-09-30 19:50:04.857,2026-09-30
"1179","CYCTb2Aqop","MOOSPMv3Parser",1790797800,1,1,2,2,2,2,2,2,2,2,661,136,343023,18,13,1,13,14,35,6,14,0,40,39,13,17,512.47,73,1,36.138908,-120.368423,171.212997,10,600,58,3,"e00fce6850cac69f647dc199",2026-09-30 19:50:04.759,2026-09-30 19:50:04.966,2026-09-30 19:50:04.966,2026-09-30
"1180","TDR5UyXHjx","MOOSPMv3Parser",1790798400,0,0,2,0,0,2,3,0,0,3,206,114,70920,13,12,1,13,13,35,22,13,1,34,40,22,19,33.379,67,1,36.198734,-120.104385,65.431999,9,600,58,3,"e00fce686dc2ef0a68fa40b0",2026-09-30 20:00:02.044,2026-09-30 20:00:02.286,2026-09-30 20:00:02.286,2026-09-30
"1181","bi0EUDbJyL","MOOSPMv3Parser",1790798401,2,2,0,3,3,0,0,4,4,0,721,192,219311,30,0,2,0,0,36,8,0,0,36,43,17,15,46.499,25,3277,4e-06,0.002297,33641.308594,8,600,58,3,"e00fce68e28dcbc9a589be10",2026-09-30 20:00:02.391,2026-09-30 20:00:02.623,2026-09-30 20:00:02.623,2026-09-30
"1182","mqWpcHBW9j","MOOSPMv3Parser",1790798401,5,5,0,6,6,0,0,7,7,0,2000,305,97098,32,2,2,2,2,31,17,2,0,32,35,28,27,53.786,33,1,36.503204,-120.325256,46.431999,11,600,58,3,"e00fce68e77e43df92405fdb",2026-09-30 20:00:02.287,2026-09-30 20:00:02.708,2026-09-30 20:00:02.708,2026-09-30
"1183","cWxSoa5WUC","MOOSPMv3Parser",1790798401,3,3,0,5,5,0,0,5,5,0,1136,237,0,34,0,3,0,0,35,8,0,2,34,40,21,19,36.276,27,1,36.18763,-119.822342,35.310001,8,600,58,3,"e00fce68e739ecbcf9e91965",2026-09-30 20:00:02.337,2026-09-30 20:00:02.949,2026-09-30 20:00:02.949,2026-09-30
"1184","smT0cFamrJ","MOOSPMv3Parser",1790798401,1,1,2,2,2,2,2,2,2,2,647,135,344186,17,13,1,14,14,35,6,14,0,40,39,14,18,512.424,57,1,36.138977,-120.368324,180.121994,8,598,58,3,"e00fce6850cac69f647dc199",2026-09-30 20:00:02.666,2026-09-30 20:00:02.968,2026-09-30 20:00:02.968,2026-09-30
"1185","FltP5kWXit","MOOSPMv3Parser",1790798401,0,0,3,1,1,3,4,2,2,4,303,207,169720,30,20,4,21,21,35,20,21,1,33,39,23,20,32.373,9,1,35.963158,-119.291862,38.265999,0,600,58,3,"e00fce68d6b773b56ce8baa0",2026-09-30 20:00:02.737,2026-09-30 20:00:03.22,2026-09-30 20:00:03.22,2026-09-30
"1186","Sz7Jqru1Du","MOOSPMv3Parser",1790798401,3,3,2,4,4,3,3,5,5,3,680,204,248217,26,18,2,19,19,0,0,19,1,32,36,24,23,26.641,47,59,36.433655,-119.923347,29.028999,7,600,58,3,"e00fce6876826e255108c6bd",2026-09-30 20:00:03.09,2026-09-30 20:00:03.506,2026-09-30 20:00:03.506,2026-09-30
"1187","yvVol51owX","MOOSPMv3Parser",1790798401,4,4,2,5,5,3,3,5,5,3,1824,262,207270,29,18,2,19,19,35,12,19,1,34,40,22,20,42.724,29,1,35.775047,-119.238548,64.487,5,600,58,3,"e00fce68e88237db75a60608",2026-09-30 20:00:04.118,2026-09-30 20:00:04.378,2026-09-30 20:00:04.378,2026-09-30
"1188","Kg3PDHOr41","MOOSPMv3Parser",1790798401,7,7,3,9,9,4,4,9,9,4,1636,429,194134,45,25,2,26,26,36,13,26,0,34,42,25,20,41.729,94,1,36.523315,-119.278763,87.639,6,600,58,3,"e00fce68f12da1a0c5de6248",2026-09-30 20:00:04.586,2026-09-30 20:00:04.83,2026-09-30 20:00:04.83,2026-09-30
"1189","qmb2zVobDN","MOOSPMv3Parser",1790798400,4,4,2,5,5,2,3,5,5,3,973,243,306510,30,15,2,15,15,34,10,15,1,33,38,23,21,34.193,36,1,35.949501,-119.050003,117.938004,8,599,58,3,"e00fce6808784ceaf209f949",2026-09-30 20:01:08.816,2026-09-30 20:01:08.971,2026-09-30 20:01:08.971,2026-09-30
"1190","wtAZpqBIJG","MOOSPMv3Parser",1790799000,0,0,2,0,0,2,3,0,0,3,222,122,70930,14,12,2,12,12,35,21,12,1,34,40,20,17,26.248,65,1,36.198811,-120.104431,75.094002,9,600,58,3,"e00fce686dc2ef0a68fa40b0",2026-09-30 20:10:02.018,2026-09-30 20:10:02.242,2026-09-30 20:10:02.242,2026-09-30
"1191","zuGWgskBQN","MOOSPMv3Parser",1790799001,5,5,0,7,7,0,0,7,7,0,1988,312,97100,34,2,3,2,2,32,17,2,0,34,35,25,27,52.127,40,1,36.503204,-120.325256,46.426998,0,600,58,3,"e00fce68e77e43df92405fdb",2026-09-30 20:10:02.123,2026-09-30 20:10:02.262,2026-09-30 20:10:02.262,2026-09-30
"1192","kf4N2hecDW","MOOSPMv3Parser",1790799001,2,2,0,3,3,0,0,3,3,0,681,179,219311,26,0,2,0,0,36,7,0,0,37,43,17,15,46.746,27,3277,4e-06,0.002297,33641.308594,8,600,58,3,"e00fce68e28dcbc9a589be10",2026-09-30 20:10:02.477,2026-09-30 20:10:02.688,2026-09-30 20:10:02.688,2026-09-30
"1193","dYXSIgnIrV","MOOSPMv3Parser",1790799001,3,3,0,4,4,0,0,5,5,0,1143,231,0,32,0,2,0,0,35,7,0,2,34,41,21,18,37.307,31,1,36.18763,-119.822342,35.313999,0,600,58,3,"e00fce68e739ecbcf9e91965",2026-09-30 20:10:02.502,2026-09-30 20:10:02.766,2026-09-30 20:10:02.766,2026-09-30
"1194","bQ7jsTWqFm","MOOSPMv3Parser",1790799001,0,0,3,1,1,4,4,2,2,5,308,212,169738,32,23,4,24,24,35,20,24,1,33,39,23,20,32.032,9,1,35.963181,-119.291786,46.801998,10,600,58,3,"e00fce68d6b773b56ce8baa0",2026-09-30 20:10:02.577,2026-09-30 20:10:02.827,2026-09-30 20:10:02.827,2026-09-30
"1195","rywPvWssQj","MOOSPMv3Parser",1790799001,1,1,2,2,2,2,2,2,2,2,668,140,343055,19,13,1,13,13,35,6,13,0,40,39,14,18,512.507,69,1,36.138908,-120.36837,163.251007,7,600,58,3,"e00fce6850cac69f647dc199",2026-09-30 20:10:02.754,2026-09-30 20:10:03.01,2026-09-30 20:10:03.01,2026-09-30
"1196","gPzg7bDuNA","MOOSPMv3Parser",1790799000,4,4,2,5,5,2,3,5,5,3,986,250,306526,30,15,2,16,16,34,9,16,1,34,39,23,20,34.498,36,1,35.949642,-119.049995,122.399002,8,599,58,3,"e00fce6808784ceaf209f949",2026-09-30 20:10:02.846,2026-09-30 20:10:03.018,2026-09-30 20:10:03.018,2026-09-30
"1197","tvF7J5CnxS","MOOSPMv3Parser",1790799001,5,4,6,9,8,11,16,14,12,18,1051,318,248243,70,38,16,44,45,0,0,45,1,33,36,24,24,26.725,47,58,36.433556,-119.923355,31.379999,6,600,58,3,"e00fce6876826e255108c6bd",2026-09-30 20:10:03.033,2026-09-30 20:10:03.282,2026-09-30 20:10:03.282,2026-09-30
"1198","EU1NuMr0G7","MOOSPMv3Parser",1790799001,7,7,3,9,9,4,4,9,9,4,1649,434,194155,44,25,2,25,25,36,13,25,0,34,41,24,20,42.574,93,1,36.52338,-119.2789,88.579002,6,600,58,3,"e00fce68f12da1a0c5de6248",2026-09-30 20:10:04.551,2026-09-30 20:10:04.725,2026-09-30 20:10:04.725,2026-09-30
"1199","6bwJHcrXdR","MOOSPMv3Parser",1790799001,4,4,2,5,5,3,3,5,5,3,1726,232,207285,25,17,1,17,17,34,12,17,1,34,40,24,20,43.105,30,1,35.775005,-119.238525,73.932999,6,600,58,3,"e00fce68e88237db75a60608",2026-09-30 20:10:04.623,2026-09-30 20:10:04.863,2026-09-30 20:10:04.863,2026-09-30
"1200","5YPKAKsEsj","MOOSPMv3Parser",1790799600,0,0,2,0,0,2,2,0,0,3,223,122,70939,15,11,2,12,12,35,21,12,1,34,41,22,18,28.474,40,1,36.198856,-120.104431,79.521004,10,600,58,3,"e00fce686dc2ef0a68fa40b0",2026-09-30 20:20:01.863,2026-09-30 20:20:02.082,2026-09-30 20:20:02.082,2026-09-30
"1201","ybAd7CcTcq","MOOSPMv3Parser",1790799601,5,5,0,6,6,0,0,6,6,0,1936,297,97102,29,3,2,3,3,32,16,3,0,33,36,24,26,51.448,56,1,36.503136,-120.325439,55.601002,6,600,58,3,"e00fce68e77e43df92405fdb",2026-09-30 20:20:02.317,2026-09-30 20:20:02.497,2026-09-30 20:20:02.497,2026-09-30
"1202","vkbmtAjwzu","MOOSPMv3Parser",1790799601,3,3,0,5,5,0,0,5,5,0,1170,241,0,31,0,2,0,0,35,7,0,2,35,41,20,18,37.303,27,1,36.187462,-119.821999,23.266001,5,600,58,3,"e00fce68e739ecbcf9e91965",2026-09-30 20:20:02.429,2026-09-30 20:20:02.687,2026-09-30 20:20:02.687,2026-09-30
"1203","OQiU7K26KL","MOOSPMv3Parser",1790799601,2,2,0,3,3,0,0,3,3,0,666,173,219311,26,0,3,0,0,36,7,0,0,37,43,16,14,47.271,25,3277,4e-06,0.002297,33641.308594,8,600,58,3,"e00fce68e28dcbc9a589be10",2026-09-30 20:20:02.548,2026-09-30 20:20:02.737,2026-09-30 20:20:02.737,2026-09-30
"1204","ldIwv64fEv","MOOSPMv3Parser",1790799601,0,0,3,1,1,3,4,2,2,4,313,212,169754,28,20,3,21,21,36,21,21,1,34,40,23,20,32.548,12,1,35.963112,-119.291824,37.897999,12,600,58,3,"e00fce68d6b773b56ce8baa0",2026-09-30 20:20:02.903,2026-09-30 20:20:03.101,2026-09-30 20:20:03.101,2026-09-30
"1205","s9A5OufCIu","MOOSPMv3Parser",1790799601,1,1,2,2,2,2,2,2,2,2,666,136,343071,18,13,1,13,13,35,7,13,0,41,39,15,18,512.449,80,1,36.138897,-120.368347,174.315994,7,600,58,3,"e00fce6850cac69f647dc199",2026-09-30 20:20:02.763,2026-09-30 20:20:03.115,2026-09-30 20:20:03.115,2026-09-30
"1206","pCfI64Eosm","MOOSPMv3Parser",1790799601,3,3,2,5,5,3,3,6,6,4,742,225,248259,32,18,4,19,19,0,0,19,1,33,36,23,23,27.2,47,61,36.433697,-119.923347,33.708,7,600,58,3,"e00fce6876826e255108c6bd",2026-09-30 20:20:03.061,2026-09-30 20:20:03.258,2026-09-30 20:20:03.258,2026-09-30
"1207","TU4WnhiNKR","MOOSPMv3Parser",1790799601,3,3,2,5,5,3,3,5,5,3,1771,240,207301,24,18,1,18,18,34,11,18,1,34,40,21,19,43.729,26,1,35.775005,-119.238525,73.931999,0,600,58,3,"e00fce68e88237db75a60608",2026-09-30 20:20:04.127,2026-09-30 20:20:04.326,2026-09-30 20:20:04.326,2026-09-30
"1208","heRgRoOZEi","MOOSPMv3Parser",1790799601,7,7,3,9,9,4,4,9,9,4,1569,420,194178,45,26,1,26,26,36,13,26,0,34,41,24,20,43.603,80,1,36.523361,-119.27877,77.735001,5,600,58,3,"e00fce68f12da1a0c5de6248",2026-09-30 20:20:04.583,2026-09-30 20:20:04.762,2026-09-30 20:20:04.762,2026-09-30
"1209","kD4FhETGQi","MOOSPMv3Parser",1790799600,4,4,2,6,6,3,4,6,6,4,1094,274,306545,36,18,3,19,19,33,10,19,1,33,38,24,21,34.483,37,1,35.949547,-119.049973,111.425003,8,599,58,3,"e00fce6808784ceaf209f949",2026-09-30 20:21:10.931,2026-09-30 20:21:11.082,2026-09-30 20:21:11.082,2026-09-30
"1210","sfHbFqURGT","MOOSPMv3Parser",1790800201,4,4,0,6,6,0,0,6,6,0,1891,287,97102,30,0,2,0,0,32,15,0,0,33,36,24,25,55.865,37,1,36.503147,-120.325432,50.771,10,600,58,3,"e00fce68e77e43df92405fdb",2026-09-30 20:30:02.25,2026-09-30 20:30:02.399,2026-09-30 20:30:02.399,2026-09-30
"1211","1oFWo0kscQ","MOOSPMv3Parser",1790800201,3,3,0,4,4,0,0,5,5,0,1209,235,0,32,0,3,0,0,35,6,0,2,35,40,20,18,37.499,26,1,36.187508,-119.822044,38.188,8,600,58,3,"e00fce68e739ecbcf9e91965",2026-09-30 20:30:02.415,2026-09-30 20:30:02.614,2026-09-30 20:30:02.614,2026-09-30
"1212","X0ITVeGRA7","MOOSPMv3Parser",1790800201,2,2,0,3,3,0,0,3,3,0,667,178,219311,25,0,2,0,0,36,7,0,0,37,43,16,14,46.9,21,3277,4e-06,0.002297,33641.308594,8,600,58,3,"e00fce68e28dcbc9a589be10",2026-09-30 20:30:02.484,2026-09-30 20:30:02.681,2026-09-30 20:30:02.681,2026-09-30
"1213","8YX5NfmZXF","MOOSPMv3Parser",1790800200,0,0,2,0,0,2,2,0,0,3,227,126,70948,15,12,2,12,12,35,22,12,1,35,40,22,19,28.454,57,1,36.198902,-120.104362,77.192001,9,600,58,3,"e00fce686dc2ef0a68fa40b0",2026-09-30 20:30:02.593,2026-09-30 20:30:02.783,2026-09-30 20:30:02.783,2026-09-30
"1214","DuG2eIc5tJ","MOOSPMv3Parser",1790800200,4,4,2,5,5,2,3,5,5,3,1000,248,306561,32,15,2,15,15,33,10,15,1,33,38,23,21,34.509,35,1,35.949821,-119.049904,138.203995,8,599,58,3,"e00fce6808784ceaf209f949",2026-09-30 20:30:02.672,2026-09-30 20:30:02.888,2026-09-30 20:30:02.888,2026-09-30
"1215","Iwi58YkaOV","MOOSPMv3Parser",1790800201,1,1,2,2,2,2,2,2,2,2,678,144,343087,19,13,1,13,13,35,7,13,1,41,40,15,18,512.459,92,1,36.139034,-120.368332,190.115997,7,600,58,3,"e00fce6850cac69f647dc199",2026-09-30 20:30:02.693,2026-09-30 20:30:02.917,2026-09-30 20:30:02.917,2026-09-30
"1216","nbAhjr2PZq","MOOSPMv3Parser",1790800201,0,0,3,2,2,4,4,2,2,5,324,224,169773,34,24,4,24,25,36,20,25,1,34,40,22,20,32.614,13,1,35.963192,-119.291809,55.383999,7,600,58,3,"e00fce68d6b773b56ce8baa0",2026-09-30 20:30:02.616,2026-09-30 20:30:02.939,2026-09-30 20:30:02.939,2026-09-30
"1217","NqHKzF1sa8","MOOSPMv3Parser",1790800201,3,3,3,5,5,3,4,6,6,4,785,235,248276,31,22,4,22,23,0,0,23,1,33,37,23,23,27.523,48,63,36.433598,-119.92337,41.493999,6,600,58,3,"e00fce6876826e255108c6bd",2026-09-30 20:30:03.268,2026-09-30 20:30:03.444,2026-09-30 20:30:03.444,2026-09-30
"1218","UfnRvPAVtG","MOOSPMv3Parser",1790800201,4,4,2,5,5,3,3,5,5,3,1744,246,207317,29,18,2,18,18,34,11,18,1,34,40,22,19,45.478,23,1,35.775093,-119.238411,97.619003,5,600,58,3,"e00fce68e88237db75a60608",2026-09-30 20:30:04.197,2026-09-30 20:30:04.344,2026-09-30 20:30:04.344,2026-09-30
"1219","gHMvgdfo1z","MOOSPMv3Parser",1790800201,5,5,3,7,7,4,4,7,7,4,1366,359,194200,36,25,1,25,25,36,13,25,0,34,41,23,20,42.422,68,1,36.523388,-119.278778,76.190002,5,600,58,3,"e00fce68f12da1a0c5de6248",2026-09-30 20:30:04.417,2026-09-30 20:30:04.613,2026-09-30 20:30:04.613,2026-09-30
"1220","hBEifoE4E5","MOOSPMv3Parser",1790800800,0,0,2,0,0,2,2,0,0,3,238,134,70957,14,12,1,12,12,35,22,12,1,35,41,22,19,28.338,61,1,36.198902,-120.104362,77.189003,0,600,58,3,"e00fce686dc2ef0a68fa40b0",2026-09-30 20:40:01.967,2026-09-30 20:40:02.225,2026-09-30 20:40:02.225,2026-09-30
"1221","M5CZ3FuynY","MOOSPMv3Parser",1790800801,3,3,0,5,5,0,0,5,5,0,1195,239,0,37,0,4,0,0,35,7,0,2,35,41,20,18,38.167,22,1,36.187496,-119.82193,35.528,8,600,58,3,"e00fce68e739ecbcf9e91965",2026-09-30 20:40:02.415,2026-09-30 20:40:02.636,2026-09-30 20:40:02.636,2026-09-30
"1222","xCivqg2a2M","MOOSPMv3Parser",1790800801,4,4,0,6,6,0,0,6,6,0,1936,283,97102,31,0,1,0,0,31,14,0,0,33,35,24,24,57.757,28,1,36.503155,-120.325378,54.096001,8,600,58,3,"e00fce68e77e43df92405fdb",2026-09-30 20:40:02.31,2026-09-30 20:40:02.671,2026-09-30 20:40:02.671,2026-09-30
"1223","hjCkkwKEmL","MOOSPMv3Parser",1790800801,1,1,0,3,3,0,0,3,3,0,656,170,219311,25,0,2,0,0,37,7,0,0,37,43,16,14,47.686,21,3277,4e-06,0.002297,33641.308594,8,600,58,3,"e00fce68e28dcbc9a589be10",2026-09-30 20:40:02.701,2026-09-30 20:40:02.867,2026-09-30 20:40:02.867,2026-09-30
"1224","AWscOg5zjN","MOOSPMv3Parser",1790800801,1,1,2,2,2,2,2,2,2,2,678,140,343103,19,13,1,14,14,35,7,14,1,40,39,15,18,512.548,89,1,36.139065,-120.368477,186.231003,8,600,58,3,"e00fce6850cac69f647dc199",2026-09-30 20:40:02.823,2026-09-30 20:40:03.047,2026-09-30 20:40:03.047,2026-09-30
"1225","jBwalQ6ahH","MOOSPMv3Parser",1790800800,4,4,2,5,5,3,3,6,6,3,984,244,306578,31,17,3,17,18,33,10,18,1,33,38,24,22,34.891,29,1,35.949703,-119.049896,120.767998,8,599,58,3,"e00fce6808784ceaf209f949",2026-09-30 20:40:02.811,2026-09-30 20:40:03.057,2026-09-30 20:40:03.057,2026-09-30
"1226","MyLpRhAqi0","MOOSPMv3Parser",1790800801,0,0,3,2,2,5,6,3,3,7,342,235,169793,40,26,6,27,27,36,20,27,1,34,40,23,20,32.011,15,1,35.963181,-119.291763,42.509998,10,600,58,3,"e00fce68d6b773b56ce8baa0",2026-09-30 20:40:02.896,2026-09-30 20:40:03.077,2026-09-30 20:40:03.077,2026-09-30
"1227","6tRKuMwLJk","MOOSPMv3Parser",1790800801,3,3,3,5,5,4,4,5,5,4,793,236,248292,29,21,3,22,22,0,0,22,1,34,37,22,22,27.241,48,61,36.433712,-119.92337,50.499001,6,600,58,3,"e00fce6876826e255108c6bd",2026-09-30 20:40:03.197,2026-09-30 20:40:03.419,2026-09-30 20:40:03.419,2026-09-30
"1228","1vNEHoa4CE","MOOSPMv3Parser",1790800801,3,3,2,5,5,3,3,5,5,3,1769,246,207333,28,17,2,18,18,34,11,18,0,34,40,21,19,42.149,25,1,35.77504,-119.238525,71.693001,5,600,58,3,"e00fce68e88237db75a60608",2026-09-30 20:40:03.946,2026-09-30 20:40:04.223,2026-09-30 20:40:04.223,2026-09-30
"1229","qekeE1YhGF","MOOSPMv3Parser",1790800801,5,5,3,7,7,3,3,7,7,4,1339,355,194219,40,23,1,23,23,36,13,23,0,35,41,23,20,42.732,60,1,36.523464,-119.27861,51.688999,5,600,58,3,"e00fce68f12da1a0c5de6248",2026-09-30 20:40:04.493,2026-09-30 20:40:04.68,2026-09-30 20:40:04.68,2026-09-30
"1230","a0iDsqJpNZ","MOOSPMv3Parser",1790801400,0,0,2,0,0,2,3,0,0,3,237,137,70966,15,12,1,13,13,36,21,13,1,36,41,19,17,26.622,72,1,36.198788,-120.104454,75.821999,5,600,58,3,"e00fce686dc2ef0a68fa40b0",2026-09-30 20:50:02.104,2026-09-30 20:50:02.275,2026-09-30 20:50:02.275,2026-09-30
"1231","GjNf0FDc7s","MOOSPMv3Parser",1790801401,3,3,0,5,5,0,0,5,5,0,1214,240,0,32,0,2,0,0,35,6,0,2,35,41,20,18,37.895,23,1,36.187546,-119.821976,35.062,8,600,58,3,"e00fce68e739ecbcf9e91965",2026-09-30 20:50:02.414,2026-09-30 20:50:02.684,2026-09-30 20:50:02.684,2026-09-30
"1232","RJqlBLWJTK","MOOSPMv3Parser",1790801401,4,4,0,6,6,0,0,6,6,0,1922,283,97102,31,0,2,0,0,31,15,0,0,33,35,24,25,57.709,22,1,36.503143,-120.325394,53.75,9,600,58,3,"e00fce68e77e43df92405fdb",2026-09-30 20:50:02.432,2026-09-30 20:50:02.697,2026-09-30 20:50:02.697,2026-09-30
"1233","ikncqa2wNf","MOOSPMv3Parser",1790801401,0,0,3,1,1,4,5,2,2,5,326,221,169809,32,21,4,22,23,36,20,23,1,35,40,22,20,33.29,12,1,35.963169,-119.291786,47.105999,8,600,58,3,"e00fce68d6b773b56ce8baa0",2026-09-30 20:50:02.577,2026-09-30 20:50:02.822,2026-09-30 20:50:02.822,2026-09-30
"1234","y4Mf0DDCeB","MOOSPMv3Parser",1790801401,1,1,2,2,2,2,2,2,2,2,662,138,343118,18,13,1,13,13,35,7,13,0,41,39,15,18,512.484,81,1,36.138947,-120.368446,162.278,8,600,58,3,"e00fce6850cac69f647dc199",2026-09-30 20:50:02.67,2026-09-30 20:50:02.88,2026-09-30 20:50:02.88,2026-09-30
"1235","kRMyVRmuqs","MOOSPMv3Parser",1790801401,1,1,0,3,3,0,0,3,3,0,664,170,219311,22,0,1,0,0,37,6,0,0,38,43,15,14,46.393,26,3277,4e-06,0.002297,33641.308594,8,600,58,3,"e00fce68e28dcbc9a589be10",2026-09-30 20:50:02.688,2026-09-30 20:50:02.902,2026-09-30 20:50:02.902,2026-09-30
"1236","tOboKjIEJE","MOOSPMv3Parser",1790801401,3,3,3,5,5,3,4,5,5,4,740,219,248309,33,20,3,21,21,0,0,21,1,34,37,22,21,27.978,48,59,36.433678,-119.923363,42.43,8,600,58,3,"e00fce6876826e255108c6bd",2026-09-30 20:50:03.168,2026-09-30 20:50:03.496,2026-09-30 20:50:03.496,2026-09-30
"1237","wwO2q6rFRJ","MOOSPMv3Parser",1790801401,4,4,2,5,5,3,3,5,5,3,1800,252,207349,27,19,1,19,19,35,11,19,0,35,40,20,19,45.586,23,1,35.77507,-119.238548,59.414001,8,600,58,3,"e00fce68e88237db75a60608",2026-09-30 20:50:04.252,2026-09-30 20:50:04.432,2026-09-30 20:50:04.432,2026-09-30
"1238","fLSz1QzHmu","MOOSPMv3Parser",1790801401,5,5,3,7,7,3,4,7,7,4,1326,351,194239,37,23,2,24,24,36,12,24,0,35,41,22,20,43.538,74,1,36.523464,-119.27861,51.683998,0,600,58,3,"e00fce68f12da1a0c5de6248",2026-09-30 20:50:04.761,2026-09-30 20:50:04.935,2026-09-30 20:50:04.935,2026-09-30
"1239","2xtGHV4Bsg","MOOSPMv3Parser",1790802000,0,0,1,0,0,2,2,0,0,2,234,134,70974,14,11,1,11,11,36,21,11,1,36,41,20,17,28.507,56,1,36.198845,-120.104416,90.397003,11,600,58,3,"e00fce686dc2ef0a68fa40b0",2026-09-30 21:00:01.802,2026-09-30 21:00:02.011,2026-09-30 21:00:02.011,2026-09-30
"1240","9hy1TUsLrp","MOOSPMv3Parser",1790802001,3,3,0,5,5,0,0,5,5,0,1189,240,0,32,0,2,0,0,35,6,0,2,35,41,19,17,38.572,22,1,36.187496,-119.822128,18.252001,8,600,58,3,"e00fce68e739ecbcf9e91965",2026-09-30 21:00:02.417,2026-09-30 21:00:02.687,2026-09-30 21:00:02.687,2026-09-30
"1241","82JMpFla5H","MOOSPMv3Parser",1790802000,3,3,2,5,5,3,3,5,5,3,938,230,308671,30,15,2,16,16,33,11,16,1,33,37,25,23,35.014,27,1,35.949615,-119.050056,109.089996,7,595,58,3,"e00fce6808784ceaf209f949",2026-09-30 21:00:02.344,2026-09-30 21:00:02.698,2026-09-30 21:00:02.698,2026-09-30
"1242","dQG9Qqvyuy","MOOSPMv3Parser",1790802001,2,2,0,2,2,0,0,3,3,0,655,168,219311,23,0,1,0,0,37,6,0,0,38,44,15,14,46.629,31,3277,4e-06,0.002297,33641.308594,8,600,58,3,"e00fce68e28dcbc9a589be10",2026-09-30 21:00:02.779,2026-09-30 21:00:03.246,2026-09-30 21:00:03.246,2026-09-30
"1243","WOcmDB4DSu","MOOSPMv3Parser",1790802001,4,4,0,6,6,0,0,6,6,0,1882,275,97102,28,0,2,0,0,31,15,0,0,33,35,25,26,56.548,26,1,36.503185,-120.325401,64.609001,7,600,58,3,"e00fce68e77e43df92405fdb",2026-09-30 21:00:03.025,2026-09-30 21:00:03.279,2026-09-30 21:00:03.279,2026-09-30
"1244","urgfiZObbj","MOOSPMv3Parser",1790802001,1,1,2,2,2,2,2,2,2,2,664,141,343134,17,14,1,14,14,35,7,14,0,41,39,15,18,512.51,96,1,36.138973,-120.368523,161.261993,7,600,58,3,"e00fce6850cac69f647dc199",2026-09-30 21:00:02.751,2026-09-30 21:00:03.308,2026-09-30 21:00:03.308,2026-09-30
"1245","BGhyPQO9ap","MOOSPMv3Parser",1790802001,0,0,3,1,1,4,4,2,2,4,313,213,169825,31,21,3,22,22,36,20,22,1,34,40,22,20,33.781,12,1,35.96315,-119.291832,53.978001,10,600,58,3,"e00fce68d6b773b56ce8baa0",2026-09-30 21:00:03.362,2026-09-30 21:00:03.709,2026-09-30 21:00:03.709,2026-09-30
"1246","XaHa347XfQ","MOOSPMv3Parser",1790802001,3,3,3,5,5,3,3,6,6,3,763,226,248326,32,20,4,20,20,0,0,20,1,34,38,22,21,28.129,49,60,36.433533,-119.923393,28.778,9,600,58,3,"e00fce6876826e255108c6bd",2026-09-30 21:00:03.622,2026-09-30 21:00:03.882,2026-09-30 21:00:03.882,2026-09-30
"1247","ohcWhEAR9x","MOOSPMv3Parser",1790802001,4,4,3,5,5,3,3,5,5,3,1875,270,207366,29,20,2,21,21,35,11,21,1,35,40,21,20,45.263,23,1,35.775055,-119.238503,66.348999,9,600,58,3,"e00fce68e88237db75a60608",2026-09-30 21:00:04.198,2026-09-30 21:00:04.403,2026-09-30 21:00:04.403,2026-09-30
"1248","evRdtJyGdc","MOOSPMv3Parser",1790802001,5,5,3,7,7,3,4,7,7,4,1282,335,194257,38,22,2,22,23,36,12,23,1,35,41,22,19,44.396,63,1,36.523373,-119.278847,86.119003,7,600,58,3,"e00fce68f12da1a0c5de6248",2026-09-30 21:00:04.571,2026-09-30 21:00:04.788,2026-09-30 21:00:04.788,2026-09-30
"1249","qlwvyCmtCp","MOOSPMv3Parser",1790802601,5,5,0,6,6,0,0,7,7,0,1936,303,97102,31,0,2,0,0,31,15,0,0,33,35,23,25,56.976,30,1,36.503174,-120.325417,51.488998,11,600,58,3,"e00fce68e77e43df92405fdb",2026-09-30 21:10:02.254,2026-09-30 21:10:02.427,2026-09-30 21:10:02.427,2026-09-30
"1250","kY4hkKxHau","MOOSPMv3Parser",1790802601,3,3,0,5,5,0,0,5,5,0,1182,235,0,35,0,4,0,0,36,7,0,2,36,41,19,18,38.11,25,1,36.187553,-119.822029,30.708,7,600,58,3,"e00fce68e739ecbcf9e91965",2026-09-30 21:10:02.504,2026-09-30 21:10:02.689,2026-09-30 21:10:02.689,2026-09-30
"1251","mBL3sJWmQQ","MOOSPMv3Parser",1790802601,0,0,3,2,2,3,4,2,2,4,328,224,169842,31,21,3,22,22,36,20,22,1,34,40,22,20,33.59,11,1,35.96323,-119.291855,51.004002,10,600,58,3,"e00fce68d6b773b56ce8baa0",2026-09-30 21:10:02.577,2026-09-30 21:10:02.753,2026-09-30 21:10:02.753,2026-09-30
"1252","RcOxJGXYkJ","MOOSPMv3Parser",1790802600,0,0,2,0,0,2,2,0,0,2,237,133,70984,14,12,1,12,12,36,20,12,1,36,41,19,17,29.052,54,1,36.198818,-120.104393,75.016998,9,600,58,3,"e00fce686dc2ef0a68fa40b0",2026-09-30 21:10:02.682,2026-09-30 21:10:02.875,2026-09-30 21:10:02.875,2026-09-30
"1253","iL2EhC8VxP","MOOSPMv3Parser",1790802601,2,2,0,3,3,0,0,3,3,0,659,172,219311,25,0,2,0,0,37,6,0,0,38,44,15,14,48.178,27,3277,4e-06,0.002297,33641.308594,8,600,58,3,"e00fce68e28dcbc9a589be10",2026-09-30 21:10:02.713,2026-09-30 21:10:02.962,2026-09-30 21:10:02.962,2026-09-30
"1254","DmnfCVlGZ9","MOOSPMv3Parser",1790802601,1,1,2,2,2,2,2,2,2,2,671,138,343149,17,13,1,13,13,35,7,13,1,41,39,15,19,512.418,77,1,36.138939,-120.368309,174.901001,5,600,58,3,"e00fce6850cac69f647dc199",2026-09-30 21:10:02.864,2026-09-30 21:10:03.073,2026-09-30 21:10:03.073,2026-09-30
"1255","bnT1FjDXXx","MOOSPMv3Parser",1790802601,3,3,2,5,5,3,3,6,6,3,779,231,248342,33,19,4,19,19,0,0,19,1,34,38,22,22,28.16,49,58,36.433575,-119.923317,40.595001,7,600,58,3,"e00fce6876826e255108c6bd",2026-09-30 21:10:03.169,2026-09-30 21:10:03.336,2026-09-30 21:10:03.336,2026-09-30
"1256","XAGzpepT3j","MOOSPMv3Parser",1790802601,4,4,3,5,5,3,3,6,6,3,1915,278,207383,29,20,2,20,20,34,11,20,1,35,40,21,20,45.27,27,1,35.775082,-119.238541,53.078999,8,600,58,3,"e00fce68e88237db75a60608",2026-09-30 21:10:04.229,2026-09-30 21:10:04.42,2026-09-30 21:10:04.42,2026-09-30
"1257","0gKL4Uq0w2","MOOSPMv3Parser",1790802601,4,4,3,6,6,3,4,6,6,4,1188,315,194277,38,23,2,24,24,36,12,24,1,35,41,23,20,44.943,63,1,36.523399,-119.278725,80.482002,5,600,58,3,"e00fce68f12da1a0c5de6248",2026-09-30 21:10:04.606,2026-09-30 21:10:04.805,2026-09-30 21:10:04.805,2026-09-30
"1258","3HaTjREgaI","MOOSPMv3Parser",1790802600,3,3,2,4,4,2,3,5,5,3,848,208,306115,27,15,2,15,15,32,11,15,1,33,37,24,22,34.815,24,1,35.949615,-119.050056,109.093002,0,600,58,3,"e00fce6808784ceaf209f949",2026-09-30 21:10:29.208,2026-09-30 21:10:29.433,2026-09-30 21:10:29.433,2026-09-30
"1259","8HrAhyiseG","MOOSPMv3Parser",1790803200,0,0,2,0,0,2,2,0,0,2,242,138,70993,14,11,1,12,12,35,21,12,1,35,41,20,18,29.604,46,1,36.198788,-120.104439,78.028999,11,600,58,3,"e00fce686dc2ef0a68fa40b0",2026-09-30 21:20:01.802,2026-09-30 21:20:02.016,2026-09-30 21:20:02.016,2026-09-30
"1260","N9zilXhuMG","MOOSPMv3Parser",1790803201,3,3,0,5,5,0,0,5,5,0,1168,235,0,30,0,3,0,0,36,6,0,2,35,41,20,18,38.334,31,1,36.187553,-119.82209,25.235001,9,600,58,3,"e00fce68e739ecbcf9e91965",2026-09-30 21:20:02.602,2026-09-30 21:20:02.915,2026-09-30 21:20:02.915,2026-09-30
"1261","7n7BaOkzN3","MOOSPMv3Parser",1790803201,5,5,0,6,6,0,0,6,6,0,1937,286,97102,28,0,2,0,0,31,15,0,0,33,35,23,25,58.552,29,1,36.503201,-120.325424,54.335999,9,600,58,3,"e00fce68e77e43df92405fdb",2026-09-30 21:20:02.736,2026-09-30 21:20:02.93,2026-09-30 21:20:02.93,2026-09-30
"1262","KZvDVx6snr","MOOSPMv3Parser",1790803201,1,1,2,2,2,2,2,2,2,2,669,138,343165,18,13,1,13,13,35,7,13,1,41,39,15,19,512.468,76,1,36.138939,-120.368309,174.901993,0,600,58,3,"e00fce6850cac69f647dc199",2026-09-30 21:20:02.82,2026-09-30 21:20:02.994,2026-09-30 21:20:02.994,2026-09-30
"1263","CATMgbXudd","MOOSPMv3Parser",1790803200,3,3,3,5,5,5,6,6,6,7,894,224,306644,33,22,3,24,24,32,12,24,1,34,36,24,23,35.077,19,1,35.949562,-119.049927,114.116997,7,599,58,3,"e00fce6808784ceaf209f949",2026-09-30 21:20:02.912,2026-09-30 21:20:03.122,2026-09-30 21:20:03.122,2026-09-30
"1264","yhKDF7F1CB","MOOSPMv3Parser",1790803201,3,3,3,5,5,3,3,6,6,3,749,226,248358,32,20,4,20,20,0,0,20,1,34,38,22,21,28.624,50,55,36.433582,-119.92337,36.25,10,600,58,3,"e00fce6876826e255108c6bd",2026-09-30 21:20:03.084,2026-09-30 21:20:03.232,2026-09-30 21:20:03.232,2026-09-30
"1265","WkpCWkeFtb","MOOSPMv3Parser",1790803201,4,4,3,6,6,3,3,6,6,3,1927,280,207400,31,21,2,21,21,35,12,21,0,35,40,21,20,46.156,26,1,35.775032,-119.238518,64.134003,10,600,58,3,"e00fce68e88237db75a60608",2026-09-30 21:20:04.188,2026-09-30 21:20:04.364,2026-09-30 21:20:04.364,2026-09-30
"1266","HFOeQJ146r","MOOSPMv3Parser",1790803201,4,4,3,6,6,3,4,6,6,4,1181,308,194294,32,21,2,22,22,36,12,22,1,35,41,22,19,44.452,64,1,36.523479,-119.278549,50.465,6,600,58,3,"e00fce68f12da1a0c5de6248",2026-09-30 21:20:04.571,2026-09-30 21:20:04.759,2026-09-30 21:20:04.759,2026-09-30
"1267","Hv1MOlwBPB","MOOSPMv3Parser",1790803201,0,0,3,2,2,4,4,3,3,4,352,246,169863,38,25,4,26,26,36,19,26,1,35,40,20,19,32.832,18,1,35.963226,-119.291893,54.995998,6,600,58,3,"e00fce68d6b773b56ce8baa0",2026-09-30 21:20:08.005,2026-09-30 21:20:08.217,2026-09-30 21:20:08.217,2026-09-30
"1268","ZMhtARHZVe","MOOSPMv3Parser",1790803201,1,1,0,3,3,0,0,3,3,0,656,168,219311,25,0,2,0,0,37,6,0,0,38,44,15,14,48.033,25,3277,4e-06,0.002297,33641.308594,8,600,58,3,"e00fce68e28dcbc9a589be10",2026-09-30 21:20:18.26,2026-09-30 21:20:18.454,2026-09-30 21:20:18.454,2026-09-30
"1269","Mn7Dgtf56S","MOOSPMv3Parser",1790803800,0,0,1,0,0,2,2,0,0,2,242,136,71003,16,11,1,11,12,35,20,12,1,35,41,19,17,31.12,38,1,36.198818,-120.104385,68.282997,9,600,58,3,"e00fce686dc2ef0a68fa40b0",2026-09-30 21:30:02.085,2026-09-30 21:30:02.249,2026-09-30 21:30:02.249,2026-09-30
"1270","rzV7yojxOG","MOOSPMv3Parser",1790803801,5,5,0,6,6,0,0,6,6,0,1959,297,97102,29,0,2,0,0,31,14,0,0,33,35,23,24,57.831,31,1,36.503067,-120.325409,55.972,9,600,58,3,"e00fce68e77e43df92405fdb",2026-09-30 21:30:02.302,2026-09-30 21:30:02.514,2026-09-30 21:30:02.514,2026-09-30
"1271","3zOGEInDEf","MOOSPMv3Parser",1790803801,2,2,0,3,3,0,0,3,3,0,649,170,219311,23,0,2,0,0,37,6,0,0,38,44,15,14,48.111,29,3277,4e-06,0.002297,33641.308594,8,600,58,3,"e00fce68e28dcbc9a589be10",2026-09-30 21:30:02.502,2026-09-30 21:30:02.746,2026-09-30 21:30:02.746,2026-09-30
"1272","uwuehzMWfX","MOOSPMv3Parser",1790803801,3,3,0,5,5,0,0,5,5,0,1245,248,0,34,0,3,0,0,36,6,0,2,36,41,19,18,38.029,29,1,36.187523,-119.821953,28.323999,8,600,58,3,"e00fce68e739ecbcf9e91965",2026-09-30 21:30:02.567,2026-09-30 21:30:02.776,2026-09-30 21:30:02.776,2026-09-30
"1273","6AvXrYfQFh","MOOSPMv3Parser",1790803801,1,1,2,2,2,2,2,2,2,2,674,141,343181,18,13,1,13,13,35,7,13,1,41,39,15,19,512.566,78,1,36.138893,-120.368416,158.791,8,600,58,3,"e00fce6850cac69f647dc199",2026-09-30 21:30:02.751,2026-09-30 21:30:02.939,2026-09-30 21:30:02.939,2026-09-30
"1274","00DyH4apk9","MOOSPMv3Parser",1790803801,0,0,3,2,2,3,3,2,2,3,342,235,169879,34,22,4,22,22,36,19,22,0,35,40,20,19,34.477,14,1,35.963245,-119.291901,68.803001,6,600,58,3,"e00fce68d6b773b56ce8baa0",2026-09-30 21:30:02.736,2026-09-30 21:30:02.955,2026-09-30 21:30:02.955,2026-09-30
"1275","P5lDzubQOo","MOOSPMv3Parser",1790803800,4,4,2,5,5,4,5,6,6,6,914,233,306660,32,17,3,19,19,31,12,19,1,33,36,24,23,35.567,16,1,35.949673,-119.04995,107.405998,8,599,58,3,"e00fce6808784ceaf209f949",2026-09-30 21:30:03.053,2026-09-30 21:30:03.212,2026-09-30 21:30:03.212,2026-09-30
"1276","9cIdM667d7","MOOSPMv3Parser",1790803801,3,3,3,5,5,3,3,6,6,4,758,229,248374,34,20,4,20,20,0,0,20,1,34,38,21,21,28.12,50,51,36.433582,-119.92337,36.247002,0,600,58,3,"e00fce6876826e255108c6bd",2026-09-30 21:30:03.109,2026-09-30 21:30:03.253,2026-09-30 21:30:03.253,2026-09-30
"1277","iCRK156ZJ9","MOOSPMv3Parser",1790803801,4,4,3,5,5,3,3,6,6,3,1950,286,207418,30,21,2,22,22,35,11,22,0,35,40,20,19,42.286,26,1,35.775043,-119.238495,70.519997,10,600,58,3,"e00fce68e88237db75a60608",2026-09-30 21:30:04.367,2026-09-30 21:30:04.522,2026-09-30 21:30:04.522,2026-09-30
"1278","ED0aRJfCHH","MOOSPMv3Parser",1790803801,4,4,3,6,6,3,4,6,6,4,1120,294,194311,34,21,2,22,22,36,12,22,1,35,41,23,20,45.385,50,1,36.523445,-119.278786,83.336998,7,600,58,3,"e00fce68f12da1a0c5de6248",2026-09-30 21:30:04.509,2026-09-30 21:30:04.674,2026-09-30 21:30:04.674,2026-09-30
"1279","yCRGRmW0Kd","MOOSPMv3Parser",1790804400,0,0,1,0,0,2,2,0,0,2,259,153,71011,17,11,1,11,11,35,20,11,1,36,41,19,17,31.291,40,1,36.198879,-120.104424,74.614998,9,600,58,3,"e00fce686dc2ef0a68fa40b0",2026-09-30 21:40:02.048,2026-09-30 21:40:02.408,2026-09-30 21:40:02.408,2026-09-30
"1280","7YCPGVev0b","MOOSPMv3Parser",1790804401,5,5,0,6,6,0,0,7,7,0,1977,295,97102,33,0,2,0,0,31,14,0,0,33,35,23,24,58.769,27,1,36.503101,-120.325394,49.632,10,600,58,3,"e00fce68e77e43df92405fdb",2026-09-30 21:40:02.313,2026-09-30 21:40:02.472,2026-09-30 21:40:02.472,2026-09-30
"1281","gsyt8Ti60F","MOOSPMv3Parser",1790804401,3,3,0,5,5,0,0,5,5,0,1205,239,0,34,0,2,0,0,36,7,0,2,36,41,19,18,38.134,32,1,36.187428,-119.822014,27.886,5,600,58,3,"e00fce68e739ecbcf9e91965",2026-09-30 21:40:02.493,2026-09-30 21:40:02.805,2026-09-30 21:40:02.805,2026-09-30
"1282","OPUm6KvJYA","MOOSPMv3Parser",1790804401,1,1,0,2,2,0,0,3,3,0,621,161,219311,22,0,1,0,0,37,6,0,0,38,44,15,14,47.432,34,3277,4e-06,0.002297,33641.308594,8,600,58,3,"e00fce68e28dcbc9a589be10",2026-09-30 21:40:02.551,2026-09-30 21:40:02.888,2026-09-30 21:40:02.888,2026-09-30
"1283","gJMazXM8M6","MOOSPMv3Parser",1790804401,1,1,2,2,2,2,2,2,2,2,686,145,343197,18,13,1,13,13,35,7,13,1,41,39,15,19,512.438,80,1,36.138973,-120.368248,185.748001,8,600,58,3,"e00fce6850cac69f647dc199",2026-09-30 21:40:02.762,2026-09-30 21:40:02.92,2026-09-30 21:40:02.92,2026-09-30
"1284","ACUV6qBmXy","MOOSPMv3Parser",1790804400,3,3,2,5,5,3,4,5,5,4,879,222,306676,31,17,2,18,18,31,12,18,1,34,36,23,23,35.298,12,1,35.949512,-119.049942,112.655998,8,599,58,3,"e00fce6808784ceaf209f949",2026-09-30 21:40:02.808,2026-09-30 21:40:02.996,2026-09-30 21:40:02.996,2026-09-30
"1285","PF6rWp0ZtJ","MOOSPMv3Parser",1790804401,0,0,3,2,2,3,4,2,2,4,335,233,169899,33,24,3,24,24,36,20,24,1,35,40,21,20,34.359,12,1,35.963287,-119.291878,42.214001,10,600,58,3,"e00fce68d6b773b56ce8baa0",2026-09-30 21:40:02.838,2026-09-30 21:40:03.024,2026-09-30 21:40:03.024,2026-09-30
"1286","VE6xrdVqYJ","MOOSPMv3Parser",1790804401,3,3,3,5,5,4,5,6,6,5,765,230,248392,33,24,4,25,25,0,0,25,1,34,37,22,22,29.473,50,53,36.433632,-119.92334,32.178001,16,600,58,3,"e00fce6876826e255108c6bd",2026-09-30 21:40:03.477,2026-09-30 21:40:03.604,2026-09-30 21:40:03.604,2026-09-30
"1287","xOECawUxON","MOOSPMv3Parser",1790804401,4,4,3,5,5,3,3,5,5,3,1880,277,207436,33,22,2,22,22,35,11,22,0,36,40,20,20,43.99,23,1,35.775063,-119.238503,64.552002,8,600,58,3,"e00fce68e88237db75a60608",2026-09-30 21:40:04.219,2026-09-30 21:40:04.438,2026-09-30 21:40:04.438,2026-09-30
"1288","MgWGk7RVHJ","MOOSPMv3Parser",1790804401,5,5,3,6,6,3,4,6,6,4,1196,320,194329,36,22,1,22,22,36,12,22,1,35,41,22,19,43.695,70,1,36.52346,-119.27861,72.955002,6,600,58,3,"e00fce68f12da1a0c5de6248",2026-09-30 21:40:04.501,2026-09-30 21:40:04.748,2026-09-30 21:40:04.748,2026-09-30
"1289","CXXciDoQOc","MOOSPMv3Parser",1790805001,5,5,0,6,6,0,0,7,7,0,2067,311,97102,30,0,3,0,0,31,15,0,0,34,36,24,25,58.914,26,1,36.503101,-120.325394,49.630001,0,600,58,3,"e00fce68e77e43df92405fdb",2026-09-30 21:50:02.05,2026-09-30 21:50:02.25,2026-09-30 21:50:02.25,2026-09-30
"1290","CijE9EmSO3","MOOSPMv3Parser",1790805001,3,3,0,6,6,0,0,6,6,0,1300,262,0,36,0,4,0,0,36,7,0,2,36,41,20,18,38.528,32,1,36.187557,-119.822136,25.992001,4,600,58,3,"e00fce68e739ecbcf9e91965",2026-09-30 21:50:02.494,2026-09-30 21:50:02.693,2026-09-30 21:50:02.693,2026-09-30
"1291","Ws129SeIuh","MOOSPMv3Parser",1790805000,0,0,2,0,0,2,2,0,0,2,251,145,71021,16,12,1,13,13,36,20,13,1,36,41,19,17,30.219,50,1,36.198906,-120.104439,75.711998,8,600,58,3,"e00fce686dc2ef0a68fa40b0",2026-09-30 21:50:02.54,2026-09-30 21:50:02.834,2026-09-30 21:50:02.834,2026-09-30
"1292","BfmoIrmD46","MOOSPMv3Parser",1790805001,1,1,2,2,2,2,2,2,2,3,699,145,343213,17,14,1,14,14,35,7,14,1,41,39,15,19,512.525,80,1,36.13884,-120.368431,156.921997,8,600,58,3,"e00fce6850cac69f647dc199",2026-09-30 21:50:02.75,2026-09-30 21:50:02.956,2026-09-30 21:50:02.956,2026-09-30
"1293","k5Rjs6FGCH","MOOSPMv3Parser",1790805001,1,1,0,2,2,0,0,2,2,0,618,156,219311,19,0,1,0,0,37,6,0,0,38,44,16,14,47.252,39,3277,4e-06,0.002297,33641.308594,8,600,58,3,"e00fce68e28dcbc9a589be10",2026-09-30 21:50:02.853,2026-09-30 21:50:03.104,2026-09-30 21:50:03.104,2026-09-30
"1294","akEJ8MIDso","MOOSPMv3Parser",1790805001,1,1,4,4,4,4,4,4,4,4,415,298,169924,46,31,4,31,31,37,19,31,0,35,41,20,19,34.363,17,1,35.963287,-119.291878,42.217999,0,600,58,3,"e00fce68d6b773b56ce8baa0",2026-09-30 21:50:03.051,2026-09-30 21:50:03.257,2026-09-30 21:50:03.257,2026-09-30
"1295","XR2ARzt96z","MOOSPMv3Parser",1790805001,4,4,4,7,7,4,5,8,8,5,959,290,248417,45,29,4,29,29,0,0,29,1,34,37,21,22,29.005,51,57,36.433613,-119.923309,29.08,7,600,58,3,"e00fce6876826e255108c6bd",2026-09-30 21:50:03.356,2026-09-30 21:50:03.517,2026-09-30 21:50:03.517,2026-09-30
"1296","BcAjBnRQET","MOOSPMv3Parser",1790805001,4,4,3,5,5,3,3,6,6,4,1900,281,207455,32,22,3,22,23,35,11,23,0,36,40,20,20,46.003,25,1,35.775063,-119.238503,64.553001,0,600,58,3,"e00fce68e88237db75a60608",2026-09-30 21:50:04.278,2026-09-30 21:50:04.534,2026-09-30 21:50:04.534,2026-09-30
"1297","LBqSR9zK5f","MOOSPMv3Parser",1790805001,4,4,3,5,5,3,4,6,6,4,1111,292,194347,33,23,1,23,23,35,13,23,1,34,40,22,20,45.883,51,1,36.523384,-119.278732,73.528,5,600,58,3,"e00fce68f12da1a0c5de6248",2026-09-30 21:50:04.501,2026-09-30 21:50:04.69,2026-09-30 21:50:04.69,2026-09-30
"1298","Wovj4gV95c","MOOSPMv3Parser",1790805000,4,4,2,5,5,3,3,6,6,3,942,241,306692,32,18,2,18,18,31,11,18,1,33,35,22,23,35.551,11,1,35.949535,-119.049881,109.025002,8,599,58,3,"e00fce6808784ceaf209f949",2026-09-30 21:52:36.727,2026-09-30 21:52:36.928,2026-09-30 21:52:36.928,2026-09-30
"1299","35SuN6pOB5","MOOSPMv3Parser",1790805600,0,0,1,0,0,2,2,0,0,2,230,127,71031,14,11,2,11,11,35,20,11,1,36,41,19,17,30.062,42,1,36.198917,-120.104431,77.553001,6,600,58,3,"e00fce686dc2ef0a68fa40b0",2026-09-30 22:00:01.877,2026-09-30 22:00:02.129,2026-09-30 22:00:02.129,2026-09-30
"1300","OBeTNFUhC9","MOOSPMv3Parser",1790805601,5,5,0,6,6,0,0,6,6,0,1956,303,97102,29,0,2,0,0,31,14,0,0,34,36,22,24,58.112,26,1,36.503193,-120.325325,58.32,7,600,58,3,"e00fce68e77e43df92405fdb",2026-09-30 22:00:02.23,2026-09-30 22:00:02.44,2026-09-30 22:00:02.44,2026-09-30
"1301","SzYkH4LAwD","MOOSPMv3Parser",1790805601,3,3,0,5,5,0,0,6,6,0,1270,253,0,36,0,5,0,0,36,6,0,2,36,41,19,18,38.685,30,1,36.187504,-119.822144,21.714001,8,600,58,3,"e00fce68e739ecbcf9e91965",2026-09-30 22:00:02.495,2026-09-30 22:00:02.955,2026-09-30 22:00:02.955,2026-09-30
"1302","a41JDUPVva","MOOSPMv3Parser",1790805601,1,1,2,2,2,2,2,2,2,3,685,148,343229,21,14,1,14,14,34,7,14,1,40,39,15,19,512.476,71,1,36.138969,-120.368279,176.091003,6,600,58,3,"e00fce6850cac69f647dc199",2026-09-30 22:00:02.828,2026-09-30 22:00:03.121,2026-09-30 22:00:03.121,2026-09-30
"1303","PHnAWI0hqF","MOOSPMv3Parser",1790805601,2,2,4,4,4,4,4,4,4,4,407,293,169947,43,28,4,28,28,37,19,28,0,36,41,20,19,33.306,27,1,35.963257,-119.291817,27.528999,7,600,58,3,"e00fce68d6b773b56ce8baa0",2026-09-30 22:00:02.895,2026-09-30 22:00:03.227,2026-09-30 22:00:03.227,2026-09-30
"1304","PMa8PSmvkC","MOOSPMv3Parser",1790805601,1,1,0,2,2,0,0,2,2,0,598,152,219311,22,0,1,0,0,37,6,0,0,38,44,15,14,47.018,35,3277,4e-06,0.002297,33641.308594,8,600,58,3,"e00fce68e28dcbc9a589be10",2026-09-30 22:00:02.918,2026-09-30 22:00:03.396,2026-09-30 22:00:03.396,2026-09-30
"1305","FbsjxFLvoZ","MOOSPMv3Parser",1790805601,4,4,4,7,7,4,4,7,7,4,939,281,248441,44,29,3,29,29,0,0,29,1,34,36,22,23,29.37,51,59,36.433556,-119.923393,25.159,7,600,58,3,"e00fce6876826e255108c6bd",2026-09-30 22:00:03.275,2026-09-30 22:00:03.63,2026-09-30 22:00:03.63,2026-09-30
"1306","tBFgFMHiST","MOOSPMv3Parser",1790805601,4,4,3,5,5,3,3,6,6,4,1895,288,207474,35,23,1,23,23,35,11,23,0,35,40,21,20,43.563,30,1,35.775017,-119.238525,64.221001,7,600,58,3,"e00fce68e88237db75a60608",2026-09-30 22:00:04.303,2026-09-30 22:00:04.513,2026-09-30 22:00:04.513,2026-09-30
"1307","QaVcYZmfa0","MOOSPMv3Parser",1790805601,4,4,3,6,6,4,4,6,6,4,1133,301,194366,32,24,1,24,24,34,14,24,1,34,40,24,21,47.294,37,1,36.523396,-119.278717,73.903,5,600,58,3,"e00fce68f12da1a0c5de6248",2026-09-30 22:00:04.418,2026-09-30 22:00:04.607,2026-09-30 22:00:04.607,2026-09-30
"1308","zgbx5d1GgJ","MOOSPMv3Parser",1790805600,4,4,3,6,6,3,3,6,6,3,986,250,306708,33,20,2,20,20,31,11,20,1,34,35,22,23,35.856,11,1,35.949547,-119.049904,128.356003,8,599,58,3,"e00fce6808784ceaf209f949",2026-09-30 22:01:05.877,2026-09-30 22:01:06.036,2026-09-30 22:01:06.036,2026-09-30
"1309","E39bllDgTM","MOOSPMv3Parser",1790806200,0,0,2,0,0,2,2,0,0,2,230,130,71041,15,13,1,14,14,35,21,14,1,35,41,20,18,30.202,43,1,36.198807,-120.104454,75.897003,5,600,58,3,"e00fce686dc2ef0a68fa40b0",2026-09-30 22:10:01.874,2026-09-30 22:10:02.135,2026-09-30 22:10:02.135,2026-09-30
"1310","r6zrsZ8PPS","MOOSPMv3Parser",1790806201,3,3,0,5,5,0,0,5,5,0,1246,243,0,37,0,3,0,0,35,7,0,2,36,41,19,18,39.071,28,1,36.187519,-119.822098,23.798,9,600,58,3,"e00fce68e739ecbcf9e91965",2026-09-30 22:10:02.421,2026-09-30 22:10:02.597,2026-09-30 22:10:02.597,2026-09-30
"1311","wQofuBLFgG","MOOSPMv3Parser",1790806201,5,5,0,6,6,0,0,6,6,0,1977,297,97102,30,0,2,0,0,31,14,0,0,34,36,22,23,60.795,20,1,36.502979,-120.325424,41.220001,7,600,58,3,"e00fce68e77e43df92405fdb",2026-09-30 22:10:02.476,2026-09-30 22:10:02.626,2026-09-30 22:10:02.626,2026-09-30
"1312","7JAythq8g9","MOOSPMv3Parser",1790806201,1,1,3,2,2,3,4,3,3,4,360,250,169966,35,24,3,24,24,36,19,24,0,35,40,19,19,34.298,21,1,35.963398,-119.29171,70.051003,7,600,58,3,"e00fce68d6b773b56ce8baa0",2026-09-30 22:10:02.506,2026-09-30 22:10:02.651,2026-09-30 22:10:02.651,2026-09-30
"1313","VFVhN1WCmB","MOOSPMv3Parser",1790806200,4,4,3,6,6,3,3,6,6,3,1052,262,306213,34,21,2,21,21,31,11,21,1,34,35,22,22,35.748,11,1,35.949593,-119.049965,120.316002,7,600,58,3,"e00fce6808784ceaf209f949",2026-09-30 22:10:02.648,2026-09-30 22:10:02.845,2026-09-30 22:10:02.845,2026-09-30
"1314","sgxVVeJwKY","MOOSPMv3Parser",1790806201,1,1,2,2,2,2,3,2,2,3,689,151,343245,19,15,2,15,15,34,8,15,1,40,39,16,20,512.484,64,1,36.138901,-120.368347,189.218002,6,600,58,3,"e00fce6850cac69f647dc199",2026-09-30 22:10:02.822,2026-09-30 22:10:02.982,2026-09-30 22:10:02.982,2026-09-30
"1315","NSalDSTAxj","MOOSPMv3Parser",1790806201,3,3,3,5,5,3,4,6,6,4,736,218,248457,31,22,3,22,22,0,0,22,1,34,37,21,22,29.488,51,63,36.433617,-119.923309,29.826,9,600,58,3,"e00fce6876826e255108c6bd",2026-09-30 22:10:03.122,2026-09-30 22:10:03.307,2026-09-30 22:10:03.307,2026-09-30
"1316","xpO5g5p5Xr","MOOSPMv3Parser",1790806201,4,4,3,5,5,3,3,6,6,3,1894,279,207493,31,22,2,23,23,35,10,23,0,36,40,19,19,45.725,28,1,35.774937,-119.238602,65.929001,9,600,58,3,"e00fce68e88237db75a60608",2026-09-30 22:10:04.341,2026-09-30 22:10:04.518,2026-09-30 22:10:04.518,2026-09-30
"1317","UFvL7rLWCc","MOOSPMv3Parser",1790806201,4,4,3,6,6,4,4,6,6,4,1101,292,194386,35,23,2,24,24,34,14,24,1,34,39,25,22,47.363,31,2,36.523304,-119.278763,83.588997,8,600,58,3,"e00fce68f12da1a0c5de6248",2026-09-30 22:10:04.746,2026-09-30 22:10:04.936,2026-09-30 22:10:04.936,2026-09-30
"1318","gG2D7HnlJX","MOOSPMv3Parser",1790806201,1,1,0,2,2,0,0,2,2,0,578,152,219311,20,0,2,0,0,37,6,0,0,38,43,16,15,48.098,28,3277,4e-06,0.002297,33641.308594,8,600,58,3,"e00fce68e28dcbc9a589be10",2026-09-30 22:10:40.598,2026-09-30 22:10:40.822,2026-09-30 22:10:40.822,2026-09-30
"1319","wJesp7IuQH","MOOSPMv3Parser",1790806800,0,0,1,0,0,2,2,0,0,2,232,131,71050,14,11,2,12,12,35,21,12,1,36,41,19,18,30.401,41,1,36.198807,-120.104454,75.897003,0,600,58,3,"e00fce686dc2ef0a68fa40b0",2026-09-30 22:20:01.951,2026-09-30 22:20:02.141,2026-09-30 22:20:02.141,2026-09-30
"1320","Gc3xnK3ULc","MOOSPMv3Parser",1790806801,5,5,0,6,6,0,0,6,6,0,1965,295,97102,31,0,2,0,0,-10,-10,0,0,34,36,23,24,60.655,16,1,36.503143,-120.325424,70.655998,8,600,58,3,"e00fce68e77e43df92405fdb",2026-09-30 22:20:02.249,2026-09-30 22:20:02.401,2026-09-30 22:20:02.401,2026-09-30
"1321","flAIH12vC5","MOOSPMv3Parser",1790806801,1,1,0,2,2,0,0,2,2,0,591,152,219311,18,0,1,0,0,37,7,0,0,39,43,16,15,48.298,27,3277,4e-06,0.002297,33641.308594,8,600,58,3,"e00fce68e28dcbc9a589be10",2026-09-30 22:20:02.469,2026-09-30 22:20:02.665,2026-09-30 22:20:02.665,2026-09-30
"1322","aklaMCD65V","MOOSPMv3Parser",1790806801,3,3,0,5,5,0,0,5,5,0,1215,243,0,36,0,2,0,0,35,6,0,2,36,41,19,18,38.85,28,1,36.187489,-119.822052,15.306,9,600,58,3,"e00fce68e739ecbcf9e91965",2026-09-30 22:20:02.567,2026-09-30 22:20:02.736,2026-09-30 22:20:02.736,2026-09-30
"1323","yCUZiXVDEf","MOOSPMv3Parser",1790806801,1,1,2,2,2,2,3,2,2,3,693,145,343261,19,14,1,15,15,34,8,15,1,40,39,16,19,512.414,70,1,36.138988,-120.368279,186.050003,6,600,58,3,"e00fce6850cac69f647dc199",2026-09-30 22:20:02.832,2026-09-30 22:20:02.976,2026-09-30 22:20:02.976,2026-09-30
"1324","4t2t7AkNuY","MOOSPMv3Parser",1790806800,5,5,3,6,6,3,4,6,6,4,1069,270,306741,35,22,2,23,23,31,11,23,1,34,35,22,23,35.364,17,1,35.949615,-119.049919,116.328003,7,599,58,3,"e00fce6808784ceaf209f949",2026-09-30 22:20:02.783,2026-09-30 22:20:02.994,2026-09-30 22:20:02.994,2026-09-30
"1325","ld0cmHYfi7","MOOSPMv3Parser",1790806801,0,0,3,1,1,3,3,2,2,3,313,214,169982,29,20,3,21,21,36,19,21,1,36,40,19,19,33.909,17,1,35.963127,-119.291771,50.573002,7,600,58,3,"e00fce68d6b773b56ce8baa0",2026-09-30 22:20:02.981,2026-09-30 22:20:03.13,2026-09-30 22:20:03.13,2026-09-30
"1326","AzmWrQ8KYh","MOOSPMv3Parser",1790806801,3,3,2,4,4,3,3,5,5,3,666,201,248473,28,18,3,18,18,0,0,18,1,34,37,22,22,29.751,52,66,36.433609,-119.923363,43.076,8,600,58,3,"e00fce6876826e255108c6bd",2026-09-30 22:20:03.089,2026-09-30 22:20:03.298,2026-09-30 22:20:03.298,2026-09-30
"1327","ceB98EXurt","MOOSPMv3Parser",1790806801,4,4,3,6,6,3,3,6,6,3,1879,282,207512,37,23,3,23,23,35,11,23,0,36,40,21,20,45.751,22,1,35.775005,-119.238541,61.959,9,600,58,3,"e00fce68e88237db75a60608",2026-09-30 22:20:04.278,2026-09-30 22:20:04.464,2026-09-30 22:20:04.464,2026-09-30
"1328","b65NBc4Eow","MOOSPMv3Parser",1790806801,5,5,3,6,6,4,4,7,7,4,1121,298,194408,34,24,1,25,25,33,14,25,0,34,38,24,22,47.732,27,2,36.523369,-119.278847,88.807999,7,600,58,3,"e00fce68f12da1a0c5de6248",2026-09-30 22:20:04.497,2026-09-30 22:20:04.696,2026-09-30 22:20:04.696,2026-09-30
"1329","Vt9jLTF8i5","MOOSPMv3Parser",1790807401,5,5,0,6,6,0,0,6,6,0,2022,300,97102,29,0,1,0,0,-10,-10,0,0,34,36,24,24,60.976,16,1,36.503094,-120.325386,42.463001,9,600,58,3,"e00fce68e77e43df92405fdb",2026-09-30 22:30:02.314,2026-09-30 22:30:02.583,2026-09-30 22:30:02.583,2026-09-30
"1330","tBcyhayxxH","MOOSPMv3Parser",1790807401,3,3,0,6,6,0,0,6,6,0,1268,261,0,41,0,5,0,0,35,6,0,2,36,40,19,18,39.065,26,1,36.187447,-119.82206,26.804001,10,600,58,3,"e00fce68e739ecbcf9e91965",2026-09-30 22:30:02.491,2026-09-30 22:30:02.669,2026-09-30 22:30:02.669,2026-09-30
"1331","hshrNfYNus","MOOSPMv3Parser",1790807400,0,0,1,0,0,2,2,0,0,2,231,130,71059,14,11,1,11,11,35,21,11,1,36,41,20,18,30.77,38,1,36.198799,-120.104469,74.428001,10,600,58,3,"e00fce686dc2ef0a68fa40b0",2026-09-30 22:30:02.502,2026-09-30 22:30:02.67,2026-09-30 22:30:02.67,2026-09-30
"1332","HVZDRKVvcA","MOOSPMv3Parser",1790807401,0,0,3,2,2,3,3,2,2,3,331,226,170000,32,21,3,22,22,36,19,22,1,36,40,19,19,34.312,16,1,35.96312,-119.291756,47.575001,10,600,58,3,"e00fce68d6b773b56ce8baa0",2026-09-30 22:30:02.65,2026-09-30 22:30:02.816,2026-09-30 22:30:02.816,2026-09-30
"1333","MZuJYeQ6iW","MOOSPMv3Parser",1790807401,2,2,0,2,2,0,0,2,2,0,652,168,219311,20,0,1,0,0,37,7,0,0,38,43,16,15,47.151,35,3277,4e-06,0.002297,33641.308594,8,600,58,3,"e00fce68e28dcbc9a589be10",2026-09-30 22:30:02.619,2026-09-30 22:30:02.827,2026-09-30 22:30:02.827,2026-09-30
"1334","Ay5hVVw3xy","MOOSPMv3Parser",1790807400,4,4,2,5,5,3,3,6,6,3,982,247,306757,32,19,2,19,19,31,11,20,1,34,35,22,23,35.805,18,1,35.949596,-119.049881,122.573997,6,599,58,3,"e00fce6808784ceaf209f949",2026-09-30 22:30:02.808,2026-09-30 22:30:02.985,2026-09-30 22:30:02.985,2026-09-30
"1335","x4h1sZLAJ9","MOOSPMv3Parser",1790807401,1,1,2,2,2,2,3,2,2,3,708,155,343277,21,15,1,15,15,34,8,15,1,40,39,16,20,512.383,64,1,36.138966,-120.368408,160.376999,7,600,58,3,"e00fce6850cac69f647dc199",2026-09-30 22:30:02.999,2026-09-30 22:30:03.158,2026-09-30 22:30:03.158,2026-09-30
"1336","5inQYIvMpi","MOOSPMv3Parser",1790807401,3,3,3,5,5,3,4,6,6,4,720,216,248490,31,21,4,21,21,0,0,21,1,34,36,22,23,30.163,52,70,36.433598,-119.923347,38.805,8,600,58,3,"e00fce6876826e255108c6bd",2026-09-30 22:30:03.355,2026-09-30 22:30:03.534,2026-09-30 22:30:03.534,2026-09-30
"1337","jDI3rA3CXF","MOOSPMv3Parser",1790807401,5,5,3,6,6,3,3,6,6,3,1936,288,207529,31,21,1,21,21,34,11,21,0,36,40,19,20,46.848,26,1,35.775028,-119.238564,67.030998,8,600,58,3,"e00fce68e88237db75a60608",2026-09-30 22:30:04.347,2026-09-30 22:30:04.501,2026-09-30 22:30:04.501,2026-09-30
"1338","S7u09ivaLs","MOOSPMv3Parser",1790807401,5,5,3,7,7,4,4,7,7,4,1158,311,194431,36,27,1,27,27,33,15,27,0,33,38,24,22,47.28,31,3,36.523354,-119.278854,69.917,7,600,58,3,"e00fce68f12da1a0c5de6248",2026-09-30 22:30:04.508,2026-09-30 22:30:04.695,2026-09-30 22:30:04.695,2026-09-30
"1339","IMGceLBgX8","MOOSPMv3Parser",1790808000,0,0,1,0,0,2,2,0,0,2,230,128,71068,14,11,1,12,12,35,20,12,1,36,40,20,18,31.891,35,1,36.198833,-120.104324,76.869003,9,600,58,3,"e00fce686dc2ef0a68fa40b0",2026-09-30 22:40:02.007,2026-09-30 22:40:02.197,2026-09-30 22:40:02.197,2026-09-30
"1340","PbWEVRBXYx","MOOSPMv3Parser",1790808001,4,4,0,5,5,0,0,6,6,0,1858,274,97102,27,0,2,0,0,32,13,0,0,34,36,22,24,61.678,16,1,36.503086,-120.325439,48.41,9,600,58,3,"e00fce68e77e43df92405fdb",2026-09-30 22:40:02.333,2026-09-30 22:40:02.557,2026-09-30 22:40:02.557,2026-09-30
"1341","MbsonD62IH","MOOSPMv3Parser",1790808001,3,3,0,5,5,0,0,5,5,0,1171,246,0,35,0,3,0,0,35,7,0,2,36,40,20,19,39.687,21,1,36.18755,-119.821854,36.639999,8,600,58,3,"e00fce68e739ecbcf9e91965",2026-09-30 22:40:02.486,2026-09-30 22:40:02.698,2026-09-30 22:40:02.698,2026-09-30
"1342","AznfCSUQvN","MOOSPMv3Parser",1790808000,4,4,3,6,6,4,4,7,7,4,1061,271,306774,36,22,3,22,22,31,11,22,1,34,35,22,23,35.787,32,1,35.949627,-119.049927,124.926003,5,599,58,3,"e00fce6808784ceaf209f949",2026-09-30 22:40:02.648,2026-09-30 22:40:02.829,2026-09-30 22:40:02.829,2026-09-30
"1343","dU2a0sQRzQ","MOOSPMv3Parser",1790808001,1,1,0,2,2,0,0,2,2,0,604,156,219311,18,0,1,0,0,37,7,0,0,39,43,16,15,46.041,40,3277,4e-06,0.002297,33641.308594,8,600,58,3,"e00fce68e28dcbc9a589be10",2026-09-30 22:40:02.787,2026-09-30 22:40:02.941,2026-09-30 22:40:02.941,2026-09-30
"1344","W4rpm0JDKE","MOOSPMv3Parser",1790808001,1,1,2,2,2,2,3,3,3,3,722,158,343293,22,15,2,15,16,34,8,16,1,40,39,16,20,512.439,63,1,36.139061,-120.368233,208.854996,7,600,58,3,"e00fce6850cac69f647dc199",2026-09-30 22:40:02.841,2026-09-30 22:40:03.022,2026-09-30 22:40:03.022,2026-09-30
"1345","1h8BVETGBA","MOOSPMv3Parser",1790808001,0,0,3,2,2,3,3,2,2,3,314,212,170016,29,20,4,20,20,36,19,20,1,36,40,19,19,35.024,17,1,35.963207,-119.291771,27.445999,7,600,58,3,"e00fce68d6b773b56ce8baa0",2026-09-30 22:40:03.056,2026-09-30 22:40:03.353,2026-09-30 22:40:03.353,2026-09-30
"1346","YOc4EEFVoA","MOOSPMv3Parser",1790808001,3,3,3,5,5,3,4,6,6,4,721,214,248507,33,20,4,21,21,0,0,21,1,34,36,21,22,29.688,52,73,36.433685,-119.923332,34.077999,5,600,58,3,"e00fce6876826e255108c6bd",2026-09-30 22:40:03.468,2026-09-30 22:40:03.694,2026-09-30 22:40:03.694,2026-09-30
"1347","BrZwnC3Onq","MOOSPMv3Parser",1790808001,5,5,3,6,6,3,3,6,6,3,1918,285,207546,33,21,1,21,21,34,11,21,0,36,39,20,20,46.343,21,1,35.775166,-119.238495,74.170998,7,600,58,3,"e00fce68e88237db75a60608",2026-09-30 22:40:04.282,2026-09-30 22:40:04.498,2026-09-30 22:40:04.498,2026-09-30
"1348","7fSVoXoH8n","MOOSPMv3Parser",1790808001,5,5,4,7,7,4,4,7,7,5,1153,312,194455,37,27,1,28,28,33,15,28,1,33,37,24,22,48.304,25,3,36.523354,-119.278854,69.917999,0,600,58,3,"e00fce68f12da1a0c5de6248",2026-09-30 22:40:04.524,2026-09-30 22:40:04.733,2026-09-30 22:40:04.733,2026-09-30
"1349","UoG9Ry0Bol","MOOSPMv3Parser",1790808600,0,0,2,0,0,2,2,0,0,3,239,134,71079,15,13,1,14,14,35,22,14,1,35,40,21,19,31.426,31,1,36.198822,-120.104477,64.598,9,600,58,3,"e00fce686dc2ef0a68fa40b0",2026-09-30 22:50:01.871,2026-09-30 22:50:02.046,2026-09-30 22:50:02.046,2026-09-30
"1350","3oF0bFJoEg","MOOSPMv3Parser",1790808601,3,3,0,5,5,0,0,6,6,0,1202,248,0,35,0,3,0,0,35,7,0,2,36,40,20,19,39.162,21,1,36.187492,-119.821968,34.410999,7,600,58,3,"e00fce68e739ecbcf9e91965",2026-09-30 22:50:02.424,2026-09-30 22:50:02.626,2026-09-30 22:50:02.626,2026-09-30
"1351","UiaVuYgbys","MOOSPMv3Parser",1790808601,0,0,3,2,2,4,4,3,3,4,348,244,170034,35,24,4,24,24,37,19,24,1,36,40,19,19,34.824,27,1,35.963146,-119.291794,48.817001,7,600,58,3,"e00fce68d6b773b56ce8baa0",2026-09-30 22:50:02.505,2026-09-30 22:50:02.656,2026-09-30 22:50:02.656,2026-09-30
"1352","fpbHmd0Fsi","MOOSPMv3Parser",1790808601,1,1,0,2,2,0,0,3,3,0,623,166,219311,19,0,1,0,0,36,7,0,0,38,43,16,15,47.315,36,3277,4e-06,0.002297,33641.308594,8,600,58,3,"e00fce68e28dcbc9a589be10",2026-09-30 22:50:02.498,2026-09-30 22:50:02.677,2026-09-30 22:50:02.677,2026-09-30
"1353","qHUsutfNzU","MOOSPMv3Parser",1790808600,4,4,2,6,6,3,4,6,6,4,1016,260,306279,34,18,3,19,19,31,11,19,1,34,35,22,23,37.508,22,1,35.949627,-119.049927,124.93,0,600,58,3,"e00fce6808784ceaf209f949",2026-09-30 22:50:02.729,2026-09-30 22:50:02.935,2026-09-30 22:50:02.935,2026-09-30
"1354","TZPjZj1r3l","MOOSPMv3Parser",1790808601,1,1,2,2,2,3,3,3,3,3,729,165,343309,23,16,1,16,16,34,8,16,1,40,39,16,20,512.458,57,1,36.139,-120.368416,168.852005,7,600,58,3,"e00fce6850cac69f647dc199",2026-09-30 22:50:03.09,2026-09-30 22:50:03.267,2026-09-30 22:50:03.267,2026-09-30
"1355","zeebg6fak2","MOOSPMv3Parser",1790808601,3,3,3,5,5,4,5,6,6,5,733,221,248525,34,22,5,23,23,0,0,23,1,34,36,21,22,29.581,53,74,36.43362,-119.923386,27.973,7,600,58,3,"e00fce6876826e255108c6bd",2026-09-30 22:50:03.182,2026-09-30 22:50:03.376,2026-09-30 22:50:03.376,2026-09-30
"1356","pxqt3mbYST","MOOSPMv3Parser",1790808601,5,5,3,6,6,3,3,7,7,4,1986,298,207566,33,23,2,23,23,34,11,23,0,36,39,20,21,47.104,21,1,35.775097,-119.238472,66.413002,6,600,58,3,"e00fce68e88237db75a60608",2026-09-30 22:50:04.297,2026-09-30 22:50:04.438,2026-09-30 22:50:04.438,2026-09-30
"1357","fRj2AomgBK","MOOSPMv3Parser",1790808601,6,6,3,7,7,4,4,8,8,4,1209,323,194477,35,26,2,26,26,32,16,26,1,33,37,24,23,49.155,19,4,36.523342,-119.278839,85.049004,9,600,58,3,"e00fce68f12da1a0c5de6248",2026-09-30 22:50:04.905,2026-09-30 22:50:05.086,2026-09-30 22:50:05.086,2026-09-30
"1358","Vg6FeKrRe5","MOOSPMv3Parser",1790808601,5,5,0,6,6,0,0,6,6,0,1917,285,97102,27,0,1,0,0,32,14,0,0,34,36,22,24,61.016,14,1,36.503086,-120.325401,36.523998,10,600,58,3,"e00fce68e77e43df92405fdb",2026-09-30 22:50:16.646,2026-09-30 22:50:16.863,2026-09-30 22:50:16.863,2026-09-30
"1359","vbEutq7MiY","MOOSPMv3Parser",1790809200,0,0,2,0,0,2,2,0,0,3,254,150,71088,16,12,1,12,13,35,21,13,1,36,40,20,18,31.177,34,1,36.198833,-120.104385,66.685997,6,600,58,3,"e00fce686dc2ef0a68fa40b0",2026-09-30 23:00:01.783,2026-09-30 23:00:01.936,2026-09-30 23:00:01.936,2026-09-30
"1360","lKRIE02h6b","MOOSPMv3Parser",1790809201,4,4,0,6,6,0,0,6,6,0,1873,268,97102,30,0,2,0,0,32,14,0,0,34,36,24,25,59.568,16,1,36.503117,-120.325371,47.833,11,600,58,3,"e00fce68e77e43df92405fdb",2026-09-30 23:00:02.07,2026-09-30 23:00:02.335,2026-09-30 23:00:02.335,2026-09-30
"1361","W09uLnimQ1","MOOSPMv3Parser",1790809201,5,5,0,7,7,0,0,8,8,0,1458,323,0,47,0,5,0,0,34,8,0,2,36,40,21,20,40.329,20,1,36.187477,-119.822083,22.309,8,600,58,3,"e00fce68e739ecbcf9e91965",2026-09-30 23:00:02.49,2026-09-30 23:00:02.722,2026-09-30 23:00:02.722,2026-09-30
"1362","QyDdp0eQUU","MOOSPMv3Parser",1790809201,1,1,0,2,2,0,0,2,2,0,629,166,219311,20,0,1,0,0,36,7,0,0,38,43,16,16,46.951,25,3277,4e-06,0.002297,33641.308594,8,600,58,3,"e00fce68e28dcbc9a589be10",2026-09-30 23:00:02.496,2026-09-30 23:00:02.743,2026-09-30 23:00:02.743,2026-09-30
"1363","PBUamsDmEL","MOOSPMv3Parser",1790809201,2,2,2,3,3,3,3,3,3,3,776,169,343325,22,16,1,16,16,34,8,16,1,40,39,16,20,512.327,54,1,36.138954,-120.368423,165.100998,10,600,58,3,"e00fce6850cac69f647dc199",2026-09-30 23:00:02.658,2026-09-30 23:00:03.188,2026-09-30 23:00:03.188,2026-09-30
"1364","MAXW7OZgKC","MOOSPMv3Parser",1790809201,1,1,4,3,3,4,5,4,4,5,394,280,170057,42,28,5,28,29,37,19,29,1,37,41,19,19,33.525,26,1,35.96312,-119.291779,40.772999,5,600,58,3,"e00fce68d6b773b56ce8baa0",2026-09-30 23:00:02.892,2026-09-30 23:00:03.365,2026-09-30 23:00:03.365,2026-09-30
"1365","bPViYPO9Mu","MOOSPMv3Parser",1790809200,4,4,3,6,6,3,4,6,6,4,1018,260,306295,35,20,3,20,21,31,11,21,1,34,35,22,23,39.007,11,1,35.949543,-119.04998,121.789001,5,600,58,3,"e00fce6808784ceaf209f949",2026-09-30 23:00:03.102,2026-09-30 23:00:03.569,2026-09-30 23:00:03.569,2026-09-30
"1366","i0nZmggDh6","MOOSPMv3Parser",1790809201,3,3,3,4,4,3,4,5,5,4,703,210,248541,29,19,3,20,20,0,0,20,1,34,36,22,23,29.805,53,78,36.43372,-119.92334,46.134998,6,600,58,3,"e00fce6876826e255108c6bd",2026-09-30 23:00:03.255,2026-09-30 23:00:03.704,2026-09-30 23:00:03.704,2026-09-30
"1367","McL2Qz0ElU","MOOSPMv3Parser",1790809201,5,5,3,7,7,3,4,7,7,4,1958,314,207586,35,24,2,24,24,34,11,24,1,36,39,20,21,46.875,19,1,35.775047,-119.23851,59.327,6,600,58,3,"e00fce68e88237db75a60608",2026-09-30 23:00:04.437,2026-09-30 23:00:04.644,2026-09-30 23:00:04.644,2026-09-30
"1368","1NOeD3yasl","MOOSPMv3Parser",1790809201,5,5,3,7,7,4,4,8,8,4,1166,316,194499,37,25,2,26,26,32,16,26,1,33,36,24,23,48.548,16,5,36.523396,-119.278786,96.587997,7,600,58,3,"e00fce68f12da1a0c5de6248",2026-09-30 23:00:04.767,2026-09-30 23:00:04.95,2026-09-30 23:00:04.95,2026-09-30
"1369","iimPns4IFt","MOOSPMv3Parser",1790809801,4,4,0,5,5,0,0,6,6,0,1852,266,97102,29,0,1,0,0,32,13,0,0,34,36,22,23,59.64,18,1,36.503098,-120.325378,43.533001,5,600,58,3,"e00fce68e77e43df92405fdb",2026-09-30 23:10:02.49,2026-09-30 23:10:02.671,2026-09-30 23:10:02.671,2026-09-30
"1370","8pr4gLkczi","MOOSPMv3Parser",1790809800,4,4,3,6,6,3,4,7,7,4,1061,271,306822,37,19,3,20,20,31,12,20,1,34,35,23,24,39.888,11,1,35.949554,-119.049957,116.100998,6,599,58,3,"e00fce6808784ceaf209f949",2026-09-30 23:10:02.551,2026-09-30 23:10:02.714,2026-09-30 23:10:02.714,2026-09-30
"1371","zRp04YNPSZ","MOOSPMv3Parser",1790809801,4,4,0,7,7,0,0,8,8,0,1453,325,0,47,0,4,0,0,34,8,0,2,35,39,20,20,41.465,17,2,36.18755,-119.822014,19.110001,6,600,58,3,"e00fce68e739ecbcf9e91965",2026-09-30 23:10:02.577,2026-09-30 23:10:02.729,2026-09-30 23:10:02.729,2026-09-30
"1372","jD9EruQ9pW","MOOSPMv3Parser",1790809801,2,2,0,3,3,0,0,3,3,0,658,177,219311,21,0,1,0,0,36,8,0,0,38,42,17,16,46.245,30,3277,4e-06,0.002297,33641.308594,8,600,58,3,"e00fce68e28dcbc9a589be10",2026-09-30 23:10:02.583,2026-09-30 23:10:02.737,2026-09-30 23:10:02.737,2026-09-30
"1373","6UyJgNkEXL","MOOSPMv3Parser",1790809800,0,0,2,0,0,3,3,0,0,3,276,165,71101,19,15,1,16,16,34,21,16,1,35,40,21,19,31.462,36,1,36.198761,-120.104431,62.692001,11,600,58,3,"e00fce686dc2ef0a68fa40b0",2026-09-30 23:10:02.668,2026-09-30 23:10:02.855,2026-09-30 23:10:02.855,2026-09-30
"1374","XPRp70Hsps","MOOSPMv3Parser",1790809801,0,0,3,2,2,4,4,3,3,4,342,237,170074,35,23,5,24,24,37,19,24,1,36,41,19,19,34.227,31,1,35.963196,-119.291801,42.589001,9,600,58,3,"e00fce68d6b773b56ce8baa0",2026-09-30 23:10:02.647,2026-09-30 23:10:02.898,2026-09-30 23:10:02.898,2026-09-30
"1375","HjeFtc86tg","MOOSPMv3Parser",1790809801,2,2,2,3,3,3,3,3,3,3,802,173,343341,22,16,1,16,16,34,8,16,1,40,39,16,20,512.305,55,1,36.138954,-120.368423,165.102997,0,600,58,3,"e00fce6850cac69f647dc199",2026-09-30 23:10:02.894,2026-09-30 23:10:03.062,2026-09-30 23:10:03.062,2026-09-30
"1376","KKSSDLj95g","MOOSPMv3Parser",1790809801,3,3,3,6,6,4,5,7,7,6,763,231,248560,36,22,6,24,24,0,0,24,1,34,36,22,23,30.183,53,81,36.433613,-119.923355,37.547001,5,600,58,3,"e00fce6876826e255108c6bd",2026-09-30 23:10:03.236,2026-09-30 23:10:03.48,2026-09-30 23:10:03.48,2026-09-30
"1377","1PFvcVauhu","MOOSPMv3Parser",1790809801,5,5,3,7,7,4,4,7,7,4,1889,299,207606,36,24,2,24,24,34,11,25,1,36,39,20,20,47.746,17,1,35.775024,-119.238571,70.267998,6,600,58,3,"e00fce68e88237db75a60608",2026-09-30 23:10:04.437,2026-09-30 23:10:04.646,2026-09-30 23:10:04.646,2026-09-30
"1378","0D9SUFCiiW","MOOSPMv3Parser",1790809801,5,5,3,6,6,4,4,7,7,4,1107,301,194523,33,26,2,27,27,31,17,27,1,33,36,25,24,49.992,13,6,36.523285,-119.278786,82.727997,7,600,58,3,"e00fce68f12da1a0c5de6248",2026-09-30 23:10:04.699,2026-09-30 23:10:04.84,2026-09-30 23:10:04.84,2026-09-30
"1379","sffP196eM2","MOOSPMv3Parser",1790810400,0,0,2,0,0,3,3,0,0,3,261,155,71113,18,16,2,16,16,34,22,16,1,35,39,21,19,31.022,41,1,36.198849,-120.104431,76.291,10,600,58,3,"e00fce686dc2ef0a68fa40b0",2026-09-30 23:20:01.789,2026-09-30 23:20:01.955,2026-09-30 23:20:01.955,2026-09-30
"1380","tUgeI43nhu","MOOSPMv3Parser",1790810401,2,2,0,2,2,0,0,3,3,0,622,163,219311,22,0,1,0,0,36,8,0,0,38,42,18,17,46.583,29,3277,4e-06,0.002297,33641.308594,8,600,58,3,"e00fce68e28dcbc9a589be10",2026-09-30 23:20:02.652,2026-09-30 23:20:02.798,2026-09-30 23:20:02.798,2026-09-30
"1381","urYFQqnsck","MOOSPMv3Parser",1790810401,3,3,0,5,5,0,0,6,6,0,1190,252,0,37,0,4,0,0,34,8,0,2,35,39,21,20,42.296,12,2,36.187557,-119.821938,32.910999,7,600,58,3,"e00fce68e739ecbcf9e91965",2026-09-30 23:20:02.646,2026-09-30 23:20:02.815,2026-09-30 23:20:02.815,2026-09-30
"1382","1qD4WJn7qy","MOOSPMv3Parser",1790810400,5,5,3,7,7,4,4,7,7,5,1119,286,306328,39,22,3,22,23,30,12,23,1,34,35,23,24,39.482,10,1,35.949589,-119.049942,123.799004,5,600,58,3,"e00fce6808784ceaf209f949",2026-09-30 23:20:02.757,2026-09-30 23:20:03.02,2026-09-30 23:20:03.02,2026-09-30
"1383","Vsfzl3Xt1U","MOOSPMv3Parser",1790810401,2,2,5,5,5,5,5,5,5,5,435,319,170105,53,37,5,38,38,36,19,38,0,36,40,19,19,33.988,26,1,35.96315,-119.291817,35.048,9,600,58,3,"e00fce68d6b773b56ce8baa0",2026-09-30 23:20:02.824,2026-09-30 23:20:03.031,2026-09-30 23:20:03.031,2026-09-30
"1384","egGSdz1kcE","MOOSPMv3Parser",1790810401,2,2,2,3,3,3,3,3,3,3,815,178,343357,26,16,3,17,17,34,8,17,1,40,38,16,20,512.275,57,1,36.138962,-120.368431,171.432999,6,600,58,3,"e00fce6850cac69f647dc199",2026-09-30 23:20:02.916,2026-09-30 23:20:03.087,2026-09-30 23:20:03.087,2026-09-30
"1385","Nfv768rEnI","MOOSPMv3Parser",1790810401,4,4,0,5,5,0,0,6,6,0,1828,264,97102,27,0,2,0,0,32,14,0,0,34,36,23,25,60.466,17,1,36.503014,-120.325401,37.778999,8,600,58,3,"e00fce68e77e43df92405fdb",2026-09-30 23:20:02.984,2026-09-30 23:20:03.177,2026-09-30 23:20:03.177,2026-09-30
"1386","QgVRF5aNhc","MOOSPMv3Parser",1790810401,3,3,3,5,5,3,4,6,6,4,690,208,248576,31,20,4,21,21,0,0,21,1,34,36,22,23,30.325,54,82,36.433613,-119.923355,37.549999,0,600,58,3,"e00fce6876826e255108c6bd",2026-09-30 23:20:03.431,2026-09-30 23:20:03.585,2026-09-30 23:20:03.585,2026-09-30
"1387","BnrqhSouSd","MOOSPMv3Parser",1790810401,5,5,3,6,6,3,3,7,7,4,1837,291,207624,35,22,2,22,22,34,10,22,1,36,38,19,20,46.452,18,1,35.775021,-119.23851,63.855999,6,600,58,3,"e00fce68e88237db75a60608",2026-09-30 23:20:04.437,2026-09-30 23:20:04.658,2026-09-30 23:20:04.658,2026-09-30
"1388","1tMyizPBV4","MOOSPMv3Parser",1790810401,5,5,3,7,7,4,4,8,8,4,1154,313,194546,38,26,3,26,26,31,17,26,1,33,36,25,25,49.414,12,8,36.5233,-119.278816,59.625999,5,600,58,3,"e00fce68f12da1a0c5de6248",2026-09-30 23:20:04.739,2026-09-30 23:20:04.959,2026-09-30 23:20:04.959,2026-09-30
"1389","TmCqnrsxeR","MOOSPMv3Parser",1790811000,0,0,2,0,0,2,2,0,0,3,256,150,71123,17,12,2,13,13,34,22,13,1,35,39,20,19,30.475,35,1,36.198818,-120.10437,70.814003,10,600,58,3,"e00fce686dc2ef0a68fa40b0",2026-09-30 23:30:01.864,2026-09-30 23:30:02.065,2026-09-30 23:30:02.065,2026-09-30
"1390","L4tO10ZuCb","MOOSPMv3Parser",1790811001,4,4,0,5,5,0,0,5,5,0,1842,267,97102,26,0,1,0,0,31,13,0,0,34,35,22,24,59.954,21,1,36.503151,-120.325401,50.661999,10,600,58,3,"e00fce68e77e43df92405fdb",2026-09-30 23:30:02.31,2026-09-30 23:30:02.464,2026-09-30 23:30:02.464,2026-09-30
"1391","JL0W09McAl","MOOSPMv3Parser",1790811001,1,1,0,2,2,0,0,3,3,0,613,164,219311,23,0,1,0,0,36,8,0,0,38,42,17,17,46.698,25,3277,4e-06,0.002297,33641.308594,8,600,58,3,"e00fce68e28dcbc9a589be10",2026-09-30 23:30:02.507,2026-09-30 23:30:02.658,2026-09-30 23:30:02.658,2026-09-30
"1392","BDNPUJEP8V","MOOSPMv3Parser",1790811000,5,5,3,7,7,3,4,8,8,4,1226,315,306344,41,20,2,21,21,30,12,21,1,34,35,23,24,39.562,12,1,35.949619,-119.04995,125.262001,5,600,58,3,"e00fce6808784ceaf209f949",2026-09-30 23:30:02.553,2026-09-30 23:30:02.727,2026-09-30 23:30:02.727,2026-09-30
"1393","xzeuIfLQyW","MOOSPMv3Parser",1790811001,2,2,5,5,5,5,5,5,5,5,420,308,170136,53,36,5,37,37,36,19,37,0,36,40,19,19,33.768,26,1,35.963135,-119.291786,47.456001,9,600,58,3,"e00fce68d6b773b56ce8baa0",2026-09-30 23:30:02.746,2026-09-30 23:30:02.891,2026-09-30 23:30:02.891,2026-09-30
"1394","DZbTSoJDld","MOOSPMv3Parser",1790811001,3,3,0,5,5,0,0,6,6,0,1246,262,0,36,0,3,0,0,34,8,0,2,35,39,20,20,41.504,12,3,36.187557,-119.821938,32.914001,0,600,58,3,"e00fce68e739ecbcf9e91965",2026-09-30 23:30:02.734,2026-09-30 23:30:02.969,2026-09-30 23:30:02.969,2026-09-30
"1395","cFeoG4f8Kq","MOOSPMv3Parser",1790811001,2,2,2,3,3,3,3,3,3,3,847,188,343373,24,17,2,18,18,34,9,18,1,39,38,17,21,512.32,57,1,36.138905,-120.368317,155.763,5,600,58,3,"e00fce6850cac69f647dc199",2026-09-30 23:30:02.928,2026-09-30 23:30:03.111,2026-09-30 23:30:03.111,2026-09-30
"1396","rAKRUG4M9e","MOOSPMv3Parser",1790811001,3,3,3,5,5,4,4,6,6,4,669,198,248592,29,21,6,22,22,1,0,22,1,34,36,22,23,30.16,54,87,36.43362,-119.923363,40.551998,6,600,58,3,"e00fce6876826e255108c6bd",2026-09-30 23:30:03.374,2026-09-30 23:30:03.514,2026-09-30 23:30:03.514,2026-09-30
"1397","Q3EP6YeFjL","MOOSPMv3Parser",1790811001,4,4,3,5,5,3,3,6,6,4,1714,255,207641,31,21,2,22,22,34,10,22,1,36,38,18,20,45.865,15,1,35.77496,-119.238518,67.782997,6,600,58,3,"e00fce68e88237db75a60608",2026-09-30 23:30:04.428,2026-09-30 23:30:04.562,2026-09-30 23:30:04.562,2026-09-30
"1398","LUfXzSgsLt","MOOSPMv3Parser",1790811001,5,5,3,7,7,4,4,7,7,4,1140,309,194569,35,26,2,27,27,31,18,27,1,33,35,25,25,48.392,23,9,36.523369,-119.27874,72.264,7,600,58,3,"e00fce68f12da1a0c5de6248",2026-09-30 23:30:04.776,2026-09-30 23:30:04.954,2026-09-30 23:30:04.954,2026-09-30
"1399","BbeZlJOjGg","MOOSPMv3Parser",1790811600,0,0,2,0,0,2,2,0,0,3,255,149,71133,17,13,2,13,13,34,22,13,1,35,38,21,19,32.296,37,1,36.198822,-120.104416,74.084999,6,600,58,3,"e00fce686dc2ef0a68fa40b0",2026-09-30 23:40:01.804,2026-09-30 23:40:01.994,2026-09-30 23:40:01.994,2026-09-30
"1400","GfiUjUphz8","MOOSPMv3Parser",1790811601,4,4,0,6,6,0,0,6,6,0,1876,272,97102,27,0,2,0,0,31,15,0,0,34,35,23,25,61.118,18,1,36.503151,-120.325401,50.661999,0,600,58,3,"e00fce68e77e43df92405fdb",2026-09-30 23:40:02.122,2026-09-30 23:40:02.306,2026-09-30 23:40:02.306,2026-09-30
"1401","qAQMtzkHzG","MOOSPMv3Parser",1790811601,3,3,0,6,6,0,0,6,6,0,1231,269,0,36,0,4,0,0,33,8,0,2,35,38,21,21,41.919,10,4,36.187496,-119.822083,13.568,12,600,58,3,"e00fce68e739ecbcf9e91965",2026-09-30 23:40:02.658,2026-09-30 23:40:02.808,2026-09-30 23:40:02.808,2026-09-30
"1402","Aw02FUG2zw","MOOSPMv3Parser",1790811601,2,2,0,3,3,0,0,3,3,0,639,170,219311,23,0,2,0,0,35,8,0,0,37,41,18,18,46.689,24,3277,4e-06,0.002297,33641.308594,8,600,58,3,"e00fce68e28dcbc9a589be10",2026-09-30 23:40:02.672,2026-09-30 23:40:02.862,2026-09-30 23:40:02.862,2026-09-30
"1403","MKQUfm1Ve8","MOOSPMv3Parser",1790811600,5,5,3,7,7,4,4,8,8,4,1238,317,306362,39,23,3,23,23,30,14,23,1,34,35,25,26,40.19,13,2,35.949543,-119.049973,119.978996,5,600,58,3,"e00fce6808784ceaf209f949",2026-09-30 23:40:02.867,2026-09-30 23:40:03.081,2026-09-30 23:40:03.081,2026-09-30
"1404","EL60g4mgdh","MOOSPMv3Parser",1790811601,1,1,4,4,4,5,5,4,4,5,400,282,170161,46,31,4,31,31,36,19,31,1,36,40,19,19,33.628,26,1,35.963135,-119.291786,47.456001,0,600,58,3,"e00fce68d6b773b56ce8baa0",2026-09-30 23:40:02.967,2026-09-30 23:40:03.215,2026-09-30 23:40:03.215,2026-09-30
"1405","GkXhIfCOKq","MOOSPMv3Parser",1790811601,2,2,2,3,3,3,3,3,3,3,846,185,343389,22,18,2,18,18,33,9,18,1,39,38,17,21,512.394,53,1,36.138885,-120.368332,166.078003,8,600,58,3,"e00fce6850cac69f647dc199",2026-09-30 23:40:03.065,2026-09-30 23:40:03.235,2026-09-30 23:40:03.235,2026-09-30
"1406","cQ7ZCIGqCa","MOOSPMv3Parser",1790811601,3,3,3,5,5,4,4,6,6,4,676,203,248608,30,21,5,22,22,0,0,22,1,34,36,22,24,29.991,54,84,36.433456,-119.923401,0.68,7,600,58,3,"e00fce6876826e255108c6bd",2026-09-30 23:40:03.17,2026-09-30 23:40:03.399,2026-09-30 23:40:03.399,2026-09-30
"1407","BnKcDck1X3","MOOSPMv3Parser",1790811601,5,5,3,6,6,3,4,6,6,4,1793,278,207660,33,22,2,23,23,33,11,23,1,36,38,20,21,47.765,12,1,35.77496,-119.238518,67.785004,0,600,58,3,"e00fce68e88237db75a60608",2026-09-30 23:40:04.438,2026-09-30 23:40:04.653,2026-09-30 23:40:04.653,2026-09-30
"1408","MdQ46UZb1V","MOOSPMv3Parser",1790811601,5,5,4,7,7,4,4,7,7,5,1161,315,194594,36,28,2,28,28,31,17,28,1,33,35,25,25,50.316,15,9,36.523315,-119.278778,80.790001,7,600,58,3,"e00fce68f12da1a0c5de6248",2026-09-30 23:40:04.582,2026-09-30 23:40:04.857,2026-09-30 23:40:04.857,2026-09-30
"1409","Gow23ds1Ec","MOOSPMv3Parser",1790812201,5,5,0,6,6,0,0,6,6,0,1917,286,97102,30,0,2,0,0,-10,-10,0,0,34,35,23,25,60.64,21,1,36.503139,-120.325378,48.470001,7,600,58,3,"e00fce68e77e43df92405fdb",2026-09-30 23:50:02.144,2026-09-30 23:50:02.328,2026-09-30 23:50:02.328,2026-09-30
"1410","uGFNKqVcvo","MOOSPMv3Parser",1790812201,2,2,0,3,3,0,0,3,3,0,640,170,219311,23,0,2,0,0,35,8,0,0,37,40,18,18,45.417,28,3277,4e-06,0.002297,33641.308594,8,600,58,3,"e00fce68e28dcbc9a589be10",2026-09-30 23:50:02.602,2026-09-30 23:50:02.774,2026-09-30 23:50:02.774,2026-09-30
"1411","hce2INMrmF","MOOSPMv3Parser",1790812201,3,3,0,6,6,0,0,6,6,0,1218,270,0,39,0,5,0,0,33,8,0,2,35,38,21,21,42.075,10,6,36.187473,-119.822044,16.475,9,600,58,3,"e00fce68e739ecbcf9e91965",2026-09-30 23:50:02.572,2026-09-30 23:50:02.791,2026-09-30 23:50:02.791,2026-09-30
"1412","eJHSEpmGZS","MOOSPMv3Parser",1790812201,2,2,4,4,4,5,5,5,5,5,424,311,170191,50,35,5,35,35,36,19,35,0,36,40,19,19,33.288,38,1,35.963146,-119.291817,43.730999,10,600,58,3,"e00fce68d6b773b56ce8baa0",2026-09-30 23:50:02.728,2026-09-30 23:50:02.91,2026-09-30 23:50:02.91,2026-09-30
"1413","gZpCXINhLe","MOOSPMv3Parser",1790812200,6,6,3,8,8,4,4,8,8,4,1357,347,306380,45,24,2,25,25,30,14,25,1,34,34,24,26,40.436,13,2,35.949497,-119.049911,120.528,8,600,58,3,"e00fce6808784ceaf209f949",2026-09-30 23:50:02.79,2026-09-30 23:50:02.985,2026-09-30 23:50:02.985,2026-09-30
"1414","vwmRNV7TVi","MOOSPMv3Parser",1790812200,0,0,1,0,0,2,2,0,0,2,237,137,71142,15,11,1,11,11,33,22,11,1,35,38,21,20,31.051,20,1,36.198822,-120.104538,77.636002,8,600,58,3,"e00fce686dc2ef0a68fa40b0",2026-09-30 23:50:02.702,2026-09-30 23:50:03.007,2026-09-30 23:50:03.007,2026-09-30
"1415","thpzFRnFLo","MOOSPMv3Parser",1790812201,2,2,2,4,4,3,3,4,4,3,859,195,343405,25,18,2,18,18,33,9,18,1,39,38,17,21,512.507,41,1,36.138969,-120.368279,174.141998,6,600,58,3,"e00fce6850cac69f647dc199",2026-09-30 23:50:03.051,2026-09-30 23:50:03.187,2026-09-30 23:50:03.187,2026-09-30
"1416","pD1Ao7jQMn","MOOSPMv3Parser",1790812201,3,3,3,5,5,4,4,6,6,4,663,198,248625,35,21,6,22,22,0,0,22,1,34,36,23,24,29.922,55,82,36.433563,-119.923347,22.233,10,600,58,3,"e00fce6876826e255108c6bd",2026-09-30 23:50:03.154,2026-09-30 23:50:03.358,2026-09-30 23:50:03.358,2026-09-30
"1417","TAafmNqYYY","MOOSPMv3Parser",1790812201,5,5,3,7,7,3,4,7,7,4,1830,285,207677,38,22,3,22,23,33,11,23,1,36,38,19,20,47.858,12,1,35.775009,-119.238556,74.688004,7,600,58,3,"e00fce68e88237db75a60608",2026-09-30 23:50:04.602,2026-09-30 23:50:04.772,2026-09-30 23:50:04.772,2026-09-30
"1418","31IqAjuuHi","MOOSPMv3Parser",1790812201,5,5,3,6,6,4,4,7,7,4,1098,295,194616,35,26,2,27,27,30,18,27,1,33,35,24,25,48.341,20,11,36.523354,-119.278725,73.904999,7,600,58,3,"e00fce68f12da1a0c5de6248",2026-09-30 23:50:04.675,2026-09-30 23:50:04.855,2026-09-30 23:50:04.855,2026-09-30
