"","objectId","event","unixtime","m_PM1_CF1","m_PM1_ATM","m_PM1_b","m_PM25_CF1","m_PM25_ATM","m_PM25_b","m_PM4_b","m_PM10_CF1","m_PM10_ATM","m_PM10_b","n_PM03_P","n_PM05_P","n_PM05_b","n_PM1_P","n_PM1_b","n_PM25_P","n_PM25_b","n_PM4_b","tempC_pms","rh_pms","n_PM10_b","typ_size_b","temp_C","tempC_sen5x","rh","rh_sen5x","o3","vocIdx","noxIdx","lat","lon","alt","sats","counter","moos","ver","coreid","published_at","createdAt","updatedAt","date"
"1","43wcB2hF5U","MOOSPMv3Parser",1785196800,1,1,2,3,3,2,2,3,3,2,569,127,2313,21,17,1,17,17,35,6,17,0,42,40,13,17,512.734,86,1,36.139034,-120.368378,195.160995,5,600,58,3,"e00fce6850cac69f647dc199",2026-07-28 00:00:02.357,2026-07-28 00:00:03.801,2026-07-28 00:00:03.801,2026-07-28
"2","AX6bDGRe5V","MOOSPMv3Parser",1785196800,4,4,3,5,5,3,3,5,5,3,928,248,4884,29,23,2,23,23,34,15,23,0,37,39,21,22,50.911,18,3,36.523327,-119.278687,105.25,6,600,58,3,"e00fce68f12da1a0c5de6248",2026-07-28 00:00:02.992,2026-07-28 00:00:04.245,2026-07-28 00:00:04.245,2026-07-28
"3","R5VpNopGUb","MOOSPMv3Parser",1785196801,2,2,3,3,3,3,3,3,3,3,1113,172,9469,28,20,2,21,21,35,9,21,0,38,41,16,18,51.693,42,1,36.762707,-119.798752,58.144001,13,600,58,3,"e00fce68e88237db75a60608",2026-07-28 00:00:02.814,2026-07-28 00:00:04.639,2026-07-28 00:00:04.639,2026-07-28
"4","R8nRG5dKxD","MOOSPMv3Parser",1785196800,2,2,2,3,3,2,2,3,3,2,1006,149,5659,21,13,2,13,13,35,7,13,0,38,40,15,17,50.338,22,1,36.139061,-120.368477,175.518997,8,600,58,3,"e00fce68e77e43df92405fdb",2026-07-28 00:00:02.864,2026-07-28 00:00:04.658,2026-07-28 00:00:04.658,2026-07-28
"5","im6FipdQNj","MOOSPMv3Parser",1785196800,2,2,3,3,3,3,3,3,3,3,669,182,6806,29,22,1,22,22,38,8,22,0,40,45,18,17,46.506,192,3277,0,0,0,0,600,58,3,"e00fce68e28dcbc9a589be10",2026-07-28 00:00:03.583,2026-07-28 00:00:04.913,2026-07-28 00:00:04.913,2026-07-28
"6","zxP3QKIp7b","MOOSPMv3Parser",1785196800,4,4,3,6,6,3,3,6,6,3,928,244,3337,44,25,3,25,25,34,14,25,0,36,38,26,25,51.006,11,1,35.949654,-119.050003,123.170998,6,600,58,3,"e00fce6808784ceaf209f949",2026-07-28 00:00:03.237,2026-07-28 00:00:04.938,2026-07-28 00:00:04.938,2026-07-28
"7","X1YMJXhBVO","MOOSPMv3Parser",1785196801,0,0,2,0,0,2,2,0,0,2,235,149,1126,22,17,2,17,17,37,17,17,0,38,41,15,17,35.706,5,1,36.139027,-120.368401,175.783005,7,600,58,3,"e00fce68d6b773b56ce8baa0",2026-07-28 00:00:02.932,2026-07-28 00:00:05.313,2026-07-28 00:00:05.313,2026-07-28
"8","xrFK5MTVoX","MOOSPMv3Parser",1785196800,1,1,2,2,2,2,2,2,2,2,408,124,7655,18,16,1,16,16,0,0,16,0,38,41,15,17,35.005,99,1,36.139103,-120.368423,181.529007,5,600,58,3,"e00fce6876826e255108c6bd",2026-07-28 00:00:03.389,2026-07-28 00:00:05.555,2026-07-28 00:00:05.555,2026-07-28
"9","1uiVuiCCDg","MOOSPMv3Parser",1785196801,0,0,1,0,0,1,1,0,0,1,200,107,4001,14,11,1,11,11,34,19,11,0,39,39,15,16,57.852,20,1,36.139008,-120.368362,173.903,7,600,58,3,"e00fce686dc2ef0a68fa40b0",2026-07-28 00:00:03.44,2026-07-28 00:00:05.869,2026-07-28 00:00:05.869,2026-07-28
"10","a9MQHMscae","MOOSPMv3Parser",1785196801,2,2,0,5,5,0,0,5,5,0,896,206,0,44,0,3,0,0,35,6,0,2,38,41,18,18,54.3,43,1,36.187462,-119.821785,35.504002,6,600,58,3,"e00fce68e739ecbcf9e91965",2026-07-28 00:00:04.496,2026-07-28 00:00:07.877,2026-07-28 00:00:07.877,2026-07-28
"11","trptUbftWI","MOOSPMv3Parser",1785197401,1,1,2,2,2,3,3,2,2,3,1041,150,9486,21,19,1,19,19,35,8,19,0,38,40,15,17,52.317,29,1,36.762699,-119.798759,56.536999,11,600,58,3,"e00fce68e88237db75a60608",2026-07-28 00:10:02.642,2026-07-28 00:10:02.78,2026-07-28 00:10:02.78,2026-07-28
"12","Ag2QhUbD14","MOOSPMv3Parser",1785197401,0,0,2,0,0,2,2,0,0,2,228,145,1140,21,16,2,16,16,37,17,16,0,38,41,15,17,35.759,6,1,36.139027,-120.368401,175.787003,0,600,58,3,"e00fce68d6b773b56ce8baa0",2026-07-28 00:10:02.762,2026-07-28 00:10:02.905,2026-07-28 00:10:02.905,2026-07-28
"13","84NKhniRlB","MOOSPMv3Parser",1785197400,2,2,2,3,3,2,2,3,3,2,1019,145,5669,23,12,1,12,12,34,7,12,0,38,39,15,17,50.954,22,1,36.139252,-120.368324,189.194,8,600,58,3,"e00fce68e77e43df92405fdb",2026-07-28 00:10:02.813,2026-07-28 00:10:02.981,2026-07-28 00:10:02.981,2026-07-28
"14","GA0gEfCotR","MOOSPMv3Parser",1785197400,1,1,2,2,2,2,2,2,2,2,530,117,2328,19,17,1,17,17,34,6,17,0,42,40,13,17,512.742,77,1,36.139034,-120.368378,195.162994,0,600,58,3,"e00fce6850cac69f647dc199",2026-07-28 00:10:02.91,2026-07-28 00:10:03.072,2026-07-28 00:10:03.072,2026-07-28
"15","pGB1oIVE61","MOOSPMv3Parser",1785197400,4,4,3,7,7,3,3,7,7,3,969,262,3360,44,26,2,26,26,34,13,26,0,36,38,25,25,51.829,13,1,35.949635,-119.04998,111.386002,5,600,58,3,"e00fce6808784ceaf209f949",2026-07-28 00:10:03.077,2026-07-28 00:10:03.278,2026-07-28 00:10:03.278,2026-07-28
"16","KHnoJy1D35","MOOSPMv3Parser",1785197401,0,0,1,0,0,1,1,0,0,1,196,106,4009,14,10,1,10,10,34,19,10,0,38,39,15,17,59.879,20,1,36.139023,-120.368431,177.373001,8,600,58,3,"e00fce686dc2ef0a68fa40b0",2026-07-28 00:10:03.214,2026-07-28 00:10:03.376,2026-07-28 00:10:03.376,2026-07-28
"17","gYICatWBFE","MOOSPMv3Parser",1785197400,1,1,2,2,2,2,2,3,3,2,390,117,7668,22,15,2,15,15,0,0,15,0,38,41,15,17,35.327,99,1,36.139046,-120.36853,151.671997,5,600,58,3,"e00fce6876826e255108c6bd",2026-07-28 00:10:03.697,2026-07-28 00:10:03.857,2026-07-28 00:10:03.857,2026-07-28
"18","qdIvt7woKT","MOOSPMv3Parser",1785197400,2,2,3,3,3,3,3,3,3,3,645,176,6823,30,20,2,20,20,38,8,20,0,40,45,17,16,46.565,177,3277,0,0,0,0,600,58,3,"e00fce68e28dcbc9a589be10",2026-07-28 00:10:03.97,2026-07-28 00:10:04.121,2026-07-28 00:10:04.121,2026-07-28
"19","JkVMleDdLx","MOOSPMv3Parser",1785197401,2,2,0,5,5,0,0,6,6,0,946,223,0,44,0,4,0,0,35,6,0,2,38,41,18,18,53.659,35,1,36.18745,-119.822014,21.379,7,600,58,3,"e00fce68e739ecbcf9e91965",2026-07-28 00:10:04.736,2026-07-28 00:10:04.913,2026-07-28 00:10:04.913,2026-07-28
"20","zcwhRJGgsF","MOOSPMv3Parser",1785197400,4,4,3,5,5,3,3,5,5,3,882,237,4903,32,22,1,22,22,34,15,22,0,37,39,21,22,48.974,26,3,36.523335,-119.278923,84.967003,5,600,58,3,"e00fce68f12da1a0c5de6248",2026-07-28 00:10:18.956,2026-07-28 00:10:19.213,2026-07-28 00:10:19.213,2026-07-28
"21","XbEMrHfWHH","MOOSPMv3Parser",1785198001,0,0,1,0,0,1,1,0,0,1,196,103,4017,14,9,1,9,9,34,19,9,0,38,39,15,17,59.931,19,1,36.138992,-120.368416,165.737,6,600,58,3,"e00fce686dc2ef0a68fa40b0",2026-07-28 00:20:02.189,2026-07-28 00:20:02.377,2026-07-28 00:20:02.377,2026-07-28
"22","WOpt3aJRID","MOOSPMv3Parser",1785198000,2,2,1,3,3,2,2,3,3,2,1026,154,5680,24,12,1,12,12,34,7,12,0,38,39,15,17,50.921,22,1,36.139156,-120.368431,204.828995,9,600,58,3,"e00fce68e77e43df92405fdb",2026-07-28 00:20:02.668,2026-07-28 00:20:02.836,2026-07-28 00:20:02.836,2026-07-28
"23","jFQlnOoIJK","MOOSPMv3Parser",1785198001,1,1,2,2,2,3,3,2,2,3,999,147,9502,22,19,2,19,19,35,9,19,0,38,40,16,18,52.571,27,1,36.762703,-119.798752,63.705002,13,600,58,3,"e00fce68e88237db75a60608",2026-07-28 00:20:02.729,2026-07-28 00:20:02.946,2026-07-28 00:20:02.946,2026-07-28
"24","44tYG9qmr6","MOOSPMv3Parser",1785198000,1,1,2,2,2,2,2,3,3,2,528,120,2342,21,17,1,17,17,34,6,17,0,42,39,13,17,512.77,71,1,36.139027,-120.368385,186.595993,6,600,58,3,"e00fce6850cac69f647dc199",2026-07-28 00:20:02.826,2026-07-28 00:20:02.991,2026-07-28 00:20:02.991,2026-07-28
"25","kcxaDzHOL0","MOOSPMv3Parser",1785198001,0,0,2,0,0,2,2,0,0,2,234,145,1153,20,16,1,16,16,36,17,16,0,38,41,15,17,35.772,5,1,36.139015,-120.36837,173.106003,7,600,58,3,"e00fce68d6b773b56ce8baa0",2026-07-28 00:20:02.909,2026-07-28 00:20:03.153,2026-07-28 00:20:03.153,2026-07-28
"26","MQjIYTeIHS","MOOSPMv3Parser",1785198000,4,4,3,6,6,3,3,6,6,3,906,244,3381,41,24,3,24,24,34,12,24,0,36,38,23,23,50.841,14,1,35.949608,-119.049995,113.318001,5,600,58,3,"e00fce6808784ceaf209f949",2026-07-28 00:20:03.064,2026-07-28 00:20:03.267,2026-07-28 00:20:03.267,2026-07-28
"27","U6P0tXnDy7","MOOSPMv3Parser",1785198000,1,1,2,2,2,2,2,3,3,2,410,123,7681,21,15,2,15,15,0,0,15,0,38,40,15,17,35.657,99,1,36.139122,-120.36837,179.934006,6,600,58,3,"e00fce6876826e255108c6bd",2026-07-28 00:20:03.517,2026-07-28 00:20:03.676,2026-07-28 00:20:03.676,2026-07-28
"28","AWk5V1Romp","MOOSPMv3Parser",1785198000,4,4,3,5,5,3,3,6,6,3,886,236,4922,30,21,1,21,21,33,15,21,0,37,38,20,22,48.431,27,3,36.523335,-119.278923,84.973999,0,600,58,3,"e00fce68f12da1a0c5de6248",2026-07-28 00:20:03.554,2026-07-28 00:20:03.728,2026-07-28 00:20:03.728,2026-07-28
"29","6tuSJzHrjK","MOOSPMv3Parser",1785198000,2,2,3,3,3,3,3,3,3,3,640,173,6841,30,20,2,20,20,38,8,20,0,40,44,17,17,46.634,159,3277,0,0,0,0,600,58,3,"e00fce68e28dcbc9a589be10",2026-07-28 00:20:03.542,2026-07-28 00:20:03.743,2026-07-28 00:20:03.743,2026-07-28
"30","OEqms2to5V","MOOSPMv3Parser",1785198001,2,2,0,4,4,0,0,5,5,0,841,191,0,43,0,3,0,0,35,6,0,2,38,40,18,18,53.459,32,1,36.187496,-119.821968,28.247,7,600,58,3,"e00fce68e739ecbcf9e91965",2026-07-28 00:20:04.562,2026-07-28 00:20:04.798,2026-07-28 00:20:04.798,2026-07-28
"31","S0iqyRZTKa","MOOSPMv3Parser",1785198601,0,0,1,0,0,1,1,0,0,1,197,110,4024,14,9,1,9,9,34,19,9,0,37,39,15,17,59.85,15,1,36.138992,-120.368416,165.733994,0,600,58,3,"e00fce686dc2ef0a68fa40b0",2026-07-28 00:30:02.43,2026-07-28 00:30:02.625,2026-07-28 00:30:02.625,2026-07-28
"32","me5NbEa1Sk","MOOSPMv3Parser",1785198601,0,0,2,0,0,2,2,0,0,2,234,147,1167,20,16,1,16,16,36,17,16,0,38,40,15,17,36.319,3,1,36.139183,-120.368324,189.878006,6,600,58,3,"e00fce68d6b773b56ce8baa0",2026-07-28 00:30:02.671,2026-07-28 00:30:02.846,2026-07-28 00:30:02.846,2026-07-28
"33","GJYhA7Ft8u","MOOSPMv3Parser",1785198600,2,2,1,3,3,2,2,3,3,2,974,149,5690,21,12,1,12,12,34,7,12,0,38,39,15,17,52.5,15,1,36.139061,-120.368279,169.966003,8,600,58,3,"e00fce68e77e43df92405fdb",2026-07-28 00:30:02.835,2026-07-28 00:30:02.988,2026-07-28 00:30:02.988,2026-07-28
"34","tyITmFiF16","MOOSPMv3Parser",1785198601,1,1,2,2,2,3,3,2,2,3,1035,160,9519,22,19,1,19,19,35,9,19,0,38,40,16,18,54.498,25,1,36.762814,-119.798706,53.540001,10,600,58,3,"e00fce68e88237db75a60608",2026-07-28 00:30:02.879,2026-07-28 00:30:03.092,2026-07-28 00:30:03.092,2026-07-28
"35","9hdXNAMr9J","MOOSPMv3Parser",1785198600,3,3,3,5,5,3,3,5,5,3,804,209,3399,34,21,2,21,21,34,10,21,0,36,38,21,22,49.763,16,1,35.949562,-119.049919,120.488998,5,600,58,3,"e00fce6808784ceaf209f949",2026-07-28 00:30:03.06,2026-07-28 00:30:03.221,2026-07-28 00:30:03.221,2026-07-28
"36","9AS1EezldA","MOOSPMv3Parser",1785198600,1,1,2,2,2,2,2,3,3,2,544,120,2356,20,16,1,16,16,34,6,16,0,42,39,13,17,512.731,54,1,36.139034,-120.368408,190.074997,6,600,58,3,"e00fce6850cac69f647dc199",2026-07-28 00:30:03.215,2026-07-28 00:30:03.38,2026-07-28 00:30:03.38,2026-07-28
"37","BdGwyyx8Rh","MOOSPMv3Parser",1785198600,1,1,2,2,2,2,2,3,3,2,404,122,7695,23,16,2,16,16,0,0,16,0,38,40,15,17,36.128,99,1,36.139023,-120.368401,178.722,7,600,58,3,"e00fce6876826e255108c6bd",2026-07-28 00:30:03.467,2026-07-28 00:30:03.693,2026-07-28 00:30:03.693,2026-07-28
"38","fdSk6UDA7H","MOOSPMv3Parser",1785198600,4,4,3,5,5,3,3,5,5,3,913,243,4941,32,22,1,22,22,33,15,22,0,37,38,21,22,48.777,33,3,36.523418,-119.27877,83.866997,7,600,58,3,"e00fce68f12da1a0c5de6248",2026-07-28 00:30:03.574,2026-07-28 00:30:03.724,2026-07-28 00:30:03.724,2026-07-28
"39","6ucrXE1bZU","MOOSPMv3Parser",1785198600,2,2,3,3,3,3,3,3,3,3,641,174,6859,27,22,1,22,22,38,8,22,0,40,44,17,16,46.648,149,3277,0,0,0,0,600,58,3,"e00fce68e28dcbc9a589be10",2026-07-28 00:30:03.711,2026-07-28 00:30:03.888,2026-07-28 00:30:03.888,2026-07-28
"40","P0H5bVFpSc","MOOSPMv3Parser",1785198601,2,2,0,4,4,0,0,4,4,0,764,186,0,36,0,2,0,0,35,6,0,2,38,40,18,19,53.259,29,1,36.187603,-119.822151,49.437,6,600,58,3,"e00fce68e739ecbcf9e91965",2026-07-28 00:30:04.56,2026-07-28 00:30:04.76,2026-07-28 00:30:04.76,2026-07-28
"41","O6gkUjm3yi","MOOSPMv3Parser",1785199200,1,1,2,2,2,2,2,3,3,2,521,120,2370,22,17,1,17,17,34,6,17,0,41,39,13,18,512.846,48,1,36.13908,-120.368324,174.871002,6,600,58,3,"e00fce6850cac69f647dc199",2026-07-28 00:40:02.262,2026-07-28 00:40:02.463,2026-07-28 00:40:02.463,2026-07-28
"42","BE2RwTAJkr","MOOSPMv3Parser",1785199201,0,0,2,0,0,2,2,0,0,2,224,141,1180,20,16,2,16,16,35,18,16,0,38,40,16,17,36.227,2,1,36.139091,-120.36837,176.735992,7,600,58,3,"e00fce68d6b773b56ce8baa0",2026-07-28 00:40:02.512,2026-07-28 00:40:02.712,2026-07-28 00:40:02.712,2026-07-28
"43","zK5ItjbhMI","MOOSPMv3Parser",1785199200,2,2,1,3,3,2,2,3,3,2,1015,152,5700,24,11,1,11,11,34,7,11,0,38,39,15,17,52.029,15,1,36.139011,-120.368362,181.039001,8,600,58,3,"e00fce68e77e43df92405fdb",2026-07-28 00:40:02.763,2026-07-28 00:40:02.947,2026-07-28 00:40:02.947,2026-07-28
"44","gBuDiaEDd3","MOOSPMv3Parser",1785199201,1,1,2,2,2,3,3,2,2,3,1010,152,9535,21,19,2,19,19,34,9,19,0,38,40,16,18,53.811,26,1,36.762718,-119.798775,63.778,6,600,58,3,"e00fce68e88237db75a60608",2026-07-28 00:40:02.751,2026-07-28 00:40:02.954,2026-07-28 00:40:02.954,2026-07-28
"45","8po7fzMDMf","MOOSPMv3Parser",1785199200,3,3,2,5,5,3,3,5,5,3,811,215,3416,32,19,2,19,19,34,10,19,0,36,38,22,22,51.931,12,1,35.949535,-119.049942,125.499001,5,600,58,3,"e00fce6808784ceaf209f949",2026-07-28 00:40:03.016,2026-07-28 00:40:03.22,2026-07-28 00:40:03.22,2026-07-28
"46","VmCvzsc7fv","MOOSPMv3Parser",1785199200,4,4,3,5,5,3,3,6,6,3,890,242,4961,33,23,2,23,23,33,15,23,0,37,38,20,22,47.165,25,3,36.523445,-119.2789,68.107002,6,600,58,3,"e00fce68f12da1a0c5de6248",2026-07-28 00:40:03.089,2026-07-28 00:40:03.243,2026-07-28 00:40:03.243,2026-07-28
"47","v0X2leaXLb","MOOSPMv3Parser",1785199201,0,0,1,0,0,1,1,0,0,1,192,102,4033,13,10,1,10,10,34,20,10,0,37,38,16,17,59.903,15,1,36.138977,-120.368362,163.733994,7,600,58,3,"e00fce686dc2ef0a68fa40b0",2026-07-28 00:40:03.047,2026-07-28 00:40:03.287,2026-07-28 00:40:03.287,2026-07-28
"48","XqUF0JesKs","MOOSPMv3Parser",1785199200,1,1,2,2,2,2,2,2,2,2,392,119,7708,21,15,1,15,15,0,0,15,0,38,40,16,17,36.154,99,1,36.139107,-120.368362,190.175995,7,600,58,3,"e00fce6876826e255108c6bd",2026-07-28 00:40:03.397,2026-07-28 00:40:03.581,2026-07-28 00:40:03.581,2026-07-28
"49","FhEh4MdiGB","MOOSPMv3Parser",1785199200,2,2,3,3,3,3,3,3,3,3,614,169,6877,27,20,2,20,20,37,9,20,0,40,44,18,17,46.851,113,3277,0,0,0,0,600,58,3,"e00fce68e28dcbc9a589be10",2026-07-28 00:40:03.549,2026-07-28 00:40:03.771,2026-07-28 00:40:03.771,2026-07-28
"50","qnKeb1gjNJ","MOOSPMv3Parser",1785199201,2,2,0,4,4,0,0,5,5,0,822,197,0,39,0,3,0,0,34,7,0,2,37,39,18,20,53.474,24,1,36.187481,-119.822098,14.657,6,600,58,3,"e00fce68e739ecbcf9e91965",2026-07-28 00:40:04.564,2026-07-28 00:40:04.734,2026-07-28 00:40:04.734,2026-07-28
"51","b007K4bLfu","MOOSPMv3Parser",1785199801,0,0,2,0,0,2,2,0,0,2,229,143,1194,22,16,2,17,17,35,18,17,0,38,39,16,18,35.786,3,1,36.139153,-120.368355,205.087997,6,600,58,3,"e00fce68d6b773b56ce8baa0",2026-07-28 00:50:02.538,2026-07-28 00:50:02.774,2026-07-28 00:50:02.774,2026-07-28
"52","J1PfniU07n","MOOSPMv3Parser",1785199801,1,1,2,2,2,2,2,2,2,2,886,130,9550,19,17,2,17,17,34,9,17,0,38,40,17,18,54.544,17,1,36.762722,-119.798676,68.865997,5,600,58,3,"e00fce68e88237db75a60608",2026-07-28 00:50:02.731,2026-07-28 00:50:02.89,2026-07-28 00:50:02.89,2026-07-28
"53","iBvLiGwoJj","MOOSPMv3Parser",1785199800,2,2,1,3,3,2,2,3,3,2,984,144,5710,21,12,1,12,12,34,7,12,0,38,39,15,17,51.109,18,1,36.139111,-120.368446,183.556,7,600,58,3,"e00fce68e77e43df92405fdb",2026-07-28 00:50:02.819,2026-07-28 00:50:03.062,2026-07-28 00:50:03.062,2026-07-28
"54","hB8hCE17gH","MOOSPMv3Parser",1785199800,4,4,3,5,5,3,3,5,5,3,810,217,3433,31,20,2,20,20,34,10,20,0,36,38,21,21,51.291,12,1,35.949535,-119.04998,99.832001,5,600,58,3,"e00fce6808784ceaf209f949",2026-07-28 00:50:03.064,2026-07-28 00:50:03.281,2026-07-28 00:50:03.281,2026-07-28
"55","MojXBl5Hfy","MOOSPMv3Parser",1785199801,0,0,1,0,0,1,1,0,0,1,198,105,4041,14,10,1,10,10,34,20,10,0,37,38,16,17,58.19,19,1,36.139122,-120.368362,180.738007,7,600,58,3,"e00fce686dc2ef0a68fa40b0",2026-07-28 00:50:03.227,2026-07-28 00:50:03.39,2026-07-28 00:50:03.39,2026-07-28
"56","7EleCh9LOD","MOOSPMv3Parser",1785199800,1,1,2,2,2,2,2,2,2,2,373,112,7721,21,15,1,15,15,0,0,15,0,37,40,16,17,35.684,99,1,36.139126,-120.368378,186.447998,7,600,58,3,"e00fce6876826e255108c6bd",2026-07-28 00:50:03.47,2026-07-28 00:50:03.68,2026-07-28 00:50:03.68,2026-07-28
"57","vdfn77lmG8","MOOSPMv3Parser",1785199800,5,5,4,7,7,4,4,8,8,4,1134,311,4986,46,29,2,29,29,33,15,29,0,37,38,20,22,45.228,36,3,36.523365,-119.278854,58.773998,8,600,58,3,"e00fce68f12da1a0c5de6248",2026-07-28 00:50:03.726,2026-07-28 00:50:03.882,2026-07-28 00:50:03.882,2026-07-28
"58","1eO7Agz2dp","MOOSPMv3Parser",1785199800,2,2,3,3,3,3,3,3,3,3,644,173,6895,27,21,1,21,21,37,9,21,0,40,43,18,17,48.195,84,3277,4.1e-05,-0.004201,19658.140625,9,600,58,3,"e00fce68e28dcbc9a589be10",2026-07-28 00:50:03.732,2026-07-28 00:50:03.902,2026-07-28 00:50:03.902,2026-07-28
"59","IkuEWZ3hg8","MOOSPMv3Parser",1785199801,2,2,0,4,4,0,0,5,5,0,796,193,0,40,0,3,0,0,34,7,0,2,37,39,18,20,53.293,20,1,36.187462,-119.822144,12.337,5,600,58,3,"e00fce68e739ecbcf9e91965",2026-07-28 00:50:04.568,2026-07-28 00:50:04.736,2026-07-28 00:50:04.736,2026-07-28
"60","ZPVzu3u72M","MOOSPMv3Parser",1785199800,2,2,2,3,3,2,2,3,3,2,537,125,2385,20,16,1,16,16,33,6,16,0,41,38,13,18,512.777,48,1,36.138988,-120.368378,177.509003,6,600,58,3,"e00fce6850cac69f647dc199",2026-07-28 00:50:04.571,2026-07-28 00:50:04.768,2026-07-28 00:50:04.768,2026-07-28
"61","GdU636hkDb","MOOSPMv3Parser",1785200401,0,0,1,0,0,1,1,0,0,1,194,105,4049,14,10,1,10,10,34,20,10,0,37,38,17,18,58.418,20,1,36.139034,-120.368385,161.011002,7,600,58,3,"e00fce686dc2ef0a68fa40b0",2026-07-28 01:00:02.189,2026-07-28 01:00:02.422,2026-07-28 01:00:02.422,2026-07-28
"62","cl9AaG5p26","MOOSPMv3Parser",1785200400,2,2,2,3,3,2,2,3,3,2,947,147,5721,22,13,1,13,13,34,8,13,0,37,38,16,18,51.065,18,1,36.139053,-120.368187,140.050995,8,600,58,3,"e00fce68e77e43df92405fdb",2026-07-28 01:00:02.706,2026-07-28 01:00:03.115,2026-07-28 01:00:03.115,2026-07-28
"63","VKrCed13yt","MOOSPMv3Parser",1785200401,1,1,2,2,2,2,2,2,2,2,814,120,9563,17,15,1,15,15,34,7,15,0,38,39,13,16,56.297,16,1,36.762722,-119.798676,68.864998,0,600,58,3,"e00fce68e88237db75a60608",2026-07-28 01:00:02.815,2026-07-28 01:00:03.278,2026-07-28 01:00:03.278,2026-07-28
"64","5JDwLVJ13D","MOOSPMv3Parser",1785200400,3,3,3,5,5,3,3,5,5,3,810,218,5006,30,23,1,23,23,33,15,23,0,37,38,20,22,44.526,42,2,36.523472,-119.278755,86.140999,7,600,58,3,"e00fce68f12da1a0c5de6248",2026-07-28 01:00:03.148,2026-07-28 01:00:03.384,2026-07-28 01:00:03.384,2026-07-28
"65","y69OIHg9ml","MOOSPMv3Parser",1785200401,0,0,2,0,0,2,2,0,0,2,231,142,1208,21,16,2,16,16,34,18,16,0,38,39,16,18,35.615,4,1,36.139004,-120.368217,223.141998,6,600,58,3,"e00fce68d6b773b56ce8baa0",2026-07-28 01:00:02.677,2026-07-28 01:00:03.68,2026-07-28 01:00:03.68,2026-07-28
"66","AUa32HGMbD","MOOSPMv3Parser",1785200400,3,3,2,5,5,3,3,5,5,3,809,214,3450,32,20,2,20,20,33,11,20,0,36,38,22,22,52.985,11,1,35.949574,-119.050056,109.336998,5,600,58,3,"e00fce6808784ceaf209f949",2026-07-28 01:00:03.039,2026-07-28 01:00:03.77,2026-07-28 01:00:03.77,2026-07-28
"67","aigFo3WjgD","MOOSPMv3Parser",1785200400,1,1,2,2,2,2,2,2,2,2,506,117,2399,19,16,1,16,16,33,6,16,0,41,38,13,18,512.657,44,1,36.13903,-120.368439,195.457993,6,600,58,3,"e00fce6850cac69f647dc199",2026-07-28 01:00:03.437,2026-07-28 01:00:03.941,2026-07-28 01:00:03.941,2026-07-28
"68","PBfTIa61Vf","MOOSPMv3Parser",1785200400,1,1,2,2,2,2,2,3,3,2,387,117,7735,20,15,2,16,16,0,0,16,0,37,39,16,18,35.676,99,1,36.139061,-120.368393,177.934006,7,600,58,3,"e00fce6876826e255108c6bd",2026-07-28 01:00:03.627,2026-07-28 01:00:04.015,2026-07-28 01:00:04.015,2026-07-28
"69","ug73qjoxx5","MOOSPMv3Parser",1785200400,2,2,3,3,3,3,3,4,4,3,666,179,6913,29,20,2,20,20,37,9,20,0,39,42,18,18,48.4,61,3277,4.1e-05,-0.004201,19658.140625,9,600,58,3,"e00fce68e28dcbc9a589be10",2026-07-28 01:00:03.764,2026-07-28 01:00:04.152,2026-07-28 01:00:04.152,2026-07-28
"70","cfghjfjV8J","MOOSPMv3Parser",1785200401,2,2,0,4,4,0,0,5,5,0,776,191,0,40,0,3,0,0,34,6,0,2,37,38,17,19,52.857,18,1,36.18755,-119.821983,32.424999,6,600,58,3,"e00fce68e739ecbcf9e91965",2026-07-28 01:00:04.634,2026-07-28 01:00:04.88,2026-07-28 01:00:04.88,2026-07-28
"71","gDupDCZ3HJ","MOOSPMv3Parser",1785201001,0,0,2,0,0,2,2,0,0,2,224,138,1221,20,16,2,16,16,34,19,16,0,38,39,16,18,35.234,4,1,36.139076,-120.368408,193.479004,7,600,58,3,"e00fce68d6b773b56ce8baa0",2026-07-28 01:10:02.572,2026-07-28 01:10:02.789,2026-07-28 01:10:02.789,2026-07-28
"72","YQqBjaKBeE","MOOSPMv3Parser",1785201001,0,0,1,0,0,1,1,0,0,1,195,104,4057,14,9,1,9,9,33,20,9,0,37,38,17,18,58.709,22,1,36.138962,-120.368416,165.253006,7,600,58,3,"e00fce686dc2ef0a68fa40b0",2026-07-28 01:10:02.648,2026-07-28 01:10:02.848,2026-07-28 01:10:02.848,2026-07-28
"73","g6D8wBeABH","MOOSPMv3Parser",1785201001,1,1,2,2,2,2,2,2,2,2,774,100,9574,14,12,1,12,12,34,6,12,0,38,39,12,15,56.819,5,1,36.762707,-119.798744,53.785999,7,600,58,3,"e00fce68e88237db75a60608",2026-07-28 01:10:02.732,2026-07-28 01:10:02.913,2026-07-28 01:10:02.913,2026-07-28
"74","bEx4FqcnT0","MOOSPMv3Parser",1785201000,2,2,2,3,3,2,2,3,3,2,902,138,5732,20,12,1,12,12,34,8,12,0,37,38,16,18,50.433,18,1,36.139053,-120.368187,140.048996,0,600,58,3,"e00fce68e77e43df92405fdb",2026-07-28 01:10:02.759,2026-07-28 01:10:02.948,2026-07-28 01:10:02.948,2026-07-28
"75","2Scd0fe26Q","MOOSPMv3Parser",1785201000,3,3,2,5,5,3,3,5,5,3,793,209,3467,31,20,2,20,20,33,10,20,0,36,38,21,22,52.481,9,1,35.949574,-119.050056,109.335999,0,600,58,3,"e00fce6808784ceaf209f949",2026-07-28 01:10:02.997,2026-07-28 01:10:03.197,2026-07-28 01:10:03.197,2026-07-28
"76","3XpdEg6kIs","MOOSPMv3Parser",1785201000,1,1,2,2,2,2,2,2,2,2,383,114,7748,20,15,1,15,15,0,0,15,0,37,39,16,18,35.307,99,1,36.139061,-120.368393,177.936005,0,600,58,3,"e00fce6876826e255108c6bd",2026-07-28 01:10:03.498,2026-07-28 01:10:03.679,2026-07-28 01:10:03.679,2026-07-28
"77","y1nlICXz9J","MOOSPMv3Parser",1785201000,2,2,3,3,3,3,3,3,3,3,599,167,6930,27,20,1,21,21,36,9,21,0,39,42,18,18,46.48,71,3277,4.1e-05,-0.004201,19658.140625,9,600,58,3,"e00fce68e28dcbc9a589be10",2026-07-28 01:10:03.623,2026-07-28 01:10:03.804,2026-07-28 01:10:03.804,2026-07-28
"78","iPhRHJgpg5","MOOSPMv3Parser",1785201001,1,1,0,3,3,0,0,3,3,0,688,167,0,31,0,3,0,0,33,7,0,2,37,38,18,19,53.138,15,1,36.187466,-119.82206,22.153999,6,600,58,3,"e00fce68e739ecbcf9e91965",2026-07-28 01:10:04.649,2026-07-28 01:10:04.825,2026-07-28 01:10:04.825,2026-07-28
"79","jnJAEmvkUC","MOOSPMv3Parser",1785201000,3,3,3,5,5,3,3,5,5,3,766,209,5024,29,21,2,21,21,33,14,21,0,37,38,19,21,44.885,23,2,36.523346,-119.278801,92.358002,8,600,58,3,"e00fce68f12da1a0c5de6248",2026-07-28 01:10:06.977,2026-07-28 01:10:07.168,2026-07-28 01:10:07.168,2026-07-28
"80","ORMG2LHp8T","MOOSPMv3Parser",1785201000,1,1,2,2,2,2,2,3,3,2,511,116,2413,20,16,1,16,16,33,7,16,0,41,38,14,18,512.934,42,1,36.138935,-120.36837,185.091003,7,600,58,3,"e00fce6850cac69f647dc199",2026-07-28 01:10:17.51,2026-07-28 01:10:17.707,2026-07-28 01:10:17.707,2026-07-28
"81","9Gd1t2yyDQ","MOOSPMv3Parser",1785201601,0,0,2,0,0,2,2,0,0,2,221,138,1236,21,17,2,17,17,34,19,17,0,37,38,17,19,38.78,5,2,36.139065,-120.368431,207.75,6,600,58,3,"e00fce68d6b773b56ce8baa0",2026-07-28 01:20:02.599,2026-07-28 01:20:02.788,2026-07-28 01:20:02.788,2026-07-28
"82","nonOCVgN5X","MOOSPMv3Parser",1785201601,1,1,2,2,2,2,2,2,2,2,683,96,9584,14,12,1,12,12,34,6,12,0,38,39,13,16,56.928,4,1,36.762714,-119.798782,56.492001,12,600,58,3,"e00fce68e88237db75a60608",2026-07-28 01:20:02.812,2026-07-28 01:20:03.033,2026-07-28 01:20:03.033,2026-07-28
"83","FEruEyUAZ2","MOOSPMv3Parser",1785201600,2,2,2,3,3,2,2,3,3,2,926,149,5743,21,12,1,13,13,33,8,13,0,37,38,16,19,51.896,17,1,36.139027,-120.368378,162.884003,6,600,58,3,"e00fce68e77e43df92405fdb",2026-07-28 01:20:02.851,2026-07-28 01:20:03.048,2026-07-28 01:20:03.048,2026-07-28
"84","stlP8BCooU","MOOSPMv3Parser",1785201601,0,0,1,0,0,1,1,0,0,1,189,99,4064,14,9,1,9,9,34,20,9,0,36,38,18,18,60.711,25,1,36.139034,-120.368378,179.748001,7,600,58,3,"e00fce686dc2ef0a68fa40b0",2026-07-28 01:20:02.891,2026-07-28 01:20:03.093,2026-07-28 01:20:03.093,2026-07-28
"85","C7zI92tj9L","MOOSPMv3Parser",1785201600,3,3,3,5,5,3,3,5,5,3,821,215,3484,33,20,2,20,20,33,11,20,0,36,37,23,23,53.082,8,1,35.949455,-119.049957,107.382004,5,600,58,3,"e00fce6808784ceaf209f949",2026-07-28 01:20:03.003,2026-07-28 01:20:03.175,2026-07-28 01:20:03.175,2026-07-28
"86","NkhXaXv7VA","MOOSPMv3Parser",1785201600,2,2,3,3,3,3,3,3,3,3,614,168,6948,26,20,2,20,20,36,9,20,0,39,42,18,18,46.841,47,3277,4.1e-05,-0.004201,19658.140625,9,600,58,3,"e00fce68e28dcbc9a589be10",2026-07-28 01:20:03.564,2026-07-28 01:20:03.726,2026-07-28 01:20:03.726,2026-07-28
"87","rPdhweAKZU","MOOSPMv3Parser",1785201600,3,3,3,4,4,3,3,4,4,3,697,187,5042,27,20,1,21,21,33,14,21,0,37,38,20,21,45.517,16,2,36.523365,-119.278893,99.292999,7,600,58,3,"e00fce68f12da1a0c5de6248",2026-07-28 01:20:03.773,2026-07-28 01:20:03.999,2026-07-28 01:20:03.999,2026-07-28
"88","8dp8DID15p","MOOSPMv3Parser",1785201601,2,2,0,4,4,0,0,4,4,0,731,176,0,33,0,3,0,0,33,8,0,2,36,37,19,20,52.599,25,1,36.187466,-119.82209,20.471001,6,600,58,3,"e00fce68e739ecbcf9e91965",2026-07-28 01:20:04.795,2026-07-28 01:20:05.049,2026-07-28 01:20:05.049,2026-07-28
"89","GvnZqcTrP9","MOOSPMv3Parser",1785201600,1,1,2,3,3,2,2,3,3,2,436,134,7761,23,15,1,15,15,0,0,15,0,37,38,17,19,36.252,99,2,36.138943,-120.368362,171.658997,6,600,58,3,"e00fce6876826e255108c6bd",2026-07-28 01:20:05.503,2026-07-28 01:20:05.665,2026-07-28 01:20:05.665,2026-07-28
"90","sqKmbCC12W","MOOSPMv3Parser",1785201600,1,1,2,3,3,2,2,3,3,2,530,124,2427,23,17,1,17,17,33,7,17,0,40,37,14,19,512.87,37,1,36.138939,-120.3685,206.300003,5,600,58,3,"e00fce6850cac69f647dc199",2026-07-28 01:20:16.743,2026-07-28 01:20:16.906,2026-07-28 01:20:16.906,2026-07-28
"91","XsYL9QAqy9","MOOSPMv3Parser",1785202201,0,0,2,0,0,2,2,0,0,2,223,141,1250,21,16,2,17,17,34,20,17,0,36,38,19,20,38.971,3,2,36.139046,-120.368446,162.498001,6,600,58,3,"e00fce68d6b773b56ce8baa0",2026-07-28 01:30:02.541,2026-07-28 01:30:02.773,2026-07-28 01:30:02.773,2026-07-28
"92","FiQTCHkHSk","MOOSPMv3Parser",1785202200,2,2,2,2,2,2,2,3,3,2,513,123,2442,19,17,1,17,17,32,8,17,0,39,37,16,20,512.847,31,1,36.138943,-120.368362,215.481995,5,600,58,3,"e00fce6850cac69f647dc199",2026-07-28 01:30:02.687,2026-07-28 01:30:02.95,2026-07-28 01:30:02.95,2026-07-28
"93","zuXV7P4iXF","MOOSPMv3Parser",1785202201,1,1,2,1,1,2,2,1,1,2,651,89,9595,12,12,1,12,12,34,6,12,0,37,38,13,15,58.423,5,1,36.762711,-119.798752,49.567001,7,600,58,3,"e00fce68e88237db75a60608",2026-07-28 01:30:02.73,2026-07-28 01:30:02.984,2026-07-28 01:30:02.984,2026-07-28
"94","gziVmoXn3A","MOOSPMv3Parser",1785202200,2,2,2,3,3,2,2,3,3,2,900,145,5755,24,14,1,14,14,33,9,14,0,37,38,18,20,52.687,12,1,36.139027,-120.368355,155.348999,11,600,58,3,"e00fce68e77e43df92405fdb",2026-07-28 01:30:02.762,2026-07-28 01:30:02.993,2026-07-28 01:30:02.993,2026-07-28
"95","NGvkS4KHlg","MOOSPMv3Parser",1785202200,2,2,2,4,4,3,3,4,4,3,620,167,5059,24,19,2,19,19,33,14,19,0,37,38,19,21,42.34,25,2,36.523487,-119.278748,81.461998,6,600,58,3,"e00fce68f12da1a0c5de6248",2026-07-28 01:30:02.869,2026-07-28 01:30:03.081,2026-07-28 01:30:03.081,2026-07-28
"96","GEBT2IM2TS","MOOSPMv3Parser",1785202200,4,4,3,6,6,3,3,6,6,3,899,242,3505,39,24,3,24,24,32,12,24,0,36,37,24,24,50.081,16,1,35.949577,-119.049919,109.594002,6,600,58,3,"e00fce6808784ceaf209f949",2026-07-28 01:30:02.992,2026-07-28 01:30:03.18,2026-07-28 01:30:03.18,2026-07-28
"97","AHqS0X0Zoh","MOOSPMv3Parser",1785202201,0,0,1,0,0,1,1,0,0,1,187,101,4072,12,9,1,9,9,33,21,9,0,36,38,19,19,60.926,22,1,36.139015,-120.368401,184.934006,6,600,58,3,"e00fce686dc2ef0a68fa40b0",2026-07-28 01:30:03.294,2026-07-28 01:30:03.482,2026-07-28 01:30:03.482,2026-07-28
"98","pxvvj4uA9D","MOOSPMv3Parser",1785202200,3,3,3,4,4,3,3,4,4,3,617,172,6965,28,20,1,20,20,35,9,20,0,38,41,18,18,48.045,32,3277,4.1e-05,-0.004201,19658.140625,9,600,58,3,"e00fce68e28dcbc9a589be10",2026-07-28 01:30:03.399,2026-07-28 01:30:03.545,2026-07-28 01:30:03.545,2026-07-28
"99","jDxb6g4C4o","MOOSPMv3Parser",1785202200,1,1,2,2,2,2,2,2,2,2,400,123,7776,21,16,1,16,16,0,0,16,0,36,38,18,20,36.549,99,2,36.139076,-120.368462,175.626999,6,600,58,3,"e00fce6876826e255108c6bd",2026-07-28 01:30:03.587,2026-07-28 01:30:03.76,2026-07-28 01:30:03.76,2026-07-28
"100","yiD3APDh1n","MOOSPMv3Parser",1785202201,2,2,0,4,4,0,0,4,4,0,741,181,0,37,0,3,0,0,32,8,0,2,36,37,19,21,52.045,16,1,36.187466,-119.82209,20.473,0,600,58,3,"e00fce68e739ecbcf9e91965",2026-07-28 01:30:04.567,2026-07-28 01:30:04.75,2026-07-28 01:30:04.75,2026-07-28
"101","Siw9lnVXuw","MOOSPMv3Parser",1785202800,2,2,2,3,3,2,2,3,3,2,951,152,5766,22,13,1,13,13,33,10,13,0,37,37,18,20,51.843,12,1,36.138985,-120.368385,160.959,8,600,58,3,"e00fce68e77e43df92405fdb",2026-07-28 01:40:02.763,2026-07-28 01:40:02.956,2026-07-28 01:40:02.956,2026-07-28
"102","XfarpBM8rr","MOOSPMv3Parser",1785202800,2,2,2,3,3,2,2,3,3,2,571,134,2458,26,18,1,18,18,32,8,18,0,39,37,16,20,512.826,30,1,36.13903,-120.368393,178.119003,6,600,58,3,"e00fce6850cac69f647dc199",2026-07-28 01:40:02.864,2026-07-28 01:40:03.012,2026-07-28 01:40:03.012,2026-07-28
"103","2rTMWSviBK","MOOSPMv3Parser",1785202801,0,0,2,0,0,2,2,0,0,2,229,147,1265,22,18,2,18,18,34,20,18,0,36,38,19,21,38.577,3,2,36.138836,-120.368439,160.393005,6,600,58,3,"e00fce68d6b773b56ce8baa0",2026-07-28 01:40:02.838,2026-07-28 01:40:03.025,2026-07-28 01:40:03.025,2026-07-28
"104","B9qczOf28e","MOOSPMv3Parser",1785202801,1,1,2,2,2,2,2,2,2,2,734,117,9607,18,14,1,14,14,33,7,14,0,37,38,14,16,57.493,6,1,36.762753,-119.798759,46.495998,8,600,58,3,"e00fce68e88237db75a60608",2026-07-28 01:40:02.959,2026-07-28 01:40:03.146,2026-07-28 01:40:03.146,2026-07-28
"105","g723mgl71H","MOOSPMv3Parser",1785202800,3,3,3,5,5,3,3,5,5,3,804,215,3523,35,20,3,20,20,32,13,20,0,35,37,24,25,51.902,13,1,35.94957,-119.049927,126.499001,6,600,58,3,"e00fce6808784ceaf209f949",2026-07-28 01:40:03.071,2026-07-28 01:40:03.251,2026-07-28 01:40:03.251,2026-07-28
"106","o9WFUxhGzZ","MOOSPMv3Parser",1785202800,2,2,2,3,3,2,2,3,3,2,603,161,5074,23,18,1,18,18,32,14,18,0,36,37,20,21,42.324,31,2,36.523354,-119.278862,80.685997,7,600,58,3,"e00fce68f12da1a0c5de6248",2026-07-28 01:40:03.296,2026-07-28 01:40:03.483,2026-07-28 01:40:03.483,2026-07-28
"107","nfAi6h6F3r","MOOSPMv3Parser",1785202800,2,2,3,4,4,3,3,4,4,3,593,163,6984,28,22,2,22,22,35,10,22,0,37,40,19,19,49.926,18,3277,4.1e-05,-0.004201,19658.140625,9,600,58,3,"e00fce68e28dcbc9a589be10",2026-07-28 01:40:03.548,2026-07-28 01:40:03.748,2026-07-28 01:40:03.748,2026-07-28
"108","DuoFD45NmU","MOOSPMv3Parser",1785202800,1,1,2,2,2,2,2,2,2,2,414,125,7790,21,16,2,16,16,0,0,16,0,36,38,18,20,36.51,99,2,36.138996,-120.368393,190.130997,7,600,58,3,"e00fce6876826e255108c6bd",2026-07-28 01:40:03.579,2026-07-28 01:40:03.763,2026-07-28 01:40:03.763,2026-07-28
"109","y18Cz6EsNh","MOOSPMv3Parser",1785202801,2,2,0,3,3,0,0,4,4,0,721,176,0,35,0,2,0,0,32,9,0,2,36,37,20,22,52.222,18,1,36.187527,-119.822113,25.511999,5,600,58,3,"e00fce68e739ecbcf9e91965",2026-07-28 01:40:04.792,2026-07-28 01:40:05.002,2026-07-28 01:40:05.002,2026-07-28
"110","yxcZlt6UMh","MOOSPMv3Parser",1785202801,0,0,1,0,0,1,1,0,0,1,199,109,4081,16,10,1,10,10,33,21,10,0,36,38,19,19,60.624,26,1,36.139042,-120.368439,184.294006,5,600,58,3,"e00fce686dc2ef0a68fa40b0",2026-07-28 01:40:07.157,2026-07-28 01:40:07.36,2026-07-28 01:40:07.36,2026-07-28
"111","HPguGkx570","MOOSPMv3Parser",1785203401,0,0,1,0,0,1,1,0,0,1,200,110,4089,15,10,1,10,10,33,22,10,0,35,37,20,20,60.271,29,1,36.139011,-120.368355,178.194,6,600,58,3,"e00fce686dc2ef0a68fa40b0",2026-07-28 01:50:02.575,2026-07-28 01:50:02.767,2026-07-28 01:50:02.767,2026-07-28
"112","UIo9RwMOqD","MOOSPMv3Parser",1785203401,3,3,2,4,4,2,2,4,4,2,969,175,9622,24,18,1,18,18,33,8,18,0,37,38,15,18,58.237,8,1,36.762741,-119.798798,55.575001,8,600,58,3,"e00fce68e88237db75a60608",2026-07-28 01:50:02.832,2026-07-28 01:50:03.005,2026-07-28 01:50:03.005,2026-07-28
"113","TnLYgDZ40C","MOOSPMv3Parser",1785203400,2,2,2,3,3,2,2,4,4,2,924,154,5778,22,13,2,14,14,33,10,14,0,36,37,19,21,52.593,14,1,36.139179,-120.368393,172.464996,6,600,58,3,"e00fce68e77e43df92405fdb",2026-07-28 01:50:02.946,2026-07-28 01:50:03.11,2026-07-28 01:50:03.11,2026-07-28
"114","lAiRBgCVc3","MOOSPMv3Parser",1785203400,2,2,2,3,3,2,2,3,3,2,584,159,5090,24,18,1,18,18,32,14,18,0,36,37,19,21,40.836,42,2,36.523354,-119.278725,72.709999,6,600,58,3,"e00fce68f12da1a0c5de6248",2026-07-28 01:50:03.013,2026-07-28 01:50:03.161,2026-07-28 01:50:03.161,2026-07-28
"115","FRHkuZB2BX","MOOSPMv3Parser",1785203400,3,3,3,5,5,3,3,6,6,3,841,224,3547,35,22,3,22,22,32,13,22,0,35,36,25,25,51.129,9,2,35.949497,-119.049911,119.896004,6,599,58,3,"e00fce6808784ceaf209f949",2026-07-28 01:50:03.003,2026-07-28 01:50:03.174,2026-07-28 01:50:03.174,2026-07-28
"116","e7NcIFGJDV","MOOSPMv3Parser",1785203400,2,2,2,3,3,2,2,3,3,2,545,130,2474,26,18,2,18,18,32,9,18,0,38,36,17,21,512.794,30,1,36.138988,-120.368362,192.373001,7,600,58,3,"e00fce6850cac69f647dc199",2026-07-28 01:50:03.16,2026-07-28 01:50:03.331,2026-07-28 01:50:03.331,2026-07-28
"117","Ta9fjt8Ppr","MOOSPMv3Parser",1785203401,0,0,2,0,0,2,2,0,0,2,232,149,1280,23,18,2,18,18,33,21,18,0,35,37,20,21,39.078,4,2,36.139107,-120.368347,167.645996,6,600,58,3,"e00fce68d6b773b56ce8baa0",2026-07-28 01:50:03.177,2026-07-28 01:50:03.424,2026-07-28 01:50:03.424,2026-07-28
"118","387Sz27zKC","MOOSPMv3Parser",1785203400,2,2,2,3,3,2,2,3,3,2,430,133,7804,23,16,2,16,16,0,0,16,0,36,37,19,21,36.83,99,2,36.138962,-120.368393,178.548996,5,600,58,3,"e00fce6876826e255108c6bd",2026-07-28 01:50:03.526,2026-07-28 01:50:03.749,2026-07-28 01:50:03.749,2026-07-28
"119","Eb6diXFgLH","MOOSPMv3Parser",1785203400,2,2,3,3,3,3,3,3,3,3,555,152,7001,27,20,2,20,20,34,10,20,1,37,39,20,20,48.148,14,3277,7.3e-05,-0.004163,35398.101562,7,600,58,3,"e00fce68e28dcbc9a589be10",2026-07-28 01:50:03.714,2026-07-28 01:50:03.899,2026-07-28 01:50:03.899,2026-07-28
"120","CEwNhJEWcs","MOOSPMv3Parser",1785203401,2,2,0,4,4,0,0,4,4,0,754,186,0,37,0,3,0,0,32,9,0,2,36,36,20,22,52.326,18,1,36.187523,-119.821945,29.408001,7,600,58,3,"e00fce68e739ecbcf9e91965",2026-07-28 01:50:04.572,2026-07-28 01:50:04.795,2026-07-28 01:50:04.795,2026-07-28
"121","Fd1RW2XZEy","MOOSPMv3Parser",1785204000,2,2,2,3,3,2,2,3,3,2,564,136,2490,27,18,1,18,18,32,10,18,0,38,36,18,22,512.929,28,1,36.138988,-120.368362,192.371002,0,600,58,3,"e00fce6850cac69f647dc199",2026-07-28 02:00:02.214,2026-07-28 02:00:02.591,2026-07-28 02:00:02.591,2026-07-28
"122","rXqC6GsSbT","MOOSPMv3Parser",1785204001,0,0,1,0,0,1,1,0,0,1,195,105,4098,15,11,1,11,11,33,22,11,0,36,37,20,20,60.206,30,1,36.139065,-120.368401,169.742004,7,600,58,3,"e00fce686dc2ef0a68fa40b0",2026-07-28 02:00:02.902,2026-07-28 02:00:03.291,2026-07-28 02:00:03.291,2026-07-28
"123","r0fyEu23Bz","MOOSPMv3Parser",1785204000,2,2,2,3,3,2,2,4,4,2,611,162,5106,22,18,1,18,18,32,14,18,0,36,37,20,22,40.755,29,2,36.523266,-119.278954,67.217003,5,600,58,3,"e00fce68f12da1a0c5de6248",2026-07-28 02:00:03.313,2026-07-28 02:00:03.648,2026-07-28 02:00:03.648,2026-07-28
"124","5RtGvRACoJ","MOOSPMv3Parser",1785204001,0,0,2,0,0,2,2,0,0,2,231,146,1295,22,18,2,18,18,33,21,18,0,35,37,21,22,38.802,4,2,36.139107,-120.368347,167.647995,0,600,58,3,"e00fce68d6b773b56ce8baa0",2026-07-28 02:00:02.686,2026-07-28 02:00:03.776,2026-07-28 02:00:03.776,2026-07-28
"125","FtvJmw6sSQ","MOOSPMv3Parser",1785204000,2,2,2,3,3,2,2,3,3,2,883,148,5789,23,13,2,13,13,32,11,13,0,36,37,19,21,51.826,14,1,36.138924,-120.368462,160.453003,8,600,58,3,"e00fce68e77e43df92405fdb",2026-07-28 02:00:02.684,2026-07-28 02:00:03.788,2026-07-28 02:00:03.788,2026-07-28
"126","jgB3L9ybxU","MOOSPMv3Parser",1785204001,4,4,3,6,6,3,3,6,6,3,1209,242,9645,35,25,2,25,25,33,8,25,0,37,38,15,18,55.906,20,1,36.762756,-119.798813,60.091999,10,600,58,3,"e00fce68e88237db75a60608",2026-07-28 02:00:02.817,2026-07-28 02:00:03.831,2026-07-28 02:00:03.831,2026-07-28
"127","tlADpvcGR3","MOOSPMv3Parser",1785204000,3,3,3,5,5,3,3,5,5,3,781,208,3565,34,20,2,21,21,32,14,21,0,35,36,25,25,50.031,9,2,35.949532,-119.049927,130.526993,5,599,58,3,"e00fce6808784ceaf209f949",2026-07-28 02:00:03.074,2026-07-28 02:00:03.915,2026-07-28 02:00:03.915,2026-07-28
"128","gCu7Ci4OfC","MOOSPMv3Parser",1785204000,2,2,3,3,3,3,3,3,3,3,542,150,7019,24,21,2,21,21,34,11,21,1,36,39,20,20,48.195,10,3277,7.3e-05,-0.004163,35398.101562,7,600,58,3,"e00fce68e28dcbc9a589be10",2026-07-28 02:00:03.72,2026-07-28 02:00:04.148,2026-07-28 02:00:04.148,2026-07-28
"129","JjlSnmYyF5","MOOSPMv3Parser",1785204000,1,1,2,2,2,2,2,3,3,2,407,125,7817,22,16,1,16,16,0,0,16,0,35,37,20,22,36.689,99,2,36.138916,-120.368347,168.237,5,600,58,3,"e00fce6876826e255108c6bd",2026-07-28 02:00:03.78,2026-07-28 02:00:04.32,2026-07-28 02:00:04.32,2026-07-28
"130","b50ssO0u4B","MOOSPMv3Parser",1785204001,2,2,0,3,3,0,0,4,4,0,706,171,0,34,0,2,0,0,32,9,0,2,36,36,20,22,52.12,79,1,36.187504,-119.822029,28.247,7,600,58,3,"e00fce68e739ecbcf9e91965",2026-07-28 02:00:04.571,2026-07-28 02:00:04.921,2026-07-28 02:00:04.921,2026-07-28
"131","HDGeQzdLP1","MOOSPMv3Parser",1785204600,2,2,2,3,3,2,2,3,3,2,581,127,2505,21,18,1,18,18,31,10,18,0,37,36,18,22,512.927,30,1,36.139,-120.36837,191.343002,8,600,58,3,"e00fce6850cac69f647dc199",2026-07-28 02:10:02.606,2026-07-28 02:10:02.805,2026-07-28 02:10:02.805,2026-07-28
"132","rtYIBZvRXF","MOOSPMv3Parser",1785204601,0,0,2,0,0,2,2,0,0,2,227,140,1309,22,17,1,17,17,33,21,17,0,35,37,21,22,37.151,6,2,36.139023,-120.368378,145.925995,6,600,58,3,"e00fce68d6b773b56ce8baa0",2026-07-28 02:10:02.606,2026-07-28 02:10:02.808,2026-07-28 02:10:02.808,2026-07-28
"133","PejgPemQoF","MOOSPMv3Parser",1785204600,2,2,2,3,3,2,2,3,3,2,932,151,5801,24,13,2,13,13,32,11,13,0,35,37,20,22,50.191,18,1,36.139015,-120.3685,144.242996,7,600,58,3,"e00fce68e77e43df92405fdb",2026-07-28 02:10:02.768,2026-07-28 02:10:02.917,2026-07-28 02:10:02.917,2026-07-28
"134","qLyyjwr6JD","MOOSPMv3Parser",1785204601,9,9,5,11,11,6,6,12,12,6,2070,470,9681,65,42,3,42,42,33,8,42,0,36,37,16,18,58.198,17,1,36.762688,-119.798759,63.207001,7,600,58,3,"e00fce68e88237db75a60608",2026-07-28 02:10:02.917,2026-07-28 02:10:03.101,2026-07-28 02:10:03.101,2026-07-28
"135","KHhhEaRnYe","MOOSPMv3Parser",1785204600,3,3,3,5,5,3,3,5,5,3,782,211,3585,32,22,2,22,22,32,15,22,0,35,36,26,26,49.359,14,2,35.949558,-119.050011,113.862999,6,599,58,3,"e00fce6808784ceaf209f949",2026-07-28 02:10:02.992,2026-07-28 02:10:03.163,2026-07-28 02:10:03.163,2026-07-28
"136","J7C6uc0bVW","MOOSPMv3Parser",1785204600,2,2,2,3,3,2,2,4,4,2,595,163,5121,23,17,1,17,18,32,14,18,0,36,37,20,22,38.386,38,2,36.523266,-119.278954,67.214996,0,600,58,3,"e00fce68f12da1a0c5de6248",2026-07-28 02:10:03.177,2026-07-28 02:10:03.346,2026-07-28 02:10:03.346,2026-07-28
"137","umAoVPwT16","MOOSPMv3Parser",1785204601,0,0,1,0,0,1,1,0,0,1,191,102,4106,13,9,1,9,10,33,22,10,0,36,37,20,21,58.255,35,1,36.139103,-120.368423,180.776001,7,600,58,3,"e00fce686dc2ef0a68fa40b0",2026-07-28 02:10:03.288,2026-07-28 02:10:03.463,2026-07-28 02:10:03.463,2026-07-28
"138","McfmIEu3uH","MOOSPMv3Parser",1785204600,2,2,3,3,3,3,3,4,4,3,550,154,7036,25,20,2,20,20,33,12,20,0,35,38,22,22,48.591,11,3277,7.3e-05,-0.004163,35398.101562,7,600,58,3,"e00fce68e28dcbc9a589be10",2026-07-28 02:10:03.638,2026-07-28 02:10:03.812,2026-07-28 02:10:03.812,2026-07-28
"139","79jpsaQDzd","MOOSPMv3Parser",1785204600,1,1,2,3,3,2,2,3,3,2,400,122,7830,26,15,2,15,15,0,0,15,0,35,37,20,22,35.808,99,2,36.139057,-120.368439,173.552002,6,600,58,3,"e00fce6876826e255108c6bd",2026-07-28 02:10:03.735,2026-07-28 02:10:03.89,2026-07-28 02:10:03.89,2026-07-28
"140","WClCkQZLIm","MOOSPMv3Parser",1785204601,1,1,0,3,3,0,0,4,4,0,669,163,0,33,0,2,0,0,32,10,0,2,35,36,21,23,52.764,28,2,36.187504,-119.821983,29.723,6,600,58,3,"e00fce68e739ecbcf9e91965",2026-07-28 02:10:04.599,2026-07-28 02:10:04.866,2026-07-28 02:10:04.866,2026-07-28
"141","0zcNuACdzv","MOOSPMv3Parser",1785205201,0,0,1,0,0,1,1,0,0,1,186,100,4115,14,10,1,10,10,32,22,10,0,35,37,21,21,58.378,38,1,36.139103,-120.368423,180.774002,0,600,58,3,"e00fce686dc2ef0a68fa40b0",2026-07-28 02:20:02.18,2026-07-28 02:20:02.342,2026-07-28 02:20:02.342,2026-07-28
"142","Fg7sc4jPPG","MOOSPMv3Parser",1785205200,2,2,2,3,3,2,2,3,3,2,878,144,5812,21,13,1,13,13,32,11,13,0,35,36,21,22,49.942,21,1,36.139046,-120.368408,183.733994,7,600,58,3,"e00fce68e77e43df92405fdb",2026-07-28 02:20:02.763,2026-07-28 02:20:02.946,2026-07-28 02:20:02.946,2026-07-28
"143","DKjFU7S4Z2","MOOSPMv3Parser",1785205201,10,10,6,13,13,6,6,14,14,6,2302,543,9722,76,46,3,47,47,32,9,47,0,36,37,17,20,59.564,10,1,36.762741,-119.798737,62.057999,7,600,58,3,"e00fce68e88237db75a60608",2026-07-28 02:20:02.811,2026-07-28 02:20:02.953,2026-07-28 02:20:02.953,2026-07-28
"144","JBBwiMp92z","MOOSPMv3Parser",1785205201,0,0,2,0,0,2,2,0,0,2,215,132,1323,19,17,2,17,17,33,22,17,0,35,37,21,22,36.789,9,2,36.13908,-120.368408,183.990997,5,600,58,3,"e00fce68d6b773b56ce8baa0",2026-07-28 02:20:02.843,2026-07-28 02:20:03.043,2026-07-28 02:20:03.043,2026-07-28
"145","hHOIPLQANP","MOOSPMv3Parser",1785205200,3,3,3,5,5,3,3,5,5,3,820,216,3603,36,22,3,22,22,31,16,22,0,34,36,27,27,48.459,15,2,35.949581,-119.050026,102.360001,6,599,58,3,"e00fce6808784ceaf209f949",2026-07-28 02:20:03.071,2026-07-28 02:20:03.252,2026-07-28 02:20:03.252,2026-07-28
"146","Rht7yJ8X73","MOOSPMv3Parser",1785205200,2,2,3,4,4,3,3,4,4,3,606,166,5139,25,20,2,20,20,32,17,20,0,35,37,23,24,39.281,30,2,36.523357,-119.278923,90.841003,6,600,58,3,"e00fce68f12da1a0c5de6248",2026-07-28 02:20:03.187,2026-07-28 02:20:03.345,2026-07-28 02:20:03.345,2026-07-28
"147","YywRlWc5tv","MOOSPMv3Parser",1785205200,2,2,2,3,3,3,3,3,3,3,535,149,7053,24,19,2,19,19,33,11,19,0,35,37,21,21,49.529,12,3277,7.3e-05,-0.004163,35398.101562,7,600,58,3,"e00fce68e28dcbc9a589be10",2026-07-28 02:20:03.538,2026-07-28 02:20:03.733,2026-07-28 02:20:03.733,2026-07-28
"148","jYwzIZb2at","MOOSPMv3Parser",1785205201,1,1,0,3,3,0,0,4,4,0,686,164,0,31,0,2,0,0,31,10,0,2,35,35,21,23,51.043,20,2,36.187496,-119.82209,25.673,6,600,58,3,"e00fce68e739ecbcf9e91965",2026-07-28 02:20:04.572,2026-07-28 02:20:04.747,2026-07-28 02:20:04.747,2026-07-28
"149","nfsBF3hGAG","MOOSPMv3Parser",1785205200,1,1,2,2,2,2,2,3,3,2,402,123,7844,23,15,1,15,15,0,0,15,0,34,36,21,22,35.599,99,2,36.139004,-120.368454,169.807007,5,600,58,3,"e00fce6876826e255108c6bd",2026-07-28 02:20:05.171,2026-07-28 02:20:05.347,2026-07-28 02:20:05.347,2026-07-28
"150","q1WFqIMHuV","MOOSPMv3Parser",1785205200,2,2,2,3,3,2,2,3,3,2,645,128,2521,20,17,1,17,17,31,10,17,0,37,35,18,22,512.995,30,1,36.138931,-120.368172,222.255997,6,600,58,3,"e00fce6850cac69f647dc199",2026-07-28 02:20:07.241,2026-07-28 02:20:07.393,2026-07-28 02:20:07.393,2026-07-28
"151","o3xVDSK56U","MOOSPMv3Parser",1785205801,0,0,1,0,0,1,1,0,0,1,183,97,4123,13,9,1,9,9,32,23,9,0,34,36,21,22,57.688,36,1,36.139019,-120.368378,173.643997,6,600,58,3,"e00fce686dc2ef0a68fa40b0",2026-07-28 02:30:02.435,2026-07-28 02:30:02.697,2026-07-28 02:30:02.697,2026-07-28
"152","bdkZi3kHST","MOOSPMv3Parser",1785205801,9,9,6,12,12,6,6,13,13,6,2107,490,9761,70,45,3,45,45,32,10,45,0,35,36,19,21,55.197,20,1,36.762623,-119.798828,55.277,5,600,58,3,"e00fce68e88237db75a60608",2026-07-28 02:30:02.898,2026-07-28 02:30:03.149,2026-07-28 02:30:03.149,2026-07-28
"153","lcJLYS7zXi","MOOSPMv3Parser",1785205800,2,2,2,3,3,2,2,3,3,2,828,136,5824,19,14,1,14,14,32,12,14,0,34,36,22,23,49.136,19,1,36.13908,-120.368446,184.145996,9,600,58,3,"e00fce68e77e43df92405fdb",2026-07-28 02:30:02.812,2026-07-28 02:30:03.183,2026-07-28 02:30:03.183,2026-07-28
"154","Sp9A8fWrM9","MOOSPMv3Parser",1785205800,3,3,3,5,5,3,3,5,5,3,823,221,3623,34,22,2,22,22,31,16,22,0,34,36,28,28,45.408,29,2,35.949539,-119.049965,119.960999,6,599,58,3,"e00fce6808784ceaf209f949",2026-07-28 02:30:03.072,2026-07-28 02:30:03.242,2026-07-28 02:30:03.242,2026-07-28
"155","nCwv6bZAuK","MOOSPMv3Parser",1785205800,1,1,2,3,3,2,2,3,3,2,496,118,2535,21,17,1,17,17,31,11,17,0,37,35,18,23,513.02,28,1,36.138916,-120.368309,191.710007,6,600,58,3,"e00fce6850cac69f647dc199",2026-07-28 02:30:03.091,2026-07-28 02:30:03.298,2026-07-28 02:30:03.298,2026-07-28
"156","xCyRTKu6hn","MOOSPMv3Parser",1785205801,0,0,2,0,0,2,2,0,0,2,219,134,1337,18,16,1,16,16,32,22,16,0,34,36,22,23,36.287,9,2,36.139046,-120.368416,159.878006,6,600,58,3,"e00fce68d6b773b56ce8baa0",2026-07-28 02:30:03.172,2026-07-28 02:30:03.427,2026-07-28 02:30:03.427,2026-07-28
"157","GzlWnkwCLh","MOOSPMv3Parser",1785205800,2,2,3,3,3,3,3,4,4,3,586,156,5156,21,20,1,21,21,31,18,21,0,34,36,25,26,35.652,76,2,36.52338,-119.278915,93.553001,6,600,58,3,"e00fce68f12da1a0c5de6248",2026-07-28 02:30:03.793,2026-07-28 02:30:03.95,2026-07-28 02:30:03.95,2026-07-28
"158","I9cRVNF3r5","MOOSPMv3Parser",1785205800,1,1,2,2,2,2,2,2,2,2,374,114,7858,19,16,1,16,16,0,0,16,0,34,36,22,23,35.34,99,2,36.139053,-120.368385,174.128006,6,600,58,3,"e00fce6876826e255108c6bd",2026-07-28 02:30:03.809,2026-07-28 02:30:03.963,2026-07-28 02:30:03.963,2026-07-28
"159","e0VNGApnCG","MOOSPMv3Parser",1785205800,2,2,2,3,3,2,2,3,3,2,467,132,7068,20,18,2,18,18,32,11,18,1,34,37,21,21,48.112,10,3277,7.3e-05,-0.004163,35398.101562,7,600,58,3,"e00fce68e28dcbc9a589be10",2026-07-28 02:30:03.849,2026-07-28 02:30:04.051,2026-07-28 02:30:04.051,2026-07-28
"160","NIEP31iQBw","MOOSPMv3Parser",1785205801,1,1,0,3,3,0,0,4,4,0,640,156,0,34,0,3,0,0,31,10,0,2,34,35,21,23,49.86,16,2,36.187538,-119.821999,25.806,6,600,58,3,"e00fce68e739ecbcf9e91965",2026-07-28 02:30:04.649,2026-07-28 02:30:04.826,2026-07-28 02:30:04.826,2026-07-28
"161","wto7zzCd9e","MOOSPMv3Parser",1785206400,2,2,2,3,3,2,2,3,3,2,857,140,5835,19,13,1,13,13,31,12,13,0,33,35,22,23,49.191,20,1,36.13913,-120.368423,167.466003,5,600,58,3,"e00fce68e77e43df92405fdb",2026-07-28 02:40:02.77,2026-07-28 02:40:02.948,2026-07-28 02:40:02.948,2026-07-28
"162","lLwID2fhMe","MOOSPMv3Parser",1785206401,0,0,2,0,0,2,2,0,0,2,224,139,1351,20,17,2,17,17,32,22,17,0,33,35,23,23,36.169,11,2,36.139137,-120.368294,177.542999,7,600,58,3,"e00fce68d6b773b56ce8baa0",2026-07-28 02:40:02.843,2026-07-28 02:40:03.093,2026-07-28 02:40:03.093,2026-07-28
"163","mPTeFm9K9R","MOOSPMv3Parser",1785206401,8,8,5,11,11,6,6,11,11,6,1873,439,9798,64,42,4,42,42,31,12,42,0,35,36,20,22,52.915,34,1,36.762646,-119.798828,61.687,6,600,58,3,"e00fce68e88237db75a60608",2026-07-28 02:40:02.892,2026-07-28 02:40:03.097,2026-07-28 02:40:03.097,2026-07-28
"164","Y0qvxfYBVi","MOOSPMv3Parser",1785206401,0,0,1,0,0,1,1,0,0,1,184,99,4131,14,9,1,10,10,32,23,10,0,33,36,23,22,56.616,37,1,36.138985,-120.368408,170.009003,10,600,58,3,"e00fce686dc2ef0a68fa40b0",2026-07-28 02:40:02.991,2026-07-28 02:40:03.174,2026-07-28 02:40:03.174,2026-07-28
"165","ql8aIkXOYF","MOOSPMv3Parser",1785206400,2,2,3,3,3,3,3,4,4,3,600,161,5175,25,21,1,21,21,31,21,21,0,33,35,28,28,30.839,104,2,36.523453,-119.278839,100.925003,6,600,58,3,"e00fce68f12da1a0c5de6248",2026-07-28 02:40:03.041,2026-07-28 02:40:03.21,2026-07-28 02:40:03.21,2026-07-28
"166","3F3Qhd1tQE","MOOSPMv3Parser",1785206400,4,4,3,5,5,3,3,5,5,3,827,221,3642,34,22,2,22,22,31,18,22,0,33,35,30,29,42.53,52,2,35.949551,-119.049988,110.084999,5,599,58,3,"e00fce6808784ceaf209f949",2026-07-28 02:40:03.071,2026-07-28 02:40:03.243,2026-07-28 02:40:03.243,2026-07-28
"167","djSVnp3DYr","MOOSPMv3Parser",1785206400,2,2,2,3,3,2,2,3,3,2,520,123,2550,21,17,1,17,17,30,11,17,0,37,34,19,24,513.04,27,1,36.139114,-120.368393,167.824005,7,600,58,3,"e00fce6850cac69f647dc199",2026-07-28 02:40:03.626,2026-07-28 02:40:03.778,2026-07-28 02:40:03.778,2026-07-28
"168","1lUTrw0s5r","MOOSPMv3Parser",1785206400,1,1,2,2,2,2,2,2,2,2,418,116,7081,18,15,1,15,15,32,11,15,1,34,36,22,21,47.27,10,3277,7.3e-05,-0.004163,35398.101562,7,600,58,3,"e00fce68e28dcbc9a589be10",2026-07-28 02:40:03.626,2026-07-28 02:40:03.786,2026-07-28 02:40:03.786,2026-07-28
"169","pLmiiAxmzO","MOOSPMv3Parser",1785206400,1,1,2,2,2,2,2,3,3,2,380,117,7872,20,16,2,16,16,0,0,16,0,33,35,23,24,35.802,99,3,36.138958,-120.368362,177.841995,7,600,58,3,"e00fce6876826e255108c6bd",2026-07-28 02:40:03.795,2026-07-28 02:40:03.949,2026-07-28 02:40:03.949,2026-07-28
"170","LMyTKITz2h","MOOSPMv3Parser",1785206401,1,1,0,2,2,0,0,3,3,0,577,137,0,29,0,2,0,0,30,11,0,2,33,35,22,24,48.345,23,2,36.187519,-119.82196,34.410999,6,600,58,3,"e00fce68e739ecbcf9e91965",2026-07-28 02:40:04.65,2026-07-28 02:40:04.8,2026-07-28 02:40:04.8,2026-07-28
"171","0dHAlEwyvg","MOOSPMv3Parser",1785207001,0,0,1,0,0,1,1,0,0,1,185,98,4139,13,10,1,10,10,31,24,10,0,33,35,22,22,57.836,27,1,36.138935,-120.368431,170.235992,7,600,58,3,"e00fce686dc2ef0a68fa40b0",2026-07-28 02:50:02.098,2026-07-28 02:50:02.26,2026-07-28 02:50:02.26,2026-07-28
"172","amDjLLjtgf","MOOSPMv3Parser",1785207001,0,0,2,0,0,2,2,0,0,2,213,133,1365,23,16,3,16,16,31,23,16,0,33,35,23,23,36.792,8,3,36.138996,-120.368599,147.705994,7,600,58,3,"e00fce68d6b773b56ce8baa0",2026-07-28 02:50:02.67,2026-07-28 02:50:02.884,2026-07-28 02:50:02.884,2026-07-28
"173","tbeEpL6PFM","MOOSPMv3Parser",1785207000,2,2,2,3,3,2,2,3,3,2,834,139,5847,23,14,2,14,14,31,12,14,0,33,35,22,23,50.261,14,1,36.13913,-120.368423,167.464996,0,600,58,3,"e00fce68e77e43df92405fdb",2026-07-28 02:50:02.816,2026-07-28 02:50:03.016,2026-07-28 02:50:03.016,2026-07-28
"174","5gscunvCC4","MOOSPMv3Parser",1785207001,6,6,4,8,8,5,5,8,8,5,1445,318,9828,44,34,2,34,34,31,13,34,0,34,35,21,23,51.474,38,1,36.762646,-119.798828,61.688,0,600,58,3,"e00fce68e88237db75a60608",2026-07-28 02:50:02.88,2026-07-28 02:50:03.047,2026-07-28 02:50:03.047,2026-07-28
"175","Sgs7YfigP5","MOOSPMv3Parser",1785207000,3,3,3,5,5,3,3,6,6,3,815,217,3661,34,22,3,22,22,31,19,22,0,33,35,32,30,39.292,89,2,35.949574,-119.049973,117.587997,5,599,58,3,"e00fce6808784ceaf209f949",2026-07-28 02:50:03.146,2026-07-28 02:50:03.363,2026-07-28 02:50:03.363,2026-07-28
"176","SJNzIBYajy","MOOSPMv3Parser",1785207000,2,2,3,4,4,3,3,4,4,3,642,174,5194,26,22,2,22,22,30,20,22,0,33,35,27,27,29.777,109,2,36.523354,-119.279053,73.407997,5,600,58,3,"e00fce68f12da1a0c5de6248",2026-07-28 02:50:03.222,2026-07-28 02:50:03.434,2026-07-28 02:50:03.434,2026-07-28
"177","PVXFrximKF","MOOSPMv3Parser",1785207000,1,1,2,3,3,2,2,3,3,2,506,122,2565,22,18,1,18,18,30,11,18,0,36,34,19,24,513.015,19,1,36.139088,-120.368233,196.311005,7,600,58,3,"e00fce6850cac69f647dc199",2026-07-28 02:50:03.711,2026-07-28 02:50:03.913,2026-07-28 02:50:03.913,2026-07-28
"178","DXdERuXtE8","MOOSPMv3Parser",1785207000,1,1,2,3,3,2,2,3,3,2,437,123,7096,24,17,2,17,17,32,13,17,1,33,36,24,23,43.158,40,3277,7.3e-05,-0.004163,35398.101562,7,600,58,3,"e00fce68e28dcbc9a589be10",2026-07-28 02:50:03.749,2026-07-28 02:50:03.935,2026-07-28 02:50:03.935,2026-07-28
"179","2QB3FfHpig","MOOSPMv3Parser",1785207001,1,1,0,2,2,0,0,2,2,0,552,129,0,27,0,1,0,0,30,11,0,2,33,34,23,24,45.815,35,2,36.187569,-119.82206,31.354,5,600,58,3,"e00fce68e739ecbcf9e91965",2026-07-28 02:50:04.657,2026-07-28 02:50:04.892,2026-07-28 02:50:04.892,2026-07-28
"180","CmthwPdrAM","MOOSPMv3Parser",1785207000,1,1,2,3,3,2,2,3,3,2,414,126,7885,23,15,3,15,15,0,0,15,0,33,35,23,23,36.525,99,3,36.139103,-120.368393,181.505997,7,600,58,3,"e00fce6876826e255108c6bd",2026-07-28 02:50:09.543,2026-07-28 02:50:09.733,2026-07-28 02:50:09.733,2026-07-28
"181","5OSUjlkHPT","MOOSPMv3Parser",1785207601,0,0,1,0,0,1,1,0,0,1,174,93,4147,13,9,1,9,9,31,24,9,0,32,35,23,23,57.077,26,1,36.13908,-120.368362,169.292007,8,600,58,3,"e00fce686dc2ef0a68fa40b0",2026-07-28 03:00:02.276,2026-07-28 03:00:02.669,2026-07-28 03:00:02.669,2026-07-28
"182","liGWCGnxAQ","MOOSPMv3Parser",1785207600,2,2,2,3,3,2,2,3,3,2,846,140,5858,20,13,1,13,13,30,12,13,0,32,34,23,24,49.174,12,1,36.139,-120.368431,156.479004,6,600,58,3,"e00fce68e77e43df92405fdb",2026-07-28 03:00:02.928,2026-07-28 03:00:03.297,2026-07-28 03:00:03.297,2026-07-28
"183","IMZMxYV6qU","MOOSPMv3Parser",1785207600,4,4,3,5,5,3,3,6,6,3,843,227,3675,34,23,2,23,23,30,21,23,0,32,34,34,32,34.939,141,2,35.949574,-119.049973,117.585999,0,600,58,3,"e00fce6808784ceaf209f949",2026-07-28 03:00:03.135,2026-07-28 03:00:03.485,2026-07-28 03:00:03.485,2026-07-28
"184","mitqvwK0qU","MOOSPMv3Parser",1785207600,1,1,2,2,2,2,2,2,2,2,482,115,2581,16,17,1,17,17,30,12,17,0,36,33,20,24,513.049,16,2,36.139065,-120.368385,169.679001,6,600,58,3,"e00fce6850cac69f647dc199",2026-07-28 03:00:02.916,2026-07-28 03:00:03.561,2026-07-28 03:00:03.561,2026-07-28
"185","Xqu8DCWifd","MOOSPMv3Parser",1785207601,0,0,2,0,0,2,2,0,0,2,209,128,1378,20,16,2,16,16,31,24,16,0,32,34,24,24,35.675,7,3,36.139046,-120.368118,222.011993,7,600,58,3,"e00fce68d6b773b56ce8baa0",2026-07-28 03:00:02.832,2026-07-28 03:00:03.788,2026-07-28 03:00:03.788,2026-07-28
"186","N6elShSUXV","MOOSPMv3Parser",1785207600,2,2,2,3,3,2,3,3,3,3,507,141,7111,25,18,1,18,18,31,14,18,1,32,35,26,25,40.365,67,3277,7.3e-05,-0.004163,35398.101562,7,600,58,3,"e00fce68e28dcbc9a589be10",2026-07-28 03:00:03.612,2026-07-28 03:00:03.903,2026-07-28 03:00:03.903,2026-07-28
"187","PNcyZVBPo3","MOOSPMv3Parser",1785207600,1,1,2,2,2,2,2,2,2,2,376,116,7898,22,15,2,15,15,0,0,15,0,32,34,24,24,35.804,99,4,36.139103,-120.368393,181.503998,0,600,58,3,"e00fce6876826e255108c6bd",2026-07-28 03:00:03.627,2026-07-28 03:00:04.043,2026-07-28 03:00:04.043,2026-07-28
"188","sAEpAhpsiH","MOOSPMv3Parser",1785207601,0,0,0,2,2,0,0,2,2,0,500,116,0,22,0,2,0,0,29,11,0,2,32,33,24,25,45.16,38,2,36.187485,-119.822052,29.576,8,600,58,3,"e00fce68e739ecbcf9e91965",2026-07-28 03:00:04.57,2026-07-28 03:00:04.806,2026-07-28 03:00:04.806,2026-07-28
"189","yPC9Vsx3j6","MOOSPMv3Parser",1785207600,2,2,3,3,3,3,3,4,4,3,617,167,5214,22,23,1,23,23,30,20,23,0,32,34,27,27,32.014,90,2,36.523434,-119.278839,80.167999,6,600,58,3,"e00fce68f12da1a0c5de6248",2026-07-28 03:00:06.872,2026-07-28 03:00:07.064,2026-07-28 03:00:07.064,2026-07-28
"190","3VYIub1HcQ","MOOSPMv3Parser",1785207601,5,5,4,7,7,4,4,7,7,4,1345,291,9856,42,32,3,32,32,30,14,32,0,33,34,22,24,48.542,56,1,36.76268,-119.798782,64.386002,8,600,58,3,"e00fce68e88237db75a60608",2026-07-28 03:00:08.555,2026-07-28 03:00:08.753,2026-07-28 03:00:08.753,2026-07-28
"191","NDaCK5KGZ6","MOOSPMv3Parser",1785208201,0,0,1,0,0,1,1,0,0,1,176,92,4155,15,10,1,10,10,30,24,10,0,32,34,24,23,55.381,31,1,36.138992,-120.368423,178.358994,10,600,58,3,"e00fce686dc2ef0a68fa40b0",2026-07-28 03:10:02.577,2026-07-28 03:10:02.774,2026-07-28 03:10:02.774,2026-07-28
"192","jmLf3TOXjT","MOOSPMv3Parser",1785208201,0,0,2,0,0,2,2,0,0,2,207,126,1392,20,16,2,17,17,30,24,17,0,31,34,25,25,34.611,10,3,36.138969,-120.368408,190.382004,7,600,58,3,"e00fce68d6b773b56ce8baa0",2026-07-28 03:10:02.757,2026-07-28 03:10:02.93,2026-07-28 03:10:02.93,2026-07-28
"193","q47UOJu9aw","MOOSPMv3Parser",1785208200,2,2,2,3,3,2,2,3,3,2,797,132,5869,19,12,1,12,12,30,13,12,0,32,34,24,24,48.329,17,2,36.138893,-120.368454,157.380005,5,600,58,3,"e00fce68e77e43df92405fdb",2026-07-28 03:10:02.825,2026-07-28 03:10:02.996,2026-07-28 03:10:02.996,2026-07-28
"194","TPMAjdX9Q3","MOOSPMv3Parser",1785208201,4,4,4,6,6,4,4,7,7,4,1256,273,9881,42,29,3,29,29,30,14,29,0,33,34,23,25,46.32,62,1,36.762688,-119.798759,63.625,7,600,58,3,"e00fce68e88237db75a60608",2026-07-28 03:10:03.048,2026-07-28 03:10:03.256,2026-07-28 03:10:03.256,2026-07-28
"195","5ZoABKN0Ks","MOOSPMv3Parser",1785208200,2,2,3,3,3,3,3,3,3,3,593,157,5232,22,21,1,21,21,29,21,21,0,32,34,28,28,33.55,62,2,36.523293,-119.27887,79.028,7,600,58,3,"e00fce68f12da1a0c5de6248",2026-07-28 03:10:03.269,2026-07-28 03:10:03.459,2026-07-28 03:10:03.459,2026-07-28
"196","VZgsgpvMWC","MOOSPMv3Parser",1785208200,4,4,3,6,6,3,3,6,6,3,859,236,3700,39,23,3,23,23,30,24,23,0,31,34,37,34,29.727,212,1,35.949581,-119.049973,118.446999,10,599,58,3,"e00fce6808784ceaf209f949",2026-07-28 03:10:03.293,2026-07-28 03:10:03.492,2026-07-28 03:10:03.492,2026-07-28
"197","ThD9ssl6CS","MOOSPMv3Parser",1785208200,1,1,2,3,3,2,2,3,3,2,491,121,2596,21,18,1,18,18,29,12,18,0,35,33,20,25,513.119,17,2,36.139114,-120.368317,174.992004,6,600,58,3,"e00fce6850cac69f647dc199",2026-07-28 03:10:03.394,2026-07-28 03:10:03.549,2026-07-28 03:10:03.549,2026-07-28
"198","qx1s1Dmt0E","MOOSPMv3Parser",1785208200,2,2,2,4,4,3,3,4,4,3,560,158,7127,28,19,2,20,20,30,15,20,1,31,34,27,26,38.398,89,3277,7.3e-05,-0.004163,35398.101562,7,600,58,3,"e00fce68e28dcbc9a589be10",2026-07-28 03:10:03.605,2026-07-28 03:10:03.819,2026-07-28 03:10:03.819,2026-07-28
"199","BbDk8N7mol","MOOSPMv3Parser",1785208200,1,1,2,2,2,2,2,3,3,2,360,110,7912,23,15,2,15,15,0,0,15,0,31,33,24,25,35.483,99,4,36.139038,-120.368378,164.595993,8,600,58,3,"e00fce6876826e255108c6bd",2026-07-28 03:10:03.646,2026-07-28 03:10:03.826,2026-07-28 03:10:03.826,2026-07-28
"200","P4yCWAZaEH","MOOSPMv3Parser",1785208201,1,1,0,2,2,0,0,2,2,0,512,123,0,25,0,2,0,0,29,13,0,2,31,33,25,26,43.387,43,3,36.187485,-119.822052,29.573999,0,600,58,3,"e00fce68e739ecbcf9e91965",2026-07-28 03:10:04.722,2026-07-28 03:10:04.908,2026-07-28 03:10:04.908,2026-07-28
"201","a4EQ6qYd7Q","MOOSPMv3Parser",1785208800,1,1,2,2,2,2,2,2,2,2,467,109,2610,19,17,1,17,17,29,13,17,0,35,32,21,26,513.174,16,2,36.138939,-120.368393,181.582993,6,600,58,3,"e00fce6850cac69f647dc199",2026-07-28 03:20:02.112,2026-07-28 03:20:02.297,2026-07-28 03:20:02.297,2026-07-28
"202","pB37nRfl9H","MOOSPMv3Parser",1785208800,2,2,2,3,3,2,2,3,3,2,779,129,5880,20,12,2,12,12,30,14,12,0,31,33,24,25,47.848,15,2,36.138931,-120.368484,171.123993,7,600,58,3,"e00fce68e77e43df92405fdb",2026-07-28 03:20:02.744,2026-07-28 03:20:02.921,2026-07-28 03:20:02.921,2026-07-28
"203","DzDwt2g4wh","MOOSPMv3Parser",1785208801,3,3,3,5,5,3,3,5,5,3,970,203,9903,29,25,2,25,25,29,14,25,0,33,33,22,24,45.768,57,1,36.762718,-119.798759,58.221001,10,600,58,3,"e00fce68e88237db75a60608",2026-07-28 03:20:02.825,2026-07-28 03:20:03.04,2026-07-28 03:20:03.04,2026-07-28
"204","anOkIgaXB1","MOOSPMv3Parser",1785208801,0,0,1,0,0,1,1,0,0,1,172,88,4163,13,10,1,10,10,30,25,10,0,31,34,25,24,54.662,29,1,36.139088,-120.368431,177.550003,9,600,58,3,"e00fce686dc2ef0a68fa40b0",2026-07-28 03:20:02.888,2026-07-28 03:20:03.056,2026-07-28 03:20:03.056,2026-07-28
"205","etAFyLFR0n","MOOSPMv3Parser",1785208801,0,0,2,0,0,2,2,0,0,2,204,124,1406,19,16,2,16,16,30,24,16,0,31,33,25,25,34.19,10,3,36.139191,-120.36837,210.292007,6,600,58,3,"e00fce68d6b773b56ce8baa0",2026-07-28 03:20:02.894,2026-07-28 03:20:03.063,2026-07-28 03:20:03.063,2026-07-28
"206","RPWIa953J1","MOOSPMv3Parser",1785208800,2,2,3,3,3,3,3,3,3,3,525,144,5250,22,20,2,20,20,29,23,20,0,31,33,29,30,31.61,82,2,36.523399,-119.27874,87.896004,7,600,58,3,"e00fce68f12da1a0c5de6248",2026-07-28 03:20:03.184,2026-07-28 03:20:03.345,2026-07-28 03:20:03.345,2026-07-28
"207","0OFu6pK181","MOOSPMv3Parser",1785208800,4,4,3,6,6,3,3,6,6,3,846,232,3720,38,23,3,23,23,29,26,23,0,31,33,38,35,28.195,230,1,35.949539,-119.049934,117.308998,8,599,58,3,"e00fce6808784ceaf209f949",2026-07-28 03:20:03.152,2026-07-28 03:20:03.351,2026-07-28 03:20:03.351,2026-07-28
"208","a9As0Mi7bZ","MOOSPMv3Parser",1785208800,1,1,2,2,2,2,2,2,2,2,354,107,7925,19,16,1,16,16,0,0,16,0,31,33,25,26,35.15,99,5,36.139038,-120.368408,156.177002,7,600,58,3,"e00fce6876826e255108c6bd",2026-07-28 03:20:03.549,2026-07-28 03:20:03.719,2026-07-28 03:20:03.719,2026-07-28
"209","PITSLs1R0P","MOOSPMv3Parser",1785208800,2,2,3,4,4,3,4,4,4,4,593,166,7148,32,24,2,25,25,30,15,25,1,31,34,27,26,37.509,91,3277,7.3e-05,-0.004163,35398.101562,7,600,58,3,"e00fce68e28dcbc9a589be10",2026-07-28 03:20:03.621,2026-07-28 03:20:03.82,2026-07-28 03:20:03.82,2026-07-28
"210","TcOxlXB2b9","MOOSPMv3Parser",1785208801,1,1,0,2,2,0,0,2,2,0,532,126,0,25,0,3,0,0,28,14,0,2,31,32,26,28,40.875,61,3,36.187576,-119.82209,33.317001,7,600,58,3,"e00fce68e739ecbcf9e91965",2026-07-28 03:20:04.656,2026-07-28 03:20:04.857,2026-07-28 03:20:04.857,2026-07-28
"211","3STMyGcsox","MOOSPMv3Parser",1785209400,1,1,2,3,3,3,3,3,3,3,485,119,2626,24,19,2,19,19,28,14,19,0,34,32,21,27,513.143,17,2,36.139084,-120.368362,184.707993,5,600,58,3,"e00fce6850cac69f647dc199",2026-07-28 03:30:02.344,2026-07-28 03:30:02.637,2026-07-28 03:30:02.637,2026-07-28
"212","5Oqi4Uo1CH","MOOSPMv3Parser",1785209401,0,0,2,0,0,2,2,0,0,2,211,133,1420,21,18,3,18,18,29,25,18,1,30,32,26,26,33.803,12,3,36.139126,-120.36821,222.908005,6,600,58,3,"e00fce68d6b773b56ce8baa0",2026-07-28 03:30:02.623,2026-07-28 03:30:02.854,2026-07-28 03:30:02.854,2026-07-28
"213","ou7vdTFRKt","MOOSPMv3Parser",1785209400,2,2,2,3,3,2,2,3,3,2,782,132,5892,21,15,2,15,15,29,14,15,0,31,33,25,26,46.76,18,2,36.139084,-120.368431,177.636993,6,600,58,3,"e00fce68e77e43df92405fdb",2026-07-28 03:30:02.772,2026-07-28 03:30:03.033,2026-07-28 03:30:03.033,2026-07-28
"214","xmwKdHoHyc","MOOSPMv3Parser",1785209401,3,3,3,4,4,3,3,4,4,3,906,182,9921,25,21,3,21,21,29,14,21,0,32,33,22,24,44.54,47,1,36.762768,-119.798759,62.962002,9,600,58,3,"e00fce68e88237db75a60608",2026-07-28 03:30:02.826,2026-07-28 03:30:03.113,2026-07-28 03:30:03.113,2026-07-28
"215","NtfUGmcUxL","MOOSPMv3Parser",1785209400,4,4,3,6,6,3,3,6,6,3,868,234,3740,36,23,2,23,23,29,27,23,0,30,32,39,36,28.197,218,1,35.94976,-119.050003,115.773003,9,599,58,3,"e00fce6808784ceaf209f949",2026-07-28 03:30:03.086,2026-07-28 03:30:03.327,2026-07-28 03:30:03.327,2026-07-28
"216","Oe7t0O9QCu","MOOSPMv3Parser",1785209401,0,0,2,0,0,2,2,0,0,2,178,95,4173,13,12,1,12,12,29,25,12,0,31,33,26,25,53.755,32,1,36.138882,-120.368393,161.779007,8,600,58,3,"e00fce686dc2ef0a68fa40b0",2026-07-28 03:30:03.133,2026-07-28 03:30:03.424,2026-07-28 03:30:03.424,2026-07-28
"217","iZlZL9hj02","MOOSPMv3Parser",1785209400,2,2,3,3,3,3,3,4,4,3,575,156,5269,22,22,1,22,22,28,24,22,0,31,33,30,30,28.885,91,2,36.523357,-119.278793,87.431999,8,600,58,3,"e00fce68f12da1a0c5de6248",2026-07-28 03:30:03.62,2026-07-28 03:30:03.767,2026-07-28 03:30:03.767,2026-07-28
"218","NASrlMh9uv","MOOSPMv3Parser",1785209400,4,4,5,7,7,6,6,7,7,7,851,244,7182,53,40,5,41,41,29,17,41,1,30,33,30,28,35.031,143,3277,7.3e-05,-0.004163,35398.101562,7,600,58,3,"e00fce68e28dcbc9a589be10",2026-07-28 03:30:03.661,2026-07-28 03:30:03.905,2026-07-28 03:30:03.905,2026-07-28
"219","BBUao2xhZz","MOOSPMv3Parser",1785209400,1,1,2,2,2,2,2,3,3,2,396,123,7940,24,17,2,17,17,0,0,17,0,30,32,26,27,35.215,99,5,36.139027,-120.36837,190.587006,8,600,58,3,"e00fce6876826e255108c6bd",2026-07-28 03:30:03.971,2026-07-28 03:30:04.136,2026-07-28 03:30:04.136,2026-07-28
"220","iaYlKhcBhm","MOOSPMv3Parser",1785209401,1,1,0,2,2,0,0,3,3,0,562,133,0,27,0,2,0,0,28,15,0,2,30,31,27,29,38.265,101,3,36.187626,-119.822067,39.514,7,600,58,3,"e00fce68e739ecbcf9e91965",2026-07-28 03:30:04.648,2026-07-28 03:30:04.86,2026-07-28 03:30:04.86,2026-07-28
"221","xgncDxbOc1","MOOSPMv3Parser",1785210001,0,0,1,0,0,1,2,0,0,2,179,96,4182,15,11,2,11,11,29,26,11,0,30,33,26,25,52.021,38,2,36.13908,-120.368355,178.218002,10,600,58,3,"e00fce686dc2ef0a68fa40b0",2026-07-28 03:40:02.228,2026-07-28 03:40:02.445,2026-07-28 03:40:02.445,2026-07-28
"222","eVMcbeoCxt","MOOSPMv3Parser",1785210000,1,1,2,2,2,3,3,3,3,3,472,116,2643,21,19,1,19,19,28,15,19,0,34,31,22,28,513.16,18,2,36.138954,-120.368439,186.447006,6,600,58,3,"e00fce6850cac69f647dc199",2026-07-28 03:40:02.421,2026-07-28 03:40:02.641,2026-07-28 03:40:02.641,2026-07-28
"223","CEpkhVG92E","MOOSPMv3Parser",1785210000,2,2,2,3,3,2,2,3,3,2,784,139,5904,22,14,2,14,14,29,15,14,0,31,32,26,27,45.779,22,2,36.139057,-120.368378,169.272003,8,600,58,3,"e00fce68e77e43df92405fdb",2026-07-28 03:40:02.768,2026-07-28 03:40:02.943,2026-07-28 03:40:02.943,2026-07-28
"224","zFTSQyKhLv","MOOSPMv3Parser",1785210001,0,0,2,0,0,2,2,0,0,2,212,132,1435,20,18,2,18,18,29,26,18,0,30,32,27,27,33.152,18,4,36.139126,-120.36821,222.908997,0,600,58,3,"e00fce68d6b773b56ce8baa0",2026-07-28 03:40:02.77,2026-07-28 03:40:02.964,2026-07-28 03:40:02.964,2026-07-28
"225","WogccMy3Ym","MOOSPMv3Parser",1785210001,2,2,3,3,3,3,3,4,4,3,836,164,9939,21,20,1,20,20,28,14,20,0,32,32,22,25,44.007,43,2,36.762733,-119.798759,65.184998,11,600,58,3,"e00fce68e88237db75a60608",2026-07-28 03:40:02.889,2026-07-28 03:40:03.039,2026-07-28 03:40:03.039,2026-07-28
"226","JUhHDWzDf9","MOOSPMv3Parser",1785210000,4,4,3,5,5,3,3,6,6,3,868,234,3760,37,23,3,23,23,28,28,23,0,30,32,40,37,28.392,217,1,35.949467,-119.049965,112.041,6,599,58,3,"e00fce6808784ceaf209f949",2026-07-28 03:40:03.153,2026-07-28 03:40:03.408,2026-07-28 03:40:03.408,2026-07-28
"227","Dmh1Gagd5S","MOOSPMv3Parser",1785210000,3,3,3,5,5,4,4,5,5,4,664,187,7205,38,27,3,27,27,29,19,27,1,30,32,32,30,33.332,179,3277,7.3e-05,-0.004163,35398.101562,7,600,58,3,"e00fce68e28dcbc9a589be10",2026-07-28 03:40:03.706,2026-07-28 03:40:03.861,2026-07-28 03:40:03.861,2026-07-28
"228","bT8GGgiNYh","MOOSPMv3Parser",1785210000,1,1,2,2,2,2,2,3,3,2,383,116,7955,24,17,2,17,17,0,0,17,0,30,32,26,28,34.567,99,6,36.13908,-120.368393,194.951004,7,600,58,3,"e00fce6876826e255108c6bd",2026-07-28 03:40:03.903,2026-07-28 03:40:04.049,2026-07-28 03:40:04.049,2026-07-28
"229","h8c4Y5d8MB","MOOSPMv3Parser",1785210001,0,0,0,2,2,0,0,2,2,0,502,118,0,24,0,2,0,0,28,17,0,2,30,31,28,30,37.901,118,3,36.187519,-119.822159,26.732,5,600,58,3,"e00fce68e739ecbcf9e91965",2026-07-28 03:40:04.652,2026-07-28 03:40:04.812,2026-07-28 03:40:04.812,2026-07-28
"230","1vRquvYw9c","MOOSPMv3Parser",1785210000,3,3,3,5,5,3,3,5,5,3,790,219,5290,28,24,1,24,24,28,25,24,0,29,32,34,32,25.71,144,2,36.523285,-119.278809,92.919998,7,600,58,3,"e00fce68f12da1a0c5de6248",2026-07-28 03:40:18.998,2026-07-28 03:40:19.138,2026-07-28 03:40:19.138,2026-07-28
"231","wv98pXNUzP","MOOSPMv3Parser",1785210600,2,2,3,3,3,3,3,3,3,3,498,125,2662,23,22,2,22,23,27,16,23,0,34,31,23,29,158.158,31,2,36.138954,-120.368439,186.449997,0,600,58,3,"e00fce6850cac69f647dc199",2026-07-28 03:50:02.36,2026-07-28 03:50:02.553,2026-07-28 03:50:02.553,2026-07-28
"232","dv9QXSBMlo","MOOSPMv3Parser",1785210601,0,0,2,0,0,2,3,0,0,3,185,97,4195,16,16,2,16,16,29,27,16,1,30,32,27,26,49.676,61,2,36.139034,-120.368393,170.334,9,600,58,3,"e00fce686dc2ef0a68fa40b0",2026-07-28 03:50:02.667,2026-07-28 03:50:02.838,2026-07-28 03:50:02.838,2026-07-28
"233","Hag4e6ViEx","MOOSPMv3Parser",1785210600,2,2,2,3,3,2,3,4,4,3,821,149,5918,26,16,3,17,17,28,16,17,0,30,32,27,28,42.861,43,2,36.13903,-120.368446,153.649994,8,600,58,3,"e00fce68e77e43df92405fdb",2026-07-28 03:50:02.831,2026-07-28 03:50:03.006,2026-07-28 03:50:03.006,2026-07-28
"234","GME78zeDgW","MOOSPMv3Parser",1785210601,0,0,3,0,0,3,3,0,0,3,215,136,1452,25,20,3,21,21,28,26,21,1,30,31,28,28,31.52,46,4,36.139,-120.368462,188.891006,6,600,58,3,"e00fce68d6b773b56ce8baa0",2026-07-28 03:50:02.847,2026-07-28 03:50:03.03,2026-07-28 03:50:03.03,2026-07-28
"235","ZH4v0YkWz8","MOOSPMv3Parser",1785210601,2,2,3,4,4,3,3,4,4,3,820,162,9958,25,22,2,22,22,28,15,22,0,31,32,23,26,42.031,59,2,36.762756,-119.798714,67.136002,12,600,58,3,"e00fce68e88237db75a60608",2026-07-28 03:50:02.915,2026-07-28 03:50:03.091,2026-07-28 03:50:03.091,2026-07-28
"236","DCGAtU0vhU","MOOSPMv3Parser",1785210600,4,4,3,5,5,3,3,6,6,3,862,232,3781,38,24,3,25,25,28,30,25,0,29,31,41,38,25.858,245,1,35.949638,-119.049812,142.675995,7,599,58,3,"e00fce6808784ceaf209f949",2026-07-28 03:50:03.149,2026-07-28 03:50:03.29,2026-07-28 03:50:03.29,2026-07-28
"237","AnwsL3w5CW","MOOSPMv3Parser",1785210600,3,3,4,5,5,4,4,6,6,4,691,197,7228,39,28,3,28,28,28,19,28,1,29,32,31,30,34.047,166,3277,7.3e-05,-0.004163,35398.101562,7,600,58,3,"e00fce68e28dcbc9a589be10",2026-07-28 03:50:03.647,2026-07-28 03:50:03.802,2026-07-28 03:50:03.802,2026-07-28
"238","edXp9Rq1Lg","MOOSPMv3Parser",1785210600,1,1,3,3,3,3,3,4,4,3,425,131,7972,25,20,3,20,20,0,0,20,1,30,31,27,29,32.999,99,5,36.139072,-120.36834,189.113998,5,600,58,3,"e00fce6876826e255108c6bd",2026-07-28 03:50:03.941,2026-07-28 03:50:04.155,2026-07-28 03:50:04.155,2026-07-28
"239","mDriDBPg0F","MOOSPMv3Parser",1785210601,1,1,0,3,3,0,0,4,4,0,606,147,0,32,0,3,0,0,27,18,0,2,30,31,29,31,35.965,144,4,36.187504,-119.822067,28.306999,6,600,58,3,"e00fce68e739ecbcf9e91965",2026-07-28 03:50:04.57,2026-07-28 03:50:04.752,2026-07-28 03:50:04.752,2026-07-28
"240","3RSFUGlLjY","MOOSPMv3Parser",1785210600,3,3,3,5,5,3,3,5,5,3,767,210,5311,28,24,1,24,24,27,28,24,0,28,31,37,34,24.977,128,2,36.523174,-119.278923,111.236,6,600,58,3,"e00fce68f12da1a0c5de6248",2026-07-28 03:50:04.64,2026-07-28 03:50:04.81,2026-07-28 03:50:04.81,2026-07-28
"241","rT5celW7OE","MOOSPMv3Parser",1785211201,2,2,3,3,3,3,3,4,4,3,803,160,9975,23,20,2,20,20,28,16,20,0,31,31,24,26,40.156,78,2,36.762745,-119.798706,61.777,10,600,58,3,"e00fce68e88237db75a60608",2026-07-28 04:00:03.137,2026-07-28 04:00:03.705,2026-07-28 04:00:03.705,2026-07-28
"242","ook9OPQVph","MOOSPMv3Parser",1785211200,2,2,2,3,3,3,3,3,3,4,792,147,5933,25,18,2,18,19,28,17,19,1,30,31,27,28,39.322,74,2,36.138969,-120.368423,168.475998,10,600,58,3,"e00fce68e77e43df92405fdb",2026-07-28 04:00:02.797,2026-07-28 04:00:04.122,2026-07-28 04:00:04.122,2026-07-28
"243","CD1iOomQOq","MOOSPMv3Parser",1785211201,0,0,3,0,0,3,4,0,0,4,217,135,1469,25,21,4,21,21,28,26,21,1,29,31,28,28,30.23,70,3,36.139004,-120.368423,178.748993,6,600,58,3,"e00fce68d6b773b56ce8baa0",2026-07-28 04:00:02.837,2026-07-28 04:00:04.335,2026-07-28 04:00:04.335,2026-07-28
"244","ILhJkXXebW","MOOSPMv3Parser",1785211200,4,4,3,6,6,3,3,6,6,3,881,239,3802,38,24,2,24,24,27,31,24,0,29,31,43,40,21.686,277,1,35.949425,-119.049942,108.336998,6,599,58,3,"e00fce6808784ceaf209f949",2026-07-28 04:00:03.135,2026-07-28 04:00:04.344,2026-07-28 04:00:04.344,2026-07-28
"245","hvYb34E3Ea","MOOSPMv3Parser",1785211200,3,3,5,6,6,5,6,7,7,6,752,218,7259,52,37,5,37,37,28,20,37,1,29,31,31,30,34.891,124,3277,7.3e-05,-0.004163,35398.101562,7,600,58,3,"e00fce68e28dcbc9a589be10",2026-07-28 04:00:03.708,2026-07-28 04:00:04.47,2026-07-28 04:00:04.47,2026-07-28
"246","co1lfZ8Fna","MOOSPMv3Parser",1785211201,0,0,2,0,0,2,3,0,0,3,183,99,4207,16,15,2,15,16,28,27,16,1,29,32,27,27,47.379,83,2,36.139053,-120.36837,181.020004,9,600,58,3,"e00fce686dc2ef0a68fa40b0",2026-07-28 04:00:03.071,2026-07-28 04:00:04.545,2026-07-28 04:00:04.545,2026-07-28
"247","463qqHgI2E","MOOSPMv3Parser",1785211200,2,2,3,3,3,4,4,3,3,4,534,134,2682,24,23,2,24,24,27,16,24,1,33,30,23,29,46.451,45,2,36.139027,-120.368324,199.143997,5,600,58,3,"e00fce6850cac69f647dc199",2026-07-28 04:00:03.466,2026-07-28 04:00:05.025,2026-07-28 04:00:05.025,2026-07-28
"248","D9GIF7oxhZ","MOOSPMv3Parser",1785211200,2,2,3,3,3,3,3,4,4,3,440,135,7988,25,20,3,20,20,0,0,20,1,29,31,27,29,32.007,99,5,36.139023,-120.368362,181.382996,6,600,58,3,"e00fce6876826e255108c6bd",2026-07-28 04:00:05.908,2026-07-28 04:00:07.026,2026-07-28 04:00:07.026,2026-07-28
"249","rhA5ddKALC","MOOSPMv3Parser",1785211201,1,1,0,3,3,0,0,4,4,0,622,156,0,31,0,3,0,0,27,19,0,2,29,30,30,32,35.206,164,4,36.187504,-119.822006,35.008999,6,600,58,3,"e00fce68e739ecbcf9e91965",2026-07-28 04:00:04.727,2026-07-28 04:00:07.116,2026-07-28 04:00:07.116,2026-07-28
"250","NAwh4mIRCa","MOOSPMv3Parser",1785211200,3,3,3,4,4,3,3,4,4,3,671,185,5330,26,22,1,22,22,26,32,22,0,26,30,43,37,16.353,161,2,36.523174,-119.278923,111.238998,0,600,58,3,"e00fce68f12da1a0c5de6248",2026-07-28 04:00:19.727,2026-07-28 04:00:19.887,2026-07-28 04:00:19.887,2026-07-28
"251","7iOqatGQVP","MOOSPMv3Parser",1785211800,2,2,3,3,3,3,3,3,3,4,531,128,2700,26,21,2,22,22,27,18,22,0,32,30,25,31,48.875,38,2,36.139069,-120.368347,186.382996,7,600,58,3,"e00fce6850cac69f647dc199",2026-07-28 04:10:02.572,2026-07-28 04:10:02.765,2026-07-28 04:10:02.765,2026-07-28
"252","Clsw4x7Fsa","MOOSPMv3Parser",1785211800,2,2,2,3,3,2,3,3,3,3,812,143,5945,23,15,2,15,15,28,18,15,1,29,31,28,30,41.909,65,2,36.139069,-120.368446,163.550003,10,600,58,3,"e00fce68e77e43df92405fdb",2026-07-28 04:10:02.836,2026-07-28 04:10:03.011,2026-07-28 04:10:03.011,2026-07-28
"253","N1Vv1Dh2Fd","MOOSPMv3Parser",1785211801,2,2,3,3,3,3,3,4,4,3,763,151,9993,25,21,2,21,21,27,17,21,0,31,31,25,28,42.885,54,2,36.762676,-119.798767,55.501999,8,600,58,3,"e00fce68e88237db75a60608",2026-07-28 04:10:02.985,2026-07-28 04:10:03.19,2026-07-28 04:10:03.19,2026-07-28
"254","OBcCpfC9Ud","MOOSPMv3Parser",1785211801,0,0,2,0,0,2,3,0,0,3,184,98,4218,16,14,2,14,14,28,28,14,1,29,31,29,28,50.204,66,2,36.139053,-120.36837,181.016006,0,600,58,3,"e00fce686dc2ef0a68fa40b0",2026-07-28 04:10:03.089,2026-07-28 04:10:03.251,2026-07-28 04:10:03.251,2026-07-28
"255","WPG1hdK9ZO","MOOSPMv3Parser",1785211800,5,5,4,7,7,5,5,8,8,5,1004,275,3832,52,34,4,34,35,27,33,35,0,28,30,44,41,19.895,282,1,35.949574,-119.049835,120.482002,7,599,58,3,"e00fce6808784ceaf209f949",2026-07-28 04:10:03.075,2026-07-28 04:10:03.33,2026-07-28 04:10:03.33,2026-07-28
"256","FiK0wYHRm5","MOOSPMv3Parser",1785211801,0,0,3,0,0,3,3,0,0,3,217,137,1485,24,20,3,20,20,27,28,20,1,29,30,30,30,31.365,58,3,36.139114,-120.368256,209.181,6,600,58,3,"e00fce68d6b773b56ce8baa0",2026-07-28 04:10:03.18,2026-07-28 04:10:03.35,2026-07-28 04:10:03.35,2026-07-28
"257","dmx8D6AoK3","MOOSPMv3Parser",1785211800,2,2,3,4,4,4,4,5,5,4,591,167,7282,36,27,3,27,27,27,19,27,1,29,31,30,30,35.33,87,3277,7.3e-05,-0.004163,35398.101562,7,600,58,3,"e00fce68e28dcbc9a589be10",2026-07-28 04:10:03.663,2026-07-28 04:10:03.807,2026-07-28 04:10:03.807,2026-07-28
"258","JMwkg6yrky","MOOSPMv3Parser",1785211801,2,2,0,4,4,0,0,4,4,0,651,158,0,31,0,2,0,0,27,21,0,2,29,30,31,33,36.053,119,4,36.187458,-119.821983,27.26,6,600,58,3,"e00fce68e739ecbcf9e91965",2026-07-28 04:10:04.836,2026-07-28 04:10:05.003,2026-07-28 04:10:05.003,2026-07-28
"259","hZlzBQcLDY","MOOSPMv3Parser",1785211800,3,3,4,5,5,4,4,5,5,4,809,220,5355,31,28,1,28,28,26,32,28,0,26,29,41,37,14.133,169,2,36.523396,-119.27874,76,7,600,58,3,"e00fce68f12da1a0c5de6248",2026-07-28 04:10:07.235,2026-07-28 04:10:07.402,2026-07-28 04:10:07.402,2026-07-28
"260","WNcnc4XZam","MOOSPMv3Parser",1785211800,1,1,2,3,3,3,3,4,4,3,408,126,8004,26,18,2,19,19,0,0,19,1,29,30,29,31,32.499,99,5,36.139008,-120.368378,192.973007,5,600,58,3,"e00fce6876826e255108c6bd",2026-07-28 04:10:19.384,2026-07-28 04:10:19.594,2026-07-28 04:10:19.594,2026-07-28
"261","o4phxjelP1","MOOSPMv3Parser",1785212401,0,0,2,0,0,2,2,0,0,2,182,100,4228,15,12,1,12,12,28,27,12,1,28,31,29,27,45.612,71,2,36.139046,-120.368362,179.222,6,600,58,3,"e00fce686dc2ef0a68fa40b0",2026-07-28 04:20:02.267,2026-07-28 04:20:02.438,2026-07-28 04:20:02.438,2026-07-28
"262","hgufCYm9kP","MOOSPMv3Parser",1785212400,2,2,2,3,3,2,2,3,3,2,807,145,5958,22,15,2,15,15,27,17,15,0,28,30,28,29,36.46,69,2,36.139053,-120.368401,167.960007,8,600,58,3,"e00fce68e77e43df92405fdb",2026-07-28 04:20:02.771,2026-07-28 04:20:02.93,2026-07-28 04:20:02.93,2026-07-28
"263","k6GpSUjzGQ","MOOSPMv3Parser",1785212400,2,2,3,3,3,3,3,3,3,3,501,124,2718,23,21,1,21,21,26,18,21,0,32,29,24,30,45.463,46,2,36.139023,-120.368317,180.613007,7,600,58,3,"e00fce6850cac69f647dc199",2026-07-28 04:20:02.849,2026-07-28 04:20:02.99,2026-07-28 04:20:02.99,2026-07-28
"264","ICPzOFtivt","MOOSPMv3Parser",1785212401,0,0,3,0,0,3,3,0,0,3,214,135,1502,23,20,3,20,20,27,27,20,1,28,30,29,29,28.922,66,3,36.13903,-120.368393,183.438004,5,600,58,3,"e00fce68d6b773b56ce8baa0",2026-07-28 04:20:03.015,2026-07-28 04:20:03.209,2026-07-28 04:20:03.209,2026-07-28
"265","SPcgHK38An","MOOSPMv3Parser",1785212401,2,2,3,3,3,3,3,4,4,3,787,154,10012,23,21,2,22,22,27,19,22,0,31,30,27,30,44.943,39,2,36.762733,-119.798744,54.418999,13,600,58,3,"e00fce68e88237db75a60608",2026-07-28 04:20:03.051,2026-07-28 04:20:03.261,2026-07-28 04:20:03.261,2026-07-28
"266","xCHWniFW1J","MOOSPMv3Parser",1785212400,5,5,6,10,10,9,11,10,10,12,1147,318,3870,68,48,8,51,51,27,34,51,1,28,30,45,42,18.252,296,1,35.949593,-119.049881,127.122002,7,599,58,3,"e00fce6808784ceaf209f949",2026-07-28 04:20:03.079,2026-07-28 04:20:03.27,2026-07-28 04:20:03.27,2026-07-28
"267","oCChz3yMsR","MOOSPMv3Parser",1785212400,3,3,3,4,4,3,3,4,4,3,713,193,5376,25,24,1,25,25,25,32,25,0,26,28,41,37,16.997,148,1,36.523296,-119.278824,79.962997,7,600,58,3,"e00fce68f12da1a0c5de6248",2026-07-28 04:20:03.346,2026-07-28 04:20:03.634,2026-07-28 04:20:03.634,2026-07-28
"268","CeTikmYmnG","MOOSPMv3Parser",1785212400,3,3,4,5,5,4,5,5,5,5,600,172,7306,38,28,4,29,29,27,19,29,1,29,30,30,30,34.708,81,3277,7.3e-05,-0.004163,35398.101562,7,600,58,3,"e00fce68e28dcbc9a589be10",2026-07-28 04:20:03.746,2026-07-28 04:20:04.009,2026-07-28 04:20:04.009,2026-07-28
"269","WsFZ1zPqq5","MOOSPMv3Parser",1785212400,1,1,3,3,3,3,3,3,3,3,405,124,8021,24,19,2,20,20,0,0,20,0,28,30,28,30,31.142,99,4,36.139053,-120.368446,175.485992,8,600,58,3,"e00fce6876826e255108c6bd",2026-07-28 04:20:03.816,2026-07-28 04:20:04.015,2026-07-28 04:20:04.015,2026-07-28
"270","8vVMSk8d8K","MOOSPMv3Parser",1785212401,3,3,0,5,5,0,0,6,6,0,732,186,0,41,0,3,0,0,26,21,0,2,29,29,32,33,34.872,136,5,36.1875,-119.82209,28.660999,6,600,58,3,"e00fce68e739ecbcf9e91965",2026-07-28 04:20:04.882,2026-07-28 04:20:05.028,2026-07-28 04:20:05.028,2026-07-28
"271","6YJ24fDB8J","MOOSPMv3Parser",1785213000,2,2,2,3,3,2,3,3,3,3,753,135,5972,23,16,2,17,17,27,18,17,0,28,30,30,30,38.416,54,2,36.139053,-120.368401,167.960007,0,600,58,3,"e00fce68e77e43df92405fdb",2026-07-28 04:30:02.938,2026-07-28 04:30:03.224,2026-07-28 04:30:03.224,2026-07-28
"272","RtFExBQ4Sx","MOOSPMv3Parser",1785213001,0,0,2,0,0,2,2,0,0,2,178,94,4240,15,14,1,14,14,27,28,14,1,28,30,30,28,46.07,62,2,36.139042,-120.368423,185.334,8,600,58,3,"e00fce686dc2ef0a68fa40b0",2026-07-28 04:30:02.875,2026-07-28 04:30:03.238,2026-07-28 04:30:03.238,2026-07-28
"273","ZFgRLp7Qk8","MOOSPMv3Parser",1785213001,2,2,3,4,4,3,3,4,4,3,808,161,10032,25,23,2,23,23,27,22,23,0,30,30,29,32,45.521,51,2,36.762714,-119.798759,53.062,13,600,58,3,"e00fce68e88237db75a60608",2026-07-28 04:30:02.97,2026-07-28 04:30:03.326,2026-07-28 04:30:03.326,2026-07-28
"274","LPoTfAZXAF","MOOSPMv3Parser",1785213000,5,5,5,8,8,7,9,9,9,9,1075,295,3902,58,39,5,41,41,26,36,42,1,27,29,46,43,16.354,305,1,35.949577,-119.049973,118.052002,9,599,58,3,"e00fce6808784ceaf209f949",2026-07-28 04:30:03.157,2026-07-28 04:30:03.383,2026-07-28 04:30:03.383,2026-07-28
"275","CzxZb6n3os","MOOSPMv3Parser",1785213000,3,3,3,4,4,3,3,4,4,3,707,189,5397,27,23,2,23,23,25,32,23,0,25,28,39,37,17.071,140,1,36.523281,-119.278793,92.019997,7,600,58,3,"e00fce68f12da1a0c5de6248",2026-07-28 04:30:03.079,2026-07-28 04:30:03.431,2026-07-28 04:30:03.431,2026-07-28
"276","bLBdBLdDbQ","MOOSPMv3Parser",1785213000,2,2,3,3,3,3,3,3,3,3,514,126,2736,23,21,2,21,21,26,19,21,0,31,29,25,31,45.311,41,2,36.138958,-120.368378,175.951996,7,600,58,3,"e00fce6850cac69f647dc199",2026-07-28 04:30:03.248,2026-07-28 04:30:03.483,2026-07-28 04:30:03.483,2026-07-28
"277","fJCFSUFQiM","MOOSPMv3Parser",1785213001,0,0,3,0,0,3,3,0,0,3,210,131,1519,21,20,2,20,20,27,28,20,1,28,29,31,30,28.776,64,3,36.139122,-120.368416,182.175995,6,600,58,3,"e00fce68d6b773b56ce8baa0",2026-07-28 04:30:03.221,2026-07-28 04:30:03.528,2026-07-28 04:30:03.528,2026-07-28
"278","SeUi5cjkhT","MOOSPMv3Parser",1785213001,2,2,0,5,5,0,0,5,5,0,723,184,0,38,0,3,0,0,26,22,0,2,29,29,32,34,34.988,154,5,36.187481,-119.822052,21.358,6,600,58,3,"e00fce68e739ecbcf9e91965",2026-07-28 04:30:04.757,2026-07-28 04:30:04.944,2026-07-28 04:30:04.944,2026-07-28
"279","PesDLSMm7F","MOOSPMv3Parser",1785213000,2,2,4,4,4,4,4,4,4,5,600,170,7329,33,27,3,28,28,27,19,28,1,29,30,29,30,37.077,64,3277,7.3e-05,-0.004163,35398.101562,7,600,58,3,"e00fce68e28dcbc9a589be10",2026-07-28 04:30:09.253,2026-07-28 04:30:09.431,2026-07-28 04:30:09.431,2026-07-28
"280","BvcBdYYOHM","MOOSPMv3Parser",1785213000,1,1,2,3,3,3,3,4,4,3,419,129,8037,25,18,3,19,19,0,0,19,1,28,29,30,31,31.017,99,4,36.139107,-120.368301,174.901001,9,600,58,3,"e00fce6876826e255108c6bd",2026-07-28 04:30:10.293,2026-07-28 04:30:10.476,2026-07-28 04:30:10.476,2026-07-28
"281","D5NhCtUb6A","MOOSPMv3Parser",1785213601,0,0,2,0,0,2,2,0,0,2,179,95,4250,15,12,1,12,12,27,29,12,0,27,30,32,29,43.944,66,2,36.139042,-120.36837,176.727997,8,600,58,3,"e00fce686dc2ef0a68fa40b0",2026-07-28 04:40:02.78,2026-07-28 04:40:02.929,2026-07-28 04:40:02.929,2026-07-28
"282","SCGGiidskx","MOOSPMv3Parser",1785213600,2,2,2,3,3,2,2,3,3,2,786,141,5985,22,15,2,15,15,26,19,15,0,27,29,31,31,37.752,57,2,36.13903,-120.368454,168.087997,13,600,58,3,"e00fce68e77e43df92405fdb",2026-07-28 04:40:02.788,2026-07-28 04:40:02.969,2026-07-28 04:40:02.969,2026-07-28
"283","BsDTcxrd4R","MOOSPMv3Parser",1785213601,0,0,3,0,0,3,3,0,0,3,210,127,1535,21,20,3,20,20,26,29,20,1,27,29,32,31,27.416,67,3,36.139034,-120.368294,186.477997,6,600,58,3,"e00fce68d6b773b56ce8baa0",2026-07-28 04:40:02.839,2026-07-28 04:40:03.011,2026-07-28 04:40:03.011,2026-07-28
"284","Yc8z3HrzwP","MOOSPMv3Parser",1785213601,3,3,3,4,4,3,3,5,5,3,884,190,10055,31,25,2,26,26,27,24,26,0,30,30,30,33,45.276,38,2,36.762714,-119.798759,53.062,0,600,58,3,"e00fce68e88237db75a60608",2026-07-28 04:40:02.966,2026-07-28 04:40:03.141,2026-07-28 04:40:03.141,2026-07-28
"285","rp5xMyBgIS","MOOSPMv3Parser",1785213600,2,2,2,3,3,2,2,3,3,2,527,145,5413,21,18,1,18,18,25,26,18,0,27,28,31,32,25.718,78,1,36.523483,-119.27874,77.931,8,600,58,3,"e00fce68f12da1a0c5de6248",2026-07-28 04:40:03.073,2026-07-28 04:40:03.224,2026-07-28 04:40:03.224,2026-07-28
"286","naMtRi9nI9","MOOSPMv3Parser",1785213600,5,5,5,8,8,7,9,9,9,9,1089,303,3935,62,40,6,42,42,26,37,42,1,27,29,47,44,15.889,278,1,35.949589,-119.049942,111.878998,6,599,58,3,"e00fce6808784ceaf209f949",2026-07-28 04:40:03.074,2026-07-28 04:40:03.257,2026-07-28 04:40:03.257,2026-07-28
"287","CCBlx5TUX8","MOOSPMv3Parser",1785213600,1,1,3,2,2,3,3,3,3,3,467,116,2753,21,20,2,20,20,25,20,20,0,31,28,26,32,44.586,49,2,36.139023,-120.368378,185.766006,7,600,58,3,"e00fce6850cac69f647dc199",2026-07-28 04:40:03.583,2026-07-28 04:40:03.765,2026-07-28 04:40:03.765,2026-07-28
"288","rT2yTbGSWW","MOOSPMv3Parser",1785213600,2,2,3,4,4,4,4,5,5,4,605,171,7352,35,27,3,27,27,27,20,27,1,29,30,30,30,38.313,46,3277,7.3e-05,-0.004163,35398.101562,7,600,58,3,"e00fce68e28dcbc9a589be10",2026-07-28 04:40:03.704,2026-07-28 04:40:03.948,2026-07-28 04:40:03.948,2026-07-28
"289","rtOzkUUBbp","MOOSPMv3Parser",1785213601,3,3,0,5,5,0,0,6,6,0,763,195,0,39,0,4,0,0,26,22,0,2,29,29,32,34,35.423,141,5,36.187527,-119.822037,27.393,6,600,58,3,"e00fce68e739ecbcf9e91965",2026-07-28 04:40:04.729,2026-07-28 04:40:04.912,2026-07-28 04:40:04.912,2026-07-28
"290","u1iEiEb5YW","MOOSPMv3Parser",1785213600,1,1,2,2,2,2,3,2,2,3,382,117,8052,20,17,2,18,18,0,0,18,0,27,29,31,32,30.262,99,4,36.13913,-120.368416,191.242996,6,600,58,3,"e00fce6876826e255108c6bd",2026-07-28 04:40:08.677,2026-07-28 04:40:08.883,2026-07-28 04:40:08.883,2026-07-28
"291","jCF9OUh1kl","MOOSPMv3Parser",1785214201,0,0,1,0,0,1,2,0,0,2,177,95,4259,15,11,1,11,11,26,29,11,0,27,29,30,29,43.118,85,2,36.138981,-120.36837,173.785004,6,600,58,3,"e00fce686dc2ef0a68fa40b0",2026-07-28 04:50:02.039,2026-07-28 04:50:02.226,2026-07-28 04:50:02.226,2026-07-28
"292","zomxsgZudS","MOOSPMv3Parser",1785214200,1,1,2,3,3,3,3,3,3,3,490,120,2769,23,19,1,19,19,25,20,19,0,30,28,26,31,44.021,61,2,36.138973,-120.368408,197.123001,5,600,58,3,"e00fce6850cac69f647dc199",2026-07-28 04:50:02.507,2026-07-28 04:50:02.783,2026-07-28 04:50:02.783,2026-07-28
"293","EtF68Uj79D","MOOSPMv3Parser",1785214201,0,0,2,0,0,2,2,0,0,2,210,128,1550,22,18,2,18,18,26,28,18,0,27,28,31,31,26.864,86,3,36.139103,-120.368416,185.031006,6,600,58,3,"e00fce68d6b773b56ce8baa0",2026-07-28 04:50:02.611,2026-07-28 04:50:02.817,2026-07-28 04:50:02.817,2026-07-28
"294","ZmrEwGTh2b","MOOSPMv3Parser",1785214200,2,2,2,3,3,2,2,3,3,2,773,139,5997,24,14,2,14,14,26,19,14,0,27,29,30,30,37.24,71,2,36.139027,-120.368492,185.231995,8,600,58,3,"e00fce68e77e43df92405fdb",2026-07-28 04:50:02.83,2026-07-28 04:50:02.98,2026-07-28 04:50:02.98,2026-07-28
"295","0bB2QCILt5","MOOSPMv3Parser",1785214200,5,5,4,7,7,5,5,8,8,6,1031,282,3957,52,33,4,34,34,26,38,34,1,27,29,47,45,14.473,283,1,35.949589,-119.049942,111.880997,0,600,58,3,"e00fce6808784ceaf209f949",2026-07-28 04:50:03.074,2026-07-28 04:50:03.218,2026-07-28 04:50:03.218,2026-07-28
"296","rrsNstFKUU","MOOSPMv3Parser",1785214201,3,3,3,5,5,4,4,5,5,4,936,196,10078,32,27,2,27,27,26,26,27,0,30,30,32,34,43.72,43,3,36.762714,-119.798737,56.062,9,600,58,3,"e00fce68e88237db75a60608",2026-07-28 04:50:03.203,2026-07-28 04:50:03.402,2026-07-28 04:50:03.402,2026-07-28
"297","s13lE5n4Rf","MOOSPMv3Parser",1785214200,3,3,3,4,4,3,4,4,4,4,595,170,7373,29,25,2,25,25,27,20,25,1,29,30,29,30,37.197,59,3277,7.3e-05,-0.004163,35398.101562,7,600,58,3,"e00fce68e28dcbc9a589be10",2026-07-28 04:50:03.647,2026-07-28 04:50:03.843,2026-07-28 04:50:03.843,2026-07-28
"298","1TVGa6vXdO","MOOSPMv3Parser",1785214200,1,1,2,2,2,3,3,3,3,3,379,118,8068,23,18,2,19,19,0,0,19,0,27,28,30,31,30.303,99,4,36.13913,-120.368416,191.244003,0,600,58,3,"e00fce6876826e255108c6bd",2026-07-28 04:50:03.7,2026-07-28 04:50:03.925,2026-07-28 04:50:03.925,2026-07-28
"299","YbjN03RTUB","MOOSPMv3Parser",1785214200,2,2,2,3,3,3,3,3,3,3,568,152,5430,22,19,1,20,20,24,30,20,0,26,27,37,36,24.724,68,1,36.523235,-119.278793,78.221001,6,600,58,3,"e00fce68f12da1a0c5de6248",2026-07-28 04:50:04.04,2026-07-28 04:50:04.192,2026-07-28 04:50:04.192,2026-07-28
"300","lc7qX0yjoR","MOOSPMv3Parser",1785214201,3,3,0,5,5,0,0,6,6,0,797,206,0,39,0,2,0,0,26,24,0,2,29,29,33,35,36.372,114,6,36.187515,-119.82209,39.923,6,600,58,3,"e00fce68e739ecbcf9e91965",2026-07-28 04:50:04.729,2026-07-28 04:50:04.975,2026-07-28 04:50:04.975,2026-07-28
"301","VUA9uIKqzG","MOOSPMv3Parser",1785214801,0,0,1,0,0,1,1,0,0,1,176,91,4267,13,10,1,10,10,26,29,10,0,27,29,29,29,47.126,35,2,36.138985,-120.368378,176.826996,9,600,58,3,"e00fce686dc2ef0a68fa40b0",2026-07-28 05:00:02.105,2026-07-28 05:00:02.724,2026-07-28 05:00:02.724,2026-07-28
"302","kZGtTlI3mW","MOOSPMv3Parser",1785214800,2,2,2,3,3,2,2,3,3,2,792,139,6009,22,14,2,14,14,26,19,14,0,27,28,29,31,40.808,28,2,36.139042,-120.368385,170.882004,8,600,58,3,"e00fce68e77e43df92405fdb",2026-07-28 05:00:02.816,2026-07-28 05:00:03.842,2026-07-28 05:00:03.842,2026-07-28
"303","fsT5FOVrTQ","MOOSPMv3Parser",1785214800,5,5,4,7,7,5,6,7,7,6,1022,276,3992,44,34,4,34,35,25,39,35,1,27,28,47,45,12.742,291,1,35.949596,-119.049934,106.389,5,599,58,3,"e00fce6808784ceaf209f949",2026-07-28 05:00:03.077,2026-07-28 05:00:03.94,2026-07-28 05:00:03.94,2026-07-28
"304","ge8Z1iO4XV","MOOSPMv3Parser",1785214800,1,1,2,2,2,2,2,2,2,2,473,115,2785,20,18,1,18,18,25,20,18,0,30,27,26,31,195.031,20,3,36.139019,-120.368561,208.679001,6,600,58,3,"e00fce6850cac69f647dc199",2026-07-28 05:00:02.834,2026-07-28 05:00:04.134,2026-07-28 05:00:04.134,2026-07-28
"305","UTAT6M6WsA","MOOSPMv3Parser",1785214801,0,0,2,0,0,2,2,0,0,2,202,123,1565,19,17,2,17,17,26,28,17,0,27,28,30,31,29.759,30,4,36.138992,-120.368431,166.666,6,600,58,3,"e00fce68d6b773b56ce8baa0",2026-07-28 05:00:02.917,2026-07-28 05:00:04.18,2026-07-28 05:00:04.18,2026-07-28
"306","TDt2OOJVi1","MOOSPMv3Parser",1785214801,3,3,4,5,5,4,4,5,5,4,909,194,10102,32,28,2,28,28,26,28,28,0,29,29,33,36,43.315,55,3,36.762753,-119.798706,57.897999,12,600,58,3,"e00fce68e88237db75a60608",2026-07-28 05:00:03.044,2026-07-28 05:00:04.315,2026-07-28 05:00:04.315,2026-07-28
"307","8PO0844cls","MOOSPMv3Parser",1785214800,2,2,3,3,3,3,3,3,3,3,534,150,7391,27,21,2,21,21,27,20,21,1,29,30,29,30,38.073,30,3277,7.3e-05,-0.004163,35398.101562,7,600,58,3,"e00fce68e28dcbc9a589be10",2026-07-28 05:00:03.698,2026-07-28 05:00:04.511,2026-07-28 05:00:04.511,2026-07-28
"308","5ZIale5Vhl","MOOSPMv3Parser",1785214801,3,3,0,6,6,0,0,6,6,0,829,209,0,44,0,4,0,0,26,24,0,2,28,29,34,36,35.483,108,6,36.187515,-119.82209,39.923,0,600,58,3,"e00fce68e739ecbcf9e91965",2026-07-28 05:00:04.658,2026-07-28 05:00:05.409,2026-07-28 05:00:05.409,2026-07-28
"309","YYSZtU90l7","MOOSPMv3Parser",1785214800,1,1,2,2,2,2,2,3,3,2,375,115,8082,21,17,2,17,17,0,0,17,0,27,28,29,31,32.825,99,6,36.139004,-120.368347,173.445999,6,600,58,3,"e00fce6876826e255108c6bd",2026-07-28 05:00:04.612,2026-07-28 05:00:05.426,2026-07-28 05:00:05.426,2026-07-28
"310","m2fteEUesS","MOOSPMv3Parser",1785214800,2,2,3,3,3,3,3,3,3,3,589,161,5447,20,20,1,20,20,24,32,20,0,25,27,38,37,22.291,100,2,36.523449,-119.278793,84.554001,5,600,58,3,"e00fce68f12da1a0c5de6248",2026-07-28 05:00:08.017,2026-07-28 05:00:08.267,2026-07-28 05:00:08.267,2026-07-28
"311","MxrAVZrkbm","MOOSPMv3Parser",1785215401,0,0,1,0,0,2,2,0,0,2,176,92,4276,14,11,1,11,11,26,28,11,0,27,29,28,28,49.828,28,2,36.13895,-120.368378,174.328995,10,600,58,3,"e00fce686dc2ef0a68fa40b0",2026-07-28 05:10:02.272,2026-07-28 05:10:02.525,2026-07-28 05:10:02.525,2026-07-28
"312","RV5Y5Ug1fH","MOOSPMv3Parser",1785215400,5,5,5,8,8,5,6,8,8,6,1055,286,4015,53,35,4,36,36,25,38,36,1,27,28,46,44,10.82,295,1,35.949551,-119.049911,116.903999,5,600,58,3,"e00fce6808784ceaf209f949",2026-07-28 05:10:03.075,2026-07-28 05:10:03.212,2026-07-28 05:10:03.212,2026-07-28
"313","fig7y7cDAE","MOOSPMv3Parser",1785215400,2,2,2,3,3,2,2,3,3,2,736,137,6021,20,14,2,14,14,26,18,14,0,28,28,28,30,43.62,17,2,36.139027,-120.368385,169.785004,10,600,58,3,"e00fce68e77e43df92405fdb",2026-07-28 05:10:03.083,2026-07-28 05:10:03.283,2026-07-28 05:10:03.283,2026-07-28
"314","WbGz85mqs8","MOOSPMv3Parser",1785215401,3,3,4,5,5,4,4,5,5,4,952,202,10128,31,29,2,29,29,26,30,29,0,29,29,35,37,42.261,65,3,36.762768,-119.798729,53.187,10,600,58,3,"e00fce68e88237db75a60608",2026-07-28 05:10:03.057,2026-07-28 05:10:03.293,2026-07-28 05:10:03.293,2026-07-28
"315","SSR2TdUCFF","MOOSPMv3Parser",1785215400,1,1,2,2,2,2,2,2,2,2,484,119,2800,19,18,1,18,18,25,19,18,0,30,27,25,31,409.152,14,3,36.139027,-120.368408,180.074005,6,600,58,3,"e00fce6850cac69f647dc199",2026-07-28 05:10:03.184,2026-07-28 05:10:03.392,2026-07-28 05:10:03.392,2026-07-28
"316","PYCpgF5rUl","MOOSPMv3Parser",1785215400,2,2,3,3,3,3,3,3,3,3,601,161,5465,22,20,1,20,20,24,30,20,0,25,26,36,35,21.375,97,1,36.523258,-119.278748,83.140999,6,600,58,3,"e00fce68f12da1a0c5de6248",2026-07-28 05:10:03.216,2026-07-28 05:10:03.43,2026-07-28 05:10:03.43,2026-07-28
"317","kHHQMBEljk","MOOSPMv3Parser",1785215401,0,0,2,0,0,2,2,0,0,2,204,127,1580,21,18,2,18,18,25,28,18,0,27,28,28,30,31.508,19,5,36.138977,-120.368301,179.391998,7,600,58,3,"e00fce68d6b773b56ce8baa0",2026-07-28 05:10:03.325,2026-07-28 05:10:03.493,2026-07-28 05:10:03.493,2026-07-28
"318","t1394rCCQl","MOOSPMv3Parser",1785215400,2,2,3,3,3,3,3,4,4,3,536,151,7409,28,21,2,21,21,26,20,21,1,28,29,30,30,37.164,42,3277,7.3e-05,-0.004163,35398.101562,7,600,58,3,"e00fce68e28dcbc9a589be10",2026-07-28 05:10:03.709,2026-07-28 05:10:03.894,2026-07-28 05:10:03.894,2026-07-28
"319","qTHmcc7SbB","MOOSPMv3Parser",1785215400,1,1,2,2,2,2,2,2,2,2,366,111,8097,21,17,2,17,17,0,0,17,0,28,28,28,31,34.026,99,8,36.139019,-120.368416,177.718002,7,600,58,3,"e00fce6876826e255108c6bd",2026-07-28 05:10:03.904,2026-07-28 05:10:04.121,2026-07-28 05:10:04.121,2026-07-28
"320","HTvLym20Sw","MOOSPMv3Parser",1785215401,3,3,0,6,6,0,0,6,6,0,834,214,0,41,0,3,0,0,26,25,0,2,28,29,34,36,34.251,135,6,36.187527,-119.822067,27.816,10,600,58,3,"e00fce68e739ecbcf9e91965",2026-07-28 05:10:04.654,2026-07-28 05:10:04.835,2026-07-28 05:10:04.835,2026-07-28
"321","vVe0JMyLxQ","MOOSPMv3Parser",1785216001,0,0,1,0,0,1,1,0,0,1,176,93,4285,15,10,1,10,10,26,28,10,0,28,29,28,28,51.205,22,2,36.139004,-120.368362,180.108994,12,600,58,3,"e00fce686dc2ef0a68fa40b0",2026-07-28 05:20:02.169,2026-07-28 05:20:02.357,2026-07-28 05:20:02.357,2026-07-28
"322","z5hKVuqbKS","MOOSPMv3Parser",1785216001,0,0,2,0,0,2,2,0,0,2,206,128,1594,19,17,2,18,18,25,28,18,0,27,28,29,30,32.232,12,5,36.138977,-120.368301,179.393005,0,600,58,3,"e00fce68d6b773b56ce8baa0",2026-07-28 05:20:02.92,2026-07-28 05:20:03.105,2026-07-28 05:20:03.105,2026-07-28
"323","72GehVAiYl","MOOSPMv3Parser",1785216000,2,2,2,2,2,2,2,3,3,2,784,133,6033,19,13,2,14,14,26,18,14,0,28,28,28,30,44.503,11,3,36.13908,-120.368362,159.813995,9,600,58,3,"e00fce68e77e43df92405fdb",2026-07-28 05:20:02.971,2026-07-28 05:20:03.154,2026-07-28 05:20:03.154,2026-07-28
"324","jVxvvXhlLv","MOOSPMv3Parser",1785216001,4,4,4,6,6,4,4,6,6,4,1056,234,10154,40,30,4,30,30,26,32,30,0,29,29,36,39,40.38,79,3,36.762844,-119.798737,70.012001,8,600,58,3,"e00fce68e88237db75a60608",2026-07-28 05:20:02.989,2026-07-28 05:20:03.164,2026-07-28 05:20:03.164,2026-07-28
"325","G3qTjcJhjx","MOOSPMv3Parser",1785216000,2,2,2,3,3,2,2,3,3,2,551,149,5481,21,18,1,19,19,23,30,19,0,26,26,36,36,26.009,64,2,36.523426,-119.27877,76.717003,7,600,58,3,"e00fce68f12da1a0c5de6248",2026-07-28 05:20:03.146,2026-07-28 05:20:03.358,2026-07-28 05:20:03.358,2026-07-28
"326","MaLaPRKzrY","MOOSPMv3Parser",1785216000,5,5,4,8,8,5,5,8,8,6,1146,310,4050,50,33,4,34,34,25,36,34,1,27,28,43,43,11.301,281,1,35.949554,-119.049942,121.953003,7,599,58,3,"e00fce6808784ceaf209f949",2026-07-28 05:20:03.209,2026-07-28 05:20:03.426,2026-07-28 05:20:03.426,2026-07-28
"327","OD57rAVzbT","MOOSPMv3Parser",1785216000,1,1,2,2,2,2,2,2,2,2,467,114,2817,20,19,1,19,19,24,19,19,0,30,27,24,31,513.229,10,4,36.139004,-120.368393,204.561005,5,600,58,3,"e00fce6850cac69f647dc199",2026-07-28 05:20:03.47,2026-07-28 05:20:03.607,2026-07-28 05:20:03.607,2026-07-28
"328","q5iYcw47Zu","MOOSPMv3Parser",1785216000,2,2,3,4,4,3,3,4,4,3,550,158,7428,30,22,2,23,23,26,21,23,1,28,29,31,32,36.535,44,3277,7.3e-05,-0.004163,35398.101562,7,600,58,3,"e00fce68e28dcbc9a589be10",2026-07-28 05:20:03.619,2026-07-28 05:20:03.848,2026-07-28 05:20:03.848,2026-07-28
"329","Iu0RwHS8m9","MOOSPMv3Parser",1785216000,1,1,2,2,2,2,2,3,3,2,381,117,8111,23,17,2,17,17,0,0,17,0,27,28,28,31,34.416,99,10,36.139053,-120.368416,178.968002,9,600,58,3,"e00fce6876826e255108c6bd",2026-07-28 05:20:03.777,2026-07-28 05:20:04.041,2026-07-28 05:20:04.041,2026-07-28
"330","GafRJO43Sv","MOOSPMv3Parser",1785216001,3,3,0,5,5,0,0,5,5,0,756,192,0,35,0,3,0,0,26,24,0,2,28,28,33,36,34.168,143,6,36.187473,-119.821938,33.662998,7,600,58,3,"e00fce68e739ecbcf9e91965",2026-07-28 05:20:04.883,2026-07-28 05:20:05.07,2026-07-28 05:20:05.07,2026-07-28
"331","N0BUMRd8IB","MOOSPMv3Parser",1785216600,2,2,2,2,2,3,3,3,3,3,470,115,2833,21,19,1,19,19,24,20,19,0,30,27,25,32,248.962,16,4,36.138985,-120.368393,180.828003,8,600,58,3,"e00fce6850cac69f647dc199",2026-07-28 05:30:02.506,2026-07-28 05:30:02.805,2026-07-28 05:30:02.805,2026-07-28
"332","1OwpnbFjb1","MOOSPMv3Parser",1785216601,0,0,2,0,0,2,2,0,0,2,207,126,1609,20,18,3,18,18,25,29,18,0,27,28,30,31,29.942,22,6,36.139023,-120.368393,165.746994,6,600,58,3,"e00fce68d6b773b56ce8baa0",2026-07-28 05:30:02.896,2026-07-28 05:30:03.176,2026-07-28 05:30:03.176,2026-07-28
"333","fZxtRc0REe","MOOSPMv3Parser",1785216600,2,2,2,3,3,2,2,3,3,2,769,138,6045,22,13,1,13,13,25,19,13,0,27,28,30,31,40.49,30,3,36.139065,-120.368423,170.548004,8,600,58,3,"e00fce68e77e43df92405fdb",2026-07-28 05:30:02.771,2026-07-28 05:30:03.211,2026-07-28 05:30:03.211,2026-07-28
"334","NIoRHjAn9O","MOOSPMv3Parser",1785216601,4,4,4,6,6,4,4,6,6,4,1040,229,10181,39,31,2,31,31,25,33,31,0,28,28,37,40,39.716,98,3,36.762867,-119.798767,53.151001,6,600,58,3,"e00fce68e88237db75a60608",2026-07-28 05:30:02.966,2026-07-28 05:30:03.269,2026-07-28 05:30:03.269,2026-07-28
"335","Sj7ZNxt1Ck","MOOSPMv3Parser",1785216600,5,5,4,8,8,5,5,9,9,5,1160,318,4078,53,33,5,34,34,25,34,34,1,27,28,40,40,13.317,256,1,35.949566,-119.04995,119.559998,7,599,58,3,"e00fce6808784ceaf209f949",2026-07-28 05:30:03.151,2026-07-28 05:30:03.345,2026-07-28 05:30:03.345,2026-07-28
"336","yiEpY0XwGY","MOOSPMv3Parser",1785216600,2,2,3,3,3,3,3,3,3,3,537,151,7446,26,21,1,21,21,26,22,21,1,28,29,33,33,35.367,47,3277,7.3e-05,-0.004163,35398.101562,7,600,58,3,"e00fce68e28dcbc9a589be10",2026-07-28 05:30:03.701,2026-07-28 05:30:03.836,2026-07-28 05:30:03.836,2026-07-28
"337","F3DspjCVqy","MOOSPMv3Parser",1785216600,3,3,3,4,4,3,3,4,4,3,656,177,5500,23,22,1,22,22,23,33,22,0,24,26,40,39,20.035,106,2,36.523262,-119.278824,104.557999,5,600,58,3,"e00fce68f12da1a0c5de6248",2026-07-28 05:30:04.031,2026-07-28 05:30:04.214,2026-07-28 05:30:04.214,2026-07-28
"338","jw9uAD0CSv","MOOSPMv3Parser",1785216601,3,3,0,5,5,0,0,6,6,0,807,202,0,39,0,3,0,0,26,24,0,2,28,28,33,35,31.032,171,6,36.187511,-119.822029,24.322001,8,600,58,3,"e00fce68e739ecbcf9e91965",2026-07-28 05:30:04.733,2026-07-28 05:30:04.877,2026-07-28 05:30:04.877,2026-07-28
"339","IWohiwF9vX","MOOSPMv3Parser",1785216601,0,0,1,0,0,1,1,0,0,1,181,95,4293,14,9,1,10,10,26,29,10,0,27,28,30,29,47.6,39,2,36.138966,-120.368385,169.557007,10,600,58,3,"e00fce686dc2ef0a68fa40b0",2026-07-28 05:30:06.405,2026-07-28 05:30:06.567,2026-07-28 05:30:06.567,2026-07-28
"340","EypcrF6wgu","MOOSPMv3Parser",1785216600,1,1,2,2,2,2,2,2,2,2,366,113,8126,20,17,1,17,17,0,0,17,0,27,27,29,32,32.886,99,10,36.139061,-120.368332,197.712006,8,600,58,3,"e00fce6876826e255108c6bd",2026-07-28 05:30:08.517,2026-07-28 05:30:08.721,2026-07-28 05:30:08.721,2026-07-28
"341","E3wIXuqFCM","MOOSPMv3Parser",1785217201,0,0,1,0,0,1,1,0,0,1,178,95,4301,14,10,1,10,10,26,30,10,0,27,28,32,31,46.961,60,2,36.139046,-120.368355,171.796005,8,600,58,3,"e00fce686dc2ef0a68fa40b0",2026-07-28 05:40:01.846,2026-07-28 05:40:02.068,2026-07-28 05:40:02.068,2026-07-28
"342","7aVNDD4XAy","MOOSPMv3Parser",1785217201,0,0,2,0,0,2,2,0,0,2,209,130,1624,20,19,2,19,19,25,30,19,0,27,27,32,33,29.514,50,6,36.138947,-120.368393,156.147995,7,600,58,3,"e00fce68d6b773b56ce8baa0",2026-07-28 05:40:02.551,2026-07-28 05:40:02.735,2026-07-28 05:40:02.735,2026-07-28
"343","DRuy4m6rmi","MOOSPMv3Parser",1785217200,2,2,2,3,3,2,2,3,3,2,742,133,6056,20,14,1,14,14,25,20,14,0,27,28,30,32,40.618,41,3,36.139023,-120.368347,173.910004,7,600,58,3,"e00fce68e77e43df92405fdb",2026-07-28 05:40:02.835,2026-07-28 05:40:02.994,2026-07-28 05:40:02.994,2026-07-28
"344","hqBDPoia0s","MOOSPMv3Parser",1785217200,1,1,2,3,3,3,3,3,3,3,483,120,2850,21,19,2,19,19,24,22,19,0,30,27,27,34,95.908,33,4,36.138985,-120.368393,180.828003,0,600,58,3,"e00fce6850cac69f647dc199",2026-07-28 05:40:02.922,2026-07-28 05:40:03.122,2026-07-28 05:40:03.122,2026-07-28
"345","mbGTN9yM5Y","MOOSPMv3Parser",1785217201,4,4,4,6,6,4,4,6,6,4,1039,232,10209,40,31,3,31,31,25,34,31,0,28,28,38,41,39.063,105,3,36.762695,-119.798752,55.175999,6,600,58,3,"e00fce68e88237db75a60608",2026-07-28 05:40:02.961,2026-07-28 05:40:03.16,2026-07-28 05:40:03.16,2026-07-28
"346","vihCB6KVbQ","MOOSPMv3Parser",1785217200,5,5,4,7,7,4,5,8,8,5,1039,282,4104,47,30,5,31,31,25,33,31,1,27,28,40,40,16.36,221,1,35.949661,-119.049927,131.078995,7,599,58,3,"e00fce6808784ceaf209f949",2026-07-28 05:40:03.07,2026-07-28 05:40:03.287,2026-07-28 05:40:03.287,2026-07-28
"347","2JuvhSizJC","MOOSPMv3Parser",1785217200,3,3,3,4,4,3,3,4,4,3,687,186,5521,26,23,1,23,23,23,33,23,0,23,25,40,38,18.223,121,2,36.523335,-119.278831,76.649002,7,600,58,3,"e00fce68f12da1a0c5de6248",2026-07-28 05:40:03.253,2026-07-28 05:40:03.411,2026-07-28 05:40:03.411,2026-07-28
"348","3PLAd23uDN","MOOSPMv3Parser",1785217200,2,2,3,3,3,3,3,4,4,3,575,162,7465,27,22,2,22,22,26,24,22,1,28,29,34,34,35.182,46,3277,7.3e-05,-0.004163,35398.101562,7,600,58,3,"e00fce68e28dcbc9a589be10",2026-07-28 05:40:03.688,2026-07-28 05:40:03.838,2026-07-28 05:40:03.838,2026-07-28
"349","SArp9HfnUR","MOOSPMv3Parser",1785217200,1,1,2,2,2,2,2,3,3,2,389,119,8141,20,17,2,17,17,0,0,17,0,27,27,31,34,31.992,99,8,36.139027,-120.368347,180.604004,10,600,58,3,"e00fce6876826e255108c6bd",2026-07-28 05:40:03.752,2026-07-28 05:40:03.894,2026-07-28 05:40:03.894,2026-07-28
"350","V50YdZQyLj","MOOSPMv3Parser",1785217201,3,3,0,5,5,0,0,6,6,0,739,191,0,39,0,2,0,0,25,25,0,2,28,28,33,36,26.391,205,5,36.187489,-119.82206,19.268999,9,600,58,3,"e00fce68e739ecbcf9e91965",2026-07-28 05:40:04.732,2026-07-28 05:40:04.901,2026-07-28 05:40:04.901,2026-07-28
"351","w9nxV8aRaX","MOOSPMv3Parser",1785217801,0,0,1,0,0,1,1,0,0,1,171,91,4310,14,10,1,10,10,25,31,10,0,26,28,32,31,43.864,68,2,36.139046,-120.368385,171.445007,11,600,58,3,"e00fce686dc2ef0a68fa40b0",2026-07-28 05:50:02.354,2026-07-28 05:50:02.538,2026-07-28 05:50:02.538,2026-07-28
"352","tORJiEWJMy","MOOSPMv3Parser",1785217800,2,2,2,3,3,2,2,3,3,2,741,138,6069,21,15,1,15,15,25,22,15,0,26,28,33,34,38.871,57,3,36.139122,-120.36837,174.490005,10,600,58,3,"e00fce68e77e43df92405fdb",2026-07-28 05:50:02.832,2026-07-28 05:50:03.101,2026-07-28 05:50:03.101,2026-07-28
"353","xHnEa5ye6C","MOOSPMv3Parser",1785217801,4,4,4,6,6,4,4,6,6,4,1045,233,10235,38,31,2,31,31,25,36,31,0,28,28,39,41,37.29,121,2,36.762703,-119.798782,56.151001,12,600,58,3,"e00fce68e88237db75a60608",2026-07-28 05:50:02.965,2026-07-28 05:50:03.172,2026-07-28 05:50:03.172,2026-07-28
"354","2aTitDnDC8","MOOSPMv3Parser",1785217800,3,3,3,4,4,3,3,4,4,3,666,181,5540,27,22,2,22,22,22,35,22,0,23,25,42,40,22.809,98,1,36.523335,-119.278831,76.647003,0,600,58,3,"e00fce68f12da1a0c5de6248",2026-07-28 05:50:03.067,2026-07-28 05:50:03.28,2026-07-28 05:50:03.28,2026-07-28
"355","i77ip3O3z9","MOOSPMv3Parser",1785217801,0,0,2,0,0,2,2,0,0,2,209,130,1640,20,18,2,18,18,25,30,18,0,26,27,32,33,27.894,61,6,36.139057,-120.368378,182.143997,5,600,58,3,"e00fce68d6b773b56ce8baa0",2026-07-28 05:50:03.23,2026-07-28 05:50:03.443,2026-07-28 05:50:03.443,2026-07-28
"356","xvnnGVmUmz","MOOSPMv3Parser",1785217800,1,1,2,3,3,2,2,3,3,2,485,124,2865,23,18,1,18,18,24,23,18,0,30,26,27,34,44.844,44,4,36.138996,-120.368423,167.878998,10,600,58,3,"e00fce6850cac69f647dc199",2026-07-28 05:50:03.249,2026-07-28 05:50:03.463,2026-07-28 05:50:03.463,2026-07-28
"357","XbJfCnZhwX","MOOSPMv3Parser",1785217800,4,4,4,6,6,4,4,7,7,4,930,254,4128,43,27,4,28,28,25,32,28,0,27,27,40,40,19.94,188,1,35.949589,-119.049934,102.975998,7,599,58,3,"e00fce6808784ceaf209f949",2026-07-28 05:50:03.343,2026-07-28 05:50:03.512,2026-07-28 05:50:03.512,2026-07-28
"358","2L4KrBmICX","MOOSPMv3Parser",1785217800,3,3,3,4,4,3,3,4,4,3,595,170,7483,30,22,2,22,22,26,25,22,1,28,29,35,35,34.523,45,3277,7.3e-05,-0.004163,35398.101562,7,600,58,3,"e00fce68e28dcbc9a589be10",2026-07-28 05:50:03.7,2026-07-28 05:50:03.852,2026-07-28 05:50:03.852,2026-07-28
"359","oI2yQHekR9","MOOSPMv3Parser",1785217800,1,1,2,2,2,2,2,3,3,2,400,122,8156,22,17,2,17,17,0,0,17,0,26,27,32,34,31.187,99,6,36.139004,-120.368385,176.876007,10,600,58,3,"e00fce6876826e255108c6bd",2026-07-28 05:50:03.862,2026-07-28 05:50:04.078,2026-07-28 05:50:04.078,2026-07-28
"360","HhvRZl9u8U","MOOSPMv3Parser",1785217801,3,3,0,5,5,0,0,6,6,0,773,204,0,39,0,3,0,0,25,26,0,2,28,28,34,37,26.75,222,4,36.187504,-119.821938,38.111,9,600,58,3,"e00fce68e739ecbcf9e91965",2026-07-28 05:50:04.73,2026-07-28 05:50:04.889,2026-07-28 05:50:04.889,2026-07-28
"361","zzBolPDyAw","MOOSPMv3Parser",1785218401,0,0,1,0,0,1,1,0,0,1,177,95,4318,14,10,1,10,10,25,31,10,0,26,28,33,31,42.965,87,2,36.139046,-120.368385,171.449005,0,600,58,3,"e00fce686dc2ef0a68fa40b0",2026-07-28 06:00:02.179,2026-07-28 06:00:02.678,2026-07-28 06:00:02.678,2026-07-28
"362","Hpe92dUbkt","MOOSPMv3Parser",1785218400,2,2,2,3,3,2,2,3,3,2,716,132,6081,22,14,2,14,14,25,22,14,0,26,27,33,33,36.616,93,3,36.139027,-120.368301,182.865997,7,600,58,3,"e00fce68e77e43df92405fdb",2026-07-28 06:00:02.823,2026-07-28 06:00:04.282,2026-07-28 06:00:04.282,2026-07-28
"363","o9N528iN4M","MOOSPMv3Parser",1785218401,0,0,2,0,0,2,2,0,0,2,208,129,1655,21,18,2,18,18,24,30,18,0,26,27,33,33,26.515,90,5,36.139065,-120.368332,183.065002,6,600,58,3,"e00fce68d6b773b56ce8baa0",2026-07-28 06:00:02.783,2026-07-28 06:00:04.352,2026-07-28 06:00:04.352,2026-07-28
"364","AnrchtstE5","MOOSPMv3Parser",1785218401,4,4,4,6,6,4,4,6,6,4,1054,234,10264,39,33,3,33,33,25,37,33,0,27,27,40,42,35.842,136,2,36.762665,-119.79879,54.414001,11,600,58,3,"e00fce68e88237db75a60608",2026-07-28 06:00:03.039,2026-07-28 06:00:04.612,2026-07-28 06:00:04.612,2026-07-28
"365","TgA9LGDdDB","MOOSPMv3Parser",1785218400,4,4,3,6,6,4,4,6,6,4,925,248,4151,38,27,2,27,27,24,32,27,0,26,27,41,40,21.502,169,1,35.949566,-119.049904,116.568001,6,599,58,3,"e00fce6808784ceaf209f949",2026-07-28 06:00:03.076,2026-07-28 06:00:04.653,2026-07-28 06:00:04.653,2026-07-28
"366","8syIcHUhDs","MOOSPMv3Parser",1785218400,1,1,2,2,2,2,2,3,3,2,406,125,8170,23,16,2,16,16,0,0,16,0,26,27,33,34,30.629,99,5,36.139072,-120.368355,169.929001,10,600,58,3,"e00fce6876826e255108c6bd",2026-07-28 06:00:03.72,2026-07-28 06:00:05.046,2026-07-28 06:00:05.046,2026-07-28
"367","8xcbR9LIFE","MOOSPMv3Parser",1785218400,2,2,2,3,3,3,3,3,3,3,502,126,2882,23,19,2,19,19,24,22,19,0,29,26,27,34,44.533,51,4,36.139019,-120.368439,175.742004,8,600,58,3,"e00fce6850cac69f647dc199",2026-07-28 06:00:03.567,2026-07-28 06:00:05.129,2026-07-28 06:00:05.129,2026-07-28
"368","o3k4bRaTqD","MOOSPMv3Parser",1785218400,3,3,3,4,4,3,3,5,5,3,631,179,7504,33,24,2,24,24,26,26,24,1,27,28,36,36,33.742,58,3277,7.3e-05,-0.004163,35398.101562,7,600,58,3,"e00fce68e28dcbc9a589be10",2026-07-28 06:00:03.699,2026-07-28 06:00:05.667,2026-07-28 06:00:05.667,2026-07-28
"369","cixRE50gxB","MOOSPMv3Parser",1785218400,3,3,3,4,4,3,3,4,4,3,656,178,5561,25,24,2,24,24,22,36,24,0,23,25,43,41,19.019,103,1,36.523369,-119.278801,85.401001,7,600,58,3,"e00fce68f12da1a0c5de6248",2026-07-28 06:00:03.383,2026-07-28 06:00:05.707,2026-07-28 06:00:05.707,2026-07-28
"370","oKVEWt7Fa7","MOOSPMv3Parser",1785218401,3,3,0,6,6,0,0,6,6,0,820,211,0,41,0,3,0,0,25,26,0,2,27,27,34,37,26.607,218,4,36.187534,-119.822029,19.631001,9,600,58,3,"e00fce68e739ecbcf9e91965",2026-07-28 06:00:04.728,2026-07-28 06:00:06.007,2026-07-28 06:00:06.007,2026-07-28
"371","80MJG4jOSf","MOOSPMv3Parser",1785219000,1,1,2,2,2,3,3,3,3,3,493,121,2898,21,19,2,19,19,23,25,19,0,29,26,29,37,41.451,98,3,36.139069,-120.368393,171.123001,7,600,58,3,"e00fce6850cac69f647dc199",2026-07-28 06:10:02.519,2026-07-28 06:10:02.67,2026-07-28 06:10:02.67,2026-07-28
"372","G2N1mHenoH","MOOSPMv3Parser",1785219001,0,0,2,0,0,3,3,0,0,3,207,130,1671,22,19,3,20,20,24,32,20,0,26,27,35,36,25.22,156,4,36.138973,-120.368362,171.807007,6,600,58,3,"e00fce68d6b773b56ce8baa0",2026-07-28 06:10:02.76,2026-07-28 06:10:02.927,2026-07-28 06:10:02.927,2026-07-28
"373","JI7g1uWfGu","MOOSPMv3Parser",1785219000,2,2,2,3,3,2,2,3,3,2,728,135,6095,19,16,1,16,16,24,23,16,0,26,27,34,35,33.467,155,3,36.138981,-120.368431,179.057007,7,600,58,3,"e00fce68e77e43df92405fdb",2026-07-28 06:10:02.992,2026-07-28 06:10:03.164,2026-07-28 06:10:03.164,2026-07-28
"374","d8FOGaegE5","MOOSPMv3Parser",1785219001,4,4,4,6,6,4,4,6,6,4,1060,236,10293,36,33,3,34,34,24,39,34,0,27,27,41,43,33.307,179,2,36.762737,-119.798782,58.776001,11,600,58,3,"e00fce68e88237db75a60608",2026-07-28 06:10:03.193,2026-07-28 06:10:03.381,2026-07-28 06:10:03.381,2026-07-28
"375","Hr9AoAqUlE","MOOSPMv3Parser",1785219000,3,3,3,4,4,3,3,4,4,3,680,184,5580,23,22,1,22,22,22,36,22,0,23,24,42,41,21.506,105,1,36.523388,-119.278809,76.975998,8,600,58,3,"e00fce68f12da1a0c5de6248",2026-07-28 06:10:03.251,2026-07-28 06:10:03.414,2026-07-28 06:10:03.414,2026-07-28
"376","hJbxorV8Mu","MOOSPMv3Parser",1785219000,4,4,4,6,6,4,4,7,7,4,968,263,4176,44,28,3,28,28,24,32,28,0,26,27,41,40,22.461,157,1,35.949558,-119.049919,110.942001,6,599,58,3,"e00fce6808784ceaf209f949",2026-07-28 06:10:03.254,2026-07-28 06:10:03.426,2026-07-28 06:10:03.426,2026-07-28
"377","lRcHUA3g8N","MOOSPMv3Parser",1785219000,3,3,3,4,4,3,3,4,4,3,622,175,7523,29,23,2,23,23,25,25,23,1,27,28,35,35,33.409,60,3277,7.3e-05,-0.004163,35398.101562,7,600,58,3,"e00fce68e28dcbc9a589be10",2026-07-28 06:10:03.895,2026-07-28 06:10:04.091,2026-07-28 06:10:04.091,2026-07-28
"378","3IovTQOwT3","MOOSPMv3Parser",1785219000,1,1,2,2,2,2,2,3,3,2,379,117,8185,21,17,2,17,17,0,0,17,0,26,26,35,36,28.759,99,4,36.139069,-120.368332,178.024994,7,600,58,3,"e00fce6876826e255108c6bd",2026-07-28 06:10:03.919,2026-07-28 06:10:04.163,2026-07-28 06:10:04.163,2026-07-28
"379","OwvsdZQFf8","MOOSPMv3Parser",1785219001,3,3,0,5,5,0,0,6,6,0,781,202,0,41,0,4,0,0,25,25,0,2,27,27,33,36,28.549,169,4,36.187412,-119.821899,26.982,7,600,58,3,"e00fce68e739ecbcf9e91965",2026-07-28 06:10:04.793,2026-07-28 06:10:04.968,2026-07-28 06:10:04.968,2026-07-28
"380","qtOgPbLsvD","MOOSPMv3Parser",1785219001,0,0,1,0,0,1,1,0,0,1,182,98,4327,14,11,1,11,11,25,32,11,0,26,28,34,33,40.056,141,2,36.138954,-120.368347,177.403,10,600,58,3,"e00fce686dc2ef0a68fa40b0",2026-07-28 06:10:07.86,2026-07-28 06:10:08.123,2026-07-28 06:10:08.123,2026-07-28
"381","Fl11CVHpyL","MOOSPMv3Parser",1785219601,0,0,1,0,0,1,1,0,0,1,174,94,4336,14,10,2,10,10,24,32,10,0,25,27,35,33,37.438,144,2,36.138981,-120.36837,178.123993,8,600,58,3,"e00fce686dc2ef0a68fa40b0",2026-07-28 06:20:02.023,2026-07-28 06:20:02.186,2026-07-28 06:20:02.186,2026-07-28
"382","CxmVsvVxKX","MOOSPMv3Parser",1785219600,2,2,2,3,3,2,2,3,3,2,748,143,6109,23,16,2,16,16,24,24,16,0,25,27,35,35,30.931,161,2,36.138981,-120.368431,179.056,0,600,58,3,"e00fce68e77e43df92405fdb",2026-07-28 06:20:02.83,2026-07-28 06:20:03.06,2026-07-28 06:20:03.06,2026-07-28
"383","hH2tmcaDAU","MOOSPMv3Parser",1785219601,0,0,2,0,0,3,3,0,0,3,208,128,1687,20,19,2,19,19,24,32,19,0,25,26,34,35,23.674,171,4,36.138943,-120.368439,181.587997,5,600,58,3,"e00fce68d6b773b56ce8baa0",2026-07-28 06:20:02.917,2026-07-28 06:20:03.116,2026-07-28 06:20:03.116,2026-07-28
"384","ojmFAkUjd0","MOOSPMv3Parser",1785219600,2,2,3,4,4,3,3,4,4,3,602,167,5599,25,22,2,22,22,22,37,22,0,24,24,41,42,26.542,56,2,36.523499,-119.278763,91.073997,7,600,58,3,"e00fce68f12da1a0c5de6248",2026-07-28 06:20:03.013,2026-07-28 06:20:03.177,2026-07-28 06:20:03.177,2026-07-28
"385","EEmIoZRdSe","MOOSPMv3Parser",1785219601,5,5,5,7,7,5,5,8,8,5,1221,283,10324,50,35,3,36,36,24,41,36,0,26,27,44,45,28.344,281,2,36.762695,-119.798798,47.249001,14,600,58,3,"e00fce68e88237db75a60608",2026-07-28 06:20:03.058,2026-07-28 06:20:03.254,2026-07-28 06:20:03.254,2026-07-28
"386","2JA97DXAbc","MOOSPMv3Parser",1785219600,2,2,2,3,3,3,3,3,3,3,500,125,2915,21,19,1,19,19,23,25,19,0,28,25,29,36,38.124,121,3,36.139183,-120.368294,187.175003,6,600,58,3,"e00fce6850cac69f647dc199",2026-07-28 06:20:03.079,2026-07-28 06:20:03.277,2026-07-28 06:20:03.277,2026-07-28
"387","AEjXznjWGV","MOOSPMv3Parser",1785219600,4,4,3,6,6,4,4,7,7,4,990,271,4192,44,27,3,27,27,24,32,27,0,26,27,41,40,22.369,154,1,35.949558,-119.049919,110.945,0,600,58,3,"e00fce6808784ceaf209f949",2026-07-28 06:20:03.239,2026-07-28 06:20:03.43,2026-07-28 06:20:03.43,2026-07-28
"388","7LIEu1SZVi","MOOSPMv3Parser",1785219600,3,3,3,4,4,3,3,4,4,3,602,173,7543,30,23,2,23,23,25,25,23,1,27,28,35,35,32.941,57,3277,7.3e-05,-0.004163,35398.101562,7,600,58,3,"e00fce68e28dcbc9a589be10",2026-07-28 06:20:03.68,2026-07-28 06:20:03.835,2026-07-28 06:20:03.835,2026-07-28
"389","n1XSmtNuwD","MOOSPMv3Parser",1785219600,1,1,2,2,2,3,3,3,3,3,388,118,8201,21,19,2,19,19,0,0,19,0,25,26,33,35,27.419,99,3,36.139008,-120.368362,175.272995,8,600,58,3,"e00fce6876826e255108c6bd",2026-07-28 06:20:03.983,2026-07-28 06:20:04.174,2026-07-28 06:20:04.174,2026-07-28
"390","WDwsIEz7Yt","MOOSPMv3Parser",1785219601,3,3,0,6,6,0,0,6,6,0,813,210,0,42,0,4,0,0,25,23,0,2,27,27,32,34,29.65,141,4,36.187572,-119.821861,40.978001,6,600,58,3,"e00fce68e739ecbcf9e91965",2026-07-28 06:20:04.794,2026-07-28 06:20:04.991,2026-07-28 06:20:04.991,2026-07-28
"391","bnOPKljGVm","MOOSPMv3Parser",1785220201,0,0,1,0,0,1,1,0,0,1,174,93,4345,14,11,1,11,11,24,33,11,0,25,27,35,33,38.884,114,2,36.139095,-120.368347,163.723999,9,600,58,3,"e00fce686dc2ef0a68fa40b0",2026-07-28 06:30:02.417,2026-07-28 06:30:02.687,2026-07-28 06:30:02.687,2026-07-28
"392","4fmL6Jz8Fm","MOOSPMv3Parser",1785220200,4,4,2,5,5,2,2,6,6,2,1832,296,6122,22,15,2,15,15,24,24,15,0,25,26,35,36,32.564,141,2,36.138927,-120.368324,171.994995,7,600,58,3,"e00fce68e77e43df92405fdb",2026-07-28 06:30:02.831,2026-07-28 06:30:03.112,2026-07-28 06:30:03.112,2026-07-28
"393","43ENxStBPs","MOOSPMv3Parser",1785220200,5,5,4,7,7,4,4,7,7,4,1013,276,4223,44,28,3,28,28,24,33,28,0,25,27,42,40,21.501,176,1,35.949715,-119.049911,118.362,9,599,58,3,"e00fce6808784ceaf209f949",2026-07-28 06:30:03.154,2026-07-28 06:30:03.34,2026-07-28 06:30:03.34,2026-07-28
"394","mmIHHzyuaB","MOOSPMv3Parser",1785220201,0,0,2,0,0,2,2,0,0,2,209,129,1703,21,18,2,19,19,24,32,19,0,25,26,35,36,24.571,139,3,36.138977,-120.368355,166.768005,7,600,58,3,"e00fce68d6b773b56ce8baa0",2026-07-28 06:30:03.238,2026-07-28 06:30:03.449,2026-07-28 06:30:03.449,2026-07-28
"395","qH19qmQnq9","MOOSPMv3Parser",1785220201,5,5,5,7,7,5,5,7,7,5,1181,270,10358,47,39,4,39,39,24,44,39,0,26,26,46,47,27.009,300,2,36.762695,-119.798798,47.25,0,600,58,3,"e00fce68e88237db75a60608",2026-07-28 06:30:03.226,2026-07-28 06:30:03.518,2026-07-28 06:30:03.518,2026-07-28
"396","8FbSvXeazT","MOOSPMv3Parser",1785220200,2,2,3,3,3,3,3,3,3,3,494,124,2932,22,20,2,20,20,23,25,20,0,28,25,30,37,40.197,86,3,36.138916,-120.368469,183.675003,7,600,58,3,"e00fce6850cac69f647dc199",2026-07-28 06:30:03.23,2026-07-28 06:30:03.527,2026-07-28 06:30:03.527,2026-07-28
"397","8JDiSds9Up","MOOSPMv3Parser",1785220200,2,2,3,4,4,3,3,4,4,3,616,173,7563,31,23,2,23,23,25,26,23,1,27,28,36,36,32.346,56,3277,7.3e-05,-0.004163,35398.101562,7,600,58,3,"e00fce68e28dcbc9a589be10",2026-07-28 06:30:03.701,2026-07-28 06:30:03.861,2026-07-28 06:30:03.861,2026-07-28
"398","n6ZEpxT7Hn","MOOSPMv3Parser",1785220200,2,2,3,3,3,3,3,4,4,3,605,165,5621,25,24,2,24,24,22,37,24,0,26,25,38,42,30.846,27,3,36.523556,-119.278687,67.922997,6,600,58,3,"e00fce68f12da1a0c5de6248",2026-07-28 06:30:03.736,2026-07-28 06:30:03.965,2026-07-28 06:30:03.965,2026-07-28
"399","EVdeO3I5Wr","MOOSPMv3Parser",1785220200,1,1,2,3,3,2,2,3,3,2,406,126,8217,23,18,2,18,18,0,0,18,0,25,26,35,37,28.343,99,3,36.138985,-120.368401,169.630997,6,600,58,3,"e00fce6876826e255108c6bd",2026-07-28 06:30:03.781,2026-07-28 06:30:03.997,2026-07-28 06:30:03.997,2026-07-28
"400","r7nnLUTYaH","MOOSPMv3Parser",1785220201,3,3,0,5,5,0,0,5,5,0,761,197,0,37,0,3,0,0,24,22,0,2,27,27,31,34,30.974,104,5,36.187477,-119.821999,31.981001,7,600,58,3,"e00fce68e739ecbcf9e91965",2026-07-28 06:30:04.802,2026-07-28 06:30:05.048,2026-07-28 06:30:05.048,2026-07-28
"401","kA47qivEol","MOOSPMv3Parser",1785220801,0,0,1,0,0,1,1,0,0,1,184,102,4354,17,11,1,11,11,24,32,11,0,25,27,35,33,34.208,181,2,36.139042,-120.368263,172.921005,5,600,58,3,"e00fce686dc2ef0a68fa40b0",2026-07-28 06:40:02.291,2026-07-28 06:40:02.458,2026-07-28 06:40:02.458,2026-07-28
"402","6HkwJJ7f5R","MOOSPMv3Parser",1785220801,0,0,3,0,0,3,3,0,0,3,208,128,1720,21,20,2,20,20,23,32,20,1,25,26,35,36,21.267,211,3,36.139023,-120.368378,162.488998,6,600,58,3,"e00fce68d6b773b56ce8baa0",2026-07-28 06:40:02.791,2026-07-28 06:40:03.013,2026-07-28 06:40:03.013,2026-07-28
"403","YODnZLBXz4","MOOSPMv3Parser",1785220800,13,12,2,14,14,2,2,14,14,2,5363,813,6135,25,16,2,16,16,24,24,16,0,25,26,35,36,28.551,211,2,36.139015,-120.368385,162.091003,6,600,58,3,"e00fce68e77e43df92405fdb",2026-07-28 06:40:02.83,2026-07-28 06:40:03.026,2026-07-28 06:40:03.026,2026-07-28
"404","eQDmznD7Oe","MOOSPMv3Parser",1785220801,5,5,5,7,7,5,5,7,7,5,1170,271,10390,46,36,3,37,37,23,47,37,0,25,26,49,49,25.003,322,2,36.762737,-119.798737,53.852001,19,600,58,3,"e00fce68e88237db75a60608",2026-07-28 06:40:02.97,2026-07-28 06:40:03.176,2026-07-28 06:40:03.176,2026-07-28
"405","zqzAhaTuq0","MOOSPMv3Parser",1785220800,3,3,3,4,4,3,3,4,4,3,628,174,5642,26,24,2,24,24,23,37,24,0,25,25,40,42,29.426,29,4,36.523365,-119.278702,97.414001,6,600,58,3,"e00fce68f12da1a0c5de6248",2026-07-28 06:40:03.072,2026-07-28 06:40:03.303,2026-07-28 06:40:03.303,2026-07-28
"406","ECUJYObSIM","MOOSPMv3Parser",1785220800,4,4,3,6,6,4,4,7,7,4,937,256,4247,41,27,3,27,27,24,33,27,0,25,26,43,41,22.16,146,1,35.949657,-119.049881,124.583,6,599,58,3,"e00fce6808784ceaf209f949",2026-07-28 06:40:03.233,2026-07-28 06:40:03.434,2026-07-28 06:40:03.434,2026-07-28
"407","e0V1dkyWq4","MOOSPMv3Parser",1785220800,1,1,2,3,3,3,3,3,3,3,518,127,2949,22,19,2,19,19,23,26,19,0,28,25,30,37,36.193,154,3,36.139023,-120.36837,176.751999,7,600,58,3,"e00fce6850cac69f647dc199",2026-07-28 06:40:03.465,2026-07-28 06:40:03.685,2026-07-28 06:40:03.685,2026-07-28
"408","JepWu8Ge6i","MOOSPMv3Parser",1785220800,3,3,3,4,4,3,3,5,5,3,642,182,7582,32,23,2,23,23,25,26,23,1,26,27,36,36,31.442,89,3277,7.3e-05,-0.004163,35398.101562,7,600,58,3,"e00fce68e28dcbc9a589be10",2026-07-28 06:40:03.701,2026-07-28 06:40:03.891,2026-07-28 06:40:03.891,2026-07-28
"409","gjFCck7VCu","MOOSPMv3Parser",1785220800,1,1,2,3,3,2,2,3,3,2,390,120,8233,24,18,2,18,18,0,0,18,0,25,25,35,37,25.689,99,2,36.138985,-120.368401,169.630997,0,600,58,3,"e00fce6876826e255108c6bd",2026-07-28 06:40:04.116,2026-07-28 06:40:04.315,2026-07-28 06:40:04.315,2026-07-28
"410","I0v30mJBzW","MOOSPMv3Parser",1785220801,3,3,0,5,5,0,0,6,6,0,712,184,0,39,0,4,0,0,24,23,0,2,27,27,32,34,30.854,91,6,36.187523,-119.822128,21.212,5,600,58,3,"e00fce68e739ecbcf9e91965",2026-07-28 06:40:04.807,2026-07-28 06:40:05.045,2026-07-28 06:40:05.045,2026-07-28
"411","BwEW2AEUjO","MOOSPMv3Parser",1785221401,0,0,2,0,0,2,2,0,0,2,184,103,4364,16,12,1,12,12,24,32,12,0,25,26,33,32,38.771,146,2,36.139011,-120.368416,163.834,5,600,58,3,"e00fce686dc2ef0a68fa40b0",2026-07-28 06:50:02.175,2026-07-28 06:50:02.348,2026-07-28 06:50:02.348,2026-07-28
"412","iLroHh0rK4","MOOSPMv3Parser",1785221400,2,2,3,3,3,3,3,3,3,3,520,125,2968,23,22,2,22,22,22,24,22,0,27,25,29,35,39.886,122,2,36.138973,-120.368439,185.324005,7,600,58,3,"e00fce6850cac69f647dc199",2026-07-28 06:50:02.502,2026-07-28 06:50:02.666,2026-07-28 06:50:02.666,2026-07-28
"413","6tvbI0OgfV","MOOSPMv3Parser",1785221400,11,10,2,12,12,2,2,13,13,2,5252,700,6150,26,16,3,16,16,24,23,16,0,25,26,33,34,31.491,180,2,36.139008,-120.368385,161.945999,7,600,58,3,"e00fce68e77e43df92405fdb",2026-07-28 06:50:02.828,2026-07-28 06:50:03.02,2026-07-28 06:50:03.02,2026-07-28
"414","cE7Kg3wZd8","MOOSPMv3Parser",1785221401,4,4,5,6,6,5,5,7,7,5,1128,259,10422,43,37,3,37,37,23,51,37,0,24,25,52,52,22.846,352,2,36.762718,-119.798782,58.122002,15,600,58,3,"e00fce68e88237db75a60608",2026-07-28 06:50:03.066,2026-07-28 06:50:03.241,2026-07-28 06:50:03.241,2026-07-28
"415","TLAFE27S57","MOOSPMv3Parser",1785221401,0,0,3,0,0,3,3,0,0,3,213,132,1737,23,21,2,21,21,23,32,21,0,25,25,34,35,22.89,185,3,36.139065,-120.368423,175.408997,5,600,58,3,"e00fce68d6b773b56ce8baa0",2026-07-28 06:50:03.181,2026-07-28 06:50:03.338,2026-07-28 06:50:03.338,2026-07-28
"416","4RVypNk4HV","MOOSPMv3Parser",1785221400,4,4,4,6,6,4,4,7,7,4,965,263,4271,41,28,3,28,28,23,34,28,0,24,26,45,42,20.482,173,1,35.949661,-119.049896,116.500999,6,599,58,3,"e00fce6808784ceaf209f949",2026-07-28 06:50:03.154,2026-07-28 06:50:03.355,2026-07-28 06:50:03.355,2026-07-28
"417","AEpWhYPH56","MOOSPMv3Parser",1785221400,3,3,3,4,4,3,3,4,4,3,666,182,5663,28,24,1,24,24,22,38,24,0,23,25,45,43,23.59,60,4,36.523369,-119.27877,94.814003,7,600,58,3,"e00fce68f12da1a0c5de6248",2026-07-28 06:50:03.321,2026-07-28 06:50:03.542,2026-07-28 06:50:03.542,2026-07-28
"418","Gm2GkMwySE","MOOSPMv3Parser",1785221400,3,3,3,4,4,3,3,4,4,3,599,172,7601,33,22,2,22,22,25,26,22,1,26,27,36,36,31.794,85,3277,7.3e-05,-0.004163,35398.101562,7,600,58,3,"e00fce68e28dcbc9a589be10",2026-07-28 06:50:03.781,2026-07-28 06:50:03.989,2026-07-28 06:50:03.989,2026-07-28
"419","RSf5w7G0Ba","MOOSPMv3Parser",1785221400,1,1,3,3,3,3,3,3,3,3,419,127,8250,25,20,2,20,20,0,0,20,0,25,25,33,36,27.966,99,2,36.139141,-120.36837,183.417007,7,600,58,3,"e00fce6876826e255108c6bd",2026-07-28 06:50:03.808,2026-07-28 06:50:04.054,2026-07-28 06:50:04.054,2026-07-28
"420","vk8x40B097","MOOSPMv3Parser",1785221401,3,3,0,5,5,0,0,6,6,0,758,196,0,39,0,3,0,0,24,22,0,2,26,26,32,34,30.129,97,6,36.187523,-119.822128,21.214001,0,600,58,3,"e00fce68e739ecbcf9e91965",2026-07-28 06:50:04.837,2026-07-28 06:50:05.019,2026-07-28 06:50:05.019,2026-07-28
"421","UzsBlkAAHO","MOOSPMv3Parser",1785222001,0,0,1,0,0,2,2,0,0,2,185,103,4373,17,12,2,12,12,24,34,12,0,25,26,37,35,36.763,130,2,36.139034,-120.368408,174.505005,6,600,58,3,"e00fce686dc2ef0a68fa40b0",2026-07-28 07:00:02.105,2026-07-28 07:00:02.773,2026-07-28 07:00:02.773,2026-07-28
"422","rkNDpdPOoe","MOOSPMv3Parser",1785222000,2,2,3,3,3,3,3,3,3,3,530,131,2987,22,22,1,22,22,22,27,22,0,27,24,32,39,39.248,111,3,36.138969,-120.368294,180.966995,7,600,58,3,"e00fce6850cac69f647dc199",2026-07-28 07:00:02.826,2026-07-28 07:00:03.706,2026-07-28 07:00:03.706,2026-07-28
"423","XFv7iArvZl","MOOSPMv3Parser",1785222000,2,2,2,3,3,2,2,4,4,2,1183,158,6164,26,16,2,16,16,23,26,16,0,25,26,37,38,31.97,168,2,36.13905,-120.368416,170.276993,7,600,58,3,"e00fce68e77e43df92405fdb",2026-07-28 07:00:02.827,2026-07-28 07:00:03.72,2026-07-28 07:00:03.72,2026-07-28
"424","YqwHSNkm9F","MOOSPMv3Parser",1785222001,0,0,2,0,0,3,3,0,0,3,215,135,1753,22,19,2,19,19,23,33,19,0,25,25,37,38,22.902,166,3,36.139065,-120.368423,175.408997,0,600,58,3,"e00fce68d6b773b56ce8baa0",2026-07-28 07:00:02.919,2026-07-28 07:00:03.808,2026-07-28 07:00:03.808,2026-07-28
"425","p94W3hpCuz","MOOSPMv3Parser",1785222000,5,5,4,7,7,4,4,7,7,4,1024,282,4296,47,29,3,29,30,23,35,30,0,24,25,45,43,19.466,176,1,35.949535,-119.04995,119.261002,7,599,58,3,"e00fce6808784ceaf209f949",2026-07-28 07:00:03.234,2026-07-28 07:00:04.168,2026-07-28 07:00:04.168,2026-07-28
"426","C8NeGD5pnG","MOOSPMv3Parser",1785222000,3,3,3,4,4,3,3,4,4,3,608,173,7619,29,21,3,21,21,24,26,21,1,26,27,36,36,30.646,93,3277,7.3e-05,-0.004163,35398.101562,7,600,58,3,"e00fce68e28dcbc9a589be10",2026-07-28 07:00:03.69,2026-07-28 07:00:04.474,2026-07-28 07:00:04.474,2026-07-28
"427","SeArrI87BW","MOOSPMv3Parser",1785222000,1,1,3,3,3,3,3,3,3,3,412,125,8267,24,20,2,20,20,0,0,20,0,25,25,36,39,27.328,99,3,36.139057,-120.368362,183.649994,7,600,58,3,"e00fce6876826e255108c6bd",2026-07-28 07:00:03.797,2026-07-28 07:00:04.642,2026-07-28 07:00:04.642,2026-07-28
"428","2c8Iy05nJ9","MOOSPMv3Parser",1785222001,4,4,5,6,6,5,5,7,7,5,1141,260,10454,43,36,3,36,36,22,53,36,0,24,24,52,52,20.274,367,1,36.762695,-119.798752,43.349998,11,600,58,3,"e00fce68e88237db75a60608",2026-07-28 07:00:03.158,2026-07-28 07:00:04.87,2026-07-28 07:00:04.87,2026-07-28
"429","yBfcpw2Lpa","MOOSPMv3Parser",1785222000,3,3,3,4,4,3,3,4,4,3,676,186,5685,27,25,1,25,25,22,39,25,0,23,25,45,43,25.016,66,4,36.523369,-119.278816,76.752998,6,600,58,3,"e00fce68f12da1a0c5de6248",2026-07-28 07:00:03.163,2026-07-28 07:00:05.066,2026-07-28 07:00:05.066,2026-07-28
"430","lSLMEuQ9BP","MOOSPMv3Parser",1785222001,3,3,0,5,5,0,0,5,5,0,720,186,0,37,0,4,0,0,24,23,0,2,26,26,32,35,30.901,85,6,36.187531,-119.822136,29.502001,5,600,58,3,"e00fce68e739ecbcf9e91965",2026-07-28 07:00:04.809,2026-07-28 07:00:05.575,2026-07-28 07:00:05.575,2026-07-28
"431","uhJ6rEm7k7","MOOSPMv3Parser",1785222601,0,0,1,0,0,2,2,0,0,2,184,100,4383,15,12,2,12,12,24,33,12,0,24,26,35,34,34.318,156,2,36.139084,-120.368401,185.951004,6,600,58,3,"e00fce686dc2ef0a68fa40b0",2026-07-28 07:10:02.574,2026-07-28 07:10:02.757,2026-07-28 07:10:02.757,2026-07-28
"432","Sv712sxhU5","MOOSPMv3Parser",1785222601,0,0,3,0,0,3,3,0,0,3,213,136,1770,22,20,3,20,20,23,32,20,0,24,25,36,36,21.498,191,3,36.138981,-120.368347,184.251007,8,600,58,3,"e00fce68d6b773b56ce8baa0",2026-07-28 07:10:02.575,2026-07-28 07:10:02.778,2026-07-28 07:10:02.778,2026-07-28
"433","FpA1KPPiwk","MOOSPMv3Parser",1785222600,2,2,2,3,3,2,2,3,3,2,827,142,6178,25,16,2,16,16,23,25,16,0,24,25,36,36,28.314,185,2,36.139149,-120.368362,174.602005,8,600,58,3,"e00fce68e77e43df92405fdb",2026-07-28 07:10:02.749,2026-07-28 07:10:02.955,2026-07-28 07:10:02.955,2026-07-28
"434","CVrEKq6JAw","MOOSPMv3Parser",1785222601,4,4,4,6,6,5,5,6,6,5,1081,239,10485,43,35,3,35,35,22,53,35,0,24,24,51,52,19.886,359,1,36.762722,-119.798759,60.838001,7,600,58,3,"e00fce68e88237db75a60608",2026-07-28 07:10:02.973,2026-07-28 07:10:03.163,2026-07-28 07:10:03.163,2026-07-28
"435","7bVq9yxl9J","MOOSPMv3Parser",1785222600,2,2,3,3,3,3,3,3,3,3,538,138,3006,25,22,2,22,22,22,26,22,0,27,24,30,37,36.464,161,2,36.139015,-120.368347,174.016998,8,600,58,3,"e00fce6850cac69f647dc199",2026-07-28 07:10:03.15,2026-07-28 07:10:03.335,2026-07-28 07:10:03.335,2026-07-28
"436","EfE7PtR0RT","MOOSPMv3Parser",1785222600,4,4,4,7,7,4,4,7,7,4,1007,271,4323,43,30,4,31,31,22,37,31,0,23,25,48,44,15.96,205,1,35.94957,-119.049896,113.723,7,599,58,3,"e00fce6808784ceaf209f949",2026-07-28 07:10:03.236,2026-07-28 07:10:03.38,2026-07-28 07:10:03.38,2026-07-28
"437","RkYgAAAzKB","MOOSPMv3Parser",1785222600,2,2,3,4,4,3,3,4,4,3,586,165,7637,28,21,2,21,21,24,25,21,1,25,27,35,35,30.647,81,3277,7.3e-05,-0.004163,35398.101562,7,600,58,3,"e00fce68e28dcbc9a589be10",2026-07-28 07:10:03.786,2026-07-28 07:10:03.983,2026-07-28 07:10:03.983,2026-07-28
"438","Z16rvegcAh","MOOSPMv3Parser",1785222600,1,1,3,3,3,3,3,3,3,3,416,127,8285,25,20,2,20,20,0,0,20,0,24,25,35,37,25.585,99,2,36.139099,-120.368347,183.453003,7,600,58,3,"e00fce6876826e255108c6bd",2026-07-28 07:10:03.883,2026-07-28 07:10:04.106,2026-07-28 07:10:04.106,2026-07-28
"439","DaeRNdVgba","MOOSPMv3Parser",1785222601,3,3,0,5,5,0,0,5,5,0,753,194,0,40,0,3,0,0,24,24,0,2,26,26,33,36,30.719,83,7,36.187481,-119.822067,31.049999,9,600,58,3,"e00fce68e739ecbcf9e91965",2026-07-28 07:10:04.836,2026-07-28 07:10:05.071,2026-07-28 07:10:05.071,2026-07-28
"440","GP5MEHJlj5","MOOSPMv3Parser",1785222600,3,3,3,4,4,3,3,4,4,3,698,190,5707,28,25,1,26,26,22,43,26,0,22,24,53,47,17.671,112,3,36.523327,-119.278816,64.279999,8,600,58,3,"e00fce68f12da1a0c5de6248",2026-07-28 07:10:08.443,2026-07-28 07:10:08.588,2026-07-28 07:10:08.588,2026-07-28
"441","Diwu5kWDSL","MOOSPMv3Parser",1785223201,0,0,3,0,0,3,3,0,0,3,215,136,1787,22,20,2,20,20,23,33,20,0,24,25,37,36,21.429,165,2,36.139099,-120.368401,182.686005,6,600,58,3,"e00fce68d6b773b56ce8baa0",2026-07-28 07:20:02.784,2026-07-28 07:20:02.968,2026-07-28 07:20:02.968,2026-07-28
"442","cIjG8vmNbe","MOOSPMv3Parser",1785223200,2,2,2,3,3,2,2,3,3,2,874,148,6192,24,16,1,16,16,23,25,16,0,24,25,36,37,29.234,148,2,36.139019,-120.368423,171.927002,7,600,58,3,"e00fce68e77e43df92405fdb",2026-07-28 07:20:02.837,2026-07-28 07:20:02.999,2026-07-28 07:20:02.999,2026-07-28
"443","5tDoFPxW8j","MOOSPMv3Parser",1785223201,0,0,1,0,0,1,1,0,0,1,184,101,4392,16,11,1,11,11,23,33,11,0,24,26,36,34,36.42,124,2,36.139061,-120.368469,174.287003,5,600,58,3,"e00fce686dc2ef0a68fa40b0",2026-07-28 07:20:02.809,2026-07-28 07:20:03.047,2026-07-28 07:20:03.047,2026-07-28
"444","td5mFU6Blw","MOOSPMv3Parser",1785223201,4,4,4,6,6,5,5,7,7,5,1115,245,10515,40,35,3,35,35,22,52,35,0,24,24,50,51,20.436,329,1,36.762676,-119.798759,54.179001,8,600,58,3,"e00fce68e88237db75a60608",2026-07-28 07:20:03.054,2026-07-28 07:20:03.306,2026-07-28 07:20:03.306,2026-07-28
"445","oxsnQ1yEQd","MOOSPMv3Parser",1785223200,3,3,3,5,5,3,3,5,5,3,731,200,5729,29,25,2,25,25,21,43,25,0,21,24,51,46,15.464,129,2,36.523308,-119.278801,51.097,7,600,58,3,"e00fce68f12da1a0c5de6248",2026-07-28 07:20:03.177,2026-07-28 07:20:03.359,2026-07-28 07:20:03.359,2026-07-28
"446","ruoOuq8giE","MOOSPMv3Parser",1785223200,5,5,4,8,8,4,4,8,8,5,1104,301,4350,51,31,4,32,32,22,38,32,0,23,25,49,46,14.224,224,1,35.949528,-119.049881,106.640999,6,599,58,3,"e00fce6808784ceaf209f949",2026-07-28 07:20:03.174,2026-07-28 07:20:03.394,2026-07-28 07:20:03.394,2026-07-28
"447","wDEhrSP83l","MOOSPMv3Parser",1785223200,1,1,3,3,3,3,3,3,3,3,527,130,3025,24,22,1,22,22,22,26,22,0,27,24,31,37,37.079,137,2,36.139027,-120.368378,168.649002,7,600,58,3,"e00fce6850cac69f647dc199",2026-07-28 07:20:03.705,2026-07-28 07:20:03.886,2026-07-28 07:20:03.886,2026-07-28
"448","YBOJCx5d2A","MOOSPMv3Parser",1785223200,2,2,3,4,4,3,3,4,4,3,592,168,7656,30,21,2,21,21,24,25,21,1,25,27,35,35,31.331,68,3277,7.3e-05,-0.004163,35398.101562,7,600,58,3,"e00fce68e28dcbc9a589be10",2026-07-28 07:20:03.873,2026-07-28 07:20:04.082,2026-07-28 07:20:04.082,2026-07-28
"449","bNtpqCIwwE","MOOSPMv3Parser",1785223201,3,3,0,5,5,0,0,6,6,0,775,200,0,41,0,4,0,0,24,24,0,2,26,26,34,36,29.992,96,7,36.187424,-119.82206,26.392,9,600,58,3,"e00fce68e739ecbcf9e91965",2026-07-28 07:20:04.809,2026-07-28 07:20:05.045,2026-07-28 07:20:05.045,2026-07-28
"450","A4jFcrYSea","MOOSPMv3Parser",1785223200,1,1,2,3,3,3,3,3,3,3,439,135,8302,26,19,2,19,19,0,0,19,0,24,24,36,37,26.009,99,2,36.138943,-120.368347,179.498001,5,600,58,3,"e00fce6876826e255108c6bd",2026-07-28 07:20:08.927,2026-07-28 07:20:09.15,2026-07-28 07:20:09.15,2026-07-28
"451","p3QZ3awXqT","MOOSPMv3Parser",1785223800,2,2,3,3,3,3,3,3,3,3,520,130,3044,25,22,1,22,22,22,27,22,0,26,24,31,39,36.95,133,2,36.139027,-120.368378,168.641998,0,600,58,3,"e00fce6850cac69f647dc199",2026-07-28 07:30:02.529,2026-07-28 07:30:02.878,2026-07-28 07:30:02.878,2026-07-28
"452","AhS9HBVjLh","MOOSPMv3Parser",1785223800,2,2,2,3,3,2,2,3,3,2,871,145,6206,24,17,2,17,17,23,26,17,0,23,25,37,38,28.456,146,2,36.139057,-120.368401,176.783005,7,600,58,3,"e00fce68e77e43df92405fdb",2026-07-28 07:30:02.779,2026-07-28 07:30:03.161,2026-07-28 07:30:03.161,2026-07-28
"453","NDj9RVZMEB","MOOSPMv3Parser",1785223801,4,4,5,6,6,5,5,6,6,5,1044,237,10547,43,36,4,36,36,21,51,36,0,24,23,48,50,20.239,297,1,36.762749,-119.798775,30.945,7,600,58,3,"e00fce68e88237db75a60608",2026-07-28 07:30:02.971,2026-07-28 07:30:03.312,2026-07-28 07:30:03.312,2026-07-28
"454","eaHbg1VbBc","MOOSPMv3Parser",1785223801,0,0,1,0,0,2,2,0,0,2,186,103,4402,16,12,2,12,12,23,34,12,0,23,25,37,35,35.174,119,2,36.139057,-120.368423,181.651993,6,600,58,3,"e00fce686dc2ef0a68fa40b0",2026-07-28 07:30:03.173,2026-07-28 07:30:03.451,2026-07-28 07:30:03.451,2026-07-28
"455","Dt9nS6vVt2","MOOSPMv3Parser",1785223800,3,3,3,5,5,4,4,5,5,4,779,213,5752,34,26,1,27,27,21,44,27,0,21,23,52,47,17.542,123,2,36.523308,-119.2789,113.042999,5,600,58,3,"e00fce68f12da1a0c5de6248",2026-07-28 07:30:03.157,2026-07-28 07:30:03.492,2026-07-28 07:30:03.492,2026-07-28
"456","1ieHCFVoNR","MOOSPMv3Parser",1785223800,5,5,4,7,7,5,5,8,8,5,1138,307,4378,49,33,4,33,33,22,40,33,0,23,24,51,47,11.102,241,1,35.94944,-119.049881,110.120003,6,599,58,3,"e00fce6808784ceaf209f949",2026-07-28 07:30:03.388,2026-07-28 07:30:03.606,2026-07-28 07:30:03.606,2026-07-28
"457","LNWLxJsbPY","MOOSPMv3Parser",1785223801,0,0,3,0,0,3,3,0,0,3,212,135,1804,22,20,2,20,20,22,33,20,0,24,24,38,38,21.018,160,2,36.139027,-120.368301,158.587997,7,600,58,3,"e00fce68d6b773b56ce8baa0",2026-07-28 07:30:03.328,2026-07-28 07:30:03.625,2026-07-28 07:30:03.625,2026-07-28
"458","jeH5Csxbxj","MOOSPMv3Parser",1785223800,2,2,3,4,4,3,3,4,4,3,573,165,7674,28,21,1,21,21,24,24,21,1,25,26,34,34,30.974,63,3277,7.3e-05,-0.004163,35398.101562,7,600,58,3,"e00fce68e28dcbc9a589be10",2026-07-28 07:30:03.768,2026-07-28 07:30:03.958,2026-07-28 07:30:03.958,2026-07-28
"459","tMYB8GJ9TB","MOOSPMv3Parser",1785223800,1,1,2,3,3,2,3,3,3,3,434,133,8318,26,18,3,19,19,0,0,19,0,24,24,37,39,26.167,99,2,36.139187,-120.368408,165.727997,5,600,58,3,"e00fce6876826e255108c6bd",2026-07-28 07:30:03.738,2026-07-28 07:30:03.968,2026-07-28 07:30:03.968,2026-07-28
"460","NCIG1XEk4D","MOOSPMv3Parser",1785223801,3,3,0,5,5,0,0,5,5,0,765,199,0,38,0,3,0,0,24,25,0,2,26,26,34,36,29.801,102,7,36.187485,-119.822144,26.159,9,600,58,3,"e00fce68e739ecbcf9e91965",2026-07-28 07:30:04.977,2026-07-28 07:30:05.195,2026-07-28 07:30:05.195,2026-07-28
"461","IPaCBF4cCF","MOOSPMv3Parser",1785224401,0,0,1,0,0,2,2,0,0,2,184,100,4411,16,11,1,11,11,23,34,11,0,23,25,38,35,32.128,138,2,36.138981,-120.368378,164.332001,4,600,58,3,"e00fce686dc2ef0a68fa40b0",2026-07-28 07:40:02.284,2026-07-28 07:40:02.489,2026-07-28 07:40:02.489,2026-07-28
"462","p0w1L7UzGF","MOOSPMv3Parser",1785224400,2,2,3,3,3,3,3,3,3,3,522,133,3063,23,22,2,22,22,21,28,22,0,26,23,31,39,34.081,154,2,36.139038,-120.368324,171.369995,10,600,58,3,"e00fce6850cac69f647dc199",2026-07-28 07:40:02.849,2026-07-28 07:40:03.066,2026-07-28 07:40:03.066,2026-07-28
"463","BUdTsoUAjz","MOOSPMv3Parser",1785224401,0,0,3,0,0,3,3,0,0,3,213,134,1821,22,21,2,21,21,22,34,21,0,23,24,38,38,19.813,183,3,36.138939,-120.36837,191.966995,6,600,58,3,"e00fce68d6b773b56ce8baa0",2026-07-28 07:40:03.003,2026-07-28 07:40:03.147,2026-07-28 07:40:03.147,2026-07-28
"464","2mij9gRhWi","MOOSPMv3Parser",1785224401,4,4,5,6,6,5,5,6,6,5,1024,231,10578,44,36,4,36,36,21,51,36,0,23,23,48,50,21.181,283,1,36.762695,-119.798775,41.368,6,600,58,3,"e00fce68e88237db75a60608",2026-07-28 07:40:03.055,2026-07-28 07:40:03.198,2026-07-28 07:40:03.198,2026-07-28
"465","E7DIkWYOus","MOOSPMv3Parser",1785224400,2,2,2,3,3,2,2,3,3,2,846,145,6221,24,17,2,17,17,22,26,17,0,23,25,38,38,26.821,155,2,36.139053,-120.368462,171.794006,9,600,58,3,"e00fce68e77e43df92405fdb",2026-07-28 07:40:03.081,2026-07-28 07:40:03.232,2026-07-28 07:40:03.232,2026-07-28
"466","CYuQz2mRyU","MOOSPMv3Parser",1785224400,6,6,4,8,8,5,5,8,8,5,1192,328,4408,50,34,3,35,35,22,40,35,0,22,24,51,47,8.904,244,1,35.949577,-119.049965,123.383003,6,599,58,3,"e00fce6808784ceaf209f949",2026-07-28 07:40:03.253,2026-07-28 07:40:03.451,2026-07-28 07:40:03.451,2026-07-28
"467","eoTLVSPY6t","MOOSPMv3Parser",1785224400,1,1,3,3,3,3,3,3,3,3,418,129,8336,24,21,2,21,21,0,0,21,0,23,24,38,39,24.605,99,2,36.139229,-120.368454,191.695007,6,600,58,3,"e00fce6876826e255108c6bd",2026-07-28 07:40:03.784,2026-07-28 07:40:03.962,2026-07-28 07:40:03.962,2026-07-28
"468","eXvx8IMr30","MOOSPMv3Parser",1785224401,3,3,0,5,5,0,0,6,6,0,771,199,0,38,0,3,0,0,23,26,0,2,25,25,35,37,28.646,136,7,36.187515,-119.822098,16.132999,10,600,58,3,"e00fce68e739ecbcf9e91965",2026-07-28 07:40:04.805,2026-07-28 07:40:05.029,2026-07-28 07:40:05.029,2026-07-28
"469","gl5oWsH2l7","MOOSPMv3Parser",1785224400,2,2,3,4,4,3,3,4,4,3,565,160,7691,28,20,1,20,20,24,24,20,1,25,26,34,34,32.519,33,3277,7.3e-05,-0.004163,35398.101562,7,600,58,3,"e00fce68e28dcbc9a589be10",2026-07-28 07:40:04.981,2026-07-28 07:40:05.19,2026-07-28 07:40:05.19,2026-07-28
"470","BlYBmtcUQa","MOOSPMv3Parser",1785224400,3,3,3,5,5,3,3,5,5,3,761,209,5775,32,26,2,26,26,21,46,26,0,21,23,52,49,15.495,147,2,36.523308,-119.2789,113.042,0,600,58,3,"e00fce68f12da1a0c5de6248",2026-07-28 07:40:08.068,2026-07-28 07:40:08.208,2026-07-28 07:40:08.208,2026-07-28
"471","VhRdXXMlaj","MOOSPMv3Parser",1785225001,0,0,1,0,0,1,1,0,0,2,183,100,4420,16,11,2,11,11,22,34,11,0,23,25,38,35,32.575,164,2,36.139034,-120.368401,180.104996,6,600,58,3,"e00fce686dc2ef0a68fa40b0",2026-07-28 07:50:02.581,2026-07-28 07:50:02.737,2026-07-28 07:50:02.737,2026-07-28
"472","FynNcuakU6","MOOSPMv3Parser",1785225000,2,2,2,3,3,2,2,3,3,2,861,143,6235,24,16,1,16,16,22,27,16,0,23,24,39,38,24.852,201,2,36.139057,-120.368469,171.932007,7,600,58,3,"e00fce68e77e43df92405fdb",2026-07-28 07:50:02.831,2026-07-28 07:50:03.01,2026-07-28 07:50:03.01,2026-07-28
"473","TRywxmsxxy","MOOSPMv3Parser",1785225001,4,4,5,6,6,5,5,6,6,5,1029,231,10610,42,36,3,36,36,21,50,36,0,23,23,48,50,20.546,276,1,36.762718,-119.798668,47.867001,7,600,58,3,"e00fce68e88237db75a60608",2026-07-28 07:50:03.047,2026-07-28 07:50:03.197,2026-07-28 07:50:03.197,2026-07-28
"474","eDoVds8WEi","MOOSPMv3Parser",1785225000,2,2,3,3,3,3,3,3,3,3,518,130,3083,24,23,2,23,23,21,28,23,0,26,23,32,39,33.702,184,2,36.139011,-120.36834,174.789993,7,600,58,3,"e00fce6850cac69f647dc199",2026-07-28 07:50:03.151,2026-07-28 07:50:03.333,2026-07-28 07:50:03.333,2026-07-28
"475","BJiPsRI6tI","MOOSPMv3Parser",1785225000,3,3,4,5,5,4,4,5,5,4,836,229,5799,32,27,2,28,28,20,50,28,0,21,23,57,52,11.823,158,1,36.523346,-119.278946,79.470001,6,600,58,3,"e00fce68f12da1a0c5de6248",2026-07-28 07:50:03.227,2026-07-28 07:50:03.382,2026-07-28 07:50:03.382,2026-07-28
"476","u3whkJmmEt","MOOSPMv3Parser",1785225000,6,6,4,9,9,5,5,10,10,5,1249,339,4438,58,35,5,35,35,21,42,35,0,22,23,52,48,7.415,249,1,35.949833,-119.049866,135.772003,7,599,58,3,"e00fce6808784ceaf209f949",2026-07-28 07:50:03.173,2026-07-28 07:50:03.394,2026-07-28 07:50:03.394,2026-07-28
"477","QAbVSHW9BZ","MOOSPMv3Parser",1785225001,0,0,3,0,0,3,3,0,0,3,213,134,1838,23,20,3,20,20,22,34,20,0,23,24,38,38,19.114,206,2,36.139046,-120.368332,173.858994,5,600,58,3,"e00fce68d6b773b56ce8baa0",2026-07-28 07:50:03.257,2026-07-28 07:50:03.474,2026-07-28 07:50:03.474,2026-07-28
"478","ESAylBBccN","MOOSPMv3Parser",1785225000,2,2,3,3,3,3,3,4,4,3,520,148,7708,27,20,1,20,20,24,24,20,1,25,26,34,34,32.668,28,3277,7.3e-05,-0.004163,35398.101562,7,600,58,3,"e00fce68e28dcbc9a589be10",2026-07-28 07:50:03.763,2026-07-28 07:50:03.976,2026-07-28 07:50:03.976,2026-07-28
"479","UA4nSHHpAk","MOOSPMv3Parser",1785225000,1,1,2,3,3,3,3,3,3,3,442,136,8352,28,19,2,19,19,0,0,19,0,23,24,38,39,24.625,99,1,36.139027,-120.368408,155.903,5,600,58,3,"e00fce6876826e255108c6bd",2026-07-28 07:50:04.123,2026-07-28 07:50:04.3,2026-07-28 07:50:04.3,2026-07-28
"480","7a6c369n9W","MOOSPMv3Parser",1785225001,3,3,0,5,5,0,0,6,6,0,761,191,0,39,0,4,0,0,23,27,0,2,25,25,37,38,27.091,176,6,36.1875,-119.822243,22.663,9,600,58,3,"e00fce68e739ecbcf9e91965",2026-07-28 07:50:04.739,2026-07-28 07:50:04.918,2026-07-28 07:50:04.918,2026-07-28
"481","GU1vs915wB","MOOSPMv3Parser",1785225600,6,6,4,9,9,5,5,9,9,5,1301,352,4468,55,34,3,34,34,21,43,34,0,21,23,53,49,6.205,259,1,35.949505,-119.049889,106.486,6,599,58,3,"e00fce6808784ceaf209f949",2026-07-28 08:00:03.177,2026-07-28 08:00:03.958,2026-07-28 08:00:03.958,2026-07-28
"482","wgWGdKRG3v","MOOSPMv3Parser",1785225600,2,2,2,3,3,2,2,3,3,2,864,137,6250,23,17,2,17,17,22,27,17,0,22,24,39,38,22.667,256,2,36.13913,-120.3685,171.289993,6,600,58,3,"e00fce68e77e43df92405fdb",2026-07-28 08:00:02.842,2026-07-28 08:00:04.134,2026-07-28 08:00:04.134,2026-07-28
"483","hgjHsxArrQ","MOOSPMv3Parser",1785225601,0,0,2,0,0,2,2,0,0,2,183,101,4430,17,12,2,12,12,22,34,12,0,23,25,38,36,30.056,201,2,36.138947,-120.368492,166.845993,6,600,58,3,"e00fce686dc2ef0a68fa40b0",2026-07-28 08:00:02.814,2026-07-28 08:00:04.174,2026-07-28 08:00:04.174,2026-07-28
"484","6BK9OfdzG6","MOOSPMv3Parser",1785225601,0,0,3,0,0,3,3,1,1,3,215,135,1855,24,20,3,21,21,22,34,21,0,22,24,39,39,17.41,240,2,36.139107,-120.368446,187.934998,6,600,58,3,"e00fce68d6b773b56ce8baa0",2026-07-28 08:00:02.911,2026-07-28 08:00:04.219,2026-07-28 08:00:04.219,2026-07-28
"485","zG908htsgC","MOOSPMv3Parser",1785225601,4,4,5,6,6,5,5,6,6,5,1023,232,10642,40,37,4,37,37,21,50,37,0,23,23,48,50,20.167,267,1,36.762711,-119.798759,49.84,5,600,58,3,"e00fce68e88237db75a60608",2026-07-28 08:00:03.044,2026-07-28 08:00:04.348,2026-07-28 08:00:04.348,2026-07-28
"486","omp59xxbZT","MOOSPMv3Parser",1785225600,2,2,3,3,3,3,3,3,3,3,557,157,7726,26,20,1,20,20,24,24,20,0,25,26,34,34,32.444,38,3277,7.3e-05,-0.004163,35398.101562,7,600,58,3,"e00fce68e28dcbc9a589be10",2026-07-28 08:00:03.768,2026-07-28 08:00:04.415,2026-07-28 08:00:04.415,2026-07-28
"487","wUSM3tCiaT","MOOSPMv3Parser",1785225600,2,2,3,3,3,3,3,3,3,3,532,133,3102,27,22,2,22,22,21,29,22,0,26,23,33,40,31.595,236,2,36.138996,-120.368431,175.876999,8,600,58,3,"e00fce6850cac69f647dc199",2026-07-28 08:00:03.506,2026-07-28 08:00:04.72,2026-07-28 08:00:04.72,2026-07-28
"488","9WnkMDXKXM","MOOSPMv3Parser",1785225600,4,4,4,6,6,4,4,6,6,4,981,265,5824,34,29,2,29,29,20,53,29,0,20,22,60,54,10.226,172,1,36.523293,-119.278847,79.438004,6,600,58,3,"e00fce68f12da1a0c5de6248",2026-07-28 08:00:03.15,2026-07-28 08:00:04.923,2026-07-28 08:00:04.923,2026-07-28
"489","LClcUiiOMx","MOOSPMv3Parser",1785225600,1,1,3,3,3,3,3,3,3,3,420,128,8369,26,20,2,20,20,0,0,20,0,22,23,39,40,23.06,99,1,36.139015,-120.368324,172.757004,6,600,58,3,"e00fce6876826e255108c6bd",2026-07-28 08:00:03.875,2026-07-28 08:00:04.939,2026-07-28 08:00:04.939,2026-07-28
"490","I4Hn62UgB9","MOOSPMv3Parser",1785225601,3,3,0,5,5,0,0,6,6,0,749,196,0,40,0,3,0,0,22,28,0,2,24,25,38,40,25.866,216,6,36.187489,-119.82209,26.500999,8,600,58,3,"e00fce68e739ecbcf9e91965",2026-07-28 08:00:04.812,2026-07-28 08:00:05.339,2026-07-28 08:00:05.339,2026-07-28
"491","dwEHxCCGEk","MOOSPMv3Parser",1785226200,2,2,3,3,3,3,3,3,3,3,509,129,3121,25,22,2,22,22,21,31,22,0,25,23,35,42,29.802,261,2,36.139008,-120.368393,183.548996,8,600,58,3,"e00fce6850cac69f647dc199",2026-07-28 08:10:02.524,2026-07-28 08:10:02.832,2026-07-28 08:10:02.832,2026-07-28
"492","05ObYCodfF","MOOSPMv3Parser",1785226200,2,2,2,3,3,2,2,3,3,2,824,140,6264,23,17,2,17,17,22,29,17,0,22,24,41,40,21.212,267,2,36.13913,-120.3685,171.292999,0,600,58,3,"e00fce68e77e43df92405fdb",2026-07-28 08:10:02.855,2026-07-28 08:10:03.136,2026-07-28 08:10:03.136,2026-07-28
"493","uRn6rNHKdx","MOOSPMv3Parser",1785226200,5,5,4,7,7,4,4,7,7,4,1095,295,5851,38,31,2,31,31,20,54,31,0,20,22,63,55,8.766,177,1,36.523308,-119.2789,94.417999,5,600,58,3,"e00fce68f12da1a0c5de6248",2026-07-28 08:10:03.084,2026-07-28 08:10:03.321,2026-07-28 08:10:03.321,2026-07-28
"494","9BTDuVmZyH","MOOSPMv3Parser",1785226201,4,4,5,6,6,5,5,6,6,5,990,227,10675,40,38,2,38,38,21,50,38,0,23,23,48,50,20.395,251,1,36.762783,-119.798721,43.733002,6,600,58,3,"e00fce68e88237db75a60608",2026-07-28 08:10:03.139,2026-07-28 08:10:03.356,2026-07-28 08:10:03.356,2026-07-28
"495","aALBFQVjzY","MOOSPMv3Parser",1785226201,0,0,2,0,0,2,2,0,0,2,184,104,4440,16,12,1,12,12,22,36,12,0,22,24,41,38,27.806,222,2,36.139183,-120.368378,187.962997,5,600,58,3,"e00fce686dc2ef0a68fa40b0",2026-07-28 08:10:03.142,2026-07-28 08:10:03.4,2026-07-28 08:10:03.4,2026-07-28
"496","jqUYhkiRwR","MOOSPMv3Parser",1785226201,0,0,3,0,0,3,3,0,0,3,212,134,1872,23,20,2,20,20,21,35,20,0,22,23,41,41,16.281,257,2,36.139153,-120.368416,188.438004,6,600,58,3,"e00fce68d6b773b56ce8baa0",2026-07-28 08:10:03.259,2026-07-28 08:10:03.427,2026-07-28 08:10:03.427,2026-07-28
"497","GW9z9aLM0L","MOOSPMv3Parser",1785226200,6,6,4,9,9,5,5,9,9,5,1240,341,4490,55,35,4,35,35,21,45,35,0,21,23,54,50,7.757,246,1,35.949505,-119.049889,106.491997,0,600,58,3,"e00fce6808784ceaf209f949",2026-07-28 08:10:03.24,2026-07-28 08:10:03.429,2026-07-28 08:10:03.429,2026-07-28
"498","6fXtLsX8Cy","MOOSPMv3Parser",1785226200,2,2,2,3,3,3,3,4,4,3,530,151,7742,25,19,2,20,20,23,24,20,1,25,26,34,34,31.722,37,3277,7.3e-05,-0.004163,35398.101562,7,600,58,3,"e00fce68e28dcbc9a589be10",2026-07-28 08:10:03.704,2026-07-28 08:10:03.901,2026-07-28 08:10:03.901,2026-07-28
"499","ha9xzJhif3","MOOSPMv3Parser",1785226200,1,1,3,3,3,3,3,3,3,3,410,128,8387,25,21,1,21,21,0,0,21,0,22,23,41,42,21.765,99,1,36.139088,-120.368393,168.714005,7,600,58,3,"e00fce6876826e255108c6bd",2026-07-28 08:10:04.704,2026-07-28 08:10:04.907,2026-07-28 08:10:04.907,2026-07-28
"500","k0IcFFK7u2","MOOSPMv3Parser",1785226201,3,3,0,5,5,0,0,6,6,0,781,203,0,42,0,3,0,0,22,29,0,2,24,24,39,40,24.727,238,5,36.187481,-119.822083,20.188,10,600,58,3,"e00fce68e739ecbcf9e91965",2026-07-28 08:10:04.843,2026-07-28 08:10:04.985,2026-07-28 08:10:04.985,2026-07-28
"501","bDcMMzSUcK","MOOSPMv3Parser",1785226801,0,0,1,0,0,2,2,0,0,2,186,104,4450,17,11,1,11,11,22,36,11,0,22,24,41,38,28.235,180,2,36.139,-120.368515,176.994995,6,600,58,3,"e00fce686dc2ef0a68fa40b0",2026-07-28 08:20:02.181,2026-07-28 08:20:02.41,2026-07-28 08:20:02.41,2026-07-28
"502","mnAfALabEA","MOOSPMv3Parser",1785226801,0,0,3,0,0,3,3,0,0,3,210,131,1889,24,20,3,20,20,21,35,20,1,22,23,42,41,16.871,228,2,36.138927,-120.368248,181.856995,5,600,58,3,"e00fce68d6b773b56ce8baa0",2026-07-28 08:20:02.769,2026-07-28 08:20:03.006,2026-07-28 08:20:03.006,2026-07-28
"503","dlhJSRIEBW","MOOSPMv3Parser",1785226800,2,2,3,3,3,3,3,3,3,3,547,137,3141,24,23,2,23,23,20,31,23,0,25,22,35,42,30.173,233,2,36.139004,-120.368439,166.531006,7,600,58,3,"e00fce6850cac69f647dc199",2026-07-28 08:20:02.839,2026-07-28 08:20:03.056,2026-07-28 08:20:03.056,2026-07-28
"504","9gvCMeB94n","MOOSPMv3Parser",1785226800,2,2,2,3,3,2,2,3,3,2,855,141,6279,23,17,2,17,17,22,29,17,0,22,24,41,40,22.825,216,2,36.138981,-120.368416,165.251007,8,600,58,3,"e00fce68e77e43df92405fdb",2026-07-28 08:20:02.863,2026-07-28 08:20:03.08,2026-07-28 08:20:03.08,2026-07-28
"505","uuRlR7G6Vx","MOOSPMv3Parser",1785226801,4,4,5,6,6,5,5,7,7,5,1073,248,10708,48,37,3,37,37,21,51,37,0,23,22,48,51,19.86,245,1,36.762783,-119.798721,43.73,0,600,58,3,"e00fce68e88237db75a60608",2026-07-28 08:20:03.05,2026-07-28 08:20:03.265,2026-07-28 08:20:03.265,2026-07-28
"506","hITLu8rsi7","MOOSPMv3Parser",1785226800,4,4,4,6,6,4,4,7,7,4,991,268,5877,39,29,2,29,29,20,54,29,0,19,21,62,54,6.373,212,1,36.523331,-119.278831,53.791,7,600,58,3,"e00fce68f12da1a0c5de6248",2026-07-28 08:20:03.142,2026-07-28 08:20:03.342,2026-07-28 08:20:03.342,2026-07-28
"507","P3INpKqVs2","MOOSPMv3Parser",1785226800,6,6,4,9,9,5,5,10,10,5,1312,354,4528,54,35,4,35,35,21,45,35,0,21,22,54,51,7.559,246,1,35.949455,-119.049995,104.116997,5,599,58,3,"e00fce6808784ceaf209f949",2026-07-28 08:20:03.24,2026-07-28 08:20:03.411,2026-07-28 08:20:03.411,2026-07-28
"508","BGYQgqCl0y","MOOSPMv3Parser",1785226800,2,2,3,4,4,3,3,4,4,3,552,160,7760,29,21,2,21,21,23,24,21,1,25,26,34,34,31.242,51,3277,7.3e-05,-0.004163,35398.101562,7,600,58,3,"e00fce68e28dcbc9a589be10",2026-07-28 08:20:04.004,2026-07-28 08:20:04.232,2026-07-28 08:20:04.232,2026-07-28
"509","wsZCuG4PKB","MOOSPMv3Parser",1785226801,3,3,0,5,5,0,0,6,6,0,759,197,0,37,0,3,0,0,22,31,0,2,23,24,40,42,22.653,234,5,36.187363,-119.82225,17.594999,7,600,58,3,"e00fce68e739ecbcf9e91965",2026-07-28 08:20:04.814,2026-07-28 08:20:05.01,2026-07-28 08:20:05.01,2026-07-28
"510","aeZ7Ofv5Ri","MOOSPMv3Parser",1785226800,1,1,3,3,3,3,3,3,3,3,439,137,8405,27,21,2,21,21,0,0,21,0,22,23,41,42,22.522,99,1,36.139191,-120.368279,135.522995,6,600,58,3,"e00fce6876826e255108c6bd",2026-07-28 08:20:08.271,2026-07-28 08:20:08.477,2026-07-28 08:20:08.477,2026-07-28
"511","mTEVIdWhzI","MOOSPMv3Parser",1785226800,2,2,3,3,3,3,3,4,4,3,603,151,4035,24,20,2,20,20,20,37,20,1,20,21,45,45,25.808,278,3277,36.503101,-120.325378,53.91,5,601,58,3,"e00fce6858b443fd80f27170",2026-07-28 08:23:14.763,2026-07-28 08:23:14.995,2026-07-28 08:23:14.995,2026-07-28
"512","WrGFeOBsxc","MOOSPMv3Parser",1785227401,0,0,2,0,0,2,2,0,0,2,182,101,4460,17,13,2,13,13,22,36,13,0,21,24,41,37,25.64,199,2,36.139072,-120.368401,174.035995,6,600,58,3,"e00fce686dc2ef0a68fa40b0",2026-07-28 08:30:02.729,2026-07-28 08:30:03.016,2026-07-28 08:30:03.016,2026-07-28
"513","PlC421pQxy","MOOSPMv3Parser",1785227400,2,2,3,3,3,3,3,4,4,3,570,145,3162,26,24,2,24,24,20,30,24,0,25,22,33,41,27.48,268,2,36.138985,-120.368439,173.660995,6,600,58,3,"e00fce6850cac69f647dc199",2026-07-28 08:30:03.088,2026-07-28 08:30:03.294,2026-07-28 08:30:03.294,2026-07-28
"514","Y1IhMM22xy","MOOSPMv3Parser",1785227401,5,5,5,7,7,5,5,7,7,5,1114,264,10758,46,37,3,37,37,21,52,37,0,23,22,49,51,19.082,248,1,36.762775,-119.79882,52.924,5,599,58,3,"e00fce68e88237db75a60608",2026-07-28 08:30:03.054,2026-07-28 08:30:03.317,2026-07-28 08:30:03.317,2026-07-28
"515","B8cPs1mupj","MOOSPMv3Parser",1785227400,2,2,2,3,3,2,2,4,4,2,887,147,6295,26,18,2,18,18,21,30,18,0,21,23,42,41,19.982,237,2,36.13895,-120.368462,178.052002,8,600,58,3,"e00fce68e77e43df92405fdb",2026-07-28 08:30:02.841,2026-07-28 08:30:03.328,2026-07-28 08:30:03.328,2026-07-28
"516","tbBxGDmKSV","MOOSPMv3Parser",1785227401,0,0,3,0,0,3,3,0,0,3,216,137,1907,24,21,3,22,22,21,35,22,1,21,23,41,39,14.946,246,2,36.139133,-120.368393,164.645996,6,600,58,3,"e00fce68d6b773b56ce8baa0",2026-07-28 08:30:03.179,2026-07-28 08:30:03.434,2026-07-28 08:30:03.434,2026-07-28
"517","I4PzpU9iHk","MOOSPMv3Parser",1785227400,5,5,4,7,7,4,4,7,7,4,1057,286,5904,36,31,2,31,31,19,55,31,0,19,21,62,56,4.985,238,1,36.523399,-119.278793,86.264,6,600,58,3,"e00fce68f12da1a0c5de6248",2026-07-28 08:30:03.154,2026-07-28 08:30:03.507,2026-07-28 08:30:03.507,2026-07-28
"518","5wPDKSZgxE","MOOSPMv3Parser",1785227400,6,6,4,9,9,5,5,9,9,5,1268,344,4558,56,35,4,35,35,21,45,35,0,21,22,54,51,7.487,242,1,35.949551,-119.049904,114.997002,6,599,58,3,"e00fce6808784ceaf209f949",2026-07-28 08:30:03.391,2026-07-28 08:30:03.738,2026-07-28 08:30:03.738,2026-07-28
"519","4RHH9OXmbR","MOOSPMv3Parser",1785227400,2,2,3,3,3,3,3,3,3,3,542,152,7777,25,20,1,20,20,23,24,20,1,24,25,34,35,30.966,47,3277,7.3e-05,-0.004163,35398.101562,7,600,58,3,"e00fce68e28dcbc9a589be10",2026-07-28 08:30:03.847,2026-07-28 08:30:04.025,2026-07-28 08:30:04.025,2026-07-28
"520","4MSoALIV6E","MOOSPMv3Parser",1785227400,2,2,3,3,3,3,3,4,4,3,458,140,8424,29,21,4,21,21,0,0,21,0,21,22,40,41,20.611,99,1,36.139191,-120.368279,135.522995,0,600,58,3,"e00fce6876826e255108c6bd",2026-07-28 08:30:03.902,2026-07-28 08:30:04.106,2026-07-28 08:30:04.106,2026-07-28
"521","Slip21GUey","MOOSPMv3Parser",1785227401,3,3,0,6,6,0,0,7,7,0,843,217,0,44,0,4,0,0,22,32,0,2,23,23,41,42,19.605,278,5,36.187492,-119.821976,43.623001,9,600,58,3,"e00fce68e739ecbcf9e91965",2026-07-28 08:30:04.806,2026-07-28 08:30:04.975,2026-07-28 08:30:04.975,2026-07-28
"522","GhTWvsGOH2","MOOSPMv3Parser",1785228001,0,0,2,0,0,2,2,0,0,2,185,104,4471,18,13,2,13,13,21,37,13,0,22,23,42,39,23.969,220,1,36.139088,-120.368393,195.091003,5,600,58,3,"e00fce686dc2ef0a68fa40b0",2026-07-28 08:40:02.744,2026-07-28 08:40:03.099,2026-07-28 08:40:03.099,2026-07-28
"523","UPklLfSqGd","MOOSPMv3Parser",1785228001,0,0,3,0,0,3,3,0,0,3,214,135,1925,24,22,3,22,22,21,36,22,1,21,22,42,41,13.745,259,1,36.138912,-120.368446,181.729996,5,600,58,3,"e00fce68d6b773b56ce8baa0",2026-07-28 08:40:02.864,2026-07-28 08:40:03.101,2026-07-28 08:40:03.101,2026-07-28
"524","vqvpBQfdZk","MOOSPMv3Parser",1785228000,2,2,2,3,3,2,2,3,3,2,876,145,6311,25,18,2,18,18,21,30,18,0,22,23,42,42,18.455,258,1,36.139118,-120.368385,170.759003,6,600,58,3,"e00fce68e77e43df92405fdb",2026-07-28 08:40:02.934,2026-07-28 08:40:03.134,2026-07-28 08:40:03.134,2026-07-28
"525","23CBDBqkXZ","MOOSPMv3Parser",1785228000,5,5,4,6,6,4,4,7,7,4,1093,293,5932,37,32,2,32,32,19,59,32,0,19,21,65,58,4.842,225,1,36.523369,-119.278809,82.994003,5,600,58,3,"e00fce68f12da1a0c5de6248",2026-07-28 08:40:03.15,2026-07-28 08:40:03.315,2026-07-28 08:40:03.315,2026-07-28
"526","sX3KvL5OWN","MOOSPMv3Parser",1785228001,4,4,5,6,6,5,5,7,7,5,1134,258,10793,45,40,3,40,40,20,52,40,0,22,22,49,52,17.929,260,1,36.762764,-119.798744,47.91,5,599,58,3,"e00fce68e88237db75a60608",2026-07-28 08:40:03.13,2026-07-28 08:40:03.346,2026-07-28 08:40:03.346,2026-07-28
"527","h6dqGHJZb8","MOOSPMv3Parser",1785228000,6,6,4,9,9,5,5,9,9,5,1305,355,4589,54,35,4,35,35,20,46,35,0,21,22,54,51,8.306,231,1,35.949539,-119.049889,123.819,6,599,58,3,"e00fce6808784ceaf209f949",2026-07-28 08:40:03.301,2026-07-28 08:40:03.525,2026-07-28 08:40:03.525,2026-07-28
"528","Pg15K5RMfG","MOOSPMv3Parser",1785228000,2,2,3,3,3,3,3,3,3,3,548,133,3183,24,23,2,23,23,20,32,23,0,24,22,35,43,26.283,289,1,36.138973,-120.368393,172.302002,9,600,58,3,"e00fce6850cac69f647dc199",2026-07-28 08:40:03.483,2026-07-28 08:40:03.656,2026-07-28 08:40:03.656,2026-07-28
"529","AxtCTaePpJ","MOOSPMv3Parser",1785228000,2,2,2,4,4,3,3,4,4,3,547,156,7794,27,20,1,20,20,23,24,20,1,24,25,34,35,31.523,54,3277,7.3e-05,-0.004163,35398.101562,7,600,58,3,"e00fce68e28dcbc9a589be10",2026-07-28 08:40:03.781,2026-07-28 08:40:03.96,2026-07-28 08:40:03.96,2026-07-28
"530","uHBnBVratK","MOOSPMv3Parser",1785228001,4,4,0,6,6,0,0,7,7,0,853,220,0,42,0,4,0,0,21,32,0,2,22,23,42,43,18.689,292,4,36.187492,-119.821976,43.620998,0,600,58,3,"e00fce68e739ecbcf9e91965",2026-07-28 08:40:04.972,2026-07-28 08:40:05.118,2026-07-28 08:40:05.118,2026-07-28
"531","1dN1gCVFEi","MOOSPMv3Parser",1785228000,1,1,3,3,3,3,3,4,4,3,452,137,8442,29,21,3,21,21,0,0,21,0,21,22,42,43,19.73,99,1,36.13913,-120.368347,151.876007,8,600,58,3,"e00fce6876826e255108c6bd",2026-07-28 08:40:09.22,2026-07-28 08:40:09.394,2026-07-28 08:40:09.394,2026-07-28
"532","t8fwzfjAvX","MOOSPMv3Parser",1785228600,2,2,3,3,3,3,3,3,3,3,532,136,3203,24,23,2,23,23,20,34,23,0,24,21,37,44,25.463,303,1,36.138981,-120.368431,194.419998,7,600,58,3,"e00fce6850cac69f647dc199",2026-07-28 08:50:02.592,2026-07-28 08:50:02.778,2026-07-28 08:50:02.778,2026-07-28
"533","Cu7ejzZNoH","MOOSPMv3Parser",1785228600,2,2,2,3,3,2,2,4,4,2,898,158,6326,27,18,3,18,18,21,32,18,0,21,23,44,43,17.732,267,1,36.139011,-120.368408,153.520996,6,600,58,3,"e00fce68e77e43df92405fdb",2026-07-28 08:50:02.845,2026-07-28 08:50:03.053,2026-07-28 08:50:03.053,2026-07-28
"534","HgF55AYKgQ","MOOSPMv3Parser",1785228600,5,5,4,7,7,4,4,8,8,4,1137,310,5960,41,33,2,33,33,19,58,33,0,19,21,64,58,5.151,220,1,36.523369,-119.278809,82.997002,0,600,58,3,"e00fce68f12da1a0c5de6248",2026-07-28 08:50:03.097,2026-07-28 08:50:03.283,2026-07-28 08:50:03.283,2026-07-28
"535","RyTfmrxMeF","MOOSPMv3Parser",1785228601,0,0,2,0,0,2,2,0,0,2,192,110,4482,18,13,2,13,13,21,38,13,0,21,23,44,40,24.376,233,1,36.139114,-120.368385,190.589005,5,600,58,3,"e00fce686dc2ef0a68fa40b0",2026-07-28 08:50:03.135,2026-07-28 08:50:03.301,2026-07-28 08:50:03.301,2026-07-28
"536","Y1jvSGAy18","MOOSPMv3Parser",1785228600,6,6,4,9,9,5,5,9,9,5,1283,345,4619,55,35,4,35,35,20,47,35,0,21,22,54,52,9.559,217,1,35.949554,-119.049911,114.319,7,599,58,3,"e00fce6808784ceaf209f949",2026-07-28 08:50:03.24,2026-07-28 08:50:03.434,2026-07-28 08:50:03.434,2026-07-28
"537","VttJ0fabvp","MOOSPMv3Parser",1785228601,0,0,3,0,0,3,3,0,0,3,216,135,1943,24,22,3,22,22,20,37,22,1,21,22,44,43,13.168,268,1,36.138912,-120.368446,181.731003,0,600,58,3,"e00fce68d6b773b56ce8baa0",2026-07-28 08:50:03.178,2026-07-28 08:50:03.447,2026-07-28 08:50:03.447,2026-07-28
"538","t6XsRHiBjc","MOOSPMv3Parser",1785228601,4,4,5,7,7,5,5,7,7,5,1087,255,10828,45,40,3,40,40,20,52,40,0,22,22,49,52,18.092,248,1,36.762726,-119.798744,51.757999,8,599,58,3,"e00fce68e88237db75a60608",2026-07-28 08:50:03.329,2026-07-28 08:50:03.555,2026-07-28 08:50:03.555,2026-07-28
"539","nGEQMy90je","MOOSPMv3Parser",1785228600,2,2,2,3,3,3,3,4,4,3,533,150,7810,27,19,1,19,19,23,24,19,1,24,25,34,35,31.952,48,3277,7.3e-05,-0.004163,35398.101562,7,600,58,3,"e00fce68e28dcbc9a589be10",2026-07-28 08:50:03.777,2026-07-28 08:50:03.947,2026-07-28 08:50:03.947,2026-07-28
"540","5DtBfYjtlA","MOOSPMv3Parser",1785228600,1,1,3,3,3,3,3,4,4,3,425,131,8460,26,21,3,21,21,0,0,21,0,21,22,43,44,19.474,99,1,36.138981,-120.368423,189.264008,6,600,58,3,"e00fce6876826e255108c6bd",2026-07-28 08:50:03.86,2026-07-28 08:50:04.122,2026-07-28 08:50:04.122,2026-07-28
"541","P92t9LdZq4","MOOSPMv3Parser",1785228601,3,3,0,5,5,0,0,6,6,0,804,208,0,40,0,4,0,0,21,32,0,2,22,23,41,43,19.593,283,3,36.18755,-119.822014,3.584,6,600,58,3,"e00fce68e739ecbcf9e91965",2026-07-28 08:50:04.811,2026-07-28 08:50:05.033,2026-07-28 08:50:05.033,2026-07-28
"542","BKSe38tble","MOOSPMv3Parser",1785229201,0,0,1,0,0,2,2,0,0,2,191,108,4491,17,11,2,11,11,21,38,11,1,21,23,45,41,25.638,215,1,36.139015,-120.368454,182.128998,5,600,58,3,"e00fce686dc2ef0a68fa40b0",2026-07-28 09:00:02.221,2026-07-28 09:00:02.642,2026-07-28 09:00:02.642,2026-07-28
"543","mYROFIdIBe","MOOSPMv3Parser",1785229200,2,2,3,3,3,3,3,3,3,3,545,135,3223,24,23,2,23,23,20,35,23,0,24,21,38,46,26.163,286,1,36.138973,-120.368423,164.296997,8,600,58,3,"e00fce6850cac69f647dc199",2026-07-28 09:00:03.018,2026-07-28 09:00:03.595,2026-07-28 09:00:03.595,2026-07-28
"544","cEyFNcKBWM","MOOSPMv3Parser",1785229201,0,0,3,0,0,3,3,1,1,3,215,138,1961,26,21,4,21,21,20,38,21,1,21,22,45,44,13.803,256,1,36.139118,-120.368332,177.326996,7,600,58,3,"e00fce68d6b773b56ce8baa0",2026-07-28 09:00:02.998,2026-07-28 09:00:03.83,2026-07-28 09:00:03.83,2026-07-28
"545","QGcK304s2i","MOOSPMv3Parser",1785229200,2,2,2,3,3,2,2,3,3,2,905,154,6341,25,17,1,17,17,21,33,17,0,21,22,45,44,18.607,253,1,36.139034,-120.368401,160.112,6,600,58,3,"e00fce68e77e43df92405fdb",2026-07-28 09:00:03.059,2026-07-28 09:00:03.869,2026-07-28 09:00:03.869,2026-07-28
"546","7arYToKizL","MOOSPMv3Parser",1785229201,4,4,5,6,6,5,5,7,7,5,1077,248,10842,45,38,3,38,38,20,52,38,0,22,22,49,51,18.702,229,1,36.762718,-119.798775,54.726002,13,600,58,3,"e00fce68e88237db75a60608",2026-07-28 09:00:03.059,2026-07-28 09:00:03.943,2026-07-28 09:00:03.943,2026-07-28
"547","trwwLf1z9R","MOOSPMv3Parser",1785229200,6,6,5,9,9,5,5,10,10,5,1283,349,4651,58,36,5,36,36,20,47,36,0,21,22,54,51,9.143,214,1,35.949642,-119.049957,110.764999,6,599,58,3,"e00fce6808784ceaf209f949",2026-07-28 09:00:03.168,2026-07-28 09:00:03.986,2026-07-28 09:00:03.986,2026-07-28
"548","EI13tqnddI","MOOSPMv3Parser",1785229200,5,5,4,7,7,4,4,7,7,4,1115,304,5989,38,32,2,32,32,18,63,32,0,17,20,73,62,2.336,230,1,36.523495,-119.27887,90.665001,6,600,58,3,"e00fce68f12da1a0c5de6248",2026-07-28 09:00:03.141,2026-07-28 09:00:04.365,2026-07-28 09:00:04.365,2026-07-28
"549","EDpG0h8GBJ","MOOSPMv3Parser",1785229200,1,1,3,3,3,3,3,4,4,3,442,136,8477,27,20,2,20,20,0,0,20,0,21,22,45,46,19.659,99,1,36.138992,-120.368439,173.720993,6,600,58,3,"e00fce6876826e255108c6bd",2026-07-28 09:00:03.883,2026-07-28 09:00:04.383,2026-07-28 09:00:04.383,2026-07-28
"550","GgZx3ZFJfq","MOOSPMv3Parser",1785229200,2,2,3,4,4,3,3,4,4,3,571,166,7827,31,20,2,20,20,23,24,20,1,24,25,34,35,30.7,69,3277,7.3e-05,-0.004163,35398.101562,7,600,58,3,"e00fce68e28dcbc9a589be10",2026-07-28 09:00:03.781,2026-07-28 09:00:04.501,2026-07-28 09:00:04.501,2026-07-28
"551","oYhsbq5B85","MOOSPMv3Parser",1785229201,3,3,0,5,5,0,0,6,6,0,800,211,0,38,0,3,0,0,21,33,0,2,22,23,42,44,20.836,267,4,36.187477,-119.82209,23.893,5,600,58,3,"e00fce68e739ecbcf9e91965",2026-07-28 09:00:04.744,2026-07-28 09:00:05.026,2026-07-28 09:00:05.026,2026-07-28
"552","7zmTEC6WCT","MOOSPMv3Parser",1785229801,0,0,1,0,0,2,2,0,0,2,189,105,4501,17,12,2,12,12,21,37,12,1,21,23,43,39,25.167,201,1,36.139015,-120.368454,182.132996,0,600,58,3,"e00fce686dc2ef0a68fa40b0",2026-07-28 09:10:02.5,2026-07-28 09:10:02.69,2026-07-28 09:10:02.69,2026-07-28
"553","JXBySbyKxX","MOOSPMv3Parser",1785229800,2,2,2,3,3,2,2,3,3,2,876,154,6356,25,17,2,17,17,20,31,17,0,21,22,43,42,19.022,236,1,36.138992,-120.36853,176.960007,6,600,58,3,"e00fce68e77e43df92405fdb",2026-07-28 09:10:02.928,2026-07-28 09:10:03.09,2026-07-28 09:10:03.09,2026-07-28
"554","vm7guEotgz","MOOSPMv3Parser",1785229800,5,5,4,7,7,4,4,8,8,4,1180,322,6017,40,32,2,32,32,18,64,32,0,17,20,74,63,1.917,216,1,36.523392,-119.278793,84.925003,6,600,58,3,"e00fce68f12da1a0c5de6248",2026-07-28 09:10:03.14,2026-07-28 09:10:03.314,2026-07-28 09:10:03.314,2026-07-28
"555","ik8YJWYHBF","MOOSPMv3Parser",1785229801,4,4,5,6,6,5,5,7,7,5,1063,248,10893,44,37,3,37,37,20,52,37,0,22,22,49,51,19.299,213,1,36.762726,-119.798798,55.672001,9,599,58,3,"e00fce68e88237db75a60608",2026-07-28 09:10:03.194,2026-07-28 09:10:03.378,2026-07-28 09:10:03.378,2026-07-28
"556","uyI7EcK4jW","MOOSPMv3Parser",1785229800,6,6,5,9,9,5,5,9,9,5,1305,355,4682,55,36,4,36,36,20,47,36,0,20,22,55,52,6.178,233,1,35.94957,-119.04995,115.856003,6,599,58,3,"e00fce6808784ceaf209f949",2026-07-28 09:10:03.232,2026-07-28 09:10:03.407,2026-07-28 09:10:03.407,2026-07-28
"557","dFhq9NJrOw","MOOSPMv3Parser",1785229801,0,0,3,0,0,3,3,0,0,3,211,134,1979,22,22,2,22,22,20,37,22,1,21,22,43,42,13.303,248,1,36.139019,-120.368263,189.725998,6,600,58,3,"e00fce68d6b773b56ce8baa0",2026-07-28 09:10:03.247,2026-07-28 09:10:03.446,2026-07-28 09:10:03.446,2026-07-28
"558","kybyO9cbVx","MOOSPMv3Parser",1785229800,2,2,3,3,3,3,3,3,3,3,534,134,3243,25,22,2,22,22,20,33,22,0,24,21,36,43,26.215,277,1,36.138977,-120.368462,163.024002,6,600,58,3,"e00fce6850cac69f647dc199",2026-07-28 09:10:03.336,2026-07-28 09:10:03.549,2026-07-28 09:10:03.549,2026-07-28
"559","uWgeiDPZ8e","MOOSPMv3Parser",1785229800,2,2,3,3,3,3,3,4,4,3,537,152,7845,27,20,2,20,20,23,24,20,1,24,25,34,35,30.332,84,3277,7.3e-05,-0.004163,35398.101562,7,600,58,3,"e00fce68e28dcbc9a589be10",2026-07-28 09:10:03.786,2026-07-28 09:10:03.977,2026-07-28 09:10:03.977,2026-07-28
"560","QjdFIAp0Wm","MOOSPMv3Parser",1785229800,1,1,3,3,3,3,3,4,4,3,449,137,8495,27,21,2,21,21,0,0,21,0,21,21,42,43,19.76,99,1,36.138943,-120.36837,189.177994,5,600,58,3,"e00fce6876826e255108c6bd",2026-07-28 09:10:03.836,2026-07-28 09:10:04.056,2026-07-28 09:10:04.056,2026-07-28
"561","Hy6jumNWf1","MOOSPMv3Parser",1785229800,2,2,3,3,3,3,3,3,3,3,649,160,4128,24,21,2,21,21,18,36,21,1,19,19,42,44,27.071,241,3277,36.503136,-120.325409,52.146,10,600,58,3,"e00fce6858b443fd80f27170",2026-07-28 09:10:04.427,2026-07-28 09:10:04.653,2026-07-28 09:10:04.653,2026-07-28
"562","UtZ9TfAfry","MOOSPMv3Parser",1785229801,3,3,0,6,6,0,0,6,6,0,789,208,0,45,0,4,0,0,21,34,0,2,22,22,44,45,20.346,281,4,36.187542,-119.822289,-0.475,5,600,58,3,"e00fce68e739ecbcf9e91965",2026-07-28 09:10:04.899,2026-07-28 09:10:05.125,2026-07-28 09:10:05.125,2026-07-28
"563","sWPtB2xmyd","MOOSPMv3Parser",1785230400,2,2,3,3,3,3,3,3,3,3,675,157,4145,23,21,2,21,21,18,34,21,1,19,19,41,43,26.641,227,3277,36.50309,-120.325478,44.067001,6,600,58,3,"e00fce6858b443fd80f27170",2026-07-28 09:20:02.873,2026-07-28 09:20:03.07,2026-07-28 09:20:03.07,2026-07-28
"564","Em1RVIYWCX","MOOSPMv3Parser",1785230401,0,0,3,0,0,3,3,0,0,3,212,134,1996,22,21,2,21,21,20,37,21,0,20,21,44,42,13.135,245,1,36.139027,-120.368416,188.001007,6,600,58,3,"e00fce68d6b773b56ce8baa0",2026-07-28 09:20:03.009,2026-07-28 09:20:03.201,2026-07-28 09:20:03.201,2026-07-28
"565","f9aal6f9eY","MOOSPMv3Parser",1785230401,0,0,1,0,0,2,2,0,0,2,190,105,4510,17,11,1,11,11,21,37,11,0,20,23,44,40,24.544,198,1,36.139011,-120.368454,172.835999,5,600,58,3,"e00fce686dc2ef0a68fa40b0",2026-07-28 09:20:02.892,2026-07-28 09:20:03.225,2026-07-28 09:20:03.225,2026-07-28
"566","wmeRZZDs7s","MOOSPMv3Parser",1785230400,2,2,2,3,3,2,2,3,3,2,873,153,6371,25,18,1,18,18,20,32,18,0,20,22,44,43,18.402,235,1,36.139038,-120.368408,186.979996,5,600,58,3,"e00fce68e77e43df92405fdb",2026-07-28 09:20:02.994,2026-07-28 09:20:03.237,2026-07-28 09:20:03.237,2026-07-28
"567","hxGSFORQSZ","MOOSPMv3Parser",1785230401,4,4,5,6,6,5,5,6,6,5,1003,234,10924,43,35,3,36,36,20,51,36,0,22,22,48,50,19.004,212,1,36.762745,-119.798752,60.208,9,599,58,3,"e00fce68e88237db75a60608",2026-07-28 09:20:03.049,2026-07-28 09:20:03.287,2026-07-28 09:20:03.287,2026-07-28
"568","i9sC4nX1qr","MOOSPMv3Parser",1785230400,6,6,5,8,8,5,5,8,8,5,1281,348,6049,45,36,2,36,36,18,64,36,0,18,20,69,62,5.529,173,1,36.52335,-119.278786,87.532997,6,600,58,3,"e00fce68f12da1a0c5de6248",2026-07-28 09:20:03.159,2026-07-28 09:20:03.367,2026-07-28 09:20:03.367,2026-07-28
"569","InOkEmmZFp","MOOSPMv3Parser",1785230400,7,7,5,10,10,5,5,11,11,5,1442,394,4715,62,38,4,39,39,20,49,39,0,20,21,56,53,5.632,227,1,35.94965,-119.049995,124.181999,7,599,58,3,"e00fce6808784ceaf209f949",2026-07-28 09:20:03.232,2026-07-28 09:20:03.459,2026-07-28 09:20:03.459,2026-07-28
"570","7OtblQaDEJ","MOOSPMv3Parser",1785230400,2,2,3,3,3,3,3,3,3,3,558,141,3261,25,22,2,22,22,19,34,22,0,23,21,36,44,26.028,275,1,36.138977,-120.368462,163.024002,0,600,58,3,"e00fce6850cac69f647dc199",2026-07-28 09:20:03.475,2026-07-28 09:20:03.756,2026-07-28 09:20:03.756,2026-07-28
"571","Mp1UEd37E3","MOOSPMv3Parser",1785230400,2,2,2,3,3,3,3,4,4,3,529,150,7862,28,20,2,20,20,23,24,20,1,24,25,34,35,31.133,65,3277,7.3e-05,-0.004163,35398.101562,7,600,58,3,"e00fce68e28dcbc9a589be10",2026-07-28 09:20:03.721,2026-07-28 09:20:03.881,2026-07-28 09:20:03.881,2026-07-28
"572","wUrQSLBXUP","MOOSPMv3Parser",1785230400,1,1,3,3,3,3,3,3,3,3,420,128,8513,26,20,3,21,21,0,0,21,0,20,21,43,44,19.647,99,1,36.138996,-120.368408,159.059998,5,600,58,3,"e00fce6876826e255108c6bd",2026-07-28 09:20:03.881,2026-07-28 09:20:04.115,2026-07-28 09:20:04.115,2026-07-28
"573","yDswkPxzJr","MOOSPMv3Parser",1785230401,3,3,0,5,5,0,0,6,6,0,834,207,0,40,0,3,0,0,20,36,0,2,21,22,45,46,20.124,281,4,36.187511,-119.82206,41.297001,6,600,58,3,"e00fce68e739ecbcf9e91965",2026-07-28 09:20:04.891,2026-07-28 09:20:05.046,2026-07-28 09:20:05.046,2026-07-28
"574","bl9RmZLdnt","MOOSPMv3Parser",1785231000,2,2,3,3,3,3,3,3,3,3,530,130,3280,23,22,2,22,22,19,34,22,0,23,21,37,45,25.531,286,1,36.139,-120.368401,183.132004,5,600,58,3,"e00fce6850cac69f647dc199",2026-07-28 09:30:02.443,2026-07-28 09:30:02.636,2026-07-28 09:30:02.636,2026-07-28
"575","DUXgxZOxEC","MOOSPMv3Parser",1785231000,2,2,2,3,3,2,2,3,3,2,840,145,6386,24,17,2,17,17,20,33,17,0,21,22,44,43,18.207,243,1,36.139015,-120.368347,190.692001,7,600,58,3,"e00fce68e77e43df92405fdb",2026-07-28 09:30:03.095,2026-07-28 09:30:03.41,2026-07-28 09:30:03.41,2026-07-28
"576","jnoRRVepwY","MOOSPMv3Parser",1785231000,2,2,3,3,3,3,3,3,3,3,1008,169,4162,22,20,1,20,20,18,35,20,1,19,19,43,44,26.299,218,3277,36.503117,-120.325363,60.737,7,600,58,3,"e00fce6858b443fd80f27170",2026-07-28 09:30:02.816,2026-07-28 09:30:03.474,2026-07-28 09:30:03.474,2026-07-28
"577","g9XwrKr2B7","MOOSPMv3Parser",1785231001,0,0,2,0,0,2,2,0,0,2,188,103,4521,17,12,2,12,12,20,38,12,0,20,22,44,40,23.727,202,1,36.139084,-120.368416,174.408997,5,600,58,3,"e00fce686dc2ef0a68fa40b0",2026-07-28 09:30:03.078,2026-07-28 09:30:03.581,2026-07-28 09:30:03.581,2026-07-28
"578","jLM3k19InX","MOOSPMv3Parser",1785231000,6,6,5,8,8,5,5,9,9,5,1315,353,6080,45,36,3,36,36,18,65,36,0,18,19,70,63,4.781,196,1,36.523331,-119.278816,90.399002,6,600,58,3,"e00fce68f12da1a0c5de6248",2026-07-28 09:30:03.162,2026-07-28 09:30:03.697,2026-07-28 09:30:03.697,2026-07-28
"579","1FsUim9lbH","MOOSPMv3Parser",1785231000,6,6,5,9,9,5,5,10,10,5,1369,369,4747,57,36,4,36,36,20,50,36,0,20,21,57,54,5.591,226,1,35.949642,-119.049873,142.300995,6,599,58,3,"e00fce6808784ceaf209f949",2026-07-28 09:30:03.32,2026-07-28 09:30:03.733,2026-07-28 09:30:03.733,2026-07-28
"580","rWnvxur0mS","MOOSPMv3Parser",1785231001,4,4,4,6,6,5,5,6,6,5,1005,232,10954,43,35,4,35,35,20,51,35,0,22,21,48,51,20.259,189,1,36.762741,-119.798782,53.523998,9,599,58,3,"e00fce68e88237db75a60608",2026-07-28 09:30:03.132,2026-07-28 09:30:03.778,2026-07-28 09:30:03.778,2026-07-28
"581","QDtB09fvmb","MOOSPMv3Parser",1785231001,0,0,3,0,0,3,3,0,0,3,209,132,2014,22,21,2,21,21,20,37,21,1,20,21,44,43,12.715,246,1,36.139004,-120.368431,171.917007,5,600,58,3,"e00fce68d6b773b56ce8baa0",2026-07-28 09:30:03.461,2026-07-28 09:30:03.89,2026-07-28 09:30:03.89,2026-07-28
"582","sf5dgTCERS","MOOSPMv3Parser",1785231000,1,1,2,3,3,3,3,4,4,3,425,130,8529,26,19,3,19,19,0,0,19,0,20,21,43,45,19.139,99,1,36.138962,-120.368462,149.432007,5,600,58,3,"e00fce6876826e255108c6bd",2026-07-28 09:30:03.953,2026-07-28 09:30:04.272,2026-07-28 09:30:04.272,2026-07-28
"583","FiBip6nUrh","MOOSPMv3Parser",1785231001,3,3,0,6,6,0,0,7,7,0,881,220,0,46,0,3,0,0,20,37,0,2,21,21,47,47,19.642,283,3,36.187416,-119.821983,27.631001,6,600,58,3,"e00fce68e739ecbcf9e91965",2026-07-28 09:30:10.325,2026-07-28 09:30:10.513,2026-07-28 09:30:10.513,2026-07-28
"584","VuIQGZvq9p","MOOSPMv3Parser",1785231000,2,2,2,3,3,3,3,4,4,3,538,152,7878,27,19,1,19,19,23,24,19,1,24,25,33,35,32.017,40,3277,7.3e-05,-0.004163,35398.101562,7,600,58,3,"e00fce68e28dcbc9a589be10",2026-07-28 09:30:14.896,2026-07-28 09:30:15.11,2026-07-28 09:30:15.11,2026-07-28
"585","oTWpuRf1N9","MOOSPMv3Parser",1785231601,0,0,1,0,0,1,1,0,0,1,180,101,4530,17,11,2,11,11,20,39,11,0,20,22,44,41,23.171,207,1,36.13905,-120.368385,183.561996,5,600,58,3,"e00fce686dc2ef0a68fa40b0",2026-07-28 09:40:02.16,2026-07-28 09:40:02.352,2026-07-28 09:40:02.352,2026-07-28
"586","DTHCHEvLQP","MOOSPMv3Parser",1785231601,0,0,3,0,0,3,3,0,0,3,210,134,2031,23,20,3,20,20,20,38,20,1,20,21,44,44,12.849,249,1,36.139069,-120.368256,174.688004,5,600,58,3,"e00fce68d6b773b56ce8baa0",2026-07-28 09:40:02.786,2026-07-28 09:40:03.056,2026-07-28 09:40:03.056,2026-07-28
"587","6LMwV6spDZ","MOOSPMv3Parser",1785231600,2,2,2,3,3,2,2,3,3,2,899,150,6401,24,17,2,17,17,20,33,17,0,20,22,43,43,18.389,244,1,36.139061,-120.368317,221.841995,5,600,58,3,"e00fce68e77e43df92405fdb",2026-07-28 09:40:02.85,2026-07-28 09:40:03.097,2026-07-28 09:40:03.097,2026-07-28
"588","duWfVlCVvH","MOOSPMv3Parser",1785231600,2,2,3,3,3,3,3,3,3,3,552,138,3300,24,23,2,23,23,19,36,23,0,23,20,37,46,25.7,287,1,36.138939,-120.368362,173.473007,5,600,58,3,"e00fce6850cac69f647dc199",2026-07-28 09:40:02.853,2026-07-28 09:40:03.135,2026-07-28 09:40:03.135,2026-07-28
"589","zPDuWJ0KiY","MOOSPMv3Parser",1785231600,2,2,3,3,3,3,3,4,4,3,1107,172,4179,25,20,1,20,20,18,34,20,1,19,19,42,43,24.998,257,3277,36.503113,-120.325401,54.412998,6,600,58,3,"e00fce6858b443fd80f27170",2026-07-28 09:40:02.962,2026-07-28 09:40:03.167,2026-07-28 09:40:03.167,2026-07-28
"590","Q61H63jKIf","MOOSPMv3Parser",1785231600,7,7,5,9,9,5,5,9,9,5,1382,371,6111,46,35,3,35,35,18,66,35,0,17,19,71,64,3.588,191,1,36.523281,-119.278831,69.995003,6,600,58,3,"e00fce68f12da1a0c5de6248",2026-07-28 09:40:03.158,2026-07-28 09:40:03.304,2026-07-28 09:40:03.304,2026-07-28
"591","3vPXMrhY7k","MOOSPMv3Parser",1785231601,4,4,4,5,5,5,5,6,6,5,969,221,10985,39,34,3,35,35,20,51,35,0,21,21,49,51,20.167,189,1,36.76276,-119.798775,45.884998,8,599,58,3,"e00fce68e88237db75a60608",2026-07-28 09:40:03.248,2026-07-28 09:40:03.41,2026-07-28 09:40:03.41,2026-07-28
"592","4IzuLYWTRF","MOOSPMv3Parser",1785231600,6,6,4,9,9,5,5,9,9,5,1293,351,4776,56,34,4,34,34,19,50,34,0,19,21,58,53,5.267,219,1,35.949577,-119.050034,110.078003,6,599,58,3,"e00fce6808784ceaf209f949",2026-07-28 09:40:03.225,2026-07-28 09:40:03.43,2026-07-28 09:40:03.43,2026-07-28
"593","e4uqwffjEs","MOOSPMv3Parser",1785231600,2,2,2,3,3,3,3,4,4,3,532,152,7894,27,19,1,19,19,22,26,19,1,23,25,38,37,29.638,56,3277,7.3e-05,-0.004163,35398.101562,7,600,58,3,"e00fce68e28dcbc9a589be10",2026-07-28 09:40:03.78,2026-07-28 09:40:03.945,2026-07-28 09:40:03.945,2026-07-28
"594","BWCtYsWDz2","MOOSPMv3Parser",1785231600,1,1,3,3,3,3,3,3,3,3,435,133,8547,25,20,3,20,20,0,0,20,0,20,21,44,46,19.301,99,1,36.139015,-120.368423,158.498993,6,600,58,3,"e00fce6876826e255108c6bd",2026-07-28 09:40:03.878,2026-07-28 09:40:04.067,2026-07-28 09:40:04.067,2026-07-28
"595","08ZFGqHa98","MOOSPMv3Parser",1785231601,3,3,0,6,6,0,0,6,6,0,862,216,0,42,0,2,0,0,20,38,0,2,21,21,47,48,19.689,277,3,36.187492,-119.821976,18.704,7,600,58,3,"e00fce68e739ecbcf9e91965",2026-07-28 09:40:04.97,2026-07-28 09:40:05.107,2026-07-28 09:40:05.107,2026-07-28
"596","n1XfSgPPAg","MOOSPMv3Parser",1785232201,0,0,3,0,0,3,3,0,0,3,214,133,2048,21,21,3,21,21,20,38,21,1,20,21,45,44,12.402,250,1,36.138973,-120.368492,156.606003,5,600,58,3,"e00fce68d6b773b56ce8baa0",2026-07-28 09:50:02.605,2026-07-28 09:50:02.886,2026-07-28 09:50:02.886,2026-07-28
"597","DgKdG66J8L","MOOSPMv3Parser",1785232201,0,0,1,0,0,2,2,0,0,2,190,105,4539,16,11,1,11,11,20,39,11,0,20,22,45,41,23.424,215,1,36.138996,-120.36837,165.391006,6,600,58,3,"e00fce686dc2ef0a68fa40b0",2026-07-28 09:50:02.571,2026-07-28 09:50:02.974,2026-07-28 09:50:02.974,2026-07-28
"598","Xo1zLOaPLu","MOOSPMv3Parser",1785232200,2,2,2,3,3,2,2,3,3,2,941,151,6415,25,16,2,16,16,20,33,16,0,20,21,45,44,17.94,251,1,36.139061,-120.368317,221.841003,0,600,58,3,"e00fce68e77e43df92405fdb",2026-07-28 09:50:02.919,2026-07-28 09:50:03.089,2026-07-28 09:50:03.089,2026-07-28
"599","SuYfGyXLdc","MOOSPMv3Parser",1785232200,6,6,5,8,8,5,5,8,8,5,1358,358,6143,45,37,2,37,37,18,68,37,0,17,19,74,65,2.483,185,1,36.523331,-119.278831,81.195999,6,600,58,3,"e00fce68f12da1a0c5de6248",2026-07-28 09:50:03.153,2026-07-28 09:50:03.397,2026-07-28 09:50:03.397,2026-07-28
"600","1Msi138PRh","MOOSPMv3Parser",1785232200,2,2,3,3,3,3,3,3,3,3,543,136,3320,24,23,2,23,23,19,35,23,0,23,20,38,46,25.263,287,1,36.139057,-120.368385,189.354996,6,600,58,3,"e00fce6850cac69f647dc199",2026-07-28 09:50:03.17,2026-07-28 09:50:03.408,2026-07-28 09:50:03.408,2026-07-28
"601","LPu5VZVtCE","MOOSPMv3Parser",1785232201,4,4,4,6,6,5,5,6,6,5,993,227,11015,43,35,2,35,35,20,52,35,0,21,21,49,51,19.877,188,1,36.76273,-119.79879,55.941002,10,599,58,3,"e00fce68e88237db75a60608",2026-07-28 09:50:03.241,2026-07-28 09:50:03.493,2026-07-28 09:50:03.493,2026-07-28
"602","e8ccVWUDrv","MOOSPMv3Parser",1785232200,6,6,5,8,8,5,5,9,9,5,1289,346,4807,49,36,3,36,36,19,52,36,0,19,20,60,55,5.281,217,1,35.949627,-119.050011,112.771004,7,599,58,3,"e00fce6808784ceaf209f949",2026-07-28 09:50:03.231,2026-07-28 09:50:03.583,2026-07-28 09:50:03.583,2026-07-28
"603","R2lZtFctxn","MOOSPMv3Parser",1785232200,2,2,3,4,4,3,3,4,4,3,522,152,7911,29,20,2,20,20,22,27,20,1,23,24,39,37,26.926,108,3277,7.3e-05,-0.004163,35398.101562,7,600,58,3,"e00fce68e28dcbc9a589be10",2026-07-28 09:50:03.78,2026-07-28 09:50:03.943,2026-07-28 09:50:03.943,2026-07-28
"604","zfAb6J93GT","MOOSPMv3Parser",1785232200,1,1,2,3,3,3,3,3,3,3,447,132,8563,24,19,2,19,19,0,0,19,0,20,21,44,46,19.076,99,1,36.139,-120.36837,177.339005,5,600,58,3,"e00fce6876826e255108c6bd",2026-07-28 09:50:03.957,2026-07-28 09:50:04.151,2026-07-28 09:50:04.151,2026-07-28
"605","sUJIY52lti","MOOSPMv3Parser",1785232201,3,3,0,6,6,0,0,6,6,0,842,214,0,43,0,4,0,0,20,39,0,2,20,21,48,48,19.535,282,3,36.187481,-119.821945,43.219002,6,600,58,3,"e00fce68e739ecbcf9e91965",2026-07-28 09:50:04.973,2026-07-28 09:50:05.149,2026-07-28 09:50:05.149,2026-07-28
"606","xUJGgCSHGd","MOOSPMv3Parser",1785232200,2,2,2,3,3,2,2,3,3,2,897,147,4195,21,18,1,18,18,18,34,18,1,18,19,42,44,26.68,218,3277,36.503048,-120.325447,40.299,5,600,58,3,"e00fce6858b443fd80f27170",2026-07-28 09:50:05.359,2026-07-28 09:50:05.547,2026-07-28 09:50:05.547,2026-07-28
"607","TAwKMCizmY","MOOSPMv3Parser",1785232801,0,0,3,0,0,3,3,0,0,3,210,132,2066,24,20,3,21,21,20,39,21,1,20,21,46,45,13.104,241,1,36.139038,-120.368446,153.216003,5,600,58,3,"e00fce68d6b773b56ce8baa0",2026-07-28 10:00:02.69,2026-07-28 10:00:03.873,2026-07-28 10:00:03.873,2026-07-28
"608","HXVyvXGCh7","MOOSPMv3Parser",1785232800,2,2,2,3,3,2,3,3,3,3,768,139,4210,20,18,1,18,18,18,35,18,1,18,19,44,44,24.876,233,3277,36.503117,-120.325417,55.907001,5,600,58,3,"e00fce6858b443fd80f27170",2026-07-28 10:00:03.062,2026-07-28 10:00:04.065,2026-07-28 10:00:04.065,2026-07-28
"609","eDp4uUJxfJ","MOOSPMv3Parser",1785232800,2,2,2,3,3,2,2,3,3,2,970,152,6430,27,18,2,18,18,20,35,18,0,20,21,45,45,17.894,241,1,36.13887,-120.368355,157.720001,7,600,58,3,"e00fce68e77e43df92405fdb",2026-07-28 10:00:02.936,2026-07-28 10:00:04.372,2026-07-28 10:00:04.372,2026-07-28
"610","AsUgInFATE","MOOSPMv3Parser",1785232801,0,0,1,0,0,2,2,0,0,2,186,105,4549,17,12,1,12,12,20,39,12,0,20,22,46,42,23.475,202,1,36.139011,-120.368393,170.557999,6,600,58,3,"e00fce686dc2ef0a68fa40b0",2026-07-28 10:00:02.844,2026-07-28 10:00:04.464,2026-07-28 10:00:04.464,2026-07-28
"611","GFQ5il4SAf","MOOSPMv3Parser",1785232800,6,6,4,8,8,5,5,9,9,5,1396,370,6174,46,35,2,35,35,17,68,35,0,17,19,73,64,1.31,201,1,36.523319,-119.278809,77.945,4,600,58,3,"e00fce68f12da1a0c5de6248",2026-07-28 10:00:03.162,2026-07-28 10:00:04.772,2026-07-28 10:00:04.772,2026-07-28
"612","y5HYnRzSjJ","MOOSPMv3Parser",1785232800,6,6,4,9,9,5,5,9,9,5,1262,344,4830,55,35,4,35,35,18,53,35,0,18,20,60,55,5.385,209,1,35.949627,-119.050011,112.769997,0,600,58,3,"e00fce6808784ceaf209f949",2026-07-28 10:00:03.325,2026-07-28 10:00:05.044,2026-07-28 10:00:05.044,2026-07-28
"613","UqNZROKDSD","MOOSPMv3Parser",1785232800,2,2,3,3,3,3,3,4,4,3,564,142,3340,26,23,2,23,23,19,37,23,0,23,20,39,47,25.908,268,1,36.138847,-120.368492,130.733994,7,600,58,3,"e00fce6850cac69f647dc199",2026-07-28 10:00:03.577,2026-07-28 10:00:05.171,2026-07-28 10:00:05.171,2026-07-28
"614","Z6WPy66tiE","MOOSPMv3Parser",1785232801,4,4,4,6,6,5,5,6,6,5,1001,232,11045,40,35,3,35,35,20,52,35,0,21,21,49,52,19.543,193,1,36.762699,-119.798782,50.800999,9,599,58,3,"e00fce68e88237db75a60608",2026-07-28 10:00:03.127,2026-07-28 10:00:05.585,2026-07-28 10:00:05.585,2026-07-28
"615","k31LeVqXHQ","MOOSPMv3Parser",1785232800,2,2,3,3,3,3,3,4,4,3,538,154,7929,30,21,2,21,21,22,27,21,1,22,24,39,37,25.165,191,3277,7.3e-05,-0.004163,35398.101562,7,600,58,3,"e00fce68e28dcbc9a589be10",2026-07-28 10:00:03.697,2026-07-28 10:00:05.828,2026-07-28 10:00:05.828,2026-07-28
"616","3jNPSwMwPa","MOOSPMv3Parser",1785232800,1,1,2,3,3,3,3,3,3,3,429,130,8580,24,20,1,20,20,0,0,20,0,20,21,46,48,19.393,99,1,36.138992,-120.368385,165.311996,6,600,58,3,"e00fce6876826e255108c6bd",2026-07-28 10:00:03.976,2026-07-28 10:00:06.021,2026-07-28 10:00:06.021,2026-07-28
"617","8SZbPVBCzS","MOOSPMv3Parser",1785232801,3,3,0,6,6,0,0,6,6,0,857,216,0,44,0,3,0,0,19,40,0,2,20,20,49,49,19.045,283,3,36.187511,-119.822174,14.317,6,600,58,3,"e00fce68e739ecbcf9e91965",2026-07-28 10:00:04.889,2026-07-28 10:00:06.377,2026-07-28 10:00:06.377,2026-07-28
"618","yvgtWoQUHP","MOOSPMv3Parser",1785233400,2,2,3,3,3,3,3,3,3,3,560,140,3360,27,23,2,23,23,19,37,23,0,23,20,38,47,24,299,1,36.139015,-120.368408,161.548996,6,600,58,3,"e00fce6850cac69f647dc199",2026-07-28 10:10:02.76,2026-07-28 10:10:03.09,2026-07-28 10:10:03.09,2026-07-28
"619","PUtmPiuSwq","MOOSPMv3Parser",1785233400,2,2,2,3,3,2,2,3,3,2,1031,157,6444,26,16,2,16,16,20,34,16,0,20,21,44,45,15.018,281,1,36.139023,-120.368576,128.113998,8,600,58,3,"e00fce68e77e43df92405fdb",2026-07-28 10:10:02.953,2026-07-28 10:10:03.152,2026-07-28 10:10:03.152,2026-07-28
"620","6vuvWe1HgB","MOOSPMv3Parser",1785233400,6,6,4,9,9,5,5,9,9,5,1278,344,4868,54,34,3,34,34,18,55,34,0,18,20,60,56,6.317,203,1,35.949524,-119.049934,117.724998,6,599,58,3,"e00fce6808784ceaf209f949",2026-07-28 10:10:03.167,2026-07-28 10:10:03.373,2026-07-28 10:10:03.373,2026-07-28
"621","qNWfhUUGgj","MOOSPMv3Parser",1785233400,7,7,5,9,9,5,5,10,10,5,1503,403,6208,49,38,3,39,39,17,69,39,0,17,19,74,67,2.8,191,1,36.523354,-119.278824,76.122002,6,600,58,3,"e00fce68f12da1a0c5de6248",2026-07-28 10:10:03.136,2026-07-28 10:10:03.421,2026-07-28 10:10:03.421,2026-07-28
"622","joaC375cV1","MOOSPMv3Parser",1785233400,2,2,2,3,3,3,3,3,3,3,899,155,4227,23,19,1,20,20,18,36,20,0,18,18,45,46,24.389,238,3277,36.503109,-120.325417,48.460999,7,600,58,3,"e00fce6858b443fd80f27170",2026-07-28 10:10:03.155,2026-07-28 10:10:03.453,2026-07-28 10:10:03.453,2026-07-28
"623","WqG4ZN09x8","MOOSPMv3Parser",1785233401,0,0,1,0,0,2,2,0,0,2,194,110,4559,17,11,2,11,11,20,39,11,0,20,22,44,42,21.264,238,1,36.139011,-120.368393,170.559998,0,600,58,3,"e00fce686dc2ef0a68fa40b0",2026-07-28 10:10:03.223,2026-07-28 10:10:03.468,2026-07-28 10:10:03.468,2026-07-28
"624","tJ62oM0VcI","MOOSPMv3Parser",1785233401,0,0,3,0,0,3,3,0,0,3,214,133,2083,22,21,3,21,21,19,39,21,1,20,21,45,45,11.699,259,1,36.13892,-120.368576,131.320999,4,600,58,3,"e00fce68d6b773b56ce8baa0",2026-07-28 10:10:03.253,2026-07-28 10:10:03.471,2026-07-28 10:10:03.471,2026-07-28
"625","vFZ5Xsslim","MOOSPMv3Parser",1785233401,4,4,4,6,6,4,4,6,6,4,991,229,11056,42,33,4,33,33,19,53,33,0,21,21,50,52,19.245,196,1,36.762699,-119.798782,50.799999,0,600,58,3,"e00fce68e88237db75a60608",2026-07-28 10:10:03.192,2026-07-28 10:10:03.487,2026-07-28 10:10:03.487,2026-07-28
"626","mfjsXdMMFA","MOOSPMv3Parser",1785233400,2,2,3,3,3,3,3,3,3,3,520,148,7947,26,20,1,20,20,22,27,20,1,21,24,40,38,23.739,191,3277,7.3e-05,-0.004163,35398.101562,7,600,58,3,"e00fce68e28dcbc9a589be10",2026-07-28 10:10:03.781,2026-07-28 10:10:03.998,2026-07-28 10:10:03.998,2026-07-28
"627","F1WNXbzDlv","MOOSPMv3Parser",1785233401,3,3,0,6,6,0,0,7,7,0,841,211,0,47,0,4,0,0,19,40,0,2,20,20,49,50,18.68,288,3,36.187305,-119.821877,37.449001,6,600,58,3,"e00fce68e739ecbcf9e91965",2026-07-28 10:10:05.122,2026-07-28 10:10:05.287,2026-07-28 10:10:05.287,2026-07-28
"628","wcYKX5Yye5","MOOSPMv3Parser",1785233400,1,1,3,3,3,3,3,3,3,3,454,138,8597,25,20,3,20,20,0,0,20,0,20,20,45,47,18.307,99,1,36.138973,-120.368446,171.054993,5,600,58,3,"e00fce6876826e255108c6bd",2026-07-28 10:10:07.78,2026-07-28 10:10:07.944,2026-07-28 10:10:07.944,2026-07-28
"629","GcPJJknEtT","MOOSPMv3Parser",1785234001,0,0,1,0,0,2,2,0,0,2,187,103,4568,15,12,1,12,12,20,40,12,0,20,22,46,42,21.987,223,1,36.13895,-120.368378,176.341003,6,600,58,3,"e00fce686dc2ef0a68fa40b0",2026-07-28 10:20:02.334,2026-07-28 10:20:02.559,2026-07-28 10:20:02.559,2026-07-28
"630","qxlW7bxhNe","MOOSPMv3Parser",1785234000,2,2,3,3,3,3,3,3,3,3,531,133,3380,24,23,2,23,23,18,37,23,0,23,20,39,47,23.565,301,1,36.138992,-120.368332,183.110001,6,600,58,3,"e00fce6850cac69f647dc199",2026-07-28 10:20:02.909,2026-07-28 10:20:03.097,2026-07-28 10:20:03.097,2026-07-28
"631","qGRHiMA6KP","MOOSPMv3Parser",1785234000,2,2,2,3,3,2,2,3,3,2,1068,152,6460,24,18,2,18,18,20,35,18,0,20,21,46,46,15.959,261,1,36.138981,-120.368355,142.460007,7,600,58,3,"e00fce68e77e43df92405fdb",2026-07-28 10:20:02.921,2026-07-28 10:20:03.182,2026-07-28 10:20:03.182,2026-07-28
"632","SRbN81Kmb0","MOOSPMv3Parser",1785234000,2,2,3,3,3,3,3,4,4,3,984,163,4244,24,20,2,20,20,18,36,20,0,18,18,44,45,24.298,236,3277,36.503117,-120.325394,66.578003,8,600,58,3,"e00fce6858b443fd80f27170",2026-07-28 10:20:02.986,2026-07-28 10:20:03.205,2026-07-28 10:20:03.205,2026-07-28
"633","xB6RnYmtbj","MOOSPMv3Parser",1785234000,7,7,5,10,10,5,5,10,10,5,1559,420,6243,52,40,3,40,40,17,70,40,0,17,18,76,68,2.251,167,1,36.52338,-119.27887,77.678001,5,600,58,3,"e00fce68f12da1a0c5de6248",2026-07-28 10:20:03.133,2026-07-28 10:20:03.315,2026-07-28 10:20:03.315,2026-07-28
"634","Nm3qxmRcEh","MOOSPMv3Parser",1785234001,3,3,4,5,5,5,5,6,6,5,950,220,11105,39,35,3,35,35,19,54,35,0,21,21,51,53,18.724,201,1,36.762703,-119.79879,51.763,7,599,58,3,"e00fce68e88237db75a60608",2026-07-28 10:20:03.06,2026-07-28 10:20:03.331,2026-07-28 10:20:03.331,2026-07-28
"635","px1BEUuLJ2","MOOSPMv3Parser",1785234001,0,0,3,0,0,3,3,0,0,3,215,135,2100,24,20,3,20,20,19,39,20,0,20,21,46,45,11.451,259,1,36.139046,-120.368538,158.694,5,600,58,3,"e00fce68d6b773b56ce8baa0",2026-07-28 10:20:02.928,2026-07-28 10:20:03.389,2026-07-28 10:20:03.389,2026-07-28
"636","yWpB2IYAHG","MOOSPMv3Parser",1785234000,6,6,4,9,9,5,5,9,9,5,1274,343,4897,54,34,4,34,34,18,58,34,0,18,19,62,58,7.489,193,1,35.949558,-119.049911,121.059998,6,599,58,3,"e00fce6808784ceaf209f949",2026-07-28 10:20:03.24,2026-07-28 10:20:03.408,2026-07-28 10:20:03.408,2026-07-28
"637","Km9HLoRg4u","MOOSPMv3Parser",1785234000,2,2,3,3,3,3,3,4,4,3,525,150,7965,28,21,2,21,21,21,29,21,1,21,23,43,40,22.321,237,3277,7.3e-05,-0.004163,35398.101562,7,600,58,3,"e00fce68e28dcbc9a589be10",2026-07-28 10:20:03.78,2026-07-28 10:20:03.941,2026-07-28 10:20:03.941,2026-07-28
"638","QSj9qdTbS0","MOOSPMv3Parser",1785234000,1,1,3,3,3,3,3,4,4,3,460,139,8616,27,21,3,21,21,0,0,21,0,20,20,46,47,18.038,100,1,36.138973,-120.368446,171.054001,0,600,58,3,"e00fce6876826e255108c6bd",2026-07-28 10:20:04.024,2026-07-28 10:20:04.168,2026-07-28 10:20:04.168,2026-07-28
"639","VN6vajmc5s","MOOSPMv3Parser",1785234001,3,3,0,6,6,0,0,6,6,0,879,215,0,47,0,3,0,0,19,41,0,2,20,20,49,50,18.81,288,2,36.187317,-119.821861,41.237999,5,600,58,3,"e00fce68e739ecbcf9e91965",2026-07-28 10:20:04.889,2026-07-28 10:20:05.042,2026-07-28 10:20:05.042,2026-07-28
"640","FPsY7FIgZe","MOOSPMv3Parser",1785234601,0,0,2,0,0,2,2,0,0,2,194,110,4578,18,12,2,12,12,20,40,12,0,20,21,46,42,22.622,233,1,36.138988,-120.368454,160.292007,6,600,58,3,"e00fce686dc2ef0a68fa40b0",2026-07-28 10:30:02.57,2026-07-28 10:30:03.027,2026-07-28 10:30:03.027,2026-07-28
"641","qwXPhr08di","MOOSPMv3Parser",1785234600,2,2,2,3,3,2,2,3,3,2,1037,149,6475,22,17,1,18,18,19,35,18,0,20,21,46,45,15.409,263,1,36.138912,-120.368431,171.957001,6,600,58,3,"e00fce68e77e43df92405fdb",2026-07-28 10:30:02.841,2026-07-28 10:30:03.255,2026-07-28 10:30:03.255,2026-07-28
"642","D5QnRDc8Pv","MOOSPMv3Parser",1785234600,2,2,2,3,3,3,3,3,3,3,629,143,4261,20,19,1,19,19,17,37,19,1,17,18,45,46,23.057,261,3277,36.503136,-120.325363,51.939999,5,600,58,3,"e00fce6858b443fd80f27170",2026-07-28 10:30:02.933,2026-07-28 10:30:03.462,2026-07-28 10:30:03.462,2026-07-28
"643","FEYU6XBcER","MOOSPMv3Parser",1785234600,7,7,5,9,9,5,5,10,10,5,1518,408,6278,52,41,2,41,41,17,70,41,0,17,18,73,67,2.652,194,1,36.523331,-119.278885,58.310001,5,600,58,3,"e00fce68f12da1a0c5de6248",2026-07-28 10:30:03.145,2026-07-28 10:30:03.629,2026-07-28 10:30:03.629,2026-07-28
"644","AERFpt1YDP","MOOSPMv3Parser",1785234601,0,0,3,0,0,3,3,0,0,3,216,135,2117,21,20,2,20,20,19,39,20,1,20,20,46,45,10.89,263,1,36.139008,-120.368408,173.104996,6,600,58,3,"e00fce68d6b773b56ce8baa0",2026-07-28 10:30:03.173,2026-07-28 10:30:03.677,2026-07-28 10:30:03.677,2026-07-28
"645","doKbmX6fXg","MOOSPMv3Parser",1785234600,6,6,5,9,9,5,5,9,9,5,1294,351,4929,54,37,4,37,37,18,58,37,0,18,19,61,58,7.974,188,1,35.949566,-119.049911,121.242996,6,599,58,3,"e00fce6808784ceaf209f949",2026-07-28 10:30:03.241,2026-07-28 10:30:03.731,2026-07-28 10:30:03.731,2026-07-28
"646","YVsyLN8Vz5","MOOSPMv3Parser",1785234600,2,2,3,3,3,3,3,3,3,3,539,132,3399,25,22,1,22,22,18,38,22,0,23,20,39,48,22.582,307,1,36.139008,-120.368454,168.738998,5,600,58,3,"e00fce6850cac69f647dc199",2026-07-28 10:30:03.082,2026-07-28 10:30:03.821,2026-07-28 10:30:03.821,2026-07-28
"647","9QPwuwZ6xZ","MOOSPMv3Parser",1785234601,4,4,4,6,6,5,5,6,6,5,1009,234,11135,43,35,3,35,35,19,55,35,0,21,20,51,54,18.786,205,1,36.762703,-119.798805,55.224998,10,599,58,3,"e00fce68e88237db75a60608",2026-07-28 10:30:03.134,2026-07-28 10:30:03.861,2026-07-28 10:30:03.861,2026-07-28
"648","jck5wkOfgk","MOOSPMv3Parser",1785234600,2,2,3,3,3,3,3,4,4,3,458,142,8633,27,20,3,20,20,0,0,20,0,20,20,46,47,17.208,151,1,36.139019,-120.368324,186.244995,5,600,58,3,"e00fce6876826e255108c6bd",2026-07-28 10:30:03.945,2026-07-28 10:30:04.181,2026-07-28 10:30:04.181,2026-07-28
"649","FnFcPyLzyv","MOOSPMv3Parser",1785234600,2,2,3,4,4,3,3,4,4,3,541,153,7983,27,21,2,21,21,21,30,21,1,21,23,44,41,20.521,268,3277,7.3e-05,-0.004163,35398.101562,7,600,58,3,"e00fce68e28dcbc9a589be10",2026-07-28 10:30:03.917,2026-07-28 10:30:04.259,2026-07-28 10:30:04.259,2026-07-28
"650","Rs6v5xKBtO","MOOSPMv3Parser",1785234601,3,3,0,5,5,0,0,6,6,0,839,201,0,41,0,3,0,0,19,41,0,2,20,20,49,50,18.005,288,2,36.187317,-119.821861,41.238998,0,600,58,3,"e00fce68e739ecbcf9e91965",2026-07-28 10:30:05.115,2026-07-28 10:30:05.317,2026-07-28 10:30:05.317,2026-07-28
"651","ePhBKmtTfp","MOOSPMv3Parser",1785235200,2,2,2,3,3,2,2,3,3,2,572,140,4276,19,17,1,18,18,17,36,18,0,17,18,44,45,22.675,261,3277,36.503162,-120.325378,55.317001,6,600,58,3,"e00fce6858b443fd80f27170",2026-07-28 10:40:02.819,2026-07-28 10:40:03.106,2026-07-28 10:40:03.106,2026-07-28
"652","AzGDmGiSWb","MOOSPMv3Parser",1785235201,0,0,3,0,0,3,3,0,0,3,207,130,2136,23,22,3,22,22,19,40,22,1,19,20,49,48,10.516,262,1,36.13895,-120.368401,181.550995,6,600,58,3,"e00fce68d6b773b56ce8baa0",2026-07-28 10:40:02.928,2026-07-28 10:40:03.129,2026-07-28 10:40:03.129,2026-07-28
"653","DpYRv1J8GC","MOOSPMv3Parser",1785235200,2,2,2,3,3,2,2,4,4,2,1136,160,6491,25,18,2,18,18,19,37,18,0,19,21,49,48,14.301,260,1,36.138954,-120.3685,140.757996,7,600,58,3,"e00fce68e77e43df92405fdb",2026-07-28 10:40:02.914,2026-07-28 10:40:03.167,2026-07-28 10:40:03.167,2026-07-28
"654","TSD6f7QWJf","MOOSPMv3Parser",1785235201,0,0,2,0,0,2,2,0,0,2,190,108,4588,17,12,2,12,12,20,41,12,0,19,21,49,44,20.134,232,1,36.139,-120.368416,180.552002,6,600,58,3,"e00fce686dc2ef0a68fa40b0",2026-07-28 10:40:02.992,2026-07-28 10:40:03.245,2026-07-28 10:40:03.245,2026-07-28
"655","BPbN6g3d0I","MOOSPMv3Parser",1785235201,4,4,4,6,6,5,5,6,6,5,991,227,11166,45,35,4,35,35,19,55,35,0,21,20,51,54,18.192,207,1,36.762672,-119.798767,66.464996,11,599,58,3,"e00fce68e88237db75a60608",2026-07-28 10:40:03.128,2026-07-28 10:40:03.398,2026-07-28 10:40:03.398,2026-07-28
"656","Nr7xFtHn4s","MOOSPMv3Parser",1785235200,8,8,5,10,10,6,6,10,10,6,1578,431,6314,53,41,2,41,41,17,70,41,0,17,18,76,68,2.787,197,1,36.523331,-119.278816,75.936996,7,600,58,3,"e00fce68f12da1a0c5de6248",2026-07-28 10:40:03.156,2026-07-28 10:40:03.432,2026-07-28 10:40:03.432,2026-07-28
"657","GIWO9JIZNe","MOOSPMv3Parser",1785235200,6,6,4,9,9,5,5,9,9,5,1277,349,4960,55,35,4,35,35,18,58,35,0,18,19,61,58,9.361,177,1,35.949589,-119.049927,121.410004,6,599,58,3,"e00fce6808784ceaf209f949",2026-07-28 10:40:03.161,2026-07-28 10:40:03.441,2026-07-28 10:40:03.441,2026-07-28
"658","fKLAdv4PcC","MOOSPMv3Parser",1785235200,2,2,3,3,3,3,3,4,4,3,548,139,3419,24,23,2,23,23,18,40,23,0,22,19,41,50,21.909,305,1,36.138996,-120.368469,157.110992,5,600,58,3,"e00fce6850cac69f647dc199",2026-07-28 10:40:03.7,2026-07-28 10:40:03.949,2026-07-28 10:40:03.949,2026-07-28
"659","EQwvVABXKw","MOOSPMv3Parser",1785235200,2,2,3,4,4,3,3,4,4,3,597,169,8003,31,23,2,23,23,20,31,23,1,20,22,45,42,19.731,284,3277,7.3e-05,-0.004163,35398.101562,7,600,58,3,"e00fce68e28dcbc9a589be10",2026-07-28 10:40:03.752,2026-07-28 10:40:03.981,2026-07-28 10:40:03.981,2026-07-28
"660","GjLmzzFKoH","MOOSPMv3Parser",1785235200,2,2,3,3,3,3,3,4,4,3,459,141,8651,28,21,3,21,21,0,0,21,0,19,20,49,50,17.143,160,1,36.138996,-120.368462,166.270004,6,600,58,3,"e00fce6876826e255108c6bd",2026-07-28 10:40:03.949,2026-07-28 10:40:04.123,2026-07-28 10:40:04.123,2026-07-28
"661","wa8HuCeLGE","MOOSPMv3Parser",1785235201,3,3,0,5,5,0,0,6,6,0,839,203,0,41,0,4,0,0,19,41,0,2,19,20,50,50,15.901,305,2,36.187462,-119.821999,37.507,6,600,58,3,"e00fce68e739ecbcf9e91965",2026-07-28 10:40:05.06,2026-07-28 10:40:05.238,2026-07-28 10:40:05.238,2026-07-28
"662","BlXmFmQPXO","MOOSPMv3Parser",1785235800,2,2,3,3,3,3,3,4,4,3,584,146,3439,29,23,2,23,23,18,40,23,0,22,19,40,49,18.996,334,1,36.138943,-120.368385,181.621002,6,600,58,3,"e00fce6850cac69f647dc199",2026-07-28 10:50:02.624,2026-07-28 10:50:02.996,2026-07-28 10:50:02.996,2026-07-28
"663","Eq83gAl22P","MOOSPMv3Parser",1785235800,1,1,2,2,2,2,2,2,2,2,478,121,4289,15,16,0,16,16,17,36,16,1,17,18,44,45,23.786,233,3277,36.503162,-120.325378,55.316002,0,600,58,3,"e00fce6858b443fd80f27170",2026-07-28 10:50:02.782,2026-07-28 10:50:03.082,2026-07-28 10:50:03.082,2026-07-28
"664","oUJmAWsFxr","MOOSPMv3Parser",1785235800,2,2,2,3,3,2,2,3,3,2,867,149,6506,24,18,2,18,18,19,38,18,0,19,20,49,48,10.415,294,1,36.138912,-120.368111,229.871002,6,600,58,3,"e00fce68e77e43df92405fdb",2026-07-28 10:50:02.851,2026-07-28 10:50:03.093,2026-07-28 10:50:03.093,2026-07-28
"665","LQeu6tijZB","MOOSPMv3Parser",1785235800,8,8,5,10,10,6,6,11,11,6,1686,455,6351,52,42,2,42,42,17,71,42,0,17,18,74,68,1.488,198,1,36.5233,-119.278877,95.723999,6,600,58,3,"e00fce68f12da1a0c5de6248",2026-07-28 10:50:03.098,2026-07-28 10:50:03.273,2026-07-28 10:50:03.273,2026-07-28
"666","UnismwyTvw","MOOSPMv3Parser",1785235801,0,0,3,0,0,3,3,0,0,3,213,132,2153,24,21,3,21,21,19,40,21,1,19,20,48,47,8.086,279,1,36.138966,-120.368004,197.171997,5,600,58,3,"e00fce68d6b773b56ce8baa0",2026-07-28 10:50:03.096,2026-07-28 10:50:03.354,2026-07-28 10:50:03.354,2026-07-28
"667","SpAumZ4gAk","MOOSPMv3Parser",1785235801,4,4,4,6,6,5,5,6,6,5,979,226,11195,41,34,2,34,34,19,56,34,0,21,20,51,54,17.888,207,1,36.762722,-119.798805,45.019001,10,599,58,3,"e00fce68e88237db75a60608",2026-07-28 10:50:03.144,2026-07-28 10:50:03.389,2026-07-28 10:50:03.389,2026-07-28
"668","XOiWVUgx5P","MOOSPMv3Parser",1785235800,6,6,4,8,8,5,5,9,9,5,1217,334,4990,54,34,4,35,35,18,56,35,0,18,19,59,57,10.388,172,1,35.949593,-119.04998,119.148003,6,599,58,3,"e00fce6808784ceaf209f949",2026-07-28 10:50:03.228,2026-07-28 10:50:03.417,2026-07-28 10:50:03.417,2026-07-28
"669","inRgbnN0Wj","MOOSPMv3Parser",1785235800,3,3,3,4,4,3,3,5,5,3,616,176,8023,32,24,3,24,24,20,32,24,1,20,22,45,42,14.609,350,3277,7.3e-05,-0.004163,35398.101562,7,600,58,3,"e00fce68e28dcbc9a589be10",2026-07-28 10:50:03.783,2026-07-28 10:50:03.956,2026-07-28 10:50:03.956,2026-07-28
"670","rJTnhQc2ZC","MOOSPMv3Parser",1785235801,3,3,0,5,5,0,0,6,6,0,821,198,0,40,0,4,0,0,18,41,0,2,19,20,51,50,10.3,330,2,36.187462,-119.821945,42.602001,6,600,58,3,"e00fce68e739ecbcf9e91965",2026-07-28 10:50:04.882,2026-07-28 10:50:05.06,2026-07-28 10:50:05.06,2026-07-28
"671","gqESTm9Mim","MOOSPMv3Parser",1785235801,0,0,2,0,0,2,2,0,0,2,191,108,4599,17,13,2,13,13,19,41,13,0,19,21,48,44,16.927,264,1,36.138992,-120.368347,186.835007,5,600,58,3,"e00fce686dc2ef0a68fa40b0",2026-07-28 10:50:05.097,2026-07-28 10:50:05.259,2026-07-28 10:50:05.259,2026-07-28
"672","8cr0Y66fUi","MOOSPMv3Parser",1785235800,1,1,3,3,3,3,3,3,3,3,439,136,8670,27,22,2,22,22,0,0,22,0,19,20,48,49,14.934,500,1,36.138863,-120.368271,200.244003,5,600,58,3,"e00fce6876826e255108c6bd",2026-07-28 10:50:05.289,2026-07-28 10:50:05.493,2026-07-28 10:50:05.493,2026-07-28
"673","oRrNbRDch8","MOOSPMv3Parser",1785236401,0,0,2,0,0,2,2,0,0,2,189,106,4610,17,13,2,14,14,19,42,14,0,19,21,49,45,19.855,247,1,36.138851,-120.368263,191.615005,5,600,58,3,"e00fce686dc2ef0a68fa40b0",2026-07-28 11:00:02.189,2026-07-28 11:00:02.631,2026-07-28 11:00:02.631,2026-07-28
"674","BaDylgRmxl","MOOSPMv3Parser",1785236401,0,0,3,0,0,3,3,0,0,3,213,139,2173,25,23,3,23,24,19,41,24,1,19,20,49,48,9.766,269,1,36.139194,-120.368118,232.940002,5,600,58,3,"e00fce68d6b773b56ce8baa0",2026-07-28 11:00:02.775,2026-07-28 11:00:03.9,2026-07-28 11:00:03.9,2026-07-28
"675","uJU2ziJ2lB","MOOSPMv3Parser",1785236400,1,1,2,2,2,2,2,2,2,2,467,115,4303,19,16,1,16,16,17,37,16,1,17,17,45,46,22.302,244,3277,36.503193,-120.325455,59.124001,7,600,58,3,"e00fce6858b443fd80f27170",2026-07-28 11:00:02.887,2026-07-28 11:00:03.951,2026-07-28 11:00:03.951,2026-07-28
"676","tHOUFCE2Ff","MOOSPMv3Parser",1785236400,2,2,3,3,3,3,3,3,3,3,569,142,3460,26,24,2,25,25,18,41,25,0,22,19,41,50,21.032,314,1,36.138943,-120.368385,181.623993,0,600,58,3,"e00fce6850cac69f647dc199",2026-07-28 11:00:02.851,2026-07-28 11:00:03.984,2026-07-28 11:00:03.984,2026-07-28
"677","BGjKsXKsRf","MOOSPMv3Parser",1785236400,5,5,4,8,8,4,4,8,8,4,1180,323,5018,54,33,3,33,33,18,54,33,0,18,19,58,55,11.532,164,1,35.949589,-119.049927,125.440002,6,599,58,3,"e00fce6808784ceaf209f949",2026-07-28 11:00:03.161,2026-07-28 11:00:04.051,2026-07-28 11:00:04.051,2026-07-28
"678","dt7Lh5CIWa","MOOSPMv3Parser",1785236400,2,2,2,3,3,3,3,4,4,3,912,162,6523,27,19,3,19,19,19,38,19,0,19,20,49,48,12.055,278,1,36.139004,-120.368294,188.044006,7,600,58,3,"e00fce68e77e43df92405fdb",2026-07-28 11:00:02.918,2026-07-28 11:00:04.082,2026-07-28 11:00:04.082,2026-07-28
"679","LriOQRYoSI","MOOSPMv3Parser",1785236400,3,3,3,5,5,4,4,5,5,4,623,180,8045,38,26,3,26,26,20,32,26,1,20,22,46,43,12.513,371,3277,7.3e-05,-0.004163,35398.101562,7,600,58,3,"e00fce68e28dcbc9a589be10",2026-07-28 11:00:03.775,2026-07-28 11:00:04.593,2026-07-28 11:00:04.593,2026-07-28
"680","QVqdcTUR6i","MOOSPMv3Parser",1785236401,4,4,4,6,6,5,5,6,6,5,988,228,11226,43,35,3,35,35,19,56,35,0,21,20,51,54,17.657,207,1,36.762691,-119.798744,53.036999,7,599,58,3,"e00fce68e88237db75a60608",2026-07-28 11:00:03.133,2026-07-28 11:00:04.616,2026-07-28 11:00:04.616,2026-07-28
"681","H4IJtivTsX","MOOSPMv3Parser",1785236400,8,8,6,11,11,6,6,11,11,6,1690,461,6389,54,43,2,43,43,17,74,43,0,17,18,78,71,1.169,194,1,36.523254,-119.279068,103.484001,6,600,58,3,"e00fce68f12da1a0c5de6248",2026-07-28 11:00:03.159,2026-07-28 11:00:04.691,2026-07-28 11:00:04.691,2026-07-28
"682","VXfH4iOeoA","MOOSPMv3Parser",1785236400,2,2,3,3,3,3,3,3,3,3,464,142,8690,26,23,2,23,23,0,0,23,0,19,20,48,50,16.429,179,1,36.138912,-120.368393,164.848007,6,600,58,3,"e00fce6876826e255108c6bd",2026-07-28 11:00:04.025,2026-07-28 11:00:04.818,2026-07-28 11:00:04.818,2026-07-28
"683","QQlnhhwXtA","MOOSPMv3Parser",1785236401,3,3,0,5,5,0,0,6,6,0,804,197,0,40,0,3,0,0,18,42,0,2,18,19,52,51,1.992,357,1,36.187557,-119.822037,37.443001,5,600,58,3,"e00fce68e739ecbcf9e91965",2026-07-28 11:00:04.81,2026-07-28 11:00:05.51,2026-07-28 11:00:05.51,2026-07-28
"684","EQvW3VKpJm","MOOSPMv3Parser",1785237001,0,0,2,0,0,2,2,0,0,2,195,111,4621,19,13,2,13,13,19,42,13,0,19,21,49,46,17.482,261,1,36.139099,-120.368332,187.332993,5,600,58,3,"e00fce686dc2ef0a68fa40b0",2026-07-28 11:10:02.671,2026-07-28 11:10:02.864,2026-07-28 11:10:02.864,2026-07-28
"685","70VCMp8NBU","MOOSPMv3Parser",1785237000,2,2,3,3,3,3,3,4,4,3,892,159,6540,25,20,2,20,20,19,40,20,0,19,20,50,50,11.471,285,1,36.139065,-120.368393,184.393997,6,600,58,3,"e00fce68e77e43df92405fdb",2026-07-28 11:10:02.927,2026-07-28 11:10:03.093,2026-07-28 11:10:03.093,2026-07-28
"686","yxt1ulePBp","MOOSPMv3Parser",1785237001,4,4,4,5,5,5,5,6,6,5,970,219,11256,39,35,2,35,35,19,56,35,0,21,20,51,54,18.062,197,1,36.762707,-119.798782,58.424999,7,599,58,3,"e00fce68e88237db75a60608",2026-07-28 11:10:03.05,2026-07-28 11:10:03.28,2026-07-28 11:10:03.28,2026-07-28
"687","0RgVEocHfe","MOOSPMv3Parser",1785237000,8,8,6,11,11,6,6,12,12,6,1697,462,6428,61,45,3,45,45,17,73,45,0,17,18,77,69,1.397,186,1,36.523308,-119.278862,100.781998,7,600,58,3,"e00fce68f12da1a0c5de6248",2026-07-28 11:10:03.157,2026-07-28 11:10:03.374,2026-07-28 11:10:03.374,2026-07-28
"688","6DsbgniM23","MOOSPMv3Parser",1785237000,2,2,3,3,3,3,3,4,4,3,577,145,3482,27,25,2,25,25,18,41,25,0,22,19,42,51,19.691,315,1,36.139034,-120.368439,176.214996,7,600,58,3,"e00fce6850cac69f647dc199",2026-07-28 11:10:03.231,2026-07-28 11:10:03.42,2026-07-28 11:10:03.42,2026-07-28
"689","hRYGA4bK9v","MOOSPMv3Parser",1785237000,6,6,4,8,8,4,4,8,8,4,1197,325,5046,53,32,3,32,32,17,54,32,0,18,19,58,56,11.111,164,1,35.949615,-119.049896,130.888,7,599,58,3,"e00fce6808784ceaf209f949",2026-07-28 11:10:03.311,2026-07-28 11:10:03.486,2026-07-28 11:10:03.486,2026-07-28
"690","dYlBLBCJRr","MOOSPMv3Parser",1785237001,0,0,3,0,0,3,3,1,1,3,221,142,2193,26,23,3,23,23,19,41,23,1,19,20,50,48,8.82,271,1,36.139038,-120.368347,161.085999,5,600,58,3,"e00fce68d6b773b56ce8baa0",2026-07-28 11:10:03.461,2026-07-28 11:10:03.722,2026-07-28 11:10:03.722,2026-07-28
"691","KTq5PyN1gy","MOOSPMv3Parser",1785237000,3,3,3,4,4,4,4,5,5,4,619,178,8067,34,26,3,26,26,20,33,26,1,20,21,45,43,14.606,351,3277,7.3e-05,-0.004163,35398.101562,7,600,58,3,"e00fce68e28dcbc9a589be10",2026-07-28 11:10:03.782,2026-07-28 11:10:03.989,2026-07-28 11:10:03.989,2026-07-28
"692","okt1cHRqFG","MOOSPMv3Parser",1785237000,2,2,3,3,3,3,3,4,4,3,457,142,8710,29,23,3,23,23,0,0,23,0,19,19,49,51,15.445,347,1,36.138874,-120.368141,192.973999,6,600,58,3,"e00fce6876826e255108c6bd",2026-07-28 11:10:04.134,2026-07-28 11:10:04.295,2026-07-28 11:10:04.295,2026-07-28
"693","BE9ANUjC8K","MOOSPMv3Parser",1785237000,2,2,2,2,2,2,2,3,3,2,497,126,4318,18,17,1,17,17,17,38,17,0,17,17,47,47,21.757,245,3277,36.503181,-120.325417,50.124001,7,600,58,3,"e00fce6858b443fd80f27170",2026-07-28 11:10:04.353,2026-07-28 11:10:04.546,2026-07-28 11:10:04.546,2026-07-28
"694","m9Nb99Szzi","MOOSPMv3Parser",1785237001,3,3,0,6,6,0,0,7,7,0,871,216,0,46,0,4,0,0,18,43,0,2,18,19,53,52,1.813,359,1,36.187523,-119.82193,32.205002,7,600,58,3,"e00fce68e739ecbcf9e91965",2026-07-28 11:10:04.88,2026-07-28 11:10:05.035,2026-07-28 11:10:05.035,2026-07-28
"695","sdVFleXHoJ","MOOSPMv3Parser",1785237601,0,0,3,0,0,3,3,0,0,3,220,140,2212,25,24,3,24,24,19,41,24,1,19,20,50,48,6.352,282,1,36.139038,-120.368347,161.084,0,600,58,3,"e00fce68d6b773b56ce8baa0",2026-07-28 11:20:02.769,2026-07-28 11:20:02.99,2026-07-28 11:20:02.99,2026-07-28
"696","grJPSesjMr","MOOSPMv3Parser",1785237600,2,2,2,3,3,3,3,4,4,3,909,163,6557,27,19,2,19,19,19,39,19,0,19,20,49,49,7.627,298,1,36.138977,-120.368408,168.292007,7,600,58,3,"e00fce68e77e43df92405fdb",2026-07-28 11:20:02.913,2026-07-28 11:20:03.078,2026-07-28 11:20:03.078,2026-07-28
"697","iwpBHfYHtj","MOOSPMv3Parser",1785237601,0,0,2,0,0,2,2,0,0,2,199,114,4632,19,13,2,13,13,19,42,13,1,19,21,49,45,14.739,276,1,36.139015,-120.368385,170.175003,5,600,58,3,"e00fce686dc2ef0a68fa40b0",2026-07-28 11:20:02.978,2026-07-28 11:20:03.186,2026-07-28 11:20:03.186,2026-07-28
"698","gp4oH4BQ3Z","MOOSPMv3Parser",1785237601,4,4,4,6,6,5,5,6,6,5,1047,244,11286,42,34,2,34,34,19,56,34,0,20,20,51,54,17.605,200,1,36.762691,-119.798759,61.159,8,599,58,3,"e00fce68e88237db75a60608",2026-07-28 11:20:03.199,2026-07-28 11:20:03.397,2026-07-28 11:20:03.397,2026-07-28
"699","2lWoCn9pHd","MOOSPMv3Parser",1785237600,8,8,6,11,11,6,6,12,12,6,1706,464,6467,58,45,3,45,45,17,73,45,0,16,18,77,70,1.314,206,1,36.523346,-119.278778,79.874001,6,600,58,3,"e00fce68f12da1a0c5de6248",2026-07-28 11:20:03.31,2026-07-28 11:20:03.479,2026-07-28 11:20:03.479,2026-07-28
"700","C3gIhNHwZ0","MOOSPMv3Parser",1785237600,6,6,4,8,8,4,4,8,8,4,1199,324,5074,48,33,3,33,33,17,56,33,0,18,18,60,57,10.938,167,1,35.949596,-119.049797,143.770004,6,599,58,3,"e00fce6808784ceaf209f949",2026-07-28 11:20:03.321,2026-07-28 11:20:03.551,2026-07-28 11:20:03.551,2026-07-28
"701","6Zp40CAseP","MOOSPMv3Parser",1785237600,2,2,3,3,3,3,3,4,4,3,565,142,3503,29,25,2,25,25,18,41,25,0,22,19,41,50,16.293,342,1,36.139057,-120.368454,164.524002,7,600,58,3,"e00fce6850cac69f647dc199",2026-07-28 11:20:03.573,2026-07-28 11:20:03.787,2026-07-28 11:20:03.787,2026-07-28
"702","IQ91vjKjlp","MOOSPMv3Parser",1785237600,3,3,3,5,5,4,4,5,5,4,671,193,8090,37,26,3,26,26,20,34,26,1,20,21,46,44,14.573,362,3277,7.3e-05,-0.004163,35398.101562,7,600,58,3,"e00fce68e28dcbc9a589be10",2026-07-28 11:20:03.765,2026-07-28 11:20:03.919,2026-07-28 11:20:03.919,2026-07-28
"703","AQCxqDK0yj","MOOSPMv3Parser",1785237600,2,2,3,4,4,3,3,4,4,3,490,151,8730,30,23,3,24,24,0,0,24,0,19,19,49,50,13.471,500,1,36.139046,-120.368423,163.729004,8,600,58,3,"e00fce6876826e255108c6bd",2026-07-28 11:20:03.902,2026-07-28 11:20:04.144,2026-07-28 11:20:04.144,2026-07-28
"704","kH03dUHEkf","MOOSPMv3Parser",1785237601,3,3,0,6,6,0,0,6,6,0,846,209,0,42,0,4,0,0,18,43,0,2,18,18,52,52,2.801,354,1,36.187466,-119.821968,39.938,7,600,58,3,"e00fce68e739ecbcf9e91965",2026-07-28 11:20:04.892,2026-07-28 11:20:05.125,2026-07-28 11:20:05.125,2026-07-28
"705","7TtxArA9l2","MOOSPMv3Parser",1785237600,2,2,3,3,3,3,3,3,3,3,588,142,4335,20,20,1,20,20,16,39,20,1,16,17,49,49,20.47,253,3277,36.503128,-120.325455,44.219002,6,600,58,3,"e00fce6858b443fd80f27170",2026-07-28 11:20:19.594,2026-07-28 11:20:19.826,2026-07-28 11:20:19.826,2026-07-28
"706","Mc2eA7n98u","MOOSPMv3Parser",1785238200,2,2,3,3,3,3,3,4,4,3,586,147,3525,26,25,2,25,25,18,41,25,0,22,19,43,51,19.437,327,1,36.138954,-120.368385,162.953003,6,600,58,3,"e00fce6850cac69f647dc199",2026-07-28 11:30:02.76,2026-07-28 11:30:03.09,2026-07-28 11:30:03.09,2026-07-28
"707","dsUkl4EgXz","MOOSPMv3Parser",1785238201,0,0,3,0,0,3,3,1,1,3,218,139,2232,25,24,3,24,24,18,41,24,1,19,20,50,49,8.704,279,1,36.138977,-120.368446,180.625,8,600,58,3,"e00fce68d6b773b56ce8baa0",2026-07-28 11:30:02.611,2026-07-28 11:30:03.14,2026-07-28 11:30:03.14,2026-07-28
"708","1xhETwTJtq","MOOSPMv3Parser",1785238200,2,2,2,3,3,3,3,4,4,3,908,158,6573,26,18,2,19,19,19,39,19,0,19,20,48,48,11.148,294,1,36.138977,-120.368408,168.287994,0,600,58,3,"e00fce68e77e43df92405fdb",2026-07-28 11:30:02.916,2026-07-28 11:30:03.198,2026-07-28 11:30:03.198,2026-07-28
"709","T65DpBhGg8","MOOSPMv3Parser",1785238201,3,3,4,5,5,5,5,6,6,5,983,226,11316,41,34,2,34,34,18,56,34,0,20,20,52,54,17.37,204,1,36.762726,-119.798691,56.502998,9,599,58,3,"e00fce68e88237db75a60608",2026-07-28 11:30:03.209,2026-07-28 11:30:03.556,2026-07-28 11:30:03.556,2026-07-28
"710","c5BjtkSjxp","MOOSPMv3Parser",1785238201,0,0,2,0,0,2,2,0,0,2,193,109,4644,19,14,2,14,14,19,42,14,0,19,21,49,45,17.977,269,1,36.139027,-120.368416,174.257996,8,600,58,3,"e00fce686dc2ef0a68fa40b0",2026-07-28 11:30:03.227,2026-07-28 11:30:03.558,2026-07-28 11:30:03.558,2026-07-28
"711","RjZopqltlB","MOOSPMv3Parser",1785238200,8,8,6,12,12,6,6,12,12,6,1726,473,6508,62,47,3,47,47,17,74,47,0,16,18,78,71,2.249,192,1,36.523346,-119.278778,79.876999,0,600,58,3,"e00fce68f12da1a0c5de6248",2026-07-28 11:30:03.423,2026-07-28 11:30:03.794,2026-07-28 11:30:03.794,2026-07-28
"712","0wb9C2nel3","MOOSPMv3Parser",1785238200,6,6,4,8,8,4,4,9,9,4,1241,337,5103,55,33,3,33,33,17,58,33,0,18,18,61,59,10.719,167,1,35.949448,-119.050026,111.140999,5,599,58,3,"e00fce6808784ceaf209f949",2026-07-28 11:30:03.242,2026-07-28 11:30:03.811,2026-07-28 11:30:03.811,2026-07-28
"713","ORbwywJfSV","MOOSPMv3Parser",1785238200,3,3,3,5,5,4,4,5,5,4,683,193,8113,34,26,2,27,27,20,35,27,1,20,21,46,45,14.348,376,3277,7.3e-05,-0.004163,35398.101562,7,600,58,3,"e00fce68e28dcbc9a589be10",2026-07-28 11:30:03.998,2026-07-28 11:30:04.162,2026-07-28 11:30:04.162,2026-07-28
"714","jTda60RyJv","MOOSPMv3Parser",1785238200,1,1,3,3,3,3,3,4,4,3,453,138,8749,28,22,3,22,22,0,0,22,0,19,19,50,51,15.313,462,1,36.139015,-120.368355,190.843002,7,600,58,3,"e00fce6876826e255108c6bd",2026-07-28 11:30:04.108,2026-07-28 11:30:04.256,2026-07-28 11:30:04.256,2026-07-28
"715","iH5BlxMfs1","MOOSPMv3Parser",1785238201,3,3,0,6,6,0,0,6,6,0,857,207,0,44,0,3,0,0,17,44,0,2,17,18,53,53,4.079,347,1,36.187508,-119.822098,15.441,5,600,58,3,"e00fce68e739ecbcf9e91965",2026-07-28 11:30:04.89,2026-07-28 11:30:05.107,2026-07-28 11:30:05.107,2026-07-28
"716","Z1zoNqIM6B","MOOSPMv3Parser",1785238200,2,2,2,3,3,3,3,3,3,3,563,142,4351,22,18,1,18,19,16,41,19,1,16,17,51,51,20.015,261,3277,36.503132,-120.325417,59.569,7,600,58,3,"e00fce6858b443fd80f27170",2026-07-28 11:30:15.637,2026-07-28 11:30:15.81,2026-07-28 11:30:15.81,2026-07-28
"717","pdiuE8JibS","MOOSPMv3Parser",1785238801,0,0,2,0,0,2,2,0,0,2,196,110,4655,19,14,2,14,14,19,42,14,0,19,20,50,46,18.262,242,1,36.139027,-120.368416,174.263,0,600,58,3,"e00fce686dc2ef0a68fa40b0",2026-07-28 11:40:02.375,2026-07-28 11:40:02.763,2026-07-28 11:40:02.763,2026-07-28
"718","vdlQZEcqN9","MOOSPMv3Parser",1785238800,2,2,3,4,4,4,4,4,4,4,616,157,3549,32,27,3,27,27,18,42,27,0,22,19,42,51,20.246,302,1,36.13905,-120.36834,169.024002,5,600,58,3,"e00fce6850cac69f647dc199",2026-07-28 11:40:02.99,2026-07-28 11:40:03.196,2026-07-28 11:40:03.196,2026-07-28
"719","arbiVsK2Ba","MOOSPMv3Parser",1785238800,2,2,2,4,4,3,3,4,4,3,908,163,6590,29,19,3,19,19,19,40,19,0,19,20,50,49,11.971,274,1,36.139,-120.368408,174.184006,12,600,58,3,"e00fce68e77e43df92405fdb",2026-07-28 11:40:02.917,2026-07-28 11:40:03.214,2026-07-28 11:40:03.214,2026-07-28
"720","DgMMbQS1dp","MOOSPMv3Parser",1785238801,0,0,3,0,0,3,3,1,1,3,223,143,2252,25,24,3,24,24,18,42,24,1,19,19,50,49,9.124,259,1,36.138996,-120.368393,171.136993,8,600,58,3,"e00fce68d6b773b56ce8baa0",2026-07-28 11:40:02.856,2026-07-28 11:40:03.233,2026-07-28 11:40:03.233,2026-07-28
"721","xGZdZ2FqWz","MOOSPMv3Parser",1785238800,6,6,4,8,8,4,4,9,9,4,1243,337,5124,52,33,3,34,34,17,60,34,0,18,18,62,60,9.646,176,1,35.949646,-119.049965,133.585999,4,600,58,3,"e00fce6808784ceaf209f949",2026-07-28 11:40:03.242,2026-07-28 11:40:03.411,2026-07-28 11:40:03.411,2026-07-28
"722","b8bKImqorA","MOOSPMv3Parser",1785238801,4,4,5,6,6,5,5,6,6,5,1003,233,11347,43,36,3,36,36,18,56,36,0,20,20,51,54,17.319,204,1,36.762627,-119.79882,65.171997,7,599,58,3,"e00fce68e88237db75a60608",2026-07-28 11:40:03.13,2026-07-28 11:40:03.45,2026-07-28 11:40:03.45,2026-07-28
"723","EiwLrJ3V65","MOOSPMv3Parser",1785238800,9,9,6,12,12,6,6,13,13,6,1818,497,6550,66,48,5,49,49,16,74,49,0,16,18,79,71,2.334,178,1,36.523293,-119.278839,87.904999,8,600,58,3,"e00fce68f12da1a0c5de6248",2026-07-28 11:40:03.259,2026-07-28 11:40:03.469,2026-07-28 11:40:03.469,2026-07-28
"724","JqQq6Ut9yI","MOOSPMv3Parser",1785238800,3,3,4,5,5,4,4,5,5,4,694,197,8136,37,27,3,28,28,20,35,28,1,19,21,47,45,12.725,393,3277,7.3e-05,-0.004163,35398.101562,7,600,58,3,"e00fce68e28dcbc9a589be10",2026-07-28 11:40:03.936,2026-07-28 11:40:04.111,2026-07-28 11:40:04.111,2026-07-28
"725","kJLNdI3YCJ","MOOSPMv3Parser",1785238800,2,2,3,3,3,3,3,4,4,3,482,148,8770,31,24,3,24,24,0,0,24,0,19,19,49,51,16.106,223,1,36.13895,-120.368446,177.007004,7,600,58,3,"e00fce6876826e255108c6bd",2026-07-28 11:40:03.973,2026-07-28 11:40:04.192,2026-07-28 11:40:04.192,2026-07-28
"726","G5uGPT2Hz6","MOOSPMv3Parser",1785238801,3,3,0,7,7,0,0,7,7,0,947,234,0,53,0,4,0,0,17,46,0,2,17,18,54,55,6.516,344,1,36.187469,-119.822128,14.011,6,600,58,3,"e00fce68e739ecbcf9e91965",2026-07-28 11:40:04.972,2026-07-28 11:40:05.126,2026-07-28 11:40:05.126,2026-07-28
"727","G8Bem8EdWf","MOOSPMv3Parser",1785238800,2,2,2,3,3,3,3,3,3,3,550,142,4367,20,19,1,19,19,16,42,19,1,16,16,52,52,19.971,260,3277,36.503147,-120.325424,61.470001,7,600,58,3,"e00fce6858b443fd80f27170",2026-07-28 11:40:13.089,2026-07-28 11:40:13.314,2026-07-28 11:40:13.314,2026-07-28
"728","XOycdzBYR1","MOOSPMv3Parser",1785239401,0,0,2,0,0,2,2,0,0,2,194,110,4665,18,12,2,12,12,19,42,12,1,19,20,50,46,18.694,235,1,36.138962,-120.368385,180.875,6,600,58,3,"e00fce686dc2ef0a68fa40b0",2026-07-28 11:50:02.57,2026-07-28 11:50:02.788,2026-07-28 11:50:02.788,2026-07-28
"729","jFhszfzzwL","MOOSPMv3Parser",1785239400,2,2,2,4,4,3,3,4,4,3,903,167,6606,27,19,3,19,19,19,40,19,0,19,20,51,50,12.43,265,1,36.138962,-120.368401,167.188995,8,600,58,3,"e00fce68e77e43df92405fdb",2026-07-28 11:50:02.92,2026-07-28 11:50:03.211,2026-07-28 11:50:03.211,2026-07-28
"730","Z5wOOSSDVt","MOOSPMv3Parser",1785239400,2,2,3,4,4,3,3,4,4,3,606,153,3571,28,25,2,25,25,18,42,25,0,22,19,42,51,20.373,298,1,36.139095,-120.368385,185.449997,6,600,58,3,"e00fce6850cac69f647dc199",2026-07-28 11:50:03.155,2026-07-28 11:50:03.366,2026-07-28 11:50:03.366,2026-07-28
"731","CuETF8hBrr","MOOSPMv3Parser",1785239401,0,0,3,0,0,3,3,1,1,3,221,140,2271,26,23,3,23,23,18,42,23,1,19,19,50,49,9.272,255,1,36.138981,-120.368446,164.684998,7,600,58,3,"e00fce68d6b773b56ce8baa0",2026-07-28 11:50:03.247,2026-07-28 11:50:03.383,2026-07-28 11:50:03.383,2026-07-28
"732","h2V3C73S5s","MOOSPMv3Parser",1785239400,6,6,5,8,8,5,5,8,8,5,1219,335,5155,53,36,2,36,36,17,61,36,0,18,18,62,60,9.925,171,1,35.9496,-119.049942,128.276001,6,600,58,3,"e00fce6808784ceaf209f949",2026-07-28 11:50:03.243,2026-07-28 11:50:03.398,2026-07-28 11:50:03.398,2026-07-28
"733","GV8m8PbNm6","MOOSPMv3Parser",1785239400,8,8,6,11,11,7,7,11,11,7,1689,457,6593,57,49,3,49,49,16,74,49,0,16,17,78,71,2.598,188,1,36.523407,-119.278793,102.474998,8,600,58,3,"e00fce68f12da1a0c5de6248",2026-07-28 11:50:03.202,2026-07-28 11:50:03.442,2026-07-28 11:50:03.442,2026-07-28
"734","fVFW6xc9vJ","MOOSPMv3Parser",1785239401,4,4,4,6,6,5,5,6,6,5,984,227,11376,43,34,2,34,34,18,56,34,0,20,19,51,54,17.253,198,1,36.762753,-119.798706,59.978001,5,599,58,3,"e00fce68e88237db75a60608",2026-07-28 11:50:03.224,2026-07-28 11:50:03.47,2026-07-28 11:50:03.47,2026-07-28
"735","PISkeRXkSt","MOOSPMv3Parser",1785239400,4,4,4,5,5,4,4,6,6,4,739,212,8161,42,29,3,29,29,19,35,29,1,19,21,47,45,11.154,394,3277,7.3e-05,-0.004163,35398.101562,7,600,58,3,"e00fce68e28dcbc9a589be10",2026-07-28 11:50:03.79,2026-07-28 11:50:03.962,2026-07-28 11:50:03.962,2026-07-28
"736","R4DeahHERh","MOOSPMv3Parser",1785239400,2,2,3,3,3,3,3,4,4,3,460,139,8790,24,23,3,23,23,0,0,23,0,19,19,49,51,16.027,302,1,36.139004,-120.368332,179.600998,6,600,58,3,"e00fce6876826e255108c6bd",2026-07-28 11:50:04.02,2026-07-28 11:50:04.223,2026-07-28 11:50:04.223,2026-07-28
"737","B05jw9v35B","MOOSPMv3Parser",1785239401,4,4,0,7,7,0,0,8,8,0,949,239,0,55,0,5,0,0,17,46,0,2,17,18,54,55,6.886,351,1,36.187511,-119.82209,20.275999,7,600,58,3,"e00fce68e739ecbcf9e91965",2026-07-28 11:50:04.971,2026-07-28 11:50:05.115,2026-07-28 11:50:05.115,2026-07-28
"738","n5jzeXHFVH","MOOSPMv3Parser",1785239400,2,2,3,3,3,3,3,3,3,3,593,152,4384,22,20,1,20,20,16,43,20,1,16,16,53,53,19.316,259,3277,36.503128,-120.325356,54.076,8,600,58,3,"e00fce6858b443fd80f27170",2026-07-28 11:50:05.339,2026-07-28 11:50:05.548,2026-07-28 11:50:05.548,2026-07-28
"739","H4qdSXYrAE","MOOSPMv3Parser",1785240001,0,0,3,0,0,3,3,1,1,3,216,137,2290,26,22,3,22,22,18,41,22,1,19,19,46,46,10.435,238,1,36.138836,-120.368515,150.710007,7,600,58,3,"e00fce68d6b773b56ce8baa0",2026-07-28 12:00:02.848,2026-07-28 12:00:03.463,2026-07-28 12:00:03.463,2026-07-28
"740","lHm5jaEGk9","MOOSPMv3Parser",1785240000,2,2,2,3,3,2,2,4,4,2,928,160,6622,27,19,3,19,19,18,38,19,0,19,20,47,47,14.516,246,1,36.138988,-120.368401,179.332001,8,600,58,3,"e00fce68e77e43df92405fdb",2026-07-28 12:00:02.852,2026-07-28 12:00:03.794,2026-07-28 12:00:03.794,2026-07-28
"741","WQnuMtUEFw","MOOSPMv3Parser",1785240000,9,9,6,12,12,7,7,13,13,7,1885,509,6637,66,51,3,51,51,16,74,51,0,16,17,79,71,1.799,169,1,36.523411,-119.278854,73.428001,7,600,58,3,"e00fce68f12da1a0c5de6248",2026-07-28 12:00:03.24,2026-07-28 12:00:04.254,2026-07-28 12:00:04.254,2026-07-28
"742","sOveB42UkN","MOOSPMv3Parser",1785240001,0,0,2,0,0,2,2,0,0,2,192,106,4676,17,13,2,13,13,19,41,13,0,19,20,47,43,20.374,212,1,36.13905,-120.368393,170.076004,6,600,58,3,"e00fce686dc2ef0a68fa40b0",2026-07-28 12:00:02.828,2026-07-28 12:00:04.363,2026-07-28 12:00:04.363,2026-07-28
"743","IVlmOvk4pa","MOOSPMv3Parser",1785240000,6,6,5,9,9,5,5,9,9,5,1311,358,5195,55,36,3,36,36,17,61,36,0,17,18,63,60,9.216,176,1,35.949551,-119.049911,122.224998,6,599,58,3,"e00fce6808784ceaf209f949",2026-07-28 12:00:03.321,2026-07-28 12:00:04.412,2026-07-28 12:00:04.412,2026-07-28
"744","GVAtIDhBlj","MOOSPMv3Parser",1785240001,4,4,4,6,6,5,5,6,6,5,980,225,11388,37,35,2,35,35,18,56,35,0,20,19,51,54,17.21,197,1,36.762753,-119.798706,59.973,0,600,58,3,"e00fce68e88237db75a60608",2026-07-28 12:00:03.124,2026-07-28 12:00:04.515,2026-07-28 12:00:04.515,2026-07-28
"745","fFMPasYXND","MOOSPMv3Parser",1785240000,2,2,3,3,3,3,3,4,4,3,572,145,3593,25,25,2,25,25,17,40,25,0,21,18,40,48,22.425,278,1,36.13903,-120.368416,177.026001,6,600,58,3,"e00fce6850cac69f647dc199",2026-07-28 12:00:03.562,2026-07-28 12:00:04.664,2026-07-28 12:00:04.664,2026-07-28
"746","gkn53GqHhY","MOOSPMv3Parser",1785240000,4,4,4,6,6,4,4,7,7,4,822,235,8187,46,31,4,31,31,19,36,31,1,19,20,48,46,10.411,396,3277,7.3e-05,-0.004163,35398.101562,7,600,58,3,"e00fce68e28dcbc9a589be10",2026-07-28 12:00:03.889,2026-07-28 12:00:05.135,2026-07-28 12:00:05.135,2026-07-28
"747","u0fLIEDGWx","MOOSPMv3Parser",1785240000,2,2,3,3,3,3,3,4,4,3,455,140,8810,27,22,2,23,23,0,0,23,0,18,19,46,48,17.331,99,1,36.139084,-120.368347,173.110001,6,600,58,3,"e00fce6876826e255108c6bd",2026-07-28 12:00:04.031,2026-07-28 12:00:05.327,2026-07-28 12:00:05.327,2026-07-28
"748","PM1Q3czmSI","MOOSPMv3Parser",1785240001,5,5,0,9,9,0,0,11,11,0,1191,297,0,71,0,8,0,0,17,47,0,2,17,18,55,55,7.1,356,1,36.187469,-119.822021,29.132,7,600,58,3,"e00fce68e739ecbcf9e91965",2026-07-28 12:00:04.891,2026-07-28 12:00:08.119,2026-07-28 12:00:08.119,2026-07-28
"749","nH3l9in0jy","MOOSPMv3Parser",1785240600,2,2,2,3,3,3,3,3,3,3,897,158,6639,25,19,2,19,19,18,39,19,0,18,19,49,48,17.95,198,1,36.139065,-120.368423,151.453995,7,600,58,3,"e00fce68e77e43df92405fdb",2026-07-28 12:10:02.908,2026-07-28 12:10:03.144,2026-07-28 12:10:03.144,2026-07-28
"750","YtvgLz86GJ","MOOSPMv3Parser",1785240601,0,0,3,1,1,3,3,1,1,3,217,138,2309,24,23,4,23,23,18,42,23,1,18,19,50,49,11.822,205,1,36.139275,-120.368378,188.401993,6,600,58,3,"e00fce68d6b773b56ce8baa0",2026-07-28 12:10:03.162,2026-07-28 12:10:03.353,2026-07-28 12:10:03.353,2026-07-28
"751","jTuEgL1Cjd","MOOSPMv3Parser",1785240601,0,0,2,0,0,2,2,0,0,2,191,107,4687,19,13,2,13,13,19,42,13,0,18,20,49,45,23.302,159,1,36.138927,-120.368416,167.714005,6,600,58,3,"e00fce686dc2ef0a68fa40b0",2026-07-28 12:10:03.237,2026-07-28 12:10:03.405,2026-07-28 12:10:03.405,2026-07-28
"752","f9WlK6DlN1","MOOSPMv3Parser",1785240601,4,4,4,6,6,5,5,6,6,5,977,224,11437,42,34,3,34,34,18,56,34,0,20,19,51,54,17.071,193,1,36.762722,-119.798744,57.951,8,599,58,3,"e00fce68e88237db75a60608",2026-07-28 12:10:03.225,2026-07-28 12:10:03.415,2026-07-28 12:10:03.415,2026-07-28
"753","UfmCmVGQHV","MOOSPMv3Parser",1785240600,7,7,5,9,9,5,5,10,10,5,1348,371,5228,62,38,4,38,38,17,62,38,0,17,18,63,61,8.447,184,1,35.949409,-119.04995,96.461998,5,599,58,3,"e00fce6808784ceaf209f949",2026-07-28 12:10:03.251,2026-07-28 12:10:03.438,2026-07-28 12:10:03.438,2026-07-28
"754","DJX8sV670h","MOOSPMv3Parser",1785240600,9,9,7,13,13,7,7,13,13,7,1932,524,6684,69,54,4,54,54,16,75,54,0,16,17,78,71,2,170,1,36.523403,-119.278854,78.436996,6,600,58,3,"e00fce68f12da1a0c5de6248",2026-07-28 12:10:03.282,2026-07-28 12:10:03.49,2026-07-28 12:10:03.49,2026-07-28
"755","ME0UpDlPH7","MOOSPMv3Parser",1785240600,2,2,3,3,3,3,3,4,4,3,548,139,3613,25,23,2,24,24,17,41,24,0,21,18,41,50,25.342,235,1,36.138847,-120.368584,170.033997,6,600,58,3,"e00fce6850cac69f647dc199",2026-07-28 12:10:03.83,2026-07-28 12:10:03.989,2026-07-28 12:10:03.989,2026-07-28
"756","yr0lPnLrP1","MOOSPMv3Parser",1785240600,4,4,6,7,7,8,9,8,8,10,954,272,8223,57,44,6,46,46,19,36,46,1,19,20,47,45,7.787,416,3277,7.3e-05,-0.004163,35398.101562,7,600,58,3,"e00fce68e28dcbc9a589be10",2026-07-28 12:10:03.86,2026-07-28 12:10:04.025,2026-07-28 12:10:04.025,2026-07-28
"757","XXzlsAmGsr","MOOSPMv3Parser",1785240600,2,2,3,3,3,3,3,3,3,3,436,133,8829,26,22,3,22,22,0,0,22,0,18,19,50,50,19.379,98,1,36.139084,-120.368347,173.112,0,600,58,3,"e00fce6876826e255108c6bd",2026-07-28 12:10:04.144,2026-07-28 12:10:04.321,2026-07-28 12:10:04.321,2026-07-28
"758","MVXYAGCjxZ","MOOSPMv3Parser",1785240601,7,7,0,14,14,0,0,18,18,0,1677,423,0,108,0,15,0,0,17,47,0,2,17,17,55,55,5.865,358,1,36.187515,-119.822121,14.093,5,600,58,3,"e00fce68e739ecbcf9e91965",2026-07-28 12:10:04.975,2026-07-28 12:10:05.158,2026-07-28 12:10:05.158,2026-07-28
"759","3K1sa6U2Jc","MOOSPMv3Parser",1785241201,0,0,2,0,0,2,2,0,0,2,187,106,4697,17,12,2,12,12,18,42,12,0,18,20,50,45,23.76,163,1,36.139034,-120.368362,175.251007,6,600,58,3,"e00fce686dc2ef0a68fa40b0",2026-07-28 12:20:02.182,2026-07-28 12:20:02.379,2026-07-28 12:20:02.379,2026-07-28
"760","cUk7ut2kMU","MOOSPMv3Parser",1785241200,2,2,2,3,3,2,2,4,4,2,897,158,6655,25,18,2,19,19,18,39,19,0,18,19,50,49,18.872,191,1,36.139034,-120.368477,156.195999,6,600,58,3,"e00fce68e77e43df92405fdb",2026-07-28 12:20:02.917,2026-07-28 12:20:03.144,2026-07-28 12:20:03.144,2026-07-28
"761","pNVT8LVSy9","MOOSPMv3Parser",1785241201,0,0,3,0,0,3,3,1,1,3,213,134,2328,23,22,3,22,22,18,42,22,1,18,19,50,48,12.126,203,1,36.138977,-120.368347,173.897003,6,600,58,3,"e00fce68d6b773b56ce8baa0",2026-07-28 12:20:02.853,2026-07-28 12:20:03.154,2026-07-28 12:20:03.154,2026-07-28
"762","TsaxeGXW3q","MOOSPMv3Parser",1785241200,2,2,3,3,3,3,3,4,4,3,578,144,3633,26,23,2,23,23,17,41,23,0,21,18,42,50,25.881,229,1,36.138966,-120.368401,175.281006,7,600,58,3,"e00fce6850cac69f647dc199",2026-07-28 12:20:02.856,2026-07-28 12:20:03.185,2026-07-28 12:20:03.185,2026-07-28
"763","X8Y8w8Rhc5","MOOSPMv3Parser",1785241201,4,4,4,6,6,5,5,7,7,5,995,230,11466,43,34,4,34,34,18,56,34,0,20,19,51,54,16.896,193,1,36.76268,-119.798775,58.249001,7,599,58,3,"e00fce68e88237db75a60608",2026-07-28 12:20:03.143,2026-07-28 12:20:03.346,2026-07-28 12:20:03.346,2026-07-28
"764","W26qW1wqPg","MOOSPMv3Parser",1785241200,6,6,5,9,9,5,5,10,10,5,1290,355,5260,61,37,4,37,37,17,64,37,0,17,18,64,62,8.568,185,1,35.949665,-119.049904,123.862,7,599,58,3,"e00fce6808784ceaf209f949",2026-07-28 12:20:03.259,2026-07-28 12:20:03.439,2026-07-28 12:20:03.439,2026-07-28
"765","Aq2guo6rIs","MOOSPMv3Parser",1785241200,11,11,7,14,14,8,8,15,15,8,2153,587,6735,77,58,3,58,58,16,74,58,0,17,17,75,72,2.086,191,1,36.523388,-119.278809,94.153999,6,600,58,3,"e00fce68f12da1a0c5de6248",2026-07-28 12:20:03.27,2026-07-28 12:20:03.541,2026-07-28 12:20:03.541,2026-07-28
"766","UODiYFMCc7","MOOSPMv3Parser",1785241200,5,5,6,9,9,9,10,10,10,11,1050,305,8261,63,47,6,49,49,19,35,49,1,19,20,47,45,11.23,402,3277,7.3e-05,-0.004163,35398.101562,7,600,58,3,"e00fce68e28dcbc9a589be10",2026-07-28 12:20:03.865,2026-07-28 12:20:04.052,2026-07-28 12:20:04.052,2026-07-28
"767","srKNwWrNzO","MOOSPMv3Parser",1785241200,2,2,3,3,3,3,3,4,4,3,421,129,8848,27,21,2,21,21,0,0,21,0,18,19,50,50,19.003,98,1,36.139038,-120.368408,153.731003,5,600,58,3,"e00fce6876826e255108c6bd",2026-07-28 12:20:04.125,2026-07-28 12:20:04.315,2026-07-28 12:20:04.315,2026-07-28
"768","3V4CytyFwm","MOOSPMv3Parser",1785241201,5,5,0,8,8,0,0,10,10,0,1151,282,0,59,0,7,0,0,17,47,0,2,17,17,54,55,6.825,359,1,36.187515,-119.822121,14.094,0,600,58,3,"e00fce68e739ecbcf9e91965",2026-07-28 12:20:04.969,2026-07-28 12:20:05.175,2026-07-28 12:20:05.175,2026-07-28
"769","h5JWQKXRAL","MOOSPMv3Parser",1785241201,2,2,3,3,3,3,3,4,4,3,743,167,4436,23,21,1,21,21,16,46,21,1,15,16,56,55,17.655,267,3277,36.503086,-120.325394,51.282001,7,600,58,3,"e00fce6858b443fd80f27170",2026-07-28 12:20:23.856,2026-07-28 12:20:24.041,2026-07-28 12:20:24.041,2026-07-28
"770","f46u4FsIYu","MOOSPMv3Parser",1785241801,0,0,1,0,0,2,2,0,0,2,188,104,4707,17,12,2,12,12,18,41,12,0,18,20,49,45,19.933,237,1,36.138943,-120.368332,141.214996,5,600,58,3,"e00fce686dc2ef0a68fa40b0",2026-07-28 12:30:02.573,2026-07-28 12:30:03.042,2026-07-28 12:30:03.042,2026-07-28
"771","I9EZkHSkHP","MOOSPMv3Parser",1785241800,2,2,2,3,3,2,2,3,3,2,872,151,6669,23,16,1,17,17,18,39,17,0,18,19,49,48,12.956,252,1,36.139027,-120.368401,172.880997,5,600,58,3,"e00fce68e77e43df92405fdb",2026-07-28 12:30:02.861,2026-07-28 12:30:03.251,2026-07-28 12:30:03.251,2026-07-28
"772","jC0gWnnmIC","MOOSPMv3Parser",1785241800,11,11,8,15,15,8,8,16,16,8,2245,608,6788,84,60,4,61,61,16,75,61,0,17,17,75,72,1.655,198,1,36.523365,-119.278831,84.568001,6,600,58,3,"e00fce68f12da1a0c5de6248",2026-07-28 12:30:03.383,2026-07-28 12:30:03.543,2026-07-28 12:30:03.543,2026-07-28
"773","cP4F0gsMT4","MOOSPMv3Parser",1785241801,0,0,3,0,0,3,3,0,0,3,211,132,2345,21,21,2,21,21,18,41,21,1,18,19,49,48,9.528,244,1,36.13921,-120.368378,180.917999,7,600,58,3,"e00fce68d6b773b56ce8baa0",2026-07-28 12:30:03.3,2026-07-28 12:30:03.572,2026-07-28 12:30:03.572,2026-07-28
"774","uIhqFNsjoe","MOOSPMv3Parser",1785241801,4,4,4,6,6,5,5,7,7,5,1005,233,11496,44,34,3,34,34,18,56,34,0,19,19,51,54,16.117,202,1,36.76268,-119.798698,42.077999,9,599,58,3,"e00fce68e88237db75a60608",2026-07-28 12:30:03.191,2026-07-28 12:30:03.621,2026-07-28 12:30:03.621,2026-07-28
"775","gN3I0PSU1o","MOOSPMv3Parser",1785241800,2,2,3,3,3,3,3,4,4,3,579,143,3654,26,24,3,24,24,17,41,24,0,21,18,41,50,21.14,282,1,36.139042,-120.368347,183.957001,6,600,58,3,"e00fce6850cac69f647dc199",2026-07-28 12:30:03.158,2026-07-28 12:30:03.736,2026-07-28 12:30:03.736,2026-07-28
"776","1wlSPD3ELr","MOOSPMv3Parser",1785241800,6,6,5,8,8,5,5,9,9,5,1247,335,5292,57,37,3,37,37,17,65,37,0,17,18,64,62,9.913,176,1,35.949543,-119.049919,118.111,7,599,58,3,"e00fce6808784ceaf209f949",2026-07-28 12:30:03.314,2026-07-28 12:30:03.806,2026-07-28 12:30:03.806,2026-07-28
"777","Q1K6zzKrhV","MOOSPMv3Parser",1785241800,5,5,5,8,8,5,6,9,9,6,1027,296,8293,56,38,5,38,38,19,36,38,1,19,20,47,46,11.294,417,3277,7.3e-05,-0.004163,35398.101562,7,600,58,3,"e00fce68e28dcbc9a589be10",2026-07-28 12:30:03.795,2026-07-28 12:30:04.041,2026-07-28 12:30:04.041,2026-07-28
"778","MBmFuSuZhB","MOOSPMv3Parser",1785241800,2,2,3,3,3,3,3,4,4,3,436,134,8866,28,21,4,21,21,0,0,21,0,18,18,48,50,16.995,273,1,36.13908,-120.368347,182.320007,5,600,58,3,"e00fce6876826e255108c6bd",2026-07-28 12:30:04.094,2026-07-28 12:30:04.36,2026-07-28 12:30:04.36,2026-07-28
"779","AOMdarrCkj","MOOSPMv3Parser",1785241801,4,4,0,8,8,0,0,8,8,0,1049,257,0,55,0,4,0,0,17,46,0,2,18,17,52,54,8.544,345,1,36.187534,-119.82196,30.094999,5,600,58,3,"e00fce68e739ecbcf9e91965",2026-07-28 12:30:05.056,2026-07-28 12:30:05.237,2026-07-28 12:30:05.237,2026-07-28
"780","o9FkN8IOMd","MOOSPMv3Parser",1785242401,0,0,3,0,0,3,3,0,0,3,214,134,2364,24,22,3,22,22,18,41,22,1,18,19,48,47,10.695,227,1,36.139038,-120.368408,172.772003,9,600,58,3,"e00fce68d6b773b56ce8baa0",2026-07-28 12:40:02.867,2026-07-28 12:40:03.089,2026-07-28 12:40:03.089,2026-07-28
"781","OOhx95MAB5","MOOSPMv3Parser",1785242401,0,0,2,0,0,2,2,0,0,2,183,103,4718,18,13,1,13,13,18,40,13,0,18,20,48,44,20.907,197,1,36.139027,-120.368362,167.794998,5,600,58,3,"e00fce686dc2ef0a68fa40b0",2026-07-28 12:40:02.896,2026-07-28 12:40:03.172,2026-07-28 12:40:03.172,2026-07-28
"782","35cOC9j5qJ","MOOSPMv3Parser",1785242400,2,2,2,3,3,2,2,3,3,2,868,151,6685,25,18,2,18,18,18,38,18,0,18,19,48,47,15.153,230,1,36.139023,-120.36834,163.820007,6,600,58,3,"e00fce68e77e43df92405fdb",2026-07-28 12:40:02.997,2026-07-28 12:40:03.241,2026-07-28 12:40:03.241,2026-07-28
"783","GuaJCr8WE6","MOOSPMv3Parser",1785242400,6,6,5,9,9,5,5,9,9,5,1254,337,5325,58,38,4,38,38,16,67,38,0,17,18,65,63,10.473,168,1,35.949757,-119.049934,133.289001,7,599,58,3,"e00fce6808784ceaf209f949",2026-07-28 12:40:03.243,2026-07-28 12:40:03.393,2026-07-28 12:40:03.393,2026-07-28
"784","tSGeAyQcLT","MOOSPMv3Parser",1785242401,4,4,4,6,6,4,4,6,6,4,985,227,11525,39,33,3,33,33,18,57,33,0,19,19,53,55,14.487,220,1,36.762733,-119.798759,57.23,10,599,58,3,"e00fce68e88237db75a60608",2026-07-28 12:40:03.236,2026-07-28 12:40:03.442,2026-07-28 12:40:03.442,2026-07-28
"785","0GuF2YGugw","MOOSPMv3Parser",1785242400,10,10,8,14,14,8,8,15,15,8,2146,589,6840,81,59,3,59,59,17,75,59,0,17,18,76,72,1.62,202,1,36.523407,-119.278763,75.953003,7,600,58,3,"e00fce68f12da1a0c5de6248",2026-07-28 12:40:03.258,2026-07-28 12:40:03.459,2026-07-28 12:40:03.459,2026-07-28
"786","gQ2yE6J3j0","MOOSPMv3Parser",1785242400,2,2,3,3,3,3,3,3,3,3,554,138,3675,23,25,2,25,25,17,40,25,0,21,18,40,49,23.773,260,1,36.138981,-120.368378,175.822006,6,600,58,3,"e00fce6850cac69f647dc199",2026-07-28 12:40:03.403,2026-07-28 12:40:03.588,2026-07-28 12:40:03.588,2026-07-28
"787","psejn1Hjrg","MOOSPMv3Parser",1785242400,6,6,6,10,10,6,6,10,10,7,1251,359,8331,67,45,4,45,45,19,36,45,1,19,20,47,46,8.824,432,3277,7.3e-05,-0.004163,35398.101562,7,600,58,3,"e00fce68e28dcbc9a589be10",2026-07-28 12:40:03.995,2026-07-28 12:40:04.156,2026-07-28 12:40:04.156,2026-07-28
"788","AUH7AuM2ni","MOOSPMv3Parser",1785242400,2,2,3,3,3,3,3,4,4,3,457,140,8886,28,22,2,22,22,0,0,22,0,17,18,48,49,18.408,135,1,36.138893,-120.368431,153.524994,7,600,58,3,"e00fce6876826e255108c6bd",2026-07-28 12:40:03.972,2026-07-28 12:40:04.163,2026-07-28 12:40:04.163,2026-07-28
"789","EAOggTao5e","MOOSPMv3Parser",1785242401,4,4,0,7,7,0,0,8,8,0,1030,253,0,50,0,4,0,0,17,45,0,2,17,17,52,54,8.814,339,1,36.187519,-119.822083,54.450001,7,600,58,3,"e00fce68e739ecbcf9e91965",2026-07-28 12:40:04.97,2026-07-28 12:40:05.215,2026-07-28 12:40:05.215,2026-07-28
"790","tEbhmdNV8K","MOOSPMv3Parser",1785243000,2,2,2,3,3,3,3,3,3,3,878,156,6702,24,19,2,19,19,18,37,19,0,17,19,49,47,15.917,208,1,36.139084,-120.368423,185.457001,7,600,58,3,"e00fce68e77e43df92405fdb",2026-07-28 12:50:02.939,2026-07-28 12:50:03.232,2026-07-28 12:50:03.232,2026-07-28
"791","SdLvDtTv7B","MOOSPMv3Parser",1785243001,0,0,2,0,0,2,2,0,0,2,188,103,4728,17,13,2,13,13,18,41,13,0,17,19,49,44,21.616,169,1,36.138927,-120.368408,162.779007,6,600,58,3,"e00fce686dc2ef0a68fa40b0",2026-07-28 12:50:03.061,2026-07-28 12:50:03.308,2026-07-28 12:50:03.308,2026-07-28
"792","LcCIXJFRyX","MOOSPMv3Parser",1785243001,0,0,3,0,0,3,3,0,0,3,208,132,2383,22,22,3,23,23,18,41,23,1,17,18,49,47,10.899,207,1,36.13903,-120.368423,191.112,6,600,58,3,"e00fce68d6b773b56ce8baa0",2026-07-28 12:50:03.102,2026-07-28 12:50:03.417,2026-07-28 12:50:03.417,2026-07-28
"793","ySavKB6TyL","MOOSPMv3Parser",1785243000,12,12,9,16,16,9,9,17,17,9,2345,646,6899,90,67,4,67,67,17,74,67,0,18,18,73,71,3.968,164,1,36.523369,-119.278709,124.017998,6,600,58,3,"e00fce68f12da1a0c5de6248",2026-07-28 12:50:03.231,2026-07-28 12:50:03.468,2026-07-28 12:50:03.468,2026-07-28
"794","oBl5rrNykF","MOOSPMv3Parser",1785243001,4,4,4,6,6,5,5,6,6,5,986,228,11556,41,35,4,35,35,18,58,35,0,19,19,54,56,13.698,229,1,36.762699,-119.798805,52.541,8,599,58,3,"e00fce68e88237db75a60608",2026-07-28 12:50:03.205,2026-07-28 12:50:03.476,2026-07-28 12:50:03.476,2026-07-28
"795","YTxSvj1mcT","MOOSPMv3Parser",1785243000,6,6,5,9,9,5,5,10,10,5,1245,342,5358,57,38,5,38,38,16,68,38,0,17,18,65,64,11.184,158,1,35.949615,-119.049927,120.322998,7,599,58,3,"e00fce6808784ceaf209f949",2026-07-28 12:50:03.336,2026-07-28 12:50:03.562,2026-07-28 12:50:03.562,2026-07-28
"796","6ZfJEP4b2h","MOOSPMv3Parser",1785243000,2,2,3,3,3,3,3,4,4,3,580,147,3696,28,24,2,24,24,17,40,24,0,20,18,41,49,25.023,238,1,36.138981,-120.368378,175.819,0,600,58,3,"e00fce6850cac69f647dc199",2026-07-28 12:50:03.867,2026-07-28 12:50:04.077,2026-07-28 12:50:04.077,2026-07-28
"797","QCoP6MWKgc","MOOSPMv3Parser",1785243000,7,7,7,11,11,8,8,12,12,8,1379,395,8375,79,51,5,52,52,18,37,52,1,18,20,48,46,6.477,441,3277,7.3e-05,-0.004163,35398.101562,7,600,58,3,"e00fce68e28dcbc9a589be10",2026-07-28 12:50:03.984,2026-07-28 12:50:04.116,2026-07-28 12:50:04.116,2026-07-28
"798","1YOE8OO86c","MOOSPMv3Parser",1785243000,2,2,3,3,3,3,3,4,4,3,435,134,8905,29,22,3,22,22,0,0,22,0,17,18,48,49,18.842,98,1,36.139053,-120.368431,203.455994,6,600,58,3,"e00fce6876826e255108c6bd",2026-07-28 12:50:03.955,2026-07-28 12:50:04.142,2026-07-28 12:50:04.142,2026-07-28
"799","5bsFS6INEh","MOOSPMv3Parser",1785243001,4,4,0,7,7,0,0,8,8,0,971,236,0,51,0,5,0,0,17,45,0,2,17,17,51,53,9.402,336,1,36.187469,-119.821999,32.018002,7,600,58,3,"e00fce68e739ecbcf9e91965",2026-07-28 12:50:04.889,2026-07-28 12:50:05.077,2026-07-28 12:50:05.077,2026-07-28
"800","AlBdhPyEKi","MOOSPMv3Parser",1785243601,0,0,2,0,0,2,2,0,0,2,183,100,4739,17,13,2,13,13,18,40,13,0,17,19,48,43,22.97,139,1,36.139038,-120.368408,176.182007,5,600,58,3,"e00fce686dc2ef0a68fa40b0",2026-07-28 13:00:02.202,2026-07-28 13:00:03.223,2026-07-28 13:00:03.223,2026-07-28
"801","sUgpqvGFBV","MOOSPMv3Parser",1785243600,2,2,3,3,3,3,3,3,3,4,561,142,3719,27,26,2,26,26,16,39,26,0,20,17,39,48,25.935,216,1,36.13905,-120.368401,175.738998,6,600,58,3,"e00fce6850cac69f647dc199",2026-07-28 13:00:03.016,2026-07-28 13:00:03.739,2026-07-28 13:00:03.739,2026-07-28
"802","eXU72IuKqY","MOOSPMv3Parser",1785243600,2,2,2,3,3,3,3,3,3,3,892,154,6719,23,19,2,19,19,18,37,19,0,17,18,48,46,17.463,175,1,36.139072,-120.368431,160.856995,9,600,58,3,"e00fce68e77e43df92405fdb",2026-07-28 13:00:02.913,2026-07-28 13:00:04.062,2026-07-28 13:00:04.062,2026-07-28
"803","QOvV5V22lB","MOOSPMv3Parser",1785243601,4,4,5,6,6,5,5,6,6,5,1012,238,11588,40,37,3,37,37,17,61,37,0,19,18,55,57,14.558,216,1,36.762733,-119.798744,59.096001,10,599,58,3,"e00fce68e88237db75a60608",2026-07-28 13:00:03.235,2026-07-28 13:00:04.18,2026-07-28 13:00:04.18,2026-07-28
"804","oeew7if57B","MOOSPMv3Parser",1785243600,6,6,5,9,9,5,5,10,10,5,1285,348,5382,58,38,4,38,38,16,70,38,0,17,17,65,65,10.055,162,1,35.949726,-119.04995,128.192993,7,600,58,3,"e00fce6808784ceaf209f949",2026-07-28 13:00:03.328,2026-07-28 13:00:04.37,2026-07-28 13:00:04.37,2026-07-28
"805","iO6MCKLn5W","MOOSPMv3Parser",1785243601,0,0,3,0,0,3,3,0,0,3,212,132,2401,22,22,4,22,22,17,40,22,1,17,18,48,46,11.644,187,1,36.139156,-120.368423,178.722,6,600,58,3,"e00fce68d6b773b56ce8baa0",2026-07-28 13:00:03.023,2026-07-28 13:00:04.396,2026-07-28 13:00:04.396,2026-07-28
"806","f77Omqt99x","MOOSPMv3Parser",1785243600,13,13,9,18,18,10,10,19,19,10,2535,697,6962,95,72,6,72,72,17,74,72,0,17,18,75,70,3.905,154,1,36.523281,-119.278862,59.152,7,600,58,3,"e00fce68f12da1a0c5de6248",2026-07-28 13:00:03.266,2026-07-28 13:00:04.453,2026-07-28 13:00:04.453,2026-07-28
"807","Qc1xW66cOs","MOOSPMv3Parser",1785243600,2,2,3,3,3,3,3,4,4,3,429,131,8924,26,22,3,22,22,0,0,22,0,17,18,47,48,19.442,98,1,36.139034,-120.368431,171.798996,6,600,58,3,"e00fce6876826e255108c6bd",2026-07-28 13:00:04.208,2026-07-28 13:00:05.446,2026-07-28 13:00:05.446,2026-07-28
"808","e9xXoOjoD3","MOOSPMv3Parser",1785243600,10,10,8,15,15,8,8,16,16,8,1905,543,8426,96,60,5,60,60,18,37,60,1,18,20,49,47,6.009,444,3277,7.3e-05,-0.004163,35398.101562,7,600,58,3,"e00fce68e28dcbc9a589be10",2026-07-28 13:00:03.808,2026-07-28 13:00:05.588,2026-07-28 13:00:05.588,2026-07-28
"809","U3fjKkmBpQ","MOOSPMv3Parser",1785243601,4,4,0,7,7,0,0,8,8,0,988,242,0,50,0,5,0,0,16,46,0,2,17,17,53,54,7.856,339,1,36.187569,-119.822021,59.456001,8,600,58,3,"e00fce68e739ecbcf9e91965",2026-07-28 13:00:04.971,2026-07-28 13:00:06.437,2026-07-28 13:00:06.437,2026-07-28
"810","8w111Q3TYJ","MOOSPMv3Parser",1785244201,0,0,2,0,0,2,2,0,0,2,185,101,4750,18,13,2,13,13,18,40,13,0,17,19,47,43,23.683,135,1,36.139034,-120.368362,190.181,6,600,58,3,"e00fce686dc2ef0a68fa40b0",2026-07-28 13:10:02.499,2026-07-28 13:10:02.79,2026-07-28 13:10:02.79,2026-07-28
"811","cOIIWie5pJ","MOOSPMv3Parser",1785244201,0,0,3,0,0,3,3,0,0,3,209,134,2419,23,21,3,22,22,17,40,22,1,17,18,48,46,12.01,185,1,36.139156,-120.368423,178.723007,0,600,58,3,"e00fce68d6b773b56ce8baa0",2026-07-28 13:10:02.542,2026-07-28 13:10:02.843,2026-07-28 13:10:02.843,2026-07-28
"812","meTVaH5AOQ","MOOSPMv3Parser",1785244200,2,2,2,3,3,2,3,3,3,3,880,157,6734,25,18,2,18,18,17,37,18,0,17,18,48,47,17.911,175,1,36.139072,-120.368431,160.862,0,600,58,3,"e00fce68e77e43df92405fdb",2026-07-28 13:10:02.86,2026-07-28 13:10:03.021,2026-07-28 13:10:03.021,2026-07-28
"813","2ajg46hSU4","MOOSPMv3Parser",1785244200,2,2,3,3,3,3,3,4,4,3,544,138,3740,27,25,2,25,25,16,38,25,0,20,17,40,48,26.675,207,1,36.139057,-120.368454,181.802994,5,600,58,3,"e00fce6850cac69f647dc199",2026-07-28 13:10:03.24,2026-07-28 13:10:03.432,2026-07-28 13:10:03.432,2026-07-28
"814","8LMGZCKg4F","MOOSPMv3Parser",1785244200,13,13,10,18,18,10,10,19,19,10,2538,704,7029,103,77,4,78,78,17,74,78,0,16,18,77,70,3.049,168,1,36.523315,-119.27874,109.236,8,600,58,3,"e00fce68f12da1a0c5de6248",2026-07-28 13:10:03.267,2026-07-28 13:10:03.512,2026-07-28 13:10:03.512,2026-07-28
"815","V4LEWwCIt8","MOOSPMv3Parser",1785244201,4,4,5,7,7,5,5,7,7,5,1084,253,11619,45,35,3,36,36,17,62,36,0,18,18,56,58,13.623,222,1,36.762741,-119.798775,60.629002,8,599,58,3,"e00fce68e88237db75a60608",2026-07-28 13:10:03.208,2026-07-28 13:10:03.541,2026-07-28 13:10:03.541,2026-07-28
"816","yAxjwVQj2i","MOOSPMv3Parser",1785244200,7,7,6,11,11,6,7,11,11,7,1419,384,5430,74,45,5,46,46,16,71,46,0,17,17,65,66,10.106,170,1,35.949638,-119.049911,145.113007,5,599,58,3,"e00fce6808784ceaf209f949",2026-07-28 13:10:03.517,2026-07-28 13:10:03.696,2026-07-28 13:10:03.696,2026-07-28
"817","UahbJ4EpNg","MOOSPMv3Parser",1785244200,12,12,9,17,17,9,9,18,18,9,2182,622,8485,113,69,7,69,69,18,38,69,1,18,19,49,47,5.821,447,3277,7.3e-05,-0.004163,35398.101562,7,600,58,3,"e00fce68e28dcbc9a589be10",2026-07-28 13:10:03.9,2026-07-28 13:10:04.048,2026-07-28 13:10:04.048,2026-07-28
"818","UikVQuYRRv","MOOSPMv3Parser",1785244200,2,2,3,3,3,3,3,4,4,3,434,134,8943,28,22,4,22,22,0,0,22,0,17,18,47,48,20.135,98,1,36.138996,-120.368378,172.270004,7,600,58,3,"e00fce6876826e255108c6bd",2026-07-28 13:10:04.028,2026-07-28 13:10:04.182,2026-07-28 13:10:04.182,2026-07-28
"819","8aDFFFB16z","MOOSPMv3Parser",1785244201,5,5,0,9,9,0,0,9,9,0,1312,323,0,58,0,4,0,0,16,47,0,2,17,17,53,54,6.038,398,1,36.187599,-119.822121,41.928001,7,600,58,3,"e00fce68e739ecbcf9e91965",2026-07-28 13:10:04.966,2026-07-28 13:10:05.146,2026-07-28 13:10:05.146,2026-07-28
"820","qFqXSPHw7y","MOOSPMv3Parser",1785244801,0,0,3,0,0,3,3,0,0,3,214,134,2439,22,23,3,23,24,17,41,24,1,17,18,49,47,11.29,189,1,36.139027,-120.368408,171.977997,6,600,58,3,"e00fce68d6b773b56ce8baa0",2026-07-28 13:20:02.774,2026-07-28 13:20:03.084,2026-07-28 13:20:03.084,2026-07-28
"821","yrP0uVsuR9","MOOSPMv3Parser",1785244800,2,2,2,3,3,2,3,3,3,3,875,151,6749,24,18,2,18,18,17,38,18,0,17,18,48,47,16.547,187,1,36.139111,-120.368454,147.037003,8,600,58,3,"e00fce68e77e43df92405fdb",2026-07-28 13:20:02.918,2026-07-28 13:20:03.093,2026-07-28 13:20:03.093,2026-07-28
"822","8qxoFY51gB","MOOSPMv3Parser",1785244801,0,0,2,0,0,2,2,0,0,2,188,103,4760,18,12,2,12,12,18,41,12,1,17,19,48,45,22.171,141,1,36.13905,-120.368385,163.417999,5,600,58,3,"e00fce686dc2ef0a68fa40b0",2026-07-28 13:20:02.822,2026-07-28 13:20:03.23,2026-07-28 13:20:03.23,2026-07-28
"823","ABrhBNQ0A4","MOOSPMv3Parser",1785244801,4,4,5,6,6,5,5,7,7,5,1044,242,11651,44,37,3,37,37,17,64,37,0,18,18,58,59,12.414,241,1,36.762749,-119.79879,58.495998,11,599,58,3,"e00fce68e88237db75a60608",2026-07-28 13:20:03.218,2026-07-28 13:20:03.449,2026-07-28 13:20:03.449,2026-07-28
"824","BAAKhFfJvM","MOOSPMv3Parser",1785244800,13,13,10,18,18,11,11,19,19,11,2625,718,7098,103,79,6,79,79,17,74,79,0,16,18,77,70,3.986,171,1,36.523315,-119.27874,109.237,0,600,58,3,"e00fce68f12da1a0c5de6248",2026-07-28 13:20:03.424,2026-07-28 13:20:03.592,2026-07-28 13:20:03.592,2026-07-28
"825","CQeH0y0DBG","MOOSPMv3Parser",1785244800,7,7,7,12,12,8,9,13,13,9,1496,408,5464,79,51,8,52,52,16,71,52,1,17,17,66,66,8.412,191,1,35.949638,-119.049911,145.113007,0,600,58,3,"e00fce6808784ceaf209f949",2026-07-28 13:20:03.447,2026-07-28 13:20:03.661,2026-07-28 13:20:03.661,2026-07-28
"826","acSYRduhD8","MOOSPMv3Parser",1785244800,2,2,3,3,3,3,3,4,4,4,558,140,3762,28,25,2,25,25,16,40,25,0,20,17,41,50,25.787,212,1,36.138981,-120.368393,192.119003,5,600,58,3,"e00fce6850cac69f647dc199",2026-07-28 13:20:03.633,2026-07-28 13:20:03.841,2026-07-28 13:20:03.841,2026-07-28
"827","7GGtJS233M","MOOSPMv3Parser",1785244800,2,2,3,3,3,3,3,4,4,3,444,137,8962,29,22,3,22,22,0,0,22,0,17,17,48,50,19.432,98,1,36.139084,-120.368362,182.345993,5,600,58,3,"e00fce6876826e255108c6bd",2026-07-28 13:20:04.016,2026-07-28 13:20:04.226,2026-07-28 13:20:04.226,2026-07-28
"828","hwbZtkruyG","MOOSPMv3Parser",1785244800,10,10,8,14,14,8,8,15,15,8,1860,533,8537,92,60,5,60,60,18,38,60,1,18,19,49,48,6.495,446,3277,7.3e-05,-0.004163,35398.101562,7,600,58,3,"e00fce68e28dcbc9a589be10",2026-07-28 13:20:04.321,2026-07-28 13:20:04.502,2026-07-28 13:20:04.502,2026-07-28
"829","Ejwk1vZ0tp","MOOSPMv3Parser",1785244801,4,4,0,7,7,0,0,8,8,0,1067,262,0,53,0,4,0,0,17,46,0,2,17,17,51,54,9.203,333,1,36.187614,-119.82209,57.441002,7,600,58,3,"e00fce68e739ecbcf9e91965",2026-07-28 13:20:04.895,2026-07-28 13:20:05.072,2026-07-28 13:20:05.072,2026-07-28
"830","8h0oWGHQLt","MOOSPMv3Parser",1785245401,0,0,3,0,0,3,3,0,0,3,213,133,2457,22,21,3,22,22,17,42,22,1,17,18,51,50,11.604,185,1,36.13895,-120.368355,171.184006,8,600,58,3,"e00fce68d6b773b56ce8baa0",2026-07-28 13:30:02.604,2026-07-28 13:30:03.162,2026-07-28 13:30:03.162,2026-07-28
"831","CY5NHb99pD","MOOSPMv3Parser",1785245400,2,2,2,3,3,3,3,4,4,3,879,158,6765,26,19,2,19,19,17,41,19,0,17,18,51,50,16.944,168,1,36.139099,-120.368378,177.537003,8,600,58,3,"e00fce68e77e43df92405fdb",2026-07-28 13:30:02.85,2026-07-28 13:30:03.508,2026-07-28 13:30:03.508,2026-07-28
"832","dT0q4uEZKW","MOOSPMv3Parser",1785245401,0,0,2,0,0,2,2,0,0,2,185,101,4771,17,14,2,14,14,18,43,14,1,17,19,51,47,22.758,139,1,36.13905,-120.368385,163.419006,0,600,58,3,"e00fce686dc2ef0a68fa40b0",2026-07-28 13:30:03.21,2026-07-28 13:30:03.848,2026-07-28 13:30:03.848,2026-07-28
"833","qoYOoyRQjB","MOOSPMv3Parser",1785245400,7,7,7,11,11,9,10,13,13,11,1472,404,5516,78,52,7,54,54,16,70,54,1,17,17,65,66,8.311,190,1,35.949608,-119.049957,122.124001,6,599,58,3,"e00fce6808784ceaf209f949",2026-07-28 13:30:03.341,2026-07-28 13:30:03.865,2026-07-28 13:30:03.865,2026-07-28
"834","8civu11nEU","MOOSPMv3Parser",1785245400,13,13,9,17,17,10,10,18,18,10,2499,689,7162,96,73,4,73,73,17,76,73,0,17,18,77,73,4.495,156,1,36.523411,-119.2789,77.766998,6,600,58,3,"e00fce68f12da1a0c5de6248",2026-07-28 13:30:03.418,2026-07-28 13:30:04.056,2026-07-28 13:30:04.056,2026-07-28
"835","liApybZ0NN","MOOSPMv3Parser",1785245401,5,5,5,8,8,5,5,8,8,5,1171,277,11685,53,38,5,38,38,17,65,38,0,18,18,58,59,11.294,255,1,36.762745,-119.798744,60.551998,11,599,58,3,"e00fce68e88237db75a60608",2026-07-28 13:30:03.202,2026-07-28 13:30:04.088,2026-07-28 13:30:04.088,2026-07-28
"836","vNfNzFB4Jd","MOOSPMv3Parser",1785245400,7,7,6,10,10,6,6,10,10,6,1320,373,8576,65,46,4,46,46,18,38,46,1,19,19,48,47,7.466,437,3277,7.3e-05,-0.004163,35398.101562,7,600,58,3,"e00fce68e28dcbc9a589be10",2026-07-28 13:30:03.964,2026-07-28 13:30:04.266,2026-07-28 13:30:04.266,2026-07-28
"837","wYSBx6by4o","MOOSPMv3Parser",1785245400,2,2,3,3,3,3,3,4,4,3,425,131,8981,26,22,4,23,23,0,0,23,0,17,17,51,52,19.077,98,1,36.139004,-120.368362,152.218994,7,600,58,3,"e00fce6876826e255108c6bd",2026-07-28 13:30:03.956,2026-07-28 13:30:04.289,2026-07-28 13:30:04.289,2026-07-28
"838","EdFPrAjtfj","MOOSPMv3Parser",1785245400,2,2,3,4,4,3,3,4,4,3,564,146,3783,28,25,3,25,25,16,43,25,0,20,17,43,52,25.188,215,1,36.138931,-120.368309,184.173004,7,600,58,3,"e00fce6850cac69f647dc199",2026-07-28 13:30:03.83,2026-07-28 13:30:04.302,2026-07-28 13:30:04.302,2026-07-28
"839","EmeVrlG5Jm","MOOSPMv3Parser",1785245401,4,4,0,7,7,0,0,8,8,0,1023,247,0,50,0,5,0,0,17,45,0,2,17,17,50,53,11.039,305,1,36.187504,-119.822006,34.595001,7,600,58,3,"e00fce68e739ecbcf9e91965",2026-07-28 13:30:04.889,2026-07-28 13:30:05.068,2026-07-28 13:30:05.068,2026-07-28
"840","StBticcEcE","MOOSPMv3Parser",1785246001,0,0,3,0,0,3,3,0,0,3,212,136,2475,24,22,3,22,23,17,42,23,1,17,18,49,48,11.184,191,1,36.138962,-120.368324,169.231003,7,600,58,3,"e00fce68d6b773b56ce8baa0",2026-07-28 13:40:02.594,2026-07-28 13:40:02.881,2026-07-28 13:40:02.881,2026-07-28
"841","CvyBhzK3kq","MOOSPMv3Parser",1785246001,0,0,2,0,0,2,2,0,0,2,192,106,4782,17,14,2,14,14,18,42,14,1,17,19,49,45,22.616,147,2,36.139053,-120.368393,174.705994,6,600,58,3,"e00fce686dc2ef0a68fa40b0",2026-07-28 13:40:02.828,2026-07-28 13:40:03.02,2026-07-28 13:40:03.02,2026-07-28
"842","KtdtPD3W7D","MOOSPMv3Parser",1785246000,2,2,3,3,3,3,3,4,4,3,576,144,3804,27,24,2,24,24,16,41,24,0,20,17,41,51,24.912,221,1,36.138977,-120.368332,182.787003,8,600,58,3,"e00fce6850cac69f647dc199",2026-07-28 13:40:02.841,2026-07-28 13:40:03.124,2026-07-28 13:40:03.124,2026-07-28
"843","xVCZbTWKTh","MOOSPMv3Parser",1785246000,2,2,2,3,3,3,3,4,4,3,952,168,6782,27,19,3,19,19,17,39,19,0,18,18,48,49,17.187,175,2,36.13908,-120.368416,161.766006,7,600,58,3,"e00fce68e77e43df92405fdb",2026-07-28 13:40:02.974,2026-07-28 13:40:03.198,2026-07-28 13:40:03.198,2026-07-28
"844","IO9yMc9QJC","MOOSPMv3Parser",1785246001,5,5,5,8,8,6,6,8,8,6,1196,285,11721,53,41,5,41,41,17,66,41,0,18,18,57,60,10.488,255,1,36.762733,-119.798744,57.780998,8,599,58,3,"e00fce68e88237db75a60608",2026-07-28 13:40:03.148,2026-07-28 13:40:03.411,2026-07-28 13:40:03.411,2026-07-28
"845","Brij1lE336","MOOSPMv3Parser",1785246000,13,13,9,17,17,9,9,18,18,9,2490,681,7223,91,70,5,70,70,17,76,70,0,17,18,77,73,4.243,137,1,36.523369,-119.278915,63.084,7,600,58,3,"e00fce68f12da1a0c5de6248",2026-07-28 13:40:03.308,2026-07-28 13:40:03.526,2026-07-28 13:40:03.526,2026-07-28
"846","eZWnNUeTpC","MOOSPMv3Parser",1785246000,7,7,7,11,11,8,9,12,12,9,1448,399,5559,77,51,6,52,52,16,71,52,1,17,18,64,66,10.594,167,1,35.949657,-119.050041,117.694,5,599,58,3,"e00fce6808784ceaf209f949",2026-07-28 13:40:03.368,2026-07-28 13:40:03.634,2026-07-28 13:40:03.634,2026-07-28
"847","OAKCRznSaG","MOOSPMv3Parser",1785246000,5,5,4,7,7,5,5,7,7,5,959,271,8606,52,34,3,35,35,18,38,35,1,19,19,47,47,6.996,428,3277,7.3e-05,-0.004163,35398.101562,7,600,58,3,"e00fce68e28dcbc9a589be10",2026-07-28 13:40:03.916,2026-07-28 13:40:04.076,2026-07-28 13:40:04.076,2026-07-28
"848","hmU5mbOHCb","MOOSPMv3Parser",1785246000,2,2,3,3,3,3,3,4,4,3,443,136,9000,26,21,3,22,22,0,0,22,0,17,17,48,51,19.007,98,1,36.138988,-120.368385,149.714996,6,600,58,3,"e00fce6876826e255108c6bd",2026-07-28 13:40:04.028,2026-07-28 13:40:04.222,2026-07-28 13:40:04.222,2026-07-28
"849","4Q57XXF0AL","MOOSPMv3Parser",1785246001,3,3,0,6,6,0,0,7,7,0,967,231,0,46,0,5,0,0,17,44,0,2,18,18,49,52,10.532,324,1,36.187927,-119.823441,-10.641,5,600,58,3,"e00fce68e739ecbcf9e91965",2026-07-28 13:40:05.354,2026-07-28 13:40:05.521,2026-07-28 13:40:05.521,2026-07-28
"850","4c1BDoDxxQ","MOOSPMv3Parser",1785246601,0,0,2,0,0,2,2,0,0,2,205,117,4793,18,13,2,13,13,18,42,13,1,19,19,47,47,24.224,125,2,36.139095,-120.368401,174.886002,7,600,58,3,"e00fce686dc2ef0a68fa40b0",2026-07-28 13:50:02.564,2026-07-28 13:50:02.895,2026-07-28 13:50:02.895,2026-07-28
"851","My6R5fnLQx","MOOSPMv3Parser",1785246601,0,0,3,0,0,3,3,1,1,3,227,147,2495,24,23,3,24,24,18,42,24,1,18,18,48,50,12.788,168,1,36.139038,-120.368309,172.800003,6,600,58,3,"e00fce68d6b773b56ce8baa0",2026-07-28 13:50:02.681,2026-07-28 13:50:02.927,2026-07-28 13:50:02.927,2026-07-28
"852","ippcz4d9gZ","MOOSPMv3Parser",1785246600,3,3,2,4,4,3,3,4,4,3,1028,185,6798,30,19,2,19,19,18,41,19,0,19,18,48,51,19.009,151,2,36.13905,-120.368408,180.485001,8,600,58,3,"e00fce68e77e43df92405fdb",2026-07-28 13:50:03.088,2026-07-28 13:50:03.319,2026-07-28 13:50:03.319,2026-07-28
"853","NmFY0Inj7e","MOOSPMv3Parser",1785246601,4,4,5,7,7,6,6,7,7,6,1155,272,11738,54,42,3,43,43,18,65,43,0,19,19,56,58,10.566,262,1,36.762733,-119.798744,57.778,0,600,58,3,"e00fce68e88237db75a60608",2026-07-28 13:50:03.14,2026-07-28 13:50:03.421,2026-07-28 13:50:03.421,2026-07-28
"854","MwbjyviMAQ","MOOSPMv3Parser",1785246600,2,2,3,4,4,3,3,4,4,4,631,161,3826,29,25,2,25,25,17,42,25,0,21,17,42,52,26.573,192,1,36.138969,-120.368324,182.628998,6,600,58,3,"e00fce6850cac69f647dc199",2026-07-28 13:50:03.171,2026-07-28 13:50:03.427,2026-07-28 13:50:03.427,2026-07-28
"855","AA4H91j2VN","MOOSPMv3Parser",1785246600,12,12,9,16,16,9,9,17,17,9,2306,633,7282,94,67,5,67,67,17,76,67,0,18,18,74,73,5.565,134,1,36.523361,-119.278938,71.566002,11,600,58,3,"e00fce68f12da1a0c5de6248",2026-07-28 13:50:03.327,2026-07-28 13:50:03.51,2026-07-28 13:50:03.51,2026-07-28
"856","sxHsYSoTiB","MOOSPMv3Parser",1785246600,7,7,7,11,11,8,10,12,12,10,1410,388,5600,74,50,6,51,52,17,71,52,1,18,18,63,65,11.913,164,1,35.949608,-119.049988,115.935997,7,599,58,3,"e00fce6808784ceaf209f949",2026-07-28 13:50:03.401,2026-07-28 13:50:03.58,2026-07-28 13:50:03.58,2026-07-28
"857","XwAB0pDN5o","MOOSPMv3Parser",1785246600,3,3,4,5,5,4,4,6,6,4,777,220,8630,42,28,2,28,28,19,38,28,1,20,20,46,47,10.897,394,3277,7.3e-05,-0.004163,35398.101562,7,600,58,3,"e00fce68e28dcbc9a589be10",2026-07-28 13:50:03.825,2026-07-28 13:50:04.022,2026-07-28 13:50:04.022,2026-07-28
"858","0isUjhurjX","MOOSPMv3Parser",1785246600,2,2,3,4,4,3,3,5,5,3,524,162,9020,30,23,3,23,23,0,0,23,0,19,18,46,52,20.17,98,1,36.138943,-120.368439,171.932999,6,600,58,3,"e00fce6876826e255108c6bd",2026-07-28 13:50:04.177,2026-07-28 13:50:04.431,2026-07-28 13:50:04.431,2026-07-28
"859","OQ31H7APjh","MOOSPMv3Parser",1785246601,3,3,0,6,6,0,0,7,7,0,936,228,0,49,0,6,0,0,18,41,0,2,19,19,47,49,12.205,292,1,36.1875,-119.822006,27.013,9,600,58,3,"e00fce68e739ecbcf9e91965",2026-07-28 13:50:04.896,2026-07-28 13:50:05.118,2026-07-28 13:50:05.118,2026-07-28
"860","vZm8OPklPD","MOOSPMv3Parser",1785247201,0,0,3,0,0,3,3,1,1,3,235,152,2515,27,24,3,24,24,18,43,24,1,20,18,47,50,13.002,170,1,36.139046,-120.368309,180.117004,9,600,58,3,"e00fce68d6b773b56ce8baa0",2026-07-28 14:00:02.774,2026-07-28 14:00:04.155,2026-07-28 14:00:04.155,2026-07-28
"861","DdksrJBQBN","MOOSPMv3Parser",1785247201,0,0,2,0,0,2,2,0,0,2,203,116,4805,18,14,2,14,14,18,43,14,1,20,20,46,47,24.739,135,2,36.139019,-120.368408,175.251007,8,600,58,3,"e00fce686dc2ef0a68fa40b0",2026-07-28 14:00:03.064,2026-07-28 14:00:04.174,2026-07-28 14:00:04.174,2026-07-28
"862","spoRAiQ5VR","MOOSPMv3Parser",1785247200,2,2,2,4,4,3,3,4,4,3,990,181,6814,28,19,2,19,19,18,42,19,0,20,19,46,51,18.384,165,2,36.138992,-120.368431,177.313995,8,600,58,3,"e00fce68e77e43df92405fdb",2026-07-28 14:00:02.914,2026-07-28 14:00:04.379,2026-07-28 14:00:04.379,2026-07-28
"863","e2Vy2rveZi","MOOSPMv3Parser",1785247200,2,2,3,4,4,4,4,4,4,4,650,162,3848,31,26,3,26,26,17,43,26,0,22,18,40,52,26.115,195,2,36.138985,-120.368546,171.098007,5,600,58,3,"e00fce6850cac69f647dc199",2026-07-28 14:00:03.503,2026-07-28 14:00:04.53,2026-07-28 14:00:04.53,2026-07-28
"864","4ZzYcQQUlu","MOOSPMv3Parser",1785247200,6,6,6,10,10,7,7,11,11,8,1357,373,5639,72,45,6,46,46,17,70,46,1,19,18,62,65,11.916,165,2,35.949596,-119.04995,107.911003,7,599,58,3,"e00fce6808784ceaf209f949",2026-07-28 14:00:03.534,2026-07-28 14:00:04.561,2026-07-28 14:00:04.561,2026-07-28
"865","Bs8MpA3Ly2","MOOSPMv3Parser",1785247201,5,5,5,7,7,6,6,8,8,6,1143,273,11795,50,42,4,42,42,18,62,42,0,19,19,56,56,10.611,261,1,36.762737,-119.798767,58.622002,8,599,58,3,"e00fce68e88237db75a60608",2026-07-28 14:00:03.139,2026-07-28 14:00:04.579,2026-07-28 14:00:04.579,2026-07-28
"866","ITeyKVMiVi","MOOSPMv3Parser",1785247200,3,3,3,4,4,4,4,5,5,4,679,189,8653,33,27,3,27,27,19,38,27,1,20,20,45,47,12.667,405,3277,7.3e-05,-0.004163,35398.101562,7,600,58,3,"e00fce68e28dcbc9a589be10",2026-07-28 14:00:03.92,2026-07-28 14:00:04.763,2026-07-28 14:00:04.763,2026-07-28
"867","OpBy5C5hd7","MOOSPMv3Parser",1785247200,2,2,3,4,4,3,3,5,5,3,525,162,9039,30,23,3,23,23,0,0,23,0,20,18,45,53,20.114,98,1,36.138943,-120.368439,171.938004,0,600,58,3,"e00fce6876826e255108c6bd",2026-07-28 14:00:04.198,2026-07-28 14:00:05.345,2026-07-28 14:00:05.345,2026-07-28
"868","8w9uh75LBo","MOOSPMv3Parser",1785247201,3,3,0,6,6,0,0,6,6,0,884,210,0,43,0,4,0,0,18,39,0,2,18,19,47,47,11.679,293,1,36.187435,-119.821747,47.181,7,600,58,3,"e00fce68e739ecbcf9e91965",2026-07-28 14:00:05.051,2026-07-28 14:00:05.674,2026-07-28 14:00:05.674,2026-07-28
"869","VTD37LXEbF","MOOSPMv3Parser",1785247200,11,11,8,15,15,9,9,17,17,9,2175,598,7338,87,64,5,65,65,17,75,65,0,18,18,73,71,6.565,134,1,36.52338,-119.278854,72.055,7,600,58,3,"e00fce68f12da1a0c5de6248",2026-07-28 14:00:07.253,2026-07-28 14:00:07.548,2026-07-28 14:00:07.548,2026-07-28
"870","IbzYLdy5ze","MOOSPMv3Parser",1785247801,0,0,2,0,0,2,2,0,0,2,203,118,4817,20,15,2,15,15,19,40,15,1,21,21,41,42,24.976,139,2,36.139065,-120.368355,187.854004,6,600,58,3,"e00fce686dc2ef0a68fa40b0",2026-07-28 14:10:01.971,2026-07-28 14:10:02.146,2026-07-28 14:10:02.146,2026-07-28
"871","NyDKgtOF2B","MOOSPMv3Parser",1785247801,0,0,3,0,0,3,4,1,1,4,236,154,2536,26,25,3,25,25,19,41,25,1,21,20,42,46,14.247,170,2,36.139023,-120.368408,184.520004,7,600,58,3,"e00fce68d6b773b56ce8baa0",2026-07-28 14:10:02.626,2026-07-28 14:10:02.933,2026-07-28 14:10:02.933,2026-07-28
"872","HrOBrJIuGK","MOOSPMv3Parser",1785247800,2,2,3,4,4,3,3,4,4,3,981,175,6832,28,20,2,20,21,18,39,21,0,21,19,40,48,19.956,168,2,36.139011,-120.368401,172.964996,7,600,58,3,"e00fce68e77e43df92405fdb",2026-07-28 14:10:02.994,2026-07-28 14:10:03.28,2026-07-28 14:10:03.28,2026-07-28
"873","LF0BYTcjOc","MOOSPMv3Parser",1785247801,4,4,5,7,7,6,6,8,8,6,1145,272,11831,49,42,4,42,42,18,61,42,0,19,20,54,55,11.581,248,1,36.762756,-119.798767,53.755001,9,599,58,3,"e00fce68e88237db75a60608",2026-07-28 14:10:03.145,2026-07-28 14:10:03.374,2026-07-28 14:10:03.374,2026-07-28
"874","ecCvX9PsBX","MOOSPMv3Parser",1785247800,6,6,6,10,10,7,8,11,11,8,1349,372,5677,73,45,7,46,46,18,69,46,1,19,19,61,64,13.339,155,2,35.949589,-119.050018,107.523003,6,599,58,3,"e00fce6808784ceaf209f949",2026-07-28 14:10:03.379,2026-07-28 14:10:03.538,2026-07-28 14:10:03.538,2026-07-28
"875","NLazwsaXYV","MOOSPMv3Parser",1785247800,2,2,3,3,3,4,4,4,4,4,625,160,3871,29,26,2,27,27,18,40,27,0,24,20,36,47,27.037,187,2,36.138973,-120.368408,183.789993,6,600,58,3,"e00fce6850cac69f647dc199",2026-07-28 14:10:03.894,2026-07-28 14:10:04.11,2026-07-28 14:10:04.11,2026-07-28
"876","hKtGDiHNsX","MOOSPMv3Parser",1785247800,2,2,3,4,4,3,3,4,4,3,491,152,9060,28,24,3,24,24,0,0,24,1,22,19,40,50,20.654,98,1,36.138969,-120.368423,171.649994,11,600,58,3,"e00fce6876826e255108c6bd",2026-07-28 14:10:03.958,2026-07-28 14:10:04.136,2026-07-28 14:10:04.136,2026-07-28
"877","gukBF3vLEg","MOOSPMv3Parser",1785247800,3,3,4,5,5,4,5,5,5,5,701,198,8677,39,29,3,29,29,19,37,29,1,21,20,42,46,13.139,393,3277,7.3e-05,-0.004163,35398.101562,7,600,58,3,"e00fce68e28dcbc9a589be10",2026-07-28 14:10:04.348,2026-07-28 14:10:04.526,2026-07-28 14:10:04.526,2026-07-28
"878","BDngGFsAKa","MOOSPMv3Parser",1785247801,3,3,0,6,6,0,0,7,7,0,874,215,0,52,0,4,0,0,19,38,0,2,19,20,46,45,11.042,302,1,36.187435,-119.821747,47.185001,0,600,58,3,"e00fce68e739ecbcf9e91965",2026-07-28 14:10:05.129,2026-07-28 14:10:05.308,2026-07-28 14:10:05.308,2026-07-28
"879","nbpPiyZcYm","MOOSPMv3Parser",1785247800,10,10,8,15,15,8,8,16,16,8,2091,577,7392,84,62,5,62,62,18,74,62,0,19,19,71,71,7.396,149,1,36.523315,-119.278816,88.338997,7,600,58,3,"e00fce68f12da1a0c5de6248",2026-07-28 14:10:19.89,2026-07-28 14:10:20.09,2026-07-28 14:10:20.09,2026-07-28
"880","fGY33kwzFf","MOOSPMv3Parser",1785248401,0,0,2,0,0,3,3,0,0,3,206,119,4831,21,17,1,17,17,20,39,17,1,22,23,40,39,26.502,127,2,36.139053,-120.36837,178.169998,7,600,58,3,"e00fce686dc2ef0a68fa40b0",2026-07-28 14:20:02.181,2026-07-28 14:20:02.384,2026-07-28 14:20:02.384,2026-07-28
"881","AvnwDUqSMb","MOOSPMv3Parser",1785248401,0,0,3,1,1,4,4,1,1,4,237,153,2558,28,27,4,27,27,20,40,27,1,22,21,40,43,14.99,158,2,36.13905,-120.368385,172.617004,5,600,58,3,"e00fce68d6b773b56ce8baa0",2026-07-28 14:20:02.641,2026-07-28 14:20:02.83,2026-07-28 14:20:02.83,2026-07-28
"882","lJ4ubr5DC9","MOOSPMv3Parser",1785248400,2,2,4,4,4,4,4,4,4,4,619,160,3895,29,28,2,28,28,19,37,29,1,25,21,34,43,27.648,172,2,36.139023,-120.368469,164.134995,5,600,58,3,"e00fce6850cac69f647dc199",2026-07-28 14:20:02.77,2026-07-28 14:20:02.991,2026-07-28 14:20:02.991,2026-07-28
"883","JHUukGeN9p","MOOSPMv3Parser",1785248400,2,2,3,4,4,3,3,4,4,3,993,177,6850,31,21,2,21,21,19,38,21,1,22,20,39,46,20.952,147,2,36.13895,-120.368423,170.119003,9,600,58,3,"e00fce68e77e43df92405fdb",2026-07-28 14:20:02.916,2026-07-28 14:20:03.207,2026-07-28 14:20:03.207,2026-07-28
"884","enbno5wt4d","MOOSPMv3Parser",1785248401,5,5,5,7,7,5,5,8,8,5,1212,286,11866,51,40,3,40,40,19,59,40,0,20,21,53,53,11.524,247,1,36.762699,-119.798767,60.221001,11,599,58,3,"e00fce68e88237db75a60608",2026-07-28 14:20:03.22,2026-07-28 14:20:03.395,2026-07-28 14:20:03.395,2026-07-28
"885","xm1cBKSN8H","MOOSPMv3Parser",1785248400,11,11,8,15,15,8,8,16,16,8,2156,595,7447,87,63,4,63,63,18,73,63,0,20,19,69,69,8.402,149,1,36.523323,-119.278854,83.948997,7,600,58,3,"e00fce68f12da1a0c5de6248",2026-07-28 14:20:03.161,2026-07-28 14:20:03.404,2026-07-28 14:20:03.404,2026-07-28
"886","oxmAglOazh","MOOSPMv3Parser",1785248400,6,6,6,9,9,7,7,10,10,7,1268,347,5714,59,43,5,44,44,18,68,44,1,20,19,59,62,13.629,150,2,35.949574,-119.049973,113.542999,7,599,58,3,"e00fce6808784ceaf209f949",2026-07-28 14:20:03.326,2026-07-28 14:20:03.494,2026-07-28 14:20:03.494,2026-07-28
"887","2fZ8sfRW2K","MOOSPMv3Parser",1785248400,2,2,3,4,4,4,4,5,5,4,511,159,9082,33,26,4,26,26,0,0,26,1,22,20,39,47,21.314,98,1,36.13903,-120.368469,181.003998,7,600,58,3,"e00fce6876826e255108c6bd",2026-07-28 14:20:04.03,2026-07-28 14:20:04.192,2026-07-28 14:20:04.192,2026-07-28
"888","xToq61B6bA","MOOSPMv3Parser",1785248400,2,2,3,4,4,4,4,4,4,4,588,167,8699,32,25,2,26,26,20,34,26,1,22,21,39,44,19.158,292,3277,7.3e-05,-0.004163,35398.101562,7,600,58,3,"e00fce68e28dcbc9a589be10",2026-07-28 14:20:04.151,2026-07-28 14:20:04.402,2026-07-28 14:20:04.402,2026-07-28
"889","SkEX7GTUWf","MOOSPMv3Parser",1785248401,3,3,0,5,5,0,0,6,6,0,830,199,0,40,0,4,0,0,20,35,0,2,20,22,43,42,11.241,305,1,36.18766,-119.822075,17.118999,7,600,58,3,"e00fce68e739ecbcf9e91965",2026-07-28 14:20:04.97,2026-07-28 14:20:05.151,2026-07-28 14:20:05.151,2026-07-28
"890","3gkdRpGCKZ","MOOSPMv3Parser",1785249001,0,0,2,0,0,2,2,0,0,2,197,111,4843,17,14,2,14,14,21,36,14,1,23,24,36,36,28.89,113,2,36.138973,-120.36837,159.733002,5,600,58,3,"e00fce686dc2ef0a68fa40b0",2026-07-28 14:30:02.494,2026-07-28 14:30:02.968,2026-07-28 14:30:02.968,2026-07-28
"891","OknocqhhSB","MOOSPMv3Parser",1785249000,3,3,2,4,4,3,3,5,5,3,1663,212,6865,28,18,2,19,19,20,33,19,0,24,22,36,42,24.412,129,2,36.139053,-120.368462,179.792999,8,600,58,3,"e00fce68e77e43df92405fdb",2026-07-28 14:30:02.853,2026-07-28 14:30:03.434,2026-07-28 14:30:03.434,2026-07-28
"892","tte1LxaxtA","MOOSPMv3Parser",1785249000,2,2,3,3,3,4,4,4,4,4,580,145,3917,31,25,2,26,26,20,33,26,0,27,23,30,39,29.881,147,2,36.138977,-120.368385,183.453003,6,600,58,3,"e00fce6850cac69f647dc199",2026-07-28 14:30:03.158,2026-07-28 14:30:03.564,2026-07-28 14:30:03.564,2026-07-28
"893","oIGEdnw3rP","MOOSPMv3Parser",1785249001,5,5,5,7,7,6,6,8,8,6,1173,278,11883,51,42,3,42,42,20,56,42,0,21,22,52,50,12.499,244,1,36.762714,-119.798737,72.138,12,600,58,3,"e00fce68e88237db75a60608",2026-07-28 14:30:03.154,2026-07-28 14:30:03.763,2026-07-28 14:30:03.763,2026-07-28
"894","vUdmz9qWd8","MOOSPMv3Parser",1785249000,6,6,5,8,8,5,5,9,9,5,1222,336,5746,59,37,3,38,38,19,66,38,0,21,20,59,62,16.244,123,2,35.949532,-119.049988,121.824997,7,599,58,3,"e00fce6808784ceaf209f949",2026-07-28 14:30:03.32,2026-07-28 14:30:04.09,2026-07-28 14:30:04.09,2026-07-28
"895","YwgPBAm8PA","MOOSPMv3Parser",1785249000,2,2,3,3,3,3,3,3,3,3,516,147,8717,26,22,1,22,22,20,31,22,1,23,21,35,40,22.674,200,3277,7.3e-05,-0.004163,35398.101562,7,600,58,3,"e00fce68e28dcbc9a589be10",2026-07-28 14:30:03.876,2026-07-28 14:30:04.179,2026-07-28 14:30:04.179,2026-07-28
"896","IFhXxmJohn","MOOSPMv3Parser",1785249000,2,2,3,3,3,3,3,4,4,3,478,146,9102,31,23,4,24,24,0,0,24,1,23,22,37,42,22.227,98,2,36.139,-120.368416,169.509003,7,600,58,3,"e00fce6876826e255108c6bd",2026-07-28 14:30:03.953,2026-07-28 14:30:04.425,2026-07-28 14:30:04.425,2026-07-28
"897","fey6HmMaPj","MOOSPMv3Parser",1785249000,13,13,9,18,18,9,9,19,19,9,2533,693,7508,98,69,5,69,69,18,72,69,0,20,20,67,68,9.19,135,1,36.523308,-119.278748,81.955002,6,600,58,3,"e00fce68f12da1a0c5de6248",2026-07-28 14:30:03.476,2026-07-28 14:30:04.513,2026-07-28 14:30:04.513,2026-07-28
"898","zIZUSJ99Vq","MOOSPMv3Parser",1785249001,2,2,0,5,5,0,0,5,5,0,732,179,0,38,0,3,0,0,20,33,0,2,21,23,42,40,13.562,282,1,36.187508,-119.822105,27.239,6,600,58,3,"e00fce68e739ecbcf9e91965",2026-07-28 14:30:04.971,2026-07-28 14:30:05.268,2026-07-28 14:30:05.268,2026-07-28
"899","gvxXdSMfcU","MOOSPMv3Parser",1785249001,0,0,3,0,0,3,3,1,1,3,226,147,2577,27,23,4,23,23,21,37,23,1,23,23,38,39,16.827,149,2,36.139072,-120.368401,179.841995,5,600,58,3,"e00fce68d6b773b56ce8baa0",2026-07-28 14:30:06.947,2026-07-28 14:30:07.155,2026-07-28 14:30:07.155,2026-07-28
"900","1l5KdvSjV8","MOOSPMv3Parser",1785249601,0,0,2,0,0,2,2,0,0,2,195,111,4853,17,12,2,12,12,23,34,13,1,24,26,35,34,31.015,92,2,36.139011,-120.368393,178.279999,9,600,58,3,"e00fce686dc2ef0a68fa40b0",2026-07-28 14:40:02.992,2026-07-28 14:40:03.188,2026-07-28 14:40:03.188,2026-07-28
"901","FRxLoPvCtn","MOOSPMv3Parser",1785249601,0,0,3,0,0,3,3,1,1,3,225,147,2595,25,22,3,22,22,22,35,22,1,24,25,36,36,18.244,128,2,36.139011,-120.368401,170.011002,3,600,58,3,"e00fce68d6b773b56ce8baa0",2026-07-28 14:40:02.933,2026-07-28 14:40:03.195,2026-07-28 14:40:03.195,2026-07-28
"902","wF5nODK5VI","MOOSPMv3Parser",1785249600,2,2,2,3,3,2,2,4,4,2,989,163,6880,25,17,2,17,17,21,31,17,0,25,23,35,40,26.767,103,3,36.139061,-120.368401,180.934006,12,600,58,3,"e00fce68e77e43df92405fdb",2026-07-28 14:40:02.918,2026-07-28 14:40:03.29,2026-07-28 14:40:03.29,2026-07-28
"903","pys2H8qUom","MOOSPMv3Parser",1785249601,5,5,6,8,8,6,6,8,8,6,1207,290,11941,53,43,4,44,44,20,52,44,0,21,23,50,47,13.13,253,1,36.762711,-119.798729,52.187,11,599,58,3,"e00fce68e88237db75a60608",2026-07-28 14:40:03.241,2026-07-28 14:40:03.444,2026-07-28 14:40:03.444,2026-07-28
"904","6tn8iFhNzg","MOOSPMv3Parser",1785249600,6,6,4,8,8,5,5,9,9,5,1180,328,5777,55,35,3,35,35,19,62,35,0,22,21,55,58,17.557,113,2,35.949455,-119.050041,111.563004,6,599,58,3,"e00fce6808784ceaf209f949",2026-07-28 14:40:03.331,2026-07-28 14:40:03.562,2026-07-28 14:40:03.562,2026-07-28
"905","WKUW3Z7pfA","MOOSPMv3Parser",1785249600,2,2,3,3,3,3,3,3,3,3,558,139,3936,25,22,2,23,23,22,30,23,0,28,24,28,37,31.975,125,2,36.138977,-120.368385,183.451004,0,600,58,3,"e00fce6850cac69f647dc199",2026-07-28 14:40:03.47,2026-07-28 14:40:03.661,2026-07-28 14:40:03.661,2026-07-28
"906","JMEa4u3g1a","MOOSPMv3Parser",1785249600,12,12,9,17,17,9,9,17,17,9,2366,654,7569,94,70,5,70,70,19,70,70,0,21,20,66,66,9.29,128,1,36.523251,-119.278793,74.108002,5,600,58,3,"e00fce68f12da1a0c5de6248",2026-07-28 14:40:03.845,2026-07-28 14:40:04.063,2026-07-28 14:40:04.063,2026-07-28
"907","0HLZqfIzVo","MOOSPMv3Parser",1785249600,2,2,3,3,3,3,3,4,4,3,468,145,9119,28,20,3,20,20,0,0,20,0,24,24,35,39,23.331,98,2,36.139,-120.368393,175.699005,8,600,58,3,"e00fce6876826e255108c6bd",2026-07-28 14:40:04.024,2026-07-28 14:40:04.247,2026-07-28 14:40:04.247,2026-07-28
"908","rEiszzBHrd","MOOSPMv3Parser",1785249600,2,2,3,3,3,3,3,4,4,3,522,149,8735,28,21,2,21,21,21,30,21,1,24,22,34,38,25.95,107,3277,7.3e-05,-0.004163,35398.101562,7,600,58,3,"e00fce68e28dcbc9a589be10",2026-07-28 14:40:04.196,2026-07-28 14:40:04.353,2026-07-28 14:40:04.353,2026-07-28
"909","Fhq6Fi5oJQ","MOOSPMv3Parser",1785249601,2,2,0,4,4,0,0,5,5,0,696,177,0,36,0,3,0,0,21,30,0,2,21,24,40,38,15.302,261,1,36.187496,-119.82196,29.655001,6,600,58,3,"e00fce68e739ecbcf9e91965",2026-07-28 14:40:04.972,2026-07-28 14:40:05.131,2026-07-28 14:40:05.131,2026-07-28
"910","gcjWA40O1z","MOOSPMv3Parser",1785250201,0,0,3,0,0,3,3,0,0,3,228,146,2614,25,22,3,22,22,23,34,22,0,25,26,34,34,19.396,110,2,36.138977,-120.368401,175.126999,6,600,58,3,"e00fce68d6b773b56ce8baa0",2026-07-28 14:50:02.678,2026-07-28 14:50:03.082,2026-07-28 14:50:03.082,2026-07-28
"911","ECnxTP7NDQ","MOOSPMv3Parser",1785250200,2,2,2,3,3,2,2,4,4,2,955,168,6896,27,18,1,18,18,22,30,18,0,25,24,34,39,26.771,96,3,36.138981,-120.368477,185.641006,6,600,58,3,"e00fce68e77e43df92405fdb",2026-07-28 14:50:02.908,2026-07-28 14:50:03.154,2026-07-28 14:50:03.154,2026-07-28
"912","PeqCXwIc11","MOOSPMv3Parser",1785250200,5,5,4,8,8,5,5,8,8,5,1110,304,5806,50,34,3,34,34,20,60,34,0,23,22,52,56,18.611,110,2,35.949581,-119.049957,106.726997,7,599,58,3,"e00fce6808784ceaf209f949",2026-07-28 14:50:03.27,2026-07-28 14:50:03.454,2026-07-28 14:50:03.454,2026-07-28
"913","xzxgscCWFb","MOOSPMv3Parser",1785250201,5,5,5,7,7,6,6,7,7,6,1196,279,11977,51,41,2,41,41,21,50,41,0,21,24,50,46,14.929,233,1,36.762703,-119.798767,62.819,11,599,58,3,"e00fce68e88237db75a60608",2026-07-28 14:50:03.29,2026-07-28 14:50:03.493,2026-07-28 14:50:03.493,2026-07-28
"914","zDmEMGECtS","MOOSPMv3Parser",1785250201,0,0,2,0,0,2,2,0,0,2,197,112,4863,17,13,2,13,13,24,33,13,0,25,27,34,32,31.987,83,2,36.139008,-120.368393,171.369995,9,600,58,3,"e00fce686dc2ef0a68fa40b0",2026-07-28 14:50:03.292,2026-07-28 14:50:03.557,2026-07-28 14:50:03.557,2026-07-28
"915","RgA6QH8fg7","MOOSPMv3Parser",1785250200,13,13,9,18,18,9,9,19,19,9,2469,687,7631,99,71,5,71,71,19,69,71,0,21,21,65,65,9.727,124,1,36.523239,-119.278839,69.258003,7,600,58,3,"e00fce68f12da1a0c5de6248",2026-07-28 14:50:03.399,2026-07-28 14:50:03.607,2026-07-28 14:50:03.607,2026-07-28
"916","kKOS7i5GKY","MOOSPMv3Parser",1785250200,2,2,3,3,3,3,3,3,3,3,574,143,3956,27,22,2,23,23,23,28,23,0,29,26,27,34,32.745,108,3,36.138992,-120.368347,190.087006,5,600,58,3,"e00fce6850cac69f647dc199",2026-07-28 14:50:03.796,2026-07-28 14:50:03.968,2026-07-28 14:50:03.968,2026-07-28
"917","tCnW80IfuK","MOOSPMv3Parser",1785250200,2,2,3,3,3,3,3,3,3,3,515,145,8752,25,20,1,20,20,22,27,20,1,24,24,32,35,27.085,93,3277,7.3e-05,-0.004163,35398.101562,7,600,58,3,"e00fce68e28dcbc9a589be10",2026-07-28 14:50:03.873,2026-07-28 14:50:04.047,2026-07-28 14:50:04.047,2026-07-28
"918","IteGBMcFpe","MOOSPMv3Parser",1785250200,2,2,3,3,3,3,3,4,4,3,464,143,9138,29,21,2,22,22,0,0,22,0,25,25,33,36,23.63,98,3,36.139011,-120.368301,184.298004,7,600,58,3,"e00fce6876826e255108c6bd",2026-07-28 14:50:03.951,2026-07-28 14:50:04.126,2026-07-28 14:50:04.126,2026-07-28
"919","WAUZ8lAOoN","MOOSPMv3Parser",1785250201,3,3,0,5,5,0,0,6,6,0,776,199,0,44,0,4,0,0,22,28,0,2,22,25,38,36,15.742,250,1,36.187496,-119.822037,38.860001,6,600,58,3,"e00fce68e739ecbcf9e91965",2026-07-28 14:50:04.963,2026-07-28 14:50:05.113,2026-07-28 14:50:05.113,2026-07-28
"920","NLRyP1YJdb","MOOSPMv3Parser",1785250801,0,0,2,0,0,2,2,0,0,2,186,105,4874,15,12,1,12,12,25,31,12,0,26,29,31,29,35.117,69,2,36.139057,-120.368378,182.313004,7,600,58,3,"e00fce686dc2ef0a68fa40b0",2026-07-28 15:00:02.178,2026-07-28 15:00:02.745,2026-07-28 15:00:02.745,2026-07-28
"921","5mok907Hb6","MOOSPMv3Parser",1785250801,0,0,2,0,0,3,3,0,0,3,218,140,2630,24,19,3,19,19,25,31,19,0,26,28,32,31,21.194,90,3,36.138985,-120.368454,181.645004,6,600,58,3,"e00fce68d6b773b56ce8baa0",2026-07-28 15:00:02.768,2026-07-28 15:00:03.465,2026-07-28 15:00:03.465,2026-07-28
"922","u2ADqkbPvW","MOOSPMv3Parser",1785250800,2,2,2,3,3,2,2,3,3,2,850,157,6910,25,17,1,17,17,23,26,17,0,26,26,31,35,29.555,74,3,36.138981,-120.368477,185.641006,0,600,58,3,"e00fce68e77e43df92405fdb",2026-07-28 15:00:02.91,2026-07-28 15:00:03.771,2026-07-28 15:00:03.771,2026-07-28
"923","4xKFUp3fbM","MOOSPMv3Parser",1785250800,5,5,4,8,8,5,5,8,8,5,1131,312,5836,52,35,4,35,35,21,55,35,0,24,23,51,53,18.437,117,2,35.94957,-119.049965,121.349998,7,599,58,3,"e00fce6808784ceaf209f949",2026-07-28 15:00:03.242,2026-07-28 15:00:03.815,2026-07-28 15:00:03.815,2026-07-28
"924","tSa2ZIRvTf","MOOSPMv3Parser",1785250800,2,2,3,3,3,3,3,3,3,3,556,140,3974,23,21,1,21,21,24,24,21,0,31,28,25,31,34.662,89,3,36.138988,-120.368423,174.964005,6,600,58,3,"e00fce6850cac69f647dc199",2026-07-28 15:00:02.85,2026-07-28 15:00:03.884,2026-07-28 15:00:03.884,2026-07-28
"925","FGk6orutHZ","MOOSPMv3Parser",1785250800,1,1,2,2,2,2,2,2,2,2,441,124,8767,20,17,1,17,17,23,25,17,1,25,26,31,32,28.672,64,3277,7.3e-05,-0.004163,35398.101562,7,600,58,3,"e00fce68e28dcbc9a589be10",2026-07-28 15:00:04.066,2026-07-28 15:00:04.525,2026-07-28 15:00:04.525,2026-07-28
"926","ToPNHvy8nD","MOOSPMv3Parser",1785250800,13,13,9,19,19,10,10,20,20,10,2623,723,7695,104,73,6,74,74,19,68,74,0,21,21,63,63,10.065,128,2,36.523369,-119.278717,85.591003,7,600,58,3,"e00fce68f12da1a0c5de6248",2026-07-28 15:00:03.487,2026-07-28 15:00:04.859,2026-07-28 15:00:04.859,2026-07-28
"927","CwE52hz6T6","MOOSPMv3Parser",1785250801,4,4,5,6,6,5,5,7,7,5,1132,265,12009,46,37,3,37,37,22,47,37,0,22,24,47,44,16.674,218,1,36.762695,-119.79879,63.929001,9,599,58,3,"e00fce68e88237db75a60608",2026-07-28 15:00:03.371,2026-07-28 15:00:04.897,2026-07-28 15:00:04.897,2026-07-28
"928","YvzG90LjpU","MOOSPMv3Parser",1785250800,1,1,3,3,3,3,3,3,3,3,424,132,9156,24,20,2,20,20,0,0,20,0,26,26,31,34,25.365,98,3,36.139061,-120.368507,166.522995,6,600,58,3,"e00fce6876826e255108c6bd",2026-07-28 15:00:04.207,2026-07-28 15:00:05.27,2026-07-28 15:00:05.27,2026-07-28
"929","NZB8MQS5A6","MOOSPMv3Parser",1785250801,3,3,0,5,5,0,0,6,6,0,736,194,0,39,0,3,0,0,23,26,0,2,23,25,37,35,18.891,203,1,36.187511,-119.822029,28.611,8,600,58,3,"e00fce68e739ecbcf9e91965",2026-07-28 15:00:05.121,2026-07-28 15:00:05.469,2026-07-28 15:00:05.469,2026-07-28
"930","EJshx38TR9","MOOSPMv3Parser",1785251401,0,0,1,0,0,2,2,0,0,2,191,108,4883,16,12,1,12,12,26,30,12,0,26,30,30,28,36.769,64,2,36.139057,-120.368362,174.578003,7,600,58,3,"e00fce686dc2ef0a68fa40b0",2026-07-28 15:10:02.489,2026-07-28 15:10:02.825,2026-07-28 15:10:02.825,2026-07-28
"931","rybjC1whJE","MOOSPMv3Parser",1785251401,0,0,3,0,0,3,3,0,0,3,221,141,2647,24,20,2,20,20,26,30,20,0,27,29,31,29,22.301,83,3,36.139038,-120.368355,165.231995,5,600,58,3,"e00fce68d6b773b56ce8baa0",2026-07-28 15:10:02.779,2026-07-28 15:10:02.976,2026-07-28 15:10:02.976,2026-07-28
"932","mtgKiHgTo6","MOOSPMv3Parser",1785251400,4,4,2,5,5,2,2,5,5,2,1940,283,6925,23,17,2,17,17,24,23,17,0,27,27,30,32,31.009,65,3,36.138996,-120.368416,175.063004,15,600,58,3,"e00fce68e77e43df92405fdb",2026-07-28 15:10:02.936,2026-07-28 15:10:03.121,2026-07-28 15:10:03.121,2026-07-28
"933","3oqDBWAvoP","MOOSPMv3Parser",1785251400,2,2,3,3,3,3,3,3,3,3,550,134,3992,25,21,2,21,21,25,22,21,0,31,29,24,29,36.258,78,3,36.138973,-120.368416,177.404999,7,600,58,3,"e00fce6850cac69f647dc199",2026-07-28 15:10:03.082,2026-07-28 15:10:03.358,2026-07-28 15:10:03.358,2026-07-28
"934","D9H1A9t2PU","MOOSPMv3Parser",1785251401,4,4,4,7,7,5,5,7,7,5,1187,258,12040,45,35,4,35,35,22,44,35,0,23,25,46,42,18.013,194,1,36.762691,-119.798775,52.912998,12,599,58,3,"e00fce68e88237db75a60608",2026-07-28 15:10:03.279,2026-07-28 15:10:03.471,2026-07-28 15:10:03.471,2026-07-28
"935","KCbLrvWBbn","MOOSPMv3Parser",1785251400,5,5,4,8,8,5,5,8,8,5,1096,302,5857,53,35,4,35,35,22,50,35,0,24,24,48,48,20.058,114,3,35.94957,-119.049965,121.349998,0,600,58,3,"e00fce6808784ceaf209f949",2026-07-28 15:10:03.323,2026-07-28 15:10:03.555,2026-07-28 15:10:03.555,2026-07-28
"936","GC2l4KECt4","MOOSPMv3Parser",1785251400,14,14,9,19,19,10,10,20,20,10,2640,735,7759,105,73,6,73,73,20,66,73,0,21,21,62,62,11.169,127,2,36.523369,-119.278717,85.587997,0,600,58,3,"e00fce68f12da1a0c5de6248",2026-07-28 15:10:04.06,2026-07-28 15:10:04.227,2026-07-28 15:10:04.227,2026-07-28
"937","EUZAMLbQFa","MOOSPMv3Parser",1785251400,1,1,2,3,3,3,3,3,3,3,423,130,9172,23,19,2,19,19,0,0,19,0,27,28,30,32,25.33,98,3,36.138966,-120.368355,189.158997,7,600,58,3,"e00fce6876826e255108c6bd",2026-07-28 15:10:04.101,2026-07-28 15:10:04.275,2026-07-28 15:10:04.275,2026-07-28
"938","ZjIcNLAFcK","MOOSPMv3Parser",1785251400,2,2,2,3,3,2,2,3,3,2,460,130,8782,21,17,1,17,17,24,23,17,1,25,27,30,29,29.397,57,3277,7.3e-05,-0.004163,35398.101562,7,600,58,3,"e00fce68e28dcbc9a589be10",2026-07-28 15:10:04.213,2026-07-28 15:10:04.365,2026-07-28 15:10:04.365,2026-07-28
"939","5xePnoYTVe","MOOSPMv3Parser",1785251401,2,2,0,4,4,0,0,5,5,0,672,171,0,36,0,4,0,0,23,25,0,2,23,26,36,34,21.029,176,1,36.187489,-119.82209,37.341999,6,600,58,3,"e00fce68e739ecbcf9e91965",2026-07-28 15:10:04.969,2026-07-28 15:10:05.164,2026-07-28 15:10:05.164,2026-07-28
"940","LbHrdzSEnS","MOOSPMv3Parser",1785252001,0,0,2,0,0,3,3,0,0,3,220,137,2662,23,19,2,19,19,27,29,19,0,27,30,30,29,22.883,84,3,36.139057,-120.368347,184.384995,10,600,58,3,"e00fce68d6b773b56ce8baa0",2026-07-28 15:20:02.629,2026-07-28 15:20:02.846,2026-07-28 15:20:02.846,2026-07-28
"941","bH4M4W9ewI","MOOSPMv3Parser",1785252000,2,2,2,3,3,2,2,3,3,2,834,163,6938,23,15,2,15,15,26,22,15,0,27,28,29,31,32.466,61,3,36.138996,-120.368362,186.231995,9,600,58,3,"e00fce68e77e43df92405fdb",2026-07-28 15:20:02.934,2026-07-28 15:20:03.167,2026-07-28 15:20:03.167,2026-07-28
"942","LhvjQAQo5N","MOOSPMv3Parser",1785252001,0,0,1,0,0,1,1,0,0,1,188,102,4892,16,11,1,11,11,26,29,11,0,27,30,30,27,38.733,66,2,36.139057,-120.368362,174.578995,0,600,58,3,"e00fce686dc2ef0a68fa40b0",2026-07-28 15:20:02.873,2026-07-28 15:20:03.237,2026-07-28 15:20:03.237,2026-07-28
"943","mVhvYrIB8t","MOOSPMv3Parser",1785252000,5,5,5,7,7,5,5,8,8,5,1054,289,5888,52,35,4,36,36,23,47,36,0,25,25,47,46,21.936,82,3,35.949505,-119.049919,137.763,5,600,58,3,"e00fce6808784ceaf209f949",2026-07-28 15:20:03.265,2026-07-28 15:20:03.459,2026-07-28 15:20:03.459,2026-07-28
"944","xy1XF7kFE9","MOOSPMv3Parser",1785252001,4,4,4,5,5,4,4,6,6,4,1081,231,12067,37,31,2,31,31,23,42,31,0,23,26,44,41,21.127,159,1,36.762703,-119.798759,60.771,11,599,58,3,"e00fce68e88237db75a60608",2026-07-28 15:20:03.304,2026-07-28 15:20:03.542,2026-07-28 15:20:03.542,2026-07-28
"945","Ym0YRouPIB","MOOSPMv3Parser",1785252000,13,13,9,18,18,10,10,19,19,10,2596,712,7823,101,74,6,74,74,20,65,74,0,22,22,60,60,12.008,116,2,36.523365,-119.278816,69.169998,6,600,58,3,"e00fce68f12da1a0c5de6248",2026-07-28 15:20:03.416,2026-07-28 15:20:03.583,2026-07-28 15:20:03.583,2026-07-28
"946","Aauw8ffVNe","MOOSPMv3Parser",1785252000,2,2,3,3,3,3,3,3,3,3,552,135,4010,25,20,2,20,20,26,20,20,0,32,30,23,28,38.041,80,3,36.139008,-120.368462,168.214005,6,600,58,3,"e00fce6850cac69f647dc199",2026-07-28 15:20:03.485,2026-07-28 15:20:03.675,2026-07-28 15:20:03.675,2026-07-28
"947","OkbRGAuk7z","MOOSPMv3Parser",1785252000,1,1,2,3,3,2,2,3,3,2,446,126,8796,24,16,1,16,16,25,23,16,0,26,29,31,30,29.03,68,3277,7.3e-05,-0.004163,35398.101562,7,600,58,3,"e00fce68e28dcbc9a589be10",2026-07-28 15:20:03.89,2026-07-28 15:20:04.112,2026-07-28 15:20:04.112,2026-07-28
"948","KSSXX6kXY8","MOOSPMv3Parser",1785252000,1,1,2,3,3,2,3,4,4,3,429,132,9188,23,19,3,19,19,0,0,19,0,27,29,29,30,25.933,98,3,36.139095,-120.368355,179.731995,6,600,58,3,"e00fce6876826e255108c6bd",2026-07-28 15:20:04.291,2026-07-28 15:20:04.483,2026-07-28 15:20:04.483,2026-07-28
"949","tXL8hpAUUS","MOOSPMv3Parser",1785252001,3,3,0,4,4,0,0,5,5,0,671,176,0,35,0,3,0,0,24,24,0,2,23,26,36,33,18.705,152,2,36.187523,-119.821953,40.210999,6,600,58,3,"e00fce68e739ecbcf9e91965",2026-07-28 15:20:05.049,2026-07-28 15:20:05.23,2026-07-28 15:20:05.23,2026-07-28
"950","GFwX8znWUn","MOOSPMv3Parser",1785252601,0,0,1,0,0,1,1,0,0,1,190,105,4901,16,10,1,10,10,27,28,10,0,27,31,29,27,40.371,68,2,36.139008,-120.36834,148.638,6,600,58,3,"e00fce686dc2ef0a68fa40b0",2026-07-28 15:30:01.949,2026-07-28 15:30:02.21,2026-07-28 15:30:02.21,2026-07-28
"951","BrTQBAKEmB","MOOSPMv3Parser",1785252600,2,2,2,3,3,2,2,3,3,2,800,158,6952,24,16,2,16,16,26,20,16,0,28,29,29,29,33.649,62,3,36.139088,-120.368431,162.054001,9,600,58,3,"e00fce68e77e43df92405fdb",2026-07-28 15:30:02.996,2026-07-28 15:30:03.454,2026-07-28 15:30:03.454,2026-07-28
"952","ItqZSKWzq7","MOOSPMv3Parser",1785252600,5,5,4,8,8,5,5,9,9,5,1078,301,5918,56,35,5,35,35,23,42,35,0,25,26,45,42,22.541,75,3,35.949585,-119.049965,120.372002,9,600,58,3,"e00fce6808784ceaf209f949",2026-07-28 15:30:03.32,2026-07-28 15:30:03.699,2026-07-28 15:30:03.699,2026-07-28
"953","Pf7g5O9w57","MOOSPMv3Parser",1785252601,0,0,2,0,0,3,3,0,0,3,221,141,2678,22,19,2,19,19,28,27,19,0,28,31,29,27,23.901,80,3,36.138958,-120.368431,181.5,8,600,58,3,"e00fce68d6b773b56ce8baa0",2026-07-28 15:30:03.329,2026-07-28 15:30:03.78,2026-07-28 15:30:03.78,2026-07-28
"954","P7k4DUhJxf","MOOSPMv3Parser",1785252600,12,12,9,17,17,10,10,18,18,10,2361,653,7886,98,72,6,72,72,20,64,72,0,22,22,60,60,13.218,102,2,36.523266,-119.27887,99.706001,8,600,58,3,"e00fce68f12da1a0c5de6248",2026-07-28 15:30:03.321,2026-07-28 15:30:03.894,2026-07-28 15:30:03.894,2026-07-28
"955","f8aKLUFU5M","MOOSPMv3Parser",1785252601,3,3,4,5,5,4,4,6,6,4,983,223,12094,41,30,2,30,30,24,40,30,0,24,28,43,38,23.754,138,1,36.762718,-119.798767,58.588001,8,599,58,3,"e00fce68e88237db75a60608",2026-07-28 15:30:03.456,2026-07-28 15:30:03.902,2026-07-28 15:30:03.902,2026-07-28
"956","3z8tJ9n8zT","MOOSPMv3Parser",1785252600,1,1,2,3,3,3,3,3,3,3,551,131,4027,23,20,1,20,20,27,19,20,0,33,31,22,27,38.913,84,3,36.138931,-120.36834,210.889999,6,600,58,3,"e00fce6850cac69f647dc199",2026-07-28 15:30:03.799,2026-07-28 15:30:04.142,2026-07-28 15:30:04.142,2026-07-28
"957","NQ4jZ0mFTW","MOOSPMv3Parser",1785252600,2,2,2,3,3,2,2,3,3,2,471,133,8809,22,16,2,16,16,26,21,16,0,26,30,31,28,29.262,82,3277,7.3e-05,-0.004163,35398.101562,7,600,58,3,"e00fce68e28dcbc9a589be10",2026-07-28 15:30:04.065,2026-07-28 15:30:04.334,2026-07-28 15:30:04.334,2026-07-28
"958","AHcN5rMBOB","MOOSPMv3Parser",1785252601,3,3,0,5,5,0,0,5,5,0,711,184,0,36,0,2,0,0,24,24,0,2,24,27,36,33,18.968,141,2,36.187546,-119.822197,22.518999,5,600,58,3,"e00fce68e739ecbcf9e91965",2026-07-28 15:30:04.97,2026-07-28 15:30:05.184,2026-07-28 15:30:05.184,2026-07-28
"959","rRb0vadRy4","MOOSPMv3Parser",1785252600,1,1,2,3,3,3,3,3,3,3,419,128,9205,23,19,2,19,19,0,0,19,0,28,30,28,29,27.033,98,3,36.139008,-120.368408,176.688004,7,600,58,3,"e00fce6876826e255108c6bd",2026-07-28 15:30:05.06,2026-07-28 15:30:05.234,2026-07-28 15:30:05.234,2026-07-28
"960","Fwp8IQFrzr","MOOSPMv3Parser",1785253201,0,0,1,0,0,1,2,0,0,2,187,101,4910,15,11,1,11,11,28,27,11,0,28,31,27,26,40.425,58,2,36.138973,-120.368393,155.759003,10,600,58,3,"e00fce686dc2ef0a68fa40b0",2026-07-28 15:40:02.259,2026-07-28 15:40:02.399,2026-07-28 15:40:02.399,2026-07-28
"961","h29r6NOyHk","MOOSPMv3Parser",1785253201,0,0,2,0,0,3,3,0,0,3,217,138,2694,22,19,2,19,19,29,27,19,0,28,32,28,26,24.584,68,3,36.139011,-120.368317,162.641998,8,600,58,3,"e00fce68d6b773b56ce8baa0",2026-07-28 15:40:02.697,2026-07-28 15:40:02.982,2026-07-28 15:40:02.982,2026-07-28
"962","weAS0Xcqw9","MOOSPMv3Parser",1785253200,2,2,2,3,3,2,2,3,3,2,778,151,6965,21,14,1,14,14,28,18,14,0,29,31,27,28,34.182,58,2,36.13895,-120.368355,174.520004,8,600,58,3,"e00fce68e77e43df92405fdb",2026-07-28 15:40:02.855,2026-07-28 15:40:03.072,2026-07-28 15:40:03.072,2026-07-28
"963","STfzfCtHoV","MOOSPMv3Parser",1785253200,2,2,2,3,3,2,2,3,3,2,515,127,4043,21,19,1,19,19,28,17,19,0,33,32,22,25,39.752,73,3,36.139027,-120.368423,185.880005,6,600,58,3,"e00fce6850cac69f647dc199",2026-07-28 15:40:02.859,2026-07-28 15:40:03.096,2026-07-28 15:40:03.096,2026-07-28
"964","SrBzPlJtqE","MOOSPMv3Parser",1785253201,4,4,4,6,6,4,4,6,6,4,1024,226,12100,38,30,2,30,30,24,37,30,0,25,28,41,37,23.983,136,1,36.762718,-119.798767,58.591,0,600,58,3,"e00fce68e88237db75a60608",2026-07-28 15:40:03.284,2026-07-28 15:40:03.503,2026-07-28 15:40:03.503,2026-07-28
"965","Js2ed9jd4R","MOOSPMv3Parser",1785253200,5,5,5,8,8,5,5,9,9,6,1101,307,5951,58,39,4,39,39,24,42,39,0,25,27,46,43,23.514,73,3,35.9496,-119.049927,122.776001,5,600,58,3,"e00fce6808784ceaf209f949",2026-07-28 15:40:03.518,2026-07-28 15:40:03.712,2026-07-28 15:40:03.712,2026-07-28
"966","Xyb2I7uiAs","MOOSPMv3Parser",1785253200,13,13,9,19,19,10,10,20,20,10,2625,725,7949,105,72,6,72,72,21,63,72,0,23,22,59,59,14.326,99,2,36.523361,-119.278862,89.234001,8,600,58,3,"e00fce68f12da1a0c5de6248",2026-07-28 15:40:03.995,2026-07-28 15:40:04.166,2026-07-28 15:40:04.166,2026-07-28
"967","KWQaYUEKh9","MOOSPMv3Parser",1785253200,2,2,2,3,3,2,2,3,3,2,488,138,8823,26,17,2,17,17,27,20,17,0,27,31,30,27,29.431,85,3277,7.3e-05,-0.004163,35398.101562,7,600,58,3,"e00fce68e28dcbc9a589be10",2026-07-28 15:40:04.111,2026-07-28 15:40:04.307,2026-07-28 15:40:04.307,2026-07-28
"968","3teGjtX0KC","MOOSPMv3Parser",1785253200,1,1,2,3,3,2,2,3,3,2,409,127,9221,25,18,3,18,18,0,0,18,0,28,31,27,28,27.363,98,3,36.138966,-120.368347,172.095001,6,600,58,3,"e00fce6876826e255108c6bd",2026-07-28 15:40:04.129,2026-07-28 15:40:04.322,2026-07-28 15:40:04.322,2026-07-28
"969","1gYDdQkQgv","MOOSPMv3Parser",1785253201,2,2,0,5,5,0,0,5,5,0,687,175,0,36,0,3,0,0,24,25,0,2,24,27,37,34,23.965,106,2,36.18755,-119.822037,41.715,6,600,58,3,"e00fce68e739ecbcf9e91965",2026-07-28 15:40:05.049,2026-07-28 15:40:05.211,2026-07-28 15:40:05.211,2026-07-28
"970","Co0azge4Qa","MOOSPMv3Parser",1785253801,0,0,1,0,0,1,1,0,0,1,185,101,4919,15,11,1,11,11,28,26,11,0,29,33,27,25,42.783,57,2,36.139004,-120.368393,174.440994,10,600,58,3,"e00fce686dc2ef0a68fa40b0",2026-07-28 15:50:02.499,2026-07-28 15:50:02.74,2026-07-28 15:50:02.74,2026-07-28
"971","hNRzyp5lGT","MOOSPMv3Parser",1785253801,0,0,2,0,0,2,2,0,0,2,221,137,2709,20,18,2,18,18,30,26,18,0,29,33,27,25,26.142,62,3,36.138885,-120.36837,150.727997,9,600,58,3,"e00fce68d6b773b56ce8baa0",2026-07-28 15:50:02.546,2026-07-28 15:50:02.791,2026-07-28 15:50:02.791,2026-07-28
"972","bw09L8f49L","MOOSPMv3Parser",1785253800,2,2,2,3,3,2,2,3,3,2,805,155,6977,25,14,2,14,14,28,17,14,0,29,32,26,27,36.188,59,2,36.139061,-120.368362,168.343002,5,600,58,3,"e00fce68e77e43df92405fdb",2026-07-28 15:50:02.98,2026-07-28 15:50:03.257,2026-07-28 15:50:03.257,2026-07-28
"973","05LYlGqgp5","MOOSPMv3Parser",1785253801,3,3,4,5,5,4,4,5,5,4,983,220,12146,33,30,2,30,30,25,35,30,0,25,29,40,35,23.68,156,1,36.762756,-119.798729,67.495003,9,599,58,3,"e00fce68e88237db75a60608",2026-07-28 15:50:03.207,2026-07-28 15:50:03.436,2026-07-28 15:50:03.436,2026-07-28
"974","4VaPGKQW9P","MOOSPMv3Parser",1785253800,1,1,2,3,3,2,2,3,3,2,518,129,4059,23,18,1,18,18,29,16,18,0,34,34,21,25,41.115,75,2,36.138931,-120.368324,188.322998,6,600,58,3,"e00fce6850cac69f647dc199",2026-07-28 15:50:03.231,2026-07-28 15:50:03.514,2026-07-28 15:50:03.514,2026-07-28
"975","Gxc9HBzjiF","MOOSPMv3Parser",1785253800,11,11,9,16,16,9,9,17,17,9,2226,616,8008,90,67,5,67,67,21,61,67,0,23,23,56,57,16.007,93,3,36.523376,-119.278748,76.642998,7,600,58,3,"e00fce68f12da1a0c5de6248",2026-07-28 15:50:03.317,2026-07-28 15:50:03.522,2026-07-28 15:50:03.522,2026-07-28
"976","f8CMGRZfPb","MOOSPMv3Parser",1785253800,5,5,5,8,8,5,6,9,9,6,1146,314,5982,60,36,4,36,36,25,38,36,0,25,28,45,40,23.378,81,3,35.949467,-119.049934,105.322998,5,600,58,3,"e00fce6808784ceaf209f949",2026-07-28 15:50:03.356,2026-07-28 15:50:03.683,2026-07-28 15:50:03.683,2026-07-28
"977","1IR2Oqqq8E","MOOSPMv3Parser",1785253800,1,1,2,3,3,2,2,3,3,2,408,125,9235,24,17,3,17,17,0,0,17,0,29,32,26,27,27.959,98,2,36.138966,-120.368347,172.091995,0,600,58,3,"e00fce6876826e255108c6bd",2026-07-28 15:50:04.144,2026-07-28 15:50:04.291,2026-07-28 15:50:04.291,2026-07-28
"978","FQhMrevlIi","MOOSPMv3Parser",1785253800,2,2,2,3,3,2,2,3,3,2,477,136,8838,26,17,1,17,17,27,16,17,1,27,32,26,23,30.681,73,3277,7.3e-05,-0.004163,35398.101562,7,600,58,3,"e00fce68e28dcbc9a589be10",2026-07-28 15:50:04.368,2026-07-28 15:50:04.571,2026-07-28 15:50:04.571,2026-07-28
"979","BG46AynfKn","MOOSPMv3Parser",1785253801,2,2,0,5,5,0,0,6,6,0,720,185,0,42,0,4,0,0,24,25,0,2,24,27,36,34,23.971,125,3,36.1875,-119.822052,22.836,6,600,58,3,"e00fce68e739ecbcf9e91965",2026-07-28 15:50:04.971,2026-07-28 15:50:05.197,2026-07-28 15:50:05.197,2026-07-28
"980","LovgNjfqMj","MOOSPMv3Parser",1785254400,2,2,2,3,3,2,2,3,3,2,796,148,6990,22,15,1,15,15,29,17,15,0,30,33,27,26,37.476,54,2,36.139027,-120.36837,166.425003,10,600,58,3,"e00fce68e77e43df92405fdb",2026-07-28 16:00:02.925,2026-07-28 16:00:03.743,2026-07-28 16:00:03.743,2026-07-28
"981","xSFQF5ssAW","MOOSPMv3Parser",1785254401,0,0,1,0,0,2,2,0,0,2,185,100,4929,14,11,1,11,11,29,26,11,0,30,34,27,24,44.238,52,2,36.139019,-120.36834,175.764999,11,600,58,3,"e00fce686dc2ef0a68fa40b0",2026-07-28 16:00:02.885,2026-07-28 16:00:03.904,2026-07-28 16:00:03.904,2026-07-28
"982","A7uAkUnf4I","MOOSPMv3Parser",1785254400,1,1,2,3,3,2,2,3,3,2,508,121,4073,24,17,1,17,17,30,15,17,0,35,34,20,24,42.702,64,2,36.139053,-120.36837,175.610001,7,600,58,3,"e00fce6850cac69f647dc199",2026-07-28 16:00:03.488,2026-07-28 16:00:04.169,2026-07-28 16:00:04.169,2026-07-28
"983","fLkcXnlJx2","MOOSPMv3Parser",1785254401,1,1,2,2,2,2,2,2,2,2,414,117,8866,21,16,1,16,16,28,15,16,0,28,33,25,22,33.498,28,3277,7.3e-05,-0.004163,35398.101562,7,599,58,3,"e00fce68e28dcbc9a589be10",2026-07-28 16:00:03.04,2026-07-28 16:00:04.182,2026-07-28 16:00:04.182,2026-07-28
"984","wIu34uZFlA","MOOSPMv3Parser",1785254401,0,0,2,0,0,2,2,0,0,2,219,139,2723,22,17,2,17,17,30,25,17,0,29,34,27,25,27.43,49,3,36.13895,-120.368393,164.210999,7,600,58,3,"e00fce68d6b773b56ce8baa0",2026-07-28 16:00:02.989,2026-07-28 16:00:04.554,2026-07-28 16:00:04.554,2026-07-28
"985","4YYBIKDtkd","MOOSPMv3Parser",1785254401,3,3,4,5,5,4,4,5,5,4,914,202,12171,34,28,2,28,28,26,31,28,0,26,30,37,33,26.339,130,1,36.762722,-119.798744,65.977997,9,599,58,3,"e00fce68e88237db75a60608",2026-07-28 16:00:03.282,2026-07-28 16:00:04.859,2026-07-28 16:00:04.859,2026-07-28
"986","WUfVBQgSkl","MOOSPMv3Parser",1785254400,5,5,4,7,7,4,4,8,8,4,1062,289,6010,47,33,3,33,33,25,36,33,0,26,29,43,38,23.703,76,2,35.949554,-119.049904,107.834,9,600,58,3,"e00fce6808784ceaf209f949",2026-07-28 16:00:03.502,2026-07-28 16:00:05.198,2026-07-28 16:00:05.198,2026-07-28
"987","IWfyiifQMF","MOOSPMv3Parser",1785254400,1,1,2,2,2,2,2,3,3,2,382,116,9250,22,17,2,17,17,0,0,17,0,30,33,26,26,29.256,98,2,36.139133,-120.368408,191.906998,9,600,58,3,"e00fce6876826e255108c6bd",2026-07-28 16:00:04.261,2026-07-28 16:00:05.296,2026-07-28 16:00:05.296,2026-07-28
"988","I8qePPLeXE","MOOSPMv3Parser",1785254400,9,9,8,14,14,9,9,14,14,9,1891,522,8064,86,65,5,65,65,21,58,65,0,24,23,54,55,18.068,80,3,36.523388,-119.278709,82.837997,7,600,58,3,"e00fce68f12da1a0c5de6248",2026-07-28 16:00:04.028,2026-07-28 16:00:05.306,2026-07-28 16:00:05.306,2026-07-28
"989","Lj1OzEkEDp","MOOSPMv3Parser",1785254401,2,2,0,4,4,0,0,5,5,0,693,177,0,37,0,3,0,0,25,24,0,2,25,28,35,33,24.832,120,3,36.1875,-119.822052,22.836,0,600,58,3,"e00fce68e739ecbcf9e91965",2026-07-28 16:00:05.058,2026-07-28 16:00:05.548,2026-07-28 16:00:05.548,2026-07-28
"990","RDIKJk4dBG","MOOSPMv3Parser",1785255001,0,0,1,0,0,1,1,0,0,1,183,97,4937,14,10,1,10,10,30,26,10,0,30,35,27,24,43.366,62,2,36.139004,-120.368385,177.505005,11,600,58,3,"e00fce686dc2ef0a68fa40b0",2026-07-28 16:10:01.947,2026-07-28 16:10:02.169,2026-07-28 16:10:02.169,2026-07-28
"991","hr1BhUm7iz","MOOSPMv3Parser",1785255001,2,2,0,4,4,0,0,5,5,0,685,176,0,36,0,3,0,0,25,22,0,2,25,28,34,32,25.855,109,3,36.187412,-119.82206,22.959999,6,598,58,3,"e00fce68e739ecbcf9e91965",2026-07-28 16:10:02.968,2026-07-28 16:10:03.147,2026-07-28 16:10:03.147,2026-07-28
"992","4Qs4o3BW14","MOOSPMv3Parser",1785255001,1,1,2,2,2,2,2,2,2,2,389,110,8864,20,14,1,14,14,28,14,14,0,28,33,24,22,33.885,29,3277,7.3e-05,-0.004163,35398.101562,7,600,58,3,"e00fce68e28dcbc9a589be10",2026-07-28 16:10:03.023,2026-07-28 16:10:03.199,2026-07-28 16:10:03.199,2026-07-28
"993","Rya9BoVjH9","MOOSPMv3Parser",1785255000,2,2,2,3,3,2,2,3,3,2,821,147,7002,23,14,2,14,14,30,16,14,0,30,34,27,26,36.91,59,2,36.139015,-120.368385,173.682007,7,600,58,3,"e00fce68e77e43df92405fdb",2026-07-28 16:10:02.992,2026-07-28 16:10:03.252,2026-07-28 16:10:03.252,2026-07-28
"994","dUKQXmTNon","MOOSPMv3Parser",1785255001,0,0,2,0,0,2,2,0,0,2,218,134,2738,20,17,2,17,17,31,25,17,0,30,35,27,25,27.167,53,3,36.138992,-120.368362,179.046005,8,600,58,3,"e00fce68d6b773b56ce8baa0",2026-07-28 16:10:03.246,2026-07-28 16:10:03.444,2026-07-28 16:10:03.444,2026-07-28
"995","Ot6bFwSV8Y","MOOSPMv3Parser",1785255001,3,3,4,5,5,4,4,5,5,4,917,201,12195,34,28,2,28,28,26,30,28,0,26,30,36,32,28.309,96,1,36.762585,-119.798683,51.470001,7,599,58,3,"e00fce68e88237db75a60608",2026-07-28 16:10:03.211,2026-07-28 16:10:03.454,2026-07-28 16:10:03.454,2026-07-28
"996","n7pNiR9q6c","MOOSPMv3Parser",1785255000,5,5,4,7,7,4,4,7,7,4,1033,284,6037,52,30,2,31,31,26,33,31,0,26,30,42,36,25.265,64,2,35.949635,-119.049919,127.038002,8,600,58,3,"e00fce6808784ceaf209f949",2026-07-28 16:10:03.537,2026-07-28 16:10:03.703,2026-07-28 16:10:03.703,2026-07-28
"997","u4f55slfjW","MOOSPMv3Parser",1785255000,10,10,8,14,14,9,9,15,15,9,2038,557,8122,85,66,5,67,67,22,58,67,0,25,24,52,54,18.098,113,4,36.523312,-119.278763,103.820999,7,600,58,3,"e00fce68f12da1a0c5de6248",2026-07-28 16:10:03.583,2026-07-28 16:10:03.74,2026-07-28 16:10:03.74,2026-07-28
"998","SMOfxkBRxV","MOOSPMv3Parser",1785255000,1,1,2,3,3,2,2,3,3,2,524,126,4088,24,17,1,17,17,31,15,17,0,35,35,21,24,41.632,78,2,36.139042,-120.368408,183.570999,8,600,58,3,"e00fce6850cac69f647dc199",2026-07-28 16:10:03.939,2026-07-28 16:10:04.089,2026-07-28 16:10:04.089,2026-07-28
"999","cZhO0vO7q5","MOOSPMv3Parser",1785255000,1,1,2,3,3,2,2,3,3,2,432,133,9265,22,17,1,17,17,0,0,17,0,30,34,26,26,28.204,98,2,36.139042,-120.368332,181.582001,9,600,58,3,"e00fce6876826e255108c6bd",2026-07-28 16:10:04.031,2026-07-28 16:10:04.225,2026-07-28 16:10:04.225,2026-07-28
"1000","5EE7Czv6Ua","MOOSPMv3Parser",1785255600,2,2,2,3,3,2,2,3,3,2,515,122,4103,23,18,2,18,18,31,13,18,0,36,36,20,23,41.68,97,2,36.139027,-120.368279,177.718994,7,600,58,3,"e00fce6850cac69f647dc199",2026-07-28 16:20:02.841,2026-07-28 16:20:03.034,2026-07-28 16:20:03.034,2026-07-28
"1001","6sEZuRxuC8","MOOSPMv3Parser",1785255600,2,2,2,3,3,2,2,3,3,2,852,140,7014,23,13,2,13,13,30,14,13,0,30,34,25,24,37.249,65,1,36.13903,-120.368401,175.095993,10,600,58,3,"e00fce68e77e43df92405fdb",2026-07-28 16:20:02.905,2026-07-28 16:20:03.075,2026-07-28 16:20:03.075,2026-07-28
"1002","Ksx1G8SwIZ","MOOSPMv3Parser",1785255601,0,0,2,0,0,2,2,0,0,2,213,132,2752,19,18,2,18,18,32,24,18,1,30,36,26,24,27.215,59,2,36.138985,-120.368385,173.537994,8,600,58,3,"e00fce68d6b773b56ce8baa0",2026-07-28 16:20:02.915,2026-07-28 16:20:03.125,2026-07-28 16:20:03.125,2026-07-28
"1003","ncOH3MsJaf","MOOSPMv3Parser",1785255601,1,1,2,2,2,2,2,2,2,2,423,121,8876,21,15,1,15,15,29,14,15,0,29,34,24,22,34.025,29,3277,7.3e-05,-0.004163,35398.101562,7,600,58,3,"e00fce68e28dcbc9a589be10",2026-07-28 16:20:02.976,2026-07-28 16:20:03.257,2026-07-28 16:20:03.257,2026-07-28
"1004","zrQ5hWC35L","MOOSPMv3Parser",1785255601,2,2,0,5,5,0,0,5,5,0,714,179,0,38,0,4,0,0,26,22,0,2,26,30,34,31,25.86,112,3,36.187496,-119.822105,16.554001,6,600,58,3,"e00fce68e739ecbcf9e91965",2026-07-28 16:20:03.051,2026-07-28 16:20:03.348,2026-07-28 16:20:03.348,2026-07-28
"1005","toT6C5j9s4","MOOSPMv3Parser",1785255600,10,10,8,15,15,9,9,16,16,9,2097,579,8179,85,65,5,65,65,22,54,65,0,25,25,49,51,19.803,79,4,36.523319,-119.278732,83.285004,7,600,58,3,"e00fce68f12da1a0c5de6248",2026-07-28 16:20:03.313,2026-07-28 16:20:03.523,2026-07-28 16:20:03.523,2026-07-28
"1006","6t4gW0kJyC","MOOSPMv3Parser",1785255600,4,4,4,7,7,4,4,8,8,4,978,269,6063,54,30,3,30,30,27,32,30,0,27,31,42,35,25.987,54,2,35.949703,-119.04985,121.781998,9,600,58,3,"e00fce6808784ceaf209f949",2026-07-28 16:20:03.421,2026-07-28 16:20:03.601,2026-07-28 16:20:03.601,2026-07-28
"1007","w0GLE9l05C","MOOSPMv3Parser",1785255601,3,3,3,5,5,4,4,5,5,4,947,209,12218,34,27,2,27,27,27,29,27,0,27,31,36,32,28.952,88,1,36.762665,-119.798668,55.862999,6,599,58,3,"e00fce68e88237db75a60608",2026-07-28 16:20:03.513,2026-07-28 16:20:03.704,2026-07-28 16:20:03.704,2026-07-28
"1008","nGqmteE4lC","MOOSPMv3Parser",1785255600,1,1,2,2,2,2,2,3,3,2,383,117,9279,22,17,2,17,17,0,0,17,0,31,35,25,24,28.501,98,1,36.138939,-120.36834,176.970993,9,600,58,3,"e00fce6876826e255108c6bd",2026-07-28 16:20:04.189,2026-07-28 16:20:04.371,2026-07-28 16:20:04.371,2026-07-28
"1009","zX7H1JeF7G","MOOSPMv3Parser",1785255601,0,0,1,0,0,1,1,0,0,1,186,98,4945,13,10,1,10,10,31,24,10,0,30,36,26,22,43.789,70,1,36.138927,-120.368347,173.882996,9,600,58,3,"e00fce686dc2ef0a68fa40b0",2026-07-28 16:20:07.168,2026-07-28 16:20:07.366,2026-07-28 16:20:07.366,2026-07-28
"1010","z1uicWnBiQ","MOOSPMv3Parser",1785256201,0,0,1,0,0,1,1,0,0,1,183,99,4953,14,10,1,10,10,31,25,10,0,30,36,27,23,44.99,62,1,36.138927,-120.368355,182.565994,9,600,58,3,"e00fce686dc2ef0a68fa40b0",2026-07-28 16:30:02.513,2026-07-28 16:30:02.819,2026-07-28 16:30:02.819,2026-07-28
"1011","mwsmgBgqAB","MOOSPMv3Parser",1785256201,0,0,2,0,0,2,2,0,0,2,221,136,2766,21,17,2,17,17,32,24,17,0,30,36,28,24,27.947,50,2,36.138985,-120.368385,173.542007,0,600,58,3,"e00fce68d6b773b56ce8baa0",2026-07-28 16:30:02.608,2026-07-28 16:30:02.826,2026-07-28 16:30:02.826,2026-07-28
"1012","k1fo282WJo","MOOSPMv3Parser",1785256201,1,1,2,2,2,2,2,3,3,2,439,123,8891,21,17,2,17,17,30,14,17,1,29,34,25,22,34.071,44,3277,7.3e-05,-0.004163,35398.101562,7,600,58,3,"e00fce68e28dcbc9a589be10",2026-07-28 16:30:02.859,2026-07-28 16:30:03.089,2026-07-28 16:30:03.089,2026-07-28
"1013","y2x2Z5qwb6","MOOSPMv3Parser",1785256201,2,2,0,5,5,0,0,5,5,0,685,173,0,38,0,3,0,0,26,20,0,2,26,30,32,29,26.257,114,3,36.187527,-119.822083,22.086,6,600,58,3,"e00fce68e739ecbcf9e91965",2026-07-28 16:30:02.968,2026-07-28 16:30:03.173,2026-07-28 16:30:03.173,2026-07-28
"1014","OFCoGS4VdW","MOOSPMv3Parser",1785256200,2,2,2,3,3,2,2,3,3,2,861,146,7025,22,14,1,14,14,31,14,14,0,30,35,26,25,38.526,55,1,36.13916,-120.368385,193.440002,7,600,58,3,"e00fce68e77e43df92405fdb",2026-07-28 16:30:02.984,2026-07-28 16:30:03.23,2026-07-28 16:30:03.23,2026-07-28
"1015","7UokxPdtBE","MOOSPMv3Parser",1785256200,1,1,2,2,2,2,2,2,2,2,501,115,4117,22,16,1,16,16,32,13,16,0,36,36,20,23,43.545,94,1,36.139027,-120.368279,177.714005,0,600,58,3,"e00fce6850cac69f647dc199",2026-07-28 16:30:03.223,2026-07-28 16:30:03.463,2026-07-28 16:30:03.463,2026-07-28
"1016","OcoGGkGswE","MOOSPMv3Parser",1785256201,3,3,4,5,5,4,4,5,5,4,940,205,12243,32,28,2,28,28,28,27,28,0,28,32,34,30,29.235,99,1,36.762699,-119.798737,58.808998,8,599,58,3,"e00fce68e88237db75a60608",2026-07-28 16:30:03.307,2026-07-28 16:30:03.56,2026-07-28 16:30:03.56,2026-07-28
"1017","WO8bRpdKOa","MOOSPMv3Parser",1785256200,5,5,4,7,7,4,4,7,7,4,986,267,6089,46,30,3,30,30,27,30,30,0,26,31,41,34,26.656,55,2,35.949589,-119.049965,112.963997,8,600,58,3,"e00fce6808784ceaf209f949",2026-07-28 16:30:03.413,2026-07-28 16:30:03.639,2026-07-28 16:30:03.639,2026-07-28
"1018","VL9WDCCFjQ","MOOSPMv3Parser",1785256200,9,9,8,13,13,8,8,14,14,8,1857,512,8232,71,60,4,60,60,23,51,60,0,26,26,48,48,22.093,67,4,36.523376,-119.27877,76.341003,9,600,58,3,"e00fce68f12da1a0c5de6248",2026-07-28 16:30:03.347,2026-07-28 16:30:03.646,2026-07-28 16:30:03.646,2026-07-28
"1019","Oi6HSngKCx","MOOSPMv3Parser",1785256200,1,1,2,2,2,2,2,2,2,2,380,117,9293,21,16,2,16,16,0,0,16,0,31,35,27,25,28.802,98,1,36.139011,-120.368385,187.365997,10,600,58,3,"e00fce6876826e255108c6bd",2026-07-28 16:30:04.29,2026-07-28 16:30:04.484,2026-07-28 16:30:04.484,2026-07-28
"1020","pPwyMnZmF8","MOOSPMv3Parser",1785256801,0,0,2,0,0,2,2,0,0,2,221,137,2780,22,16,2,17,17,32,24,17,0,30,36,28,24,27.816,50,2,36.139004,-120.368355,177.382996,11,600,58,3,"e00fce68d6b773b56ce8baa0",2026-07-28 16:40:02.615,2026-07-28 16:40:02.858,2026-07-28 16:40:02.858,2026-07-28
"1021","k5F5CHdOnZ","MOOSPMv3Parser",1785256800,2,2,2,3,3,2,2,3,3,2,903,150,7037,22,14,1,14,14,31,15,14,0,30,35,27,25,38.391,56,1,36.13903,-120.368362,154.001999,6,600,58,3,"e00fce68e77e43df92405fdb",2026-07-28 16:40:02.938,2026-07-28 16:40:03.12,2026-07-28 16:40:03.12,2026-07-28
"1022","VfVi2HKDic","MOOSPMv3Parser",1785256801,2,2,2,3,3,2,2,3,3,2,434,121,8905,23,17,2,17,17,30,13,17,0,29,35,25,21,34.696,41,3277,7.3e-05,-0.004163,35398.101562,7,600,58,3,"e00fce68e28dcbc9a589be10",2026-07-28 16:40:03.025,2026-07-28 16:40:03.231,2026-07-28 16:40:03.231,2026-07-28
"1023","UFRltMM4mS","MOOSPMv3Parser",1785256801,2,2,0,4,4,0,0,5,5,0,638,166,0,35,0,4,0,0,27,19,0,2,27,31,31,29,28.059,91,3,36.187504,-119.82206,24.509001,6,600,58,3,"e00fce68e739ecbcf9e91965",2026-07-28 16:40:03.047,2026-07-28 16:40:03.306,2026-07-28 16:40:03.306,2026-07-28
"1024","7tz4QqNKnm","MOOSPMv3Parser",1785256801,0,0,1,0,0,1,1,0,0,1,187,102,4961,13,9,1,9,9,31,25,9,0,30,36,27,23,44.784,66,1,36.139011,-120.368423,160.440994,7,600,58,3,"e00fce686dc2ef0a68fa40b0",2026-07-28 16:40:03.143,2026-07-28 16:40:03.373,2026-07-28 16:40:03.373,2026-07-28
"1025","vTGA9R6fQI","MOOSPMv3Parser",1785256801,3,3,4,5,5,4,4,5,5,4,976,212,12267,37,28,3,28,28,28,26,28,0,28,33,33,29,29.607,113,1,36.762707,-119.798691,53.911999,11,599,58,3,"e00fce68e88237db75a60608",2026-07-28 16:40:03.376,2026-07-28 16:40:03.547,2026-07-28 16:40:03.547,2026-07-28
"1026","EArRuguiKp","MOOSPMv3Parser",1785256800,8,8,7,12,12,7,7,13,13,7,1746,475,8280,72,56,4,56,56,24,49,56,0,26,27,47,46,23.451,64,5,36.523251,-119.278709,101.742996,7,600,58,3,"e00fce68f12da1a0c5de6248",2026-07-28 16:40:03.455,2026-07-28 16:40:03.653,2026-07-28 16:40:03.653,2026-07-28
"1027","q9ZGoelb1X","MOOSPMv3Parser",1785256800,5,5,4,7,7,4,4,7,7,4,1008,275,6114,46,30,3,30,30,27,30,30,0,26,31,43,35,28.149,48,2,35.949566,-119.04995,116.938004,9,600,58,3,"e00fce6808784ceaf209f949",2026-07-28 16:40:03.478,2026-07-28 16:40:03.673,2026-07-28 16:40:03.673,2026-07-28
"1028","mcTw9wY3wK","MOOSPMv3Parser",1785256800,2,2,2,3,3,2,2,3,3,2,544,126,4132,22,17,2,17,17,32,14,17,0,35,37,21,23,44.686,103,1,36.139008,-120.368393,176.431,8,600,58,3,"e00fce6850cac69f647dc199",2026-07-28 16:40:03.57,2026-07-28 16:40:03.751,2026-07-28 16:40:03.751,2026-07-28
"1029","9qgPHsfuzP","MOOSPMv3Parser",1785256800,1,1,2,2,2,2,2,3,3,2,372,115,9307,23,16,2,16,16,0,0,16,0,31,36,27,25,28.651,99,1,36.139133,-120.368347,211.535995,9,600,58,3,"e00fce6876826e255108c6bd",2026-07-28 16:40:04.193,2026-07-28 16:40:04.397,2026-07-28 16:40:04.397,2026-07-28
"1030","Q4wFaXpM4F","MOOSPMv3Parser",1785257401,0,0,1,0,0,1,1,0,0,1,192,105,4970,15,10,1,11,11,32,25,11,0,31,36,27,23,42.377,78,1,36.139156,-120.368462,183.694,7,600,58,3,"e00fce686dc2ef0a68fa40b0",2026-07-28 16:50:01.943,2026-07-28 16:50:02.083,2026-07-28 16:50:02.083,2026-07-28
"1031","4Q7ih92ptt","MOOSPMv3Parser",1785257401,2,2,2,3,3,2,2,3,3,2,448,126,8920,22,17,2,17,17,30,13,17,0,30,35,24,21,34.972,47,3277,7.3e-05,-0.004163,35398.101562,7,600,58,3,"e00fce68e28dcbc9a589be10",2026-07-28 16:50:02.864,2026-07-28 16:50:03.061,2026-07-28 16:50:03.061,2026-07-28
"1032","nexu1EzDhX","MOOSPMv3Parser",1785257401,0,0,2,0,0,2,2,0,0,2,227,140,2794,22,17,2,17,17,33,24,17,0,31,36,27,24,26.631,62,2,36.139,-120.368271,179.087006,6,600,58,3,"e00fce68d6b773b56ce8baa0",2026-07-28 16:50:02.847,2026-07-28 16:50:03.086,2026-07-28 16:50:03.086,2026-07-28
"1033","imJLfpF485","MOOSPMv3Parser",1785257401,1,1,0,3,3,0,0,4,4,0,635,163,0,33,0,3,0,0,27,18,0,2,27,31,30,28,29.267,85,3,36.187538,-119.822052,24.556,6,600,58,3,"e00fce68e739ecbcf9e91965",2026-07-28 16:50:03.051,2026-07-28 16:50:03.238,2026-07-28 16:50:03.238,2026-07-28
"1034","rV7SHtJG3c","MOOSPMv3Parser",1785257400,2,2,2,3,3,2,2,3,3,2,891,157,7050,25,15,2,15,15,31,15,15,0,31,35,27,25,36.953,72,1,36.13903,-120.368362,153.998993,0,600,58,3,"e00fce68e77e43df92405fdb",2026-07-28 16:50:03.242,2026-07-28 16:50:03.441,2026-07-28 16:50:03.441,2026-07-28
"1035","wEqTy3j3MW","MOOSPMv3Parser",1785257401,3,3,3,5,5,4,4,5,5,4,964,207,12270,34,27,2,27,27,28,24,27,0,28,33,32,29,30.7,107,1,36.76265,-119.798744,54.756001,11,600,58,3,"e00fce68e88237db75a60608",2026-07-28 16:50:03.296,2026-07-28 16:50:03.465,2026-07-28 16:50:03.465,2026-07-28
"1036","Ym2TzQmTDH","MOOSPMv3Parser",1785257400,8,8,7,11,11,7,7,12,12,7,1635,452,8326,68,53,4,53,53,25,45,53,0,27,28,45,43,24.682,62,5,36.523232,-119.278717,66.052002,6,600,58,3,"e00fce68f12da1a0c5de6248",2026-07-28 16:50:03.306,2026-07-28 16:50:03.526,2026-07-28 16:50:03.526,2026-07-28
"1037","NRwnomDMlU","MOOSPMv3Parser",1785257400,5,5,4,7,7,4,4,8,8,4,1061,289,6139,51,28,4,28,28,28,29,28,0,27,32,40,34,28.825,52,2,35.949566,-119.04995,116.931999,0,600,58,3,"e00fce6808784ceaf209f949",2026-07-28 16:50:03.429,2026-07-28 16:50:03.625,2026-07-28 16:50:03.625,2026-07-28
"1038","R900NuHnzV","MOOSPMv3Parser",1785257400,2,2,2,3,3,2,2,3,3,2,554,131,4148,23,18,2,18,18,32,13,18,0,35,37,22,23,43.009,128,1,36.138988,-120.368286,191.128998,7,600,58,3,"e00fce6850cac69f647dc199",2026-07-28 16:50:03.873,2026-07-28 16:50:04.064,2026-07-28 16:50:04.064,2026-07-28
"1039","NJXvCStWR8","MOOSPMv3Parser",1785257400,1,1,2,2,2,2,2,3,3,2,439,135,9321,23,17,2,17,17,0,0,17,0,31,36,26,24,27.571,99,1,36.138988,-120.368401,175.701996,7,600,58,3,"e00fce6876826e255108c6bd",2026-07-28 16:50:04.183,2026-07-28 16:50:04.426,2026-07-28 16:50:04.426,2026-07-28
"1040","cYcAfrKPe0","MOOSPMv3Parser",1785258000,4,4,4,6,6,4,4,6,6,4,924,250,6163,42,27,3,28,28,28,28,28,0,27,32,39,33,30.316,42,2,35.949566,-119.04995,113.327003,8,600,58,3,"e00fce6808784ceaf209f949",2026-07-28 17:00:03.379,2026-07-28 17:00:03.864,2026-07-28 17:00:03.864,2026-07-28
"1041","BB2KOAArNI","MOOSPMv3Parser",1785258001,0,0,2,0,0,2,2,0,0,2,232,146,2809,22,18,2,18,18,33,23,18,0,31,37,27,24,27.547,57,2,36.138985,-120.368309,185.207993,7,600,58,3,"e00fce68d6b773b56ce8baa0",2026-07-28 17:00:02.917,2026-07-28 17:00:03.935,2026-07-28 17:00:03.935,2026-07-28
"1042","yysOCZQBMY","MOOSPMv3Parser",1785258000,2,2,2,3,3,2,2,3,3,2,921,151,7062,23,14,1,14,14,32,14,14,0,31,36,26,24,38.233,66,1,36.139023,-120.368164,178.968002,6,600,58,3,"e00fce68e77e43df92405fdb",2026-07-28 17:00:03.184,2026-07-28 17:00:04.129,2026-07-28 17:00:04.129,2026-07-28
"1043","JzXb3Tqewu","MOOSPMv3Parser",1785258001,0,0,1,0,0,2,2,0,0,2,195,106,4979,14,11,1,11,11,32,24,11,0,31,36,27,23,43.472,70,1,36.139053,-120.368355,171.350998,9,600,58,3,"e00fce686dc2ef0a68fa40b0",2026-07-28 17:00:03.068,2026-07-28 17:00:04.205,2026-07-28 17:00:04.205,2026-07-28
"1044","T6DkpiabID","MOOSPMv3Parser",1785258001,2,2,2,3,3,2,2,3,3,2,485,134,8935,24,18,1,18,18,31,12,18,0,30,36,25,21,35.666,54,3277,7.3e-05,-0.004163,35398.101562,7,600,58,3,"e00fce68e28dcbc9a589be10",2026-07-28 17:00:02.961,2026-07-28 17:00:04.318,2026-07-28 17:00:04.318,2026-07-28
"1045","TYpwO8MhWj","MOOSPMv3Parser",1785258001,3,3,3,4,4,3,3,5,5,3,875,178,12291,30,24,3,24,24,28,23,24,0,28,33,32,29,32.086,68,1,36.762722,-119.798737,54.141998,10,600,58,3,"e00fce68e88237db75a60608",2026-07-28 17:00:03.376,2026-07-28 17:00:04.437,2026-07-28 17:00:04.437,2026-07-28
"1046","meEqpbdy9c","MOOSPMv3Parser",1785258001,1,1,0,3,3,0,0,4,4,0,665,166,0,33,0,2,0,0,28,17,0,2,27,31,30,28,30.992,63,3,36.187511,-119.822075,25.479,6,600,58,3,"e00fce68e739ecbcf9e91965",2026-07-28 17:00:03.051,2026-07-28 17:00:04.539,2026-07-28 17:00:04.539,2026-07-28
"1047","EQympqv5YA","MOOSPMv3Parser",1785258000,1,1,2,2,2,2,2,3,3,2,421,129,9336,24,17,2,17,17,0,0,17,0,31,36,26,24,28.502,99,1,36.138897,-120.368416,168.802002,6,600,58,3,"e00fce6876826e255108c6bd",2026-07-28 17:00:04.178,2026-07-28 17:00:04.766,2026-07-28 17:00:04.766,2026-07-28
"1048","I66XfttzoY","MOOSPMv3Parser",1785258000,1,1,2,3,3,2,2,3,3,2,538,126,4164,24,17,1,18,18,32,13,18,0,35,37,22,23,44.314,117,1,36.139015,-120.368385,179.350006,7,600,58,3,"e00fce6850cac69f647dc199",2026-07-28 17:00:02.842,2026-07-28 17:00:04.933,2026-07-28 17:00:04.933,2026-07-28
"1049","h7wUkpodYd","MOOSPMv3Parser",1785258000,8,8,6,11,11,7,7,12,12,7,1612,443,8371,72,51,4,51,51,26,43,51,0,27,29,44,42,26.12,58,6,36.523232,-119.278717,66.047997,0,600,58,3,"e00fce68f12da1a0c5de6248",2026-07-28 17:00:04.448,2026-07-28 17:00:05.661,2026-07-28 17:00:05.661,2026-07-28
"1050","tgopRQnBrU","MOOSPMv3Parser",1785258601,0,0,1,0,0,1,1,0,0,1,184,96,4986,14,9,1,9,9,32,23,9,0,31,37,25,21,45.097,61,1,36.139053,-120.368355,171.347,0,600,58,3,"e00fce686dc2ef0a68fa40b0",2026-07-28 17:10:02.521,2026-07-28 17:10:02.767,2026-07-28 17:10:02.767,2026-07-28
"1051","4umP0ptULE","MOOSPMv3Parser",1785258600,2,2,2,3,3,2,2,3,3,2,904,144,7073,22,12,2,12,12,32,13,12,0,31,36,25,22,39.637,58,1,36.139053,-120.36834,176.522995,7,600,58,3,"e00fce68e77e43df92405fdb",2026-07-28 17:10:02.946,2026-07-28 17:10:03.139,2026-07-28 17:10:03.139,2026-07-28
"1052","uMHYXFCR6H","MOOSPMv3Parser",1785258601,1,1,0,3,3,0,0,4,4,0,645,161,0,34,0,2,0,0,28,16,0,2,28,32,29,27,31.718,60,3,36.187504,-119.822227,17.541,6,600,58,3,"e00fce68e739ecbcf9e91965",2026-07-28 17:10:03.208,2026-07-28 17:10:03.378,2026-07-28 17:10:03.378,2026-07-28
"1053","XAHhDOPdeV","MOOSPMv3Parser",1785258601,1,1,2,3,3,2,2,3,3,2,472,130,8950,23,17,2,17,17,32,12,17,1,31,37,24,21,35.483,107,3277,7.3e-05,-0.004163,35398.101562,7,600,58,3,"e00fce68e28dcbc9a589be10",2026-07-28 17:10:03.261,2026-07-28 17:10:03.447,2026-07-28 17:10:03.447,2026-07-28
"1054","YnF4PBfs95","MOOSPMv3Parser",1785258600,1,1,2,3,3,2,2,3,3,2,528,126,4178,23,17,1,17,17,32,11,17,0,35,37,20,21,46.338,102,1,36.139004,-120.368408,177.850998,7,600,58,3,"e00fce6850cac69f647dc199",2026-07-28 17:10:03.32,2026-07-28 17:10:03.475,2026-07-28 17:10:03.475,2026-07-28
"1055","G5Y2Lar8px","MOOSPMv3Parser",1785258601,3,3,3,4,4,3,3,4,4,3,884,179,12312,28,24,2,24,24,29,22,24,0,29,33,30,28,32.802,76,1,36.762772,-119.798698,57.148998,8,600,58,3,"e00fce68e88237db75a60608",2026-07-28 17:10:03.366,2026-07-28 17:10:03.513,2026-07-28 17:10:03.513,2026-07-28
"1056","k88l4vmW3X","MOOSPMv3Parser",1785258601,0,0,2,0,0,2,2,0,0,2,218,137,2822,20,16,2,16,16,33,22,16,0,31,37,25,22,28.71,46,2,36.138954,-120.36837,181.554993,6,600,58,3,"e00fce68d6b773b56ce8baa0",2026-07-28 17:10:03.329,2026-07-28 17:10:03.528,2026-07-28 17:10:03.528,2026-07-28
"1057","AuaAEZRIsG","MOOSPMv3Parser",1785258600,3,3,3,5,5,4,4,6,6,4,864,234,6196,39,27,3,27,27,28,24,27,0,28,33,36,30,31.239,37,2,35.949574,-119.049927,109.82,7,599,58,3,"e00fce6808784ceaf209f949",2026-07-28 17:10:03.398,2026-07-28 17:10:03.594,2026-07-28 17:10:03.594,2026-07-28
"1058","WlMEjHlASL","MOOSPMv3Parser",1785258600,7,7,6,10,10,6,6,11,11,6,1512,417,8412,57,47,4,47,47,26,40,47,0,28,30,41,39,27.292,56,6,36.523392,-119.278778,76.786003,8,600,58,3,"e00fce68f12da1a0c5de6248",2026-07-28 17:10:03.637,2026-07-28 17:10:03.851,2026-07-28 17:10:03.851,2026-07-28
"1059","UZPQMSS0ZA","MOOSPMv3Parser",1785258600,1,1,2,3,3,2,2,3,3,2,419,130,9349,23,15,2,15,15,0,0,15,0,32,37,25,23,29.118,99,1,36.139084,-120.368439,164.240997,8,600,58,3,"e00fce6876826e255108c6bd",2026-07-28 17:10:04.197,2026-07-28 17:10:04.366,2026-07-28 17:10:04.366,2026-07-28
"1060","vlrKogF6fM","MOOSPMv3Parser",1785259200,2,2,2,3,3,2,2,3,3,2,899,141,7083,20,12,1,12,12,32,12,12,0,32,36,24,22,41.932,43,1,36.138966,-120.368385,175.350006,6,600,58,3,"e00fce68e77e43df92405fdb",2026-07-28 17:20:02.987,2026-07-28 17:20:03.249,2026-07-28 17:20:03.249,2026-07-28
"1061","17xg6TMIq6","MOOSPMv3Parser",1785259201,0,0,1,0,0,1,1,0,0,1,183,96,4994,14,9,1,9,9,33,23,9,0,32,37,24,21,48.525,46,1,36.139023,-120.36837,175.464996,7,600,58,3,"e00fce686dc2ef0a68fa40b0",2026-07-28 17:20:03.065,2026-07-28 17:20:03.283,2026-07-28 17:20:03.283,2026-07-28
"1062","gWOnEyCWAN","MOOSPMv3Parser",1785259201,0,0,2,0,0,2,2,0,0,2,213,129,2835,17,15,2,15,15,34,21,15,0,32,37,25,22,30.31,30,2,36.139038,-120.368523,149.352005,7,600,58,3,"e00fce68d6b773b56ce8baa0",2026-07-28 17:20:02.98,2026-07-28 17:20:03.297,2026-07-28 17:20:03.297,2026-07-28
"1063","3UZM5NeBpf","MOOSPMv3Parser",1785259201,2,2,2,3,3,2,2,3,3,2,460,128,8965,23,17,2,17,17,32,12,17,1,31,37,24,20,36.849,91,3277,7.3e-05,-0.004163,35398.101562,7,600,58,3,"e00fce68e28dcbc9a589be10",2026-07-28 17:20:03.128,2026-07-28 17:20:03.319,2026-07-28 17:20:03.319,2026-07-28
"1064","CjGILMQYLR","MOOSPMv3Parser",1785259201,1,1,0,3,3,0,0,3,3,0,627,156,0,30,0,2,0,0,28,15,0,2,29,33,27,26,32.554,56,3,36.1875,-119.822052,26.052999,7,600,58,3,"e00fce68e739ecbcf9e91965",2026-07-28 17:20:03.199,2026-07-28 17:20:03.412,2026-07-28 17:20:03.412,2026-07-28
"1065","7zgWpndvoF","MOOSPMv3Parser",1785259201,3,3,3,4,4,3,3,4,4,3,847,175,12332,28,22,2,23,23,29,21,23,0,29,34,30,27,33.732,64,1,36.762794,-119.798683,50.776001,5,600,58,3,"e00fce68e88237db75a60608",2026-07-28 17:20:03.291,2026-07-28 17:20:03.44,2026-07-28 17:20:03.44,2026-07-28
"1066","OpBImCz3zb","MOOSPMv3Parser",1785259200,3,3,3,5,5,3,3,6,6,3,826,223,6206,40,23,3,23,23,29,22,23,0,28,33,34,29,32.332,26,2,35.949577,-119.04998,114.778,6,600,58,3,"e00fce6808784ceaf209f949",2026-07-28 17:20:03.358,2026-07-28 17:20:03.542,2026-07-28 17:20:03.542,2026-07-28
"1067","LIz1VGB2zf","MOOSPMv3Parser",1785259200,1,1,2,2,2,2,2,2,2,2,499,115,4191,19,15,1,15,15,33,10,15,0,36,38,20,21,48.799,77,1,36.138992,-120.368301,169.742996,6,600,58,3,"e00fce6850cac69f647dc199",2026-07-28 17:20:03.424,2026-07-28 17:20:03.586,2026-07-28 17:20:03.586,2026-07-28
"1068","TTH6VyBFKB","MOOSPMv3Parser",1785259200,7,7,6,10,10,6,6,10,10,6,1458,400,8450,59,44,2,44,44,27,37,44,0,29,31,39,37,29.226,53,6,36.52335,-119.278748,81.528999,8,600,58,3,"e00fce68f12da1a0c5de6248",2026-07-28 17:20:03.563,2026-07-28 17:20:03.725,2026-07-28 17:20:03.725,2026-07-28
"1069","UaMOQUv0BY","MOOSPMv3Parser",1785259200,1,1,2,2,2,2,2,3,3,2,388,118,9361,25,15,3,15,15,0,0,15,0,32,37,24,22,30.444,99,1,36.139034,-120.368538,173.882004,6,600,58,3,"e00fce6876826e255108c6bd",2026-07-28 17:20:04.144,2026-07-28 17:20:04.31,2026-07-28 17:20:04.31,2026-07-28
"1070","yKLSoWoC3a","MOOSPMv3Parser",1785259801,0,0,1,0,0,1,1,0,0,1,185,97,5001,14,8,1,8,8,33,22,8,0,32,38,23,20,47.892,50,1,36.139015,-120.368362,179.703003,7,600,58,3,"e00fce686dc2ef0a68fa40b0",2026-07-28 17:30:01.968,2026-07-28 17:30:02.179,2026-07-28 17:30:02.179,2026-07-28
"1071","G1NUA0cScN","MOOSPMv3Parser",1785259801,1,1,0,3,3,0,0,3,3,0,623,151,0,32,0,2,0,0,29,14,0,2,29,33,27,25,34.277,52,3,36.187511,-119.822083,9.489,7,600,58,3,"e00fce68e739ecbcf9e91965",2026-07-28 17:30:03.126,2026-07-28 17:30:03.364,2026-07-28 17:30:03.364,2026-07-28
"1072","AXvDQXHBBr","MOOSPMv3Parser",1785259800,2,2,1,2,2,2,2,3,3,2,890,135,7094,20,12,2,12,12,33,12,12,0,33,37,23,21,42.344,44,1,36.139008,-120.368431,175.626007,7,600,58,3,"e00fce68e77e43df92405fdb",2026-07-28 17:30:03.093,2026-07-28 17:30:03.385,2026-07-28 17:30:03.385,2026-07-28
"1073","2ov4PiPVAf","MOOSPMv3Parser",1785259801,0,0,2,0,0,2,2,0,0,2,213,127,2847,17,14,1,14,14,34,21,14,0,32,38,24,21,30.794,29,2,36.139221,-120.368584,171.117004,7,600,58,3,"e00fce68d6b773b56ce8baa0",2026-07-28 17:30:03.232,2026-07-28 17:30:03.504,2026-07-28 17:30:03.504,2026-07-28
"1074","eLjlq7Xnn3","MOOSPMv3Parser",1785259801,2,2,2,3,3,2,2,3,3,2,475,132,8979,23,16,2,17,17,33,12,17,1,31,38,24,20,37.957,83,3277,7.3e-05,-0.004163,35398.101562,7,600,58,3,"e00fce68e28dcbc9a589be10",2026-07-28 17:30:03.363,2026-07-28 17:30:03.573,2026-07-28 17:30:03.573,2026-07-28
"1075","b8f7Tb8goS","MOOSPMv3Parser",1785259800,3,3,3,5,5,3,3,6,6,3,829,225,6228,41,25,3,25,25,29,22,25,0,28,33,34,29,32.702,27,2,35.949532,-119.049934,113.777,9,600,58,3,"e00fce6808784ceaf209f949",2026-07-28 17:30:03.348,2026-07-28 17:30:03.611,2026-07-28 17:30:03.611,2026-07-28
"1076","fdKAQlg2w8","MOOSPMv3Parser",1785259801,2,2,3,4,4,3,3,4,4,3,834,170,12352,29,22,2,22,22,30,20,22,0,29,34,29,26,34.438,82,1,36.762794,-119.798683,50.776001,0,600,58,3,"e00fce68e88237db75a60608",2026-07-28 17:30:03.375,2026-07-28 17:30:03.632,2026-07-28 17:30:03.632,2026-07-28
"1077","nE77PEai9k","MOOSPMv3Parser",1785259800,7,7,5,9,9,6,6,10,10,6,1416,387,8487,53,42,3,42,42,28,36,42,0,29,32,39,36,31.139,49,6,36.523376,-119.278824,91.695,7,600,58,3,"e00fce68f12da1a0c5de6248",2026-07-28 17:30:03.494,2026-07-28 17:30:03.651,2026-07-28 17:30:03.651,2026-07-28
"1078","GEf15KMRf8","MOOSPMv3Parser",1785259800,1,1,2,2,2,2,2,2,2,2,355,109,9373,22,13,2,13,13,0,0,13,0,33,38,23,21,30.443,99,1,36.13908,-120.368416,193.619003,5,600,58,3,"e00fce6876826e255108c6bd",2026-07-28 17:30:04.33,2026-07-28 17:30:04.556,2026-07-28 17:30:04.556,2026-07-28
"1079","7uO3G7Af7L","MOOSPMv3Parser",1785259800,1,1,2,2,2,2,2,2,2,2,493,112,4204,21,15,1,15,15,33,10,15,0,37,38,19,21,47.547,80,1,36.13903,-120.368355,179.804001,7,600,58,3,"e00fce6850cac69f647dc199",2026-07-28 17:30:07.729,2026-07-28 17:30:07.896,2026-07-28 17:30:07.896,2026-07-28
"1080","T5L8SPnxXH","MOOSPMv3Parser",1785260401,0,0,1,0,0,1,1,0,0,1,186,97,5009,13,9,1,9,9,34,22,9,0,32,39,23,19,48.406,64,1,36.138985,-120.368416,167.104996,7,600,58,3,"e00fce686dc2ef0a68fa40b0",2026-07-28 17:40:02.183,2026-07-28 17:40:02.341,2026-07-28 17:40:02.341,2026-07-28
"1081","JOa113voSP","MOOSPMv3Parser",1785260401,0,0,2,0,0,2,2,0,0,2,214,131,2860,21,15,2,16,16,35,20,16,0,32,38,24,21,30.82,33,2,36.139069,-120.368286,184.669998,5,600,58,3,"e00fce68d6b773b56ce8baa0",2026-07-28 17:40:02.677,2026-07-28 17:40:02.843,2026-07-28 17:40:02.843,2026-07-28
"1082","O2fab41VIO","MOOSPMv3Parser",1785260400,2,2,2,3,3,2,2,3,3,2,964,143,7104,20,12,1,12,12,33,11,12,0,32,38,23,21,42.943,53,1,36.139149,-120.368355,182.287994,6,600,58,3,"e00fce68e77e43df92405fdb",2026-07-28 17:40:02.955,2026-07-28 17:40:03.161,2026-07-28 17:40:03.161,2026-07-28
"1083","uWgD1KsmBj","MOOSPMv3Parser",1785260400,1,1,2,2,2,2,2,3,3,2,507,117,4217,23,15,2,15,15,34,10,15,0,37,39,18,20,48.282,95,1,36.138985,-120.368378,184.626999,8,600,58,3,"e00fce6850cac69f647dc199",2026-07-28 17:40:03.084,2026-07-28 17:40:03.273,2026-07-28 17:40:03.273,2026-07-28
"1084","AV2O47w6NB","MOOSPMv3Parser",1785260401,2,2,2,3,3,2,2,3,3,3,489,135,8994,24,17,2,18,18,33,11,18,1,31,39,24,19,38.718,90,3277,7.3e-05,-0.004163,35398.101562,7,600,58,3,"e00fce68e28dcbc9a589be10",2026-07-28 17:40:03.113,2026-07-28 17:40:03.285,2026-07-28 17:40:03.285,2026-07-28
"1085","8RmaMBQQRl","MOOSPMv3Parser",1785260401,1,1,0,3,3,0,0,3,3,0,608,152,0,30,0,2,0,0,30,14,0,2,29,34,27,24,35.456,46,3,36.187515,-119.821907,37.421001,6,600,58,3,"e00fce68e739ecbcf9e91965",2026-07-28 17:40:03.129,2026-07-28 17:40:03.299,2026-07-28 17:40:03.299,2026-07-28
"1086","xevfhha4yN","MOOSPMv3Parser",1785260400,6,6,5,9,9,5,5,9,9,5,1306,356,8521,52,38,3,38,38,28,34,38,0,29,32,38,35,32.558,48,6,36.523357,-119.278748,71.433998,8,600,58,3,"e00fce68f12da1a0c5de6248",2026-07-28 17:40:03.372,2026-07-28 17:40:03.52,2026-07-28 17:40:03.52,2026-07-28
"1087","wZ2sGup0r1","MOOSPMv3Parser",1785260401,3,3,3,4,4,3,3,4,4,3,879,174,12372,32,23,2,23,23,30,20,23,0,30,35,29,26,35.425,67,1,36.762707,-119.798737,59.442001,13,600,58,3,"e00fce68e88237db75a60608",2026-07-28 17:40:03.358,2026-07-28 17:40:03.529,2026-07-28 17:40:03.529,2026-07-28
"1088","e0c7vxOzre","MOOSPMv3Parser",1785260400,3,3,3,5,5,3,3,6,6,3,795,218,6249,39,24,2,25,25,29,20,25,0,29,34,33,28,32.967,35,2,35.949551,-119.049957,109.791,5,600,58,3,"e00fce6808784ceaf209f949",2026-07-28 17:40:03.51,2026-07-28 17:40:03.706,2026-07-28 17:40:03.706,2026-07-28
"1089","8j3G7TTiiQ","MOOSPMv3Parser",1785260400,1,1,2,2,2,2,2,3,3,2,396,121,9385,21,14,2,14,14,0,0,14,0,33,38,23,21,30.787,99,1,36.13908,-120.368416,193.619003,0,600,58,3,"e00fce6876826e255108c6bd",2026-07-28 17:40:09.866,2026-07-28 17:40:10.097,2026-07-28 17:40:10.097,2026-07-28
"1090","OtEAPudW04","MOOSPMv3Parser",1785261001,0,0,1,0,0,1,1,0,0,1,185,98,5017,13,9,1,9,9,34,22,9,0,32,39,22,19,50.201,67,1,36.139084,-120.368347,176.464996,8,600,58,3,"e00fce686dc2ef0a68fa40b0",2026-07-28 17:50:02.614,2026-07-28 17:50:02.849,2026-07-28 17:50:02.849,2026-07-28
"1091","aXkX0WmAxG","MOOSPMv3Parser",1785261001,0,0,2,0,0,2,2,0,0,2,216,134,2872,20,15,2,15,15,35,20,15,0,32,39,23,20,32.247,34,2,36.13895,-120.368492,158.205002,6,600,58,3,"e00fce68d6b773b56ce8baa0",2026-07-28 17:50:02.527,2026-07-28 17:50:02.868,2026-07-28 17:50:02.868,2026-07-28
"1092","i9HKQGKGf7","MOOSPMv3Parser",1785261001,2,2,2,3,3,2,3,3,3,3,464,131,9008,20,17,2,17,17,34,10,17,1,32,39,22,18,39.095,104,3277,7.3e-05,-0.004163,35398.101562,7,600,58,3,"e00fce68e28dcbc9a589be10",2026-07-28 17:50:02.868,2026-07-28 17:50:03.179,2026-07-28 17:50:03.179,2026-07-28
"1093","2CZ7be1YBN","MOOSPMv3Parser",1785261000,2,2,2,3,3,2,2,3,3,2,912,140,7115,19,12,1,12,12,34,11,12,0,32,38,23,20,44.3,54,1,36.139004,-120.368385,173.209,9,600,58,3,"e00fce68e77e43df92405fdb",2026-07-28 17:50:03.169,2026-07-28 17:50:03.328,2026-07-28 17:50:03.328,2026-07-28
"1094","K4EpgJNmst","MOOSPMv3Parser",1785261000,1,1,2,2,2,2,2,2,2,2,513,116,4231,21,16,1,16,16,34,9,16,0,38,39,17,19,48.776,95,1,36.138969,-120.36837,193.253006,6,600,58,3,"e00fce6850cac69f647dc199",2026-07-28 17:50:03.147,2026-07-28 17:50:03.34,2026-07-28 17:50:03.34,2026-07-28
"1095","AjYrElO5lb","MOOSPMv3Parser",1785261001,1,1,0,3,3,0,0,3,3,0,615,150,0,29,0,2,0,0,30,12,0,2,30,35,26,23,35.454,46,2,36.187515,-119.821907,37.418999,0,600,58,3,"e00fce68e739ecbcf9e91965",2026-07-28 17:50:03.139,2026-07-28 17:50:03.355,2026-07-28 17:50:03.355,2026-07-28
"1096","cZ9nch9vmU","MOOSPMv3Parser",1785261000,4,4,3,5,5,3,3,6,6,3,836,225,6270,40,24,2,24,24,29,20,24,0,29,34,33,28,33.941,35,2,35.949566,-119.049927,109.397003,6,600,58,3,"e00fce6808784ceaf209f949",2026-07-28 17:50:03.441,2026-07-28 17:50:03.613,2026-07-28 17:50:03.613,2026-07-28
"1097","VHcIgLCFSd","MOOSPMv3Parser",1785261001,3,3,3,4,4,3,3,5,5,3,923,186,12393,32,24,2,24,24,30,20,24,0,30,35,29,26,36.136,69,1,36.762726,-119.798752,55.089001,9,600,58,3,"e00fce68e88237db75a60608",2026-07-28 17:50:03.456,2026-07-28 17:50:03.646,2026-07-28 17:50:03.646,2026-07-28
"1098","qUVlGJsdrn","MOOSPMv3Parser",1785261000,6,6,5,8,8,5,5,9,9,5,1272,341,8554,50,38,3,38,38,29,32,38,0,30,33,37,33,32.696,47,6,36.523373,-119.278793,85.528,7,600,58,3,"e00fce68f12da1a0c5de6248",2026-07-28 17:50:03.573,2026-07-28 17:50:03.755,2026-07-28 17:50:03.755,2026-07-28
"1099","Ilm6tZklmb","MOOSPMv3Parser",1785261000,1,1,2,2,2,2,2,4,4,2,400,121,9398,23,15,3,15,15,0,0,15,0,33,39,22,20,31.362,99,1,36.139469,-120.368561,188.692993,5,600,58,3,"e00fce6876826e255108c6bd",2026-07-28 17:50:05.332,2026-07-28 17:50:05.467,2026-07-28 17:50:05.467,2026-07-28
"1100","0wCOFh7MKi","MOOSPMv3Parser",1785261601,0,0,1,0,0,1,1,0,0,1,187,100,5024,14,9,1,9,9,35,22,9,0,33,40,24,20,49.669,75,1,36.139061,-120.368423,173.932007,7,600,58,3,"e00fce686dc2ef0a68fa40b0",2026-07-28 18:00:02.992,2026-07-28 18:00:03.602,2026-07-28 18:00:03.602,2026-07-28
"1101","BVFvKYi8QT","MOOSPMv3Parser",1785261601,0,0,2,0,0,2,2,0,0,2,220,135,2884,21,15,2,15,15,36,21,15,0,33,39,25,21,32.011,36,2,36.139233,-120.368187,204.218994,6,600,58,3,"e00fce68d6b773b56ce8baa0",2026-07-28 18:00:02.856,2026-07-28 18:00:03.826,2026-07-28 18:00:03.826,2026-07-28
"1102","yjGDftpZcA","MOOSPMv3Parser",1785261601,1,1,2,2,2,2,2,2,2,2,430,121,9020,18,15,1,15,15,34,9,15,1,33,40,21,17,40.133,80,3277,7.3e-05,-0.004163,35398.101562,7,600,58,3,"e00fce68e28dcbc9a589be10",2026-07-28 18:00:03.045,2026-07-28 18:00:03.924,2026-07-28 18:00:03.924,2026-07-28
"1103","7CrAwBHuib","MOOSPMv3Parser",1785261601,1,1,0,3,3,0,0,3,3,0,625,158,0,30,0,2,0,0,31,12,0,2,31,35,25,23,35.335,61,2,36.187561,-119.82193,30.579,7,600,58,3,"e00fce68e739ecbcf9e91965",2026-07-28 18:00:03.13,2026-07-28 18:00:04.113,2026-07-28 18:00:04.113,2026-07-28
"1104","fsB7igxPfX","MOOSPMv3Parser",1785261600,2,2,2,3,3,2,2,3,3,2,926,141,7126,20,13,1,13,13,34,11,13,0,33,38,24,21,43.464,61,1,36.139004,-120.368446,173.414001,8,600,58,3,"e00fce68e77e43df92405fdb",2026-07-28 18:00:03.007,2026-07-28 18:00:04.427,2026-07-28 18:00:04.427,2026-07-28
"1105","RgDxc4L7UY","MOOSPMv3Parser",1785261601,3,3,3,4,4,3,3,4,4,3,939,180,12414,31,24,2,24,24,31,18,24,0,31,36,28,25,37.146,83,1,36.762707,-119.798698,35.598999,8,600,58,3,"e00fce68e88237db75a60608",2026-07-28 18:00:03.369,2026-07-28 18:00:04.884,2026-07-28 18:00:04.884,2026-07-28
"1106","8hAp7uL14i","MOOSPMv3Parser",1785261600,6,6,5,9,9,5,5,9,9,5,1264,348,8587,53,39,3,39,39,29,32,39,0,30,34,37,34,33.169,50,6,36.523403,-119.278854,80.233002,6,600,58,3,"e00fce68f12da1a0c5de6248",2026-07-28 18:00:03.819,2026-07-28 18:00:04.937,2026-07-28 18:00:04.937,2026-07-28
"1107","480YSFkxC4","MOOSPMv3Parser",1785261600,1,1,2,2,2,2,2,3,3,2,536,120,4244,23,15,1,15,15,34,10,15,0,38,39,19,21,49.147,96,1,36.138939,-120.368393,167.690994,7,600,58,3,"e00fce6850cac69f647dc199",2026-07-28 18:00:03.738,2026-07-28 18:00:05.213,2026-07-28 18:00:05.213,2026-07-28
"1108","HmZz8mAu8I","MOOSPMv3Parser",1785261600,1,1,2,2,2,2,2,2,2,2,385,117,9410,20,14,1,14,14,0,0,14,0,33,39,24,21,31.615,99,1,36.139153,-120.368439,181.612,6,600,58,3,"e00fce6876826e255108c6bd",2026-07-28 18:00:04.269,2026-07-28 18:00:05.252,2026-07-28 18:00:05.252,2026-07-28
"1109","VGPD3NauZU","MOOSPMv3Parser",1785261600,4,4,3,5,5,3,3,6,6,3,831,229,6290,37,23,2,23,23,30,18,23,0,30,35,31,26,33.917,29,2,35.949455,-119.049927,114.388,5,600,58,3,"e00fce6808784ceaf209f949",2026-07-28 18:00:03.5,2026-07-28 18:00:05.569,2026-07-28 18:00:05.569,2026-07-28
"1110","e241HUSQAn","MOOSPMv3Parser",1785262201,0,0,1,0,0,1,1,0,0,1,185,98,5032,13,9,1,9,9,35,22,9,0,33,40,24,20,52.06,79,1,36.139027,-120.368393,171.733002,8,600,58,3,"e00fce686dc2ef0a68fa40b0",2026-07-28 18:10:02.121,2026-07-28 18:10:02.341,2026-07-28 18:10:02.341,2026-07-28
"1111","reGkdKVGLJ","MOOSPMv3Parser",1785262201,0,0,2,0,0,2,2,0,0,2,222,136,2897,19,15,2,15,15,36,20,15,0,33,40,23,21,33.369,39,2,36.138958,-120.368538,159.567993,5,600,58,3,"e00fce68d6b773b56ce8baa0",2026-07-28 18:10:02.669,2026-07-28 18:10:02.826,2026-07-28 18:10:02.826,2026-07-28
"1112","ds1sHdJZI4","MOOSPMv3Parser",1785262200,2,2,2,3,3,2,2,3,3,2,965,145,7137,20,13,1,13,13,34,12,13,0,33,39,23,22,44.976,66,1,36.138966,-120.368431,163.636002,6,600,58,3,"e00fce68e77e43df92405fdb",2026-07-28 18:10:02.839,2026-07-28 18:10:03.008,2026-07-28 18:10:03.008,2026-07-28
"1113","AaHvXt6KQr","MOOSPMv3Parser",1785262201,1,1,2,2,2,2,2,2,2,2,418,115,9032,21,14,1,14,14,35,9,14,0,33,41,20,17,41.084,73,3277,7.3e-05,-0.004163,35398.101562,7,600,58,3,"e00fce68e28dcbc9a589be10",2026-07-28 18:10:03.036,2026-07-28 18:10:03.201,2026-07-28 18:10:03.201,2026-07-28
"1114","lC3umopnmP","MOOSPMv3Parser",1785262201,1,1,0,3,3,0,0,3,3,0,616,152,0,32,0,3,0,0,31,12,0,2,31,36,25,23,36.725,115,2,36.187546,-119.82196,24.400999,8,600,58,3,"e00fce68e739ecbcf9e91965",2026-07-28 18:10:03.054,2026-07-28 18:10:03.237,2026-07-28 18:10:03.237,2026-07-28
"1115","x8jqqarXTP","MOOSPMv3Parser",1785262201,3,3,3,4,4,3,3,4,4,3,930,183,12436,31,25,2,25,25,31,17,25,0,31,37,26,23,39.606,69,1,36.762676,-119.798759,50.084999,6,600,58,3,"e00fce68e88237db75a60608",2026-07-28 18:10:03.383,2026-07-28 18:10:03.615,2026-07-28 18:10:03.615,2026-07-28
"1116","FVIpBxJSB9","MOOSPMv3Parser",1785262200,3,3,3,5,5,3,3,5,5,3,756,205,6308,34,21,3,21,21,31,18,21,0,30,36,31,26,33.004,35,2,35.94949,-119.049927,112.543999,5,600,58,3,"e00fce6808784ceaf209f949",2026-07-28 18:10:03.55,2026-07-28 18:10:03.705,2026-07-28 18:10:03.705,2026-07-28
"1117","vcbtR0Eesl","MOOSPMv3Parser",1785262200,1,1,2,2,2,2,2,2,2,2,563,119,4258,18,16,1,16,16,35,10,16,0,39,40,18,20,48.446,101,1,36.138962,-120.368378,180.195007,6,600,58,3,"e00fce6850cac69f647dc199",2026-07-28 18:10:03.954,2026-07-28 18:10:04.098,2026-07-28 18:10:04.098,2026-07-28
"1118","N47U3wPj2y","MOOSPMv3Parser",1785262200,1,1,2,2,2,2,2,2,2,2,406,123,9423,20,14,1,14,14,0,0,14,0,33,40,22,21,32.009,99,1,36.139072,-120.368332,185.332001,6,600,58,3,"e00fce6876826e255108c6bd",2026-07-28 18:10:04.344,2026-07-28 18:10:04.545,2026-07-28 18:10:04.545,2026-07-28
"1119","jWfjGxOqGQ","MOOSPMv3Parser",1785262200,6,6,5,8,8,5,5,9,9,5,1195,327,8620,50,38,3,38,38,30,30,38,0,30,34,36,32,34.245,50,6,36.523613,-119.278885,-9.776,7,600,58,3,"e00fce68f12da1a0c5de6248",2026-07-28 18:10:07.893,2026-07-28 18:10:08.066,2026-07-28 18:10:08.066,2026-07-28
"1120","dwBgU2KYGt","MOOSPMv3Parser",1785262800,2,2,2,3,3,2,2,3,3,2,1005,145,7147,17,12,1,12,12,35,10,12,0,33,39,22,19,45.616,74,1,36.138966,-120.368431,163.638,0,600,58,3,"e00fce68e77e43df92405fdb",2026-07-28 18:20:02.856,2026-07-28 18:20:03.062,2026-07-28 18:20:03.062,2026-07-28
"1121","SoIjls3DXp","MOOSPMv3Parser",1785262800,1,1,2,2,2,2,2,2,2,2,526,115,4271,21,15,1,15,15,35,9,15,0,39,40,17,19,49.735,105,1,36.138962,-120.368378,180.195007,0,600,58,3,"e00fce6850cac69f647dc199",2026-07-28 18:20:02.9,2026-07-28 18:20:03.117,2026-07-28 18:20:03.117,2026-07-28
"1122","YHiNMtHVA6","MOOSPMv3Parser",1785262801,1,1,2,1,1,2,2,2,2,2,406,114,9045,20,14,1,14,14,35,8,14,0,33,42,20,16,41.846,89,3277,7.3e-05,-0.004163,35398.101562,7,600,58,3,"e00fce68e28dcbc9a589be10",2026-07-28 18:20:03.033,2026-07-28 18:20:03.292,2026-07-28 18:20:03.292,2026-07-28
"1123","w4xBRwD9qt","MOOSPMv3Parser",1785262801,0,0,2,0,0,2,2,0,0,2,220,138,2909,21,14,1,14,14,36,20,14,0,33,40,23,20,33.442,41,2,36.138958,-120.368538,159.569,0,600,58,3,"e00fce68d6b773b56ce8baa0",2026-07-28 18:20:02.99,2026-07-28 18:20:03.327,2026-07-28 18:20:03.327,2026-07-28
"1124","ufarCAMd1J","MOOSPMv3Parser",1785262801,1,1,0,2,2,0,0,3,3,0,577,139,0,28,0,3,0,0,32,11,0,2,31,36,24,22,37.971,102,1,36.187622,-119.822144,23.808001,8,600,58,3,"e00fce68e739ecbcf9e91965",2026-07-28 18:20:03.201,2026-07-28 18:20:03.386,2026-07-28 18:20:03.386,2026-07-28
"1125","CBgWeK6Cyq","MOOSPMv3Parser",1785262800,5,5,5,7,7,5,5,8,8,5,1167,317,8651,48,36,2,36,36,30,30,36,0,31,35,35,32,35.4,50,5,36.523399,-119.278923,69.561996,6,600,58,3,"e00fce68f12da1a0c5de6248",2026-07-28 18:20:03.407,2026-07-28 18:20:03.588,2026-07-28 18:20:03.588,2026-07-28
"1126","et8nzOrgXx","MOOSPMv3Parser",1785262801,3,3,3,4,4,3,4,4,4,4,931,185,12457,32,25,2,25,25,32,17,25,0,31,37,27,24,40.539,59,1,36.762691,-119.798767,60.206001,7,600,58,3,"e00fce68e88237db75a60608",2026-07-28 18:20:03.469,2026-07-28 18:20:03.64,2026-07-28 18:20:03.64,2026-07-28
"1127","Eo1D3zpiD8","MOOSPMv3Parser",1785262800,3,3,3,5,5,3,3,5,5,3,712,195,6326,34,20,3,20,20,31,17,20,0,30,36,31,26,32.684,35,2,35.949528,-119.049911,122.653999,5,600,58,3,"e00fce6808784ceaf209f949",2026-07-28 18:20:03.554,2026-07-28 18:20:03.74,2026-07-28 18:20:03.74,2026-07-28
"1128","7Q1EaCjVzD","MOOSPMv3Parser",1785262801,1,1,2,2,2,2,2,2,2,2,573,127,5011,18,14,1,14,14,29,18,14,0,31,33,25,25,42.347,31,3277,36.503094,-120.325432,56.178001,6,600,58,3,"e00fce6858b443fd80f27170",2026-07-28 18:20:03.912,2026-07-28 18:20:04.108,2026-07-28 18:20:04.108,2026-07-28
"1129","TlGe56L35b","MOOSPMv3Parser",1785262800,1,1,2,2,2,2,2,3,3,2,390,117,9434,21,14,2,14,14,0,0,14,0,34,40,22,19,32.691,99,1,36.138988,-120.368408,155.016006,5,600,58,3,"e00fce6876826e255108c6bd",2026-07-28 18:20:04.169,2026-07-28 18:20:04.367,2026-07-28 18:20:04.367,2026-07-28
"1130","vxKxH2HxHq","MOOSPMv3Parser",1785262801,0,0,1,0,0,1,1,0,0,1,192,102,5040,12,10,1,10,10,35,21,10,0,33,40,22,18,52.026,80,1,36.138985,-120.368416,169.106003,7,600,58,3,"e00fce686dc2ef0a68fa40b0",2026-07-28 18:20:06.584,2026-07-28 18:20:06.765,2026-07-28 18:20:06.765,2026-07-28
"1131","OByXI9V6sD","MOOSPMv3Parser",1785263401,0,0,2,0,0,2,2,0,0,2,223,137,2922,19,15,2,16,16,37,20,16,0,34,41,23,20,33.665,44,1,36.139011,-120.368401,170.455994,5,600,58,3,"e00fce68d6b773b56ce8baa0",2026-07-28 18:30:02.52,2026-07-28 18:30:02.892,2026-07-28 18:30:02.892,2026-07-28
"1132","np4n6qC8L8","MOOSPMv3Parser",1785263400,1,1,2,2,2,2,2,2,2,2,511,116,4283,22,14,1,14,14,35,9,14,0,40,40,17,20,49.04,112,1,36.139015,-120.368431,159.520004,5,600,58,3,"e00fce6850cac69f647dc199",2026-07-28 18:30:03.176,2026-07-28 18:30:03.43,2026-07-28 18:30:03.43,2026-07-28
"1133","CEeEAD2hMv","MOOSPMv3Parser",1785263401,1,1,0,3,3,0,0,4,4,0,633,155,0,31,0,3,0,0,32,10,0,2,32,37,23,21,39.414,64,1,36.187572,-119.822136,10.466,7,600,58,3,"e00fce68e739ecbcf9e91965",2026-07-28 18:30:03.353,2026-07-28 18:30:03.591,2026-07-28 18:30:03.591,2026-07-28
"1134","Jt8L0l3ouV","MOOSPMv3Parser",1785263400,2,2,1,2,2,2,2,3,3,2,977,136,7157,19,11,1,12,12,35,10,12,0,35,40,21,20,44.76,93,1,36.139091,-120.368401,164.136993,5,600,58,3,"e00fce68e77e43df92405fdb",2026-07-28 18:30:03.254,2026-07-28 18:30:03.649,2026-07-28 18:30:03.649,2026-07-28
"1135","nh5aG62hhI","MOOSPMv3Parser",1785263401,3,3,3,4,4,4,4,5,5,4,1001,193,12479,30,26,2,26,26,32,16,26,0,32,38,27,23,41.238,68,1,36.762691,-119.798767,58.131001,9,600,58,3,"e00fce68e88237db75a60608",2026-07-28 18:30:03.372,2026-07-28 18:30:03.671,2026-07-28 18:30:03.671,2026-07-28
"1136","Oy8QwI1xyd","MOOSPMv3Parser",1785263400,3,3,3,4,4,3,3,4,4,3,687,186,6343,31,20,2,20,20,31,16,20,0,30,35,30,26,33.134,40,1,35.949574,-119.049919,111.226997,5,600,58,3,"e00fce6808784ceaf209f949",2026-07-28 18:30:03.433,2026-07-28 18:30:03.711,2026-07-28 18:30:03.711,2026-07-28
"1137","Y9SZgmJNIV","MOOSPMv3Parser",1785263401,0,0,2,2,2,2,2,2,2,2,438,118,9058,21,15,1,15,15,36,8,15,1,34,42,19,16,40.143,112,3277,7.3e-05,-0.004163,35398.101562,7,600,58,3,"e00fce68e28dcbc9a589be10",2026-07-28 18:30:03.493,2026-07-28 18:30:03.764,2026-07-28 18:30:03.764,2026-07-28
"1138","Ty4Wp2nUw3","MOOSPMv3Parser",1785263401,0,0,1,0,0,1,1,0,0,1,197,107,5048,13,9,1,9,9,35,22,9,0,34,40,21,19,51.332,84,1,36.139,-120.368317,170.225006,7,600,58,3,"e00fce686dc2ef0a68fa40b0",2026-07-28 18:30:03.484,2026-07-28 18:30:03.806,2026-07-28 18:30:03.806,2026-07-28
"1139","hGtIHzIb25","MOOSPMv3Parser",1785263401,1,1,2,2,2,2,2,2,2,2,523,127,5022,17,14,1,14,14,30,18,14,0,32,34,25,25,41.57,35,3277,36.503117,-120.325424,48.689999,5,600,58,3,"e00fce6858b443fd80f27170",2026-07-28 18:30:04.909,2026-07-28 18:30:05.1,2026-07-28 18:30:05.1,2026-07-28
"1140","nGMJWgBEAq","MOOSPMv3Parser",1785263400,6,6,5,8,8,5,5,8,8,5,1203,326,8683,47,36,3,36,36,31,29,36,0,32,35,35,31,35.654,53,5,36.523392,-119.278786,99.657997,6,600,58,3,"e00fce68f12da1a0c5de6248",2026-07-28 18:30:07.482,2026-07-28 18:30:07.661,2026-07-28 18:30:07.661,2026-07-28
"1141","NNT8Wb6dYL","MOOSPMv3Parser",1785263400,1,1,2,2,2,2,2,2,2,2,376,115,9446,20,13,1,13,13,0,0,13,0,34,41,22,20,32.623,99,1,36.139023,-120.368393,183.865005,8,600,58,3,"e00fce6876826e255108c6bd",2026-07-28 18:30:09.413,2026-07-28 18:30:09.602,2026-07-28 18:30:09.602,2026-07-28
"1142","G33r6Dh4cy","MOOSPMv3Parser",1785264001,0,0,2,0,0,2,2,0,0,2,214,131,2934,18,14,2,14,14,37,19,14,0,33,41,22,19,35.032,42,1,36.139042,-120.368423,182.205002,7,600,58,3,"e00fce68d6b773b56ce8baa0",2026-07-28 18:40:02.68,2026-07-28 18:40:02.953,2026-07-28 18:40:02.953,2026-07-28
"1143","v3Ace3lUks","MOOSPMv3Parser",1785264001,0,0,2,1,1,2,2,1,1,2,434,116,9070,19,15,1,15,15,36,8,15,1,35,42,19,16,39.624,130,3277,7.3e-05,-0.004163,35398.101562,7,600,58,3,"e00fce68e28dcbc9a589be10",2026-07-28 18:40:02.744,2026-07-28 18:40:03.051,2026-07-28 18:40:03.051,2026-07-28
"1144","2lvwCmyrrC","MOOSPMv3Parser",1785264001,0,0,1,0,0,1,1,0,0,1,194,102,5055,12,9,1,9,9,35,21,9,0,34,40,22,18,55.568,65,1,36.138973,-120.368378,188.992004,6,600,58,3,"e00fce686dc2ef0a68fa40b0",2026-07-28 18:40:02.849,2026-07-28 18:40:03.13,2026-07-28 18:40:03.13,2026-07-28
"1145","YKAq4Qz76y","MOOSPMv3Parser",1785264001,1,1,0,3,3,0,0,3,3,0,614,148,0,29,0,2,0,0,32,9,0,2,32,37,23,21,41.596,47,1,36.187534,-119.822121,5.801,8,599,58,3,"e00fce68e739ecbcf9e91965",2026-07-28 18:40:03.066,2026-07-28 18:40:03.251,2026-07-28 18:40:03.251,2026-07-28
"1146","XdFYR9Pn4B","MOOSPMv3Parser",1785264000,2,2,2,3,3,2,2,3,3,2,1028,144,7168,20,12,1,12,12,35,9,12,0,34,40,21,19,47.061,77,1,36.139156,-120.368347,151.891998,7,600,58,3,"e00fce68e77e43df92405fdb",2026-07-28 18:40:02.984,2026-07-28 18:40:03.283,2026-07-28 18:40:03.283,2026-07-28
"1147","A8hARjKscd","MOOSPMv3Parser",1785264001,3,3,3,5,5,4,4,5,5,4,1061,206,12502,33,27,1,27,27,33,16,27,0,32,38,26,22,41.68,86,1,36.762733,-119.798706,55.445,11,600,58,3,"e00fce68e88237db75a60608",2026-07-28 18:40:03.384,2026-07-28 18:40:03.579,2026-07-28 18:40:03.579,2026-07-28
"1148","wFP0IER911","MOOSPMv3Parser",1785264000,1,1,2,2,2,2,2,3,3,2,519,114,4296,21,14,1,14,14,35,8,14,0,40,41,16,19,196.083,114,1,36.13905,-120.368446,169.494995,5,600,58,3,"e00fce6850cac69f647dc199",2026-07-28 18:40:03.413,2026-07-28 18:40:03.606,2026-07-28 18:40:03.606,2026-07-28
"1149","hD18E3qEfg","MOOSPMv3Parser",1785264000,3,3,3,4,4,3,3,4,4,3,724,196,6361,34,21,2,21,21,31,16,21,0,31,36,30,26,33.026,39,1,35.949574,-119.049919,111.232002,0,600,58,3,"e00fce6808784ceaf209f949",2026-07-28 18:40:03.601,2026-07-28 18:40:03.752,2026-07-28 18:40:03.752,2026-07-28
"1150","IETGvw3nta","MOOSPMv3Parser",1785264000,1,1,2,2,2,2,2,3,3,2,384,114,9457,20,14,1,14,14,0,0,14,0,34,41,21,19,33.4,99,1,36.138973,-120.36834,188.179001,7,600,58,3,"e00fce6876826e255108c6bd",2026-07-28 18:40:04.256,2026-07-28 18:40:04.435,2026-07-28 18:40:04.435,2026-07-28
"1151","edL1jCRiLv","MOOSPMv3Parser",1785264000,6,6,5,8,8,5,5,9,9,5,1233,333,8714,50,35,3,35,35,31,29,35,0,32,36,35,31,36.763,65,5,36.523277,-119.278702,92.357002,5,600,58,3,"e00fce68f12da1a0c5de6248",2026-07-28 18:40:08.798,2026-07-28 18:40:08.993,2026-07-28 18:40:08.993,2026-07-28
"1152","k3YhQsbQhj","MOOSPMv3Parser",1785264601,0,0,1,0,0,1,1,0,0,1,198,104,5062,14,9,1,9,9,35,21,9,0,34,40,21,18,55.246,58,1,36.139023,-120.368378,171.565002,6,600,58,3,"e00fce686dc2ef0a68fa40b0",2026-07-28 18:50:02.051,2026-07-28 18:50:02.222,2026-07-28 18:50:02.222,2026-07-28
"1153","ZhZTyLoZBy","MOOSPMv3Parser",1785264601,1,1,2,1,1,2,2,2,2,2,430,119,9083,21,15,1,15,15,36,8,15,1,35,42,19,16,41.335,83,3277,7.3e-05,-0.004163,35398.101562,7,600,58,3,"e00fce68e28dcbc9a589be10",2026-07-28 18:50:02.727,2026-07-28 18:50:03.11,2026-07-28 18:50:03.11,2026-07-28
"1154","5E3OUIQ7t0","MOOSPMv3Parser",1785264600,2,2,2,3,3,2,2,3,3,2,1040,141,7178,19,12,1,12,12,35,9,12,0,34,40,21,19,47.392,67,1,36.139046,-120.368507,161.569,8,600,58,3,"e00fce68e77e43df92405fdb",2026-07-28 18:50:02.946,2026-07-28 18:50:03.209,2026-07-28 18:50:03.209,2026-07-28
"1155","c23tIUrhUu","MOOSPMv3Parser",1785264601,1,1,0,3,3,0,0,4,4,0,636,153,0,31,0,3,0,0,32,10,0,2,32,37,23,21,42.317,39,1,36.18758,-119.822121,21.927999,8,600,58,3,"e00fce68e739ecbcf9e91965",2026-07-28 18:50:03.279,2026-07-28 18:50:03.511,2026-07-28 18:50:03.511,2026-07-28
"1156","eClMafVmgP","MOOSPMv3Parser",1785264601,0,0,2,0,0,2,2,0,0,2,225,137,2946,20,14,1,15,15,37,19,15,0,34,41,22,19,32.032,34,1,36.139118,-120.36837,157.710007,8,600,58,3,"e00fce68d6b773b56ce8baa0",2026-07-28 18:50:03.256,2026-07-28 18:50:03.52,2026-07-28 18:50:03.52,2026-07-28
"1157","OdI4FX28Uw","MOOSPMv3Parser",1785264600,3,3,3,5,5,3,3,5,5,3,769,211,6380,37,22,1,22,22,32,15,22,0,31,36,29,25,34.062,72,1,35.949554,-119.050003,117.584,6,600,58,3,"e00fce6808784ceaf209f949",2026-07-28 18:50:03.455,2026-07-28 18:50:03.606,2026-07-28 18:50:03.606,2026-07-28
"1158","uQPbBfaB1S","MOOSPMv3Parser",1785264601,3,3,3,5,5,3,4,5,5,4,1044,205,12524,32,25,2,25,25,33,15,25,0,32,39,25,22,43.112,67,1,36.762775,-119.798676,52.591999,9,600,58,3,"e00fce68e88237db75a60608",2026-07-28 18:50:03.391,2026-07-28 18:50:03.626,2026-07-28 18:50:03.626,2026-07-28
"1159","B47xE5lYRE","MOOSPMv3Parser",1785264600,6,6,5,8,8,5,5,9,9,5,1220,333,8746,52,37,4,37,37,32,27,37,0,32,36,35,30,38.63,61,5,36.523277,-119.278702,92.353996,0,600,58,3,"e00fce68f12da1a0c5de6248",2026-07-28 18:50:03.533,2026-07-28 18:50:03.754,2026-07-28 18:50:03.754,2026-07-28
"1160","Xf3o98nIJB","MOOSPMv3Parser",1785264600,1,1,2,2,2,2,2,2,2,2,526,117,4309,17,15,1,15,15,35,8,15,0,40,41,16,18,467.317,105,1,36.139008,-120.368469,163.947998,7,600,58,3,"e00fce6850cac69f647dc199",2026-07-28 18:50:03.976,2026-07-28 18:50:04.126,2026-07-28 18:50:04.126,2026-07-28
"1161","PWB4BJJ618","MOOSPMv3Parser",1785264600,1,1,2,2,2,2,2,3,3,2,399,120,9469,23,14,2,14,14,0,0,14,0,35,40,21,19,33.618,99,1,36.139027,-120.368393,172.531006,7,600,58,3,"e00fce6876826e255108c6bd",2026-07-28 18:50:04.257,2026-07-28 18:50:04.45,2026-07-28 18:50:04.45,2026-07-28
"1162","SouEQYliVo","MOOSPMv3Parser",1785265201,0,0,1,0,0,1,1,0,0,1,206,110,5070,14,10,1,10,10,35,21,10,0,35,40,21,19,56.496,50,1,36.139023,-120.368378,171.561005,0,600,58,3,"e00fce686dc2ef0a68fa40b0",2026-07-28 19:00:02.27,2026-07-28 19:00:02.719,2026-07-28 19:00:02.719,2026-07-28
"1163","WR0SU8Z4Ci","MOOSPMv3Parser",1785265201,0,0,2,0,0,2,2,0,0,2,229,142,2959,19,15,2,15,15,36,20,15,0,34,41,22,19,33.34,27,1,36.139027,-120.368446,169.959,6,600,58,3,"e00fce68d6b773b56ce8baa0",2026-07-28 19:00:02.832,2026-07-28 19:00:03.896,2026-07-28 19:00:03.896,2026-07-28
"1164","0oNoDvTZsa","MOOSPMv3Parser",1785265200,2,2,2,3,3,2,2,3,3,2,1085,152,7189,20,12,1,13,13,35,10,13,0,34,40,22,20,48.892,53,1,36.138988,-120.368355,159.576004,6,600,58,3,"e00fce68e77e43df92405fdb",2026-07-28 19:00:02.891,2026-07-28 19:00:04.079,2026-07-28 19:00:04.079,2026-07-28
"1165","A8AtxKa9SW","MOOSPMv3Parser",1785265201,1,1,0,3,3,0,0,3,3,0,643,154,0,31,0,2,0,0,32,9,0,2,33,37,22,20,43.592,33,1,36.187595,-119.82235,0.47,7,600,58,3,"e00fce68e739ecbcf9e91965",2026-07-28 19:00:03.128,2026-07-28 19:00:04.399,2026-07-28 19:00:04.399,2026-07-28
"1166","44lYfktTNI","MOOSPMv3Parser",1785265200,5,5,5,8,8,6,6,9,9,6,1177,323,8782,55,42,4,42,42,32,27,42,0,32,37,35,30,37.217,86,5,36.523365,-119.278763,68.036003,7,600,58,3,"e00fce68f12da1a0c5de6248",2026-07-28 19:00:03.502,2026-07-28 19:00:04.447,2026-07-28 19:00:04.447,2026-07-28
"1167","WCcs2cpPip","MOOSPMv3Parser",1785265200,1,1,2,2,2,2,2,2,2,2,392,117,9482,21,15,1,15,15,0,0,15,0,35,40,21,20,34.141,99,1,36.138992,-120.368385,172.774994,8,600,58,3,"e00fce6876826e255108c6bd",2026-07-28 19:00:04.186,2026-07-28 19:00:04.665,2026-07-28 19:00:04.665,2026-07-28
"1168","6QZRqciDrv","MOOSPMv3Parser",1785265200,3,3,3,5,5,3,3,5,5,3,770,211,6399,36,22,3,22,22,32,15,22,0,32,37,29,24,34.683,57,1,35.949623,-119.049919,119.417,7,600,58,3,"e00fce6808784ceaf209f949",2026-07-28 19:00:03.616,2026-07-28 19:00:04.73,2026-07-28 19:00:04.73,2026-07-28
"1169","RPUCt90BH2","MOOSPMv3Parser",1785265201,3,3,3,5,5,3,3,5,5,3,1118,213,12546,34,25,2,25,25,34,14,25,0,33,39,25,22,43.617,79,1,36.76273,-119.798767,47.972,10,600,58,3,"e00fce68e88237db75a60608",2026-07-28 19:00:03.298,2026-07-28 19:00:04.905,2026-07-28 19:00:04.905,2026-07-28
"1170","21RcNei09y","MOOSPMv3Parser",1785265201,1,1,2,1,1,2,2,2,2,2,443,119,9096,19,15,1,15,15,36,8,15,0,36,43,18,16,39.788,117,3277,7.3e-05,-0.004163,35398.101562,7,600,58,3,"e00fce68e28dcbc9a589be10",2026-07-28 19:00:03.364,2026-07-28 19:00:05.174,2026-07-28 19:00:05.174,2026-07-28
"1171","QPVVY1Beae","MOOSPMv3Parser",1785265200,2,2,2,3,3,2,2,3,3,2,574,127,4322,23,16,1,16,16,35,8,16,0,40,41,17,19,512.543,97,1,36.139011,-120.368378,190.968994,7,600,58,3,"e00fce6850cac69f647dc199",2026-07-28 19:00:19.407,2026-07-28 19:00:19.593,2026-07-28 19:00:19.593,2026-07-28
"1172","SWBLvrnq60","MOOSPMv3Parser",1785265800,2,2,2,3,3,2,2,3,3,2,1071,152,7199,19,12,1,12,12,35,10,12,0,35,40,21,20,48.224,62,1,36.139038,-120.368507,173.182007,7,600,58,3,"e00fce68e77e43df92405fdb",2026-07-28 19:10:02.936,2026-07-28 19:10:03.13,2026-07-28 19:10:03.13,2026-07-28
"1173","JdT4d7OHP2","MOOSPMv3Parser",1785265801,1,1,0,3,3,0,0,3,3,0,616,148,0,29,0,2,0,0,33,9,0,2,33,38,22,21,43.969,27,1,36.187546,-119.822235,17.531,7,600,58,3,"e00fce68e739ecbcf9e91965",2026-07-28 19:10:03.2,2026-07-28 19:10:03.366,2026-07-28 19:10:03.366,2026-07-28
"1174","Oxk64sPmIg","MOOSPMv3Parser",1785265801,0,0,2,1,1,2,2,1,1,2,415,113,9108,17,14,1,14,15,37,8,15,1,36,43,18,16,39.307,159,3277,7.3e-05,-0.004163,35398.101562,7,600,58,3,"e00fce68e28dcbc9a589be10",2026-07-28 19:10:03.216,2026-07-28 19:10:03.419,2026-07-28 19:10:03.419,2026-07-28
"1175","k6ImA5QIBu","MOOSPMv3Parser",1785265800,2,2,2,3,3,2,2,3,3,2,596,128,4336,22,15,1,15,15,35,8,15,0,40,41,17,19,512.606,111,1,36.13887,-120.368294,185.216003,6,600,58,3,"e00fce6850cac69f647dc199",2026-07-28 19:10:03.324,2026-07-28 19:10:03.498,2026-07-28 19:10:03.498,2026-07-28
"1176","alLS76yEop","MOOSPMv3Parser",1785265800,3,3,3,5,5,3,3,5,5,3,814,218,6418,39,22,3,22,22,32,15,22,0,32,37,29,25,35.511,44,1,35.949585,-119.049934,93.667,7,600,58,3,"e00fce6808784ceaf209f949",2026-07-28 19:10:03.333,2026-07-28 19:10:03.545,2026-07-28 19:10:03.545,2026-07-28
"1177","pAMqfKPp1E","MOOSPMv3Parser",1785265801,0,0,2,0,0,2,2,0,0,2,229,142,2971,20,15,2,15,15,36,20,15,0,34,41,22,19,32.881,30,1,36.139004,-120.368393,169.725998,6,600,58,3,"e00fce68d6b773b56ce8baa0",2026-07-28 19:10:03.407,2026-07-28 19:10:03.576,2026-07-28 19:10:03.576,2026-07-28
"1178","s4RRFxSKFu","MOOSPMv3Parser",1785265800,6,6,5,8,8,6,6,9,9,6,1201,325,8817,53,40,3,40,40,32,26,41,0,32,37,35,30,37.438,86,5,36.523388,-119.278725,74.987999,7,600,58,3,"e00fce68f12da1a0c5de6248",2026-07-28 19:10:03.465,2026-07-28 19:10:03.6,2026-07-28 19:10:03.6,2026-07-28
"1179","3ds3DvQAcT","MOOSPMv3Parser",1785265801,3,3,3,4,4,3,3,4,4,3,1030,190,12566,29,24,2,24,24,34,14,24,0,33,39,25,22,44.343,75,1,36.762672,-119.798714,63.175999,9,600,58,3,"e00fce68e88237db75a60608",2026-07-28 19:10:03.555,2026-07-28 19:10:03.766,2026-07-28 19:10:03.766,2026-07-28
"1180","w9UL2vkNCR","MOOSPMv3Parser",1785265800,1,1,2,2,2,2,2,3,3,2,402,121,9494,22,14,2,14,14,0,0,14,0,35,40,21,20,33.468,99,1,36.138939,-120.368416,178.065994,6,600,58,3,"e00fce6876826e255108c6bd",2026-07-28 19:10:04.358,2026-07-28 19:10:04.533,2026-07-28 19:10:04.533,2026-07-28
"1181","fYI4YoYEqg","MOOSPMv3Parser",1785265801,0,0,1,0,0,1,1,0,0,1,199,106,5079,14,10,1,10,10,35,21,10,0,35,40,21,19,54.256,63,1,36.138992,-120.368393,168.475006,6,600,58,3,"e00fce686dc2ef0a68fa40b0",2026-07-28 19:10:07.235,2026-07-28 19:10:07.399,2026-07-28 19:10:07.399,2026-07-28
"1182","5MVJMoxDGm","MOOSPMv3Parser",1785266401,0,0,2,0,0,2,2,0,0,2,225,138,2983,18,14,1,14,14,36,19,14,0,35,41,22,19,32.842,30,1,36.139153,-120.368347,177.772995,5,600,58,3,"e00fce68d6b773b56ce8baa0",2026-07-28 19:20:02.917,2026-07-28 19:20:03.085,2026-07-28 19:20:03.085,2026-07-28
"1183","yFqLwDCJ9Z","MOOSPMv3Parser",1785266401,0,0,1,0,0,1,1,0,0,1,196,105,5087,13,9,1,9,9,35,21,9,0,35,40,21,18,55.943,59,1,36.139042,-120.368355,180.529007,5,600,58,3,"e00fce686dc2ef0a68fa40b0",2026-07-28 19:20:02.814,2026-07-28 19:20:03.149,2026-07-28 19:20:03.149,2026-07-28
"1184","ZJnld98daM","MOOSPMv3Parser",1785266400,2,2,1,3,3,2,2,3,3,2,1076,146,7208,20,11,1,11,11,35,9,11,0,35,40,20,19,48.408,62,1,36.139107,-120.368439,164.186996,7,600,58,3,"e00fce68e77e43df92405fdb",2026-07-28 19:20:02.912,2026-07-28 19:20:03.16,2026-07-28 19:20:03.16,2026-07-28
"1185","ALZcOk9k0m","MOOSPMv3Parser",1785266401,0,0,2,1,1,2,2,1,1,2,424,115,9120,19,14,1,14,14,37,8,14,1,36,43,19,16,39.888,157,3277,7.3e-05,-0.004163,35398.101562,7,600,58,3,"e00fce68e28dcbc9a589be10",2026-07-28 19:20:03.192,2026-07-28 19:20:03.4,2026-07-28 19:20:03.4,2026-07-28
"1186","eG3vFEJUgD","MOOSPMv3Parser",1785266401,1,1,0,3,3,0,0,3,3,0,647,154,0,30,0,2,0,0,33,9,0,2,33,39,22,20,43.771,33,1,36.187592,-119.822182,9.281,6,600,58,3,"e00fce68e739ecbcf9e91965",2026-07-28 19:20:03.273,2026-07-28 19:20:03.521,2026-07-28 19:20:03.521,2026-07-28
"1187","EsEEI9rggK","MOOSPMv3Parser",1785266401,3,3,3,4,4,3,3,4,4,3,1030,192,12587,27,24,2,24,24,34,13,24,0,33,38,24,22,44.507,71,1,36.762672,-119.798714,63.181,0,600,58,3,"e00fce68e88237db75a60608",2026-07-28 19:20:03.447,2026-07-28 19:20:03.618,2026-07-28 19:20:03.618,2026-07-28
"1188","EXlBRgWUqc","MOOSPMv3Parser",1785266400,1,1,2,2,2,2,2,2,2,2,562,120,4349,20,15,1,15,15,36,8,15,0,40,41,16,18,512.661,106,1,36.139,-120.368568,167.278,6,600,58,3,"e00fce6850cac69f647dc199",2026-07-28 19:20:03.552,2026-07-28 19:20:03.702,2026-07-28 19:20:03.702,2026-07-28
"1189","iJ7hrxaw4y","MOOSPMv3Parser",1785266400,3,3,3,5,5,3,3,5,5,3,817,220,6437,40,22,2,22,22,32,15,22,0,32,38,30,25,36.717,39,1,35.949627,-119.049957,112.434998,8,600,58,3,"e00fce6808784ceaf209f949",2026-07-28 19:20:03.616,2026-07-28 19:20:03.81,2026-07-28 19:20:03.81,2026-07-28
"1190","0hSLiPxqce","MOOSPMv3Parser",1785266400,1,1,2,2,2,2,2,2,2,2,374,111,9507,19,15,1,15,15,0,0,15,0,35,40,22,19,34.019,99,1,36.138939,-120.368416,178.063004,0,600,58,3,"e00fce6876826e255108c6bd",2026-07-28 19:20:04.192,2026-07-28 19:20:04.368,2026-07-28 19:20:04.368,2026-07-28
"1191","nV2qCMWZKE","MOOSPMv3Parser",1785266400,5,5,5,8,8,6,6,8,8,6,1119,304,8851,50,39,3,40,40,33,26,40,0,33,37,33,29,38.463,84,5,36.523388,-119.278732,92.910004,7,600,58,3,"e00fce68f12da1a0c5de6248",2026-07-28 19:20:07.896,2026-07-28 19:20:08.077,2026-07-28 19:20:08.077,2026-07-28
"1192","nBIpYC5t7G","MOOSPMv3Parser",1785267001,0,0,1,0,0,1,1,0,0,1,194,103,5095,13,10,1,10,10,35,21,10,0,35,40,22,19,55.849,57,1,36.13903,-120.368408,169.535004,6,600,58,3,"e00fce686dc2ef0a68fa40b0",2026-07-28 19:30:02.325,2026-07-28 19:30:02.636,2026-07-28 19:30:02.636,2026-07-28
"1193","QPu2Z3A4m5","MOOSPMv3Parser",1785267000,2,2,2,3,3,2,2,3,3,2,1072,145,7218,19,12,2,12,12,35,10,12,0,35,40,21,20,48.533,56,1,36.13908,-120.368439,164.281998,7,600,58,3,"e00fce68e77e43df92405fdb",2026-07-28 19:30:02.842,2026-07-28 19:30:03.191,2026-07-28 19:30:03.191,2026-07-28
"1194","RLKGYM2PFt","MOOSPMv3Parser",1785267001,0,0,2,1,1,2,2,1,1,2,395,103,9131,14,13,1,13,13,37,7,13,1,36,44,16,14,40.615,146,3277,7.3e-05,-0.004163,35398.101562,7,600,58,3,"e00fce68e28dcbc9a589be10",2026-07-28 19:30:02.962,2026-07-28 19:30:03.233,2026-07-28 19:30:03.233,2026-07-28
"1195","vBPVKDGT3u","MOOSPMv3Parser",1785267001,1,1,0,3,3,0,0,4,4,0,648,157,0,30,0,2,0,0,34,8,0,2,34,39,22,20,44.548,34,1,36.187717,-119.822144,-2.566,6,600,58,3,"e00fce68e739ecbcf9e91965",2026-07-28 19:30:03.055,2026-07-28 19:30:03.481,2026-07-28 19:30:03.481,2026-07-28
"1196","5V9wrZsdW5","MOOSPMv3Parser",1785267000,5,5,5,8,8,5,5,8,8,5,1126,309,8883,47,37,3,37,37,33,24,37,0,32,38,33,28,39.421,79,4,36.523441,-119.278618,76.436996,5,600,58,3,"e00fce68f12da1a0c5de6248",2026-07-28 19:30:03.388,2026-07-28 19:30:03.661,2026-07-28 19:30:03.661,2026-07-28
"1197","8ZQsryZMCh","MOOSPMv3Parser",1785267000,3,3,3,5,5,3,3,5,5,3,812,218,6457,35,23,3,23,23,32,15,23,0,32,37,29,25,36.443,42,1,35.949657,-119.049934,120.082001,9,600,58,3,"e00fce6808784ceaf209f949",2026-07-28 19:30:03.577,2026-07-28 19:30:03.911,2026-07-28 19:30:03.911,2026-07-28
"1198","Rd9d1b5dv9","MOOSPMv3Parser",1785267000,1,1,2,2,2,2,2,2,2,2,368,111,9518,21,13,2,13,13,0,0,13,0,36,40,21,20,33.492,99,1,36.139,-120.368385,182.181,7,600,58,3,"e00fce6876826e255108c6bd",2026-07-28 19:30:04.249,2026-07-28 19:30:04.423,2026-07-28 19:30:04.423,2026-07-28
"1199","H2BzqyrIDK","MOOSPMv3Parser",1785267000,1,1,2,2,2,2,2,2,2,2,528,114,4362,19,15,2,15,15,36,8,15,0,41,41,17,19,512.67,104,1,36.138985,-120.368423,178.147003,6,600,58,3,"e00fce6850cac69f647dc199",2026-07-28 19:30:04.297,2026-07-28 19:30:04.513,2026-07-28 19:30:04.513,2026-07-28
"1200","LZqrCPHiNa","MOOSPMv3Parser",1785267001,0,0,2,0,0,2,2,0,0,2,224,138,2995,18,14,2,14,14,37,20,14,0,35,41,22,19,32.93,27,1,36.139095,-120.368431,172.403,7,600,58,3,"e00fce68d6b773b56ce8baa0",2026-07-28 19:30:08.123,2026-07-28 19:30:08.293,2026-07-28 19:30:08.293,2026-07-28
"1201","OqMhiJbkzx","MOOSPMv3Parser",1785267001,3,3,3,4,4,3,3,4,4,3,1049,194,12608,29,23,2,24,24,34,13,24,0,33,39,23,21,45.427,60,1,36.762665,-119.798698,59.223,8,600,58,3,"e00fce68e88237db75a60608",2026-07-28 19:30:08.698,2026-07-28 19:30:08.833,2026-07-28 19:30:08.833,2026-07-28
"1202","BBpd73Bf3w","MOOSPMv3Parser",1785267601,0,0,2,0,0,2,2,0,0,2,227,138,3007,20,15,2,15,15,37,20,15,0,35,41,22,19,31.807,38,1,36.13895,-120.368469,174.462006,6,600,58,3,"e00fce68d6b773b56ce8baa0",2026-07-28 19:40:02.767,2026-07-28 19:40:02.989,2026-07-28 19:40:02.989,2026-07-28
"1203","wSjD9VoHVa","MOOSPMv3Parser",1785267601,1,1,2,2,2,2,2,2,2,2,576,136,5105,19,13,2,13,13,32,14,13,0,34,36,22,23,46.991,44,3277,36.503151,-120.325363,67.369003,5,600,58,3,"e00fce6858b443fd80f27170",2026-07-28 19:40:02.744,2026-07-28 19:40:03.013,2026-07-28 19:40:03.013,2026-07-28
"1204","PVX5BdnlOd","MOOSPMv3Parser",1785267600,2,2,1,3,3,2,2,3,3,2,1042,145,7228,19,11,2,11,11,35,10,11,0,35,40,21,20,46.415,74,1,36.139133,-120.368538,138.731995,7,600,58,3,"e00fce68e77e43df92405fdb",2026-07-28 19:40:02.915,2026-07-28 19:40:03.154,2026-07-28 19:40:03.154,2026-07-28
"1205","SWBKBrFBIn","MOOSPMv3Parser",1785267601,0,0,2,1,1,2,2,1,1,2,412,107,9141,19,12,1,12,12,37,7,12,0,36,44,17,14,42.363,102,3277,7.3e-05,-0.004163,35398.101562,7,600,58,3,"e00fce68e28dcbc9a589be10",2026-07-28 19:40:03.251,2026-07-28 19:40:03.43,2026-07-28 19:40:03.43,2026-07-28
"1206","y5UieyvBYj","MOOSPMv3Parser",1785267601,0,0,1,0,0,1,2,0,0,2,193,102,5103,12,10,1,10,10,35,21,10,0,35,41,21,19,53.779,79,1,36.139046,-120.368271,184.550003,5,600,58,3,"e00fce686dc2ef0a68fa40b0",2026-07-28 19:40:03.251,2026-07-28 19:40:03.441,2026-07-28 19:40:03.441,2026-07-28
"1207","YsJDSejfvC","MOOSPMv3Parser",1785267601,1,1,0,3,3,0,0,3,3,0,622,146,0,29,0,2,0,0,34,8,0,2,34,40,21,19,44.393,34,1,36.187717,-119.822144,-2.568,0,600,58,3,"e00fce68e739ecbcf9e91965",2026-07-28 19:40:03.378,2026-07-28 19:40:03.584,2026-07-28 19:40:03.584,2026-07-28
"1208","UGiaUO9Lfu","MOOSPMv3Parser",1785267600,5,5,4,7,7,5,5,8,8,5,1101,299,8914,47,35,3,35,35,33,24,35,0,33,38,32,28,40.886,69,4,36.523331,-119.278778,48.945999,7,600,58,3,"e00fce68f12da1a0c5de6248",2026-07-28 19:40:03.395,2026-07-28 19:40:03.621,2026-07-28 19:40:03.621,2026-07-28
"1209","vZ9bwtNx52","MOOSPMv3Parser",1785267601,2,2,3,4,4,3,3,4,4,3,1030,184,12628,28,23,2,23,23,34,12,23,0,34,40,22,20,44.341,73,1,36.762707,-119.798729,52.931999,10,600,58,3,"e00fce68e88237db75a60608",2026-07-28 19:40:03.616,2026-07-28 19:40:03.847,2026-07-28 19:40:03.847,2026-07-28
"1210","AI2UE1HR8i","MOOSPMv3Parser",1785267600,1,1,2,2,2,2,2,2,2,2,537,118,4374,20,14,1,14,14,36,8,14,0,41,41,16,19,415.526,132,1,36.139137,-120.368385,178.093002,6,600,58,3,"e00fce6850cac69f647dc199",2026-07-28 19:40:04.212,2026-07-28 19:40:04.428,2026-07-28 19:40:04.428,2026-07-28
"1211","NOFI92Z0uO","MOOSPMv3Parser",1785267600,3,3,3,5,5,3,3,5,5,3,784,211,6476,35,22,2,22,22,33,14,22,0,32,38,29,24,38.401,36,1,35.949482,-119.049828,139.192001,6,600,58,3,"e00fce6808784ceaf209f949",2026-07-28 19:40:04.254,2026-07-28 19:40:04.436,2026-07-28 19:40:04.436,2026-07-28
"1212","tKkranyZKB","MOOSPMv3Parser",1785267600,1,1,2,2,2,2,2,2,2,2,367,109,9530,19,14,2,14,14,0,0,14,0,36,41,21,20,32.937,99,1,36.138786,-120.36834,165.606003,6,600,58,3,"e00fce6876826e255108c6bd",2026-07-28 19:40:04.358,2026-07-28 19:40:04.506,2026-07-28 19:40:04.506,2026-07-28
"1213","9wNaKxL029","MOOSPMv3Parser",1785268201,0,0,2,0,0,2,2,0,0,2,222,136,3019,18,14,2,14,14,37,20,14,0,35,42,21,19,32.905,39,1,36.13908,-120.368401,170.069,8,600,58,3,"e00fce68d6b773b56ce8baa0",2026-07-28 19:50:02.68,2026-07-28 19:50:02.981,2026-07-28 19:50:02.981,2026-07-28
"1214","FaZ2dofyeY","MOOSPMv3Parser",1785268201,0,0,1,0,0,1,1,0,0,1,192,99,5111,11,9,1,9,9,36,21,9,0,36,41,21,18,55.447,76,1,36.139023,-120.368378,172.425003,6,600,58,3,"e00fce686dc2ef0a68fa40b0",2026-07-28 19:50:02.707,2026-07-28 19:50:02.988,2026-07-28 19:50:02.988,2026-07-28
"1215","iOX154Ul3Z","MOOSPMv3Parser",1785268200,1,1,1,2,2,2,2,2,2,2,1023,135,7237,19,11,2,11,11,35,10,11,0,35,40,21,20,46.778,73,1,36.139149,-120.3685,129.259003,6,600,58,3,"e00fce68e77e43df92405fdb",2026-07-28 19:50:03.069,2026-07-28 19:50:03.248,2026-07-28 19:50:03.248,2026-07-28
"1216","3rmaC11ILN","MOOSPMv3Parser",1785268201,0,0,2,1,1,2,2,1,1,2,402,109,9153,19,13,2,13,13,37,7,13,1,36,44,18,15,41.904,147,3277,7.3e-05,-0.004163,35398.101562,7,600,58,3,"e00fce68e28dcbc9a589be10",2026-07-28 19:50:03.266,2026-07-28 19:50:03.478,2026-07-28 19:50:03.478,2026-07-28
"1217","DAJivxP4m4","MOOSPMv3Parser",1785268201,1,1,0,3,3,0,0,3,3,0,655,152,0,30,0,3,0,0,35,8,0,2,35,40,20,19,44.572,37,1,36.187553,-119.822075,23.419001,7,600,58,3,"e00fce68e739ecbcf9e91965",2026-07-28 19:50:03.367,2026-07-28 19:50:03.541,2026-07-28 19:50:03.541,2026-07-28
"1218","p01A4II3wg","MOOSPMv3Parser",1785268201,2,2,3,3,3,3,3,3,3,3,1133,180,12646,27,20,2,20,20,35,11,20,0,34,40,21,20,44.415,66,1,36.762699,-119.798729,62.067001,6,600,58,3,"e00fce68e88237db75a60608",2026-07-28 19:50:03.455,2026-07-28 19:50:03.617,2026-07-28 19:50:03.617,2026-07-28
"1219","jBJp9GYIhp","MOOSPMv3Parser",1785268200,3,3,3,4,4,3,3,5,5,3,715,192,6495,34,22,3,22,22,33,13,22,0,32,38,27,23,39.215,44,1,35.949646,-119.049896,103.491997,7,600,58,3,"e00fce6808784ceaf209f949",2026-07-28 19:50:03.474,2026-07-28 19:50:03.673,2026-07-28 19:50:03.673,2026-07-28
"1220","dozL59y9M2","MOOSPMv3Parser",1785268200,5,5,4,7,7,5,5,7,7,5,1066,287,8943,43,34,2,34,34,33,24,34,0,33,38,33,29,41.37,70,4,36.52335,-119.278801,58.988998,7,600,58,3,"e00fce68f12da1a0c5de6248",2026-07-28 19:50:03.49,2026-07-28 19:50:03.69,2026-07-28 19:50:03.69,2026-07-28
"1221","lqV3W1jGuY","MOOSPMv3Parser",1785268200,0,0,2,1,1,2,2,2,2,2,516,112,4386,17,14,1,14,14,36,8,14,0,41,41,16,19,464.239,128,1,36.139034,-120.368378,180.938004,7,600,58,3,"e00fce6850cac69f647dc199",2026-07-28 19:50:03.897,2026-07-28 19:50:04.097,2026-07-28 19:50:04.097,2026-07-28
"1222","KdVl3xTtDU","MOOSPMv3Parser",1785268200,1,1,2,2,2,2,2,2,2,2,344,103,9541,18,13,1,13,13,0,0,13,0,36,41,21,20,32.87,99,1,36.139175,-120.36834,173.932999,6,600,58,3,"e00fce6876826e255108c6bd",2026-07-28 19:50:04.546,2026-07-28 19:50:04.709,2026-07-28 19:50:04.709,2026-07-28
"1223","7JXAncQZnc","MOOSPMv3Parser",1785268801,0,0,2,0,0,2,2,0,0,2,218,131,3030,18,13,2,13,13,37,19,13,0,36,42,20,18,32.158,42,1,36.139019,-120.368423,158.345993,9,600,58,3,"e00fce68d6b773b56ce8baa0",2026-07-28 20:00:02.908,2026-07-28 20:00:03.737,2026-07-28 20:00:03.737,2026-07-28
"1224","o68GoOurZu","MOOSPMv3Parser",1785268801,1,1,0,3,3,0,0,3,3,0,654,150,0,29,0,3,0,0,35,7,0,2,35,40,20,18,46.191,35,1,36.187405,-119.821945,29.714001,6,600,58,3,"e00fce68e739ecbcf9e91965",2026-07-28 20:00:03.213,2026-07-28 20:00:03.924,2026-07-28 20:00:03.924,2026-07-28
"1225","KbE1phyDI1","MOOSPMv3Parser",1785268801,0,0,1,0,0,1,1,0,0,1,194,101,5118,13,9,1,9,9,36,20,9,0,36,41,19,17,54.032,85,1,36.139179,-120.368301,192.638,6,600,58,3,"e00fce686dc2ef0a68fa40b0",2026-07-28 20:00:02.867,2026-07-28 20:00:04.01,2026-07-28 20:00:04.01,2026-07-28
"1226","G4e1Y74Il9","MOOSPMv3Parser",1785268800,1,1,1,2,2,2,2,2,2,2,1071,145,7246,22,11,2,11,11,36,9,11,0,35,40,19,19,46.521,81,1,36.139175,-120.368469,135.414001,6,600,58,3,"e00fce68e77e43df92405fdb",2026-07-28 20:00:02.985,2026-07-28 20:00:04.089,2026-07-28 20:00:04.089,2026-07-28
"1227","hL18wkFMFD","MOOSPMv3Parser",1785268801,0,0,2,1,1,2,2,1,1,2,405,104,9164,17,13,1,13,13,38,6,13,1,37,44,15,14,41.582,151,3277,7.3e-05,-0.004163,35398.101562,7,600,58,3,"e00fce68e28dcbc9a589be10",2026-07-28 20:00:03.19,2026-07-28 20:00:04.285,2026-07-28 20:00:04.285,2026-07-28
"1228","25pz1fBsZX","MOOSPMv3Parser",1785268801,2,2,3,3,3,3,3,3,3,3,1221,181,12664,27,21,2,21,21,35,11,21,0,35,40,20,19,44.954,66,1,36.762684,-119.798752,45.032001,10,600,58,3,"e00fce68e88237db75a60608",2026-07-28 20:00:03.35,2026-07-28 20:00:04.375,2026-07-28 20:00:04.375,2026-07-28
"1229","CdJPVWsqPr","MOOSPMv3Parser",1785268800,0,0,2,1,1,2,2,2,2,2,539,116,4399,19,14,1,14,14,36,7,14,0,41,41,15,18,309.531,140,1,36.139187,-120.368309,185.858002,8,600,58,3,"e00fce6850cac69f647dc199",2026-07-28 20:00:03.739,2026-07-28 20:00:04.652,2026-07-28 20:00:04.652,2026-07-28
"1230","JtUhrPy98p","MOOSPMv3Parser",1785268800,3,3,3,4,4,3,3,5,5,3,742,197,6514,34,22,3,22,22,33,13,22,0,33,38,27,23,40.278,43,1,35.949707,-119.049973,93.600998,6,600,58,3,"e00fce6808784ceaf209f949",2026-07-28 20:00:03.521,2026-07-28 20:00:04.905,2026-07-28 20:00:04.905,2026-07-28
"1231","nZ3y6rT9hp","MOOSPMv3Parser",1785268800,1,1,2,2,2,2,2,2,2,2,357,107,9553,17,14,2,14,14,0,0,14,0,36,41,19,19,32.739,99,1,36.139091,-120.368385,171.408997,7,600,58,3,"e00fce6876826e255108c6bd",2026-07-28 20:00:04.185,2026-07-28 20:00:05.797,2026-07-28 20:00:05.797,2026-07-28
"1232","nCuD7ysAXO","MOOSPMv3Parser",1785268800,4,4,4,7,7,4,4,7,7,4,1056,287,8969,44,30,2,30,30,34,22,30,0,34,39,30,27,41.326,60,4,36.523365,-119.278748,58.908001,6,600,58,3,"e00fce68f12da1a0c5de6248",2026-07-28 20:00:09.486,2026-07-28 20:00:09.659,2026-07-28 20:00:09.659,2026-07-28
"1233","j5mMjeCHzs","MOOSPMv3Parser",1785269401,0,0,1,0,0,1,1,0,0,1,192,99,5125,12,9,1,9,9,36,20,9,1,36,41,21,18,54.122,82,1,36.139034,-120.368355,176.149994,7,600,58,3,"e00fce686dc2ef0a68fa40b0",2026-07-28 20:10:02.856,2026-07-28 20:10:03.214,2026-07-28 20:10:03.214,2026-07-28
"1234","sGDOXWUTsH","MOOSPMv3Parser",1785269401,0,0,2,1,1,2,2,1,1,2,384,101,9174,15,12,1,12,12,38,6,12,0,37,45,15,13,43.002,113,3277,7.3e-05,-0.004163,35398.101562,7,600,58,3,"e00fce68e28dcbc9a589be10",2026-07-28 20:10:03.024,2026-07-28 20:10:03.282,2026-07-28 20:10:03.282,2026-07-28
"1235","TxDjy12PUD","MOOSPMv3Parser",1785269401,0,0,2,0,0,2,2,0,0,2,219,131,3042,19,14,2,14,14,37,19,14,0,36,42,21,19,32.702,43,1,36.139019,-120.368423,158.345993,0,600,58,3,"e00fce68d6b773b56ce8baa0",2026-07-28 20:10:03.165,2026-07-28 20:10:03.416,2026-07-28 20:10:03.416,2026-07-28
"1236","OUCHYxcebO","MOOSPMv3Parser",1785269400,1,1,1,2,2,2,2,2,2,2,1051,143,7255,16,10,1,11,11,35,9,11,0,35,40,20,19,47.324,74,1,36.139175,-120.368469,135.414001,0,600,58,3,"e00fce68e77e43df92405fdb",2026-07-28 20:10:03.169,2026-07-28 20:10:03.444,2026-07-28 20:10:03.444,2026-07-28
"1237","GejKZ4dUcE","MOOSPMv3Parser",1785269401,1,1,0,3,3,0,0,3,3,0,656,150,0,30,0,3,0,0,35,7,0,2,35,40,20,18,46.702,31,1,36.187565,-119.822174,13.294,6,600,58,3,"e00fce68e739ecbcf9e91965",2026-07-28 20:10:03.251,2026-07-28 20:10:03.549,2026-07-28 20:10:03.549,2026-07-28
"1238","Zg9riGEY4I","MOOSPMv3Parser",1785269401,2,2,3,3,3,3,3,3,3,3,1308,182,12681,25,20,2,20,20,35,10,20,0,34,40,20,19,46.326,53,1,36.762711,-119.798775,55.801998,12,600,58,3,"e00fce68e88237db75a60608",2026-07-28 20:10:03.607,2026-07-28 20:10:03.793,2026-07-28 20:10:03.793,2026-07-28
"1239","4Z3UvM8djI","MOOSPMv3Parser",1785269400,3,3,3,4,4,3,3,5,5,3,737,197,6532,36,21,2,21,21,33,12,21,0,33,38,26,23,40.9,38,1,35.949516,-119.049919,148.531006,5,600,58,3,"e00fce6808784ceaf209f949",2026-07-28 20:10:03.662,2026-07-28 20:10:03.808,2026-07-28 20:10:03.808,2026-07-28
"1240","oH25ZSi94g","MOOSPMv3Parser",1785269400,0,0,2,1,1,2,2,2,2,2,531,113,4411,20,14,1,14,15,36,8,15,0,41,41,16,19,375.509,138,1,36.139187,-120.368309,185.860992,0,600,58,3,"e00fce6850cac69f647dc199",2026-07-28 20:10:03.864,2026-07-28 20:10:04.044,2026-07-28 20:10:04.044,2026-07-28
"1241","BXS3dFDSbF","MOOSPMv3Parser",1785269400,4,4,4,6,6,4,4,6,6,4,1033,275,8995,37,29,2,29,29,34,20,29,0,34,39,29,25,42.967,49,4,36.523354,-119.278816,84.681999,7,600,58,3,"e00fce68f12da1a0c5de6248",2026-07-28 20:10:04.424,2026-07-28 20:10:04.603,2026-07-28 20:10:04.603,2026-07-28
"1242","00kJYxfjS0","MOOSPMv3Parser",1785269400,1,1,2,2,2,2,2,2,2,2,366,108,9564,18,13,2,13,13,0,0,13,0,36,41,21,20,33.661,99,1,36.139038,-120.368309,182.395996,5,600,58,3,"e00fce6876826e255108c6bd",2026-07-28 20:10:04.49,2026-07-28 20:10:04.717,2026-07-28 20:10:04.717,2026-07-28
"1243","RZj01gTtpi","MOOSPMv3Parser",1785270001,0,0,1,0,0,1,1,0,0,1,191,100,5133,12,9,1,9,9,36,20,9,0,36,42,20,18,53.935,98,1,36.138966,-120.368401,187.673996,7,600,58,3,"e00fce686dc2ef0a68fa40b0",2026-07-28 20:20:02.107,2026-07-28 20:20:02.357,2026-07-28 20:20:02.357,2026-07-28
"1244","XAsiZM5qSN","MOOSPMv3Parser",1785270001,0,0,2,0,0,2,2,0,0,2,214,126,3054,17,14,2,14,14,37,19,14,0,36,42,21,19,32.502,52,1,36.139069,-120.368362,176.259995,8,600,58,3,"e00fce68d6b773b56ce8baa0",2026-07-28 20:20:02.854,2026-07-28 20:20:03.125,2026-07-28 20:20:03.125,2026-07-28
"1245","sV1OHKLcfG","MOOSPMv3Parser",1785270000,1,1,1,2,2,2,2,2,2,2,1027,136,7264,17,10,1,11,11,35,10,11,0,36,40,20,19,46.45,85,1,36.139118,-120.36837,175.419998,6,600,58,3,"e00fce68e77e43df92405fdb",2026-07-28 20:20:02.985,2026-07-28 20:20:03.231,2026-07-28 20:20:03.231,2026-07-28
"1246","uizvNZXDGJ","MOOSPMv3Parser",1785270001,1,1,0,3,3,0,0,3,3,0,695,155,0,29,0,2,0,0,35,7,0,2,35,41,19,18,47.508,32,1,36.187553,-119.822166,8.963,5,600,58,3,"e00fce68e739ecbcf9e91965",2026-07-28 20:20:03.28,2026-07-28 20:20:03.491,2026-07-28 20:20:03.491,2026-07-28
"1247","D7RBUpMhNO","MOOSPMv3Parser",1785270001,2,2,2,3,3,2,2,3,3,2,1259,174,12697,23,18,2,18,18,35,10,18,0,35,40,19,18,46.971,46,1,36.762764,-119.798752,56.02,9,600,58,3,"e00fce68e88237db75a60608",2026-07-28 20:20:03.373,2026-07-28 20:20:03.542,2026-07-28 20:20:03.542,2026-07-28
"1248","Dzm5TzuYvo","MOOSPMv3Parser",1785270001,0,0,1,1,1,2,2,1,1,2,369,98,9184,17,11,1,11,11,38,5,11,0,37,45,15,13,45.715,83,3277,7.3e-05,-0.004163,35398.101562,7,600,58,3,"e00fce68e28dcbc9a589be10",2026-07-28 20:20:03.346,2026-07-28 20:20:03.554,2026-07-28 20:20:03.554,2026-07-28
"1249","Gr97dsqbdG","MOOSPMv3Parser",1785270000,2,2,2,4,4,3,3,4,4,3,693,186,6548,28,18,2,18,18,34,11,18,0,33,39,25,22,41.052,33,1,35.949581,-119.049942,108.281998,4,600,58,3,"e00fce6808784ceaf209f949",2026-07-28 20:20:03.416,2026-07-28 20:20:03.597,2026-07-28 20:20:03.597,2026-07-28
"1250","PLk2kp4X0h","MOOSPMv3Parser",1785270000,0,0,2,1,1,2,2,1,1,2,525,108,4424,19,14,1,15,15,36,8,15,0,41,42,16,19,367.228,155,1,36.138954,-120.368385,174.281006,5,600,58,3,"e00fce6850cac69f647dc199",2026-07-28 20:20:04.033,2026-07-28 20:20:04.214,2026-07-28 20:20:04.214,2026-07-28
"1251","v6pjUapbqH","MOOSPMv3Parser",1785270000,1,1,2,2,2,2,2,3,3,2,371,112,9575,19,13,2,13,13,0,0,13,0,37,41,20,19,32.731,99,1,36.139015,-120.368439,154.990005,5,600,58,3,"e00fce6876826e255108c6bd",2026-07-28 20:20:04.351,2026-07-28 20:20:04.555,2026-07-28 20:20:04.555,2026-07-28
"1252","b5ZMgrDI2B","MOOSPMv3Parser",1785270000,4,4,3,6,6,4,4,6,6,4,1038,279,9018,41,27,2,27,27,34,20,27,0,35,39,28,25,42.348,53,4,36.523338,-119.278702,79.128998,6,600,58,3,"e00fce68f12da1a0c5de6248",2026-07-28 20:20:07.576,2026-07-28 20:20:07.789,2026-07-28 20:20:07.789,2026-07-28
"1253","e08bfQekIN","MOOSPMv3Parser",1785270601,0,0,1,0,0,1,1,0,0,1,190,97,5140,11,9,1,9,9,36,20,9,0,36,42,19,17,55.269,89,1,36.138966,-120.368401,187.675995,0,600,58,3,"e00fce686dc2ef0a68fa40b0",2026-07-28 20:30:02.506,2026-07-28 20:30:02.852,2026-07-28 20:30:02.852,2026-07-28
"1254","IUueCbCapQ","MOOSPMv3Parser",1785270601,0,0,2,0,0,2,2,0,0,2,214,129,3065,19,13,2,13,13,37,19,13,0,36,42,20,18,33.095,47,1,36.139046,-120.368378,172.875,7,600,58,3,"e00fce68d6b773b56ce8baa0",2026-07-28 20:30:02.868,2026-07-28 20:30:03.286,2026-07-28 20:30:03.286,2026-07-28
"1255","UJ0M9vvIHH","MOOSPMv3Parser",1785270601,0,0,1,1,1,1,1,1,1,1,369,97,9193,13,11,1,11,11,38,5,11,0,38,45,13,12,45.277,99,3277,7.3e-05,-0.004163,35398.101562,7,600,58,3,"e00fce68e28dcbc9a589be10",2026-07-28 20:30:03.185,2026-07-28 20:30:03.481,2026-07-28 20:30:03.481,2026-07-28
"1256","PhpSdCrwfH","MOOSPMv3Parser",1785270601,2,2,2,2,2,2,2,3,3,2,1203,166,12712,22,18,1,18,18,36,9,18,0,36,41,18,17,47.683,60,1,36.762699,-119.798698,53.82,10,600,58,3,"e00fce68e88237db75a60608",2026-07-28 20:30:03.388,2026-07-28 20:30:03.642,2026-07-28 20:30:03.642,2026-07-28
"1257","tdRdLXeNHP","MOOSPMv3Parser",1785270600,0,0,2,1,1,2,2,1,1,2,514,107,4436,17,15,1,15,15,36,7,15,0,42,42,15,18,318.811,151,1,36.139011,-120.368248,202.194,6,600,58,3,"e00fce6850cac69f647dc199",2026-07-28 20:30:03.419,2026-07-28 20:30:03.652,2026-07-28 20:30:03.652,2026-07-28
"1258","X8Ui87Vx1l","MOOSPMv3Parser",1785270601,1,1,0,3,3,0,0,3,3,0,634,142,0,29,0,2,0,0,36,6,0,2,36,41,18,17,48.717,34,1,36.187706,-119.822121,13.458,6,600,58,3,"e00fce68e739ecbcf9e91965",2026-07-28 20:30:03.37,2026-07-28 20:30:03.704,2026-07-28 20:30:03.704,2026-07-28
"1259","5tbY0vlg2B","MOOSPMv3Parser",1785270600,2,2,2,4,4,2,3,4,4,3,678,175,6564,28,18,2,19,19,34,10,19,0,33,38,23,21,41.962,27,1,35.949585,-119.04995,110.626999,5,600,58,3,"e00fce6808784ceaf209f949",2026-07-28 20:30:03.396,2026-07-28 20:30:03.758,2026-07-28 20:30:03.758,2026-07-28
"1260","W1fCtoAGlm","MOOSPMv3Parser",1785270600,1,1,2,2,2,2,2,3,3,2,383,114,9587,20,13,2,14,14,0,0,14,0,37,41,19,19,33.366,99,1,36.139107,-120.368355,182.307999,7,600,58,3,"e00fce6876826e255108c6bd",2026-07-28 20:30:04.325,2026-07-28 20:30:04.506,2026-07-28 20:30:04.506,2026-07-28
"1261","E3j07ywxsC","MOOSPMv3Parser",1785270600,1,1,1,2,2,2,2,2,2,2,1071,140,7273,18,11,1,11,11,35,9,11,0,36,40,19,19,46.9,76,1,36.139038,-120.368362,188.561996,5,600,58,3,"e00fce68e77e43df92405fdb",2026-07-28 20:30:06.994,2026-07-28 20:30:07.167,2026-07-28 20:30:07.167,2026-07-28
"1262","7Fjcfnx86j","MOOSPMv3Parser",1785270600,3,3,3,5,5,3,3,5,5,3,945,251,9040,35,25,2,25,25,35,20,25,0,35,40,27,25,42.07,52,3,36.523342,-119.278816,71.551003,7,600,58,3,"e00fce68f12da1a0c5de6248",2026-07-28 20:30:07.613,2026-07-28 20:30:07.762,2026-07-28 20:30:07.762,2026-07-28
"1263","TWvwr7Ux4D","MOOSPMv3Parser",1785271201,0,0,2,0,0,2,2,0,0,2,222,135,3075,17,12,2,13,13,37,19,13,0,36,42,20,18,32.579,49,1,36.139046,-120.368355,169.817001,7,600,58,3,"e00fce68d6b773b56ce8baa0",2026-07-28 20:40:02.914,2026-07-28 20:40:03.199,2026-07-28 20:40:03.199,2026-07-28
"1264","3R1Hpu4fCS","MOOSPMv3Parser",1785271201,0,0,1,0,0,1,1,0,0,1,191,100,5147,12,8,1,8,8,36,20,8,0,37,42,19,17,53.298,93,1,36.139091,-120.368309,187.968002,6,600,58,3,"e00fce686dc2ef0a68fa40b0",2026-07-28 20:40:02.992,2026-07-28 20:40:03.258,2026-07-28 20:40:03.258,2026-07-28
"1265","ZpAcMSreIG","MOOSPMv3Parser",1785271201,0,0,1,1,1,1,1,1,1,1,363,96,9202,13,10,1,10,10,39,5,10,0,38,46,14,12,46.58,112,3277,7.3e-05,-0.004163,35398.101562,7,600,58,3,"e00fce68e28dcbc9a589be10",2026-07-28 20:40:03.134,2026-07-28 20:40:03.323,2026-07-28 20:40:03.323,2026-07-28
"1266","STFOgJW5AF","MOOSPMv3Parser",1785271200,2,2,1,2,2,2,2,2,2,2,1053,142,7282,18,11,1,11,11,35,9,11,0,36,40,19,19,46.919,73,1,36.138996,-120.368294,219.891998,7,600,58,3,"e00fce68e77e43df92405fdb",2026-07-28 20:40:03.163,2026-07-28 20:40:03.345,2026-07-28 20:40:03.345,2026-07-28
"1267","6I0b3P9ZES","MOOSPMv3Parser",1785271201,1,1,0,3,3,0,0,3,3,0,676,149,0,27,0,2,0,0,36,5,0,2,36,42,18,16,48.889,39,1,36.187489,-119.822083,38.506001,5,600,58,3,"e00fce68e739ecbcf9e91965",2026-07-28 20:40:03.372,2026-07-28 20:40:03.576,2026-07-28 20:40:03.576,2026-07-28
"1268","AtmGslyb1m","MOOSPMv3Parser",1785271201,2,2,2,3,3,3,3,3,3,3,1241,170,12729,20,18,1,19,19,36,9,19,0,36,41,19,18,47.523,62,1,36.76273,-119.798721,47.219002,9,600,58,3,"e00fce68e88237db75a60608",2026-07-28 20:40:03.52,2026-07-28 20:40:03.691,2026-07-28 20:40:03.691,2026-07-28
"1269","WHSYA7yDiJ","MOOSPMv3Parser",1785271200,2,2,2,3,3,2,2,3,3,2,564,144,6577,24,15,2,15,15,34,9,15,0,34,39,22,20,42.98,21,1,35.949528,-119.04998,104.894997,6,600,58,3,"e00fce6808784ceaf209f949",2026-07-28 20:40:03.618,2026-07-28 20:40:03.791,2026-07-28 20:40:03.791,2026-07-28
"1270","8lTEs4xPVC","MOOSPMv3Parser",1785271200,3,3,3,5,5,3,3,5,5,3,979,257,9061,32,24,1,24,24,35,18,24,0,35,40,26,23,43.346,41,3,36.523342,-119.278816,71.549004,0,600,58,3,"e00fce68f12da1a0c5de6248",2026-07-28 20:40:04.116,2026-07-28 20:40:04.289,2026-07-28 20:40:04.289,2026-07-28
"1271","QEKdAPyzWQ","MOOSPMv3Parser",1785271200,1,1,2,2,2,2,2,2,2,2,360,109,9598,18,13,1,13,13,0,0,13,0,37,41,20,19,33.053,99,1,36.13905,-120.36834,184.296005,7,600,58,3,"e00fce6876826e255108c6bd",2026-07-28 20:40:04.331,2026-07-28 20:40:04.488,2026-07-28 20:40:04.488,2026-07-28
"1272","PAHKkz8m2X","MOOSPMv3Parser",1785271200,0,0,2,2,2,2,2,2,2,2,551,116,4449,20,14,1,14,14,36,7,14,0,41,42,15,18,464.34,155,1,36.139126,-120.36834,194.104996,6,600,58,3,"e00fce6850cac69f647dc199",2026-07-28 20:40:08.199,2026-07-28 20:40:08.388,2026-07-28 20:40:08.388,2026-07-28
"1273","5U1qFNCFc4","MOOSPMv3Parser",1785271801,0,0,1,0,0,1,1,0,0,1,194,100,5154,12,8,1,9,9,36,20,9,0,36,42,19,17,54.689,91,1,36.139004,-120.368332,191.104004,6,600,58,3,"e00fce686dc2ef0a68fa40b0",2026-07-28 20:50:02.132,2026-07-28 20:50:02.292,2026-07-28 20:50:02.292,2026-07-28
"1274","62MSyqUDyk","MOOSPMv3Parser",1785271801,0,0,1,0,0,1,1,1,1,1,341,87,9211,14,10,1,10,10,39,5,10,0,39,46,14,12,46.555,133,3277,7.3e-05,-0.004163,35398.101562,7,600,58,3,"e00fce68e28dcbc9a589be10",2026-07-28 20:50:03.021,2026-07-28 20:50:03.191,2026-07-28 20:50:03.191,2026-07-28
"1275","uOmKzqfNE2","MOOSPMv3Parser",1785271800,2,2,1,3,3,2,2,3,3,2,1008,138,7292,18,11,1,11,11,35,9,11,0,36,40,19,19,47.565,67,1,36.139061,-120.368416,172.020996,6,600,58,3,"e00fce68e77e43df92405fdb",2026-07-28 20:50:03.011,2026-07-28 20:50:03.198,2026-07-28 20:50:03.198,2026-07-28
"1276","ovJpyqiOQc","MOOSPMv3Parser",1785271801,1,1,0,2,2,0,0,3,3,0,670,142,0,27,0,2,0,0,36,5,0,2,36,42,18,16,50.064,40,1,36.187492,-119.82209,24.788,6,600,58,3,"e00fce68e739ecbcf9e91965",2026-07-28 20:50:03.139,2026-07-28 20:50:03.365,2026-07-28 20:50:03.365,2026-07-28
"1277","AzLzhxJXr6","MOOSPMv3Parser",1785271800,0,0,2,1,1,2,2,1,1,2,489,114,5185,15,13,1,13,13,33,12,13,0,36,38,19,21,49.467,28,3277,36.503113,-120.325348,64.002998,6,600,58,3,"e00fce6858b443fd80f27170",2026-07-28 20:50:03.231,2026-07-28 20:50:03.433,2026-07-28 20:50:03.433,2026-07-28
"1278","NLC4geXmUO","MOOSPMv3Parser",1785271801,0,0,2,0,0,2,2,0,0,2,221,136,3086,19,13,1,13,13,37,19,13,0,36,42,19,18,33.258,48,1,36.139023,-120.368378,165.425003,6,600,58,3,"e00fce68d6b773b56ce8baa0",2026-07-28 20:50:03.382,2026-07-28 20:50:03.572,2026-07-28 20:50:03.572,2026-07-28
"1279","qU9s0aoEBZ","MOOSPMv3Parser",1785271800,2,2,2,3,3,2,2,3,3,2,576,148,6591,27,17,2,17,17,34,8,17,0,34,38,21,20,43.014,21,1,35.949558,-119.049965,89.018997,5,600,58,3,"e00fce6808784ceaf209f949",2026-07-28 20:50:03.481,2026-07-28 20:50:03.613,2026-07-28 20:50:03.613,2026-07-28
"1280","rnVJxkdMmt","MOOSPMv3Parser",1785271801,2,2,2,2,2,2,2,3,3,2,1366,171,12744,20,17,1,17,17,36,9,17,0,36,41,18,17,47.51,55,1,36.762741,-119.798752,49.869999,10,600,58,3,"e00fce68e88237db75a60608",2026-07-28 20:50:03.521,2026-07-28 20:50:03.688,2026-07-28 20:50:03.688,2026-07-28
"1281","E7sNqBkUzG","MOOSPMv3Parser",1785271800,3,3,3,4,4,3,3,4,4,3,854,229,9080,31,22,1,22,22,35,18,22,0,35,40,26,24,43.773,42,2,36.523342,-119.278824,78.121002,7,600,58,3,"e00fce68f12da1a0c5de6248",2026-07-28 20:50:04.761,2026-07-28 20:50:04.974,2026-07-28 20:50:04.974,2026-07-28
"1282","3qxs4aX7Gq","MOOSPMv3Parser",1785271800,0,0,2,1,1,2,2,2,2,2,547,115,4461,19,14,1,14,14,36,7,14,0,41,42,15,18,512.641,155,1,36.139004,-120.368332,184.371994,7,600,58,3,"e00fce6850cac69f647dc199",2026-07-28 20:50:06.872,2026-07-28 20:50:07.033,2026-07-28 20:50:07.033,2026-07-28
"1283","lKDiiX8Icm","MOOSPMv3Parser",1785271800,1,1,2,2,2,2,2,2,2,2,370,109,9610,17,14,2,14,14,0,0,14,0,37,41,18,18,33.562,99,1,36.139011,-120.36837,178.744995,6,600,58,3,"e00fce6876826e255108c6bd",2026-07-28 20:50:10.03,2026-07-28 20:50:10.213,2026-07-28 20:50:10.213,2026-07-28
"1284","Fti7aA0T1r","MOOSPMv3Parser",1785272401,0,0,1,0,0,1,1,0,0,1,197,103,5161,13,9,1,9,9,36,20,9,1,37,42,19,17,56.6,79,1,36.139095,-120.368431,202.451004,5,600,58,3,"e00fce686dc2ef0a68fa40b0",2026-07-28 21:00:02.195,2026-07-28 21:00:02.743,2026-07-28 21:00:02.743,2026-07-28
"1285","jBEpnQrV31","MOOSPMv3Parser",1785272401,0,0,2,1,1,2,2,1,1,2,369,96,9222,16,13,1,13,13,39,5,13,0,39,46,15,13,46.826,152,3277,7.3e-05,-0.004163,35398.101562,7,600,58,3,"e00fce68e28dcbc9a589be10",2026-07-28 21:00:03.242,2026-07-28 21:00:03.949,2026-07-28 21:00:03.949,2026-07-28
"1286","ZWGF3azRbe","MOOSPMv3Parser",1785272400,2,2,2,3,3,2,2,3,3,2,588,157,6605,23,15,2,15,15,34,8,15,0,34,39,21,19,44.843,20,1,35.949566,-119.049957,138.436996,5,600,58,3,"e00fce6808784ceaf209f949",2026-07-28 21:00:03.411,2026-07-28 21:00:03.969,2026-07-28 21:00:03.969,2026-07-28
"1287","FOSeSx0BbC","MOOSPMv3Parser",1785272401,0,0,2,0,0,2,2,0,0,2,222,133,3097,18,13,1,13,13,38,18,13,0,36,43,20,18,33.643,41,1,36.139103,-120.368347,109.528,6,600,58,3,"e00fce68d6b773b56ce8baa0",2026-07-28 21:00:02.903,2026-07-28 21:00:04.383,2026-07-28 21:00:04.383,2026-07-28
"1288","FCbbmflOoc","MOOSPMv3Parser",1785272401,1,1,0,3,3,0,0,3,3,0,673,146,0,29,0,2,0,0,36,5,0,2,36,42,18,16,50.373,43,1,36.187504,-119.822006,39.437,6,600,58,3,"e00fce68e739ecbcf9e91965",2026-07-28 21:00:03.137,2026-07-28 21:00:04.421,2026-07-28 21:00:04.421,2026-07-28
"1289","3R1KFjQtzI","MOOSPMv3Parser",1785272400,3,3,3,4,4,3,3,5,5,3,855,229,9100,33,22,2,22,22,35,17,22,0,36,41,25,23,44.691,50,2,36.523304,-119.278778,55.939999,8,600,58,3,"e00fce68f12da1a0c5de6248",2026-07-28 21:00:03.564,2026-07-28 21:00:04.528,2026-07-28 21:00:04.528,2026-07-28
"1290","rhKCC4AEUL","MOOSPMv3Parser",1785272400,2,2,1,3,3,2,2,3,3,2,1012,137,7301,18,11,2,12,12,35,9,12,0,36,40,19,19,48.967,57,1,36.138977,-120.368355,177.378006,7,600,58,3,"e00fce68e77e43df92405fdb",2026-07-28 21:00:03.011,2026-07-28 21:00:04.62,2026-07-28 21:00:04.62,2026-07-28
"1291","lv3mX9PpQl","MOOSPMv3Parser",1785272400,0,0,2,1,1,2,2,1,1,2,527,106,4474,18,14,1,15,15,36,7,15,0,42,42,15,18,512.542,140,1,36.139038,-120.368393,178.184006,6,600,58,3,"e00fce6850cac69f647dc199",2026-07-28 21:00:03.113,2026-07-28 21:00:04.632,2026-07-28 21:00:04.632,2026-07-28
"1292","TvpHbvEcsQ","MOOSPMv3Parser",1785272401,2,2,2,2,2,2,2,3,3,2,1317,169,12759,19,18,1,18,18,35,8,18,0,36,41,16,16,48.218,38,1,36.762764,-119.798653,69.581001,8,600,58,3,"e00fce68e88237db75a60608",2026-07-28 21:00:03.313,2026-07-28 21:00:04.821,2026-07-28 21:00:04.821,2026-07-28
"1293","GJTR3eU1T8","MOOSPMv3Parser",1785272400,1,1,2,2,2,2,2,2,2,2,356,106,9620,18,12,3,12,12,0,0,12,0,37,41,19,19,33.87,99,1,36.139042,-120.36834,187.362,7,600,58,3,"e00fce6876826e255108c6bd",2026-07-28 21:00:04.592,2026-07-28 21:00:05.713,2026-07-28 21:00:05.713,2026-07-28
"1294","eqjQ3LkQPP","MOOSPMv3Parser",1785273001,0,0,2,0,0,2,2,0,0,2,223,137,3109,17,14,2,14,14,38,18,14,0,37,43,19,18,33.551,45,1,36.139015,-120.368324,189.839996,6,600,58,3,"e00fce68d6b773b56ce8baa0",2026-07-28 21:10:02.726,2026-07-28 21:10:02.926,2026-07-28 21:10:02.926,2026-07-28
"1295","4cLCmcCx3m","MOOSPMv3Parser",1785273000,2,2,1,3,3,2,2,3,3,2,1082,150,7311,20,11,1,11,11,35,9,11,0,36,40,19,19,47.873,58,1,36.13903,-120.36837,191.048004,10,600,58,3,"e00fce68e77e43df92405fdb",2026-07-28 21:10:03.067,2026-07-28 21:10:03.225,2026-07-28 21:10:03.225,2026-07-28
"1296","5GO1yMHZ7w","MOOSPMv3Parser",1785273001,0,0,2,1,1,2,2,1,1,2,395,102,9232,15,12,1,12,12,39,6,12,0,39,46,15,13,46.372,188,3277,7.3e-05,-0.004163,35398.101562,7,600,58,3,"e00fce68e28dcbc9a589be10",2026-07-28 21:10:03.112,2026-07-28 21:10:03.326,2026-07-28 21:10:03.326,2026-07-28
"1297","hpnc7tkChU","MOOSPMv3Parser",1785273000,0,0,2,1,1,2,2,1,1,2,545,108,4487,17,15,1,15,15,36,7,15,0,42,42,14,17,463.907,154,1,36.138897,-120.368477,158.470001,5,600,58,3,"e00fce6850cac69f647dc199",2026-07-28 21:10:03.153,2026-07-28 21:10:03.35,2026-07-28 21:10:03.35,2026-07-28
"1298","ZNuYEyQ5d0","MOOSPMv3Parser",1785273001,1,1,0,2,2,0,0,3,3,0,690,144,0,25,0,2,0,0,36,4,0,2,36,42,16,15,52.56,30,1,36.1875,-119.821922,42.028,5,600,58,3,"e00fce68e739ecbcf9e91965",2026-07-28 21:10:03.135,2026-07-28 21:10:03.381,2026-07-28 21:10:03.381,2026-07-28
"1299","O3W5YNTNpC","MOOSPMv3Parser",1785273001,1,1,2,2,2,2,2,2,2,2,1259,155,12773,18,16,1,16,16,35,7,16,0,36,40,16,16,49.792,22,1,36.762764,-119.798653,69.584,0,600,58,3,"e00fce68e88237db75a60608",2026-07-28 21:10:03.373,2026-07-28 21:10:03.536,2026-07-28 21:10:03.536,2026-07-28
"1300","Ou301PvkvB","MOOSPMv3Parser",1785273000,1,1,2,3,3,2,2,3,3,2,533,141,6618,24,15,2,15,15,34,8,15,0,35,40,20,19,45.403,18,1,35.949547,-119.049965,116.991997,5,600,58,3,"e00fce6808784ceaf209f949",2026-07-28 21:10:03.482,2026-07-28 21:10:03.638,2026-07-28 21:10:03.638,2026-07-28
"1301","ZLt7Xgi6wv","MOOSPMv3Parser",1785273000,1,1,2,2,2,2,2,2,2,2,345,104,9632,19,13,1,13,13,0,0,13,0,37,41,18,18,33.519,99,1,36.139042,-120.36834,187.365005,0,600,58,3,"e00fce6876826e255108c6bd",2026-07-28 21:10:04.26,2026-07-28 21:10:04.462,2026-07-28 21:10:04.462,2026-07-28
"1302","6YpA2s65To","MOOSPMv3Parser",1785273001,0,0,1,0,0,1,2,0,0,2,194,99,5169,12,10,1,10,10,36,20,10,1,37,42,19,17,54.197,89,1,36.139008,-120.368324,201.339996,6,600,58,3,"e00fce686dc2ef0a68fa40b0",2026-07-28 21:10:06.204,2026-07-28 21:10:06.328,2026-07-28 21:10:06.328,2026-07-28
"1303","DZDOiJaN6V","MOOSPMv3Parser",1785273000,3,3,3,4,4,3,3,5,5,3,903,239,9119,33,22,1,22,22,35,16,22,0,36,41,24,22,45.104,45,2,36.523342,-119.278755,77.336998,7,600,58,3,"e00fce68f12da1a0c5de6248",2026-07-28 21:10:07.301,2026-07-28 21:10:07.481,2026-07-28 21:10:07.481,2026-07-28
"1304","ZbFyMuFWz5","MOOSPMv3Parser",1785273601,0,0,2,0,0,2,2,0,0,2,221,135,3120,19,14,2,14,14,38,18,14,0,37,43,20,18,33.632,53,1,36.139019,-120.368355,186.804001,5,600,58,3,"e00fce68d6b773b56ce8baa0",2026-07-28 21:20:02.664,2026-07-28 21:20:02.935,2026-07-28 21:20:02.935,2026-07-28
"1305","gTQ4YfgGZD","MOOSPMv3Parser",1785273601,0,0,1,0,0,1,1,0,0,1,190,98,5176,13,9,1,9,9,36,20,9,0,37,42,20,17,55.953,97,1,36.139061,-120.368401,198.332001,6,600,58,3,"e00fce686dc2ef0a68fa40b0",2026-07-28 21:20:03.083,2026-07-28 21:20:03.317,2026-07-28 21:20:03.317,2026-07-28
"1306","38Jwm3RRoV","MOOSPMv3Parser",1785273601,1,1,0,2,2,0,0,2,2,0,645,135,0,23,0,2,0,0,36,4,0,2,37,42,16,15,52.878,30,1,36.1875,-119.821922,42.032001,0,600,58,3,"e00fce68e739ecbcf9e91965",2026-07-28 21:20:03.279,2026-07-28 21:20:03.421,2026-07-28 21:20:03.421,2026-07-28
"1307","XazFHTl4Be","MOOSPMv3Parser",1785273601,0,0,2,1,1,2,2,1,1,2,388,101,9243,17,12,1,12,12,39,5,12,0,40,46,14,13,46.843,179,3277,7.3e-05,-0.004163,35398.101562,7,600,58,3,"e00fce68e28dcbc9a589be10",2026-07-28 21:20:03.359,2026-07-28 21:20:03.492,2026-07-28 21:20:03.492,2026-07-28
"1308","g8urvyFsHQ","MOOSPMv3Parser",1785273601,2,2,2,3,3,2,2,3,3,2,1374,182,12788,21,18,1,18,18,36,8,18,0,37,41,16,17,49.545,30,1,36.762722,-119.798775,69.918999,6,600,58,3,"e00fce68e88237db75a60608",2026-07-28 21:20:03.388,2026-07-28 21:20:03.574,2026-07-28 21:20:03.574,2026-07-28
"1309","ZW8Jzme1i0","MOOSPMv3Parser",1785273600,3,3,3,4,4,3,3,5,5,3,862,227,9138,31,21,2,21,21,36,17,21,0,36,41,25,24,45.199,56,2,36.523296,-119.278778,77.945,5,600,58,3,"e00fce68f12da1a0c5de6248",2026-07-28 21:20:03.483,2026-07-28 21:20:03.687,2026-07-28 21:20:03.687,2026-07-28
"1310","GohAsHiubY","MOOSPMv3Parser",1785273600,2,2,2,3,3,2,2,3,3,2,571,147,6631,25,15,1,15,15,34,9,15,0,34,39,23,20,45.775,20,1,35.949673,-119.049988,102.124001,5,600,58,3,"e00fce6808784ceaf209f949",2026-07-28 21:20:03.636,2026-07-28 21:20:03.802,2026-07-28 21:20:03.802,2026-07-28
"1311","DhjmjHeUkq","MOOSPMv3Parser",1785273600,0,0,2,1,1,2,2,2,2,2,545,113,4499,19,14,1,14,14,36,7,14,0,42,42,15,18,512.613,158,1,36.139057,-120.368301,209.735992,6,600,58,3,"e00fce6850cac69f647dc199",2026-07-28 21:20:03.632,2026-07-28 21:20:03.864,2026-07-28 21:20:03.864,2026-07-28
"1312","Q9MCgxiIYK","MOOSPMv3Parser",1785273600,2,2,2,2,2,2,2,3,3,2,1034,138,7321,19,12,1,12,12,35,9,12,0,36,40,20,19,47.619,65,1,36.139057,-120.368355,195.977005,8,600,58,3,"e00fce68e77e43df92405fdb",2026-07-28 21:20:04.307,2026-07-28 21:20:04.468,2026-07-28 21:20:04.468,2026-07-28
"1313","s24HgaSPgR","MOOSPMv3Parser",1785273600,1,1,2,2,2,2,2,2,2,2,353,106,9643,19,13,2,13,13,0,0,13,0,37,41,19,19,34.081,99,1,36.139191,-120.368492,206.268997,5,600,58,3,"e00fce6876826e255108c6bd",2026-07-28 21:20:04.335,2026-07-28 21:20:04.479,2026-07-28 21:20:04.479,2026-07-28
"1314","tQECEHcPHX","MOOSPMv3Parser",1785274201,0,0,1,0,0,1,2,0,0,2,198,103,5185,13,10,1,10,10,37,20,11,0,37,42,19,17,54.847,115,1,36.139088,-120.368362,197.529007,6,600,58,3,"e00fce686dc2ef0a68fa40b0",2026-07-28 21:30:01.867,2026-07-28 21:30:02.076,2026-07-28 21:30:02.076,2026-07-28
"1315","hD0iVdTBRF","MOOSPMv3Parser",1785274201,0,0,2,1,1,2,2,1,1,2,376,96,9254,15,12,1,12,12,40,5,12,0,40,47,14,13,47.267,195,3277,7.3e-05,-0.004163,35398.101562,7,600,58,3,"e00fce68e28dcbc9a589be10",2026-07-28 21:30:03.187,2026-07-28 21:30:03.477,2026-07-28 21:30:03.477,2026-07-28
"1316","oQkEO3MZW0","MOOSPMv3Parser",1785274201,1,1,0,2,2,0,0,2,2,0,621,123,0,22,0,1,0,0,37,4,0,2,37,43,15,15,53.559,26,1,36.187576,-119.822243,12.178,5,600,58,3,"e00fce68e739ecbcf9e91965",2026-07-28 21:30:03.193,2026-07-28 21:30:03.667,2026-07-28 21:30:03.667,2026-07-28
"1317","GL4bco4RGv","MOOSPMv3Parser",1785274201,0,0,2,0,0,2,2,0,0,2,222,133,3132,17,14,2,14,14,38,18,14,0,37,43,20,18,33.262,72,1,36.139072,-120.36834,173.647003,6,600,58,3,"e00fce68d6b773b56ce8baa0",2026-07-28 21:30:03.167,2026-07-28 21:30:03.734,2026-07-28 21:30:03.734,2026-07-28
"1318","rGicconD8G","MOOSPMv3Parser",1785274200,2,2,2,3,3,2,2,3,3,2,594,153,6644,25,16,2,16,16,35,9,16,0,35,41,22,20,45.206,27,1,35.949467,-119.04998,108.185997,7,600,58,3,"e00fce6808784ceaf209f949",2026-07-28 21:30:03.398,2026-07-28 21:30:03.744,2026-07-28 21:30:03.744,2026-07-28
"1319","5BVCHgkArR","MOOSPMv3Parser",1785274201,2,2,2,3,3,2,2,3,3,2,1427,190,12803,24,17,1,17,17,36,8,17,0,38,41,16,16,49.754,38,1,36.762684,-119.798737,51.278,7,600,58,3,"e00fce68e88237db75a60608",2026-07-28 21:30:03.552,2026-07-28 21:30:03.995,2026-07-28 21:30:03.995,2026-07-28
"1320","iZ9SDiIQHf","MOOSPMv3Parser",1785274200,0,0,2,1,1,2,2,1,1,2,562,108,4512,17,14,1,15,15,37,7,15,0,42,42,15,18,464.134,176,1,36.139103,-120.368347,194.141998,6,600,58,3,"e00fce6850cac69f647dc199",2026-07-28 21:30:03.966,2026-07-28 21:30:04.21,2026-07-28 21:30:04.21,2026-07-28
"1321","tOJ9glXFdE","MOOSPMv3Parser",1785274200,3,3,3,4,4,3,3,4,4,3,858,224,9156,30,20,1,20,20,36,15,20,0,37,42,23,21,43.997,64,2,36.52322,-119.278809,82.490997,6,600,58,3,"e00fce68f12da1a0c5de6248",2026-07-28 21:30:04.089,2026-07-28 21:30:04.447,2026-07-28 21:30:04.447,2026-07-28
"1322","ONtso18ABG","MOOSPMv3Parser",1785274200,1,1,2,2,2,2,2,3,3,2,404,120,9655,20,14,2,14,14,0,0,14,0,37,42,19,19,33.08,99,1,36.138988,-120.368408,172.440002,6,600,58,3,"e00fce6876826e255108c6bd",2026-07-28 21:30:04.261,2026-07-28 21:30:04.493,2026-07-28 21:30:04.493,2026-07-28
"1323","4WWmV2zW3C","MOOSPMv3Parser",1785274200,2,2,1,3,3,2,2,3,3,2,1047,143,7331,18,12,1,12,12,35,9,12,0,36,40,19,19,46.713,79,1,36.139091,-120.368385,194.227997,7,600,58,3,"e00fce68e77e43df92405fdb",2026-07-28 21:30:07.07,2026-07-28 21:30:07.251,2026-07-28 21:30:07.251,2026-07-28
"1324","WbPKIfNuBl","MOOSPMv3Parser",1785274560,2,2,2,4,4,2,3,14,11,3,444,134,12,30,14,5,15,15,22,45,15,1,26,26,47,43,13.631,23,1,0,0,0,0,36,58,3,"e00fce68224f362bb7025f02",2026-07-28 21:36:06.754,2026-07-28 21:36:06.921,2026-07-28 21:36:06.921,2026-07-28
"1325","fOHbxFmMss","MOOSPMv3Parser",1785274620,2,2,2,3,3,2,3,4,4,3,477,138,19,18,15,3,15,16,22,45,16,1,26,26,47,43,9.126,40,1,0,0,0,0,60,58,3,"e00fce68224f362bb7025f02",2026-07-28 21:37:01.601,2026-07-28 21:37:01.811,2026-07-28 21:37:01.811,2026-07-28
"1326","jnrYH3lfS1","MOOSPMv3Parser",1785274680,2,2,2,3,3,3,3,3,3,3,471,137,34,23,18,2,18,18,22,44,18,1,27,26,47,43,2.997,64,1,0,0,0,0,60,58,3,"e00fce68224f362bb7025f02",2026-07-28 21:39:42.977,2026-07-28 21:39:43.292,2026-07-28 21:39:43.292,2026-07-28
"1327","v5y4etwI2M","MOOSPMv3Parser",1785274740,2,2,2,4,4,2,3,5,5,3,544,148,47,34,16,4,16,16,23,44,16,1,27,26,47,44,17.245,79,1,0,0,0,0,60,58,3,"e00fce68224f362bb7025f02",2026-07-28 21:39:43.225,2026-07-28 21:39:43.365,2026-07-28 21:39:43.365,2026-07-28
"1328","CFDDK2CxTc","MOOSPMv3Parser",1785274800,2,2,2,2,2,3,3,2,2,3,458,129,60,17,17,1,17,17,23,44,17,1,27,26,47,44,9.903,87,1,0,0,0,0,60,58,3,"e00fce68224f362bb7025f02",2026-07-28 21:40:01.819,2026-07-28 21:40:02.049,2026-07-28 21:40:02.049,2026-07-28
"1329","hUJSoC8pp6","MOOSPMv3Parser",1785274801,-9,-9,2,-9,-9,2,2,-9,-9,3,-9,-9,3639,-9,15,-9,16,16,-10,-10,16,1,27,26,47,44,14.785,89,1,0,0,0,0,1,58,3,"e00fce68224f362bb7025f02",2026-07-28 21:40:02.592,2026-07-28 21:40:02.883,2026-07-28 21:40:02.883,2026-07-28
"1330","DF1lVmKfvY","MOOSPMv3Parser",1785274801,0,0,2,0,0,2,2,0,0,2,218,131,3143,18,13,1,13,13,38,18,13,0,37,43,19,18,33.645,49,1,36.139046,-120.368332,188.600006,6,600,58,3,"e00fce68d6b773b56ce8baa0",2026-07-28 21:40:02.986,2026-07-28 21:40:03.23,2026-07-28 21:40:03.23,2026-07-28
"1331","xsfqH9p2om","MOOSPMv3Parser",1785274800,2,2,2,3,3,2,2,3,3,2,1014,136,7341,19,12,1,12,12,35,9,12,0,37,40,19,19,47.483,59,1,36.139095,-120.368317,192.009003,8,600,58,3,"e00fce68e77e43df92405fdb",2026-07-28 21:40:03,2026-07-28 21:40:03.239,2026-07-28 21:40:03.239,2026-07-28
"1332","P9VUMH4yNQ","MOOSPMv3Parser",1785274801,0,0,1,0,0,1,1,0,0,1,191,99,5192,12,8,1,8,8,37,20,8,0,37,42,18,17,55.541,88,1,36.138981,-120.368362,155.255005,6,600,58,3,"e00fce686dc2ef0a68fa40b0",2026-07-28 21:40:03.08,2026-07-28 21:40:03.348,2026-07-28 21:40:03.348,2026-07-28
"1333","DToC6w8XLg","MOOSPMv3Parser",1785274801,0,0,1,1,1,2,2,1,1,2,375,96,9263,15,11,1,11,11,40,5,11,0,40,47,14,12,46.839,204,3277,7.3e-05,-0.004163,35398.101562,7,600,58,3,"e00fce68e28dcbc9a589be10",2026-07-28 21:40:03.202,2026-07-28 21:40:03.466,2026-07-28 21:40:03.466,2026-07-28
"1334","9LPwm2EiDe","MOOSPMv3Parser",1785274801,1,1,0,2,2,0,0,2,2,0,634,132,0,24,0,2,0,0,37,4,0,2,37,43,15,15,52.377,29,1,36.18742,-119.822136,8.03,9,600,58,3,"e00fce68e739ecbcf9e91965",2026-07-28 21:40:03.283,2026-07-28 21:40:03.5,2026-07-28 21:40:03.5,2026-07-28
"1335","FsHOcD7ChO","MOOSPMv3Parser",1785274800,2,2,2,3,3,2,2,3,3,2,593,152,6657,27,15,2,15,15,35,8,15,0,36,40,22,20,44.189,36,1,35.949612,-119.049973,117.551003,7,600,58,3,"e00fce6808784ceaf209f949",2026-07-28 21:40:03.467,2026-07-28 21:40:03.635,2026-07-28 21:40:03.635,2026-07-28
"1336","J6LYxuD5vZ","MOOSPMv3Parser",1785274801,2,2,3,3,3,3,3,3,3,3,1400,183,12820,22,20,1,20,20,36,7,20,0,38,41,14,15,49.923,43,1,36.76276,-119.798729,59.056999,8,600,58,3,"e00fce68e88237db75a60608",2026-07-28 21:40:03.486,2026-07-28 21:40:03.674,2026-07-28 21:40:03.674,2026-07-28
"1337","owrtTDgWCw","MOOSPMv3Parser",1785274800,3,3,3,4,4,3,3,4,4,3,851,222,9173,32,20,1,20,20,35,15,20,0,37,41,23,21,44.267,47,2,36.523266,-119.27877,65.733002,6,600,58,3,"e00fce68f12da1a0c5de6248",2026-07-28 21:40:03.559,2026-07-28 21:40:03.762,2026-07-28 21:40:03.762,2026-07-28
"1338","xQ6UdE3kZ7","MOOSPMv3Parser",1785274800,0,0,2,1,1,2,2,1,1,2,546,105,4524,16,14,1,14,14,37,7,14,0,42,42,15,18,464.213,154,1,36.139076,-120.368408,178.065994,6,600,58,3,"e00fce6850cac69f647dc199",2026-07-28 21:40:04.185,2026-07-28 21:40:04.359,2026-07-28 21:40:04.359,2026-07-28
"1339","VbMF8a5onn","MOOSPMv3Parser",1785274800,1,1,2,2,2,2,2,2,2,2,377,111,9666,19,13,2,13,13,0,0,13,0,37,42,19,19,33.355,99,1,36.138981,-120.368416,165.910995,6,600,58,3,"e00fce6876826e255108c6bd",2026-07-28 21:40:04.285,2026-07-28 21:40:04.486,2026-07-28 21:40:04.486,2026-07-28
"1340","MNdFpGJbgC","MOOSPMv3Parser",1785274861,1,1,2,3,3,2,2,3,3,2,508,143,73,27,14,3,15,15,23,44,15,1,27,26,47,44,14.466,91,1,0,0,0,0,60,58,3,"e00fce68224f362bb7025f02",2026-07-28 21:41:04.858,2026-07-28 21:41:05.017,2026-07-28 21:41:05.017,2026-07-28
"1341","6U0HRz8gwW","MOOSPMv3Parser",1785274921,1,1,2,3,3,3,3,4,4,3,505,143,87,27,17,5,18,18,23,43,18,1,27,26,46,44,15.807,93,1,0,0,0,0,60,58,3,"e00fce68224f362bb7025f02",2026-07-28 21:42:02.577,2026-07-28 21:42:02.823,2026-07-28 21:42:02.823,2026-07-28
"1342","y54E6AQhGf","MOOSPMv3Parser",1785274981,2,2,2,3,3,2,2,4,4,2,583,160,99,29,14,3,15,15,23,43,15,1,27,26,46,44,12.852,95,1,0,0,0,0,60,58,3,"e00fce68224f362bb7025f02",2026-07-28 21:43:02.635,2026-07-28 21:43:02.833,2026-07-28 21:43:02.833,2026-07-28
"1343","km0mRj8YXl","MOOSPMv3Parser",1785275041,2,2,2,3,3,3,3,3,3,3,498,146,114,23,18,1,18,18,-10,-10,18,1,27,26,46,44,13.107,97,1,0,0,0,0,60,58,3,"e00fce68224f362bb7025f02",2026-07-28 21:44:02.855,2026-07-28 21:44:03.143,2026-07-28 21:44:03.143,2026-07-28
"1344","j3h5hTKIcw","MOOSPMv3Parser",1785275101,1,1,2,2,2,2,3,3,3,3,445,127,129,21,17,3,17,17,-10,-10,17,1,27,26,46,44,11.864,97,1,0,0,0,0,60,58,3,"e00fce68224f362bb7025f02",2026-07-28 21:45:10.755,2026-07-28 21:45:10.91,2026-07-28 21:45:10.91,2026-07-28
"1345","u8nxGEJ1g0","MOOSPMv3Parser",1785275161,1,1,2,2,2,2,2,4,4,2,551,158,142,21,16,3,16,16,23,43,16,1,27,26,46,43,12.892,97,1,0,0,0,0,60,58,3,"e00fce68224f362bb7025f02",2026-07-28 21:46:19.508,2026-07-28 21:46:19.687,2026-07-28 21:46:19.687,2026-07-28
"1346","zJgpDO7XEu","MOOSPMv3Parser",1785275221,1,1,2,3,3,2,3,4,4,3,532,152,156,26,17,2,17,17,24,42,17,1,27,26,46,43,10.815,99,1,0,0,0,0,60,58,3,"e00fce68224f362bb7025f02",2026-07-28 21:47:02.593,2026-07-28 21:47:02.933,2026-07-28 21:47:02.933,2026-07-28
"1347","iSL9ekxAwC","MOOSPMv3Parser",1785275281,1,1,2,2,2,3,3,3,3,3,460,133,171,22,17,3,18,18,24,42,18,1,27,26,46,43,13.704,99,1,0,0,0,0,60,58,3,"e00fce68224f362bb7025f02",2026-07-28 21:48:02.847,2026-07-28 21:48:03.079,2026-07-28 21:48:03.079,2026-07-28
"1348","8Pn826cvja","MOOSPMv3Parser",1785275401,0,0,1,0,0,1,1,0,0,1,196,101,5199,12,8,1,8,8,36,19,8,0,37,42,18,17,55.792,94,1,36.139046,-120.368332,192.248993,6,600,58,3,"e00fce686dc2ef0a68fa40b0",2026-07-28 21:50:02.684,2026-07-28 21:50:02.856,2026-07-28 21:50:02.856,2026-07-28
"1349","u4YRezSUcP","MOOSPMv3Parser",1785275401,1,1,2,2,2,3,3,3,3,3,457,125,200,16,18,2,18,18,24,42,18,1,27,27,46,43,9.818,99,1,0,0,0,0,60,58,3,"e00fce68224f362bb7025f02",2026-07-28 21:50:02.617,2026-07-28 21:50:03.004,2026-07-28 21:50:03.004,2026-07-28
"1350","HaNnkceAoZ","MOOSPMv3Parser",1785275401,0,0,2,0,0,2,2,0,0,2,228,141,3154,18,13,2,13,13,38,18,13,0,37,43,18,17,34.108,55,1,36.139011,-120.368324,180.154007,5,600,58,3,"e00fce68d6b773b56ce8baa0",2026-07-28 21:50:02.862,2026-07-28 21:50:03.12,2026-07-28 21:50:03.12,2026-07-28
"1351","RGDELmGisq","MOOSPMv3Parser",1785275401,0,0,2,1,1,2,2,1,1,2,416,104,9274,16,13,2,13,13,40,5,13,1,40,47,13,12,45.473,228,3277,7.3e-05,-0.004163,35398.101562,7,600,58,3,"e00fce68e28dcbc9a589be10",2026-07-28 21:50:03.191,2026-07-28 21:50:03.396,2026-07-28 21:50:03.396,2026-07-28
"1352","IF5jgMePGH","MOOSPMv3Parser",1785275400,2,2,2,3,3,2,2,3,3,3,620,158,6672,26,17,2,17,17,35,8,17,0,35,41,22,20,44.619,42,1,35.94957,-119.050003,109.317001,8,600,58,3,"e00fce6808784ceaf209f949",2026-07-28 21:50:03.478,2026-07-28 21:50:03.653,2026-07-28 21:50:03.653,2026-07-28
"1353","RFPcqTMU8R","MOOSPMv3Parser",1785275401,1,1,0,2,2,0,0,2,2,0,615,125,0,24,0,2,0,0,37,4,0,2,38,43,15,15,52.647,34,1,36.187519,-119.821861,27.584999,9,600,58,3,"e00fce68e739ecbcf9e91965",2026-07-28 21:50:03.607,2026-07-28 21:50:03.784,2026-07-28 21:50:03.784,2026-07-28
"1354","05HegkrG1T","MOOSPMv3Parser",1785275401,1,1,2,2,2,2,2,2,2,2,1275,161,12832,18,13,1,14,14,36,5,14,0,38,41,12,13,52.077,26,1,36.762707,-119.798805,51.584999,12,600,58,3,"e00fce68e88237db75a60608",2026-07-28 21:50:03.687,2026-07-28 21:50:03.861,2026-07-28 21:50:03.861,2026-07-28
"1355","O1NS0XHFb9","MOOSPMv3Parser",1785275400,1,1,2,2,2,2,2,2,2,2,347,102,9677,15,13,1,13,13,0,0,13,0,37,42,18,18,33.495,99,1,36.138981,-120.368347,184.852997,5,600,58,3,"e00fce6876826e255108c6bd",2026-07-28 21:50:04.325,2026-07-28 21:50:04.524,2026-07-28 21:50:04.524,2026-07-28
"1356","BYc7ATuMAX","MOOSPMv3Parser",1785275400,2,2,1,2,2,2,2,3,3,2,1000,128,7350,18,11,1,11,11,35,9,11,0,37,40,18,18,48.4,67,1,36.139153,-120.368225,188.740997,7,600,58,3,"e00fce68e77e43df92405fdb",2026-07-28 21:50:05.399,2026-07-28 21:50:05.582,2026-07-28 21:50:05.582,2026-07-28
"1357","cdK98a1uPj","MOOSPMv3Parser",1785275400,0,0,2,1,1,2,2,1,1,2,582,113,4536,18,14,1,14,14,36,7,14,0,42,42,14,17,512.557,151,1,36.138939,-120.368423,185.464005,6,600,58,3,"e00fce6850cac69f647dc199",2026-07-28 21:50:21.727,2026-07-28 21:50:21.926,2026-07-28 21:50:21.926,2026-07-28
"1358","aNneqFQFXA","MOOSPMv3Parser",1785275820,1,1,2,3,3,2,2,3,3,2,492,144,303,26,16,3,16,16,24,41,16,1,27,27,46,42,11.533,99,1,0,0,0,0,60,58,3,"e00fce68224f362bb7025f02",2026-07-28 21:57:03.676,2026-07-28 21:57:03.853,2026-07-28 21:57:03.853,2026-07-28
"1359","CO0FjGfVFv","MOOSPMv3Parser",1785275880,2,2,2,3,3,2,2,3,3,3,542,153,318,19,17,1,18,18,24,41,18,1,27,27,46,42,11.558,100,1,0,0,0,0,60,58,3,"e00fce68224f362bb7025f02",2026-07-28 21:58:04.261,2026-07-28 21:58:04.42,2026-07-28 21:58:04.42,2026-07-28
"1360","PzdvkGlLTk","MOOSPMv3Parser",1785275940,2,2,2,3,3,3,3,4,4,3,541,156,334,19,18,2,18,18,24,41,18,1,27,27,46,42,10.075,100,1,0,0,0,0,60,58,3,"e00fce68224f362bb7025f02",2026-07-28 21:59:04.039,2026-07-28 21:59:04.21,2026-07-28 21:59:04.21,2026-07-28
"1361","ukTxxyPlkk","MOOSPMv3Parser",1785276001,0,0,1,1,1,2,2,1,1,2,378,95,9284,14,11,1,11,11,40,5,11,0,40,47,13,12,46.595,209,3277,7.3e-05,-0.004163,35398.101562,7,600,58,3,"e00fce68e28dcbc9a589be10",2026-07-28 22:00:03.037,2026-07-28 22:00:03.978,2026-07-28 22:00:03.978,2026-07-28
"1362","OOpbUTaFwK","MOOSPMv3Parser",1785276000,2,2,1,3,3,1,1,3,3,1,994,133,7360,19,11,1,11,11,35,9,11,0,37,40,18,18,48.676,52,1,36.139153,-120.368225,188.740005,0,600,58,3,"e00fce68e77e43df92405fdb",2026-07-28 22:00:02.995,2026-07-28 22:00:04.241,2026-07-28 22:00:04.241,2026-07-28
"1363","kBMH3D4HOB","MOOSPMv3Parser",1785276000,2,2,2,3,3,2,3,3,3,3,513,146,349,27,18,1,18,18,24,41,18,1,27,27,46,42,9.956,100,1,0,0,0,0,60,58,3,"e00fce68224f362bb7025f02",2026-07-28 22:00:03,2026-07-28 22:00:04.252,2026-07-28 22:00:04.252,2026-07-28
"1364","PMgWOZLPAw","MOOSPMv3Parser",1785276001,0,0,2,0,0,2,2,0,0,2,221,130,3164,18,12,1,13,13,38,18,13,0,37,43,18,17,34.377,45,1,36.139011,-120.368324,180.145996,0,600,58,3,"e00fce68d6b773b56ce8baa0",2026-07-28 22:00:02.839,2026-07-28 22:00:04.356,2026-07-28 22:00:04.356,2026-07-28
"1365","9uF2plW4hy","MOOSPMv3Parser",1785276001,0,0,0,2,2,0,0,2,2,0,609,120,0,24,0,2,0,0,37,3,0,2,38,43,15,15,53.104,38,1,36.187531,-119.821838,31.441999,9,600,58,3,"e00fce68e739ecbcf9e91965",2026-07-28 22:00:03.287,2026-07-28 22:00:04.468,2026-07-28 22:00:04.468,2026-07-28
"1366","7sbmCFjtIy","MOOSPMv3Parser",1785276001,2,2,3,4,4,3,3,4,4,3,800,211,9208,27,20,1,20,20,35,14,20,0,37,41,22,21,45.27,39,1,36.523186,-119.278816,66.303001,6,600,58,3,"e00fce68f12da1a0c5de6248",2026-07-28 22:00:03.489,2026-07-28 22:00:04.808,2026-07-28 22:00:04.808,2026-07-28
"1367","ZaDYvDoc6M","MOOSPMv3Parser",1785276000,0,0,2,1,1,2,2,2,2,2,559,110,4548,18,14,1,14,14,37,7,14,0,42,42,14,17,512.569,144,1,36.138939,-120.368423,185.468994,0,600,58,3,"e00fce6850cac69f647dc199",2026-07-28 22:00:03.552,2026-07-28 22:00:05.047,2026-07-28 22:00:05.047,2026-07-28
"1368","G1AOcHyfq1","MOOSPMv3Parser",1785276001,1,1,2,1,1,2,2,2,2,2,1295,139,12843,14,13,1,13,13,36,6,13,0,38,42,14,15,53.177,14,1,36.762733,-119.798759,52.66,13,600,58,3,"e00fce68e88237db75a60608",2026-07-28 22:00:03.455,2026-07-28 22:00:05.097,2026-07-28 22:00:05.097,2026-07-28
"1369","wpW278SJIy","MOOSPMv3Parser",1785276000,2,2,2,3,3,2,2,3,3,3,615,155,6686,25,17,2,17,17,35,9,17,0,35,40,22,20,45.194,37,1,35.949631,-119.049973,111.18,7,600,58,3,"e00fce6808784ceaf209f949",2026-07-28 22:00:03.467,2026-07-28 22:00:05.806,2026-07-28 22:00:05.806,2026-07-28
"1370","Sc1BrfdWcC","MOOSPMv3Parser",1785276001,0,0,1,0,0,1,1,0,0,1,191,100,5206,11,9,0,9,9,36,19,9,0,38,42,18,17,56.7,77,1,36.139042,-120.368324,183.026993,7,600,58,3,"e00fce686dc2ef0a68fa40b0",2026-07-28 22:00:03.909,2026-07-28 22:00:06.004,2026-07-28 22:00:06.004,2026-07-28
"1371","3jGcev25sz","MOOSPMv3Parser",1785276000,1,1,2,2,2,2,2,2,2,2,350,102,9688,18,13,2,13,13,0,0,13,0,38,42,17,18,33.735,99,1,36.13908,-120.368347,190.738998,6,600,58,3,"e00fce6876826e255108c6bd",2026-07-28 22:00:04.428,2026-07-28 22:00:06.167,2026-07-28 22:00:06.167,2026-07-28
"1372","1JwJQsu3Zc","MOOSPMv3Parser",1785276060,2,2,2,3,3,2,2,3,3,2,503,141,363,22,16,2,17,17,24,40,17,1,27,27,46,42,12.78,100,1,0,0,0,0,60,58,3,"e00fce68224f362bb7025f02",2026-07-28 22:01:03.171,2026-07-28 22:01:03.362,2026-07-28 22:01:03.362,2026-07-28
"1373","eOgb44R3Cp","MOOSPMv3Parser",1785276120,2,2,2,3,3,2,2,3,3,2,595,162,378,21,17,1,17,17,24,40,17,1,27,27,46,42,15.849,100,1,0,0,0,0,60,58,3,"e00fce68224f362bb7025f02",2026-07-28 22:02:10.952,2026-07-28 22:02:11.137,2026-07-28 22:02:11.137,2026-07-28
"1374","pRGmfwASL9","MOOSPMv3Parser",1785276180,2,2,2,3,3,2,2,4,4,2,506,144,393,27,17,3,17,17,24,40,17,1,27,27,46,42,14.496,100,1,0,0,0,0,60,58,3,"e00fce68224f362bb7025f02",2026-07-28 22:03:03.436,2026-07-28 22:03:03.599,2026-07-28 22:03:03.599,2026-07-28
"1375","9HcdeLE2tt","MOOSPMv3Parser",1785276240,1,1,2,2,2,2,2,2,2,3,386,107,408,17,18,2,18,18,25,40,18,1,27,27,46,42,11.558,100,1,0,0,0,0,60,58,3,"e00fce68224f362bb7025f02",2026-07-28 22:04:03.536,2026-07-28 22:04:03.737,2026-07-28 22:04:03.737,2026-07-28
"1376","uIOBIfYT1y","MOOSPMv3Parser",1785276300,2,2,2,4,4,2,2,4,4,2,608,169,422,32,17,3,17,17,25,40,17,1,27,27,46,41,13.623,100,1,0,0,0,0,60,58,3,"e00fce68224f362bb7025f02",2026-07-28 22:05:03.698,2026-07-28 22:05:03.844,2026-07-28 22:05:03.844,2026-07-28
"1377","EuxVn2EOTe","MOOSPMv3Parser",1785276360,2,2,2,3,3,2,2,4,4,2,567,155,436,22,16,3,16,16,25,40,16,1,27,27,46,41,10.802,100,1,0,0,0,0,60,58,3,"e00fce68224f362bb7025f02",2026-07-28 22:06:03.915,2026-07-28 22:06:04.066,2026-07-28 22:06:04.066,2026-07-28
"1378","jLzs1pOlz0","MOOSPMv3Parser",1785276420,2,2,2,3,3,3,3,3,3,3,494,144,452,20,18,2,18,18,25,40,18,1,27,28,46,41,7.654,100,1,0,0,0,0,60,58,3,"e00fce68224f362bb7025f02",2026-07-28 22:07:52.731,2026-07-28 22:07:52.914,2026-07-28 22:07:52.914,2026-07-28
"1379","k22SuZ2l0i","MOOSPMv3Parser",1785276480,2,2,2,3,3,3,3,4,4,3,563,155,467,27,18,1,19,19,25,40,19,1,27,28,46,41,9.005,100,1,0,0,0,0,60,58,3,"e00fce68224f362bb7025f02",2026-07-28 22:08:47.819,2026-07-28 22:08:47.958,2026-07-28 22:08:47.958,2026-07-28
"1380","rMyZjm4Y0q","MOOSPMv3Parser",1785276540,2,2,2,3,3,2,2,3,3,2,595,163,481,24,16,1,16,16,25,40,16,1,27,28,47,41,13.039,100,1,0,0,0,0,60,58,3,"e00fce68224f362bb7025f02",2026-07-28 22:09:03.059,2026-07-28 22:09:03.218,2026-07-28 22:09:03.218,2026-07-28
"1381","6WtpCRbzi3","MOOSPMv3Parser",1785276601,0,0,1,0,0,1,1,0,0,1,192,99,5213,12,9,1,9,9,36,20,9,0,38,42,18,17,56.36,78,1,36.138996,-120.368423,167.328003,7,600,58,3,"e00fce686dc2ef0a68fa40b0",2026-07-28 22:10:03.029,2026-07-28 22:10:03.215,2026-07-28 22:10:03.215,2026-07-28
"1382","wuU15mJ3ZH","MOOSPMv3Parser",1785276600,2,2,1,2,2,1,1,3,3,1,1016,134,7369,16,11,1,11,11,35,9,11,0,37,40,18,19,48.587,55,1,36.139023,-120.368378,169.729004,13,600,58,3,"e00fce68e77e43df92405fdb",2026-07-28 22:10:03.217,2026-07-28 22:10:03.416,2026-07-28 22:10:03.416,2026-07-28
"1383","5oaipzmFhD","MOOSPMv3Parser",1785276601,0,0,1,1,1,2,2,1,1,2,396,98,9294,14,12,1,12,12,40,5,12,0,41,47,14,13,45.298,262,3277,7.3e-05,-0.004163,35398.101562,7,600,58,3,"e00fce68e28dcbc9a589be10",2026-07-28 22:10:03.29,2026-07-28 22:10:03.431,2026-07-28 22:10:03.431,2026-07-28
"1384","S1k2fK2OEG","MOOSPMv3Parser",1785276600,2,2,2,3,3,2,2,4,4,3,522,149,495,27,17,2,17,17,25,40,17,1,27,28,47,41,12.346,100,1,0,0,0,0,60,58,3,"e00fce68224f362bb7025f02",2026-07-28 22:10:03.254,2026-07-28 22:10:03.449,2026-07-28 22:10:03.449,2026-07-28
"1385","kWiccGbGPj","MOOSPMv3Parser",1785276601,0,0,2,0,0,2,2,0,0,2,222,133,3175,16,12,2,13,13,38,18,13,0,38,43,19,18,34.099,48,1,36.138973,-120.368073,207.167999,6,600,58,3,"e00fce68d6b773b56ce8baa0",2026-07-28 22:10:03.415,2026-07-28 22:10:03.569,2026-07-28 22:10:03.569,2026-07-28
"1386","5t6zLduGSu","MOOSPMv3Parser",1785276601,3,3,2,4,4,3,3,5,5,3,875,225,9225,31,19,2,19,19,35,14,19,0,37,40,21,20,46.245,30,2,36.523403,-119.278824,88.084999,7,600,58,3,"e00fce68f12da1a0c5de6248",2026-07-28 22:10:03.411,2026-07-28 22:10:03.587,2026-07-28 22:10:03.587,2026-07-28
"1387","hR5d5yu6Zd","MOOSPMv3Parser",1785276601,1,1,0,2,2,0,0,2,2,0,672,132,0,26,0,2,0,0,37,5,0,2,38,44,17,16,53.487,48,1,36.187515,-119.822144,20.294001,8,600,58,3,"e00fce68e739ecbcf9e91965",2026-07-28 22:10:03.456,2026-07-28 22:10:03.635,2026-07-28 22:10:03.635,2026-07-28
"1388","1MZ8sYS4ZD","MOOSPMv3Parser",1785276600,2,2,2,4,4,2,2,4,4,2,667,172,6701,28,17,2,17,17,34,9,17,0,35,40,22,20,47.374,28,1,35.949631,-119.049973,111.177002,0,600,58,3,"e00fce6808784ceaf209f949",2026-07-28 22:10:03.481,2026-07-28 22:10:03.67,2026-07-28 22:10:03.67,2026-07-28
"1389","59A41lGXnE","MOOSPMv3Parser",1785276601,1,1,2,2,2,2,2,2,2,2,1316,155,12855,20,14,2,14,14,36,6,14,0,38,42,14,15,52.509,32,1,36.762718,-119.798782,54.022999,14,600,58,3,"e00fce68e88237db75a60608",2026-07-28 22:10:03.687,2026-07-28 22:10:03.839,2026-07-28 22:10:03.839,2026-07-28
"1390","o9AsBjgBhz","MOOSPMv3Parser",1785276600,0,0,2,1,1,2,2,2,2,2,559,108,4559,19,13,1,13,13,37,7,13,0,43,42,14,18,512.576,148,1,36.139019,-120.368362,181.526001,8,600,58,3,"e00fce6850cac69f647dc199",2026-07-28 22:10:03.723,2026-07-28 22:10:03.927,2026-07-28 22:10:03.927,2026-07-28
"1391","5ASxduSjBK","MOOSPMv3Parser",1785276600,1,1,2,2,2,2,2,2,2,2,355,104,9699,16,12,2,12,12,0,0,12,0,38,42,18,18,33.738,99,1,36.139133,-120.368431,177.274994,7,600,58,3,"e00fce6876826e255108c6bd",2026-07-28 22:10:04.42,2026-07-28 22:10:04.589,2026-07-28 22:10:04.589,2026-07-28
"1392","1DeTA6UznO","MOOSPMv3Parser",1785276660,2,2,2,3,3,2,2,4,4,2,525,149,510,23,17,3,17,17,25,40,17,1,27,28,46,41,10.715,100,1,0,0,0,0,60,58,3,"e00fce68224f362bb7025f02",2026-07-28 22:11:03.801,2026-07-28 22:11:03.96,2026-07-28 22:11:03.96,2026-07-28
"1393","FnnG3u0E3w","MOOSPMv3Parser",1785276720,2,2,2,3,3,2,3,3,3,3,484,136,525,17,18,1,18,18,25,40,18,1,27,28,47,41,10.061,100,1,0,0,0,0,60,58,3,"e00fce68224f362bb7025f02",2026-07-28 22:12:03.59,2026-07-28 22:12:03.751,2026-07-28 22:12:03.751,2026-07-28
"1394","bhdZFVU1gt","MOOSPMv3Parser",1785276780,2,2,2,3,3,2,2,4,4,2,551,157,539,25,16,3,16,16,25,40,16,1,27,28,47,41,6.22,100,1,0,0,0,0,60,58,3,"e00fce68224f362bb7025f02",2026-07-28 22:13:03.836,2026-07-28 22:13:04.015,2026-07-28 22:13:04.015,2026-07-28
"1395","ysXsyAfRi9","MOOSPMv3Parser",1785276840,2,2,2,3,3,2,2,4,4,2,609,168,553,21,16,2,17,17,25,39,17,1,27,28,47,41,9.236,100,1,0,0,0,0,60,58,3,"e00fce68224f362bb7025f02",2026-07-28 22:14:03.845,2026-07-28 22:14:03.978,2026-07-28 22:14:03.978,2026-07-28
"1396","nLXrgvvLkn","MOOSPMv3Parser",1785276900,1,1,2,2,2,2,2,3,3,2,475,129,567,17,16,2,16,16,25,39,16,1,27,28,47,41,6.492,100,1,0,0,0,0,60,58,3,"e00fce68224f362bb7025f02",2026-07-28 22:15:03.943,2026-07-28 22:15:04.191,2026-07-28 22:15:04.191,2026-07-28
"1397","hpq9HpaIXM","MOOSPMv3Parser",1785276960,1,1,2,2,2,2,3,2,2,3,496,133,582,19,18,1,18,18,25,39,18,1,27,28,47,41,13.134,100,1,0,0,0,0,60,58,3,"e00fce68224f362bb7025f02",2026-07-28 22:16:02.839,2026-07-28 22:16:03.018,2026-07-28 22:16:03.018,2026-07-28
"1398","JSUkTHEnL4","MOOSPMv3Parser",1785277020,1,1,2,2,2,2,2,3,3,3,442,128,597,20,17,2,17,18,25,39,18,1,27,28,47,41,10.606,100,1,0,0,0,0,60,58,3,"e00fce68224f362bb7025f02",2026-07-28 22:17:03.045,2026-07-28 22:17:03.257,2026-07-28 22:17:03.257,2026-07-28
"1399","E8IGgrZDAo","MOOSPMv3Parser",1785277080,2,2,2,3,3,2,2,4,4,2,578,166,611,26,17,2,17,17,25,39,17,1,27,28,47,41,12.595,100,1,0,0,0,0,60,58,3,"e00fce68224f362bb7025f02",2026-07-28 22:18:17.842,2026-07-28 22:18:18.014,2026-07-28 22:18:18.014,2026-07-28
"1400","rLoJGPjFlj","MOOSPMv3Parser",1785277140,2,2,2,3,3,3,3,3,3,3,566,156,626,27,18,1,19,19,25,39,19,1,27,28,47,40,14.133,100,1,0,0,0,0,60,58,3,"e00fce68224f362bb7025f02",2026-07-28 22:19:34.918,2026-07-28 22:19:35.079,2026-07-28 22:19:35.079,2026-07-28
"1401","rJatdgExqf","MOOSPMv3Parser",1785277201,0,0,1,0,0,1,1,0,0,1,196,100,5220,11,8,1,8,8,36,19,8,0,38,42,17,17,56.97,83,1,36.138996,-120.368423,167.326996,0,600,58,3,"e00fce686dc2ef0a68fa40b0",2026-07-28 22:20:02.175,2026-07-28 22:20:02.398,2026-07-28 22:20:02.398,2026-07-28
"1402","7lmCieU1w7","MOOSPMv3Parser",1785277201,0,0,2,0,0,2,2,0,0,2,216,129,3186,18,13,1,13,13,38,18,13,0,38,43,17,17,34.164,55,1,36.139019,-120.368378,165.695007,9,600,58,3,"e00fce68d6b773b56ce8baa0",2026-07-28 22:20:02.924,2026-07-28 22:20:03.081,2026-07-28 22:20:03.081,2026-07-28
"1403","P6DHbxJhUK","MOOSPMv3Parser",1785277201,0,0,2,1,1,2,2,1,1,2,373,95,9304,14,12,1,12,12,40,5,12,0,41,47,14,13,45.616,248,3277,7.3e-05,-0.004163,35398.101562,7,600,58,3,"e00fce68e28dcbc9a589be10",2026-07-28 22:20:03.108,2026-07-28 22:20:03.263,2026-07-28 22:20:03.263,2026-07-28
"1404","NleGOseH9q","MOOSPMv3Parser",1785277201,1,1,0,2,2,0,0,2,2,0,709,140,0,25,0,1,0,0,37,4,0,2,38,43,16,16,52.517,58,1,36.187515,-119.822144,20.277,8,600,58,3,"e00fce68e739ecbcf9e91965",2026-07-28 22:20:03.283,2026-07-28 22:20:03.461,2026-07-28 22:20:03.461,2026-07-28
"1405","wk48JYAZBy","MOOSPMv3Parser",1785277200,2,2,1,2,2,1,1,3,3,1,1041,139,7379,18,11,1,11,11,35,9,11,0,37,40,17,18,48.192,63,1,36.138939,-120.368362,167.229004,9,600,58,3,"e00fce68e77e43df92405fdb",2026-07-28 22:20:03.38,2026-07-28 22:20:03.546,2026-07-28 22:20:03.546,2026-07-28
"1406","gQ7NfDYwmg","MOOSPMv3Parser",1785277201,1,1,2,2,2,2,2,2,2,2,1244,145,12867,16,14,1,14,14,36,5,14,0,38,42,11,12,54.312,30,1,36.762703,-119.798759,60.132,11,600,58,3,"e00fce68e88237db75a60608",2026-07-28 22:20:03.472,2026-07-28 22:20:03.624,2026-07-28 22:20:03.624,2026-07-28
"1407","2ibH3c7SmB","MOOSPMv3Parser",1785277200,2,2,2,3,3,2,2,3,3,2,578,148,6714,23,15,1,15,15,34,8,15,0,36,40,21,19,47.162,20,1,35.949593,-119.049934,112.117996,7,600,58,3,"e00fce6808784ceaf209f949",2026-07-28 22:20:03.467,2026-07-28 22:20:03.654,2026-07-28 22:20:03.654,2026-07-28
"1408","FnKpR1Ketj","MOOSPMv3Parser",1785277201,3,3,3,4,4,3,3,4,4,3,896,233,9242,32,20,2,20,20,35,15,20,0,38,40,21,21,45.834,28,2,36.523281,-119.278809,80.399002,8,600,58,3,"e00fce68f12da1a0c5de6248",2026-07-28 22:20:03.48,2026-07-28 22:20:03.68,2026-07-28 22:20:03.68,2026-07-28
"1409","2F6cN1jnrF","MOOSPMv3Parser",1785277200,0,0,2,1,1,2,2,1,1,2,551,106,4571,17,14,1,14,14,37,6,14,0,43,42,13,17,396.799,158,1,36.139,-120.368446,177.630005,7,600,58,3,"e00fce6850cac69f647dc199",2026-07-28 22:20:04.125,2026-07-28 22:20:04.32,2026-07-28 22:20:04.32,2026-07-28
"1410","e5BQ5VQCh1","MOOSPMv3Parser",1785277200,1,1,2,2,2,2,2,2,2,2,367,107,9709,17,12,1,12,12,0,0,12,0,38,42,17,17,33.568,99,1,36.139103,-120.368362,179.014999,7,600,58,3,"e00fce6876826e255108c6bd",2026-07-28 22:20:04.358,2026-07-28 22:20:04.623,2026-07-28 22:20:04.623,2026-07-28
"1411","HPDE49DKOu","MOOSPMv3Parser",1785277200,2,2,2,3,3,3,3,3,3,3,532,147,642,24,18,1,19,19,25,39,19,1,27,28,47,40,11.577,100,1,0,0,0,0,60,58,3,"e00fce68224f362bb7025f02",2026-07-28 22:20:27.911,2026-07-28 22:20:28.084,2026-07-28 22:20:28.084,2026-07-28
"1412","caBWvoNMEN","MOOSPMv3Parser",1785277260,1,1,2,2,2,2,2,3,3,2,458,128,657,17,17,3,17,17,25,39,17,1,27,28,47,40,12.013,100,1,0,0,0,0,60,58,3,"e00fce68224f362bb7025f02",2026-07-28 22:21:26.299,2026-07-28 22:21:26.451,2026-07-28 22:21:26.451,2026-07-28
"1413","GTHm8EdMBQ","MOOSPMv3Parser",1785277320,1,1,2,3,3,2,2,4,4,2,470,127,671,24,17,5,17,17,25,39,17,1,27,28,47,40,10.953,100,1,0,0,0,0,60,58,3,"e00fce68224f362bb7025f02",2026-07-28 22:22:03.939,2026-07-28 22:22:04.142,2026-07-28 22:22:04.142,2026-07-28
"1414","Q2bqtU6qPQ","MOOSPMv3Parser",1785277380,2,2,2,3,3,2,2,3,3,2,520,139,686,22,17,1,17,17,25,39,17,1,27,28,47,40,5.02,100,1,0,0,0,0,60,58,3,"e00fce68224f362bb7025f02",2026-07-28 22:23:04.013,2026-07-28 22:23:04.203,2026-07-28 22:23:04.203,2026-07-28
"1415","bpWEXkBmVz","MOOSPMv3Parser",1785277440,2,2,2,3,3,2,2,3,3,2,510,143,699,18,16,1,16,16,25,39,16,1,27,28,47,40,13.359,100,1,0,0,0,0,60,58,3,"e00fce68224f362bb7025f02",2026-07-28 22:24:02.885,2026-07-28 22:24:03.043,2026-07-28 22:24:03.043,2026-07-28
"1416","vnVq7FBTE5","MOOSPMv3Parser",1785277500,2,2,2,3,3,2,2,4,4,2,550,160,712,19,15,2,15,15,25,39,15,1,27,28,47,40,6.526,100,1,0,0,0,0,60,58,3,"e00fce68224f362bb7025f02",2026-07-28 22:25:03.025,2026-07-28 22:25:03.298,2026-07-28 22:25:03.298,2026-07-28
"1417","Hqtmw97qyG","MOOSPMv3Parser",1785277680,2,2,2,4,4,2,2,4,4,2,556,166,754,18,16,2,16,16,25,39,17,1,27,28,47,40,14.137,100,1,0,0,0,0,60,58,3,"e00fce68224f362bb7025f02",2026-07-28 22:28:03.629,2026-07-28 22:28:03.803,2026-07-28 22:28:03.803,2026-07-28
"1418","dVMQsQXlNW","MOOSPMv3Parser",1785277801,0,0,1,0,0,1,1,0,0,1,193,98,5227,12,9,1,9,9,36,20,9,0,38,42,17,17,56.738,79,1,36.13903,-120.368378,175.210007,6,600,58,3,"e00fce686dc2ef0a68fa40b0",2026-07-28 22:30:02.559,2026-07-28 22:30:02.776,2026-07-28 22:30:02.776,2026-07-28
"1419","YRBP9vbQnt","MOOSPMv3Parser",1785277801,0,0,2,0,0,2,2,0,0,2,220,132,3198,19,14,2,14,14,38,18,14,0,38,43,18,17,34.361,53,1,36.139004,-120.368347,160.591995,8,600,58,3,"e00fce68d6b773b56ce8baa0",2026-07-28 22:30:03.142,2026-07-28 22:30:03.319,2026-07-28 22:30:03.319,2026-07-28
"1420","tLQGtaCEr0","MOOSPMv3Parser",1785277800,2,2,1,2,2,1,1,3,3,1,1045,140,7388,18,11,1,11,11,35,9,11,0,38,40,17,18,48.162,63,1,36.139015,-120.368477,179.169006,5,600,58,3,"e00fce68e77e43df92405fdb",2026-07-28 22:30:03.249,2026-07-28 22:30:03.43,2026-07-28 22:30:03.43,2026-07-28
"1421","F10elw7Mkd","MOOSPMv3Parser",1785277801,1,1,0,2,2,0,0,3,3,0,669,139,0,26,0,2,0,0,37,4,0,2,38,43,15,15,53.01,53,1,36.187511,-119.821938,23.677,9,600,58,3,"e00fce68e739ecbcf9e91965",2026-07-28 22:30:03.281,2026-07-28 22:30:03.466,2026-07-28 22:30:03.466,2026-07-28
"1422","B1KJV1kqxu","MOOSPMv3Parser",1785277801,0,0,1,1,1,1,2,1,1,2,402,103,9313,14,11,1,11,11,40,6,11,0,40,47,16,14,47.448,230,3277,7.3e-05,-0.004163,35398.101562,7,600,58,3,"e00fce68e28dcbc9a589be10",2026-07-28 22:30:03.29,2026-07-28 22:30:03.496,2026-07-28 22:30:03.496,2026-07-28
"1423","LnMo3Y7b1X","MOOSPMv3Parser",1785277800,0,0,2,1,1,2,2,1,1,2,562,108,4582,18,13,1,13,13,36,7,13,0,43,42,14,17,482.451,151,1,36.138943,-120.368477,171.373001,5,600,58,3,"e00fce6850cac69f647dc199",2026-07-28 22:30:03.326,2026-07-28 22:30:03.512,2026-07-28 22:30:03.512,2026-07-28
"1424","0dHGcokRkK","MOOSPMv3Parser",1785277800,2,2,2,3,3,2,3,3,3,3,586,150,6728,21,16,1,16,16,34,8,16,0,36,40,21,20,47.868,17,1,35.949619,-119.049927,111.709,6,600,58,3,"e00fce6808784ceaf209f949",2026-07-28 22:30:03.537,2026-07-28 22:30:03.689,2026-07-28 22:30:03.689,2026-07-28
"1425","kCDMiVpJGC","MOOSPMv3Parser",1785277801,0,0,1,1,1,1,1,1,1,1,1194,119,12877,12,11,1,11,11,36,5,11,0,38,42,11,13,53.666,17,1,36.762707,-119.798683,73.749001,14,600,58,3,"e00fce68e88237db75a60608",2026-07-28 22:30:03.519,2026-07-28 22:30:03.71,2026-07-28 22:30:03.71,2026-07-28
"1426","K5q8x5NYYE","MOOSPMv3Parser",1785277801,3,3,3,5,5,3,3,5,5,3,931,243,9261,32,21,1,21,21,34,15,21,0,38,40,22,21,46.416,39,2,36.523281,-119.278809,80.396004,0,600,58,3,"e00fce68f12da1a0c5de6248",2026-07-28 22:30:03.574,2026-07-28 22:30:03.793,2026-07-28 22:30:03.793,2026-07-28
"1427","RHvAVZ1x6H","MOOSPMv3Parser",1785277800,1,1,2,2,2,2,2,2,2,2,348,104,9720,15,13,1,13,13,0,0,13,0,38,42,17,18,33.428,99,1,36.139053,-120.368294,200.660004,7,600,58,3,"e00fce6876826e255108c6bd",2026-07-28 22:30:04.708,2026-07-28 22:30:04.873,2026-07-28 22:30:04.873,2026-07-28
"1428","lyH4LOH3Vi","MOOSPMv3Parser",1785277740,2,2,2,3,3,2,2,3,3,2,528,150,768,23,16,1,16,16,25,39,16,1,27,28,47,40,16.217,100,1,0,0,0,0,60,58,3,"e00fce68224f362bb7025f02",2026-07-28 22:30:46.019,2026-07-28 22:30:46.173,2026-07-28 22:30:46.173,2026-07-28
"1429","AObjDFYu3b","MOOSPMv3Parser",1785277800,1,1,2,2,2,2,2,3,3,2,536,153,783,20,17,1,17,17,25,39,17,1,27,28,47,40,13.296,100,1,0,0,0,0,60,58,3,"e00fce68224f362bb7025f02",2026-07-28 22:30:46.328,2026-07-28 22:30:46.563,2026-07-28 22:30:46.563,2026-07-28
"1430","JLKPvP4ei0","MOOSPMv3Parser",1785277860,2,2,2,3,3,2,2,3,3,2,565,154,810,22,16,0,16,16,25,39,16,1,27,28,47,40,10.19,100,1,0,0,0,0,59,58,3,"e00fce68224f362bb7025f02",2026-07-28 22:31:02.117,2026-07-28 22:31:02.347,2026-07-28 22:31:02.347,2026-07-28
"1431","aEvFzEnN0p","MOOSPMv3Parser",1785277920,2,2,2,3,3,2,2,4,4,2,560,147,809,23,15,2,15,15,25,39,15,1,27,28,47,40,6.32,99,1,0,0,0,0,60,58,3,"e00fce68224f362bb7025f02",2026-07-28 22:32:02.859,2026-07-28 22:32:03.014,2026-07-28 22:32:03.014,2026-07-28
"1432","C4ZyPBT31v","MOOSPMv3Parser",1785277980,2,2,2,3,3,2,2,3,3,2,482,136,824,24,17,2,17,17,25,39,17,1,27,28,47,40,12.856,99,1,0,0,0,0,60,58,3,"e00fce68224f362bb7025f02",2026-07-28 22:33:08.195,2026-07-28 22:33:08.372,2026-07-28 22:33:08.372,2026-07-28
"1433","T9H5WEznhP","MOOSPMv3Parser",1785278040,1,1,2,2,2,2,2,2,2,2,466,132,838,17,17,1,17,17,25,39,17,1,27,28,47,40,5.022,99,1,0,0,0,0,60,58,3,"e00fce68224f362bb7025f02",2026-07-28 22:34:15.954,2026-07-28 22:34:16.139,2026-07-28 22:34:16.139,2026-07-28
"1434","B3EF4R5hNj","MOOSPMv3Parser",1785278401,0,0,1,0,0,1,1,0,0,1,192,98,5234,12,8,1,8,8,36,19,8,0,38,41,17,17,55.608,73,1,36.139004,-120.368347,180.466995,11,600,58,3,"e00fce686dc2ef0a68fa40b0",2026-07-28 22:40:02.899,2026-07-28 22:40:03.073,2026-07-28 22:40:03.073,2026-07-28
"1435","9SfRD8DWlU","MOOSPMv3Parser",1785278401,0,0,2,0,0,2,2,0,0,2,220,136,3209,16,13,1,13,13,38,18,13,0,38,43,18,17,34.081,51,1,36.139107,-120.368324,186.516006,9,600,58,3,"e00fce68d6b773b56ce8baa0",2026-07-28 22:40:02.86,2026-07-28 22:40:03.074,2026-07-28 22:40:03.074,2026-07-28
"1436","gk1Vt7Hrq1","MOOSPMv3Parser",1785278401,0,0,2,1,1,2,2,1,1,2,396,104,9324,16,13,1,13,13,40,6,13,0,40,47,15,13,47.155,245,3277,7.3e-05,-0.004163,35398.101562,7,600,58,3,"e00fce68e28dcbc9a589be10",2026-07-28 22:40:03.05,2026-07-28 22:40:03.224,2026-07-28 22:40:03.224,2026-07-28
"1437","7nhhtCs2IY","MOOSPMv3Parser",1785278400,2,2,1,3,3,1,1,3,3,1,1019,134,7398,18,11,1,11,11,35,8,11,0,37,40,17,18,48.697,62,1,36.138954,-120.36834,169.320999,7,600,58,3,"e00fce68e77e43df92405fdb",2026-07-28 22:40:03.075,2026-07-28 22:40:03.242,2026-07-28 22:40:03.242,2026-07-28
"1438","z6I59WNC7Y","MOOSPMv3Parser",1785278401,1,1,0,2,2,0,0,3,3,0,698,140,0,26,0,2,0,0,37,4,0,2,38,43,15,15,53.557,41,1,36.187565,-119.822083,18.403999,7,600,58,3,"e00fce68e739ecbcf9e91965",2026-07-28 22:40:03.2,2026-07-28 22:40:03.369,2026-07-28 22:40:03.369,2026-07-28
"1439","UZsvWfLRGQ","MOOSPMv3Parser",1785278400,2,2,3,4,4,3,3,4,4,3,670,172,6744,27,19,2,20,20,34,8,20,1,36,39,21,20,47.967,19,1,35.949612,-119.049934,120.225998,6,600,58,3,"e00fce6808784ceaf209f949",2026-07-28 22:40:03.55,2026-07-28 22:40:03.697,2026-07-28 22:40:03.697,2026-07-28
"1440","YWfwRB2M5x","MOOSPMv3Parser",1785278400,0,0,2,1,1,2,2,2,2,2,562,109,4594,21,14,2,14,14,36,6,14,0,42,42,14,17,512.51,146,1,36.138992,-120.368355,185.272003,5,600,58,3,"e00fce6850cac69f647dc199",2026-07-28 22:40:03.551,2026-07-28 22:40:03.723,2026-07-28 22:40:03.723,2026-07-28
"1441","jVMwG7MiW0","MOOSPMv3Parser",1785278401,0,0,1,1,1,1,1,1,1,1,1135,114,12886,14,10,1,10,10,36,5,10,0,39,42,12,13,54.002,19,1,36.762711,-119.798782,53.789001,14,600,58,3,"e00fce68e88237db75a60608",2026-07-28 22:40:03.534,2026-07-28 22:40:03.748,2026-07-28 22:40:03.748,2026-07-28
"1442","Gh3ggP7L66","MOOSPMv3Parser",1785278400,1,1,2,2,2,2,2,2,2,2,338,102,9731,18,12,1,12,12,0,0,12,0,38,42,17,17,34.039,99,1,36.139099,-120.368462,179.171997,6,600,58,3,"e00fce6876826e255108c6bd",2026-07-28 22:40:04.434,2026-07-28 22:40:04.633,2026-07-28 22:40:04.633,2026-07-28
"1443","AdgrtPdjNw","MOOSPMv3Parser",1785278401,3,3,3,4,4,3,3,4,4,3,910,237,9279,30,21,1,21,21,34,16,21,0,38,40,22,23,46.641,31,2,36.523312,-119.278793,87.081001,8,600,58,3,"e00fce68f12da1a0c5de6248",2026-07-28 22:40:07.516,2026-07-28 22:40:07.691,2026-07-28 22:40:07.691,2026-07-28
"1444","kar2IWmuBL","MOOSPMv3Parser",1785278761,2,2,2,4,4,2,2,4,4,2,576,166,60199,24,15,2,15,15,26,38,15,1,27,28,47,39,6.5,94,1,0,0,0,0,1,58,3,"e00fce68224f362bb7025f02",2026-07-28 22:46:18.059,2026-07-28 22:46:18.262,2026-07-28 22:46:18.262,2026-07-28
"1445","JnVVxT56I9","MOOSPMv3Parser",1785278760,2,2,2,3,3,2,2,4,4,2,539,158,1003,23,16,1,17,17,26,38,17,1,27,28,47,39,7.926,94,1,0,0,0,0,60,58,3,"e00fce68224f362bb7025f02",2026-07-28 22:46:39.748,2026-07-28 22:46:39.933,2026-07-28 22:46:39.933,2026-07-28
"1446","beupe7SNe6","MOOSPMv3Parser",1785278821,2,2,2,4,4,2,2,4,4,2,558,153,1016,28,15,3,15,15,26,38,15,1,27,28,46,39,14.347,94,1,0,0,0,0,60,58,3,"e00fce68224f362bb7025f02",2026-07-28 22:47:03.795,2026-07-28 22:47:04.013,2026-07-28 22:47:04.013,2026-07-28
"1447","iAPZF3st3G","MOOSPMv3Parser",1785278881,2,2,2,3,3,2,2,4,4,2,523,149,1030,25,15,1,16,16,26,38,16,1,27,28,46,39,8.223,93,1,0,0,0,0,60,58,3,"e00fce68224f362bb7025f02",2026-07-28 22:48:02.601,2026-07-28 22:48:02.804,2026-07-28 22:48:02.804,2026-07-28
"1448","oofAqcgBs8","MOOSPMv3Parser",1785278941,2,2,2,3,3,2,2,4,4,2,494,141,1043,28,15,2,15,15,26,38,15,1,27,29,46,39,11.401,92,1,0,0,0,0,60,58,3,"e00fce68224f362bb7025f02",2026-07-28 22:49:02.565,2026-07-28 22:49:02.755,2026-07-28 22:49:02.755,2026-07-28
"1449","KyUAHkHD7o","MOOSPMv3Parser",1785279001,0,0,1,0,0,1,1,0,0,1,195,101,5241,12,8,1,8,8,36,19,8,0,38,41,17,17,57.32,63,1,36.138985,-120.368393,180.167007,10,600,58,3,"e00fce686dc2ef0a68fa40b0",2026-07-28 22:50:02.026,2026-07-28 22:50:02.256,2026-07-28 22:50:02.256,2026-07-28
"1450","yDPV8egqRj","MOOSPMv3Parser",1785279001,0,0,2,1,1,2,2,1,1,2,398,101,9335,15,12,1,12,12,40,6,12,0,40,46,15,14,48.775,190,3277,7.3e-05,-0.004163,35398.101562,7,600,58,3,"e00fce68e28dcbc9a589be10",2026-07-28 22:50:03.037,2026-07-28 22:50:03.265,2026-07-28 22:50:03.265,2026-07-28
"1451","JdEVu7XA3Q","MOOSPMv3Parser",1785279000,2,2,1,2,2,1,1,3,3,1,1041,133,7406,16,10,1,10,10,35,8,10,0,37,40,17,18,49.506,54,1,36.138924,-120.368446,165.162994,8,600,58,3,"e00fce68e77e43df92405fdb",2026-07-28 22:50:03.071,2026-07-28 22:50:03.274,2026-07-28 22:50:03.274,2026-07-28
"1452","wO87yrHewD","MOOSPMv3Parser",1785279001,0,0,2,0,0,2,2,0,0,2,222,135,3219,17,12,2,13,13,38,18,13,0,38,43,17,17,34.95,44,1,36.139008,-120.368332,184.628998,7,600,58,3,"e00fce68d6b773b56ce8baa0",2026-07-28 22:50:03.116,2026-07-28 22:50:03.277,2026-07-28 22:50:03.277,2026-07-28
"1453","D9EJAynpdB","MOOSPMv3Parser",1785279001,1,1,0,2,2,0,0,2,2,0,645,129,0,26,0,2,0,0,37,3,0,2,38,43,14,14,54.456,38,1,36.187447,-119.821999,27.791,5,600,58,3,"e00fce68e739ecbcf9e91965",2026-07-28 22:50:03.431,2026-07-28 22:50:03.61,2026-07-28 22:50:03.61,2026-07-28
"1454","h6L470wh8a","MOOSPMv3Parser",1785279000,2,2,3,4,4,3,3,4,4,4,710,181,6761,27,19,2,20,20,34,10,20,1,36,39,23,21,49.445,17,1,35.949551,-119.050026,118.049004,5,600,58,3,"e00fce6808784ceaf209f949",2026-07-28 22:50:03.547,2026-07-28 22:50:03.716,2026-07-28 22:50:03.716,2026-07-28
"1455","kyo1kfBTzT","MOOSPMv3Parser",1785279000,0,0,2,1,1,2,2,2,2,2,563,115,4606,18,13,1,13,13,36,6,13,0,42,42,14,17,512.557,129,1,36.139053,-120.368401,179.613007,6,600,58,3,"e00fce6850cac69f647dc199",2026-07-28 22:50:03.789,2026-07-28 22:50:03.976,2026-07-28 22:50:03.976,2026-07-28
"1456","F9s9RuTZIx","MOOSPMv3Parser",1785279001,0,0,1,1,1,1,1,1,1,1,1074,106,12895,11,10,1,10,10,36,5,10,0,39,42,12,13,53.562,23,1,36.762772,-119.798798,53.679001,14,600,58,3,"e00fce68e88237db75a60608",2026-07-28 22:50:03.834,2026-07-28 22:50:04.034,2026-07-28 22:50:04.034,2026-07-28
"1457","WNtyoqw2cx","MOOSPMv3Parser",1785279001,3,3,3,4,4,3,3,4,4,3,850,218,9297,28,20,1,20,20,34,14,20,0,38,39,19,20,46.115,25,2,36.523327,-119.27874,75.623001,7,600,58,3,"e00fce68f12da1a0c5de6248",2026-07-28 22:50:04.344,2026-07-28 22:50:04.497,2026-07-28 22:50:04.497,2026-07-28
"1458","YXC2wF4VOU","MOOSPMv3Parser",1785279000,1,1,2,2,2,2,2,2,2,2,366,109,9742,18,13,2,13,13,0,0,13,0,38,42,17,17,34.168,99,1,36.138981,-120.368179,209.639999,5,600,58,3,"e00fce6876826e255108c6bd",2026-07-28 22:50:04.584,2026-07-28 22:50:04.829,2026-07-28 22:50:04.829,2026-07-28
"1459","bLHr141vfU","MOOSPMv3Parser",1785279001,1,1,2,2,2,2,2,2,2,2,434,120,1055,18,15,2,15,15,26,38,15,1,27,29,46,39,11.505,92,1,0,0,0,0,60,58,3,"e00fce68224f362bb7025f02",2026-07-28 22:50:21.585,2026-07-28 22:50:21.834,2026-07-28 22:50:21.834,2026-07-28
"1460","6jV5XLfhvC","MOOSPMv3Parser",1785279061,2,2,2,3,3,2,2,3,3,2,530,142,1068,22,14,1,14,14,26,38,14,1,27,29,46,39,12.916,92,1,0,0,0,0,60,58,3,"e00fce68224f362bb7025f02",2026-07-28 22:51:50.69,2026-07-28 22:51:50.889,2026-07-28 22:51:50.889,2026-07-28
"1461","BuhrTfvdtw","MOOSPMv3Parser",1785279121,2,2,2,3,3,2,2,4,4,2,525,149,1080,24,14,3,14,14,26,38,14,1,27,29,46,39,16.155,91,1,0,0,0,0,60,58,3,"e00fce68224f362bb7025f02",2026-07-28 22:52:03.628,2026-07-28 22:52:03.831,2026-07-28 22:52:03.831,2026-07-28
"1462","murDYTIpDX","MOOSPMv3Parser",1785279181,2,2,2,3,3,2,2,4,4,2,524,152,1092,24,14,3,14,14,26,38,14,1,27,29,46,39,17.544,91,1,0,0,0,0,60,58,3,"e00fce68224f362bb7025f02",2026-07-28 22:53:02.832,2026-07-28 22:53:03.02,2026-07-28 22:53:03.02,2026-07-28
"1463","gJh70XxjPD","MOOSPMv3Parser",1785279241,2,2,2,3,3,2,2,4,4,2,523,151,1104,22,15,3,15,15,-10,-10,15,1,27,29,46,39,5.302,90,1,0,0,0,0,60,58,3,"e00fce68224f362bb7025f02",2026-07-28 22:54:02.826,2026-07-28 22:54:03.015,2026-07-28 22:54:03.015,2026-07-28
"1464","Hvpx6kFhE4","MOOSPMv3Parser",1785279301,2,2,2,3,3,2,2,4,4,2,583,152,1117,21,15,2,15,15,26,38,15,1,27,29,46,39,16.831,90,1,0,0,0,0,60,58,3,"e00fce68224f362bb7025f02",2026-07-28 22:56:48.924,2026-07-28 22:56:49.096,2026-07-28 22:56:49.096,2026-07-28
"1465","zsFqGVOLLj","MOOSPMv3Parser",1785279361,2,2,2,2,2,2,2,3,3,2,512,135,1130,18,15,2,15,15,26,38,15,1,27,29,46,39,12.588,89,1,0,0,0,0,60,58,3,"e00fce68224f362bb7025f02",2026-07-28 22:56:49.211,2026-07-28 22:56:49.394,2026-07-28 22:56:49.394,2026-07-28
"1466","A3UBHnQz3u","MOOSPMv3Parser",1785279420,1,1,2,3,3,2,2,5,5,2,490,130,1143,28,15,5,15,15,26,38,15,1,27,29,46,39,14.473,89,1,0,0,0,0,60,58,3,"e00fce68224f362bb7025f02",2026-07-28 22:57:02.986,2026-07-28 22:57:03.166,2026-07-28 22:57:03.166,2026-07-28
"1467","99K25EpSF8","MOOSPMv3Parser",1785279480,2,2,2,3,3,2,2,4,4,2,532,147,1155,23,15,3,15,15,26,38,15,1,27,29,46,39,12.512,89,1,0,0,0,0,60,58,3,"e00fce68224f362bb7025f02",2026-07-28 22:58:02.58,2026-07-28 22:58:02.72,2026-07-28 22:58:02.72,2026-07-28
"1468","i0HVM2uxMP","MOOSPMv3Parser",1785279540,2,2,2,2,2,2,2,4,4,3,520,136,1171,26,18,2,18,18,26,38,18,1,27,29,46,39,11.409,89,1,0,0,0,0,60,58,3,"e00fce68224f362bb7025f02",2026-07-28 22:59:03.812,2026-07-28 22:59:04.025,2026-07-28 22:59:04.025,2026-07-28
"1469","wEX5tGaUfW","MOOSPMv3Parser",1785279601,0,0,1,0,0,1,1,0,0,1,193,101,5248,13,8,1,8,8,36,20,8,0,38,41,17,17,56.657,68,1,36.139061,-120.368423,172.354004,8,600,58,3,"e00fce686dc2ef0a68fa40b0",2026-07-28 23:00:02.171,2026-07-28 23:00:02.641,2026-07-28 23:00:02.641,2026-07-28
"1470","PjCcGIz3CF","MOOSPMv3Parser",1785279600,2,2,1,3,3,1,2,3,3,2,1018,137,7415,18,11,1,11,11,35,8,11,0,38,40,17,18,48.63,59,1,36.139008,-120.368439,172.542999,8,600,58,3,"e00fce68e77e43df92405fdb",2026-07-28 23:00:02.989,2026-07-28 23:00:03.973,2026-07-28 23:00:03.973,2026-07-28
"1471","dQWA4sBBGX","MOOSPMv3Parser",1785279601,0,0,2,1,1,2,2,1,1,2,413,109,9345,16,12,1,12,12,40,6,12,1,40,46,16,15,48.861,195,3277,7.3e-05,-0.004163,35398.101562,7,600,58,3,"e00fce68e28dcbc9a589be10",2026-07-28 23:00:03.265,2026-07-28 23:00:04.13,2026-07-28 23:00:04.13,2026-07-28
"1472","Pnah3GTgI9","MOOSPMv3Parser",1785279601,0,0,2,0,0,2,2,0,0,2,215,128,3230,17,13,2,13,13,38,18,13,0,38,43,17,17,34.495,48,1,36.139027,-120.368378,184.014008,8,600,58,3,"e00fce68d6b773b56ce8baa0",2026-07-28 23:00:02.844,2026-07-28 23:00:04.164,2026-07-28 23:00:04.164,2026-07-28
"1473","6lWbaupBwB","MOOSPMv3Parser",1785279600,2,2,2,2,2,2,3,3,3,3,500,132,1186,19,18,2,18,18,26,38,18,1,27,29,46,39,12.015,88,1,0,0,0,0,60,58,3,"e00fce68224f362bb7025f02",2026-07-28 23:00:03.519,2026-07-28 23:00:04.241,2026-07-28 23:00:04.241,2026-07-28
"1474","OIC06qLsc0","MOOSPMv3Parser",1785279600,2,2,2,4,4,3,3,4,4,3,713,187,6775,31,17,2,17,17,34,10,17,0,36,39,22,21,49.306,15,1,35.949543,-119.04998,121.347,5,600,58,3,"e00fce6808784ceaf209f949",2026-07-28 23:00:03.554,2026-07-28 23:00:04.27,2026-07-28 23:00:04.27,2026-07-28
"1475","k8Fks5pNSz","MOOSPMv3Parser",1785279601,0,0,1,1,1,1,1,1,1,1,1128,114,12905,12,11,1,11,11,36,5,11,0,39,42,12,13,54.301,27,1,36.762772,-119.798798,53.675999,0,600,58,3,"e00fce68e88237db75a60608",2026-07-28 23:00:03.599,2026-07-28 23:00:04.403,2026-07-28 23:00:04.403,2026-07-28
"1476","A5w5G3EM1t","MOOSPMv3Parser",1785279601,1,1,0,2,2,0,0,2,2,0,636,126,0,22,0,2,0,0,36,3,0,2,38,42,14,14,55.621,22,1,36.187557,-119.821983,18.591,6,600,58,3,"e00fce68e739ecbcf9e91965",2026-07-28 23:00:03.405,2026-07-28 23:00:04.429,2026-07-28 23:00:04.429,2026-07-28
"1477","eoOtRra7ls","MOOSPMv3Parser",1785279601,2,2,2,3,3,2,2,4,4,2,771,202,9312,26,18,1,18,18,34,14,18,0,37,39,19,21,45.815,18,2,36.523399,-119.278725,57.841999,6,600,58,3,"e00fce68f12da1a0c5de6248",2026-07-28 23:00:03.673,2026-07-28 23:00:04.602,2026-07-28 23:00:04.602,2026-07-28
"1478","JCZXDNoxWQ","MOOSPMv3Parser",1785279600,1,1,2,2,2,2,2,2,2,2,349,104,9753,18,13,1,13,13,0,0,13,0,38,42,17,17,33.685,99,1,36.138981,-120.368179,209.639999,0,600,58,3,"e00fce6876826e255108c6bd",2026-07-28 23:00:04.411,2026-07-28 23:00:04.793,2026-07-28 23:00:04.793,2026-07-28
"1479","rEj6ZBhan0","MOOSPMv3Parser",1785279660,1,1,2,2,2,2,2,2,2,2,484,127,1199,17,15,2,15,15,26,38,15,1,27,29,46,39,6.534,88,1,0,0,0,0,60,58,3,"e00fce68224f362bb7025f02",2026-07-28 23:01:03.787,2026-07-28 23:01:03.996,2026-07-28 23:01:03.996,2026-07-28
"1480","uDDR1xWYKe","MOOSPMv3Parser",1785279720,2,2,2,3,3,2,2,3,3,2,572,154,1212,23,16,1,16,16,26,38,16,1,27,29,46,39,11.785,87,1,0,0,0,0,60,58,3,"e00fce68224f362bb7025f02",2026-07-28 23:02:04.699,2026-07-28 23:02:04.881,2026-07-28 23:02:04.881,2026-07-28
"1481","01Ivk3Nh7T","MOOSPMv3Parser",1785279780,2,2,2,2,2,2,2,2,2,2,525,142,1225,19,15,1,15,15,26,38,15,1,27,29,46,39,8.72,87,1,0,0,0,0,60,58,3,"e00fce68224f362bb7025f02",2026-07-28 23:03:21.635,2026-07-28 23:03:21.843,2026-07-28 23:03:21.843,2026-07-28
"1482","Spb67mU1A4","MOOSPMv3Parser",1785279840,1,1,2,2,2,2,2,2,2,2,408,112,1237,14,14,2,14,14,26,38,14,1,27,29,46,39,8.969,86,1,0,0,0,0,60,58,3,"e00fce68224f362bb7025f02",2026-07-28 23:04:18.625,2026-07-28 23:04:18.807,2026-07-28 23:04:18.807,2026-07-28
"1483","2UyjozUYYK","MOOSPMv3Parser",1785280201,0,0,1,0,0,1,1,0,0,2,191,98,5256,12,10,1,10,10,36,20,10,0,38,41,17,17,59.578,57,1,36.139011,-120.368385,171.738998,9,600,58,3,"e00fce686dc2ef0a68fa40b0",2026-07-28 23:10:02.572,2026-07-28 23:10:02.81,2026-07-28 23:10:02.81,2026-07-28
"1484","cKZaAhVBh1","MOOSPMv3Parser",1785280201,0,0,2,1,1,2,2,2,2,2,466,120,9356,19,13,1,13,13,39,6,13,0,40,46,15,14,49.757,194,3277,7.3e-05,-0.004163,35398.101562,7,600,58,3,"e00fce68e28dcbc9a589be10",2026-07-28 23:10:03.176,2026-07-28 23:10:03.353,2026-07-28 23:10:03.353,2026-07-28
"1485","7zdbp2W5J3","MOOSPMv3Parser",1785280201,0,0,0,2,2,0,0,2,2,0,600,119,0,20,0,2,0,0,37,3,0,2,38,42,14,14,54.805,23,1,36.187557,-119.821983,18.587999,0,600,58,3,"e00fce68e739ecbcf9e91965",2026-07-28 23:10:03.217,2026-07-28 23:10:03.456,2026-07-28 23:10:03.456,2026-07-28
"1486","LELT7AYcGA","MOOSPMv3Parser",1785280201,0,0,2,0,0,2,2,0,0,2,218,133,3241,17,13,2,13,13,38,18,13,0,38,43,18,17,35.3,38,1,36.139004,-120.368309,192.645996,7,600,58,3,"e00fce68d6b773b56ce8baa0",2026-07-28 23:10:03.312,2026-07-28 23:10:03.512,2026-07-28 23:10:03.512,2026-07-28
"1487","S9Hmt1igF5","MOOSPMv3Parser",1785280201,0,0,1,1,1,1,1,1,1,2,1141,115,12914,12,11,1,11,11,36,5,11,0,38,42,13,14,54.659,28,1,36.762711,-119.798729,67.707001,15,600,58,3,"e00fce68e88237db75a60608",2026-07-28 23:10:03.559,2026-07-28 23:10:03.734,2026-07-28 23:10:03.734,2026-07-28
"1488","3myPDfb8mF","MOOSPMv3Parser",1785280200,3,3,2,4,4,2,3,5,5,3,776,200,6790,28,17,2,17,17,34,10,17,0,36,39,22,22,51.075,14,1,35.949596,-119.049942,119.421997,5,600,58,3,"e00fce6808784ceaf209f949",2026-07-28 23:10:03.581,2026-07-28 23:10:03.739,2026-07-28 23:10:03.739,2026-07-28
"1489","kXtDRWLGLQ","MOOSPMv3Parser",1785280201,2,2,2,4,4,3,3,4,4,3,731,192,9329,25,19,1,19,19,33,14,19,0,37,39,20,21,48.22,14,2,36.523312,-119.27887,99.799004,7,600,58,3,"e00fce68f12da1a0c5de6248",2026-07-28 23:10:03.716,2026-07-28 23:10:03.9,2026-07-28 23:10:03.9,2026-07-28
"1490","Hu8OUuPpkt","MOOSPMv3Parser",1785280200,2,2,1,2,2,2,2,2,2,2,1031,135,7425,17,11,1,11,11,35,8,11,0,37,40,17,18,49.699,52,1,36.139011,-120.368401,188.701004,6,600,58,3,"e00fce68e77e43df92405fdb",2026-07-28 23:10:03.855,2026-07-28 23:10:03.998,2026-07-28 23:10:03.998,2026-07-28
"1491","wDurScv4Vj","MOOSPMv3Parser",1785280200,1,1,2,2,2,2,2,2,2,2,371,110,9764,17,13,1,13,13,0,0,13,0,38,42,17,18,34.366,99,1,36.138958,-120.368263,188.988998,7,600,58,3,"e00fce6876826e255108c6bd",2026-07-28 23:10:04.7,2026-07-28 23:10:04.856,2026-07-28 23:10:04.856,2026-07-28
"1492","mgW3Kyugyb","MOOSPMv3Parser",1785280200,1,1,2,2,2,2,2,2,2,2,522,107,4637,17,13,1,13,13,36,6,13,0,42,41,14,17,512.476,113,1,36.139,-120.368347,193.024002,6,599,58,3,"e00fce6850cac69f647dc199",2026-07-28 23:10:04.703,2026-07-28 23:10:04.922,2026-07-28 23:10:04.922,2026-07-28
"1493","fZeEDmhnHD","MOOSPMv3Parser",1785280381,2,2,2,2,2,2,2,2,2,2,468,132,1355,17,16,0,16,16,26,38,16,1,27,29,46,39,10.345,81,1,0,0,0,0,60,58,3,"e00fce68224f362bb7025f02",2026-07-28 23:13:02.901,2026-07-28 23:13:03.128,2026-07-28 23:13:03.128,2026-07-28
"1494","xZEv4q5Vy9","MOOSPMv3Parser",1785280441,1,1,2,2,2,2,2,2,2,2,489,132,1369,14,16,1,17,17,26,38,17,1,27,29,46,39,13.306,81,1,0,0,0,0,60,58,3,"e00fce68224f362bb7025f02",2026-07-28 23:14:03.1,2026-07-28 23:14:03.275,2026-07-28 23:14:03.275,2026-07-28
"1495","F0iezRvPYf","MOOSPMv3Parser",1785280501,1,1,2,1,1,2,2,2,2,2,430,114,1381,8,14,3,14,14,26,38,14,1,27,29,46,39,11.027,81,1,0,0,0,0,60,58,3,"e00fce68224f362bb7025f02",2026-07-28 23:15:02.603,2026-07-28 23:15:02.954,2026-07-28 23:15:02.954,2026-07-28
"1496","GgsZ5wT7fP","MOOSPMv3Parser",1785280561,2,2,2,3,3,2,2,3,3,2,501,139,1394,19,15,1,15,15,26,38,15,1,27,29,46,39,10.806,81,1,0,0,0,0,60,58,3,"e00fce68224f362bb7025f02",2026-07-28 23:16:03.016,2026-07-28 23:16:03.207,2026-07-28 23:16:03.207,2026-07-28
"1497","w7gymrXjJv","MOOSPMv3Parser",1785280621,2,2,2,3,3,2,2,3,3,2,464,133,1406,26,14,1,15,15,-10,-10,15,1,27,29,46,39,16.559,80,1,0,0,0,0,60,58,3,"e00fce68224f362bb7025f02",2026-07-28 23:17:03.723,2026-07-28 23:17:03.909,2026-07-28 23:17:03.909,2026-07-28
"1498","gLcQRy7YGN","MOOSPMv3Parser",1785280681,1,1,2,2,2,2,2,3,3,2,441,117,1419,14,15,3,15,15,26,38,15,1,27,29,46,39,11.216,80,1,0,0,0,0,60,58,3,"e00fce68224f362bb7025f02",2026-07-28 23:18:03.892,2026-07-28 23:18:04.071,2026-07-28 23:18:04.071,2026-07-28
"1499","pa79EF0mzH","MOOSPMv3Parser",1785280741,1,1,2,2,2,2,2,3,3,2,470,135,1431,19,15,3,15,15,26,38,15,1,27,29,46,39,11.966,80,1,0,0,0,0,60,58,3,"e00fce68224f362bb7025f02",2026-07-28 23:19:03.981,2026-07-28 23:19:04.193,2026-07-28 23:19:04.193,2026-07-28
"1500","10TBTQUggy","MOOSPMv3Parser",1785280800,1,1,2,2,2,2,2,2,2,2,555,117,4641,21,13,1,13,13,35,7,13,0,42,41,14,18,512.436,103,1,36.13895,-120.368355,181.994995,6,600,58,3,"e00fce6850cac69f647dc199",2026-07-28 23:20:02.282,2026-07-28 23:20:02.461,2026-07-28 23:20:02.461,2026-07-28
"1501","i92OMo7113","MOOSPMv3Parser",1785280801,0,0,2,0,0,2,2,0,0,2,220,134,3252,19,14,2,14,14,38,18,14,0,38,42,17,17,34.996,40,1,36.139011,-120.368286,181.598007,8,600,58,3,"e00fce68d6b773b56ce8baa0",2026-07-28 23:20:02.769,2026-07-28 23:20:02.919,2026-07-28 23:20:02.919,2026-07-28
"1502","J6NX2Co5Kh","MOOSPMv3Parser",1785280801,2,2,2,3,3,2,2,3,3,2,467,127,1443,18,14,3,14,14,26,38,14,1,27,29,46,39,13.655,80,1,0,0,0,0,60,58,3,"e00fce68224f362bb7025f02",2026-07-28 23:20:02.929,2026-07-28 23:20:03.09,2026-07-28 23:20:03.09,2026-07-28
"1503","iUddzC3p5G","MOOSPMv3Parser",1785280800,1,1,1,2,2,2,2,2,2,2,990,132,7434,17,11,1,11,11,35,8,11,0,38,40,17,18,49.778,53,1,36.139137,-120.368378,157.106003,8,600,58,3,"e00fce68e77e43df92405fdb",2026-07-28 23:20:02.919,2026-07-28 23:20:03.097,2026-07-28 23:20:03.097,2026-07-28
"1504","WxsF9zeoEh","MOOSPMv3Parser",1785280801,0,0,1,0,0,1,1,0,0,1,192,97,5263,13,9,1,9,9,35,20,9,0,38,40,17,17,57.434,54,1,36.138954,-120.368309,166.694,9,600,58,3,"e00fce686dc2ef0a68fa40b0",2026-07-28 23:20:03.078,2026-07-28 23:20:03.243,2026-07-28 23:20:03.243,2026-07-28
"1505","vqbAArHkqA","MOOSPMv3Parser",1785280801,0,0,0,2,2,0,0,2,2,0,578,112,0,22,0,2,0,0,36,3,0,2,38,42,14,14,54.787,23,1,36.187561,-119.821907,38.57,5,600,58,3,"e00fce68e739ecbcf9e91965",2026-07-28 23:20:03.137,2026-07-28 23:20:03.304,2026-07-28 23:20:03.304,2026-07-28
"1506","ufktKdrdqZ","MOOSPMv3Parser",1785280801,0,0,2,1,1,2,2,1,1,2,437,115,9367,18,13,1,13,13,39,7,13,0,40,46,16,15,50.136,191,3277,7.3e-05,-0.004163,35398.101562,7,600,58,3,"e00fce68e28dcbc9a589be10",2026-07-28 23:20:03.136,2026-07-28 23:20:03.307,2026-07-28 23:20:03.307,2026-07-28
"1507","YBMRm7Diyc","MOOSPMv3Parser",1785280801,0,0,1,1,1,1,1,1,1,1,1167,112,12923,11,10,1,11,11,36,5,11,0,39,41,12,14,53.738,34,1,36.762695,-119.798706,70.106003,11,600,58,3,"e00fce68e88237db75a60608",2026-07-28 23:20:03.601,2026-07-28 23:20:03.731,2026-07-28 23:20:03.731,2026-07-28
"1508","yPk06QyuHk","MOOSPMv3Parser",1785280800,3,3,2,4,4,2,2,4,4,2,745,193,6804,30,16,2,16,16,34,9,16,0,36,39,19,20,51.006,10,1,35.949623,-119.049973,114.244003,5,600,58,3,"e00fce6808784ceaf209f949",2026-07-28 23:20:03.581,2026-07-28 23:20:03.758,2026-07-28 23:20:03.758,2026-07-28
"1509","eLl8DOE6m6","MOOSPMv3Parser",1785280801,2,2,2,3,3,2,2,4,4,2,713,190,9345,25,18,1,18,18,34,13,18,0,37,39,19,20,48.206,15,2,36.523285,-119.278862,102.346001,8,600,58,3,"e00fce68f12da1a0c5de6248",2026-07-28 23:20:03.619,2026-07-28 23:20:03.766,2026-07-28 23:20:03.766,2026-07-28
"1510","uGqiOCZtLd","MOOSPMv3Parser",1785280800,1,1,2,2,2,2,2,2,2,2,354,105,9775,18,12,1,12,12,0,0,12,0,38,42,17,17,34.237,99,1,36.138962,-120.36834,176.940002,5,600,58,3,"e00fce6876826e255108c6bd",2026-07-28 23:20:04.417,2026-07-28 23:20:04.554,2026-07-28 23:20:04.554,2026-07-28
"1511","ULYD3Brb5W","MOOSPMv3Parser",1785280861,2,2,2,3,3,2,2,3,3,2,478,135,1456,21,15,2,15,15,26,38,15,1,27,29,46,39,10.205,81,1,0,0,0,0,60,58,3,"e00fce68224f362bb7025f02",2026-07-28 23:21:03.089,2026-07-28 23:21:03.296,2026-07-28 23:21:03.296,2026-07-28
"1512","PyBN8Gwh78","MOOSPMv3Parser",1785280921,2,2,2,2,2,2,2,2,2,2,443,126,1468,14,14,1,14,14,26,38,14,1,27,29,46,39,10.925,81,1,0,0,0,0,60,58,3,"e00fce68224f362bb7025f02",2026-07-28 23:22:04.18,2026-07-28 23:22:04.396,2026-07-28 23:22:04.396,2026-07-28
"1513","facZo5GNdC","MOOSPMv3Parser",1785280981,2,2,2,2,2,2,2,3,3,2,483,124,1480,18,14,1,14,14,26,38,14,1,27,29,46,39,14.337,80,1,0,0,0,0,60,58,3,"e00fce68224f362bb7025f02",2026-07-28 23:23:03.393,2026-07-28 23:23:03.571,2026-07-28 23:23:03.571,2026-07-28
"1514","eYOC71WRnh","MOOSPMv3Parser",1785281041,2,2,2,3,3,2,2,3,3,2,509,142,1492,20,15,3,15,15,26,38,15,1,27,29,46,39,15.579,80,1,0,0,0,0,60,58,3,"e00fce68224f362bb7025f02",2026-07-28 23:24:03.517,2026-07-28 23:24:03.68,2026-07-28 23:24:03.68,2026-07-28
"1515","ExcdmGN411","MOOSPMv3Parser",1785281101,1,1,2,2,2,2,2,3,3,2,445,121,1505,21,14,2,14,15,26,38,15,1,27,29,46,39,15.267,80,1,0,0,0,0,60,58,3,"e00fce68224f362bb7025f02",2026-07-28 23:25:03.71,2026-07-28 23:25:03.896,2026-07-28 23:25:03.896,2026-07-28
"1516","Qa7GLMRrFi","MOOSPMv3Parser",1785281161,2,2,2,3,3,2,2,3,3,2,534,151,1517,25,14,1,14,14,26,38,14,1,27,29,46,39,13.005,80,1,0,0,0,0,60,58,3,"e00fce68224f362bb7025f02",2026-07-28 23:26:03.826,2026-07-28 23:26:04.032,2026-07-28 23:26:04.032,2026-07-28
"1517","rUi8PeiZyJ","MOOSPMv3Parser",1785281221,1,1,2,2,2,2,2,2,2,2,422,117,1529,20,14,1,14,14,26,38,14,1,27,29,46,39,14.47,80,1,0,0,0,0,60,58,3,"e00fce68224f362bb7025f02",2026-07-28 23:27:04.05,2026-07-28 23:27:04.271,2026-07-28 23:27:04.271,2026-07-28
"1518","iWBGEcHuuC","MOOSPMv3Parser",1785281281,1,1,2,2,2,2,2,2,2,2,402,112,1541,17,15,0,15,15,-10,-10,15,1,27,29,46,39,15.305,80,1,0,0,0,0,60,58,3,"e00fce68224f362bb7025f02",2026-07-28 23:28:02.885,2026-07-28 23:28:03.084,2026-07-28 23:28:03.084,2026-07-28
"1519","jClchhcHV8","MOOSPMv3Parser",1785281341,1,1,2,3,3,2,2,3,3,2,485,133,1554,16,15,0,15,15,26,38,15,1,27,29,46,39,12.482,80,1,0,0,0,0,60,58,3,"e00fce68224f362bb7025f02",2026-07-28 23:29:04.161,2026-07-28 23:29:04.32,2026-07-28 23:29:04.32,2026-07-28
"1520","EPZJsgrCGQ","MOOSPMv3Parser",1785281401,0,0,1,0,0,1,1,0,0,1,188,97,5271,12,9,1,9,9,35,20,9,0,38,40,17,18,57.447,46,1,36.139034,-120.368332,159.699997,9,600,58,3,"e00fce686dc2ef0a68fa40b0",2026-07-28 23:30:01.925,2026-07-28 23:30:02.092,2026-07-28 23:30:02.092,2026-07-28
"1521","oF2gIPs0uG","MOOSPMv3Parser",1785281400,1,1,2,2,2,2,2,3,3,2,517,112,4652,20,13,1,14,14,35,7,14,0,42,41,14,18,512.513,90,1,36.13895,-120.368355,181.990997,0,600,58,3,"e00fce6850cac69f647dc199",2026-07-28 23:30:02.521,2026-07-28 23:30:02.884,2026-07-28 23:30:02.884,2026-07-28
"1522","tOtoE3URkL","MOOSPMv3Parser",1785281401,0,0,2,0,0,2,2,0,0,2,226,136,3264,19,14,2,14,14,38,18,14,0,38,42,17,17,35.354,34,1,36.139122,-120.368301,167.979996,9,600,58,3,"e00fce68d6b773b56ce8baa0",2026-07-28 23:30:03.099,2026-07-28 23:30:03.38,2026-07-28 23:30:03.38,2026-07-28
"1523","qVP3l8GSxr","MOOSPMv3Parser",1785281400,2,2,1,3,3,2,2,3,3,2,1002,141,7443,21,11,1,11,11,35,9,11,0,38,40,17,18,50.068,47,1,36.139046,-120.368347,164.994003,8,600,58,3,"e00fce68e77e43df92405fdb",2026-07-28 23:30:03.145,2026-07-28 23:30:03.484,2026-07-28 23:30:03.484,2026-07-28
"1524","t5gtawAW0G","MOOSPMv3Parser",1785281401,0,0,2,1,1,2,2,2,2,2,448,116,9379,19,14,1,14,14,39,6,14,1,40,46,16,14,51.417,174,3277,7.3e-05,-0.004163,35398.101562,7,600,58,3,"e00fce68e28dcbc9a589be10",2026-07-28 23:30:03.293,2026-07-28 23:30:03.572,2026-07-28 23:30:03.572,2026-07-28
"1525","MNVbltHNB8","MOOSPMv3Parser",1785281401,2,2,2,3,3,2,2,3,3,2,496,135,1567,14,15,1,15,15,26,38,15,1,27,29,46,39,10.233,80,1,0,0,0,0,60,58,3,"e00fce68224f362bb7025f02",2026-07-28 23:30:03.257,2026-07-28 23:30:03.679,2026-07-28 23:30:03.679,2026-07-28
"1526","EIMB05B2Xl","MOOSPMv3Parser",1785281401,1,1,0,2,2,0,0,2,2,0,595,124,0,25,0,2,0,0,36,3,0,2,38,42,15,15,55.827,19,1,36.187542,-119.821892,24.018,6,600,58,3,"e00fce68e739ecbcf9e91965",2026-07-28 23:30:03.412,2026-07-28 23:30:03.703,2026-07-28 23:30:03.703,2026-07-28
"1527","bzeozHiybZ","MOOSPMv3Parser",1785281401,2,2,2,3,3,2,2,3,3,2,644,171,9359,21,17,1,17,17,34,12,17,0,37,39,18,19,48.713,14,2,36.523327,-119.278839,114.172997,7,600,58,3,"e00fce68f12da1a0c5de6248",2026-07-28 23:30:03.625,2026-07-28 23:30:03.814,2026-07-28 23:30:03.814,2026-07-28
"1528","GPbO4vwkhg","MOOSPMv3Parser",1785281401,0,0,1,1,1,1,1,1,1,1,1067,103,12932,11,10,1,10,10,36,5,10,0,39,41,12,14,54.193,24,1,36.762726,-119.798759,60.576,9,600,58,3,"e00fce68e88237db75a60608",2026-07-28 23:30:03.705,2026-07-28 23:30:03.853,2026-07-28 23:30:03.853,2026-07-28
"1529","RYjRz7sJnL","MOOSPMv3Parser",1785281400,3,3,2,4,4,3,3,5,5,3,805,211,6819,29,18,2,18,18,34,9,18,0,36,39,21,21,52.891,7,1,35.949574,-119.04998,136.712997,7,600,58,3,"e00fce6808784ceaf209f949",2026-07-28 23:30:03.704,2026-07-28 23:30:03.863,2026-07-28 23:30:03.863,2026-07-28
"1530","qoE8XxsuuH","MOOSPMv3Parser",1785281400,1,1,2,2,2,2,2,2,2,2,350,105,9787,19,13,2,13,13,0,0,13,0,38,42,17,17,34.741,99,1,36.139107,-120.368477,180.766006,5,600,58,3,"e00fce6876826e255108c6bd",2026-07-28 23:30:04.516,2026-07-28 23:30:04.69,2026-07-28 23:30:04.69,2026-07-28
"1531","rv67DcGnIu","MOOSPMv3Parser",1785281461,1,1,2,2,2,2,2,2,2,2,433,119,1579,16,14,1,14,14,26,38,14,1,27,29,46,39,12.65,80,1,0,0,0,0,60,58,3,"e00fce68224f362bb7025f02",2026-07-28 23:31:04.727,2026-07-28 23:31:04.931,2026-07-28 23:31:04.931,2026-07-28
"1532","ukvEJu5Dnp","MOOSPMv3Parser",1785281521,2,2,2,3,3,2,2,3,3,2,557,155,1592,15,15,1,15,15,-10,-10,15,1,27,29,46,39,12.888,80,1,0,0,0,0,60,58,3,"e00fce68224f362bb7025f02",2026-07-28 23:32:03.445,2026-07-28 23:32:03.582,2026-07-28 23:32:03.582,2026-07-28
"1533","1HTWoHjeJw","MOOSPMv3Parser",1785281581,2,2,2,2,2,2,2,3,3,2,466,125,1605,15,15,1,15,15,-10,-10,15,1,27,29,46,39,16.389,79,1,0,0,0,0,60,58,3,"e00fce68224f362bb7025f02",2026-07-28 23:33:17.819,2026-07-28 23:33:18.016,2026-07-28 23:33:18.016,2026-07-28
"1534","pCjhElD0p6","MOOSPMv3Parser",1785281641,2,2,2,2,2,2,2,2,2,2,423,117,1617,16,13,1,13,13,26,38,13,1,27,29,46,39,14.798,79,1,0,0,0,0,60,58,3,"e00fce68224f362bb7025f02",2026-07-28 23:34:18.556,2026-07-28 23:34:18.711,2026-07-28 23:34:18.711,2026-07-28
"1535","HoHgBArfrE","MOOSPMv3Parser",1785281701,2,2,2,3,3,2,2,3,3,2,473,135,1629,24,15,1,15,15,26,38,15,1,27,29,46,39,9.797,79,1,0,0,0,0,60,58,3,"e00fce68224f362bb7025f02",2026-07-28 23:35:15.291,2026-07-28 23:35:15.467,2026-07-28 23:35:15.467,2026-07-28
"1536","oLVCqqCghb","MOOSPMv3Parser",1785281761,2,2,2,2,2,2,2,3,3,2,458,126,1641,14,14,2,14,14,-10,-10,14,1,27,29,46,39,9.863,79,1,0,0,0,0,60,58,3,"e00fce68224f362bb7025f02",2026-07-28 23:36:13.06,2026-07-28 23:36:13.248,2026-07-28 23:36:13.248,2026-07-28
"1537","2bIORamTL2","MOOSPMv3Parser",1785281821,2,2,2,3,3,2,2,3,3,2,499,140,1654,19,15,2,15,15,26,38,15,1,27,29,46,39,14.579,78,1,0,0,0,0,60,58,3,"e00fce68224f362bb7025f02",2026-07-28 23:37:03.138,2026-07-28 23:37:03.315,2026-07-28 23:37:03.315,2026-07-28
"1538","DKbHTDDE8c","MOOSPMv3Parser",1785281881,1,1,2,2,2,2,2,3,3,2,445,124,1664,19,12,2,12,12,26,38,12,1,27,29,46,39,12.034,78,1,0,0,0,0,60,58,3,"e00fce68224f362bb7025f02",2026-07-28 23:38:03.367,2026-07-28 23:38:03.591,2026-07-28 23:38:03.591,2026-07-28
"1539","sgqgQYHdZM","MOOSPMv3Parser",1785282001,0,0,1,0,0,1,1,0,0,1,188,96,5278,12,9,1,9,9,35,20,9,0,38,40,17,18,58.073,41,1,36.139095,-120.368347,179.102005,12,600,58,3,"e00fce686dc2ef0a68fa40b0",2026-07-28 23:40:02.335,2026-07-28 23:40:02.495,2026-07-28 23:40:02.495,2026-07-28
"1540","skrGa3ie9x","MOOSPMv3Parser",1785282001,0,0,2,0,0,2,2,0,0,2,217,132,3275,18,13,2,13,13,37,18,13,0,38,42,18,18,34.993,28,1,36.139004,-120.368378,178.151993,7,600,58,3,"e00fce68d6b773b56ce8baa0",2026-07-28 23:40:02.837,2026-07-28 23:40:03.072,2026-07-28 23:40:03.072,2026-07-28
"1541","Nkmv4gMnt0","MOOSPMv3Parser",1785282001,0,0,2,1,1,2,2,1,1,2,451,115,9391,18,14,2,14,14,39,6,14,1,40,46,16,14,51.125,160,3277,7.3e-05,-0.004163,35398.101562,7,600,58,3,"e00fce68e28dcbc9a589be10",2026-07-28 23:40:02.999,2026-07-28 23:40:03.213,2026-07-28 23:40:03.213,2026-07-28
"1542","LrsToeZCFS","MOOSPMv3Parser",1785282000,2,2,1,2,2,2,2,3,3,2,965,133,7452,17,10,1,10,10,35,8,10,0,37,40,17,18,49.614,49,1,36.139046,-120.368347,164.988998,0,600,58,3,"e00fce68e77e43df92405fdb",2026-07-28 23:40:03.078,2026-07-28 23:40:03.301,2026-07-28 23:40:03.301,2026-07-28
"1543","huJ0pt31Rr","MOOSPMv3Parser",1785282001,1,1,0,2,2,0,0,2,2,0,630,128,0,25,0,1,0,0,36,4,0,2,38,42,15,15,55.084,22,1,36.187485,-119.822121,15.955,5,600,58,3,"e00fce68e739ecbcf9e91965",2026-07-28 23:40:03.283,2026-07-28 23:40:03.473,2026-07-28 23:40:03.473,2026-07-28
"1544","0JDo0zMK95","MOOSPMv3Parser",1785282000,3,3,2,4,4,2,2,4,4,2,778,201,6833,30,16,2,17,17,34,9,17,0,36,38,21,21,51.96,6,1,35.949535,-119.049957,107.508003,6,600,58,3,"e00fce6808784ceaf209f949",2026-07-28 23:40:03.484,2026-07-28 23:40:03.66,2026-07-28 23:40:03.66,2026-07-28
"1545","58AE4njVGj","MOOSPMv3Parser",1785282001,0,0,1,1,1,1,1,1,1,1,1106,113,12941,14,11,1,11,11,36,5,11,0,39,41,11,13,53.119,34,1,36.762722,-119.798737,59.236,9,600,58,3,"e00fce68e88237db75a60608",2026-07-28 23:40:03.53,2026-07-28 23:40:03.682,2026-07-28 23:40:03.682,2026-07-28
"1546","lobQqW7ZBN","MOOSPMv3Parser",1785282001,2,2,2,3,3,2,2,3,3,2,586,158,9372,18,14,1,14,14,34,12,14,0,37,39,18,19,47.73,13,2,36.523388,-119.278748,83.182999,5,600,58,3,"e00fce68f12da1a0c5de6248",2026-07-28 23:40:03.617,2026-07-28 23:40:03.784,2026-07-28 23:40:03.784,2026-07-28
"1547","t44WXiPFT1","MOOSPMv3Parser",1785282000,1,1,2,2,2,2,2,2,2,2,338,102,9797,17,13,1,13,13,0,0,13,0,38,41,17,18,34.82,99,1,36.13903,-120.368385,180.757004,7,600,58,3,"e00fce6876826e255108c6bd",2026-07-28 23:40:04.492,2026-07-28 23:40:04.646,2026-07-28 23:40:04.646,2026-07-28
"1548","0M1X6Iokvh","MOOSPMv3Parser",1785282000,1,1,2,2,2,2,2,3,3,2,529,113,4664,19,14,2,14,14,35,7,14,0,42,40,14,18,512.558,82,1,36.139046,-120.368408,181.001007,11,600,58,3,"e00fce6850cac69f647dc199",2026-07-28 23:40:04.785,2026-07-28 23:40:05.013,2026-07-28 23:40:05.013,2026-07-28
"1549","6AKoLa0Euk","MOOSPMv3Parser",1785282001,2,2,2,3,3,2,2,3,3,2,455,134,1691,16,15,1,15,15,26,38,15,1,27,29,46,39,11.259,77,1,0,0,0,0,60,58,3,"e00fce68224f362bb7025f02",2026-07-28 23:40:29.325,2026-07-28 23:40:29.472,2026-07-28 23:40:29.472,2026-07-28
"1550","SK3d1sR4D6","MOOSPMv3Parser",1785282120,2,2,2,2,2,2,2,2,2,2,492,136,1714,17,13,2,14,14,26,38,14,1,27,29,46,38,7.526,77,1,0,0,0,0,60,58,3,"e00fce68224f362bb7025f02",2026-07-28 23:42:01.865,2026-07-28 23:42:02.036,2026-07-28 23:42:02.036,2026-07-28
"1551","B8WxcDDyhg","MOOSPMv3Parser",1785282180,2,2,2,3,3,2,2,3,3,2,517,135,1724,21,12,1,12,12,26,38,12,1,27,29,46,38,13.332,76,1,0,0,0,0,60,58,3,"e00fce68224f362bb7025f02",2026-07-28 23:43:02.71,2026-07-28 23:43:02.899,2026-07-28 23:43:02.899,2026-07-28
"1552","l0YAnTgnEH","MOOSPMv3Parser",1785282240,2,2,2,3,3,2,2,3,3,2,494,133,1736,16,13,1,13,13,26,38,13,1,27,29,46,38,11.894,76,1,0,0,0,0,60,58,3,"e00fce68224f362bb7025f02",2026-07-28 23:44:02.925,2026-07-28 23:44:03.069,2026-07-28 23:44:03.069,2026-07-28
"1553","8orUQkKMkT","MOOSPMv3Parser",1785282300,1,1,2,2,2,2,2,3,3,2,475,128,1747,20,13,2,13,13,26,38,13,1,27,29,46,38,8.743,76,1,0,0,0,0,60,58,3,"e00fce68224f362bb7025f02",2026-07-28 23:45:37.732,2026-07-28 23:45:37.961,2026-07-28 23:45:37.961,2026-07-28
"1554","gO28DtnqUZ","MOOSPMv3Parser",1785282360,1,1,2,2,2,2,2,3,3,2,438,127,1758,20,13,3,13,13,26,38,13,1,27,29,46,38,12.004,76,1,0,0,0,0,60,58,3,"e00fce68224f362bb7025f02",2026-07-28 23:46:02.084,2026-07-28 23:46:02.292,2026-07-28 23:46:02.292,2026-07-28
"1555","XSTmtNF0P9","MOOSPMv3Parser",1785282420,1,1,2,2,2,2,2,2,2,2,464,133,1769,14,13,0,13,13,26,38,13,1,27,29,46,38,14.655,75,1,0,0,0,0,60,58,3,"e00fce68224f362bb7025f02",2026-07-28 23:47:02.12,2026-07-28 23:47:02.316,2026-07-28 23:47:02.316,2026-07-28
"1556","dfmB4WXDJN","MOOSPMv3Parser",1785282480,1,1,2,2,2,2,2,2,2,2,485,139,1782,16,15,0,15,15,26,38,15,1,27,29,46,38,7.989,75,1,0,0,0,0,60,58,3,"e00fce68224f362bb7025f02",2026-07-28 23:48:02.529,2026-07-28 23:48:02.723,2026-07-28 23:48:02.723,2026-07-28
"1557","GNnWlFGNqr","MOOSPMv3Parser",1785282540,2,2,2,2,2,2,2,2,2,2,479,138,1794,14,14,0,14,14,26,38,14,1,27,29,46,38,15.79,75,1,0,0,0,0,60,58,3,"e00fce68224f362bb7025f02",2026-07-28 23:49:02.379,2026-07-28 23:49:02.571,2026-07-28 23:49:02.571,2026-07-28
"1558","3LGSR0xe25","MOOSPMv3Parser",1785282600,1,1,2,2,2,2,2,2,2,2,453,129,1807,19,14,1,15,15,26,38,15,1,27,29,46,38,10.275,75,1,0,0,0,0,60,58,3,"e00fce68224f362bb7025f02",2026-07-28 23:50:02.549,2026-07-28 23:50:02.809,2026-07-28 23:50:02.809,2026-07-28
"1559","WnzBoB1XZ4","MOOSPMv3Parser",1785282600,2,2,1,2,2,2,2,3,3,2,974,132,7461,17,11,1,11,11,35,9,11,0,38,40,17,19,49.562,46,1,36.13913,-120.368454,176.514999,9,600,58,3,"e00fce68e77e43df92405fdb",2026-07-28 23:50:02.991,2026-07-28 23:50:03.176,2026-07-28 23:50:03.176,2026-07-28
"1560","bOvmrP5UDx","MOOSPMv3Parser",1785282601,0,0,2,0,0,2,2,0,0,2,217,130,3286,17,13,2,13,13,37,18,13,0,38,42,18,18,34.745,26,1,36.139004,-120.368378,178.149994,0,600,58,3,"e00fce68d6b773b56ce8baa0",2026-07-28 23:50:03.151,2026-07-28 23:50:03.355,2026-07-28 23:50:03.355,2026-07-28
"1561","qaC1ZBGwkH","MOOSPMv3Parser",1785282601,0,0,2,1,1,2,2,1,1,2,428,113,9403,18,14,1,14,14,39,6,14,1,40,46,15,15,51.804,134,3277,7.3e-05,-0.004163,35398.101562,7,600,58,3,"e00fce68e28dcbc9a589be10",2026-07-28 23:50:03.154,2026-07-28 23:50:03.363,2026-07-28 23:50:03.363,2026-07-28
"1562","fiAQzJsjJE","MOOSPMv3Parser",1785282601,1,1,0,2,2,0,0,2,2,0,615,131,0,24,0,2,0,0,36,4,0,2,38,42,15,16,55.265,22,1,36.187576,-119.822136,19.221001,6,600,58,3,"e00fce68e739ecbcf9e91965",2026-07-28 23:50:03.209,2026-07-28 23:50:03.432,2026-07-28 23:50:03.432,2026-07-28
"1563","OyklT1oTay","MOOSPMv3Parser",1785282601,2,2,2,3,3,2,2,3,3,2,576,154,9385,20,15,1,15,15,33,11,15,0,37,38,17,19,48.025,13,2,36.5233,-119.278725,89.581001,5,600,58,3,"e00fce68f12da1a0c5de6248",2026-07-28 23:50:03.534,2026-07-28 23:50:03.765,2026-07-28 23:50:03.765,2026-07-28
"1564","y6bWqsb7xJ","MOOSPMv3Parser",1785282601,0,0,1,0,0,1,1,0,0,1,1040,95,12949,10,9,1,9,9,36,4,9,0,38,41,11,13,55.305,22,1,36.762745,-119.798737,52.393002,11,600,58,3,"e00fce68e88237db75a60608",2026-07-28 23:50:03.605,2026-07-28 23:50:03.789,2026-07-28 23:50:03.789,2026-07-28
"1565","zsfyQ3vrCp","MOOSPMv3Parser",1785282600,3,3,2,5,5,3,3,5,5,3,809,214,6849,31,19,2,19,19,33,8,19,0,36,38,19,20,52,7,1,35.949562,-119.049973,122.075996,8,600,58,3,"e00fce6808784ceaf209f949",2026-07-28 23:50:03.716,2026-07-28 23:50:03.95,2026-07-28 23:50:03.95,2026-07-28
"1566","r4IJzolTXw","MOOSPMv3Parser",1785282600,1,1,2,2,2,2,2,2,2,2,345,102,9809,19,13,3,13,13,0,0,13,0,38,41,18,18,34.711,99,1,36.139042,-120.36834,175.292999,6,600,58,3,"e00fce6876826e255108c6bd",2026-07-28 23:50:04.41,2026-07-28 23:50:04.61,2026-07-28 23:50:04.61,2026-07-28
"1567","hg3ld0f7mx","MOOSPMv3Parser",1785282601,0,0,1,0,0,1,1,0,0,1,182,90,5286,11,9,1,9,9,34,21,9,0,38,39,18,19,58.078,40,1,36.139072,-120.36837,178.763,10,600,58,3,"e00fce686dc2ef0a68fa40b0",2026-07-28 23:50:06.768,2026-07-28 23:50:06.919,2026-07-28 23:50:06.919,2026-07-28
"1568","uBKI9hIOUG","MOOSPMv3Parser",1785282600,1,1,2,2,2,2,2,2,2,2,492,105,4676,17,14,1,14,14,35,7,14,0,42,40,14,19,512.546,76,1,36.138981,-120.368469,163.774994,10,600,58,3,"e00fce6850cac69f647dc199",2026-07-28 23:50:36.999,2026-07-28 23:50:37.233,2026-07-28 23:50:37.233,2026-07-28
"1569","XEHHBqgBNs","MOOSPMv3Parser",1785282660,2,2,2,2,2,2,2,2,2,2,443,127,1818,13,14,1,14,14,26,38,14,1,27,29,46,38,11.586,75,1,0,0,0,0,60,58,3,"e00fce68224f362bb7025f02",2026-07-28 23:51:02.659,2026-07-28 23:51:02.849,2026-07-28 23:51:02.849,2026-07-28
"1570","pMKfl71hUS","MOOSPMv3Parser",1785282720,2,2,2,3,3,2,2,3,3,2,489,142,1832,27,16,0,16,16,26,38,16,1,27,29,46,38,9.976,75,1,0,0,0,0,60,58,3,"e00fce68224f362bb7025f02",2026-07-28 23:52:07.659,2026-07-28 23:52:07.838,2026-07-28 23:52:07.838,2026-07-28
"1571","tr3HV6PK9u","MOOSPMv3Parser",1785282780,2,2,2,3,3,2,2,3,3,2,475,133,1843,16,13,1,13,13,26,38,13,1,27,29,46,38,9.574,75,1,0,0,0,0,60,58,3,"e00fce68224f362bb7025f02",2026-07-28 23:53:02.116,2026-07-28 23:53:02.292,2026-07-28 23:53:02.292,2026-07-28
"1572","oOjTpH5aFp","MOOSPMv3Parser",1785282840,2,2,2,2,2,2,2,3,3,2,475,129,1855,19,14,1,14,14,-10,-10,14,1,27,29,46,38,10.802,74,1,0,0,0,0,60,58,3,"e00fce68224f362bb7025f02",2026-07-28 23:54:09.037,2026-07-28 23:54:09.212,2026-07-28 23:54:09.212,2026-07-28
"1573","Ft4GSlq4qf","MOOSPMv3Parser",1785282900,1,1,2,2,2,2,2,3,3,2,446,122,1867,17,14,2,14,14,26,38,14,1,27,29,46,38,14.912,74,1,0,0,0,0,60,58,3,"e00fce68224f362bb7025f02",2026-07-28 23:58:46.056,2026-07-28 23:58:46.292,2026-07-28 23:58:46.292,2026-07-28
"1574","vxK0r23tdv","MOOSPMv3Parser",1785282960,2,2,2,3,3,2,2,4,4,2,474,128,1880,24,16,2,16,16,26,38,16,1,27,29,46,38,10.749,74,1,0,0,0,0,60,58,3,"e00fce68224f362bb7025f02",2026-07-28 23:58:46.378,2026-07-28 23:58:46.546,2026-07-28 23:58:46.546,2026-07-28
"1575","vQLSMHhLGo","MOOSPMv3Parser",1785283140,1,1,2,1,1,2,2,1,1,2,425,109,1914,8,13,1,13,13,26,38,13,1,27,29,46,38,16.363,73,1,0,0,0,0,60,58,3,"e00fce68224f362bb7025f02",2026-07-28 23:59:01.739,2026-07-28 23:59:01.94,2026-07-28 23:59:01.94,2026-07-28
