"","objectId","event","unixtime","m_PM1_CF1","m_PM1_ATM","m_PM1_b","m_PM25_CF1","m_PM25_ATM","m_PM25_b","m_PM4_b","m_PM10_CF1","m_PM10_ATM","m_PM10_b","n_PM03_P","n_PM05_P","n_PM05_b","n_PM1_P","n_PM1_b","n_PM25_P","n_PM25_b","n_PM4_b","tempC_pms","rh_pms","n_PM10_b","typ_size_b","temp_C","tempC_sen5x","rh","rh_sen5x","o3","vocIdx","noxIdx","lat","lon","alt","sats","counter","moos","ver","coreid","published_at","createdAt","updatedAt","date"
"1","j54ZAIFFm1","MOOSPMv3Parser",1786060800,0,0,3,1,1,3,3,1,1,3,335,229,23643,31,21,3,21,21,40,18,21,0,42,45,17,18,38.139,46,1,36.139107,-120.368317,187.671005,7,600,58,3,"e00fce68d6b773b56ce8baa0",2026-08-07 00:00:02.225,2026-08-07 00:00:03.102,2026-08-07 00:00:03.102,2026-08-07
"2","3wGrD6wb3f","MOOSPMv3Parser",1786060801,0,0,2,0,0,2,2,0,0,2,296,183,17651,21,14,1,14,14,38,20,14,0,42,43,17,18,58.026,58,1,36.139034,-120.368393,168.666,7,599,58,3,"e00fce686dc2ef0a68fa40b0",2026-08-07 00:00:03.011,2026-08-07 00:00:03.836,2026-08-07 00:00:03.836,2026-08-07
"3","j00GUxEyXD","MOOSPMv3Parser",1786060800,6,6,0,10,10,0,0,10,10,0,1886,440,0,78,0,5,0,0,38,8,0,2,41,44,19,19,62.189,8,1,36.187523,-119.822006,27.572001,10,600,58,3,"e00fce68e739ecbcf9e91965",2026-08-07 00:00:02.899,2026-08-07 00:00:04.009,2026-08-07 00:00:04.009,2026-08-07
"4","bdpzBCC0JK","MOOSPMv3Parser",1786060800,18,18,12,25,25,13,13,26,26,13,3438,953,68714,156,93,5,94,94,35,20,94,0,39,40,24,26,54.803,26,3,36.523338,-119.278778,87.517998,7,600,58,3,"e00fce68f12da1a0c5de6248",2026-08-07 00:00:02.909,2026-08-07 00:00:04.478,2026-08-07 00:00:04.478,2026-08-07
"5","3aQERBr4Nr","MOOSPMv3Parser",1786060801,3,3,3,4,4,3,3,4,4,3,866,223,38688,33,21,2,21,21,42,7,21,0,44,49,15,15,50.893,170,3277,2.9e-05,-0.004221,27428.671875,8,600,58,3,"e00fce68e28dcbc9a589be10",2026-08-07 00:00:03.16,2026-08-07 00:00:04.996,2026-08-07 00:00:04.996,2026-08-07
"6","ipdKmSiYfH","MOOSPMv3Parser",1786060801,4,4,2,6,6,2,3,6,6,3,1887,289,24808,37,17,2,17,17,38,9,17,0,42,44,17,19,51.128,70,1,36.13903,-120.368423,177.746994,6,600,58,3,"e00fce68e77e43df92405fdb",2026-08-07 00:00:03.394,2026-08-07 00:00:05.04,2026-08-07 00:00:05.04,2026-08-07
"7","LGxiGH3y3X","MOOSPMv3Parser",1786060800,9,9,5,13,13,5,5,13,13,5,1943,516,39049,80,37,3,37,37,35,12,37,0,38,41,23,23,47.883,33,1,35.949631,-119.049919,130.072006,6,600,58,3,"e00fce6808784ceaf209f949",2026-08-07 00:00:03.156,2026-08-07 00:00:05.472,2026-08-07 00:00:05.472,2026-08-07
"8","nxiotFJWuC","MOOSPMv3Parser",1786060801,10,10,8,15,15,8,8,16,16,8,3064,595,63065,97,61,7,61,61,38,12,61,0,42,44,19,20,62.706,38,1,36.762753,-119.798782,59.236,6,600,58,3,"e00fce68e88237db75a60608",2026-08-07 00:00:05.635,2026-08-07 00:00:07.381,2026-08-07 00:00:07.381,2026-08-07
"9","5AxkdRQAs4","MOOSPMv3Parser",1786060800,3,3,3,5,5,3,3,5,5,3,1112,245,26809,37,22,2,22,22,38,8,22,0,46,44,14,18,512.395,97,1,36.139011,-120.368469,144.074005,7,600,58,3,"e00fce6850cac69f647dc199",2026-08-07 00:00:13.311,2026-08-07 00:00:15.145,2026-08-07 00:00:15.145,2026-08-07
"10","ZBqXt1632E","MOOSPMv3Parser",1786061400,0,0,3,1,1,3,3,1,1,3,319,215,23660,31,20,2,20,20,40,18,20,0,42,45,17,18,38.028,43,1,36.139141,-120.368248,205.533997,5,600,58,3,"e00fce68d6b773b56ce8baa0",2026-08-07 00:10:02.541,2026-08-07 00:10:02.705,2026-08-07 00:10:02.705,2026-08-07
"11","FHDezO3cS3","MOOSPMv3Parser",1786061400,17,17,11,25,25,12,12,26,26,12,3398,936,68791,152,89,7,89,89,35,21,89,0,39,40,25,27,55.801,26,3,36.523365,-119.278839,77.956001,7,600,58,3,"e00fce68f12da1a0c5de6248",2026-08-07 00:10:02.636,2026-08-07 00:10:02.796,2026-08-07 00:10:02.796,2026-08-07
"12","KWn0R9RqgS","MOOSPMv3Parser",1786061400,6,6,0,9,9,0,0,10,10,0,1759,408,0,68,0,5,0,0,37,8,0,2,41,43,18,19,60.33,10,1,36.187523,-119.821983,30.674,9,600,58,3,"e00fce68e739ecbcf9e91965",2026-08-07 00:10:02.674,2026-08-07 00:10:02.867,2026-08-07 00:10:02.867,2026-08-07
"13","p87BH9t2Un","MOOSPMv3Parser",1786061400,3,3,3,4,4,3,3,5,5,3,712,210,30263,31,21,3,21,21,0,0,21,0,42,45,17,18,33.416,84,1,36.138897,-120.368317,153.501999,0,600,58,3,"e00fce6876826e255108c6bd",2026-08-07 00:10:02.773,2026-08-07 00:10:02.964,2026-08-07 00:10:02.964,2026-08-07
"14","3MtkDBswjH","MOOSPMv3Parser",1786061401,0,0,2,0,0,2,2,0,0,2,285,176,17663,22,15,1,15,15,38,21,15,0,42,43,17,18,56.988,57,1,36.13895,-120.368408,164.391998,5,599,58,3,"e00fce686dc2ef0a68fa40b0",2026-08-07 00:10:03.081,2026-08-07 00:10:03.25,2026-08-07 00:10:03.25,2026-08-07
"15","HWISJlKG2e","MOOSPMv3Parser",1786061400,9,9,6,13,13,8,9,14,14,10,1926,517,39089,84,48,5,49,49,36,12,49,1,39,41,24,23,48.415,24,1,35.9496,-119.049934,121.273003,5,600,58,3,"e00fce6808784ceaf209f949",2026-08-07 00:10:03.079,2026-08-07 00:10:03.259,2026-08-07 00:10:03.259,2026-08-07
"16","edff96oAZP","MOOSPMv3Parser",1786061401,3,3,3,4,4,3,3,4,4,3,895,234,38707,34,22,1,22,22,41,7,22,0,44,49,15,15,50.593,168,3277,2.9e-05,-0.004221,27428.671875,8,600,58,3,"e00fce68e28dcbc9a589be10",2026-08-07 00:10:03.243,2026-08-07 00:10:03.401,2026-08-07 00:10:03.401,2026-08-07
"17","DLLwmOVRm5","MOOSPMv3Parser",1786061401,4,4,2,6,6,2,3,6,6,3,1891,292,24823,36,17,2,17,17,38,9,17,0,42,44,16,19,50.421,74,1,36.139191,-120.368317,179.330002,6,600,58,3,"e00fce68e77e43df92405fdb",2026-08-07 00:10:03.544,2026-08-07 00:10:03.752,2026-08-07 00:10:03.752,2026-08-07
"18","P1WcNHHnVM","MOOSPMv3Parser",1786061400,3,3,3,5,5,3,3,5,5,3,1058,234,26828,37,21,2,21,21,38,8,21,0,46,44,14,18,512.407,88,1,36.139019,-120.3685,121.147003,7,600,58,3,"e00fce6850cac69f647dc199",2026-08-07 00:10:04.06,2026-08-07 00:10:04.219,2026-08-07 00:10:04.219,2026-08-07
"19","5tG0rEf6wX","MOOSPMv3Parser",1786061401,10,10,8,14,14,8,8,14,14,8,2927,560,63117,84,59,5,60,60,37,12,60,0,41,43,19,20,63.945,31,1,36.762691,-119.798775,46.278999,5,600,58,3,"e00fce68e88237db75a60608",2026-08-07 00:10:05.803,2026-08-07 00:10:06.025,2026-08-07 00:10:06.025,2026-08-07
"20","VNuHTYA4Lg","MOOSPMv3Parser",1786062000,6,6,0,9,9,0,0,9,9,0,1759,401,0,68,0,4,0,0,37,8,0,2,41,43,18,19,60.739,12,1,36.187435,-119.822067,12.502,7,600,58,3,"e00fce68e739ecbcf9e91965",2026-08-07 00:20:02.673,2026-08-07 00:20:02.829,2026-08-07 00:20:02.829,2026-08-07
"21","4T1tHkkuWD","MOOSPMv3Parser",1786062000,16,16,11,23,23,11,11,24,24,11,3197,888,68864,146,83,5,84,84,34,20,84,0,39,40,24,26,57.2,21,3,36.523468,-119.278778,92.178001,7,600,58,3,"e00fce68f12da1a0c5de6248",2026-08-07 00:20:02.778,2026-08-07 00:20:02.955,2026-08-07 00:20:02.955,2026-08-07
"22","cgo6IZl12L","MOOSPMv3Parser",1786062000,9,9,4,13,13,5,5,13,13,5,1890,509,39118,76,34,4,34,34,36,12,34,0,39,41,24,23,49.633,20,1,35.9496,-119.049934,121.274002,0,600,58,3,"e00fce6808784ceaf209f949",2026-08-07 00:20:03.129,2026-08-07 00:20:03.328,2026-08-07 00:20:03.328,2026-08-07
"23","StOXfqeTnw","MOOSPMv3Parser",1786062001,3,3,3,5,5,3,3,5,5,3,945,248,38725,34,21,2,21,21,41,7,21,0,44,49,16,15,51.193,148,3277,2.9e-05,-0.004221,27428.671875,8,600,58,3,"e00fce68e28dcbc9a589be10",2026-08-07 00:20:03.345,2026-08-07 00:20:03.542,2026-08-07 00:20:03.542,2026-08-07
"24","1jGtesQExm","MOOSPMv3Parser",1786062001,0,0,2,0,0,2,2,0,0,2,284,178,17675,22,14,1,14,14,37,21,15,0,42,43,17,18,58.679,45,1,36.13895,-120.368393,160.237,7,599,58,3,"e00fce686dc2ef0a68fa40b0",2026-08-07 00:20:03.532,2026-08-07 00:20:03.7,2026-08-07 00:20:03.7,2026-08-07
"25","DrFJlMyiIi","MOOSPMv3Parser",1786062001,4,4,2,5,5,2,3,6,6,3,1779,278,24838,35,18,2,18,18,38,9,18,0,42,43,17,19,51.862,57,1,36.139,-120.368401,172.078003,8,600,58,3,"e00fce68e77e43df92405fdb",2026-08-07 00:20:03.548,2026-08-07 00:20:03.708,2026-08-07 00:20:03.708,2026-08-07
"26","SGLndPyTmq","MOOSPMv3Parser",1786062000,3,3,2,4,4,3,3,5,5,3,678,201,30279,30,19,3,19,19,0,0,19,0,42,44,17,19,34.23,85,1,36.139034,-120.368385,163.270996,5,600,58,3,"e00fce6876826e255108c6bd",2026-08-07 00:20:03.985,2026-08-07 00:20:04.158,2026-08-07 00:20:04.158,2026-08-07
"27","uKzlAtjIzk","MOOSPMv3Parser",1786062001,9,9,7,13,13,8,8,13,13,8,2669,517,63166,88,56,5,56,56,37,12,56,0,41,43,19,21,62.71,29,1,36.762691,-119.798775,46.278,0,600,58,3,"e00fce68e88237db75a60608",2026-08-07 00:20:05.731,2026-08-07 00:20:05.874,2026-08-07 00:20:05.874,2026-08-07
"28","xyXtmIjHrt","MOOSPMv3Parser",1786062000,0,0,3,1,1,3,3,1,1,3,319,216,23678,31,21,3,21,21,40,19,21,0,42,45,17,19,38.608,30,1,36.139191,-120.36834,188.472,5,600,58,3,"e00fce68d6b773b56ce8baa0",2026-08-07 00:20:06.451,2026-08-07 00:20:06.637,2026-08-07 00:20:06.637,2026-08-07
"29","Ok7Sjbc4Uy","MOOSPMv3Parser",1786062000,3,3,3,5,5,3,3,5,5,3,1066,233,26846,35,22,2,22,22,37,8,22,0,46,43,15,19,512.405,67,1,36.138924,-120.368561,166.565994,6,600,58,3,"e00fce6850cac69f647dc199",2026-08-07 00:20:08.772,2026-08-07 00:20:08.958,2026-08-07 00:20:08.958,2026-08-07
"30","quALyZWvvr","MOOSPMv3Parser",1786062600,0,0,3,1,1,3,3,1,1,3,313,212,23695,31,21,3,21,21,39,19,21,0,42,44,17,19,38.871,24,1,36.139191,-120.36834,188.470001,0,600,58,3,"e00fce68d6b773b56ce8baa0",2026-08-07 00:30:02.574,2026-08-07 00:30:02.758,2026-08-07 00:30:02.758,2026-08-07
"31","MQAOAxokJ8","MOOSPMv3Parser",1786062600,3,3,3,5,5,3,3,6,6,3,727,219,30298,32,21,3,22,22,0,0,22,0,42,44,18,19,34.45,85,1,36.139084,-120.368393,180.742996,10,600,58,3,"e00fce6876826e255108c6bd",2026-08-07 00:30:02.64,2026-08-07 00:30:02.803,2026-08-07 00:30:02.803,2026-08-07
"32","XbvTIDAS7C","MOOSPMv3Parser",1786062600,6,6,0,9,9,0,0,10,10,0,1746,406,0,69,0,4,0,0,37,7,0,2,41,43,17,19,60.156,13,1,36.187515,-119.822083,22.728001,8,600,58,3,"e00fce68e739ecbcf9e91965",2026-08-07 00:30:02.674,2026-08-07 00:30:02.841,2026-08-07 00:30:02.841,2026-08-07
"33","wX0FpJfUrK","MOOSPMv3Parser",1786062600,14,14,10,20,20,10,10,21,21,10,2871,795,68930,125,75,6,76,76,34,21,76,0,39,40,24,26,60.06,14,4,36.523338,-119.278824,94.387001,7,600,58,3,"e00fce68f12da1a0c5de6248",2026-08-07 00:30:02.784,2026-08-07 00:30:02.932,2026-08-07 00:30:02.932,2026-08-07
"34","HLtJpipok5","MOOSPMv3Parser",1786062601,3,3,3,5,5,3,3,5,5,3,967,250,38744,35,22,2,22,22,41,8,22,0,44,48,16,16,48.422,174,3277,2.9e-05,-0.004221,27428.671875,8,600,58,3,"e00fce68e28dcbc9a589be10",2026-08-07 00:30:03.167,2026-08-07 00:30:03.304,2026-08-07 00:30:03.304,2026-08-07
"35","Psha2k50rG","MOOSPMv3Parser",1786062600,10,10,5,13,13,5,5,14,14,5,2017,546,39149,79,36,3,36,36,36,11,36,0,39,41,22,23,49.999,18,1,35.949608,-119.049934,103.990997,7,600,58,3,"e00fce6808784ceaf209f949",2026-08-07 00:30:03.312,2026-08-07 00:30:03.482,2026-08-07 00:30:03.482,2026-08-07
"36","J0AB8NQybe","MOOSPMv3Parser",1786062601,4,4,2,5,5,2,2,6,6,3,1778,277,24853,39,17,3,18,18,37,10,18,0,41,43,17,19,52.026,50,1,36.139065,-120.368355,163.080002,7,600,58,3,"e00fce68e77e43df92405fdb",2026-08-07 00:30:03.455,2026-08-07 00:30:03.618,2026-08-07 00:30:03.618,2026-08-07
"37","MbXDGzd81H","MOOSPMv3Parser",1786062601,0,0,2,0,0,2,2,0,0,2,290,180,17687,23,14,1,14,14,37,21,14,0,41,43,18,19,59.265,42,1,36.139015,-120.368423,175.014999,5,599,58,3,"e00fce686dc2ef0a68fa40b0",2026-08-07 00:30:03.902,2026-08-07 00:30:04.089,2026-08-07 00:30:04.089,2026-08-07
"38","DRk0NPRMJW","MOOSPMv3Parser",1786062600,3,3,3,4,4,3,3,5,5,3,1008,226,26866,33,22,2,22,22,37,8,22,0,45,43,15,19,512.409,54,1,36.139038,-120.368416,164.363007,6,600,58,3,"e00fce6850cac69f647dc199",2026-08-07 00:30:04.593,2026-08-07 00:30:04.724,2026-08-07 00:30:04.724,2026-08-07
"39","UgccAADX9b","MOOSPMv3Parser",1786062601,9,9,8,13,13,8,8,13,13,8,2627,510,63218,81,59,6,60,60,37,12,60,0,41,42,19,21,62.19,17,1,36.762745,-119.798782,58.207001,8,600,58,3,"e00fce68e88237db75a60608",2026-08-07 00:30:05.715,2026-08-07 00:30:05.885,2026-08-07 00:30:05.885,2026-08-07
"40","bzLJa9YIsz","MOOSPMv3Parser",1786063200,0,0,3,1,1,3,3,1,1,3,316,218,23714,33,21,3,22,22,38,20,22,0,42,44,17,20,38.144,21,1,36.139053,-120.368423,159.067993,6,600,58,3,"e00fce68d6b773b56ce8baa0",2026-08-07 00:40:02.491,2026-08-07 00:40:02.697,2026-08-07 00:40:02.697,2026-08-07
"41","BIT2tPa7Ao","MOOSPMv3Parser",1786063200,6,6,0,8,8,0,0,9,9,0,1589,378,0,63,0,3,0,0,37,7,0,2,41,43,17,19,59.72,14,1,36.187538,-119.822189,20.059999,8,600,58,3,"e00fce68e739ecbcf9e91965",2026-08-07 00:40:02.678,2026-08-07 00:40:02.873,2026-08-07 00:40:02.873,2026-08-07
"42","VV8F2ZK6Pa","MOOSPMv3Parser",1786063200,15,15,10,22,22,10,10,23,23,10,2984,829,68998,133,77,5,78,78,34,21,78,0,39,40,24,27,59.57,20,4,36.523338,-119.278824,94.387001,0,600,58,3,"e00fce68f12da1a0c5de6248",2026-08-07 00:40:03.014,2026-08-07 00:40:03.154,2026-08-07 00:40:03.154,2026-08-07
"43","p5XF6hLLEI","MOOSPMv3Parser",1786063201,0,0,2,0,0,2,2,0,0,2,291,184,17699,23,15,1,15,15,37,22,15,0,41,42,19,20,57.598,46,1,36.138992,-120.368393,167.306,6,599,58,3,"e00fce686dc2ef0a68fa40b0",2026-08-07 00:40:02.91,2026-08-07 00:40:03.166,2026-08-07 00:40:03.166,2026-08-07
"44","H2DsTDNkZG","MOOSPMv3Parser",1786063200,11,11,5,14,14,5,5,15,15,5,2215,591,39248,83,38,3,38,38,36,12,38,0,39,41,24,23,51.086,16,1,35.949471,-119.04995,111.902,8,599,58,3,"e00fce6808784ceaf209f949",2026-08-07 00:40:03.138,2026-08-07 00:40:03.332,2026-08-07 00:40:03.332,2026-08-07
"45","CuHo2r8RJY","MOOSPMv3Parser",1786063201,3,3,3,5,5,3,3,6,6,3,1006,266,38765,44,23,2,23,23,41,8,23,0,44,48,17,16,50.252,150,3277,2.9e-05,-0.004221,27428.671875,8,600,58,3,"e00fce68e28dcbc9a589be10",2026-08-07 00:40:03.301,2026-08-07 00:40:03.467,2026-08-07 00:40:03.467,2026-08-07
"46","5WT95TO8YT","MOOSPMv3Parser",1786063201,4,4,2,6,6,3,3,6,6,3,1792,295,24869,36,19,2,19,19,37,10,19,0,42,43,18,20,51.636,51,1,36.138992,-120.368477,162.865005,6,600,58,3,"e00fce68e77e43df92405fdb",2026-08-07 00:40:03.499,2026-08-07 00:40:03.681,2026-08-07 00:40:03.681,2026-08-07
"47","7Hk594a2xs","MOOSPMv3Parser",1786063200,3,3,3,5,5,3,3,5,5,3,1026,231,26885,35,22,2,22,22,37,9,22,0,45,43,15,20,512.367,50,1,36.139042,-120.368561,171.445007,5,600,58,3,"e00fce6850cac69f647dc199",2026-08-07 00:40:04.776,2026-08-07 00:40:04.926,2026-08-07 00:40:04.926,2026-08-07
"48","xgF5bxtw05","MOOSPMv3Parser",1786063201,8,8,7,11,11,7,7,12,12,7,2446,470,63263,77,52,4,52,52,36,12,52,0,41,42,19,21,61.701,16,1,36.76276,-119.798775,52.307999,11,600,58,3,"e00fce68e88237db75a60608",2026-08-07 00:40:05.905,2026-08-07 00:40:06.112,2026-08-07 00:40:06.112,2026-08-07
"49","6h830jWBjC","MOOSPMv3Parser",1786063200,3,3,3,5,5,3,3,5,5,3,706,214,30316,31,21,3,21,21,0,0,21,0,42,43,18,20,34.131,85,1,36.139065,-120.36837,183.294006,8,600,58,3,"e00fce6876826e255108c6bd",2026-08-07 00:40:17.653,2026-08-07 00:40:17.86,2026-08-07 00:40:17.86,2026-08-07
"50","0YmEjoImma","MOOSPMv3Parser",1786063800,0,0,3,1,1,3,3,1,1,3,322,223,23732,35,22,3,22,22,38,20,22,0,42,43,17,20,37.921,19,1,36.139069,-120.368431,156.067001,8,600,58,3,"e00fce68d6b773b56ce8baa0",2026-08-07 00:50:02.425,2026-08-07 00:50:02.618,2026-08-07 00:50:02.618,2026-08-07
"51","lG3hHNrNkA","MOOSPMv3Parser",1786063800,3,3,3,5,5,3,3,5,5,3,720,217,30335,32,21,3,21,21,0,0,21,0,41,43,18,20,34.251,85,1,36.139034,-120.368362,155.296005,7,600,58,3,"e00fce6876826e255108c6bd",2026-08-07 00:50:02.691,2026-08-07 00:50:02.882,2026-08-07 00:50:02.882,2026-08-07
"52","vvRqA9XOmi","MOOSPMv3Parser",1786063800,6,6,0,9,9,0,0,10,10,0,1736,413,0,70,0,5,0,0,36,8,0,2,41,42,18,20,59.47,28,1,36.187557,-119.821945,41.362,6,600,58,3,"e00fce68e739ecbcf9e91965",2026-08-07 00:50:02.783,2026-08-07 00:50:02.957,2026-08-07 00:50:02.957,2026-08-07
"53","1i4v1sYNe0","MOOSPMv3Parser",1786063801,4,4,3,5,5,3,3,6,6,3,988,265,38785,40,23,2,23,23,40,8,23,0,43,47,17,16,50.715,120,3277,2.9e-05,-0.004221,27428.671875,8,600,58,3,"e00fce68e28dcbc9a589be10",2026-08-07 00:50:02.97,2026-08-07 00:50:03.159,2026-08-07 00:50:03.159,2026-08-07
"54","Kd4LFpcCgX","MOOSPMv3Parser",1786063800,11,11,6,16,16,6,6,16,16,6,2284,615,39222,87,46,4,46,46,35,12,46,0,39,41,23,23,51.579,17,1,35.949619,-119.049866,134.792999,7,600,58,3,"e00fce6808784ceaf209f949",2026-08-07 00:50:03.077,2026-08-07 00:50:03.315,2026-08-07 00:50:03.315,2026-08-07
"55","PlekHaQm9b","MOOSPMv3Parser",1786063801,0,0,2,0,0,2,2,0,0,2,297,186,17710,23,14,1,14,14,37,21,14,0,41,42,19,19,58.213,45,1,36.138962,-120.368408,166.643997,6,599,58,3,"e00fce686dc2ef0a68fa40b0",2026-08-07 00:50:03.227,2026-08-07 00:50:03.428,2026-08-07 00:50:03.428,2026-08-07
"56","tOoYoU57mE","MOOSPMv3Parser",1786063801,4,4,2,6,6,2,2,6,6,2,1737,290,24884,37,18,3,18,18,37,10,18,0,41,42,18,20,51.365,47,1,36.139145,-120.368591,159.477997,7,600,58,3,"e00fce68e77e43df92405fdb",2026-08-07 00:50:03.461,2026-08-07 00:50:03.659,2026-08-07 00:50:03.659,2026-08-07
"57","yT82FimJcC","MOOSPMv3Parser",1786063800,3,3,3,5,5,3,3,5,5,3,1075,247,26905,42,23,2,23,23,36,9,23,0,45,42,15,20,512.508,45,1,36.139042,-120.368561,171.442001,0,600,58,3,"e00fce6850cac69f647dc199",2026-08-07 00:50:05.024,2026-08-07 00:50:05.236,2026-08-07 00:50:05.236,2026-08-07
"58","QDd35Ssyvr","MOOSPMv3Parser",1786063801,8,8,7,12,12,8,8,13,13,8,2489,482,63311,74,55,6,55,55,36,12,55,0,41,42,19,21,60.707,18,1,36.762726,-119.798759,62.118999,6,600,58,3,"e00fce68e88237db75a60608",2026-08-07 00:50:05.797,2026-08-07 00:50:05.935,2026-08-07 00:50:05.935,2026-08-07
"59","KhGcauPYCK","MOOSPMv3Parser",1786063800,16,16,11,22,22,11,11,24,24,11,3088,848,69071,139,83,7,84,84,34,22,84,0,39,40,26,28,61.587,22,4,36.523327,-119.278824,80.352997,7,600,58,3,"e00fce68f12da1a0c5de6248",2026-08-07 00:50:09.87,2026-08-07 00:50:10.048,2026-08-07 00:50:10.048,2026-08-07
"60","WV62gnafqu","MOOSPMv3Parser",1786064400,0,0,3,1,1,3,3,2,2,3,321,223,23750,34,22,3,22,22,38,20,22,0,42,43,17,20,38.037,13,1,36.139099,-120.368279,160.608002,8,600,58,3,"e00fce68d6b773b56ce8baa0",2026-08-07 01:00:02.435,2026-08-07 01:00:02.637,2026-08-07 01:00:02.637,2026-08-07
"61","uo3rGW799s","MOOSPMv3Parser",1786064400,6,6,0,9,9,0,0,10,10,0,1719,416,0,71,0,4,0,0,36,9,0,2,40,42,19,21,58.77,27,1,36.187553,-119.822212,23.504,7,600,58,3,"e00fce68e739ecbcf9e91965",2026-08-07 01:00:02.762,2026-08-07 01:00:03.088,2026-08-07 01:00:03.088,2026-08-07
"62","CMRKWq9NGc","MOOSPMv3Parser",1786064400,12,12,6,17,17,7,7,17,17,8,2376,639,39329,103,48,5,49,49,35,13,49,0,39,41,24,25,50.228,25,1,35.949604,-119.050011,99.193001,6,599,58,3,"e00fce6808784ceaf209f949",2026-08-07 01:00:03.138,2026-08-07 01:00:03.32,2026-08-07 01:00:03.32,2026-08-07
"63","BQYvwR3oQE","MOOSPMv3Parser",1786064401,3,3,3,5,5,3,3,5,5,3,945,257,38805,38,24,2,24,24,40,9,24,0,43,47,17,17,50.076,114,3277,2.9e-05,-0.004221,27428.671875,8,600,58,3,"e00fce68e28dcbc9a589be10",2026-08-07 01:00:03.237,2026-08-07 01:00:03.468,2026-08-07 01:00:03.468,2026-08-07
"64","jDHpGn7Fwq","MOOSPMv3Parser",1786064401,4,4,2,6,6,2,3,6,6,3,1691,283,24900,37,18,2,18,18,37,10,18,0,41,42,18,20,51.407,38,1,36.139015,-120.368484,168.733002,5,600,58,3,"e00fce68e77e43df92405fdb",2026-08-07 01:00:03.406,2026-08-07 01:00:03.616,2026-08-07 01:00:03.616,2026-08-07
"65","uQEGVvDJeE","MOOSPMv3Parser",1786064401,0,0,2,0,0,2,2,0,0,2,297,187,17723,24,15,1,15,15,37,22,15,0,41,42,19,20,57.88,38,1,36.138981,-120.368492,162.813004,7,599,58,3,"e00fce686dc2ef0a68fa40b0",2026-08-07 01:00:03.528,2026-08-07 01:00:03.657,2026-08-07 01:00:03.657,2026-08-07
"66","AmDvEpx6xU","MOOSPMv3Parser",1786064400,17,17,12,24,24,12,12,25,25,12,3297,910,69151,148,91,7,91,91,34,21,92,0,39,40,25,27,62.402,17,4,36.5233,-119.278831,85.422997,7,600,58,3,"e00fce68f12da1a0c5de6248",2026-08-07 01:00:03.79,2026-08-07 01:00:03.949,2026-08-07 01:00:03.949,2026-08-07
"67","jHNLYvFOEw","MOOSPMv3Parser",1786064401,7,7,7,11,11,7,7,12,12,7,2367,451,63356,71,51,5,51,51,36,13,51,0,41,42,20,22,60.566,27,1,36.762653,-119.798782,55.723999,7,600,58,3,"e00fce68e88237db75a60608",2026-08-07 01:00:05.732,2026-08-07 01:00:05.894,2026-08-07 01:00:05.894,2026-08-07
"68","FNgPiPAhHQ","MOOSPMv3Parser",1786064400,3,3,3,5,5,3,3,5,5,3,1041,239,26926,37,24,2,24,24,36,9,24,0,44,42,16,20,512.525,34,1,36.138988,-120.368561,171.412003,6,600,58,3,"e00fce6850cac69f647dc199",2026-08-07 01:00:08.274,2026-08-07 01:00:08.425,2026-08-07 01:00:08.425,2026-08-07
"69","XYjwwxm9Ds","MOOSPMv3Parser",1786064400,3,3,3,5,5,3,3,6,6,3,744,224,30353,34,21,3,21,21,0,0,21,0,41,43,18,20,34.435,85,1,36.139011,-120.368347,185.453995,8,600,58,3,"e00fce6876826e255108c6bd",2026-08-07 01:00:08.451,2026-08-07 01:00:08.612,2026-08-07 01:00:08.612,2026-08-07
"70","ZnGIK2vlLm","MOOSPMv3Parser",1786065000,6,6,0,9,9,0,0,10,10,0,1702,409,0,69,0,5,0,0,36,10,0,2,40,41,20,22,57.784,31,1,36.187565,-119.822075,30.247,8,600,58,3,"e00fce68e739ecbcf9e91965",2026-08-07 01:10:02.84,2026-08-07 01:10:02.982,2026-08-07 01:10:02.982,2026-08-07
"71","h9uLZFs8vz","MOOSPMv3Parser",1786065000,18,18,13,26,26,14,14,27,27,14,3458,962,69239,161,101,7,101,101,34,22,101,0,39,39,25,27,62.253,16,5,36.523354,-119.278839,103.746002,6,600,58,3,"e00fce68f12da1a0c5de6248",2026-08-07 01:10:02.94,2026-08-07 01:10:03.2,2026-08-07 01:10:03.2,2026-08-07
"72","BUoeNIH3tL","MOOSPMv3Parser",1786065000,12,12,7,17,17,7,8,18,18,8,2446,655,39372,108,50,7,51,51,35,13,51,0,38,40,26,25,50.484,24,1,35.949627,-119.049873,116.054001,7,599,58,3,"e00fce6808784ceaf209f949",2026-08-07 01:10:03.077,2026-08-07 01:10:03.241,2026-08-07 01:10:03.241,2026-08-07
"73","xh9F1GMooQ","MOOSPMv3Parser",1786065001,4,4,3,5,5,3,3,6,6,3,984,266,38826,40,24,2,24,24,39,9,24,0,42,46,18,18,50.931,83,3277,2.9e-05,-0.004221,27428.671875,8,600,58,3,"e00fce68e28dcbc9a589be10",2026-08-07 01:10:03.104,2026-08-07 01:10:03.297,2026-08-07 01:10:03.297,2026-08-07
"74","AQ3TpWEiOt","MOOSPMv3Parser",1786065000,3,3,3,5,5,3,3,5,5,3,1005,236,26946,38,23,1,23,23,36,10,23,0,44,42,16,21,512.515,35,1,36.138992,-120.368439,179.576996,5,600,58,3,"e00fce6850cac69f647dc199",2026-08-07 01:10:03.325,2026-08-07 01:10:03.496,2026-08-07 01:10:03.496,2026-08-07
"75","v5Xruvgtpy","MOOSPMv3Parser",1786065001,4,4,2,6,6,3,3,6,6,3,1724,293,24916,36,18,2,18,18,36,11,18,0,41,42,19,21,50.565,44,1,36.139015,-120.368484,168.735001,0,600,58,3,"e00fce68e77e43df92405fdb",2026-08-07 01:10:03.58,2026-08-07 01:10:03.783,2026-08-07 01:10:03.783,2026-08-07
"76","mHetNYzoiG","MOOSPMv3Parser",1786065001,0,0,2,0,0,2,2,0,0,2,287,182,17735,24,14,1,15,15,37,22,15,0,40,42,20,21,56.588,44,1,36.138947,-120.368492,155.095993,9,599,58,3,"e00fce686dc2ef0a68fa40b0",2026-08-07 01:10:03.873,2026-08-07 01:10:04.073,2026-08-07 01:10:04.073,2026-08-07
"77","6Z22PJxQY7","MOOSPMv3Parser",1786065000,3,3,3,5,5,3,3,5,5,3,695,209,30372,32,22,2,22,22,0,0,22,0,41,42,19,21,33.99,85,1,36.139011,-120.368446,161.328003,6,600,58,3,"e00fce6876826e255108c6bd",2026-08-07 01:10:04.437,2026-08-07 01:10:04.647,2026-08-07 01:10:04.647,2026-08-07
"78","nlH4F0CiTv","MOOSPMv3Parser",1786065001,7,7,6,11,11,7,7,11,11,7,2348,445,63398,70,49,3,49,49,36,12,49,0,41,42,19,21,60.418,22,1,36.762699,-119.798737,56.771,8,600,58,3,"e00fce68e88237db75a60608",2026-08-07 01:10:05.778,2026-08-07 01:10:05.936,2026-08-07 01:10:05.936,2026-08-07
"79","2yaJjXqEAz","MOOSPMv3Parser",1786065000,0,0,3,1,1,3,3,2,2,3,322,222,23769,32,22,3,22,22,37,21,22,0,41,42,19,21,37.502,14,1,36.139019,-120.368294,207.048996,6,600,58,3,"e00fce68d6b773b56ce8baa0",2026-08-07 01:10:07.828,2026-08-07 01:10:08.023,2026-08-07 01:10:08.023,2026-08-07
"80","W0abav3f9W","MOOSPMv3Parser",1786065600,6,6,0,10,10,0,0,11,11,0,1774,426,0,77,0,5,0,0,36,10,0,2,40,41,20,22,56.021,29,1,36.187542,-119.822044,29.775,10,600,58,3,"e00fce68e739ecbcf9e91965",2026-08-07 01:20:02.754,2026-08-07 01:20:02.922,2026-08-07 01:20:02.922,2026-08-07
"81","BILhZz8AsZ","MOOSPMv3Parser",1786065600,0,0,2,0,0,2,2,0,0,2,290,185,17747,23,14,1,14,14,36,22,14,0,40,42,20,21,57.616,42,1,36.139004,-120.368446,167.300995,7,599,58,3,"e00fce686dc2ef0a68fa40b0",2026-08-07 01:20:02.923,2026-08-07 01:20:03.094,2026-08-07 01:20:03.094,2026-08-07
"82","XfHVDAF9dN","MOOSPMv3Parser",1786065600,12,12,6,17,17,6,6,17,17,6,2452,660,39346,98,46,5,46,46,35,14,46,0,38,40,25,25,50.167,20,1,35.949589,-119.04998,94.181,6,600,58,3,"e00fce6808784ceaf209f949",2026-08-07 01:20:03.144,2026-08-07 01:20:03.31,2026-08-07 01:20:03.31,2026-08-07
"83","JLtvfquQ5h","MOOSPMv3Parser",1786065601,4,4,2,5,5,2,2,6,6,3,1676,285,24931,36,18,2,18,18,36,11,18,0,40,41,19,21,51.141,37,1,36.13905,-120.368439,169.953003,7,600,58,3,"e00fce68e77e43df92405fdb",2026-08-07 01:20:03.323,2026-08-07 01:20:03.487,2026-08-07 01:20:03.487,2026-08-07
"84","tBzKi5Y7ed","MOOSPMv3Parser",1786065601,4,4,3,5,5,3,3,6,6,3,975,266,38846,41,24,2,24,24,39,10,24,0,42,45,18,18,50.129,74,3277,2.9e-05,-0.004221,27428.671875,8,600,58,3,"e00fce68e28dcbc9a589be10",2026-08-07 01:20:03.372,2026-08-07 01:20:03.573,2026-08-07 01:20:03.573,2026-08-07
"85","3lQkKslQDM","MOOSPMv3Parser",1786065601,0,0,3,1,1,3,3,2,2,3,313,215,23748,32,23,3,23,23,37,21,23,0,40,42,20,21,37.609,13,1,36.139004,-120.368523,145.671997,9,601,58,3,"e00fce68d6b773b56ce8baa0",2026-08-07 01:20:03.465,2026-08-07 01:20:03.63,2026-08-07 01:20:03.63,2026-08-07
"86","u2Pz5pHzzJ","MOOSPMv3Parser",1786065600,3,3,3,5,5,3,3,5,5,3,1014,233,26966,39,23,2,23,23,36,10,23,0,43,41,17,21,512.503,33,1,36.139107,-120.368759,179.983994,5,600,58,3,"e00fce6850cac69f647dc199",2026-08-07 01:20:04.821,2026-08-07 01:20:04.987,2026-08-07 01:20:04.987,2026-08-07
"87","qQEwnZfnR9","MOOSPMv3Parser",1786065601,6,6,6,10,10,6,6,10,10,6,2231,414,63439,64,46,5,46,46,36,13,46,0,40,41,20,22,62.966,12,1,36.762703,-119.798813,55.379002,10,600,58,3,"e00fce68e88237db75a60608",2026-08-07 01:20:05.76,2026-08-07 01:20:05.931,2026-08-07 01:20:05.931,2026-08-07
"88","fENlug15zu","MOOSPMv3Parser",1786065600,18,18,13,26,26,14,14,28,28,14,3562,989,69327,170,101,7,101,101,34,22,101,0,39,39,26,28,62.423,18,5,36.523312,-119.27877,83.237999,5,600,58,3,"e00fce68f12da1a0c5de6248",2026-08-07 01:20:07.306,2026-08-07 01:20:07.561,2026-08-07 01:20:07.561,2026-08-07
"89","6fz7iB6Ae9","MOOSPMv3Parser",1786065600,3,3,3,4,4,3,3,5,5,3,727,216,30391,31,22,3,22,22,0,0,22,0,40,42,19,21,33.962,85,1,36.139065,-120.368431,174.139999,6,600,58,3,"e00fce6876826e255108c6bd",2026-08-07 01:20:07.835,2026-08-07 01:20:08.03,2026-08-07 01:20:08.03,2026-08-07
"90","vimmbXVV2M","MOOSPMv3Parser",1786066200,7,7,0,10,10,0,0,11,11,0,1733,424,0,70,0,5,0,0,35,10,0,2,39,40,21,23,57.382,15,1,36.187542,-119.822044,29.771999,0,600,58,3,"e00fce68e739ecbcf9e91965",2026-08-07 01:30:02.842,2026-08-07 01:30:03.062,2026-08-07 01:30:03.062,2026-08-07
"91","ipAmR4HGte","MOOSPMv3Parser",1786066200,19,18,13,27,27,14,14,28,28,14,3579,998,69418,162,104,7,104,104,34,22,104,0,39,39,26,27,60.336,24,5,36.523289,-119.27887,83.335999,4,600,58,3,"e00fce68f12da1a0c5de6248",2026-08-07 01:30:02.939,2026-08-07 01:30:03.131,2026-08-07 01:30:03.131,2026-08-07
"92","oYuDBdC2O7","MOOSPMv3Parser",1786066200,13,13,6,17,17,6,6,18,18,6,2547,678,39386,100,46,5,46,46,34,14,46,0,38,40,25,25,50.176,19,1,35.949528,-119.049988,90.028999,6,600,58,3,"e00fce6808784ceaf209f949",2026-08-07 01:30:03.164,2026-08-07 01:30:03.316,2026-08-07 01:30:03.316,2026-08-07
"93","Rr6VbMlX69","MOOSPMv3Parser",1786066201,0,0,2,0,0,2,2,0,0,2,281,174,17730,22,15,1,15,15,36,23,15,0,40,41,21,21,56.996,32,1,36.139004,-120.368446,167.296997,0,600,58,3,"e00fce686dc2ef0a68fa40b0",2026-08-07 01:30:03.252,2026-08-07 01:30:03.399,2026-08-07 01:30:03.399,2026-08-07
"94","Bt1tahPPwX","MOOSPMv3Parser",1786066201,4,4,3,6,6,3,3,6,6,3,1020,275,38868,43,25,2,25,25,38,10,25,0,42,44,19,19,52.1,45,3277,2.9e-05,-0.004221,27428.671875,8,600,58,3,"e00fce68e28dcbc9a589be10",2026-08-07 01:30:03.288,2026-08-07 01:30:03.493,2026-08-07 01:30:03.493,2026-08-07
"95","LEnjmSjzgj","MOOSPMv3Parser",1786066201,0,0,3,1,1,3,3,2,2,3,315,216,23808,36,24,2,24,24,37,22,24,0,40,42,21,22,37.8,8,2,36.138954,-120.368347,167.768005,7,600,58,3,"e00fce68d6b773b56ce8baa0",2026-08-07 01:30:03.385,2026-08-07 01:30:03.548,2026-08-07 01:30:03.548,2026-08-07
"96","VYBAIhpyDb","MOOSPMv3Parser",1786066201,4,4,2,5,5,3,3,6,6,3,1636,280,24948,37,19,1,19,19,36,12,19,0,40,41,20,22,51.379,24,1,36.138981,-120.368332,180.503006,7,600,58,3,"e00fce68e77e43df92405fdb",2026-08-07 01:30:03.434,2026-08-07 01:30:03.589,2026-08-07 01:30:03.589,2026-08-07
"97","8GRvBFFrmJ","MOOSPMv3Parser",1786066201,6,6,5,9,9,6,6,10,10,6,2129,399,63476,62,43,4,43,43,36,13,43,0,40,41,20,22,60.338,15,1,36.762753,-119.798729,57.813999,8,600,58,3,"e00fce68e88237db75a60608",2026-08-07 01:30:05.869,2026-08-07 01:30:06.023,2026-08-07 01:30:06.023,2026-08-07
"98","F2kphBzym7","MOOSPMv3Parser",1786066200,3,3,3,5,5,3,3,5,5,3,727,217,30409,34,21,2,21,21,0,0,21,0,40,41,20,22,34.133,85,2,36.139149,-120.368469,177.779007,7,600,58,3,"e00fce6876826e255108c6bd",2026-08-07 01:30:06.633,2026-08-07 01:30:06.811,2026-08-07 01:30:06.811,2026-08-07
"99","NFOxpftSlx","MOOSPMv3Parser",1786066200,3,3,3,4,4,3,3,5,5,3,978,227,26985,36,23,2,23,23,36,11,23,0,43,41,18,22,512.433,23,1,36.139107,-120.368874,162.457001,5,600,58,3,"e00fce6850cac69f647dc199",2026-08-07 01:30:08.384,2026-08-07 01:30:08.567,2026-08-07 01:30:08.567,2026-08-07
"100","tCOSLIzOB6","MOOSPMv3Parser",1786066800,6,6,0,9,9,0,0,9,9,0,1703,410,0,65,0,4,0,0,35,10,0,2,39,40,20,22,56.191,15,1,36.187489,-119.821953,24.764999,13,600,58,3,"e00fce68e739ecbcf9e91965",2026-08-07 01:40:02.754,2026-08-07 01:40:02.959,2026-08-07 01:40:02.959,2026-08-07
"101","BM4uOY3SOw","MOOSPMv3Parser",1786066800,13,13,7,18,18,7,7,19,19,7,2520,679,39431,108,51,6,51,51,34,15,51,0,37,39,25,26,49.65,14,1,35.949604,-119.049973,106,6,600,58,3,"e00fce6808784ceaf209f949",2026-08-07 01:40:03.157,2026-08-07 01:40:03.332,2026-08-07 01:40:03.332,2026-08-07
"102","d1RrO8kICe","MOOSPMv3Parser",1786066801,3,3,3,5,5,3,3,6,6,3,948,260,38890,39,26,3,26,26,38,11,26,0,41,44,20,20,53.686,31,3277,2.9e-05,-0.004221,27428.671875,8,600,58,3,"e00fce68e28dcbc9a589be10",2026-08-07 01:40:03.199,2026-08-07 01:40:03.412,2026-08-07 01:40:03.412,2026-08-07
"103","BCAAXrDUsl","MOOSPMv3Parser",1786066800,3,3,3,5,5,3,3,5,5,3,746,221,30428,35,22,2,22,22,0,0,22,0,39,41,21,23,34.71,86,2,36.139008,-120.36837,177.858994,8,600,58,3,"e00fce6876826e255108c6bd",2026-08-07 01:40:03.479,2026-08-07 01:40:03.641,2026-08-07 01:40:03.641,2026-08-07
"104","9nLDnCucMV","MOOSPMv3Parser",1786066801,0,0,3,1,1,3,3,2,2,3,320,217,23828,33,24,3,24,24,36,22,24,0,39,41,22,23,38.066,7,2,36.139065,-120.368355,171.794998,8,600,58,3,"e00fce68d6b773b56ce8baa0",2026-08-07 01:40:03.482,2026-08-07 01:40:03.651,2026-08-07 01:40:03.651,2026-08-07
"105","o15xSK19mg","MOOSPMv3Parser",1786066801,4,4,3,5,5,3,3,6,6,3,1609,275,24966,34,20,2,20,20,35,13,20,0,40,41,20,23,51.83,23,1,36.138958,-120.368469,180.352997,6,600,58,3,"e00fce68e77e43df92405fdb",2026-08-07 01:40:03.588,2026-08-07 01:40:03.755,2026-08-07 01:40:03.755,2026-08-07
"106","R2kmkiyAYA","MOOSPMv3Parser",1786066801,0,0,2,0,0,2,2,0,0,2,288,184,17772,26,15,2,15,15,36,23,15,0,39,41,21,22,57.576,30,1,36.138973,-120.368439,167.186005,7,599,58,3,"e00fce686dc2ef0a68fa40b0",2026-08-07 01:40:03.707,2026-08-07 01:40:03.881,2026-08-07 01:40:03.881,2026-08-07
"107","DrdC0GKr74","MOOSPMv3Parser",1786066800,3,3,3,5,5,3,3,5,5,3,989,233,27006,39,23,2,23,23,35,11,23,0,42,41,18,23,512.36,21,1,36.139084,-120.36879,180.115005,5,600,58,3,"e00fce6850cac69f647dc199",2026-08-07 01:40:04.436,2026-08-07 01:40:04.653,2026-08-07 01:40:04.653,2026-08-07
"108","UydI83TRek","MOOSPMv3Parser",1786066801,6,6,5,8,8,5,5,9,9,5,1977,366,63512,56,40,3,40,40,35,14,40,0,40,41,21,23,58.572,19,1,36.762711,-119.798782,50.398998,11,600,58,3,"e00fce68e88237db75a60608",2026-08-07 01:40:05.641,2026-08-07 01:40:05.831,2026-08-07 01:40:05.831,2026-08-07
"109","3b91azj2Bk","MOOSPMv3Parser",1786066800,19,19,13,27,27,14,14,27,27,14,3606,1005,69508,162,103,7,104,104,34,23,104,0,39,39,27,29,57.323,41,5,36.523224,-119.278839,79.733002,7,600,58,3,"e00fce68f12da1a0c5de6248",2026-08-07 01:40:07.67,2026-08-07 01:40:07.873,2026-08-07 01:40:07.873,2026-08-07
"110","bVrWfdevBQ","MOOSPMv3Parser",1786067400,6,6,0,10,10,0,0,10,10,0,1688,414,0,76,0,5,0,0,34,10,0,2,39,40,20,22,54.552,17,1,36.187481,-119.822052,30.656,9,600,58,3,"e00fce68e739ecbcf9e91965",2026-08-07 01:50:02.59,2026-08-07 01:50:02.783,2026-08-07 01:50:02.783,2026-08-07
"111","EjIkfi2uVF","MOOSPMv3Parser",1786067401,0,0,3,1,1,3,3,1,1,3,312,215,23847,32,24,3,24,24,36,23,24,0,39,41,23,23,38.754,5,2,36.139091,-120.368469,171.632996,5,600,58,3,"e00fce68d6b773b56ce8baa0",2026-08-07 01:50:03.234,2026-08-07 01:50:03.373,2026-08-07 01:50:03.373,2026-08-07
"112","jnEuuulYjX","MOOSPMv3Parser",1786067400,3,3,3,5,5,3,3,5,5,3,694,210,30449,31,24,2,24,24,0,0,24,0,39,41,22,23,35.673,86,2,36.138992,-120.368393,169.511993,7,600,58,3,"e00fce6876826e255108c6bd",2026-08-07 01:50:03.311,2026-08-07 01:50:03.463,2026-08-07 01:50:03.463,2026-08-07
"113","2qJZSgNXFd","MOOSPMv3Parser",1786067400,13,13,7,18,18,7,7,19,19,7,2557,688,39542,106,52,6,52,52,34,16,52,0,37,39,27,27,50.369,12,2,35.949589,-119.049927,137.686996,5,599,58,3,"e00fce6808784ceaf209f949",2026-08-07 01:50:03.236,2026-08-07 01:50:03.477,2026-08-07 01:50:03.477,2026-08-07
"114","qSh0aAnfzR","MOOSPMv3Parser",1786067401,3,3,3,5,5,4,4,5,5,4,914,253,38913,38,27,2,27,27,37,11,27,0,40,43,20,20,53.468,24,3277,2.9e-05,-0.004221,27428.671875,8,600,58,3,"e00fce68e28dcbc9a589be10",2026-08-07 01:50:03.238,2026-08-07 01:50:03.49,2026-08-07 01:50:03.49,2026-08-07
"115","MSueOzkVLr","MOOSPMv3Parser",1786067401,5,5,2,6,6,2,2,7,7,2,1569,280,24982,37,18,2,19,19,35,13,19,0,39,40,21,23,52.883,16,1,36.139114,-120.368469,155.421005,6,600,58,3,"e00fce68e77e43df92405fdb",2026-08-07 01:50:03.315,2026-08-07 01:50:03.498,2026-08-07 01:50:03.498,2026-08-07
"116","GJ7yf4rKAz","MOOSPMv3Parser",1786067401,0,0,2,0,0,2,2,0,0,2,279,175,17784,22,15,1,15,15,36,24,15,0,39,41,22,22,58.067,25,1,36.138901,-120.368378,162.533005,7,599,58,3,"e00fce686dc2ef0a68fa40b0",2026-08-07 01:50:03.802,2026-08-07 01:50:04.024,2026-08-07 01:50:04.024,2026-08-07
"117","ADgSZEngSH","MOOSPMv3Parser",1786067401,5,5,5,7,7,5,5,8,8,5,1879,338,63544,48,37,3,37,37,35,14,37,0,39,40,21,23,56.5,27,1,36.762688,-119.798775,47.193001,8,600,58,3,"e00fce68e88237db75a60608",2026-08-07 01:50:05.636,2026-08-07 01:50:05.951,2026-08-07 01:50:05.951,2026-08-07
"118","sNNR2eonyB","MOOSPMv3Parser",1786067400,19,19,14,28,27,15,15,29,29,15,3726,1034,69606,170,112,7,112,112,34,23,112,0,38,39,27,28,54.884,59,4,36.523094,-119.27887,61.703999,6,600,58,3,"e00fce68f12da1a0c5de6248",2026-08-07 01:50:06.89,2026-08-07 01:50:07.117,2026-08-07 01:50:07.117,2026-08-07
"119","nWAG2vhIHn","MOOSPMv3Parser",1786067400,3,3,3,5,5,3,3,5,5,3,1011,234,27026,37,24,1,24,24,35,12,24,0,42,40,19,23,512.507,16,1,36.139034,-120.368408,175.427994,5,600,58,3,"e00fce6850cac69f647dc199",2026-08-07 01:50:08.35,2026-08-07 01:50:08.5,2026-08-07 01:50:08.5,2026-08-07
"120","wmJ2vcEk3s","MOOSPMv3Parser",1786068001,0,0,2,0,0,2,2,0,0,2,287,179,17797,25,15,1,15,15,35,24,15,0,39,40,23,23,59.445,22,1,36.138939,-120.368423,172.914993,8,599,58,3,"e00fce686dc2ef0a68fa40b0",2026-08-07 02:00:02.853,2026-08-07 02:00:03.117,2026-08-07 02:00:03.117,2026-08-07
"121","CjxsE555ih","MOOSPMv3Parser",1786068001,0,0,3,2,2,3,3,2,2,3,326,224,23868,35,24,2,24,24,36,24,24,0,38,40,24,24,39.886,4,2,36.139057,-120.368462,182.164001,8,600,58,3,"e00fce68d6b773b56ce8baa0",2026-08-07 02:00:02.84,2026-08-07 02:00:03.133,2026-08-07 02:00:03.133,2026-08-07
"122","Jpj4qhqioX","MOOSPMv3Parser",1786068000,7,7,0,10,10,0,0,10,10,0,1713,424,0,70,0,5,0,0,34,10,0,2,39,39,21,23,53.637,50,1,36.187447,-119.821968,25.023001,7,600,58,3,"e00fce68e739ecbcf9e91965",2026-08-07 02:00:03.076,2026-08-07 02:00:03.361,2026-08-07 02:00:03.361,2026-08-07
"123","EB9q0cDh3E","MOOSPMv3Parser",1786068001,5,5,2,6,6,2,2,7,7,2,1566,284,24998,37,18,3,19,19,35,14,19,0,39,40,23,25,53.615,14,1,36.13905,-120.368385,180.552002,5,600,58,3,"e00fce68e77e43df92405fdb",2026-08-07 02:00:03.275,2026-08-07 02:00:03.409,2026-08-07 02:00:03.409,2026-08-07
"124","NA6O7EEAvy","MOOSPMv3Parser",1786068001,4,4,3,5,5,3,4,6,6,4,949,261,38935,38,25,2,25,25,36,12,25,1,39,42,21,21,53.511,15,3277,2.9e-05,-0.004221,27428.671875,8,600,58,3,"e00fce68e28dcbc9a589be10",2026-08-07 02:00:03.273,2026-08-07 02:00:03.471,2026-08-07 02:00:03.471,2026-08-07
"125","hH9GgR7Gmb","MOOSPMv3Parser",1786068000,12,12,6,17,17,6,6,18,18,6,2453,657,39582,106,47,5,47,47,34,18,47,0,37,39,28,29,46.659,26,2,35.949471,-119.049995,98.731003,6,599,58,3,"e00fce6808784ceaf209f949",2026-08-07 02:00:03.416,2026-08-07 02:00:03.609,2026-08-07 02:00:03.609,2026-08-07
"126","1cb538qHch","MOOSPMv3Parser",1786068000,20,19,15,28,28,15,15,30,30,15,3735,1047,69706,178,114,8,115,115,34,25,115,0,38,39,28,30,56.811,51,4,36.52327,-119.278862,80.791,7,600,58,3,"e00fce68f12da1a0c5de6248",2026-08-07 02:00:03.77,2026-08-07 02:00:03.965,2026-08-07 02:00:03.965,2026-08-07
"127","dswPP9Oy2u","MOOSPMv3Parser",1786068001,5,5,5,8,8,5,5,8,8,5,1830,335,63578,54,39,3,39,39,34,15,39,0,39,40,22,24,56.675,26,1,36.762756,-119.798706,50.284,7,600,58,3,"e00fce68e88237db75a60608",2026-08-07 02:00:05.717,2026-08-07 02:00:05.872,2026-08-07 02:00:05.872,2026-08-07
"128","D0rXKpyoLM","MOOSPMv3Parser",1786068000,3,3,3,5,5,3,3,6,6,3,753,227,30469,35,23,3,23,23,0,0,23,0,38,40,23,25,35.958,86,2,36.138992,-120.368393,169.509003,0,600,58,3,"e00fce6876826e255108c6bd",2026-08-07 02:00:06.989,2026-08-07 02:00:07.175,2026-08-07 02:00:07.175,2026-08-07
"129","SD20m6Hc2M","MOOSPMv3Parser",1786068000,3,3,3,5,5,3,3,5,5,3,995,234,27047,40,24,2,24,24,35,13,24,0,41,40,20,24,512.545,12,2,36.139053,-120.368553,153.880997,7,600,58,3,"e00fce6850cac69f647dc199",2026-08-07 02:00:07.144,2026-08-07 02:00:07.324,2026-08-07 02:00:07.324,2026-08-07
"130","Dj1clHHJRY","MOOSPMv3Parser",1786068600,7,7,0,10,10,0,0,10,10,0,1752,431,0,74,0,5,0,0,34,11,0,2,38,39,21,23,52.184,25,1,36.187542,-119.82206,19.282,8,600,58,3,"e00fce68e739ecbcf9e91965",2026-08-07 02:10:02.835,2026-08-07 02:10:03.099,2026-08-07 02:10:03.099,2026-08-07
"131","ychM5S0poL","MOOSPMv3Parser",1786068601,4,4,4,6,6,4,4,6,6,4,996,278,38960,44,29,2,29,29,36,12,29,0,39,41,22,22,52.873,12,3277,2.9e-05,-0.004221,27428.671875,8,600,58,3,"e00fce68e28dcbc9a589be10",2026-08-07 02:10:03.226,2026-08-07 02:10:03.377,2026-08-07 02:10:03.377,2026-08-07
"132","5YvhFF6Flt","MOOSPMv3Parser",1786068601,0,0,2,0,0,2,2,0,0,2,297,190,17811,25,16,2,16,16,35,25,16,0,38,40,24,24,59.268,22,2,36.138985,-120.368477,158.470001,7,599,58,3,"e00fce686dc2ef0a68fa40b0",2026-08-07 02:10:03.227,2026-08-07 02:10:03.392,2026-08-07 02:10:03.392,2026-08-07
"133","A1chDHMdBl","MOOSPMv3Parser",1786068601,5,5,3,7,7,3,3,7,7,3,1554,286,25016,39,21,2,21,21,34,15,21,0,38,39,24,26,53.815,12,2,36.139057,-120.368401,174.494995,6,600,58,3,"e00fce68e77e43df92405fdb",2026-08-07 02:10:03.406,2026-08-07 02:10:03.558,2026-08-07 02:10:03.558,2026-08-07
"134","nDg5L41rRU","MOOSPMv3Parser",1786068600,3,3,3,5,5,3,3,6,6,3,739,227,30489,39,23,3,24,24,0,0,24,0,38,40,24,26,35.965,86,3,36.139038,-120.368408,174.098999,11,600,58,3,"e00fce6876826e255108c6bd",2026-08-07 02:10:03.361,2026-08-07 02:10:03.571,2026-08-07 02:10:03.571,2026-08-07
"135","guOFSwAcYS","MOOSPMv3Parser",1786068600,12,12,6,17,17,6,6,18,18,6,2442,665,39558,100,48,5,48,48,34,17,48,0,37,39,28,28,43.568,52,2,35.949471,-119.049995,98.728996,0,600,58,3,"e00fce6808784ceaf209f949",2026-08-07 02:10:03.415,2026-08-07 02:10:03.646,2026-08-07 02:10:03.646,2026-08-07
"136","Vw9NYNAxXe","MOOSPMv3Parser",1786068601,0,0,3,2,2,3,3,2,2,3,322,225,23890,36,26,3,26,26,35,24,26,0,38,40,25,25,39.476,4,2,36.139057,-120.368462,182.162003,0,600,58,3,"e00fce68d6b773b56ce8baa0",2026-08-07 02:10:03.523,2026-08-07 02:10:03.745,2026-08-07 02:10:03.745,2026-08-07
"137","AkSZIRBXIh","MOOSPMv3Parser",1786068600,20,19,15,29,29,16,16,31,31,16,3786,1067,69808,188,117,8,118,118,34,26,118,0,38,39,29,31,54.579,57,4,36.523338,-119.278816,86.708,6,600,58,3,"e00fce68f12da1a0c5de6248",2026-08-07 02:10:03.886,2026-08-07 02:10:04.131,2026-08-07 02:10:04.131,2026-08-07
"138","tRTB0ueGHc","MOOSPMv3Parser",1786068600,3,3,3,5,5,3,3,6,6,3,1030,247,27070,42,26,2,26,26,34,14,26,0,41,39,21,25,512.531,10,2,36.138977,-120.368378,176.617004,8,600,58,3,"e00fce6850cac69f647dc199",2026-08-07 02:10:04.07,2026-08-07 02:10:04.256,2026-08-07 02:10:04.256,2026-08-07
"139","Sv75b4XBv0","MOOSPMv3Parser",1786068601,6,6,5,8,8,5,5,8,8,5,1805,334,63613,49,39,2,40,40,34,16,40,0,38,39,23,25,57.593,15,1,36.762756,-119.798706,50.283001,0,600,58,3,"e00fce68e88237db75a60608",2026-08-07 02:10:05.992,2026-08-07 02:10:06.183,2026-08-07 02:10:06.183,2026-08-07
"140","t4VWxpS6iU","MOOSPMv3Parser",1786069200,3,3,3,5,5,3,3,6,6,3,759,229,30511,37,25,3,25,25,0,0,25,0,37,39,25,26,37.391,86,3,36.138969,-120.368423,163.434998,6,600,58,3,"e00fce6876826e255108c6bd",2026-08-07 02:20:02.699,2026-08-07 02:20:02.885,2026-08-07 02:20:02.885,2026-08-07
"141","DuY1k9DNpE","MOOSPMv3Parser",1786069200,7,7,0,11,11,0,0,12,12,0,1833,468,0,82,0,5,0,0,34,13,0,2,38,38,23,26,52.494,95,1,36.187466,-119.822021,23.742001,5,600,58,3,"e00fce68e739ecbcf9e91965",2026-08-07 02:20:02.913,2026-08-07 02:20:03.093,2026-08-07 02:20:03.093,2026-08-07
"142","e3KC9zxdXV","MOOSPMv3Parser",1786069200,20,20,15,30,29,16,16,31,31,16,3826,1079,69913,189,120,8,120,120,34,26,120,0,37,39,29,31,52.008,87,3,36.523323,-119.27887,88.722,7,600,58,3,"e00fce68f12da1a0c5de6248",2026-08-07 02:20:03.084,2026-08-07 02:20:03.266,2026-08-07 02:20:03.266,2026-08-07
"143","NxQ8KIyWxt","MOOSPMv3Parser",1786069201,4,4,4,6,6,4,4,7,7,4,1015,282,38987,50,31,2,31,31,35,13,31,1,38,41,23,23,51.405,19,3277,2.9e-05,-0.004221,27428.671875,8,600,58,3,"e00fce68e28dcbc9a589be10",2026-08-07 02:20:03.131,2026-08-07 02:20:03.308,2026-08-07 02:20:03.308,2026-08-07
"144","7JW2DhRgMm","MOOSPMv3Parser",1786069201,0,0,3,2,2,4,4,2,2,4,329,229,23912,37,27,3,27,27,35,25,27,0,37,39,25,26,41.01,3,2,36.138973,-120.368286,171.065994,5,600,58,3,"e00fce68d6b773b56ce8baa0",2026-08-07 02:20:03.062,2026-08-07 02:20:03.328,2026-08-07 02:20:03.328,2026-08-07
"145","Fu0bAOtncg","MOOSPMv3Parser",1786069200,13,13,8,18,18,9,10,19,19,10,2483,674,39677,113,62,6,63,63,33,20,63,0,36,38,31,30,43.257,70,2,35.9496,-119.049889,119.535004,5,599,58,3,"e00fce6808784ceaf209f949",2026-08-07 02:20:03.319,2026-08-07 02:20:03.469,2026-08-07 02:20:03.469,2026-08-07
"146","QXoSAJSrCF","MOOSPMv3Parser",1786069201,5,5,3,7,7,3,3,7,7,3,1631,294,25036,42,23,2,23,23,34,16,23,0,37,39,25,26,55.814,9,2,36.138893,-120.368744,145.289001,7,600,58,3,"e00fce68e77e43df92405fdb",2026-08-07 02:20:03.498,2026-08-07 02:20:03.644,2026-08-07 02:20:03.644,2026-08-07
"147","Iz7XrKmyVZ","MOOSPMv3Parser",1786069201,0,0,2,0,0,2,2,0,0,2,298,194,17825,28,17,2,17,17,34,26,17,0,38,39,25,25,61.623,17,2,36.139076,-120.368423,173.785995,8,599,58,3,"e00fce686dc2ef0a68fa40b0",2026-08-07 02:20:03.622,2026-08-07 02:20:03.821,2026-08-07 02:20:03.821,2026-08-07
"148","8UETLvyvki","MOOSPMv3Parser",1786069200,3,3,4,5,5,4,4,6,6,4,1029,244,27094,43,28,2,28,28,34,14,28,0,40,39,21,26,512.488,8,2,36.138901,-120.368507,154.778,7,600,58,3,"e00fce6850cac69f647dc199",2026-08-07 02:20:04.217,2026-08-07 02:20:04.416,2026-08-07 02:20:04.416,2026-08-07
"149","aEedGsrAQ5","MOOSPMv3Parser",1786069201,6,6,5,8,8,5,5,8,8,5,1772,332,63646,51,37,3,37,37,34,17,37,0,38,39,24,27,56.875,17,1,36.762604,-119.798859,51.445,7,600,58,3,"e00fce68e88237db75a60608",2026-08-07 02:20:05.938,2026-08-07 02:20:06.128,2026-08-07 02:20:06.128,2026-08-07
"150","SxPaIWk2aD","MOOSPMv3Parser",1786069800,8,8,0,12,12,0,0,14,14,0,1936,504,0,90,0,6,0,0,33,15,0,2,37,38,25,27,54.792,40,2,36.187469,-119.822075,-0.45,6,600,58,3,"e00fce68e739ecbcf9e91965",2026-08-07 02:30:02.985,2026-08-07 02:30:03.198,2026-08-07 02:30:03.198,2026-08-07
"151","e6EvpdNXAU","MOOSPMv3Parser",1786069801,5,5,4,8,8,5,5,8,8,5,1088,303,39016,48,34,3,34,34,35,14,34,1,38,40,25,24,49.832,20,3277,2.9e-05,-0.004221,27428.671875,8,600,58,3,"e00fce68e28dcbc9a589be10",2026-08-07 02:30:03.129,2026-08-07 02:30:03.302,2026-08-07 02:30:03.302,2026-08-07
"152","0J7MITWFRO","MOOSPMv3Parser",1786069800,13,13,6,18,18,7,8,19,19,8,2486,685,39720,105,49,6,50,50,33,19,50,0,36,38,30,29,41.141,93,2,35.949547,-119.04998,116.096001,6,599,58,3,"e00fce6808784ceaf209f949",2026-08-07 02:30:03.305,2026-08-07 02:30:03.485,2026-08-07 02:30:03.485,2026-08-07
"153","947r6IhOTu","MOOSPMv3Parser",1786069801,0,0,3,2,2,3,3,2,2,3,322,224,23934,38,26,4,26,26,34,25,26,0,37,39,26,26,39.68,3,3,36.13903,-120.368355,167.697006,6,600,58,3,"e00fce68d6b773b56ce8baa0",2026-08-07 02:30:03.301,2026-08-07 02:30:03.495,2026-08-07 02:30:03.495,2026-08-07
"154","ndJ5tb8h5z","MOOSPMv3Parser",1786069801,5,5,3,7,7,3,3,7,7,3,1520,278,25054,40,22,3,22,22,33,16,22,0,37,38,25,27,54.585,7,2,36.138985,-120.368523,151.638,8,600,58,3,"e00fce68e77e43df92405fdb",2026-08-07 02:30:03.389,2026-08-07 02:30:03.56,2026-08-07 02:30:03.56,2026-08-07
"155","mkunWfazyH","MOOSPMv3Parser",1786069801,0,0,2,0,0,2,2,1,1,2,291,189,17840,26,18,2,18,18,34,26,18,0,37,39,25,25,60.092,15,2,36.139076,-120.368385,169.352997,8,599,58,3,"e00fce686dc2ef0a68fa40b0",2026-08-07 02:30:03.795,2026-08-07 02:30:03.982,2026-08-07 02:30:03.982,2026-08-07
"156","rEzfWfZ87T","MOOSPMv3Parser",1786069800,3,3,4,5,5,4,4,5,5,4,984,237,27118,41,28,2,28,28,33,15,28,0,40,38,22,26,512.484,6,2,36.138901,-120.368507,154.778,0,600,58,3,"e00fce6850cac69f647dc199",2026-08-07 02:30:04.608,2026-08-07 02:30:04.791,2026-08-07 02:30:04.791,2026-08-07
"157","gbpClkOXRh","MOOSPMv3Parser",1786069801,6,6,5,9,9,5,5,9,9,5,1673,327,63679,52,38,5,38,38,33,18,38,0,37,38,25,27,55.784,23,1,36.762768,-119.798744,60.999001,8,600,58,3,"e00fce68e88237db75a60608",2026-08-07 02:30:05.891,2026-08-07 02:30:06.057,2026-08-07 02:30:06.057,2026-08-07
"158","JJEPCFx3lE","MOOSPMv3Parser",1786069800,4,4,3,5,5,3,3,6,6,3,752,231,30533,37,25,2,25,25,0,0,25,0,37,38,25,27,36.899,86,3,36.138992,-120.368355,168.378998,6,600,58,3,"e00fce6876826e255108c6bd",2026-08-07 02:30:08.145,2026-08-07 02:30:08.355,2026-08-07 02:30:08.355,2026-08-07
"159","LgHF9Z2pEJ","MOOSPMv3Parser",1786069800,22,21,16,31,31,17,17,33,33,17,3889,1100,70021,200,123,9,124,124,33,25,124,0,37,38,30,30,51.808,97,3,36.523335,-119.278893,93.934998,7,600,58,3,"e00fce68f12da1a0c5de6248",2026-08-07 02:30:19.029,2026-08-07 02:30:19.176,2026-08-07 02:30:19.176,2026-08-07
"160","cDsIBu1g6B","MOOSPMv3Parser",1786070401,0,0,2,0,0,2,2,0,0,2,286,178,17854,25,17,2,17,17,34,26,17,0,36,38,26,26,59.3,15,2,36.139027,-120.368393,172.445999,9,599,58,3,"e00fce686dc2ef0a68fa40b0",2026-08-07 02:40:02.771,2026-08-07 02:40:02.931,2026-08-07 02:40:02.931,2026-08-07
"161","kYAHqneUtP","MOOSPMv3Parser",1786070400,8,8,0,11,11,0,0,12,12,0,1831,474,0,85,0,6,0,0,33,17,0,2,36,38,28,29,52.128,56,2,36.187531,-119.82209,22.045,7,600,58,3,"e00fce68e739ecbcf9e91965",2026-08-07 02:40:03.077,2026-08-07 02:40:03.29,2026-08-07 02:40:03.29,2026-08-07
"162","cGwanENAHi","MOOSPMv3Parser",1786070401,6,6,5,8,8,5,5,9,9,5,1137,317,39047,56,36,3,37,37,34,15,37,1,37,40,26,25,46.754,44,3277,2.9e-05,-0.004221,27428.671875,8,600,58,3,"e00fce68e28dcbc9a589be10",2026-08-07 02:40:03.215,2026-08-07 02:40:03.428,2026-08-07 02:40:03.428,2026-08-07
"163","DitXUarcry","MOOSPMv3Parser",1786070400,14,14,10,21,21,19,26,23,23,29,2719,734,39706,140,74,12,82,84,33,19,84,1,36,38,30,29,39.201,139,1,35.949635,-119.049973,108.275002,5,600,58,3,"e00fce6808784ceaf209f949",2026-08-07 02:40:03.381,2026-08-07 02:40:03.551,2026-08-07 02:40:03.551,2026-08-07
"164","CisD39NFDO","MOOSPMv3Parser",1786070401,0,0,3,2,2,4,4,2,2,4,309,214,23956,36,26,4,26,26,34,25,26,0,36,38,26,26,42.874,3,3,36.139061,-120.36837,177.621002,8,600,58,3,"e00fce68d6b773b56ce8baa0",2026-08-07 02:40:03.461,2026-08-07 02:40:03.632,2026-08-07 02:40:03.632,2026-08-07
"165","D3WC60fqS5","MOOSPMv3Parser",1786070401,4,4,3,6,6,3,3,6,6,3,1427,268,25074,37,22,2,22,22,33,16,22,0,36,38,25,27,54.37,7,2,36.139027,-120.368385,161.546997,6,600,58,3,"e00fce68e77e43df92405fdb",2026-08-07 02:40:03.676,2026-08-07 02:40:03.843,2026-08-07 02:40:03.843,2026-08-07
"166","UB4leLUIMt","MOOSPMv3Parser",1786070400,22,21,16,31,30,17,17,32,32,17,3979,1112,70131,188,126,7,126,126,33,27,126,0,36,38,32,32,44.44,127,3,36.523407,-119.278755,69.905998,6,600,58,3,"e00fce68f12da1a0c5de6248",2026-08-07 02:40:04.045,2026-08-07 02:40:04.198,2026-08-07 02:40:04.198,2026-08-07
"167","kRX6NVnPuv","MOOSPMv3Parser",1786070400,3,3,3,6,6,4,4,6,6,4,967,236,27141,43,27,3,27,27,33,15,27,0,39,38,22,27,512.585,5,2,36.138973,-120.368431,175.203995,8,600,58,3,"e00fce6850cac69f647dc199",2026-08-07 02:40:04.256,2026-08-07 02:40:04.405,2026-08-07 02:40:04.405,2026-08-07
"168","Em3S9izaWK","MOOSPMv3Parser",1786070400,3,3,3,6,6,3,3,7,7,3,749,229,30554,41,25,5,25,25,0,0,25,0,36,38,26,27,36.489,86,4,36.138988,-120.368416,176.421005,8,600,58,3,"e00fce6876826e255108c6bd",2026-08-07 02:40:04.383,2026-08-07 02:40:04.587,2026-08-07 02:40:04.587,2026-08-07
"169","mqq5BIZmP3","MOOSPMv3Parser",1786070401,6,6,5,8,8,5,5,8,8,5,1584,316,63710,45,36,2,36,36,33,18,36,0,37,38,25,27,54.196,27,1,36.762741,-119.798775,57.833,12,600,58,3,"e00fce68e88237db75a60608",2026-08-07 02:40:05.84,2026-08-07 02:40:06.015,2026-08-07 02:40:06.015,2026-08-07
"170","WphfTjY2I9","MOOSPMv3Parser",1786071000,8,8,0,12,12,0,0,13,13,0,1836,475,0,85,0,7,0,0,32,19,0,2,36,37,29,30,47.61,116,2,36.187592,-119.822044,41.206001,6,600,58,3,"e00fce68e739ecbcf9e91965",2026-08-07 02:50:02.915,2026-08-07 02:50:03.117,2026-08-07 02:50:03.117,2026-08-07
"171","CTFRWUj8wO","MOOSPMv3Parser",1786071000,12,12,6,17,17,6,6,17,17,6,2338,634,39748,97,48,5,48,48,33,20,48,0,35,37,31,30,38.64,125,1,35.949677,-119.049934,124.498001,6,600,58,3,"e00fce6808784ceaf209f949",2026-08-07 02:50:03.316,2026-08-07 02:50:03.489,2026-08-07 02:50:03.489,2026-08-07
"172","E0CJsskHBI","MOOSPMv3Parser",1786071001,0,0,3,1,1,4,4,2,2,4,306,212,23978,35,26,4,26,26,34,26,26,0,36,38,27,27,42.554,3,3,36.138988,-120.368416,172.419998,10,600,58,3,"e00fce68d6b773b56ce8baa0",2026-08-07 02:50:03.324,2026-08-07 02:50:03.515,2026-08-07 02:50:03.515,2026-08-07
"173","G0W3IxhmXQ","MOOSPMv3Parser",1786071001,6,6,5,8,8,5,5,8,8,5,1141,317,39078,54,36,3,36,36,34,16,36,1,36,39,27,26,44.398,63,3277,2.9e-05,-0.004221,27428.671875,8,600,58,3,"e00fce68e28dcbc9a589be10",2026-08-07 02:50:03.387,2026-08-07 02:50:03.534,2026-08-07 02:50:03.534,2026-08-07
"174","svEzOFPc94","MOOSPMv3Parser",1786071001,0,0,2,0,0,3,3,0,0,3,277,173,17869,25,18,2,18,18,33,27,18,0,36,38,26,26,59.556,13,2,36.139053,-120.368332,182.363998,8,599,58,3,"e00fce686dc2ef0a68fa40b0",2026-08-07 02:50:03.34,2026-08-07 02:50:03.546,2026-08-07 02:50:03.546,2026-08-07
"175","rq8CePsV7Y","MOOSPMv3Parser",1786071001,4,4,3,6,6,3,3,6,6,3,1381,258,25093,38,23,2,23,23,33,17,23,0,36,37,26,28,54.459,6,2,36.139038,-120.368507,162.990005,7,600,58,3,"e00fce68e77e43df92405fdb",2026-08-07 02:50:03.41,2026-08-07 02:50:03.568,2026-08-07 02:50:03.568,2026-08-07
"176","Vir0aOBjxA","MOOSPMv3Parser",1786071000,3,3,3,5,5,3,3,6,6,3,747,227,30577,40,26,4,26,26,0,0,26,0,36,37,26,28,37.035,86,4,36.139,-120.368378,169.358994,7,600,58,3,"e00fce6876826e255108c6bd",2026-08-07 02:50:03.713,2026-08-07 02:50:03.91,2026-08-07 02:50:03.91,2026-08-07
"177","AngMuT8biY","MOOSPMv3Parser",1786071001,5,5,5,8,8,5,5,8,8,5,1538,304,63741,50,35,4,36,36,32,20,36,0,36,37,27,28,52.486,29,1,36.76281,-119.798729,44.66,10,600,58,3,"e00fce68e88237db75a60608",2026-08-07 02:50:05.955,2026-08-07 02:50:06.169,2026-08-07 02:50:06.169,2026-08-07
"178","xIRh9UEZah","MOOSPMv3Parser",1786071000,21,20,16,31,30,17,17,32,32,17,3853,1087,70239,194,123,8,124,124,33,28,124,0,36,37,33,33,44.122,121,2,36.52346,-119.278801,89.602997,8,600,58,3,"e00fce68f12da1a0c5de6248",2026-08-07 02:50:07.12,2026-08-07 02:50:07.323,2026-08-07 02:50:07.323,2026-08-07
"179","6TwLOr4MuK","MOOSPMv3Parser",1786071000,4,4,4,6,6,4,4,6,6,4,937,227,27165,38,28,3,28,28,32,16,28,0,39,37,23,27,512.744,5,2,36.139091,-120.368355,170.440994,7,600,58,3,"e00fce6850cac69f647dc199",2026-08-07 02:50:08.749,2026-08-07 02:50:08.918,2026-08-07 02:50:08.918,2026-08-07
"180","3Hz3uh7LPG","MOOSPMv3Parser",1786071600,3,3,3,5,5,3,3,6,6,3,687,210,30598,37,24,4,25,25,0,0,25,0,35,37,27,28,36.508,87,4,36.139198,-120.368454,188.873001,6,600,58,3,"e00fce6876826e255108c6bd",2026-08-07 03:00:02.77,2026-08-07 03:00:03.038,2026-08-07 03:00:03.038,2026-08-07
"181","Xntgx9Uq0E","MOOSPMv3Parser",1786071600,8,8,0,13,13,0,0,13,13,0,1919,511,0,95,0,5,0,0,32,20,0,2,35,37,30,31,44.769,174,2,36.187584,-119.822136,33.861,7,600,58,3,"e00fce68e739ecbcf9e91965",2026-08-07 03:00:02.844,2026-08-07 03:00:03.141,2026-08-07 03:00:03.141,2026-08-07
"182","NedCd42t6Q","MOOSPMv3Parser",1786071601,5,5,5,8,8,5,5,8,8,5,1105,308,39109,54,36,4,36,36,34,18,36,1,36,38,29,28,41.311,107,3277,2.9e-05,-0.004221,27428.671875,8,600,58,3,"e00fce68e28dcbc9a589be10",2026-08-07 03:00:03.268,2026-08-07 03:00:03.507,2026-08-07 03:00:03.507,2026-08-07
"183","w8rTwtLnwz","MOOSPMv3Parser",1786071600,13,13,7,17,17,7,7,18,18,7,2430,663,39860,102,52,5,53,53,32,21,53,0,34,37,34,32,30.906,180,1,35.949303,-119.049919,101.157997,5,599,58,3,"e00fce6808784ceaf209f949",2026-08-07 03:00:03.315,2026-08-07 03:00:03.575,2026-08-07 03:00:03.575,2026-08-07
"184","dMs70Vcg0q","MOOSPMv3Parser",1786071601,4,4,3,6,6,3,3,6,6,3,1363,254,25112,38,21,2,21,21,32,17,21,0,35,37,27,28,53.675,7,2,36.139038,-120.368507,162.994003,0,600,58,3,"e00fce68e77e43df92405fdb",2026-08-07 03:00:03.503,2026-08-07 03:00:03.744,2026-08-07 03:00:03.744,2026-08-07
"185","Ec5m6GHxf5","MOOSPMv3Parser",1786071601,0,0,3,1,1,4,4,2,2,4,305,209,24000,34,27,3,27,27,33,26,27,0,35,37,27,28,42.098,3,3,36.138988,-120.368416,156.735992,7,600,58,3,"e00fce68d6b773b56ce8baa0",2026-08-07 03:00:03.605,2026-08-07 03:00:03.852,2026-08-07 03:00:03.852,2026-08-07
"186","MEDue7CchU","MOOSPMv3Parser",1786071601,0,0,2,0,0,2,2,0,0,2,265,167,17883,25,16,2,16,16,33,27,16,0,35,37,27,27,58.741,14,2,36.139076,-120.368393,167.908005,8,599,58,3,"e00fce686dc2ef0a68fa40b0",2026-08-07 03:00:03.723,2026-08-07 03:00:03.898,2026-08-07 03:00:03.898,2026-08-07
"187","2MMVFDoWfS","MOOSPMv3Parser",1786071601,5,5,5,8,8,5,5,8,8,5,1565,305,63772,47,35,3,36,36,32,21,36,0,36,36,28,30,51.589,29,1,36.762829,-119.798737,46.000999,7,600,58,3,"e00fce68e88237db75a60608",2026-08-07 03:00:06.054,2026-08-07 03:00:06.253,2026-08-07 03:00:06.253,2026-08-07
"188","HutFrkktW4","MOOSPMv3Parser",1786071600,3,3,3,5,5,4,4,6,6,4,904,221,27189,38,27,2,27,27,32,17,27,0,38,37,23,28,512.832,4,3,36.139015,-120.368439,173.548996,7,600,58,3,"e00fce6850cac69f647dc199",2026-08-07 03:00:07.553,2026-08-07 03:00:07.702,2026-08-07 03:00:07.702,2026-08-07
"189","2wQ63GDrRg","MOOSPMv3Parser",1786071600,19,19,15,28,27,15,15,29,29,15,3417,971,70338,172,114,8,114,114,32,30,114,0,34,37,35,33,37.696,141,2,36.523331,-119.278801,86.888,7,600,58,3,"e00fce68f12da1a0c5de6248",2026-08-07 03:00:08.075,2026-08-07 03:00:08.268,2026-08-07 03:00:08.268,2026-08-07
"190","arjTvY8pnB","MOOSPMv3Parser",1786072200,0,0,2,0,0,2,2,1,1,2,267,169,17895,23,15,2,15,15,33,27,15,0,35,37,28,27,57.864,18,2,36.138988,-120.368416,162.341003,5,599,58,3,"e00fce686dc2ef0a68fa40b0",2026-08-07 03:10:02.505,2026-08-07 03:10:02.695,2026-08-07 03:10:02.695,2026-08-07
"191","byUQPT5eSU","MOOSPMv3Parser",1786072200,17,17,13,25,25,14,14,27,27,14,3143,889,70430,164,105,7,105,105,32,31,105,0,33,36,38,35,32.424,165,2,36.523403,-119.278732,67.831001,6,600,58,3,"e00fce68f12da1a0c5de6248",2026-08-07 03:10:02.781,2026-08-07 03:10:02.963,2026-08-07 03:10:02.963,2026-08-07
"192","7lRQ3pGMYz","MOOSPMv3Parser",1786072200,9,9,0,13,13,0,0,14,14,0,2094,547,0,95,0,6,0,0,32,21,0,2,35,36,31,32,43.62,167,2,36.187531,-119.822136,33.645,8,600,58,3,"e00fce68e739ecbcf9e91965",2026-08-07 03:10:03.09,2026-08-07 03:10:03.254,2026-08-07 03:10:03.254,2026-08-07
"193","YHbpiF4j9H","MOOSPMv3Parser",1786072201,5,5,4,7,7,5,5,8,8,5,1052,298,39138,47,34,3,35,35,33,20,35,1,35,38,32,30,39.909,119,3277,2.9e-05,-0.004221,27428.671875,8,600,58,3,"e00fce68e28dcbc9a589be10",2026-08-07 03:10:03.229,2026-08-07 03:10:03.411,2026-08-07 03:10:03.411,2026-08-07
"194","AmnhM1sSc8","MOOSPMv3Parser",1786072201,0,0,3,1,1,3,3,2,2,3,300,206,24022,35,26,3,26,26,33,26,26,0,35,37,28,28,41.56,4,3,36.139091,-120.368416,155.766006,7,600,58,3,"e00fce68d6b773b56ce8baa0",2026-08-07 03:10:03.303,2026-08-07 03:10:03.527,2026-08-07 03:10:03.527,2026-08-07
"195","HFfdIOpMVE","MOOSPMv3Parser",1786072200,13,13,10,21,21,13,15,22,22,17,2613,717,39919,130,73,10,76,77,31,27,77,1,33,36,39,37,16.5,333,1,35.949589,-119.049942,113.557999,5,599,58,3,"e00fce6808784ceaf209f949",2026-08-07 03:10:03.302,2026-08-07 03:10:03.58,2026-08-07 03:10:03.58,2026-08-07
"196","NYNQqIWmMg","MOOSPMv3Parser",1786072201,4,4,3,6,6,3,3,7,7,3,1395,262,25130,39,20,2,21,21,32,18,21,0,35,37,27,28,52.591,8,2,36.139072,-120.368385,185.345001,10,600,58,3,"e00fce68e77e43df92405fdb",2026-08-07 03:10:03.484,2026-08-07 03:10:03.662,2026-08-07 03:10:03.662,2026-08-07
"197","fSQh8gcB5a","MOOSPMv3Parser",1786072200,3,3,3,5,5,3,3,6,6,3,680,208,30618,36,23,2,23,23,0,0,23,0,35,36,27,29,36.317,87,4,36.139118,-120.368408,189.815002,5,600,58,3,"e00fce6876826e255108c6bd",2026-08-07 03:10:03.565,2026-08-07 03:10:03.746,2026-08-07 03:10:03.746,2026-08-07
"198","ETQonZGj9F","MOOSPMv3Parser",1786072201,5,5,5,8,8,5,5,8,8,5,1514,303,63805,51,38,5,38,38,32,23,38,0,35,36,30,31,48.043,57,1,36.762768,-119.798744,83.542,13,600,58,3,"e00fce68e88237db75a60608",2026-08-07 03:10:06.055,2026-08-07 03:10:06.341,2026-08-07 03:10:06.341,2026-08-07
"199","tauQJj1Kjj","MOOSPMv3Parser",1786072200,3,3,3,5,5,4,4,6,6,4,896,219,27212,37,27,2,27,27,32,17,27,0,38,36,24,28,512.673,5,3,36.139103,-120.368294,164.104996,6,600,58,3,"e00fce6850cac69f647dc199",2026-08-07 03:10:08.347,2026-08-07 03:10:08.519,2026-08-07 03:10:08.519,2026-08-07
"200","62oTJ3EzcQ","MOOSPMv3Parser",1786072801,0,0,2,0,0,2,2,1,1,2,258,161,17877,24,15,2,15,15,33,27,15,0,35,37,28,27,57.128,21,2,36.138988,-120.368416,162.341995,0,600,58,3,"e00fce686dc2ef0a68fa40b0",2026-08-07 03:20:02.835,2026-08-07 03:20:03.002,2026-08-07 03:20:03.002,2026-08-07
"201","0BDVBatFf3","MOOSPMv3Parser",1786072800,9,9,0,13,13,0,0,14,14,0,2062,546,0,89,0,6,0,0,31,22,0,2,34,36,32,33,43.706,121,2,36.187531,-119.822136,33.645,0,600,58,3,"e00fce68e739ecbcf9e91965",2026-08-07 03:20:02.914,2026-08-07 03:20:03.065,2026-08-07 03:20:03.065,2026-08-07
"202","4LVkvjxbyG","MOOSPMv3Parser",1786072800,3,3,3,5,5,3,3,5,5,3,680,208,30639,33,24,2,24,24,0,0,24,0,35,36,28,29,35.92,87,4,36.139091,-120.368416,180.748001,7,600,58,3,"e00fce6876826e255108c6bd",2026-08-07 03:20:03.183,2026-08-07 03:20:03.396,2026-08-07 03:20:03.396,2026-08-07
"203","AYBEhoCXWV","MOOSPMv3Parser",1786072800,15,15,11,23,23,19,26,26,26,29,2841,785,39979,148,82,14,89,91,31,26,91,1,32,35,39,35,12.481,360,1,35.949574,-119.049934,118.744003,6,599,58,3,"e00fce6808784ceaf209f949",2026-08-07 03:20:03.321,2026-08-07 03:20:03.472,2026-08-07 03:20:03.472,2026-08-07
"204","hw4RPNOpVD","MOOSPMv3Parser",1786072801,5,5,4,8,8,4,5,8,8,5,1058,301,39167,50,33,3,33,33,32,22,33,0,34,37,35,32,36.22,169,3277,2.9e-05,-0.004221,27428.671875,8,600,58,3,"e00fce68e28dcbc9a589be10",2026-08-07 03:20:03.305,2026-08-07 03:20:03.523,2026-08-07 03:20:03.523,2026-08-07
"205","3xcQ3sAiTN","MOOSPMv3Parser",1786072801,4,4,3,6,6,3,3,6,6,3,1301,248,25147,36,20,2,20,20,32,18,20,0,35,36,27,29,51.811,11,2,36.139072,-120.368446,195.488007,8,600,58,3,"e00fce68e77e43df92405fdb",2026-08-07 03:20:03.432,2026-08-07 03:20:03.603,2026-08-07 03:20:03.603,2026-08-07
"206","T8QsGKrgQT","MOOSPMv3Parser",1786072801,0,0,3,1,1,3,3,1,1,3,291,199,24043,34,25,3,25,25,32,27,25,0,35,36,28,28,41.778,6,3,36.139015,-120.368385,145.281006,7,600,58,3,"e00fce68d6b773b56ce8baa0",2026-08-07 03:20:03.698,2026-08-07 03:20:03.843,2026-08-07 03:20:03.843,2026-08-07
"207","iYgxMMsJOm","MOOSPMv3Parser",1786072800,15,15,12,22,22,13,13,23,23,13,2840,796,70515,144,98,6,98,98,31,32,98,0,33,35,38,36,29.765,179,2,36.523403,-119.278732,67.827003,0,600,58,3,"e00fce68f12da1a0c5de6248",2026-08-07 03:20:04.206,2026-08-07 03:20:04.429,2026-08-07 03:20:04.429,2026-08-07
"208","DaKpsme3OB","MOOSPMv3Parser",1786072800,3,3,3,5,5,3,3,6,6,3,900,217,27235,37,26,2,26,26,32,18,26,0,38,36,24,29,512.73,5,3,36.139042,-120.368332,183.268005,7,600,58,3,"e00fce6850cac69f647dc199",2026-08-07 03:20:04.695,2026-08-07 03:20:04.901,2026-08-07 03:20:04.901,2026-08-07
"209","6HG45Q2WIK","MOOSPMv3Parser",1786072801,5,5,5,7,7,5,5,8,8,5,1523,298,63837,47,36,3,36,36,31,25,36,0,35,35,31,33,49.031,55,2,36.762737,-119.798744,64.287003,10,600,58,3,"e00fce68e88237db75a60608",2026-08-07 03:20:05.812,2026-08-07 03:20:05.975,2026-08-07 03:20:05.975,2026-08-07
"210","bchOqsuUCZ","MOOSPMv3Parser",1786073400,3,3,3,5,5,3,3,6,6,3,684,209,30660,35,24,3,24,24,0,0,24,0,34,36,29,30,34.233,87,4,36.139034,-120.368355,169.621994,7,600,58,3,"e00fce6876826e255108c6bd",2026-08-07 03:30:02.809,2026-08-07 03:30:02.975,2026-08-07 03:30:02.975,2026-08-07
"211","F1Pk7uwNXw","MOOSPMv3Parser",1786073400,8,8,0,12,12,0,0,13,13,0,1821,478,0,85,0,6,0,0,31,24,0,2,34,35,34,34,42.279,114,3,36.187473,-119.822021,28.483,7,600,58,3,"e00fce68e739ecbcf9e91965",2026-08-07 03:30:02.912,2026-08-07 03:30:03.131,2026-08-07 03:30:03.131,2026-08-07
"212","YcsPhx4jyc","MOOSPMv3Parser",1786073401,0,0,3,1,1,3,3,2,2,3,296,202,24064,35,25,3,25,25,32,27,25,0,34,36,29,29,38.849,19,3,36.138977,-120.368408,173.940994,7,600,58,3,"e00fce68d6b773b56ce8baa0",2026-08-07 03:30:03.215,2026-08-07 03:30:03.364,2026-08-07 03:30:03.364,2026-08-07
"213","CpVBq2KFMI","MOOSPMv3Parser",1786073401,0,0,2,0,0,2,2,0,0,2,258,161,17920,23,15,2,15,15,32,28,15,0,34,36,29,28,53.733,44,2,36.139004,-120.368462,173.164001,5,599,58,3,"e00fce686dc2ef0a68fa40b0",2026-08-07 03:30:03.311,2026-08-07 03:30:03.505,2026-08-07 03:30:03.505,2026-08-07
"214","O5rV6Ebx70","MOOSPMv3Parser",1786073400,14,14,8,19,19,9,9,20,20,9,2653,725,40033,122,62,6,63,63,30,29,63,0,33,35,40,37,22.639,287,1,35.949478,-119.049934,105.900002,6,599,58,3,"e00fce6808784ceaf209f949",2026-08-07 03:30:03.316,2026-08-07 03:30:03.517,2026-08-07 03:30:03.517,2026-08-07
"215","AfOSeU8p8b","MOOSPMv3Parser",1786073401,5,5,4,7,7,5,5,8,8,5,1062,298,39196,47,34,3,34,34,32,23,34,1,33,36,35,33,35.406,195,3277,2.9e-05,-0.004221,27428.671875,8,600,58,3,"e00fce68e28dcbc9a589be10",2026-08-07 03:30:03.36,2026-08-07 03:30:03.528,2026-08-07 03:30:03.528,2026-08-07
"216","iqI5bL9GHV","MOOSPMv3Parser",1786073400,14,14,12,20,20,12,12,21,21,12,2595,734,70597,128,93,6,93,93,30,36,93,0,32,35,44,39,25.337,199,2,36.523357,-119.278763,85.266998,7,600,58,3,"e00fce68f12da1a0c5de6248",2026-08-07 03:30:03.393,2026-08-07 03:30:03.584,2026-08-07 03:30:03.584,2026-08-07
"217","XsOlBI2Zx7","MOOSPMv3Parser",1786073401,4,4,3,6,6,3,3,6,6,3,1318,254,25165,39,21,2,21,21,32,18,21,0,34,36,28,29,47.86,29,2,36.13903,-120.368416,194.097,6,600,58,3,"e00fce68e77e43df92405fdb",2026-08-07 03:30:03.483,2026-08-07 03:30:03.67,2026-08-07 03:30:03.67,2026-08-07
"218","JsuPhxytcV","MOOSPMv3Parser",1786073400,4,4,3,5,5,3,3,6,6,3,881,218,27257,36,26,2,26,26,31,18,26,0,38,35,24,30,512.763,9,3,36.138908,-120.368355,176.182999,7,600,58,3,"e00fce6850cac69f647dc199",2026-08-07 03:30:04.007,2026-08-07 03:30:04.239,2026-08-07 03:30:04.239,2026-08-07
"219","H2vBWrvF9t","MOOSPMv3Parser",1786073401,5,5,5,8,8,5,5,8,8,5,1486,306,63868,51,36,3,36,36,31,26,36,0,34,35,32,34,48.066,52,2,36.762711,-119.79879,52.634998,9,600,58,3,"e00fce68e88237db75a60608",2026-08-07 03:30:06.474,2026-08-07 03:30:06.667,2026-08-07 03:30:06.667,2026-08-07
"220","gvYMF1r0RC","MOOSPMv3Parser",1786074001,0,0,2,0,0,2,2,0,0,2,263,164,17933,25,16,2,16,16,32,29,16,0,34,36,30,29,52.094,42,2,36.139065,-120.368401,173.076996,5,599,58,3,"e00fce686dc2ef0a68fa40b0",2026-08-07 03:40:03.006,2026-08-07 03:40:03.186,2026-08-07 03:40:03.186,2026-08-07
"221","Qjt0y4O88O","MOOSPMv3Parser",1786074000,7,7,0,12,12,0,0,13,13,0,1733,454,0,83,0,7,0,0,30,25,0,2,33,35,35,35,39.043,162,3,36.187561,-119.82209,24.049,10,600,58,3,"e00fce68e739ecbcf9e91965",2026-08-07 03:40:03.161,2026-08-07 03:40:03.35,2026-08-07 03:40:03.35,2026-08-07
"222","xLZbQOtASY","MOOSPMv3Parser",1786074000,14,14,8,20,20,8,8,21,21,8,2713,745,40020,126,62,6,62,62,30,30,62,0,32,34,39,37,19.651,355,1,35.949478,-119.049934,105.898003,0,600,58,3,"e00fce6808784ceaf209f949",2026-08-07 03:40:03.306,2026-08-07 03:40:03.497,2026-08-07 03:40:03.497,2026-08-07
"223","kfA1ny6AEN","MOOSPMv3Parser",1786074001,5,5,4,8,8,4,5,8,8,5,1060,300,39224,51,33,3,33,33,32,23,33,0,33,36,35,33,38.912,117,3277,2.9e-05,-0.004221,27428.671875,8,600,58,3,"e00fce68e28dcbc9a589be10",2026-08-07 03:40:03.37,2026-08-07 03:40:03.52,2026-08-07 03:40:03.52,2026-08-07
"224","6RsVcOUSFb","MOOSPMv3Parser",1786074001,0,0,3,1,1,3,3,2,2,3,292,201,24086,35,26,3,26,26,32,28,26,0,34,36,30,30,38.371,24,3,36.138996,-120.368385,171.764008,8,600,58,3,"e00fce68d6b773b56ce8baa0",2026-08-07 03:40:03.389,2026-08-07 03:40:03.588,2026-08-07 03:40:03.588,2026-08-07
"225","lHIPYXqAeY","MOOSPMv3Parser",1786074001,4,4,3,6,6,3,3,6,6,3,1300,251,25184,40,22,2,22,22,31,20,22,0,34,36,29,30,47.006,28,2,36.138985,-120.368385,156.664001,6,600,58,3,"e00fce68e77e43df92405fdb",2026-08-07 03:40:03.68,2026-08-07 03:40:03.846,2026-08-07 03:40:03.846,2026-08-07
"226","P9DVVKG35A","MOOSPMv3Parser",1786074000,3,3,3,5,5,3,3,6,6,3,672,206,30681,36,24,4,24,24,0,0,24,0,34,35,29,31,33.741,87,4,36.138981,-120.368408,180.404007,7,600,58,3,"e00fce6876826e255108c6bd",2026-08-07 03:40:03.714,2026-08-07 03:40:03.864,2026-08-07 03:40:03.864,2026-08-07
"227","X8gRY3TRFc","MOOSPMv3Parser",1786074000,3,3,3,5,5,4,4,5,5,4,843,205,27281,38,27,2,27,27,31,20,27,0,37,35,25,31,512.852,11,3,36.139034,-120.368477,170.927002,6,600,58,3,"e00fce6850cac69f647dc199",2026-08-07 03:40:04.287,2026-08-07 03:40:04.503,2026-08-07 03:40:04.503,2026-08-07
"228","yGQ1gQiy3U","MOOSPMv3Parser",1786074001,5,5,5,7,7,5,5,8,8,5,1441,290,63900,47,37,3,37,37,30,27,37,0,34,34,32,34,46.265,63,2,36.762749,-119.798744,56.490002,8,600,58,3,"e00fce68e88237db75a60608",2026-08-07 03:40:05.872,2026-08-07 03:40:06.071,2026-08-07 03:40:06.071,2026-08-07
"229","mADYUOcrt6","MOOSPMv3Parser",1786074000,14,14,12,20,20,12,12,21,21,12,2545,721,70677,126,92,6,92,92,30,37,92,0,31,34,44,39,24.945,207,1,36.523529,-119.278824,107.073997,5,600,58,3,"e00fce68f12da1a0c5de6248",2026-08-07 03:40:06.997,2026-08-07 03:40:07.22,2026-08-07 03:40:07.22,2026-08-07
"230","eaXwrGqSTe","MOOSPMv3Parser",1786074601,0,0,2,0,0,2,2,0,0,2,257,160,17946,23,16,2,16,16,32,29,16,0,33,36,30,29,50.738,49,2,36.139011,-120.368462,174.033005,7,599,58,3,"e00fce686dc2ef0a68fa40b0",2026-08-07 03:50:02.769,2026-08-07 03:50:02.966,2026-08-07 03:50:02.966,2026-08-07
"231","1rLpmDZDjQ","MOOSPMv3Parser",1786074600,6,6,0,11,11,0,0,12,12,0,1584,411,0,77,0,5,0,0,30,25,0,2,33,34,34,35,38.655,169,4,36.187534,-119.822067,24.167999,10,600,58,3,"e00fce68e739ecbcf9e91965",2026-08-07 03:50:02.913,2026-08-07 03:50:03.097,2026-08-07 03:50:03.097,2026-08-07
"232","oaVQZK30Ab","MOOSPMv3Parser",1786074601,5,5,5,8,8,5,5,8,8,5,1461,306,64254,54,37,3,37,37,30,28,37,0,33,34,34,35,45.199,65,2,36.762714,-119.798767,59.747002,11,597,58,3,"e00fce68e88237db75a60608",2026-08-07 03:50:02.921,2026-08-07 03:50:03.11,2026-08-07 03:50:03.11,2026-08-07
"233","4ERdAK5aHZ","MOOSPMv3Parser",1786074601,0,0,3,1,1,3,3,1,1,3,289,200,24107,32,26,3,26,26,31,28,26,0,33,35,31,31,37.44,29,3,36.139061,-120.368469,172.639008,7,600,58,3,"e00fce68d6b773b56ce8baa0",2026-08-07 03:50:03.167,2026-08-07 03:50:03.348,2026-08-07 03:50:03.348,2026-08-07
"234","kToVT6ELY8","MOOSPMv3Parser",1786074600,14,14,8,20,20,8,8,21,21,8,2700,744,40075,121,63,6,63,63,30,28,63,0,32,34,38,36,30.286,252,1,35.949619,-119.049973,112.130997,8,600,58,3,"e00fce6808784ceaf209f949",2026-08-07 03:50:03.406,2026-08-07 03:50:03.6,2026-08-07 03:50:03.6,2026-08-07
"235","XJBmh7CaDq","MOOSPMv3Parser",1786074601,4,4,3,6,6,3,3,6,6,3,1296,248,25202,36,21,2,21,21,31,20,21,0,34,35,30,31,45.745,32,2,36.139107,-120.368515,166.296005,7,600,58,3,"e00fce68e77e43df92405fdb",2026-08-07 03:50:03.491,2026-08-07 03:50:03.64,2026-08-07 03:50:03.64,2026-08-07
"236","GWHHqG3QNy","MOOSPMv3Parser",1786074601,5,5,4,8,8,5,5,8,8,5,1085,303,39254,53,35,3,35,35,31,24,35,1,33,35,35,33,39.631,105,3277,2.9e-05,-0.004221,27428.671875,8,600,58,3,"e00fce68e28dcbc9a589be10",2026-08-07 03:50:03.473,2026-08-07 03:50:03.671,2026-08-07 03:50:03.671,2026-08-07
"237","7Igz5vFduy","MOOSPMv3Parser",1786074600,3,3,3,5,5,3,3,5,5,3,663,203,30702,34,23,2,24,24,0,0,24,0,33,35,30,31,33.139,87,4,36.138981,-120.368408,180.403,0,600,58,3,"e00fce6876826e255108c6bd",2026-08-07 03:50:03.771,2026-08-07 03:50:03.998,2026-08-07 03:50:03.998,2026-08-07
"238","EOF098kyxu","MOOSPMv3Parser",1786074600,3,3,3,5,5,3,3,5,5,3,846,209,27303,37,26,2,26,26,30,20,26,0,37,35,25,31,512.793,11,3,36.139027,-120.368553,172.085007,6,600,58,3,"e00fce6850cac69f647dc199",2026-08-07 03:50:05.619,2026-08-07 03:50:05.805,2026-08-07 03:50:05.805,2026-08-07
"239","0Pg9MrRMXK","MOOSPMv3Parser",1786074600,13,13,11,19,19,12,12,20,20,12,2426,681,70753,120,86,6,86,86,29,39,86,0,31,33,44,41,24.43,198,1,36.5233,-119.278915,63.619999,6,600,58,3,"e00fce68f12da1a0c5de6248",2026-08-07 03:50:09.635,2026-08-07 03:50:09.824,2026-08-07 03:50:09.824,2026-08-07
"240","5nJIHnrZsn","MOOSPMv3Parser",1786075201,5,5,5,7,7,5,5,8,8,5,1448,298,63966,50,38,2,38,38,30,29,38,0,33,34,34,36,43.179,84,2,36.762714,-119.798767,59.748001,0,600,58,3,"e00fce68e88237db75a60608",2026-08-07 04:00:02.921,2026-08-07 04:00:03.36,2026-08-07 04:00:03.36,2026-08-07
"241","58L1B1AWHx","MOOSPMv3Parser",1786075200,6,6,0,9,9,0,0,10,10,0,1409,366,0,65,0,5,0,0,30,26,0,2,33,34,34,35,39.042,159,4,36.187454,-119.822014,21.518,7,600,58,3,"e00fce68e739ecbcf9e91965",2026-08-07 04:00:02.993,2026-08-07 04:00:03.418,2026-08-07 04:00:03.418,2026-08-07
"242","nkfOq3vt0e","MOOSPMv3Parser",1786075200,16,16,10,23,23,10,10,24,24,10,2997,826,40210,139,78,8,78,78,29,28,78,0,32,33,38,37,26.596,248,1,35.9496,-119.049927,109.612,7,599,58,3,"e00fce6808784ceaf209f949",2026-08-07 04:00:03.255,2026-08-07 04:00:03.684,2026-08-07 04:00:03.684,2026-08-07
"243","HqzOeDg3Ok","MOOSPMv3Parser",1786075201,6,6,5,8,8,5,5,8,8,5,1145,321,39285,58,36,3,36,36,31,24,36,1,33,35,34,33,39.509,91,3277,2.9e-05,-0.004221,27428.671875,8,600,58,3,"e00fce68e28dcbc9a589be10",2026-08-07 04:00:03.303,2026-08-07 04:00:03.727,2026-08-07 04:00:03.727,2026-08-07
"244","XD1U125BsP","MOOSPMv3Parser",1786075201,4,4,3,6,6,3,3,6,6,3,1282,250,25220,39,20,2,20,20,31,20,20,0,33,35,30,31,45.986,31,2,36.139236,-120.368462,163.072998,11,600,58,3,"e00fce68e77e43df92405fdb",2026-08-07 04:00:03.484,2026-08-07 04:00:03.815,2026-08-07 04:00:03.815,2026-08-07
"245","Fb7TqcA9qk","MOOSPMv3Parser",1786075201,0,0,2,0,0,2,2,0,0,2,253,155,17959,23,15,2,15,15,32,29,15,0,33,35,31,29,51.3,45,2,36.139065,-120.368393,179.529999,8,599,58,3,"e00fce686dc2ef0a68fa40b0",2026-08-07 04:00:03.526,2026-08-07 04:00:03.895,2026-08-07 04:00:03.895,2026-08-07
"246","JvBRxevqlH","MOOSPMv3Parser",1786075201,0,0,3,1,1,3,3,2,2,3,288,199,24128,35,25,4,25,25,31,29,25,0,33,35,31,31,37.312,31,3,36.139061,-120.368469,172.636993,0,600,58,3,"e00fce68d6b773b56ce8baa0",2026-08-07 04:00:04.17,2026-08-07 04:00:04.406,2026-08-07 04:00:04.406,2026-08-07
"247","kHtT8p95nD","MOOSPMv3Parser",1786075200,3,3,3,5,5,4,4,5,5,4,834,206,27327,34,27,2,27,27,30,21,27,0,37,34,26,32,512.784,11,3,36.138973,-120.368477,170.445007,5,600,58,3,"e00fce6850cac69f647dc199",2026-08-07 04:00:04.696,2026-08-07 04:00:04.904,2026-08-07 04:00:04.904,2026-08-07
"248","cZZQDSu2pC","MOOSPMv3Parser",1786075200,3,3,3,5,5,3,3,5,5,3,643,198,30723,35,24,3,25,25,0,0,25,0,33,34,31,32,32.989,87,3,36.139015,-120.368469,170.608994,7,600,58,3,"e00fce6876826e255108c6bd",2026-08-07 04:00:08.2,2026-08-07 04:00:08.363,2026-08-07 04:00:08.363,2026-08-07
"249","lU0sDHrtoq","MOOSPMv3Parser",1786075200,14,14,11,20,20,12,12,22,22,12,2569,727,70830,129,89,6,89,89,28,43,89,0,29,32,50,44,16.192,258,1,36.52338,-119.278809,82.205002,10,600,58,3,"e00fce68f12da1a0c5de6248",2026-08-07 04:00:20.465,2026-08-07 04:00:20.648,2026-08-07 04:00:20.648,2026-08-07
"250","iPYPPyUK12","MOOSPMv3Parser",1786075801,0,0,2,0,0,2,2,0,0,2,250,153,17972,23,15,2,15,15,31,30,15,0,33,35,32,30,49.558,43,2,36.139088,-120.368401,181.449005,7,599,58,3,"e00fce686dc2ef0a68fa40b0",2026-08-07 04:10:02.997,2026-08-07 04:10:03.198,2026-08-07 04:10:03.198,2026-08-07
"251","QSD92fDWae","MOOSPMv3Parser",1786075801,6,6,5,8,8,5,5,8,8,5,1524,317,64001,52,40,3,40,40,29,30,40,0,33,33,35,37,40.924,106,2,36.762726,-119.79879,59.487999,20,600,58,3,"e00fce68e88237db75a60608",2026-08-07 04:10:03.057,2026-08-07 04:10:03.243,2026-08-07 04:10:03.243,2026-08-07
"252","dSsGIujVEL","MOOSPMv3Parser",1786075800,5,5,0,9,9,0,0,10,10,0,1409,364,0,64,0,6,0,0,29,26,0,2,32,33,35,36,40.192,140,5,36.187531,-119.822075,19.698,10,600,58,3,"e00fce68e739ecbcf9e91965",2026-08-07 04:10:03.163,2026-08-07 04:10:03.399,2026-08-07 04:10:03.399,2026-08-07
"253","YggAR5Qrle","MOOSPMv3Parser",1786075801,0,0,3,1,1,3,3,1,1,3,289,199,24150,33,25,3,26,26,31,30,26,0,33,34,32,32,36.637,31,3,36.139091,-120.368393,179.257004,9,600,58,3,"e00fce68d6b773b56ce8baa0",2026-08-07 04:10:03.237,2026-08-07 04:10:03.426,2026-08-07 04:10:03.426,2026-08-07
"254","X8byuy99AH","MOOSPMv3Parser",1786075800,16,16,10,23,23,11,11,25,25,11,3129,864,40277,144,77,8,77,77,29,30,77,0,31,33,40,38,18.758,328,1,35.949574,-119.04995,111.191002,9,599,58,3,"e00fce6808784ceaf209f949",2026-08-07 04:10:03.316,2026-08-07 04:10:03.491,2026-08-07 04:10:03.491,2026-08-07
"255","jm0Ujj65KJ","MOOSPMv3Parser",1786075801,6,6,5,8,8,5,5,9,9,5,1169,330,39316,55,36,3,36,36,30,24,36,0,33,35,35,34,39.897,87,3277,2.9e-05,-0.004221,27428.671875,8,600,58,3,"e00fce68e28dcbc9a589be10",2026-08-07 04:10:03.613,2026-08-07 04:10:03.78,2026-08-07 04:10:03.78,2026-08-07
"256","kwLYpAU7n9","MOOSPMv3Parser",1786075801,4,4,3,6,6,3,3,6,6,3,1302,246,25237,40,20,2,20,20,30,21,20,0,33,34,31,32,44.93,30,3,36.139133,-120.368301,168.692993,8,600,58,3,"e00fce68e77e43df92405fdb",2026-08-07 04:10:03.634,2026-08-07 04:10:03.809,2026-08-07 04:10:03.809,2026-08-07
"257","AyITss6sg2","MOOSPMv3Parser",1786075800,3,3,3,5,5,3,3,6,6,3,848,206,27349,37,26,3,26,26,30,22,26,0,36,34,26,32,512.778,11,3,36.138973,-120.368477,170.447006,0,600,58,3,"e00fce6850cac69f647dc199",2026-08-07 04:10:03.951,2026-08-07 04:10:04.136,2026-08-07 04:10:04.136,2026-08-07
"258","gK0kLZsLbO","MOOSPMv3Parser",1786075800,14,14,12,21,21,12,12,22,22,12,2656,752,70912,129,93,6,94,94,28,45,94,0,28,32,53,46,10.039,290,1,36.523384,-119.278801,71.470001,6,600,58,3,"e00fce68f12da1a0c5de6248",2026-08-07 04:10:07.43,2026-08-07 04:10:07.635,2026-08-07 04:10:07.635,2026-08-07
"259","9ijq7FVJUp","MOOSPMv3Parser",1786075800,3,3,3,5,5,3,3,6,6,3,645,196,30744,36,24,4,24,24,0,0,24,0,33,34,31,33,32.412,87,4,36.139004,-120.36837,171.442993,7,600,58,3,"e00fce6876826e255108c6bd",2026-08-07 04:10:08.129,2026-08-07 04:10:08.281,2026-08-07 04:10:08.281,2026-08-07
"260","KXDvnUsMaX","MOOSPMv3Parser",1786076401,5,5,5,8,8,5,5,8,8,5,1484,311,64035,52,39,3,40,40,29,31,40,0,32,33,35,37,39.209,124,2,36.762718,-119.798767,56.039001,12,600,58,3,"e00fce68e88237db75a60608",2026-08-07 04:20:02.986,2026-08-07 04:20:03.135,2026-08-07 04:20:03.135,2026-08-07
"261","Lq6k3M583T","MOOSPMv3Parser",1786076400,5,5,0,9,9,0,0,10,10,0,1372,361,0,65,0,4,0,0,29,27,0,2,32,33,36,37,40.428,136,6,36.187515,-119.822075,19.913,9,600,58,3,"e00fce68e739ecbcf9e91965",2026-08-07 04:20:02.992,2026-08-07 04:20:03.138,2026-08-07 04:20:03.138,2026-08-07
"262","9PuMTqBuCE","MOOSPMv3Parser",1786076401,0,0,2,0,0,2,2,0,0,2,245,152,17985,24,16,2,16,16,31,30,16,0,33,35,32,30,48.282,47,2,36.13903,-120.368439,168.197998,7,599,58,3,"e00fce686dc2ef0a68fa40b0",2026-08-07 04:20:03.091,2026-08-07 04:20:03.316,2026-08-07 04:20:03.316,2026-08-07
"263","ebOFezvMVc","MOOSPMv3Parser",1786076400,15,15,9,21,21,10,10,22,22,10,2799,772,40337,125,70,8,71,71,29,34,71,0,30,33,44,41,10,405,1,35.94968,-119.049965,130.014008,8,599,58,3,"e00fce6808784ceaf209f949",2026-08-07 04:20:03.24,2026-08-07 04:20:03.422,2026-08-07 04:20:03.422,2026-08-07
"264","oCQDM7JCzK","MOOSPMv3Parser",1786076401,6,6,5,8,8,5,5,9,9,5,1138,320,39347,57,36,4,37,37,30,25,37,1,32,34,36,35,41.612,74,3277,2.9e-05,-0.004221,27428.671875,8,600,58,3,"e00fce68e28dcbc9a589be10",2026-08-07 04:20:03.242,2026-08-07 04:20:03.443,2026-08-07 04:20:03.443,2026-08-07
"265","V5TynM06Da","MOOSPMv3Parser",1786076401,0,0,3,1,1,3,3,1,1,3,288,197,24170,33,24,3,24,25,30,30,25,0,33,34,32,32,36.022,35,3,36.138969,-120.368416,178.561005,10,600,58,3,"e00fce68d6b773b56ce8baa0",2026-08-07 04:20:03.618,2026-08-07 04:20:03.833,2026-08-07 04:20:03.833,2026-08-07
"266","yORlfkHCJ5","MOOSPMv3Parser",1786076401,4,4,3,6,6,3,3,6,6,3,1285,246,25255,36,20,2,21,21,30,22,21,0,33,34,32,32,44.016,33,3,36.139,-120.368423,161.572998,5,600,58,3,"e00fce68e77e43df92405fdb",2026-08-07 04:20:03.642,2026-08-07 04:20:03.868,2026-08-07 04:20:03.868,2026-08-07
"267","o4Hd3aWabJ","MOOSPMv3Parser",1786076400,16,16,14,24,24,14,14,24,24,14,2950,834,71006,146,108,6,108,108,28,46,108,0,29,31,51,46,13.576,265,1,36.523346,-119.278793,81.936996,9,600,58,3,"e00fce68f12da1a0c5de6248",2026-08-07 04:20:03.701,2026-08-07 04:20:03.876,2026-08-07 04:20:03.876,2026-08-07
"268","NHzyOVmK3n","MOOSPMv3Parser",1786076400,3,3,3,5,5,3,3,5,5,3,819,205,27371,35,25,3,25,25,30,22,25,0,36,33,27,33,512.822,12,3,36.139072,-120.368309,178.720001,5,600,58,3,"e00fce6850cac69f647dc199",2026-08-07 04:20:04.316,2026-08-07 04:20:04.502,2026-08-07 04:20:04.502,2026-08-07
"269","1GhJLboOTb","MOOSPMv3Parser",1786076400,3,3,3,5,5,3,3,6,6,3,659,201,30765,37,24,5,24,24,0,0,24,0,33,34,32,33,32.148,87,4,36.138985,-120.36837,179.455994,6,600,58,3,"e00fce6876826e255108c6bd",2026-08-07 04:20:07.611,2026-08-07 04:20:07.812,2026-08-07 04:20:07.812,2026-08-07
"270","3QF2RaK9C2","MOOSPMv3Parser",1786077001,5,5,5,8,8,5,5,9,9,5,1479,308,64069,53,39,4,39,39,29,31,39,0,32,32,35,37,37.706,140,2,36.762779,-119.798843,52.188,9,600,58,3,"e00fce68e88237db75a60608",2026-08-07 04:30:02.939,2026-08-07 04:30:03.157,2026-08-07 04:30:03.157,2026-08-07
"271","GJ1Fu1H1Dk","MOOSPMv3Parser",1786077000,5,5,0,9,9,0,0,9,9,0,1309,340,0,61,0,5,0,0,29,28,0,2,32,33,37,38,39.252,136,6,36.187496,-119.822037,34.287998,9,600,58,3,"e00fce68e739ecbcf9e91965",2026-08-07 04:30:03.075,2026-08-07 04:30:03.295,2026-08-07 04:30:03.295,2026-08-07
"272","DtQYBfzVps","MOOSPMv3Parser",1786077001,0,0,2,0,0,2,2,0,0,2,254,158,17999,23,16,2,16,16,31,30,16,0,32,34,32,31,48.371,47,2,36.139023,-120.36837,168.578003,6,599,58,3,"e00fce686dc2ef0a68fa40b0",2026-08-07 04:30:03.05,2026-08-07 04:30:03.303,2026-08-07 04:30:03.303,2026-08-07
"273","Dcei2M87Ra","MOOSPMv3Parser",1786077001,0,0,3,1,1,3,3,1,1,3,277,189,24191,31,25,3,25,25,30,30,25,0,32,34,33,32,36.745,37,3,36.139069,-120.368416,166.929993,9,600,58,3,"e00fce68d6b773b56ce8baa0",2026-08-07 04:30:03.216,2026-08-07 04:30:03.397,2026-08-07 04:30:03.397,2026-08-07
"274","D5NXBntbKt","MOOSPMv3Parser",1786077000,17,17,15,25,25,16,16,26,26,16,3109,874,71108,156,117,8,117,117,27,49,117,0,28,31,55,48,15.577,256,1,36.523346,-119.278862,102.133003,7,600,58,3,"e00fce68f12da1a0c5de6248",2026-08-07 04:30:03.226,2026-08-07 04:30:03.406,2026-08-07 04:30:03.406,2026-08-07
"275","zcjNF95kNW","MOOSPMv3Parser",1786077001,6,6,5,8,8,5,5,9,9,5,1150,327,39378,56,37,3,37,37,30,26,37,1,32,34,36,35,41.064,87,3277,2.9e-05,-0.004221,27428.671875,8,600,58,3,"e00fce68e28dcbc9a589be10",2026-08-07 04:30:03.234,2026-08-07 04:30:03.426,2026-08-07 04:30:03.426,2026-08-07
"276","tava2llllT","MOOSPMv3Parser",1786077000,16,16,10,23,23,10,11,24,24,11,3012,833,40403,139,76,9,76,76,28,34,76,0,30,32,46,42,6.549,398,1,35.949619,-119.050034,118.582001,7,599,58,3,"e00fce6808784ceaf209f949",2026-08-07 04:30:03.316,2026-08-07 04:30:03.48,2026-08-07 04:30:03.48,2026-08-07
"277","Ul4Mquabxg","MOOSPMv3Parser",1786077001,4,4,3,6,6,3,3,6,6,3,1289,248,25272,36,20,2,20,20,30,22,20,0,32,34,32,33,43.713,35,3,36.139038,-120.368423,155.968994,9,600,58,3,"e00fce68e77e43df92405fdb",2026-08-07 04:30:03.642,2026-08-07 04:30:03.866,2026-08-07 04:30:03.866,2026-08-07
"278","JjDJgrYXz6","MOOSPMv3Parser",1786077000,3,3,3,5,5,4,4,6,6,4,828,205,27394,37,26,2,27,27,29,22,27,0,36,33,27,33,512.759,13,3,36.139034,-120.368484,166.520996,5,600,58,3,"e00fce6850cac69f647dc199",2026-08-07 04:30:04.643,2026-08-07 04:30:04.814,2026-08-07 04:30:04.814,2026-08-07
"279","NTdUEAoul9","MOOSPMv3Parser",1786077000,3,3,3,4,4,3,3,5,5,3,633,194,30786,35,24,3,24,24,0,0,24,0,32,33,32,33,32.062,88,4,36.13903,-120.368423,166.602005,7,600,58,3,"e00fce6876826e255108c6bd",2026-08-07 04:30:08.133,2026-08-07 04:30:08.376,2026-08-07 04:30:08.376,2026-08-07
"280","yhps06HuCC","MOOSPMv3Parser",1786077601,0,0,2,0,0,2,2,0,0,2,249,154,18011,23,15,2,15,15,30,31,15,0,32,34,32,31,49.17,40,2,36.138985,-120.368431,162.197006,6,599,58,3,"e00fce686dc2ef0a68fa40b0",2026-08-07 04:40:02.837,2026-08-07 04:40:03.072,2026-08-07 04:40:03.072,2026-08-07
"281","v88eLJGNNW","MOOSPMv3Parser",1786077601,5,5,5,7,7,5,5,8,8,5,1394,286,64100,49,35,4,36,36,28,32,36,0,32,32,36,38,35.654,149,2,36.762718,-119.798775,56.200001,9,600,58,3,"e00fce68e88237db75a60608",2026-08-07 04:40:02.997,2026-08-07 04:40:03.155,2026-08-07 04:40:03.155,2026-08-07
"282","jok3t0cDjX","MOOSPMv3Parser",1786077600,16,16,10,25,25,11,11,26,26,11,3175,878,40471,153,79,10,80,80,28,37,80,0,30,32,45,43,4.142,397,1,35.949593,-119.049988,111.883003,5,599,58,3,"e00fce6808784ceaf209f949",2026-08-07 04:40:03.061,2026-08-07 04:40:03.262,2026-08-07 04:40:03.262,2026-08-07
"283","6ttgRPZgAc","MOOSPMv3Parser",1786077600,5,5,0,8,8,0,0,9,9,0,1300,334,0,59,0,5,0,0,29,29,0,2,31,32,37,39,36.713,163,7,36.187584,-119.822014,33.345001,10,600,58,3,"e00fce68e739ecbcf9e91965",2026-08-07 04:40:03.161,2026-08-07 04:40:03.365,2026-08-07 04:40:03.365,2026-08-07
"284","MkHHh2dmF2","MOOSPMv3Parser",1786077601,0,0,3,1,1,3,3,1,1,3,283,193,24212,33,25,4,25,25,30,30,25,0,32,33,33,33,38.764,33,4,36.13903,-120.368355,168.761002,8,600,58,3,"e00fce68d6b773b56ce8baa0",2026-08-07 04:40:03.269,2026-08-07 04:40:03.47,2026-08-07 04:40:03.47,2026-08-07
"285","QEAZHlFnSD","MOOSPMv3Parser",1786077601,4,4,3,5,5,3,3,6,6,3,1232,241,25290,34,21,2,21,21,30,22,21,0,32,33,32,33,44.794,29,3,36.139038,-120.368423,155.970001,0,600,58,3,"e00fce68e77e43df92405fdb",2026-08-07 04:40:03.413,2026-08-07 04:40:03.616,2026-08-07 04:40:03.616,2026-08-07
"286","xFXzXRsvaI","MOOSPMv3Parser",1786077601,5,5,5,8,8,5,5,8,8,5,1068,302,39409,53,36,2,36,36,30,25,36,1,32,34,35,34,40.818,112,3277,2.9e-05,-0.004221,27428.671875,8,600,58,3,"e00fce68e28dcbc9a589be10",2026-08-07 04:40:03.525,2026-08-07 04:40:03.708,2026-08-07 04:40:03.708,2026-08-07
"287","qt4GHAGIV8","MOOSPMv3Parser",1786077600,3,3,3,5,5,3,3,5,5,3,638,195,30807,35,24,4,24,24,0,0,24,0,32,33,32,33,32.573,88,4,36.13905,-120.368347,161.813995,8,600,58,3,"e00fce6876826e255108c6bd",2026-08-07 04:40:03.633,2026-08-07 04:40:03.803,2026-08-07 04:40:03.803,2026-08-07
"288","gLiRO5a0hX","MOOSPMv3Parser",1786077600,3,3,3,5,5,4,4,5,5,4,853,211,27417,34,27,2,27,27,29,22,27,0,35,33,27,33,512.777,12,3,36.139057,-120.368454,178.692001,9,600,58,3,"e00fce6850cac69f647dc199",2026-08-07 04:40:04.993,2026-08-07 04:40:05.155,2026-08-07 04:40:05.155,2026-08-07
"289","sPuEJP9tt2","MOOSPMv3Parser",1786077600,17,17,15,25,25,16,16,26,26,16,3205,897,71209,151,116,7,116,116,27,50,116,0,27,30,56,50,8.389,301,1,36.523312,-119.278847,83.722,8,600,58,3,"e00fce68f12da1a0c5de6248",2026-08-07 04:40:35.019,2026-08-07 04:40:35.175,2026-08-07 04:40:35.175,2026-08-07
"290","ZghUa7Pzvy","MOOSPMv3Parser",1786078200,15,15,13,22,22,14,14,24,24,14,2824,792,71299,140,102,7,103,103,27,48,103,0,28,30,50,47,12.316,266,1,36.523304,-119.27887,79.277,7,600,58,3,"e00fce68f12da1a0c5de6248",2026-08-07 04:50:03.018,2026-08-07 04:50:03.191,2026-08-07 04:50:03.191,2026-08-07
"291","UeL9wI9Bxi","MOOSPMv3Parser",1786078201,5,5,5,7,7,5,5,7,7,5,1386,271,64131,43,36,2,36,36,28,31,36,0,32,32,35,37,35.411,129,2,36.762749,-119.798798,73.501999,9,600,58,3,"e00fce68e88237db75a60608",2026-08-07 04:50:03.004,2026-08-07 04:50:03.199,2026-08-07 04:50:03.199,2026-08-07
"292","MbmnC2TD7N","MOOSPMv3Parser",1786078200,5,5,0,9,9,0,0,9,9,0,1293,334,0,64,0,5,0,0,29,29,0,2,32,32,36,38,32.621,211,7,36.187599,-119.822006,44.806999,8,600,58,3,"e00fce68e739ecbcf9e91965",2026-08-07 04:50:03.155,2026-08-07 04:50:03.306,2026-08-07 04:50:03.306,2026-08-07
"293","9jVwg8xsgo","MOOSPMv3Parser",1786078201,5,5,4,7,7,5,5,7,7,5,1005,284,39438,46,33,3,34,34,30,25,34,1,32,33,34,34,38.886,115,3277,2.9e-05,-0.004221,27428.671875,8,600,58,3,"e00fce68e28dcbc9a589be10",2026-08-07 04:50:03.295,2026-08-07 04:50:03.466,2026-08-07 04:50:03.466,2026-08-07
"294","ZHsAYtfD2O","MOOSPMv3Parser",1786078201,0,0,2,0,0,2,2,0,0,2,244,152,18024,22,16,1,16,16,30,31,16,0,32,34,32,31,50.804,31,2,36.138912,-120.368385,172.524002,7,599,58,3,"e00fce686dc2ef0a68fa40b0",2026-08-07 04:50:03.232,2026-08-07 04:50:03.479,2026-08-07 04:50:03.479,2026-08-07
"295","nubmA4Vhhn","MOOSPMv3Parser",1786078201,0,0,3,1,1,3,3,2,2,3,287,195,24234,33,26,3,26,26,30,31,26,0,32,33,33,33,39.221,27,4,36.138996,-120.368454,184.455002,11,600,58,3,"e00fce68d6b773b56ce8baa0",2026-08-07 04:50:03.278,2026-08-07 04:50:03.481,2026-08-07 04:50:03.481,2026-08-07
"296","9lGAX6HDDn","MOOSPMv3Parser",1786078200,3,3,3,4,4,3,3,5,5,3,623,192,30827,33,23,2,24,24,0,0,24,0,32,33,32,34,33.138,88,5,36.139065,-120.368355,183.811005,10,600,58,3,"e00fce6876826e255108c6bd",2026-08-07 04:50:03.301,2026-08-07 04:50:03.498,2026-08-07 04:50:03.498,2026-08-07
"297","pWdLtlXmhC","MOOSPMv3Parser",1786078200,17,17,10,24,24,11,11,26,26,11,3154,875,40538,148,78,9,78,78,28,34,78,0,30,31,45,42,6.963,383,1,35.949631,-119.049873,113.556999,7,599,58,3,"e00fce6808784ceaf209f949",2026-08-07 04:50:03.404,2026-08-07 04:50:03.571,2026-08-07 04:50:03.571,2026-08-07
"298","zE12WqXFmN","MOOSPMv3Parser",1786078201,4,4,3,5,5,3,3,6,6,3,1212,235,25308,34,21,2,21,21,29,22,21,0,32,33,32,33,45.637,23,3,36.139042,-120.368523,143.897003,6,600,58,3,"e00fce68e77e43df92405fdb",2026-08-07 04:50:03.421,2026-08-07 04:50:03.605,2026-08-07 04:50:03.605,2026-08-07
"299","VvhR1ACy0K","MOOSPMv3Parser",1786078200,3,3,3,5,5,3,3,5,5,3,805,200,27440,35,26,2,26,26,29,23,26,0,35,33,28,33,512.805,11,4,36.139011,-120.368385,173.666,7,600,58,3,"e00fce6850cac69f647dc199",2026-08-07 04:50:04.538,2026-08-07 04:50:04.741,2026-08-07 04:50:04.741,2026-08-07
"300","GhItA76qyg","MOOSPMv3Parser",1786078801,4,4,4,6,6,5,5,7,7,5,1285,259,64161,42,34,2,34,34,28,30,34,0,31,32,33,36,36.205,104,2,36.762745,-119.798805,54.513,12,600,58,3,"e00fce68e88237db75a60608",2026-08-07 05:00:02.925,2026-08-07 05:00:03.251,2026-08-07 05:00:03.251,2026-08-07
"301","CglZ1z4Llu","MOOSPMv3Parser",1786078800,3,3,3,5,5,3,3,6,6,3,678,209,30849,38,25,3,25,25,0,0,25,0,32,33,31,34,33.541,88,5,36.138962,-120.368362,167.126999,10,600,58,3,"e00fce6876826e255108c6bd",2026-08-07 05:00:02.938,2026-08-07 05:00:03.319,2026-08-07 05:00:03.319,2026-08-07
"302","GXHOaPdeka","MOOSPMv3Parser",1786078800,5,5,0,9,9,0,0,9,9,0,1329,351,0,68,0,4,0,0,28,29,0,2,31,32,37,39,28.072,255,6,36.187641,-119.82209,49.141998,9,600,58,3,"e00fce68e739ecbcf9e91965",2026-08-07 05:00:02.996,2026-08-07 05:00:03.504,2026-08-07 05:00:03.504,2026-08-07
"303","JwJNeFp4GQ","MOOSPMv3Parser",1786078801,0,0,3,1,1,3,3,2,2,3,292,201,24256,35,26,3,26,26,30,31,26,0,32,33,32,33,39.415,25,4,36.139065,-120.368401,176.389008,10,600,58,3,"e00fce68d6b773b56ce8baa0",2026-08-07 05:00:03.075,2026-08-07 05:00:03.546,2026-08-07 05:00:03.546,2026-08-07
"304","0ivDgZln35","MOOSPMv3Parser",1786078801,0,0,2,0,0,2,2,0,0,2,252,158,18038,23,16,1,16,16,30,31,16,0,32,34,32,31,50.261,31,2,36.139,-120.368393,174.488007,6,599,58,3,"e00fce686dc2ef0a68fa40b0",2026-08-07 05:00:03.269,2026-08-07 05:00:03.556,2026-08-07 05:00:03.556,2026-08-07
"305","9IZMILDUiz","MOOSPMv3Parser",1786078800,17,17,10,25,25,11,11,26,26,11,3211,895,40540,151,79,8,79,79,28,36,79,0,29,31,46,43,7.627,368,1,35.949574,-119.050026,119.760002,6,600,58,3,"e00fce6808784ceaf209f949",2026-08-07 05:00:03.308,2026-08-07 05:00:03.568,2026-08-07 05:00:03.568,2026-08-07
"306","MX8Mv4BuBd","MOOSPMv3Parser",1786078801,4,4,4,6,6,4,4,6,6,4,886,247,39463,44,30,2,30,30,29,23,30,1,32,33,33,33,39.072,109,3277,2.9e-05,-0.004221,27428.671875,8,600,58,3,"e00fce68e28dcbc9a589be10",2026-08-07 05:00:03.323,2026-08-07 05:00:03.58,2026-08-07 05:00:03.58,2026-08-07
"307","R0VEATAzCQ","MOOSPMv3Parser",1786078801,4,4,3,5,5,3,3,6,6,3,1209,232,25326,35,20,2,20,20,29,22,20,0,32,33,31,33,45.768,22,3,36.139057,-120.368446,168.901993,9,600,58,3,"e00fce68e77e43df92405fdb",2026-08-07 05:00:03.729,2026-08-07 05:00:03.953,2026-08-07 05:00:03.953,2026-08-07
"308","s2N3HpjDfo","MOOSPMv3Parser",1786078800,3,3,3,5,5,3,3,5,5,3,846,206,27462,36,26,2,26,26,29,23,26,0,35,32,28,33,512.767,9,4,36.139038,-120.368484,162.835999,9,600,58,3,"e00fce6850cac69f647dc199",2026-08-07 05:00:08.76,2026-08-07 05:00:08.96,2026-08-07 05:00:08.96,2026-08-07
"309","vfx3TKm02y","MOOSPMv3Parser",1786078800,17,17,14,25,25,15,15,26,26,15,3103,865,71396,163,112,8,112,112,26,51,112,0,27,29,56,50,6.912,300,1,36.523384,-119.278702,67.241997,7,600,58,3,"e00fce68f12da1a0c5de6248",2026-08-07 05:00:08.873,2026-08-07 05:00:09.022,2026-08-07 05:00:09.022,2026-08-07
"310","EhcBnXdFxM","MOOSPMv3Parser",1786079401,4,4,4,5,5,4,4,6,6,4,1254,245,64188,37,31,2,32,32,28,29,32,0,31,31,33,36,34.71,108,2,36.762722,-119.798782,59.589001,11,600,58,3,"e00fce68e88237db75a60608",2026-08-07 05:10:02.943,2026-08-07 05:10:03.139,2026-08-07 05:10:03.139,2026-08-07
"311","3ZHkBf8a7O","MOOSPMv3Parser",1786079400,5,5,0,8,8,0,0,10,10,0,1271,330,0,65,0,5,0,0,28,28,0,2,31,32,36,37,28.669,242,6,36.187641,-119.82209,49.144001,0,600,58,3,"e00fce68e739ecbcf9e91965",2026-08-07 05:10:03.22,2026-08-07 05:10:03.436,2026-08-07 05:10:03.436,2026-08-07
"312","K7qSQCQbAd","MOOSPMv3Parser",1786079400,2,2,3,5,5,3,3,5,5,3,637,196,30871,37,25,2,25,25,0,0,25,0,31,33,34,35,31.622,88,5,36.139072,-120.368355,173.873001,10,600,58,3,"e00fce6876826e255108c6bd",2026-08-07 05:10:03.305,2026-08-07 05:10:03.505,2026-08-07 05:10:03.505,2026-08-07
"313","cKu8lX79Rf","MOOSPMv3Parser",1786079401,0,0,2,0,0,2,2,0,0,2,248,153,18021,24,16,2,16,16,30,32,16,0,31,33,34,32,47.051,50,2,36.139,-120.368393,174.488998,0,600,58,3,"e00fce686dc2ef0a68fa40b0",2026-08-07 05:10:03.317,2026-08-07 05:10:03.514,2026-08-07 05:10:03.514,2026-08-07
"314","9vvDFi52c5","MOOSPMv3Parser",1786079400,19,19,11,28,27,11,11,29,29,11,3545,985,40613,164,85,10,85,85,27,37,85,0,29,31,46,44,10.584,346,1,35.949581,-119.049995,117.563004,6,600,58,3,"e00fce6808784ceaf209f949",2026-08-07 05:10:03.335,2026-08-07 05:10:03.523,2026-08-07 05:10:03.523,2026-08-07
"315","FsV6mxWeqR","MOOSPMv3Parser",1786079401,0,0,3,1,1,3,3,1,1,3,289,197,24277,32,26,3,26,26,29,31,26,0,31,33,34,34,36.16,38,4,36.139034,-120.368401,160.880005,9,600,58,3,"e00fce68d6b773b56ce8baa0",2026-08-07 05:10:03.409,2026-08-07 05:10:03.612,2026-08-07 05:10:03.612,2026-08-07
"316","qQAQEoonHW","MOOSPMv3Parser",1786079401,4,4,3,6,6,3,3,6,6,3,1237,240,25344,37,22,3,22,22,29,24,22,0,31,33,34,35,43.063,38,3,36.139114,-120.368431,188.720001,7,600,58,3,"e00fce68e77e43df92405fdb",2026-08-07 05:10:03.472,2026-08-07 05:10:03.701,2026-08-07 05:10:03.701,2026-08-07
"317","RORNBdid1g","MOOSPMv3Parser",1786079401,4,4,4,6,6,4,4,6,6,4,853,240,39488,39,28,3,28,28,29,22,28,1,32,33,32,32,41.074,51,3277,2.9e-05,-0.004221,27428.671875,8,600,58,3,"e00fce68e28dcbc9a589be10",2026-08-07 05:10:03.636,2026-08-07 05:10:03.821,2026-08-07 05:10:03.821,2026-08-07
"318","hgIMELNYd4","MOOSPMv3Parser",1786079400,18,18,15,26,26,16,16,28,28,16,3338,940,71501,168,120,8,120,120,26,54,120,0,27,29,58,52,6.254,303,1,36.523384,-119.278702,67.239998,0,600,58,3,"e00fce68f12da1a0c5de6248",2026-08-07 05:10:07.645,2026-08-07 05:10:07.796,2026-08-07 05:10:07.796,2026-08-07
"319","510DpsBEfo","MOOSPMv3Parser",1786079400,3,3,3,5,5,4,4,5,5,4,840,203,27486,39,27,2,27,27,29,24,27,0,35,32,28,35,512.789,13,4,36.138882,-120.368469,202.580002,7,600,58,3,"e00fce6850cac69f647dc199",2026-08-07 05:10:08.488,2026-08-07 05:10:08.679,2026-08-07 05:10:08.679,2026-08-07
"320","nsOCFRGjIV","MOOSPMv3Parser",1786080001,4,4,4,6,6,4,4,6,6,4,1276,257,64215,40,31,2,31,31,28,29,31,0,31,31,33,36,34.577,106,2,36.76276,-119.79882,60.331001,11,600,58,3,"e00fce68e88237db75a60608",2026-08-07 05:20:02.853,2026-08-07 05:20:03.018,2026-08-07 05:20:03.018,2026-08-07
"321","cGanNkkXch","MOOSPMv3Parser",1786080001,0,0,2,0,0,2,2,1,1,2,253,157,18064,23,15,1,15,15,30,31,15,0,31,33,33,31,46.154,64,2,36.139038,-120.368355,168.884995,10,599,58,3,"e00fce686dc2ef0a68fa40b0",2026-08-07 05:20:02.877,2026-08-07 05:20:03.062,2026-08-07 05:20:03.062,2026-08-07
"322","WtiK2tq5N4","MOOSPMv3Parser",1786080000,5,5,0,8,8,0,0,9,9,0,1241,321,0,62,0,4,0,0,28,27,0,2,31,32,35,37,33.827,177,6,36.187515,-119.822136,17.868,8,600,58,3,"e00fce68e739ecbcf9e91965",2026-08-07 05:20:02.916,2026-08-07 05:20:03.143,2026-08-07 05:20:03.143,2026-08-07
"323","kMlqy0WHHS","MOOSPMv3Parser",1786080000,3,3,3,5,5,3,3,5,5,3,633,193,30892,35,25,3,25,25,0,0,25,0,31,32,33,34,31.11,88,4,36.139069,-120.368401,189.699997,9,600,58,3,"e00fce6876826e255108c6bd",2026-08-07 05:20:03.109,2026-08-07 05:20:03.298,2026-08-07 05:20:03.298,2026-08-07
"324","GVbAacDMiP","MOOSPMv3Parser",1786080000,21,20,12,30,30,13,13,32,32,13,3805,1055,40698,188,98,12,98,98,27,39,98,0,29,30,50,47,9.097,348,1,35.949581,-119.049995,117.559998,0,600,58,3,"e00fce6808784ceaf209f949",2026-08-07 05:20:03.241,2026-08-07 05:20:03.438,2026-08-07 05:20:03.438,2026-08-07
"325","Wq8OjFNMIK","MOOSPMv3Parser",1786080001,4,4,4,6,6,4,4,6,6,4,877,246,39513,40,29,3,29,29,29,22,29,0,31,33,31,32,40.859,30,3277,2.9e-05,-0.004221,27428.671875,8,600,58,3,"e00fce68e28dcbc9a589be10",2026-08-07 05:20:03.391,2026-08-07 05:20:03.569,2026-08-07 05:20:03.569,2026-08-07
"326","WNZP76ez8y","MOOSPMv3Parser",1786080001,4,4,3,6,6,3,3,6,6,3,1237,242,25362,37,20,3,20,20,29,23,20,0,31,33,33,34,42.354,58,3,36.139061,-120.368393,179.742996,10,600,58,3,"e00fce68e77e43df92405fdb",2026-08-07 05:20:03.49,2026-08-07 05:20:03.677,2026-08-07 05:20:03.677,2026-08-07
"327","IFBAZBNT5Z","MOOSPMv3Parser",1786080001,0,0,3,1,1,3,3,1,1,3,279,194,24299,34,26,4,26,26,29,31,26,0,31,32,34,33,37.25,62,4,36.13913,-120.368362,157.315002,7,600,58,3,"e00fce68d6b773b56ce8baa0",2026-08-07 05:20:03.462,2026-08-07 05:20:03.707,2026-08-07 05:20:03.707,2026-08-07
"328","SQwZYjrLF1","MOOSPMv3Parser",1786080000,15,15,13,22,22,14,14,23,23,14,2813,793,71592,139,104,6,104,104,26,52,104,0,27,29,55,51,7.841,283,1,36.523392,-119.278763,86.778,7,600,58,3,"e00fce68f12da1a0c5de6248",2026-08-07 05:20:04.082,2026-08-07 05:20:04.227,2026-08-07 05:20:04.227,2026-08-07
"329","SeCPC0qUKM","MOOSPMv3Parser",1786080000,3,3,3,5,5,4,4,5,5,4,816,200,27509,37,27,2,27,27,28,23,27,0,35,32,27,34,512.836,22,4,36.139008,-120.368469,165.854996,9,600,58,3,"e00fce6850cac69f647dc199",2026-08-07 05:20:05.324,2026-08-07 05:20:05.512,2026-08-07 05:20:05.512,2026-08-07
"330","yYHvmspfir","MOOSPMv3Parser",1786080601,4,4,4,6,6,4,4,6,6,4,1232,248,64242,38,31,2,31,31,28,28,31,0,31,31,33,35,35.974,82,2,36.762768,-119.798851,64.342003,8,600,58,3,"e00fce68e88237db75a60608",2026-08-07 05:30:02.935,2026-08-07 05:30:03.168,2026-08-07 05:30:03.168,2026-08-07
"331","C2llwgcbJB","MOOSPMv3Parser",1786080600,4,4,0,8,8,0,0,8,8,0,1199,311,0,57,0,4,0,0,28,27,0,2,31,31,35,37,31.794,209,6,36.187561,-119.822166,15.231,6,600,58,3,"e00fce68e739ecbcf9e91965",2026-08-07 05:30:02.994,2026-08-07 05:30:03.226,2026-08-07 05:30:03.226,2026-08-07
"332","U06TXPFBwV","MOOSPMv3Parser",1786080601,0,0,2,0,0,2,2,0,0,2,246,153,18077,23,15,1,16,16,29,32,16,0,31,33,33,32,46.599,60,2,36.139027,-120.368385,186.488998,8,599,58,3,"e00fce686dc2ef0a68fa40b0",2026-08-07 05:30:03.098,2026-08-07 05:30:03.278,2026-08-07 05:30:03.278,2026-08-07
"333","Jzd5MQ61Zo","MOOSPMv3Parser",1786080600,3,3,3,5,5,3,3,6,6,3,662,203,30915,36,26,5,26,26,0,0,26,0,31,32,33,34,31.588,88,4,36.138996,-120.368408,207.636002,8,600,58,3,"e00fce6876826e255108c6bd",2026-08-07 05:30:03.209,2026-08-07 05:30:03.407,2026-08-07 05:30:03.407,2026-08-07
"334","02ZX28r33E","MOOSPMv3Parser",1786080601,0,0,14,1,1,14,14,1,1,14,284,193,24331,33,37,3,37,37,29,31,37,1,31,32,34,34,37.721,70,15,36.139072,-120.368385,165.225006,7,600,58,3,"e00fce68d6b773b56ce8baa0",2026-08-07 05:30:03.229,2026-08-07 05:30:03.444,2026-08-07 05:30:03.444,2026-08-07
"335","BbPju3UbQ0","MOOSPMv3Parser",1786080600,20,20,11,28,28,12,12,30,30,12,3690,1029,40774,172,87,9,87,87,27,37,87,0,30,30,43,43,10.124,371,1,35.949501,-119.049995,116.382004,7,600,58,3,"e00fce6808784ceaf209f949",2026-08-07 05:30:03.315,2026-08-07 05:30:03.556,2026-08-07 05:30:03.556,2026-08-07
"336","8sKkXh8Ez5","MOOSPMv3Parser",1786080601,4,4,4,6,6,4,4,7,7,4,901,255,39538,44,30,2,30,30,29,22,30,0,31,32,31,32,40.373,26,3277,2.9e-05,-0.004221,27428.671875,8,600,58,3,"e00fce68e28dcbc9a589be10",2026-08-07 05:30:03.47,2026-08-07 05:30:03.633,2026-08-07 05:30:03.633,2026-08-07
"337","jE68ogHewp","MOOSPMv3Parser",1786080600,12,12,10,17,17,10,10,18,18,10,2233,627,71660,104,78,5,78,78,25,51,78,0,27,28,53,50,16.288,214,1,36.523327,-119.278893,98.824997,7,600,58,3,"e00fce68f12da1a0c5de6248",2026-08-07 05:30:03.509,2026-08-07 05:30:03.721,2026-08-07 05:30:03.721,2026-08-07
"338","iQA6BqW9go","MOOSPMv3Parser",1786080601,4,4,3,6,6,3,3,6,6,3,1231,238,25380,33,21,2,21,21,29,24,21,0,31,32,33,34,42.597,50,3,36.139015,-120.368408,159.216995,9,600,58,3,"e00fce68e77e43df92405fdb",2026-08-07 05:30:03.635,2026-08-07 05:30:03.819,2026-08-07 05:30:03.819,2026-08-07
"339","O8DLFhw1qA","MOOSPMv3Parser",1786080600,3,3,3,5,5,4,4,5,5,4,829,203,27532,35,27,2,27,27,28,24,27,0,35,32,27,34,512.911,17,4,36.138935,-120.368484,166.783997,5,600,58,3,"e00fce6850cac69f647dc199",2026-08-07 05:30:04.404,2026-08-07 05:30:04.578,2026-08-07 05:30:04.578,2026-08-07
"340","qZSbrcaaRT","MOOSPMv3Parser",1786081200,4,4,0,7,7,0,0,8,8,0,1179,308,0,55,0,4,0,0,28,26,0,2,31,31,35,36,32.311,204,6,36.187443,-119.821953,38.229,8,600,58,3,"e00fce68e739ecbcf9e91965",2026-08-07 05:40:02.99,2026-08-07 05:40:03.18,2026-08-07 05:40:03.18,2026-08-07
"341","a0KIi9mzSy","MOOSPMv3Parser",1786081201,4,4,4,6,6,4,4,6,6,4,1186,236,64268,41,30,4,30,30,27,29,30,0,31,31,33,35,37.997,50,2,36.762699,-119.798752,63.182999,8,600,58,3,"e00fce68e88237db75a60608",2026-08-07 05:40:02.995,2026-08-07 05:40:03.228,2026-08-07 05:40:03.228,2026-08-07
"342","JfEeIZWTEC","MOOSPMv3Parser",1786081200,20,20,12,29,29,12,12,30,30,12,3671,1028,40853,178,91,10,91,91,27,37,91,0,30,30,43,44,13.59,321,1,35.949566,-119.050011,116.512001,7,600,58,3,"e00fce6808784ceaf209f949",2026-08-07 05:40:03.318,2026-08-07 05:40:03.534,2026-08-07 05:40:03.534,2026-08-07
"343","YbCeWGGw4L","MOOSPMv3Parser",1786081201,4,4,4,6,6,4,4,6,6,4,820,231,39562,42,28,3,28,28,29,22,28,0,31,32,31,32,40.315,23,3277,2.9e-05,-0.004221,27428.671875,8,600,58,3,"e00fce68e28dcbc9a589be10",2026-08-07 05:40:03.319,2026-08-07 05:40:03.537,2026-08-07 05:40:03.537,2026-08-07
"344","kkThcJNxOZ","MOOSPMv3Parser",1786081201,0,0,3,1,1,3,3,1,1,3,279,195,24353,32,26,3,26,26,28,32,26,0,30,32,35,34,35.76,87,4,36.139027,-120.368378,172.207001,6,600,58,3,"e00fce68d6b773b56ce8baa0",2026-08-07 05:40:03.536,2026-08-07 05:40:03.718,2026-08-07 05:40:03.718,2026-08-07
"345","SLRxqIg9rr","MOOSPMv3Parser",1786081201,4,4,3,5,5,3,3,6,6,3,1206,235,25398,37,20,3,21,21,29,24,21,0,31,32,34,35,39.753,80,3,36.139008,-120.368378,168.983994,10,600,58,3,"e00fce68e77e43df92405fdb",2026-08-07 05:40:03.573,2026-08-07 05:40:03.808,2026-08-07 05:40:03.808,2026-08-07
"346","Fux8b8gBEo","MOOSPMv3Parser",1786081201,0,0,2,0,0,2,2,0,0,2,253,159,18090,23,16,2,16,16,29,32,16,0,31,33,34,32,44.828,84,2,36.138996,-120.368362,181.542999,8,599,58,3,"e00fce686dc2ef0a68fa40b0",2026-08-07 05:40:03.578,2026-08-07 05:40:03.819,2026-08-07 05:40:03.819,2026-08-07
"347","r3I4DwUDfC","MOOSPMv3Parser",1786081200,11,11,10,16,16,10,10,17,17,10,2133,598,71726,99,75,5,76,76,25,49,76,0,27,28,51,49,13.972,240,1,36.523438,-119.278732,63.155998,7,600,58,3,"e00fce68f12da1a0c5de6248",2026-08-07 05:40:04.061,2026-08-07 05:40:04.235,2026-08-07 05:40:04.235,2026-08-07
"348","VGXefxTE71","MOOSPMv3Parser",1786081200,3,3,3,5,5,4,4,6,6,4,888,216,27556,37,27,3,27,27,28,25,27,0,35,31,28,35,331.179,26,4,36.138977,-120.368393,197.035004,6,600,58,3,"e00fce6850cac69f647dc199",2026-08-07 05:40:04.905,2026-08-07 05:40:05.065,2026-08-07 05:40:05.065,2026-08-07
"349","PhaUI6fw9K","MOOSPMv3Parser",1786081200,3,3,3,4,4,3,3,6,6,3,666,203,30936,33,25,3,25,25,0,0,25,0,31,32,34,35,30.766,88,4,36.138996,-120.368408,207.630997,0,600,58,3,"e00fce6876826e255108c6bd",2026-08-07 05:40:07.343,2026-08-07 05:40:07.493,2026-08-07 05:40:07.493,2026-08-07
"350","uyRLmPA9gW","MOOSPMv3Parser",1786081801,4,4,4,5,5,4,4,6,6,4,1141,231,64292,35,28,2,28,28,27,28,28,0,30,30,33,35,36.46,55,2,36.762699,-119.798752,63.186001,0,600,58,3,"e00fce68e88237db75a60608",2026-08-07 05:50:02.947,2026-08-07 05:50:03.14,2026-08-07 05:50:03.14,2026-08-07
"351","DvvLZBbUJY","MOOSPMv3Parser",1786081800,4,4,0,7,7,0,0,8,8,0,1119,288,0,52,0,5,0,0,28,25,0,2,30,31,34,35,33.544,163,6,36.187481,-119.822311,8.63,7,600,58,3,"e00fce68e739ecbcf9e91965",2026-08-07 05:50:02.989,2026-08-07 05:50:03.227,2026-08-07 05:50:03.227,2026-08-07
"352","En6gECLKV1","MOOSPMv3Parser",1786081800,3,3,3,5,5,3,3,5,5,3,644,199,30958,35,25,3,25,25,0,0,25,0,31,31,33,35,30.623,88,4,36.139126,-120.368477,184.867004,9,600,58,3,"e00fce6876826e255108c6bd",2026-08-07 05:50:03.173,2026-08-07 05:50:03.402,2026-08-07 05:50:03.402,2026-08-07
"353","qJousOgMYW","MOOSPMv3Parser",1786081800,9,9,8,13,13,9,9,14,14,9,1840,510,71782,80,64,4,64,64,25,46,64,0,28,28,45,46,17.42,211,1,36.52338,-119.278763,72.051003,6,600,58,3,"e00fce68f12da1a0c5de6248",2026-08-07 05:50:03.286,2026-08-07 05:50:03.477,2026-08-07 05:50:03.477,2026-08-07
"354","MHYKEimaTn","MOOSPMv3Parser",1786081801,4,4,3,6,6,4,4,6,6,4,818,232,39585,39,27,3,27,27,28,21,27,0,31,32,31,31,41.299,16,3277,2.9e-05,-0.004221,27428.671875,8,600,58,3,"e00fce68e28dcbc9a589be10",2026-08-07 05:50:03.32,2026-08-07 05:50:03.539,2026-08-07 05:50:03.539,2026-08-07
"355","oqMPdSxl7Q","MOOSPMv3Parser",1786081801,0,0,3,1,1,4,4,2,2,4,292,202,24376,36,27,4,27,27,28,32,27,0,31,32,34,34,36.655,105,4,36.139027,-120.368378,172.210999,0,600,58,3,"e00fce68d6b773b56ce8baa0",2026-08-07 05:50:03.385,2026-08-07 05:50:03.549,2026-08-07 05:50:03.549,2026-08-07
"356","5uJeJfWM8V","MOOSPMv3Parser",1786081801,4,4,3,5,5,3,3,6,6,3,1215,242,25416,36,21,2,21,21,28,24,21,0,31,32,33,34,40.547,101,3,36.139046,-120.368385,178.725006,9,600,58,3,"e00fce68e77e43df92405fdb",2026-08-07 05:50:03.4,2026-08-07 05:50:03.621,2026-08-07 05:50:03.621,2026-08-07
"357","PQFDEjhnxo","MOOSPMv3Parser",1786081801,0,0,2,0,0,2,2,0,0,2,253,160,18104,23,16,2,16,16,29,32,16,0,31,32,33,32,45.066,87,2,36.139061,-120.368385,180.684006,8,599,58,3,"e00fce686dc2ef0a68fa40b0",2026-08-07 05:50:03.459,2026-08-07 05:50:03.648,2026-08-07 05:50:03.648,2026-08-07
"358","n86LxBnUx2","MOOSPMv3Parser",1786081800,17,17,10,25,25,11,11,26,26,11,3215,898,40924,157,81,8,81,81,27,38,81,0,29,30,46,45,12.152,299,1,35.949501,-119.04995,123.973,8,600,58,3,"e00fce6808784ceaf209f949",2026-08-07 05:50:03.556,2026-08-07 05:50:03.776,2026-08-07 05:50:03.776,2026-08-07
"359","AdM1z9IHz4","MOOSPMv3Parser",1786081800,3,3,4,5,5,4,4,6,6,4,864,213,27580,40,28,2,28,28,28,24,28,0,34,31,27,35,304.47,29,4,36.138977,-120.368393,197.037994,0,600,58,3,"e00fce6850cac69f647dc199",2026-08-07 05:50:05.437,2026-08-07 05:50:05.587,2026-08-07 05:50:05.587,2026-08-07
"360","5gFa2jOqH6","MOOSPMv3Parser",1786082401,0,0,2,0,0,2,2,0,0,2,253,158,18117,22,16,2,16,16,29,32,16,0,31,32,33,32,46.664,71,2,36.139118,-120.36837,171.744003,6,599,58,3,"e00fce686dc2ef0a68fa40b0",2026-08-07 06:00:02.91,2026-08-07 06:00:03.478,2026-08-07 06:00:03.478,2026-08-07
"361","XrBaaoEfBL","MOOSPMv3Parser",1786082400,4,4,0,7,7,0,0,7,7,0,1064,279,0,53,0,4,0,0,28,26,0,2,30,31,35,36,26.921,199,6,36.187485,-119.822144,21.591999,9,600,58,3,"e00fce68e739ecbcf9e91965",2026-08-07 06:00:03.075,2026-08-07 06:00:03.629,2026-08-07 06:00:03.629,2026-08-07
"362","OXpa8GRPWJ","MOOSPMv3Parser",1786082401,4,4,3,5,5,4,4,5,5,4,805,227,39608,37,26,1,26,26,28,21,26,0,31,32,30,31,41.416,11,3277,2.9e-05,-0.004221,27428.671875,8,600,58,3,"e00fce68e28dcbc9a589be10",2026-08-07 06:00:03.228,2026-08-07 06:00:03.643,2026-08-07 06:00:03.643,2026-08-07
"363","xNtWCCtOUR","MOOSPMv3Parser",1786082400,3,3,3,5,5,3,3,6,6,3,680,210,30980,36,25,3,25,25,0,0,25,0,31,31,32,35,31.883,89,4,36.139107,-120.368362,171.962997,7,600,58,3,"e00fce6876826e255108c6bd",2026-08-07 06:00:02.921,2026-08-07 06:00:03.752,2026-08-07 06:00:03.752,2026-08-07
"364","lRsYYiwfbN","MOOSPMv3Parser",1786082400,16,16,10,23,23,10,10,24,24,10,3013,836,40991,148,77,8,78,78,27,38,78,0,30,30,45,44,12.461,284,1,35.949654,-119.049995,114.574997,8,600,58,3,"e00fce6808784ceaf209f949",2026-08-07 06:00:03.383,2026-08-07 06:00:03.869,2026-08-07 06:00:03.869,2026-08-07
"365","j8Ab0VFJXA","MOOSPMv3Parser",1786082401,3,3,4,5,5,4,4,5,5,4,1107,212,64317,36,29,3,29,29,27,27,29,0,30,30,32,34,36.609,62,2,36.762699,-119.798775,57.02,14,600,58,3,"e00fce68e88237db75a60608",2026-08-07 06:00:02.994,2026-08-07 06:00:04.024,2026-08-07 06:00:04.024,2026-08-07
"366","BhkzhRl43Q","MOOSPMv3Parser",1786082401,0,0,3,1,1,4,4,2,2,4,285,195,24399,34,27,3,27,27,28,31,27,0,31,31,33,34,38.013,79,4,36.139046,-120.368446,167.222,6,600,58,3,"e00fce68d6b773b56ce8baa0",2026-08-07 06:00:03.528,2026-08-07 06:00:04.039,2026-08-07 06:00:04.039,2026-08-07
"367","Oz4XXMjVlO","MOOSPMv3Parser",1786082401,4,4,3,6,6,3,3,6,6,3,1195,236,25433,38,20,3,20,20,28,24,20,0,31,32,32,34,40.211,76,3,36.139072,-120.368416,161.539001,9,600,58,3,"e00fce68e77e43df92405fdb",2026-08-07 06:00:03.487,2026-08-07 06:00:04.301,2026-08-07 06:00:04.301,2026-08-07
"368","4lVOsOQERH","MOOSPMv3Parser",1786082400,3,3,3,5,5,4,4,5,5,4,840,210,27604,36,27,2,27,27,27,24,27,0,34,31,27,35,512.995,21,4,36.139069,-120.368332,185.044006,9,600,58,3,"e00fce6850cac69f647dc199",2026-08-07 06:00:03.766,2026-08-07 06:00:04.423,2026-08-07 06:00:04.423,2026-08-07
"369","fGfS5DisSi","MOOSPMv3Parser",1786082400,9,9,8,12,12,8,8,13,13,8,1752,484,71834,75,59,4,60,60,26,46,60,0,29,28,44,46,22.8,153,1,36.523239,-119.278847,74.820999,5,600,58,3,"e00fce68f12da1a0c5de6248",2026-08-07 06:00:07.742,2026-08-07 06:00:08.019,2026-08-07 06:00:08.019,2026-08-07
"370","R45abkJmCg","MOOSPMv3Parser",1786083001,3,3,3,5,5,3,3,5,5,3,1077,201,64340,31,26,2,26,26,27,27,26,0,30,30,32,34,36.771,47,2,36.762711,-119.79879,61.109001,14,600,58,3,"e00fce68e88237db75a60608",2026-08-07 06:10:03.005,2026-08-07 06:10:03.193,2026-08-07 06:10:03.193,2026-08-07
"371","kh3ydy0kZm","MOOSPMv3Parser",1786083000,3,3,3,5,5,4,4,6,6,4,676,211,31003,39,26,4,26,26,0,0,26,0,30,31,34,36,31.27,89,5,36.139008,-120.368355,172.511993,9,600,58,3,"e00fce6876826e255108c6bd",2026-08-07 06:10:03.056,2026-08-07 06:10:03.203,2026-08-07 06:10:03.203,2026-08-07
"372","nUNEJx0Zes","MOOSPMv3Parser",1786083000,3,3,0,6,6,0,0,7,7,0,1040,263,0,48,0,4,0,0,27,25,0,2,30,31,34,35,26.225,200,5,36.187466,-119.822334,12.535,8,600,58,3,"e00fce68e739ecbcf9e91965",2026-08-07 06:10:03.074,2026-08-07 06:10:03.216,2026-08-07 06:10:03.216,2026-08-07
"373","Jv5XoO24pG","MOOSPMv3Parser",1786083000,8,8,7,12,12,8,8,13,13,8,1672,466,71884,71,57,4,58,58,25,47,58,0,27,28,49,48,20.976,146,1,36.523312,-119.278709,73.657997,5,600,58,3,"e00fce68f12da1a0c5de6248",2026-08-07 06:10:03.076,2026-08-07 06:10:03.251,2026-08-07 06:10:03.251,2026-08-07
"374","UrgE4ZtLVk","MOOSPMv3Parser",1786083001,0,0,4,1,1,4,4,2,2,4,292,204,24422,36,28,4,28,28,28,32,28,0,30,31,35,35,37.162,74,4,36.138962,-120.368408,160.022995,7,600,58,3,"e00fce68d6b773b56ce8baa0",2026-08-07 06:10:03.08,2026-08-07 06:10:03.254,2026-08-07 06:10:03.254,2026-08-07
"375","a2rgIYsoWQ","MOOSPMv3Parser",1786083001,4,4,3,6,6,3,3,6,6,3,1207,243,25453,37,22,3,22,22,28,24,22,0,30,31,34,36,41.064,77,3,36.139114,-120.368477,170.261002,8,600,58,3,"e00fce68e77e43df92405fdb",2026-08-07 06:10:03.4,2026-08-07 06:10:03.535,2026-08-07 06:10:03.535,2026-08-07
"376","XclFW177dK","MOOSPMv3Parser",1786083000,15,15,10,22,22,10,10,23,23,10,2828,792,41058,143,77,8,77,77,27,39,77,0,30,30,45,45,15.853,256,1,35.949745,-119.050018,109.801003,8,600,58,3,"e00fce6808784ceaf209f949",2026-08-07 06:10:03.379,2026-08-07 06:10:03.554,2026-08-07 06:10:03.554,2026-08-07
"377","76DB8GSv0H","MOOSPMv3Parser",1786083001,4,4,3,5,5,3,3,5,5,3,767,220,39630,38,26,2,26,26,28,21,26,0,31,32,30,31,40.954,11,3277,2.9e-05,-0.004221,27428.671875,8,600,58,3,"e00fce68e28dcbc9a589be10",2026-08-07 06:10:03.375,2026-08-07 06:10:03.584,2026-08-07 06:10:03.584,2026-08-07
"378","0lBaBixHjS","MOOSPMv3Parser",1786083001,0,0,2,0,0,3,3,1,1,3,255,162,18132,24,18,2,18,18,28,33,18,1,30,32,35,33,45.699,65,2,36.139,-120.36837,170.119995,8,599,58,3,"e00fce686dc2ef0a68fa40b0",2026-08-07 06:10:04.073,2026-08-07 06:10:04.293,2026-08-07 06:10:04.293,2026-08-07
"379","Q1HBUBrZvh","MOOSPMv3Parser",1786083000,3,3,4,5,5,4,4,6,6,4,866,211,27630,38,31,2,31,31,27,25,31,0,34,30,28,36,513.022,17,4,36.138988,-120.368469,201.733994,7,600,58,3,"e00fce6850cac69f647dc199",2026-08-07 06:10:05.063,2026-08-07 06:10:05.224,2026-08-07 06:10:05.224,2026-08-07
"380","lggNEzKfpU","MOOSPMv3Parser",1786083600,10,10,8,14,14,8,8,15,15,8,1902,529,71939,89,63,4,64,64,25,49,64,0,26,28,53,49,15.802,180,1,36.523296,-119.278839,73.787003,6,600,58,3,"e00fce68f12da1a0c5de6248",2026-08-07 06:20:02.949,2026-08-07 06:20:03.131,2026-08-07 06:20:03.131,2026-08-07
"381","H0gIDvcrkX","MOOSPMv3Parser",1786083600,3,3,3,5,5,4,4,6,6,4,694,214,31026,39,27,5,27,27,0,0,27,0,30,31,35,36,29.618,89,4,36.138924,-120.368454,159.190002,8,600,58,3,"e00fce6876826e255108c6bd",2026-08-07 06:20:02.941,2026-08-07 06:20:03.159,2026-08-07 06:20:03.159,2026-08-07
"382","UKHJzqkLBU","MOOSPMv3Parser",1786083601,3,3,3,4,4,4,4,5,5,4,1028,196,64363,29,26,2,27,27,27,28,27,0,30,30,32,35,35.589,55,2,36.762718,-119.798775,53.439999,15,600,58,3,"e00fce68e88237db75a60608",2026-08-07 06:20:02.997,2026-08-07 06:20:03.24,2026-08-07 06:20:03.24,2026-08-07
"383","X6GXuZGPMM","MOOSPMv3Parser",1786083600,4,4,0,7,7,0,0,8,8,0,1073,281,0,56,0,4,0,0,27,25,0,2,30,30,34,36,24.724,175,6,36.18745,-119.822197,19.112,8,600,58,3,"e00fce68e739ecbcf9e91965",2026-08-07 06:20:03.168,2026-08-07 06:20:03.469,2026-08-07 06:20:03.469,2026-08-07
"384","HzfK3CiIDn","MOOSPMv3Parser",1786083601,4,4,3,6,6,3,3,6,6,3,821,234,39652,38,26,2,26,26,28,21,26,1,30,32,31,31,40.159,12,3277,2.9e-05,-0.004221,27428.671875,8,600,58,3,"e00fce68e28dcbc9a589be10",2026-08-07 06:20:03.398,2026-08-07 06:20:03.559,2026-08-07 06:20:03.559,2026-08-07
"385","EZEQkvk9dI","MOOSPMv3Parser",1786083600,15,15,10,22,22,10,10,23,23,10,2816,785,41123,139,75,8,75,75,27,40,75,0,29,30,47,45,15.135,287,1,35.949383,-119.05024,73.273003,8,600,58,3,"e00fce6808784ceaf209f949",2026-08-07 06:20:03.383,2026-08-07 06:20:03.574,2026-08-07 06:20:03.574,2026-08-07
"386","UA9dBpPQT3","MOOSPMv3Parser",1786083601,4,4,3,6,6,3,3,6,6,3,1285,257,25471,41,21,2,21,21,28,25,21,0,30,31,35,35,37.712,105,3,36.139065,-120.368431,170.735001,10,600,58,3,"e00fce68e77e43df92405fdb",2026-08-07 06:20:03.469,2026-08-07 06:20:03.611,2026-08-07 06:20:03.611,2026-08-07
"387","z1WtZUU5R2","MOOSPMv3Parser",1786083601,0,0,4,2,2,4,4,2,2,4,300,208,24446,36,28,4,28,28,28,32,28,0,30,31,35,36,34.462,116,4,36.139057,-120.368378,177.697006,8,600,58,3,"e00fce68d6b773b56ce8baa0",2026-08-07 06:20:03.614,2026-08-07 06:20:03.802,2026-08-07 06:20:03.802,2026-08-07
"388","AQsZroe9dS","MOOSPMv3Parser",1786083601,0,0,2,0,0,2,2,1,1,2,269,173,18145,27,16,2,16,16,28,33,16,0,30,32,35,33,42.037,98,2,36.139015,-120.368378,174.371002,7,599,58,3,"e00fce686dc2ef0a68fa40b0",2026-08-07 06:20:04.075,2026-08-07 06:20:04.239,2026-08-07 06:20:04.239,2026-08-07
"389","D27OXJIFPj","MOOSPMv3Parser",1786083600,4,4,4,6,6,4,4,6,6,4,942,232,27657,43,30,2,30,30,27,26,30,0,34,30,28,36,82.847,32,4,36.138988,-120.36837,193.324005,6,600,58,3,"e00fce6850cac69f647dc199",2026-08-07 06:20:04.456,2026-08-07 06:20:04.657,2026-08-07 06:20:04.657,2026-08-07
"390","VDgbSvCesQ","MOOSPMv3Parser",1786084200,3,3,3,5,5,4,4,6,6,4,699,214,31050,37,27,3,27,27,0,0,27,0,30,30,36,38,27.558,89,3,36.138962,-120.368378,152.910004,7,600,58,3,"e00fce6876826e255108c6bd",2026-08-07 06:30:03.021,2026-08-07 06:30:03.215,2026-08-07 06:30:03.215,2026-08-07
"391","oHPPJOixdt","MOOSPMv3Parser",1786084201,3,3,3,4,4,4,4,5,5,4,1085,206,64386,31,26,2,26,26,26,28,26,0,29,30,32,35,35.097,58,2,36.762699,-119.798759,71.908997,9,600,58,3,"e00fce68e88237db75a60608",2026-08-07 06:30:03.067,2026-08-07 06:30:03.243,2026-08-07 06:30:03.243,2026-08-07
"392","zAMqMH0mk1","MOOSPMv3Parser",1786084200,4,4,0,7,7,0,0,7,7,0,1058,275,0,51,0,4,0,0,27,27,0,2,29,30,36,37,21.905,241,5,36.187443,-119.822014,23.747999,12,600,58,3,"e00fce68e739ecbcf9e91965",2026-08-07 06:30:03.075,2026-08-07 06:30:03.276,2026-08-07 06:30:03.276,2026-08-07
"393","MXSekE1lRX","MOOSPMv3Parser",1786084200,11,11,9,15,15,9,9,16,16,9,2008,566,71998,89,67,4,67,67,25,49,67,0,26,28,53,49,15.744,177,1,36.523308,-119.278801,74.348999,7,600,58,3,"e00fce68f12da1a0c5de6248",2026-08-07 06:30:03.167,2026-08-07 06:30:03.339,2026-08-07 06:30:03.339,2026-08-07
"394","eIG2Lngudz","MOOSPMv3Parser",1786084201,0,0,4,1,1,4,4,1,1,4,288,196,24469,34,28,4,28,28,27,33,28,0,30,31,36,36,31.919,173,3,36.139019,-120.36834,178.684998,7,600,58,3,"e00fce68d6b773b56ce8baa0",2026-08-07 06:30:03.228,2026-08-07 06:30:03.426,2026-08-07 06:30:03.426,2026-08-07
"395","rSRhlFxr9m","MOOSPMv3Parser",1786084201,4,4,4,6,6,4,4,6,6,4,822,234,39677,41,29,2,29,29,28,22,29,1,30,31,32,32,39.561,14,3277,2.9e-05,-0.004221,27428.671875,8,600,58,3,"e00fce68e28dcbc9a589be10",2026-08-07 06:30:03.234,2026-08-07 06:30:03.429,2026-08-07 06:30:03.429,2026-08-07
"396","Rv11gL1ffq","MOOSPMv3Parser",1786084200,16,16,10,23,23,10,10,24,24,10,2916,818,41189,147,76,9,77,77,27,40,77,0,29,30,47,45,15.813,258,1,35.949482,-119.049919,97.791,7,600,58,3,"e00fce6808784ceaf209f949",2026-08-07 06:30:03.387,2026-08-07 06:30:03.607,2026-08-07 06:30:03.607,2026-08-07
"397","vE3bMnsxKq","MOOSPMv3Parser",1786084201,4,4,3,6,6,3,3,6,6,3,1200,244,25490,37,22,2,22,22,28,26,22,0,30,31,36,37,34.822,169,3,36.139065,-120.368431,170.735992,0,600,58,3,"e00fce68e77e43df92405fdb",2026-08-07 06:30:03.484,2026-08-07 06:30:03.687,2026-08-07 06:30:03.687,2026-08-07
"398","27mKQoEm76","MOOSPMv3Parser",1786084201,0,0,2,0,0,2,2,0,0,2,260,161,18160,25,17,2,17,17,28,34,17,0,30,31,36,34,39.057,152,2,36.138897,-120.368347,172.746002,5,599,58,3,"e00fce686dc2ef0a68fa40b0",2026-08-07 06:30:03.64,2026-08-07 06:30:03.83,2026-08-07 06:30:03.83,2026-08-07
"399","m8J5vGGGzS","MOOSPMv3Parser",1786084200,4,4,4,6,6,4,4,6,6,4,881,219,27681,40,29,2,29,29,27,27,29,0,33,30,29,37,45.077,60,4,36.139095,-120.368355,190.679001,5,600,58,3,"e00fce6850cac69f647dc199",2026-08-07 06:30:04.474,2026-08-07 06:30:04.615,2026-08-07 06:30:04.615,2026-08-07
"400","ZarmsGyIzc","MOOSPMv3Parser",1786084801,0,0,2,0,0,2,2,1,1,2,254,159,18173,25,16,2,16,16,28,34,16,0,29,31,36,35,37.778,182,2,36.139019,-120.368362,183.018005,6,599,58,3,"e00fce686dc2ef0a68fa40b0",2026-08-07 06:40:02.858,2026-08-07 06:40:03.115,2026-08-07 06:40:03.115,2026-08-07
"401","1lcNHY6uXL","MOOSPMv3Parser",1786084800,11,11,9,16,16,9,9,17,17,9,2187,611,72058,96,69,5,70,70,24,53,70,0,24,27,60,51,14.055,183,1,36.523415,-119.278664,87.948997,7,600,58,3,"e00fce68f12da1a0c5de6248",2026-08-07 06:40:02.995,2026-08-07 06:40:03.164,2026-08-07 06:40:03.164,2026-08-07
"402","yBRu8gZCCT","MOOSPMv3Parser",1786084801,3,3,3,4,4,4,4,5,5,4,1083,205,64409,26,26,1,26,26,26,29,26,0,29,29,34,36,34.291,58,2,36.762703,-119.798752,62.408001,10,600,58,3,"e00fce68e88237db75a60608",2026-08-07 06:40:02.998,2026-08-07 06:40:03.236,2026-08-07 06:40:03.236,2026-08-07
"403","CSypYdZVBQ","MOOSPMv3Parser",1786084800,4,4,0,6,6,0,0,7,7,0,1031,264,0,50,0,4,0,0,27,28,0,2,29,30,37,38,27.404,185,5,36.187489,-119.822113,15.522,10,600,58,3,"e00fce68e739ecbcf9e91965",2026-08-07 06:40:02.998,2026-08-07 06:40:03.239,2026-08-07 06:40:03.239,2026-08-07
"404","jKq05VxHaH","MOOSPMv3Parser",1786084801,4,4,4,6,6,4,4,6,6,4,806,230,39701,43,28,3,28,28,28,22,28,1,30,31,32,33,39.869,14,3277,2.9e-05,-0.004221,27428.671875,8,600,58,3,"e00fce68e28dcbc9a589be10",2026-08-07 06:40:03.301,2026-08-07 06:40:03.496,2026-08-07 06:40:03.496,2026-08-07
"405","uzxFI3IRxT","MOOSPMv3Parser",1786084800,16,16,9,22,22,10,10,23,23,10,2891,800,41254,138,74,8,74,74,27,44,74,0,28,30,53,50,9.047,324,1,35.949272,-119.050095,100.708,7,600,58,3,"e00fce6808784ceaf209f949",2026-08-07 06:40:03.395,2026-08-07 06:40:03.535,2026-08-07 06:40:03.535,2026-08-07
"406","u9LdEdRcQM","MOOSPMv3Parser",1786084801,4,4,3,5,5,3,3,6,6,3,1183,230,25509,38,21,2,22,22,27,27,22,0,29,31,36,37,31.587,218,2,36.139107,-120.368401,166.483002,15,600,58,3,"e00fce68e77e43df92405fdb",2026-08-07 06:40:03.545,2026-08-07 06:40:03.714,2026-08-07 06:40:03.714,2026-08-07
"407","ROicLwRAhG","MOOSPMv3Parser",1786084800,3,3,3,5,5,3,3,5,5,3,682,210,31072,36,26,3,26,26,0,0,26,0,29,30,36,38,26.144,89,2,36.138962,-120.368393,196.001007,8,600,58,3,"e00fce6876826e255108c6bd",2026-08-07 06:40:03.502,2026-08-07 06:40:03.717,2026-08-07 06:40:03.717,2026-08-07
"408","qEH3pV5Ndy","MOOSPMv3Parser",1786084801,0,0,4,1,1,4,4,1,1,4,284,197,24493,36,28,3,28,28,27,34,28,0,29,30,36,37,29.888,206,3,36.138847,-120.368317,156.602997,6,600,58,3,"e00fce68d6b773b56ce8baa0",2026-08-07 06:40:03.544,2026-08-07 06:40:03.74,2026-08-07 06:40:03.74,2026-08-07
"409","JEq6erhLDJ","MOOSPMv3Parser",1786084800,4,4,4,5,5,4,4,6,6,4,857,213,27706,39,28,2,28,28,26,28,28,0,33,30,31,39,43.013,85,3,36.13895,-120.368347,178.522995,10,600,58,3,"e00fce6850cac69f647dc199",2026-08-07 06:40:04.272,2026-08-07 06:40:04.481,2026-08-07 06:40:04.481,2026-08-07
"410","sVSkBUWszI","MOOSPMv3Parser",1786085400,3,3,3,5,5,3,3,5,5,3,658,203,31095,34,26,3,26,26,0,0,26,0,29,30,36,37,25.766,89,2,36.139,-120.368446,189.550003,5,600,58,3,"e00fce6876826e255108c6bd",2026-08-07 06:50:02.775,2026-08-07 06:50:02.991,2026-08-07 06:50:02.991,2026-08-07
"411","lM9FnF6hKb","MOOSPMv3Parser",1786085401,3,3,4,5,5,4,4,5,5,4,1077,212,64433,34,28,2,28,28,26,30,28,0,29,29,35,37,33.352,64,2,36.762707,-119.798752,73.834,10,600,58,3,"e00fce68e88237db75a60608",2026-08-07 06:50:02.957,2026-08-07 06:50:03.15,2026-08-07 06:50:03.15,2026-08-07
"412","J2hagaZMaH","MOOSPMv3Parser",1786085400,4,4,0,7,7,0,0,8,8,0,1089,282,0,54,0,5,0,0,26,28,0,2,28,29,38,39,29.062,164,7,36.187466,-119.822159,23.561001,12,600,58,3,"e00fce68e739ecbcf9e91965",2026-08-07 06:50:02.995,2026-08-07 06:50:03.169,2026-08-07 06:50:03.169,2026-08-07
"413","G3i8SFwDHV","MOOSPMv3Parser",1786085401,0,0,2,0,0,2,2,1,1,2,251,160,18186,25,15,2,15,15,28,34,15,0,29,31,36,34,35.668,197,2,36.13905,-120.368393,182.007004,7,599,58,3,"e00fce686dc2ef0a68fa40b0",2026-08-07 06:50:03.171,2026-08-07 06:50:03.368,2026-08-07 06:50:03.368,2026-08-07
"414","DXzc4svzWQ","MOOSPMv3Parser",1786085401,0,0,4,1,1,4,4,2,2,4,282,196,24516,34,28,3,28,28,27,33,28,0,29,30,36,36,29.231,222,3,36.139137,-120.368538,197.335007,8,600,58,3,"e00fce68d6b773b56ce8baa0",2026-08-07 06:50:03.302,2026-08-07 06:50:03.545,2026-08-07 06:50:03.545,2026-08-07
"415","7dszIsYEG1","MOOSPMv3Parser",1786085401,4,4,4,6,6,4,4,6,6,4,865,243,39726,42,29,2,29,29,28,23,29,1,30,31,33,33,38.124,20,3277,2.9e-05,-0.004221,27428.671875,8,600,58,3,"e00fce68e28dcbc9a589be10",2026-08-07 06:50:03.385,2026-08-07 06:50:03.592,2026-08-07 06:50:03.592,2026-08-07
"416","mmgMNbj3Q8","MOOSPMv3Parser",1786085400,15,15,9,22,22,10,10,23,23,10,2872,799,41318,140,73,9,74,74,26,45,74,0,28,29,51,49,8.782,347,1,35.949459,-119.04985,130.669006,8,600,58,3,"e00fce6808784ceaf209f949",2026-08-07 06:50:03.57,2026-08-07 06:50:03.751,2026-08-07 06:50:03.751,2026-08-07
"417","k557H8SMF3","MOOSPMv3Parser",1786085400,4,4,4,6,6,4,4,6,6,4,883,219,27730,41,28,2,28,28,26,27,28,0,32,29,30,37,43.421,98,3,36.139019,-120.368279,187.330994,8,600,58,3,"e00fce6850cac69f647dc199",2026-08-07 06:50:03.706,2026-08-07 06:50:03.875,2026-08-07 06:50:03.875,2026-08-07
"418","WsZdu3Oubn","MOOSPMv3Parser",1786085401,4,4,3,5,5,3,3,6,6,3,1203,236,25527,32,20,2,20,20,27,26,20,0,29,30,36,37,30.511,206,2,36.139046,-120.368401,174.964996,8,600,58,3,"e00fce68e77e43df92405fdb",2026-08-07 06:50:03.778,2026-08-07 06:50:03.938,2026-08-07 06:50:03.938,2026-08-07
"419","DsdNnvrl8s","MOOSPMv3Parser",1786085400,11,11,9,16,16,10,10,17,17,10,2197,617,72123,100,74,5,74,74,24,57,74,0,24,27,62,55,8.186,223,1,36.523415,-119.278664,87.943001,0,600,58,3,"e00fce68f12da1a0c5de6248",2026-08-07 06:50:04.37,2026-08-07 06:50:04.515,2026-08-07 06:50:04.515,2026-08-07
"420","hf3cHlAgml","MOOSPMv3Parser",1786086000,13,13,10,18,18,10,10,19,19,10,2402,674,72191,111,78,6,78,79,24,57,79,0,24,26,60,55,8.567,212,1,36.523228,-119.278778,95.042999,6,600,58,3,"e00fce68f12da1a0c5de6248",2026-08-07 07:00:03.003,2026-08-07 07:00:03.313,2026-08-07 07:00:03.313,2026-08-07
"421","fa4O5PasNQ","MOOSPMv3Parser",1786086001,3,3,4,5,5,4,4,6,6,4,1106,218,64459,35,30,3,30,30,26,32,30,0,29,29,36,39,32.522,71,2,36.762741,-119.798836,59.501999,12,600,58,3,"e00fce68e88237db75a60608",2026-08-07 07:00:03.003,2026-08-07 07:00:03.366,2026-08-07 07:00:03.366,2026-08-07
"422","avAK8rdrMN","MOOSPMv3Parser",1786086000,3,3,4,5,5,4,4,6,6,4,704,216,31118,42,27,6,28,28,0,0,28,0,29,30,36,37,23.176,89,2,36.139019,-120.368271,192.311996,6,600,58,3,"e00fce6876826e255108c6bd",2026-08-07 07:00:02.953,2026-08-07 07:00:03.395,2026-08-07 07:00:03.395,2026-08-07
"423","GYrDGUnCGI","MOOSPMv3Parser",1786086000,4,4,0,7,7,0,0,8,8,0,1074,279,0,54,0,4,0,0,26,29,0,2,28,29,38,39,29.011,154,7,36.187466,-119.822159,23.563999,0,600,58,3,"e00fce68e739ecbcf9e91965",2026-08-07 07:00:03.005,2026-08-07 07:00:03.449,2026-08-07 07:00:03.449,2026-08-07
"424","mwCeVZfP7F","MOOSPMv3Parser",1786086000,14,14,9,21,21,10,10,22,22,10,2690,746,41380,134,72,8,72,72,26,46,72,0,27,29,53,50,11.975,303,1,35.949543,-119.049759,131.574997,6,600,58,3,"e00fce6808784ceaf209f949",2026-08-07 07:00:03.396,2026-08-07 07:00:03.582,2026-08-07 07:00:03.582,2026-08-07
"425","5OBGHfF1Qq","MOOSPMv3Parser",1786086001,0,0,3,1,1,4,4,1,1,4,263,166,18176,28,26,3,26,26,27,33,26,1,29,31,36,34,32.471,217,2,36.13905,-120.368393,182.003998,0,600,58,3,"e00fce686dc2ef0a68fa40b0",2026-08-07 07:00:03.468,2026-08-07 07:00:03.654,2026-08-07 07:00:03.654,2026-08-07
"426","XVC4o0SoY5","MOOSPMv3Parser",1786086001,4,4,4,6,6,4,4,7,7,4,854,243,39751,43,29,3,30,30,28,23,30,0,29,31,34,34,36.486,30,3277,2.9e-05,-0.004221,27428.671875,8,600,58,3,"e00fce68e28dcbc9a589be10",2026-08-07 07:00:03.333,2026-08-07 07:00:03.692,2026-08-07 07:00:03.692,2026-08-07
"427","9DdRTgFHGA","MOOSPMv3Parser",1786086001,4,4,3,6,6,4,4,7,7,4,1247,249,25548,41,25,4,25,26,27,25,26,0,29,30,35,36,27.879,229,2,36.138908,-120.368401,170.994995,8,600,58,3,"e00fce68e77e43df92405fdb",2026-08-07 07:00:03.504,2026-08-07 07:00:03.721,2026-08-07 07:00:03.721,2026-08-07
"428","bJtp7tkuTC","MOOSPMv3Parser",1786086001,0,0,4,1,1,4,4,1,1,4,286,200,24540,35,29,4,29,29,27,33,29,0,29,30,36,36,25.585,240,2,36.139042,-120.368324,150.722,7,600,58,3,"e00fce68d6b773b56ce8baa0",2026-08-07 07:00:03.474,2026-08-07 07:00:03.77,2026-08-07 07:00:03.77,2026-08-07
"429","corJAzVjIk","MOOSPMv3Parser",1786086000,4,4,4,6,6,4,4,6,6,5,912,228,27757,42,31,3,31,31,26,27,31,0,32,29,30,37,38.862,121,3,36.139027,-120.368362,174.712997,8,600,58,3,"e00fce6850cac69f647dc199",2026-08-07 07:00:04.024,2026-08-07 07:00:04.176,2026-08-07 07:00:04.176,2026-08-07
"430","Brn049UBiK","MOOSPMv3Parser",1786086601,0,0,2,0,0,2,2,0,0,3,259,165,18220,25,16,2,17,17,27,33,17,0,28,30,35,34,31.467,212,2,36.138962,-120.368401,174.621002,10,599,58,3,"e00fce686dc2ef0a68fa40b0",2026-08-07 07:10:02.916,2026-08-07 07:10:03.131,2026-08-07 07:10:03.131,2026-08-07
"431","chYZQafgYf","MOOSPMv3Parser",1786086600,14,14,10,19,19,11,11,20,20,11,2529,709,72261,108,80,5,80,80,24,59,80,0,24,26,61,57,9.475,199,1,36.523167,-119.278748,103.439003,6,600,58,3,"e00fce68f12da1a0c5de6248",2026-08-07 07:10:03.008,2026-08-07 07:10:03.189,2026-08-07 07:10:03.189,2026-08-07
"432","Ol6ibbFOrq","MOOSPMv3Parser",1786086600,5,5,0,8,8,0,0,8,8,0,1083,288,0,53,0,3,0,0,26,30,0,2,28,29,38,40,28.599,147,8,36.187477,-119.822037,27.080999,11,600,58,3,"e00fce68e739ecbcf9e91965",2026-08-07 07:10:03.08,2026-08-07 07:10:03.295,2026-08-07 07:10:03.295,2026-08-07
"433","aKoLG69c2p","MOOSPMv3Parser",1786086601,4,4,4,6,6,4,4,6,6,4,1186,241,64487,37,32,3,32,32,26,33,32,0,28,29,37,39,30.686,96,2,36.762703,-119.79879,54.960999,6,600,58,3,"e00fce68e88237db75a60608",2026-08-07 07:10:03.161,2026-08-07 07:10:03.306,2026-08-07 07:10:03.306,2026-08-07
"434","hA7zkTMrur","MOOSPMv3Parser",1786086601,0,0,3,1,1,4,4,2,2,4,292,200,24563,34,27,3,27,27,27,33,27,0,28,30,36,36,24.612,246,2,36.138973,-120.36837,168.229996,7,600,58,3,"e00fce68d6b773b56ce8baa0",2026-08-07 07:10:03.304,2026-08-07 07:10:03.459,2026-08-07 07:10:03.459,2026-08-07
"435","bLRtxdrPXT","MOOSPMv3Parser",1786086600,12,12,8,18,18,8,8,20,20,8,2371,654,41435,120,63,8,63,63,26,45,63,0,28,29,51,49,15.814,290,1,35.949543,-119.049759,131.576996,0,600,58,3,"e00fce6808784ceaf209f949",2026-08-07 07:10:03.398,2026-08-07 07:10:03.556,2026-08-07 07:10:03.556,2026-08-07
"436","YvdaD4CYW8","MOOSPMv3Parser",1786086601,4,4,4,6,6,4,4,6,6,4,870,246,39777,44,30,2,30,30,27,24,30,1,29,31,35,34,35.201,44,3277,2.9e-05,-0.004221,27428.671875,8,600,58,3,"e00fce68e28dcbc9a589be10",2026-08-07 07:10:03.343,2026-08-07 07:10:03.568,2026-08-07 07:10:03.568,2026-08-07
"437","27hSvd5BFT","MOOSPMv3Parser",1786086601,4,4,3,6,6,3,3,6,6,3,1247,246,25567,37,22,2,22,22,27,25,22,0,28,30,35,36,26.916,228,2,36.138954,-120.368294,175.307999,9,600,58,3,"e00fce68e77e43df92405fdb",2026-08-07 07:10:03.557,2026-08-07 07:10:03.783,2026-08-07 07:10:03.783,2026-08-07
"438","FkZLm3vqzi","MOOSPMv3Parser",1786086600,4,4,4,5,5,4,4,6,6,4,883,221,27783,39,30,3,30,30,26,26,30,0,31,29,30,37,36.872,142,2,36.138969,-120.368347,171.729996,12,600,58,3,"e00fce6850cac69f647dc199",2026-08-07 07:10:04.439,2026-08-07 07:10:04.642,2026-08-07 07:10:04.642,2026-08-07
"439","QciU4D0liQ","MOOSPMv3Parser",1786086600,3,3,3,5,5,4,4,5,5,4,692,213,31141,35,26,2,27,27,0,0,27,0,28,29,35,37,23.019,89,2,36.139019,-120.368294,192.923996,8,600,58,3,"e00fce6876826e255108c6bd",2026-08-07 07:10:07.161,2026-08-07 07:10:07.346,2026-08-07 07:10:07.346,2026-08-07
"440","KvxL1YGTK2","MOOSPMv3Parser",1786087201,0,0,2,1,1,2,2,1,1,2,258,165,18234,27,16,2,16,16,27,34,16,0,28,30,36,34,30.964,199,2,36.138988,-120.368431,192.781998,9,599,58,3,"e00fce686dc2ef0a68fa40b0",2026-08-07 07:20:02.905,2026-08-07 07:20:03.082,2026-08-07 07:20:03.082,2026-08-07
"441","nH36sr7dJm","MOOSPMv3Parser",1786087200,13,13,10,18,18,11,11,19,19,11,2460,689,72332,108,81,5,81,81,24,57,81,0,25,26,58,55,10.826,200,1,36.5233,-119.278809,109.160004,6,600,58,3,"e00fce68f12da1a0c5de6248",2026-08-07 07:20:03.003,2026-08-07 07:20:03.153,2026-08-07 07:20:03.153,2026-08-07
"442","M0ErXNoQpO","MOOSPMv3Parser",1786087200,5,5,0,8,8,0,0,9,9,0,1143,299,0,60,0,4,0,0,26,31,0,2,28,29,40,41,27.173,188,8,36.187462,-119.822105,20.139,10,600,58,3,"e00fce68e739ecbcf9e91965",2026-08-07 07:20:03.076,2026-08-07 07:20:03.286,2026-08-07 07:20:03.286,2026-08-07
"443","qrFFlHARbe","MOOSPMv3Parser",1786087201,4,4,4,6,6,4,4,6,6,4,835,237,39804,45,30,2,30,30,27,25,30,0,29,31,35,35,34.683,52,3277,2.9e-05,-0.004221,27428.671875,8,600,58,3,"e00fce68e28dcbc9a589be10",2026-08-07 07:20:03.139,2026-08-07 07:20:03.311,2026-08-07 07:20:03.311,2026-08-07
"444","7hyHaL8jXl","MOOSPMv3Parser",1786087201,4,4,4,5,5,4,4,6,6,4,1136,228,64515,35,32,3,32,32,25,34,32,0,28,28,38,40,29.311,117,2,36.762615,-119.798744,63.798,6,600,58,3,"e00fce68e88237db75a60608",2026-08-07 07:20:03.187,2026-08-07 07:20:03.34,2026-08-07 07:20:03.34,2026-08-07
"445","iGbWTZ6WHJ","MOOSPMv3Parser",1786087200,12,12,8,17,17,8,8,18,18,8,2228,616,41489,108,63,7,63,63,26,44,63,0,28,29,50,48,13.365,292,1,35.949619,-119.049896,121.935997,5,600,58,3,"e00fce6808784ceaf209f949",2026-08-07 07:20:03.395,2026-08-07 07:20:03.632,2026-08-07 07:20:03.632,2026-08-07
"446","WbOdnc1BjH","MOOSPMv3Parser",1786087201,4,4,3,6,6,3,3,6,6,3,1291,258,25588,37,23,2,24,24,27,26,24,0,28,30,36,37,26.266,222,2,36.138927,-120.368294,165.688995,7,600,58,3,"e00fce68e77e43df92405fdb",2026-08-07 07:20:03.545,2026-08-07 07:20:03.721,2026-08-07 07:20:03.721,2026-08-07
"447","sU2AN1YwB6","MOOSPMv3Parser",1786087200,4,4,4,6,6,4,4,6,6,4,922,229,27809,40,30,2,30,30,26,27,30,0,31,29,31,38,36.242,142,2,36.138969,-120.368347,171.731003,0,600,58,3,"e00fce6850cac69f647dc199",2026-08-07 07:20:03.659,2026-08-07 07:20:03.821,2026-08-07 07:20:03.821,2026-08-07
"448","D9yDGmOpu9","MOOSPMv3Parser",1786087201,0,0,4,1,1,4,4,2,2,4,290,200,24587,35,29,3,29,29,26,33,29,0,28,29,36,37,23.19,240,2,36.138962,-120.368378,195.899002,5,600,58,3,"e00fce68d6b773b56ce8baa0",2026-08-07 07:20:03.687,2026-08-07 07:20:03.915,2026-08-07 07:20:03.915,2026-08-07
"449","OIKfxISpX1","MOOSPMv3Parser",1786087200,3,3,3,6,6,4,4,7,7,4,717,222,31164,42,27,5,27,27,0,0,27,0,28,29,36,38,22.485,89,2,36.138706,-120.368713,147.139008,7,600,58,3,"e00fce6876826e255108c6bd",2026-08-07 07:20:07.025,2026-08-07 07:20:07.303,2026-08-07 07:20:07.303,2026-08-07
"450","JgnjqV5MR6","MOOSPMv3Parser",1786087800,13,13,10,18,18,10,10,19,19,10,2384,664,72399,105,77,5,78,78,23,60,78,0,25,26,61,57,8.4,210,1,36.523296,-119.27887,99.253998,6,600,58,3,"e00fce68f12da1a0c5de6248",2026-08-07 07:30:02.963,2026-08-07 07:30:03.147,2026-08-07 07:30:03.147,2026-08-07
"451","w6hRbTo82s","MOOSPMv3Parser",1786087801,0,0,2,1,1,2,2,1,1,2,262,167,18247,26,16,2,16,16,27,34,16,0,28,30,37,35,30.026,205,2,36.138916,-120.368401,168.330002,9,599,58,3,"e00fce686dc2ef0a68fa40b0",2026-08-07 07:30:03.002,2026-08-07 07:30:03.208,2026-08-07 07:30:03.208,2026-08-07
"452","xzMNDUUlBc","MOOSPMv3Parser",1786087801,4,4,4,6,6,4,4,7,7,4,1254,258,64544,44,33,3,33,33,25,35,33,0,28,28,38,40,27.055,151,2,36.762615,-119.798744,63.797001,0,600,58,3,"e00fce68e88237db75a60608",2026-08-07 07:30:03.004,2026-08-07 07:30:03.242,2026-08-07 07:30:03.242,2026-08-07
"453","FUZTR3TLIA","MOOSPMv3Parser",1786087801,0,0,4,1,1,4,4,2,2,4,291,202,24610,36,28,3,28,28,26,34,28,0,28,29,37,37,22.651,248,2,36.139065,-120.368408,186.272995,6,600,58,3,"e00fce68d6b773b56ce8baa0",2026-08-07 07:30:03.214,2026-08-07 07:30:03.377,2026-08-07 07:30:03.377,2026-08-07
"454","R3iDFHMnET","MOOSPMv3Parser",1786087800,5,5,0,9,9,0,0,10,10,0,1164,304,0,64,0,5,0,0,25,32,0,2,27,28,42,42,22.525,259,7,36.187462,-119.821983,37.237,9,600,58,3,"e00fce68e739ecbcf9e91965",2026-08-07 07:30:03.236,2026-08-07 07:30:03.428,2026-08-07 07:30:03.428,2026-08-07
"455","A3bCYtY2iT","MOOSPMv3Parser",1786087801,4,4,4,6,6,4,4,7,7,4,851,242,39830,47,30,4,31,31,27,26,31,1,28,30,37,36,30.489,112,3277,2.9e-05,-0.004221,27428.671875,8,600,58,3,"e00fce68e28dcbc9a589be10",2026-08-07 07:30:03.383,2026-08-07 07:30:03.564,2026-08-07 07:30:03.564,2026-08-07
"456","lJjMsD6CI7","MOOSPMv3Parser",1786087800,11,11,7,16,16,7,7,17,17,7,2089,583,41537,106,55,6,55,55,26,44,55,0,28,29,49,48,18.314,268,1,35.949379,-119.049988,107.575996,7,600,58,3,"e00fce6808784ceaf209f949",2026-08-07 07:30:03.395,2026-08-07 07:30:03.599,2026-08-07 07:30:03.599,2026-08-07
"457","TnGwZcOKbk","MOOSPMv3Parser",1786087801,4,4,3,6,6,3,3,6,6,3,1205,252,25608,38,24,3,24,24,26,26,24,0,28,30,37,38,25.173,232,2,36.138962,-120.368301,178.391998,7,600,58,3,"e00fce68e77e43df92405fdb",2026-08-07 07:30:03.648,2026-08-07 07:30:03.782,2026-08-07 07:30:03.782,2026-08-07
"458","tyrWwpBsil","MOOSPMv3Parser",1786087800,4,4,4,6,6,4,4,6,6,4,923,230,27834,38,29,3,29,29,26,28,29,0,31,28,31,38,34.823,159,2,36.138981,-120.368385,172.647995,8,600,58,3,"e00fce6850cac69f647dc199",2026-08-07 07:30:20.112,2026-08-07 07:30:20.279,2026-08-07 07:30:20.279,2026-08-07
"459","RmL4bF9jKX","MOOSPMv3Parser",1786087800,3,3,3,5,5,4,4,6,6,4,723,222,31187,40,26,4,26,26,0,0,26,0,28,29,37,38,22.33,89,2,36.138706,-120.368713,147.138,0,600,58,3,"e00fce6876826e255108c6bd",2026-08-07 07:30:38.515,2026-08-07 07:30:38.671,2026-08-07 07:30:38.671,2026-08-07
"460","0aKudj5Hbg","MOOSPMv3Parser",1786088401,4,4,4,6,6,5,5,6,6,5,1213,249,64574,41,34,2,35,35,25,35,35,0,28,28,39,41,26.862,147,2,36.76273,-119.798759,54.592999,11,600,58,3,"e00fce68e88237db75a60608",2026-08-07 07:40:02.991,2026-08-07 07:40:03.168,2026-08-07 07:40:03.168,2026-08-07
"461","KalmCQX4Ec","MOOSPMv3Parser",1786088401,0,0,2,0,0,2,2,1,1,2,263,166,18260,26,16,2,16,16,27,34,16,0,28,30,36,34,28.321,211,2,36.139225,-120.368385,221.410995,8,599,58,3,"e00fce686dc2ef0a68fa40b0",2026-08-07 07:40:03.088,2026-08-07 07:40:03.254,2026-08-07 07:40:03.254,2026-08-07
"462","DFF9DyxCCB","MOOSPMv3Parser",1786088400,6,6,0,9,9,0,0,10,10,0,1237,325,0,66,0,6,0,0,25,33,0,2,27,28,42,43,19.208,216,6,36.187466,-119.822083,20.924999,6,600,58,3,"e00fce68e739ecbcf9e91965",2026-08-07 07:40:03.148,2026-08-07 07:40:03.344,2026-08-07 07:40:03.344,2026-08-07
"463","2rCEpDob5v","MOOSPMv3Parser",1786088400,10,10,7,15,15,7,7,16,16,7,1974,554,41584,99,54,7,55,55,26,45,55,0,27,28,50,50,19.33,235,1,35.949657,-119.04995,122.480003,7,600,58,3,"e00fce6808784ceaf209f949",2026-08-07 07:40:03.328,2026-08-07 07:40:03.506,2026-08-07 07:40:03.506,2026-08-07
"464","jxGs40EAQU","MOOSPMv3Parser",1786088401,4,4,4,6,6,4,4,6,6,4,859,246,39856,49,30,3,30,30,27,26,30,1,28,30,38,37,28.97,181,3277,2.9e-05,-0.004221,27428.671875,8,600,58,3,"e00fce68e28dcbc9a589be10",2026-08-07 07:40:03.306,2026-08-07 07:40:03.513,2026-08-07 07:40:03.513,2026-08-07
"465","8LLqOjJHbv","MOOSPMv3Parser",1786088401,4,4,3,6,6,3,3,6,6,3,1342,267,25627,40,22,2,22,22,26,26,22,0,28,29,36,37,23.688,227,2,36.138828,-120.368454,183.863007,5,600,58,3,"e00fce68e77e43df92405fdb",2026-08-07 07:40:03.562,2026-08-07 07:40:03.691,2026-08-07 07:40:03.691,2026-08-07
"466","0L4mDm23TW","MOOSPMv3Parser",1786088401,0,0,4,1,1,4,4,2,2,4,293,203,24633,35,28,3,28,28,26,33,28,0,28,29,37,36,22.331,253,2,36.139065,-120.368408,186.281006,0,600,58,3,"e00fce68d6b773b56ce8baa0",2026-08-07 07:40:03.576,2026-08-07 07:40:03.736,2026-08-07 07:40:03.736,2026-08-07
"467","RvANTPRc4P","MOOSPMv3Parser",1786088400,13,13,10,18,18,11,11,19,19,11,2497,693,72469,110,79,6,79,79,23,60,79,0,25,26,60,56,6.321,219,1,36.523315,-119.278839,76.042999,6,600,58,3,"e00fce68f12da1a0c5de6248",2026-08-07 07:40:03.786,2026-08-07 07:40:03.996,2026-08-07 07:40:03.996,2026-08-07
"468","4pVRf89EgP","MOOSPMv3Parser",1786088400,4,4,4,6,6,4,4,6,6,4,915,227,27858,41,28,2,28,28,26,27,28,0,31,28,31,38,32.349,171,2,36.139027,-120.368393,172.302002,9,600,58,3,"e00fce6850cac69f647dc199",2026-08-07 07:40:04.348,2026-08-07 07:40:04.515,2026-08-07 07:40:04.515,2026-08-07
"469","GzcnweFg2X","MOOSPMv3Parser",1786088400,3,3,3,5,5,3,3,6,6,3,721,220,31209,38,25,3,25,25,0,0,25,0,28,29,36,37,20.812,89,2,36.138966,-120.368309,191.798996,10,600,58,3,"e00fce6876826e255108c6bd",2026-08-07 07:40:07.833,2026-08-07 07:40:08.031,2026-08-07 07:40:08.031,2026-08-07
"470","YgfCNo6M4r","MOOSPMv3Parser",1786089000,3,3,3,5,5,3,3,5,5,3,700,216,31231,38,26,2,26,26,0,0,26,0,28,29,36,38,20.627,90,1,36.138908,-120.368248,196.25,7,600,58,3,"e00fce6876826e255108c6bd",2026-08-07 07:50:02.861,2026-08-07 07:50:03.016,2026-08-07 07:50:03.016,2026-08-07
"471","UUeYzDN4JT","MOOSPMv3Parser",1786089000,6,6,0,9,9,0,0,10,10,0,1237,333,0,62,0,5,0,0,25,34,0,2,27,28,42,43,22.498,197,6,36.187553,-119.822189,13.747,6,599,58,3,"e00fce68e739ecbcf9e91965",2026-08-07 07:50:02.997,2026-08-07 07:50:03.152,2026-08-07 07:50:03.152,2026-08-07
"472","6PueYLi2Ap","MOOSPMv3Parser",1786089001,4,4,4,7,7,5,5,7,7,5,1295,269,64604,46,34,4,34,34,25,36,34,0,27,28,40,42,24.302,168,2,36.762726,-119.798752,61.035,13,600,58,3,"e00fce68e88237db75a60608",2026-08-07 07:50:03,2026-08-07 07:50:03.237,2026-08-07 07:50:03.237,2026-08-07
"473","gJe9YvstTK","MOOSPMv3Parser",1786089000,13,13,10,18,18,10,10,18,18,10,2436,681,72536,104,77,4,77,77,23,60,77,0,24,26,61,57,8.063,202,1,36.523327,-119.278793,79.041,7,600,58,3,"e00fce68f12da1a0c5de6248",2026-08-07 07:50:03.105,2026-08-07 07:50:03.28,2026-08-07 07:50:03.28,2026-08-07
"474","tj3Np4c4Dm","MOOSPMv3Parser",1786089001,0,0,2,0,0,2,2,1,1,2,267,170,18273,24,15,1,15,15,27,33,15,0,28,30,37,34,27.506,214,2,36.139008,-120.368423,173.509003,8,599,58,3,"e00fce686dc2ef0a68fa40b0",2026-08-07 07:50:03.161,2026-08-07 07:50:03.356,2026-08-07 07:50:03.356,2026-08-07
"475","6iPN5VCJZA","MOOSPMv3Parser",1786089001,4,4,4,6,6,4,4,7,7,4,869,248,39883,48,31,3,32,32,27,27,32,1,28,30,38,37,28.99,181,3277,2.9e-05,-0.004221,27428.671875,8,600,58,3,"e00fce68e28dcbc9a589be10",2026-08-07 07:50:03.302,2026-08-07 07:50:03.467,2026-08-07 07:50:03.467,2026-08-07
"476","BtnrbjeTKH","MOOSPMv3Parser",1786089001,0,0,4,1,1,4,4,1,1,4,291,202,24657,36,28,3,28,28,26,33,28,0,28,29,37,37,22.016,258,2,36.138947,-120.368492,182.533005,7,600,58,3,"e00fce68d6b773b56ce8baa0",2026-08-07 07:50:03.28,2026-08-07 07:50:03.481,2026-08-07 07:50:03.481,2026-08-07
"477","xEEy7fcqyA","MOOSPMv3Parser",1786089001,4,4,3,6,6,3,3,7,7,3,1304,266,25647,38,22,3,22,22,26,26,22,0,28,29,37,37,22.62,233,2,36.139015,-120.368431,168.216995,8,600,58,3,"e00fce68e77e43df92405fdb",2026-08-07 07:50:03.469,2026-08-07 07:50:03.627,2026-08-07 07:50:03.627,2026-08-07
"478","U7rsEmbn3q","MOOSPMv3Parser",1786089000,10,10,7,15,15,8,8,16,16,8,2011,556,41633,96,56,6,56,56,25,46,56,0,27,28,53,50,15.427,255,1,35.949547,-119.049942,118.056,8,600,58,3,"e00fce6808784ceaf209f949",2026-08-07 07:50:03.552,2026-08-07 07:50:03.735,2026-08-07 07:50:03.735,2026-08-07
"479","JbB6uj5Ejc","MOOSPMv3Parser",1786089000,4,4,4,6,6,4,4,6,6,4,933,232,27883,37,28,2,28,28,25,27,28,0,31,28,31,38,31.503,182,2,36.138996,-120.36837,174.401993,10,600,58,3,"e00fce6850cac69f647dc199",2026-08-07 07:50:04.666,2026-08-07 07:50:04.862,2026-08-07 07:50:04.862,2026-08-07
"480","rjH8exsHZx","MOOSPMv3Parser",1786089600,12,12,9,17,17,10,10,18,18,10,2301,637,72600,99,74,5,74,74,23,60,74,0,24,26,61,56,8.148,214,1,36.523308,-119.278809,84.445,7,600,58,3,"e00fce68f12da1a0c5de6248",2026-08-07 08:00:02.937,2026-08-07 08:00:03.29,2026-08-07 08:00:03.29,2026-08-07
"481","Gp7mxend4T","MOOSPMv3Parser",1786089601,0,0,2,1,1,2,2,1,1,2,263,167,18286,26,16,2,16,16,26,34,16,0,27,30,38,35,24.517,226,2,36.13908,-120.368408,163.626999,7,599,58,3,"e00fce686dc2ef0a68fa40b0",2026-08-07 08:00:02.907,2026-08-07 08:00:03.34,2026-08-07 08:00:03.34,2026-08-07
"482","ZAAUrLEC4K","MOOSPMv3Parser",1786089600,3,3,3,5,5,3,3,6,6,3,721,220,31254,39,25,3,26,26,0,0,26,0,27,28,37,38,18.893,90,1,36.13903,-120.368324,177.921997,6,600,58,3,"e00fce6876826e255108c6bd",2026-08-07 08:00:02.862,2026-08-07 08:00:03.349,2026-08-07 08:00:03.349,2026-08-07
"483","kpQ7JmN5rR","MOOSPMv3Parser",1786089601,4,4,4,7,7,5,5,7,7,5,1259,260,64633,41,35,3,35,35,25,36,35,0,27,27,39,41,25.263,152,2,36.762726,-119.798744,63.02,12,600,58,3,"e00fce68e88237db75a60608",2026-08-07 08:00:03.152,2026-08-07 08:00:03.592,2026-08-07 08:00:03.592,2026-08-07
"484","2sVoARD8QC","MOOSPMv3Parser",1786089600,6,6,0,9,9,0,0,10,10,0,1237,326,0,62,0,4,0,0,25,35,0,2,27,28,42,44,24.52,172,7,36.187504,-119.822075,29.165001,9,600,58,3,"e00fce68e739ecbcf9e91965",2026-08-07 08:00:03.061,2026-08-07 08:00:03.604,2026-08-07 08:00:03.604,2026-08-07
"485","TBaV5jfQAX","MOOSPMv3Parser",1786089601,0,0,4,1,1,4,4,2,2,4,293,204,24680,35,28,4,28,28,26,34,28,0,27,29,38,38,19.804,270,2,36.138885,-120.368393,190.061005,6,600,58,3,"e00fce68d6b773b56ce8baa0",2026-08-07 08:00:03.534,2026-08-07 08:00:03.823,2026-08-07 08:00:03.823,2026-08-07
"486","e8Nzbq4zUK","MOOSPMv3Parser",1786089600,10,10,7,15,15,7,7,15,15,7,1978,547,41680,91,54,5,54,54,25,44,54,0,26,28,52,48,14.598,246,1,35.949524,-119.04998,115.188004,7,600,58,3,"e00fce6808784ceaf209f949",2026-08-07 08:00:03.384,2026-08-07 08:00:03.841,2026-08-07 08:00:03.841,2026-08-07
"487","aTntfQg3BU","MOOSPMv3Parser",1786089601,4,4,3,6,6,3,3,6,6,3,1302,265,25664,38,20,2,21,21,26,27,21,0,27,29,38,38,20.304,248,2,36.138985,-120.368454,181.707993,8,600,58,3,"e00fce68e77e43df92405fdb",2026-08-07 08:00:03.59,2026-08-07 08:00:03.916,2026-08-07 08:00:03.916,2026-08-07
"488","fxsDmm1AmN","MOOSPMv3Parser",1786089601,4,4,4,6,6,4,4,7,7,4,890,254,39910,46,31,3,32,32,26,27,32,1,28,30,37,37,30,176,3277,2.9e-05,-0.004221,27428.671875,8,600,58,3,"e00fce68e28dcbc9a589be10",2026-08-07 08:00:03.559,2026-08-07 08:00:03.954,2026-08-07 08:00:03.954,2026-08-07
"489","mKK1cjNraR","MOOSPMv3Parser",1786089600,4,4,4,6,6,4,4,6,6,4,954,230,27907,38,28,3,28,28,25,28,28,0,31,28,32,39,27.016,207,2,36.138973,-120.368408,175.574005,10,600,58,3,"e00fce6850cac69f647dc199",2026-08-07 08:00:07.455,2026-08-07 08:00:07.633,2026-08-07 08:00:07.633,2026-08-07
"490","9pcEyuuwYD","MOOSPMv3Parser",1786090200,10,10,8,15,15,9,9,16,16,9,2009,559,72656,85,64,6,64,64,23,56,64,0,25,26,56,53,10.819,186,1,36.523426,-119.278847,77.615997,6,600,58,3,"e00fce68f12da1a0c5de6248",2026-08-07 08:10:03.087,2026-08-07 08:10:03.24,2026-08-07 08:10:03.24,2026-08-07
"491","6j2xcmGqbQ","MOOSPMv3Parser",1786090200,3,3,3,5,5,3,3,6,6,3,723,221,31276,39,26,3,26,26,0,0,26,0,27,28,36,38,18.017,141,1,36.138962,-120.368423,176.615997,6,600,58,3,"e00fce6876826e255108c6bd",2026-08-07 08:10:03.09,2026-08-07 08:10:03.302,2026-08-07 08:10:03.302,2026-08-07
"492","pXcQZS6AJB","MOOSPMv3Parser",1786090200,6,6,0,9,9,0,0,10,10,0,1225,325,0,67,0,4,0,0,25,35,0,2,27,27,43,44,23.359,192,8,36.187496,-119.822144,19.386999,9,600,58,3,"e00fce68e739ecbcf9e91965",2026-08-07 08:10:03.142,2026-08-07 08:10:03.331,2026-08-07 08:10:03.331,2026-08-07
"493","eHaXAi3FFG","MOOSPMv3Parser",1786090201,0,0,2,0,0,2,2,0,0,2,264,166,18300,25,16,1,16,16,26,34,16,0,27,29,37,35,23.451,261,2,36.139088,-120.368393,179.806,6,599,58,3,"e00fce686dc2ef0a68fa40b0",2026-08-07 08:10:03.225,2026-08-07 08:10:03.416,2026-08-07 08:10:03.416,2026-08-07
"494","CtR7xs1Hfp","MOOSPMv3Parser",1786090201,4,4,4,6,6,4,4,7,7,4,1255,256,64662,41,33,3,33,33,25,34,33,0,27,27,37,39,26.578,126,2,36.762672,-119.79879,53.887001,8,600,58,3,"e00fce68e88237db75a60608",2026-08-07 08:10:03.246,2026-08-07 08:10:03.475,2026-08-07 08:10:03.475,2026-08-07
"495","TU2pmIHtcF","MOOSPMv3Parser",1786090200,11,11,7,16,16,8,8,17,17,8,2131,590,41730,104,58,6,58,58,25,45,58,0,26,28,52,49,12.204,269,1,35.949543,-119.049942,121.477997,8,600,58,3,"e00fce6808784ceaf209f949",2026-08-07 08:10:03.386,2026-08-07 08:10:03.574,2026-08-07 08:10:03.574,2026-08-07
"496","aRVOo6LJd2","MOOSPMv3Parser",1786090201,4,4,3,6,6,3,3,6,6,3,1233,252,25682,37,21,3,21,21,26,27,21,0,27,29,37,37,17.84,281,2,36.138985,-120.368454,181.707993,0,600,58,3,"e00fce68e77e43df92405fdb",2026-08-07 08:10:03.578,2026-08-07 08:10:03.728,2026-08-07 08:10:03.728,2026-08-07
"497","YMTtrT9Oau","MOOSPMv3Parser",1786090201,4,4,4,7,7,4,4,7,7,4,923,263,39938,47,32,3,32,32,26,27,32,1,28,29,37,37,33.577,85,3277,2.9e-05,-0.004221,27428.671875,8,600,58,3,"e00fce68e28dcbc9a589be10",2026-08-07 08:10:03.586,2026-08-07 08:10:03.75,2026-08-07 08:10:03.75,2026-08-07
"498","6YUE5ldwG4","MOOSPMv3Parser",1786090200,3,3,4,5,5,4,4,6,6,4,913,226,27933,36,30,2,30,30,25,28,30,0,30,28,32,38,25.718,238,2,36.138969,-120.368401,187.085007,8,600,58,3,"e00fce6850cac69f647dc199",2026-08-07 08:10:03.935,2026-08-07 08:10:04.108,2026-08-07 08:10:04.108,2026-08-07
"499","9fT6skRXLh","MOOSPMv3Parser",1786090201,0,0,4,1,1,4,4,2,2,4,295,206,24703,35,28,3,28,28,26,34,28,0,27,28,37,37,18.522,288,1,36.13903,-120.368355,191.112,5,600,58,3,"e00fce68d6b773b56ce8baa0",2026-08-07 08:10:40.439,2026-08-07 08:10:40.659,2026-08-07 08:10:40.659,2026-08-07
"500","d77ok5QTs5","MOOSPMv3Parser",1786090800,9,9,7,13,13,7,7,14,14,7,1779,495,72704,75,55,4,55,55,23,56,55,0,24,26,58,53,11.141,194,1,36.523346,-119.278831,66.959999,7,600,58,3,"e00fce68f12da1a0c5de6248",2026-08-07 08:20:02.948,2026-08-07 08:20:03.119,2026-08-07 08:20:03.119,2026-08-07
"501","bvmPWjbMVB","MOOSPMv3Parser",1786090800,6,6,0,10,10,0,0,11,11,0,1283,344,0,70,0,4,0,0,25,36,0,2,27,27,43,45,22.472,205,8,36.187466,-119.822105,33.863998,9,600,58,3,"e00fce68e739ecbcf9e91965",2026-08-07 08:20:03.076,2026-08-07 08:20:03.224,2026-08-07 08:20:03.224,2026-08-07
"502","eYEylOCnwf","MOOSPMv3Parser",1786090801,4,4,4,6,6,4,4,6,6,4,1218,252,64690,39,32,3,33,33,24,33,33,0,27,27,36,39,27.455,108,2,36.76268,-119.798767,68.557999,11,600,58,3,"e00fce68e88237db75a60608",2026-08-07 08:20:03.099,2026-08-07 08:20:03.29,2026-08-07 08:20:03.29,2026-08-07
"503","9Z6bxeTRLe","MOOSPMv3Parser",1786090801,0,0,2,0,0,2,2,1,1,2,264,169,18313,25,15,2,15,15,26,34,15,0,27,29,37,34,26.01,195,1,36.139057,-120.368393,184.791,7,599,58,3,"e00fce686dc2ef0a68fa40b0",2026-08-07 08:20:03.317,2026-08-07 08:20:03.511,2026-08-07 08:20:03.511,2026-08-07
"504","71LMHy22LD","MOOSPMv3Parser",1786090801,5,5,4,7,7,4,4,7,7,4,942,269,39965,47,32,3,32,32,26,27,32,1,28,29,38,37,33.823,71,3277,2.9e-05,-0.004221,27428.671875,8,600,58,3,"e00fce68e28dcbc9a589be10",2026-08-07 08:20:03.379,2026-08-07 08:20:03.612,2026-08-07 08:20:03.612,2026-08-07
"505","YQPYANAqCG","MOOSPMv3Parser",1786090800,11,11,7,17,17,8,8,18,18,8,2229,618,41780,105,57,6,57,57,25,46,57,0,26,27,54,50,11.072,276,1,35.949505,-119.049927,130.455994,7,600,58,3,"e00fce6808784ceaf209f949",2026-08-07 08:20:03.395,2026-08-07 08:20:03.647,2026-08-07 08:20:03.647,2026-08-07
"506","KDQkFawcIj","MOOSPMv3Parser",1786090801,4,4,3,6,6,3,3,6,6,3,1265,258,25701,37,21,2,21,21,26,26,21,0,27,29,37,37,21.983,212,1,36.139061,-120.368401,147.522003,6,600,58,3,"e00fce68e77e43df92405fdb",2026-08-07 08:20:03.561,2026-08-07 08:20:03.725,2026-08-07 08:20:03.725,2026-08-07
"507","CgBfj5iTJb","MOOSPMv3Parser",1786090801,0,0,4,1,1,4,4,1,1,4,297,206,24726,35,27,3,27,27,26,34,28,0,27,28,37,37,20.605,255,1,36.139183,-120.368324,180.552002,6,600,58,3,"e00fce68d6b773b56ce8baa0",2026-08-07 08:20:03.694,2026-08-07 08:20:03.857,2026-08-07 08:20:03.857,2026-08-07
"508","ZamFPg3dGc","MOOSPMv3Parser",1786090800,3,3,3,5,5,4,4,6,6,4,713,220,31299,38,26,4,26,26,0,0,26,0,27,28,37,38,20.046,89,1,36.139023,-120.368271,179.035995,5,600,58,3,"e00fce6876826e255108c6bd",2026-08-07 08:20:17.452,2026-08-07 08:20:17.611,2026-08-07 08:20:17.611,2026-08-07
"509","khGw3NsHKy","MOOSPMv3Parser",1786091400,3,3,3,5,5,4,4,6,6,4,733,225,31322,37,26,3,26,26,0,0,26,0,27,28,39,41,18.552,111,1,36.138988,-120.368362,159.459,7,600,58,3,"e00fce6876826e255108c6bd",2026-08-07 08:30:02.971,2026-08-07 08:30:03.166,2026-08-07 08:30:03.166,2026-08-07
"510","bU9FbslWmq","MOOSPMv3Parser",1786091400,8,8,7,12,12,7,7,13,13,7,1674,466,72749,74,52,3,52,52,23,62,52,0,23,25,66,58,9.519,178,1,36.52335,-119.278809,78.723,8,600,58,3,"e00fce68f12da1a0c5de6248",2026-08-07 08:30:03.063,2026-08-07 08:30:03.251,2026-08-07 08:30:03.251,2026-08-07
"511","RUGkh0tCVd","MOOSPMv3Parser",1786091401,4,4,4,6,6,4,4,6,6,4,1211,249,64719,39,33,3,33,33,24,32,33,0,27,27,36,39,27.109,101,2,36.762669,-119.798759,60.120998,9,600,58,3,"e00fce68e88237db75a60608",2026-08-07 08:30:03.08,2026-08-07 08:30:03.27,2026-08-07 08:30:03.27,2026-08-07
"512","SRLmK85uSL","MOOSPMv3Parser",1786091401,0,0,4,2,2,4,4,2,2,4,297,206,24751,35,29,3,29,29,25,35,29,0,27,28,40,40,19.402,262,1,36.139069,-120.368317,144.044998,5,600,58,3,"e00fce68d6b773b56ce8baa0",2026-08-07 08:30:03.054,2026-08-07 08:30:03.29,2026-08-07 08:30:03.29,2026-08-07
"513","9el6lVxrUt","MOOSPMv3Parser",1786091400,6,6,0,10,10,0,0,11,11,0,1302,350,0,68,0,5,0,0,25,37,0,2,27,27,44,45,24.263,191,8,36.1875,-119.822021,29.447001,7,600,58,3,"e00fce68e739ecbcf9e91965",2026-08-07 08:30:03.222,2026-08-07 08:30:03.402,2026-08-07 08:30:03.402,2026-08-07
"514","ACL2fPxg0t","MOOSPMv3Parser",1786091401,0,0,2,0,0,2,2,1,1,2,261,168,18327,25,17,2,17,17,26,36,17,0,27,29,41,37,24.357,214,1,36.139072,-120.368439,183.447006,6,599,58,3,"e00fce686dc2ef0a68fa40b0",2026-08-07 08:30:03.398,2026-08-07 08:30:03.568,2026-08-07 08:30:03.568,2026-08-07
"515","MxSyMrO8fl","MOOSPMv3Parser",1786091400,10,10,7,16,16,7,7,16,16,7,2022,561,41826,102,53,7,53,53,24,47,53,0,26,27,54,50,13.553,244,1,35.94957,-119.050011,113.235001,5,600,58,3,"e00fce6808784ceaf209f949",2026-08-07 08:30:03.413,2026-08-07 08:30:03.578,2026-08-07 08:30:03.578,2026-08-07
"516","tIKvLoVLoP","MOOSPMv3Parser",1786091401,5,5,4,7,7,4,4,7,7,4,935,269,39991,49,30,2,30,30,26,28,30,1,28,29,38,37,34.074,65,3277,2.9e-05,-0.004221,27428.671875,8,600,58,3,"e00fce68e28dcbc9a589be10",2026-08-07 08:30:03.424,2026-08-07 08:30:03.589,2026-08-07 08:30:03.589,2026-08-07
"517","7Hd0tsxKPQ","MOOSPMv3Parser",1786091401,4,4,3,6,6,3,3,6,6,3,1313,269,25721,38,23,2,23,23,26,29,23,0,27,28,40,40,20.307,231,2,36.139114,-120.368378,156.225006,7,600,58,3,"e00fce68e77e43df92405fdb",2026-08-07 08:30:03.543,2026-08-07 08:30:03.696,2026-08-07 08:30:03.696,2026-08-07
"518","q0VANXLbWw","MOOSPMv3Parser",1786091401,4,4,4,6,6,4,4,6,6,4,982,244,27983,42,28,2,29,29,25,30,29,0,30,27,34,41,26.801,205,2,36.13895,-120.368423,176.009995,7,600,58,3,"e00fce6850cac69f647dc199",2026-08-07 08:30:04.599,2026-08-07 08:30:04.773,2026-08-07 08:30:04.773,2026-08-07
"519","51wcnQVmg1","MOOSPMv3Parser",1786092001,0,0,2,0,0,2,2,1,1,2,269,172,18339,26,15,2,15,15,26,34,15,0,27,29,38,35,23.737,233,1,36.139034,-120.368416,170.365005,5,599,58,3,"e00fce686dc2ef0a68fa40b0",2026-08-07 08:40:02.917,2026-08-07 08:40:03.21,2026-08-07 08:40:03.21,2026-08-07
"520","jQbaikdNwO","MOOSPMv3Parser",1786092000,3,3,3,5,5,3,3,6,6,3,716,218,31344,37,25,4,25,25,0,0,25,0,27,28,37,38,18.866,91,1,36.139027,-120.368484,155.826996,7,600,58,3,"e00fce6876826e255108c6bd",2026-08-07 08:40:03.062,2026-08-07 08:40:03.225,2026-08-07 08:40:03.225,2026-08-07
"521","jEOwoxfRsn","MOOSPMv3Parser",1786092000,8,8,7,11,11,7,7,11,11,7,1603,440,72795,61,52,3,52,52,22,59,52,0,23,25,61,55,7.949,177,1,36.52335,-119.278809,78.721001,0,600,58,3,"e00fce68f12da1a0c5de6248",2026-08-07 08:40:03.137,2026-08-07 08:40:03.301,2026-08-07 08:40:03.301,2026-08-07
"522","XXds5CUhXs","MOOSPMv3Parser",1786092000,6,6,0,9,9,0,0,11,11,0,1258,336,0,64,0,6,0,0,25,38,0,2,26,27,45,46,25.441,170,9,36.187485,-119.821945,32.638,9,600,58,3,"e00fce68e739ecbcf9e91965",2026-08-07 08:40:03.161,2026-08-07 08:40:03.38,2026-08-07 08:40:03.38,2026-08-07
"523","XiE316umVr","MOOSPMv3Parser",1786092001,4,4,4,6,6,4,4,7,7,4,1220,245,64747,43,32,3,33,33,24,31,33,0,27,27,35,38,26.667,102,2,36.762669,-119.798714,58.889999,10,600,58,3,"e00fce68e88237db75a60608",2026-08-07 08:40:03.162,2026-08-07 08:40:03.402,2026-08-07 08:40:03.402,2026-08-07
"524","Dx5IFMYJig","MOOSPMv3Parser",1786092000,9,9,6,13,13,6,6,14,14,6,1845,512,41868,88,48,5,49,49,24,46,49,0,26,27,53,50,14.353,232,1,35.949543,-119.049995,113.940002,5,600,58,3,"e00fce6808784ceaf209f949",2026-08-07 08:40:03.327,2026-08-07 08:40:03.553,2026-08-07 08:40:03.553,2026-08-07
"525","dot4Nv0vv8","MOOSPMv3Parser",1786092001,4,4,4,7,7,4,4,7,7,4,917,265,40018,51,31,3,31,31,26,28,31,0,28,29,38,38,33.628,68,3277,2.9e-05,-0.004221,27428.671875,8,600,58,3,"e00fce68e28dcbc9a589be10",2026-08-07 08:40:03.364,2026-08-07 08:40:03.566,2026-08-07 08:40:03.566,2026-08-07
"526","WQTgfrKdd0","MOOSPMv3Parser",1786092001,4,4,3,6,6,3,3,6,6,3,1277,258,25740,36,22,3,22,22,26,28,22,0,27,28,38,38,18.596,256,1,36.139015,-120.368431,171.886002,5,600,58,3,"e00fce68e77e43df92405fdb",2026-08-07 08:40:03.649,2026-08-07 08:40:03.816,2026-08-07 08:40:03.816,2026-08-07
"527","habySkAEVt","MOOSPMv3Parser",1786092001,0,0,4,2,2,4,4,2,2,4,297,206,24774,35,28,3,28,28,25,34,28,0,27,28,38,37,19.403,272,1,36.13903,-120.368362,182.574005,7,600,58,3,"e00fce68d6b773b56ce8baa0",2026-08-07 08:40:03.699,2026-08-07 08:40:03.843,2026-08-07 08:40:03.843,2026-08-07
"528","KbWtQU07zM","MOOSPMv3Parser",1786092001,3,3,4,5,5,4,4,6,6,4,907,224,28009,40,29,3,29,29,25,28,29,0,30,27,32,39,26.975,218,2,36.138935,-120.368416,184.955994,8,600,58,3,"e00fce6850cac69f647dc199",2026-08-07 08:40:09.299,2026-08-07 08:40:09.491,2026-08-07 08:40:09.491,2026-08-07
"529","Pvn9Lz0ZdJ","MOOSPMv3Parser",1786092600,8,8,6,11,11,7,7,12,12,7,1602,445,72839,66,50,4,50,50,22,61,50,0,23,25,62,57,8.478,171,1,36.523346,-119.278824,65.239998,6,600,58,3,"e00fce68f12da1a0c5de6248",2026-08-07 08:50:03.08,2026-08-07 08:50:03.334,2026-08-07 08:50:03.334,2026-08-07
"530","5leb2gcEFg","MOOSPMv3Parser",1786092600,5,5,0,10,10,0,0,10,10,0,1264,332,0,69,0,6,0,0,24,38,0,2,26,27,46,47,24.467,185,9,36.187485,-119.821945,32.636002,0,600,58,3,"e00fce68e739ecbcf9e91965",2026-08-07 08:50:03.176,2026-08-07 08:50:03.366,2026-08-07 08:50:03.366,2026-08-07
"531","heQkN4izBN","MOOSPMv3Parser",1786092601,0,0,4,2,2,4,4,2,2,4,294,209,24798,37,28,3,29,29,25,34,29,0,27,28,39,38,19.6,259,1,36.138977,-120.368423,158.906998,7,600,58,3,"e00fce68d6b773b56ce8baa0",2026-08-07 08:50:03.2,2026-08-07 08:50:03.403,2026-08-07 08:50:03.403,2026-08-07
"532","z9ByFGBHV6","MOOSPMv3Parser",1786092601,4,4,4,6,6,4,4,6,6,4,1220,245,64776,40,33,3,33,33,24,30,33,0,27,27,34,37,26.657,94,2,36.762711,-119.798737,60.560001,7,600,58,3,"e00fce68e88237db75a60608",2026-08-07 08:50:03.336,2026-08-07 08:50:03.51,2026-08-07 08:50:03.51,2026-08-07
"533","TAPGgkr1Ye","MOOSPMv3Parser",1786092600,9,9,6,13,13,6,6,14,14,6,1756,489,41908,91,46,6,46,46,24,46,46,0,26,27,53,50,14.207,228,1,35.949543,-119.049995,113.939003,0,600,58,3,"e00fce6808784ceaf209f949",2026-08-07 08:50:03.395,2026-08-07 08:50:03.571,2026-08-07 08:50:03.571,2026-08-07
"534","tSpGAhE28N","MOOSPMv3Parser",1786092601,0,0,2,0,0,2,2,1,1,2,263,166,18322,25,16,2,16,16,26,35,16,0,27,29,38,36,24.944,214,1,36.139034,-120.368416,170.358994,0,600,58,3,"e00fce686dc2ef0a68fa40b0",2026-08-07 08:50:03.438,2026-08-07 08:50:03.612,2026-08-07 08:50:03.612,2026-08-07
"535","hkk8WZC2LG","MOOSPMv3Parser",1786092601,4,4,4,7,7,4,4,7,7,4,921,263,40046,47,32,2,32,32,26,29,32,0,27,29,40,39,31.513,86,3277,2.9e-05,-0.004221,27428.671875,8,600,58,3,"e00fce68e28dcbc9a589be10",2026-08-07 08:50:03.523,2026-08-07 08:50:03.69,2026-08-07 08:50:03.69,2026-08-07
"536","ggU9J5ZGTB","MOOSPMv3Parser",1786092601,4,4,3,6,6,3,3,7,7,3,1284,259,25760,40,23,3,23,23,25,28,23,0,27,28,38,39,20.08,235,1,36.139004,-120.368385,172.867004,6,600,58,3,"e00fce68e77e43df92405fdb",2026-08-07 08:50:03.594,2026-08-07 08:50:03.734,2026-08-07 08:50:03.734,2026-08-07
"537","bsA9gcC39W","MOOSPMv3Parser",1786092600,3,3,3,5,5,4,4,6,6,4,709,216,31367,37,26,2,27,27,0,0,27,0,27,28,38,40,18.791,95,1,36.138977,-120.368118,186.580002,7,600,58,3,"e00fce6876826e255108c6bd",2026-08-07 08:50:06.879,2026-08-07 08:50:07.03,2026-08-07 08:50:07.03,2026-08-07
"538","95zFmQCJCg","MOOSPMv3Parser",1786092601,4,4,4,6,6,4,4,6,6,4,943,233,28033,41,28,2,28,28,24,29,28,0,30,27,33,40,27.33,207,2,36.138954,-120.368431,153.908005,7,600,58,3,"e00fce6850cac69f647dc199",2026-08-07 08:50:08.28,2026-08-07 08:50:08.499,2026-08-07 08:50:08.499,2026-08-07
"539","85QHE1ZQD1","MOOSPMv3Parser",1786093201,4,4,4,6,6,4,4,6,6,4,1223,247,64804,39,32,3,32,32,24,30,32,0,27,27,34,36,27.437,73,2,36.762737,-119.798798,38.494999,8,600,58,3,"e00fce68e88237db75a60608",2026-08-07 09:00:03.18,2026-08-07 09:00:03.477,2026-08-07 09:00:03.477,2026-08-07
"540","PpBcaI0B2Y","MOOSPMv3Parser",1786093200,6,6,0,10,10,0,0,11,11,0,1265,336,0,69,0,6,0,0,24,39,0,2,26,27,47,47,22.683,218,8,36.187531,-119.822075,25.691999,8,600,58,3,"e00fce68e739ecbcf9e91965",2026-08-07 09:00:03.158,2026-08-07 09:00:03.562,2026-08-07 09:00:03.562,2026-08-07
"541","hcO6iq3tVT","MOOSPMv3Parser",1786093201,5,5,5,8,8,6,7,9,9,7,978,281,40080,57,41,5,41,42,26,30,42,1,26,29,43,40,23.649,236,3277,2.9e-05,-0.004221,27428.671875,8,600,58,3,"e00fce68e28dcbc9a589be10",2026-08-07 09:00:03.386,2026-08-07 09:00:03.609,2026-08-07 09:00:03.609,2026-08-07
"542","I79AwDOPh2","MOOSPMv3Parser",1786093201,4,4,3,6,6,3,3,7,7,3,1342,267,25777,38,20,3,20,20,25,28,20,0,27,28,37,38,20.12,230,1,36.139069,-120.368401,188.845001,6,600,58,3,"e00fce68e77e43df92405fdb",2026-08-07 09:00:03.481,2026-08-07 09:00:03.71,2026-08-07 09:00:03.71,2026-08-07
"543","j1BihTHzQQ","MOOSPMv3Parser",1786093200,9,9,6,13,13,6,6,14,14,6,1762,487,41949,83,47,5,48,48,24,48,48,0,25,27,54,51,14.055,232,1,35.949574,-119.049995,108.586998,5,600,58,3,"e00fce6808784ceaf209f949",2026-08-07 09:00:03.465,2026-08-07 09:00:03.753,2026-08-07 09:00:03.753,2026-08-07
"544","XWgVv2Twrr","MOOSPMv3Parser",1786093201,0,0,4,1,1,4,4,1,1,4,291,203,24822,35,28,3,28,28,25,34,28,0,27,28,38,38,19.176,258,1,36.138977,-120.368423,158.910004,0,600,58,3,"e00fce68d6b773b56ce8baa0",2026-08-07 09:00:03.373,2026-08-07 09:00:03.802,2026-08-07 09:00:03.802,2026-08-07
"545","HYJgShk3N7","MOOSPMv3Parser",1786093201,0,0,2,0,0,2,2,0,0,2,257,163,18366,25,16,2,16,16,26,34,16,0,27,29,37,36,24.406,211,1,36.139019,-120.368401,176.406998,6,599,58,3,"e00fce686dc2ef0a68fa40b0",2026-08-07 09:00:03.549,2026-08-07 09:00:03.829,2026-08-07 09:00:03.829,2026-08-07
"546","HxqjWqjRYO","MOOSPMv3Parser",1786093200,9,9,7,12,12,7,7,13,13,7,1719,472,72885,72,53,4,54,54,22,64,54,0,22,25,67,60,5.867,183,1,36.523354,-119.278778,92.375,9,600,58,3,"e00fce68f12da1a0c5de6248",2026-08-07 09:00:04.239,2026-08-07 09:00:04.403,2026-08-07 09:00:04.403,2026-08-07
"547","sZ920cGz09","MOOSPMv3Parser",1786093201,3,3,4,5,5,4,4,6,6,4,919,228,28059,41,29,3,29,29,24,29,29,0,30,27,32,39,26.989,201,2,36.138992,-120.368355,184.289001,7,600,58,3,"e00fce6850cac69f647dc199",2026-08-07 09:00:05.103,2026-08-07 09:00:05.293,2026-08-07 09:00:05.293,2026-08-07
"548","KvS6B6LLC5","MOOSPMv3Parser",1786093200,3,3,3,6,6,4,4,6,6,4,745,229,31390,40,27,3,27,27,0,0,27,0,27,28,37,39,18.419,92,1,36.138977,-120.368118,186.580994,0,600,58,3,"e00fce6876826e255108c6bd",2026-08-07 09:00:08.129,2026-08-07 09:00:08.304,2026-08-07 09:00:08.304,2026-08-07
"549","nsSe1APWM5","MOOSPMv3Parser",1786093801,0,0,4,1,1,4,4,2,2,4,296,205,24845,35,28,3,28,28,25,35,28,0,27,28,38,39,18.602,269,1,36.139046,-120.368332,181.194,9,600,58,3,"e00fce68d6b773b56ce8baa0",2026-08-07 09:10:03.159,2026-08-07 09:10:03.372,2026-08-07 09:10:03.372,2026-08-07
"550","V3TBioDC5L","MOOSPMv3Parser",1786093801,4,4,4,6,6,4,4,6,6,4,1256,251,64831,43,31,2,31,31,24,30,31,0,27,27,34,37,26.077,85,2,36.762707,-119.798805,55.785999,6,600,58,3,"e00fce68e88237db75a60608",2026-08-07 09:10:03.161,2026-08-07 09:10:03.374,2026-08-07 09:10:03.374,2026-08-07
"551","8rqNiag8QN","MOOSPMv3Parser",1786093800,6,6,0,10,10,0,0,11,11,0,1254,339,0,67,0,6,0,0,24,41,0,2,25,26,50,48,18.681,274,7,36.187523,-119.822021,30.691999,7,600,58,3,"e00fce68e739ecbcf9e91965",2026-08-07 09:10:03.158,2026-08-07 09:10:03.41,2026-08-07 09:10:03.41,2026-08-07
"552","OhNfpfC2X9","MOOSPMv3Parser",1786093800,9,9,7,12,12,7,7,13,13,7,1670,464,72933,68,55,4,55,55,22,65,55,0,23,24,67,60,5.604,164,1,36.523273,-119.278854,78.906998,7,600,58,3,"e00fce68f12da1a0c5de6248",2026-08-07 09:10:03.234,2026-08-07 09:10:03.433,2026-08-07 09:10:03.433,2026-08-07
"553","TCkSZCrNqp","MOOSPMv3Parser",1786093800,10,10,7,14,14,7,7,15,15,7,1910,529,41996,91,54,5,54,54,24,49,54,0,25,26,55,52,13.225,242,1,35.949608,-119.049973,121.995003,5,600,58,3,"e00fce6808784ceaf209f949",2026-08-07 09:10:03.401,2026-08-07 09:10:03.575,2026-08-07 09:10:03.575,2026-08-07
"554","0XEstbOS2U","MOOSPMv3Parser",1786093800,3,3,3,5,5,4,4,6,6,4,704,215,31414,37,27,3,27,27,0,0,27,0,27,27,37,40,17.982,110,1,36.139126,-120.368561,154.783005,9,600,58,3,"e00fce6876826e255108c6bd",2026-08-07 09:10:03.445,2026-08-07 09:10:03.6,2026-08-07 09:10:03.6,2026-08-07
"555","JxOp2mU4EH","MOOSPMv3Parser",1786093801,5,5,5,7,7,6,6,8,8,6,930,265,40111,48,37,4,38,38,25,31,38,1,26,28,43,41,23.665,247,3277,2.9e-05,-0.004221,27428.671875,8,600,58,3,"e00fce68e28dcbc9a589be10",2026-08-07 09:10:03.574,2026-08-07 09:10:03.784,2026-08-07 09:10:03.784,2026-08-07
"556","P7cVNZiT2b","MOOSPMv3Parser",1786093801,0,0,2,1,1,2,2,1,1,2,264,168,18379,25,15,2,15,15,26,35,15,0,27,29,38,36,23.827,233,1,36.139065,-120.368401,178.042999,5,599,58,3,"e00fce686dc2ef0a68fa40b0",2026-08-07 09:10:03.648,2026-08-07 09:10:03.794,2026-08-07 09:10:03.794,2026-08-07
"557","pQEq2KXBuW","MOOSPMv3Parser",1786093801,4,4,3,6,6,3,3,7,7,3,1329,264,25796,38,21,3,22,22,25,28,22,0,27,28,38,39,18.763,259,1,36.139156,-120.368347,200.225998,6,600,58,3,"e00fce68e77e43df92405fdb",2026-08-07 09:10:03.729,2026-08-07 09:10:03.915,2026-08-07 09:10:03.915,2026-08-07
"558","Po87rwGb38","MOOSPMv3Parser",1786093801,3,3,4,5,5,4,4,6,6,4,921,227,28084,39,30,2,30,30,24,29,30,0,30,27,33,40,26.401,219,2,36.138992,-120.368355,184.289993,0,600,58,3,"e00fce6850cac69f647dc199",2026-08-07 09:10:04.651,2026-08-07 09:10:04.814,2026-08-07 09:10:04.814,2026-08-07
"559","CGTA6f9lAF","MOOSPMv3Parser",1786094401,0,0,2,0,0,2,2,1,1,2,264,169,18392,25,15,2,15,15,26,36,15,0,26,28,39,37,21.701,240,1,36.13905,-120.368431,181.690002,8,599,58,3,"e00fce686dc2ef0a68fa40b0",2026-08-07 09:20:02.92,2026-08-07 09:20:03.153,2026-08-07 09:20:03.153,2026-08-07
"560","2GXkz4ho3S","MOOSPMv3Parser",1786094400,6,6,0,10,10,0,0,11,11,0,1242,331,0,69,0,6,0,0,24,42,0,2,24,26,51,50,16.131,311,4,36.187473,-119.822159,23.584999,7,600,58,3,"e00fce68e739ecbcf9e91965",2026-08-07 09:20:03.156,2026-08-07 09:20:03.322,2026-08-07 09:20:03.322,2026-08-07
"561","Y96Ibzqsey","MOOSPMv3Parser",1786094400,9,9,7,12,12,7,7,13,13,7,1723,482,72981,73,55,4,56,56,22,65,56,0,22,24,66,61,5.697,178,1,36.523315,-119.278839,88.977997,6,600,58,3,"e00fce68f12da1a0c5de6248",2026-08-07 09:20:03.084,2026-08-07 09:20:03.389,2026-08-07 09:20:03.389,2026-08-07
"562","EPm9Cajby9","MOOSPMv3Parser",1786094400,3,3,3,5,5,3,3,6,6,3,741,227,31436,39,26,4,26,26,0,0,26,0,26,27,39,41,16.621,259,1,36.139023,-120.36795,200.072006,5,600,58,3,"e00fce6876826e255108c6bd",2026-08-07 09:20:03.187,2026-08-07 09:20:03.403,2026-08-07 09:20:03.403,2026-08-07
"563","5IgDdvEDZX","MOOSPMv3Parser",1786094401,4,4,4,6,6,4,4,6,6,4,1233,252,64858,40,31,3,31,31,24,30,31,0,27,27,35,37,26.039,96,2,36.762707,-119.798805,55.786999,0,600,58,3,"e00fce68e88237db75a60608",2026-08-07 09:20:03.165,2026-08-07 09:20:03.414,2026-08-07 09:20:03.414,2026-08-07
"564","reBoKEBdor","MOOSPMv3Parser",1786094401,4,4,4,7,7,4,4,7,7,4,902,257,40139,49,32,3,32,32,25,31,32,1,26,28,43,41,23.526,243,3277,2.9e-05,-0.004221,27428.671875,8,600,58,3,"e00fce68e28dcbc9a589be10",2026-08-07 09:20:03.38,2026-08-07 09:20:03.527,2026-08-07 09:20:03.527,2026-08-07
"565","VIcfZU4Wgj","MOOSPMv3Parser",1786094400,11,11,7,17,17,7,7,18,18,7,2162,600,42042,106,53,8,53,53,23,53,53,0,24,26,59,54,5.957,281,1,35.949593,-119.049934,115.850998,5,600,58,3,"e00fce6808784ceaf209f949",2026-08-07 09:20:03.397,2026-08-07 09:20:03.619,2026-08-07 09:20:03.619,2026-08-07
"566","sP0bePRjrH","MOOSPMv3Parser",1786094401,0,0,4,1,1,4,4,2,2,4,294,203,24869,34,28,3,29,29,25,35,29,0,26,28,40,39,17.062,276,1,36.138988,-120.368378,179.306,6,600,58,3,"e00fce68d6b773b56ce8baa0",2026-08-07 09:20:03.527,2026-08-07 09:20:03.691,2026-08-07 09:20:03.691,2026-08-07
"567","ZSpvqvY9Wq","MOOSPMv3Parser",1786094401,4,4,3,6,6,3,3,6,6,3,1300,257,25814,37,21,2,21,21,25,30,21,0,27,28,40,40,17.191,260,1,36.139019,-120.368477,159.091003,5,600,58,3,"e00fce68e77e43df92405fdb",2026-08-07 09:20:03.559,2026-08-07 09:20:03.79,2026-08-07 09:20:03.79,2026-08-07
"568","tBzNdwB1Az","MOOSPMv3Parser",1786094401,4,4,4,6,6,4,4,6,6,4,925,228,28109,41,28,2,29,29,24,30,29,0,29,27,33,41,23.478,239,2,36.139038,-120.368393,178.645004,5,600,58,3,"e00fce6850cac69f647dc199",2026-08-07 09:20:09.055,2026-08-07 09:20:09.303,2026-08-07 09:20:09.303,2026-08-07
"569","Hh6XbHV572","MOOSPMv3Parser",1786095000,5,5,0,9,9,0,0,9,9,0,1187,313,0,60,0,4,0,0,23,44,0,2,24,25,53,51,13.422,324,3,36.187481,-119.822235,9.311,7,600,58,3,"e00fce68e739ecbcf9e91965",2026-08-07 09:30:03.053,2026-08-07 09:30:03.275,2026-08-07 09:30:03.275,2026-08-07
"570","p01evU6aiE","MOOSPMv3Parser",1786095001,4,4,4,6,6,4,4,6,6,4,1188,236,64886,39,32,2,32,32,24,30,32,0,26,27,35,37,26.664,88,2,36.762665,-119.798798,49.084999,7,600,58,3,"e00fce68e88237db75a60608",2026-08-07 09:30:03.108,2026-08-07 09:30:03.285,2026-08-07 09:30:03.285,2026-08-07
"571","Q2QLMA6VMi","MOOSPMv3Parser",1786095001,0,0,4,1,1,4,4,2,2,4,290,202,24893,35,29,3,29,29,25,36,29,0,26,27,41,40,15.176,289,1,36.139053,-120.368355,170.556,8,600,58,3,"e00fce68d6b773b56ce8baa0",2026-08-07 09:30:03.129,2026-08-07 09:30:03.323,2026-08-07 09:30:03.323,2026-08-07
"572","oFx31BS9vf","MOOSPMv3Parser",1786095001,0,0,2,0,0,2,2,0,0,2,260,165,18405,25,16,2,16,16,25,36,16,0,26,28,41,38,19.847,268,1,36.138893,-120.368385,179.658005,9,599,58,3,"e00fce686dc2ef0a68fa40b0",2026-08-07 09:30:03.168,2026-08-07 09:30:03.365,2026-08-07 09:30:03.365,2026-08-07
"573","cv0fPUGSZh","MOOSPMv3Parser",1786095000,3,3,3,5,5,4,4,6,6,4,721,221,31459,36,27,3,27,27,0,0,27,0,26,27,41,42,15.625,447,1,36.139072,-120.368439,172.029999,9,600,58,3,"e00fce6876826e255108c6bd",2026-08-07 09:30:03.21,2026-08-07 09:30:03.394,2026-08-07 09:30:03.394,2026-08-07
"574","PknydjjoqG","MOOSPMv3Parser",1786095000,9,9,7,12,12,8,8,13,13,8,1728,479,73030,74,56,4,56,56,22,64,56,0,22,24,65,60,7.747,150,1,36.523239,-119.278862,75.293999,7,600,58,3,"e00fce68f12da1a0c5de6248",2026-08-07 09:30:03.242,2026-08-07 09:30:03.407,2026-08-07 09:30:03.407,2026-08-07
"575","lAiRdoG1lR","MOOSPMv3Parser",1786095001,5,5,4,7,7,4,4,7,7,4,947,274,40166,49,32,3,32,32,25,31,32,1,26,28,42,41,23.35,262,3277,2.9e-05,-0.004221,27428.671875,8,600,58,3,"e00fce68e28dcbc9a589be10",2026-08-07 09:30:03.304,2026-08-07 09:30:03.499,2026-08-07 09:30:03.499,2026-08-07
"576","wRNE30ck1F","MOOSPMv3Parser",1786095000,12,12,8,18,18,8,8,19,19,8,2321,643,42093,111,59,7,59,59,23,55,59,0,24,26,60,55,2.657,294,1,35.949497,-119.050003,108.461998,6,600,58,3,"e00fce6808784ceaf209f949",2026-08-07 09:30:03.395,2026-08-07 09:30:03.544,2026-08-07 09:30:03.544,2026-08-07
"577","fcT04EmW1E","MOOSPMv3Parser",1786095001,4,4,3,6,6,3,3,6,6,3,1278,260,25833,38,22,2,22,22,25,30,22,0,27,28,40,41,13.696,295,1,36.139023,-120.36837,195.462006,5,600,58,3,"e00fce68e77e43df92405fdb",2026-08-07 09:30:03.652,2026-08-07 09:30:03.845,2026-08-07 09:30:03.845,2026-08-07
"578","WUgZje3DxH","MOOSPMv3Parser",1786095001,4,4,4,5,5,4,4,6,6,4,911,228,28134,40,29,1,29,29,24,32,29,0,29,27,35,42,22.057,266,1,36.138962,-120.368423,179.662003,5,600,58,3,"e00fce6850cac69f647dc199",2026-08-07 09:30:04.744,2026-08-07 09:30:04.918,2026-08-07 09:30:04.918,2026-08-07
"579","5HmjE4wqhe","MOOSPMv3Parser",1786095600,3,3,3,6,6,4,4,6,6,4,745,228,31482,41,27,3,27,27,0,0,27,0,26,27,40,42,16.107,323,1,36.139065,-120.368347,176.537003,7,600,58,3,"e00fce6876826e255108c6bd",2026-08-07 09:40:02.91,2026-08-07 09:40:03.081,2026-08-07 09:40:03.081,2026-08-07
"580","F6A6AKGsnY","MOOSPMv3Parser",1786095600,6,6,0,10,10,0,0,11,11,0,1264,341,0,72,0,5,0,0,23,45,0,2,24,25,53,52,11.567,329,2,36.187538,-119.82196,31.313999,8,600,58,3,"e00fce68e739ecbcf9e91965",2026-08-07 09:40:03.133,2026-08-07 09:40:03.319,2026-08-07 09:40:03.319,2026-08-07
"581","S5ReOgGXVA","MOOSPMv3Parser",1786095600,9,9,7,12,12,7,7,13,13,7,1797,490,73078,76,55,3,55,55,21,68,55,0,22,24,69,63,5.935,158,1,36.523418,-119.27874,95.806,6,600,58,3,"e00fce68f12da1a0c5de6248",2026-08-07 09:40:03.171,2026-08-07 09:40:03.345,2026-08-07 09:40:03.345,2026-08-07
"582","hf9h2wCUfL","MOOSPMv3Parser",1786095601,4,4,4,6,6,4,4,6,6,4,1177,239,64913,38,31,3,31,31,24,30,31,0,26,26,35,37,26.634,79,2,36.762695,-119.798782,53.672001,8,600,58,3,"e00fce68e88237db75a60608",2026-08-07 09:40:03.293,2026-08-07 09:40:03.472,2026-08-07 09:40:03.472,2026-08-07
"583","uHylKxK3Ro","MOOSPMv3Parser",1786095601,4,4,4,7,7,4,5,7,7,5,941,270,40195,48,33,3,33,33,25,31,33,1,26,28,42,40,20.718,248,3277,2.9e-05,-0.004221,27428.671875,8,600,58,3,"e00fce68e28dcbc9a589be10",2026-08-07 09:40:03.38,2026-08-07 09:40:03.557,2026-08-07 09:40:03.557,2026-08-07
"584","yJhmhURr8T","MOOSPMv3Parser",1786095600,13,13,8,19,19,8,8,20,20,8,2442,675,42146,115,61,9,62,62,22,58,62,0,24,25,61,57,3.322,289,1,35.949478,-119.049965,123.291,6,600,58,3,"e00fce6808784ceaf209f949",2026-08-07 09:40:03.475,2026-08-07 09:40:03.685,2026-08-07 09:40:03.685,2026-08-07
"585","it3tdhBNln","MOOSPMv3Parser",1786095601,0,0,2,0,0,2,2,1,1,2,266,170,18419,27,16,2,16,16,25,36,16,0,26,28,41,38,21.036,241,1,36.139099,-120.368408,180.348007,8,599,58,3,"e00fce686dc2ef0a68fa40b0",2026-08-07 09:40:03.472,2026-08-07 09:40:03.695,2026-08-07 09:40:03.695,2026-08-07
"586","YaSrTK61p2","MOOSPMv3Parser",1786095601,0,0,4,1,1,4,4,2,2,4,294,203,24917,34,28,3,29,29,25,36,29,0,26,27,41,41,16.161,276,1,36.139107,-120.368416,179.192993,12,600,58,3,"e00fce68d6b773b56ce8baa0",2026-08-07 09:40:03.519,2026-08-07 09:40:03.704,2026-08-07 09:40:03.704,2026-08-07
"587","cyYMm4I00X","MOOSPMv3Parser",1786095601,4,4,3,6,6,3,3,6,6,3,1290,261,25852,41,21,2,22,22,25,30,22,0,26,28,41,41,14.908,265,1,36.138992,-120.368393,176.078003,9,600,58,3,"e00fce68e77e43df92405fdb",2026-08-07 09:40:03.577,2026-08-07 09:40:03.779,2026-08-07 09:40:03.779,2026-08-07
"588","UHGRvwx5Z1","MOOSPMv3Parser",1786095601,4,4,4,6,6,4,4,6,6,4,963,241,28160,40,30,2,30,30,24,32,30,0,29,27,35,42,22.599,246,1,36.138943,-120.368484,182.886002,5,600,58,3,"e00fce6850cac69f647dc199",2026-08-07 09:40:20.729,2026-08-07 09:40:20.994,2026-08-07 09:40:20.994,2026-08-07
"589","MoG92uOYzR","MOOSPMv3Parser",1786096201,0,0,2,0,0,2,2,1,1,2,264,170,18433,27,16,2,16,16,25,36,16,0,26,28,39,37,21.981,235,1,36.139042,-120.368408,176.485992,8,599,58,3,"e00fce686dc2ef0a68fa40b0",2026-08-07 09:50:02.517,2026-08-07 09:50:02.791,2026-08-07 09:50:02.791,2026-08-07
"590","39B1l2WNzY","MOOSPMv3Parser",1786096200,9,9,7,12,12,7,7,13,13,7,1794,493,73126,73,55,4,55,55,21,66,55,0,22,24,67,61,4.26,190,1,36.523388,-119.278801,93.999001,7,600,58,3,"e00fce68f12da1a0c5de6248",2026-08-07 09:50:03.017,2026-08-07 09:50:03.201,2026-08-07 09:50:03.201,2026-08-07
"591","6SImaehkHP","MOOSPMv3Parser",1786096201,0,0,4,1,1,4,4,2,2,4,298,206,24941,35,29,3,29,29,25,36,29,0,26,27,39,39,17.04,266,1,36.139191,-120.368423,162.735992,6,600,58,3,"e00fce68d6b773b56ce8baa0",2026-08-07 09:50:03.062,2026-08-07 09:50:03.23,2026-08-07 09:50:03.23,2026-08-07
"592","ncDWeNBK3r","MOOSPMv3Parser",1786096201,4,4,4,6,6,4,4,6,6,4,1186,241,64941,38,32,2,32,32,24,33,32,0,26,26,38,40,24.788,123,2,36.762676,-119.798813,57.537998,10,600,58,3,"e00fce68e88237db75a60608",2026-08-07 09:50:03.184,2026-08-07 09:50:03.374,2026-08-07 09:50:03.374,2026-08-07
"593","IskFxsmsCC","MOOSPMv3Parser",1786096200,6,6,0,10,10,0,0,10,10,0,1226,328,0,68,0,5,0,0,23,45,0,2,24,25,51,52,13.259,309,2,36.187382,-119.821983,29.360001,6,600,58,3,"e00fce68e739ecbcf9e91965",2026-08-07 09:50:03.279,2026-08-07 09:50:03.523,2026-08-07 09:50:03.523,2026-08-07
"594","RXwiPMgK0B","MOOSPMv3Parser",1786096201,5,5,5,7,7,5,5,8,8,5,961,274,40226,52,37,4,37,37,25,31,37,1,26,27,41,40,16.042,280,3277,2.9e-05,-0.004221,27428.671875,8,600,58,3,"e00fce68e28dcbc9a589be10",2026-08-07 09:50:03.375,2026-08-07 09:50:03.558,2026-08-07 09:50:03.558,2026-08-07
"595","QnPWB5lJwM","MOOSPMv3Parser",1786096200,13,13,8,19,19,8,8,20,20,8,2509,698,42201,119,62,7,63,63,22,57,63,0,23,25,60,55,3.665,282,1,35.949669,-119.050003,104.656998,5,600,58,3,"e00fce6808784ceaf209f949",2026-08-07 09:50:03.407,2026-08-07 09:50:03.603,2026-08-07 09:50:03.603,2026-08-07
"596","RpViOLRbCJ","MOOSPMv3Parser",1786096201,4,4,3,6,6,3,3,6,6,3,1323,261,25870,38,21,2,21,21,25,30,21,0,26,27,40,40,16.205,264,1,36.139008,-120.368576,153.328995,10,600,58,3,"e00fce68e77e43df92405fdb",2026-08-07 09:50:03.578,2026-08-07 09:50:03.736,2026-08-07 09:50:03.736,2026-08-07
"597","RGGJ4GD38F","MOOSPMv3Parser",1786096200,3,3,3,5,5,3,3,6,6,3,720,224,31505,37,26,5,26,26,0,0,26,0,26,27,39,41,16.97,231,1,36.139091,-120.368431,160.832001,9,600,58,3,"e00fce6876826e255108c6bd",2026-08-07 09:50:03.646,2026-08-07 09:50:03.865,2026-08-07 09:50:03.865,2026-08-07
"598","SCukYqthOl","MOOSPMv3Parser",1786096201,4,4,4,6,6,4,4,6,6,4,936,231,28185,43,29,2,29,29,24,31,29,0,29,26,34,41,23.914,235,1,36.138966,-120.368416,170.979996,6,600,58,3,"e00fce6850cac69f647dc199",2026-08-07 09:50:04.604,2026-08-07 09:50:04.805,2026-08-07 09:50:04.805,2026-08-07
"599","9yEuBFZiwB","MOOSPMv3Parser",1786096801,4,4,4,6,6,5,5,6,6,5,1228,252,64970,42,34,3,34,34,23,35,34,0,25,26,40,41,23.547,140,2,36.76268,-119.798729,67.971001,8,600,58,3,"e00fce68e88237db75a60608",2026-08-07 10:00:03,2026-08-07 10:00:03.675,2026-08-07 10:00:03.675,2026-08-07
"600","2mgpjUD5x7","MOOSPMv3Parser",1786096800,6,6,0,10,10,0,0,11,11,0,1270,337,0,72,0,6,0,0,23,46,0,2,24,25,50,52,12.458,294,2,36.187481,-119.822021,35.632999,6,600,58,3,"e00fce68e739ecbcf9e91965",2026-08-07 10:00:03.052,2026-08-07 10:00:04.141,2026-08-07 10:00:04.141,2026-08-07
"601","Y0TwYMyh0G","MOOSPMv3Parser",1786096800,3,3,3,5,5,3,3,6,6,3,736,227,31527,39,26,3,26,26,0,0,26,0,26,27,41,43,16.382,254,1,36.13903,-120.368423,171.789001,6,600,58,3,"e00fce6876826e255108c6bd",2026-08-07 10:00:02.987,2026-08-07 10:00:04.195,2026-08-07 10:00:04.195,2026-08-07
"602","EvGGmiHni4","MOOSPMv3Parser",1786096801,4,4,4,6,6,4,4,6,6,4,935,230,28211,39,30,3,30,30,24,32,30,0,29,26,35,42,23.181,231,1,36.138977,-120.368446,177.182007,6,600,58,3,"e00fce6850cac69f647dc199",2026-08-07 10:00:03.608,2026-08-07 10:00:04.272,2026-08-07 10:00:04.272,2026-08-07
"603","mkRTxPkilZ","MOOSPMv3Parser",1786096801,0,0,2,1,1,2,2,1,1,2,266,172,18415,26,16,2,16,16,25,36,16,0,26,28,40,38,21.421,239,1,36.139042,-120.368408,176.488998,0,600,58,3,"e00fce686dc2ef0a68fa40b0",2026-08-07 10:00:02.848,2026-08-07 10:00:04.284,2026-08-07 10:00:04.284,2026-08-07
"604","KH6JDDiEZs","MOOSPMv3Parser",1786096801,4,4,3,6,6,3,3,6,6,3,1384,264,25889,37,22,2,22,22,25,30,22,0,26,27,40,41,16.113,263,1,36.139008,-120.368576,153.326996,0,600,58,3,"e00fce68e77e43df92405fdb",2026-08-07 10:00:03.571,2026-08-07 10:00:04.373,2026-08-07 10:00:04.373,2026-08-07
"605","bvcXV4lLYH","MOOSPMv3Parser",1786096800,13,13,8,19,19,9,9,20,20,9,2531,696,42257,117,65,7,65,65,22,55,65,0,23,25,58,55,6.324,252,1,35.949532,-119.050011,115.584,5,600,58,3,"e00fce6808784ceaf209f949",2026-08-07 10:00:03.396,2026-08-07 10:00:04.451,2026-08-07 10:00:04.451,2026-08-07
"606","kszPUArvh2","MOOSPMv3Parser",1786096801,5,5,5,8,8,5,5,9,9,5,976,280,40258,57,37,5,37,37,25,31,37,1,26,27,42,41,15.319,282,3277,2.9e-05,-0.004221,27428.671875,8,600,58,3,"e00fce68e28dcbc9a589be10",2026-08-07 10:00:03.491,2026-08-07 10:00:04.562,2026-08-07 10:00:04.562,2026-08-07
"607","FyrVszaDGy","MOOSPMv3Parser",1786096801,0,0,4,2,2,4,4,2,2,4,299,209,24965,36,29,3,29,29,24,36,29,0,26,27,41,41,15.86,264,1,36.138973,-120.368195,233.332993,6,600,58,3,"e00fce68d6b773b56ce8baa0",2026-08-07 10:00:03.631,2026-08-07 10:00:04.972,2026-08-07 10:00:04.972,2026-08-07
"608","MjzFXAsLly","MOOSPMv3Parser",1786096800,5,5,5,7,7,5,6,8,8,6,1235,319,34112,50,41,2,41,41,22,42,41,0,23,24,50,50,25.134,445,3277,36.503075,-120.325218,79.867996,6,600,58,3,"e00fce6858b443fd80f27170",2026-08-07 10:00:05.267,2026-08-07 10:00:05.966,2026-08-07 10:00:05.966,2026-08-07
"609","fZTUW2Ys8F","MOOSPMv3Parser",1786096800,9,9,7,13,13,7,7,14,14,7,1821,507,73173,77,54,4,54,54,21,68,54,0,22,24,69,63,2.637,198,1,36.523319,-119.278679,124.045998,5,600,58,3,"e00fce68f12da1a0c5de6248",2026-08-07 10:00:07.438,2026-08-07 10:00:07.61,2026-08-07 10:00:07.61,2026-08-07
"610","zpKAARsLU4","MOOSPMv3Parser",1786097400,3,3,4,5,5,4,4,6,6,4,734,225,31551,38,27,3,28,28,0,0,28,0,26,26,41,42,15.096,477,1,36.13905,-120.368385,184.570007,7,600,58,3,"e00fce6876826e255108c6bd",2026-08-07 10:10:02.973,2026-08-07 10:10:03.181,2026-08-07 10:10:03.181,2026-08-07
"611","WHb1WOwZgz","MOOSPMv3Parser",1786097400,9,9,7,13,13,7,7,14,14,7,1839,511,73220,77,53,4,54,54,21,70,54,0,22,23,72,65,3.248,187,1,36.523319,-119.278679,124.044998,0,600,58,3,"e00fce68f12da1a0c5de6248",2026-08-07 10:10:03.033,2026-08-07 10:10:03.192,2026-08-07 10:10:03.192,2026-08-07
"612","4HMu9E5hMv","MOOSPMv3Parser",1786097400,6,6,0,10,10,0,0,10,10,0,1274,338,0,71,0,6,0,0,23,44,0,2,25,25,49,51,11.842,287,2,36.187492,-119.822083,28.431999,6,600,58,3,"e00fce68e739ecbcf9e91965",2026-08-07 10:10:03.052,2026-08-07 10:10:03.23,2026-08-07 10:10:03.23,2026-08-07
"613","eW53WBIU5E","MOOSPMv3Parser",1786097401,4,4,4,7,7,5,5,7,7,5,1291,265,65110,46,35,3,35,35,23,37,35,0,25,25,41,42,22.77,156,1,36.762657,-119.798805,54.585999,9,599,58,3,"e00fce68e88237db75a60608",2026-08-07 10:10:03.083,2026-08-07 10:10:03.286,2026-08-07 10:10:03.286,2026-08-07
"614","FnpIVEDCHl","MOOSPMv3Parser",1786097400,5,5,6,8,8,6,6,9,9,6,1314,344,34150,55,44,3,44,44,22,43,44,0,23,24,51,50,25.836,439,3277,36.503235,-120.325348,39.595001,6,600,58,3,"e00fce6858b443fd80f27170",2026-08-07 10:10:03.098,2026-08-07 10:10:03.316,2026-08-07 10:10:03.316,2026-08-07
"615","FwM6FjvfTU","MOOSPMv3Parser",1786097401,0,0,4,1,1,4,4,2,2,4,297,209,24989,37,28,4,29,29,24,37,29,0,26,27,41,41,13.943,285,1,36.138817,-120.367928,248.867996,7,600,58,3,"e00fce68d6b773b56ce8baa0",2026-08-07 10:10:03.135,2026-08-07 10:10:03.344,2026-08-07 10:10:03.344,2026-08-07
"616","Zt2SwSMOxR","MOOSPMv3Parser",1786097401,0,0,2,1,1,2,2,1,1,2,269,172,18459,27,15,2,15,15,25,37,15,0,26,28,41,38,19.237,271,1,36.139004,-120.368393,166.944,7,599,58,3,"e00fce686dc2ef0a68fa40b0",2026-08-07 10:10:03.154,2026-08-07 10:10:03.367,2026-08-07 10:10:03.367,2026-08-07
"617","ogIDxovgEj","MOOSPMv3Parser",1786097401,5,5,5,7,7,5,5,8,8,5,951,271,40288,50,35,4,36,36,24,32,36,1,26,27,43,42,18.818,292,3277,2.9e-05,-0.004221,27428.671875,8,600,58,3,"e00fce68e28dcbc9a589be10",2026-08-07 10:10:03.382,2026-08-07 10:10:03.534,2026-08-07 10:10:03.534,2026-08-07
"618","HxnZQPyk6S","MOOSPMv3Parser",1786097400,14,14,9,20,20,9,9,21,21,9,2561,714,42316,126,68,7,68,68,22,53,68,0,23,24,56,53,8.673,229,1,35.949547,-119.04995,114.928001,5,600,58,3,"e00fce6808784ceaf209f949",2026-08-07 10:10:03.611,2026-08-07 10:10:03.763,2026-08-07 10:10:03.763,2026-08-07
"619","6ina6weDsE","MOOSPMv3Parser",1786097401,4,4,3,6,6,3,3,6,6,3,1385,258,25908,38,22,2,22,22,24,31,22,0,26,27,41,42,13.116,300,1,36.139069,-120.368507,154.190002,10,600,58,3,"e00fce68e77e43df92405fdb",2026-08-07 10:10:03.727,2026-08-07 10:10:03.964,2026-08-07 10:10:03.964,2026-08-07
"620","d9gYzxN1YI","MOOSPMv3Parser",1786097401,4,4,4,6,6,4,4,6,6,4,925,235,28237,44,30,2,30,30,24,32,30,0,29,26,35,42,21.665,266,1,36.139038,-120.368317,169.938004,5,600,58,3,"e00fce6850cac69f647dc199",2026-08-07 10:10:03.895,2026-08-07 10:10:04.085,2026-08-07 10:10:04.085,2026-08-07
"621","l8Pb6H3BlX","MOOSPMv3Parser",1786098000,10,10,7,13,13,8,8,14,14,8,1955,539,73270,80,57,3,57,57,21,70,57,0,21,23,72,65,1.348,191,1,36.523235,-119.278877,70.577003,5,600,58,3,"e00fce68f12da1a0c5de6248",2026-08-07 10:20:03.024,2026-08-07 10:20:03.174,2026-08-07 10:20:03.174,2026-08-07
"622","NyM8XAdi3z","MOOSPMv3Parser",1786098000,6,6,0,10,10,0,0,11,11,0,1252,338,0,74,0,6,0,0,23,43,0,2,25,25,47,50,14.806,250,2,36.187599,-119.822105,34.715,5,600,58,3,"e00fce68e739ecbcf9e91965",2026-08-07 10:20:03.128,2026-08-07 10:20:03.29,2026-08-07 10:20:03.29,2026-08-07
"623","CwqlFErvxh","MOOSPMv3Parser",1786098000,3,3,3,5,5,3,3,6,6,3,707,221,31574,37,26,3,26,26,0,0,26,0,25,26,40,41,14.496,446,1,36.139019,-120.368355,175.061005,7,600,58,3,"e00fce6876826e255108c6bd",2026-08-07 10:20:03.173,2026-08-07 10:20:03.328,2026-08-07 10:20:03.328,2026-08-07
"624","24ihDwiE4I","MOOSPMv3Parser",1786098001,4,4,5,6,6,5,5,6,6,5,1220,252,65141,41,35,2,35,35,23,38,35,0,25,25,42,43,21.873,163,1,36.762764,-119.798782,53.256001,5,599,58,3,"e00fce68e88237db75a60608",2026-08-07 10:20:03.191,2026-08-07 10:20:03.408,2026-08-07 10:20:03.408,2026-08-07
"625","w47ct7doG4","MOOSPMv3Parser",1786098001,5,5,5,7,7,5,5,8,8,5,955,273,40319,50,36,4,37,37,24,32,37,1,26,27,42,41,18.614,288,3277,2.9e-05,-0.004221,27428.671875,8,600,58,3,"e00fce68e28dcbc9a589be10",2026-08-07 10:20:03.383,2026-08-07 10:20:03.587,2026-08-07 10:20:03.587,2026-08-07
"626","j97pshMAJH","MOOSPMv3Parser",1786098001,0,0,4,2,2,4,4,2,2,4,296,207,25013,34,28,3,28,28,24,36,28,0,25,26,40,40,12.72,277,1,36.139065,-120.368416,175.973999,7,600,58,3,"e00fce68d6b773b56ce8baa0",2026-08-07 10:20:03.46,2026-08-07 10:20:03.649,2026-08-07 10:20:03.649,2026-08-07
"627","VUBErTH04R","MOOSPMv3Parser",1786098000,13,13,8,19,19,8,8,19,19,8,2443,679,42369,114,60,7,60,60,22,51,60,0,23,24,55,52,10.531,208,1,35.949547,-119.04995,114.927002,0,600,58,3,"e00fce6808784ceaf209f949",2026-08-07 10:20:03.476,2026-08-07 10:20:03.677,2026-08-07 10:20:03.677,2026-08-07
"628","n0zpc9PUSi","MOOSPMv3Parser",1786098001,4,4,3,6,6,3,3,7,7,3,1347,258,25928,39,23,3,23,23,24,30,23,0,26,27,40,41,12.576,280,1,36.139034,-120.3685,180.100998,7,600,58,3,"e00fce68e77e43df92405fdb",2026-08-07 10:20:03.563,2026-08-07 10:20:03.698,2026-08-07 10:20:03.698,2026-08-07
"629","DNbC1rHHQ0","MOOSPMv3Parser",1786098001,0,0,2,1,1,2,2,1,1,2,265,170,18472,25,16,2,16,16,25,36,16,0,26,27,40,38,18.663,257,1,36.139015,-120.368423,159.044006,8,599,58,3,"e00fce686dc2ef0a68fa40b0",2026-08-07 10:20:03.576,2026-08-07 10:20:03.741,2026-08-07 10:20:03.741,2026-08-07
"630","LjDqLrQqBx","MOOSPMv3Parser",1786098001,4,4,4,6,6,4,4,6,6,4,943,232,28263,41,29,3,30,30,23,32,30,0,28,26,34,42,20.227,261,1,36.139019,-120.368454,181.451004,7,600,58,3,"e00fce6850cac69f647dc199",2026-08-07 10:20:04.268,2026-08-07 10:20:04.445,2026-08-07 10:20:04.445,2026-08-07
"631","7k7RMm6AKq","MOOSPMv3Parser",1786098000,5,5,5,8,8,6,6,9,9,6,1319,345,34187,61,43,3,43,43,22,43,43,0,22,23,52,51,24.031,439,3277,36.503235,-120.325348,39.591,0,600,58,3,"e00fce6858b443fd80f27170",2026-08-07 10:20:04.945,2026-08-07 10:20:05.105,2026-08-07 10:20:05.105,2026-08-07
"632","br7NbhJsZg","MOOSPMv3Parser",1786098600,10,10,7,14,14,8,8,15,15,8,1961,544,73320,79,57,4,57,57,21,69,57,0,22,23,70,64,2.404,178,1,36.523376,-119.278831,81.486,6,600,58,3,"e00fce68f12da1a0c5de6248",2026-08-07 10:30:03.014,2026-08-07 10:30:03.274,2026-08-07 10:30:03.274,2026-08-07
"633","CuvCLiCEZh","MOOSPMv3Parser",1786098600,6,6,0,10,10,0,0,11,11,0,1276,344,0,73,0,7,0,0,23,42,0,2,25,25,47,49,16.332,233,3,36.187439,-119.821991,30.08,5,600,58,3,"e00fce68e739ecbcf9e91965",2026-08-07 10:30:03.124,2026-08-07 10:30:03.331,2026-08-07 10:30:03.331,2026-08-07
"634","B6H9XFDVwi","MOOSPMv3Parser",1786098600,5,5,5,7,7,6,6,8,8,6,1198,312,34223,56,42,3,43,43,21,45,43,0,22,23,54,52,21.455,450,3277,36.503124,-120.32547,50.224998,7,600,58,3,"e00fce6858b443fd80f27170",2026-08-07 10:30:03.226,2026-08-07 10:30:03.38,2026-08-07 10:30:03.38,2026-08-07
"635","YkUEBqqg8g","MOOSPMv3Parser",1786098601,0,0,4,2,2,4,4,2,2,4,290,204,25038,38,30,5,30,30,24,36,30,0,25,26,41,40,11.099,291,1,36.139236,-120.368362,197.429001,6,600,58,3,"e00fce68d6b773b56ce8baa0",2026-08-07 10:30:03.227,2026-08-07 10:30:03.392,2026-08-07 10:30:03.392,2026-08-07
"636","0ecThQAbqZ","MOOSPMv3Parser",1786098600,3,3,4,5,5,4,4,6,6,4,730,226,31598,43,28,3,28,28,0,0,28,0,25,26,40,41,13.571,500,1,36.138966,-120.368347,173.067993,6,600,58,3,"e00fce6876826e255108c6bd",2026-08-07 10:30:03.156,2026-08-07 10:30:03.403,2026-08-07 10:30:03.403,2026-08-07
"637","zyPkll9fFe","MOOSPMv3Parser",1786098601,5,5,5,7,7,5,5,7,7,5,1300,273,65171,47,35,3,35,35,23,39,35,0,25,25,42,44,21.651,162,1,36.76276,-119.798714,61.033001,8,599,58,3,"e00fce68e88237db75a60608",2026-08-07 10:30:03.256,2026-08-07 10:30:03.423,2026-08-07 10:30:03.423,2026-08-07
"638","MyBGvyGup4","MOOSPMv3Parser",1786098600,12,12,8,18,18,8,8,19,19,8,2341,648,42420,108,59,6,59,59,22,50,59,0,23,24,54,52,11.354,195,1,35.949593,-119.04995,112.314003,6,600,58,3,"e00fce6808784ceaf209f949",2026-08-07 10:30:03.475,2026-08-07 10:30:03.633,2026-08-07 10:30:03.633,2026-08-07
"639","7zCLKdMN1C","MOOSPMv3Parser",1786098601,5,5,4,7,7,5,5,7,7,5,938,266,40349,47,35,3,35,35,24,32,35,1,25,27,43,42,17.663,266,3277,2.9e-05,-0.004221,27428.671875,8,600,58,3,"e00fce68e28dcbc9a589be10",2026-08-07 10:30:03.478,2026-08-07 10:30:03.643,2026-08-07 10:30:03.643,2026-08-07
"640","lqod5gsO5C","MOOSPMv3Parser",1786098601,4,4,3,6,6,4,4,7,7,4,1436,266,25950,43,26,3,26,26,24,30,26,0,25,27,40,40,10.593,303,1,36.138931,-120.368546,176.912994,6,600,58,3,"e00fce68e77e43df92405fdb",2026-08-07 10:30:03.599,2026-08-07 10:30:03.815,2026-08-07 10:30:03.815,2026-08-07
"641","40g0SXoRs8","MOOSPMv3Parser",1786098601,0,0,2,1,1,2,3,1,1,3,260,166,18487,27,18,2,18,18,24,36,18,0,25,27,40,37,16.667,285,1,36.13905,-120.368431,172.216003,9,599,58,3,"e00fce686dc2ef0a68fa40b0",2026-08-07 10:30:04.039,2026-08-07 10:30:04.211,2026-08-07 10:30:04.211,2026-08-07
"642","QP3X0akgKO","MOOSPMv3Parser",1786098601,4,4,4,6,6,4,4,6,6,4,898,228,28291,41,32,2,32,32,23,31,32,0,28,26,34,41,18.67,287,1,36.139061,-120.368362,197.162003,6,600,58,3,"e00fce6850cac69f647dc199",2026-08-07 10:30:04.503,2026-08-07 10:30:04.668,2026-08-07 10:30:04.668,2026-08-07
"643","E1Mr8u0GSz","MOOSPMv3Parser",1786099201,0,0,2,1,1,3,3,1,1,3,269,176,18503,29,19,3,20,20,24,37,20,1,25,27,42,39,17.505,247,1,36.139008,-120.368401,176.029999,9,599,58,3,"e00fce686dc2ef0a68fa40b0",2026-08-07 10:40:02.849,2026-08-07 10:40:02.999,2026-08-07 10:40:02.999,2026-08-07
"644","cYYoG8B56Z","MOOSPMv3Parser",1786099200,9,9,7,13,13,7,7,13,13,7,1802,496,73368,73,54,3,54,54,21,67,54,0,22,23,66,62,4.508,161,1,36.523384,-119.278732,71.794998,9,600,58,3,"e00fce68f12da1a0c5de6248",2026-08-07 10:40:03.073,2026-08-07 10:40:03.269,2026-08-07 10:40:03.269,2026-08-07
"645","YHWa2vsvuQ","MOOSPMv3Parser",1786099200,6,6,0,9,9,0,0,10,10,0,1303,344,0,61,0,4,0,0,23,42,0,2,24,25,48,50,17.228,224,3,36.187439,-119.821991,30.08,0,600,58,3,"e00fce68e739ecbcf9e91965",2026-08-07 10:40:03.125,2026-08-07 10:40:03.343,2026-08-07 10:40:03.343,2026-08-07
"646","nkOvsPAQm5","MOOSPMv3Parser",1786099201,5,5,5,7,7,5,5,7,7,5,1307,273,65202,46,35,3,36,36,22,39,36,0,24,25,43,44,20.588,175,1,36.762665,-119.798752,56.446999,10,599,58,3,"e00fce68e88237db75a60608",2026-08-07 10:40:03.174,2026-08-07 10:40:03.362,2026-08-07 10:40:03.362,2026-08-07
"647","Ha8QO9iT5W","MOOSPMv3Parser",1786099200,5,5,6,8,8,6,6,9,9,6,1233,328,34261,58,43,3,44,44,21,47,44,0,22,23,55,54,19.636,455,3277,36.503151,-120.325424,59.820999,7,600,58,3,"e00fce6858b443fd80f27170",2026-08-07 10:40:03.308,2026-08-07 10:40:03.484,2026-08-07 10:40:03.484,2026-08-07
"648","Y71iRDyOYl","MOOSPMv3Parser",1786099200,12,12,7,17,17,8,8,17,17,8,2252,625,42469,105,56,5,56,56,22,51,56,0,23,24,55,53,11.445,197,1,35.949562,-119.049911,119.406998,5,600,58,3,"e00fce6808784ceaf209f949",2026-08-07 10:40:03.396,2026-08-07 10:40:03.613,2026-08-07 10:40:03.613,2026-08-07
"649","0R7RgxLMR0","MOOSPMv3Parser",1786099201,5,5,4,7,7,4,5,8,8,5,972,278,40378,47,33,4,33,33,24,33,33,1,25,27,44,42,16.22,300,3277,2.9e-05,-0.004221,27428.671875,8,600,58,3,"e00fce68e28dcbc9a589be10",2026-08-07 10:40:03.463,2026-08-07 10:40:03.627,2026-08-07 10:40:03.627,2026-08-07
"650","dL2WDrq2qr","MOOSPMv3Parser",1786099201,4,4,3,6,6,4,4,6,6,4,1421,255,25972,41,26,2,26,26,24,31,26,1,25,26,42,42,11.89,264,1,36.138966,-120.368439,182.306,6,600,58,3,"e00fce68e77e43df92405fdb",2026-08-07 10:40:03.558,2026-08-07 10:40:03.717,2026-08-07 10:40:03.717,2026-08-07
"651","S5y5HXDhWK","MOOSPMv3Parser",1786099201,0,0,4,2,2,5,5,2,2,5,299,212,25065,39,33,5,33,33,24,37,33,1,25,26,43,41,11.726,272,1,36.139236,-120.368362,197.432007,0,600,58,3,"e00fce68d6b773b56ce8baa0",2026-08-07 10:40:03.519,2026-08-07 10:40:03.744,2026-08-07 10:40:03.744,2026-08-07
"652","9lvDVMmwhm","MOOSPMv3Parser",1786099201,4,4,5,6,6,5,5,6,6,5,938,235,28321,42,35,2,36,36,23,33,36,0,28,25,36,43,19.465,266,1,36.139084,-120.368294,184.084,9,600,58,3,"e00fce6850cac69f647dc199",2026-08-07 10:40:07.888,2026-08-07 10:40:08.104,2026-08-07 10:40:08.104,2026-08-07
"653","Xgg0SGbCGH","MOOSPMv3Parser",1786099801,0,0,4,2,2,4,4,2,2,4,303,215,25091,41,32,5,32,32,24,38,32,0,24,26,45,43,11.66,265,1,36.139019,-120.368454,175.257004,8,600,58,3,"e00fce68d6b773b56ce8baa0",2026-08-07 10:50:03.068,2026-08-07 10:50:03.231,2026-08-07 10:50:03.231,2026-08-07
"654","eYhUNJxGln","MOOSPMv3Parser",1786099800,8,8,6,11,11,6,6,12,12,6,1621,446,73410,64,48,4,49,49,21,65,49,0,22,23,64,60,6.825,146,1,36.523312,-119.278862,87.774002,5,600,58,3,"e00fce68f12da1a0c5de6248",2026-08-07 10:50:03.083,2026-08-07 10:50:03.246,2026-08-07 10:50:03.246,2026-08-07
"655","l9aAqoMCf3","MOOSPMv3Parser",1786099801,5,5,5,7,7,5,5,7,7,5,1403,295,65234,46,36,2,36,36,22,40,36,0,24,24,43,44,20.035,186,1,36.76273,-119.798737,59.938,10,599,58,3,"e00fce68e88237db75a60608",2026-08-07 10:50:03.084,2026-08-07 10:50:03.249,2026-08-07 10:50:03.249,2026-08-07
"656","tkXeJEC7c0","MOOSPMv3Parser",1786099801,0,0,2,1,1,3,3,1,1,3,266,173,18518,31,18,2,19,19,24,38,19,1,24,27,45,41,16.963,237,1,36.138905,-120.368378,170.339005,8,599,58,3,"e00fce686dc2ef0a68fa40b0",2026-08-07 10:50:03.243,2026-08-07 10:50:03.413,2026-08-07 10:50:03.413,2026-08-07
"657","3NV1qw8ZM5","MOOSPMv3Parser",1786099800,6,6,6,9,9,7,7,10,10,7,1401,371,34304,66,50,4,50,50,21,48,50,1,22,23,55,55,16.107,462,3277,36.503139,-120.325386,49.928001,11,600,58,3,"e00fce6858b443fd80f27170",2026-08-07 10:50:03.218,2026-08-07 10:50:03.427,2026-08-07 10:50:03.427,2026-08-07
"658","59IlwFwSkw","MOOSPMv3Parser",1786099800,6,6,0,10,10,0,0,11,11,0,1332,352,0,70,0,5,0,0,22,43,0,2,24,24,50,50,16.007,249,4,36.18755,-119.822075,26.000999,6,600,58,3,"e00fce68e739ecbcf9e91965",2026-08-07 10:50:03.277,2026-08-07 10:50:03.462,2026-08-07 10:50:03.462,2026-08-07
"659","mev4ypby5X","MOOSPMv3Parser",1786099800,4,4,4,6,6,4,5,7,7,5,760,237,31651,44,31,4,31,31,0,0,31,1,24,26,43,45,13.788,497,1,36.139053,-120.36837,167.399994,0,600,58,3,"e00fce6876826e255108c6bd",2026-08-07 10:50:03.299,2026-08-07 10:50:03.481,2026-08-07 10:50:03.481,2026-08-07
"660","E6Z5eCHK4f","MOOSPMv3Parser",1786099800,12,12,7,17,17,8,8,18,18,8,2279,630,42518,106,57,6,57,57,22,51,57,0,23,24,54,53,10.197,208,1,35.949589,-119.050003,110.168999,6,600,58,3,"e00fce6808784ceaf209f949",2026-08-07 10:50:03.475,2026-08-07 10:50:03.639,2026-08-07 10:50:03.639,2026-08-07
"661","ZIaDiI8GCG","MOOSPMv3Parser",1786099801,5,5,4,7,7,5,5,7,7,5,974,278,40408,50,35,3,35,35,24,33,35,1,25,27,43,42,16.271,306,3277,2.9e-05,-0.004221,27428.671875,8,600,58,3,"e00fce68e28dcbc9a589be10",2026-08-07 10:50:03.481,2026-08-07 10:50:03.66,2026-08-07 10:50:03.66,2026-08-07
"662","IJ6CgNp1rv","MOOSPMv3Parser",1786099801,4,4,3,6,6,4,4,7,7,4,1501,260,25994,41,25,3,26,26,24,34,26,0,25,26,44,44,11.631,253,1,36.139099,-120.368469,164.921005,6,600,58,3,"e00fce68e77e43df92405fdb",2026-08-07 10:50:03.58,2026-08-07 10:50:03.734,2026-08-07 10:50:03.734,2026-08-07
"663","D3JB3QFVDB","MOOSPMv3Parser",1786099801,4,4,4,6,6,5,5,6,6,5,921,234,28350,40,33,3,34,34,23,35,34,0,28,25,37,45,19.209,259,1,36.138962,-120.36837,197.389008,7,600,58,3,"e00fce6850cac69f647dc199",2026-08-07 10:50:04.065,2026-08-07 10:50:04.245,2026-08-07 10:50:04.245,2026-08-07
"664","LvR17DIVfF","MOOSPMv3Parser",1786100401,5,5,5,7,7,5,5,7,7,5,1325,280,65266,43,37,3,37,37,22,40,37,0,24,24,43,45,20.297,183,1,36.762665,-119.798759,57.661999,12,599,58,3,"e00fce68e88237db75a60608",2026-08-07 11:00:03.166,2026-08-07 11:00:03.595,2026-08-07 11:00:03.595,2026-08-07
"665","0PG0v4bUiF","MOOSPMv3Parser",1786100400,3,3,4,6,6,4,4,7,7,4,752,232,31678,44,31,6,31,31,0,0,31,0,25,25,44,45,13.652,496,1,36.139046,-120.368446,183.811996,7,600,58,3,"e00fce6876826e255108c6bd",2026-08-07 11:00:03.009,2026-08-07 11:00:03.615,2026-08-07 11:00:03.615,2026-08-07
"666","71WicD7iti","MOOSPMv3Parser",1786100400,6,6,0,10,10,0,0,11,11,0,1318,350,0,71,0,6,0,0,22,43,0,2,24,24,49,50,16.322,246,3,36.187511,-119.822083,23.874001,6,600,58,3,"e00fce68e739ecbcf9e91965",2026-08-07 11:00:03.278,2026-08-07 11:00:03.695,2026-08-07 11:00:03.695,2026-08-07
"667","9ttajrUg77","MOOSPMv3Parser",1786100401,0,0,3,0,0,3,3,1,1,3,273,180,18535,29,20,2,20,20,24,39,20,1,25,27,45,41,17.172,237,1,36.139023,-120.368416,171.067001,7,599,58,3,"e00fce686dc2ef0a68fa40b0",2026-08-07 11:00:03.553,2026-08-07 11:00:03.881,2026-08-07 11:00:03.881,2026-08-07
"668","BtOCr1RiHt","MOOSPMv3Parser",1786100401,4,4,3,6,6,4,4,7,7,4,1599,275,26015,41,25,3,25,25,24,34,25,0,25,26,44,44,11.191,254,1,36.138893,-120.368256,171.561005,6,600,58,3,"e00fce68e77e43df92405fdb",2026-08-07 11:00:03.551,2026-08-07 11:00:03.901,2026-08-07 11:00:03.901,2026-08-07
"669","V4JHS7anPR","MOOSPMv3Parser",1786100401,5,5,4,7,7,5,5,7,7,5,945,273,40437,52,33,3,34,34,24,32,34,1,25,26,43,42,15.872,259,3277,2.9e-05,-0.004221,27428.671875,8,600,58,3,"e00fce68e28dcbc9a589be10",2026-08-07 11:00:03.447,2026-08-07 11:00:03.919,2026-08-07 11:00:03.919,2026-08-07
"670","NXPH0lsdPU","MOOSPMv3Parser",1786100400,11,11,8,16,16,9,9,17,17,9,2271,624,73465,87,64,5,64,64,21,70,64,0,23,23,67,65,6.119,147,1,36.523285,-119.278847,82.718002,5,600,58,3,"e00fce68f12da1a0c5de6248",2026-08-07 11:00:03.411,2026-08-07 11:00:03.941,2026-08-07 11:00:03.941,2026-08-07
"671","tHiWmrnMwP","MOOSPMv3Parser",1786100400,13,13,8,18,18,8,8,19,19,8,2378,657,42570,112,60,6,60,60,22,50,60,0,23,24,55,52,8.126,214,1,35.949711,-119.049965,126.375,5,600,58,3,"e00fce6808784ceaf209f949",2026-08-07 11:00:03.475,2026-08-07 11:00:03.983,2026-08-07 11:00:03.983,2026-08-07
"672","1aGpy0iD3l","MOOSPMv3Parser",1786100401,0,0,4,2,2,5,5,2,2,5,300,211,25120,37,34,4,34,34,23,38,35,0,25,26,45,44,11.521,263,1,36.139004,-120.368416,171.007996,10,600,58,3,"e00fce68d6b773b56ce8baa0",2026-08-07 11:00:03.461,2026-08-07 11:00:04.061,2026-08-07 11:00:04.061,2026-08-07
"673","0DguLVDkxV","MOOSPMv3Parser",1786100401,4,4,4,6,6,5,5,7,7,5,970,245,28380,45,35,3,35,35,23,35,35,0,28,25,38,45,18.685,254,1,36.138962,-120.36837,197.386993,0,600,58,3,"e00fce6850cac69f647dc199",2026-08-07 11:00:03.869,2026-08-07 11:00:04.256,2026-08-07 11:00:04.256,2026-08-07
"674","faZ0lQoc0M","MOOSPMv3Parser",1786100400,6,6,7,9,9,7,7,10,10,7,1376,365,34350,66,54,3,54,54,21,48,54,1,22,23,55,55,14.424,467,3277,36.503071,-120.32547,58.245998,8,600,58,3,"e00fce6858b443fd80f27170",2026-08-07 11:00:05.233,2026-08-07 11:00:05.428,2026-08-07 11:00:05.428,2026-08-07
"675","e9XhJfvpiE","MOOSPMv3Parser",1786101001,5,5,5,7,7,5,5,8,8,5,1427,304,65191,50,39,3,39,39,22,40,39,0,24,24,42,45,20.241,166,1,36.762665,-119.798759,57.658001,0,600,58,3,"e00fce68e88237db75a60608",2026-08-07 11:10:03.168,2026-08-07 11:10:03.358,2026-08-07 11:10:03.358,2026-08-07
"676","4wA4JIw0w3","MOOSPMv3Parser",1786101000,13,13,9,18,18,10,10,19,19,10,2605,712,73528,102,72,5,72,72,21,70,72,0,22,23,69,65,3.25,173,1,36.523373,-119.278786,84.357002,6,600,58,3,"e00fce68f12da1a0c5de6248",2026-08-07 11:10:03.194,2026-08-07 11:10:03.37,2026-08-07 11:10:03.37,2026-08-07
"677","Q7eXG2BYiz","MOOSPMv3Parser",1786101000,6,6,0,10,10,0,0,11,11,0,1327,353,0,73,0,6,0,0,22,44,0,2,24,24,49,51,18.291,211,3,36.187542,-119.821938,42.661999,7,600,58,3,"e00fce68e739ecbcf9e91965",2026-08-07 11:10:03.205,2026-08-07 11:10:03.382,2026-08-07 11:10:03.382,2026-08-07
"678","yLm9rnxU18","MOOSPMv3Parser",1786101001,0,0,4,2,2,4,4,2,2,4,305,216,25147,38,32,4,32,32,23,39,32,0,24,25,45,45,10.519,275,1,36.139046,-120.36834,184.546005,6,600,58,3,"e00fce68d6b773b56ce8baa0",2026-08-07 11:10:03.288,2026-08-07 11:10:03.447,2026-08-07 11:10:03.447,2026-08-07
"679","AgFkNuHnkx","MOOSPMv3Parser",1786101001,4,4,5,7,7,5,5,7,7,5,944,270,40467,50,35,4,35,35,24,32,35,1,25,26,43,42,15.88,266,3277,2.9e-05,-0.004221,27428.671875,8,600,58,3,"e00fce68e28dcbc9a589be10",2026-08-07 11:10:03.453,2026-08-07 11:10:03.648,2026-08-07 11:10:03.648,2026-08-07
"680","tLt7bOBRW3","MOOSPMv3Parser",1786101001,4,4,3,6,6,4,4,7,7,4,1507,267,26037,42,26,3,26,26,24,35,26,0,25,26,45,45,9.154,284,1,36.139046,-120.368446,179.445999,8,600,58,3,"e00fce68e77e43df92405fdb",2026-08-07 11:10:03.538,2026-08-07 11:10:03.735,2026-08-07 11:10:03.735,2026-08-07
"681","k7kCDTASOm","MOOSPMv3Parser",1786101000,12,12,7,17,17,8,8,18,18,8,2305,641,42620,113,58,6,58,58,22,51,58,0,22,24,56,53,7.172,220,1,35.949707,-119.050034,125.074997,5,600,58,3,"e00fce6808784ceaf209f949",2026-08-07 11:10:03.622,2026-08-07 11:10:03.79,2026-08-07 11:10:03.79,2026-08-07
"682","eTFUbwE6nB","MOOSPMv3Parser",1786101001,0,0,2,1,1,3,3,1,1,3,267,173,18550,28,19,2,19,19,24,40,19,1,24,26,46,42,15.408,266,1,36.139103,-120.368317,186.671997,8,599,58,3,"e00fce686dc2ef0a68fa40b0",2026-08-07 11:10:03.733,2026-08-07 11:10:03.929,2026-08-07 11:10:03.929,2026-08-07
"683","bBIHCaeKjl","MOOSPMv3Parser",1786101001,4,4,4,6,6,5,5,7,7,5,979,243,28409,45,34,4,34,34,23,36,34,0,27,25,38,46,17.25,276,1,36.138977,-120.368408,175.432007,9,600,58,3,"e00fce6850cac69f647dc199",2026-08-07 11:10:04.569,2026-08-07 11:10:04.802,2026-08-07 11:10:04.802,2026-08-07
"684","J1ChvGrToD","MOOSPMv3Parser",1786101000,3,3,4,6,6,4,4,7,7,4,751,230,31704,42,31,5,31,31,0,0,31,0,24,25,44,46,12.839,498,1,36.139088,-120.368362,173.235992,9,600,58,3,"e00fce6876826e255108c6bd",2026-08-07 11:10:08.099,2026-08-07 11:10:08.329,2026-08-07 11:10:08.329,2026-08-07
"685","saTfdlkZWG","MOOSPMv3Parser",1786101601,0,0,2,1,1,3,3,1,1,3,266,173,18565,27,18,2,18,18,24,39,18,0,24,26,46,42,18.401,223,1,36.139057,-120.368393,171.330994,8,599,58,3,"e00fce686dc2ef0a68fa40b0",2026-08-07 11:20:02.846,2026-08-07 11:20:03.019,2026-08-07 11:20:03.019,2026-08-07
"686","U1eqxuxLDO","MOOSPMv3Parser",1786101600,3,3,4,6,6,4,4,8,8,4,765,235,31731,47,31,7,31,31,0,0,31,0,24,25,45,46,14.813,454,1,36.139084,-120.368378,164.686996,9,600,58,3,"e00fce6876826e255108c6bd",2026-08-07 11:20:03.072,2026-08-07 11:20:03.256,2026-08-07 11:20:03.256,2026-08-07
"687","0A4NkO7e3d","MOOSPMv3Parser",1786101600,14,14,10,19,19,10,10,20,20,10,2690,733,73593,107,74,6,75,75,21,70,75,0,22,23,69,65,1.657,186,1,36.523243,-119.278839,78.904999,5,600,58,3,"e00fce68f12da1a0c5de6248",2026-08-07 11:20:03.179,2026-08-07 11:20:03.361,2026-08-07 11:20:03.361,2026-08-07
"688","NkXZ1ponK4","MOOSPMv3Parser",1786101601,5,5,5,7,7,5,5,8,8,5,1303,278,65332,50,37,4,37,37,22,39,37,0,24,24,41,44,20.207,168,1,36.762779,-119.798721,65.621002,9,599,58,3,"e00fce68e88237db75a60608",2026-08-07 11:20:03.18,2026-08-07 11:20:03.385,2026-08-07 11:20:03.385,2026-08-07
"689","0TRdWHqnUE","MOOSPMv3Parser",1786101600,6,6,0,10,10,0,0,11,11,0,1294,346,0,68,0,6,0,0,22,44,0,2,24,24,50,50,18.277,213,4,36.187508,-119.822098,15.265,6,600,58,3,"e00fce68e739ecbcf9e91965",2026-08-07 11:20:03.204,2026-08-07 11:20:03.438,2026-08-07 11:20:03.438,2026-08-07
"690","C1QFm3kD9J","MOOSPMv3Parser",1786101601,0,0,4,2,2,4,4,3,3,4,306,215,25174,40,33,5,33,33,23,39,33,0,24,25,46,45,13.211,255,1,36.138901,-120.368347,168.072006,8,600,58,3,"e00fce68d6b773b56ce8baa0",2026-08-07 11:20:03.388,2026-08-07 11:20:03.566,2026-08-07 11:20:03.566,2026-08-07
"691","8HjCIeQkT0","MOOSPMv3Parser",1786101600,12,12,7,17,17,8,8,18,18,8,2286,636,42670,107,57,6,57,57,21,52,57,0,22,23,56,53,7.324,220,1,35.949581,-119.049965,108.336998,6,600,58,3,"e00fce6808784ceaf209f949",2026-08-07 11:20:03.467,2026-08-07 11:20:03.643,2026-08-07 11:20:03.643,2026-08-07
"692","4svpo898zM","MOOSPMv3Parser",1786101601,5,5,3,7,7,3,3,7,7,3,1614,285,26060,44,26,3,26,26,23,34,26,0,24,26,45,45,12.755,245,1,36.138962,-120.368378,168.626007,9,600,58,3,"e00fce68e77e43df92405fdb",2026-08-07 11:20:03.491,2026-08-07 11:20:03.659,2026-08-07 11:20:03.659,2026-08-07
"693","Or6pVkHlqc","MOOSPMv3Parser",1786101601,5,5,4,7,7,5,5,8,8,5,968,278,40496,53,34,4,34,34,24,33,34,1,25,26,43,42,15.629,253,3277,2.9e-05,-0.004221,27428.671875,8,600,58,3,"e00fce68e28dcbc9a589be10",2026-08-07 11:20:03.706,2026-08-07 11:20:03.881,2026-08-07 11:20:03.881,2026-08-07
"694","gr4714qIay","MOOSPMv3Parser",1786101601,4,4,5,6,6,5,5,6,6,5,929,235,28440,43,35,2,35,35,22,36,35,0,27,25,38,46,20.381,240,1,36.138966,-120.368431,172.848007,6,600,58,3,"e00fce6850cac69f647dc199",2026-08-07 11:20:04.927,2026-08-07 11:20:05.089,2026-08-07 11:20:05.089,2026-08-07
"695","vuDfp2dRW6","MOOSPMv3Parser",1786102200,4,4,4,6,6,4,4,7,7,4,793,245,31757,43,30,4,30,30,0,0,30,0,24,25,43,44,14.971,428,1,36.139229,-120.368385,167.636993,7,600,58,3,"e00fce6876826e255108c6bd",2026-08-07 11:30:03.057,2026-08-07 11:30:03.282,2026-08-07 11:30:03.282,2026-08-07
"696","YeQIEctS20","MOOSPMv3Parser",1786102200,6,6,0,10,10,0,0,11,11,0,1338,356,0,71,0,6,0,0,22,45,0,2,23,24,51,51,16.812,232,4,36.187538,-119.821983,24.281,7,600,58,3,"e00fce68e739ecbcf9e91965",2026-08-07 11:30:03.135,2026-08-07 11:30:03.358,2026-08-07 11:30:03.358,2026-08-07
"697","6FcBmPPyAw","MOOSPMv3Parser",1786102201,5,5,4,6,6,5,5,7,7,5,1251,264,65362,42,35,3,35,35,22,39,35,0,24,24,40,43,21.038,142,1,36.762733,-119.798744,57.477001,7,599,58,3,"e00fce68e88237db75a60608",2026-08-07 11:30:03.158,2026-08-07 11:30:03.371,2026-08-07 11:30:03.371,2026-08-07
"698","AD2fVYgern","MOOSPMv3Parser",1786102201,0,0,4,2,2,4,4,2,2,4,301,210,25201,38,32,4,32,32,23,38,32,0,24,25,43,43,13.955,245,1,36.138996,-120.368401,168.201004,6,600,58,3,"e00fce68d6b773b56ce8baa0",2026-08-07 11:30:03.211,2026-08-07 11:30:03.396,2026-08-07 11:30:03.396,2026-08-07
"699","qDyLESGBOu","MOOSPMv3Parser",1786102201,0,0,2,1,1,2,3,1,1,3,266,173,18580,28,18,2,18,18,24,38,18,0,24,26,43,40,18.889,212,1,36.139175,-120.368294,206.692993,6,599,58,3,"e00fce686dc2ef0a68fa40b0",2026-08-07 11:30:03.239,2026-08-07 11:30:03.423,2026-08-07 11:30:03.423,2026-08-07
"700","qlqy1h1CUM","MOOSPMv3Parser",1786102200,13,13,10,18,18,10,10,19,19,10,2590,704,73659,99,75,5,75,75,21,71,75,0,22,23,70,65,0.776,186,1,36.523296,-119.278824,76.470001,4,600,58,3,"e00fce68f12da1a0c5de6248",2026-08-07 11:30:03.243,2026-08-07 11:30:03.424,2026-08-07 11:30:03.424,2026-08-07
"701","TGTnMRY494","MOOSPMv3Parser",1786102200,12,12,8,18,18,8,8,18,18,8,2300,635,42721,108,59,8,60,60,21,54,60,0,22,23,58,55,5.945,225,1,35.949604,-119.049995,112.193001,6,600,58,3,"e00fce6808784ceaf209f949",2026-08-07 11:30:03.464,2026-08-07 11:30:03.638,2026-08-07 11:30:03.638,2026-08-07
"702","EPCnb67Zrs","MOOSPMv3Parser",1786102201,5,5,4,7,7,5,5,8,8,5,982,281,40526,51,35,3,35,35,24,33,35,1,25,26,43,42,14.776,273,3277,2.9e-05,-0.004221,27428.671875,8,600,58,3,"e00fce68e28dcbc9a589be10",2026-08-07 11:30:03.503,2026-08-07 11:30:03.663,2026-08-07 11:30:03.663,2026-08-07
"703","JjwAg13mOv","MOOSPMv3Parser",1786102201,5,5,3,7,7,3,3,7,7,3,1664,287,26080,41,24,3,24,24,23,33,24,0,24,26,43,43,14.197,230,1,36.139065,-120.368423,166.317001,7,600,58,3,"e00fce68e77e43df92405fdb",2026-08-07 11:30:03.641,2026-08-07 11:30:03.832,2026-08-07 11:30:03.832,2026-08-07
"704","qzZSVvIrs7","MOOSPMv3Parser",1786102201,4,4,4,6,6,4,5,7,7,5,959,238,28468,42,33,3,33,33,22,35,33,0,27,25,37,44,21.449,224,1,36.138996,-120.368454,186.320999,6,600,58,3,"e00fce6850cac69f647dc199",2026-08-07 11:30:09.542,2026-08-07 11:30:09.714,2026-08-07 11:30:09.714,2026-08-07
"705","l0zyDksCVe","MOOSPMv3Parser",1786102800,3,3,4,6,6,4,4,7,7,4,745,230,31782,44,29,4,29,29,1,1,29,0,24,25,45,45,14.373,484,1,36.138969,-120.368355,150.209,8,600,58,3,"e00fce6876826e255108c6bd",2026-08-07 11:40:03.088,2026-08-07 11:40:03.286,2026-08-07 11:40:03.286,2026-08-07
"706","wcqpxaXYzG","MOOSPMv3Parser",1786102801,4,4,4,6,6,5,5,6,6,5,1225,258,65392,41,34,3,34,35,22,37,35,0,24,24,39,42,21.713,125,1,36.762684,-119.798798,55.046001,6,599,58,3,"e00fce68e88237db75a60608",2026-08-07 11:40:03.166,2026-08-07 11:40:03.307,2026-08-07 11:40:03.307,2026-08-07
"707","Pqrzq0f5v8","MOOSPMv3Parser",1786102800,6,6,0,10,10,0,0,11,11,0,1377,363,0,68,0,6,0,0,22,46,0,2,23,24,52,52,17.077,229,3,36.1875,-119.82209,13.826,7,600,58,3,"e00fce68e739ecbcf9e91965",2026-08-07 11:40:03.205,2026-08-07 11:40:03.471,2026-08-07 11:40:03.471,2026-08-07
"708","P3254uvUux","MOOSPMv3Parser",1786102801,5,5,5,8,8,5,5,8,8,5,981,280,40557,54,35,4,35,35,23,33,35,1,25,26,43,42,18.027,223,3277,2.9e-05,-0.004221,27428.671875,8,600,58,3,"e00fce68e28dcbc9a589be10",2026-08-07 11:40:03.389,2026-08-07 11:40:03.63,2026-08-07 11:40:03.63,2026-08-07
"709","4BTNAMg9G4","MOOSPMv3Parser",1786102801,0,0,4,2,2,4,4,2,2,4,303,211,25227,37,31,4,31,31,23,39,31,0,24,25,45,43,12.685,254,1,36.139004,-120.368332,160.707001,8,600,58,3,"e00fce68d6b773b56ce8baa0",2026-08-07 11:40:03.448,2026-08-07 11:40:03.64,2026-08-07 11:40:03.64,2026-08-07
"710","jQbam5kGJ0","MOOSPMv3Parser",1786102800,12,12,8,18,18,8,8,18,18,8,2317,643,42773,110,60,5,60,60,21,56,60,0,22,23,60,56,7.487,221,1,35.9496,-119.049965,117.786003,5,600,58,3,"e00fce6808784ceaf209f949",2026-08-07 11:40:03.483,2026-08-07 11:40:03.651,2026-08-07 11:40:03.651,2026-08-07
"711","7mC5gfslwG","MOOSPMv3Parser",1786102801,4,4,3,6,6,3,3,7,7,3,1735,280,26102,39,25,3,26,26,23,34,26,0,24,25,44,45,12.5,252,1,36.139065,-120.368423,166.319,0,600,58,3,"e00fce68e77e43df92405fdb",2026-08-07 11:40:03.574,2026-08-07 11:40:03.75,2026-08-07 11:40:03.75,2026-08-07
"712","KHHZbWnIIt","MOOSPMv3Parser",1786102801,0,0,2,1,1,3,3,1,1,3,270,172,18596,28,18,2,18,18,24,39,19,0,24,26,44,41,18.428,236,1,36.139065,-120.368416,182.195999,7,599,58,3,"e00fce686dc2ef0a68fa40b0",2026-08-07 11:40:03.642,2026-08-07 11:40:03.894,2026-08-07 11:40:03.894,2026-08-07
"713","CzxdA6wH53","MOOSPMv3Parser",1786102800,13,13,9,18,18,10,10,19,19,10,2631,720,73723,102,74,5,74,74,21,71,74,0,22,23,70,65,0.167,188,1,36.523251,-119.278778,72.153,7,600,58,3,"e00fce68f12da1a0c5de6248",2026-08-07 11:40:03.979,2026-08-07 11:40:04.228,2026-08-07 11:40:04.228,2026-08-07
"714","oIqCSgv8jS","MOOSPMv3Parser",1786102801,4,4,4,6,6,4,5,7,7,5,959,239,28497,41,33,4,33,33,22,35,33,0,27,24,37,45,19.782,235,1,36.138897,-120.368401,163.462006,7,600,58,3,"e00fce6850cac69f647dc199",2026-08-07 11:40:04.195,2026-08-07 11:40:04.371,2026-08-07 11:40:04.371,2026-08-07
"715","2l5nSCH2Mr","MOOSPMv3Parser",1786103401,4,4,4,6,6,4,4,6,6,4,1220,253,65421,40,33,3,33,33,22,36,33,0,24,24,39,42,22.169,115,1,36.762745,-119.798759,65.882004,11,599,58,3,"e00fce68e88237db75a60608",2026-08-07 11:50:03.093,2026-08-07 11:50:03.317,2026-08-07 11:50:03.317,2026-08-07
"716","ddEJnUvEw6","MOOSPMv3Parser",1786103400,3,3,4,6,6,4,4,7,7,4,771,237,31807,41,30,3,30,30,0,0,30,0,24,25,44,46,13.235,499,1,36.139034,-120.368355,157.733994,7,600,58,3,"e00fce6876826e255108c6bd",2026-08-07 11:50:03.178,2026-08-07 11:50:03.349,2026-08-07 11:50:03.349,2026-08-07
"717","GXiJv3jUTU","MOOSPMv3Parser",1786103401,0,0,4,2,2,4,4,2,2,4,302,212,25254,37,32,4,32,32,23,39,32,0,24,25,45,44,10.781,270,1,36.139004,-120.368393,161.623001,7,600,58,3,"e00fce68d6b773b56ce8baa0",2026-08-07 11:50:03.142,2026-08-07 11:50:03.41,2026-08-07 11:50:03.41,2026-08-07
"718","8al80BMQRF","MOOSPMv3Parser",1786103400,6,6,0,11,11,0,0,12,12,0,1401,374,0,76,0,6,0,0,22,45,0,2,23,24,52,52,16.892,229,3,36.187485,-119.82193,47.349998,6,600,58,3,"e00fce68e739ecbcf9e91965",2026-08-07 11:50:03.268,2026-08-07 11:50:03.524,2026-08-07 11:50:03.524,2026-08-07
"719","xjcmZmMLWf","MOOSPMv3Parser",1786103400,12,12,8,17,17,8,8,18,18,8,2290,637,42828,109,63,7,63,63,21,57,63,0,22,23,61,57,6.909,219,1,35.949524,-119.049965,102.819,6,600,58,3,"e00fce6808784ceaf209f949",2026-08-07 11:50:03.462,2026-08-07 11:50:03.62,2026-08-07 11:50:03.62,2026-08-07
"720","lzBouh0ifa","MOOSPMv3Parser",1786103401,5,5,5,7,7,5,5,8,8,5,962,274,40587,54,36,3,36,36,23,33,36,1,25,26,43,42,22.002,172,3277,2.9e-05,-0.004221,27428.671875,8,600,58,3,"e00fce68e28dcbc9a589be10",2026-08-07 11:50:03.457,2026-08-07 11:50:03.628,2026-08-07 11:50:03.628,2026-08-07
"721","ZAAbDOcj9j","MOOSPMv3Parser",1786103401,4,4,3,6,6,3,3,7,7,3,2102,284,26124,39,25,3,25,25,23,35,25,0,24,25,45,45,9.723,288,1,36.138988,-120.368225,207.875,6,600,58,3,"e00fce68e77e43df92405fdb",2026-08-07 11:50:03.605,2026-08-07 11:50:03.796,2026-08-07 11:50:03.796,2026-08-07
"722","Z1pHZaFofc","MOOSPMv3Parser",1786103401,0,0,2,1,1,2,3,1,1,3,272,176,18580,29,18,2,18,18,23,39,18,0,24,26,45,41,16.315,272,1,36.139065,-120.368416,182.192993,0,600,58,3,"e00fce686dc2ef0a68fa40b0",2026-08-07 11:50:03.721,2026-08-07 11:50:03.914,2026-08-07 11:50:03.914,2026-08-07
"723","ovl7DyKKOI","MOOSPMv3Parser",1786103401,4,4,4,6,6,4,4,6,6,4,963,239,28525,41,32,2,32,32,22,36,32,0,27,24,38,46,17.575,266,1,36.13903,-120.368423,181.317993,6,600,58,3,"e00fce6850cac69f647dc199",2026-08-07 11:50:04.49,2026-08-07 11:50:04.709,2026-08-07 11:50:04.709,2026-08-07
"724","TsoNdtsoAk","MOOSPMv3Parser",1786103400,13,13,9,18,18,10,10,19,19,10,2649,709,73787,102,73,6,74,74,21,71,74,0,22,23,70,65,1.155,175,1,36.523575,-119.27877,83.504997,7,600,58,3,"e00fce68f12da1a0c5de6248",2026-08-07 11:50:16.896,2026-08-07 11:50:17.04,2026-08-07 11:50:17.04,2026-08-07
"725","z1RIhgC9E9","MOOSPMv3Parser",1786104001,4,4,4,6,6,5,5,6,6,5,1177,238,65451,40,34,2,34,34,22,36,34,0,24,24,38,41,22.255,115,1,36.762661,-119.798767,49.799,11,599,58,3,"e00fce68e88237db75a60608",2026-08-07 12:00:03.081,2026-08-07 12:00:03.745,2026-08-07 12:00:03.745,2026-08-07
"726","RNRz1EG11U","MOOSPMv3Parser",1786104001,0,0,4,2,2,4,4,2,2,4,305,215,25280,39,32,5,32,32,23,38,32,0,24,25,42,42,11.133,269,1,36.138973,-120.368401,171.757004,8,600,58,3,"e00fce68d6b773b56ce8baa0",2026-08-07 12:00:03.509,2026-08-07 12:00:03.873,2026-08-07 12:00:03.873,2026-08-07
"727","lSKgCqwUFd","MOOSPMv3Parser",1786104000,4,4,4,6,6,4,4,8,8,4,774,236,31834,46,30,5,30,30,0,0,30,0,24,25,41,43,13.864,468,1,36.138977,-120.368347,192.427002,8,600,58,3,"e00fce6876826e255108c6bd",2026-08-07 12:00:03.386,2026-08-07 12:00:03.883,2026-08-07 12:00:03.883,2026-08-07
"728","wlX7LCDrOq","MOOSPMv3Parser",1786104000,7,7,0,11,11,0,0,12,12,0,1449,387,0,79,0,5,0,0,22,45,0,2,23,23,51,52,15.849,246,3,36.187542,-119.822083,27.035999,7,600,58,3,"e00fce68e739ecbcf9e91965",2026-08-07 12:00:03.233,2026-08-07 12:00:03.938,2026-08-07 12:00:03.938,2026-08-07
"729","lA8ud0xNYG","MOOSPMv3Parser",1786104000,12,12,8,18,18,8,8,19,19,8,2386,659,42883,114,63,7,63,63,21,58,63,0,22,23,60,57,6.367,224,1,35.949631,-119.049973,102.153999,7,600,58,3,"e00fce6808784ceaf209f949",2026-08-07 12:00:03.405,2026-08-07 12:00:04.084,2026-08-07 12:00:04.084,2026-08-07
"730","x3FkkgFRFJ","MOOSPMv3Parser",1786104001,5,5,5,8,8,5,5,8,8,5,1024,289,40619,56,36,3,36,36,23,33,36,1,25,26,43,43,23.259,158,3277,2.9e-05,-0.004221,27428.671875,8,600,58,3,"e00fce68e28dcbc9a589be10",2026-08-07 12:00:03.595,2026-08-07 12:00:04.106,2026-08-07 12:00:04.106,2026-08-07
"731","1w3co3PHT2","MOOSPMv3Parser",1786104001,0,0,2,1,1,2,3,1,1,3,266,173,18626,29,18,2,18,18,23,38,18,0,24,26,41,39,17.655,261,1,36.138981,-120.368362,162.222,6,599,58,3,"e00fce686dc2ef0a68fa40b0",2026-08-07 12:00:03.36,2026-08-07 12:00:04.155,2026-08-07 12:00:04.155,2026-08-07
"732","VOS7aNnEFC","MOOSPMv3Parser",1786104001,5,5,3,7,7,4,4,7,7,4,1782,286,26146,42,26,3,26,26,23,32,26,0,25,25,41,42,11.138,276,1,36.138882,-120.368271,195.018997,6,600,58,3,"e00fce68e77e43df92405fdb",2026-08-07 12:00:03.48,2026-08-07 12:00:04.192,2026-08-07 12:00:04.192,2026-08-07
"733","f9hnEJPNPJ","MOOSPMv3Parser",1786104000,13,13,9,18,18,9,9,19,19,9,2552,688,73848,96,70,6,70,70,21,70,70,0,22,23,68,64,2.759,160,1,36.523323,-119.278801,70.328003,7,600,58,3,"e00fce68f12da1a0c5de6248",2026-08-07 12:00:04.13,2026-08-07 12:00:04.491,2026-08-07 12:00:04.491,2026-08-07
"734","KIpWLa6bpV","MOOSPMv3Parser",1786104001,4,4,4,6,6,5,5,7,7,5,958,242,28555,44,34,3,35,35,22,34,35,0,27,24,36,43,18.754,258,1,36.138988,-120.368324,171.024002,8,600,58,3,"e00fce6850cac69f647dc199",2026-08-07 12:00:04.958,2026-08-07 12:00:05.183,2026-08-07 12:00:05.183,2026-08-07
"735","kyvcJIpn9R","MOOSPMv3Parser",1786104601,0,0,2,0,0,2,2,1,1,2,279,181,18641,27,17,2,17,17,23,38,17,0,25,26,43,41,24.934,169,1,36.139111,-120.368378,171.309006,6,599,58,3,"e00fce686dc2ef0a68fa40b0",2026-08-07 12:10:03.08,2026-08-07 12:10:03.229,2026-08-07 12:10:03.229,2026-08-07
"736","EoL3RjlnLX","MOOSPMv3Parser",1786104600,7,7,0,11,11,0,0,12,12,0,1413,377,0,77,0,6,0,0,21,45,0,2,23,23,51,52,15.582,253,2,36.187412,-119.821915,41.137001,8,600,58,3,"e00fce68e739ecbcf9e91965",2026-08-07 12:10:03.134,2026-08-07 12:10:03.321,2026-08-07 12:10:03.321,2026-08-07
"737","r31PCwaY5w","MOOSPMv3Parser",1786104601,4,4,4,6,6,4,4,6,6,4,1190,241,65479,36,32,2,32,32,22,35,32,0,24,24,38,41,18.75,135,1,36.762753,-119.798767,55.060001,10,599,58,3,"e00fce68e88237db75a60608",2026-08-07 12:10:03.152,2026-08-07 12:10:03.334,2026-08-07 12:10:03.334,2026-08-07
"738","oi8AYHY3Xr","MOOSPMv3Parser",1786104601,0,0,4,2,2,4,4,2,2,4,309,217,25306,38,31,4,31,31,23,38,31,0,24,25,43,43,17.861,216,1,36.139046,-120.368378,152.102997,6,600,58,3,"e00fce68d6b773b56ce8baa0",2026-08-07 12:10:03.378,2026-08-07 12:10:03.529,2026-08-07 12:10:03.529,2026-08-07
"739","Jx7wU3PSYv","MOOSPMv3Parser",1786104601,4,4,3,6,6,3,3,7,7,3,1682,283,26167,40,24,3,24,24,23,33,24,0,24,25,43,43,20.072,195,1,36.138885,-120.368477,149.018997,6,600,58,3,"e00fce68e77e43df92405fdb",2026-08-07 12:10:03.481,2026-08-07 12:10:03.663,2026-08-07 12:10:03.663,2026-08-07
"740","qjQMF7uUWZ","MOOSPMv3Parser",1786104600,13,13,8,19,19,8,8,20,20,8,2438,673,42938,115,63,8,63,63,20,62,63,0,21,23,63,59,4.303,234,1,35.949631,-119.049973,102.153,0,600,58,3,"e00fce6808784ceaf209f949",2026-08-07 12:10:03.637,2026-08-07 12:10:03.808,2026-08-07 12:10:03.808,2026-08-07
"741","N5NV9KsIwx","MOOSPMv3Parser",1786104601,5,5,5,8,8,5,5,8,8,5,1022,293,40649,56,36,3,36,36,23,34,36,0,25,26,44,43,22.278,154,3277,2.9e-05,-0.004221,27428.671875,8,600,58,3,"e00fce68e28dcbc9a589be10",2026-08-07 12:10:03.685,2026-08-07 12:10:03.868,2026-08-07 12:10:03.868,2026-08-07
"742","FKgsrouWLn","MOOSPMv3Parser",1786104601,4,4,4,6,6,4,4,7,7,4,994,246,28583,44,33,3,33,33,22,35,33,0,27,24,37,45,28.1,169,1,36.138973,-120.368492,152.397003,8,600,58,3,"e00fce6850cac69f647dc199",2026-08-07 12:10:03.781,2026-08-07 12:10:04.01,2026-08-07 12:10:04.01,2026-08-07
"743","B7gcINzsmv","MOOSPMv3Parser",1786104600,11,11,8,16,16,9,9,16,16,9,2276,620,73905,87,65,4,65,65,21,68,65,0,22,23,65,62,5.345,138,1,36.523323,-119.27877,70.593002,8,600,58,3,"e00fce68f12da1a0c5de6248",2026-08-07 12:10:08.596,2026-08-07 12:10:08.796,2026-08-07 12:10:08.796,2026-08-07
"744","C7t8BSKYFG","MOOSPMv3Parser",1786104600,3,3,4,6,6,4,4,7,7,4,758,232,31860,42,30,5,30,30,0,0,30,0,24,25,43,45,18.478,88,1,36.138905,-120.368408,147.233994,7,600,58,3,"e00fce6876826e255108c6bd",2026-08-07 12:10:08.732,2026-08-07 12:10:08.882,2026-08-07 12:10:08.882,2026-08-07
"745","DvZ1bU1eYM","MOOSPMv3Parser",1786105201,0,0,4,2,2,4,4,2,2,4,303,214,25333,39,31,4,32,32,23,39,32,0,24,25,45,44,16.054,215,1,36.138954,-120.368385,159.231995,7,600,58,3,"e00fce68d6b773b56ce8baa0",2026-08-07 12:20:03.047,2026-08-07 12:20:03.216,2026-08-07 12:20:03.216,2026-08-07
"746","GhvTTpytDQ","MOOSPMv3Parser",1786105200,7,7,0,13,13,0,0,14,14,0,1529,413,0,90,0,6,0,0,21,46,0,2,22,23,52,53,14.122,254,2,36.187435,-119.821907,20.101,7,600,58,3,"e00fce68e739ecbcf9e91965",2026-08-07 12:20:03.207,2026-08-07 12:20:03.352,2026-08-07 12:20:03.352,2026-08-07
"747","jLdjROxlBT","MOOSPMv3Parser",1786105201,4,4,4,6,6,4,4,6,6,4,1197,243,65507,39,33,3,33,33,22,35,33,0,24,24,39,41,17.482,143,1,36.762688,-119.798714,51.416,13,599,58,3,"e00fce68e88237db75a60608",2026-08-07 12:20:03.164,2026-08-07 12:20:03.371,2026-08-07 12:20:03.371,2026-08-07
"748","Wh1N7uQ9qv","MOOSPMv3Parser",1786105200,3,3,4,6,6,4,4,7,7,4,754,230,31885,41,29,4,29,29,0,0,29,0,24,24,44,45,17.593,118,2,36.13892,-120.368385,154.119003,8,600,58,3,"e00fce6876826e255108c6bd",2026-08-07 12:20:03.221,2026-08-07 12:20:03.383,2026-08-07 12:20:03.383,2026-08-07
"749","w5LLQZ7oK4","MOOSPMv3Parser",1786105201,5,5,5,8,8,5,5,8,8,5,1028,292,40682,54,38,3,38,38,23,34,38,1,25,26,44,44,20.767,200,3277,2.9e-05,-0.004221,27428.671875,8,600,58,3,"e00fce68e28dcbc9a589be10",2026-08-07 12:20:03.462,2026-08-07 12:20:03.609,2026-08-07 12:20:03.609,2026-08-07
"750","7xG6eLApIw","MOOSPMv3Parser",1786105200,13,13,8,18,18,8,8,19,19,8,2379,665,42991,115,61,7,61,61,20,61,61,0,21,22,62,58,4.732,232,1,35.94949,-119.049995,103.674004,7,600,58,3,"e00fce6808784ceaf209f949",2026-08-07 12:20:03.468,2026-08-07 12:20:03.645,2026-08-07 12:20:03.645,2026-08-07
"751","tCbphGGUHg","MOOSPMv3Parser",1786105201,0,0,2,1,1,2,3,1,1,3,275,175,18656,28,18,2,18,18,23,39,18,0,24,26,45,41,22.419,173,1,36.139015,-120.368385,175.134995,6,599,58,3,"e00fce686dc2ef0a68fa40b0",2026-08-07 12:20:03.621,2026-08-07 12:20:03.805,2026-08-07 12:20:03.805,2026-08-07
"752","jkbetoo9lw","MOOSPMv3Parser",1786105200,11,11,8,15,15,8,8,15,15,8,2144,579,73957,82,60,4,61,61,21,67,61,0,22,23,64,61,7.099,124,1,36.523308,-119.278709,87.831001,8,600,58,3,"e00fce68f12da1a0c5de6248",2026-08-07 12:20:03.724,2026-08-07 12:20:03.906,2026-08-07 12:20:03.906,2026-08-07
"753","OM2e3V34Dv","MOOSPMv3Parser",1786105201,4,4,4,6,6,4,4,7,7,4,983,246,28612,43,33,3,33,33,22,36,33,0,27,24,37,46,25.123,178,1,36.13905,-120.368423,162.013,6,600,58,3,"e00fce6850cac69f647dc199",2026-08-07 12:20:04.368,2026-08-07 12:20:04.582,2026-08-07 12:20:04.582,2026-08-07
"754","0aO2S1hnPr","MOOSPMv3Parser",1786105201,4,4,3,6,6,3,3,7,7,3,1594,279,26187,43,24,3,24,24,23,34,24,0,24,25,44,44,17.378,194,1,36.138931,-120.368401,171.932999,9,600,58,3,"e00fce68e77e43df92405fdb",2026-08-07 12:20:08.049,2026-08-07 12:20:08.282,2026-08-07 12:20:08.282,2026-08-07
"755","1oVBiIf8Yq","MOOSPMv3Parser",1786105801,0,0,4,2,2,4,4,2,2,4,301,209,25360,37,32,4,32,32,22,40,32,0,23,25,47,45,15.148,224,1,36.138954,-120.368385,159.231003,0,600,58,3,"e00fce68d6b773b56ce8baa0",2026-08-07 12:30:03.137,2026-08-07 12:30:03.317,2026-08-07 12:30:03.317,2026-08-07
"756","F0qJog4mAj","MOOSPMv3Parser",1786105800,10,10,7,14,14,8,8,15,15,8,2045,559,74008,78,58,4,58,58,21,66,58,0,22,23,64,61,8.608,115,1,36.523304,-119.278793,63.952999,9,600,58,3,"e00fce68f12da1a0c5de6248",2026-08-07 12:30:03.149,2026-08-07 12:30:03.328,2026-08-07 12:30:03.328,2026-08-07
"757","MyQ8n0rwGB","MOOSPMv3Parser",1786105800,7,7,0,12,12,0,0,14,14,0,1530,408,0,86,0,8,0,0,21,46,0,2,22,23,52,53,13.614,264,2,36.187435,-119.821907,20.101,0,600,58,3,"e00fce68e739ecbcf9e91965",2026-08-07 12:30:03.202,2026-08-07 12:30:03.375,2026-08-07 12:30:03.375,2026-08-07
"758","FUGDtQsEo0","MOOSPMv3Parser",1786105800,3,3,4,6,6,4,4,7,7,4,765,234,31911,43,30,4,30,30,0,0,30,0,23,24,46,47,16.606,356,1,36.138992,-120.368401,176.815994,8,600,58,3,"e00fce6876826e255108c6bd",2026-08-07 12:30:03.213,2026-08-07 12:30:03.411,2026-08-07 12:30:03.411,2026-08-07
"759","AgmimCJbGu","MOOSPMv3Parser",1786105801,4,4,4,6,6,4,4,6,6,5,1209,243,65536,41,33,3,34,34,21,36,34,0,23,23,39,41,19.059,135,1,36.762711,-119.798729,58.952999,11,599,58,3,"e00fce68e88237db75a60608",2026-08-07 12:30:03.309,2026-08-07 12:30:03.501,2026-08-07 12:30:03.501,2026-08-07
"760","3e4rSWKYsm","MOOSPMv3Parser",1786105801,5,5,5,8,8,5,5,9,9,5,1033,298,40714,59,37,4,37,37,23,35,37,1,24,25,46,45,19.069,240,3277,2.9e-05,-0.004221,27428.671875,8,600,58,3,"e00fce68e28dcbc9a589be10",2026-08-07 12:30:03.486,2026-08-07 12:30:03.626,2026-08-07 12:30:03.626,2026-08-07
"761","yLf3fXIRgj","MOOSPMv3Parser",1786105800,11,11,7,17,17,8,8,18,18,8,2216,615,43041,104,58,7,58,58,20,60,58,0,21,22,60,57,7.091,211,1,35.949551,-119.049873,106.337997,7,600,58,3,"e00fce6808784ceaf209f949",2026-08-07 12:30:03.404,2026-08-07 12:30:03.636,2026-08-07 12:30:03.636,2026-08-07
"762","lqqLVMGTdl","MOOSPMv3Parser",1786105801,4,4,3,6,6,3,3,7,7,3,1548,278,26209,43,26,2,26,26,23,35,26,0,23,25,46,46,16.992,193,1,36.139,-120.368431,170.688995,9,600,58,3,"e00fce68e77e43df92405fdb",2026-08-07 12:30:03.641,2026-08-07 12:30:03.799,2026-08-07 12:30:03.799,2026-08-07
"763","pO0yZ1aCCQ","MOOSPMv3Parser",1786105801,0,0,2,1,1,2,2,1,1,2,272,181,18671,28,18,2,18,18,23,40,18,0,23,25,46,42,21.147,184,1,36.139004,-120.368423,161.828995,6,599,58,3,"e00fce686dc2ef0a68fa40b0",2026-08-07 12:30:03.888,2026-08-07 12:30:04.079,2026-08-07 12:30:04.079,2026-08-07
"764","OupN1FDuMK","MOOSPMv3Parser",1786105801,4,4,4,6,6,4,4,6,6,4,960,243,28641,43,33,2,33,33,22,37,33,0,27,24,39,47,23.6,197,2,36.138947,-120.368393,158.154999,9,600,58,3,"e00fce6850cac69f647dc199",2026-08-07 12:30:04.445,2026-08-07 12:30:04.597,2026-08-07 12:30:04.597,2026-08-07
"765","pw9k3jtgBf","MOOSPMv3Parser",1786106401,0,0,2,1,1,2,3,1,1,3,279,183,18686,30,19,2,19,19,23,41,19,0,23,25,48,44,17.619,211,1,36.138992,-120.368385,186.125,6,599,58,3,"e00fce686dc2ef0a68fa40b0",2026-08-07 12:40:02.76,2026-08-07 12:40:02.99,2026-08-07 12:40:02.99,2026-08-07
"766","imie36j3jv","MOOSPMv3Parser",1786106400,3,3,4,6,6,4,4,7,7,4,779,239,31938,43,31,4,31,31,0,0,31,0,23,24,49,48,14.36,481,1,36.138992,-120.368401,176.817001,0,600,58,3,"e00fce6876826e255108c6bd",2026-08-07 12:40:02.986,2026-08-07 12:40:03.23,2026-08-07 12:40:03.23,2026-08-07
"767","2Vpus2OEGU","MOOSPMv3Parser",1786106400,10,10,7,13,13,7,7,14,14,7,1923,530,74056,71,55,4,56,56,21,66,56,0,22,23,64,60,8.455,108,1,36.523384,-119.278786,65.612999,8,600,58,3,"e00fce68f12da1a0c5de6248",2026-08-07 12:40:03.154,2026-08-07 12:40:03.324,2026-08-07 12:40:03.324,2026-08-07
"768","qTzhy7PLWT","MOOSPMv3Parser",1786106401,4,4,4,6,6,5,5,7,7,5,1019,246,65566,43,34,3,34,34,21,37,34,0,23,23,40,43,17.44,190,1,36.76276,-119.798759,51.944,12,599,58,3,"e00fce68e88237db75a60608",2026-08-07 12:40:03.081,2026-08-07 12:40:03.36,2026-08-07 12:40:03.36,2026-08-07
"769","ChQBvYVc1G","MOOSPMv3Parser",1786106401,0,0,4,2,2,4,4,3,3,4,308,220,25387,40,33,4,33,33,22,41,33,0,23,24,49,46,12.042,239,1,36.13895,-120.36834,167.582001,11,600,58,3,"e00fce68d6b773b56ce8baa0",2026-08-07 12:40:03.143,2026-08-07 12:40:03.396,2026-08-07 12:40:03.396,2026-08-07
"770","JoaLCKnErw","MOOSPMv3Parser",1786106400,11,11,7,16,16,7,7,17,17,7,2116,583,43088,104,54,7,55,55,20,59,55,0,21,22,59,57,9.123,191,1,35.949547,-119.04995,101.153999,7,600,58,3,"e00fce6808784ceaf209f949",2026-08-07 12:40:03.404,2026-08-07 12:40:03.561,2026-08-07 12:40:03.561,2026-08-07
"771","Ns1Xo50k7G","MOOSPMv3Parser",1786106400,7,7,0,12,12,0,0,14,14,0,1664,422,0,88,0,8,0,0,21,46,0,2,23,23,50,53,12.716,275,2,36.187481,-119.822014,23.084,14,600,58,3,"e00fce68e739ecbcf9e91965",2026-08-07 12:40:03.371,2026-08-07 12:40:03.573,2026-08-07 12:40:03.573,2026-08-07
"772","ElSHaf7pvt","MOOSPMv3Parser",1786106401,5,5,5,8,8,5,6,9,9,6,1054,302,40748,54,40,4,40,40,23,36,40,1,24,25,46,45,17.982,250,3277,2.9e-05,-0.004221,27428.671875,8,600,58,3,"e00fce68e28dcbc9a589be10",2026-08-07 12:40:03.46,2026-08-07 12:40:03.596,2026-08-07 12:40:03.596,2026-08-07
"773","BJWOwNRnoo","MOOSPMv3Parser",1786106401,4,4,3,6,6,4,4,7,7,4,1518,276,26232,42,26,2,27,27,22,38,27,0,23,25,48,47,12.447,218,1,36.138939,-120.368439,172.455994,7,600,58,3,"e00fce68e77e43df92405fdb",2026-08-07 12:40:03.492,2026-08-07 12:40:03.629,2026-08-07 12:40:03.629,2026-08-07
"774","Vs1eKUsBBS","MOOSPMv3Parser",1786106401,4,4,5,7,7,5,5,7,7,5,1012,252,28672,44,36,3,36,36,22,40,36,0,26,24,40,48,19.438,227,1,36.139027,-120.368355,177.740997,10,600,58,3,"e00fce6850cac69f647dc199",2026-08-07 12:40:04.837,2026-08-07 12:40:04.996,2026-08-07 12:40:04.996,2026-08-07
"775","1EljbZ8kJC","MOOSPMv3Parser",1786107001,0,0,3,2,2,3,3,2,2,3,303,203,18704,36,21,3,21,21,23,41,21,0,23,25,47,43,14.467,224,1,36.138992,-120.368423,172.218994,5,599,58,3,"e00fce686dc2ef0a68fa40b0",2026-08-07 12:50:02.773,2026-08-07 12:50:02.95,2026-08-07 12:50:02.95,2026-08-07
"776","8thBFkLwsS","MOOSPMv3Parser",1786107001,4,4,4,6,6,4,4,7,7,4,977,240,65594,44,32,4,32,32,21,39,32,0,23,23,43,44,4.973,252,1,36.762745,-119.798737,57.789001,14,599,58,3,"e00fce68e88237db75a60608",2026-08-07 12:50:03.081,2026-08-07 12:50:03.246,2026-08-07 12:50:03.246,2026-08-07
"777","PEqmk1igyl","MOOSPMv3Parser",1786107001,0,0,5,3,3,5,5,3,3,5,328,236,25420,44,39,5,39,39,22,41,39,0,23,24,48,46,10.098,245,1,36.138939,-120.368393,164.488998,11,600,58,3,"e00fce68d6b773b56ce8baa0",2026-08-07 12:50:03.22,2026-08-07 12:50:03.396,2026-08-07 12:50:03.396,2026-08-07
"778","iS91jrQTcN","MOOSPMv3Parser",1786107000,7,7,0,11,11,0,0,13,13,0,1554,403,0,83,0,6,0,0,21,47,0,2,23,23,51,53,13.509,253,1,36.187508,-119.822037,21.813,9,600,58,3,"e00fce68e739ecbcf9e91965",2026-08-07 12:50:03.356,2026-08-07 12:50:03.53,2026-08-07 12:50:03.53,2026-08-07
"779","VTGYUyxRGI","MOOSPMv3Parser",1786107000,4,4,5,7,7,5,5,8,8,5,889,275,31969,52,36,5,36,36,0,0,36,0,23,24,47,48,12.719,500,1,36.139023,-120.368378,164.365997,8,600,58,3,"e00fce6876826e255108c6bd",2026-08-07 12:50:03.331,2026-08-07 12:50:03.536,2026-08-07 12:50:03.536,2026-08-07
"780","qnd1JJdkb7","MOOSPMv3Parser",1786107000,10,10,7,15,15,7,7,16,16,7,2017,556,43136,95,56,7,56,56,20,58,56,0,22,22,58,57,9.997,184,1,35.949532,-119.049881,121.027,8,600,58,3,"e00fce6808784ceaf209f949",2026-08-07 12:50:03.405,2026-08-07 12:50:03.637,2026-08-07 12:50:03.637,2026-08-07
"781","ydWooKSdDP","MOOSPMv3Parser",1786107001,6,6,5,8,8,6,6,9,9,6,1076,310,40784,59,42,4,42,42,23,38,42,1,24,25,49,47,15.313,269,3277,2.9e-05,-0.004221,27428.671875,8,600,58,3,"e00fce68e28dcbc9a589be10",2026-08-07 12:50:03.45,2026-08-07 12:50:03.653,2026-08-07 12:50:03.653,2026-08-07
"782","CMcJc1tipa","MOOSPMv3Parser",1786107001,5,5,4,7,7,4,4,8,8,4,1658,312,26258,50,30,3,30,30,22,37,30,0,23,24,47,47,9.157,238,1,36.138996,-120.368309,184.501007,7,600,58,3,"e00fce68e77e43df92405fdb",2026-08-07 12:50:03.917,2026-08-07 12:50:04.11,2026-08-07 12:50:04.11,2026-08-07
"783","aZOuLyz93P","MOOSPMv3Parser",1786107001,5,5,6,8,8,6,6,9,9,6,1118,286,28710,56,43,4,44,44,21,39,44,0,26,23,40,48,16.753,247,1,36.139027,-120.368355,177.740005,0,600,58,3,"e00fce6850cac69f647dc199",2026-08-07 12:50:04,2026-08-07 12:50:04.257,2026-08-07 12:50:04.257,2026-08-07
"784","2MW6EUTl1v","MOOSPMv3Parser",1786107000,10,10,7,13,13,8,8,14,14,8,1910,525,74106,75,57,3,57,57,20,68,57,0,21,23,69,63,5.757,133,1,36.52338,-119.278831,74.495003,8,600,58,3,"e00fce68f12da1a0c5de6248",2026-08-07 12:50:04.539,2026-08-07 12:50:04.724,2026-08-07 12:50:04.724,2026-08-07
"785","ErrMx4xkkV","MOOSPMv3Parser",1786107600,3,3,4,6,6,4,4,7,7,4,756,232,31996,43,30,4,30,30,0,0,30,0,23,24,46,47,12.046,500,1,36.139004,-120.36834,182.623993,7,600,58,3,"e00fce6876826e255108c6bd",2026-08-07 13:00:03.312,2026-08-07 13:00:03.789,2026-08-07 13:00:03.789,2026-08-07
"786","zJrapA8NV7","MOOSPMv3Parser",1786107601,0,0,2,1,1,2,2,1,1,3,275,182,18719,28,18,3,19,19,22,40,19,0,23,25,46,42,14.411,255,1,36.139015,-120.36834,170.602997,5,599,58,3,"e00fce686dc2ef0a68fa40b0",2026-08-07 13:00:03.558,2026-08-07 13:00:03.913,2026-08-07 13:00:03.913,2026-08-07
"787","z2xGXiOrsK","MOOSPMv3Parser",1786107600,10,10,7,15,15,7,7,16,16,7,1966,542,43183,97,53,7,53,53,20,58,53,0,21,22,58,57,10.726,180,1,35.949547,-119.050026,116.397003,9,600,58,3,"e00fce6808784ceaf209f949",2026-08-07 13:00:03.502,2026-08-07 13:00:03.963,2026-08-07 13:00:03.963,2026-08-07
"788","mq1B51J62X","MOOSPMv3Parser",1786107601,0,0,4,2,2,4,4,3,3,4,313,222,25447,40,32,5,32,32,22,40,32,0,23,24,46,45,9.322,258,1,36.139034,-120.368393,161.613007,7,600,58,3,"e00fce68d6b773b56ce8baa0",2026-08-07 13:00:03.288,2026-08-07 13:00:04.108,2026-08-07 13:00:04.108,2026-08-07
"789","BFbs4zOCrx","MOOSPMv3Parser",1786107600,7,7,0,12,12,0,0,13,13,0,1525,405,0,85,0,7,0,0,21,47,0,2,23,23,51,54,16.667,212,2,36.187538,-119.821877,48.983002,8,600,58,3,"e00fce68e739ecbcf9e91965",2026-08-07 13:00:03.28,2026-08-07 13:00:04.223,2026-08-07 13:00:04.223,2026-08-07
"790","94NocJsCv5","MOOSPMv3Parser",1786107601,4,4,3,7,7,4,4,7,7,4,1510,282,26282,45,27,2,27,27,22,36,27,0,23,24,45,45,7.612,270,1,36.138988,-120.368454,185.880997,10,600,58,3,"e00fce68e77e43df92405fdb",2026-08-07 13:00:03.641,2026-08-07 13:00:04.251,2026-08-07 13:00:04.251,2026-08-07
"791","xW5FkedMtF","MOOSPMv3Parser",1786107601,4,4,4,6,6,5,5,7,7,5,1031,249,65515,43,35,3,35,35,21,41,35,0,23,23,43,45,14.968,200,1,36.762745,-119.798737,57.792,0,600,58,3,"e00fce68e88237db75a60608",2026-08-07 13:00:03.271,2026-08-07 13:00:04.375,2026-08-07 13:00:04.375,2026-08-07
"792","LzUsi7kBBb","MOOSPMv3Parser",1786107601,5,5,5,8,8,5,5,8,8,5,1066,305,40816,57,38,3,38,38,23,38,38,1,24,25,49,47,19.15,196,3277,2.9e-05,-0.004221,27428.671875,8,600,58,3,"e00fce68e28dcbc9a589be10",2026-08-07 13:00:03.504,2026-08-07 13:00:04.442,2026-08-07 13:00:04.442,2026-08-07
"793","kqoQbFnxAE","MOOSPMv3Parser",1786107600,10,10,7,14,14,8,8,15,15,8,2019,552,74157,75,59,4,59,59,20,67,59,0,21,23,66,61,7.836,122,1,36.523388,-119.278839,85.009003,6,600,58,3,"e00fce68f12da1a0c5de6248",2026-08-07 13:00:07.042,2026-08-07 13:00:07.2,2026-08-07 13:00:07.2,2026-08-07
"794","mjgsp2qbHD","MOOSPMv3Parser",1786107601,4,4,4,6,6,5,5,7,7,5,986,246,28740,42,35,3,35,35,21,38,35,0,26,23,39,47,16.065,260,1,36.138988,-120.368385,176.160995,10,600,58,3,"e00fce6850cac69f647dc199",2026-08-07 13:00:09.457,2026-08-07 13:00:09.618,2026-08-07 13:00:09.618,2026-08-07
"795","ua9pwF2XCL","MOOSPMv3Parser",1786108201,5,5,5,7,7,5,5,8,8,5,1128,263,65656,50,36,4,36,36,21,41,36,0,23,22,42,45,15.584,188,1,36.762711,-119.798782,55.424,18,599,58,3,"e00fce68e88237db75a60608",2026-08-07 13:10:03.175,2026-08-07 13:10:03.367,2026-08-07 13:10:03.367,2026-08-07
"796","ugwqCU74Yc","MOOSPMv3Parser",1786108200,7,7,0,11,11,0,0,13,13,0,1490,390,0,81,0,8,0,0,21,47,0,2,23,23,51,54,16.701,211,2,36.187534,-119.821976,28.754999,8,600,58,3,"e00fce68e739ecbcf9e91965",2026-08-07 13:10:03.189,2026-08-07 13:10:03.403,2026-08-07 13:10:03.403,2026-08-07
"797","Ee0n58YENB","MOOSPMv3Parser",1786108201,0,0,4,2,2,4,4,3,3,4,305,215,25474,40,32,4,32,32,22,39,32,0,23,24,45,43,10.87,247,1,36.138977,-120.368347,167.261993,9,600,58,3,"e00fce68d6b773b56ce8baa0",2026-08-07 13:10:03.135,2026-08-07 13:10:03.447,2026-08-07 13:10:03.447,2026-08-07
"798","s5bE81wGuf","MOOSPMv3Parser",1786108200,3,3,4,6,6,4,4,7,7,4,765,236,32021,41,30,4,30,30,0,0,30,0,23,23,44,45,13.523,499,1,36.139023,-120.368294,197.996002,6,600,58,3,"e00fce6876826e255108c6bd",2026-08-07 13:10:03.243,2026-08-07 13:10:03.484,2026-08-07 13:10:03.484,2026-08-07
"799","1lTaD91vXO","MOOSPMv3Parser",1786108201,5,5,5,8,8,5,5,8,8,5,1046,297,40850,57,39,3,39,39,23,39,39,1,23,25,50,48,20.788,178,3277,2.9e-05,-0.004221,27428.671875,8,600,58,3,"e00fce68e28dcbc9a589be10",2026-08-07 13:10:03.449,2026-08-07 13:10:03.581,2026-08-07 13:10:03.581,2026-08-07
"800","iqf4oyYHmz","MOOSPMv3Parser",1786108200,10,10,7,15,15,7,7,16,16,7,2013,552,43229,97,53,5,54,54,20,59,54,0,21,22,59,57,11.068,170,1,35.9496,-119.050026,103.899002,6,600,58,3,"e00fce6808784ceaf209f949",2026-08-07 13:10:03.527,2026-08-07 13:10:03.783,2026-08-07 13:10:03.783,2026-08-07
"801","G1cZskJlKO","MOOSPMv3Parser",1786108200,11,11,8,15,15,8,8,16,16,8,2138,586,74212,79,62,5,62,62,20,67,62,0,22,23,64,61,8.65,104,1,36.523277,-119.278893,70.417,5,600,58,3,"e00fce68f12da1a0c5de6248",2026-08-07 13:10:03.807,2026-08-07 13:10:03.992,2026-08-07 13:10:03.992,2026-08-07
"802","CEm6TIBMqc","MOOSPMv3Parser",1786108201,4,4,3,6,6,3,3,7,7,3,1520,272,26303,43,24,3,24,24,22,34,24,0,23,24,44,44,10.62,250,1,36.138988,-120.368454,185.884003,0,600,58,3,"e00fce68e77e43df92405fdb",2026-08-07 13:10:03.862,2026-08-07 13:10:04.025,2026-08-07 13:10:04.025,2026-08-07
"803","TJuX4HUFEy","MOOSPMv3Parser",1786108201,0,0,2,1,1,2,2,1,1,2,272,178,18734,29,18,2,18,18,22,39,18,0,23,25,45,41,16.151,231,1,36.138969,-120.368408,177.309998,5,599,58,3,"e00fce686dc2ef0a68fa40b0",2026-08-07 13:10:03.878,2026-08-07 13:10:04.057,2026-08-07 13:10:04.057,2026-08-07
"804","CwIixZvb7q","MOOSPMv3Parser",1786108201,4,4,4,6,6,4,4,6,6,4,961,239,28769,42,33,2,33,33,21,36,33,0,26,23,38,45,18.988,242,1,36.138981,-120.368439,183.770004,14,600,58,3,"e00fce6850cac69f647dc199",2026-08-07 13:10:03.846,2026-08-07 13:10:04.069,2026-08-07 13:10:04.069,2026-08-07
"805","Bzg8KJfUjw","MOOSPMv3Parser",1786108801,0,0,2,1,1,2,2,1,1,2,270,174,18749,29,18,2,18,18,22,40,18,0,22,24,46,42,17.366,208,1,36.138943,-120.368431,185.026001,5,599,58,3,"e00fce686dc2ef0a68fa40b0",2026-08-07 13:20:02.759,2026-08-07 13:20:03.004,2026-08-07 13:20:03.004,2026-08-07
"806","g8NXGhCcnD","MOOSPMv3Parser",1786108800,7,7,0,11,11,0,0,12,12,0,1414,379,0,80,0,6,0,0,21,47,0,2,22,23,52,53,15.252,233,2,36.187557,-119.822037,32.618,8,600,58,3,"e00fce68e739ecbcf9e91965",2026-08-07 13:20:03.133,2026-08-07 13:20:03.308,2026-08-07 13:20:03.308,2026-08-07
"807","wvyAEq8SQy","MOOSPMv3Parser",1786108800,3,3,4,6,6,4,4,7,7,4,771,237,32047,44,29,4,29,29,0,0,29,0,22,23,45,46,14.375,496,1,36.138969,-120.368263,188.251007,7,600,58,3,"e00fce6876826e255108c6bd",2026-08-07 13:20:03.144,2026-08-07 13:20:03.319,2026-08-07 13:20:03.319,2026-08-07
"808","r9G7bmJzW6","MOOSPMv3Parser",1786108801,5,5,5,7,7,5,5,7,7,5,1151,270,65688,50,36,3,37,37,21,41,37,0,23,22,42,45,15.515,191,1,36.762741,-119.798775,62.405998,10,599,58,3,"e00fce68e88237db75a60608",2026-08-07 13:20:03.258,2026-08-07 13:20:03.481,2026-08-07 13:20:03.481,2026-08-07
"809","xAcD3duYV8","MOOSPMv3Parser",1786108801,0,0,4,2,2,4,4,3,3,4,298,210,25500,38,31,4,32,32,22,40,32,0,22,23,46,44,11.797,233,1,36.138973,-120.368431,165.725006,8,600,58,3,"e00fce68d6b773b56ce8baa0",2026-08-07 13:20:03.448,2026-08-07 13:20:03.635,2026-08-07 13:20:03.635,2026-08-07
"810","h2D6d3Ailn","MOOSPMv3Parser",1786108801,5,5,5,8,8,5,5,9,9,5,1060,305,40883,64,38,4,39,39,23,39,39,1,23,25,50,48,19.45,209,3277,2.9e-05,-0.004221,27428.671875,8,600,58,3,"e00fce68e28dcbc9a589be10",2026-08-07 13:20:03.461,2026-08-07 13:20:03.656,2026-08-07 13:20:03.656,2026-08-07
"811","qGTltBfqFa","MOOSPMv3Parser",1786108801,4,4,3,6,6,3,3,6,6,3,1469,260,26323,41,24,2,24,24,22,35,24,0,23,24,45,45,11.801,232,1,36.139015,-120.368355,173.179993,11,600,58,3,"e00fce68e77e43df92405fdb",2026-08-07 13:20:03.751,2026-08-07 13:20:03.928,2026-08-07 13:20:03.928,2026-08-07
"812","pvLrxhH6f4","MOOSPMv3Parser",1786108801,4,4,4,6,6,5,5,7,7,5,964,243,28798,44,34,3,34,34,21,36,34,0,25,23,38,46,20.711,222,1,36.13895,-120.368385,172.158005,9,600,58,3,"e00fce6850cac69f647dc199",2026-08-07 13:20:03.893,2026-08-07 13:20:04.083,2026-08-07 13:20:04.083,2026-08-07
"813","VDreIpa6Un","MOOSPMv3Parser",1786108800,10,10,7,16,16,8,8,17,17,8,2056,567,43279,102,57,7,57,57,20,60,57,0,21,22,59,57,10.745,175,1,35.949604,-119.050072,102.750999,6,600,58,3,"e00fce6808784ceaf209f949",2026-08-07 13:20:03.847,2026-08-07 13:20:04.424,2026-08-07 13:20:04.424,2026-08-07
"814","q2TGXESKyx","MOOSPMv3Parser",1786108800,11,11,8,15,15,8,8,15,15,8,2071,572,74264,78,60,4,60,60,20,66,60,0,22,23,63,61,9.675,98,1,36.523277,-119.278893,70.418999,0,600,58,3,"e00fce68f12da1a0c5de6248",2026-08-07 13:20:04.642,2026-08-07 13:20:04.812,2026-08-07 13:20:04.812,2026-08-07
"815","SAFxiELBJ8","MOOSPMv3Parser",1786109401,0,0,2,1,1,2,2,1,1,2,279,186,18733,30,18,2,18,18,22,40,18,0,22,24,46,42,18.731,198,1,36.139645,-120.369217,54.679001,3,600,58,3,"e00fce686dc2ef0a68fa40b0",2026-08-07 13:30:03.164,2026-08-07 13:30:03.333,2026-08-07 13:30:03.333,2026-08-07
"816","p2jwaHL1lZ","MOOSPMv3Parser",1786109400,7,7,0,11,11,0,0,12,12,0,1490,390,0,75,0,6,0,0,21,48,0,2,22,23,54,54,12.825,259,2,36.187481,-119.822182,15.976,7,600,58,3,"e00fce68e739ecbcf9e91965",2026-08-07 13:30:03.203,2026-08-07 13:30:03.347,2026-08-07 13:30:03.347,2026-08-07
"817","smcGcLmDjL","MOOSPMv3Parser",1786109401,0,0,4,2,2,4,4,2,2,4,300,211,25527,37,32,4,32,32,22,40,32,0,22,23,46,45,13.112,227,1,36.139027,-120.368385,185.802002,11,600,58,3,"e00fce68d6b773b56ce8baa0",2026-08-07 13:30:03.206,2026-08-07 13:30:03.424,2026-08-07 13:30:03.424,2026-08-07
"818","ImEOXhP1O9","MOOSPMv3Parser",1786109401,4,4,5,7,7,5,5,7,7,5,1115,264,65720,47,37,3,37,37,21,41,37,0,23,22,43,46,15.427,209,1,36.76268,-119.798698,64.140999,6,599,58,3,"e00fce68e88237db75a60608",2026-08-07 13:30:03.278,2026-08-07 13:30:03.447,2026-08-07 13:30:03.447,2026-08-07
"819","Q8WLxBkGGh","MOOSPMv3Parser",1786109400,11,11,9,17,17,10,10,19,19,11,2154,596,43337,113,68,9,69,69,20,59,70,0,21,22,59,57,10.358,187,1,35.949512,-119.04998,113.386002,9,600,58,3,"e00fce6808784ceaf209f949",2026-08-07 13:30:03.476,2026-08-07 13:30:03.644,2026-08-07 13:30:03.644,2026-08-07
"820","aKb3Bd5oL9","MOOSPMv3Parser",1786109401,5,5,5,8,8,5,6,9,9,6,1062,301,40918,60,40,4,41,41,22,40,41,1,23,25,51,49,17.364,247,3277,2.9e-05,-0.004221,27428.671875,8,600,58,3,"e00fce68e28dcbc9a589be10",2026-08-07 13:30:03.589,2026-08-07 13:30:03.784,2026-08-07 13:30:03.784,2026-08-07
"821","LnmyMsrHZt","MOOSPMv3Parser",1786109401,4,4,3,7,7,3,3,7,7,3,1506,273,26345,43,24,4,25,25,22,36,25,0,23,24,46,45,12.877,224,1,36.138969,-120.368279,165.893997,8,600,58,3,"e00fce68e77e43df92405fdb",2026-08-07 13:30:03.729,2026-08-07 13:30:03.903,2026-08-07 13:30:03.903,2026-08-07
"822","JDpElWhxAz","MOOSPMv3Parser",1786109401,4,4,4,7,7,4,4,7,7,4,1013,255,28827,46,33,3,33,33,21,37,33,0,25,23,39,46,21.528,219,1,36.138855,-120.36824,192.125,9,600,58,3,"e00fce6850cac69f647dc199",2026-08-07 13:30:03.794,2026-08-07 13:30:03.972,2026-08-07 13:30:03.972,2026-08-07
"823","RayDXWraR1","MOOSPMv3Parser",1786109400,11,11,8,15,15,8,8,16,16,8,2151,592,74316,88,60,5,60,60,20,67,60,0,22,23,65,61,9.362,96,1,36.523315,-119.278885,89.457001,7,600,58,3,"e00fce68f12da1a0c5de6248",2026-08-07 13:30:04.233,2026-08-07 13:30:04.395,2026-08-07 13:30:04.395,2026-08-07
"824","DC2UWenZGj","MOOSPMv3Parser",1786109400,3,3,4,5,5,4,4,6,6,4,745,230,32073,42,30,3,30,30,0,0,30,0,22,23,46,46,14.953,493,1,36.139023,-120.368401,166.863007,9,600,58,3,"e00fce6876826e255108c6bd",2026-08-07 13:30:18.461,2026-08-07 13:30:18.605,2026-08-07 13:30:18.605,2026-08-07
"825","SkOEmUiExz","MOOSPMv3Parser",1786110000,7,7,0,12,12,0,0,13,13,0,1570,408,0,81,0,6,0,0,21,53,0,2,21,22,61,58,4.902,319,1,36.1875,-119.822029,32.390999,3,600,58,3,"e00fce68e739ecbcf9e91965",2026-08-07 13:40:03.134,2026-08-07 13:40:03.324,2026-08-07 13:40:03.324,2026-08-07
"826","xN1CIgIwQM","MOOSPMv3Parser",1786110001,0,0,3,1,1,3,3,1,1,3,284,187,18780,32,20,3,20,20,22,40,20,0,23,24,46,43,20.038,185,1,36.13905,-120.368477,164.679001,9,599,58,3,"e00fce686dc2ef0a68fa40b0",2026-08-07 13:40:03.413,2026-08-07 13:40:03.56,2026-08-07 13:40:03.56,2026-08-07
"827","tfquojq6bv","MOOSPMv3Parser",1786110001,5,5,5,7,7,5,5,7,7,5,1134,275,65754,47,39,3,39,39,21,41,39,0,23,23,42,45,14.785,223,1,36.762714,-119.798775,62.919998,14,599,58,3,"e00fce68e88237db75a60608",2026-08-07 13:40:03.397,2026-08-07 13:40:03.582,2026-08-07 13:40:03.582,2026-08-07
"828","yR5eM3wOWa","MOOSPMv3Parser",1786110001,6,6,5,9,9,6,6,9,9,6,1115,318,40953,63,41,4,41,41,22,40,41,1,23,25,50,49,17.116,239,3277,2.9e-05,-0.004221,27428.671875,8,600,58,3,"e00fce68e28dcbc9a589be10",2026-08-07 13:40:03.487,2026-08-07 13:40:03.665,2026-08-07 13:40:03.665,2026-08-07
"829","aJgM2RenPl","MOOSPMv3Parser",1786110000,11,11,9,17,17,10,10,18,18,11,2113,587,43395,112,67,8,68,68,20,61,68,0,21,22,60,59,10.425,188,1,35.949497,-119.049904,112.213997,7,600,58,3,"e00fce6808784ceaf209f949",2026-08-07 13:40:03.502,2026-08-07 13:40:03.704,2026-08-07 13:40:03.704,2026-08-07
"830","kU5GlH9KOm","MOOSPMv3Parser",1786110001,4,4,3,6,6,4,4,7,7,4,1536,268,26368,41,27,3,27,27,22,36,27,0,23,24,46,46,14.506,211,1,36.139061,-120.368355,178.595993,7,600,58,3,"e00fce68e77e43df92405fdb",2026-08-07 13:40:03.565,2026-08-07 13:40:03.746,2026-08-07 13:40:03.746,2026-08-07
"831","agOYNQqmoM","MOOSPMv3Parser",1786110001,0,0,4,2,2,4,4,3,3,4,311,220,25554,40,33,5,33,33,22,40,33,0,23,23,46,45,14.126,218,1,36.139027,-120.368423,142.197006,9,600,58,3,"e00fce68d6b773b56ce8baa0",2026-08-07 13:40:03.617,2026-08-07 13:40:03.829,2026-08-07 13:40:03.829,2026-08-07
"832","6UpoKa2DsR","MOOSPMv3Parser",1786110000,14,14,10,19,19,10,10,20,20,10,2678,739,74383,106,77,6,77,77,20,68,77,0,21,22,67,62,5.428,131,1,36.523426,-119.278854,78.550003,7,600,58,3,"e00fce68f12da1a0c5de6248",2026-08-07 13:40:03.718,2026-08-07 13:40:03.906,2026-08-07 13:40:03.906,2026-08-07
"833","4MwwwVkJqw","MOOSPMv3Parser",1786110001,4,4,5,6,6,5,5,7,7,5,977,246,28858,44,36,2,36,36,21,38,36,0,25,23,39,47,22.941,203,1,36.138992,-120.368454,169.757996,10,600,58,3,"e00fce6850cac69f647dc199",2026-08-07 13:40:03.887,2026-08-07 13:40:04.053,2026-08-07 13:40:04.053,2026-08-07
"834","TOfMbz3sO9","MOOSPMv3Parser",1786110000,4,4,4,6,6,4,4,7,7,4,797,243,32100,42,31,4,31,31,0,0,31,0,23,23,45,47,15.245,463,1,36.138954,-120.368332,186.382004,7,600,58,3,"e00fce6876826e255108c6bd",2026-08-07 13:40:18.924,2026-08-07 13:40:19.1,2026-08-07 13:40:19.1,2026-08-07
"835","UFsyyUM2OF","MOOSPMv3Parser",1786110600,4,4,5,7,7,5,5,9,9,5,830,256,32131,49,36,8,36,36,0,0,36,0,23,23,44,47,15.768,414,1,36.13905,-120.368408,184.882996,11,600,58,3,"e00fce6876826e255108c6bd",2026-08-07 13:50:03.128,2026-08-07 13:50:03.317,2026-08-07 13:50:03.317,2026-08-07
"836","xMGAB7Satv","MOOSPMv3Parser",1786110601,0,0,5,3,3,5,6,4,4,6,319,226,25586,44,38,6,39,39,22,40,39,1,23,23,46,46,14.375,212,1,36.139,-120.368362,180.753006,9,600,58,3,"e00fce68d6b773b56ce8baa0",2026-08-07 13:50:03.191,2026-08-07 13:50:03.409,2026-08-07 13:50:03.409,2026-08-07
"837","P1FgfOyxB1","MOOSPMv3Parser",1786110600,15,15,11,21,21,12,12,22,22,12,2907,808,74459,115,87,7,87,87,20,68,87,0,21,22,67,62,4.553,146,1,36.523338,-119.278809,79.150002,6,600,58,3,"e00fce68f12da1a0c5de6248",2026-08-07 13:50:03.33,2026-08-07 13:50:03.516,2026-08-07 13:50:03.516,2026-08-07
"838","q56BdASOqZ","MOOSPMv3Parser",1786110601,5,5,5,8,8,5,5,9,9,5,1065,308,40987,57,39,4,39,39,23,40,39,1,24,25,49,48,18.52,245,3277,2.9e-05,-0.004221,27428.671875,8,600,58,3,"e00fce68e28dcbc9a589be10",2026-08-07 13:50:03.375,2026-08-07 13:50:03.622,2026-08-07 13:50:03.622,2026-08-07
"839","CceCmvXlJH","MOOSPMv3Parser",1786110601,5,5,5,7,7,5,5,7,7,5,1143,282,65788,48,39,3,39,39,21,40,39,0,23,23,41,45,15.101,227,1,36.762699,-119.798798,60.897999,14,599,58,3,"e00fce68e88237db75a60608",2026-08-07 13:50:03.42,2026-08-07 13:50:03.648,2026-08-07 13:50:03.648,2026-08-07
"840","1GRijFnUpQ","MOOSPMv3Parser",1786110600,7,7,0,12,12,0,0,12,12,0,1521,394,0,81,0,5,0,0,20,59,0,2,20,22,66,60,0.492,318,1,36.187492,-119.822067,29.764999,8,600,58,3,"e00fce68e739ecbcf9e91965",2026-08-07 13:50:03.556,2026-08-07 13:50:03.714,2026-08-07 13:50:03.714,2026-08-07
"841","pFcmBPemJ2","MOOSPMv3Parser",1786110601,4,4,4,7,7,4,5,7,7,5,1565,283,26393,43,29,3,30,30,22,36,30,1,23,24,44,46,15.515,203,1,36.138992,-120.368515,168.518005,7,600,58,3,"e00fce68e77e43df92405fdb",2026-08-07 13:50:03.587,2026-08-07 13:50:03.761,2026-08-07 13:50:03.761,2026-08-07
"842","URMQLvehiH","MOOSPMv3Parser",1786110600,10,10,7,16,16,8,8,17,17,9,2014,555,43444,105,58,7,58,59,20,60,59,0,22,22,58,58,11.38,175,1,35.949482,-119.04995,102.636002,7,600,58,3,"e00fce6808784ceaf209f949",2026-08-07 13:50:03.67,2026-08-07 13:50:03.815,2026-08-07 13:50:03.815,2026-08-07
"843","RnzAxpNhbd","MOOSPMv3Parser",1786110601,0,0,4,1,1,4,4,1,1,5,282,186,18804,33,28,3,29,29,22,40,29,1,23,24,45,43,20.707,177,1,36.138973,-120.368454,178.893005,6,599,58,3,"e00fce686dc2ef0a68fa40b0",2026-08-07 13:50:03.908,2026-08-07 13:50:04.065,2026-08-07 13:50:04.065,2026-08-07
"844","H3LPTE0b38","MOOSPMv3Parser",1786110601,5,5,5,7,7,6,7,8,8,7,1070,271,28894,49,42,3,42,43,21,38,43,1,26,23,39,47,23.321,194,1,36.13903,-120.368378,189.600998,8,600,58,3,"e00fce6850cac69f647dc199",2026-08-07 13:50:03.979,2026-08-07 13:50:04.125,2026-08-07 13:50:04.125,2026-08-07
"845","NXsuLUjVzc","MOOSPMv3Parser",1786111201,0,0,5,3,3,5,5,3,3,5,315,223,25616,40,35,4,36,36,22,41,36,1,24,24,45,46,13.131,231,1,36.139004,-120.368431,155.447998,10,600,58,3,"e00fce68d6b773b56ce8baa0",2026-08-07 14:00:03.061,2026-08-07 14:00:03.429,2026-08-07 14:00:03.429,2026-08-07
"846","hWA9ihTKJv","MOOSPMv3Parser",1786111201,0,0,3,1,1,3,3,1,1,4,288,189,18820,30,20,2,21,21,22,41,21,1,24,25,44,44,18.922,229,2,36.139027,-120.368507,174,9,599,58,3,"e00fce686dc2ef0a68fa40b0",2026-08-07 14:00:02.917,2026-08-07 14:00:03.569,2026-08-07 14:00:03.569,2026-08-07
"847","MQsbc2MMGR","MOOSPMv3Parser",1786111201,5,5,5,8,8,5,6,9,9,6,1062,305,41021,62,40,4,41,41,23,40,41,1,24,25,48,48,17.151,250,3277,2.9e-05,-0.004221,27428.671875,8,600,58,3,"e00fce68e28dcbc9a589be10",2026-08-07 14:00:03.402,2026-08-07 14:00:03.798,2026-08-07 14:00:03.798,2026-08-07
"848","n8ZBmCRFIC","MOOSPMv3Parser",1786111201,4,4,5,7,7,5,5,7,7,5,1105,274,65821,50,38,3,38,38,22,39,38,0,24,23,40,43,16.329,209,1,36.762711,-119.798759,61.813,12,599,58,3,"e00fce68e88237db75a60608",2026-08-07 14:00:03.4,2026-08-07 14:00:03.877,2026-08-07 14:00:03.877,2026-08-07
"849","FzDtozu6bJ","MOOSPMv3Parser",1786111200,7,7,0,12,12,0,0,13,13,0,1594,410,0,86,0,7,0,0,21,58,0,2,21,23,63,59,0,330,1,36.187531,-119.822144,23.205999,7,600,58,3,"e00fce68e739ecbcf9e91965",2026-08-07 14:00:03.281,2026-08-07 14:00:03.949,2026-08-07 14:00:03.949,2026-08-07
"850","PU420KbheX","MOOSPMv3Parser",1786111200,10,10,7,14,14,7,7,15,15,7,1887,526,43490,90,52,6,53,53,21,58,53,0,22,22,56,56,13.888,147,1,35.949482,-119.04995,102.637001,0,600,58,3,"e00fce6808784ceaf209f949",2026-08-07 14:00:03.731,2026-08-07 14:00:04.202,2026-08-07 14:00:04.202,2026-08-07
"851","GxicH89LOZ","MOOSPMv3Parser",1786111200,15,15,11,21,21,12,12,22,22,12,2987,823,74535,121,87,5,87,87,20,68,87,0,22,22,66,63,5.519,140,1,36.523357,-119.278809,78.073997,8,600,58,3,"e00fce68f12da1a0c5de6248",2026-08-07 14:00:03.107,2026-08-07 14:00:04.212,2026-08-07 14:00:04.212,2026-08-07
"852","lL0eCDHQqA","MOOSPMv3Parser",1786111201,5,5,3,7,7,4,4,8,8,4,1596,295,26415,45,26,3,27,27,22,37,27,0,24,24,44,47,13.528,233,2,36.138996,-120.368355,168.326996,11,600,58,3,"e00fce68e77e43df92405fdb",2026-08-07 14:00:03.73,2026-08-07 14:00:04.34,2026-08-07 14:00:04.34,2026-08-07
"853","DSUSregbHz","MOOSPMv3Parser",1786111201,4,4,5,7,7,5,5,7,7,5,991,255,28926,47,37,4,38,38,21,39,38,0,26,23,38,48,21.078,224,2,36.139038,-120.368423,174.727997,13,600,58,3,"e00fce6850cac69f647dc199",2026-08-07 14:00:04.331,2026-08-07 14:00:04.64,2026-08-07 14:00:04.64,2026-08-07
"854","e5pkhIs396","MOOSPMv3Parser",1786111200,4,4,4,6,6,5,5,7,7,5,809,248,32159,44,33,5,33,33,0,0,33,0,24,23,43,48,15.06,463,1,36.139175,-120.368324,199.175003,8,600,58,3,"e00fce6876826e255108c6bd",2026-08-07 14:00:07.297,2026-08-07 14:00:07.545,2026-08-07 14:00:07.545,2026-08-07
"855","khrKSHLs0n","MOOSPMv3Parser",1786111801,0,0,5,3,3,5,5,4,4,5,336,240,25648,42,39,5,39,39,22,43,39,0,25,24,48,50,12.638,229,1,36.139011,-120.368324,172.488007,8,600,58,3,"e00fce68d6b773b56ce8baa0",2026-08-07 14:10:03.143,2026-08-07 14:10:03.33,2026-08-07 14:10:03.33,2026-08-07
"856","sVfUJmthEX","MOOSPMv3Parser",1786111800,15,15,11,20,20,11,11,21,21,11,2816,775,74609,115,85,6,85,85,21,69,85,0,22,23,67,64,4.714,135,1,36.52335,-119.278801,90.777,8,600,58,3,"e00fce68f12da1a0c5de6248",2026-08-07 14:10:03.21,2026-08-07 14:10:03.373,2026-08-07 14:10:03.373,2026-08-07
"857","pd4398VYTL","MOOSPMv3Parser",1786111800,7,7,0,12,12,0,0,13,13,0,1536,399,0,83,0,6,0,0,21,56,0,2,22,23,60,58,3.441,285,1,36.188194,-119.82061,74.574997,6,600,58,3,"e00fce68e739ecbcf9e91965",2026-08-07 14:10:03.277,2026-08-07 14:10:03.421,2026-08-07 14:10:03.421,2026-08-07
"858","GEEbQ0Aguw","MOOSPMv3Parser",1786111801,4,4,5,7,7,5,5,7,7,5,1133,274,65853,48,37,4,37,37,22,37,37,0,24,24,39,41,18.419,170,1,36.762657,-119.79879,66.399002,10,599,58,3,"e00fce68e88237db75a60608",2026-08-07 14:10:03.23,2026-08-07 14:10:03.441,2026-08-07 14:10:03.441,2026-08-07
"859","jaZl7PEBgh","MOOSPMv3Parser",1786111801,0,0,3,1,1,3,3,2,2,3,304,205,18838,34,21,3,21,21,23,43,21,0,25,25,47,47,18.372,226,2,36.138962,-120.368446,166.727997,6,599,58,3,"e00fce686dc2ef0a68fa40b0",2026-08-07 14:10:03.342,2026-08-07 14:10:03.573,2026-08-07 14:10:03.573,2026-08-07
"860","M56frmGX4q","MOOSPMv3Parser",1786111800,4,4,5,7,7,5,5,8,8,5,849,262,32190,55,36,6,36,36,0,0,36,0,25,24,46,52,14.492,457,1,36.138885,-120.368393,181.645004,9,600,58,3,"e00fce6876826e255108c6bd",2026-08-07 14:10:03.339,2026-08-07 14:10:03.593,2026-08-07 14:10:03.593,2026-08-07
"861","XexEjnufbB","MOOSPMv3Parser",1786111800,9,9,6,14,14,7,7,15,15,7,1858,514,43534,92,50,5,51,51,21,56,51,0,23,23,54,55,14.347,143,2,35.949562,-119.049965,112.065002,13,600,58,3,"e00fce6808784ceaf209f949",2026-08-07 14:10:03.518,2026-08-07 14:10:03.701,2026-08-07 14:10:03.701,2026-08-07
"862","gWckxw6lmv","MOOSPMv3Parser",1786111801,5,5,5,8,8,6,6,9,9,6,1069,308,41057,61,42,4,42,42,23,40,42,1,25,25,47,49,15.675,224,3277,2.9e-05,-0.004221,27428.671875,8,600,58,3,"e00fce68e28dcbc9a589be10",2026-08-07 14:10:03.627,2026-08-07 14:10:03.862,2026-08-07 14:10:03.862,2026-08-07
"863","QoDMIN6yNf","MOOSPMv3Parser",1786111801,5,5,4,7,7,4,4,8,8,4,1655,303,26441,47,30,4,30,30,22,41,30,0,25,24,46,51,12.31,239,2,36.139011,-120.368378,189.007004,7,600,58,3,"e00fce68e77e43df92405fdb",2026-08-07 14:10:03.748,2026-08-07 14:10:03.946,2026-08-07 14:10:03.946,2026-08-07
"864","8Gl6AvhwnK","MOOSPMv3Parser",1786111801,5,5,5,8,8,5,6,8,8,6,1112,285,28961,54,41,3,41,41,22,42,41,0,27,23,40,52,20.051,227,2,36.139027,-120.368408,175.261993,11,600,58,3,"e00fce6850cac69f647dc199",2026-08-07 14:10:04.568,2026-08-07 14:10:04.734,2026-08-07 14:10:04.734,2026-08-07
"865","02HKNsG5MA","MOOSPMv3Parser",1786112401,0,0,5,3,3,5,5,3,3,5,331,240,25679,45,37,5,37,37,23,40,37,0,25,25,42,45,12.178,231,1,36.139011,-120.368324,172.485992,0,600,58,3,"e00fce68d6b773b56ce8baa0",2026-08-07 14:20:03.047,2026-08-07 14:20:03.297,2026-08-07 14:20:03.297,2026-08-07
"866","Afj4KVnBHj","MOOSPMv3Parser",1786112400,13,13,10,20,20,10,10,21,21,10,2661,733,74678,114,78,7,78,78,21,69,78,0,22,23,66,64,5.72,133,1,36.523426,-119.278763,77.831001,7,600,58,3,"e00fce68f12da1a0c5de6248",2026-08-07 14:20:03.181,2026-08-07 14:20:03.376,2026-08-07 14:20:03.376,2026-08-07
"867","Ka61weJACG","MOOSPMv3Parser",1786112401,5,5,5,8,8,6,6,9,9,6,1104,318,41094,63,43,4,43,43,23,39,43,1,26,26,45,48,16.801,222,3277,2.9e-05,-0.004221,27428.671875,8,600,58,3,"e00fce68e28dcbc9a589be10",2026-08-07 14:20:03.448,2026-08-07 14:20:03.583,2026-08-07 14:20:03.583,2026-08-07
"868","7JGoVwDAFg","MOOSPMv3Parser",1786112401,4,4,5,6,6,5,5,7,7,5,1084,258,65885,43,36,3,36,36,23,35,36,0,25,25,38,39,17.165,197,1,36.762714,-119.798798,55.539001,10,599,58,3,"e00fce68e88237db75a60608",2026-08-07 14:20:03.424,2026-08-07 14:20:03.593,2026-08-07 14:20:03.593,2026-08-07
"869","X6gbrBAFol","MOOSPMv3Parser",1786112400,7,7,0,12,12,0,0,13,13,0,1557,421,0,86,0,7,0,0,22,51,0,2,23,24,55,53,7.562,270,1,36.187542,-119.822128,24.636999,5,600,58,3,"e00fce68e739ecbcf9e91965",2026-08-07 14:20:03.512,2026-08-07 14:20:03.68,2026-08-07 14:20:03.68,2026-08-07
"870","HdbSAoaWJD","MOOSPMv3Parser",1786112401,5,5,4,7,7,4,4,8,8,4,1627,305,26466,48,29,3,29,29,23,36,29,0,26,25,40,45,12.024,222,2,36.139095,-120.368362,175.151993,7,600,58,3,"e00fce68e77e43df92405fdb",2026-08-07 14:20:03.577,2026-08-07 14:20:03.752,2026-08-07 14:20:03.752,2026-08-07
"871","e8zTTXcjPt","MOOSPMv3Parser",1786112400,9,9,7,13,13,7,7,14,14,7,1795,496,43579,85,51,6,51,51,21,56,51,0,24,23,54,55,15.236,141,2,35.949574,-119.050018,106.652,8,600,58,3,"e00fce6808784ceaf209f949",2026-08-07 14:20:03.673,2026-08-07 14:20:03.86,2026-08-07 14:20:03.86,2026-08-07
"872","fBoQXGbE4v","MOOSPMv3Parser",1786112400,4,4,4,7,7,5,5,8,8,5,827,256,32220,48,34,6,35,35,0,0,35,0,26,24,41,47,13.983,462,1,36.138958,-120.368301,160.740997,5,600,58,3,"e00fce6876826e255108c6bd",2026-08-07 14:20:04.14,2026-08-07 14:20:04.359,2026-08-07 14:20:04.359,2026-08-07
"873","997hbVte1X","MOOSPMv3Parser",1786112401,4,4,5,7,7,5,5,8,8,5,1078,273,28995,55,39,3,39,39,22,38,39,0,29,25,35,46,18.848,231,2,36.138977,-120.368431,172.617004,8,600,58,3,"e00fce6850cac69f647dc199",2026-08-07 14:20:04.207,2026-08-07 14:20:04.396,2026-08-07 14:20:04.396,2026-08-07
"874","16RJLDUVsE","MOOSPMv3Parser",1786112401,0,0,3,1,1,3,3,2,2,3,298,198,18856,34,21,3,21,21,24,39,21,0,26,26,41,42,17.923,225,2,36.139008,-120.368393,180.953003,7,599,58,3,"e00fce686dc2ef0a68fa40b0",2026-08-07 14:20:07.098,2026-08-07 14:20:07.23,2026-08-07 14:20:07.23,2026-08-07
"875","hK3pEpcGUJ","MOOSPMv3Parser",1786113001,0,0,5,3,3,5,5,3,3,5,330,238,25711,44,38,5,38,38,24,39,38,0,27,26,39,41,14.992,215,1,36.139023,-120.36837,183.389008,7,600,58,3,"e00fce68d6b773b56ce8baa0",2026-08-07 14:30:03.204,2026-08-07 14:30:03.37,2026-08-07 14:30:03.37,2026-08-07
"876","lSkuxlCM7p","MOOSPMv3Parser",1786113000,7,7,0,13,13,0,0,14,14,0,1567,428,0,94,0,8,0,0,23,48,0,2,25,26,52,51,10.695,245,1,36.187496,-119.822365,-32.596001,7,600,58,3,"e00fce68e739ecbcf9e91965",2026-08-07 14:30:03.286,2026-08-07 14:30:03.455,2026-08-07 14:30:03.455,2026-08-07
"877","kBs7a9cYnx","MOOSPMv3Parser",1786113001,4,4,5,6,6,5,5,6,6,5,995,241,65916,40,36,2,36,36,23,33,36,0,25,26,37,38,17.109,198,1,36.762726,-119.798721,60.831001,11,599,58,3,"e00fce68e88237db75a60608",2026-08-07 14:30:03.314,2026-08-07 14:30:03.5,2026-08-07 14:30:03.5,2026-08-07
"878","PtUTCIRGzq","MOOSPMv3Parser",1786113000,9,9,7,14,14,7,7,14,14,7,1825,503,43623,87,51,6,51,51,22,56,51,0,24,24,54,55,15.616,135,2,35.949757,-119.049896,120.012001,9,600,58,3,"e00fce6808784ceaf209f949",2026-08-07 14:30:03.483,2026-08-07 14:30:03.71,2026-08-07 14:30:03.71,2026-08-07
"879","GP7dLx73Is","MOOSPMv3Parser",1786113001,6,6,5,8,8,6,6,9,9,6,1118,322,41131,62,42,3,43,43,24,38,43,1,27,26,43,46,18.366,201,3277,2.9e-05,-0.004221,27428.671875,8,600,58,3,"e00fce68e28dcbc9a589be10",2026-08-07 14:30:03.605,2026-08-07 14:30:03.747,2026-08-07 14:30:03.747,2026-08-07
"880","RT7e2TRa4l","MOOSPMv3Parser",1786113001,5,5,4,8,8,4,4,8,8,4,1683,316,26492,48,30,3,30,30,24,34,30,0,27,26,38,43,16.351,211,2,36.139046,-120.368462,167.248993,9,600,58,3,"e00fce68e77e43df92405fdb",2026-08-07 14:30:03.627,2026-08-07 14:30:03.775,2026-08-07 14:30:03.775,2026-08-07
"881","M3M38BOF2T","MOOSPMv3Parser",1786113001,0,0,3,1,1,3,3,1,1,3,296,194,18874,32,22,3,22,22,24,38,22,0,27,27,38,39,21.001,205,2,36.138973,-120.368446,171.822006,5,599,58,3,"e00fce686dc2ef0a68fa40b0",2026-08-07 14:30:03.814,2026-08-07 14:30:03.955,2026-08-07 14:30:03.955,2026-08-07
"882","2CxHLLfLmL","MOOSPMv3Parser",1786113001,4,4,5,7,7,5,5,8,8,5,1060,272,29030,52,40,4,41,41,23,34,41,0,30,26,33,42,22.706,192,2,36.13895,-120.368385,170.097,9,600,58,3,"e00fce6850cac69f647dc199",2026-08-07 14:30:04.52,2026-08-07 14:30:04.74,2026-08-07 14:30:04.74,2026-08-07
"883","4sBNvyJZMG","MOOSPMv3Parser",1786113000,13,13,10,18,18,10,10,19,19,10,2591,713,74743,101,75,5,75,75,21,69,75,0,23,23,65,64,6.724,129,1,36.523537,-119.278801,98.93,8,600,58,3,"e00fce68f12da1a0c5de6248",2026-08-07 14:30:04.699,2026-08-07 14:30:04.87,2026-08-07 14:30:04.87,2026-08-07
"884","KyYPFyOj9G","MOOSPMv3Parser",1786113000,4,4,5,7,7,5,5,8,8,5,915,282,32251,51,36,5,36,36,0,0,36,0,27,25,38,44,15.844,204,1,36.138931,-120.368294,161.556,0,600,58,3,"e00fce6876826e255108c6bd",2026-08-07 14:30:08.572,2026-08-07 14:30:08.759,2026-08-07 14:30:08.759,2026-08-07
"885","PqQUWoPbGE","MOOSPMv3Parser",1786113601,6,6,6,8,8,6,7,9,9,7,1075,320,42,62,48,3,48,48,24,39,48,0,27,27,40,42,25.205,76,2,36.139149,-120.368393,185.981995,8,395,58,3,"e00fce6856818e5885f65487",2026-08-07 14:40:02.487,2026-08-07 14:40:02.743,2026-08-07 14:40:02.743,2026-08-07
"886","UoDW5GAMYH","MOOSPMv3Parser",1786113601,0,0,3,2,2,3,4,2,2,4,321,218,18894,37,24,3,24,24,25,37,24,1,27,28,39,38,21.756,190,2,36.138988,-120.368401,152.322006,5,599,58,3,"e00fce686dc2ef0a68fa40b0",2026-08-07 14:40:02.844,2026-08-07 14:40:03.044,2026-08-07 14:40:03.044,2026-08-07
"887","afHojkTUXU","MOOSPMv3Parser",1786113601,5,5,4,7,7,5,5,8,8,5,1116,272,65946,49,35,4,35,35,24,31,35,0,26,27,35,36,15.01,214,1,36.762749,-119.798767,54.089001,11,599,58,3,"e00fce68e88237db75a60608",2026-08-07 14:40:03.161,2026-08-07 14:40:03.366,2026-08-07 14:40:03.366,2026-08-07
"888","4f23deXq9z","MOOSPMv3Parser",1786113600,7,7,0,12,12,0,0,13,13,0,1504,403,0,84,0,7,0,0,24,43,0,2,25,27,48,46,11.226,234,1,36.187534,-119.822083,6.608,9,600,58,3,"e00fce68e739ecbcf9e91965",2026-08-07 14:40:03.351,2026-08-07 14:40:03.533,2026-08-07 14:40:03.533,2026-08-07
"889","WPv4AgXiLq","MOOSPMv3Parser",1786113600,14,14,10,19,19,10,10,21,21,10,2671,742,74811,106,77,7,78,78,21,68,78,0,23,23,63,62,7.799,120,1,36.523396,-119.278801,74.778,6,600,58,3,"e00fce68f12da1a0c5de6248",2026-08-07 14:40:03.415,2026-08-07 14:40:03.6,2026-08-07 14:40:03.6,2026-08-07
"890","LxJVEWduEl","MOOSPMv3Parser",1786113600,8,8,6,12,12,6,6,12,12,6,1626,446,43661,76,44,5,44,44,22,53,44,0,25,24,52,54,17.691,119,2,35.949604,-119.049973,115.695999,5,600,58,3,"e00fce6808784ceaf209f949",2026-08-07 14:40:03.519,2026-08-07 14:40:03.679,2026-08-07 14:40:03.679,2026-08-07
"891","GfnuHhm5XJ","MOOSPMv3Parser",1786113601,0,0,5,3,3,5,5,4,4,5,348,251,25744,49,39,5,40,40,25,37,40,0,27,27,40,40,15.723,210,1,36.138992,-120.368408,176.710999,11,600,58,3,"e00fce68d6b773b56ce8baa0",2026-08-07 14:40:03.54,2026-08-07 14:40:03.722,2026-08-07 14:40:03.722,2026-08-07
"892","LN4t08UrUw","MOOSPMv3Parser",1786113601,6,6,5,9,9,6,6,9,9,6,1134,323,41166,63,41,3,41,41,24,37,41,1,28,27,42,46,22.413,160,3277,2.9e-05,-0.004221,27428.671875,8,600,58,3,"e00fce68e28dcbc9a589be10",2026-08-07 14:40:03.542,2026-08-07 14:40:03.732,2026-08-07 14:40:03.732,2026-08-07
"893","4EMl1mGMrw","MOOSPMv3Parser",1786113601,6,6,4,9,9,4,5,9,9,5,2341,360,26519,56,31,4,32,32,24,33,32,0,27,27,39,43,16.499,188,2,36.139069,-120.368546,186.516006,11,600,58,3,"e00fce68e77e43df92405fdb",2026-08-07 14:40:03.662,2026-08-07 14:40:03.883,2026-08-07 14:40:03.883,2026-08-07
"894","8jbf7PZCx4","MOOSPMv3Parser",1786113601,5,5,5,8,8,6,6,8,8,6,1164,292,29067,56,42,4,42,42,24,33,42,0,30,27,33,41,22.71,186,2,36.13895,-120.368385,170.093994,0,600,58,3,"e00fce6850cac69f647dc199",2026-08-07 14:40:04.354,2026-08-07 14:40:04.549,2026-08-07 14:40:04.549,2026-08-07
"895","VOxv05fWwB","MOOSPMv3Parser",1786114201,5,5,6,8,8,6,6,8,8,6,1012,297,66,53,43,3,44,44,25,39,44,0,27,27,41,43,31.003,98,4,36.139053,-120.368378,211.246002,7,590,58,3,"e00fce6856818e5885f65487",2026-08-07 14:50:02.517,2026-08-07 14:50:02.78,2026-08-07 14:50:02.78,2026-08-07
"896","AKFlHDyCXB","MOOSPMv3Parser",1786114201,0,0,3,2,2,3,3,2,2,3,319,215,18912,34,21,3,22,22,26,37,22,0,28,30,39,37,23.893,147,2,36.139076,-120.368431,180.970993,5,599,58,3,"e00fce686dc2ef0a68fa40b0",2026-08-07 14:50:03.153,2026-08-07 14:50:03.311,2026-08-07 14:50:03.311,2026-08-07
"897","xlNA8GzLoP","MOOSPMv3Parser",1786114201,0,0,5,3,3,5,5,4,4,5,348,251,25776,46,38,5,38,38,26,37,38,0,28,29,40,40,18.403,182,1,36.139015,-120.368301,166.048004,8,600,58,3,"e00fce68d6b773b56ce8baa0",2026-08-07 14:50:03.212,2026-08-07 14:50:03.385,2026-08-07 14:50:03.385,2026-08-07
"898","lAXTWN4il6","MOOSPMv3Parser",1786114201,5,5,6,8,8,6,6,8,8,6,1279,309,65877,54,46,4,47,47,24,38,47,0,26,27,43,42,12.711,280,1,36.762749,-119.798767,54.088001,0,600,58,3,"e00fce68e88237db75a60608",2026-08-07 14:50:03.398,2026-08-07 14:50:03.564,2026-08-07 14:50:03.564,2026-08-07
"899","wR3pA9EQPs","MOOSPMv3Parser",1786114200,7,7,0,12,12,0,0,13,13,0,1505,402,0,86,0,7,0,0,25,38,0,2,26,28,45,43,13.44,206,1,36.187656,-119.82206,51.387001,10,600,58,3,"e00fce68e739ecbcf9e91965",2026-08-07 14:50:03.452,2026-08-07 14:50:03.637,2026-08-07 14:50:03.637,2026-08-07
"900","SPJsZP6PD2","MOOSPMv3Parser",1786114200,7,7,6,11,11,6,6,12,12,6,1555,427,43699,73,43,4,43,43,23,52,43,0,26,25,49,52,18.579,108,2,35.94968,-119.049965,130.007004,5,600,58,3,"e00fce6808784ceaf209f949",2026-08-07 14:50:03.517,2026-08-07 14:50:03.732,2026-08-07 14:50:03.732,2026-08-07
"901","DI7H7L07OW","MOOSPMv3Parser",1786114201,5,5,4,8,8,4,4,9,9,4,1647,326,26546,51,31,4,31,31,25,32,31,0,28,28,39,42,19.636,155,2,36.139084,-120.368462,182.136993,8,600,58,3,"e00fce68e77e43df92405fdb",2026-08-07 14:50:03.741,2026-08-07 14:50:03.963,2026-08-07 14:50:03.963,2026-08-07
"902","tYfMj7nNxV","MOOSPMv3Parser",1786114201,6,6,6,9,9,6,6,10,10,6,1138,326,41205,65,45,5,45,45,25,40,45,1,28,28,45,48,22.956,150,3277,2.9e-05,-0.004221,27428.671875,8,600,58,3,"e00fce68e28dcbc9a589be10",2026-08-07 14:50:03.798,2026-08-07 14:50:03.972,2026-08-07 14:50:03.972,2026-08-07
"903","N9jmvEFED4","MOOSPMv3Parser",1786114201,5,5,5,7,7,5,5,8,8,5,1116,283,29101,53,40,4,40,40,25,33,40,0,31,28,33,40,25.614,148,2,36.138981,-120.368423,167.992004,7,600,58,3,"e00fce6850cac69f647dc199",2026-08-07 14:50:04.973,2026-08-07 14:50:05.147,2026-08-07 14:50:05.147,2026-08-07
"904","zSKsR60qMd","MOOSPMv3Parser",1786114201,4,4,5,7,7,5,5,8,8,5,937,286,32210,47,36,3,37,37,0,0,37,0,28,28,39,42,17.688,86,1,36.139038,-120.368347,169.755997,7,602,58,3,"e00fce6876826e255108c6bd",2026-08-07 14:50:06.468,2026-08-07 14:50:06.682,2026-08-07 14:50:06.682,2026-08-07
"905","Ilsp7R1Hle","MOOSPMv3Parser",1786114200,13,13,9,19,19,10,10,20,20,10,2637,727,74875,109,74,6,74,74,22,66,74,0,24,24,60,61,8.67,116,1,36.523388,-119.278831,84.867996,5,600,58,3,"e00fce68f12da1a0c5de6248",2026-08-07 14:50:18.457,2026-08-07 14:50:18.593,2026-08-07 14:50:18.593,2026-08-07
"906","lumWw5rqaa","MOOSPMv3Parser",1786114801,5,5,5,7,7,5,5,8,8,5,936,277,101,47,40,2,40,40,26,35,40,0,28,28,37,40,35.098,100,3,36.139114,-120.368469,180.533005,8,590,58,3,"e00fce6856818e5885f65487",2026-08-07 15:00:02.599,2026-08-07 15:00:03.099,2026-08-07 15:00:03.099,2026-08-07
"907","gRHsTpcFg0","MOOSPMv3Parser",1786114801,0,0,4,3,3,5,5,3,3,5,330,236,25805,44,35,4,35,35,27,35,35,0,28,30,37,36,20.614,162,2,36.139023,-120.368355,156.610001,6,600,58,3,"e00fce68d6b773b56ce8baa0",2026-08-07 15:00:02.967,2026-08-07 15:00:03.389,2026-08-07 15:00:03.389,2026-08-07
"908","rwE8yuhgwO","MOOSPMv3Parser",1786114800,14,14,10,19,19,10,10,19,19,10,2649,726,74943,104,77,4,77,77,22,65,77,0,25,24,58,59,10.697,111,1,36.52343,-119.27887,112.040001,6,600,58,3,"e00fce68f12da1a0c5de6248",2026-08-07 15:00:03.282,2026-08-07 15:00:03.646,2026-08-07 15:00:03.646,2026-08-07
"909","b5aHaiFcfl","MOOSPMv3Parser",1786114800,7,7,5,11,11,5,5,11,11,5,1519,419,43734,70,40,4,41,41,23,50,41,0,27,26,47,50,18.071,109,2,35.949696,-119.049934,122.970001,8,600,58,3,"e00fce6808784ceaf209f949",2026-08-07 15:00:03.501,2026-08-07 15:00:03.882,2026-08-07 15:00:03.882,2026-08-07
"910","elLrpGHLuo","MOOSPMv3Parser",1786114801,0,0,2,1,1,3,3,2,2,3,307,206,18928,33,19,2,19,20,27,35,20,0,28,31,37,35,26.929,131,2,36.139095,-120.368401,203.477005,6,599,58,3,"e00fce686dc2ef0a68fa40b0",2026-08-07 15:00:03.576,2026-08-07 15:00:04.017,2026-08-07 15:00:04.017,2026-08-07
"911","6EhnZ3wlkZ","MOOSPMv3Parser",1786114800,6,6,0,10,10,0,0,11,11,0,1352,358,0,71,0,7,0,0,26,36,0,2,26,29,44,41,17.687,170,1,36.18758,-119.82206,41.609001,8,600,58,3,"e00fce68e739ecbcf9e91965",2026-08-07 15:00:03.276,2026-08-07 15:00:04.029,2026-08-07 15:00:04.029,2026-08-07
"912","mwzLojudPx","MOOSPMv3Parser",1786114801,8,8,8,12,12,9,9,13,13,9,1791,447,66042,79,64,5,64,64,24,39,64,0,25,28,45,42,5.903,414,1,36.762669,-119.79879,60.738998,6,599,58,3,"e00fce68e88237db75a60608",2026-08-07 15:00:03.387,2026-08-07 15:00:04.077,2026-08-07 15:00:04.077,2026-08-07
"913","1N4C1cGPG5","MOOSPMv3Parser",1786114801,6,6,6,9,9,6,7,10,10,7,1198,346,41245,70,46,5,47,47,26,37,47,1,28,29,44,44,18.942,216,3277,2.9e-05,-0.004221,27428.671875,8,600,58,3,"e00fce68e28dcbc9a589be10",2026-08-07 15:00:03.608,2026-08-07 15:00:04.138,2026-08-07 15:00:04.138,2026-08-07
"914","mDQyYMxe9t","MOOSPMv3Parser",1786114801,5,5,4,8,8,4,4,8,8,4,1533,317,26571,51,28,3,28,28,26,30,28,0,29,29,37,39,23.092,138,2,36.139084,-120.368462,182.139999,0,600,58,3,"e00fce68e77e43df92405fdb",2026-08-07 15:00:03.615,2026-08-07 15:00:04.469,2026-08-07 15:00:04.469,2026-08-07
"915","wXI6HjnnQS","MOOSPMv3Parser",1786114801,4,4,4,7,7,5,5,7,7,5,1043,267,29132,51,35,3,35,35,26,30,35,0,32,30,30,36,28.979,120,2,36.138947,-120.368362,181.891006,8,600,58,3,"e00fce6850cac69f647dc199",2026-08-07 15:00:04.678,2026-08-07 15:00:05.02,2026-08-07 15:00:05.02,2026-08-07
"916","goe9VoIqca","MOOSPMv3Parser",1786114801,4,4,4,6,6,4,4,8,8,4,849,262,32346,46,33,5,33,33,0,0,33,0,29,29,35,38,19.58,73,1,36.139,-120.368362,173.048004,9,600,58,3,"e00fce6876826e255108c6bd",2026-08-07 15:00:05.458,2026-08-07 15:00:05.658,2026-08-07 15:00:05.658,2026-08-07
"917","C4bpnho7WE","MOOSPMv3Parser",1786115401,5,5,5,7,7,5,5,7,7,5,920,269,135,45,39,2,40,40,26,33,40,0,29,29,35,38,36.561,111,2,36.139114,-120.368469,180.535004,0,590,58,3,"e00fce6856818e5885f65487",2026-08-07 15:10:02.329,2026-08-07 15:10:02.557,2026-08-07 15:10:02.557,2026-08-07
"918","vnutO51304","MOOSPMv3Parser",1786115400,6,6,0,10,10,0,0,11,11,0,1308,348,0,74,0,6,0,0,26,34,0,2,27,30,43,40,19.606,156,2,36.18782,-119.821602,82.197998,8,600,58,3,"e00fce68e739ecbcf9e91965",2026-08-07 15:10:03.207,2026-08-07 15:10:03.369,2026-08-07 15:10:03.369,2026-08-07
"919","rdRZnS9Pzr","MOOSPMv3Parser",1786115401,0,0,4,3,3,4,4,3,3,4,337,242,25833,45,33,5,33,33,28,33,33,0,30,31,35,34,21.741,153,2,36.139038,-120.368286,178.311005,6,600,58,3,"e00fce68d6b773b56ce8baa0",2026-08-07 15:10:03.214,2026-08-07 15:10:03.403,2026-08-07 15:10:03.403,2026-08-07
"920","Cq52eqKu8b","MOOSPMv3Parser",1786115401,8,8,8,12,12,8,8,13,13,8,1661,424,65984,79,59,7,59,59,25,36,59,0,26,29,42,39,5.941,404,1,36.762772,-119.798729,85.037003,12,600,58,3,"e00fce68e88237db75a60608",2026-08-07 15:10:03.309,2026-08-07 15:10:03.535,2026-08-07 15:10:03.535,2026-08-07
"921","DwZb7yyjZx","MOOSPMv3Parser",1786115401,5,5,3,7,7,4,4,8,8,4,1460,309,26593,45,26,3,26,26,28,28,26,0,30,31,34,36,24.622,133,2,36.139088,-120.368431,186.764999,10,600,58,3,"e00fce68e77e43df92405fdb",2026-08-07 15:10:03.6,2026-08-07 15:10:03.774,2026-08-07 15:10:03.774,2026-08-07
"922","QtE7Tz1YXc","MOOSPMv3Parser",1786115400,7,7,5,11,11,5,5,11,11,5,1480,411,43770,70,41,5,41,41,24,48,41,0,27,27,47,49,20.012,97,2,35.949654,-119.049957,119.064003,8,600,58,3,"e00fce6808784ceaf209f949",2026-08-07 15:10:03.743,2026-08-07 15:10:03.885,2026-08-07 15:10:03.885,2026-08-07
"923","NCh5EYrqIt","MOOSPMv3Parser",1786115401,6,6,6,10,10,6,6,10,10,6,1247,353,41284,66,45,5,46,46,26,36,46,1,28,30,43,42,22.946,169,3277,2.9e-05,-0.004221,27428.671875,8,600,58,3,"e00fce68e28dcbc9a589be10",2026-08-07 15:10:03.761,2026-08-07 15:10:03.955,2026-08-07 15:10:03.955,2026-08-07
"924","j6rz04TMsf","MOOSPMv3Parser",1786115401,0,0,3,1,1,3,3,2,2,3,300,201,18913,33,20,2,20,20,28,33,20,0,30,32,35,33,27.706,127,2,36.13908,-120.368416,185.645996,4,600,58,3,"e00fce686dc2ef0a68fa40b0",2026-08-07 15:10:03.811,2026-08-07 15:10:03.959,2026-08-07 15:10:03.959,2026-08-07
"925","44QgmLO4oX","MOOSPMv3Parser",1786115400,14,14,10,19,19,10,10,20,20,10,2683,741,75008,100,75,6,75,75,23,62,75,0,25,25,56,57,11.641,105,2,36.52343,-119.27887,112.036003,0,600,58,3,"e00fce68f12da1a0c5de6248",2026-08-07 15:10:03.787,2026-08-07 15:10:03.965,2026-08-07 15:10:03.965,2026-08-07
"926","LvdIFBbI1U","MOOSPMv3Parser",1786115401,4,4,4,7,7,5,5,7,7,5,1061,268,29162,46,35,3,35,35,27,27,35,0,33,31,28,34,30.881,114,2,36.138954,-120.368462,177.917007,7,600,58,3,"e00fce6850cac69f647dc199",2026-08-07 15:10:04.259,2026-08-07 15:10:04.493,2026-08-07 15:10:04.493,2026-08-07
"927","qkuqHEi2Wh","MOOSPMv3Parser",1786115401,4,4,4,6,6,4,4,7,7,4,855,262,32374,45,32,4,32,32,0,0,32,0,30,30,34,36,20.038,74,2,36.139214,-120.368401,207.882996,8,600,58,3,"e00fce6876826e255108c6bd",2026-08-07 15:10:05.13,2026-08-07 15:10:05.343,2026-08-07 15:10:05.343,2026-08-07
"928","HCGzRCRLiP","MOOSPMv3Parser",1786116001,5,5,5,7,7,5,5,8,8,5,975,288,170,50,41,3,41,41,27,31,41,0,30,30,34,36,35.182,96,1,36.139107,-120.368469,197.531998,8,590,58,3,"e00fce6856818e5885f65487",2026-08-07 15:20:02.43,2026-08-07 15:20:02.67,2026-08-07 15:20:02.67,2026-08-07
"929","J8jGPwarB5","MOOSPMv3Parser",1786116001,0,0,3,2,2,3,3,2,2,4,319,214,18965,35,25,3,25,25,29,32,25,0,30,33,34,32,26.598,155,2,36.139156,-120.368362,205.953995,6,599,58,3,"e00fce686dc2ef0a68fa40b0",2026-08-07 15:20:03.095,2026-08-07 15:20:03.243,2026-08-07 15:20:03.243,2026-08-07
"930","hKaEprvOdN","MOOSPMv3Parser",1786116001,7,7,7,10,10,7,8,11,11,8,1481,373,66141,69,54,5,54,54,26,34,54,0,26,29,40,37,9.376,365,1,36.762718,-119.798737,62.609001,8,599,58,3,"e00fce68e88237db75a60608",2026-08-07 15:20:03.156,2026-08-07 15:20:03.314,2026-08-07 15:20:03.314,2026-08-07
"931","fGL2s2jKFb","MOOSPMv3Parser",1786116000,6,6,0,10,10,0,0,11,11,0,1361,363,0,73,0,5,0,0,27,32,0,2,27,30,40,37,22.342,123,2,36.18782,-119.821602,82.195999,0,600,58,3,"e00fce68e739ecbcf9e91965",2026-08-07 15:20:03.279,2026-08-07 15:20:03.465,2026-08-07 15:20:03.465,2026-08-07
"932","eLq8ZGw5Sj","MOOSPMv3Parser",1786116001,0,0,5,3,3,5,5,3,3,5,345,248,25863,46,36,5,36,36,29,32,36,0,30,33,34,33,20.364,180,2,36.139126,-120.368332,189.345001,8,600,58,3,"e00fce68d6b773b56ce8baa0",2026-08-07 15:20:03.464,2026-08-07 15:20:03.669,2026-08-07 15:20:03.669,2026-08-07
"933","fudku7caUY","MOOSPMv3Parser",1786116000,7,7,5,10,10,5,5,11,11,5,1401,386,43804,69,39,4,40,40,25,45,40,0,27,28,46,46,23.436,62,2,35.949654,-119.049957,119.065002,0,600,58,3,"e00fce6808784ceaf209f949",2026-08-07 15:20:03.601,2026-08-07 15:20:03.81,2026-08-07 15:20:03.81,2026-08-07
"934","TRNfTG3V6X","MOOSPMv3Parser",1786116001,6,6,5,9,9,6,6,10,10,6,1188,341,41319,64,41,4,41,41,27,31,41,0,29,31,38,37,29.094,91,3277,2.9e-05,-0.004221,27428.671875,8,600,58,3,"e00fce68e28dcbc9a589be10",2026-08-07 15:20:03.601,2026-08-07 15:20:03.818,2026-08-07 15:20:03.818,2026-08-07
"935","2PSs5KxeBw","MOOSPMv3Parser",1786116001,6,6,5,9,9,5,5,10,10,5,1629,347,26624,58,35,5,36,36,28,26,36,0,30,32,34,35,22.543,158,2,36.13903,-120.368446,157.660995,7,600,58,3,"e00fce68e77e43df92405fdb",2026-08-07 15:20:03.96,2026-08-07 15:20:04.119,2026-08-07 15:20:04.119,2026-08-07
"936","nS3j3d3mw6","MOOSPMv3Parser",1786116001,5,5,5,8,8,5,5,8,8,5,1136,289,29194,54,37,3,38,38,28,25,38,0,34,33,27,32,29.213,150,2,36.139019,-120.368423,177.578003,6,600,58,3,"e00fce6850cac69f647dc199",2026-08-07 15:20:04.686,2026-08-07 15:20:04.879,2026-08-07 15:20:04.879,2026-08-07
"937","1aOuDHEBGO","MOOSPMv3Parser",1786116001,4,4,4,7,7,5,5,8,8,5,887,273,32404,50,35,5,35,35,0,0,35,0,30,31,33,35,18.933,74,2,36.139156,-120.368393,195.496994,8,600,58,3,"e00fce6876826e255108c6bd",2026-08-07 15:20:05.638,2026-08-07 15:20:05.818,2026-08-07 15:20:05.818,2026-08-07
"938","3N57ZGGFF8","MOOSPMv3Parser",1786116000,12,12,9,17,17,9,9,18,18,9,2372,653,75067,96,68,6,68,68,23,61,68,0,26,25,54,56,14.66,89,2,36.523327,-119.278938,81.094002,8,600,58,3,"e00fce68f12da1a0c5de6248",2026-08-07 15:20:19.025,2026-08-07 15:20:19.209,2026-08-07 15:20:19.209,2026-08-07
"939","NaNnxiGkGm","MOOSPMv3Parser",1786116601,7,7,7,10,10,7,7,10,10,7,1528,376,66185,68,51,4,51,51,27,32,51,0,27,30,39,35,10.977,353,1,36.762737,-119.79879,61.846001,8,599,58,3,"e00fce68e88237db75a60608",2026-08-07 15:30:03.172,2026-08-07 15:30:03.326,2026-08-07 15:30:03.326,2026-08-07
"940","xjs13XTmO9","MOOSPMv3Parser",1786116601,0,0,4,3,3,5,5,3,3,5,355,253,25892,44,35,4,35,35,30,31,35,0,31,34,34,32,22.692,153,2,36.139042,-120.368324,179.945999,8,600,58,3,"e00fce68d6b773b56ce8baa0",2026-08-07 15:30:03.151,2026-08-07 15:30:03.349,2026-08-07 15:30:03.349,2026-08-07
"941","Xr5xDvvRLP","MOOSPMv3Parser",1786116601,0,0,3,2,2,3,3,2,2,3,326,221,18983,32,21,2,21,21,29,32,21,0,31,33,33,32,29.716,121,2,36.139088,-120.368355,179.574997,7,599,58,3,"e00fce686dc2ef0a68fa40b0",2026-08-07 15:30:03.156,2026-08-07 15:30:03.351,2026-08-07 15:30:03.351,2026-08-07
"942","Bs3z3qMfFj","MOOSPMv3Parser",1786116600,5,5,0,9,9,0,0,10,10,0,1269,335,0,67,0,5,0,0,27,28,0,2,28,31,37,34,24.044,112,2,36.18766,-119.821945,41.348,9,600,58,3,"e00fce68e739ecbcf9e91965",2026-08-07 15:30:03.21,2026-08-07 15:30:03.477,2026-08-07 15:30:03.477,2026-08-07
"943","tpCOUfxrV6","MOOSPMv3Parser",1786116601,5,5,5,8,8,5,5,9,9,5,1119,322,41354,61,40,4,40,40,28,29,40,0,29,32,37,35,32.177,59,3277,2.9e-05,-0.004221,27428.671875,8,600,58,3,"e00fce68e28dcbc9a589be10",2026-08-07 15:30:03.505,2026-08-07 15:30:03.723,2026-08-07 15:30:03.723,2026-08-07
"944","0gMe6Hel6M","MOOSPMv3Parser",1786116600,7,7,5,11,11,6,6,12,12,6,1482,409,43840,78,41,5,42,42,25,43,42,0,28,29,44,45,22.945,70,2,35.949547,-119.050034,125.819,7,600,58,3,"e00fce6808784ceaf209f949",2026-08-07 15:30:03.558,2026-08-07 15:30:03.735,2026-08-07 15:30:03.735,2026-08-07
"945","9UQq2bC6zd","MOOSPMv3Parser",1786116601,6,6,4,8,8,4,4,9,9,4,1595,341,26649,50,29,4,29,29,29,25,29,0,31,33,32,34,25.882,126,2,36.139004,-120.368469,174.533005,9,600,58,3,"e00fce68e77e43df92405fdb",2026-08-07 15:30:03.649,2026-08-07 15:30:03.821,2026-08-07 15:30:03.821,2026-08-07
"946","v4PZpCTcL2","MOOSPMv3Parser",1786116601,5,5,4,7,7,5,5,8,8,5,1143,289,29225,52,35,3,35,35,30,24,35,0,35,34,27,32,32.185,125,2,36.138962,-120.368355,188.173004,7,600,58,3,"e00fce6850cac69f647dc199",2026-08-07 15:30:03.799,2026-08-07 15:30:03.953,2026-08-07 15:30:03.953,2026-08-07
"947","CAJmII1aHL","MOOSPMv3Parser",1786116601,5,5,4,7,7,5,5,8,8,5,935,288,32434,48,35,5,35,35,0,0,35,0,31,33,32,34,20.706,74,2,36.139168,-120.368431,198.240005,10,600,58,3,"e00fce6876826e255108c6bd",2026-08-07 15:30:05.74,2026-08-07 15:30:05.939,2026-08-07 15:30:05.939,2026-08-07
"948","wwJj4kqk6S","MOOSPMv3Parser",1786116600,13,13,9,18,18,9,9,18,18,9,2539,694,75128,96,69,5,70,70,24,58,70,0,26,26,52,54,16.336,84,2,36.523361,-119.278854,83.714996,8,600,58,3,"e00fce68f12da1a0c5de6248",2026-08-07 15:30:07.961,2026-08-07 15:30:08.172,2026-08-07 15:30:08.172,2026-08-07
"949","HwPoVEtsat","MOOSPMv3Parser",1786117201,0,0,4,2,2,4,4,3,3,4,329,235,25918,41,31,3,31,31,31,29,31,0,31,35,31,30,25.731,121,2,36.139194,-120.368416,170.473007,6,600,58,3,"e00fce68d6b773b56ce8baa0",2026-08-07 15:40:03.045,2026-08-07 15:40:03.176,2026-08-07 15:40:03.176,2026-08-07
"950","AkApPzVFgr","MOOSPMv3Parser",1786117200,5,5,0,9,9,0,0,9,9,0,1249,327,0,65,0,5,0,0,28,26,0,2,28,32,35,32,25.487,99,2,36.187763,-119.821831,51.504002,8,600,58,3,"e00fce68e739ecbcf9e91965",2026-08-07 15:40:03.287,2026-08-07 15:40:03.468,2026-08-07 15:40:03.468,2026-08-07
"951","UkvL5MdsEf","MOOSPMv3Parser",1786117201,6,6,7,10,10,7,7,11,11,7,1526,375,66230,65,52,5,52,52,27,31,52,0,27,31,38,34,11.909,348,1,36.762722,-119.798737,56.233002,6,599,58,3,"e00fce68e88237db75a60608",2026-08-07 15:40:03.399,2026-08-07 15:40:03.569,2026-08-07 15:40:03.569,2026-08-07
"952","jrWta6QRs1","MOOSPMv3Parser",1786117201,0,0,2,1,1,2,2,1,1,2,301,198,18998,31,18,2,18,18,30,31,18,0,32,34,30,30,34.238,87,2,36.138988,-120.368355,173.839005,6,599,58,3,"e00fce686dc2ef0a68fa40b0",2026-08-07 15:40:03.478,2026-08-07 15:40:03.648,2026-08-07 15:40:03.648,2026-08-07
"953","XhDT9EUNlo","MOOSPMv3Parser",1786117201,6,6,5,9,9,6,6,9,9,6,1164,332,41390,65,42,4,42,42,29,29,42,0,30,33,37,35,30.679,87,3277,3.2e-05,-0.004286,17152.310547,11,600,58,3,"e00fce68e28dcbc9a589be10",2026-08-07 15:40:03.507,2026-08-07 15:40:03.673,2026-08-07 15:40:03.673,2026-08-07
"954","VvAjt05OQG","MOOSPMv3Parser",1786117200,8,8,5,11,11,6,6,12,12,6,1552,429,43876,72,42,4,42,42,26,41,42,0,28,30,44,42,24.096,74,2,35.949657,-119.049957,108.447998,9,600,58,3,"e00fce6808784ceaf209f949",2026-08-07 15:40:03.587,2026-08-07 15:40:03.815,2026-08-07 15:40:03.815,2026-08-07
"955","EKaOYRGbox","MOOSPMv3Parser",1786117201,5,5,3,7,7,3,3,8,8,3,1499,305,26670,48,24,4,24,24,30,23,24,0,32,34,31,31,31.117,93,2,36.139114,-120.368439,184.143005,8,600,58,3,"e00fce68e77e43df92405fdb",2026-08-07 15:40:03.8,2026-08-07 15:40:03.993,2026-08-07 15:40:03.993,2026-08-07
"956","Ty1HKY1FHv","MOOSPMv3Parser",1786117201,4,4,4,6,6,4,4,7,7,4,1030,260,29252,46,32,3,32,32,30,22,32,0,36,35,25,29,37.601,90,2,36.139069,-120.368393,185.785004,6,600,58,3,"e00fce6850cac69f647dc199",2026-08-07 15:40:04.111,2026-08-07 15:40:04.325,2026-08-07 15:40:04.325,2026-08-07
"957","9kZE7ysg5k","MOOSPMv3Parser",1786117201,4,4,4,6,6,4,4,7,7,4,830,259,32461,45,30,3,31,31,0,0,31,0,32,34,29,31,23.52,74,2,36.139095,-120.368408,173.742996,10,600,58,3,"e00fce6876826e255108c6bd",2026-08-07 15:40:05.396,2026-08-07 15:40:05.583,2026-08-07 15:40:05.583,2026-08-07
"958","uSoSufYoLq","MOOSPMv3Parser",1786117200,13,13,8,17,17,9,9,18,18,9,2445,673,75185,95,65,5,65,65,24,56,65,0,27,26,50,52,18.839,75,3,36.523186,-119.278809,68.613998,8,600,58,3,"e00fce68f12da1a0c5de6248",2026-08-07 15:40:16.994,2026-08-07 15:40:17.152,2026-08-07 15:40:17.152,2026-08-07
"959","VNHVdSBy2E","MOOSPMv3Parser",1786117801,0,0,4,2,2,4,4,2,2,4,326,227,25943,39,30,3,30,30,32,28,30,0,32,36,32,29,28.156,89,2,36.139015,-120.368484,163.141006,9,600,58,3,"e00fce68d6b773b56ce8baa0",2026-08-07 15:50:03.089,2026-08-07 15:50:03.272,2026-08-07 15:50:03.272,2026-08-07
"960","BnXg2DenGD","MOOSPMv3Parser",1786117801,7,7,7,11,11,7,7,11,11,7,1602,392,66274,70,52,6,52,52,28,29,52,0,28,33,37,32,12.186,353,1,36.762753,-119.798729,51.147999,8,599,58,3,"e00fce68e88237db75a60608",2026-08-07 15:50:03.336,2026-08-07 15:50:03.504,2026-08-07 15:50:03.504,2026-08-07
"961","LdcIP9gES7","MOOSPMv3Parser",1786117800,5,5,0,8,8,0,0,9,9,0,1260,330,0,64,0,6,0,0,28,23,0,2,29,33,33,31,25.982,98,2,36.187466,-119.822014,21.415001,10,600,58,3,"e00fce68e739ecbcf9e91965",2026-08-07 15:50:03.356,2026-08-07 15:50:03.58,2026-08-07 15:50:03.58,2026-08-07
"962","8UPeAAPKlM","MOOSPMv3Parser",1786117800,7,7,5,11,11,5,5,12,12,5,1512,413,43911,72,40,5,40,40,27,39,40,0,29,31,43,40,24.876,76,2,35.949596,-119.050056,112.079002,9,600,58,3,"e00fce6808784ceaf209f949",2026-08-07 15:50:03.556,2026-08-07 15:50:03.769,2026-08-07 15:50:03.769,2026-08-07
"963","At40VZliel","MOOSPMv3Parser",1786117801,6,6,5,9,9,6,6,9,9,6,1181,337,41426,65,42,4,42,42,29,26,42,1,30,34,37,33,31.162,97,3277,3.2e-05,-0.004286,17152.310547,11,600,58,3,"e00fce68e28dcbc9a589be10",2026-08-07 15:50:03.643,2026-08-07 15:50:03.816,2026-08-07 15:50:03.816,2026-08-07
"964","kTr1dNJVey","MOOSPMv3Parser",1786117801,5,5,3,7,7,3,3,7,7,3,1425,285,26689,43,22,3,22,22,31,21,22,0,33,35,31,30,34.158,73,2,36.138996,-120.368385,172.658005,7,600,58,3,"e00fce68e77e43df92405fdb",2026-08-07 15:50:03.718,2026-08-07 15:50:03.946,2026-08-07 15:50:03.946,2026-08-07
"965","l52Q0k3yUy","MOOSPMv3Parser",1786117801,0,0,2,1,1,2,2,1,1,2,291,190,19012,29,17,2,17,17,31,30,17,0,32,35,31,29,38.064,61,2,36.139206,-120.368416,189.289993,7,599,58,3,"e00fce686dc2ef0a68fa40b0",2026-08-07 15:50:03.804,2026-08-07 15:50:03.954,2026-08-07 15:50:03.954,2026-08-07
"966","1Zoj1TuLyD","MOOSPMv3Parser",1786117801,4,4,4,6,6,4,4,7,7,4,998,246,29279,45,30,3,30,30,31,20,30,0,37,36,25,28,41.346,64,2,36.139011,-120.368431,183.845001,5,600,58,3,"e00fce6850cac69f647dc199",2026-08-07 15:50:04.699,2026-08-07 15:50:04.85,2026-08-07 15:50:04.85,2026-08-07
"967","VzaptfIl1e","MOOSPMv3Parser",1786117800,13,13,9,17,17,9,9,18,18,9,2501,679,75244,94,67,5,68,68,24,55,68,0,27,27,50,51,18.986,75,3,36.523319,-119.278763,80.696999,6,600,58,3,"e00fce68f12da1a0c5de6248",2026-08-07 15:50:07.495,2026-08-07 15:50:07.666,2026-08-07 15:50:07.666,2026-08-07
"968","zRqYc907JM","MOOSPMv3Parser",1786117801,3,3,4,5,5,4,4,6,6,4,760,234,32486,39,29,2,29,29,0,0,29,0,32,35,30,30,25.373,74,2,36.139126,-120.368454,173.690994,6,600,58,3,"e00fce6876826e255108c6bd",2026-08-07 15:50:10.028,2026-08-07 15:50:10.252,2026-08-07 15:50:10.252,2026-08-07
"969","N5b7SMKXQC","MOOSPMv3Parser",1786118401,0,0,2,1,1,2,2,1,1,2,287,185,19028,29,18,2,18,18,32,28,18,0,33,36,29,27,38.886,64,2,36.139084,-120.368393,176.238007,7,599,58,3,"e00fce686dc2ef0a68fa40b0",2026-08-07 16:00:02.927,2026-08-07 16:00:03.418,2026-08-07 16:00:03.418,2026-08-07
"970","5Hmy2EZ3tu","MOOSPMv3Parser",1786118400,5,5,0,8,8,0,0,9,9,0,1227,319,0,65,0,4,0,0,29,20,0,2,29,33,31,29,23.994,83,2,36.187378,-119.822067,1.479,9,600,58,3,"e00fce68e739ecbcf9e91965",2026-08-07 16:00:03.285,2026-08-07 16:00:04.007,2026-08-07 16:00:04.007,2026-08-07
"971","KrjOHumOT3","MOOSPMv3Parser",1786118401,7,7,7,11,11,7,7,11,11,8,1665,403,66320,68,53,5,53,53,29,27,53,0,28,33,36,31,12.974,355,1,36.762722,-119.798721,54.643002,10,599,58,3,"e00fce68e88237db75a60608",2026-08-07 16:00:03.409,2026-08-07 16:00:04.028,2026-08-07 16:00:04.028,2026-08-07
"972","gj7RZfuxaG","MOOSPMv3Parser",1786118400,7,7,5,11,11,5,5,11,11,5,1513,417,43943,73,37,4,37,37,28,35,37,0,30,32,41,38,26.409,75,2,35.949654,-119.050079,104.113998,7,600,58,3,"e00fce6808784ceaf209f949",2026-08-07 16:00:03.488,2026-08-07 16:00:04.277,2026-08-07 16:00:04.277,2026-08-07
"973","4RoWqmu87k","MOOSPMv3Parser",1786118401,0,0,4,2,2,4,4,3,3,4,321,226,25970,41,32,4,32,32,33,27,32,0,32,37,30,28,28.074,89,2,36.138992,-120.368309,179.658005,11,600,58,3,"e00fce68d6b773b56ce8baa0",2026-08-07 16:00:03.502,2026-08-07 16:00:04.417,2026-08-07 16:00:04.417,2026-08-07
"974","7XMHmS3XFL","MOOSPMv3Parser",1786118401,5,5,5,8,8,5,5,9,9,5,1135,323,41458,59,38,4,38,38,30,25,38,0,31,35,35,31,32.592,79,3277,3.2e-05,-0.004286,17152.310547,11,600,58,3,"e00fce68e28dcbc9a589be10",2026-08-07 16:00:03.549,2026-08-07 16:00:04.821,2026-08-07 16:00:04.821,2026-08-07
"975","TH39kEuXcs","MOOSPMv3Parser",1786118401,5,5,3,7,7,3,3,7,7,3,1439,287,26711,45,25,3,25,25,32,19,25,0,33,36,29,28,35.211,71,2,36.139046,-120.36837,179.645996,8,600,58,3,"e00fce68e77e43df92405fdb",2026-08-07 16:00:03.734,2026-08-07 16:00:04.869,2026-08-07 16:00:04.869,2026-08-07
"976","KCSS5GBzLm","MOOSPMv3Parser",1786118400,13,13,8,18,18,9,9,19,19,9,2481,692,75302,96,66,6,67,67,25,54,67,0,28,27,50,51,20.431,77,4,36.523365,-119.27874,84.342003,3,600,58,3,"e00fce68f12da1a0c5de6248",2026-08-07 16:00:05.089,2026-08-07 16:00:05.53,2026-08-07 16:00:05.53,2026-08-07
"977","ezWR2hI3ML","MOOSPMv3Parser",1786118401,4,4,4,6,6,4,4,7,7,4,809,249,32511,41,29,5,29,29,0,0,29,0,33,36,29,29,25.456,74,2,36.139023,-120.368462,167.697006,8,600,58,3,"e00fce6876826e255108c6bd",2026-08-07 16:00:05.44,2026-08-07 16:00:05.845,2026-08-07 16:00:05.845,2026-08-07
"978","mEvrU87ON3","MOOSPMv3Parser",1786118401,4,4,4,7,7,4,4,7,7,4,1036,254,29305,48,30,4,30,30,32,19,30,0,37,37,23,27,42.014,67,2,36.13903,-120.368301,182.973007,6,600,58,3,"e00fce6850cac69f647dc199",2026-08-07 16:00:05.498,2026-08-07 16:00:06.203,2026-08-07 16:00:06.203,2026-08-07
"979","sJAG2SBH6U","MOOSPMv3Parser",1786119001,0,0,4,2,2,4,4,2,2,4,321,224,25995,38,30,3,30,30,34,27,30,0,33,37,31,27,29.503,77,2,36.138992,-120.368309,179.660004,0,600,58,3,"e00fce68d6b773b56ce8baa0",2026-08-07 16:10:03.17,2026-08-07 16:10:03.363,2026-08-07 16:10:03.363,2026-08-07
"980","MGejQe2O4J","MOOSPMv3Parser",1786119001,0,0,2,0,0,2,2,1,1,2,285,185,19041,28,16,2,16,16,32,28,16,0,33,37,30,26,40.604,59,2,36.139027,-120.368362,168.858994,7,599,58,3,"e00fce686dc2ef0a68fa40b0",2026-08-07 16:10:03.266,2026-08-07 16:10:03.425,2026-08-07 16:10:03.425,2026-08-07
"981","kHEmEDmfQk","MOOSPMv3Parser",1786119000,4,4,0,8,8,0,0,9,9,0,1212,318,0,60,0,4,0,0,29,20,0,2,30,33,31,29,27.199,56,2,36.187534,-119.821999,34.702,9,600,58,3,"e00fce68e739ecbcf9e91965",2026-08-07 16:10:03.276,2026-08-07 16:10:03.445,2026-08-07 16:10:03.445,2026-08-07
"982","Uw3NKw6UXp","MOOSPMv3Parser",1786119001,7,7,7,12,12,7,7,12,12,8,1656,411,66366,75,52,7,53,53,29,26,53,0,29,34,36,30,14.144,352,1,36.762638,-119.79882,45.042999,9,599,58,3,"e00fce68e88237db75a60608",2026-08-07 16:10:03.272,2026-08-07 16:10:03.452,2026-08-07 16:10:03.452,2026-08-07
"983","tb3aR91iC0","MOOSPMv3Parser",1786119000,7,7,5,11,11,5,5,11,11,5,1474,402,43977,70,39,5,39,39,29,35,39,0,30,34,43,38,26.028,84,2,35.949413,-119.049934,136.658997,6,600,58,3,"e00fce6808784ceaf209f949",2026-08-07 16:10:03.522,2026-08-07 16:10:03.693,2026-08-07 16:10:03.693,2026-08-07
"984","Qy0uUsutuW","MOOSPMv3Parser",1786119001,5,5,5,8,8,5,5,8,8,5,1091,312,41491,59,37,3,37,37,31,23,37,0,31,36,34,30,33.439,80,3277,3.2e-05,-0.004286,17152.310547,11,600,58,3,"e00fce68e28dcbc9a589be10",2026-08-07 16:10:03.541,2026-08-07 16:10:03.702,2026-08-07 16:10:03.702,2026-08-07
"985","rfAzoRvJ0T","MOOSPMv3Parser",1786119001,4,4,3,7,7,3,3,7,7,3,1385,272,26732,41,24,2,24,24,32,19,24,0,33,37,29,29,36.892,62,2,36.138996,-120.368408,173.078003,8,600,58,3,"e00fce68e77e43df92405fdb",2026-08-07 16:10:03.571,2026-08-07 16:10:03.79,2026-08-07 16:10:03.79,2026-08-07
"986","MRy5IkKRDm","MOOSPMv3Parser",1786119001,4,4,4,6,6,4,4,6,6,4,983,238,29331,42,30,3,30,30,33,18,30,0,38,38,24,27,44.668,62,2,36.138992,-120.368431,173.169006,5,600,58,3,"e00fce6850cac69f647dc199",2026-08-07 16:10:03.877,2026-08-07 16:10:04.097,2026-08-07 16:10:04.097,2026-08-07
"987","vCDUwbV8TU","MOOSPMv3Parser",1786119001,3,3,4,6,6,4,4,7,7,4,789,242,32536,46,29,4,29,29,0,0,29,0,33,37,30,29,26.447,75,2,36.139057,-120.368263,194.328995,5,600,58,3,"e00fce6876826e255108c6bd",2026-08-07 16:10:10.172,2026-08-07 16:10:10.368,2026-08-07 16:10:10.368,2026-08-07
"988","LXigdOB2j5","MOOSPMv3Parser",1786119000,12,12,9,17,17,9,9,18,18,9,2372,656,75360,98,67,6,67,67,25,53,67,0,28,28,48,50,21.661,75,4,36.523354,-119.278801,84.807999,7,600,58,3,"e00fce68f12da1a0c5de6248",2026-08-07 16:10:38.068,2026-08-07 16:10:38.292,2026-08-07 16:10:38.292,2026-08-07
"989","nH0HCWB29S","MOOSPMv3Parser",1786119600,4,4,0,8,8,0,0,9,9,0,1222,317,0,63,0,5,0,0,30,19,0,2,30,34,30,28,30.889,45,2,36.187496,-119.82209,36.851002,7,600,58,3,"e00fce68e739ecbcf9e91965",2026-08-07 16:20:03.285,2026-08-07 16:20:03.441,2026-08-07 16:20:03.441,2026-08-07
"990","mB2wwxlbzR","MOOSPMv3Parser",1786119601,7,7,6,11,11,7,7,12,12,7,1666,400,66410,69,51,6,51,51,30,24,51,0,29,35,34,29,14.978,361,1,36.762669,-119.798782,62.541,10,599,58,3,"e00fce68e88237db75a60608",2026-08-07 16:20:03.391,2026-08-07 16:20:03.554,2026-08-07 16:20:03.554,2026-08-07
"991","FSxFMMBg5d","MOOSPMv3Parser",1786119601,0,0,4,3,3,4,4,3,3,4,332,235,26064,42,31,4,31,31,34,26,31,0,33,38,30,27,29.214,79,2,36.139,-120.368408,167.701996,9,599,58,3,"e00fce68d6b773b56ce8baa0",2026-08-07 16:20:03.454,2026-08-07 16:20:03.665,2026-08-07 16:20:03.665,2026-08-07
"992","Cy04CvNw7R","MOOSPMv3Parser",1786119600,7,7,5,11,11,5,5,11,11,5,1504,412,44009,72,37,4,37,37,30,30,37,0,31,35,38,33,27.144,88,2,35.949413,-119.049965,112.088997,5,600,58,3,"e00fce6808784ceaf209f949",2026-08-07 16:20:03.564,2026-08-07 16:20:03.725,2026-08-07 16:20:03.725,2026-08-07
"993","FCidrHZTDP","MOOSPMv3Parser",1786119601,0,0,2,1,1,3,3,1,1,3,296,192,19057,30,19,2,19,19,33,27,19,0,33,38,29,26,41.36,68,2,36.139042,-120.368416,170.983002,7,599,58,3,"e00fce686dc2ef0a68fa40b0",2026-08-07 16:20:03.568,2026-08-07 16:20:03.744,2026-08-07 16:20:03.744,2026-08-07
"994","AL94JxQjMv","MOOSPMv3Parser",1786119601,5,5,3,7,7,3,4,8,8,4,1498,298,26753,46,24,3,24,24,33,18,24,0,33,37,29,27,37.55,66,2,36.138977,-120.368401,179.507996,7,600,58,3,"e00fce68e77e43df92405fdb",2026-08-07 16:20:03.589,2026-08-07 16:20:03.784,2026-08-07 16:20:03.784,2026-08-07
"995","N14KQDepx8","MOOSPMv3Parser",1786119601,6,6,5,8,8,5,5,9,9,5,1118,317,41522,59,36,3,36,36,31,22,36,0,32,37,33,29,34.739,77,3277,3.2e-05,-0.004286,17152.310547,11,600,58,3,"e00fce68e28dcbc9a589be10",2026-08-07 16:20:03.668,2026-08-07 16:20:03.901,2026-08-07 16:20:03.901,2026-08-07
"996","fJM9rgLXEk","MOOSPMv3Parser",1786119601,4,4,4,7,7,4,4,7,7,4,1039,257,29358,47,31,2,31,31,33,17,31,0,38,38,23,26,44.958,73,2,36.138958,-120.368355,190.115005,8,600,58,3,"e00fce6850cac69f647dc199",2026-08-07 16:20:04.28,2026-08-07 16:20:04.467,2026-08-07 16:20:04.467,2026-08-07
"997","o170UzgR7y","MOOSPMv3Parser",1786119601,4,4,4,6,6,4,4,7,7,4,797,242,32562,42,30,4,30,30,1,0,30,0,33,37,29,28,26.193,75,2,36.139057,-120.368263,194.330002,0,600,58,3,"e00fce6876826e255108c6bd",2026-08-07 16:20:05.408,2026-08-07 16:20:05.653,2026-08-07 16:20:05.653,2026-08-07
"998","FJEgZZshT1","MOOSPMv3Parser",1786119600,11,11,8,16,16,9,9,17,17,9,2287,629,75417,93,65,4,65,65,26,52,65,0,29,29,47,48,22.392,106,5,36.523338,-119.278831,80.694,7,600,58,3,"e00fce68f12da1a0c5de6248",2026-08-07 16:20:40.67,2026-08-07 16:20:40.823,2026-08-07 16:20:40.823,2026-08-07
"999","Qj3IrxOqZQ","MOOSPMv3Parser",1786120201,0,0,2,1,1,2,3,1,1,3,299,195,19072,31,18,2,18,18,33,26,18,0,33,38,29,25,42.773,63,1,36.139011,-120.36837,181.242996,7,599,58,3,"e00fce686dc2ef0a68fa40b0",2026-08-07 16:30:02.678,2026-08-07 16:30:02.876,2026-08-07 16:30:02.876,2026-08-07
"1000","ECu2nK29Rd","MOOSPMv3Parser",1786120201,7,7,6,10,10,7,7,11,11,8,1584,372,66453,65,50,6,51,51,31,22,51,0,30,36,32,27,17.032,355,1,36.762711,-119.798805,74.834999,7,599,58,3,"e00fce68e88237db75a60608",2026-08-07 16:30:03.321,2026-08-07 16:30:03.483,2026-08-07 16:30:03.483,2026-08-07
"1001","zwf5FDhcql","MOOSPMv3Parser",1786120201,0,0,4,3,3,4,4,3,3,4,338,241,26090,42,31,4,31,31,35,25,31,0,33,38,29,26,30.528,70,2,36.138973,-120.368431,165.556,10,599,58,3,"e00fce68d6b773b56ce8baa0",2026-08-07 16:30:03.299,2026-08-07 16:30:03.491,2026-08-07 16:30:03.491,2026-08-07
"1002","Zx3HrnOCdd","MOOSPMv3Parser",1786120200,5,5,0,8,8,0,0,9,9,0,1242,324,0,63,0,4,0,0,30,19,0,2,31,35,31,28,31.422,69,2,36.1875,-119.821861,29.417999,8,600,58,3,"e00fce68e739ecbcf9e91965",2026-08-07 16:30:03.437,2026-08-07 16:30:03.568,2026-08-07 16:30:03.568,2026-08-07
"1003","lq2z8C22Ym","MOOSPMv3Parser",1786120200,11,11,8,16,16,9,9,17,17,9,2239,618,75473,94,64,5,64,64,26,48,64,0,30,30,44,45,24.963,97,5,36.523235,-119.278816,60.043999,6,600,58,3,"e00fce68f12da1a0c5de6248",2026-08-07 16:30:03.607,2026-08-07 16:30:03.767,2026-08-07 16:30:03.767,2026-08-07
"1004","oJ160Tvf2B","MOOSPMv3Parser",1786120200,7,7,4,10,10,5,5,11,11,5,1457,397,44039,71,35,4,35,35,30,29,35,0,31,36,37,33,29.126,76,2,35.949593,-119.049896,119.351997,8,600,58,3,"e00fce6808784ceaf209f949",2026-08-07 16:30:03.617,2026-08-07 16:30:03.806,2026-08-07 16:30:03.806,2026-08-07
"1005","wOsLnOPXIf","MOOSPMv3Parser",1786120201,5,5,3,8,8,4,4,8,8,4,1590,305,26774,47,25,3,25,25,33,17,25,0,34,37,28,27,39.077,61,2,36.139065,-120.368401,148.311996,7,600,58,3,"e00fce68e77e43df92405fdb",2026-08-07 16:30:03.652,2026-08-07 16:30:03.827,2026-08-07 16:30:03.827,2026-08-07
"1006","bCGtoIyTeN","MOOSPMv3Parser",1786120201,5,5,5,8,8,5,5,8,8,5,1087,307,41553,52,37,2,37,37,32,21,37,0,32,38,32,27,36.522,64,3277,3.2e-05,-0.004286,17152.310547,11,600,58,3,"e00fce68e28dcbc9a589be10",2026-08-07 16:30:03.664,2026-08-07 16:30:03.849,2026-08-07 16:30:03.849,2026-08-07
"1007","ADVuPApVGU","MOOSPMv3Parser",1786120201,4,4,4,6,6,4,4,7,7,4,1019,251,29385,46,31,3,31,31,34,16,31,0,38,39,23,25,47.329,68,2,36.138958,-120.368355,190.117004,0,600,58,3,"e00fce6850cac69f647dc199",2026-08-07 16:30:04.453,2026-08-07 16:30:04.65,2026-08-07 16:30:04.65,2026-08-07
"1008","IG2Q0FbuRO","MOOSPMv3Parser",1786120201,4,4,4,7,7,4,4,8,8,4,864,267,32588,50,30,5,30,30,0,0,30,0,34,38,28,27,27.351,75,2,36.139126,-120.368423,155.113007,5,600,58,3,"e00fce6876826e255108c6bd",2026-08-07 16:30:05.786,2026-08-07 16:30:05.957,2026-08-07 16:30:05.957,2026-08-07
"1009","PW1UroZGLS","MOOSPMv3Parser",1786120801,0,0,2,1,1,2,2,1,1,2,293,188,19087,27,18,2,18,18,34,27,18,0,34,38,29,25,42.25,68,1,36.138977,-120.368355,174.694,5,599,58,3,"e00fce686dc2ef0a68fa40b0",2026-08-07 16:40:03.086,2026-08-07 16:40:03.256,2026-08-07 16:40:03.256,2026-08-07
"1010","wGsYzDf76C","MOOSPMv3Parser",1786120800,5,5,0,10,10,0,0,10,10,0,1403,365,0,74,0,5,0,0,31,19,0,2,31,36,30,28,33.363,68,2,36.187458,-119.822052,28.24,7,600,58,3,"e00fce68e739ecbcf9e91965",2026-08-07 16:40:03.286,2026-08-07 16:40:03.415,2026-08-07 16:40:03.415,2026-08-07
"1011","defFSEFk48","MOOSPMv3Parser",1786120801,0,0,4,3,3,4,4,3,3,4,334,233,26115,41,30,4,30,30,35,25,30,0,34,39,29,26,30.179,76,2,36.139008,-120.368401,166.735001,11,599,58,3,"e00fce68d6b773b56ce8baa0",2026-08-07 16:40:03.382,2026-08-07 16:40:03.57,2026-08-07 16:40:03.57,2026-08-07
"1012","3SXvi3EIHN","MOOSPMv3Parser",1786120800,11,11,8,15,15,8,8,16,16,8,2221,613,75528,90,63,4,63,63,27,44,63,0,30,31,41,42,28.122,63,5,36.523266,-119.278824,86.401001,8,600,58,3,"e00fce68f12da1a0c5de6248",2026-08-07 16:40:03.374,2026-08-07 16:40:03.584,2026-08-07 16:40:03.584,2026-08-07
"1013","GWzJ53HAfZ","MOOSPMv3Parser",1786120801,5,5,4,8,8,5,5,8,8,5,1085,309,41582,53,34,3,34,34,33,20,34,0,32,38,31,26,38.084,53,3277,3.2e-05,-0.004286,17152.310547,11,600,58,3,"e00fce68e28dcbc9a589be10",2026-08-07 16:40:03.483,2026-08-07 16:40:03.657,2026-08-07 16:40:03.657,2026-08-07
"1014","TJLeVU88Tl","MOOSPMv3Parser",1786120801,7,7,6,10,10,7,7,10,10,7,1627,377,66384,65,48,3,48,48,31,22,49,0,30,36,33,28,18.616,342,1,36.762711,-119.798805,74.835999,0,600,58,3,"e00fce68e88237db75a60608",2026-08-07 16:40:03.502,2026-08-07 16:40:03.698,2026-08-07 16:40:03.698,2026-08-07
"1015","ORdWnEBVbO","MOOSPMv3Parser",1786120800,6,6,4,9,9,4,4,9,9,4,1291,348,44065,59,30,4,30,30,31,26,30,0,32,36,38,31,30.82,59,2,35.949577,-119.049942,116.439003,7,600,58,3,"e00fce6808784ceaf209f949",2026-08-07 16:40:03.558,2026-08-07 16:40:03.715,2026-08-07 16:40:03.715,2026-08-07
"1016","yrRf0tpP9Y","MOOSPMv3Parser",1786120801,5,5,3,7,7,3,3,8,8,3,1572,293,26795,44,24,3,24,24,34,18,24,0,34,38,29,27,38.926,66,1,36.13905,-120.368378,154.511993,6,600,58,3,"e00fce68e77e43df92405fdb",2026-08-07 16:40:03.628,2026-08-07 16:40:03.837,2026-08-07 16:40:03.837,2026-08-07
"1017","RTQCWtbKY8","MOOSPMv3Parser",1786120801,4,4,4,7,7,4,4,7,7,4,1056,256,29411,45,30,3,30,30,34,16,30,0,39,39,23,26,47.181,79,2,36.138992,-120.368362,178.593994,10,600,58,3,"e00fce6850cac69f647dc199",2026-08-07 16:40:04.978,2026-08-07 16:40:05.153,2026-08-07 16:40:05.153,2026-08-07
"1018","5SvajxCVDt","MOOSPMv3Parser",1786120801,4,4,3,6,6,4,4,7,7,4,782,240,32612,45,27,4,27,27,0,0,27,0,34,39,28,27,27.249,75,2,36.139118,-120.368431,165.104004,5,600,58,3,"e00fce6876826e255108c6bd",2026-08-07 16:40:21.896,2026-08-07 16:40:22.098,2026-08-07 16:40:22.098,2026-08-07
"1019","Lu5Sw5DrgR","MOOSPMv3Parser",1786121401,0,0,4,2,2,4,4,2,2,4,326,227,26139,40,29,4,29,29,36,25,29,0,34,40,29,26,30.644,79,2,36.139023,-120.368408,173.992996,8,599,58,3,"e00fce68d6b773b56ce8baa0",2026-08-07 16:50:03.137,2026-08-07 16:50:03.377,2026-08-07 16:50:03.377,2026-08-07
"1020","mtneyv8GQc","MOOSPMv3Parser",1786121401,0,0,2,0,0,2,2,0,0,2,295,193,19101,27,17,1,17,17,34,26,17,0,34,39,29,25,41.969,71,1,36.138893,-120.368347,194.585999,5,599,58,3,"e00fce686dc2ef0a68fa40b0",2026-08-07 16:50:03.251,2026-08-07 16:50:03.406,2026-08-07 16:50:03.406,2026-08-07
"1021","LLPaovLysd","MOOSPMv3Parser",1786121400,5,5,0,9,9,0,0,10,10,0,1378,350,0,72,0,6,0,0,32,18,0,2,32,37,30,27,35.815,55,2,36.187389,-119.822151,24.313999,7,600,58,3,"e00fce68e739ecbcf9e91965",2026-08-07 16:50:03.311,2026-08-07 16:50:03.486,2026-08-07 16:50:03.486,2026-08-07
"1022","2Ed7BYEhyr","MOOSPMv3Parser",1786121401,6,6,6,10,10,7,7,10,10,7,1670,377,66538,67,49,5,50,50,32,21,50,1,31,37,31,26,20.263,343,1,36.762714,-119.798729,67.460999,7,599,58,3,"e00fce68e88237db75a60608",2026-08-07 16:50:03.4,2026-08-07 16:50:03.614,2026-08-07 16:50:03.614,2026-08-07
"1023","xcVAQHIPmj","MOOSPMv3Parser",1786121400,6,6,4,9,9,4,4,10,10,4,1328,354,44093,58,32,4,32,32,32,28,32,0,32,37,37,33,32.138,57,1,35.949497,-119.050026,121.533997,7,600,58,3,"e00fce6808784ceaf209f949",2026-08-07 16:50:03.555,2026-08-07 16:50:03.754,2026-08-07 16:50:03.754,2026-08-07
"1024","MYpOYxNCZU","MOOSPMv3Parser",1786121401,5,5,4,7,7,5,5,8,8,5,1039,293,41612,55,35,3,35,35,33,18,35,0,33,39,31,26,39.089,57,3277,3.2e-05,-0.004286,17152.310547,11,600,58,3,"e00fce68e28dcbc9a589be10",2026-08-07 16:50:03.726,2026-08-07 16:50:03.941,2026-08-07 16:50:03.941,2026-08-07
"1025","whHH9awaoI","MOOSPMv3Parser",1786121401,5,5,3,7,7,3,3,7,7,3,1564,294,26814,44,22,3,22,22,34,17,22,0,34,38,28,27,39.117,72,1,36.13905,-120.368378,154.509995,0,600,58,3,"e00fce68e77e43df92405fdb",2026-08-07 16:50:03.824,2026-08-07 16:50:03.996,2026-08-07 16:50:03.996,2026-08-07
"1026","NhYpAISDEI","MOOSPMv3Parser",1786121400,10,10,7,14,14,7,7,14,14,7,1969,538,75574,79,53,4,53,53,28,43,53,0,31,32,41,41,29.87,53,6,36.523193,-119.27877,60.535999,6,600,58,3,"e00fce68f12da1a0c5de6248",2026-08-07 16:50:03.993,2026-08-07 16:50:04.157,2026-08-07 16:50:04.157,2026-08-07
"1027","ATzprULBgT","MOOSPMv3Parser",1786121401,4,4,3,6,6,4,4,6,6,4,803,245,32635,42,27,3,27,27,0,0,27,0,34,39,28,26,27.558,75,1,36.138947,-120.368385,183.145996,6,600,58,3,"e00fce6876826e255108c6bd",2026-08-07 16:50:05.391,2026-08-07 16:50:05.609,2026-08-07 16:50:05.609,2026-08-07
"1028","zv8x9a7K5X","MOOSPMv3Parser",1786121401,4,4,4,6,6,4,4,7,7,4,1032,246,29435,47,28,3,28,28,34,16,28,0,39,40,23,25,47.238,90,1,36.138992,-120.368423,172.391998,8,600,58,3,"e00fce6850cac69f647dc199",2026-08-07 16:50:09.961,2026-08-07 16:50:10.159,2026-08-07 16:50:10.159,2026-08-07
"1029","RJMcDjrxhm","MOOSPMv3Parser",1786122000,5,5,0,8,8,0,0,9,9,0,1276,331,0,62,0,6,0,0,32,17,0,2,32,37,29,26,38.189,41,2,36.187447,-119.822121,24.580999,7,600,58,3,"e00fce68e739ecbcf9e91965",2026-08-07 17:00:03.366,2026-08-07 17:00:03.794,2026-08-07 17:00:03.794,2026-08-07
"1030","lCZIvoDSly","MOOSPMv3Parser",1786122001,0,0,4,2,2,4,4,3,3,4,326,229,26163,40,28,4,28,28,36,24,28,0,34,40,29,25,31.191,78,2,36.138973,-120.368355,184.201996,9,599,58,3,"e00fce68d6b773b56ce8baa0",2026-08-07 17:00:03.457,2026-08-07 17:00:03.842,2026-08-07 17:00:03.842,2026-08-07
"1031","7VZV5rjBLM","MOOSPMv3Parser",1786122001,7,7,7,11,11,8,9,11,11,9,1751,399,66586,69,56,6,57,57,32,20,57,0,31,38,30,25,23.61,324,1,36.762794,-119.79879,62.193001,7,599,58,3,"e00fce68e88237db75a60608",2026-08-07 17:00:03.409,2026-08-07 17:00:03.977,2026-08-07 17:00:03.977,2026-08-07
"1032","X0iMhe14vu","MOOSPMv3Parser",1786122000,6,6,4,9,9,4,4,10,10,4,1341,360,44121,63,32,3,32,32,32,26,32,0,33,38,39,32,31.467,63,1,35.949497,-119.050026,121.533997,0,600,58,3,"e00fce6808784ceaf209f949",2026-08-07 17:00:03.657,2026-08-07 17:00:04.069,2026-08-07 17:00:04.069,2026-08-07
"1033","TaswWWr7vW","MOOSPMv3Parser",1786122001,5,5,4,8,8,4,4,8,8,4,1033,291,41641,55,33,2,33,33,34,17,33,0,34,40,29,25,38.79,68,3277,3.2e-05,-0.004286,17152.310547,11,600,58,3,"e00fce68e28dcbc9a589be10",2026-08-07 17:00:03.694,2026-08-07 17:00:04.18,2026-08-07 17:00:04.18,2026-08-07
"1034","uJwJDGhhR1","MOOSPMv3Parser",1786122000,9,9,6,12,12,6,6,13,13,6,1763,485,75616,71,48,4,48,48,29,35,48,0,31,33,36,35,30.733,52,6,36.523232,-119.278793,65.158997,6,600,58,3,"e00fce68f12da1a0c5de6248",2026-08-07 17:00:03.834,2026-08-07 17:00:04.374,2026-08-07 17:00:04.374,2026-08-07
"1035","hD5y8ZBCFL","MOOSPMv3Parser",1786122001,4,4,4,6,6,4,4,7,7,4,1045,252,29461,44,29,3,29,29,35,15,29,0,40,40,22,24,47.885,97,1,36.138966,-120.368385,184,9,600,58,3,"e00fce6850cac69f647dc199",2026-08-07 17:00:04.244,2026-08-07 17:00:04.584,2026-08-07 17:00:04.584,2026-08-07
"1036","BFsNNAOWNC","MOOSPMv3Parser",1786122001,5,5,3,7,7,3,3,7,7,3,1611,285,26833,43,22,2,22,22,34,16,22,0,34,39,27,26,39.873,77,1,36.139019,-120.368401,158.186996,5,600,58,3,"e00fce68e77e43df92405fdb",2026-08-07 17:00:05.268,2026-08-07 17:00:05.46,2026-08-07 17:00:05.46,2026-08-07
"1037","oLbfmXxWAx","MOOSPMv3Parser",1786122001,3,3,3,5,5,4,4,6,6,4,789,239,32658,37,26,3,27,27,0,0,27,0,35,40,27,25,27.315,76,1,36.13903,-120.3685,164.373001,7,600,58,3,"e00fce6876826e255108c6bd",2026-08-07 17:00:05.306,2026-08-07 17:00:05.471,2026-08-07 17:00:05.471,2026-08-07
"1038","ToZeSLTbOQ","MOOSPMv3Parser",1786122001,0,0,2,0,0,2,2,0,0,2,295,187,19083,27,16,2,16,16,34,26,16,0,34,39,28,24,42.79,73,1,36.138893,-120.36834,194.582993,0,600,58,3,"e00fce686dc2ef0a68fa40b0",2026-08-07 17:00:07.226,2026-08-07 17:00:07.454,2026-08-07 17:00:07.454,2026-08-07
"1039","NDwZE9G7l0","MOOSPMv3Parser",1786122601,0,0,2,0,0,2,2,0,0,2,302,197,19130,28,18,2,18,18,35,26,18,0,35,40,29,24,44.714,69,1,36.139019,-120.368408,171.313004,7,599,58,3,"e00fce686dc2ef0a68fa40b0",2026-08-07 17:10:02.531,2026-08-07 17:10:02.7,2026-08-07 17:10:02.7,2026-08-07
"1040","3xId5p0CtB","MOOSPMv3Parser",1786122601,6,6,6,9,9,6,7,10,10,7,1640,364,66622,58,43,4,43,43,32,19,44,1,31,38,30,25,28.303,266,1,36.762756,-119.798691,69.164001,9,599,58,3,"e00fce68e88237db75a60608",2026-08-07 17:10:03.241,2026-08-07 17:10:03.426,2026-08-07 17:10:03.426,2026-08-07
"1041","5Ufe11iOhO","MOOSPMv3Parser",1786122601,0,0,4,2,2,4,4,3,3,4,336,239,26187,40,29,4,29,29,37,24,29,0,34,41,29,25,32.175,75,2,36.138958,-120.36837,175.828003,9,599,58,3,"e00fce68d6b773b56ce8baa0",2026-08-07 17:10:03.294,2026-08-07 17:10:03.458,2026-08-07 17:10:03.458,2026-08-07
"1042","uG2Y5gdhBO","MOOSPMv3Parser",1786122600,8,8,5,11,11,6,6,11,11,6,1558,429,75653,63,42,3,42,42,29,32,42,0,31,34,33,32,33.337,38,5,36.523315,-119.27877,69.442001,5,600,58,3,"e00fce68f12da1a0c5de6248",2026-08-07 17:10:03.483,2026-08-07 17:10:03.629,2026-08-07 17:10:03.629,2026-08-07
"1043","CDPF3DDsDK","MOOSPMv3Parser",1786122600,5,5,0,9,9,0,0,9,9,0,1355,351,0,67,0,5,0,0,32,17,0,2,32,38,30,26,39.212,38,1,36.187447,-119.822121,24.575001,0,600,58,3,"e00fce68e739ecbcf9e91965",2026-08-07 17:10:03.453,2026-08-07 17:10:03.64,2026-08-07 17:10:03.64,2026-08-07
"1044","kF7SMfVYeg","MOOSPMv3Parser",1786122600,7,7,4,10,10,5,5,10,10,5,1389,381,44151,67,34,4,34,34,33,23,34,0,33,38,34,29,32.58,69,1,35.949577,-119.049973,112.043999,12,600,58,3,"e00fce6808784ceaf209f949",2026-08-07 17:10:03.536,2026-08-07 17:10:03.693,2026-08-07 17:10:03.693,2026-08-07
"1045","sRN0gKHlzr","MOOSPMv3Parser",1786122601,5,5,4,7,7,4,4,8,8,4,1059,298,41670,49,34,2,34,34,34,17,34,0,34,40,29,24,39.563,65,3277,3.2e-05,-0.004286,17152.310547,11,600,58,3,"e00fce68e28dcbc9a589be10",2026-08-07 17:10:03.504,2026-08-07 17:10:03.73,2026-08-07 17:10:03.73,2026-08-07
"1046","VOYfgp8EzQ","MOOSPMv3Parser",1786122601,5,5,3,7,7,3,3,7,7,3,1653,297,26851,44,21,3,21,21,35,16,21,0,35,40,28,26,40.869,73,1,36.138966,-120.368401,179.723007,6,600,58,3,"e00fce68e77e43df92405fdb",2026-08-07 17:10:03.728,2026-08-07 17:10:03.936,2026-08-07 17:10:03.936,2026-08-07
"1047","QVckKul9Y0","MOOSPMv3Parser",1786122601,4,4,4,6,6,4,4,6,6,4,1080,259,29485,48,29,3,29,29,35,15,29,0,40,41,22,24,48.395,98,1,36.138882,-120.368553,172.134003,9,600,58,3,"e00fce6850cac69f647dc199",2026-08-07 17:10:04.358,2026-08-07 17:10:04.546,2026-08-07 17:10:04.546,2026-08-07
"1048","M4DPZ9pUp0","MOOSPMv3Parser",1786122601,4,4,3,6,6,4,4,7,7,4,816,248,32682,43,27,3,27,27,0,0,27,0,35,41,28,25,28.483,76,1,36.139011,-120.368416,177.192001,5,600,58,3,"e00fce6876826e255108c6bd",2026-08-07 17:10:05.498,2026-08-07 17:10:05.67,2026-08-07 17:10:05.67,2026-08-07
"1049","Fid1TC8wSo","MOOSPMv3Parser",1786123201,0,0,2,0,0,2,2,1,1,2,304,197,19144,29,17,2,17,17,36,25,17,0,35,41,27,23,44.147,88,1,36.139069,-120.368393,172.675995,7,599,58,3,"e00fce686dc2ef0a68fa40b0",2026-08-07 17:20:02.834,2026-08-07 17:20:03.025,2026-08-07 17:20:03.025,2026-08-07
"1050","MUwxY17vPg","MOOSPMv3Parser",1786123200,5,5,0,9,9,0,0,9,9,0,1376,356,0,65,0,5,0,0,33,17,0,2,33,38,30,26,40.082,39,1,36.187389,-119.822128,23.614,6,600,58,3,"e00fce68e739ecbcf9e91965",2026-08-07 17:20:03.285,2026-08-07 17:20:03.45,2026-08-07 17:20:03.45,2026-08-07
"1051","kxKMydNbDm","MOOSPMv3Parser",1786123201,5,5,4,7,7,5,5,7,7,5,1015,284,41699,49,34,3,34,34,35,17,34,0,34,41,29,24,39.931,69,3277,3.2e-05,-0.004286,17152.310547,11,600,58,3,"e00fce68e28dcbc9a589be10",2026-08-07 17:20:03.454,2026-08-07 17:20:03.625,2026-08-07 17:20:03.625,2026-08-07
"1052","HQxWH6iAiz","MOOSPMv3Parser",1786123201,6,6,5,8,8,5,5,9,9,5,1551,335,66545,51,39,3,39,39,33,18,39,0,32,38,28,24,31.592,231,1,36.762611,-119.798737,48.258999,5,600,58,3,"e00fce68e88237db75a60608",2026-08-07 17:20:03.474,2026-08-07 17:20:03.658,2026-08-07 17:20:03.658,2026-08-07
"1053","hXyNlMSlj1","MOOSPMv3Parser",1786123201,0,0,4,2,2,4,4,3,3,4,340,241,26211,44,28,4,29,29,37,24,29,0,34,41,29,24,31.92,84,2,36.138973,-120.368378,184.705002,9,599,58,3,"e00fce68d6b773b56ce8baa0",2026-08-07 17:20:03.517,2026-08-07 17:20:03.69,2026-08-07 17:20:03.69,2026-08-07
"1054","dC8QusXscR","MOOSPMv3Parser",1786123200,6,6,4,9,9,4,4,9,9,4,1351,362,44178,56,31,3,31,31,33,22,31,0,33,39,34,28,32.994,63,1,35.949547,-119.049965,129.998001,8,600,58,3,"e00fce6808784ceaf209f949",2026-08-07 17:20:03.664,2026-08-07 17:20:03.838,2026-08-07 17:20:03.838,2026-08-07
"1055","k2FTccrm7x","MOOSPMv3Parser",1786123201,5,5,3,7,7,3,3,8,8,3,1705,306,26871,44,23,3,23,23,35,16,23,0,35,40,27,25,40.502,87,1,36.139027,-120.36837,176.328003,7,600,58,3,"e00fce68e77e43df92405fdb",2026-08-07 17:20:03.634,2026-08-07 17:20:03.849,2026-08-07 17:20:03.849,2026-08-07
"1056","FMlrJuE1zt","MOOSPMv3Parser",1786123200,7,7,5,10,10,5,5,10,10,5,1449,394,75686,55,38,3,38,38,30,30,38,0,32,35,34,32,34.572,33,5,36.523296,-119.278786,85.538002,7,600,58,3,"e00fce68f12da1a0c5de6248",2026-08-07 17:20:03.853,2026-08-07 17:20:04.021,2026-08-07 17:20:04.021,2026-08-07
"1057","puhGMbr9G0","MOOSPMv3Parser",1786123201,3,3,4,5,5,4,4,6,6,4,1031,247,29510,43,28,3,28,28,36,14,28,0,41,42,21,23,47.998,120,1,36.138996,-120.368332,167.916,9,600,58,3,"e00fce6850cac69f647dc199",2026-08-07 17:20:03.944,2026-08-07 17:20:04.134,2026-08-07 17:20:04.134,2026-08-07
"1058","EpcSD0MIBh","MOOSPMv3Parser",1786123201,4,4,3,6,6,4,4,6,6,4,784,239,32705,39,27,3,27,27,0,0,27,0,36,41,27,24,27.811,76,1,36.138958,-120.368423,170.013,5,600,58,3,"e00fce6876826e255108c6bd",2026-08-07 17:20:05.64,2026-08-07 17:20:05.807,2026-08-07 17:20:05.807,2026-08-07
"1059","VwgvSdM4fv","MOOSPMv3Parser",1786123801,0,0,4,2,2,4,4,3,3,4,336,235,26234,40,28,4,28,28,37,24,28,0,34,42,29,24,27.762,84,2,36.139053,-120.36837,192.955002,8,599,58,3,"e00fce68d6b773b56ce8baa0",2026-08-07 17:30:03.135,2026-08-07 17:30:03.346,2026-08-07 17:30:03.346,2026-08-07
"1060","fTwF3EjDb4","MOOSPMv3Parser",1786123800,7,7,5,9,9,5,5,10,10,5,1387,378,75720,52,39,3,39,39,31,26,39,0,32,36,30,28,34.966,38,4,36.523331,-119.27887,82.427002,7,600,58,3,"e00fce68f12da1a0c5de6248",2026-08-07 17:30:03.234,2026-08-07 17:30:03.421,2026-08-07 17:30:03.421,2026-08-07
"1061","lhwcHNQl7b","MOOSPMv3Parser",1786123801,0,0,2,0,0,3,3,0,0,3,303,196,19159,28,19,2,19,19,36,25,19,0,35,41,28,24,43.614,89,1,36.138988,-120.368469,168.843002,8,599,58,3,"e00fce686dc2ef0a68fa40b0",2026-08-07 17:30:03.396,2026-08-07 17:30:03.581,2026-08-07 17:30:03.581,2026-08-07
"1062","98KrBUM5BX","MOOSPMv3Parser",1786123801,5,5,5,7,7,5,5,8,8,5,1426,301,66576,46,35,3,35,35,34,16,35,0,32,39,27,23,37.345,147,1,36.762733,-119.798805,32.744999,6,600,58,3,"e00fce68e88237db75a60608",2026-08-07 17:30:03.416,2026-08-07 17:30:03.598,2026-08-07 17:30:03.598,2026-08-07
"1063","wXxCGgnuM0","MOOSPMv3Parser",1786123800,6,6,0,10,10,0,0,10,10,0,1462,384,0,77,0,5,0,0,33,16,0,2,33,39,28,25,40.498,41,1,36.187431,-119.82222,19.912001,6,600,58,3,"e00fce68e739ecbcf9e91965",2026-08-07 17:30:03.513,2026-08-07 17:30:03.694,2026-08-07 17:30:03.694,2026-08-07
"1064","wft8pjcSuw","MOOSPMv3Parser",1786123801,4,4,4,7,7,5,5,7,7,5,1039,292,41728,51,34,3,34,34,35,16,34,0,35,41,27,23,40.103,77,3277,3.2e-05,-0.004286,17152.310547,11,600,58,3,"e00fce68e28dcbc9a589be10",2026-08-07 17:30:03.584,2026-08-07 17:30:03.798,2026-08-07 17:30:03.798,2026-08-07
"1065","eGV0YgnaHz","MOOSPMv3Parser",1786123801,5,5,3,7,7,3,3,7,7,3,1690,294,26890,43,22,2,22,22,36,16,22,0,35,41,28,25,41.04,89,1,36.139069,-120.368492,164.817993,7,600,58,3,"e00fce68e77e43df92405fdb",2026-08-07 17:30:03.719,2026-08-07 17:30:03.901,2026-08-07 17:30:03.901,2026-08-07
"1066","ovUfLuDXFa","MOOSPMv3Parser",1786123800,6,6,4,9,9,5,5,9,9,5,1313,349,44207,57,34,4,34,34,33,20,34,0,33,39,33,28,34.395,57,1,35.949596,-119.049866,139.779999,8,600,58,3,"e00fce6808784ceaf209f949",2026-08-07 17:30:03.681,2026-08-07 17:30:03.92,2026-08-07 17:30:03.92,2026-08-07
"1067","LeXqcPMlNr","MOOSPMv3Parser",1786123801,3,3,4,5,5,4,4,6,6,4,1049,248,29534,45,28,3,28,28,36,14,28,0,41,42,21,23,49.093,126,1,36.139038,-120.368393,174.791,8,600,58,3,"e00fce6850cac69f647dc199",2026-08-07 17:30:05.038,2026-08-07 17:30:05.222,2026-08-07 17:30:05.222,2026-08-07
"1068","Bi6fYnw747","MOOSPMv3Parser",1786123801,4,4,3,5,5,4,4,6,6,4,789,240,32728,35,26,2,26,26,0,0,26,0,36,42,27,24,28.691,76,1,36.13903,-120.368317,183.932007,5,600,58,3,"e00fce6876826e255108c6bd",2026-08-07 17:30:06.139,2026-08-07 17:30:06.33,2026-08-07 17:30:06.33,2026-08-07
"1069","6UDOfbJQoW","MOOSPMv3Parser",1786124400,5,5,0,9,9,0,0,9,9,0,1394,357,0,74,0,5,0,0,34,15,0,2,34,40,28,24,41.365,47,1,36.187435,-119.822006,33.869999,9,600,58,3,"e00fce68e739ecbcf9e91965",2026-08-07 17:40:03.365,2026-08-07 17:40:03.558,2026-08-07 17:40:03.558,2026-08-07
"1070","A7sVucTyAV","MOOSPMv3Parser",1786124401,5,5,4,7,7,4,4,8,8,4,1395,291,66604,46,32,4,33,33,34,15,33,0,33,40,26,22,41.242,110,1,36.762703,-119.798752,57.523998,13,600,58,3,"e00fce68e88237db75a60608",2026-08-07 17:40:03.427,2026-08-07 17:40:03.585,2026-08-07 17:40:03.585,2026-08-07
"1071","X5MkTAouep","MOOSPMv3Parser",1786124401,0,0,3,2,2,4,4,3,3,4,336,234,26257,40,27,4,27,27,37,24,27,0,34,42,29,25,27.859,87,1,36.139008,-120.368378,169,5,599,58,3,"e00fce68d6b773b56ce8baa0",2026-08-07 17:40:03.461,2026-08-07 17:40:03.632,2026-08-07 17:40:03.632,2026-08-07
"1072","pu4BnGMHTQ","MOOSPMv3Parser",1786124400,5,5,3,7,7,3,3,7,7,3,1123,298,44229,45,25,3,25,25,34,16,25,0,34,39,27,24,36.298,42,1,35.949501,-119.049911,100.133003,5,600,58,3,"e00fce6808784ceaf209f949",2026-08-07 17:40:03.508,2026-08-07 17:40:03.729,2026-08-07 17:40:03.729,2026-08-07
"1073","oYjGr0vHnk","MOOSPMv3Parser",1786124401,4,4,4,7,7,4,4,7,7,4,1039,294,41756,50,32,3,32,32,36,16,32,0,36,42,27,23,38.762,79,3277,3.2e-05,-0.004286,17152.310547,11,600,58,3,"e00fce68e28dcbc9a589be10",2026-08-07 17:40:03.62,2026-08-07 17:40:03.797,2026-08-07 17:40:03.797,2026-08-07
"1074","uJK8MvQ09G","MOOSPMv3Parser",1786124401,0,0,2,0,0,2,2,1,1,2,306,198,19173,28,17,2,17,17,36,25,17,0,36,41,27,24,43.483,99,1,36.13908,-120.368431,163.863007,7,599,58,3,"e00fce686dc2ef0a68fa40b0",2026-08-07 17:40:03.642,2026-08-07 17:40:03.8,2026-08-07 17:40:03.8,2026-08-07
"1075","HRrPS36cdu","MOOSPMv3Parser",1786124401,4,4,3,6,6,3,3,6,6,3,1721,288,26908,38,21,2,21,21,36,15,21,0,36,41,27,25,40.792,109,1,36.138954,-120.368378,186.149002,6,600,58,3,"e00fce68e77e43df92405fdb",2026-08-07 17:40:03.72,2026-08-07 17:40:03.97,2026-08-07 17:40:03.97,2026-08-07
"1076","Eel0dA8uey","MOOSPMv3Parser",1786124400,7,7,5,9,9,5,5,10,10,5,1373,374,75752,50,36,3,36,36,31,25,36,0,33,36,30,27,36.66,32,4,36.523308,-119.278862,110.987,5,600,58,3,"e00fce68f12da1a0c5de6248",2026-08-07 17:40:05.082,2026-08-07 17:40:05.285,2026-08-07 17:40:05.285,2026-08-07
"1077","rCx6aOxbuR","MOOSPMv3Parser",1786124401,3,3,4,5,5,4,4,6,6,4,1060,249,29559,42,28,2,28,28,36,14,28,0,42,42,21,24,48.871,142,1,36.139019,-120.368469,165.867004,9,600,58,3,"e00fce6850cac69f647dc199",2026-08-07 17:40:05.416,2026-08-07 17:40:05.596,2026-08-07 17:40:05.596,2026-08-07
"1078","RImY5GIIXt","MOOSPMv3Parser",1786124401,3,3,3,5,5,3,3,6,6,3,793,243,32750,39,26,4,26,26,0,0,26,0,37,42,26,25,28.105,76,1,36.138939,-120.368385,192.042999,5,600,58,3,"e00fce6876826e255108c6bd",2026-08-07 17:40:05.48,2026-08-07 17:40:05.642,2026-08-07 17:40:05.642,2026-08-07
"1079","B6SynUizXP","MOOSPMv3Parser",1786125001,5,5,4,8,8,5,5,8,8,5,1506,308,66634,50,34,3,34,34,35,14,34,0,34,40,25,21,43.079,102,1,36.762711,-119.798752,54.685001,11,600,58,3,"e00fce68e88237db75a60608",2026-08-07 17:50:03.239,2026-08-07 17:50:03.415,2026-08-07 17:50:03.415,2026-08-07
"1080","k1KUlv2E5d","MOOSPMv3Parser",1786125001,0,0,4,2,2,4,4,2,2,4,341,240,26280,38,28,3,28,28,38,23,28,0,34,42,29,24,28.947,83,1,36.138985,-120.36837,169.994003,9,599,58,3,"e00fce68d6b773b56ce8baa0",2026-08-07 17:50:03.224,2026-08-07 17:50:03.443,2026-08-07 17:50:03.443,2026-08-07
"1081","7uxcMKbkP1","MOOSPMv3Parser",1786125000,5,5,0,9,9,0,0,9,9,0,1428,363,0,72,0,3,0,0,35,14,0,2,35,40,26,24,42.118,59,1,36.187408,-119.821976,46.932999,7,600,58,3,"e00fce68e739ecbcf9e91965",2026-08-07 17:50:03.287,2026-08-07 17:50:03.508,2026-08-07 17:50:03.508,2026-08-07
"1082","qf2L5Ei7lG","MOOSPMv3Parser",1786125001,4,4,4,7,7,4,4,7,7,4,1047,291,41782,50,31,3,31,31,36,15,31,0,36,42,26,23,39.594,78,3277,3.2e-05,-0.004286,17152.310547,11,600,58,3,"e00fce68e28dcbc9a589be10",2026-08-07 17:50:03.569,2026-08-07 17:50:03.77,2026-08-07 17:50:03.77,2026-08-07
"1083","5vkOjOJHDt","MOOSPMv3Parser",1786125000,4,4,3,6,6,3,3,7,7,3,1010,266,44250,45,24,3,24,24,34,16,24,0,34,40,29,24,37.939,31,1,35.949551,-119.049927,116.436996,3,600,58,3,"e00fce6808784ceaf209f949",2026-08-07 17:50:03.642,2026-08-07 17:50:03.818,2026-08-07 17:50:03.818,2026-08-07
"1084","L7n31TV17e","MOOSPMv3Parser",1786125001,4,4,3,6,6,3,3,7,7,3,1809,312,26929,43,24,2,24,24,37,15,24,0,36,41,27,25,41.964,102,1,36.138985,-120.368362,176.899002,6,600,58,3,"e00fce68e77e43df92405fdb",2026-08-07 17:50:03.813,2026-08-07 17:50:03.983,2026-08-07 17:50:03.983,2026-08-07
"1085","tR0M3CzWU2","MOOSPMv3Parser",1786125001,0,0,2,1,1,2,2,1,1,2,317,205,19188,30,17,2,17,17,36,25,17,0,36,42,27,23,44.887,93,1,36.13903,-120.368332,175.496002,7,599,58,3,"e00fce686dc2ef0a68fa40b0",2026-08-07 17:50:03.875,2026-08-07 17:50:04.066,2026-08-07 17:50:04.066,2026-08-07
"1086","EoIQHWPpDr","MOOSPMv3Parser",1786125000,7,7,5,9,9,5,5,10,10,5,1460,394,75784,55,37,3,37,37,32,26,37,0,33,37,30,28,36.988,37,3,36.523308,-119.278862,110.989998,0,600,58,3,"e00fce68f12da1a0c5de6248",2026-08-07 17:50:04.506,2026-08-07 17:50:04.702,2026-08-07 17:50:04.702,2026-08-07
"1087","YzdEdNkqCD","MOOSPMv3Parser",1786125001,4,4,3,6,6,4,4,6,6,4,797,241,32773,39,26,3,27,27,0,0,27,0,36,42,27,24,28.785,77,1,36.138866,-120.368271,161.542999,6,600,58,3,"e00fce6876826e255108c6bd",2026-08-07 17:50:05.295,2026-08-07 17:50:05.526,2026-08-07 17:50:05.526,2026-08-07
"1088","XxapHeS1lu","MOOSPMv3Parser",1786125001,3,3,4,6,6,4,4,6,6,4,1156,261,29584,47,29,2,29,29,37,14,29,0,42,42,21,23,49.946,144,1,36.139004,-120.368423,171.660004,10,600,58,3,"e00fce6850cac69f647dc199",2026-08-07 17:50:09.464,2026-08-07 17:50:09.672,2026-08-07 17:50:09.672,2026-08-07
"1089","hNKPdITpVU","MOOSPMv3Parser",1786125601,5,5,5,7,7,5,5,7,7,5,1643,324,66665,46,36,2,36,36,35,12,36,0,35,41,22,20,44.331,90,1,36.762707,-119.798752,51.251999,9,600,58,3,"e00fce68e88237db75a60608",2026-08-07 18:00:03.401,2026-08-07 18:00:03.951,2026-08-07 18:00:03.951,2026-08-07
"1090","BWCn9fM5qK","MOOSPMv3Parser",1786125601,0,0,4,2,2,4,4,2,2,4,346,243,26260,40,29,4,29,29,38,23,29,0,34,43,29,24,29.69,73,1,36.138985,-120.36837,169.994003,0,600,58,3,"e00fce68d6b773b56ce8baa0",2026-08-07 18:00:03.537,2026-08-07 18:00:03.972,2026-08-07 18:00:03.972,2026-08-07
"1091","vSr6DHyox7","MOOSPMv3Parser",1786125601,5,5,3,7,7,3,3,7,7,3,1891,323,26948,44,23,3,23,23,37,14,23,0,36,42,26,24,43.128,94,1,36.138939,-120.368385,216.210007,5,600,58,3,"e00fce68e77e43df92405fdb",2026-08-07 18:00:03.626,2026-08-07 18:00:04.068,2026-08-07 18:00:04.068,2026-08-07
"1092","XmymoTopkU","MOOSPMv3Parser",1786125601,0,0,2,1,1,2,2,1,1,2,329,217,19203,30,18,2,18,18,36,25,18,0,36,42,27,23,46.295,85,1,36.139034,-120.368378,179.983994,6,599,58,3,"e00fce686dc2ef0a68fa40b0",2026-08-07 18:00:03.156,2026-08-07 18:00:04.104,2026-08-07 18:00:04.104,2026-08-07
"1093","hV8RgMJl4i","MOOSPMv3Parser",1786125600,5,5,0,8,8,0,0,9,9,0,1413,358,0,66,0,5,0,0,35,13,0,2,35,41,26,23,43.185,57,1,36.187328,-119.822151,53.686001,6,600,58,3,"e00fce68e739ecbcf9e91965",2026-08-07 18:00:03.366,2026-08-07 18:00:04.448,2026-08-07 18:00:04.448,2026-08-07
"1094","BUePGGa6b0","MOOSPMv3Parser",1786125600,4,4,3,6,6,3,3,7,7,3,1000,262,44270,43,23,2,23,23,34,13,23,0,34,40,25,21,37.999,34,1,35.949532,-119.049995,114.475998,5,600,58,3,"e00fce6808784ceaf209f949",2026-08-07 18:00:03.696,2026-08-07 18:00:04.462,2026-08-07 18:00:04.462,2026-08-07
"1095","9XW5oCFBtc","MOOSPMv3Parser",1786125601,4,4,4,6,6,4,4,7,7,4,1006,281,41808,52,30,2,30,30,36,15,30,0,37,42,26,23,40.895,75,3277,3.2e-05,-0.004286,17152.310547,11,600,58,3,"e00fce68e28dcbc9a589be10",2026-08-07 18:00:03.639,2026-08-07 18:00:04.551,2026-08-07 18:00:04.551,2026-08-07
"1096","ytgj2wlBCC","MOOSPMv3Parser",1786125601,4,4,4,6,6,4,4,6,6,4,1146,263,29609,47,29,2,29,29,37,13,29,0,42,43,20,23,50.648,139,1,36.138966,-120.368309,191.916,7,600,58,3,"e00fce6850cac69f647dc199",2026-08-07 18:00:04.985,2026-08-07 18:00:05.85,2026-08-07 18:00:05.85,2026-08-07
"1097","KhyI1RdEWA","MOOSPMv3Parser",1786125601,4,4,3,6,6,4,4,7,7,4,857,260,32797,41,27,3,27,27,0,0,27,0,37,42,26,24,29.616,77,1,36.138866,-120.368271,161.542999,0,600,58,3,"e00fce6876826e255108c6bd",2026-08-07 18:00:05.548,2026-08-07 18:00:06.271,2026-08-07 18:00:06.271,2026-08-07
"1098","LmvnNaoXPj","MOOSPMv3Parser",1786125600,7,7,5,9,9,5,5,10,10,5,1487,402,75818,54,39,3,39,39,32,24,39,0,34,38,30,27,37.975,42,3,36.523304,-119.27874,85.859001,5,600,58,3,"e00fce68f12da1a0c5de6248",2026-08-07 18:00:09.243,2026-08-07 18:00:09.452,2026-08-07 18:00:09.452,2026-08-07
"1099","vnsssJjnAu","MOOSPMv3Parser",1786126201,0,0,4,2,2,4,4,2,2,4,341,240,26328,39,28,3,28,28,38,23,28,0,34,43,29,23,30.121,72,1,36.139103,-120.368462,129.751999,7,599,58,3,"e00fce68d6b773b56ce8baa0",2026-08-07 18:10:03.136,2026-08-07 18:10:03.311,2026-08-07 18:10:03.311,2026-08-07
"1100","FBXIZWKC1o","MOOSPMv3Parser",1786126201,0,0,2,1,1,2,2,1,1,2,319,211,19217,30,17,2,17,17,37,24,17,0,37,42,26,23,46.7,87,1,36.13895,-120.368385,167.309006,6,599,58,3,"e00fce686dc2ef0a68fa40b0",2026-08-07 18:10:03.238,2026-08-07 18:10:03.401,2026-08-07 18:10:03.401,2026-08-07
"1101","l27FDCUaFm","MOOSPMv3Parser",1786126200,5,5,0,9,9,0,0,9,9,0,1440,362,0,73,0,4,0,0,36,12,0,2,35,42,27,22,45.116,39,1,36.18745,-119.82206,33.820999,6,600,58,3,"e00fce68e739ecbcf9e91965",2026-08-07 18:10:03.286,2026-08-07 18:10:03.447,2026-08-07 18:10:03.447,2026-08-07
"1102","d5fHyyMuti","MOOSPMv3Parser",1786126201,5,5,5,7,7,5,5,8,8,5,1692,333,66696,50,35,3,35,35,35,11,35,0,35,40,21,20,45.025,72,1,36.762703,-119.798752,49.398998,10,600,58,3,"e00fce68e88237db75a60608",2026-08-07 18:10:03.511,2026-08-07 18:10:03.719,2026-08-07 18:10:03.719,2026-08-07
"1103","qoA5TOppyL","MOOSPMv3Parser",1786126201,4,4,4,6,6,4,4,6,6,4,1027,287,41835,46,31,2,31,31,36,14,31,0,38,43,24,21,40.189,93,3277,3.2e-05,-0.004286,17152.310547,11,600,58,3,"e00fce68e28dcbc9a589be10",2026-08-07 18:10:03.795,2026-08-07 18:10:03.994,2026-08-07 18:10:03.994,2026-08-07
"1104","oxTLqEyyHr","MOOSPMv3Parser",1786126201,5,5,3,7,7,3,3,8,8,3,1971,335,26966,48,21,3,21,21,37,14,21,0,37,42,25,24,43.139,103,1,36.138981,-120.368347,172.580002,5,600,58,3,"e00fce68e77e43df92405fdb",2026-08-07 18:10:03.88,2026-08-07 18:10:04.115,2026-08-07 18:10:04.115,2026-08-07
"1105","nwt41jVLJn","MOOSPMv3Parser",1786126200,4,4,3,6,6,3,3,6,6,3,974,250,44290,38,24,3,24,24,34,14,24,0,34,40,31,24,38.466,32,1,35.949577,-119.049934,118.643997,5,600,58,3,"e00fce6808784ceaf209f949",2026-08-07 18:10:04.016,2026-08-07 18:10:04.177,2026-08-07 18:10:04.177,2026-08-07
"1106","JHinnYQNtD","MOOSPMv3Parser",1786126201,4,4,4,6,6,4,4,6,6,4,1159,269,29633,50,28,3,28,28,37,13,28,0,43,43,20,22,50.402,140,1,36.139103,-120.368477,150.578003,5,600,58,3,"e00fce6850cac69f647dc199",2026-08-07 18:10:05.14,2026-08-07 18:10:05.361,2026-08-07 18:10:05.361,2026-08-07
"1107","nrcdbSjmoa","MOOSPMv3Parser",1786126201,4,4,3,6,6,4,4,7,7,4,822,248,32820,41,26,4,26,26,0,0,26,0,37,43,25,24,30.092,77,1,36.139038,-120.368385,181.699997,7,600,58,3,"e00fce6876826e255108c6bd",2026-08-07 18:10:05.789,2026-08-07 18:10:06.01,2026-08-07 18:10:06.01,2026-08-07
"1108","AtfXjfIpg1","MOOSPMv3Parser",1786126200,7,7,5,9,9,5,5,10,10,5,1452,391,75851,49,37,2,37,37,33,23,37,0,34,38,28,26,38.978,42,3,36.523384,-119.27874,88.466003,5,600,58,3,"e00fce68f12da1a0c5de6248",2026-08-07 18:10:36.699,2026-08-07 18:10:36.882,2026-08-07 18:10:36.882,2026-08-07
"1109","usWU19snNT","MOOSPMv3Parser",1786126800,5,5,0,8,8,0,0,9,9,0,1462,357,0,64,0,3,0,0,36,13,0,2,35,42,26,23,45.505,47,1,36.187424,-119.822174,59.453999,5,600,58,3,"e00fce68e739ecbcf9e91965",2026-08-07 18:20:03.286,2026-08-07 18:20:03.456,2026-08-07 18:20:03.456,2026-08-07
"1110","PKKmO0NpyG","MOOSPMv3Parser",1786126801,4,4,4,7,7,5,5,7,7,5,1645,306,66725,45,34,4,34,34,35,10,34,0,35,40,19,18,47.922,40,1,36.76268,-119.798775,56.174999,8,600,58,3,"e00fce68e88237db75a60608",2026-08-07 18:20:03.415,2026-08-07 18:20:03.568,2026-08-07 18:20:03.568,2026-08-07
"1111","BBfcRCpQ71","MOOSPMv3Parser",1786126801,0,0,3,2,2,4,4,2,2,4,336,236,26350,38,26,3,27,27,38,23,27,0,34,43,29,23,31.792,75,1,36.139,-120.368446,169.606995,7,599,58,3,"e00fce68d6b773b56ce8baa0",2026-08-07 18:20:03.526,2026-08-07 18:20:03.699,2026-08-07 18:20:03.699,2026-08-07
"1112","sOr7J9F1ah","MOOSPMv3Parser",1786126801,0,0,2,1,1,2,2,1,1,2,315,202,19231,27,16,2,16,16,37,25,16,0,37,42,27,23,49.361,85,1,36.138992,-120.368439,168.923996,7,599,58,3,"e00fce686dc2ef0a68fa40b0",2026-08-07 18:20:03.572,2026-08-07 18:20:03.79,2026-08-07 18:20:03.79,2026-08-07
"1113","V0SzYHnrIg","MOOSPMv3Parser",1786126800,4,4,4,7,7,5,5,8,8,6,1063,276,44316,49,30,5,31,31,35,12,31,0,35,41,24,21,37.99,35,1,35.949722,-119.049942,91.267998,5,600,58,3,"e00fce6808784ceaf209f949",2026-08-07 18:20:03.714,2026-08-07 18:20:03.915,2026-08-07 18:20:03.915,2026-08-07
"1114","8IpJ17pCDD","MOOSPMv3Parser",1786126801,4,4,3,7,7,3,3,7,7,3,1859,313,26985,43,22,2,22,22,38,14,22,0,37,43,27,24,44.674,94,1,36.139183,-120.368439,185.561005,5,600,58,3,"e00fce68e77e43df92405fdb",2026-08-07 18:20:03.679,2026-08-07 18:20:03.95,2026-08-07 18:20:03.95,2026-08-07
"1115","gzNOnbKon4","MOOSPMv3Parser",1786126801,4,4,4,6,6,4,4,7,7,4,1000,278,41861,48,30,3,30,30,37,14,30,0,38,43,24,21,40.364,172,3277,3.2e-05,-0.004286,17152.310547,11,600,58,3,"e00fce68e28dcbc9a589be10",2026-08-07 18:20:03.796,2026-08-07 18:20:03.993,2026-08-07 18:20:03.993,2026-08-07
"1116","SHlJHWk05U","MOOSPMv3Parser",1786126800,6,6,4,9,9,5,5,9,9,5,1323,363,75880,52,34,3,34,34,34,22,34,0,34,39,28,25,39.48,44,2,36.523365,-119.278824,96.068001,8,600,58,3,"e00fce68f12da1a0c5de6248",2026-08-07 18:20:04.29,2026-08-07 18:20:04.463,2026-08-07 18:20:04.463,2026-08-07
"1117","4pDrDc8JHy","MOOSPMv3Parser",1786126801,4,4,3,6,6,3,3,6,6,3,1152,263,29656,44,26,2,26,26,38,13,26,0,44,43,20,23,51.379,145,1,36.139103,-120.368477,150.580994,0,600,58,3,"e00fce6850cac69f647dc199",2026-08-07 18:20:04.538,2026-08-07 18:20:04.726,2026-08-07 18:20:04.726,2026-08-07
"1118","D4IHG3PkS0","MOOSPMv3Parser",1786126801,4,4,3,6,6,3,3,7,7,3,840,251,32842,43,25,3,26,26,0,0,26,0,37,43,26,24,30.626,77,1,36.139072,-120.368301,197.766006,7,600,58,3,"e00fce6876826e255108c6bd",2026-08-07 18:20:05.081,2026-08-07 18:20:05.278,2026-08-07 18:20:05.278,2026-08-07
"1119","OteggEbX8r","MOOSPMv3Parser",1786127401,4,4,4,6,6,5,5,7,7,5,1706,293,66753,42,32,3,32,32,35,10,33,0,35,40,18,18,50.277,19,1,36.76268,-119.798775,56.172001,0,600,58,3,"e00fce68e88237db75a60608",2026-08-07 18:30:03.256,2026-08-07 18:30:03.422,2026-08-07 18:30:03.422,2026-08-07
"1120","aUggdcZV9U","MOOSPMv3Parser",1786127401,0,0,3,2,2,4,4,2,2,4,353,249,26372,42,27,4,27,27,39,22,27,0,34,44,29,23,32.034,82,1,36.139,-120.368347,196.354996,9,599,58,3,"e00fce68d6b773b56ce8baa0",2026-08-07 18:30:03.287,2026-08-07 18:30:03.545,2026-08-07 18:30:03.545,2026-08-07
"1121","QaqdVGgjBp","MOOSPMv3Parser",1786127400,6,6,0,9,9,0,0,9,9,0,1544,379,0,71,0,4,0,0,36,13,0,2,36,42,27,23,46.675,43,1,36.187439,-119.82206,45.723999,5,600,58,3,"e00fce68e739ecbcf9e91965",2026-08-07 18:30:03.367,2026-08-07 18:30:03.582,2026-08-07 18:30:03.582,2026-08-07
"1122","45yr0bIy4F","MOOSPMv3Parser",1786127400,4,4,2,6,6,3,3,6,6,3,936,246,44331,39,19,2,19,19,35,12,19,1,35,40,24,22,39.356,28,1,35.949577,-119.04995,118.115997,6,600,58,3,"e00fce6808784ceaf209f949",2026-08-07 18:30:03.756,2026-08-07 18:30:03.935,2026-08-07 18:30:03.935,2026-08-07
"1123","MH2w2shyV7","MOOSPMv3Parser",1786127401,4,4,4,6,6,4,4,7,7,4,1014,284,41886,47,29,3,29,29,37,13,29,0,38,44,24,21,43.109,95,3277,3.2e-05,-0.004286,17152.310547,11,600,58,3,"e00fce68e28dcbc9a589be10",2026-08-07 18:30:03.805,2026-08-07 18:30:03.992,2026-08-07 18:30:03.992,2026-08-07
"1124","z6K39XkVlX","MOOSPMv3Parser",1786127401,5,5,3,7,7,3,3,7,7,3,2001,318,27003,45,21,2,21,21,38,13,21,0,38,43,25,23,44.807,121,1,36.139217,-120.368919,211.871994,4,600,58,3,"e00fce68e77e43df92405fdb",2026-08-07 18:30:03.805,2026-08-07 18:30:04.016,2026-08-07 18:30:04.016,2026-08-07
"1125","EdH9nko0ET","MOOSPMv3Parser",1786127401,0,0,2,1,1,2,2,1,1,2,326,215,19244,30,16,2,16,16,37,24,16,0,38,43,25,22,49.774,105,1,36.138954,-120.368393,171.528,6,599,58,3,"e00fce686dc2ef0a68fa40b0",2026-08-07 18:30:04.052,2026-08-07 18:30:04.4,2026-08-07 18:30:04.4,2026-08-07
"1126","F7YxV60v4n","MOOSPMv3Parser",1786127401,4,4,3,6,6,3,3,7,7,3,843,255,32864,42,25,3,25,25,0,0,25,0,38,44,25,23,30.825,77,1,36.139034,-120.368332,177.259995,7,600,58,3,"e00fce6876826e255108c6bd",2026-08-07 18:30:05.622,2026-08-07 18:30:05.81,2026-08-07 18:30:05.81,2026-08-07
"1127","Sj0s29Ndqn","MOOSPMv3Parser",1786127401,4,4,3,6,6,3,3,7,7,3,1190,274,29678,51,25,2,25,25,38,12,25,0,44,44,19,22,51.222,163,1,36.13895,-120.368355,181.639999,5,600,58,3,"e00fce6850cac69f647dc199",2026-08-07 18:30:07.938,2026-08-07 18:30:08.103,2026-08-07 18:30:08.103,2026-08-07
"1128","GTgJhcHPF6","MOOSPMv3Parser",1786127400,4,4,4,7,7,4,4,7,7,4,1148,312,75907,45,30,2,31,31,34,20,31,0,35,40,26,24,38.56,49,2,36.523277,-119.278793,85.209,6,600,58,3,"e00fce68f12da1a0c5de6248",2026-08-07 18:30:09.481,2026-08-07 18:30:09.682,2026-08-07 18:30:09.682,2026-08-07
"1129","w1LvfDG3pH","MOOSPMv3Parser",1786128001,0,0,2,0,0,2,2,0,0,2,317,204,19258,27,16,1,16,16,38,23,16,0,38,43,24,22,51.699,80,1,36.138988,-120.368431,172.440994,6,599,58,3,"e00fce686dc2ef0a68fa40b0",2026-08-07 18:40:02.98,2026-08-07 18:40:03.147,2026-08-07 18:40:03.147,2026-08-07
"1130","EyPsngBPvJ","MOOSPMv3Parser",1786128001,4,4,4,6,6,4,5,6,6,5,1535,284,66780,37,32,2,32,32,35,10,32,0,36,40,18,18,51.332,15,1,36.762688,-119.798759,50.75,13,600,58,3,"e00fce68e88237db75a60608",2026-08-07 18:40:03.318,2026-08-07 18:40:03.491,2026-08-07 18:40:03.491,2026-08-07
"1131","vXNa4gjO3B","MOOSPMv3Parser",1786128001,0,0,3,1,1,3,3,1,1,3,339,233,26393,33,25,3,25,25,39,22,25,0,34,44,29,22,33.843,62,1,36.139015,-120.368431,161.759995,9,599,58,3,"e00fce68d6b773b56ce8baa0",2026-08-07 18:40:03.47,2026-08-07 18:40:03.631,2026-08-07 18:40:03.631,2026-08-07
"1132","mgwnjSTvyH","MOOSPMv3Parser",1786128000,5,5,0,9,9,0,0,9,9,0,1479,367,0,71,0,5,0,0,36,13,0,2,35,43,28,23,48.652,33,1,36.187397,-119.822151,35.973,5,600,58,3,"e00fce68e739ecbcf9e91965",2026-08-07 18:40:03.509,2026-08-07 18:40:03.672,2026-08-07 18:40:03.672,2026-08-07
"1133","zInxnHrmLS","MOOSPMv3Parser",1786128001,5,5,3,6,6,3,3,7,7,3,2101,320,27021,42,20,2,21,21,38,13,21,0,38,44,24,23,47.298,101,1,36.13913,-120.368706,202.115005,5,600,58,3,"e00fce68e77e43df92405fdb",2026-08-07 18:40:03.719,2026-08-07 18:40:03.888,2026-08-07 18:40:03.888,2026-08-07
"1134","R4jfVR8bzJ","MOOSPMv3Parser",1786128000,4,4,3,5,5,3,3,6,6,3,920,240,44349,37,20,2,20,20,36,11,20,0,36,42,24,20,40.403,26,1,35.949604,-119.049828,124.650002,6,600,58,3,"e00fce6808784ceaf209f949",2026-08-07 18:40:03.696,2026-08-07 18:40:03.897,2026-08-07 18:40:03.897,2026-08-07
"1135","yHrpfScqqa","MOOSPMv3Parser",1786128001,4,4,4,6,6,4,4,6,6,4,981,270,41910,44,29,2,29,29,38,13,29,0,39,44,23,20,42.176,96,3277,3.2e-05,-0.004286,17152.310547,11,600,58,3,"e00fce68e28dcbc9a589be10",2026-08-07 18:40:03.726,2026-08-07 18:40:03.904,2026-08-07 18:40:03.904,2026-08-07
"1136","AjPPeouvEM","MOOSPMv3Parser",1786128000,5,5,4,7,7,4,4,7,7,4,1188,320,75933,45,31,2,31,31,35,21,31,0,35,40,27,25,38.817,54,2,36.523273,-119.278816,80.953003,6,600,58,3,"e00fce68f12da1a0c5de6248",2026-08-07 18:40:04.042,2026-08-07 18:40:04.221,2026-08-07 18:40:04.221,2026-08-07
"1137","GpQeXJhxMo","MOOSPMv3Parser",1786128001,3,3,3,6,6,3,3,6,6,3,1149,260,29700,44,25,2,25,25,38,12,25,0,44,44,18,21,54.721,137,1,36.138916,-120.368385,182.429001,6,600,58,3,"e00fce6850cac69f647dc199",2026-08-07 18:40:04.827,2026-08-07 18:40:04.992,2026-08-07 18:40:04.992,2026-08-07
"1138","ehiPelupKk","MOOSPMv3Parser",1786128001,3,3,3,5,5,3,3,6,6,3,788,236,32885,40,24,2,24,24,0,0,24,0,38,44,24,22,32.064,78,1,36.138859,-120.368439,153.449997,7,600,58,3,"e00fce6876826e255108c6bd",2026-08-07 18:40:05.819,2026-08-07 18:40:06.013,2026-08-07 18:40:06.013,2026-08-07
"1139","yd1hBSoK8u","MOOSPMv3Parser",1786128601,0,0,3,2,2,3,3,2,2,3,349,244,26415,39,26,3,26,26,40,21,26,0,34,45,29,21,34.514,64,1,36.138988,-120.36837,168.386993,9,599,58,3,"e00fce68d6b773b56ce8baa0",2026-08-07 18:50:03.135,2026-08-07 18:50:03.286,2026-08-07 18:50:03.286,2026-08-07
"1140","tz9Ii6gffr","MOOSPMv3Parser",1786128601,0,0,2,0,0,2,2,1,1,2,325,210,19238,27,15,1,15,15,38,23,15,0,38,44,24,21,52.389,91,1,36.138988,-120.368431,172.440002,0,600,58,3,"e00fce686dc2ef0a68fa40b0",2026-08-07 18:50:03.208,2026-08-07 18:50:03.387,2026-08-07 18:50:03.387,2026-08-07
"1141","w5yp0LePFm","MOOSPMv3Parser",1786128601,4,4,5,6,6,5,6,7,7,6,1630,287,66810,47,35,4,36,36,35,9,36,1,36,40,18,18,50.518,16,1,36.762665,-119.798782,62.339001,12,600,58,3,"e00fce68e88237db75a60608",2026-08-07 18:50:03.413,2026-08-07 18:50:03.577,2026-08-07 18:50:03.577,2026-08-07
"1142","1hlBOptLGi","MOOSPMv3Parser",1786128600,6,6,0,9,9,0,0,9,9,0,1528,375,0,68,0,5,0,0,37,12,0,2,36,43,26,22,49.537,34,1,36.187428,-119.822014,42.574001,7,600,58,3,"e00fce68e739ecbcf9e91965",2026-08-07 18:50:03.454,2026-08-07 18:50:03.621,2026-08-07 18:50:03.621,2026-08-07
"1143","lWI2SjWJvf","MOOSPMv3Parser",1786128601,5,5,3,7,7,3,3,7,7,3,2191,339,27039,45,21,3,21,21,39,12,21,0,38,44,24,22,47.57,116,1,36.138992,-120.368416,168.171997,8,600,58,3,"e00fce68e77e43df92405fdb",2026-08-07 18:50:03.66,2026-08-07 18:50:03.855,2026-08-07 18:50:03.855,2026-08-07
"1144","mULw09zIe6","MOOSPMv3Parser",1786128600,4,4,2,5,5,3,3,5,5,3,922,240,44366,36,19,2,19,19,36,9,19,0,36,42,20,19,39.717,36,1,35.949429,-119.049881,100.433998,5,600,58,3,"e00fce6808784ceaf209f949",2026-08-07 18:50:03.705,2026-08-07 18:50:03.888,2026-08-07 18:50:03.888,2026-08-07
"1145","CVqkDGk8gA","MOOSPMv3Parser",1786128601,4,4,3,5,5,4,4,6,6,4,961,264,41934,41,27,2,27,27,38,12,27,0,39,45,22,20,41.771,116,3277,3.2e-05,-0.004286,17152.310547,11,600,58,3,"e00fce68e28dcbc9a589be10",2026-08-07 18:50:03.815,2026-08-07 18:50:03.995,2026-08-07 18:50:03.995,2026-08-07
"1146","O2KNGdPA56","MOOSPMv3Parser",1786128600,4,4,4,6,6,4,4,7,7,4,1166,315,75962,42,32,2,32,32,35,20,32,0,35,41,28,25,40.787,51,1,36.523354,-119.278816,90.252998,6,600,58,3,"e00fce68f12da1a0c5de6248",2026-08-07 18:50:05.114,2026-08-07 18:50:05.346,2026-08-07 18:50:05.346,2026-08-07
"1147","inhdV81nDP","MOOSPMv3Parser",1786128601,4,4,3,6,6,4,4,7,7,4,1232,274,29723,48,26,3,26,26,38,11,26,0,44,45,18,21,54.444,149,1,36.138947,-120.36834,179.125,5,600,58,3,"e00fce6850cac69f647dc199",2026-08-07 18:50:06.021,2026-08-07 18:50:06.221,2026-08-07 18:50:06.221,2026-08-07
"1148","752I696UxW","MOOSPMv3Parser",1786128601,4,4,3,6,6,3,3,6,6,3,842,251,32906,41,25,3,25,25,0,0,25,0,39,44,24,22,32.026,78,1,36.138947,-120.368324,170.667999,7,600,58,3,"e00fce6876826e255108c6bd",2026-08-07 18:50:06.594,2026-08-07 18:50:06.751,2026-08-07 18:50:06.751,2026-08-07
"1149","wJ6J6Y1OZS","MOOSPMv3Parser",1786129201,0,0,3,2,2,3,3,2,2,3,354,247,26437,40,26,3,26,26,40,21,26,0,34,45,29,22,35.586,54,1,36.139069,-120.368362,172.757004,7,599,58,3,"e00fce68d6b773b56ce8baa0",2026-08-07 19:00:03.13,2026-08-07 19:00:03.557,2026-08-07 19:00:03.557,2026-08-07
"1150","oR4sjjovDt","MOOSPMv3Parser",1786129201,4,4,5,6,6,6,6,6,6,7,1605,282,66841,42,36,4,37,37,35,10,37,1,36,41,18,18,50.548,20,1,36.762691,-119.798737,53.173,11,600,58,3,"e00fce68e88237db75a60608",2026-08-07 19:00:03.269,2026-08-07 19:00:03.656,2026-08-07 19:00:03.656,2026-08-07
"1151","pMl6IbQyS2","MOOSPMv3Parser",1786129201,0,0,2,0,0,2,2,1,1,2,330,216,19283,30,15,1,15,15,38,23,15,0,38,44,24,21,54.77,78,1,36.138794,-120.368378,169.520004,6,599,58,3,"e00fce686dc2ef0a68fa40b0",2026-08-07 19:00:03.413,2026-08-07 19:00:03.712,2026-08-07 19:00:03.712,2026-08-07
"1152","UvsjM9iRlR","MOOSPMv3Parser",1786129200,6,6,0,9,9,0,0,9,9,0,1556,379,0,70,0,4,0,0,37,12,0,2,36,44,26,22,49.54,42,1,36.187428,-119.822014,42.571999,0,600,58,3,"e00fce68e739ecbcf9e91965",2026-08-07 19:00:03.448,2026-08-07 19:00:03.769,2026-08-07 19:00:03.769,2026-08-07
"1153","LsTG5ZHxKX","MOOSPMv3Parser",1786129201,5,5,3,7,7,3,3,7,7,3,2124,332,27058,42,21,2,21,21,39,12,21,0,38,44,24,22,49.763,99,1,36.139008,-120.368393,170.600998,10,600,58,3,"e00fce68e77e43df92405fdb",2026-08-07 19:00:03.657,2026-08-07 19:00:03.948,2026-08-07 19:00:03.948,2026-08-07
"1154","R8wZtxRFVh","MOOSPMv3Parser",1786129200,4,4,3,5,5,3,3,6,6,3,933,243,44383,37,20,2,20,20,35,10,20,0,36,41,21,20,41.226,27,1,35.94957,-119.049911,105.675003,5,600,58,3,"e00fce6808784ceaf209f949",2026-08-07 19:00:03.587,2026-08-07 19:00:04.056,2026-08-07 19:00:04.056,2026-08-07
"1155","BB7YkA3weV","MOOSPMv3Parser",1786129201,4,4,3,5,5,3,3,6,6,3,962,262,41956,42,26,2,26,26,39,11,26,0,40,45,21,19,43.406,109,3277,3.2e-05,-0.004286,17152.310547,11,600,58,3,"e00fce68e28dcbc9a589be10",2026-08-07 19:00:03.621,2026-08-07 19:00:04.073,2026-08-07 19:00:04.073,2026-08-07
"1156","FTPX8X9yAP","MOOSPMv3Parser",1786129201,4,4,3,6,6,4,4,6,6,4,1220,271,29746,45,26,3,27,27,38,11,27,0,44,45,18,21,386.521,135,1,36.138893,-120.368332,189.404999,5,600,58,3,"e00fce6850cac69f647dc199",2026-08-07 19:00:05.065,2026-08-07 19:00:05.235,2026-08-07 19:00:05.235,2026-08-07
"1157","uzPBQdBIbP","MOOSPMv3Parser",1786129201,3,3,3,5,5,3,3,5,5,3,1023,252,36324,41,25,2,25,25,33,16,25,0,36,38,24,24,52.751,47,3277,36.503105,-120.325363,61.498001,7,600,58,3,"e00fce6858b443fd80f27170",2026-08-07 19:00:05.564,2026-08-07 19:00:05.801,2026-08-07 19:00:05.801,2026-08-07
"1158","eyv1s9vd3w","MOOSPMv3Parser",1786129201,4,4,3,6,6,3,3,6,6,3,851,253,32928,38,25,2,25,25,0,0,25,0,39,44,24,22,33.132,78,1,36.139053,-120.368362,164.742004,5,600,58,3,"e00fce6876826e255108c6bd",2026-08-07 19:00:10.31,2026-08-07 19:00:10.465,2026-08-07 19:00:10.465,2026-08-07
"1159","ELXpdWC1xL","MOOSPMv3Parser",1786129801,0,0,3,2,2,3,3,2,2,3,349,243,26458,39,25,3,25,25,40,21,25,0,34,45,29,21,36.26,50,1,36.139,-120.368423,184.977997,8,599,58,3,"e00fce68d6b773b56ce8baa0",2026-08-07 19:10:03.224,2026-08-07 19:10:03.365,2026-08-07 19:10:03.365,2026-08-07
"1160","fxtJt1HeYf","MOOSPMv3Parser",1786129800,6,6,0,9,9,0,0,9,9,0,1621,396,0,71,0,4,0,0,37,11,0,2,37,43,25,22,48.663,48,1,36.18742,-119.822105,40.285,11,600,58,3,"e00fce68e739ecbcf9e91965",2026-08-07 19:10:03.448,2026-08-07 19:10:03.629,2026-08-07 19:10:03.629,2026-08-07
"1161","vo1Okj0qFM","MOOSPMv3Parser",1786129801,4,4,5,6,6,6,7,7,7,7,1544,284,66873,49,38,5,39,40,35,10,40,1,36,40,18,18,53.009,20,1,36.76268,-119.79879,63.397999,5,600,58,3,"e00fce68e88237db75a60608",2026-08-07 19:10:03.49,2026-08-07 19:10:03.67,2026-08-07 19:10:03.67,2026-08-07
"1162","fcdTfD9BUH","MOOSPMv3Parser",1786129801,5,5,2,7,7,3,3,7,7,3,2048,326,27074,41,19,3,19,19,38,12,19,0,38,44,23,21,50.757,87,1,36.139019,-120.368446,179.927994,7,600,58,3,"e00fce68e77e43df92405fdb",2026-08-07 19:10:03.652,2026-08-07 19:10:03.82,2026-08-07 19:10:03.82,2026-08-07
"1163","TKkiuW7u79","MOOSPMv3Parser",1786129801,3,3,3,5,5,4,4,5,5,4,934,251,41979,38,27,2,27,27,39,10,27,0,40,46,20,18,45.49,90,3277,3.2e-05,-0.004286,17152.310547,11,600,58,3,"e00fce68e28dcbc9a589be10",2026-08-07 19:10:03.638,2026-08-07 19:10:03.835,2026-08-07 19:10:03.835,2026-08-07
"1164","yNtopOhHef","MOOSPMv3Parser",1786129801,0,0,2,0,0,2,2,1,1,2,322,209,19296,27,15,1,15,15,38,22,15,0,39,44,23,20,55.818,70,1,36.139023,-120.368416,157.488998,6,599,58,3,"e00fce686dc2ef0a68fa40b0",2026-08-07 19:10:03.805,2026-08-07 19:10:03.989,2026-08-07 19:10:03.989,2026-08-07
"1165","NjcO2GVY4A","MOOSPMv3Parser",1786129800,4,4,3,5,5,3,3,6,6,3,936,240,44401,36,21,2,21,21,34,9,21,0,35,40,22,20,39.669,26,1,35.949463,-119.050011,106.955002,5,600,58,3,"e00fce6808784ceaf209f949",2026-08-07 19:10:03.804,2026-08-07 19:10:04.005,2026-08-07 19:10:04.005,2026-08-07
"1166","s9mCWrcnc4","MOOSPMv3Parser",1786129801,4,4,3,6,6,3,3,6,6,3,1223,272,29767,45,24,2,24,24,39,10,24,0,44,45,18,20,512.426,125,1,36.13884,-120.368408,171.985992,7,600,58,3,"e00fce6850cac69f647dc199",2026-08-07 19:10:04.664,2026-08-07 19:10:04.898,2026-08-07 19:10:04.898,2026-08-07
"1167","fbrxaF1Tuk","MOOSPMv3Parser",1786129801,4,4,3,6,6,3,3,7,7,3,838,248,32949,41,24,4,24,24,0,0,24,0,39,44,23,21,33.829,78,1,36.138973,-120.368317,162.093994,5,600,58,3,"e00fce6876826e255108c6bd",2026-08-07 19:10:10.397,2026-08-07 19:10:10.573,2026-08-07 19:10:10.573,2026-08-07
"1168","NITCLtL0uA","MOOSPMv3Parser",1786129801,5,5,4,7,7,4,4,7,7,4,1157,317,76015,47,31,3,31,31,35,20,31,0,35,41,28,24,42.172,44,1,36.523422,-119.278656,71.461998,6,600,58,3,"e00fce68f12da1a0c5de6248",2026-08-07 19:10:18.027,2026-08-07 19:10:18.203,2026-08-07 19:10:18.203,2026-08-07
"1169","uxe0BR9FHM","MOOSPMv3Parser",1786130401,4,4,3,6,6,4,4,6,6,4,992,256,44497,39,26,2,26,26,35,11,26,0,36,40,24,22,39.542,18,1,35.949463,-119.050011,106.956001,0,599,58,3,"e00fce6808784ceaf209f949",2026-08-07 19:20:02.709,2026-08-07 19:20:02.916,2026-08-07 19:20:02.916,2026-08-07
"1170","pilnzYjKFY","MOOSPMv3Parser",1786130401,0,0,2,1,1,2,2,1,1,2,343,228,19310,31,17,2,17,17,38,22,17,0,39,44,22,20,55.091,80,1,36.139118,-120.368385,174.035995,5,599,58,3,"e00fce686dc2ef0a68fa40b0",2026-08-07 19:20:02.871,2026-08-07 19:20:03.08,2026-08-07 19:20:03.08,2026-08-07
"1171","SIGgh01HTO","MOOSPMv3Parser",1786130401,0,0,3,2,2,4,4,3,3,4,368,258,26481,41,27,4,27,27,40,21,27,0,34,45,29,21,35.615,54,1,36.139046,-120.368439,176.522003,9,599,58,3,"e00fce68d6b773b56ce8baa0",2026-08-07 19:20:03.145,2026-08-07 19:20:03.361,2026-08-07 19:20:03.361,2026-08-07
"1172","wDr5u5x4Ch","MOOSPMv3Parser",1786130400,5,5,0,9,9,0,0,9,9,0,1578,373,0,69,0,5,0,0,38,11,0,2,37,44,25,22,49.083,45,1,36.18745,-119.822052,39.459,9,600,58,3,"e00fce68e739ecbcf9e91965",2026-08-07 19:20:03.446,2026-08-07 19:20:03.606,2026-08-07 19:20:03.606,2026-08-07
"1173","zvSTRPhcWw","MOOSPMv3Parser",1786130401,4,4,5,7,7,6,7,8,8,7,1587,294,66904,50,37,5,38,38,36,9,38,1,37,41,18,18,53.547,17,1,36.762714,-119.79879,53.733002,10,600,58,3,"e00fce68e88237db75a60608",2026-08-07 19:20:03.495,2026-08-07 19:20:03.665,2026-08-07 19:20:03.665,2026-08-07
"1174","qtHiPVS51D","MOOSPMv3Parser",1786130401,4,4,3,6,6,3,3,6,6,3,968,265,42001,43,25,2,25,25,40,10,25,0,40,47,19,17,47.305,87,3277,3.2e-05,-0.004286,17152.310547,11,600,58,3,"e00fce68e28dcbc9a589be10",2026-08-07 19:20:03.646,2026-08-07 19:20:03.84,2026-08-07 19:20:03.84,2026-08-07
"1175","QGH6Mzfthx","MOOSPMv3Parser",1786130401,5,5,4,7,7,4,4,8,8,4,1245,334,76043,49,32,3,32,32,35,18,32,0,36,41,26,23,42.627,46,1,36.523335,-119.278847,93.93,8,600,58,3,"e00fce68f12da1a0c5de6248",2026-08-07 19:20:04.141,2026-08-07 19:20:04.296,2026-08-07 19:20:04.296,2026-08-07
"1176","djSN13CVzd","MOOSPMv3Parser",1786130401,6,6,3,8,8,3,3,8,8,3,2335,372,27092,47,21,2,21,21,38,12,21,0,38,44,22,21,50.003,90,1,36.13895,-120.368431,174.981003,9,600,58,3,"e00fce68e77e43df92405fdb",2026-08-07 19:20:04.317,2026-08-07 19:20:04.485,2026-08-07 19:20:04.485,2026-08-07
"1177","kSBv05hwmb","MOOSPMv3Parser",1786130401,4,4,3,7,7,4,4,7,7,4,1308,295,29790,47,27,2,27,27,39,11,27,0,44,45,17,20,512.441,134,1,36.138813,-120.368439,190.432999,7,600,58,3,"e00fce6850cac69f647dc199",2026-08-07 19:20:05.913,2026-08-07 19:20:06.133,2026-08-07 19:20:06.133,2026-08-07
"1178","HLS2BpVJ91","MOOSPMv3Parser",1786130401,4,4,3,6,6,3,3,7,7,3,888,262,32970,41,25,3,25,25,0,0,25,0,39,44,22,21,33.335,78,1,36.139011,-120.36834,203.686005,8,600,58,3,"e00fce6876826e255108c6bd",2026-08-07 19:20:10.827,2026-08-07 19:20:10.974,2026-08-07 19:20:10.974,2026-08-07
"1179","n4Gc3TkBcL","MOOSPMv3Parser",1786131001,4,4,3,6,6,3,4,6,6,4,990,255,44443,40,23,2,24,24,35,12,24,0,36,40,25,23,40.661,18,1,35.949631,-119.049957,101.102997,5,600,58,3,"e00fce6808784ceaf209f949",2026-08-07 19:30:02.687,2026-08-07 19:30:02.962,2026-08-07 19:30:02.962,2026-08-07
"1180","kmJFD3ZBPw","MOOSPMv3Parser",1786131001,0,0,2,1,1,2,2,1,1,2,351,234,19324,32,16,2,16,16,38,23,16,0,39,44,24,21,54.587,89,1,36.138981,-120.368378,180.154999,6,599,58,3,"e00fce686dc2ef0a68fa40b0",2026-08-07 19:30:03.182,2026-08-07 19:30:03.403,2026-08-07 19:30:03.403,2026-08-07
"1181","JWgDHlLDlo","MOOSPMv3Parser",1786131001,4,4,5,6,6,6,6,7,7,7,1559,279,66935,46,36,4,37,38,36,9,38,1,37,41,18,18,54.161,21,1,36.762688,-119.798744,59.874001,10,600,58,3,"e00fce68e88237db75a60608",2026-08-07 19:30:03.405,2026-08-07 19:30:03.634,2026-08-07 19:30:03.634,2026-08-07
"1182","r8AzYApUI3","MOOSPMv3Parser",1786131001,5,5,4,7,7,4,4,7,7,5,1225,326,76072,43,33,3,33,33,36,17,33,0,36,41,24,22,43.716,38,1,36.523365,-119.278755,70.695999,9,600,58,3,"e00fce68f12da1a0c5de6248",2026-08-07 19:30:03.583,2026-08-07 19:30:03.785,2026-08-07 19:30:03.785,2026-08-07
"1183","SqnHYOoVqQ","MOOSPMv3Parser",1786131000,5,5,0,8,8,0,0,9,9,0,1594,367,0,67,0,5,0,0,38,11,0,2,37,45,25,21,50.381,54,1,36.187485,-119.822021,33.969002,8,600,58,3,"e00fce68e739ecbcf9e91965",2026-08-07 19:30:03.602,2026-08-07 19:30:03.807,2026-08-07 19:30:03.807,2026-08-07
"1184","bbQ6zTxEco","MOOSPMv3Parser",1786131001,3,3,3,5,5,3,3,5,5,3,937,253,42021,38,24,2,24,24,40,10,24,0,41,47,19,17,46.461,115,3277,3.2e-05,-0.004286,17152.310547,11,600,58,3,"e00fce68e28dcbc9a589be10",2026-08-07 19:30:03.653,2026-08-07 19:30:03.83,2026-08-07 19:30:03.83,2026-08-07
"1185","oBRxMRsqDS","MOOSPMv3Parser",1786131001,5,5,3,8,8,3,3,8,8,3,2264,361,27111,47,22,3,22,22,38,12,22,0,39,44,23,22,50.256,89,1,36.138992,-120.368401,157.177002,8,600,58,3,"e00fce68e77e43df92405fdb",2026-08-07 19:30:03.722,2026-08-07 19:30:03.934,2026-08-07 19:30:03.934,2026-08-07
"1186","JSTl9gnWib","MOOSPMv3Parser",1786131001,4,4,3,6,6,3,3,6,6,3,904,268,32993,40,26,2,26,26,0,0,26,0,39,45,23,22,33.645,78,1,36.139008,-120.368355,174.863007,7,600,58,3,"e00fce6876826e255108c6bd",2026-08-07 19:30:05.839,2026-08-07 19:30:05.981,2026-08-07 19:30:05.981,2026-08-07
"1187","FbBKLCEa9z","MOOSPMv3Parser",1786131001,4,4,4,7,7,4,4,7,7,4,1303,294,29814,46,28,3,28,28,39,11,28,0,44,45,18,21,512.443,138,1,36.13887,-120.368309,188.972,8,600,58,3,"e00fce6850cac69f647dc199",2026-08-07 19:30:08.833,2026-08-07 19:30:09.011,2026-08-07 19:30:09.011,2026-08-07
"1188","Hb9QQwI709","MOOSPMv3Parser",1786131001,0,0,3,2,2,4,4,2,2,4,365,258,26503,39,27,3,27,27,40,21,27,0,34,45,29,22,35.673,62,1,36.139015,-120.368332,162.145004,9,599,58,3,"e00fce68d6b773b56ce8baa0",2026-08-07 19:30:09.067,2026-08-07 19:30:09.231,2026-08-07 19:30:09.231,2026-08-07
"1189","kQo1rrhS8F","MOOSPMv3Parser",1786131601,4,4,3,6,6,4,4,6,6,5,962,251,44462,41,23,3,24,24,35,8,24,1,37,40,18,18,40.53,16,1,35.949551,-119.049904,110.359001,6,600,58,3,"e00fce6808784ceaf209f949",2026-08-07 19:40:02.649,2026-08-07 19:40:02.911,2026-08-07 19:40:02.911,2026-08-07
"1190","A5EHGLPK3S","MOOSPMv3Parser",1786131600,5,5,0,8,8,0,0,9,9,0,1573,368,0,68,0,5,0,0,38,11,0,2,38,45,25,22,50.545,54,1,36.187519,-119.822044,26.544001,8,600,58,3,"e00fce68e739ecbcf9e91965",2026-08-07 19:40:03.367,2026-08-07 19:40:03.57,2026-08-07 19:40:03.57,2026-08-07
"1191","YJMDRBHWJ9","MOOSPMv3Parser",1786131601,4,4,5,7,7,6,6,7,7,7,1565,289,66965,48,35,4,36,37,36,9,37,1,38,42,17,17,55.864,19,1,36.762703,-119.798759,56.032001,10,600,58,3,"e00fce68e88237db75a60608",2026-08-07 19:40:03.41,2026-08-07 19:40:03.58,2026-08-07 19:40:03.58,2026-08-07
"1192","H83dza9Fff","MOOSPMv3Parser",1786131601,0,0,2,1,1,2,2,1,1,2,332,217,19338,29,17,2,17,17,38,22,17,0,39,44,22,20,55.548,83,1,36.138988,-120.368324,186.018005,8,599,58,3,"e00fce686dc2ef0a68fa40b0",2026-08-07 19:40:03.441,2026-08-07 19:40:03.643,2026-08-07 19:40:03.643,2026-08-07
"1193","FH9PigwcD8","MOOSPMv3Parser",1786131601,0,0,3,2,2,3,3,2,2,3,363,255,26525,41,26,3,26,26,40,20,26,0,34,45,29,20,35.879,59,1,36.139011,-120.368355,159.423996,8,599,58,3,"e00fce68d6b773b56ce8baa0",2026-08-07 19:40:03.532,2026-08-07 19:40:03.711,2026-08-07 19:40:03.711,2026-08-07
"1194","F5giHOW2k7","MOOSPMv3Parser",1786131601,5,5,4,7,7,4,4,7,7,5,1194,316,76099,47,31,2,31,31,36,16,31,0,37,41,24,22,45.462,29,1,36.523365,-119.278755,70.703003,0,600,58,3,"e00fce68f12da1a0c5de6248",2026-08-07 19:40:03.49,2026-08-07 19:40:03.801,2026-08-07 19:40:03.801,2026-08-07
"1195","AGO8bfT8J6","MOOSPMv3Parser",1786131601,5,5,3,7,7,3,3,8,8,3,2172,346,27130,45,21,2,21,21,38,11,21,0,39,44,22,21,50.528,82,1,36.139008,-120.368423,166.807007,8,600,58,3,"e00fce68e77e43df92405fdb",2026-08-07 19:40:03.71,2026-08-07 19:40:03.907,2026-08-07 19:40:03.907,2026-08-07
"1196","KTwF2EFVyK","MOOSPMv3Parser",1786131601,3,3,3,5,5,3,3,5,5,3,930,244,42041,38,23,2,23,23,40,9,23,0,41,48,19,17,46.812,106,3277,3.2e-05,-0.004286,17152.310547,11,600,58,3,"e00fce68e28dcbc9a589be10",2026-08-07 19:40:03.827,2026-08-07 19:40:03.995,2026-08-07 19:40:03.995,2026-08-07
"1197","DyaIMoy0hO","MOOSPMv3Parser",1786131601,4,4,3,6,6,4,4,6,6,4,1262,279,29837,45,27,3,27,27,39,10,27,0,45,45,17,20,512.509,128,1,36.138981,-120.36834,185.792007,9,600,58,3,"e00fce6850cac69f647dc199",2026-08-07 19:40:04.368,2026-08-07 19:40:04.54,2026-08-07 19:40:04.54,2026-08-07
"1198","aj2yLYBNfK","MOOSPMv3Parser",1786131600,4,4,3,5,5,3,3,5,5,3,1059,258,36410,37,23,2,23,23,35,15,23,0,37,40,21,23,53.847,60,3277,36.503117,-120.32534,57.013,10,600,58,3,"e00fce6858b443fd80f27170",2026-08-07 19:40:09.641,2026-08-07 19:40:09.839,2026-08-07 19:40:09.839,2026-08-07
"1199","KUCckBV7QQ","MOOSPMv3Parser",1786131601,4,4,3,6,6,3,3,6,6,3,843,251,33015,39,25,3,25,25,0,0,25,0,39,45,22,21,33.884,79,1,36.139008,-120.36834,173.912003,7,600,58,3,"e00fce6876826e255108c6bd",2026-08-07 19:40:10.518,2026-08-07 19:40:10.679,2026-08-07 19:40:10.679,2026-08-07
"1200","uJRgGgazNa","MOOSPMv3Parser",1786132201,3,3,2,4,4,3,3,5,5,3,764,198,44477,30,17,2,17,17,35,7,17,1,37,41,18,18,42.024,12,1,35.949608,-119.049942,106.441002,8,600,58,3,"e00fce6808784ceaf209f949",2026-08-07 19:50:02.604,2026-08-07 19:50:02.981,2026-08-07 19:50:02.981,2026-08-07
"1201","ILi1PlzCV7","MOOSPMv3Parser",1786132201,3,3,4,6,6,5,6,6,6,6,1499,263,66992,43,33,4,33,33,36,9,34,1,38,42,17,17,55.595,20,1,36.762695,-119.798729,58.287998,10,600,58,3,"e00fce68e88237db75a60608",2026-08-07 19:50:03.24,2026-08-07 19:50:03.395,2026-08-07 19:50:03.395,2026-08-07
"1202","YoDmwZpGHV","MOOSPMv3Parser",1786132201,0,0,3,2,2,4,4,2,2,4,351,244,26503,40,26,3,26,26,40,19,26,0,34,45,29,19,35.935,55,1,36.139011,-120.368355,159.423996,0,600,58,3,"e00fce68d6b773b56ce8baa0",2026-08-07 19:50:03.214,2026-08-07 19:50:03.407,2026-08-07 19:50:03.407,2026-08-07
"1203","Y60P3q0Uvw","MOOSPMv3Parser",1786132200,5,5,0,8,8,0,0,8,8,0,1582,363,0,62,0,4,0,0,39,10,0,2,39,45,24,21,50.39,65,1,36.187618,-119.822105,9.709,7,600,58,3,"e00fce68e739ecbcf9e91965",2026-08-07 19:50:03.365,2026-08-07 19:50:03.547,2026-08-07 19:50:03.547,2026-08-07
"1204","WRWB3pGIEB","MOOSPMv3Parser",1786132201,4,4,4,6,6,4,4,6,6,4,1106,295,76125,42,29,2,30,30,36,15,30,0,37,41,22,21,46.914,26,1,36.523373,-119.278679,66.857002,8,600,58,3,"e00fce68f12da1a0c5de6248",2026-08-07 19:50:03.476,2026-08-07 19:50:03.774,2026-08-07 19:50:03.774,2026-08-07
"1205","a97hRad8zJ","MOOSPMv3Parser",1786132201,5,5,3,7,7,3,3,7,7,3,2139,334,27147,46,20,3,20,20,38,10,20,0,39,44,20,19,50.496,82,1,36.139008,-120.368431,156.673004,7,600,58,3,"e00fce68e77e43df92405fdb",2026-08-07 19:50:03.714,2026-08-07 19:50:03.898,2026-08-07 19:50:03.898,2026-08-07
"1206","f9IvXinaLC","MOOSPMv3Parser",1786132201,3,3,3,5,5,3,3,5,5,3,933,248,42061,35,23,2,23,23,41,8,23,0,41,48,17,15,48.583,116,3277,3.2e-05,-0.004286,17152.310547,11,600,58,3,"e00fce68e28dcbc9a589be10",2026-08-07 19:50:03.737,2026-08-07 19:50:03.981,2026-08-07 19:50:03.981,2026-08-07
"1207","8L8rc7ImhK","MOOSPMv3Parser",1786132201,0,0,2,0,0,2,2,1,1,2,323,207,19352,28,17,1,17,17,39,21,17,0,40,45,20,18,55.96,85,1,36.139065,-120.368362,176.535995,6,599,58,3,"e00fce686dc2ef0a68fa40b0",2026-08-07 19:50:03.981,2026-08-07 19:50:04.201,2026-08-07 19:50:04.201,2026-08-07
"1208","DqCUAj4ieA","MOOSPMv3Parser",1786132201,4,4,3,6,6,4,4,6,6,4,1231,267,29861,44,27,2,27,27,39,9,27,0,45,45,16,19,512.513,133,1,36.138969,-120.368317,147.078995,8,600,58,3,"e00fce6850cac69f647dc199",2026-08-07 19:50:07.932,2026-08-07 19:50:08.139,2026-08-07 19:50:08.139,2026-08-07
"1209","0n7G4LYoEn","MOOSPMv3Parser",1786132201,4,4,3,6,6,3,3,6,6,3,829,247,33036,39,25,2,25,25,0,0,25,0,40,45,20,19,33.606,79,1,36.139008,-120.36834,173.910004,0,600,58,3,"e00fce6876826e255108c6bd",2026-08-07 19:50:10.322,2026-08-07 19:50:10.506,2026-08-07 19:50:10.506,2026-08-07
"1210","Dc3aS3YuRm","MOOSPMv3Parser",1786132801,2,2,2,3,3,2,2,3,3,2,633,159,44489,24,14,1,15,15,36,6,15,0,37,41,18,17,43.688,10,1,35.9496,-119.049965,120.660004,5,600,58,3,"e00fce6808784ceaf209f949",2026-08-07 20:00:02.677,2026-08-07 20:00:03.322,2026-08-07 20:00:03.322,2026-08-07
"1211","iE8yv8RemQ","MOOSPMv3Parser",1786132801,4,4,4,6,6,4,4,6,6,4,1060,281,76149,43,28,2,28,28,36,14,28,0,37,42,21,20,46.322,24,1,36.523407,-119.278656,66.126999,7,600,58,3,"e00fce68f12da1a0c5de6248",2026-08-07 20:00:03.579,2026-08-07 20:00:03.98,2026-08-07 20:00:03.98,2026-08-07
"1212","ldQBzuWfqH","MOOSPMv3Parser",1786132800,5,5,0,8,8,0,0,9,9,0,1688,376,0,63,0,5,0,0,39,10,0,2,39,46,23,20,51.699,70,1,36.18766,-119.822098,2.103,7,600,58,3,"e00fce68e739ecbcf9e91965",2026-08-07 20:00:03.366,2026-08-07 20:00:04.033,2026-08-07 20:00:04.033,2026-08-07
"1213","TmiWqdBy6K","MOOSPMv3Parser",1786132801,0,0,3,1,1,3,3,1,1,3,316,216,26565,33,22,3,22,22,40,19,22,0,34,46,29,19,36.232,52,1,36.139084,-120.368317,178.274994,8,599,58,3,"e00fce68d6b773b56ce8baa0",2026-08-07 20:00:03.534,2026-08-07 20:00:04.077,2026-08-07 20:00:04.077,2026-08-07
"1214","kIPuD907J1","MOOSPMv3Parser",1786132801,3,3,4,6,6,5,5,6,6,5,1504,260,67018,41,31,3,31,31,36,9,32,1,38,42,17,17,56.899,23,1,36.762722,-119.798767,56.32,13,600,58,3,"e00fce68e88237db75a60608",2026-08-07 20:00:03.488,2026-08-07 20:00:04.096,2026-08-07 20:00:04.096,2026-08-07
"1215","RAvYHNiEwc","MOOSPMv3Parser",1786132801,0,0,2,0,0,2,2,0,0,2,296,188,19365,24,15,1,16,16,39,21,16,0,40,45,21,19,55.582,70,1,36.139019,-120.368362,174.884003,9,599,58,3,"e00fce686dc2ef0a68fa40b0",2026-08-07 20:00:02.987,2026-08-07 20:00:04.309,2026-08-07 20:00:04.309,2026-08-07
"1216","XzlMsPFCFl","MOOSPMv3Parser",1786132801,4,4,2,6,6,2,2,6,6,2,1910,283,27163,38,18,2,18,18,39,10,18,0,40,44,20,20,51.807,70,1,36.139004,-120.368523,154.225998,6,600,58,3,"e00fce68e77e43df92405fdb",2026-08-07 20:00:03.718,2026-08-07 20:00:04.351,2026-08-07 20:00:04.351,2026-08-07
"1217","D2oJur8c5j","MOOSPMv3Parser",1786132801,3,3,3,4,4,3,3,5,5,3,898,235,42080,34,22,1,22,22,41,8,22,0,42,49,17,15,48.472,130,3277,3.2e-05,-0.004286,17152.310547,11,600,58,3,"e00fce68e28dcbc9a589be10",2026-08-07 20:00:03.84,2026-08-07 20:00:04.581,2026-08-07 20:00:04.581,2026-08-07
"1218","UnIjc8P7em","MOOSPMv3Parser",1786132801,3,3,3,4,4,3,3,5,5,3,705,210,33055,32,22,3,22,22,0,0,22,0,40,45,20,20,33.939,79,1,36.139015,-120.368347,196.783005,8,600,58,3,"e00fce6876826e255108c6bd",2026-08-07 20:00:11.628,2026-08-07 20:00:11.82,2026-08-07 20:00:11.82,2026-08-07
"1219","HhfzcZbfJ9","MOOSPMv3Parser",1786132801,3,3,3,5,5,3,3,5,5,3,1120,235,29881,40,23,2,24,24,39,9,24,0,45,45,16,19,512.488,116,1,36.138996,-120.368362,173.837006,9,600,58,3,"e00fce6850cac69f647dc199",2026-08-07 20:00:20.105,2026-08-07 20:00:20.271,2026-08-07 20:00:20.271,2026-08-07
"1220","d4WhicaRXO","MOOSPMv3Parser",1786133401,3,3,2,5,5,2,3,5,5,3,846,217,44505,32,18,1,18,18,36,7,18,0,37,41,19,19,42.679,12,1,35.949581,-119.04995,104.947998,8,600,58,3,"e00fce6808784ceaf209f949",2026-08-07 20:10:02.678,2026-08-07 20:10:02.885,2026-08-07 20:10:02.885,2026-08-07
"1221","K2i8gKQsDg","MOOSPMv3Parser",1786133401,0,0,3,1,1,3,3,2,2,3,331,225,26584,35,22,3,22,22,41,19,22,0,34,46,29,19,36.124,59,1,36.139099,-120.368385,177.628006,9,599,58,3,"e00fce68d6b773b56ce8baa0",2026-08-07 20:10:03.059,2026-08-07 20:10:03.241,2026-08-07 20:10:03.241,2026-08-07
"1222","C8NruatTHg","MOOSPMv3Parser",1786133400,5,5,0,8,8,0,0,9,9,0,1725,378,0,66,0,5,0,0,39,10,0,2,39,46,24,21,52.216,68,1,36.18755,-119.822067,26.466999,6,600,58,3,"e00fce68e739ecbcf9e91965",2026-08-07 20:10:03.367,2026-08-07 20:10:03.525,2026-08-07 20:10:03.525,2026-08-07
"1223","H8cjgOjLvY","MOOSPMv3Parser",1786133401,0,0,2,0,0,2,2,0,0,2,304,193,19378,25,15,1,16,16,39,20,16,0,40,45,20,18,55.994,87,1,36.139008,-120.368347,167.367996,5,599,58,3,"e00fce686dc2ef0a68fa40b0",2026-08-07 20:10:03.309,2026-08-07 20:10:03.564,2026-08-07 20:10:03.564,2026-08-07
"1224","KnUIdql3qY","MOOSPMv3Parser",1786133401,3,3,4,5,5,5,5,6,6,5,1520,254,67044,42,31,3,32,32,37,9,32,1,38,42,17,17,55.899,27,1,36.762695,-119.798805,42.661999,12,600,58,3,"e00fce68e88237db75a60608",2026-08-07 20:10:03.478,2026-08-07 20:10:03.695,2026-08-07 20:10:03.695,2026-08-07
"1225","sdROhEfD72","MOOSPMv3Parser",1786133401,4,4,2,5,5,3,3,6,6,3,1917,281,27179,37,19,2,19,19,39,10,19,0,40,44,20,19,50.79,83,1,36.139061,-120.368423,161.988998,9,600,58,3,"e00fce68e77e43df92405fdb",2026-08-07 20:10:03.713,2026-08-07 20:10:03.919,2026-08-07 20:10:03.919,2026-08-07
"1226","ivpfD4C5v6","MOOSPMv3Parser",1786133401,3,3,3,5,5,3,3,5,5,3,907,240,42098,35,21,1,21,21,41,7,21,0,42,49,16,14,48.685,143,3277,3.2e-05,-0.004286,17152.310547,11,600,58,3,"e00fce68e28dcbc9a589be10",2026-08-07 20:10:03.909,2026-08-07 20:10:04.076,2026-08-07 20:10:04.076,2026-08-07
"1227","gOY5YNRkRX","MOOSPMv3Parser",1786133401,4,4,3,6,6,4,4,6,6,4,1083,283,76172,39,27,2,27,27,36,14,27,0,38,42,20,20,46.932,24,1,36.523415,-119.278725,53.945,7,600,58,3,"e00fce68f12da1a0c5de6248",2026-08-07 20:10:04.04,2026-08-07 20:10:04.202,2026-08-07 20:10:04.202,2026-08-07
"1228","HGGzfAvopA","MOOSPMv3Parser",1786133401,3,3,3,5,5,3,3,6,6,3,747,219,33075,35,23,3,23,23,0,0,23,0,41,45,19,19,33.76,79,1,36.139042,-120.368149,202.988998,5,600,58,3,"e00fce6876826e255108c6bd",2026-08-07 20:10:05.375,2026-08-07 20:10:05.555,2026-08-07 20:10:05.555,2026-08-07
"1229","jAkKMJmKnh","MOOSPMv3Parser",1786133401,3,3,3,5,5,3,3,5,5,3,1149,243,29901,41,23,2,23,23,39,8,23,0,46,46,15,18,512.358,138,1,36.138996,-120.368362,173.841003,0,600,58,3,"e00fce6850cac69f647dc199",2026-08-07 20:10:08.617,2026-08-07 20:10:08.834,2026-08-07 20:10:08.834,2026-08-07
"1230","SivFzGpBMg","MOOSPMv3Parser",1786134001,4,4,3,6,6,3,4,6,6,4,1039,266,44523,39,22,2,23,23,36,8,23,1,37,41,20,20,41.831,24,1,35.949505,-119.049911,135.261002,7,600,58,3,"e00fce6808784ceaf209f949",2026-08-07 20:20:02.851,2026-08-07 20:20:03.092,2026-08-07 20:20:03.092,2026-08-07
"1231","dlJVGaStgw","MOOSPMv3Parser",1786134001,0,0,3,1,1,3,3,1,1,3,330,224,26602,34,22,3,22,22,41,19,22,0,34,46,29,18,36.302,60,1,36.139046,-120.368469,178.852997,7,599,58,3,"e00fce68d6b773b56ce8baa0",2026-08-07 20:20:03.447,2026-08-07 20:20:03.59,2026-08-07 20:20:03.59,2026-08-07
"1232","rOBV07QmZE","MOOSPMv3Parser",1786134000,5,5,0,8,8,0,0,9,9,0,1755,381,0,65,0,4,0,0,40,10,0,2,39,46,23,20,53.671,65,1,36.187469,-119.822113,40.841,6,600,58,3,"e00fce68e739ecbcf9e91965",2026-08-07 20:20:03.367,2026-08-07 20:20:03.603,2026-08-07 20:20:03.603,2026-08-07
"1233","1xCRq47Mlg","MOOSPMv3Parser",1786134001,0,0,2,0,0,2,2,0,0,2,309,193,19390,24,15,1,15,15,40,20,15,0,40,46,19,17,55.699,90,1,36.139004,-120.368385,169.080994,6,599,58,3,"e00fce686dc2ef0a68fa40b0",2026-08-07 20:20:03.474,2026-08-07 20:20:03.687,2026-08-07 20:20:03.687,2026-08-07
"1234","kKMQrL9rct","MOOSPMv3Parser",1786134001,3,3,3,5,5,4,4,6,6,4,1028,269,76195,37,27,2,27,27,36,13,27,0,38,42,20,19,48.107,25,1,36.523411,-119.278847,95.161003,8,600,58,3,"e00fce68f12da1a0c5de6248",2026-08-07 20:20:03.644,2026-08-07 20:20:03.813,2026-08-07 20:20:03.813,2026-08-07
"1235","5Bz9m1rbDO","MOOSPMv3Parser",1786134001,3,3,4,6,6,5,5,6,6,5,1549,264,67071,45,32,5,32,32,37,9,32,1,38,42,17,17,56.783,30,1,36.762695,-119.798805,42.660999,0,600,58,3,"e00fce68e88237db75a60608",2026-08-07 20:20:03.658,2026-08-07 20:20:03.828,2026-08-07 20:20:03.828,2026-08-07
"1236","g0Qy2hZLDK","MOOSPMv3Parser",1786134001,3,3,3,4,4,3,3,5,5,3,887,235,42116,33,21,2,21,21,42,8,21,0,42,49,17,15,48.301,156,3277,3.2e-05,-0.004286,17152.310547,11,600,58,3,"e00fce68e28dcbc9a589be10",2026-08-07 20:20:03.615,2026-08-07 20:20:03.837,2026-08-07 20:20:03.837,2026-08-07
"1237","Ilan4o2gLP","MOOSPMv3Parser",1786134001,4,4,2,6,6,3,3,6,6,3,1923,284,27195,38,19,2,19,19,39,10,19,0,40,45,18,19,51.236,81,1,36.139061,-120.368423,161.990997,0,600,58,3,"e00fce68e77e43df92405fdb",2026-08-07 20:20:03.721,2026-08-07 20:20:03.979,2026-08-07 20:20:03.979,2026-08-07
"1238","Mja7U99HqC","MOOSPMv3Parser",1786134001,3,3,3,5,5,3,3,5,5,3,1115,240,29972,40,23,3,24,24,40,8,24,0,45,46,15,18,512.343,140,1,36.138912,-120.3685,155.959,7,599,58,3,"e00fce6850cac69f647dc199",2026-08-07 20:20:04.185,2026-08-07 20:20:04.361,2026-08-07 20:20:04.361,2026-08-07
"1239","Hx4holX4sH","MOOSPMv3Parser",1786134001,3,3,3,5,5,3,3,5,5,3,705,206,33094,31,22,3,22,22,0,0,22,0,41,45,19,19,34.049,79,1,36.139095,-120.368492,147.195999,6,600,58,3,"e00fce6876826e255108c6bd",2026-08-07 20:20:06.32,2026-08-07 20:20:06.505,2026-08-07 20:20:06.505,2026-08-07
"1240","8aApSHoZdw","MOOSPMv3Parser",1786134601,0,0,2,0,0,2,2,0,0,2,288,179,19402,21,14,1,14,14,40,20,14,0,41,46,19,18,54.706,89,1,36.138977,-120.368324,150.626007,6,599,58,3,"e00fce686dc2ef0a68fa40b0",2026-08-07 20:30:02.528,2026-08-07 20:30:02.809,2026-08-07 20:30:02.809,2026-08-07
"1241","22YLhHZhb3","MOOSPMv3Parser",1786134601,4,4,3,6,6,3,3,6,6,3,992,255,44541,36,21,2,21,21,36,8,21,0,37,41,20,19,43.073,22,1,35.949554,-119.049934,127.029999,8,600,58,3,"e00fce6808784ceaf209f949",2026-08-07 20:30:02.676,2026-08-07 20:30:02.984,2026-08-07 20:30:02.984,2026-08-07
"1242","vykPSxmK6a","MOOSPMv3Parser",1786134601,0,0,3,1,1,3,3,1,1,3,309,210,26620,31,21,3,21,21,41,19,21,0,34,46,29,18,35.682,66,1,36.139038,-120.368401,163.688004,9,599,58,3,"e00fce68d6b773b56ce8baa0",2026-08-07 20:30:03.059,2026-08-07 20:30:03.369,2026-08-07 20:30:03.369,2026-08-07
"1243","QTllqVV0F4","MOOSPMv3Parser",1786134601,3,3,3,4,4,3,3,5,5,3,1024,211,29939,34,20,2,20,20,40,8,20,0,46,46,14,18,512.453,140,1,36.138977,-120.368446,140.367004,7,600,58,3,"e00fce6850cac69f647dc199",2026-08-07 20:30:03.371,2026-08-07 20:30:03.595,2026-08-07 20:30:03.595,2026-08-07
"1244","T6kT3Ot8yR","MOOSPMv3Parser",1786134601,3,3,3,6,6,4,4,6,6,4,1015,266,76218,44,26,2,26,26,37,13,26,0,39,43,19,19,46.492,26,1,36.523365,-119.27877,72.528,7,600,58,3,"e00fce68f12da1a0c5de6248",2026-08-07 20:30:03.413,2026-08-07 20:30:03.612,2026-08-07 20:30:03.612,2026-08-07
"1245","Jxifq1a5a8","MOOSPMv3Parser",1786134600,5,5,0,7,7,0,0,8,8,0,1606,359,0,60,0,5,0,0,38,11,0,2,38,45,26,22,53.532,71,1,36.187542,-119.82206,20.631001,6,600,58,3,"e00fce68e739ecbcf9e91965",2026-08-07 20:30:03.454,2026-08-07 20:30:03.634,2026-08-07 20:30:03.634,2026-08-07
"1246","20UnWSyZPB","MOOSPMv3Parser",1786134601,3,3,3,5,5,4,4,5,5,4,1533,251,67094,39,27,2,27,27,37,8,27,1,39,43,16,17,55.588,30,1,36.762749,-119.798859,62.604,12,600,58,3,"e00fce68e88237db75a60608",2026-08-07 20:30:03.638,2026-08-07 20:30:03.817,2026-08-07 20:30:03.817,2026-08-07
"1247","zPevvYCTFV","MOOSPMv3Parser",1786134601,3,3,3,5,5,3,3,5,5,3,949,251,42136,40,23,2,23,23,42,8,23,0,42,50,17,15,48.613,171,3277,3.2e-05,-0.004286,17152.310547,11,600,58,3,"e00fce68e28dcbc9a589be10",2026-08-07 20:30:03.668,2026-08-07 20:30:03.831,2026-08-07 20:30:03.831,2026-08-07
"1248","udHSdIhBVl","MOOSPMv3Parser",1786134601,3,3,2,5,5,2,2,5,5,2,1861,260,27209,34,16,2,16,16,39,10,16,0,41,44,18,19,50.562,77,1,36.139023,-120.368454,166.835999,10,600,58,3,"e00fce68e77e43df92405fdb",2026-08-07 20:30:03.985,2026-08-07 20:30:04.173,2026-08-07 20:30:04.173,2026-08-07
"1249","tRefHWLrGx","MOOSPMv3Parser",1786134601,3,3,3,5,5,3,3,5,5,3,703,207,33112,32,21,3,21,21,0,0,21,0,41,45,18,19,33.811,79,1,36.139,-120.368393,166.485001,5,600,58,3,"e00fce6876826e255108c6bd",2026-08-07 20:30:05.324,2026-08-07 20:30:05.51,2026-08-07 20:30:05.51,2026-08-07
"1250","KxhZsO2EC3","MOOSPMv3Parser",1786135201,4,4,3,6,6,3,4,7,7,4,1052,268,44559,37,22,3,22,22,36,8,22,1,38,41,21,20,42.866,20,1,35.949532,-119.049873,145.369995,7,600,58,3,"e00fce6808784ceaf209f949",2026-08-07 20:40:02.675,2026-08-07 20:40:02.88,2026-08-07 20:40:02.88,2026-08-07
"1251","L6lMGbXelE","MOOSPMv3Parser",1786135201,0,0,2,0,0,2,2,0,0,2,278,170,19380,21,13,1,13,13,40,20,13,0,41,46,19,17,55.966,87,1,36.138977,-120.368324,150.625,0,600,58,3,"e00fce686dc2ef0a68fa40b0",2026-08-07 20:40:02.781,2026-08-07 20:40:02.953,2026-08-07 20:40:02.953,2026-08-07
"1252","KVsMC6ckXa","MOOSPMv3Parser",1786135201,3,3,3,4,4,4,4,4,4,4,1428,229,67115,33,25,2,25,25,37,8,25,0,39,43,15,16,55.559,29,1,36.762749,-119.798744,62.216999,13,600,58,3,"e00fce68e88237db75a60608",2026-08-07 20:40:03.405,2026-08-07 20:40:03.595,2026-08-07 20:40:03.595,2026-08-07
"1253","iG7SF2laYE","MOOSPMv3Parser",1786135201,3,3,3,5,5,3,4,5,5,4,978,259,76240,37,25,2,25,25,37,12,25,0,39,43,19,19,47.001,33,1,36.523384,-119.278801,92.362,9,600,58,3,"e00fce68f12da1a0c5de6248",2026-08-07 20:40:03.609,2026-08-07 20:40:03.766,2026-08-07 20:40:03.766,2026-08-07
"1254","3frFOOLjxx","MOOSPMv3Parser",1786135200,5,5,0,8,8,0,0,8,8,0,1534,342,0,63,0,4,0,0,37,11,0,2,37,43,26,23,52.433,66,1,36.187542,-119.82206,20.631001,0,600,58,3,"e00fce68e739ecbcf9e91965",2026-08-07 20:40:03.685,2026-08-07 20:40:03.825,2026-08-07 20:40:03.825,2026-08-07
"1255","RDPFDACjV5","MOOSPMv3Parser",1786135201,3,3,2,5,5,2,3,6,6,3,1845,263,27223,38,17,3,17,17,39,9,17,0,40,44,19,19,51.194,73,1,36.139088,-120.368484,172.005997,10,600,58,3,"e00fce68e77e43df92405fdb",2026-08-07 20:40:03.713,2026-08-07 20:40:03.844,2026-08-07 20:40:03.844,2026-08-07
"1256","20F9OyjHnu","MOOSPMv3Parser",1786135201,3,3,3,5,5,3,3,5,5,3,959,252,42155,38,22,2,22,22,42,8,22,0,43,50,17,15,48.01,177,3277,3.2e-05,-0.004286,17152.310547,11,600,58,3,"e00fce68e28dcbc9a589be10",2026-08-07 20:40:03.961,2026-08-07 20:40:04.172,2026-08-07 20:40:04.172,2026-08-07
"1257","rQsM0qAunh","MOOSPMv3Parser",1786135201,3,3,3,4,4,3,3,5,5,3,667,197,33130,31,21,3,21,21,0,0,21,0,41,46,19,18,33.648,80,1,36.139,-120.368645,92.291,5,600,58,3,"e00fce6876826e255108c6bd",2026-08-07 20:40:06.02,2026-08-07 20:40:06.215,2026-08-07 20:40:06.215,2026-08-07
"1258","HFp29VqB78","MOOSPMv3Parser",1786135201,0,0,3,1,1,3,3,1,1,3,309,207,26637,32,20,2,20,20,41,18,20,0,34,47,29,18,36.478,71,1,36.139111,-120.368378,180.843002,8,599,58,3,"e00fce68d6b773b56ce8baa0",2026-08-07 20:40:17.144,2026-08-07 20:40:17.335,2026-08-07 20:40:17.335,2026-08-07
"1259","qOeRpuly2o","MOOSPMv3Parser",1786135201,2,2,3,4,4,3,3,4,4,3,1026,207,29957,32,21,2,21,21,40,8,21,0,46,46,15,18,512.519,144,1,36.138988,-120.368401,164.757004,9,600,58,3,"e00fce6850cac69f647dc199",2026-08-07 20:40:22.087,2026-08-07 20:40:22.33,2026-08-07 20:40:22.33,2026-08-07
"1260","sIvh9UQ7Qs","MOOSPMv3Parser",1786135801,3,3,2,4,4,3,3,5,5,3,859,216,44575,31,19,2,20,20,36,6,20,1,38,42,17,17,42.758,24,1,35.949532,-119.049873,145.371994,0,600,58,3,"e00fce6808784ceaf209f949",2026-08-07 20:50:02.606,2026-08-07 20:50:02.848,2026-08-07 20:50:02.848,2026-08-07
"1261","FAMRUwNCho","MOOSPMv3Parser",1786135801,3,3,3,5,5,4,4,5,5,4,1443,228,67137,35,25,3,26,26,38,7,26,1,40,44,13,15,54.931,30,1,36.762768,-119.798721,56.305,10,600,58,3,"e00fce68e88237db75a60608",2026-08-07 20:50:03.404,2026-08-07 20:50:03.583,2026-08-07 20:50:03.583,2026-08-07
"1262","tPQVs9dtkA","MOOSPMv3Parser",1786135800,5,5,0,8,8,0,0,9,9,0,1470,354,0,64,0,4,0,0,36,12,0,2,37,42,26,23,53.859,35,1,36.1875,-119.822136,23.419001,6,600,58,3,"e00fce68e739ecbcf9e91965",2026-08-07 20:50:03.608,2026-08-07 20:50:03.801,2026-08-07 20:50:03.801,2026-08-07
"1263","AKxaBT6upp","MOOSPMv3Parser",1786135801,3,3,3,5,5,3,3,5,5,3,947,247,42175,34,23,2,23,23,42,8,23,0,43,50,17,15,47.295,196,3277,3.2e-05,-0.004286,17152.310547,11,600,58,3,"e00fce68e28dcbc9a589be10",2026-08-07 20:50:03.645,2026-08-07 20:50:03.814,2026-08-07 20:50:03.814,2026-08-07
"1264","Kje0lj0HEB","MOOSPMv3Parser",1786135801,3,3,2,5,5,2,2,5,5,2,1885,269,27238,36,17,2,17,17,38,10,17,0,40,44,19,20,51.572,74,1,36.138985,-120.368446,159.201996,10,600,58,3,"e00fce68e77e43df92405fdb",2026-08-07 20:50:03.901,2026-08-07 20:50:04.095,2026-08-07 20:50:04.095,2026-08-07
"1265","DvT5yBC9by","MOOSPMv3Parser",1786135801,4,4,3,5,5,3,3,6,6,3,1017,266,76261,39,25,2,25,25,37,13,25,0,39,43,20,19,47.242,32,1,36.523403,-119.278763,92.491997,8,600,58,3,"e00fce68f12da1a0c5de6248",2026-08-07 20:50:04.149,2026-08-07 20:50:04.359,2026-08-07 20:50:04.359,2026-08-07
"1266","hPB92bHRJe","MOOSPMv3Parser",1786135801,0,0,2,0,0,2,2,0,0,2,298,188,19425,24,14,1,14,14,40,20,14,0,41,46,20,18,55.816,98,1,36.138966,-120.368423,167.994003,6,599,58,3,"e00fce686dc2ef0a68fa40b0",2026-08-07 20:50:05.504,2026-08-07 20:50:05.684,2026-08-07 20:50:05.684,2026-08-07
"1267","3vKORIsdHE","MOOSPMv3Parser",1786135801,3,3,3,5,5,3,3,5,5,3,1098,229,29977,36,22,1,22,22,40,8,22,0,46,46,15,19,512.476,155,1,36.138962,-120.368416,174.602997,7,600,58,3,"e00fce6850cac69f647dc199",2026-08-07 20:50:05.97,2026-08-07 20:50:06.151,2026-08-07 20:50:06.151,2026-08-07
"1268","lEd6IjJ6N1","MOOSPMv3Parser",1786135801,3,3,3,5,5,3,3,5,5,3,716,212,33148,32,20,3,21,21,0,0,21,0,41,46,20,19,33.757,80,1,36.13903,-120.368347,160.820999,10,600,58,3,"e00fce6876826e255108c6bd",2026-08-07 20:50:05.945,2026-08-07 20:50:06.165,2026-08-07 20:50:06.165,2026-08-07
"1269","u2YmnZW4IS","MOOSPMv3Parser",1786135801,0,0,3,1,1,3,3,1,1,3,332,226,26655,33,21,3,21,21,41,19,21,0,34,47,29,19,37.031,67,1,36.139046,-120.368416,193.082001,9,599,58,3,"e00fce68d6b773b56ce8baa0",2026-08-07 20:50:08.087,2026-08-07 20:50:08.285,2026-08-07 20:50:08.285,2026-08-07
"1270","CxqttHyu91","MOOSPMv3Parser",1786136401,2,2,2,3,3,2,3,3,3,3,667,170,44588,25,15,1,15,15,36,5,15,1,38,42,16,16,43.896,18,1,35.949589,-119.04995,111.199997,6,600,58,3,"e00fce6808784ceaf209f949",2026-08-07 21:00:02.595,2026-08-07 21:00:03.573,2026-08-07 21:00:03.573,2026-08-07
"1271","jImWf80K3Y","MOOSPMv3Parser",1786136401,0,0,3,1,1,3,3,1,1,3,330,224,26673,32,22,2,22,22,41,18,22,0,34,47,29,18,36.802,79,1,36.139072,-120.368362,169.927002,12,599,58,3,"e00fce68d6b773b56ce8baa0",2026-08-07 21:00:03.067,2026-08-07 21:00:03.794,2026-08-07 21:00:03.794,2026-08-07
"1272","tAEWuAPmtT","MOOSPMv3Parser",1786136401,2,2,3,4,4,3,3,4,4,3,1454,218,67155,33,21,2,21,21,38,6,21,0,40,45,14,14,54.375,47,1,36.762764,-119.798759,67.361,11,600,58,3,"e00fce68e88237db75a60608",2026-08-07 21:00:03.502,2026-08-07 21:00:04.162,2026-08-07 21:00:04.162,2026-08-07
"1273","WOnpxI0wmu","MOOSPMv3Parser",1786136401,3,3,3,4,4,3,3,5,5,3,915,235,42194,35,22,2,22,22,43,8,22,0,43,50,17,15,48.06,208,3277,3.2e-05,-0.004286,17152.310547,11,600,58,3,"e00fce68e28dcbc9a589be10",2026-08-07 21:00:03.699,2026-08-07 21:00:04.187,2026-08-07 21:00:04.187,2026-08-07
"1274","2ECOWtW4Eh","MOOSPMv3Parser",1786136400,5,5,0,8,8,0,0,9,9,0,1440,342,0,66,0,4,0,0,37,12,0,2,39,44,23,22,54.851,26,1,36.187508,-119.82209,25.173,5,600,58,3,"e00fce68e739ecbcf9e91965",2026-08-07 21:00:03.52,2026-08-07 21:00:04.226,2026-08-07 21:00:04.226,2026-08-07
"1275","bTmCbTdrNO","MOOSPMv3Parser",1786136401,0,0,2,0,0,2,2,0,0,2,292,183,19436,23,14,1,14,14,40,20,14,0,41,46,19,17,55.795,112,1,36.139042,-120.368401,188.117004,6,599,58,3,"e00fce686dc2ef0a68fa40b0",2026-08-07 21:00:03.567,2026-08-07 21:00:04.231,2026-08-07 21:00:04.231,2026-08-07
"1276","QbpuHPCmGj","MOOSPMv3Parser",1786136401,4,4,2,5,5,2,2,6,6,2,1905,284,27253,38,18,1,18,18,38,10,18,0,41,44,18,19,50.009,85,1,36.139084,-120.368462,181.218994,7,600,58,3,"e00fce68e77e43df92405fdb",2026-08-07 21:00:03.723,2026-08-07 21:00:04.8,2026-08-07 21:00:04.8,2026-08-07
"1277","VLnav2LcoK","MOOSPMv3Parser",1786136401,3,3,3,5,5,3,3,5,5,3,1169,236,29997,40,23,2,23,23,40,8,23,0,46,46,15,18,512.514,170,1,36.13903,-120.368355,167.839005,6,600,58,3,"e00fce6850cac69f647dc199",2026-08-07 21:00:04.603,2026-08-07 21:00:04.973,2026-08-07 21:00:04.973,2026-08-07
"1278","fftLnUZ5lO","MOOSPMv3Parser",1786136401,3,3,3,5,5,3,3,5,5,3,729,215,33167,34,21,2,21,21,0,0,21,0,41,46,18,19,33.522,80,1,36.139038,-120.368362,165.998993,11,600,58,3,"e00fce6876826e255108c6bd",2026-08-07 21:00:05.948,2026-08-07 21:00:06.193,2026-08-07 21:00:06.193,2026-08-07
"1279","10HYohmUoU","MOOSPMv3Parser",1786136401,4,4,3,5,5,4,4,6,6,4,1064,277,76283,36,26,2,26,26,37,12,26,0,39,43,20,19,47.182,37,1,36.523369,-119.278641,88.825996,6,600,58,3,"e00fce68f12da1a0c5de6248",2026-08-07 21:00:20.376,2026-08-07 21:00:20.561,2026-08-07 21:00:20.561,2026-08-07
"1280","BONwpw7HgP","MOOSPMv3Parser",1786137001,0,0,2,0,0,2,2,0,0,2,298,187,19447,24,13,1,13,13,40,20,13,0,41,46,19,17,56.188,107,1,36.13905,-120.368416,174.608002,5,599,58,3,"e00fce686dc2ef0a68fa40b0",2026-08-07 21:10:02.602,2026-08-07 21:10:02.763,2026-08-07 21:10:02.763,2026-08-07
"1281","QsXx7Zb8IG","MOOSPMv3Parser",1786137001,3,3,3,5,5,4,4,5,5,4,861,218,44606,34,22,3,23,23,36,6,23,1,38,42,18,18,45.795,16,1,35.949638,-119.049934,126.373001,6,600,58,3,"e00fce6808784ceaf209f949",2026-08-07 21:10:02.516,2026-08-07 21:10:02.772,2026-08-07 21:10:02.772,2026-08-07
"1282","5nyYRqwGcH","MOOSPMv3Parser",1786137001,0,0,3,1,1,3,3,1,1,3,319,217,26691,31,22,3,22,22,41,18,22,0,34,47,29,18,37.053,76,1,36.139126,-120.368332,187.425003,8,599,58,3,"e00fce68d6b773b56ce8baa0",2026-08-07 21:10:03.217,2026-08-07 21:10:03.453,2026-08-07 21:10:03.453,2026-08-07
"1283","iF2wgPoTAi","MOOSPMv3Parser",1786137000,5,5,0,7,7,0,0,8,8,0,1406,326,0,56,0,4,0,0,38,10,0,2,40,44,21,20,56.3,19,1,36.187405,-119.822098,47.014999,6,600,58,3,"e00fce68e739ecbcf9e91965",2026-08-07 21:10:03.447,2026-08-07 21:10:03.612,2026-08-07 21:10:03.612,2026-08-07
"1284","1Z0JLAoCzL","MOOSPMv3Parser",1786137001,4,4,3,6,6,4,4,6,6,4,1076,281,76305,40,26,2,26,26,37,13,26,0,39,43,20,20,46.162,38,1,36.523373,-119.278816,62.451,7,600,58,3,"e00fce68f12da1a0c5de6248",2026-08-07 21:10:03.485,2026-08-07 21:10:03.681,2026-08-07 21:10:03.681,2026-08-07
"1285","tbucKx0I3K","MOOSPMv3Parser",1786137001,2,2,3,4,4,3,3,4,4,3,1368,209,67174,30,21,2,21,21,37,6,21,0,39,43,14,15,57.763,26,1,36.762737,-119.798798,45.814999,7,600,58,3,"e00fce68e88237db75a60608",2026-08-07 21:10:03.583,2026-08-07 21:10:03.732,2026-08-07 21:10:03.732,2026-08-07
"1286","SGwHlp08m4","MOOSPMv3Parser",1786137001,3,3,3,5,5,3,3,5,5,3,992,254,42213,38,22,2,22,22,42,7,22,0,43,50,16,14,47.75,222,3277,3.2e-05,-0.004286,17152.310547,11,600,58,3,"e00fce68e28dcbc9a589be10",2026-08-07 21:10:03.633,2026-08-07 21:10:03.81,2026-08-07 21:10:03.81,2026-08-07
"1287","NYBB2oQDXd","MOOSPMv3Parser",1786137001,4,4,2,6,6,2,2,6,6,2,1848,274,27269,40,18,2,18,18,38,10,18,0,41,44,19,19,51.407,79,1,36.13908,-120.368462,165.878006,9,600,58,3,"e00fce68e77e43df92405fdb",2026-08-07 21:10:03.65,2026-08-07 21:10:03.824,2026-08-07 21:10:03.824,2026-08-07
"1288","U6EKdArNVR","MOOSPMv3Parser",1786137001,3,3,3,5,5,3,3,5,5,3,727,217,33184,34,20,3,20,20,0,0,20,0,41,46,19,19,33.59,80,1,36.139023,-120.368378,164.873001,11,600,58,3,"e00fce6876826e255108c6bd",2026-08-07 21:10:05.479,2026-08-07 21:10:05.657,2026-08-07 21:10:05.657,2026-08-07
"1289","31MtGZ46Me","MOOSPMv3Parser",1786137001,3,3,3,5,5,3,3,5,5,3,1372,240,30016,38,22,2,22,22,40,8,22,0,46,46,15,18,512.479,168,1,36.139057,-120.368423,176.259995,5,600,58,3,"e00fce6850cac69f647dc199",2026-08-07 21:10:08.536,2026-08-07 21:10:08.723,2026-08-07 21:10:08.723,2026-08-07
"1290","x1I8nm0B9J","MOOSPMv3Parser",1786137601,4,4,3,6,6,3,4,6,6,4,966,247,44624,38,21,3,22,22,37,8,22,1,39,42,20,20,46.18,16,1,35.949707,-119.050003,99.938004,6,600,58,3,"e00fce6808784ceaf209f949",2026-08-07 21:20:02.674,2026-08-07 21:20:02.88,2026-08-07 21:20:02.88,2026-08-07
"1291","dPkXqGSorD","MOOSPMv3Parser",1786137601,0,0,2,0,0,2,2,0,0,2,296,183,19458,23,13,1,13,13,40,20,13,0,41,46,18,17,55.447,106,1,36.13908,-120.368446,166.287003,6,599,58,3,"e00fce686dc2ef0a68fa40b0",2026-08-07 21:20:02.91,2026-08-07 21:20:03.149,2026-08-07 21:20:03.149,2026-08-07
"1292","CbLG1OprUS","MOOSPMv3Parser",1786137600,5,5,0,7,7,0,0,7,7,0,1454,329,0,56,0,4,0,0,38,9,0,2,40,45,20,19,57.983,15,1,36.187481,-119.821999,37.007,7,600,58,3,"e00fce68e739ecbcf9e91965",2026-08-07 21:20:03.445,2026-08-07 21:20:03.625,2026-08-07 21:20:03.625,2026-08-07
"1293","Dx8t45M8H1","MOOSPMv3Parser",1786137601,2,2,3,3,3,3,3,4,4,3,1326,201,67192,26,21,2,21,21,37,6,21,0,39,43,14,15,56.975,19,1,36.762714,-119.798767,51.098,7,600,58,3,"e00fce68e88237db75a60608",2026-08-07 21:20:03.51,2026-08-07 21:20:03.661,2026-08-07 21:20:03.661,2026-08-07
"1294","wuo7sgL5pC","MOOSPMv3Parser",1786137601,3,3,3,5,5,3,3,5,5,3,1370,233,30036,35,23,2,23,23,40,8,23,0,46,46,14,18,512.435,167,1,36.139057,-120.368446,179.490997,5,600,58,3,"e00fce6850cac69f647dc199",2026-08-07 21:20:03.538,2026-08-07 21:20:03.693,2026-08-07 21:20:03.693,2026-08-07
"1295","0nnFYCgXC4","MOOSPMv3Parser",1786137601,0,0,3,1,1,3,3,1,1,3,326,221,26709,31,22,2,22,22,41,18,22,0,34,47,29,18,37.059,75,1,36.139069,-120.368423,182.653,8,599,58,3,"e00fce68d6b773b56ce8baa0",2026-08-07 21:20:03.615,2026-08-07 21:20:03.902,2026-08-07 21:20:03.902,2026-08-07
"1296","bTgzHPUG5y","MOOSPMv3Parser",1786137601,3,3,3,5,5,4,4,5,5,4,1005,259,76327,32,25,2,25,25,37,13,25,0,39,43,20,19,48.922,34,1,36.523376,-119.278824,72.144997,7,600,58,3,"e00fce68f12da1a0c5de6248",2026-08-07 21:20:03.721,2026-08-07 21:20:03.913,2026-08-07 21:20:03.913,2026-08-07
"1297","LEmXUKfwAQ","MOOSPMv3Parser",1786137601,4,4,2,5,5,2,2,5,5,2,1890,271,27284,33,17,2,17,17,38,10,17,0,41,44,18,19,50.996,76,1,36.139126,-120.368469,164.266998,8,600,58,3,"e00fce68e77e43df92405fdb",2026-08-07 21:20:03.709,2026-08-07 21:20:03.947,2026-08-07 21:20:03.947,2026-08-07
"1298","wdSqaQQ6mQ","MOOSPMv3Parser",1786137601,3,3,3,4,4,3,3,4,4,3,850,215,42230,32,20,1,20,20,43,6,20,0,44,51,14,13,48.521,182,3277,3.2e-05,-0.004286,17152.310547,11,600,58,3,"e00fce68e28dcbc9a589be10",2026-08-07 21:20:03.805,2026-08-07 21:20:04.017,2026-08-07 21:20:04.017,2026-08-07
"1299","sklFwKnqXH","MOOSPMv3Parser",1786137601,3,3,3,4,4,3,3,5,5,3,719,213,33201,36,20,2,20,20,0,0,20,0,42,46,18,18,33.594,80,1,36.139099,-120.368401,167.332993,10,600,58,3,"e00fce6876826e255108c6bd",2026-08-07 21:20:05.924,2026-08-07 21:20:06.072,2026-08-07 21:20:06.072,2026-08-07
"1300","N0QaHjFsUl","MOOSPMv3Parser",1786138201,4,4,3,6,6,3,4,6,6,4,994,255,44642,36,21,2,22,22,37,8,22,1,38,42,19,19,48.021,23,1,35.949581,-119.049889,117.266998,7,600,58,3,"e00fce6808784ceaf209f949",2026-08-07 21:30:02.597,2026-08-07 21:30:03.067,2026-08-07 21:30:03.067,2026-08-07
"1301","CjPhyEe5kS","MOOSPMv3Parser",1786138201,0,0,3,1,1,3,3,1,1,3,313,210,26727,32,21,2,21,21,42,18,21,0,34,47,29,18,36.925,75,1,36.139061,-120.368431,174.087997,9,599,58,3,"e00fce68d6b773b56ce8baa0",2026-08-07 21:30:03.292,2026-08-07 21:30:03.579,2026-08-07 21:30:03.579,2026-08-07
"1302","9jwCCRXKcy","MOOSPMv3Parser",1786138201,0,0,1,0,0,2,2,0,0,2,292,179,19468,22,12,1,12,12,40,19,12,0,42,46,18,17,56.014,100,1,36.139069,-120.36837,184.503998,10,599,58,3,"e00fce686dc2ef0a68fa40b0",2026-08-07 21:30:03.184,2026-08-07 21:30:03.631,2026-08-07 21:30:03.631,2026-08-07
"1303","TSgamgEyHo","MOOSPMv3Parser",1786138200,4,4,0,6,6,0,0,7,7,0,1389,315,0,56,0,3,0,0,39,8,0,2,40,45,19,18,57.276,20,1,36.187592,-119.822128,18.261,7,600,58,3,"e00fce68e739ecbcf9e91965",2026-08-07 21:30:03.454,2026-08-07 21:30:03.797,2026-08-07 21:30:03.797,2026-08-07
"1304","bMwb6Fv7ke","MOOSPMv3Parser",1786138201,1,1,2,2,2,2,2,2,2,2,627,151,42243,25,14,1,14,14,43,4,14,0,45,51,10,10,46.184,156,3277,3.2e-05,-0.004286,17152.310547,11,600,58,3,"e00fce68e28dcbc9a589be10",2026-08-07 21:30:03.646,2026-08-07 21:30:03.887,2026-08-07 21:30:03.887,2026-08-07
"1305","tASp4gkDFJ","MOOSPMv3Parser",1786138201,2,2,3,3,3,3,3,3,3,3,1358,193,67210,26,21,2,21,21,38,6,21,0,40,44,13,14,56.413,27,1,36.762733,-119.798691,74.028999,6,600,58,3,"e00fce68e88237db75a60608",2026-08-07 21:30:03.721,2026-08-07 21:30:03.897,2026-08-07 21:30:03.897,2026-08-07
"1306","9k3B7NCfTg","MOOSPMv3Parser",1786138201,4,4,2,6,6,2,2,6,6,2,1926,286,27298,38,17,2,17,17,39,9,17,0,41,44,18,18,51.83,70,1,36.138988,-120.368454,168.362,8,600,58,3,"e00fce68e77e43df92405fdb",2026-08-07 21:30:03.801,2026-08-07 21:30:03.997,2026-08-07 21:30:03.997,2026-08-07
"1307","BffY3e0Dto","MOOSPMv3Parser",1786138201,3,3,3,5,5,3,3,5,5,3,1291,242,30054,39,21,1,21,21,40,7,21,0,47,47,14,17,512.447,163,1,36.139076,-120.368385,185.274002,7,600,58,3,"e00fce6850cac69f647dc199",2026-08-07 21:30:04.031,2026-08-07 21:30:04.187,2026-08-07 21:30:04.187,2026-08-07
"1308","cqXOoVUpUr","MOOSPMv3Parser",1786138201,3,3,3,5,5,3,3,5,5,3,707,207,33219,33,20,3,20,20,0,0,20,0,42,46,18,18,33.988,80,1,36.139175,-120.368401,182.388,9,600,58,3,"e00fce6876826e255108c6bd",2026-08-07 21:30:05.619,2026-08-07 21:30:05.826,2026-08-07 21:30:05.826,2026-08-07
"1309","9NhffMdGbq","MOOSPMv3Parser",1786138201,3,3,3,5,5,4,4,5,5,4,1002,259,76349,36,25,2,26,26,37,13,26,0,39,43,20,20,47.654,38,1,36.523376,-119.278824,72.146004,0,600,58,3,"e00fce68f12da1a0c5de6248",2026-08-07 21:30:08.948,2026-08-07 21:30:09.141,2026-08-07 21:30:09.141,2026-08-07
"1310","EvBWDMLg9n","MOOSPMv3Parser",1786138801,4,4,3,5,5,3,3,6,6,3,977,249,44659,36,20,2,21,21,37,7,21,0,39,42,18,18,48.461,18,1,35.949585,-119.050011,121.884003,6,600,58,3,"e00fce6808784ceaf209f949",2026-08-07 21:40:02.538,2026-08-07 21:40:02.921,2026-08-07 21:40:02.921,2026-08-07
"1311","y4afcb0m18","MOOSPMv3Parser",1786138801,0,0,3,1,1,3,3,1,1,3,314,211,26699,32,20,2,20,20,42,18,20,0,34,47,29,17,36.965,84,1,36.139061,-120.368431,174.089996,0,600,58,3,"e00fce68d6b773b56ce8baa0",2026-08-07 21:40:03.158,2026-08-07 21:40:03.341,2026-08-07 21:40:03.341,2026-08-07
"1312","OAOK0MgwrZ","MOOSPMv3Parser",1786138801,4,4,3,5,5,3,3,6,6,3,1025,267,76370,37,24,1,24,24,38,12,24,0,40,44,19,19,47.966,39,1,36.523418,-119.27877,98.037003,9,600,58,3,"e00fce68f12da1a0c5de6248",2026-08-07 21:40:03.426,2026-08-07 21:40:03.555,2026-08-07 21:40:03.555,2026-08-07
"1313","rhd4jpDCdf","MOOSPMv3Parser",1786138801,2,2,2,3,3,3,3,4,4,3,1382,201,67226,27,19,2,19,19,38,6,19,0,40,44,13,14,57.945,31,1,36.762737,-119.798843,59.179001,5,600,58,3,"e00fce68e88237db75a60608",2026-08-07 21:40:03.637,2026-08-07 21:40:03.796,2026-08-07 21:40:03.796,2026-08-07
"1314","04v6PzDldT","MOOSPMv3Parser",1786138800,4,4,0,6,6,0,0,6,6,0,1393,294,0,50,0,4,0,0,38,7,0,2,40,44,19,19,57.232,22,1,36.187588,-119.82225,10.473,8,600,58,3,"e00fce68e739ecbcf9e91965",2026-08-07 21:40:03.598,2026-08-07 21:40:03.803,2026-08-07 21:40:03.803,2026-08-07
"1315","Kzq0T9UKXC","MOOSPMv3Parser",1786138801,4,4,2,5,5,2,2,6,6,2,1955,278,27313,37,17,2,17,17,39,9,17,0,41,44,18,18,51.504,73,1,36.139179,-120.368393,184.985992,5,600,58,3,"e00fce68e77e43df92405fdb",2026-08-07 21:40:03.716,2026-08-07 21:40:03.92,2026-08-07 21:40:03.92,2026-08-07
"1316","7355rI02Pp","MOOSPMv3Parser",1786138801,1,1,2,2,2,2,2,2,2,2,608,141,42254,20,13,1,13,13,43,5,13,0,45,51,13,12,48.525,136,3277,3.2e-05,-0.004286,17152.310547,11,600,58,3,"e00fce68e28dcbc9a589be10",2026-08-07 21:40:03.75,2026-08-07 21:40:03.949,2026-08-07 21:40:03.949,2026-08-07
"1317","KTnHpBN9D8","MOOSPMv3Parser",1786138801,3,3,2,4,4,3,3,5,5,3,663,191,33235,33,19,2,19,19,0,0,19,0,42,46,18,18,33.489,81,1,36.139175,-120.368401,182.386002,0,600,58,3,"e00fce6876826e255108c6bd",2026-08-07 21:40:05.668,2026-08-07 21:40:05.834,2026-08-07 21:40:05.834,2026-08-07
"1318","qCt2vsv26w","MOOSPMv3Parser",1786138801,0,0,2,0,0,2,2,0,0,2,291,181,19478,20,12,1,12,12,40,19,12,0,42,46,18,17,56.675,107,1,36.139118,-120.368355,188.727997,9,599,58,3,"e00fce686dc2ef0a68fa40b0",2026-08-07 21:40:08.316,2026-08-07 21:40:08.512,2026-08-07 21:40:08.512,2026-08-07
"1319","jovCRdfokZ","MOOSPMv3Parser",1786138801,3,3,3,5,5,3,3,5,5,3,1147,225,30072,38,21,2,21,21,40,7,21,0,47,47,14,17,512.479,172,1,36.138969,-120.368423,175.218994,4,600,58,3,"e00fce6850cac69f647dc199",2026-08-07 21:40:09.833,2026-08-07 21:40:10.012,2026-08-07 21:40:10.012,2026-08-07
"1320","7tF1TrXVL7","MOOSPMv3Parser",1786139401,3,3,3,5,5,3,3,6,6,3,912,234,44676,36,19,2,20,20,37,6,20,0,39,42,18,18,47.621,18,1,35.94952,-119.04998,113.329002,5,600,58,3,"e00fce6808784ceaf209f949",2026-08-07 21:50:02.676,2026-08-07 21:50:02.889,2026-08-07 21:50:02.889,2026-08-07
"1321","0eQXeULB0p","MOOSPMv3Parser",1786139401,0,0,3,0,0,3,3,1,1,3,325,214,26761,30,20,2,20,20,42,18,21,0,34,47,29,17,36.797,87,1,36.139065,-120.368393,176.889999,7,599,58,3,"e00fce68d6b773b56ce8baa0",2026-08-07 21:50:03.231,2026-08-07 21:50:03.493,2026-08-07 21:50:03.493,2026-08-07
"1322","eNqydRXl0X","MOOSPMv3Parser",1786139400,4,4,0,6,6,0,0,7,7,0,1342,293,0,51,0,4,0,0,38,8,0,2,40,45,20,19,58.595,18,1,36.187408,-119.822029,31.628,8,600,58,3,"e00fce68e739ecbcf9e91965",2026-08-07 21:50:03.446,2026-08-07 21:50:03.607,2026-08-07 21:50:03.607,2026-08-07
"1323","FsnwLoVoLC","MOOSPMv3Parser",1786139401,2,2,3,4,4,3,3,4,4,3,1390,210,67245,28,22,2,22,22,38,6,22,0,40,44,14,15,58.465,34,1,36.762794,-119.798729,55.292,5,600,58,3,"e00fce68e88237db75a60608",2026-08-07 21:50:03.593,2026-08-07 21:50:03.797,2026-08-07 21:50:03.797,2026-08-07
"1324","ks8rDl3Z5y","MOOSPMv3Parser",1786139401,3,3,3,5,5,3,4,5,5,4,1021,267,76391,35,25,2,25,25,38,12,25,0,40,44,19,18,49.25,35,1,36.523323,-119.278862,71.138,7,600,58,3,"e00fce68f12da1a0c5de6248",2026-08-07 21:50:03.674,2026-08-07 21:50:03.835,2026-08-07 21:50:03.835,2026-08-07
"1325","5JA4UP9Yjo","MOOSPMv3Parser",1786139401,1,1,2,3,3,2,2,3,3,2,685,167,42268,29,16,1,16,16,43,5,16,0,44,51,12,11,49.981,171,3277,3.2e-05,-0.004286,17152.310547,11,600,58,3,"e00fce68e28dcbc9a589be10",2026-08-07 21:50:03.792,2026-08-07 21:50:03.946,2026-08-07 21:50:03.946,2026-08-07
"1326","Y0NMZmBuJh","MOOSPMv3Parser",1786139401,4,4,2,5,5,2,2,6,6,2,1901,276,27328,35,17,2,17,17,39,9,17,0,41,44,17,18,50.359,79,1,36.139149,-120.368416,192.854004,10,600,58,3,"e00fce68e77e43df92405fdb",2026-08-07 21:50:03.882,2026-08-07 21:50:04.05,2026-08-07 21:50:04.05,2026-08-07
"1327","lG5Bn4aD0K","MOOSPMv3Parser",1786139401,0,0,2,0,0,2,2,0,0,2,290,180,19488,20,12,1,12,12,40,19,12,0,42,46,18,17,56.271,111,1,36.13908,-120.368362,186.363007,7,599,58,3,"e00fce686dc2ef0a68fa40b0",2026-08-07 21:50:04.031,2026-08-07 21:50:04.206,2026-08-07 21:50:04.206,2026-08-07
"1328","YZ6ksIFCb2","MOOSPMv3Parser",1786139401,3,3,2,4,4,2,2,5,5,2,707,206,33251,31,18,2,19,19,0,0,19,0,42,47,17,18,33.204,81,1,36.139015,-120.368347,176.440002,8,600,58,3,"e00fce6876826e255108c6bd",2026-08-07 21:50:06.119,2026-08-07 21:50:06.376,2026-08-07 21:50:06.376,2026-08-07
"1329","aT1ROrcigZ","MOOSPMv3Parser",1786139401,3,3,3,5,5,3,3,5,5,3,1220,229,30090,36,21,2,21,21,40,7,21,0,47,47,14,17,512.349,177,1,36.139008,-120.368431,172.438004,6,600,58,3,"e00fce6850cac69f647dc199",2026-08-07 21:50:07.061,2026-08-07 21:50:07.278,2026-08-07 21:50:07.278,2026-08-07
"1330","Q7fc42zQtP","MOOSPMv3Parser",1786140001,4,4,3,5,5,3,4,6,6,4,958,245,44692,36,20,3,20,21,37,8,21,1,39,42,20,19,49.003,16,1,35.94952,-119.049973,110.342003,5,600,58,3,"e00fce6808784ceaf209f949",2026-08-07 22:00:02.682,2026-08-07 22:00:03.941,2026-08-07 22:00:03.941,2026-08-07
"1331","W2VVlAOsGb","MOOSPMv3Parser",1786140001,0,0,2,0,0,2,2,0,0,2,289,181,19499,21,13,1,13,13,40,20,13,0,42,46,18,17,56.733,110,1,36.138988,-120.368332,174.931,7,599,58,3,"e00fce686dc2ef0a68fa40b0",2026-08-07 22:00:02.839,2026-08-07 22:00:04.167,2026-08-07 22:00:04.167,2026-08-07
"1332","jolbp3TEp9","MOOSPMv3Parser",1786140000,4,4,0,7,7,0,0,7,7,0,1407,314,0,58,0,4,0,0,38,7,0,2,41,45,18,18,59.359,24,1,36.187561,-119.822052,44.062,6,600,58,3,"e00fce68e739ecbcf9e91965",2026-08-07 22:00:03.452,2026-08-07 22:00:04.275,2026-08-07 22:00:04.275,2026-08-07
"1333","6qULLvjeDI","MOOSPMv3Parser",1786140001,0,0,3,1,1,3,3,1,1,3,319,216,26778,31,20,3,20,20,42,18,20,0,34,47,29,18,37.301,89,1,36.139042,-120.368347,191.362,8,599,58,3,"e00fce68d6b773b56ce8baa0",2026-08-07 22:00:03.531,2026-08-07 22:00:04.88,2026-08-07 22:00:04.88,2026-08-07
"1334","Dm0t1Uno71","MOOSPMv3Parser",1786140001,1,1,1,2,2,2,2,2,2,2,543,133,42278,20,12,1,12,12,43,4,12,0,45,51,11,11,48.816,145,3277,3.2e-05,-0.004286,17152.310547,11,600,58,3,"e00fce68e28dcbc9a589be10",2026-08-07 22:00:03.721,2026-08-07 22:00:04.937,2026-08-07 22:00:04.937,2026-08-07
"1335","10KoXimZjF","MOOSPMv3Parser",1786140001,2,2,3,4,4,3,3,4,4,3,1446,206,67264,25,21,2,22,22,38,7,22,0,40,44,14,15,59.723,37,1,36.762794,-119.798729,55.292999,0,600,58,3,"e00fce68e88237db75a60608",2026-08-07 22:00:03.708,2026-08-07 22:00:04.954,2026-08-07 22:00:04.954,2026-08-07
"1336","Hk8A0eeNhY","MOOSPMv3Parser",1786140001,3,3,3,5,5,3,3,5,5,4,1010,261,76412,34,24,2,25,25,38,12,25,0,40,44,18,18,50.266,31,1,36.523304,-119.278755,86.744003,8,600,58,3,"e00fce68f12da1a0c5de6248",2026-08-07 22:00:03.407,2026-08-07 22:00:05.083,2026-08-07 22:00:05.083,2026-08-07
"1337","NVs53iTQks","MOOSPMv3Parser",1786140001,4,4,2,5,5,2,2,6,6,2,1928,279,27343,37,18,2,18,18,38,10,18,0,41,44,18,19,51.582,73,1,36.139137,-120.368362,178.343002,3,600,58,3,"e00fce68e77e43df92405fdb",2026-08-07 22:00:03.817,2026-08-07 22:00:05.128,2026-08-07 22:00:05.128,2026-08-07
"1338","CIFqEpOwsv","MOOSPMv3Parser",1786140001,3,3,3,4,4,3,3,5,5,3,698,203,33269,32,20,2,20,20,0,0,20,0,42,47,18,18,33.95,81,1,36.139027,-120.368332,169.535995,9,600,58,3,"e00fce6876826e255108c6bd",2026-08-07 22:00:10.219,2026-08-07 22:00:10.458,2026-08-07 22:00:10.458,2026-08-07
"1339","GKgbG4eR9C","MOOSPMv3Parser",1786140001,3,3,3,5,5,3,3,5,5,3,1179,227,30109,36,22,2,22,22,40,8,22,0,47,47,14,18,512.304,180,1,36.139088,-120.368538,161.910995,5,600,58,3,"e00fce6850cac69f647dc199",2026-08-07 22:00:18.616,2026-08-07 22:00:18.819,2026-08-07 22:00:18.819,2026-08-07
"1340","8XnN5ygAPN","MOOSPMv3Parser",1786140601,5,5,4,8,7,7,9,9,8,10,1171,304,44717,55,33,6,35,35,37,7,36,1,39,42,18,18,48.125,23,1,35.949543,-119.04998,136.326004,3,600,58,3,"e00fce6808784ceaf209f949",2026-08-07 22:10:02.595,2026-08-07 22:10:02.781,2026-08-07 22:10:02.781,2026-08-07
"1341","lEU2xIY5Lj","MOOSPMv3Parser",1786140601,0,0,3,1,1,3,3,1,1,3,316,209,26795,30,20,3,20,20,42,17,20,0,34,47,29,17,36.213,110,1,36.139076,-120.368324,185.589005,10,599,58,3,"e00fce68d6b773b56ce8baa0",2026-08-07 22:10:03.21,2026-08-07 22:10:03.391,2026-08-07 22:10:03.391,2026-08-07
"1342","qEmS1hgosg","MOOSPMv3Parser",1786140601,0,0,2,0,0,2,2,0,0,2,287,176,19510,21,14,1,14,14,40,19,14,0,42,46,17,16,56.025,130,1,36.139,-120.368317,182.207993,7,599,58,3,"e00fce686dc2ef0a68fa40b0",2026-08-07 22:10:03.24,2026-08-07 22:10:03.465,2026-08-07 22:10:03.465,2026-08-07
"1343","tzfdCMcqez","MOOSPMv3Parser",1786140600,4,4,0,6,6,0,0,6,6,0,1278,278,0,53,0,3,0,0,38,7,0,2,41,45,18,18,59.84,35,1,36.187546,-119.821983,35.719002,5,600,58,3,"e00fce68e739ecbcf9e91965",2026-08-07 22:10:03.367,2026-08-07 22:10:03.577,2026-08-07 22:10:03.577,2026-08-07
"1344","nfowAB9Y8G","MOOSPMv3Parser",1786140601,3,3,2,5,5,2,2,5,5,3,1799,265,27356,32,16,2,16,16,38,9,16,0,42,44,17,18,50.235,94,1,36.139099,-120.368401,186.438004,10,600,58,3,"e00fce68e77e43df92405fdb",2026-08-07 22:10:03.651,2026-08-07 22:10:03.833,2026-08-07 22:10:03.833,2026-08-07
"1345","AQzsJ6QciP","MOOSPMv3Parser",1786140601,1,1,1,1,1,1,1,1,1,1,534,122,42287,17,11,1,11,11,43,4,11,0,45,51,12,12,48.22,138,3277,3.2e-05,-0.004286,17152.310547,11,600,58,3,"e00fce68e28dcbc9a589be10",2026-08-07 22:10:03.71,2026-08-07 22:10:03.871,2026-08-07 22:10:03.871,2026-08-07
"1346","o4uBlQVubk","MOOSPMv3Parser",1786140601,2,2,3,4,4,3,4,4,4,4,1422,214,67283,29,23,2,23,23,38,6,23,1,41,44,14,15,61.36,32,1,36.762718,-119.798744,60.285,17,600,58,3,"e00fce68e88237db75a60608",2026-08-07 22:10:03.72,2026-08-07 22:10:03.903,2026-08-07 22:10:03.903,2026-08-07
"1347","nU1AGVBJ4e","MOOSPMv3Parser",1786140601,3,3,3,5,5,3,3,5,5,3,1021,265,76433,34,24,2,24,24,38,11,24,0,40,44,18,18,49.289,33,1,36.523338,-119.278778,76.529999,9,600,58,3,"e00fce68f12da1a0c5de6248",2026-08-07 22:10:03.899,2026-08-07 22:10:04.088,2026-08-07 22:10:04.088,2026-08-07
"1348","wVyChcwB5l","MOOSPMv3Parser",1786140601,3,3,3,4,4,3,3,5,5,3,1157,222,30127,33,20,2,20,20,40,7,20,0,47,47,13,17,512.336,189,1,36.138939,-120.368294,191.533997,8,600,58,3,"e00fce6850cac69f647dc199",2026-08-07 22:10:03.926,2026-08-07 22:10:04.106,2026-08-07 22:10:04.106,2026-08-07
"1349","wy8zlS7Cco","MOOSPMv3Parser",1786140601,3,3,2,4,4,3,3,5,5,3,701,203,33286,30,19,2,20,20,0,0,20,0,43,47,16,17,33.492,81,1,36.139008,-120.368401,171.020996,10,600,58,3,"e00fce6876826e255108c6bd",2026-08-07 22:10:05.98,2026-08-07 22:10:06.128,2026-08-07 22:10:06.128,2026-08-07
"1350","ahW1e2GFFZ","MOOSPMv3Parser",1786141201,0,0,2,0,0,2,2,0,0,2,280,170,19521,20,12,1,12,12,40,19,12,0,42,46,17,16,57.219,108,1,36.139004,-120.368347,188.628998,11,599,58,3,"e00fce686dc2ef0a68fa40b0",2026-08-07 22:20:02.291,2026-08-07 22:20:02.51,2026-08-07 22:20:02.51,2026-08-07
"1351","4gBHRIWLSj","MOOSPMv3Parser",1786141201,4,4,2,5,5,3,4,6,6,4,949,243,44733,36,19,2,19,20,37,8,20,1,39,42,20,20,49.308,23,1,35.949593,-119.04995,127.422997,5,600,58,3,"e00fce6808784ceaf209f949",2026-08-07 22:20:02.596,2026-08-07 22:20:02.779,2026-08-07 22:20:02.779,2026-08-07
"1352","8iqM1bKht6","MOOSPMv3Parser",1786141201,0,0,3,0,0,3,3,1,1,3,310,206,26811,30,20,2,20,20,42,17,20,0,34,47,29,17,36.889,93,1,36.139004,-120.36837,166.479996,11,599,58,3,"e00fce68d6b773b56ce8baa0",2026-08-07 22:20:03.38,2026-08-07 22:20:03.539,2026-08-07 22:20:03.539,2026-08-07
"1353","F1sHedInsf","MOOSPMv3Parser",1786141200,4,4,0,6,6,0,0,7,7,0,1378,309,0,58,0,3,0,0,38,8,0,2,41,45,19,19,60.175,20,1,36.187538,-119.822052,1.552,4,600,58,3,"e00fce68e739ecbcf9e91965",2026-08-07 22:20:03.447,2026-08-07 22:20:03.636,2026-08-07 22:20:03.636,2026-08-07
"1354","HhNrUq1EGl","MOOSPMv3Parser",1786141201,3,3,3,4,4,3,3,4,4,4,1477,224,67303,31,23,2,23,23,38,7,23,0,41,44,14,16,61.093,32,1,36.762753,-119.798767,57.612,12,600,58,3,"e00fce68e88237db75a60608",2026-08-07 22:20:03.557,2026-08-07 22:20:03.738,2026-08-07 22:20:03.738,2026-08-07
"1355","pwRCpnR0Ix","MOOSPMv3Parser",1786141201,1,1,2,2,2,2,2,2,2,2,560,134,42299,19,13,1,13,13,43,4,13,0,45,51,11,10,46.659,168,3277,3.2e-05,-0.004286,17152.310547,11,600,58,3,"e00fce68e28dcbc9a589be10",2026-08-07 22:20:03.618,2026-08-07 22:20:03.748,2026-08-07 22:20:03.748,2026-08-07
"1356","OWoBnOk8Ih","MOOSPMv3Parser",1786141201,4,4,3,5,5,3,3,6,6,3,1015,265,76454,35,24,2,24,24,37,12,24,0,40,43,17,18,49.889,33,1,36.523331,-119.278763,78.57,6,600,58,3,"e00fce68f12da1a0c5de6248",2026-08-07 22:20:03.673,2026-08-07 22:20:03.917,2026-08-07 22:20:03.917,2026-08-07
"1357","FSdfcd8IeB","MOOSPMv3Parser",1786141201,3,3,2,5,5,2,2,5,5,2,1830,254,27369,32,15,1,15,16,38,9,16,0,41,44,17,18,52.13,77,1,36.139133,-120.368362,153.082993,6,600,58,3,"e00fce68e77e43df92405fdb",2026-08-07 22:20:03.982,2026-08-07 22:20:04.132,2026-08-07 22:20:04.132,2026-08-07
"1358","zV9nFZLb6R","MOOSPMv3Parser",1786141201,3,3,2,4,4,2,2,5,5,2,666,192,33302,28,18,2,18,18,0,0,18,0,42,46,16,17,34.428,81,1,36.13903,-120.368408,172.580994,8,600,58,3,"e00fce6876826e255108c6bd",2026-08-07 22:20:05.636,2026-08-07 22:20:05.841,2026-08-07 22:20:05.841,2026-08-07
"1359","6iKQkuq5J3","MOOSPMv3Parser",1786141201,3,3,3,4,4,3,3,5,5,3,1134,219,30144,36,20,2,20,20,40,7,20,0,47,46,13,17,512.37,157,1,36.139008,-120.36837,177.386993,8,600,58,3,"e00fce6850cac69f647dc199",2026-08-07 22:20:21.56,2026-08-07 22:20:21.726,2026-08-07 22:20:21.726,2026-08-07
"1360","lfQUjGuNkq","MOOSPMv3Parser",1786141801,4,4,3,6,6,3,4,7,7,4,1061,269,44752,40,22,3,23,23,37,9,23,0,39,42,21,20,49.128,24,1,35.949558,-119.04995,115.246002,7,600,58,3,"e00fce6808784ceaf209f949",2026-08-07 22:30:02.596,2026-08-07 22:30:02.801,2026-08-07 22:30:02.801,2026-08-07
"1361","rElrmBGWvu","MOOSPMv3Parser",1786141801,0,0,3,1,1,3,3,1,1,3,310,210,26828,29,20,2,20,20,42,17,20,0,34,47,29,17,37.933,71,1,36.138954,-120.368423,165.225998,8,599,58,3,"e00fce68d6b773b56ce8baa0",2026-08-07 22:30:03.305,2026-08-07 22:30:03.486,2026-08-07 22:30:03.486,2026-08-07
"1362","wKxIglQuzv","MOOSPMv3Parser",1786141801,2,2,3,4,4,3,3,5,5,3,1473,217,67322,33,22,3,22,22,38,7,22,0,41,44,14,16,61.253,33,1,36.762802,-119.798721,47.543999,9,600,58,3,"e00fce68e88237db75a60608",2026-08-07 22:30:03.483,2026-08-07 22:30:03.662,2026-08-07 22:30:03.662,2026-08-07
"1363","06vHSGrnsc","MOOSPMv3Parser",1786141800,4,4,0,7,7,0,0,7,7,0,1447,318,0,57,0,3,0,0,39,8,0,2,41,45,19,19,60.171,19,1,36.187508,-119.822021,7.237,6,600,58,3,"e00fce68e739ecbcf9e91965",2026-08-07 22:30:03.598,2026-08-07 22:30:03.758,2026-08-07 22:30:03.758,2026-08-07
"1364","0BqKCeenCF","MOOSPMv3Parser",1786141801,1,1,2,1,1,2,2,1,1,2,514,119,42309,15,12,1,12,12,43,4,12,0,44,50,12,12,47.449,137,3277,3.2e-05,-0.004286,17152.310547,11,600,58,3,"e00fce68e28dcbc9a589be10",2026-08-07 22:30:03.725,2026-08-07 22:30:03.895,2026-08-07 22:30:03.895,2026-08-07
"1365","7Jc05keaPe","MOOSPMv3Parser",1786141801,0,0,2,0,0,2,2,0,0,2,282,168,19499,21,13,1,13,13,40,19,13,0,42,46,17,17,58.327,78,1,36.139004,-120.368347,188.628998,0,600,58,3,"e00fce686dc2ef0a68fa40b0",2026-08-07 22:30:03.728,2026-08-07 22:30:03.905,2026-08-07 22:30:03.905,2026-08-07
"1366","JrYQvP5ylt","MOOSPMv3Parser",1786141801,4,4,2,5,5,2,2,5,5,2,1869,271,27384,33,17,2,17,17,38,9,17,0,42,44,17,18,52.794,56,1,36.139023,-120.368454,144.201004,5,600,58,3,"e00fce68e77e43df92405fdb",2026-08-07 22:30:03.803,2026-08-07 22:30:03.968,2026-08-07 22:30:03.968,2026-08-07
"1367","0BrrbzALGI","MOOSPMv3Parser",1786141801,3,3,2,5,5,2,2,5,5,2,707,206,33318,33,18,2,19,19,0,0,19,0,42,46,17,17,34.425,81,1,36.139004,-120.368324,164.110001,10,600,58,3,"e00fce6876826e255108c6bd",2026-08-07 22:30:05.69,2026-08-07 22:30:05.881,2026-08-07 22:30:05.881,2026-08-07
"1368","KCxMUcAZAt","MOOSPMv3Parser",1786141801,4,4,3,5,5,3,3,5,5,3,1027,269,76474,34,24,2,24,24,37,11,24,0,40,43,18,18,50.439,29,1,36.523308,-119.278793,100.188004,6,600,58,3,"e00fce68f12da1a0c5de6248",2026-08-07 22:30:07.346,2026-08-07 22:30:07.517,2026-08-07 22:30:07.517,2026-08-07
"1369","gdD8DDt1RQ","MOOSPMv3Parser",1786141801,3,3,3,4,4,3,3,5,5,3,1163,223,30163,36,22,1,22,22,40,7,22,0,47,46,14,17,512.414,141,1,36.138985,-120.368362,180.860001,9,600,58,3,"e00fce6850cac69f647dc199",2026-08-07 22:30:08.696,2026-08-07 22:30:08.87,2026-08-07 22:30:08.87,2026-08-07
"1370","FYsOqR0WLK","MOOSPMv3Parser",1786142401,4,4,3,6,6,4,4,7,7,4,1043,270,44773,44,25,3,25,25,37,9,25,0,39,42,21,21,48.949,23,1,35.949524,-119.050011,116,6,600,58,3,"e00fce6808784ceaf209f949",2026-08-07 22:40:02.597,2026-08-07 22:40:02.764,2026-08-07 22:40:02.764,2026-08-07
"1371","6ZNxsm7q8s","MOOSPMv3Parser",1786142401,0,0,2,0,0,2,2,0,0,2,277,168,19542,20,13,1,13,13,40,19,13,0,42,45,16,16,57.773,74,1,36.139011,-120.368332,178.817993,10,599,58,3,"e00fce686dc2ef0a68fa40b0",2026-08-07 22:40:03.007,2026-08-07 22:40:03.169,2026-08-07 22:40:03.169,2026-08-07
"1372","rGaoWQrqzN","MOOSPMv3Parser",1786142400,4,4,0,7,7,0,0,8,8,0,1483,328,0,60,0,5,0,0,39,8,0,2,41,45,20,19,61.185,21,1,36.1875,-119.822067,9.933,5,600,58,3,"e00fce68e739ecbcf9e91965",2026-08-07 22:40:03.51,2026-08-07 22:40:03.673,2026-08-07 22:40:03.673,2026-08-07
"1373","ZvwWcg9f25","MOOSPMv3Parser",1786142401,0,0,3,1,1,3,3,1,1,3,310,206,26845,30,20,2,20,20,42,17,20,0,34,47,29,17,38.076,72,1,36.138939,-120.368401,158.050995,8,599,58,3,"e00fce68d6b773b56ce8baa0",2026-08-07 22:40:03.539,2026-08-07 22:40:03.74,2026-08-07 22:40:03.74,2026-08-07
"1374","Yw4CBWyWPf","MOOSPMv3Parser",1786142401,3,3,3,4,4,3,3,5,5,3,1483,225,67341,31,22,2,22,22,38,7,22,0,41,45,15,16,61.791,41,1,36.762756,-119.798706,58.088001,8,600,58,3,"e00fce68e88237db75a60608",2026-08-07 22:40:03.719,2026-08-07 22:40:03.886,2026-08-07 22:40:03.886,2026-08-07
"1375","kV72WSncsL","MOOSPMv3Parser",1786142401,3,3,3,5,5,3,3,5,5,3,990,259,76494,35,22,2,23,23,36,12,23,0,40,43,18,19,49.561,27,1,36.523315,-119.278824,90.703003,11,600,58,3,"e00fce68f12da1a0c5de6248",2026-08-07 22:40:03.744,2026-08-07 22:40:03.9,2026-08-07 22:40:03.9,2026-08-07
"1376","G42rgSGSzY","MOOSPMv3Parser",1786142401,1,1,2,2,2,2,2,3,3,2,633,154,42322,20,15,1,15,15,42,5,15,0,44,50,13,13,48.378,149,3277,3.2e-05,-0.004286,17152.310547,11,600,58,3,"e00fce68e28dcbc9a589be10",2026-08-07 22:40:03.796,2026-08-07 22:40:03.965,2026-08-07 22:40:03.965,2026-08-07
"1377","xEJsdyRyOK","MOOSPMv3Parser",1786142401,2,2,3,4,4,3,3,4,4,3,1138,211,30182,37,21,2,22,22,40,6,22,0,47,46,13,16,512.371,136,1,36.13895,-120.36834,193.479996,7,600,58,3,"e00fce6850cac69f647dc199",2026-08-07 22:40:03.899,2026-08-07 22:40:04.083,2026-08-07 22:40:04.083,2026-08-07
"1378","lWBSmDlKKL","MOOSPMv3Parser",1786142401,3,3,2,5,5,2,2,5,5,2,1824,252,27399,32,17,2,17,17,38,8,17,0,42,44,16,18,52.368,57,1,36.138889,-120.368446,155.768005,7,600,58,3,"e00fce68e77e43df92405fdb",2026-08-07 22:40:03.966,2026-08-07 22:40:04.153,2026-08-07 22:40:04.153,2026-08-07
"1379","TV3PG5mCRC","MOOSPMv3Parser",1786142401,3,3,2,4,4,3,3,5,5,3,645,186,33334,29,19,3,19,19,0,0,19,0,43,46,16,17,34.546,82,1,36.139088,-120.368462,147.419998,10,600,58,3,"e00fce6876826e255108c6bd",2026-08-07 22:40:10.059,2026-08-07 22:40:10.2,2026-08-07 22:40:10.2,2026-08-07
"1380","HquZg5xMqe","MOOSPMv3Parser",1786143001,4,4,4,7,7,4,5,7,7,5,1110,290,44796,47,27,4,28,28,36,10,28,0,39,42,22,21,48.596,24,1,35.949501,-119.049957,126.698997,5,600,58,3,"e00fce6808784ceaf209f949",2026-08-07 22:50:02.753,2026-08-07 22:50:02.931,2026-08-07 22:50:02.931,2026-08-07
"1381","0HxCE3QDbZ","MOOSPMv3Parser",1786143001,0,0,2,0,0,2,2,0,0,2,272,164,19553,20,13,1,13,13,39,19,13,0,42,45,16,17,58.791,81,1,36.139042,-120.368401,176.287994,11,599,58,3,"e00fce686dc2ef0a68fa40b0",2026-08-07 22:50:03.336,2026-08-07 22:50:03.536,2026-08-07 22:50:03.536,2026-08-07
"1382","DF2quQufd3","MOOSPMv3Parser",1786143001,0,0,3,1,1,3,3,1,1,3,310,205,26862,30,20,2,20,20,41,17,20,0,34,47,29,17,38.445,72,1,36.139053,-120.368362,179.973007,7,599,58,3,"e00fce68d6b773b56ce8baa0",2026-08-07 22:50:03.311,2026-08-07 22:50:03.548,2026-08-07 22:50:03.548,2026-08-07
"1383","Wp9jkfTxTh","MOOSPMv3Parser",1786143000,4,4,0,7,7,0,0,7,7,0,1447,318,0,58,0,4,0,0,38,8,0,2,41,45,19,19,61.815,19,1,36.187496,-119.822083,5.401,5,600,58,3,"e00fce68e739ecbcf9e91965",2026-08-07 22:50:03.456,2026-08-07 22:50:03.667,2026-08-07 22:50:03.667,2026-08-07
"1384","HzSuBOFdhn","MOOSPMv3Parser",1786143001,3,3,3,5,5,3,3,5,5,3,961,254,76515,35,23,1,24,24,36,12,24,0,40,42,18,18,48.555,28,1,36.523384,-119.278847,87.366997,8,600,58,3,"e00fce68f12da1a0c5de6248",2026-08-07 22:50:03.563,2026-08-07 22:50:03.71,2026-08-07 22:50:03.71,2026-08-07
"1385","nSGlE18qrJ","MOOSPMv3Parser",1786143001,3,3,3,4,4,3,4,5,5,4,1503,229,67362,34,25,2,25,25,38,7,25,0,41,44,15,16,61.121,52,1,36.762707,-119.798752,59.844002,11,600,58,3,"e00fce68e88237db75a60608",2026-08-07 22:50:03.488,2026-08-07 22:50:03.733,2026-08-07 22:50:03.733,2026-08-07
"1386","OivTPmHvIx","MOOSPMv3Parser",1786143001,3,3,2,5,5,2,3,5,5,3,1791,253,27414,32,18,2,18,18,38,9,18,0,42,44,16,18,52.821,64,1,36.139046,-120.368317,170.779007,7,600,58,3,"e00fce68e77e43df92405fdb",2026-08-07 22:50:03.89,2026-08-07 22:50:04.053,2026-08-07 22:50:04.053,2026-08-07
"1387","bNQKPDSD8s","MOOSPMv3Parser",1786143001,2,2,2,3,3,2,2,3,3,2,685,166,42336,23,17,2,17,17,42,6,17,0,44,50,14,13,49.13,157,3277,3.2e-05,-0.004286,17152.310547,11,600,58,3,"e00fce68e28dcbc9a589be10",2026-08-07 22:50:03.835,2026-08-07 22:50:04.077,2026-08-07 22:50:04.077,2026-08-07
"1388","zRb0urCJJW","MOOSPMv3Parser",1786143001,3,3,2,4,4,3,3,4,4,3,659,191,33351,28,19,2,19,19,0,0,19,0,42,46,17,17,35.241,82,1,36.13905,-120.36834,173.324005,7,600,58,3,"e00fce6876826e255108c6bd",2026-08-07 22:50:06.4,2026-08-07 22:50:06.556,2026-08-07 22:50:06.556,2026-08-07
"1389","DnaTs614Eg","MOOSPMv3Parser",1786143001,2,2,3,4,4,3,3,4,4,3,995,201,30199,31,20,2,20,20,39,7,20,0,46,46,14,17,512.401,120,1,36.138992,-120.368378,161.996002,9,600,58,3,"e00fce6850cac69f647dc199",2026-08-07 22:50:07.221,2026-08-07 22:50:07.399,2026-08-07 22:50:07.399,2026-08-07
"1390","ACp24WT062","MOOSPMv3Parser",1786143601,4,4,4,7,7,4,5,7,7,5,1123,287,44819,46,28,3,29,29,36,9,29,1,39,42,22,21,48.706,21,1,35.949688,-119.049965,114.783997,5,600,58,3,"e00fce6808784ceaf209f949",2026-08-07 23:00:02.751,2026-08-07 23:00:03.493,2026-08-07 23:00:03.493,2026-08-07
"1391","5OLV9OyX9u","MOOSPMv3Parser",1786143600,4,4,0,6,6,0,0,7,7,0,1397,301,0,54,0,5,0,0,38,8,0,2,41,45,19,19,61.753,17,1,36.187504,-119.822044,7.661,5,600,58,3,"e00fce68e739ecbcf9e91965",2026-08-07 23:00:03.589,2026-08-07 23:00:03.888,2026-08-07 23:00:03.888,2026-08-07
"1392","ORvkdMJ9qw","MOOSPMv3Parser",1786143601,0,0,3,1,1,3,3,1,1,3,313,209,26881,31,23,3,23,23,41,17,23,0,34,47,29,16,37.613,86,1,36.139004,-120.368401,163.720993,6,599,58,3,"e00fce68d6b773b56ce8baa0",2026-08-07 23:00:03.387,2026-08-07 23:00:03.942,2026-08-07 23:00:03.942,2026-08-07
"1393","OK5fUEGAYf","MOOSPMv3Parser",1786143601,4,4,3,5,5,3,3,5,5,3,1023,267,76537,36,26,1,26,26,36,12,26,0,39,42,18,19,50.365,24,1,36.523285,-119.278801,110.472,6,600,58,3,"e00fce68f12da1a0c5de6248",2026-08-07 23:00:03.507,2026-08-07 23:00:04.042,2026-08-07 23:00:04.042,2026-08-07
"1394","SQAhGaeYmF","MOOSPMv3Parser",1786143601,0,0,2,0,0,2,2,0,0,2,283,176,19566,24,15,1,16,16,39,18,16,0,42,45,16,16,57.358,91,1,36.138992,-120.368408,175.781998,8,599,58,3,"e00fce686dc2ef0a68fa40b0",2026-08-07 23:00:03.541,2026-08-07 23:00:04.087,2026-08-07 23:00:04.087,2026-08-07
"1395","ogpCVMFvFp","MOOSPMv3Parser",1786143601,3,3,2,5,5,2,3,5,5,3,1783,256,27429,36,17,2,18,18,38,8,18,0,42,44,16,17,51.553,76,1,36.138939,-120.368401,179.742004,6,600,58,3,"e00fce68e77e43df92405fdb",2026-08-07 23:00:03.813,2026-08-07 23:00:04.244,2026-08-07 23:00:04.244,2026-08-07
"1396","ImzI3NizxJ","MOOSPMv3Parser",1786143601,2,2,2,3,3,2,2,3,3,2,707,181,42350,26,17,1,17,17,42,6,17,0,44,50,14,14,48.345,170,3277,3.2e-05,-0.004286,17152.310547,11,600,58,3,"e00fce68e28dcbc9a589be10",2026-08-07 23:00:03.788,2026-08-07 23:00:04.272,2026-08-07 23:00:04.272,2026-08-07
"1397","TZx4GrE6Z4","MOOSPMv3Parser",1786143601,3,3,3,4,4,3,4,4,4,4,1525,225,67383,29,24,2,24,24,38,7,24,1,41,44,14,15,60.937,37,1,36.762691,-119.798767,56.530998,12,600,58,3,"e00fce68e88237db75a60608",2026-08-07 23:00:03.647,2026-08-07 23:00:04.359,2026-08-07 23:00:04.359,2026-08-07
"1398","A4AETNFE6p","MOOSPMv3Parser",1786143601,2,2,3,4,4,3,3,5,5,4,1035,214,30221,37,25,2,25,25,39,6,25,0,46,45,13,16,512.458,124,1,36.138992,-120.368378,162,0,600,58,3,"e00fce6850cac69f647dc199",2026-08-07 23:00:05.369,2026-08-07 23:00:05.601,2026-08-07 23:00:05.601,2026-08-07
"1399","rEeuTg1pCj","MOOSPMv3Parser",1786143601,2,2,3,4,4,3,3,4,4,3,650,187,33369,28,21,2,21,21,0,0,21,0,43,46,16,17,33.974,82,1,36.139015,-120.368469,168.878998,8,600,58,3,"e00fce6876826e255108c6bd",2026-08-07 23:00:09.7,2026-08-07 23:00:09.88,2026-08-07 23:00:09.88,2026-08-07
"1400","jJxE7ZusQi","MOOSPMv3Parser",1786144201,5,5,3,7,7,4,4,7,7,4,1127,291,44840,45,24,2,25,25,36,10,25,1,39,42,22,21,49.483,19,1,35.949574,-119.049919,112.582001,6,600,58,3,"e00fce6808784ceaf209f949",2026-08-07 23:10:02.595,2026-08-07 23:10:02.766,2026-08-07 23:10:02.766,2026-08-07
"1401","31q8hzMrgy","MOOSPMv3Parser",1786144201,0,0,2,0,0,2,2,0,0,2,281,184,26896,26,18,2,18,18,41,17,18,0,34,46,29,16,38.23,59,1,36.139027,-120.368355,171.322998,9,599,58,3,"e00fce68d6b773b56ce8baa0",2026-08-07 23:10:03.22,2026-08-07 23:10:03.41,2026-08-07 23:10:03.41,2026-08-07
"1402","6tdv6uXPMY","MOOSPMv3Parser",1786144200,4,4,0,7,7,0,0,7,7,0,1410,306,0,54,0,3,0,0,38,7,0,2,41,45,19,19,61.025,17,1,36.187519,-119.822105,25.816,5,600,58,3,"e00fce68e739ecbcf9e91965",2026-08-07 23:10:03.527,2026-08-07 23:10:03.708,2026-08-07 23:10:03.708,2026-08-07
"1403","6iRpFiZBHI","MOOSPMv3Parser",1786144201,2,2,3,3,3,3,3,4,4,3,1401,199,67401,27,21,2,21,21,38,6,21,0,41,44,13,15,60.056,48,1,36.762722,-119.798798,57.844002,10,600,58,3,"e00fce68e88237db75a60608",2026-08-07 23:10:03.544,2026-08-07 23:10:03.721,2026-08-07 23:10:03.721,2026-08-07
"1404","t41cSfzdZA","MOOSPMv3Parser",1786144201,2,2,2,3,3,2,2,3,3,2,700,178,42365,28,17,2,17,17,42,6,17,0,44,49,14,13,48.443,167,3277,3.2e-05,-0.004286,17152.310547,11,600,58,3,"e00fce68e28dcbc9a589be10",2026-08-07 23:10:03.7,2026-08-07 23:10:03.879,2026-08-07 23:10:03.879,2026-08-07
"1405","dFwMe1SA4o","MOOSPMv3Parser",1786144201,0,0,2,0,0,2,2,0,0,2,253,147,19576,17,12,1,13,13,39,18,13,0,42,45,15,16,58.795,53,1,36.139034,-120.368431,174.830002,11,599,58,3,"e00fce686dc2ef0a68fa40b0",2026-08-07 23:10:03.875,2026-08-07 23:10:04.055,2026-08-07 23:10:04.055,2026-08-07
"1406","WnVVjeJkWc","MOOSPMv3Parser",1786144201,3,3,2,4,4,2,2,4,4,2,1636,216,27442,28,15,1,15,15,38,8,15,0,42,44,15,17,53.298,49,1,36.139095,-120.368446,163.225998,8,600,58,3,"e00fce68e77e43df92405fdb",2026-08-07 23:10:03.917,2026-08-07 23:10:04.083,2026-08-07 23:10:04.083,2026-08-07
"1407","EuNxidxC1J","MOOSPMv3Parser",1786144201,2,2,2,3,3,2,2,3,3,2,887,178,30237,29,18,1,18,18,39,6,18,0,46,45,12,16,512.364,94,1,36.139,-120.36837,180.695007,8,600,58,3,"e00fce6850cac69f647dc199",2026-08-07 23:10:07.473,2026-08-07 23:10:07.644,2026-08-07 23:10:07.644,2026-08-07
"1408","qkbNidre5o","MOOSPMv3Parser",1786144201,5,5,4,7,7,5,5,8,8,5,1231,332,76566,51,34,3,34,34,35,12,34,0,39,41,18,19,50.132,22,1,36.523361,-119.278809,78.113998,4,600,58,3,"e00fce68f12da1a0c5de6248",2026-08-07 23:10:19.024,2026-08-07 23:10:19.173,2026-08-07 23:10:19.173,2026-08-07
"1409","S1C0hku1cN","MOOSPMv3Parser",1786144201,2,2,2,4,4,2,2,4,4,2,592,171,33384,26,17,2,17,17,0,0,17,0,42,46,15,16,34.6,82,1,36.139076,-120.368546,158.509003,7,600,58,3,"e00fce6876826e255108c6bd",2026-08-07 23:10:38.621,2026-08-07 23:10:38.774,2026-08-07 23:10:38.774,2026-08-07
"1410","5kiHcgCURe","MOOSPMv3Parser",1786144801,5,5,3,7,7,4,4,7,7,4,1119,288,44860,50,24,3,24,24,36,10,24,0,39,42,22,21,49.873,16,1,35.949516,-119.049973,103.914001,5,600,58,3,"e00fce6808784ceaf209f949",2026-08-07 23:20:02.579,2026-08-07 23:20:02.751,2026-08-07 23:20:02.751,2026-08-07
"1411","ggnyeuLaQL","MOOSPMv3Parser",1786144801,0,0,1,0,0,1,2,0,0,2,247,143,19585,17,11,1,11,11,39,18,11,0,42,44,15,15,57.258,45,1,36.138947,-120.368378,166.317993,11,599,58,3,"e00fce686dc2ef0a68fa40b0",2026-08-07 23:20:02.915,2026-08-07 23:20:03.079,2026-08-07 23:20:03.079,2026-08-07
"1412","PPDOHo7YXP","MOOSPMv3Parser",1786144800,4,4,0,7,7,0,0,7,7,0,1430,316,0,58,0,4,0,0,38,7,0,2,41,45,18,19,60.37,17,1,36.187469,-119.82209,24.474001,5,600,58,3,"e00fce68e739ecbcf9e91965",2026-08-07 23:20:03.526,2026-08-07 23:20:03.711,2026-08-07 23:20:03.711,2026-08-07
"1413","wuABCAH9EG","MOOSPMv3Parser",1786144801,0,0,2,0,0,2,2,0,0,2,280,181,26910,25,17,2,17,17,41,16,17,0,34,46,29,16,37.558,50,1,36.139057,-120.36834,170.251999,9,599,58,3,"e00fce68d6b773b56ce8baa0",2026-08-07 23:20:03.692,2026-08-07 23:20:03.845,2026-08-07 23:20:03.845,2026-08-07
"1414","urmA485iVg","MOOSPMv3Parser",1786144801,2,2,2,4,4,2,2,4,4,2,1645,211,27454,28,14,1,14,14,38,7,14,0,42,44,14,16,52.229,44,1,36.138908,-120.368484,155.182999,7,600,58,3,"e00fce68e77e43df92405fdb",2026-08-07 23:20:03.742,2026-08-07 23:20:03.89,2026-08-07 23:20:03.89,2026-08-07
"1415","EfjTcUPGQl","MOOSPMv3Parser",1786144801,1,1,2,2,2,2,2,3,3,2,620,155,42378,27,15,2,15,15,42,6,15,0,44,49,14,14,46.533,145,3277,3.2e-05,-0.004286,17152.310547,11,600,58,3,"e00fce68e28dcbc9a589be10",2026-08-07 23:20:03.801,2026-08-07 23:20:03.993,2026-08-07 23:20:03.993,2026-08-07
"1416","p8BMlXvDC3","MOOSPMv3Parser",1786144801,2,2,2,3,3,3,3,3,3,3,1280,174,67417,24,18,1,18,18,38,6,18,0,41,44,12,14,61.63,24,1,36.76273,-119.798798,58.262001,13,600,58,3,"e00fce68e88237db75a60608",2026-08-07 23:20:03.793,2026-08-07 23:20:04.009,2026-08-07 23:20:04.009,2026-08-07
"1417","LvHGP61D6A","MOOSPMv3Parser",1786144801,2,2,2,3,3,2,2,3,3,2,539,158,33399,25,17,2,17,17,0,0,17,0,42,46,14,16,34.423,82,1,36.139126,-120.368355,166.104004,7,600,58,3,"e00fce6876826e255108c6bd",2026-08-07 23:20:06.513,2026-08-07 23:20:06.715,2026-08-07 23:20:06.715,2026-08-07
"1418","EA39pwbckK","MOOSPMv3Parser",1786144801,4,4,4,7,7,4,4,7,7,4,1174,316,76594,49,32,2,32,32,35,12,32,0,39,41,17,19,49.359,28,1,36.523361,-119.278816,75.019997,6,600,58,3,"e00fce68f12da1a0c5de6248",2026-08-07 23:20:07.301,2026-08-07 23:20:07.51,2026-08-07 23:20:07.51,2026-08-07
"1419","omX8mucE38","MOOSPMv3Parser",1786144801,2,2,2,3,3,2,2,3,3,2,820,169,30252,28,18,1,18,18,38,6,18,0,46,45,12,16,512.409,82,1,36.139011,-120.368385,164.826996,8,600,58,3,"e00fce6850cac69f647dc199",2026-08-07 23:20:19.714,2026-08-07 23:20:19.878,2026-08-07 23:20:19.878,2026-08-07
"1420","IdXhx2D4rN","MOOSPMv3Parser",1786145401,5,5,4,7,7,4,4,7,7,5,1148,296,44884,50,27,3,28,28,36,11,28,0,39,42,22,22,49.829,15,1,35.949635,-119.049904,122.330002,5,600,58,3,"e00fce6808784ceaf209f949",2026-08-07 23:30:02.676,2026-08-07 23:30:02.897,2026-08-07 23:30:02.897,2026-08-07
"1421","lSPs8lIZG4","MOOSPMv3Parser",1786145401,0,0,1,0,0,1,1,0,0,1,232,132,19594,16,11,1,11,11,38,18,11,0,43,44,15,16,57.119,40,1,36.139038,-120.368347,172.382004,10,599,58,3,"e00fce686dc2ef0a68fa40b0",2026-08-07 23:30:03.157,2026-08-07 23:30:03.327,2026-08-07 23:30:03.327,2026-08-07
"1422","m86hbN6d08","MOOSPMv3Parser",1786145401,0,0,2,0,0,2,2,0,0,2,268,172,26879,24,16,2,16,16,41,17,16,0,34,46,29,16,36.524,48,1,36.139057,-120.36834,170.251007,0,600,58,3,"e00fce68d6b773b56ce8baa0",2026-08-07 23:30:03.281,2026-08-07 23:30:03.582,2026-08-07 23:30:03.582,2026-08-07
"1423","NHqpp0uaEu","MOOSPMv3Parser",1786145400,4,4,0,6,6,0,0,6,6,0,1287,282,0,52,0,4,0,0,38,7,0,2,41,44,17,18,59.397,21,1,36.187588,-119.822067,44.228001,6,600,58,3,"e00fce68e739ecbcf9e91965",2026-08-07 23:30:03.54,2026-08-07 23:30:03.724,2026-08-07 23:30:03.724,2026-08-07
"1424","fDE8OV8gz7","MOOSPMv3Parser",1786145401,1,1,2,3,3,2,2,3,3,3,1266,168,67431,21,17,2,17,17,38,5,17,0,41,44,12,14,61.743,27,1,36.762737,-119.798744,57.109001,8,600,58,3,"e00fce68e88237db75a60608",2026-08-07 23:30:03.648,2026-08-07 23:30:03.842,2026-08-07 23:30:03.842,2026-08-07
"1425","VUZTpYsXxH","MOOSPMv3Parser",1786145401,2,2,2,3,3,2,2,3,3,2,677,171,42394,24,18,2,18,18,42,6,18,0,45,49,15,14,47.372,153,3277,3.2e-05,-0.004286,17152.310547,11,600,58,3,"e00fce68e28dcbc9a589be10",2026-08-07 23:30:03.721,2026-08-07 23:30:03.914,2026-08-07 23:30:03.914,2026-08-07
"1426","6JUDNpdFJp","MOOSPMv3Parser",1786145401,1,1,2,3,3,2,2,3,3,2,769,158,30268,27,18,2,18,18,38,6,18,0,46,45,12,16,512.273,74,1,36.138966,-120.368408,173.449997,9,600,58,3,"e00fce6850cac69f647dc199",2026-08-07 23:30:04.656,2026-08-07 23:30:04.823,2026-08-07 23:30:04.823,2026-08-07
"1427","PCLGdUlEgB","MOOSPMv3Parser",1786145401,2,2,2,3,3,2,2,3,3,2,521,149,33413,23,16,2,16,16,0,0,16,0,42,46,14,16,33.783,82,1,36.139126,-120.368355,166.104004,0,600,58,3,"e00fce6876826e255108c6bd",2026-08-07 23:30:05.54,2026-08-07 23:30:05.731,2026-08-07 23:30:05.731,2026-08-07
"1428","JFWABvTCji","MOOSPMv3Parser",1786145401,2,2,2,3,3,2,2,4,4,2,1559,205,27466,26,14,1,14,14,38,7,14,0,42,44,14,16,51.911,45,1,36.138908,-120.368401,159.917999,7,600,58,3,"e00fce68e77e43df92405fdb",2026-08-07 23:30:06.257,2026-08-07 23:30:06.433,2026-08-07 23:30:06.433,2026-08-07
"1429","pNO7Adrb8V","MOOSPMv3Parser",1786145401,4,4,4,6,6,4,4,7,7,4,1098,294,76621,41,30,2,30,30,35,12,30,0,40,41,18,19,49.672,21,1,36.523308,-119.278816,85.555,7,600,58,3,"e00fce68f12da1a0c5de6248",2026-08-07 23:30:07.836,2026-08-07 23:30:08.062,2026-08-07 23:30:08.062,2026-08-07
"1430","ZJHecfhjBp","MOOSPMv3Parser",1786146001,5,5,3,8,8,4,4,8,8,4,1252,329,44907,53,27,3,27,27,36,11,27,0,39,41,23,23,49.803,19,1,35.949635,-119.049904,122.336998,0,600,58,3,"e00fce6808784ceaf209f949",2026-08-07 23:40:02.829,2026-08-07 23:40:03.01,2026-08-07 23:40:03.01,2026-08-07
"1431","5AmF1o8gXE","MOOSPMv3Parser",1786146001,0,0,1,0,0,1,1,0,0,1,226,128,19603,15,10,1,10,10,38,18,10,0,42,44,14,15,55.69,35,1,36.138962,-120.368416,173.994003,11,599,58,3,"e00fce686dc2ef0a68fa40b0",2026-08-07 23:40:03.474,2026-08-07 23:40:03.676,2026-08-07 23:40:03.676,2026-08-07
"1432","JZNN1OlGQy","MOOSPMv3Parser",1786146001,0,0,2,0,0,2,2,0,0,2,262,167,26892,22,15,2,16,16,40,16,16,0,34,46,29,16,35.613,50,1,36.139042,-120.368355,168.436005,14,600,58,3,"e00fce68d6b773b56ce8baa0",2026-08-07 23:40:03.534,2026-08-07 23:40:03.697,2026-08-07 23:40:03.697,2026-08-07
"1433","sSQbnh4uVj","MOOSPMv3Parser",1786146000,3,3,0,5,5,0,0,6,6,0,1188,258,0,48,0,4,0,0,38,6,0,2,41,44,16,17,58.093,19,1,36.187511,-119.82206,23.104,5,600,58,3,"e00fce68e739ecbcf9e91965",2026-08-07 23:40:03.526,2026-08-07 23:40:03.729,2026-08-07 23:40:03.729,2026-08-07
"1434","J43NEejox8","MOOSPMv3Parser",1786146001,1,1,2,2,2,2,2,3,3,2,1256,165,67446,22,17,1,17,17,38,5,17,0,41,44,11,13,60.603,25,1,36.762707,-119.798775,48.879002,6,600,58,3,"e00fce68e88237db75a60608",2026-08-07 23:40:03.561,2026-08-07 23:40:03.805,2026-08-07 23:40:03.805,2026-08-07
"1435","bjbbg9QaVa","MOOSPMv3Parser",1786146001,1,1,2,3,3,2,2,3,3,2,647,164,42408,26,17,2,17,17,42,6,17,0,44,49,14,14,47.753,147,3277,3.2e-05,-0.004286,17152.310547,11,600,58,3,"e00fce68e28dcbc9a589be10",2026-08-07 23:40:03.707,2026-08-07 23:40:03.883,2026-08-07 23:40:03.883,2026-08-07
"1436","zKeqo3MCd3","MOOSPMv3Parser",1786146001,2,2,2,3,3,2,2,4,4,2,1526,194,27478,28,13,2,13,13,38,7,13,0,42,44,14,16,50.946,45,1,36.13905,-120.368385,183.475998,7,600,58,3,"e00fce68e77e43df92405fdb",2026-08-07 23:40:04.866,2026-08-07 23:40:05.044,2026-08-07 23:40:05.044,2026-08-07
"1437","86mp7Q6o1u","MOOSPMv3Parser",1786146001,1,1,2,3,3,2,2,3,3,2,798,159,30282,26,17,1,17,17,38,5,17,0,46,44,12,16,512.403,67,1,36.138996,-120.368324,193.690994,6,600,58,3,"e00fce6850cac69f647dc199",2026-08-07 23:40:04.831,2026-08-07 23:40:05.046,2026-08-07 23:40:05.046,2026-08-07
"1438","l1aZId0HFe","MOOSPMv3Parser",1786146001,2,2,2,3,3,2,2,3,3,2,518,150,33426,21,15,2,15,15,0,0,15,0,42,45,14,16,33.344,82,1,36.138985,-120.368324,156.766998,9,600,58,3,"e00fce6876826e255108c6bd",2026-08-07 23:40:05.465,2026-08-07 23:40:05.612,2026-08-07 23:40:05.612,2026-08-07
"1439","MJK11T2vls","MOOSPMv3Parser",1786146001,3,3,3,5,5,4,4,6,6,4,999,268,76644,37,27,2,27,27,35,12,27,0,39,40,17,18,50.007,18,1,36.523342,-119.278778,86.778999,8,600,58,3,"e00fce68f12da1a0c5de6248",2026-08-07 23:40:10.085,2026-08-07 23:40:10.248,2026-08-07 23:40:10.248,2026-08-07
"1440","BLQx8GxZb7","MOOSPMv3Parser",1786146601,5,5,3,8,8,4,4,8,8,4,1228,318,44929,52,27,3,27,27,36,11,27,0,39,41,23,23,51.097,12,1,35.949406,-119.049942,111.652,7,600,58,3,"e00fce6808784ceaf209f949",2026-08-07 23:50:02.854,2026-08-07 23:50:03.04,2026-08-07 23:50:03.04,2026-08-07
"1441","s5lYEvPAQM","MOOSPMv3Parser",1786146601,1,1,2,2,2,2,2,3,3,2,753,153,30296,23,16,1,17,17,38,5,17,0,46,44,11,15,512.306,64,1,36.138996,-120.368454,163.395996,7,600,58,3,"e00fce6850cac69f647dc199",2026-08-07 23:50:03.206,2026-08-07 23:50:03.38,2026-08-07 23:50:03.38,2026-08-07
"1442","IIWvat5ljV","MOOSPMv3Parser",1786146601,0,0,2,0,0,2,2,0,0,2,259,164,26949,21,15,2,15,15,40,16,15,0,34,45,29,15,35.188,51,1,36.139004,-120.368385,161.207993,9,599,58,3,"e00fce68d6b773b56ce8baa0",2026-08-07 23:50:03.391,2026-08-07 23:50:03.614,2026-08-07 23:50:03.614,2026-08-07
"1443","4gHWPzGZRM","MOOSPMv3Parser",1786146600,3,3,0,5,5,0,0,5,5,0,1104,237,0,44,0,3,0,0,38,5,0,2,41,44,16,16,57.054,18,1,36.187519,-119.822144,23.233999,7,600,58,3,"e00fce68e739ecbcf9e91965",2026-08-07 23:50:03.454,2026-08-07 23:50:03.707,2026-08-07 23:50:03.707,2026-08-07
"1444","m0uDwPKbVr","MOOSPMv3Parser",1786146601,1,1,2,2,2,2,2,2,2,2,1168,153,67460,21,16,1,16,16,38,5,16,0,41,44,12,14,61.179,19,1,36.762707,-119.798775,48.876999,0,600,58,3,"e00fce68e88237db75a60608",2026-08-07 23:50:03.639,2026-08-07 23:50:03.815,2026-08-07 23:50:03.815,2026-08-07
"1445","UBLlnJZoZb","MOOSPMv3Parser",1786146601,2,2,2,3,3,2,2,3,3,2,663,169,42422,28,17,1,17,17,41,7,17,0,44,49,15,15,48.509,124,3277,3.2e-05,-0.004286,17152.310547,11,600,58,3,"e00fce68e28dcbc9a589be10",2026-08-07 23:50:03.65,2026-08-07 23:50:03.828,2026-08-07 23:50:03.828,2026-08-07
"1446","YFtsaq1Huv","MOOSPMv3Parser",1786146601,0,0,1,0,0,1,1,0,0,1,225,126,19611,15,10,1,10,10,38,18,10,0,42,43,14,15,54.805,33,1,36.139011,-120.368362,175.701004,11,599,58,3,"e00fce686dc2ef0a68fa40b0",2026-08-07 23:50:03.868,2026-08-07 23:50:04.019,2026-08-07 23:50:04.019,2026-08-07
"1447","TzXrschyyE","MOOSPMv3Parser",1786146601,3,3,3,5,5,3,3,5,5,3,941,252,76665,34,24,2,24,25,35,12,25,0,39,40,18,20,49.821,17,1,36.523323,-119.278847,73.714996,6,600,58,3,"e00fce68f12da1a0c5de6248",2026-08-07 23:50:03.874,2026-08-07 23:50:04.042,2026-08-07 23:50:04.042,2026-08-07
"1448","DbHBIIAzab","MOOSPMv3Parser",1786146601,2,2,2,3,3,2,2,3,3,2,1491,189,27489,25,12,1,12,12,38,6,12,0,42,43,13,16,49.731,47,1,36.13905,-120.368385,183.475998,0,600,58,3,"e00fce68e77e43df92405fdb",2026-08-07 23:50:08.3,2026-08-07 23:50:08.503,2026-08-07 23:50:08.503,2026-08-07
"1449","IFlDO13FXI","MOOSPMv3Parser",1786146601,2,2,2,3,3,2,2,3,3,2,491,142,33438,25,14,2,14,14,0,0,14,0,42,45,13,15,32.856,83,1,36.139034,-120.368317,159.490005,8,600,58,3,"e00fce6876826e255108c6bd",2026-08-07 23:50:11.49,2026-08-07 23:50:11.638,2026-08-07 23:50:11.638,2026-08-07
