"","objectId","event","unixtime","m_PM1_CF1","m_PM1_ATM","m_PM1_b","m_PM25_CF1","m_PM25_ATM","m_PM25_b","m_PM4_b","m_PM10_CF1","m_PM10_ATM","m_PM10_b","n_PM03_P","n_PM05_P","n_PM05_b","n_PM1_P","n_PM1_b","n_PM25_P","n_PM25_b","n_PM4_b","tempC_pms","rh_pms","n_PM10_b","typ_size_b","temp_C","tempC_sen5x","rh","rh_sen5x","o3","vocIdx","noxIdx","lat","lon","alt","sats","counter","moos","ver","coreid","published_at","createdAt","updatedAt","date"
"1","DYU1Zfbz06","MOOSPMv3Parser",1788048000,13,13,7,19,19,8,8,20,20,8,3253,703,889,120,58,7,58,58,-10,-10,58,0,36,38,24,25,51.925,35,1,36.503067,-120.325378,66.098999,5,600,58,3,"e00fce68e77e43df92405fdb",2026-08-30 00:00:02.059,2026-08-30 00:00:02.567,2026-08-30 00:00:02.567,2026-08-30
"2","IuDRVBDi9r","MOOSPMv3Parser",1788048001,14,14,12,21,21,12,12,23,23,12,2415,744,106216,145,91,9,91,91,0,0,91,0,36,39,26,26,27.699,73,6,36.43362,-119.923409,27.093,0,600,58,3,"e00fce6876826e255108c6bd",2026-08-30 00:00:02.974,2026-08-30 00:00:03.418,2026-08-30 00:00:03.418,2026-08-30
"3","NWRgsvR6xq","MOOSPMv3Parser",1788048000,9,9,5,14,14,6,6,14,14,6,1819,502,148996,90,42,5,42,42,31,20,42,0,33,35,29,29,34.134,9,2,35.949574,-119.049911,111.898003,10,600,58,3,"e00fce6808784ceaf209f949",2026-08-30 00:00:02.93,2026-08-30 00:00:03.447,2026-08-30 00:00:03.447,2026-08-30
"4","j8HkM6FY0z","MOOSPMv3Parser",1788048001,3,3,6,6,6,6,6,7,7,6,478,359,267,66,47,6,47,47,36,23,47,0,35,40,25,24,33.22,26,1,35.963207,-119.291809,49.387001,5,600,58,3,"e00fce68d6b773b56ce8baa0",2026-08-30 00:00:02.922,2026-08-30 00:00:03.678,2026-08-30 00:00:03.678,2026-08-30
"5","3HGqPL0iXZ","MOOSPMv3Parser",1788048000,7,7,5,10,10,6,6,10,10,6,1443,364,113029,64,41,3,41,41,33,15,41,0,40,38,20,25,512.844,21,1,36.138996,-120.368378,179.990997,10,600,58,3,"e00fce6850cac69f647dc199",2026-08-30 00:00:03.541,2026-08-30 00:00:04.002,2026-08-30 00:00:04.002,2026-08-30
"6","izBO5Qo9cZ","MOOSPMv3Parser",1788048001,6,6,4,12,12,5,5,12,12,5,684,527,574,86,34,4,34,34,34,26,34,0,35,39,27,24,38.764,131,1,36.198826,-120.104317,102.217003,5,600,58,3,"e00fce686dc2ef0a68fa40b0",2026-08-30 00:00:03.204,2026-08-30 00:00:04.079,2026-08-30 00:00:04.079,2026-08-30
"7","PQElYPINdW","MOOSPMv3Parser",1788048000,7,7,5,11,11,6,6,11,11,6,2048,408,40365,68,42,3,43,43,35,15,43,0,35,40,25,24,40.63,36,1,35.775032,-119.238548,62.103001,9,600,58,3,"e00fce68e88237db75a60608",2026-08-30 00:00:03.803,2026-08-30 00:00:04.443,2026-08-30 00:00:04.443,2026-08-30
"8","hnkeTR2b0G","MOOSPMv3Parser",1788048000,17,17,12,25,25,13,13,26,26,13,3183,892,239230,153,97,7,97,97,31,31,97,0,34,35,33,33,43.681,15,8,36.523266,-119.2789,82.658997,5,600,58,3,"e00fce68f12da1a0c5de6248",2026-08-30 00:00:03.662,2026-08-30 00:00:04.807,2026-08-30 00:00:04.807,2026-08-30
"9","k7gCWQRxQS","MOOSPMv3Parser",1788048001,8,8,6,12,12,7,7,13,13,7,1761,492,134402,88,50,3,50,50,36,12,50,0,38,42,22,21,40.269,50,3277,2.9e-05,-0.004205,11924.019531,9,600,58,3,"e00fce68e28dcbc9a589be10",2026-08-30 00:00:04.129,2026-08-30 00:00:04.98,2026-08-30 00:00:04.98,2026-08-30
"10","i5A6NMS0YE","MOOSPMv3Parser",1788048001,10,10,0,16,16,0,0,17,17,0,2420,626,0,118,0,9,0,0,36,11,0,2,37,41,24,23,37.344,64,1,36.187469,-119.822121,20.108999,5,600,58,3,"e00fce68e739ecbcf9e91965",2026-08-30 00:00:04.777,2026-08-30 00:00:05.835,2026-08-30 00:00:05.835,2026-08-30
"11","uBl6ZWiL4H","MOOSPMv3Parser",1788048600,14,14,8,21,21,8,8,21,21,8,3389,743,943,126,62,8,62,62,34,15,62,0,36,38,24,25,51.795,33,1,36.503139,-120.325386,54.990002,5,600,58,3,"e00fce68e77e43df92405fdb",2026-08-30 00:10:01.972,2026-08-30 00:10:02.17,2026-08-30 00:10:02.17,2026-08-30
"12","DFMmZuK7F0","MOOSPMv3Parser",1788048601,15,15,13,24,24,13,13,26,26,13,2615,811,106302,159,99,13,99,99,1,0,99,0,36,39,25,25,26.796,73,6,36.433617,-119.923386,26.117001,6,600,58,3,"e00fce6876826e255108c6bd",2026-08-30 00:10:02.932,2026-08-30 00:10:03.103,2026-08-30 00:10:03.103,2026-08-30
"13","tIGohhpbcE","MOOSPMv3Parser",1788048600,9,9,5,13,13,5,5,13,13,5,1742,482,149031,84,41,4,41,41,31,20,41,0,33,35,30,30,34.517,11,2,35.949589,-119.050041,105.001999,8,600,58,3,"e00fce6808784ceaf209f949",2026-08-30 00:10:03.013,2026-08-30 00:10:03.253,2026-08-30 00:10:03.253,2026-08-30
"14","nbKqHLOg3W","MOOSPMv3Parser",1788048601,3,3,6,6,6,7,7,7,7,7,492,371,309,68,50,4,50,50,36,23,50,0,36,40,26,24,34.25,15,1,35.9632,-119.291771,43.102001,6,600,58,3,"e00fce68d6b773b56ce8baa0",2026-08-30 00:10:03.187,2026-08-30 00:10:03.362,2026-08-30 00:10:03.362,2026-08-30
"15","dPCz1QCbnF","MOOSPMv3Parser",1788048601,7,7,5,16,16,5,5,16,16,5,747,584,606,101,38,4,38,38,33,26,38,0,35,38,26,24,38.19,94,1,36.198814,-120.104568,69.040001,5,600,58,3,"e00fce686dc2ef0a68fa40b0",2026-08-30 00:10:03.38,2026-08-30 00:10:03.605,2026-08-30 00:10:03.605,2026-08-30
"16","3jYK5UBLPy","MOOSPMv3Parser",1788048600,8,8,6,11,11,6,6,12,12,6,2116,427,40404,73,45,4,45,45,34,16,45,0,35,39,26,24,40.911,42,1,35.77496,-119.238556,77.347,7,600,58,3,"e00fce68e88237db75a60608",2026-08-30 00:10:03.777,2026-08-30 00:10:03.935,2026-08-30 00:10:03.935,2026-08-30
"17","wgaR1AmGhm","MOOSPMv3Parser",1788048600,17,17,12,24,24,12,12,25,25,12,3044,858,239313,150,93,7,93,93,31,31,93,0,34,35,33,33,39.359,47,7,36.523209,-119.278732,93.516998,6,600,58,3,"e00fce68f12da1a0c5de6248",2026-08-30 00:10:03.811,2026-08-30 00:10:03.982,2026-08-30 00:10:03.982,2026-08-30
"18","itwqqL1gjz","MOOSPMv3Parser",1788048600,7,7,6,10,10,6,6,10,10,6,1475,372,113068,69,44,3,44,44,33,16,44,0,40,37,21,26,512.853,20,1,36.138996,-120.368378,179.990997,0,600,58,3,"e00fce6850cac69f647dc199",2026-08-30 00:10:04.042,2026-08-30 00:10:04.224,2026-08-30 00:10:04.224,2026-08-30
"19","bXngRZuK41","MOOSPMv3Parser",1788048601,10,10,7,14,14,7,7,15,15,7,1959,554,134450,100,56,4,56,56,36,13,56,0,38,42,25,23,38.72,75,3277,2.9e-05,-0.004205,11924.019531,9,600,58,3,"e00fce68e28dcbc9a589be10",2026-08-30 00:10:04.126,2026-08-30 00:10:04.34,2026-08-30 00:10:04.34,2026-08-30
"20","j7F6w0tOqq","MOOSPMv3Parser",1788048601,10,10,0,16,16,0,0,17,17,0,2460,634,0,124,0,9,0,0,35,12,0,2,36,41,25,23,38.822,38,1,36.187531,-119.822014,16.177999,7,600,58,3,"e00fce68e739ecbcf9e91965",2026-08-30 00:10:04.775,2026-08-30 00:10:05.01,2026-08-30 00:10:05.01,2026-08-30
"21","xfQEtnCBsD","MOOSPMv3Parser",1788049200,13,13,8,20,20,8,8,21,21,8,3243,703,996,119,60,9,60,60,-10,-10,60,0,36,38,25,26,51.12,46,1,36.503151,-120.325432,59.789001,5,600,58,3,"e00fce68e77e43df92405fdb",2026-08-30 00:20:02.274,2026-08-30 00:20:02.475,2026-08-30 00:20:02.475,2026-08-30
"22","ukcRJR1aS6","MOOSPMv3Parser",1788049201,4,4,7,8,8,7,7,9,9,7,555,431,356,80,56,5,56,56,36,24,56,0,36,40,25,25,34.117,11,1,35.9632,-119.291771,43.096001,0,600,58,3,"e00fce68d6b773b56ce8baa0",2026-08-30 00:20:02.86,2026-08-30 00:20:03.009,2026-08-30 00:20:03.009,2026-08-30
"23","YKd5n1J0Jp","MOOSPMv3Parser",1788049201,21,21,17,33,31,18,18,35,35,18,3577,1111,106420,225,136,14,137,137,0,0,137,0,35,38,26,26,27.135,73,6,36.433544,-119.923355,26.164,8,600,58,3,"e00fce6876826e255108c6bd",2026-08-30 00:20:02.976,2026-08-30 00:20:03.141,2026-08-30 00:20:03.141,2026-08-30
"24","FYuyLkQFIG","MOOSPMv3Parser",1788049200,7,7,6,11,11,6,6,11,11,6,1518,387,113105,73,43,4,43,43,32,16,43,0,39,37,21,26,512.9,19,1,36.138988,-120.368439,165.119003,8,600,58,3,"e00fce6850cac69f647dc199",2026-08-30 00:20:02.995,2026-08-30 00:20:03.164,2026-08-30 00:20:03.164,2026-08-30
"25","QfT2S3VLVL","MOOSPMv3Parser",1788049200,10,10,5,14,14,6,6,14,14,6,1868,515,149069,92,43,4,43,43,31,21,43,0,33,35,30,30,33.93,10,2,35.949589,-119.050186,90.789001,6,600,58,3,"e00fce6808784ceaf209f949",2026-08-30 00:20:03.065,2026-08-30 00:20:03.263,2026-08-30 00:20:03.263,2026-08-30
"26","26NaTY4SQe","MOOSPMv3Parser",1788049201,6,6,4,12,12,5,5,12,12,5,667,515,635,89,35,4,35,35,33,26,35,0,35,38,27,25,38.926,91,1,36.198856,-120.10434,94.056999,6,600,58,3,"e00fce686dc2ef0a68fa40b0",2026-08-30 00:20:03.698,2026-08-30 00:20:03.868,2026-08-30 00:20:03.868,2026-08-30
"27","IgbBvgaqb3","MOOSPMv3Parser",1788049200,8,8,6,12,12,6,6,12,12,6,2159,440,40446,75,48,3,48,48,34,16,48,0,35,40,26,24,41.472,44,1,35.775158,-119.23851,56.480999,6,600,58,3,"e00fce68e88237db75a60608",2026-08-30 00:20:03.923,2026-08-30 00:20:04.107,2026-08-30 00:20:04.107,2026-08-30
"28","65pFrd5LD9","MOOSPMv3Parser",1788049201,9,9,7,14,14,7,7,14,14,7,1901,535,134497,96,55,4,55,55,36,12,55,0,38,42,22,21,37.502,90,3277,2.9e-05,-0.004205,11924.019531,9,600,58,3,"e00fce68e28dcbc9a589be10",2026-08-30 00:20:04.142,2026-08-30 00:20:04.338,2026-08-30 00:20:04.338,2026-08-30
"29","U9G0W5nw1y","MOOSPMv3Parser",1788049200,17,17,12,24,24,12,12,26,26,12,3095,873,239394,151,93,7,94,94,31,32,94,0,34,35,33,34,42.634,19,8,36.523258,-119.278709,91.287003,5,600,58,3,"e00fce68f12da1a0c5de6248",2026-08-30 00:20:04.625,2026-08-30 00:20:04.794,2026-08-30 00:20:04.794,2026-08-30
"30","CsaTtYVUDY","MOOSPMv3Parser",1788049201,10,10,0,16,16,0,0,17,17,0,2461,645,0,123,0,8,0,0,35,12,0,2,36,41,25,23,38.091,45,1,36.187492,-119.822044,28.768999,10,600,58,3,"e00fce68e739ecbcf9e91965",2026-08-30 00:20:04.714,2026-08-30 00:20:04.926,2026-08-30 00:20:04.926,2026-08-30
"31","QEoe6bFikC","MOOSPMv3Parser",1788049800,13,13,8,20,20,8,8,21,21,8,3277,701,1047,118,59,8,59,59,-10,-10,59,0,36,38,26,26,52.304,46,1,36.50317,-120.325378,74.093002,7,600,58,3,"e00fce68e77e43df92405fdb",2026-08-30 00:30:02.749,2026-08-30 00:30:02.97,2026-08-30 00:30:02.97,2026-08-30
"32","C79hcS6ubF","MOOSPMv3Parser",1788049801,23,21,18,37,34,19,19,39,39,19,3869,1202,106546,245,145,21,145,145,0,0,145,0,36,38,26,26,27.016,73,6,36.43364,-119.923401,37.478001,8,600,58,3,"e00fce6876826e255108c6bd",2026-08-30 00:30:02.972,2026-08-30 00:30:03.192,2026-08-30 00:30:03.192,2026-08-30
"33","WKRl6542EN","MOOSPMv3Parser",1788049800,9,9,5,14,14,6,6,14,14,6,1835,509,149106,87,43,4,43,43,31,23,43,0,33,35,33,33,33.271,12,2,35.949539,-119.049927,119.612999,8,600,58,3,"e00fce6808784ceaf209f949",2026-08-30 00:30:03.16,2026-08-30 00:30:03.328,2026-08-30 00:30:03.328,2026-08-30
"34","5NuKeo4sky","MOOSPMv3Parser",1788049801,4,4,7,8,8,7,7,8,8,7,521,399,402,75,55,6,55,55,36,24,55,0,36,40,25,24,33.626,13,1,35.963238,-119.291832,51.432999,7,600,58,3,"e00fce68d6b773b56ce8baa0",2026-08-30 00:30:03.208,2026-08-30 00:30:03.377,2026-08-30 00:30:03.377,2026-08-30
"35","uBjSDlnn94","MOOSPMv3Parser",1788049800,7,7,6,11,11,6,6,12,12,6,1562,395,113145,76,46,4,46,46,32,16,46,0,39,37,21,27,512.894,17,1,36.138966,-120.368469,174.074005,6,600,58,3,"e00fce6850cac69f647dc199",2026-08-30 00:30:03.22,2026-08-30 00:30:03.4,2026-08-30 00:30:03.4,2026-08-30
"36","obERMD8kiu","MOOSPMv3Parser",1788049800,19,19,14,28,28,15,15,29,29,15,3487,981,239493,177,113,8,113,113,31,31,113,0,34,35,32,33,43.608,24,8,36.523285,-119.278763,83.055,5,600,58,3,"e00fce68f12da1a0c5de6248",2026-08-30 00:30:03.759,2026-08-30 00:30:03.941,2026-08-30 00:30:03.941,2026-08-30
"37","PaebJmzwoC","MOOSPMv3Parser",1788049800,9,9,6,12,12,6,6,12,12,6,2231,466,40489,79,48,2,49,49,34,17,49,0,35,39,26,25,40.924,42,1,35.775017,-119.23851,65.143997,6,600,58,3,"e00fce68e88237db75a60608",2026-08-30 00:30:03.779,2026-08-30 00:30:03.96,2026-08-30 00:30:03.96,2026-08-30
"38","k1eyvFYXpo","MOOSPMv3Parser",1788049801,6,6,4,11,11,4,4,12,12,4,636,491,663,84,33,4,33,33,33,26,33,0,34,37,26,25,40.753,92,1,36.198799,-120.104355,92.848,6,600,58,3,"e00fce686dc2ef0a68fa40b0",2026-08-30 00:30:03.926,2026-08-30 00:30:04.08,2026-08-30 00:30:04.08,2026-08-30
"39","cGybjREHaX","MOOSPMv3Parser",1788049801,10,10,7,14,14,8,8,14,14,8,1986,563,134547,95,58,4,58,58,35,13,58,0,38,41,23,22,40.117,50,3277,2.9e-05,-0.004205,11924.019531,9,600,58,3,"e00fce68e28dcbc9a589be10",2026-08-30 00:30:04.043,2026-08-30 00:30:04.217,2026-08-30 00:30:04.217,2026-08-30
"40","bH4g7PnMDW","MOOSPMv3Parser",1788049801,12,12,0,18,18,0,0,19,19,0,2659,703,0,133,0,10,0,0,35,12,0,2,36,40,25,23,38.186,48,1,36.187485,-119.822037,31.440001,10,600,58,3,"e00fce68e739ecbcf9e91965",2026-08-30 00:30:04.686,2026-08-30 00:30:04.884,2026-08-30 00:30:04.884,2026-08-30
"41","3p4xAklN4T","MOOSPMv3Parser",1788050400,13,13,7,19,19,7,7,20,20,7,3150,683,1095,117,55,7,56,56,33,16,56,0,36,38,24,26,53.545,22,1,36.503071,-120.325417,55.824001,6,600,58,3,"e00fce68e77e43df92405fdb",2026-08-30 00:40:02.129,2026-08-30 00:40:02.329,2026-08-30 00:40:02.329,2026-08-30
"42","gqgOqG47Yd","MOOSPMv3Parser",1788050400,10,10,5,14,14,6,6,14,14,6,1901,520,149142,89,41,4,42,42,31,21,42,0,33,35,30,30,32.868,19,2,35.949539,-119.049927,119.614998,0,600,58,3,"e00fce6808784ceaf209f949",2026-08-30 00:40:03,2026-08-30 00:40:03.161,2026-08-30 00:40:03.161,2026-08-30
"43","Tla1P5yC1Z","MOOSPMv3Parser",1788050401,24,22,19,37,34,20,20,40,40,20,3974,1235,106678,252,152,21,152,152,0,0,153,0,36,38,26,27,27.758,73,7,36.433434,-119.923325,7.59,7,600,58,3,"e00fce6876826e255108c6bd",2026-08-30 00:40:03.017,2026-08-30 00:40:03.208,2026-08-30 00:40:03.208,2026-08-30
"44","HooCVV4ZVz","MOOSPMv3Parser",1788050401,2,2,6,6,6,6,6,6,6,6,468,352,442,61,48,5,48,48,36,24,48,0,36,39,26,25,33.275,10,1,35.963249,-119.291725,53.935001,7,600,58,3,"e00fce68d6b773b56ce8baa0",2026-08-30 00:40:03.089,2026-08-30 00:40:03.254,2026-08-30 00:40:03.254,2026-08-30
"45","y2dVubxJCX","MOOSPMv3Parser",1788050400,7,7,6,11,11,6,6,12,12,6,1580,400,113186,81,47,3,47,47,32,17,47,0,38,36,22,27,512.901,14,1,36.138947,-120.368408,165.227005,7,600,58,3,"e00fce6850cac69f647dc199",2026-08-30 00:40:03.695,2026-08-30 00:40:03.883,2026-08-30 00:40:03.883,2026-08-30
"46","EGBoiElliC","MOOSPMv3Parser",1788050400,9,9,7,14,14,7,7,14,14,7,2308,493,40534,87,52,5,52,52,34,18,52,0,35,39,27,26,39.614,43,1,35.774952,-119.238579,69.5,7,600,58,3,"e00fce68e88237db75a60608",2026-08-30 00:40:03.936,2026-08-30 00:40:04.133,2026-08-30 00:40:04.133,2026-08-30
"47","JNZ4Hir6wn","MOOSPMv3Parser",1788050401,10,10,7,15,15,8,8,15,15,8,1995,570,134596,103,56,4,56,56,35,13,56,0,37,41,24,22,38.881,58,3277,2.9e-05,-0.004205,11924.019531,9,600,58,3,"e00fce68e28dcbc9a589be10",2026-08-30 00:40:03.959,2026-08-30 00:40:04.176,2026-08-30 00:40:04.176,2026-08-30
"48","8YAcxMssSf","MOOSPMv3Parser",1788050401,6,6,5,12,12,5,5,12,12,5,672,520,692,88,36,4,36,36,33,27,36,0,34,37,28,26,43.3,89,1,36.198784,-120.104385,78.849998,6,600,58,3,"e00fce686dc2ef0a68fa40b0",2026-08-30 00:40:04.48,2026-08-30 00:40:04.617,2026-08-30 00:40:04.617,2026-08-30
"49","PRgLwpqRjb","MOOSPMv3Parser",1788050401,12,12,0,20,20,0,0,21,21,0,2798,736,0,146,0,15,0,0,35,13,0,2,36,40,26,24,39.137,33,1,36.187511,-119.821999,29.226,10,600,58,3,"e00fce68e739ecbcf9e91965",2026-08-30 00:40:04.615,2026-08-30 00:40:04.808,2026-08-30 00:40:04.808,2026-08-30
"50","YmNzCsk0W5","MOOSPMv3Parser",1788050400,19,18,14,28,28,15,15,29,29,15,3416,962,239589,177,110,9,110,110,31,31,110,0,34,35,33,34,44.983,18,9,36.52335,-119.278816,62.523998,5,600,58,3,"e00fce68f12da1a0c5de6248",2026-08-30 00:40:07.6,2026-08-30 00:40:07.784,2026-08-30 00:40:07.784,2026-08-30
"51","t5JCTvB6UP","MOOSPMv3Parser",1788051000,12,12,7,17,17,7,7,18,18,7,2973,632,1141,106,53,5,53,53,33,16,53,0,36,38,25,26,52.785,23,1,36.503105,-120.325386,61.028,6,600,58,3,"e00fce68e77e43df92405fdb",2026-08-30 00:50:02.299,2026-08-30 00:50:02.452,2026-08-30 00:50:02.452,2026-08-30
"52","spfS48YOz1","MOOSPMv3Parser",1788051000,8,8,5,12,12,5,5,13,13,5,1663,457,149174,84,38,4,38,38,31,20,38,0,33,35,29,29,33.87,14,2,35.949593,-119.049873,106.623001,6,600,58,3,"e00fce6808784ceaf209f949",2026-08-30 00:50:03.01,2026-08-30 00:50:03.178,2026-08-30 00:50:03.178,2026-08-30
"53","ZlAGfaH64j","MOOSPMv3Parser",1788051001,4,4,7,7,7,7,7,7,7,7,518,399,486,70,52,5,52,52,36,24,52,0,36,39,25,25,33.936,5,1,35.963181,-119.291702,40.549999,7,600,58,3,"e00fce68d6b773b56ce8baa0",2026-08-30 00:50:03.171,2026-08-30 00:50:03.333,2026-08-30 00:50:03.333,2026-08-30
"54","fs5SY1qJSo","MOOSPMv3Parser",1788051001,6,6,5,11,11,5,5,12,12,5,651,501,724,86,38,4,38,38,33,27,38,0,34,37,27,26,39.419,145,1,36.198849,-120.104362,89.605003,7,600,58,3,"e00fce686dc2ef0a68fa40b0",2026-08-30 00:50:03.217,2026-08-30 00:50:03.378,2026-08-30 00:50:03.378,2026-08-30
"55","R9hOrj3HWh","MOOSPMv3Parser",1788051001,19,19,16,30,29,17,17,31,31,17,3312,1026,106789,203,127,12,128,128,1,0,128,0,35,38,26,27,26.494,74,6,36.433666,-119.923355,14.809,5,600,58,3,"e00fce6876826e255108c6bd",2026-08-30 00:50:03.298,2026-08-30 00:50:03.463,2026-08-30 00:50:03.463,2026-08-30
"56","LaI66N9IBk","MOOSPMv3Parser",1788051000,14,14,11,21,21,11,11,22,22,11,2655,744,239663,127,84,6,85,85,30,32,85,0,33,35,35,35,42.114,20,9,36.523304,-119.278847,71.512001,6,600,58,3,"e00fce68f12da1a0c5de6248",2026-08-30 00:50:03.644,2026-08-30 00:50:03.819,2026-08-30 00:50:03.819,2026-08-30
"57","1IxZiU07Bl","MOOSPMv3Parser",1788051001,11,11,8,15,15,8,8,15,15,8,2059,583,134648,98,61,4,61,61,35,14,61,0,37,40,25,24,39.636,40,3277,2.9e-05,-0.004205,11924.019531,9,600,58,3,"e00fce68e28dcbc9a589be10",2026-08-30 00:50:03.967,2026-08-30 00:50:04.16,2026-08-30 00:50:04.16,2026-08-30
"58","M2a3710L54","MOOSPMv3Parser",1788051000,8,8,7,11,11,7,7,12,12,7,1628,414,113231,79,52,4,52,52,31,17,52,0,38,36,22,27,512.816,14,1,36.138889,-120.368584,135.408997,5,600,58,3,"e00fce6850cac69f647dc199",2026-08-30 00:50:04.015,2026-08-30 00:50:04.21,2026-08-30 00:50:04.21,2026-08-30
"59","CDvB1V3hHB","MOOSPMv3Parser",1788051000,11,11,7,15,15,8,8,16,16,8,2566,557,40584,102,58,4,58,58,34,18,58,0,35,39,27,26,39.871,41,1,35.775177,-119.238449,82.439003,6,600,58,3,"e00fce68e88237db75a60608",2026-08-30 00:50:04.109,2026-08-30 00:50:04.353,2026-08-30 00:50:04.353,2026-08-30
"60","FAKioprN1l","MOOSPMv3Parser",1788051001,12,12,0,19,19,0,0,20,20,0,2756,735,0,145,0,9,0,0,34,15,0,2,36,40,29,27,38.17,44,1,36.18755,-119.821877,37.860001,8,600,58,3,"e00fce68e739ecbcf9e91965",2026-08-30 00:50:04.689,2026-08-30 00:50:04.877,2026-08-30 00:50:04.877,2026-08-30
"61","fym5p5tcbr","MOOSPMv3Parser",1788051600,11,11,6,16,16,7,7,17,17,7,2845,597,1184,99,49,5,50,50,33,15,50,0,35,38,24,25,52.269,30,1,36.503174,-120.325401,56.289001,6,600,58,3,"e00fce68e77e43df92405fdb",2026-08-30 01:00:02.311,2026-08-30 01:00:02.56,2026-08-30 01:00:02.56,2026-08-30
"62","lrbD5EmsPi","MOOSPMv3Parser",1788051600,8,8,7,12,12,7,7,13,13,7,1751,450,113278,86,54,4,54,54,31,17,54,0,38,35,22,28,512.893,12,1,36.139,-120.368393,166.925995,6,600,58,3,"e00fce6850cac69f647dc199",2026-08-30 01:00:02.822,2026-08-30 01:00:03.168,2026-08-30 01:00:03.168,2026-08-30
"63","tiGUrjmHyr","MOOSPMv3Parser",1788051600,8,8,5,11,11,5,5,12,12,5,1598,434,149208,76,38,4,38,38,31,20,38,0,33,35,30,29,34.641,10,2,35.949471,-119.049904,108.901001,5,600,58,3,"e00fce6808784ceaf209f949",2026-08-30 01:00:03.008,2026-08-30 01:00:03.367,2026-08-30 01:00:03.367,2026-08-30
"64","K1GJ7hoFEi","MOOSPMv3Parser",1788051601,4,4,7,7,7,7,7,8,8,7,513,393,530,70,53,5,53,53,35,24,53,0,35,39,27,26,34.382,4,1,35.963089,-119.291939,20.320999,7,600,58,3,"e00fce68d6b773b56ce8baa0",2026-08-30 01:00:03.088,2026-08-30 01:00:03.452,2026-08-30 01:00:03.452,2026-08-30
"65","ISxYu4F218","MOOSPMv3Parser",1788051601,19,19,15,29,28,16,16,30,30,16,3194,990,106891,192,117,11,117,118,0,0,118,0,35,38,27,27,27.036,74,5,36.433517,-119.923401,17.344,6,600,58,3,"e00fce6876826e255108c6bd",2026-08-30 01:00:03.31,2026-08-30 01:00:03.759,2026-08-30 01:00:03.759,2026-08-30
"66","Ik6Q44L0mK","MOOSPMv3Parser",1788051601,5,5,4,9,9,4,4,9,9,4,603,456,752,76,33,4,33,33,32,26,33,0,34,37,26,25,40.591,99,1,36.198872,-120.104446,59.200001,6,600,58,3,"e00fce686dc2ef0a68fa40b0",2026-08-30 01:00:03.943,2026-08-30 01:00:04.107,2026-08-30 01:00:04.107,2026-08-30
"67","LL5tJ1rpWm","MOOSPMv3Parser",1788051600,11,11,8,17,17,9,9,18,18,9,2626,597,40640,111,63,7,64,64,33,18,64,0,34,38,27,26,41.028,37,1,35.775074,-119.238503,70.473,7,600,58,3,"e00fce68e88237db75a60608",2026-08-30 01:00:04.016,2026-08-30 01:00:04.199,2026-08-30 01:00:04.199,2026-08-30
"68","keYFSTarZU","MOOSPMv3Parser",1788051601,10,10,8,15,15,8,8,16,16,8,2057,583,134702,104,62,5,62,62,34,15,62,0,37,40,26,25,36.847,66,3277,2.9e-05,-0.004205,11924.019531,9,600,58,3,"e00fce68e28dcbc9a589be10",2026-08-30 01:00:03.974,2026-08-30 01:00:04.23,2026-08-30 01:00:04.23,2026-08-30
"69","7duDjKP5fu","MOOSPMv3Parser",1788051601,13,13,0,21,21,0,0,23,23,0,2982,791,0,157,0,14,0,0,34,14,0,2,36,39,26,25,37.935,54,1,36.187565,-119.821968,39.244999,7,600,58,3,"e00fce68e739ecbcf9e91965",2026-08-30 01:00:04.775,2026-08-30 01:00:04.962,2026-08-30 01:00:04.962,2026-08-30
"70","V8Aw24Y8WW","MOOSPMv3Parser",1788051600,13,13,11,20,20,12,12,21,21,12,2529,710,239736,127,86,5,86,86,30,32,86,0,34,35,34,35,39.881,26,8,36.523357,-119.278908,75.343002,6,600,58,3,"e00fce68f12da1a0c5de6248",2026-08-30 01:00:07.837,2026-08-30 01:00:07.998,2026-08-30 01:00:07.998,2026-08-30
"71","QcW7CVcAiA","MOOSPMv3Parser",1788052200,11,11,6,16,16,6,6,16,16,6,2720,575,1226,96,48,7,48,48,33,17,48,0,36,37,26,27,50.786,31,1,36.503166,-120.325394,44.358002,6,600,58,3,"e00fce68e77e43df92405fdb",2026-08-30 01:10:02.047,2026-08-30 01:10:02.2,2026-08-30 01:10:02.2,2026-08-30
"72","ByQHWU63O4","MOOSPMv3Parser",1788052201,17,17,13,25,25,14,14,27,27,14,2862,884,106981,171,103,11,103,103,1,0,104,0,35,38,28,28,25.977,74,4,36.433636,-119.923332,29.863001,8,600,58,3,"e00fce6876826e255108c6bd",2026-08-30 01:10:03.07,2026-08-30 01:10:03.232,2026-08-30 01:10:03.232,2026-08-30
"73","wi8KmY2MEU","MOOSPMv3Parser",1788052200,9,9,7,13,13,7,7,14,14,7,1797,464,113327,91,56,4,56,56,31,18,56,0,37,35,23,28,512.934,12,1,36.13892,-120.368484,157.490997,7,600,58,3,"e00fce6850cac69f647dc199",2026-08-30 01:10:03.085,2026-08-30 01:10:03.278,2026-08-30 01:10:03.278,2026-08-30
"74","REV8e03MGo","MOOSPMv3Parser",1788052200,7,7,5,11,11,5,5,11,11,5,1500,410,149239,69,35,4,35,35,31,20,35,0,33,35,31,30,34.301,9,2,35.949852,-119.049919,114.038002,6,600,58,3,"e00fce6808784ceaf209f949",2026-08-30 01:10:03.087,2026-08-30 01:10:03.35,2026-08-30 01:10:03.35,2026-08-30
"75","OhWTNQWgon","MOOSPMv3Parser",1788052201,4,4,7,8,8,7,7,8,8,7,534,412,576,73,55,5,55,55,35,25,55,0,35,38,29,28,32.84,6,1,35.9631,-119.291901,37.361,7,600,58,3,"e00fce68d6b773b56ce8baa0",2026-08-30 01:10:03.181,2026-08-30 01:10:03.362,2026-08-30 01:10:03.362,2026-08-30
"76","XmqAju7fn9","MOOSPMv3Parser",1788052200,15,15,12,22,22,13,13,23,23,13,2749,781,239818,140,93,6,94,94,30,34,94,0,33,34,35,35,39.868,28,7,36.523159,-119.278793,50.694,6,600,58,3,"e00fce68f12da1a0c5de6248",2026-08-30 01:10:03.867,2026-08-30 01:10:04.007,2026-08-30 01:10:04.007,2026-08-30
"77","BXWSw2mYIa","MOOSPMv3Parser",1788052200,13,13,9,20,20,10,10,20,20,10,2901,682,40705,130,74,7,74,74,33,18,74,0,35,38,27,26,41.686,29,1,35.775089,-119.23848,66.448997,6,600,58,3,"e00fce68e88237db75a60608",2026-08-30 01:10:03.93,2026-08-30 01:10:04.107,2026-08-30 01:10:04.107,2026-08-30
"78","IFHZOKUAfT","MOOSPMv3Parser",1788052201,6,6,4,11,11,5,5,11,11,5,645,499,781,83,35,4,35,35,32,27,35,0,34,36,27,26,41.694,80,1,36.198841,-120.104385,56.866001,6,600,58,3,"e00fce686dc2ef0a68fa40b0",2026-08-30 01:10:04.128,2026-08-30 01:10:04.275,2026-08-30 01:10:04.275,2026-08-30
"79","ib0ifUwiTT","MOOSPMv3Parser",1788052201,10,10,8,14,14,8,8,15,15,8,1988,563,134756,102,62,4,62,62,34,17,62,0,36,39,27,26,36.862,66,3277,2.9e-05,-0.004205,11924.019531,9,600,58,3,"e00fce68e28dcbc9a589be10",2026-08-30 01:10:04.128,2026-08-30 01:10:04.3,2026-08-30 01:10:04.3,2026-08-30
"80","J6cE1HyGBG","MOOSPMv3Parser",1788052201,15,15,0,24,24,0,0,25,25,0,3226,867,0,174,0,14,0,0,34,14,0,2,35,38,27,26,39.996,33,1,36.187565,-119.821968,39.251999,0,600,58,3,"e00fce68e739ecbcf9e91965",2026-08-30 01:10:04.684,2026-08-30 01:10:04.909,2026-08-30 01:10:04.909,2026-08-30
"81","LDjfZoI2Ye","MOOSPMv3Parser",1788052801,4,4,7,9,9,8,8,9,9,8,556,433,624,80,56,6,56,56,34,25,56,0,35,38,26,26,31.355,9,1,35.963158,-119.291832,38.873001,7,600,58,3,"e00fce68d6b773b56ce8baa0",2026-08-30 01:20:02.91,2026-08-30 01:20:03.094,2026-08-30 01:20:03.094,2026-08-30
"82","sAYW8gXUCu","MOOSPMv3Parser",1788052800,7,7,4,10,10,5,5,11,11,5,1453,400,149269,69,34,4,34,34,30,20,34,0,33,35,30,29,33.65,14,2,35.949776,-119.049973,123.581001,8,600,58,3,"e00fce6808784ceaf209f949",2026-08-30 01:20:03.075,2026-08-30 01:20:03.245,2026-08-30 01:20:03.245,2026-08-30
"83","0j5UEYBlQy","MOOSPMv3Parser",1788052801,15,15,12,23,23,13,13,24,24,13,2585,800,107062,151,93,11,94,94,0,0,94,0,35,37,28,28,25.824,74,4,36.433666,-119.923363,28.240999,8,600,58,3,"e00fce6876826e255108c6bd",2026-08-30 01:20:03.137,2026-08-30 01:20:03.336,2026-08-30 01:20:03.336,2026-08-30
"84","pgTOKtWuq1","MOOSPMv3Parser",1788052800,9,9,7,13,13,7,7,13,13,7,1750,452,113373,87,53,4,53,53,31,18,53,0,37,35,23,28,512.897,14,1,36.139015,-120.368416,172.662003,8,600,58,3,"e00fce6850cac69f647dc199",2026-08-30 01:20:03.729,2026-08-30 01:20:03.907,2026-08-30 01:20:03.907,2026-08-30
"85","PBHgvE3GNc","MOOSPMv3Parser",1788052800,18,18,16,27,27,16,16,28,28,16,3288,934,239924,174,122,9,122,122,30,35,122,0,33,34,37,37,39.246,40,7,36.523338,-119.278748,72.088997,7,600,58,3,"e00fce68f12da1a0c5de6248",2026-08-30 01:20:03.797,2026-08-30 01:20:03.949,2026-08-30 01:20:03.949,2026-08-30
"86","ABxhN1mfhn","MOOSPMv3Parser",1788052800,14,14,10,20,20,10,10,21,21,10,3058,711,40771,137,76,6,76,77,33,18,77,0,34,38,27,26,42.625,30,1,35.775089,-119.23848,66.445999,0,600,58,3,"e00fce68e88237db75a60608",2026-08-30 01:20:03.942,2026-08-30 01:20:04.166,2026-08-30 01:20:04.166,2026-08-30
"87","7FLT7InNAh","MOOSPMv3Parser",1788052801,10,10,8,15,15,9,9,16,16,9,2059,588,134812,107,65,3,65,65,34,16,65,0,36,38,26,26,36.504,82,3277,2.9e-05,-0.004205,11924.019531,9,600,58,3,"e00fce68e28dcbc9a589be10",2026-08-30 01:20:04.124,2026-08-30 01:20:04.3,2026-08-30 01:20:04.3,2026-08-30
"88","P5UJc4z7Yg","MOOSPMv3Parser",1788052801,7,7,5,14,14,5,5,15,15,5,689,539,815,96,41,4,41,41,32,27,41,0,34,36,27,26,41.41,95,1,36.198845,-120.104401,84.463997,6,600,58,3,"e00fce686dc2ef0a68fa40b0",2026-08-30 01:20:04.406,2026-08-30 01:20:04.58,2026-08-30 01:20:04.58,2026-08-30
"89","m8zCHyweoZ","MOOSPMv3Parser",1788052801,15,15,0,25,25,0,0,26,26,0,3318,892,0,180,0,15,0,0,33,15,0,2,35,38,27,27,39.168,48,1,36.187443,-119.822159,17.148001,8,600,58,3,"e00fce68e739ecbcf9e91965",2026-08-30 01:20:04.688,2026-08-30 01:20:04.855,2026-08-30 01:20:04.855,2026-08-30
"90","ZZMloSunoP","MOOSPMv3Parser",1788052800,11,11,6,15,15,6,6,16,16,6,2757,580,1267,94,47,6,48,48,33,17,48,0,35,37,26,27,48.345,56,1,36.503166,-120.325394,44.361,0,600,58,3,"e00fce68e77e43df92405fdb",2026-08-30 01:20:06.825,2026-08-30 01:20:07.04,2026-08-30 01:20:07.04,2026-08-30
"91","y0Non4mdW2","MOOSPMv3Parser",1788053400,11,11,6,15,15,6,6,16,16,6,2720,558,1308,89,46,5,47,47,33,18,47,0,35,37,27,28,48.027,44,1,36.502922,-120.325485,29.072001,5,600,58,3,"e00fce68e77e43df92405fdb",2026-08-30 01:30:02.098,2026-08-30 01:30:02.277,2026-08-30 01:30:02.277,2026-08-30
"92","QDHVhnwesd","MOOSPMv3Parser",1788053400,7,7,5,10,10,5,5,11,11,5,1425,389,149300,67,35,2,35,35,30,21,35,0,33,34,31,30,34.086,12,2,35.949562,-119.049995,109.448997,5,600,58,3,"e00fce6808784ceaf209f949",2026-08-30 01:30:03.026,2026-08-30 01:30:03.187,2026-08-30 01:30:03.187,2026-08-30
"93","a3lb6M2Zj7","MOOSPMv3Parser",1788053401,16,16,13,25,25,14,14,27,27,14,2796,864,107153,165,104,13,104,104,0,0,104,0,35,37,28,28,25.001,74,3,36.433662,-119.923393,10.817,8,600,58,3,"e00fce6876826e255108c6bd",2026-08-30 01:30:03.139,2026-08-30 01:30:03.276,2026-08-30 01:30:03.276,2026-08-30
"94","BJNBc5R20j","MOOSPMv3Parser",1788053401,3,3,7,7,7,7,7,7,7,7,492,375,667,66,52,5,52,52,34,25,52,0,35,38,26,26,31.597,6,1,35.963154,-119.291862,55.745998,7,600,58,3,"e00fce68d6b773b56ce8baa0",2026-08-30 01:30:03.263,2026-08-30 01:30:03.484,2026-08-30 01:30:03.484,2026-08-30
"95","ByGNqZcfn6","MOOSPMv3Parser",1788053401,7,7,5,14,14,6,6,16,16,6,693,541,851,96,43,5,43,43,32,27,43,0,34,36,27,26,39.983,87,1,36.198795,-120.104477,72.957001,6,600,58,3,"e00fce686dc2ef0a68fa40b0",2026-08-30 01:30:03.457,2026-08-30 01:30:03.677,2026-08-30 01:30:03.677,2026-08-30
"96","zxIXD5t4lo","MOOSPMv3Parser",1788053400,20,19,20,31,30,23,25,33,33,26,3640,1033,240056,206,155,13,158,158,30,36,158,0,32,34,39,38,39.188,38,7,36.523273,-119.278908,88.114998,7,600,58,3,"e00fce68f12da1a0c5de6248",2026-08-30 01:30:03.657,2026-08-30 01:30:03.822,2026-08-30 01:30:03.822,2026-08-30
"97","0pAZwiKWgw","MOOSPMv3Parser",1788053400,9,9,7,13,13,7,7,13,13,7,1770,457,113421,87,54,4,54,54,30,18,54,0,37,35,23,29,512.998,14,1,36.139015,-120.368423,166.259003,8,600,58,3,"e00fce6850cac69f647dc199",2026-08-30 01:30:03.897,2026-08-30 01:30:04.079,2026-08-30 01:30:04.079,2026-08-30
"98","QY5YagEYA4","MOOSPMv3Parser",1788053400,10,10,8,15,15,8,8,16,16,8,2471,548,40826,103,63,5,63,63,32,19,63,0,34,37,28,27,41.253,28,1,35.775078,-119.238586,72.589996,5,600,58,3,"e00fce68e88237db75a60608",2026-08-30 01:30:04.011,2026-08-30 01:30:04.212,2026-08-30 01:30:04.212,2026-08-30
"99","5LWF1hWEPU","MOOSPMv3Parser",1788053401,12,12,9,17,17,9,9,18,18,9,2250,643,134872,118,69,6,69,69,33,16,69,0,36,38,27,26,37.001,62,3277,2.9e-05,-0.004205,11924.019531,9,600,58,3,"e00fce68e28dcbc9a589be10",2026-08-30 01:30:04.134,2026-08-30 01:30:04.339,2026-08-30 01:30:04.339,2026-08-30
"100","NFLMhPZPrA","MOOSPMv3Parser",1788053401,14,14,0,23,23,0,0,24,24,0,3006,808,0,167,0,17,0,0,33,16,0,2,35,37,28,28,38.042,84,1,36.187481,-119.822151,3.411,7,600,58,3,"e00fce68e739ecbcf9e91965",2026-08-30 01:30:04.689,2026-08-30 01:30:04.933,2026-08-30 01:30:04.933,2026-08-30
"101","BbC27dO3Tj","MOOSPMv3Parser",1788054000,10,10,6,14,14,6,6,15,15,6,2598,540,1347,90,45,5,45,45,-10,-10,45,0,34,36,27,27,48.657,55,1,36.502991,-120.32534,37.542999,7,600,58,3,"e00fce68e77e43df92405fdb",2026-08-30 01:40:02.106,2026-08-30 01:40:02.297,2026-08-30 01:40:02.297,2026-08-30
"102","GpUiF8CeHb","MOOSPMv3Parser",1788054000,9,9,7,13,13,8,8,14,14,8,1789,464,113471,87,58,4,58,58,30,19,58,0,37,34,23,29,512.881,19,1,36.138996,-120.368385,173.985001,6,600,58,3,"e00fce6850cac69f647dc199",2026-08-30 01:40:02.835,2026-08-30 01:40:02.996,2026-08-30 01:40:02.996,2026-08-30
"103","PChCuArn5I","MOOSPMv3Parser",1788054001,3,3,6,6,6,7,7,6,6,7,466,353,709,64,50,5,50,50,34,26,50,0,35,37,27,27,32.99,4,1,35.963089,-119.291916,36.028,7,600,58,3,"e00fce68d6b773b56ce8baa0",2026-08-30 01:40:02.847,2026-08-30 01:40:03.068,2026-08-30 01:40:03.068,2026-08-30
"104","65g6AYgeEm","MOOSPMv3Parser",1788054000,7,7,5,11,11,5,5,11,11,5,1513,413,149334,73,38,3,38,38,30,21,38,0,32,34,31,30,33.344,13,2,35.949577,-119.049889,116.239998,5,600,58,3,"e00fce6808784ceaf209f949",2026-08-30 01:40:03.069,2026-08-30 01:40:03.314,2026-08-30 01:40:03.314,2026-08-30
"105","7b7g7pa2dr","MOOSPMv3Parser",1788054001,16,16,12,24,24,13,13,25,25,13,2733,842,107238,153,97,10,98,98,0,0,98,0,35,37,28,29,25.591,75,4,36.433651,-119.923386,19.195999,7,600,58,3,"e00fce6876826e255108c6bd",2026-08-30 01:40:03.135,2026-08-30 01:40:03.341,2026-08-30 01:40:03.341,2026-08-30
"106","G3IwfFQyjP","MOOSPMv3Parser",1788054000,18,18,16,27,27,17,17,29,29,17,3305,936,240166,176,126,9,126,126,29,40,126,0,31,33,43,40,37.829,53,7,36.523273,-119.278908,88.113998,0,600,58,3,"e00fce68f12da1a0c5de6248",2026-08-30 01:40:03.832,2026-08-30 01:40:04.04,2026-08-30 01:40:04.04,2026-08-30
"107","hSFcWPj8IX","MOOSPMv3Parser",1788054001,7,7,6,16,16,6,6,17,17,6,712,558,888,97,44,5,44,44,32,27,44,0,34,36,27,27,39.826,87,1,36.198795,-120.104477,72.956001,0,600,58,3,"e00fce686dc2ef0a68fa40b0",2026-08-30 01:40:03.924,2026-08-30 01:40:04.145,2026-08-30 01:40:04.145,2026-08-30
"108","C2AX13WBLs","MOOSPMv3Parser",1788054001,12,12,10,17,17,10,10,18,18,10,2279,654,134938,123,76,6,76,76,33,17,76,0,35,38,28,26,35.744,84,3277,2.9e-05,-0.004205,11924.019531,9,600,58,3,"e00fce68e28dcbc9a589be10",2026-08-30 01:40:04.124,2026-08-30 01:40:04.311,2026-08-30 01:40:04.311,2026-08-30
"109","S8uMYdQCKt","MOOSPMv3Parser",1788054000,9,9,7,14,14,7,7,14,14,7,2208,491,40873,90,53,4,54,54,32,20,54,0,34,37,29,28,40.101,31,1,35.775047,-119.238533,67.031998,5,600,58,3,"e00fce68e88237db75a60608",2026-08-30 01:40:04.105,2026-08-30 01:40:04.364,2026-08-30 01:40:04.364,2026-08-30
"110","PZlgO2m8vF","MOOSPMv3Parser",1788054001,13,13,0,21,21,0,0,22,22,0,2831,765,0,152,0,14,0,0,32,17,0,2,34,37,29,28,36.808,80,2,36.187428,-119.822289,5.197,7,600,58,3,"e00fce68e739ecbcf9e91965",2026-08-30 01:40:04.841,2026-08-30 01:40:04.997,2026-08-30 01:40:04.997,2026-08-30
"111","cSzzxN5bFc","MOOSPMv3Parser",1788054600,4,4,3,6,6,3,3,6,6,3,1521,261,1365,36,21,2,22,22,32,16,22,0,34,36,26,27,48.742,26,1,36.503204,-120.325394,72.271004,6,600,58,3,"e00fce68e77e43df92405fdb",2026-08-30 01:50:02.312,2026-08-30 01:50:02.514,2026-08-30 01:50:02.514,2026-08-30
"112","ILBy7Yl8ad","MOOSPMv3Parser",1788054601,22,20,18,33,31,19,19,35,35,19,3609,1123,107359,224,139,17,139,139,0,0,139,0,34,37,29,29,25.417,75,4,36.433651,-119.923386,19.195,0,600,58,3,"e00fce6876826e255108c6bd",2026-08-30 01:50:03.136,2026-08-30 01:50:03.289,2026-08-30 01:50:03.289,2026-08-30
"113","aHr863Io5a","MOOSPMv3Parser",1788054600,8,8,5,12,12,5,5,12,12,5,1586,437,149368,76,39,3,39,39,30,22,39,0,32,34,32,31,32.315,21,2,35.949478,-119.04998,103.703003,5,600,58,3,"e00fce6808784ceaf209f949",2026-08-30 01:50:03.187,2026-08-30 01:50:03.362,2026-08-30 01:50:03.362,2026-08-30
"114","W0OZRRSwPA","MOOSPMv3Parser",1788054601,3,3,7,7,7,7,7,7,7,7,487,371,754,67,53,5,53,53,33,27,53,0,34,37,30,29,30.82,6,1,35.963196,-119.291809,38.365002,7,600,58,3,"e00fce68d6b773b56ce8baa0",2026-08-30 01:50:03.178,2026-08-30 01:50:03.373,2026-08-30 01:50:03.373,2026-08-30
"115","5R0msxpBop","MOOSPMv3Parser",1788054600,11,11,8,16,16,9,9,17,17,9,2147,560,113528,111,65,5,66,66,30,19,66,0,36,34,24,30,512.859,18,1,36.139038,-120.368301,190.007004,6,600,58,3,"e00fce6850cac69f647dc199",2026-08-30 01:50:03.277,2026-08-30 01:50:03.536,2026-08-30 01:50:03.536,2026-08-30
"116","yGmBaGJxAV","MOOSPMv3Parser",1788054600,9,9,7,14,14,7,7,14,14,7,2189,483,40921,94,55,5,55,55,32,21,55,0,33,36,30,29,40.235,31,1,35.775055,-119.23851,67.662003,6,600,58,3,"e00fce68e88237db75a60608",2026-08-30 01:50:04.018,2026-08-30 01:50:04.227,2026-08-30 01:50:04.227,2026-08-30
"117","6FtVboLeGJ","MOOSPMv3Parser",1788054601,13,13,11,20,20,12,12,21,21,12,2550,726,135013,143,87,7,87,87,33,19,87,0,34,37,31,29,34.137,99,3277,2.9e-05,-0.004205,11924.019531,9,600,58,3,"e00fce68e28dcbc9a589be10",2026-08-30 01:50:04.127,2026-08-30 01:50:04.278,2026-08-30 01:50:04.278,2026-08-30
"118","FO4s6ehypF","MOOSPMv3Parser",1788054601,7,7,6,17,17,6,6,18,18,6,735,577,927,106,46,5,46,46,32,28,46,0,34,36,27,27,37.719,152,1,36.198795,-120.104523,62.183998,5,600,58,3,"e00fce686dc2ef0a68fa40b0",2026-08-30 01:50:04.378,2026-08-30 01:50:04.632,2026-08-30 01:50:04.632,2026-08-30
"119","OsS5AYqsse","MOOSPMv3Parser",1788054601,13,13,0,20,20,0,0,21,21,0,2665,727,0,143,0,12,0,0,32,18,0,2,34,36,29,29,36.8,85,2,36.187431,-119.822075,22.771999,5,600,58,3,"e00fce68e739ecbcf9e91965",2026-08-30 01:50:04.615,2026-08-30 01:50:04.742,2026-08-30 01:50:04.742,2026-08-30
"120","efOKSVY464","MOOSPMv3Parser",1788054600,17,17,15,26,26,16,16,28,28,16,3127,884,240271,172,121,8,121,121,29,39,121,0,31,33,42,40,36.248,56,6,36.523434,-119.278816,73.619003,7,600,58,3,"e00fce68f12da1a0c5de6248",2026-08-30 01:50:07.916,2026-08-30 01:50:08.138,2026-08-30 01:50:08.138,2026-08-30
"121","qcFI2wTZ0z","MOOSPMv3Parser",1788055201,3,3,7,7,7,7,7,7,7,7,486,370,797,69,52,5,52,52,33,27,52,0,34,36,29,29,28.077,14,1,35.963207,-119.291893,43.637001,6,600,58,3,"e00fce68d6b773b56ce8baa0",2026-08-30 02:00:03.001,2026-08-30 02:00:03.437,2026-08-30 02:00:03.437,2026-08-30
"122","ruRCvtLtLW","MOOSPMv3Parser",1788055200,7,7,5,11,11,6,6,11,11,6,1490,412,149403,71,41,4,41,41,30,24,41,0,31,34,34,33,31.326,27,2,35.949509,-119.049942,109.390999,6,600,58,3,"e00fce6808784ceaf209f949",2026-08-30 02:00:03.011,2026-08-30 02:00:03.556,2026-08-30 02:00:03.556,2026-08-30
"123","gOypvHYxZa","MOOSPMv3Parser",1788055201,27,24,22,43,38,23,23,46,45,23,4517,1407,107508,288,172,25,172,172,1,0,172,0,34,36,30,31,25.273,75,4,36.433632,-119.923332,18.253,8,600,58,3,"e00fce6876826e255108c6bd",2026-08-30 02:00:03.237,2026-08-30 02:00:03.653,2026-08-30 02:00:03.653,2026-08-30
"124","QoSgDgG9xB","MOOSPMv3Parser",1788055200,10,10,9,15,15,9,9,16,16,9,2044,532,113586,104,67,5,67,67,30,20,67,0,36,33,24,30,512.991,20,2,36.139038,-120.368301,190.007996,0,600,58,3,"e00fce6850cac69f647dc199",2026-08-30 02:00:03.483,2026-08-30 02:00:03.757,2026-08-30 02:00:03.757,2026-08-30
"125","IILPgQKFjx","MOOSPMv3Parser",1788055200,9,9,7,13,13,7,7,13,13,7,2090,463,40968,84,54,5,54,54,31,21,54,0,33,35,29,29,40.23,30,2,35.775078,-119.23851,62.664001,7,600,58,3,"e00fce68e88237db75a60608",2026-08-30 02:00:03.959,2026-08-30 02:00:04.127,2026-08-30 02:00:04.127,2026-08-30
"126","k0nZOwi6XG","MOOSPMv3Parser",1788055200,18,18,15,26,26,16,16,27,27,16,3155,898,240375,168,119,8,119,119,29,41,119,0,31,33,43,41,36.749,54,6,36.523331,-119.278885,64.853996,6,600,58,3,"e00fce68f12da1a0c5de6248",2026-08-30 02:00:03.986,2026-08-30 02:00:04.179,2026-08-30 02:00:04.179,2026-08-30
"127","gLzVFUGa9G","MOOSPMv3Parser",1788055201,6,6,6,14,14,6,6,15,15,6,677,530,967,95,48,5,48,48,31,29,48,0,33,35,29,28,33.184,332,1,36.198853,-120.104446,87.988998,6,600,58,3,"e00fce686dc2ef0a68fa40b0",2026-08-30 02:00:04.575,2026-08-30 02:00:04.786,2026-08-30 02:00:04.786,2026-08-30
"128","rQwDKDXHK8","MOOSPMv3Parser",1788055201,14,14,0,22,22,0,0,23,23,0,2912,785,0,156,0,10,0,0,31,19,0,2,33,35,30,30,34.933,95,3,36.187489,-119.822067,26.004999,6,600,58,3,"e00fce68e739ecbcf9e91965",2026-08-30 02:00:04.779,2026-08-30 02:00:04.944,2026-08-30 02:00:04.944,2026-08-30
"129","YDGnEeLn8z","MOOSPMv3Parser",1788055201,13,13,11,20,20,11,11,20,20,11,2504,721,135085,136,83,5,83,83,32,18,83,0,34,37,30,28,29.58,223,3277,2.9e-05,-0.004205,11924.019531,9,600,58,3,"e00fce68e28dcbc9a589be10",2026-08-30 02:00:04.807,2026-08-30 02:00:04.953,2026-08-30 02:00:04.953,2026-08-30
"130","ZnqqS3b13L","MOOSPMv3Parser",1788055200,3,3,2,4,4,3,3,5,5,3,1277,204,1381,27,18,2,18,18,31,18,18,0,34,35,27,29,48.442,16,1,36.503147,-120.325401,45.877998,7,600,58,3,"e00fce68e77e43df92405fdb",2026-08-30 02:00:07.89,2026-08-30 02:00:08.064,2026-08-30 02:00:08.064,2026-08-30
"131","qKxiL1lXvI","MOOSPMv3Parser",1788055800,7,7,5,10,10,5,5,11,11,5,1486,409,149436,69,38,4,38,38,29,23,38,0,31,33,33,31,31.155,41,2,35.949581,-119.049965,111.624001,5,600,58,3,"e00fce6808784ceaf209f949",2026-08-30 02:10:03.018,2026-08-30 02:10:03.163,2026-08-30 02:10:03.163,2026-08-30
"132","qk99nNMdKh","MOOSPMv3Parser",1788055801,26,23,22,40,36,23,23,43,43,23,4267,1329,107658,271,172,21,173,173,1,1,173,0,33,36,32,32,22.716,75,3,36.433651,-119.92337,27.364,8,600,58,3,"e00fce6876826e255108c6bd",2026-08-30 02:10:03.144,2026-08-30 02:10:03.345,2026-08-30 02:10:03.345,2026-08-30
"133","d72i4kqgFf","MOOSPMv3Parser",1788055801,3,3,7,6,6,7,7,7,7,7,488,372,842,69,54,5,54,54,32,27,54,0,33,36,30,29,24.342,32,1,35.963207,-119.291893,43.641998,0,600,58,3,"e00fce68d6b773b56ce8baa0",2026-08-30 02:10:03.171,2026-08-30 02:10:03.353,2026-08-30 02:10:03.353,2026-08-30
"134","0WBKAW2pjf","MOOSPMv3Parser",1788055801,7,7,6,17,17,7,7,18,18,7,725,569,1009,105,50,6,50,50,31,29,50,0,33,35,29,28,31.756,358,1,36.198872,-120.104446,88.052002,5,600,58,3,"e00fce686dc2ef0a68fa40b0",2026-08-30 02:10:03.52,2026-08-30 02:10:03.705,2026-08-30 02:10:03.705,2026-08-30
"135","fEUs3YXsbH","MOOSPMv3Parser",1788055800,10,10,9,15,15,9,9,15,15,9,1986,516,113644,101,67,5,67,67,29,21,67,0,36,33,24,31,429.244,34,2,36.13908,-120.368393,174.955002,13,600,58,3,"e00fce6850cac69f647dc199",2026-08-30 02:10:03.774,2026-08-30 02:10:03.932,2026-08-30 02:10:03.932,2026-08-30
"136","2EGPJ01k4b","MOOSPMv3Parser",1788055800,9,9,7,13,13,7,7,13,13,7,2039,455,41016,85,55,4,55,55,30,24,55,0,33,35,32,31,38.753,37,2,35.775051,-119.238525,65.049004,7,600,58,3,"e00fce68e88237db75a60608",2026-08-30 02:10:04.014,2026-08-30 02:10:04.214,2026-08-30 02:10:04.214,2026-08-30
"137","I5bzYxBHXF","MOOSPMv3Parser",1788055801,11,11,9,16,16,10,10,17,17,10,2110,607,135146,113,71,6,71,71,32,18,71,0,33,36,29,28,33.891,100,3277,2.9e-05,-0.004205,11924.019531,9,600,58,3,"e00fce68e28dcbc9a589be10",2026-08-30 02:10:04.126,2026-08-30 02:10:04.256,2026-08-30 02:10:04.256,2026-08-30
"138","kuZpKRjRjJ","MOOSPMv3Parser",1788055800,20,20,16,29,29,17,17,31,31,17,3615,1027,240484,186,124,7,125,125,28,42,125,0,30,32,45,42,33.845,75,6,36.523434,-119.278847,78.831001,6,600,58,3,"e00fce68f12da1a0c5de6248",2026-08-30 02:10:04.476,2026-08-30 02:10:04.616,2026-08-30 02:10:04.616,2026-08-30
"139","XG9RKHEDTE","MOOSPMv3Parser",1788055801,16,16,0,25,25,0,0,26,26,0,3238,881,0,169,0,16,0,0,31,20,0,2,32,35,31,31,31.384,165,3,36.187508,-119.822067,16.985001,10,600,58,3,"e00fce68e739ecbcf9e91965",2026-08-30 02:10:04.921,2026-08-30 02:10:05.089,2026-08-30 02:10:05.089,2026-08-30
"140","WeMmGlGpRN","MOOSPMv3Parser",1788055800,3,3,2,4,4,2,3,4,4,3,1248,189,1395,26,16,2,16,16,30,20,16,0,33,34,29,30,47.218,16,1,36.502998,-120.32534,44.279999,7,600,58,3,"e00fce68e77e43df92405fdb",2026-08-30 02:10:20.85,2026-08-30 02:10:21.021,2026-08-30 02:10:21.021,2026-08-30
"141","7o69ifzdoO","MOOSPMv3Parser",1788056400,10,10,9,15,15,9,9,16,16,9,2032,528,113704,110,70,6,70,70,29,22,70,0,36,33,25,32,147.267,58,1,36.139076,-120.368469,162.604004,12,600,58,3,"e00fce6850cac69f647dc199",2026-08-30 02:20:02.825,2026-08-30 02:20:03.061,2026-08-30 02:20:03.061,2026-08-30
"142","GgJ99Y11Cw","MOOSPMv3Parser",1788056401,3,3,7,7,7,8,8,8,8,8,499,387,891,74,58,6,58,58,32,27,58,0,33,35,30,29,22.267,43,1,35.963116,-119.291901,46.039001,7,600,58,3,"e00fce68d6b773b56ce8baa0",2026-08-30 02:20:02.998,2026-08-30 02:20:03.172,2026-08-30 02:20:03.172,2026-08-30
"143","iO4UbuKG8u","MOOSPMv3Parser",1788056400,7,7,5,11,11,6,6,12,12,6,1488,414,149474,72,43,4,43,43,29,24,43,0,30,33,35,33,31.497,30,2,35.949612,-119.050003,120.959999,7,600,58,3,"e00fce6808784ceaf209f949",2026-08-30 02:20:03.186,2026-08-30 02:20:03.37,2026-08-30 02:20:03.37,2026-08-30
"144","BlO2uoOTSq","MOOSPMv3Parser",1788056401,24,22,21,38,34,22,22,42,42,22,3971,1236,107801,259,164,24,165,165,0,0,165,0,32,35,34,32,19.899,75,2,36.433613,-119.923378,18.707001,6,600,58,3,"e00fce6876826e255108c6bd",2026-08-30 02:20:03.221,2026-08-30 02:20:03.388,2026-08-30 02:20:03.388,2026-08-30
"145","Ss2RqPg9BS","MOOSPMv3Parser",1788056400,3,3,2,4,4,2,2,4,4,2,1213,188,1407,26,15,1,15,15,30,21,15,0,32,34,31,32,45.539,28,1,36.503101,-120.325371,57.903999,7,600,58,3,"e00fce68e77e43df92405fdb",2026-08-30 02:20:03.34,2026-08-30 02:20:03.492,2026-08-30 02:20:03.492,2026-08-30
"146","5Xwy1CGAYx","MOOSPMv3Parser",1788056400,17,17,15,26,26,16,16,27,27,16,3194,904,240588,164,119,8,119,119,28,46,119,0,30,32,46,45,32.898,82,6,36.523579,-119.278809,83.011002,6,600,58,3,"e00fce68f12da1a0c5de6248",2026-08-30 02:20:03.701,2026-08-30 02:20:03.844,2026-08-30 02:20:03.844,2026-08-30
"147","A68k6Dbpmn","MOOSPMv3Parser",1788056401,7,7,6,17,17,7,7,18,18,7,739,583,1050,106,49,6,49,49,31,29,49,0,33,35,29,29,36.656,244,1,36.198753,-120.104439,74.961998,5,600,58,3,"e00fce686dc2ef0a68fa40b0",2026-08-30 02:20:03.881,2026-08-30 02:20:04.018,2026-08-30 02:20:04.018,2026-08-30
"148","e1NSDoCJvU","MOOSPMv3Parser",1788056401,12,12,10,18,18,11,11,18,18,11,2256,649,135214,126,79,5,79,79,31,19,79,0,33,36,31,29,30.722,169,3277,2.9e-05,-0.004205,11924.019531,9,600,58,3,"e00fce68e28dcbc9a589be10",2026-08-30 02:20:04.052,2026-08-30 02:20:04.244,2026-08-30 02:20:04.244,2026-08-30
"149","kha22Vgd3m","MOOSPMv3Parser",1788056400,9,9,7,13,13,7,7,13,13,7,2086,466,41063,90,54,5,54,54,30,25,54,0,32,34,32,32,37.423,50,2,35.775063,-119.238548,54.181999,6,600,58,3,"e00fce68e88237db75a60608",2026-08-30 02:20:04.101,2026-08-30 02:20:04.309,2026-08-30 02:20:04.309,2026-08-30
"150","cGGunsebxp","MOOSPMv3Parser",1788056401,18,18,0,30,29,0,0,32,32,0,3712,1012,0,212,0,17,0,0,30,21,0,2,33,34,31,32,32.697,89,4,36.187515,-119.821945,28.139999,8,600,58,3,"e00fce68e739ecbcf9e91965",2026-08-30 02:20:04.695,2026-08-30 02:20:04.831,2026-08-30 02:20:04.831,2026-08-30
"151","MaYxhAwk7u","MOOSPMv3Parser",1788057000,7,7,5,10,10,5,5,11,11,5,1458,403,149508,74,40,4,40,40,28,25,40,0,30,32,35,34,28.479,57,2,35.949612,-119.050003,120.961998,0,600,58,3,"e00fce6808784ceaf209f949",2026-08-30 02:30:03.165,2026-08-30 02:30:03.316,2026-08-30 02:30:03.316,2026-08-30
"152","V9tBrsXt7U","MOOSPMv3Parser",1788057000,9,9,9,14,14,9,9,15,15,9,1923,496,113763,101,69,5,69,69,28,23,69,0,35,32,26,33,45.059,94,1,36.139042,-120.368401,170.751999,9,600,58,3,"e00fce6850cac69f647dc199",2026-08-30 02:30:03.234,2026-08-30 02:30:03.396,2026-08-30 02:30:03.396,2026-08-30
"153","nLQUMdk9wC","MOOSPMv3Parser",1788057001,3,3,7,7,7,7,7,7,7,7,498,381,936,71,54,5,54,54,31,27,54,0,32,35,29,29,24.675,24,1,35.963253,-119.291847,25.311001,6,600,58,3,"e00fce68d6b773b56ce8baa0",2026-08-30 02:30:03.239,2026-08-30 02:30:03.405,2026-08-30 02:30:03.405,2026-08-30
"154","5Xr4nXmSMT","MOOSPMv3Parser",1788057000,2,2,2,3,3,2,2,4,4,3,1249,173,1421,21,16,2,16,16,29,22,16,0,31,33,33,33,43.808,39,1,36.503231,-120.325455,68.138,7,600,58,3,"e00fce68e77e43df92405fdb",2026-08-30 02:30:03.296,2026-08-30 02:30:03.473,2026-08-30 02:30:03.473,2026-08-30
"155","DA0cK4VJyk","MOOSPMv3Parser",1788057001,20,19,18,33,31,19,19,36,36,19,3372,1050,107924,225,142,24,142,142,0,0,142,0,32,35,34,33,19.168,76,1,36.433598,-119.923317,16.559999,10,600,58,3,"e00fce6876826e255108c6bd",2026-08-30 02:30:03.423,2026-08-30 02:30:03.568,2026-08-30 02:30:03.568,2026-08-30
"156","JrgmirT6DZ","MOOSPMv3Parser",1788057000,17,17,15,26,26,16,16,27,27,16,3137,894,240691,167,119,8,119,119,28,46,119,0,29,31,49,45,28.009,132,5,36.523365,-119.278748,70.936996,8,600,58,3,"e00fce68f12da1a0c5de6248",2026-08-30 02:30:03.726,2026-08-30 02:30:03.881,2026-08-30 02:30:03.881,2026-08-30
"157","K8OnavbcNX","MOOSPMv3Parser",1788057001,8,8,6,17,17,6,6,18,18,6,743,587,1091,107,48,5,49,49,30,30,49,0,32,34,30,29,32.123,343,1,36.198769,-120.104401,58.044998,6,600,58,3,"e00fce686dc2ef0a68fa40b0",2026-08-30 02:30:04.084,2026-08-30 02:30:04.241,2026-08-30 02:30:04.241,2026-08-30
"158","C3VZuJPGQW","MOOSPMv3Parser",1788057000,9,9,7,13,13,8,8,14,14,8,2146,481,41113,90,58,5,58,58,29,29,58,0,31,34,36,35,33.523,91,2,35.775127,-119.238388,48.376999,5,600,58,3,"e00fce68e88237db75a60608",2026-08-30 02:30:04.028,2026-08-30 02:30:04.251,2026-08-30 02:30:04.251,2026-08-30
"159","X7uh4Jmva4","MOOSPMv3Parser",1788057001,14,14,11,20,20,12,12,21,21,12,2501,718,135289,138,87,6,87,87,31,20,87,0,32,35,33,31,29.378,218,3277,2.9e-05,-0.004205,11924.019531,9,600,58,3,"e00fce68e28dcbc9a589be10",2026-08-30 02:30:04.278,2026-08-30 02:30:04.405,2026-08-30 02:30:04.405,2026-08-30
"160","90YkERTOAf","MOOSPMv3Parser",1788057001,20,19,0,34,31,0,0,36,36,0,4059,1119,0,231,0,23,0,0,30,21,0,2,33,34,31,32,31.766,112,5,36.187504,-119.822037,26.589001,8,600,58,3,"e00fce68e739ecbcf9e91965",2026-08-30 02:30:04.695,2026-08-30 02:30:04.858,2026-08-30 02:30:04.858,2026-08-30
"161","m7fgt56grD","MOOSPMv3Parser",1788057601,3,3,7,7,7,7,7,7,7,7,478,367,981,71,54,6,55,55,31,28,55,0,32,34,30,30,25.907,15,1,35.963135,-119.291763,30.518,6,600,58,3,"e00fce68d6b773b56ce8baa0",2026-08-30 02:40:02.924,2026-08-30 02:40:03.137,2026-08-30 02:40:03.137,2026-08-30
"162","leKWlausHC","MOOSPMv3Parser",1788057601,10,10,7,21,21,7,7,22,22,7,834,669,1137,126,55,7,55,55,30,30,55,0,32,34,31,30,34.486,299,1,36.198849,-120.104416,75.847,6,600,58,3,"e00fce686dc2ef0a68fa40b0",2026-08-30 02:40:03.058,2026-08-30 02:40:03.208,2026-08-30 02:40:03.208,2026-08-30
"163","KVkjQSj7gX","MOOSPMv3Parser",1788057600,7,7,5,11,11,5,5,11,11,5,1494,416,149543,74,41,4,41,41,28,28,41,0,30,31,38,36,24.397,98,2,35.949581,-119.049988,102.733002,9,600,58,3,"e00fce6808784ceaf209f949",2026-08-30 02:40:03.158,2026-08-30 02:40:03.406,2026-08-30 02:40:03.406,2026-08-30
"164","6oZVzZAXGN","MOOSPMv3Parser",1788057601,14,14,14,24,24,15,15,27,27,15,2512,780,108019,166,109,20,109,109,0,0,109,0,31,34,35,34,18.324,76,1,36.433727,-119.923409,29.399,9,600,58,3,"e00fce6876826e255108c6bd",2026-08-30 02:40:03.215,2026-08-30 02:40:03.431,2026-08-30 02:40:03.431,2026-08-30
"165","bELV30wJKe","MOOSPMv3Parser",1788057600,2,2,2,3,3,2,2,3,3,2,1099,162,1432,21,13,1,13,13,29,22,13,1,30,32,31,32,40.598,54,2,36.503105,-120.325378,47.450001,6,600,58,3,"e00fce68e77e43df92405fdb",2026-08-30 02:40:03.617,2026-08-30 02:40:03.761,2026-08-30 02:40:03.761,2026-08-30
"166","5hJoXTEIkm","MOOSPMv3Parser",1788057600,9,9,8,14,14,9,9,14,14,9,1803,468,113819,95,64,5,64,64,28,24,64,0,34,31,27,34,40.26,110,1,36.138977,-120.368332,175.720001,9,600,58,3,"e00fce6850cac69f647dc199",2026-08-30 02:40:03.627,2026-08-30 02:40:03.78,2026-08-30 02:40:03.78,2026-08-30
"167","Zgjj0sfwKs","MOOSPMv3Parser",1788057600,18,18,16,27,27,17,17,28,28,17,3227,920,240800,172,123,10,124,124,27,47,124,0,28,31,49,45,25.436,171,4,36.523369,-119.27887,83.299004,7,600,58,3,"e00fce68f12da1a0c5de6248",2026-08-30 02:40:04,2026-08-30 02:40:04.139,2026-08-30 02:40:04.139,2026-08-30
"168","Z5UH04CiDQ","MOOSPMv3Parser",1788057601,17,17,15,27,27,16,16,28,28,16,3067,883,135391,185,117,11,118,118,30,20,118,1,32,35,32,30,26.26,293,3277,2.9e-05,-0.004205,11924.019531,9,600,58,3,"e00fce68e28dcbc9a589be10",2026-08-30 02:40:04.054,2026-08-30 02:40:04.196,2026-08-30 02:40:04.196,2026-08-30
"169","n1IpOVWNhz","MOOSPMv3Parser",1788057600,9,9,7,14,14,8,8,14,14,8,2177,498,41163,92,57,4,58,58,29,31,58,0,31,33,37,37,29.874,142,2,35.775013,-119.238525,78.191002,5,600,58,3,"e00fce68e88237db75a60608",2026-08-30 02:40:04.166,2026-08-30 02:40:04.389,2026-08-30 02:40:04.389,2026-08-30
"170","5Nr8ticELy","MOOSPMv3Parser",1788057601,20,19,0,33,31,0,0,35,35,0,3947,1090,0,234,0,22,0,0,30,21,0,2,32,33,31,32,33.838,65,7,36.187504,-119.822067,25.476,11,600,58,3,"e00fce68e739ecbcf9e91965",2026-08-30 02:40:04.768,2026-08-30 02:40:04.976,2026-08-30 02:40:04.976,2026-08-30
"171","fgZ9q3FPel","MOOSPMv3Parser",1788058200,8,8,5,11,11,5,5,12,12,5,1540,422,149578,75,41,4,41,41,27,30,41,0,29,31,40,37,20.859,137,1,35.949665,-119.049965,119.754997,8,600,58,3,"e00fce6808784ceaf209f949",2026-08-30 02:50:03.087,2026-08-30 02:50:03.252,2026-08-30 02:50:03.252,2026-08-30
"172","TrA4y6ISed","MOOSPMv3Parser",1788058201,3,3,7,7,7,7,7,8,8,7,501,386,1028,73,56,6,56,56,30,29,56,0,31,34,31,31,22.744,28,1,35.963215,-119.291748,45.152,6,600,58,3,"e00fce68d6b773b56ce8baa0",2026-08-30 02:50:03.185,2026-08-30 02:50:03.417,2026-08-30 02:50:03.417,2026-08-30
"173","3Lzd0juPrq","MOOSPMv3Parser",1788058201,11,11,11,19,19,12,12,22,22,13,1968,608,108094,133,87,16,88,88,1,0,88,0,31,33,35,34,16.827,76,1,36.433647,-119.923355,22.311001,8,600,58,3,"e00fce6876826e255108c6bd",2026-08-30 02:50:03.21,2026-08-30 02:50:03.425,2026-08-30 02:50:03.425,2026-08-30
"174","ZNwXm642YJ","MOOSPMv3Parser",1788058201,11,11,7,23,23,8,8,23,23,8,864,699,1185,134,57,7,57,57,30,32,57,0,32,34,32,32,33.124,363,1,36.198841,-120.104401,100.967003,6,600,58,3,"e00fce686dc2ef0a68fa40b0",2026-08-30 02:50:03.56,2026-08-30 02:50:03.733,2026-08-30 02:50:03.733,2026-08-30
"175","EMbahplVkR","MOOSPMv3Parser",1788058200,9,9,8,13,13,9,9,14,14,9,1739,457,113877,100,66,5,66,66,27,24,66,0,33,31,27,34,38.153,138,1,36.138893,-120.368301,165.031006,10,600,58,3,"e00fce6850cac69f647dc199",2026-08-30 02:50:03.78,2026-08-30 02:50:03.926,2026-08-30 02:50:03.926,2026-08-30
"176","dGRoQPjHDl","MOOSPMv3Parser",1788058200,19,18,19,28,28,20,20,30,30,20,3369,954,240928,178,147,9,148,148,27,50,148,0,28,30,53,48,19.482,246,3,36.523315,-119.278748,84.151001,7,600,58,3,"e00fce68f12da1a0c5de6248",2026-08-30 02:50:03.748,2026-08-30 02:50:03.945,2026-08-30 02:50:03.945,2026-08-30
"177","4aPvnuDYrk","MOOSPMv3Parser",1788058200,9,9,7,13,13,8,8,14,14,8,2107,481,41213,93,57,4,58,58,28,33,58,0,31,32,39,38,28.937,162,2,35.775108,-119.238503,66.445999,10,600,58,3,"e00fce68e88237db75a60608",2026-08-30 02:50:04.105,2026-08-30 02:50:04.375,2026-08-30 02:50:04.375,2026-08-30
"178","zHkAouhDzf","MOOSPMv3Parser",1788058201,15,15,12,22,22,13,13,23,23,13,2611,756,135473,149,95,7,95,95,30,20,96,0,31,34,32,30,26.49,271,3277,2.9e-05,-0.004205,11924.019531,9,600,58,3,"e00fce68e28dcbc9a589be10",2026-08-30 02:50:04.3,2026-08-30 02:50:04.455,2026-08-30 02:50:04.455,2026-08-30
"179","twiQG6bbLQ","MOOSPMv3Parser",1788058201,19,19,0,31,29,0,0,32,32,0,3699,1014,0,213,0,21,0,0,29,22,0,2,32,33,32,33,34.582,53,11,36.187439,-119.822021,31.577,10,600,58,3,"e00fce68e739ecbcf9e91965",2026-08-30 02:50:04.688,2026-08-30 02:50:04.85,2026-08-30 02:50:04.85,2026-08-30
"180","erMZ6zCdFc","MOOSPMv3Parser",1788058800,2,2,1,2,2,2,2,3,3,2,945,138,1453,19,12,1,12,12,28,10,12,0,30,31,18,20,48.931,1,1,36.503151,-120.325378,59.018002,7,600,58,3,"e00fce68e77e43df92405fdb",2026-08-30 03:00:02.044,2026-08-30 03:00:02.21,2026-08-30 03:00:02.21,2026-08-30
"181","lYhlf1Gbha","MOOSPMv3Parser",1788058801,3,3,7,7,7,8,8,8,8,8,498,386,1077,77,58,7,58,58,30,30,58,0,31,33,33,32,23.715,30,1,35.963127,-119.291817,35.922001,5,600,58,3,"e00fce68d6b773b56ce8baa0",2026-08-30 03:00:02.936,2026-08-30 03:00:03.291,2026-08-30 03:00:03.291,2026-08-30
"182","7jmJL5C4RK","MOOSPMv3Parser",1788058800,8,8,8,12,12,8,8,13,13,8,1664,437,113933,86,63,5,63,63,27,24,63,0,32,30,28,34,41.071,110,1,36.139061,-120.368408,183.987,9,600,58,3,"e00fce6850cac69f647dc199",2026-08-30 03:00:02.903,2026-08-30 03:00:03.326,2026-08-30 03:00:03.326,2026-08-30
"183","rHC4M3oaFg","MOOSPMv3Parser",1788058800,7,7,6,11,11,6,6,12,12,6,1524,422,149616,75,43,4,43,43,27,33,43,0,28,30,43,40,19.344,150,1,35.949615,-119.049988,112.264,9,600,58,3,"e00fce6808784ceaf209f949",2026-08-30 03:00:03.09,2026-08-30 03:00:03.357,2026-08-30 03:00:03.357,2026-08-30
"184","FcjVJBV6OQ","MOOSPMv3Parser",1788058801,8,8,10,15,15,13,15,20,20,17,1620,499,108154,110,73,18,76,77,0,0,77,1,31,33,36,35,17.457,76,1,36.433605,-119.923363,21.243,9,600,58,3,"e00fce6876826e255108c6bd",2026-08-30 03:00:03.146,2026-08-30 03:00:03.434,2026-08-30 03:00:03.434,2026-08-30
"185","dWUnyBVAaB","MOOSPMv3Parser",1788058801,11,11,7,23,23,8,8,24,24,8,870,702,1234,136,58,8,59,59,29,33,59,0,31,33,35,34,26.708,448,1,36.198837,-120.104408,74.514,6,600,58,3,"e00fce686dc2ef0a68fa40b0",2026-08-30 03:00:03.813,2026-08-30 03:00:04.018,2026-08-30 03:00:04.018,2026-08-30
"186","VGDSx8gFBG","MOOSPMv3Parser",1788058800,19,19,20,29,29,22,22,31,31,22,3528,998,241067,191,160,11,160,161,26,52,161,0,27,30,56,49,14.988,305,2,36.523304,-119.278969,91.896004,5,600,58,3,"e00fce68f12da1a0c5de6248",2026-08-30 03:00:03.814,2026-08-30 03:00:04.05,2026-08-30 03:00:04.05,2026-08-30
"187","PMXQ5p6Y3h","MOOSPMv3Parser",1788058800,9,9,7,14,14,8,8,14,14,8,2131,484,41265,91,58,4,59,59,28,34,59,0,30,32,39,38,27,183,1,35.775051,-119.238548,73.321999,8,600,58,3,"e00fce68e88237db75a60608",2026-08-30 03:00:03.953,2026-08-30 03:00:04.153,2026-08-30 03:00:04.153,2026-08-30
"188","NmJh9XcT8S","MOOSPMv3Parser",1788058801,15,15,12,22,22,13,13,23,23,13,2634,760,135555,150,95,7,96,96,30,20,96,0,31,33,32,31,22.574,293,3277,2.9e-05,-0.004205,11924.019531,9,600,58,3,"e00fce68e28dcbc9a589be10",2026-08-30 03:00:04.14,2026-08-30 03:00:04.298,2026-08-30 03:00:04.298,2026-08-30
"189","mVybWuj3cG","MOOSPMv3Parser",1788058801,18,18,0,29,28,0,0,31,31,0,3478,954,0,196,0,20,0,0,29,24,0,2,31,32,35,35,32.271,123,12,36.187439,-119.822021,31.577999,0,600,58,3,"e00fce68e739ecbcf9e91965",2026-08-30 03:00:04.698,2026-08-30 03:00:04.866,2026-08-30 03:00:04.866,2026-08-30
"190","GqGXOmJDOe","MOOSPMv3Parser",1788059400,1,1,1,2,2,1,1,2,2,1,838,108,1462,13,11,1,11,11,27,10,11,0,30,31,19,21,48.29,1,1,36.503151,-120.325378,59.02,0,600,58,3,"e00fce68e77e43df92405fdb",2026-08-30 03:10:02.326,2026-08-30 03:10:02.501,2026-08-30 03:10:02.501,2026-08-30
"191","ZDMNWRAfFU","MOOSPMv3Parser",1788059400,9,9,6,13,13,7,7,13,13,7,1712,479,149659,86,51,5,51,51,26,34,51,0,28,30,42,41,16.482,187,1,35.949562,-119.049927,112.584,7,600,58,3,"e00fce6808784ceaf209f949",2026-08-30 03:10:03.018,2026-08-30 03:10:03.221,2026-08-30 03:10:03.221,2026-08-30
"192","J8hVufV95J","MOOSPMv3Parser",1788059400,9,9,8,13,13,9,9,15,15,9,1766,463,113988,95,65,6,65,65,26,25,65,0,32,30,29,35,40.528,116,1,36.139027,-120.368492,157.960999,5,600,58,3,"e00fce6850cac69f647dc199",2026-08-30 03:10:03.142,2026-08-30 03:10:03.35,2026-08-30 03:10:03.35,2026-08-30
"193","m3BzHuQd7L","MOOSPMv3Parser",1788059401,6,6,6,9,9,7,8,11,11,8,1124,346,108196,67,49,7,50,50,0,0,50,1,30,32,36,36,17.366,76,1,36.43359,-119.923386,33.667,9,600,58,3,"e00fce6876826e255108c6bd",2026-08-30 03:10:03.197,2026-08-30 03:10:03.361,2026-08-30 03:10:03.361,2026-08-30
"194","VGysEPtRru","MOOSPMv3Parser",1788059401,3,3,7,7,7,8,8,8,8,8,501,387,1125,75,58,6,58,58,29,32,58,0,30,33,36,35,21.179,52,1,35.963139,-119.291809,46.053001,9,600,58,3,"e00fce68d6b773b56ce8baa0",2026-08-30 03:10:03.319,2026-08-30 03:10:03.507,2026-08-30 03:10:03.507,2026-08-30
"195","GoKZPXKrz9","MOOSPMv3Parser",1788059400,21,20,20,31,30,21,21,33,33,21,3736,1063,241208,205,160,10,161,161,26,54,161,0,26,29,57,51,15.392,253,1,36.523407,-119.278862,70.084999,9,600,58,3,"e00fce68f12da1a0c5de6248",2026-08-30 03:10:03.794,2026-08-30 03:10:04.014,2026-08-30 03:10:04.014,2026-08-30
"196","zWdXjy06s3","MOOSPMv3Parser",1788059400,9,9,7,13,13,8,8,13,13,8,1992,460,41314,89,56,5,56,56,28,36,56,0,30,31,41,40,29.174,140,1,35.775051,-119.238548,73.317001,0,600,58,3,"e00fce68e88237db75a60608",2026-08-30 03:10:04.01,2026-08-30 03:10:04.166,2026-08-30 03:10:04.166,2026-08-30
"197","HXi8yY8iIP","MOOSPMv3Parser",1788059401,12,12,8,24,24,8,8,24,24,8,893,727,1286,140,62,8,63,63,29,34,63,0,31,33,36,35,26.237,469,1,36.198811,-120.104439,72.242996,5,600,58,3,"e00fce686dc2ef0a68fa40b0",2026-08-30 03:10:04.093,2026-08-30 03:10:04.322,2026-08-30 03:10:04.322,2026-08-30
"198","IFBbf96G3l","MOOSPMv3Parser",1788059401,14,14,12,21,21,13,13,22,22,13,2497,720,135636,142,94,7,94,94,29,21,94,0,30,33,34,32,19.847,324,3277,2.9e-05,-0.004205,11924.019531,9,600,58,3,"e00fce68e28dcbc9a589be10",2026-08-30 03:10:04.274,2026-08-30 03:10:04.429,2026-08-30 03:10:04.429,2026-08-30
"199","mzNLpwgFwf","MOOSPMv3Parser",1788059401,18,18,0,30,29,0,0,32,32,0,3524,963,0,206,0,21,0,0,28,25,0,2,30,32,36,35,26.53,235,10,36.1875,-119.822075,22.902,12,600,58,3,"e00fce68e739ecbcf9e91965",2026-08-30 03:10:04.875,2026-08-30 03:10:05.045,2026-08-30 03:10:05.045,2026-08-30
"200","6bRLbcYbLf","MOOSPMv3Parser",1788060001,3,3,7,7,7,8,8,8,8,8,501,386,1174,74,59,6,59,59,28,33,59,0,30,32,39,37,20.016,71,1,35.963127,-119.291855,44.354,7,600,58,3,"e00fce68d6b773b56ce8baa0",2026-08-30 03:20:02.928,2026-08-30 03:20:03.087,2026-08-30 03:20:03.087,2026-08-30
"201","t3jHSLKH98","MOOSPMv3Parser",1788060000,9,9,7,14,14,8,8,14,14,8,1765,492,149709,90,57,5,57,57,26,36,57,0,28,29,44,42,17.803,171,1,35.949543,-119.050026,91.025002,5,600,58,3,"e00fce6808784ceaf209f949",2026-08-30 03:20:03.089,2026-08-30 03:20:03.244,2026-08-30 03:20:03.244,2026-08-30
"202","DBvdD587vb","MOOSPMv3Parser",1788060001,4,4,5,7,7,6,6,8,8,6,885,270,108228,48,38,6,38,38,0,0,38,1,30,32,37,36,16.534,76,1,36.433662,-119.923431,8.762,7,600,58,3,"e00fce6876826e255108c6bd",2026-08-30 03:20:03.242,2026-08-30 03:20:03.375,2026-08-30 03:20:03.375,2026-08-30
"203","zG6eMHdUqX","MOOSPMv3Parser",1788060000,8,8,9,13,13,9,9,14,14,9,1781,460,114048,97,68,5,68,68,26,27,68,0,31,29,31,37,37.259,127,1,36.13892,-120.368317,170.388,6,600,58,3,"e00fce6850cac69f647dc199",2026-08-30 03:20:03.465,2026-08-30 03:20:03.611,2026-08-30 03:20:03.611,2026-08-30
"204","Usqhj1wOmn","MOOSPMv3Parser",1788060000,21,20,21,32,31,22,22,34,34,22,3861,1097,241349,205,161,11,162,162,25,57,162,0,26,28,60,53,13.286,254,1,36.523407,-119.278862,70.087997,0,600,58,3,"e00fce68f12da1a0c5de6248",2026-08-30 03:20:03.672,2026-08-30 03:20:03.811,2026-08-30 03:20:03.811,2026-08-30
"205","fOPRPOjLPF","MOOSPMv3Parser",1788060001,14,14,13,22,22,15,16,23,23,16,2496,723,135723,153,103,10,104,104,29,21,104,1,30,32,34,32,18.058,349,3277,2.9e-05,-0.004205,11924.019531,9,600,58,3,"e00fce68e28dcbc9a589be10",2026-08-30 03:20:04.272,2026-08-30 03:20:04.395,2026-08-30 03:20:04.395,2026-08-30
"206","BQJL52TR2C","MOOSPMv3Parser",1788060000,9,9,7,13,13,8,8,13,13,8,2012,462,41364,84,58,5,58,58,27,37,58,0,29,31,40,40,27.985,139,2,35.775043,-119.238541,60.487,11,600,58,3,"e00fce68e88237db75a60608",2026-08-30 03:20:04.164,2026-08-30 03:20:04.402,2026-08-30 03:20:04.402,2026-08-30
"207","NMQJZtWl4m","MOOSPMv3Parser",1788060001,15,15,8,25,25,9,9,26,26,9,941,767,1342,151,66,8,66,66,28,35,66,0,30,32,38,36,24.128,482,1,36.198811,-120.104439,72.246002,0,600,58,3,"e00fce686dc2ef0a68fa40b0",2026-08-30 03:20:04.334,2026-08-30 03:20:04.533,2026-08-30 03:20:04.533,2026-08-30
"208","LLo4mTq4nx","MOOSPMv3Parser",1788060001,18,18,0,30,29,0,0,32,32,0,3512,967,0,208,0,17,0,0,28,26,0,2,29,31,38,37,20.972,303,5,36.187504,-119.822052,22.916,10,600,58,3,"e00fce68e739ecbcf9e91965",2026-08-30 03:20:04.769,2026-08-30 03:20:04.921,2026-08-30 03:20:04.921,2026-08-30
"209","HnFH3kJY8q","MOOSPMv3Parser",1788060000,1,1,1,2,2,1,1,2,2,1,841,103,1471,14,10,1,10,10,27,11,10,0,30,30,20,22,47.316,1,2,36.50317,-120.325363,59.583,8,600,58,3,"e00fce68e77e43df92405fdb",2026-08-30 03:20:07.172,2026-08-30 03:20:07.36,2026-08-30 03:20:07.36,2026-08-30
"210","2zKffgRq5f","MOOSPMv3Parser",1788060600,1,1,1,2,2,1,1,2,2,1,829,110,1479,15,10,1,10,10,27,14,10,0,29,30,24,26,45.671,1,2,36.503094,-120.325386,60.812,7,600,58,3,"e00fce68e77e43df92405fdb",2026-08-30 03:30:02.319,2026-08-30 03:30:02.49,2026-08-30 03:30:02.49,2026-08-30
"211","Fj7HLO6qLd","MOOSPMv3Parser",1788060600,10,10,9,16,16,10,11,17,17,12,1986,551,149764,107,66,8,68,68,26,37,68,1,28,29,44,42,14.396,214,1,35.949474,-119.049919,111.364998,7,600,58,3,"e00fce6808784ceaf209f949",2026-08-30 03:30:03.087,2026-08-30 03:30:03.271,2026-08-30 03:30:03.271,2026-08-30
"212","iUKiQJZAs0","MOOSPMv3Parser",1788060601,3,3,4,5,5,4,4,6,6,4,715,222,108252,38,28,4,29,29,0,0,29,0,29,31,38,37,16.958,77,1,36.43354,-119.923416,19.000999,10,600,58,3,"e00fce6876826e255108c6bd",2026-08-30 03:30:03.224,2026-08-30 03:30:03.39,2026-08-30 03:30:03.39,2026-08-30
"213","YsSyYGCfxT","MOOSPMv3Parser",1788060601,4,4,8,7,7,8,8,8,8,8,503,390,1224,76,59,6,59,59,28,34,60,0,29,31,40,38,19.441,84,1,35.963215,-119.291756,43.245998,7,600,58,3,"e00fce68d6b773b56ce8baa0",2026-08-30 03:30:03.336,2026-08-30 03:30:03.558,2026-08-30 03:30:03.558,2026-08-30
"214","KAjnDXHHUb","MOOSPMv3Parser",1788060601,16,16,9,27,27,10,10,27,27,10,988,806,1402,160,72,11,72,72,28,35,72,0,29,31,38,37,21.612,485,1,36.198837,-120.104431,76.207001,5,600,58,3,"e00fce686dc2ef0a68fa40b0",2026-08-30 03:30:03.617,2026-08-30 03:30:03.798,2026-08-30 03:30:03.798,2026-08-30
"215","8wGf1fcbYJ","MOOSPMv3Parser",1788060600,20,20,20,31,30,21,21,33,33,21,3672,1048,241485,201,157,11,158,158,25,62,158,0,25,28,65,56,8.65,278,1,36.523205,-119.2789,77.237999,10,600,58,3,"e00fce68f12da1a0c5de6248",2026-08-30 03:30:03.716,2026-08-30 03:30:03.898,2026-08-30 03:30:03.898,2026-08-30
"216","oEfq72sU6z","MOOSPMv3Parser",1788060600,9,9,8,13,13,9,9,14,14,9,1781,464,114105,91,66,5,66,66,26,27,66,0,31,29,30,37,33.318,194,1,36.139011,-120.368454,157.709,8,600,58,3,"e00fce6850cac69f647dc199",2026-08-30 03:30:03.78,2026-08-30 03:30:03.984,2026-08-30 03:30:03.984,2026-08-30
"217","nRkpnWTv1p","MOOSPMv3Parser",1788060600,9,9,8,14,14,8,8,15,15,8,2139,500,41416,96,60,7,60,60,27,38,60,0,30,30,40,41,28.764,132,2,35.775032,-119.238533,70.795998,7,600,58,3,"e00fce68e88237db75a60608",2026-08-30 03:30:04.02,2026-08-30 03:30:04.185,2026-08-30 03:30:04.185,2026-08-30
"218","2NEdE2q3xY","MOOSPMv3Parser",1788060601,13,13,11,19,19,11,11,20,20,11,2343,677,135796,132,84,7,84,84,28,22,84,0,29,32,35,33,18.639,298,3277,2.9e-05,-0.004205,11924.019531,9,600,58,3,"e00fce68e28dcbc9a589be10",2026-08-30 03:30:04.737,2026-08-30 03:30:04.933,2026-08-30 03:30:04.933,2026-08-30
"219","zx5tKMzj7d","MOOSPMv3Parser",1788060601,18,18,0,30,30,0,0,33,33,0,3558,978,0,212,0,20,0,0,27,28,0,2,29,30,38,38,18.25,343,3,36.187481,-119.822052,24.851,13,600,58,3,"e00fce68e739ecbcf9e91965",2026-08-30 03:30:04.776,2026-08-30 03:30:04.945,2026-08-30 03:30:04.945,2026-08-30
"220","ljdYzrPKhj","MOOSPMv3Parser",1788061200,1,1,2,2,2,2,2,2,2,2,901,128,1490,17,12,1,12,12,26,16,12,0,28,29,27,29,42.378,5,2,36.503109,-120.325371,59.48,7,600,58,3,"e00fce68e77e43df92405fdb",2026-08-30 03:40:02.126,2026-08-30 03:40:02.347,2026-08-30 03:40:02.347,2026-08-30
"221","75NghqMqN4","MOOSPMv3Parser",1788061201,4,4,8,7,7,8,8,7,7,8,488,377,1275,75,60,6,61,61,28,35,61,0,29,31,42,39,18.659,101,1,35.963188,-119.291779,35.612999,7,600,58,3,"e00fce68d6b773b56ce8baa0",2026-08-30 03:40:02.934,2026-08-30 03:40:03.102,2026-08-30 03:40:03.102,2026-08-30
"222","RcSiJG14wg","MOOSPMv3Parser",1788061201,3,3,3,5,5,4,4,6,6,4,671,205,108276,35,27,3,27,27,0,0,27,0,29,31,37,36,17.441,77,1,36.43354,-119.923416,18.997,0,600,58,3,"e00fce6876826e255108c6bd",2026-08-30 03:40:03.142,2026-08-30 03:40:03.317,2026-08-30 03:40:03.317,2026-08-30
"223","905eDEyS3k","MOOSPMv3Parser",1788061200,9,9,7,14,14,8,8,15,15,8,1821,509,149813,92,56,6,57,57,26,37,57,0,28,29,43,42,17.399,176,1,35.949589,-119.049973,112.555,9,600,58,3,"e00fce6808784ceaf209f949",2026-08-30 03:40:03.236,2026-08-30 03:40:03.402,2026-08-30 03:40:03.402,2026-08-30
"224","mEuvWRbKln","MOOSPMv3Parser",1788061201,15,15,10,26,26,10,11,26,26,11,948,777,1467,157,78,11,79,79,28,36,79,0,30,31,38,37,21.594,472,1,36.198807,-120.104477,78.209999,5,600,58,3,"e00fce686dc2ef0a68fa40b0",2026-08-30 03:40:03.534,2026-08-30 03:40:03.664,2026-08-30 03:40:03.664,2026-08-30
"225","2iRZAlcs8i","MOOSPMv3Parser",1788061200,20,20,19,30,30,20,20,32,32,20,3602,1029,241616,199,150,11,151,151,24,64,151,0,24,27,69,58,4.623,280,1,36.523571,-119.278679,78.163002,5,600,58,3,"e00fce68f12da1a0c5de6248",2026-08-30 03:40:03.717,2026-08-30 03:40:03.911,2026-08-30 03:40:03.911,2026-08-30
"226","LCG8XULvVK","MOOSPMv3Parser",1788061200,9,9,8,14,14,9,9,14,14,9,2144,495,41472,95,64,5,64,64,27,40,64,0,29,30,42,43,26.546,151,2,35.775089,-119.238548,63.903,9,600,58,3,"e00fce68e88237db75a60608",2026-08-30 03:40:04.014,2026-08-30 03:40:04.17,2026-08-30 03:40:04.17,2026-08-30
"227","tiZnBvfG0q","MOOSPMv3Parser",1788061200,9,9,8,14,14,9,9,15,15,9,1794,467,114162,101,66,6,66,66,25,28,66,0,30,28,32,38,32.562,222,1,36.139011,-120.368454,157.710007,0,600,58,3,"e00fce6850cac69f647dc199",2026-08-30 03:40:04.105,2026-08-30 03:40:04.268,2026-08-30 03:40:04.268,2026-08-30
"228","dWzRRW1A21","MOOSPMv3Parser",1788061201,14,14,11,20,20,12,12,21,21,12,2370,682,135870,136,87,6,87,87,28,25,87,0,28,31,38,35,20.863,253,3277,2.9e-05,-0.004205,11924.019531,9,600,58,3,"e00fce68e28dcbc9a589be10",2026-08-30 03:40:04.19,2026-08-30 03:40:04.38,2026-08-30 03:40:04.38,2026-08-30
"229","AWCovqMhNV","MOOSPMv3Parser",1788061201,19,18,0,32,31,0,0,34,34,0,3607,996,0,217,0,25,0,0,27,29,0,2,28,30,40,40,11.566,382,2,36.187481,-119.821861,40.215,14,600,58,3,"e00fce68e739ecbcf9e91965",2026-08-30 03:40:04.991,2026-08-30 03:40:05.164,2026-08-30 03:40:05.164,2026-08-30
"230","NNGVqepRxy","MOOSPMv3Parser",1788061800,1,1,2,2,2,2,2,3,3,2,925,129,1502,19,15,1,15,15,26,19,15,0,27,29,30,31,38.349,22,2,36.503059,-120.325401,48.970001,6,600,58,3,"e00fce68e77e43df92405fdb",2026-08-30 03:50:02.176,2026-08-30 03:50:02.364,2026-08-30 03:50:02.364,2026-08-30
"231","jyLIMEXco9","MOOSPMv3Parser",1788061800,10,10,7,15,15,7,7,15,15,7,1900,529,149861,94,54,6,55,55,25,40,55,0,27,28,46,44,17.342,169,1,35.949585,-119.049911,122.396004,8,600,58,3,"e00fce6808784ceaf209f949",2026-08-30 03:50:03.019,2026-08-30 03:50:03.218,2026-08-30 03:50:03.218,2026-08-30
"232","rsE0cTV1On","MOOSPMv3Parser",1788061800,9,9,9,14,14,10,10,15,15,10,1845,486,114224,100,71,5,72,72,25,29,72,0,30,28,32,38,31.361,188,1,36.139076,-120.368416,172.244003,9,600,58,3,"e00fce6850cac69f647dc199",2026-08-30 03:50:03.068,2026-08-30 03:50:03.256,2026-08-30 03:50:03.256,2026-08-30
"233","wIzBmt6x9p","MOOSPMv3Parser",1788061801,2,2,3,3,3,3,3,4,4,3,493,150,108292,27,20,3,20,20,0,0,20,1,28,30,36,36,17.875,77,1,36.433586,-119.923424,20.605,5,600,58,3,"e00fce6876826e255108c6bd",2026-08-30 03:50:03.221,2026-08-30 03:50:03.377,2026-08-30 03:50:03.377,2026-08-30
"234","QElCQkjvOJ","MOOSPMv3Parser",1788061801,4,4,7,7,7,8,8,8,8,8,490,382,1324,74,59,7,59,59,27,36,59,0,29,31,41,39,18.291,107,1,35.962971,-119.291977,23.549999,5,600,58,3,"e00fce68d6b773b56ce8baa0",2026-08-30 03:50:03.337,2026-08-30 03:50:03.515,2026-08-30 03:50:03.515,2026-08-30
"235","QUMV98HqJ9","MOOSPMv3Parser",1788061800,22,21,23,34,32,24,24,36,36,24,4060,1153,241772,228,179,12,179,179,24,64,179,0,24,27,67,58,9.489,214,1,36.523376,-119.278854,74.004997,6,600,58,3,"e00fce68f12da1a0c5de6248",2026-08-30 03:50:03.724,2026-08-30 03:50:03.881,2026-08-30 03:50:03.881,2026-08-30
"236","b6RtMqGAEy","MOOSPMv3Parser",1788061801,15,15,9,26,26,9,9,26,26,9,972,793,1524,158,67,9,67,67,27,36,67,0,29,30,39,37,21.655,435,1,36.198895,-120.104416,88.488998,6,600,58,3,"e00fce686dc2ef0a68fa40b0",2026-08-30 03:50:04.026,2026-08-30 03:50:04.19,2026-08-30 03:50:04.19,2026-08-30
"237","cif7aQvpib","MOOSPMv3Parser",1788061800,10,10,8,14,14,8,8,15,15,8,2143,503,41526,99,61,5,61,61,26,41,61,0,28,30,43,43,23.281,178,2,35.774944,-119.238586,62.846001,8,600,58,3,"e00fce68e88237db75a60608",2026-08-30 03:50:04.107,2026-08-30 03:50:04.31,2026-08-30 03:50:04.31,2026-08-30
"238","LyU4rdlYSa","MOOSPMv3Parser",1788061801,13,13,11,20,20,11,11,21,21,11,2296,667,135943,133,85,8,85,85,27,24,85,0,28,31,37,35,22.212,251,3277,2.9e-05,-0.004205,11924.019531,9,600,58,3,"e00fce68e28dcbc9a589be10",2026-08-30 03:50:04.371,2026-08-30 03:50:04.561,2026-08-30 03:50:04.561,2026-08-30
"239","7gspQ2VjQn","MOOSPMv3Parser",1788061801,19,19,0,31,30,0,0,33,33,0,3485,964,0,207,0,19,0,0,26,30,0,2,29,29,38,40,16.016,379,1,36.187557,-119.822075,27.225,10,600,58,3,"e00fce68e739ecbcf9e91965",2026-08-30 03:50:04.845,2026-08-30 03:50:04.999,2026-08-30 03:50:04.999,2026-08-30
"240","BbICRsKcez","MOOSPMv3Parser",1788062400,2,2,2,3,3,2,3,3,3,3,1004,158,1517,24,17,1,17,17,25,20,17,0,27,28,31,32,36.288,44,2,36.503048,-120.325409,50.668999,5,600,58,3,"e00fce68e77e43df92405fdb",2026-08-30 04:00:02.041,2026-08-30 04:00:02.374,2026-08-30 04:00:02.374,2026-08-30
"241","AfMdDFPfv8","MOOSPMv3Parser",1788062400,10,10,7,15,15,7,7,15,15,7,1909,526,149906,96,52,6,52,52,25,41,52,0,27,28,47,45,15.227,182,1,35.949581,-119.04998,113.43,8,600,58,3,"e00fce6808784ceaf209f949",2026-08-30 04:00:03.008,2026-08-30 04:00:03.62,2026-08-30 04:00:03.62,2026-08-30
"242","58KRy17Sgl","MOOSPMv3Parser",1788062401,5,5,10,13,13,10,10,13,13,10,607,480,1388,94,77,9,77,77,27,36,77,0,28,30,41,39,17.786,103,1,35.962971,-119.291977,23.555,0,600,58,3,"e00fce68d6b773b56ce8baa0",2026-08-30 04:00:02.93,2026-08-30 04:00:03.774,2026-08-30 04:00:03.774,2026-08-30
"243","elYJizuwMd","MOOSPMv3Parser",1788062400,22,21,21,33,32,22,22,35,35,22,3899,1117,241918,218,166,12,166,166,24,66,166,0,24,27,67,59,10.022,194,1,36.523399,-119.278809,78.845001,7,600,58,3,"e00fce68f12da1a0c5de6248",2026-08-30 04:00:03.638,2026-08-30 04:00:03.877,2026-08-30 04:00:03.877,2026-08-30
"244","GrHszndzzn","MOOSPMv3Parser",1788062400,9,9,9,14,14,10,10,15,15,10,1869,495,114286,102,71,6,72,72,24,30,72,0,30,27,33,40,30.439,185,1,36.139095,-120.36837,183.662003,11,600,58,3,"e00fce6850cac69f647dc199",2026-08-30 04:00:03.624,2026-08-30 04:00:03.89,2026-08-30 04:00:03.89,2026-08-30
"245","8rm1mei9GM","MOOSPMv3Parser",1788062401,2,2,3,4,4,4,4,6,6,4,533,165,108312,33,24,5,24,24,0,0,24,1,27,30,39,39,16.729,77,1,36.433632,-119.923332,29.105,8,600,58,3,"e00fce6876826e255108c6bd",2026-08-30 04:00:03.31,2026-08-30 04:00:03.925,2026-08-30 04:00:03.925,2026-08-30
"246","9Mz8cTQTH2","MOOSPMv3Parser",1788062400,9,9,8,15,15,8,8,15,15,8,2179,507,41580,103,62,7,63,63,26,44,63,0,28,29,47,46,20.206,215,2,35.775074,-119.238464,69.984001,8,600,58,3,"e00fce68e88237db75a60608",2026-08-30 04:00:04.167,2026-08-30 04:00:04.464,2026-08-30 04:00:04.464,2026-08-30
"247","gn6pBTSq9o","MOOSPMv3Parser",1788062401,13,13,11,19,19,11,11,20,20,11,2362,677,136014,129,83,6,83,83,27,24,83,0,28,30,36,35,21.792,280,3277,2.9e-05,-0.004205,11924.019531,9,600,58,3,"e00fce68e28dcbc9a589be10",2026-08-30 04:00:04.295,2026-08-30 04:00:04.525,2026-08-30 04:00:04.525,2026-08-30
"248","1WPxyTUjsW","MOOSPMv3Parser",1788062401,10,10,7,19,19,7,7,20,20,7,777,622,1571,121,56,7,56,56,27,36,56,0,29,30,38,37,24.909,383,1,36.198967,-120.104454,71.024002,6,600,58,3,"e00fce686dc2ef0a68fa40b0",2026-08-30 04:00:04.49,2026-08-30 04:00:04.658,2026-08-30 04:00:04.658,2026-08-30
"249","wmKbFw3hto","MOOSPMv3Parser",1788062401,19,19,0,32,31,0,0,34,34,0,3546,980,0,214,0,19,0,0,26,30,0,2,29,29,37,40,23.218,284,1,36.18758,-119.822083,32.178001,8,600,58,3,"e00fce68e739ecbcf9e91965",2026-08-30 04:00:04.695,2026-08-30 04:00:04.949,2026-08-30 04:00:04.949,2026-08-30
"250","NtGr25TWTv","MOOSPMv3Parser",1788063000,9,9,6,13,13,6,6,14,14,6,1775,491,150197,86,47,5,47,47,25,41,47,0,27,28,46,45,16.05,173,1,35.949589,-119.049988,111.887001,8,599,58,3,"e00fce6808784ceaf209f949",2026-08-30 04:10:03.16,2026-08-30 04:10:03.357,2026-08-30 04:10:03.357,2026-08-30
"251","HG1NfA76dc","MOOSPMv3Parser",1788063001,11,11,15,24,24,15,15,24,24,15,861,709,1484,143,114,13,114,114,27,36,114,0,28,30,42,40,16.724,123,1,35.963169,-119.291786,62.320999,6,600,58,3,"e00fce68d6b773b56ce8baa0",2026-08-30 04:10:03.246,2026-08-30 04:10:03.434,2026-08-30 04:10:03.434,2026-08-30
"252","9zVn1jXhhW","MOOSPMv3Parser",1788063001,2,2,3,5,5,4,4,6,6,4,589,182,108332,36,23,5,24,24,0,0,24,1,27,29,40,40,16.026,77,1,36.433437,-119.923447,27.358,5,600,58,3,"e00fce6876826e255108c6bd",2026-08-30 04:10:03.286,2026-08-30 04:10:03.557,2026-08-30 04:10:03.557,2026-08-30
"253","mee9MgN6Ts","MOOSPMv3Parser",1788063001,2,2,4,5,5,4,4,5,5,4,417,300,1595,53,29,4,29,29,27,30,29,0,29,30,30,30,27.735,256,1,36.198795,-120.104424,76.370003,9,600,58,3,"e00fce686dc2ef0a68fa40b0",2026-08-30 04:10:03.562,2026-08-30 04:10:03.737,2026-08-30 04:10:03.737,2026-08-30
"254","HepYnuFUE6","MOOSPMv3Parser",1788063000,23,22,23,35,33,24,24,37,37,24,4112,1181,242073,230,178,12,179,179,24,66,179,0,24,26,68,60,9.159,204,1,36.52338,-119.278717,100.696999,6,600,58,3,"e00fce68f12da1a0c5de6248",2026-08-30 04:10:03.636,2026-08-30 04:10:03.82,2026-08-30 04:10:03.82,2026-08-30
"255","jChL83uZwj","MOOSPMv3Parser",1788063000,9,9,9,14,14,10,10,15,15,10,1816,477,114349,95,72,5,72,72,24,32,72,0,29,27,34,41,27.905,227,1,36.13903,-120.368393,167.955994,11,600,58,3,"e00fce6850cac69f647dc199",2026-08-30 04:10:03.855,2026-08-30 04:10:03.988,2026-08-30 04:10:03.988,2026-08-30
"256","zdwP5nHHvT","MOOSPMv3Parser",1788063000,10,10,8,15,15,9,9,16,16,9,2247,530,41638,99,66,8,66,66,26,48,66,0,27,29,49,48,17.217,238,1,35.774979,-119.238503,75.627998,5,600,58,3,"e00fce68e88237db75a60608",2026-08-30 04:10:04.243,2026-08-30 04:10:04.411,2026-08-30 04:10:04.411,2026-08-30
"257","omfBE1BMnY","MOOSPMv3Parser",1788063001,13,13,11,20,20,11,11,20,20,11,2310,666,136086,132,83,8,83,83,27,24,83,1,28,30,36,34,20.991,384,3277,2.9e-05,-0.004205,11924.019531,9,600,58,3,"e00fce68e28dcbc9a589be10",2026-08-30 04:10:04.29,2026-08-30 04:10:04.431,2026-08-30 04:10:04.431,2026-08-30
"258","xZOtzn4Gxt","MOOSPMv3Parser",1788063001,19,19,0,31,30,0,0,33,33,0,3526,967,0,207,0,19,0,0,26,30,0,2,30,29,36,40,27.507,162,4,36.187611,-119.822075,28.358,8,600,58,3,"e00fce68e739ecbcf9e91965",2026-08-30 04:10:04.776,2026-08-30 04:10:05.005,2026-08-30 04:10:05.005,2026-08-30
"259","RZsKd1xcND","MOOSPMv3Parser",1788063000,2,2,2,3,3,3,3,3,3,3,995,163,1533,22,19,2,19,19,25,20,19,1,28,28,30,32,36.944,49,2,36.503189,-120.325356,72.585999,5,600,58,3,"e00fce68e77e43df92405fdb",2026-08-30 04:10:06.435,2026-08-30 04:10:06.593,2026-08-30 04:10:06.593,2026-08-30
"260","COPa4iVELN","MOOSPMv3Parser",1788063600,9,9,6,13,13,7,7,14,14,7,1821,502,149990,89,50,4,50,50,24,42,50,0,26,27,48,45,12.158,214,1,35.949589,-119.049988,111.889,0,600,58,3,"e00fce6808784ceaf209f949",2026-08-30 04:20:03.01,2026-08-30 04:20:03.175,2026-08-30 04:20:03.175,2026-08-30
"261","RTtEI4z6Ax","MOOSPMv3Parser",1788063601,11,11,14,23,23,15,15,25,25,15,835,686,1579,139,113,14,114,114,26,37,114,0,28,30,43,41,16.025,135,1,35.963295,-119.291748,47.671001,6,600,58,3,"e00fce68d6b773b56ce8baa0",2026-08-30 04:20:03.003,2026-08-30 04:20:03.189,2026-08-30 04:20:03.189,2026-08-30
"262","0dDrAxP7eq","MOOSPMv3Parser",1788063601,2,2,3,4,4,4,4,5,5,5,581,178,108353,33,25,5,26,26,0,0,26,1,26,28,38,38,17.3,78,1,36.433586,-119.92334,34.814999,5,600,58,3,"e00fce6876826e255108c6bd",2026-08-30 04:20:03.294,2026-08-30 04:20:03.454,2026-08-30 04:20:03.454,2026-08-30
"263","pgNPYgYNMd","MOOSPMv3Parser",1788063600,2,2,2,3,3,3,3,3,3,3,994,157,1548,22,18,1,18,18,25,20,18,1,28,27,28,32,39.55,25,2,36.502972,-120.325417,34.452999,5,600,58,3,"e00fce68e77e43df92405fdb",2026-08-30 04:20:03.402,2026-08-30 04:20:03.548,2026-08-30 04:20:03.548,2026-08-30
"264","MEQvId44Kf","MOOSPMv3Parser",1788063600,23,21,22,35,33,23,23,37,37,23,4032,1162,242224,229,171,12,172,172,23,68,172,0,23,26,70,62,10.305,187,1,36.523331,-119.278854,122.016998,5,600,58,3,"e00fce68f12da1a0c5de6248",2026-08-30 04:20:03.724,2026-08-30 04:20:03.922,2026-08-30 04:20:03.922,2026-08-30
"265","igySdKkdsY","MOOSPMv3Parser",1788063601,0,0,2,1,1,2,2,1,1,2,267,172,1610,28,17,2,18,18,27,28,18,0,28,30,27,27,29.973,96,1,36.198875,-120.104424,68.189003,7,600,58,3,"e00fce686dc2ef0a68fa40b0",2026-08-30 04:20:03.765,2026-08-30 04:20:03.955,2026-08-30 04:20:03.955,2026-08-30
"266","w78FCvu2bR","MOOSPMv3Parser",1788063600,10,10,9,16,16,9,9,16,16,9,2326,555,41699,108,70,6,70,70,25,50,70,0,27,28,50,49,15.904,248,1,35.77507,-119.23848,61.495998,5,600,58,3,"e00fce68e88237db75a60608",2026-08-30 04:20:04.091,2026-08-30 04:20:04.24,2026-08-30 04:20:04.24,2026-08-30
"267","m09KxqGiPt","MOOSPMv3Parser",1788063601,13,13,11,20,20,11,12,21,21,12,2320,669,136159,138,85,7,85,85,27,25,85,0,28,30,36,35,21.482,366,3277,2.9e-05,-0.004205,11924.019531,9,600,58,3,"e00fce68e28dcbc9a589be10",2026-08-30 04:20:04.284,2026-08-30 04:20:04.468,2026-08-30 04:20:04.468,2026-08-30
"268","zJ2OfPNtKu","MOOSPMv3Parser",1788063600,9,9,9,14,14,10,10,15,15,10,1867,489,114413,98,73,5,74,74,24,32,74,0,29,27,34,41,26.013,254,1,36.139011,-120.368401,176.067001,10,600,58,3,"e00fce6850cac69f647dc199",2026-08-30 04:20:04.279,2026-08-30 04:20:04.495,2026-08-30 04:20:04.495,2026-08-30
"269","fXjpTxp2NL","MOOSPMv3Parser",1788063601,17,17,0,29,28,0,0,30,30,0,3223,880,0,192,0,19,0,0,26,31,0,2,29,29,38,41,26.408,174,9,36.187534,-119.822159,12.743,12,600,58,3,"e00fce68e739ecbcf9e91965",2026-08-30 04:20:04.837,2026-08-30 04:20:04.974,2026-08-30 04:20:04.974,2026-08-30
"270","3AaltTJNYh","MOOSPMv3Parser",1788064200,9,9,6,13,13,6,6,14,14,6,1787,493,150281,88,47,5,47,47,24,42,47,0,25,27,49,45,13.004,197,1,35.94968,-119.049995,100.127998,7,599,58,3,"e00fce6808784ceaf209f949",2026-08-30 04:30:03.07,2026-08-30 04:30:03.22,2026-08-30 04:30:03.22,2026-08-30
"271","BsBsEe46Gx","MOOSPMv3Parser",1788064200,10,10,10,16,16,10,10,16,16,10,1988,524,114480,110,77,6,78,78,24,32,78,0,29,26,34,42,27.167,241,1,36.139023,-120.368423,175.796997,10,600,58,3,"e00fce6850cac69f647dc199",2026-08-30 04:30:03.144,2026-08-30 04:30:03.313,2026-08-30 04:30:03.313,2026-08-30
"272","Ki4w423aXh","MOOSPMv3Parser",1788064201,2,2,2,3,3,3,3,4,4,3,483,149,108369,24,18,3,19,19,0,0,19,1,26,28,37,36,18.57,78,1,36.433571,-119.923401,18.118999,5,600,58,3,"e00fce6876826e255108c6bd",2026-08-30 04:30:03.335,2026-08-30 04:30:03.488,2026-08-30 04:30:03.488,2026-08-30
"273","qJaK0swPJn","MOOSPMv3Parser",1788064201,11,11,16,24,24,17,17,25,25,17,840,693,1682,148,123,15,124,124,26,37,124,0,28,29,43,41,12.97,164,1,35.963165,-119.29187,38.437,5,600,58,3,"e00fce68d6b773b56ce8baa0",2026-08-30 04:30:03.319,2026-08-30 04:30:03.55,2026-08-30 04:30:03.55,2026-08-30
"274","RdnWF5vf0k","MOOSPMv3Parser",1788064200,24,22,23,36,34,24,24,39,39,24,4222,1215,242379,240,178,14,178,178,23,68,178,0,23,25,69,62,11.398,153,1,36.523296,-119.278755,87.478996,7,600,58,3,"e00fce68f12da1a0c5de6248",2026-08-30 04:30:03.729,2026-08-30 04:30:03.901,2026-08-30 04:30:03.901,2026-08-30
"275","WJf12fDDcl","MOOSPMv3Parser",1788064200,11,11,9,16,16,10,10,17,17,10,2331,561,41762,109,72,6,72,72,25,52,72,0,27,28,51,50,13.666,268,1,35.775047,-119.238495,60.528999,6,600,58,3,"e00fce68e88237db75a60608",2026-08-30 04:30:04.018,2026-08-30 04:30:04.189,2026-08-30 04:30:04.189,2026-08-30
"276","rvWUoRJ8Qt","MOOSPMv3Parser",1788064201,0,0,2,0,0,2,2,0,0,2,213,124,1622,18,15,2,15,15,26,28,15,0,28,29,27,27,30.275,37,1,36.198982,-120.104416,91.774002,8,600,58,3,"e00fce686dc2ef0a68fa40b0",2026-08-30 04:30:04.252,2026-08-30 04:30:04.441,2026-08-30 04:30:04.441,2026-08-30
"277","6IzF53XGoZ","MOOSPMv3Parser",1788064201,13,13,12,21,21,12,13,22,22,13,2446,711,136237,140,92,8,92,92,27,26,92,1,28,30,38,37,23.724,227,3277,2.9e-05,-0.004205,11924.019531,9,600,58,3,"e00fce68e28dcbc9a589be10",2026-08-30 04:30:04.509,2026-08-30 04:30:04.674,2026-08-30 04:30:04.674,2026-08-30
"278","EEmjml0EC8","MOOSPMv3Parser",1788064201,15,15,0,26,26,0,0,28,28,0,2946,814,0,172,0,17,0,0,26,31,0,2,29,29,39,41,23.267,215,11,36.187656,-119.822144,37.749001,7,600,58,3,"e00fce68e739ecbcf9e91965",2026-08-30 04:30:05.018,2026-08-30 04:30:05.254,2026-08-30 04:30:05.254,2026-08-30
"279","pB5qgxm7qb","MOOSPMv3Parser",1788064200,2,2,2,3,3,2,2,4,4,2,1001,165,1563,24,17,2,17,17,25,19,17,0,27,27,28,31,40.04,18,3,36.503094,-120.325394,41.25,6,600,58,3,"e00fce68e77e43df92405fdb",2026-08-30 04:30:18.334,2026-08-30 04:30:18.535,2026-08-30 04:30:18.535,2026-08-30
"280","gW1AEyu9I0","MOOSPMv3Parser",1788064801,7,7,12,18,18,13,13,19,19,13,678,548,1760,114,93,12,94,94,26,38,94,0,27,29,44,42,10.822,185,1,35.963146,-119.291817,45.198002,6,600,58,3,"e00fce68d6b773b56ce8baa0",2026-08-30 04:40:02.855,2026-08-30 04:40:02.985,2026-08-30 04:40:02.985,2026-08-30
"281","zpCtgi5R6X","MOOSPMv3Parser",1788064801,0,0,1,0,0,2,2,0,0,2,189,102,1632,14,12,1,12,12,26,28,12,0,28,29,28,28,31.646,21,1,36.198887,-120.104462,84.782997,6,600,58,3,"e00fce686dc2ef0a68fa40b0",2026-08-30 04:40:02.975,2026-08-30 04:40:03.177,2026-08-30 04:40:03.177,2026-08-30
"282","dh2Ft3aU6y","MOOSPMv3Parser",1788064800,10,10,6,14,14,7,7,15,15,7,1836,516,150073,93,49,5,49,49,24,43,49,0,25,27,49,46,13.463,194,1,35.949902,-119.050011,127.781998,7,600,58,3,"e00fce6808784ceaf209f949",2026-08-30 04:40:03.154,2026-08-30 04:40:03.363,2026-08-30 04:40:03.363,2026-08-30
"283","4wEfWzYUMK","MOOSPMv3Parser",1788064801,1,1,3,3,3,3,4,4,4,4,423,130,108384,29,19,4,20,20,0,0,20,1,26,27,36,37,19.208,78,2,36.43367,-119.923378,38.514,5,600,58,3,"e00fce6876826e255108c6bd",2026-08-30 04:40:03.303,2026-08-30 04:40:03.458,2026-08-30 04:40:03.458,2026-08-30
"284","AIXDUdqmI5","MOOSPMv3Parser",1788064800,11,11,11,16,16,11,11,17,17,11,2101,553,114553,116,83,6,84,84,24,32,84,0,29,26,35,42,25.886,244,1,36.139057,-120.368378,180.675003,13,600,58,3,"e00fce6850cac69f647dc199",2026-08-30 04:40:03.472,2026-08-30 04:40:03.671,2026-08-30 04:40:03.671,2026-08-30
"285","izU0Oo9mHY","MOOSPMv3Parser",1788064800,24,22,27,38,35,33,36,41,40,38,4334,1249,242556,253,209,16,214,215,23,68,215,0,23,25,71,62,10.539,168,1,36.523373,-119.278839,67.467003,10,600,58,3,"e00fce68f12da1a0c5de6248",2026-08-30 04:40:03.918,2026-08-30 04:40:04.095,2026-08-30 04:40:04.095,2026-08-30
"286","n9qKFiZByv","MOOSPMv3Parser",1788064800,11,11,10,18,18,10,10,19,19,10,2465,604,41829,120,77,11,77,77,25,52,77,0,27,28,50,50,14.116,263,1,35.775066,-119.238533,61.473999,10,600,58,3,"e00fce68e88237db75a60608",2026-08-30 04:40:04.245,2026-08-30 04:40:04.427,2026-08-30 04:40:04.427,2026-08-30
"287","PKAWfLOq7C","MOOSPMv3Parser",1788064801,14,14,12,21,21,13,13,22,22,13,2568,740,136317,149,92,8,93,93,26,27,93,0,28,30,38,37,26.019,175,3277,2.9e-05,-0.004205,11924.019531,9,600,58,3,"e00fce68e28dcbc9a589be10",2026-08-30 04:40:04.362,2026-08-30 04:40:04.553,2026-08-30 04:40:04.553,2026-08-30
"288","AZGdzKUDxu","MOOSPMv3Parser",1788064801,13,13,0,21,21,0,0,23,23,0,2564,694,0,141,0,13,0,0,26,32,0,2,28,29,40,41,20.007,238,9,36.187366,-119.822021,29.981001,5,600,58,3,"e00fce68e739ecbcf9e91965",2026-08-30 04:40:04.848,2026-08-30 04:40:05.045,2026-08-30 04:40:05.045,2026-08-30
"289","0qzKmGo5od","MOOSPMv3Parser",1788064800,2,2,2,3,3,2,2,4,4,2,1033,168,1577,24,17,2,17,17,25,18,17,0,27,27,28,30,39.312,21,3,36.503231,-120.325371,68.884003,5,600,58,3,"e00fce68e77e43df92405fdb",2026-08-30 04:40:06.116,2026-08-30 04:40:06.317,2026-08-30 04:40:06.317,2026-08-30
"290","NqLN2gV6Yv","MOOSPMv3Parser",1788065400,2,2,2,3,3,2,2,3,3,2,1002,158,1592,23,16,1,16,16,24,18,16,0,26,27,27,30,39.536,20,3,36.503231,-120.325371,68.889,0,600,58,3,"e00fce68e77e43df92405fdb",2026-08-30 04:50:02.843,2026-08-30 04:50:02.993,2026-08-30 04:50:02.993,2026-08-30
"291","ZiQsCo8l1y","MOOSPMv3Parser",1788065401,4,4,9,9,9,9,9,9,9,9,531,416,1817,81,67,8,68,68,26,39,68,0,27,28,50,46,7.171,221,1,35.963127,-119.291786,49.030998,9,600,58,3,"e00fce68d6b773b56ce8baa0",2026-08-30 04:50:03.18,2026-08-30 04:50:03.333,2026-08-30 04:50:03.333,2026-08-30
"292","TmFqDCpEPp","MOOSPMv3Parser",1788065400,10,10,7,15,15,7,7,16,16,7,1991,549,150119,101,52,6,53,53,24,45,53,0,25,26,50,48,14.433,184,1,35.949524,-119.04995,112.663002,9,600,58,3,"e00fce6808784ceaf209f949",2026-08-30 04:50:03.172,2026-08-30 04:50:03.346,2026-08-30 04:50:03.346,2026-08-30
"293","jWcDaxOlUb","MOOSPMv3Parser",1788065401,1,1,2,3,3,3,3,3,3,4,409,125,108397,24,17,3,17,17,0,0,17,1,26,27,36,37,19.775,78,3,36.433567,-119.923325,17.329,4,600,58,3,"e00fce6876826e255108c6bd",2026-08-30 04:50:03.292,2026-08-30 04:50:03.481,2026-08-30 04:50:03.481,2026-08-30
"294","sq7hBIVkwA","MOOSPMv3Parser",1788065401,0,0,2,0,0,2,2,0,0,2,191,102,1642,16,12,1,12,12,26,29,12,0,27,29,29,29,31.056,25,1,36.198841,-120.104439,72.728996,7,600,58,3,"e00fce686dc2ef0a68fa40b0",2026-08-30 04:50:03.448,2026-08-30 04:50:03.588,2026-08-30 04:50:03.588,2026-08-30
"295","16L2Evqrmh","MOOSPMv3Parser",1788065400,12,12,13,19,19,14,14,20,20,14,2342,616,114641,132,102,7,102,102,24,33,102,0,28,26,35,43,24.128,262,1,36.139095,-120.368301,177.686996,9,600,58,3,"e00fce6850cac69f647dc199",2026-08-30 04:50:03.785,2026-08-30 04:50:03.987,2026-08-30 04:50:03.987,2026-08-30
"296","N6x2HvyibM","MOOSPMv3Parser",1788065401,16,16,13,24,24,14,14,24,24,14,2757,795,136405,163,102,7,103,103,26,28,103,1,28,29,40,38,25.544,159,3277,2.9e-05,-0.004205,11924.019531,9,600,58,3,"e00fce68e28dcbc9a589be10",2026-08-30 04:50:04.128,2026-08-30 04:50:04.296,2026-08-30 04:50:04.296,2026-08-30
"297","gPcXshK0EA","MOOSPMv3Parser",1788065400,11,11,9,17,17,10,10,18,18,10,2488,600,41893,120,74,8,74,74,25,54,74,0,27,27,51,51,13.071,261,1,35.775032,-119.238625,70.086998,8,600,58,3,"e00fce68e88237db75a60608",2026-08-30 04:50:04.243,2026-08-30 04:50:04.427,2026-08-30 04:50:04.427,2026-08-30
"298","shW9RXVLnp","MOOSPMv3Parser",1788065400,26,23,33,43,37,48,60,47,44,65,4711,1344,242747,296,243,22,258,261,22,68,262,1,23,25,71,62,10.756,174,1,36.523373,-119.278816,72.443001,6,600,58,3,"e00fce68f12da1a0c5de6248",2026-08-30 04:50:04.613,2026-08-30 04:50:04.801,2026-08-30 04:50:04.801,2026-08-30
"299","2UbVlTIMgX","MOOSPMv3Parser",1788065401,11,11,0,18,18,0,0,19,19,0,2186,586,0,119,0,12,0,0,26,31,0,2,28,29,39,40,17.433,243,7,36.187366,-119.822021,29.979,0,600,58,3,"e00fce68e739ecbcf9e91965",2026-08-30 04:50:04.852,2026-08-30 04:50:05.006,2026-08-30 04:50:05.006,2026-08-30
"300","hPjguv54tq","MOOSPMv3Parser",1788066000,2,2,2,3,3,2,2,3,3,2,990,152,1606,23,17,1,17,17,24,18,17,0,26,26,28,30,38.936,17,3,36.502998,-120.325417,29.650999,10,600,58,3,"e00fce68e77e43df92405fdb",2026-08-30 05:00:02.111,2026-08-30 05:00:02.326,2026-08-30 05:00:02.326,2026-08-30
"301","30WfGcLZeZ","MOOSPMv3Parser",1788066001,4,4,9,9,9,9,9,10,10,9,544,427,1875,84,69,9,69,69,25,41,69,0,26,28,51,47,7.17,245,1,35.963142,-119.291824,40.091,6,600,58,3,"e00fce68d6b773b56ce8baa0",2026-08-30 05:00:02.929,2026-08-30 05:00:03.318,2026-08-30 05:00:03.318,2026-08-30
"302","CBE9HxivEM","MOOSPMv3Parser",1788066000,10,10,7,15,15,7,7,16,16,7,1951,545,150417,105,54,6,55,55,23,47,55,0,24,26,52,48,12.665,199,1,35.949699,-119.049995,117.195999,9,599,58,3,"e00fce6808784ceaf209f949",2026-08-30 05:00:03.089,2026-08-30 05:00:03.502,2026-08-30 05:00:03.502,2026-08-30
"303","oLgTmoztz0","MOOSPMv3Parser",1788066001,1,1,2,3,3,2,3,4,4,3,450,138,108411,27,16,3,17,17,0,0,17,1,26,27,37,38,19.646,78,3,36.433636,-119.923294,18.816,5,600,58,3,"e00fce6876826e255108c6bd",2026-08-30 05:00:03.252,2026-08-30 05:00:03.67,2026-08-30 05:00:03.67,2026-08-30
"304","kUsP95REh1","MOOSPMv3Parser",1788066001,0,0,1,0,0,2,2,0,0,2,180,97,1651,13,11,1,11,11,26,29,11,0,27,28,28,28,30.643,20,1,36.199028,-120.104523,81.958,7,600,58,3,"e00fce686dc2ef0a68fa40b0",2026-08-30 05:00:03.781,2026-08-30 05:00:04.04,2026-08-30 05:00:04.04,2026-08-30
"305","ym43FixgQA","MOOSPMv3Parser",1788066000,11,11,9,17,17,9,9,17,17,9,2338,567,41955,110,70,7,70,70,24,56,70,0,26,27,52,52,14.552,250,1,35.775032,-119.238625,70.091003,0,600,58,3,"e00fce68e88237db75a60608",2026-08-30 05:00:04.099,2026-08-30 05:00:04.307,2026-08-30 05:00:04.307,2026-08-30
"306","nix0BVJc9s","MOOSPMv3Parser",1788066001,15,15,13,24,24,14,15,25,25,15,2726,786,136494,162,104,10,105,105,26,27,105,1,27,29,38,37,23.018,223,3277,2.9e-05,-0.004205,11924.019531,9,600,58,3,"e00fce68e28dcbc9a589be10",2026-08-30 05:00:04.206,2026-08-30 05:00:04.406,2026-08-30 05:00:04.406,2026-08-30
"307","JR67FCutSi","MOOSPMv3Parser",1788066000,14,14,15,22,22,16,16,24,24,16,2773,733,114743,156,117,9,117,117,23,31,117,0,28,26,33,40,28.256,196,1,36.139019,-120.368401,173.809006,8,600,58,3,"e00fce6850cac69f647dc199",2026-08-30 05:00:04.246,2026-08-30 05:00:04.431,2026-08-30 05:00:04.431,2026-08-30
"308","Ddrlkv7KPo","MOOSPMv3Parser",1788066001,8,8,0,14,14,0,0,15,15,0,1675,449,0,95,0,11,0,0,26,28,0,2,28,28,35,36,15.996,243,6,36.18755,-119.82206,26.190001,11,600,58,3,"e00fce68e739ecbcf9e91965",2026-08-30 05:00:04.937,2026-08-30 05:00:05.113,2026-08-30 05:00:05.113,2026-08-30
"309","FD2LHR4NxN","MOOSPMv3Parser",1788066000,34,27,37,53,42,39,39,57,51,39,5922,1704,243000,355,290,23,291,291,22,69,291,0,22,25,74,64,7.627,239,1,36.523434,-119.278862,100.744003,8,600,58,3,"e00fce68f12da1a0c5de6248",2026-08-30 05:00:45.226,2026-08-30 05:00:45.413,2026-08-30 05:00:45.413,2026-08-30
"310","hqQKquwnAh","MOOSPMv3Parser",1788066600,2,2,2,3,3,2,2,3,3,2,1204,148,1620,23,16,1,16,16,24,20,16,0,25,26,30,32,39.522,18,3,36.503174,-120.325409,61.304001,8,600,58,3,"e00fce68e77e43df92405fdb",2026-08-30 05:10:02.226,2026-08-30 05:10:02.428,2026-08-30 05:10:02.428,2026-08-30
"311","VO4AyzeO4G","MOOSPMv3Parser",1788066600,18,18,19,29,28,19,19,30,30,19,3417,916,114868,200,145,12,145,145,23,30,145,0,28,25,33,40,32.305,142,1,36.139034,-120.368439,191.328995,8,600,58,3,"e00fce6850cac69f647dc199",2026-08-30 05:10:03.202,2026-08-30 05:10:03.374,2026-08-30 05:10:03.374,2026-08-30
"312","Kyn20GbvLw","MOOSPMv3Parser",1788066601,6,6,11,16,16,12,12,17,17,12,652,525,1949,109,88,11,89,89,25,41,89,0,26,28,50,46,4.874,267,1,35.963142,-119.291924,47.144001,7,600,58,3,"e00fce68d6b773b56ce8baa0",2026-08-30 05:10:03.241,2026-08-30 05:10:03.408,2026-08-30 05:10:03.408,2026-08-30
"313","s703U2Y9mu","MOOSPMv3Parser",1788066601,1,1,2,3,3,3,3,3,3,3,438,133,108427,22,18,2,19,19,0,0,19,1,26,27,38,40,19.546,78,3,36.433594,-119.923424,40.848,7,600,58,3,"e00fce6876826e255108c6bd",2026-08-30 05:10:03.234,2026-08-30 05:10:03.412,2026-08-30 05:10:03.412,2026-08-30
"314","RdJOuYfxfk","MOOSPMv3Parser",1788066600,10,10,7,15,15,7,7,16,16,7,2002,561,150465,102,55,5,55,55,23,48,55,0,24,25,52,50,13.194,187,1,35.949619,-119.049911,112.714996,7,599,58,3,"e00fce6808784ceaf209f949",2026-08-30 05:10:03.265,2026-08-30 05:10:03.435,2026-08-30 05:10:03.435,2026-08-30
"315","jeeDh6DImY","MOOSPMv3Parser",1788066601,0,0,2,0,0,2,2,0,0,2,185,98,1661,14,12,1,12,12,26,28,12,0,27,28,27,28,32.961,12,1,36.199028,-120.104523,81.956001,0,600,58,3,"e00fce686dc2ef0a68fa40b0",2026-08-30 05:10:04.093,2026-08-30 05:10:04.237,2026-08-30 05:10:04.237,2026-08-30
"316","Dx8F1cKvNJ","MOOSPMv3Parser",1788066600,11,11,9,17,17,10,10,17,17,10,2404,584,42019,112,74,6,75,75,24,57,75,0,26,27,53,53,14.137,242,1,35.775036,-119.238525,64.831001,13,600,58,3,"e00fce68e88237db75a60608",2026-08-30 05:10:04.1,2026-08-30 05:10:04.249,2026-08-30 05:10:04.249,2026-08-30
"317","tMbnW2H0gF","MOOSPMv3Parser",1788066601,11,11,10,17,17,11,11,17,17,11,2078,594,136562,118,79,7,80,80,26,22,80,1,27,29,31,32,24.848,176,3277,2.9e-05,-0.004205,11924.019531,9,600,58,3,"e00fce68e28dcbc9a589be10",2026-08-30 05:10:04.272,2026-08-30 05:10:04.412,2026-08-30 05:10:04.412,2026-08-30
"318","XChltXp1XL","MOOSPMv3Parser",1788066601,4,4,0,7,7,0,0,8,8,0,1054,267,0,51,0,5,0,0,26,25,0,2,28,28,33,34,18.834,177,6,36.187611,-119.822083,33.658001,11,600,58,3,"e00fce68e739ecbcf9e91965",2026-08-30 05:10:04.92,2026-08-30 05:10:05.094,2026-08-30 05:10:05.094,2026-08-30
"319","uSWNQ41oB2","MOOSPMv3Parser",1788066600,30,25,32,47,39,33,33,51,47,33,5294,1519,243216,314,247,20,248,248,22,72,248,0,22,24,73,66,8.133,212,1,36.523434,-119.278862,100.739998,0,600,58,3,"e00fce68f12da1a0c5de6248",2026-08-30 05:10:05.018,2026-08-30 05:10:05.188,2026-08-30 05:10:05.188,2026-08-30
"320","QUhpeJTENX","MOOSPMv3Parser",1788067200,2,2,2,3,3,2,2,3,3,2,1305,150,1634,24,16,2,16,16,23,21,16,0,25,26,32,33,37.418,22,3,36.50312,-120.325378,43.255001,7,600,58,3,"e00fce68e77e43df92405fdb",2026-08-30 05:20:02.248,2026-08-30 05:20:02.455,2026-08-30 05:20:02.455,2026-08-30
"321","ek21G7bqOG","MOOSPMv3Parser",1788067201,9,9,14,21,21,15,15,23,23,15,779,637,2044,133,113,14,114,114,25,42,114,0,26,27,50,47,3.788,277,1,35.963085,-119.29187,56.686001,6,600,58,3,"e00fce68d6b773b56ce8baa0",2026-08-30 05:20:02.93,2026-08-30 05:20:03.152,2026-08-30 05:20:03.152,2026-08-30
"322","gyKCKFbPZh","MOOSPMv3Parser",1788067200,10,10,7,15,15,7,7,15,15,7,1899,533,150512,99,54,5,54,54,23,48,54,0,24,25,52,49,13.573,184,1,35.949795,-119.049911,127.214996,8,599,58,3,"e00fce6808784ceaf209f949",2026-08-30 05:20:03.171,2026-08-30 05:20:03.375,2026-08-30 05:20:03.375,2026-08-30
"323","eP44StpRo2","MOOSPMv3Parser",1788067201,2,2,2,3,3,3,3,3,3,3,476,146,108443,25,19,2,19,19,0,0,19,1,26,27,40,41,19.205,79,2,36.433708,-119.923355,14.447,7,600,58,3,"e00fce6876826e255108c6bd",2026-08-30 05:20:03.281,2026-08-30 05:20:03.434,2026-08-30 05:20:03.434,2026-08-30
"324","QchH7P9fjP","MOOSPMv3Parser",1788067201,0,0,1,0,0,1,1,0,0,1,194,109,1670,17,11,2,11,11,25,28,11,0,27,28,27,28,32.159,14,1,36.19873,-120.10437,77.413002,5,600,58,3,"e00fce686dc2ef0a68fa40b0",2026-08-30 05:20:03.289,2026-08-30 05:20:03.528,2026-08-30 05:20:03.528,2026-08-30
"325","xuM4ep4WKi","MOOSPMv3Parser",1788067200,21,20,22,34,32,23,23,36,36,23,3991,1067,115017,234,171,13,172,172,23,30,172,0,28,25,33,40,30.94,160,1,36.139076,-120.36834,177.054001,8,600,58,3,"e00fce6850cac69f647dc199",2026-08-30 05:20:03.389,2026-08-30 05:20:03.646,2026-08-30 05:20:03.646,2026-08-30
"326","oNCsWV02jc","MOOSPMv3Parser",1788067200,12,12,10,18,18,10,10,19,19,10,2465,606,42086,122,76,9,76,76,24,57,76,0,26,26,54,53,13.411,230,1,35.77504,-119.238464,64.959,10,600,58,3,"e00fce68e88237db75a60608",2026-08-30 05:20:04.1,2026-08-30 05:20:04.286,2026-08-30 05:20:04.286,2026-08-30
"327","7zRu5SrVSo","MOOSPMv3Parser",1788067201,6,6,6,9,9,6,6,10,10,6,1226,349,136601,65,45,4,46,46,26,19,46,1,28,29,28,29,28.671,80,3277,2.9e-05,-0.004205,11924.019531,9,600,58,3,"e00fce68e28dcbc9a589be10",2026-08-30 05:20:04.12,2026-08-30 05:20:04.323,2026-08-30 05:20:04.323,2026-08-30
"328","BpUYJ30sWD","MOOSPMv3Parser",1788067200,44,32,53,71,52,55,55,77,62,55,7659,2211,243575,478,411,34,413,413,22,70,413,0,22,24,72,64,6.296,278,1,36.52343,-119.278816,100.199997,6,600,58,3,"e00fce68f12da1a0c5de6248",2026-08-30 05:20:04.58,2026-08-30 05:20:04.761,2026-08-30 05:20:04.761,2026-08-30
"329","ejrqMfJhMr","MOOSPMv3Parser",1788067201,2,2,0,4,4,0,0,5,5,0,714,173,0,34,0,2,0,0,25,23,0,2,27,28,32,33,20.749,132,9,36.187534,-119.822189,17.702,12,600,58,3,"e00fce68e739ecbcf9e91965",2026-08-30 05:20:04.777,2026-08-30 05:20:04.943,2026-08-30 05:20:04.943,2026-08-30
"330","X696cpwC07","MOOSPMv3Parser",1788067800,2,2,2,3,3,2,2,3,3,2,1035,148,1648,21,16,2,17,17,23,22,17,0,24,25,33,34,37.137,27,3,36.503139,-120.325378,52.890999,9,600,58,3,"e00fce68e77e43df92405fdb",2026-08-30 05:30:02.191,2026-08-30 05:30:02.37,2026-08-30 05:30:02.37,2026-08-30
"331","4aSwW7vdA1","MOOSPMv3Parser",1788067800,10,10,8,15,15,8,8,16,16,8,2010,558,150564,99,59,4,59,59,23,49,59,0,24,25,53,51,14.482,172,1,35.94976,-119.049919,123.301003,7,599,58,3,"e00fce6808784ceaf209f949",2026-08-30 05:30:03.091,2026-08-30 05:30:03.268,2026-08-30 05:30:03.268,2026-08-30
"332","qhH8N05AiV","MOOSPMv3Parser",1788067801,1,1,3,3,3,3,3,4,4,3,474,144,108459,29,20,2,20,20,0,0,20,1,25,26,41,42,18.547,79,2,36.433586,-119.92347,47.651001,5,600,58,3,"e00fce6876826e255108c6bd",2026-08-30 05:30:03.287,2026-08-30 05:30:03.451,2026-08-30 05:30:03.451,2026-08-30
"333","AvZfJDbpBy","MOOSPMv3Parser",1788067801,0,0,1,0,0,1,1,0,0,1,198,111,1679,16,11,1,11,11,25,28,11,0,27,28,27,27,32.427,16,1,36.19873,-120.104294,72.207001,6,600,58,3,"e00fce686dc2ef0a68fa40b0",2026-08-30 05:30:03.322,2026-08-30 05:30:03.49,2026-08-30 05:30:03.49,2026-08-30
"334","5N5hYs7pax","MOOSPMv3Parser",1788067801,8,8,13,19,19,14,14,21,21,14,715,584,2129,118,101,11,102,102,25,42,102,0,26,27,49,47,2.524,281,1,35.963097,-119.291611,48.609001,6,600,58,3,"e00fce68d6b773b56ce8baa0",2026-08-30 05:30:03.32,2026-08-30 05:30:03.543,2026-08-30 05:30:03.543,2026-08-30
"335","pm3VUb1PSd","MOOSPMv3Parser",1788067800,23,22,25,37,34,26,26,40,40,26,4416,1182,115184,257,192,16,193,193,23,31,193,0,27,25,34,41,32.733,179,1,36.139076,-120.36834,177.050995,0,600,58,3,"e00fce6850cac69f647dc199",2026-08-30 05:30:03.859,2026-08-30 05:30:04.01,2026-08-30 05:30:04.01,2026-08-30
"336","5Wfb8fkCPv","MOOSPMv3Parser",1788067801,3,3,4,6,6,4,4,6,6,4,803,226,136625,41,29,3,29,29,26,18,29,1,27,28,28,29,31.659,34,3277,2.9e-05,-0.004205,11924.019531,9,600,58,3,"e00fce68e28dcbc9a589be10",2026-08-30 05:30:04.202,2026-08-30 05:30:04.388,2026-08-30 05:30:04.388,2026-08-30
"337","oQAsvXCo4R","MOOSPMv3Parser",1788067800,12,12,10,19,19,11,11,19,19,11,2606,638,42155,120,79,8,79,79,24,57,79,0,26,26,52,53,13.419,224,1,35.77504,-119.238586,74.403999,6,600,58,3,"e00fce68e88237db75a60608",2026-08-30 05:30:04.252,2026-08-30 05:30:04.445,2026-08-30 05:30:04.445,2026-08-30
"338","XpXPOT7T1O","MOOSPMv3Parser",1788067800,39,30,43,63,47,45,45,67,57,45,6929,1995,243871,409,339,27,340,340,22,71,340,0,22,24,74,66,5.032,262,1,36.523369,-119.278763,51.904999,9,600,58,3,"e00fce68f12da1a0c5de6248",2026-08-30 05:30:04.781,2026-08-30 05:30:04.961,2026-08-30 05:30:04.961,2026-08-30
"339","rDq82uvWmt","MOOSPMv3Parser",1788067801,2,2,0,4,4,0,0,4,4,0,653,156,0,29,0,2,0,0,25,23,0,2,27,28,32,34,21.789,110,13,36.187466,-119.822105,21.073999,10,600,58,3,"e00fce68e739ecbcf9e91965",2026-08-30 05:30:04.802,2026-08-30 05:30:04.968,2026-08-30 05:30:04.968,2026-08-30
"340","aFc7J1gUYr","MOOSPMv3Parser",1788068400,2,2,2,3,3,2,2,3,3,2,1151,151,1662,21,16,1,16,16,23,23,16,0,24,25,34,36,35.909,35,4,36.503246,-120.325417,63.530998,8,600,58,3,"e00fce68e77e43df92405fdb",2026-08-30 05:40:02.033,2026-08-30 05:40:02.189,2026-08-30 05:40:02.189,2026-08-30
"341","pxz9Gj7wsF","MOOSPMv3Parser",1788068401,5,5,11,14,14,11,11,16,16,11,616,494,2199,98,83,10,83,83,24,42,83,0,25,27,50,47,4.532,264,1,35.963058,-119.29171,85.700996,8,600,58,3,"e00fce68d6b773b56ce8baa0",2026-08-30 05:40:02.911,2026-08-30 05:40:03.056,2026-08-30 05:40:03.056,2026-08-30
"342","BThvc3pGhd","MOOSPMv3Parser",1788068400,10,10,7,15,15,7,7,16,16,7,1948,544,150610,100,53,5,54,54,22,49,54,0,24,25,53,50,11.261,200,1,35.949841,-119.049782,131.376999,7,599,58,3,"e00fce6808784ceaf209f949",2026-08-30 05:40:03.124,2026-08-30 05:40:03.335,2026-08-30 05:40:03.335,2026-08-30
"343","MNF08uBtdc","MOOSPMv3Parser",1788068401,2,2,3,3,3,3,3,4,4,3,486,150,108476,30,20,4,20,20,0,0,20,1,25,26,42,43,17.809,79,1,36.433586,-119.923347,22.784,7,600,58,3,"e00fce6876826e255108c6bd",2026-08-30 05:40:03.292,2026-08-30 05:40:03.476,2026-08-30 05:40:03.476,2026-08-30
"344","858qrHCuc0","MOOSPMv3Parser",1788068401,0,0,1,0,0,2,2,0,0,2,192,106,1689,15,11,1,11,11,25,28,11,0,27,28,27,27,32.229,12,2,36.19886,-120.104446,87.442001,5,600,58,3,"e00fce686dc2ef0a68fa40b0",2026-08-30 05:40:03.675,2026-08-30 05:40:03.838,2026-08-30 05:40:03.838,2026-08-30
"345","qSGK36Uzov","MOOSPMv3Parser",1788068400,24,22,25,38,34,26,26,40,40,26,4402,1191,115353,261,194,15,195,195,22,32,195,0,27,25,34,41,31.093,175,1,36.139088,-120.368355,181.429001,11,600,58,3,"e00fce6850cac69f647dc199",2026-08-30 05:40:04.173,2026-08-30 05:40:04.379,2026-08-30 05:40:04.379,2026-08-30
"346","hgMGnZfhe3","MOOSPMv3Parser",1788068400,12,12,10,19,19,11,11,19,19,11,2556,631,42225,126,80,8,81,81,24,58,81,0,25,26,53,53,12.37,226,1,35.775047,-119.23848,67.883003,10,600,58,3,"e00fce68e88237db75a60608",2026-08-30 05:40:04.186,2026-08-30 05:40:04.389,2026-08-30 05:40:04.389,2026-08-30
"347","0kF3swCpah","MOOSPMv3Parser",1788068401,3,3,3,5,5,3,4,6,6,4,711,201,136649,37,25,4,25,26,26,19,26,1,27,28,29,29,31.038,34,3277,2.9e-05,-0.004205,11924.019531,9,600,58,3,"e00fce68e28dcbc9a589be10",2026-08-30 05:40:04.278,2026-08-30 05:40:04.517,2026-08-30 05:40:04.517,2026-08-30
"348","PoHxBH3GQC","MOOSPMv3Parser",1788068401,2,2,0,3,3,0,0,4,4,0,600,142,0,27,0,2,0,0,25,24,0,2,26,27,34,35,21.635,113,16,36.187553,-119.822029,26.615,11,600,58,3,"e00fce68e739ecbcf9e91965",2026-08-30 05:40:04.847,2026-08-30 05:40:05.042,2026-08-30 05:40:05.042,2026-08-30
"349","qllmgkba9q","MOOSPMv3Parser",1788068400,40,30,48,64,47,50,50,70,58,50,7112,2043,244199,436,374,29,375,376,22,71,376,0,22,24,72,65,4.038,264,1,36.523651,-119.278572,17.587,7,600,58,3,"e00fce68f12da1a0c5de6248",2026-08-30 05:40:05.559,2026-08-30 05:40:05.758,2026-08-30 05:40:05.758,2026-08-30
"350","w5Gdi4Fd85","MOOSPMv3Parser",1788069000,2,2,2,3,3,2,2,4,4,2,1205,160,1678,24,18,2,19,19,22,25,19,0,24,24,36,37,34.633,45,4,36.503044,-120.325386,51.327,7,600,58,3,"e00fce68e77e43df92405fdb",2026-08-30 05:50:02.431,2026-08-30 05:50:02.661,2026-08-30 05:50:02.661,2026-08-30
"351","xhVNANjGiD","MOOSPMv3Parser",1788069000,22,21,24,36,33,25,25,39,39,25,4282,1144,115516,255,187,16,188,188,22,33,188,0,27,24,35,43,25.954,235,1,36.139191,-120.368599,170.757996,5,600,58,3,"e00fce6850cac69f647dc199",2026-08-30 05:50:03.138,2026-08-30 05:50:03.346,2026-08-30 05:50:03.346,2026-08-30
"352","jGUJDtaukQ","MOOSPMv3Parser",1788069000,10,10,7,16,16,8,8,17,17,8,2033,565,150660,106,57,7,57,57,22,48,57,0,23,25,53,50,11.357,197,1,35.94965,-119.050011,109.918999,9,599,58,3,"e00fce6808784ceaf209f949",2026-08-30 05:50:03.334,2026-08-30 05:50:03.482,2026-08-30 05:50:03.482,2026-08-30
"353","0AsOX21cBi","MOOSPMv3Parser",1788069001,2,2,3,3,3,3,3,4,4,3,490,150,108494,27,21,2,21,21,0,0,21,1,25,26,43,43,18.07,79,1,36.433567,-119.923393,17.841999,11,600,58,3,"e00fce6876826e255108c6bd",2026-08-30 05:50:03.291,2026-08-30 05:50:03.51,2026-08-30 05:50:03.51,2026-08-30
"354","Fsylc1lFrR","MOOSPMv3Parser",1788069001,5,5,10,11,11,10,10,12,12,10,564,446,2262,89,76,10,76,76,24,44,76,0,25,27,56,52,4.799,258,1,35.963058,-119.29171,85.705002,0,600,58,3,"e00fce68d6b773b56ce8baa0",2026-08-30 05:50:03.403,2026-08-30 05:50:03.666,2026-08-30 05:50:03.666,2026-08-30
"355","moEFwrMEcc","MOOSPMv3Parser",1788069000,36,28,36,55,44,38,38,60,53,38,6368,1823,244448,362,285,22,286,286,22,74,286,0,22,23,73,68,7.368,216,1,36.523243,-119.279007,66.828003,7,600,58,3,"e00fce68f12da1a0c5de6248",2026-08-30 05:50:03.835,2026-08-30 05:50:04.122,2026-08-30 05:50:04.122,2026-08-30
"356","fTKaTbzd3S","MOOSPMv3Parser",1788069001,0,0,2,0,0,2,2,0,0,2,198,115,1700,19,13,2,13,13,25,30,13,0,26,28,30,30,30.102,35,2,36.19886,-120.104492,79.092003,7,600,58,3,"e00fce686dc2ef0a68fa40b0",2026-08-30 05:50:04.016,2026-08-30 05:50:04.237,2026-08-30 05:50:04.237,2026-08-30
"357","Ux1gjyHxHc","MOOSPMv3Parser",1788069000,13,13,10,19,19,11,11,20,20,11,2654,655,42296,126,81,8,82,82,23,59,82,0,25,26,55,54,12.834,213,1,35.775043,-119.238518,50.858002,8,600,58,3,"e00fce68e88237db75a60608",2026-08-30 05:50:04.251,2026-08-30 05:50:04.417,2026-08-30 05:50:04.417,2026-08-30
"358","ltE4WHUCLf","MOOSPMv3Parser",1788069001,3,3,3,5,5,3,3,5,5,3,670,190,136670,34,24,2,24,24,25,19,24,1,27,28,29,30,30.137,48,3277,2.9e-05,-0.004205,11924.019531,9,600,58,3,"e00fce68e28dcbc9a589be10",2026-08-30 05:50:04.2,2026-08-30 05:50:04.451,2026-08-30 05:50:04.451,2026-08-30
"359","Xe4y3kfoH5","MOOSPMv3Parser",1788069001,2,2,0,4,4,0,0,4,4,0,650,155,0,27,0,2,0,0,24,25,0,2,26,27,35,36,21.706,114,18,36.187538,-119.822159,21.705999,8,600,58,3,"e00fce68e739ecbcf9e91965",2026-08-30 05:50:04.848,2026-08-30 05:50:05.056,2026-08-30 05:50:05.056,2026-08-30
"360","3jxMBxP25u","MOOSPMv3Parser",1788069601,0,0,2,0,0,2,2,0,0,2,199,111,1710,18,12,2,12,12,25,29,12,0,26,27,29,28,29.063,48,1,36.198803,-120.104515,79.367996,6,600,58,3,"e00fce686dc2ef0a68fa40b0",2026-08-30 06:00:02.793,2026-08-30 06:00:03.229,2026-08-30 06:00:03.229,2026-08-30
"361","eIG0NNbK0x","MOOSPMv3Parser",1788069600,10,10,7,15,15,7,7,16,16,7,1983,553,150456,98,53,5,54,54,22,50,54,0,24,25,54,51,12.561,182,1,35.94965,-119.050011,109.915001,0,600,58,3,"e00fce6808784ceaf209f949",2026-08-30 06:00:03.09,2026-08-30 06:00:03.515,2026-08-30 06:00:03.515,2026-08-30
"362","vW2sFTv3uS","MOOSPMv3Parser",1788069601,5,5,10,12,12,11,11,14,14,11,587,468,2330,95,81,9,81,81,24,45,81,0,25,27,55,51,2.093,307,1,35.963135,-119.291702,45.042999,7,600,58,3,"e00fce68d6b773b56ce8baa0",2026-08-30 06:00:03.097,2026-08-30 06:00:03.679,2026-08-30 06:00:03.679,2026-08-30
"363","pMmkNuidI3","MOOSPMv3Parser",1788069601,2,2,3,3,3,3,3,5,5,3,501,154,108511,29,20,4,20,20,0,0,20,1,24,26,44,44,18.56,79,1,36.433689,-119.923355,16.209999,9,600,58,3,"e00fce6876826e255108c6bd",2026-08-30 06:00:03.372,2026-08-30 06:00:04.102,2026-08-30 06:00:04.102,2026-08-30
"364","TmRrDEaOIu","MOOSPMv3Parser",1788069600,20,20,21,33,31,23,23,35,35,23,3885,1046,115663,223,168,14,169,169,22,34,169,0,27,24,36,44,23.954,270,1,36.139084,-120.368439,170.554993,6,600,58,3,"e00fce6850cac69f647dc199",2026-08-30 06:00:02.983,2026-08-30 06:00:04.138,2026-08-30 06:00:04.138,2026-08-30
"365","MrIKuA10CI","MOOSPMv3Parser",1788069600,13,13,11,19,19,11,11,19,19,11,2643,655,42368,126,83,7,83,83,23,61,83,0,25,25,55,55,11.499,225,1,35.775021,-119.238533,67.398003,14,600,58,3,"e00fce68e88237db75a60608",2026-08-30 06:00:04.105,2026-08-30 06:00:04.602,2026-08-30 06:00:04.602,2026-08-30
"366","LVGd78OTHo","MOOSPMv3Parser",1788069600,29,25,28,44,38,29,29,47,46,29,5100,1451,244638,286,216,17,217,217,21,73,217,0,22,23,72,67,7.763,194,1,36.523483,-119.278923,45.639999,6,600,58,3,"e00fce68f12da1a0c5de6248",2026-08-30 06:00:04.149,2026-08-30 06:00:04.749,2026-08-30 06:00:04.749,2026-08-30
"367","XFDHXbPZ8Q","MOOSPMv3Parser",1788069601,3,3,3,4,4,3,3,4,4,3,626,180,136689,32,23,2,23,23,25,19,23,1,26,28,30,30,29.824,40,3277,2.9e-05,-0.004205,11924.019531,9,600,58,3,"e00fce68e28dcbc9a589be10",2026-08-30 06:00:04.662,2026-08-30 06:00:04.951,2026-08-30 06:00:04.951,2026-08-30
"368","bdCf2JP0TK","MOOSPMv3Parser",1788069601,2,2,0,3,3,0,0,4,4,0,627,148,0,29,0,2,0,0,24,26,0,2,26,27,36,37,21.656,117,21,36.187515,-119.822075,19.639,11,600,58,3,"e00fce68e739ecbcf9e91965",2026-08-30 06:00:04.851,2026-08-30 06:00:05.06,2026-08-30 06:00:05.06,2026-08-30
"369","Npzc4cnHBc","MOOSPMv3Parser",1788069600,2,2,2,4,4,2,2,4,4,2,1248,168,1693,26,17,2,17,17,22,26,17,0,23,24,37,38,33.931,52,4,36.503212,-120.325386,66.949997,7,600,58,3,"e00fce68e77e43df92405fdb",2026-08-30 06:00:06.827,2026-08-30 06:00:06.991,2026-08-30 06:00:06.991,2026-08-30
"370","BR6Ekx0Xs0","MOOSPMv3Parser",1788070200,19,19,21,30,29,22,22,32,32,22,3683,977,115802,205,161,12,161,161,22,35,161,0,27,24,36,44,23.453,288,1,36.139015,-120.368484,180.108994,6,600,58,3,"e00fce6850cac69f647dc199",2026-08-30 06:10:03.074,2026-08-30 06:10:03.243,2026-08-30 06:10:03.243,2026-08-30
"371","qVnX27nU3g","MOOSPMv3Parser",1788070200,12,12,8,18,18,8,8,18,18,8,2224,620,150761,118,62,6,62,62,22,52,62,0,23,24,54,52,10.729,199,1,35.949654,-119.050064,96.043999,11,599,58,3,"e00fce6808784ceaf209f949",2026-08-30 06:10:03.166,2026-08-30 06:10:03.382,2026-08-30 06:10:03.382,2026-08-30
"372","nQqHGB7A8T","MOOSPMv3Parser",1788070201,5,5,11,13,13,11,11,15,15,11,606,485,2400,97,83,10,83,83,24,44,83,0,25,26,54,51,3.105,294,1,35.963211,-119.291786,37.446999,8,600,58,3,"e00fce68d6b773b56ce8baa0",2026-08-30 06:10:03.246,2026-08-30 06:10:03.411,2026-08-30 06:10:03.411,2026-08-30
"373","TVTsEXGUlE","MOOSPMv3Parser",1788070201,0,0,2,0,0,2,2,0,0,2,210,123,1720,20,12,2,13,13,24,30,13,0,25,27,30,30,27.679,37,1,36.198719,-120.10437,67.106003,7,600,58,3,"e00fce686dc2ef0a68fa40b0",2026-08-30 06:10:03.246,2026-08-30 06:10:03.424,2026-08-30 06:10:03.424,2026-08-30
"374","EwfNJ5I3DE","MOOSPMv3Parser",1788070201,2,2,3,4,4,3,3,5,5,3,546,167,108529,31,21,4,21,21,0,0,21,1,24,25,44,44,18.364,79,2,36.433689,-119.923355,16.209,0,600,58,3,"e00fce6876826e255108c6bd",2026-08-30 06:10:03.304,2026-08-30 06:10:03.475,2026-08-30 06:10:03.475,2026-08-30
"375","o9JK8ylepg","MOOSPMv3Parser",1788070200,28,24,27,42,37,29,29,45,44,29,4909,1404,244824,274,213,15,214,214,21,73,214,0,22,23,73,67,7.998,191,1,36.523296,-119.27951,225.746002,5,600,58,3,"e00fce68f12da1a0c5de6248",2026-08-30 06:10:03.734,2026-08-30 06:10:03.925,2026-08-30 06:10:03.925,2026-08-30
"376","xqFEvhuZaF","MOOSPMv3Parser",1788070200,2,2,3,3,3,3,3,4,4,3,1241,169,1711,26,20,2,20,20,22,26,20,0,23,24,36,38,34.514,46,4,36.50322,-120.325409,42.967999,5,600,58,3,"e00fce68e77e43df92405fdb",2026-08-30 06:10:03.954,2026-08-30 06:10:04.102,2026-08-30 06:10:04.102,2026-08-30
"377","iqmcHLXbsD","MOOSPMv3Parser",1788070201,2,2,3,4,4,3,3,4,4,3,596,171,136707,32,22,3,22,22,25,20,22,1,26,28,31,30,28.894,48,3277,2.9e-05,-0.004205,11924.019531,9,600,58,3,"e00fce68e28dcbc9a589be10",2026-08-30 06:10:04.279,2026-08-30 06:10:04.465,2026-08-30 06:10:04.465,2026-08-30
"378","Y8z8JTdOQq","MOOSPMv3Parser",1788070200,13,13,11,20,20,11,11,21,21,11,2677,661,42440,134,83,10,83,83,23,63,83,0,25,25,55,56,9.346,234,1,35.775032,-119.238564,74.082001,10,600,58,3,"e00fce68e88237db75a60608",2026-08-30 06:10:04.268,2026-08-30 06:10:04.479,2026-08-30 06:10:04.479,2026-08-30
"379","1U6wrfZqhC","MOOSPMv3Parser",1788070201,2,2,0,4,4,0,0,4,4,0,655,157,0,27,0,2,0,0,24,27,0,2,26,26,37,38,21.05,121,24,36.187553,-119.82225,4.437,9,600,58,3,"e00fce68e739ecbcf9e91965",2026-08-30 06:10:04.848,2026-08-30 06:10:05.013,2026-08-30 06:10:05.013,2026-08-30
"380","sUVQQ2fPnz","MOOSPMv3Parser",1788070800,3,3,3,4,4,3,3,4,4,3,1324,185,1729,30,21,2,21,21,22,27,21,0,23,23,37,39,34.488,33,4,36.503189,-120.325455,37.903999,7,600,58,3,"e00fce68e77e43df92405fdb",2026-08-30 06:20:02.208,2026-08-30 06:20:02.388,2026-08-30 06:20:02.388,2026-08-30
"381","n8J3c87qE6","MOOSPMv3Parser",1788070800,12,12,9,19,19,9,9,19,19,9,2333,650,150819,124,67,7,67,67,22,54,67,0,23,24,55,53,7.717,225,1,35.949551,-119.049927,117.097,10,599,58,3,"e00fce6808784ceaf209f949",2026-08-30 06:20:03.099,2026-08-30 06:20:03.275,2026-08-30 06:20:03.275,2026-08-30
"382","vHO3xbu4ir","MOOSPMv3Parser",1788070801,7,7,13,19,19,13,13,21,21,13,713,582,2484,124,100,13,100,100,24,46,100,0,25,26,56,52,3.244,295,1,35.963173,-119.29184,45.813999,8,600,58,3,"e00fce68d6b773b56ce8baa0",2026-08-30 06:20:03.098,2026-08-30 06:20:03.387,2026-08-30 06:20:03.387,2026-08-30
"383","MFHDn6EEl3","MOOSPMv3Parser",1788070801,0,0,2,0,0,2,2,0,0,2,212,124,1732,20,14,2,14,14,24,30,14,0,25,27,32,30,26.689,64,1,36.198544,-120.104065,81.663002,6,600,58,3,"e00fce686dc2ef0a68fa40b0",2026-08-30 06:20:03.507,2026-08-30 06:20:03.71,2026-08-30 06:20:03.71,2026-08-30
"384","vFV8AmtZuc","MOOSPMv3Parser",1788070801,2,2,3,3,3,3,3,4,4,3,534,165,108549,28,22,2,23,23,0,0,23,1,24,25,45,45,18.565,79,2,36.433605,-119.92334,21.378,8,600,58,3,"e00fce6876826e255108c6bd",2026-08-30 06:20:03.556,2026-08-30 06:20:03.766,2026-08-30 06:20:03.766,2026-08-30
"385","QGnA3M32TY","MOOSPMv3Parser",1788070800,28,24,27,43,38,28,28,46,45,28,4894,1406,245011,282,212,16,213,213,21,73,213,0,22,23,73,67,7.56,188,1,36.523262,-119.27874,80.264999,6,600,58,3,"e00fce68f12da1a0c5de6248",2026-08-30 06:20:04.087,2026-08-30 06:20:04.253,2026-08-30 06:20:04.253,2026-08-30
"386","iVXXt8OvI6","MOOSPMv3Parser",1788070800,13,13,11,20,20,11,11,20,20,11,2722,676,42515,134,85,7,86,86,23,63,86,0,25,25,54,56,8.926,242,1,35.774986,-119.238541,65.474998,10,600,58,3,"e00fce68e88237db75a60608",2026-08-30 06:20:04.13,2026-08-30 06:20:04.304,2026-08-30 06:20:04.304,2026-08-30
"387","CypRHYF9dA","MOOSPMv3Parser",1788070800,19,19,21,31,30,22,22,33,33,22,3658,976,115943,217,161,14,162,162,22,36,162,0,26,24,37,45,22.766,270,1,36.138943,-120.36824,185.856995,5,600,58,3,"e00fce6850cac69f647dc199",2026-08-30 06:20:04.114,2026-08-30 06:20:04.319,2026-08-30 06:20:04.319,2026-08-30
"388","V1XKVspxDA","MOOSPMv3Parser",1788070801,2,2,3,4,4,3,3,4,4,3,581,163,136725,27,22,2,22,22,24,19,22,1,25,27,30,30,28.302,72,3277,2.9e-05,-0.004205,11924.019531,9,600,58,3,"e00fce68e28dcbc9a589be10",2026-08-30 06:20:04.35,2026-08-30 06:20:04.51,2026-08-30 06:20:04.51,2026-08-30
"389","qkVZAnfzm2","MOOSPMv3Parser",1788070801,2,2,0,4,4,0,0,5,5,0,719,175,0,32,0,3,0,0,24,29,0,2,25,26,39,40,21.001,120,25,36.187496,-119.822105,20.389,9,600,58,3,"e00fce68e739ecbcf9e91965",2026-08-30 06:20:04.776,2026-08-30 06:20:04.925,2026-08-30 06:20:04.925,2026-08-30
"390","FTXfCc1HZi","MOOSPMv3Parser",1788071400,2,2,3,4,4,3,3,4,4,3,1341,187,1747,30,20,2,20,20,21,28,20,0,22,23,39,40,31.557,63,4,36.503201,-120.325432,40.089001,6,600,58,3,"e00fce68e77e43df92405fdb",2026-08-30 06:30:02.226,2026-08-30 06:30:02.45,2026-08-30 06:30:02.45,2026-08-30
"391","CdBQce1B07","MOOSPMv3Parser",1788071400,12,12,8,18,18,8,8,19,19,8,2259,631,150875,116,63,8,63,63,22,54,63,0,23,24,56,53,9.519,207,1,35.949593,-119.050026,114.928001,10,599,58,3,"e00fce6808784ceaf209f949",2026-08-30 06:30:03.094,2026-08-30 06:30:03.279,2026-08-30 06:30:03.279,2026-08-30
"392","KkPNhjSQvH","MOOSPMv3Parser",1788071401,2,2,3,4,4,3,3,5,5,4,560,172,108568,30,23,4,23,23,0,0,23,1,24,25,45,46,18.253,80,2,36.43359,-119.923347,28.535,9,600,58,3,"e00fce6876826e255108c6bd",2026-08-30 06:30:03.125,2026-08-30 06:30:03.305,2026-08-30 06:30:03.305,2026-08-30
"393","pmF5R5qhMd","MOOSPMv3Parser",1788071401,7,7,13,18,18,14,14,20,20,14,686,553,2569,116,102,11,102,102,24,46,102,0,24,26,57,53,1.837,294,1,35.963173,-119.291794,39.645,7,600,58,3,"e00fce68d6b773b56ce8baa0",2026-08-30 06:30:03.245,2026-08-30 06:30:03.424,2026-08-30 06:30:03.424,2026-08-30
"394","aGBluvJwkt","MOOSPMv3Parser",1788071400,20,19,22,32,31,23,23,34,34,23,3863,1025,116091,218,170,14,171,171,21,36,171,0,26,23,37,45,21.391,277,1,36.139038,-120.368416,163.061996,6,600,58,3,"e00fce6850cac69f647dc199",2026-08-30 06:30:03.4,2026-08-30 06:30:03.535,2026-08-30 06:30:03.535,2026-08-30
"395","JliA9XqHUR","MOOSPMv3Parser",1788071400,28,24,27,43,37,28,28,45,45,28,4942,1416,245196,282,212,15,212,212,21,75,212,0,21,23,75,68,5.002,188,1,36.523262,-119.278793,72.577003,6,600,58,3,"e00fce68f12da1a0c5de6248",2026-08-30 06:30:03.896,2026-08-30 06:30:04.046,2026-08-30 06:30:04.046,2026-08-30
"396","C1i3CWW3bl","MOOSPMv3Parser",1788071401,0,0,2,0,0,2,2,0,0,2,214,126,1743,21,13,2,14,14,24,31,14,0,24,26,34,32,24.781,117,1,36.19873,-120.104301,94.746002,5,600,58,3,"e00fce686dc2ef0a68fa40b0",2026-08-30 06:30:04.046,2026-08-30 06:30:04.213,2026-08-30 06:30:04.213,2026-08-30
"397","TOCVWaPSyy","MOOSPMv3Parser",1788071400,13,13,11,21,21,12,12,21,21,12,2830,699,42593,134,89,10,90,90,23,63,90,0,25,25,55,55,6.839,252,1,35.775009,-119.238518,66.196999,8,600,58,3,"e00fce68e88237db75a60608",2026-08-30 06:30:04.18,2026-08-30 06:30:04.355,2026-08-30 06:30:04.355,2026-08-30
"398","ebD39kYqJm","MOOSPMv3Parser",1788071401,3,3,3,4,4,3,3,4,4,3,613,173,136743,33,22,2,22,22,24,19,22,1,26,27,30,30,29.882,35,3277,2.9e-05,-0.004205,11924.019531,9,600,58,3,"e00fce68e28dcbc9a589be10",2026-08-30 06:30:04.276,2026-08-30 06:30:04.435,2026-08-30 06:30:04.435,2026-08-30
"399","TGKrC8hbj6","MOOSPMv3Parser",1788071401,3,3,0,4,4,0,0,5,5,0,725,176,0,33,0,3,0,0,23,31,0,2,25,26,40,41,19.993,127,25,36.187592,-119.822212,17.865,10,600,58,3,"e00fce68e739ecbcf9e91965",2026-08-30 06:30:04.875,2026-08-30 06:30:05.047,2026-08-30 06:30:05.047,2026-08-30
"400","Gvh12aioap","MOOSPMv3Parser",1788072001,7,7,12,19,19,13,13,20,20,13,684,554,2650,115,96,11,96,96,23,46,96,0,24,26,56,52,1.347,291,1,35.963158,-119.291862,59.932999,10,600,58,3,"e00fce68d6b773b56ce8baa0",2026-08-30 06:40:03.086,2026-08-30 06:40:03.248,2026-08-30 06:40:03.248,2026-08-30
"401","2vAckFjaap","MOOSPMv3Parser",1788072000,12,12,8,17,17,8,8,18,18,8,2235,622,150929,115,63,7,63,63,22,55,63,0,22,24,57,54,8.633,202,1,35.949379,-119.049995,133.419998,8,599,58,3,"e00fce6808784ceaf209f949",2026-08-30 06:40:03.167,2026-08-30 06:40:03.362,2026-08-30 06:40:03.362,2026-08-30
"402","cG2OHKjq1a","MOOSPMv3Parser",1788072001,0,0,2,0,0,2,2,0,0,2,228,142,1756,25,15,2,15,15,23,32,15,0,24,26,35,33,22.702,137,1,36.198643,-120.104256,83.404999,6,600,58,3,"e00fce686dc2ef0a68fa40b0",2026-08-30 06:40:03.21,2026-08-30 06:40:03.373,2026-08-30 06:40:03.373,2026-08-30
"403","cQ8aRsNqHx","MOOSPMv3Parser",1788072001,2,2,3,4,4,3,3,5,5,3,564,174,108587,32,23,4,23,23,0,0,23,1,24,25,46,47,17.454,80,1,36.433582,-119.92334,43.09,7,600,58,3,"e00fce6876826e255108c6bd",2026-08-30 06:40:03.553,2026-08-30 06:40:03.756,2026-08-30 06:40:03.756,2026-08-30
"404","XhATgg14eF","MOOSPMv3Parser",1788072000,21,20,24,35,33,25,25,38,38,25,4085,1100,116253,250,186,16,187,187,21,37,187,0,26,23,39,47,22.794,258,1,36.139008,-120.368385,186.406998,8,600,58,3,"e00fce6850cac69f647dc199",2026-08-30 06:40:03.617,2026-08-30 06:40:03.795,2026-08-30 06:40:03.795,2026-08-30
"405","pTqfuXCFja","MOOSPMv3Parser",1788072000,28,24,28,44,38,29,29,47,46,29,4981,1434,245384,289,216,18,217,217,21,75,217,0,21,23,77,69,5.334,171,1,36.523254,-119.278839,89.079002,7,600,58,3,"e00fce68f12da1a0c5de6248",2026-08-30 06:40:03.9,2026-08-30 06:40:04.076,2026-08-30 06:40:04.076,2026-08-30
"406","0LksYptdBA","MOOSPMv3Parser",1788072000,13,13,11,20,20,11,11,20,20,11,2719,671,42668,126,85,9,86,86,23,63,86,0,25,25,56,56,7.135,253,1,35.775021,-119.238525,74.917,10,600,58,3,"e00fce68e88237db75a60608",2026-08-30 06:40:04.024,2026-08-30 06:40:04.189,2026-08-30 06:40:04.189,2026-08-30
"407","jZZYOpuQjo","MOOSPMv3Parser",1788072001,2,2,3,4,4,3,3,4,4,3,577,166,136764,35,24,3,24,24,24,19,24,1,26,27,29,30,30.906,29,3277,2.9e-05,-0.004205,11924.019531,9,600,58,3,"e00fce68e28dcbc9a589be10",2026-08-30 06:40:04.281,2026-08-30 06:40:04.436,2026-08-30 06:40:04.436,2026-08-30
"408","cPXLUNnKXO","MOOSPMv3Parser",1788072001,3,3,0,5,5,0,0,5,5,0,742,184,0,36,0,4,0,0,23,32,0,2,24,25,41,42,18.612,151,25,36.187592,-119.822212,17.862,0,600,58,3,"e00fce68e739ecbcf9e91965",2026-08-30 06:40:04.878,2026-08-30 06:40:05.055,2026-08-30 06:40:05.055,2026-08-30
"409","1S6yEXCgSv","MOOSPMv3Parser",1788072000,2,2,2,3,3,2,2,4,4,2,1338,173,1762,24,18,1,18,18,21,27,18,0,22,23,38,39,26.874,130,3,36.503201,-120.325432,40.084,0,600,58,3,"e00fce68e77e43df92405fdb",2026-08-30 06:40:19.174,2026-08-30 06:40:19.318,2026-08-30 06:40:19.318,2026-08-30
"410","kiqCm260BN","MOOSPMv3Parser",1788072600,2,2,2,3,3,2,2,3,3,2,1393,158,1777,23,16,2,17,17,21,28,17,0,22,22,38,40,28.18,118,3,36.503029,-120.325417,56.438999,7,600,58,3,"e00fce68e77e43df92405fdb",2026-08-30 06:50:02.489,2026-08-30 06:50:02.659,2026-08-30 06:50:02.659,2026-08-30
"411","nIFZqho90Y","MOOSPMv3Parser",1788072600,12,12,8,17,17,8,8,18,18,8,2208,617,150983,117,61,7,62,62,22,55,62,0,23,24,55,53,8.631,205,1,35.949692,-119.049942,124.425003,5,599,58,3,"e00fce6808784ceaf209f949",2026-08-30 06:50:03.091,2026-08-30 06:50:03.297,2026-08-30 06:50:03.297,2026-08-30
"412","viQs3AzZiB","MOOSPMv3Parser",1788072601,0,0,2,0,0,2,2,0,0,2,235,145,1769,24,16,2,16,16,23,33,16,0,23,25,36,34,23.474,135,1,36.198765,-120.104439,72.872002,7,600,58,3,"e00fce686dc2ef0a68fa40b0",2026-08-30 06:50:03.167,2026-08-30 06:50:03.38,2026-08-30 06:50:03.38,2026-08-30
"413","xJdtxvMCgG","MOOSPMv3Parser",1788072601,2,2,3,4,4,3,4,5,5,4,566,174,108607,32,23,4,23,23,0,0,23,1,23,24,47,47,17.11,80,1,36.433651,-119.92337,34.039001,10,600,58,3,"e00fce6876826e255108c6bd",2026-08-30 06:50:03.314,2026-08-30 06:50:03.486,2026-08-30 06:50:03.486,2026-08-30
"414","tGWApyE9RH","MOOSPMv3Parser",1788072601,6,6,12,16,16,12,12,18,18,12,643,520,2726,105,91,11,92,92,23,46,92,0,23,25,56,51,0.712,287,1,35.963093,-119.291824,30.256001,8,600,58,3,"e00fce68d6b773b56ce8baa0",2026-08-30 06:50:03.256,2026-08-30 06:50:03.513,2026-08-30 06:50:03.513,2026-08-30
"415","n0p8cPMLyF","MOOSPMv3Parser",1788072600,29,25,28,44,38,30,30,47,46,30,5014,1449,245577,288,220,17,221,221,21,76,221,0,21,23,78,70,4.525,164,1,36.523281,-119.278831,90.327003,7,600,58,3,"e00fce68f12da1a0c5de6248",2026-08-30 06:50:03.728,2026-08-30 06:50:03.866,2026-08-30 06:50:03.866,2026-08-30
"416","sLUeyhjBsx","MOOSPMv3Parser",1788072600,23,22,25,37,34,26,26,39,39,26,4283,1158,116423,257,195,15,196,196,21,37,196,0,26,23,38,46,23.661,223,1,36.139008,-120.368385,186.406998,0,600,58,3,"e00fce6850cac69f647dc199",2026-08-30 06:50:03.784,2026-08-30 06:50:03.969,2026-08-30 06:50:03.969,2026-08-30
"417","M27IxyYw5C","MOOSPMv3Parser",1788072600,12,12,11,20,20,11,11,20,20,11,2694,664,42742,129,85,10,85,85,23,64,85,0,24,25,57,57,5.995,253,1,35.775021,-119.238525,74.918999,0,600,58,3,"e00fce68e88237db75a60608",2026-08-30 06:50:04.04,2026-08-30 06:50:04.188,2026-08-30 06:50:04.188,2026-08-30
"418","7sszEs2JLo","MOOSPMv3Parser",1788072601,3,3,3,4,4,3,3,5,5,3,633,179,136784,33,24,2,24,24,24,19,24,1,26,27,29,30,30.705,20,3277,2.9e-05,-0.004205,11924.019531,9,600,58,3,"e00fce68e28dcbc9a589be10",2026-08-30 06:50:04.286,2026-08-30 06:50:04.428,2026-08-30 06:50:04.428,2026-08-30
"419","R5rd4mYEqU","MOOSPMv3Parser",1788072601,2,2,0,4,4,0,0,5,5,0,700,174,0,34,0,4,0,0,23,33,0,2,24,25,42,43,17.342,174,22,36.187489,-119.821983,45.831001,5,600,58,3,"e00fce68e739ecbcf9e91965",2026-08-30 06:50:05.082,2026-08-30 06:50:05.483,2026-08-30 06:50:05.483,2026-08-30
"420","EzTFxF1ME7","MOOSPMv3Parser",1788073200,11,11,7,16,16,8,8,16,16,8,2039,570,151033,102,57,6,57,57,21,54,57,0,22,23,56,53,7.634,218,1,35.949547,-119.049988,106.800003,8,599,58,3,"e00fce6808784ceaf209f949",2026-08-30 07:00:03.089,2026-08-30 07:00:03.541,2026-08-30 07:00:03.541,2026-08-30
"421","xsvoY6iQ1X","MOOSPMv3Parser",1788073200,2,2,2,4,4,2,2,4,4,2,1282,171,1791,26,17,2,17,17,20,30,17,0,22,22,40,42,27.498,134,3,36.502949,-120.325363,25.131001,5,600,58,3,"e00fce68e77e43df92405fdb",2026-08-30 07:00:03.058,2026-08-30 07:00:03.652,2026-08-30 07:00:03.652,2026-08-30
"422","NCSgYHv47s","MOOSPMv3Parser",1788073201,6,6,11,15,15,12,12,18,18,12,638,510,2800,105,88,10,88,88,23,46,88,0,23,25,55,51,0.983,272,1,35.963158,-119.291916,21.726,6,600,58,3,"e00fce68d6b773b56ce8baa0",2026-08-30 07:00:02.998,2026-08-30 07:00:03.672,2026-08-30 07:00:03.672,2026-08-30
"423","1Gf5kVIHWn","MOOSPMv3Parser",1788073201,2,2,3,4,4,3,4,5,5,4,590,180,108627,31,23,3,24,24,0,0,24,1,23,24,49,48,16.711,80,1,36.433594,-119.92337,32.117001,10,600,58,3,"e00fce6876826e255108c6bd",2026-08-30 07:00:03.368,2026-08-30 07:00:03.709,2026-08-30 07:00:03.709,2026-08-30
"424","jUXySs6aHa","MOOSPMv3Parser",1788073201,0,0,2,0,0,2,2,0,0,2,238,148,1783,23,16,2,16,16,23,34,16,0,23,25,36,35,22.197,203,1,36.198765,-120.104439,72.864998,0,600,58,3,"e00fce686dc2ef0a68fa40b0",2026-08-30 07:00:03.679,2026-08-30 07:00:03.952,2026-08-30 07:00:03.952,2026-08-30
"425","WEZPJf3QlR","MOOSPMv3Parser",1788073200,29,25,29,45,38,31,31,48,46,31,5138,1476,245779,294,231,17,232,232,20,76,232,0,20,22,76,69,5.666,156,1,36.523281,-119.278831,90.328003,0,600,58,3,"e00fce68f12da1a0c5de6248",2026-08-30 07:00:03.817,2026-08-30 07:00:04.081,2026-08-30 07:00:04.081,2026-08-30
"426","3l4T4wZN5o","MOOSPMv3Parser",1788073200,13,13,11,20,20,11,11,20,20,11,2720,670,42816,131,85,10,85,85,22,65,85,0,24,25,56,56,5.306,255,1,35.775009,-119.238556,59.745998,7,600,58,3,"e00fce68e88237db75a60608",2026-08-30 07:00:04.173,2026-08-30 07:00:04.346,2026-08-30 07:00:04.346,2026-08-30
"427","AxOPyMU64r","MOOSPMv3Parser",1788073200,23,22,25,37,34,26,26,40,40,26,4358,1165,116594,259,196,17,197,197,21,38,197,0,26,23,39,47,22.908,222,1,36.139019,-120.368431,159.807999,7,600,58,3,"e00fce6850cac69f647dc199",2026-08-30 07:00:04.175,2026-08-30 07:00:04.388,2026-08-30 07:00:04.388,2026-08-30
"428","qOkODWYZvd","MOOSPMv3Parser",1788073201,3,3,3,4,4,3,3,5,5,3,644,183,136805,33,24,3,24,24,24,19,24,1,25,26,29,30,30.816,19,3277,2.9e-05,-0.004205,11924.019531,9,600,58,3,"e00fce68e28dcbc9a589be10",2026-08-30 07:00:04.287,2026-08-30 07:00:04.494,2026-08-30 07:00:04.494,2026-08-30
"429","uQfCOPmAAd","MOOSPMv3Parser",1788073201,3,3,0,5,5,0,0,6,6,0,800,189,0,37,0,5,0,0,22,34,0,2,24,25,43,44,15.04,205,20,36.18758,-119.822052,25.181999,5,600,58,3,"e00fce68e739ecbcf9e91965",2026-08-30 07:00:04.961,2026-08-30 07:00:05.15,2026-08-30 07:00:05.15,2026-08-30
"430","VBbQ3SUr8V","MOOSPMv3Parser",1788073800,11,11,7,16,16,8,8,17,17,8,2113,588,151082,107,57,5,58,58,21,57,58,0,22,23,59,55,7.026,238,1,35.94949,-119.049988,119.816002,6,599,58,3,"e00fce6808784ceaf209f949",2026-08-30 07:10:03.089,2026-08-30 07:10:03.286,2026-08-30 07:10:03.286,2026-08-30
"431","VnHqlEh4H9","MOOSPMv3Parser",1788073800,25,22,26,39,35,28,28,43,43,28,4607,1237,116774,282,206,17,207,207,21,36,207,0,25,22,37,45,21.798,230,1,36.139008,-120.368362,173.764999,9,600,58,3,"e00fce6850cac69f647dc199",2026-08-30 07:10:03.366,2026-08-30 07:10:03.522,2026-08-30 07:10:03.522,2026-08-30
"432","8k0mNs8HxG","MOOSPMv3Parser",1788073801,2,2,3,4,4,4,4,5,5,4,625,192,108648,33,25,4,25,25,0,0,25,1,22,24,50,49,15.793,80,1,36.433651,-119.923325,44.416,8,600,58,3,"e00fce6876826e255108c6bd",2026-08-30 07:10:03.372,2026-08-30 07:10:03.525,2026-08-30 07:10:03.525,2026-08-30
"433","5FQX4qJxsx","MOOSPMv3Parser",1788073801,7,7,12,17,17,13,13,19,19,13,649,524,2879,113,93,10,94,94,23,46,94,0,23,25,57,52,0.559,273,1,35.963238,-119.291939,54.279999,6,600,58,3,"e00fce68d6b773b56ce8baa0",2026-08-30 07:10:03.249,2026-08-30 07:10:03.587,2026-08-30 07:10:03.587,2026-08-30
"434","XQtSwBYkSN","MOOSPMv3Parser",1788073800,29,25,29,45,39,31,31,48,47,31,5120,1472,245982,302,231,18,232,232,21,75,232,0,22,22,72,70,6.995,179,1,36.523399,-119.278816,106.375,8,600,58,3,"e00fce68f12da1a0c5de6248",2026-08-30 07:10:03.927,2026-08-30 07:10:04.108,2026-08-30 07:10:04.108,2026-08-30
"435","weBrxUOH64","MOOSPMv3Parser",1788073801,0,0,2,0,0,2,2,0,0,2,237,147,1797,25,16,2,17,17,22,33,17,0,23,25,37,34,19.945,205,1,36.198788,-120.104477,85.315002,9,600,58,3,"e00fce686dc2ef0a68fa40b0",2026-08-30 07:10:03.96,2026-08-30 07:10:04.138,2026-08-30 07:10:04.138,2026-08-30
"436","j11FEvAm5g","MOOSPMv3Parser",1788073800,14,14,11,21,21,12,12,22,22,12,2807,702,42893,141,88,10,89,89,22,64,89,0,25,24,54,56,4.678,252,1,35.77499,-119.238564,68.803001,6,600,58,3,"e00fce68e88237db75a60608",2026-08-30 07:10:04.251,2026-08-30 07:10:04.435,2026-08-30 07:10:04.435,2026-08-30
"437","lH9X7iWACp","MOOSPMv3Parser",1788073801,3,3,3,4,4,3,3,4,4,3,603,172,136825,30,23,2,23,23,24,19,23,1,25,26,30,30,30.683,19,3277,2.9e-05,-0.004205,11924.019531,9,600,58,3,"e00fce68e28dcbc9a589be10",2026-08-30 07:10:04.298,2026-08-30 07:10:04.48,2026-08-30 07:10:04.48,2026-08-30
"438","cFKY3S35TF","MOOSPMv3Parser",1788073801,3,3,0,5,5,0,0,6,6,0,802,188,0,37,0,3,0,0,22,36,0,2,24,24,45,45,7.32,250,7,36.187496,-119.821976,36.245998,10,600,58,3,"e00fce68e739ecbcf9e91965",2026-08-30 07:10:04.923,2026-08-30 07:10:05.079,2026-08-30 07:10:05.079,2026-08-30
"439","XPMiTHDqHM","MOOSPMv3Parser",1788073800,3,3,2,4,4,3,3,4,4,3,1344,201,1808,28,19,2,19,19,20,34,19,0,22,22,44,45,25.646,183,3,36.50317,-120.32547,53.421001,8,600,58,3,"e00fce68e77e43df92405fdb",2026-08-30 07:10:06.836,2026-08-30 07:10:06.986,2026-08-30 07:10:06.986,2026-08-30
"440","9z3orjPRef","MOOSPMv3Parser",1788074401,0,0,2,0,0,2,2,1,1,2,237,149,1810,26,16,2,16,16,22,34,16,0,22,24,39,35,21.205,183,1,36.198849,-120.104477,105.745003,9,600,58,3,"e00fce686dc2ef0a68fa40b0",2026-08-30 07:20:03.026,2026-08-30 07:20:03.22,2026-08-30 07:20:03.22,2026-08-30
"441","zZAqAOSS38","MOOSPMv3Parser",1788074401,7,7,13,18,18,13,13,19,19,13,683,551,2962,114,99,11,99,99,23,46,99,0,23,25,57,54,0.551,267,1,35.963303,-119.291267,93.000999,6,600,58,3,"e00fce68d6b773b56ce8baa0",2026-08-30 07:20:03.009,2026-08-30 07:20:03.296,2026-08-30 07:20:03.296,2026-08-30
"442","8BzACGEEr0","MOOSPMv3Parser",1788074400,3,3,3,5,5,3,3,5,5,3,1370,205,1826,30,21,2,21,21,20,36,21,0,22,22,45,47,24.632,210,3,36.503185,-120.325394,48.891998,5,600,58,3,"e00fce68e77e43df92405fdb",2026-08-30 07:20:03.147,2026-08-30 07:20:03.308,2026-08-30 07:20:03.308,2026-08-30
"443","XnrYeVPwB4","MOOSPMv3Parser",1788074400,12,12,8,18,18,8,8,19,19,8,2297,641,151135,118,60,6,60,60,21,58,60,0,21,23,59,55,6.084,238,1,35.949516,-119.050018,105.521004,7,599,58,3,"e00fce6808784ceaf209f949",2026-08-30 07:20:03.17,2026-08-30 07:20:03.385,2026-08-30 07:20:03.385,2026-08-30
"444","QPaIMBoWeK","MOOSPMv3Parser",1788074401,2,2,3,4,4,3,4,5,5,4,597,185,108669,35,24,3,24,24,0,0,24,1,22,23,51,50,16.288,80,1,36.433601,-119.923317,55.290001,7,600,58,3,"e00fce6876826e255108c6bd",2026-08-30 07:20:03.52,2026-08-30 07:20:03.687,2026-08-30 07:20:03.687,2026-08-30
"445","ny9sSQXwjS","MOOSPMv3Parser",1788074400,25,23,27,40,36,29,29,42,42,29,4656,1257,116959,279,213,17,213,214,20,36,214,0,25,22,37,45,24.635,188,1,36.138988,-120.368439,190.904999,9,600,58,3,"e00fce6850cac69f647dc199",2026-08-30 07:20:03.55,2026-08-30 07:20:03.77,2026-08-30 07:20:03.77,2026-08-30
"446","QBWswa9Zvs","MOOSPMv3Parser",1788074400,29,25,30,45,39,31,31,48,47,31,5110,1471,246187,303,233,17,234,234,20,74,234,0,21,22,73,68,8.169,192,1,36.52322,-119.278862,66.945,5,600,58,3,"e00fce68f12da1a0c5de6248",2026-08-30 07:20:03.992,2026-08-30 07:20:04.155,2026-08-30 07:20:04.155,2026-08-30
"447","oW3U6cva4V","MOOSPMv3Parser",1788074400,14,14,12,23,23,13,13,23,23,13,2922,735,42979,152,98,12,98,98,22,64,98,0,25,24,55,57,5.269,241,1,35.775169,-119.238556,44.952999,6,600,58,3,"e00fce68e88237db75a60608",2026-08-30 07:20:04.164,2026-08-30 07:20:04.363,2026-08-30 07:20:04.363,2026-08-30
"448","JADlEajB98","MOOSPMv3Parser",1788074401,2,2,3,4,4,3,3,4,4,3,586,165,136844,31,23,2,23,23,24,19,23,1,25,26,30,30,30.697,20,3277,2.9e-05,-0.004205,11924.019531,9,600,58,3,"e00fce68e28dcbc9a589be10",2026-08-30 07:20:04.379,2026-08-30 07:20:04.553,2026-08-30 07:20:04.553,2026-08-30
"449","q59AM9G56P","MOOSPMv3Parser",1788074401,3,3,0,5,5,0,0,5,5,0,800,186,0,33,0,3,0,0,22,37,0,2,23,24,46,46,6.42,249,2,36.187508,-119.822067,42.131001,8,600,58,3,"e00fce68e739ecbcf9e91965",2026-08-30 07:20:04.848,2026-08-30 07:20:05.054,2026-08-30 07:20:05.054,2026-08-30
"450","iMLDp2SSGM","MOOSPMv3Parser",1788075000,14,14,9,20,20,9,9,21,21,9,2543,715,151196,131,70,7,70,70,21,59,70,0,22,23,61,57,6.903,228,1,35.949539,-119.049988,109.046997,6,599,58,3,"e00fce6808784ceaf209f949",2026-08-30 07:30:03.161,2026-08-30 07:30:03.313,2026-08-30 07:30:03.313,2026-08-30
"451","GLmACET2jM","MOOSPMv3Parser",1788075001,0,0,2,0,0,2,2,0,0,2,240,150,1824,25,16,2,17,17,22,34,17,0,22,24,39,35,21.673,177,1,36.198795,-120.104431,90.007004,8,600,58,3,"e00fce686dc2ef0a68fa40b0",2026-08-30 07:30:03.167,2026-08-30 07:30:03.368,2026-08-30 07:30:03.368,2026-08-30
"452","wcpFb9Nxq4","MOOSPMv3Parser",1788075001,3,3,3,5,5,3,4,6,6,4,665,204,108690,38,25,5,25,25,1,0,25,0,22,23,51,50,16.353,81,1,36.433624,-119.923454,24.021999,5,600,58,3,"e00fce6876826e255108c6bd",2026-08-30 07:30:03.374,2026-08-30 07:30:03.579,2026-08-30 07:30:03.579,2026-08-30
"453","qkhtCLlMaf","MOOSPMv3Parser",1788075001,7,7,12,19,19,13,13,20,20,13,692,557,3043,114,97,12,97,97,22,49,97,0,23,24,62,57,0.047,289,1,35.963238,-119.292038,21.974001,7,600,58,3,"e00fce68d6b773b56ce8baa0",2026-08-30 07:30:03.41,2026-08-30 07:30:03.587,2026-08-30 07:30:03.587,2026-08-30
"454","UEZbb2IaJO","MOOSPMv3Parser",1788075000,29,25,29,45,38,30,30,48,46,30,5068,1459,246386,295,227,18,228,228,20,74,228,0,20,22,75,67,6.131,168,1,36.523556,-119.278778,118.754997,6,600,58,3,"e00fce68f12da1a0c5de6248",2026-08-30 07:30:03.751,2026-08-30 07:30:03.969,2026-08-30 07:30:03.969,2026-08-30
"455","lHoAr1OmF1","MOOSPMv3Parser",1788075000,23,22,26,38,34,28,28,42,41,28,4462,1189,117139,265,206,17,206,206,20,36,206,0,25,22,37,45,26.581,161,1,36.138931,-120.3685,134.292007,7,600,58,3,"e00fce6850cac69f647dc199",2026-08-30 07:30:03.861,2026-08-30 07:30:04.03,2026-08-30 07:30:04.03,2026-08-30
"456","4BIwKMdHdV","MOOSPMv3Parser",1788075001,3,3,3,4,4,3,3,5,5,3,616,175,136866,32,25,3,25,25,24,20,25,1,25,26,31,31,29.923,35,3277,2.9e-05,-0.004205,11924.019531,9,600,58,3,"e00fce68e28dcbc9a589be10",2026-08-30 07:30:04.277,2026-08-30 07:30:04.455,2026-08-30 07:30:04.455,2026-08-30
"457","evQd0cBpv5","MOOSPMv3Parser",1788075000,14,14,12,23,23,13,13,23,23,13,2886,725,43063,150,97,15,97,97,22,64,97,0,24,24,54,57,3.753,248,1,35.775028,-119.238518,73.277,6,600,58,3,"e00fce68e88237db75a60608",2026-08-30 07:30:04.341,2026-08-30 07:30:04.523,2026-08-30 07:30:04.523,2026-08-30
"458","wVfkWwXQ0P","MOOSPMv3Parser",1788075001,3,3,0,5,5,0,0,5,5,0,839,192,0,36,0,3,0,0,22,38,0,2,23,24,48,47,6.148,275,2,36.187496,-119.822144,37.201,7,600,58,3,"e00fce68e739ecbcf9e91965",2026-08-30 07:30:05.08,2026-08-30 07:30:05.251,2026-08-30 07:30:05.251,2026-08-30
"459","c8CYfz74C8","MOOSPMv3Parser",1788075000,3,3,3,4,4,3,3,5,5,3,1408,215,1844,29,21,2,21,22,20,37,22,0,21,22,45,47,23.751,222,2,36.50301,-120.325424,26.159,6,600,58,3,"e00fce68e77e43df92405fdb",2026-08-30 07:30:41.195,2026-08-30 07:30:41.387,2026-08-30 07:30:41.387,2026-08-30
"460","EWFI38yuju","MOOSPMv3Parser",1788075601,8,8,14,21,21,15,15,22,22,15,735,600,3135,128,110,14,110,110,22,50,110,0,23,24,63,58,0.006,291,1,35.963238,-119.292038,21.974001,0,600,58,3,"e00fce68d6b773b56ce8baa0",2026-08-30 07:40:03.01,2026-08-30 07:40:03.207,2026-08-30 07:40:03.207,2026-08-30
"461","b9zcfNlGvl","MOOSPMv3Parser",1788075600,16,16,10,24,24,11,11,24,24,11,2967,830,151015,150,82,8,82,82,21,60,82,0,22,23,59,56,7.558,223,1,35.949539,-119.04998,111.894997,3,600,58,3,"e00fce6808784ceaf209f949",2026-08-30 07:40:03.102,2026-08-30 07:40:03.26,2026-08-30 07:40:03.26,2026-08-30
"462","2bjl3Ry4wB","MOOSPMv3Parser",1788075601,3,3,3,5,5,4,4,6,6,4,681,208,108714,41,27,6,27,27,0,0,27,0,22,23,52,51,16.065,81,1,36.433563,-119.92337,35.791,8,600,58,3,"e00fce6876826e255108c6bd",2026-08-30 07:40:03.32,2026-08-30 07:40:03.488,2026-08-30 07:40:03.488,2026-08-30
"463","xdxDrzoMSR","MOOSPMv3Parser",1788075601,0,0,2,0,0,2,2,1,1,2,248,158,1838,29,17,3,17,17,21,35,17,0,22,24,38,36,19.845,174,1,36.198814,-120.104462,65.346001,7,600,58,3,"e00fce686dc2ef0a68fa40b0",2026-08-30 07:40:03.462,2026-08-30 07:40:03.691,2026-08-30 07:40:03.691,2026-08-30
"464","fFaZU1jSYM","MOOSPMv3Parser",1788075600,29,25,29,45,39,30,30,48,47,30,5156,1471,246582,297,224,17,225,225,20,76,225,0,20,22,78,69,3.97,164,1,36.523273,-119.278801,69.447998,5,600,58,3,"e00fce68f12da1a0c5de6248",2026-08-30 07:40:03.916,2026-08-30 07:40:04.121,2026-08-30 07:40:04.121,2026-08-30
"465","S90s5VYhjK","MOOSPMv3Parser",1788075600,15,15,13,23,23,13,13,23,23,13,2962,747,43149,150,98,12,99,99,22,70,99,0,24,24,59,60,2.624,259,1,35.775021,-119.238487,67.038002,6,600,58,3,"e00fce68e88237db75a60608",2026-08-30 07:40:04.113,2026-08-30 07:40:04.304,2026-08-30 07:40:04.304,2026-08-30
"466","2I8IjALdwm","MOOSPMv3Parser",1788075600,23,22,25,37,34,27,27,40,40,27,4343,1163,117313,262,199,16,200,200,20,37,200,0,25,22,38,46,25.212,172,1,36.13895,-120.368492,167.621994,7,600,58,3,"e00fce6850cac69f647dc199",2026-08-30 07:40:04.097,2026-08-30 07:40:04.317,2026-08-30 07:40:04.317,2026-08-30
"467","OxSUsGc1sf","MOOSPMv3Parser",1788075601,3,3,3,4,4,3,3,5,5,3,619,178,136888,31,25,3,25,25,23,20,25,1,24,26,31,31,29.291,37,3277,2.9e-05,-0.004205,11924.019531,9,600,58,3,"e00fce68e28dcbc9a589be10",2026-08-30 07:40:04.279,2026-08-30 07:40:04.425,2026-08-30 07:40:04.425,2026-08-30
"468","urdExlbmdo","MOOSPMv3Parser",1788075601,3,3,0,5,5,0,0,6,6,0,919,213,0,39,0,3,0,0,22,40,0,2,22,23,49,48,7.215,280,2,36.187439,-119.822144,16.618999,8,600,58,3,"e00fce68e739ecbcf9e91965",2026-08-30 07:40:04.864,2026-08-30 07:40:05.07,2026-08-30 07:40:05.07,2026-08-30
"469","mkLtvu5FdI","MOOSPMv3Parser",1788076200,3,3,3,4,4,3,3,5,5,3,1353,204,1879,29,21,2,21,21,20,37,21,0,21,21,45,47,22.519,237,2,36.503056,-120.325378,47.953999,6,600,58,3,"e00fce68e77e43df92405fdb",2026-08-30 07:50:01.969,2026-08-30 07:50:02.174,2026-08-30 07:50:02.174,2026-08-30
"470","DIqSzy92C1","MOOSPMv3Parser",1788076200,22,21,26,37,34,27,27,39,39,27,4247,1146,117490,252,204,17,205,205,20,38,205,0,24,22,39,48,23.689,206,1,36.138985,-120.368484,162.705002,8,600,58,3,"e00fce6850cac69f647dc199",2026-08-30 07:50:03.145,2026-08-30 07:50:03.32,2026-08-30 07:50:03.32,2026-08-30
"471","jOJ8HAmBsg","MOOSPMv3Parser",1788076201,8,8,14,20,20,15,15,21,21,15,725,585,3226,125,109,12,109,109,22,49,109,0,23,24,58,55,0.004,284,1,35.963318,-119.291573,73.278,6,600,58,3,"e00fce68d6b773b56ce8baa0",2026-08-30 07:50:03.232,2026-08-30 07:50:03.398,2026-08-30 07:50:03.398,2026-08-30
"472","AD9qIBZah5","MOOSPMv3Parser",1788076200,15,15,10,21,21,10,10,22,22,10,2676,755,151334,133,76,9,77,77,21,59,77,0,22,23,57,56,8.167,214,1,35.949577,-119.050072,110.508003,6,599,58,3,"e00fce6808784ceaf209f949",2026-08-30 07:50:03.175,2026-08-30 07:50:03.422,2026-08-30 07:50:03.422,2026-08-30
"473","PAUBHLFhNG","MOOSPMv3Parser",1788076201,3,3,3,5,5,4,4,6,6,4,709,218,108737,37,26,4,27,27,0,0,27,0,22,23,52,51,15.887,81,1,36.433571,-119.923302,28.049,8,600,58,3,"e00fce6876826e255108c6bd",2026-08-30 07:50:03.372,2026-08-30 07:50:03.57,2026-08-30 07:50:03.57,2026-08-30
"474","PcFQjSxXyn","MOOSPMv3Parser",1788076201,0,0,2,0,0,2,2,0,0,2,241,151,1852,26,16,2,16,16,21,35,16,0,22,23,38,37,21.488,160,1,36.198849,-120.104469,73.879997,6,600,58,3,"e00fce686dc2ef0a68fa40b0",2026-08-30 07:50:03.87,2026-08-30 07:50:04.025,2026-08-30 07:50:04.025,2026-08-30
"475","mw9qNwBHBo","MOOSPMv3Parser",1788076200,29,25,29,45,39,31,31,48,47,31,5155,1480,246784,293,231,16,232,232,20,76,232,0,20,22,76,68,3.982,185,1,36.52322,-119.278862,92.612999,6,600,58,3,"e00fce68f12da1a0c5de6248",2026-08-30 07:50:03.943,2026-08-30 07:50:04.109,2026-08-30 07:50:04.109,2026-08-30
"476","dHrA7C13FA","MOOSPMv3Parser",1788076200,13,13,11,21,21,12,12,22,22,12,2764,691,43227,142,89,12,90,90,22,72,90,0,24,24,61,61,0.878,272,1,35.775082,-119.238503,60.200001,5,600,58,3,"e00fce68e88237db75a60608",2026-08-30 07:50:04.352,2026-08-30 07:50:04.525,2026-08-30 07:50:04.525,2026-08-30
"477","uzhH3kwRfD","MOOSPMv3Parser",1788076201,3,3,3,5,5,3,3,5,5,3,666,188,136910,37,25,3,25,25,23,20,25,1,24,26,32,31,29.023,38,3277,2.9e-05,-0.004205,11924.019531,9,600,58,3,"e00fce68e28dcbc9a589be10",2026-08-30 07:50:04.452,2026-08-30 07:50:04.661,2026-08-30 07:50:04.661,2026-08-30
"478","O5apSkAxHn","MOOSPMv3Parser",1788076201,3,3,0,6,6,0,0,7,7,0,955,219,0,42,0,6,0,0,21,41,0,2,22,23,50,49,10.064,265,3,36.187531,-119.822212,22.707001,8,600,58,3,"e00fce68e739ecbcf9e91965",2026-08-30 07:50:05.01,2026-08-30 07:50:05.162,2026-08-30 07:50:05.162,2026-08-30
"479","crJcBCwN4u","MOOSPMv3Parser",1788076800,3,3,3,5,5,3,3,5,5,3,1399,210,1897,33,21,2,21,21,20,38,21,0,21,21,46,48,22.038,240,2,36.503128,-120.325394,57.630001,5,600,58,3,"e00fce68e77e43df92405fdb",2026-08-30 08:00:01.949,2026-08-30 08:00:02.211,2026-08-30 08:00:02.211,2026-08-30
"480","G9eEbQNPCB","MOOSPMv3Parser",1788076801,0,0,2,0,0,2,2,0,0,2,216,132,1865,21,15,2,15,15,21,35,15,0,22,23,38,36,23.638,107,1,36.198887,-120.104355,90.186996,7,600,58,3,"e00fce686dc2ef0a68fa40b0",2026-08-30 08:00:02.813,2026-08-30 08:00:03.414,2026-08-30 08:00:03.414,2026-08-30
"481","gqbXpq9x69","MOOSPMv3Parser",1788076801,6,6,12,16,16,13,13,18,18,13,625,502,3305,105,94,12,94,94,22,48,94,0,23,24,56,53,0.003,254,1,35.963146,-119.291214,84.071999,5,600,58,3,"e00fce68d6b773b56ce8baa0",2026-08-30 08:00:03.084,2026-08-30 08:00:03.849,2026-08-30 08:00:03.849,2026-08-30
"482","7GOzN7Ufzs","MOOSPMv3Parser",1788076800,23,22,26,37,34,27,27,40,40,27,4291,1155,117666,256,202,18,202,202,20,39,202,0,24,21,39,48,22.4,223,1,36.139004,-120.368332,197.179001,6,600,58,3,"e00fce6850cac69f647dc199",2026-08-30 08:00:03.452,2026-08-30 08:00:03.899,2026-08-30 08:00:03.899,2026-08-30
"483","WZtlc7Mgr1","MOOSPMv3Parser",1788076801,3,3,3,5,5,4,4,6,6,4,683,210,108760,36,27,3,27,27,0,0,27,0,21,23,53,52,15.5,81,1,36.433571,-119.923302,28.048,0,600,58,3,"e00fce6876826e255108c6bd",2026-08-30 08:00:03.381,2026-08-30 08:00:03.908,2026-08-30 08:00:03.908,2026-08-30
"484","iC7TyuJ9oj","MOOSPMv3Parser",1788076800,14,14,9,21,21,10,10,21,21,10,2629,734,151144,131,72,8,72,72,20,60,72,0,22,22,59,56,6.329,225,1,35.949631,-119.049988,108.107002,4,600,58,3,"e00fce6808784ceaf209f949",2026-08-30 08:00:03.178,2026-08-30 08:00:03.971,2026-08-30 08:00:03.971,2026-08-30
"485","QcUmBf4rev","MOOSPMv3Parser",1788076800,29,25,29,45,39,31,31,48,47,31,5074,1459,246983,296,229,17,230,230,20,76,230,0,19,21,80,70,2.811,173,1,36.523216,-119.278801,118.329002,8,600,58,3,"e00fce68f12da1a0c5de6248",2026-08-30 08:00:03.907,2026-08-30 08:00:04.329,2026-08-30 08:00:04.329,2026-08-30
"486","EGMPZuH6tv","MOOSPMv3Parser",1788076800,14,14,12,21,21,13,13,22,22,13,2913,723,43309,146,94,10,94,94,22,73,94,0,23,24,62,61,0.52,263,1,35.775116,-119.238609,31.384001,5,600,58,3,"e00fce68e88237db75a60608",2026-08-30 08:00:04.168,2026-08-30 08:00:04.453,2026-08-30 08:00:04.453,2026-08-30
"487","FZkRFEgnRk","MOOSPMv3Parser",1788076801,3,3,3,5,5,3,3,5,5,3,675,193,136932,36,25,3,25,25,23,21,25,1,23,25,34,33,28.365,41,3277,2.9e-05,-0.004205,11924.019531,9,600,58,3,"e00fce68e28dcbc9a589be10",2026-08-30 08:00:04.365,2026-08-30 08:00:04.573,2026-08-30 08:00:04.573,2026-08-30
"488","HXnV9zCEy0","MOOSPMv3Parser",1788076801,4,4,0,6,6,0,0,7,7,0,1017,228,0,43,0,3,0,0,21,42,0,2,22,23,49,50,13.052,215,4,36.187565,-119.82235,6.061,9,600,58,3,"e00fce68e739ecbcf9e91965",2026-08-30 08:00:04.924,2026-08-30 08:00:05.117,2026-08-30 08:00:05.117,2026-08-30
"489","Exu9Cn61Fk","MOOSPMv3Parser",1788077400,3,3,3,5,5,3,3,5,5,3,1439,206,1915,32,21,3,21,21,20,40,21,0,20,21,48,49,21.299,250,2,36.503128,-120.325394,57.631001,0,600,58,3,"e00fce68e77e43df92405fdb",2026-08-30 08:10:02.127,2026-08-30 08:10:02.293,2026-08-30 08:10:02.293,2026-08-30
"490","9Zg2mavGhY","MOOSPMv3Parser",1788077401,0,0,2,0,0,2,2,0,0,2,215,128,1875,21,13,2,13,13,21,36,13,0,22,23,40,38,22.435,129,1,36.198875,-120.104263,108.586998,6,600,58,3,"e00fce686dc2ef0a68fa40b0",2026-08-30 08:10:03.155,2026-08-30 08:10:03.326,2026-08-30 08:10:03.326,2026-08-30
"491","UvkUfdVzBz","MOOSPMv3Parser",1788077400,14,14,9,20,20,9,9,21,21,9,2605,730,151456,129,69,6,69,69,20,60,69,0,22,22,59,56,7.046,215,1,35.949581,-119.049988,113.004997,9,599,58,3,"e00fce6808784ceaf209f949",2026-08-30 08:10:03.157,2026-08-30 08:10:03.369,2026-08-30 08:10:03.369,2026-08-30
"492","0F18YZh33j","MOOSPMv3Parser",1788077401,6,6,11,15,15,12,12,17,17,12,609,486,3380,105,90,12,90,90,22,46,90,0,23,24,54,52,0.003,252,1,35.963104,-119.291679,58.563999,6,600,58,3,"e00fce68d6b773b56ce8baa0",2026-08-30 08:10:03.17,2026-08-30 08:10:03.379,2026-08-30 08:10:03.379,2026-08-30
"493","xo8Md6Qkqj","MOOSPMv3Parser",1788077401,3,3,3,5,5,4,4,6,6,4,661,204,108783,37,26,4,26,26,0,0,26,0,21,22,52,51,15.985,81,1,36.433586,-119.923393,23.700001,8,600,58,3,"e00fce6876826e255108c6bd",2026-08-30 08:10:03.384,2026-08-30 08:10:03.588,2026-08-30 08:10:03.588,2026-08-30
"494","AfdF8LAc1E","MOOSPMv3Parser",1788077400,30,26,30,47,39,32,32,50,48,32,5297,1525,247191,307,237,18,237,238,20,78,238,0,19,21,83,73,3.01,127,1,36.523277,-119.278847,134.677994,7,600,58,3,"e00fce68f12da1a0c5de6248",2026-08-30 08:10:03.884,2026-08-30 08:10:04.058,2026-08-30 08:10:04.058,2026-08-30
"495","08Hz4FmsXe","MOOSPMv3Parser",1788077400,23,21,26,37,34,27,27,40,40,27,4265,1150,117839,262,200,19,201,201,20,38,201,0,24,21,38,46,23.164,234,1,36.138954,-120.368431,170.919998,7,600,58,3,"e00fce6850cac69f647dc199",2026-08-30 08:10:03.939,2026-08-30 08:10:04.134,2026-08-30 08:10:04.134,2026-08-30
"496","kfrFUISneV","MOOSPMv3Parser",1788077400,14,14,12,22,22,13,13,22,22,13,2824,711,43392,147,95,12,95,95,22,73,95,0,23,23,61,61,0.312,263,1,35.775116,-119.238609,31.381001,0,600,58,3,"e00fce68e88237db75a60608",2026-08-30 08:10:04.254,2026-08-30 08:10:04.447,2026-08-30 08:10:04.447,2026-08-30
"497","WsCQ5mSR7X","MOOSPMv3Parser",1788077401,4,4,4,6,6,4,4,6,6,4,906,258,136957,40,28,2,28,28,23,22,28,1,23,25,35,33,24.523,83,3277,2.9e-05,-0.004205,11924.019531,9,600,58,3,"e00fce68e28dcbc9a589be10",2026-08-30 08:10:04.453,2026-08-30 08:10:04.617,2026-08-30 08:10:04.617,2026-08-30
"498","ccTb51mkh8","MOOSPMv3Parser",1788077401,3,3,0,5,5,0,0,6,6,0,911,216,0,41,0,3,0,0,21,42,0,2,22,23,49,50,13.408,177,7,36.187569,-119.822517,-11.97,7,600,58,3,"e00fce68e739ecbcf9e91965",2026-08-30 08:10:05.095,2026-08-30 08:10:05.305,2026-08-30 08:10:05.305,2026-08-30
"499","lBAHzCaUV1","MOOSPMv3Parser",1788078000,4,4,3,5,5,3,3,6,6,4,2255,252,1935,31,23,2,23,23,19,42,23,0,20,21,49,50,20.012,261,2,36.503143,-120.325348,62.928001,5,600,58,3,"e00fce68e77e43df92405fdb",2026-08-30 08:20:02.203,2026-08-30 08:20:02.345,2026-08-30 08:20:02.345,2026-08-30
"500","k2xW4OjrZe","MOOSPMv3Parser",1788078001,5,5,10,12,12,10,10,13,13,10,559,440,3445,86,77,10,77,77,22,45,77,0,23,24,51,49,0.003,224,1,35.963215,-119.291809,65.627998,6,600,58,3,"e00fce68d6b773b56ce8baa0",2026-08-30 08:20:02.924,2026-08-30 08:20:03.076,2026-08-30 08:20:03.076,2026-08-30
"501","z37pRgOqbv","MOOSPMv3Parser",1788078000,14,14,9,21,21,9,9,22,22,9,2609,736,151517,134,70,7,70,70,20,62,70,0,21,22,60,57,7.235,209,1,35.949585,-119.049988,125.481003,7,599,58,3,"e00fce6808784ceaf209f949",2026-08-30 08:20:03.166,2026-08-30 08:20:03.336,2026-08-30 08:20:03.336,2026-08-30
"502","DQlyp6fQqF","MOOSPMv3Parser",1788078001,0,0,2,0,0,2,2,0,0,2,211,123,1886,20,12,2,13,13,21,37,13,0,21,23,41,39,21.068,180,1,36.198959,-120.104378,96.703003,6,600,58,3,"e00fce686dc2ef0a68fa40b0",2026-08-30 08:20:03.41,2026-08-30 08:20:03.6,2026-08-30 08:20:03.6,2026-08-30
"503","FWbgB8dIEO","MOOSPMv3Parser",1788078001,3,3,3,4,4,4,4,5,5,4,621,189,108806,32,26,3,26,26,0,0,26,0,21,22,52,51,16.067,81,1,36.433613,-119.92337,20.660999,9,600,58,3,"e00fce6876826e255108c6bd",2026-08-30 08:20:03.596,2026-08-30 08:20:03.758,2026-08-30 08:20:03.758,2026-08-30
"504","zLbQwPSzyO","MOOSPMv3Parser",1788078000,23,22,26,38,34,27,27,40,40,27,4385,1176,118015,264,202,16,203,203,20,39,203,0,24,21,39,47,24.106,207,1,36.13895,-120.368469,179.466995,5,600,58,3,"e00fce6850cac69f647dc199",2026-08-30 08:20:04.179,2026-08-30 08:20:04.368,2026-08-30 08:20:04.368,2026-08-30
"505","zWDIttRm2v","MOOSPMv3Parser",1788078001,3,3,4,5,5,4,4,6,6,4,726,206,136981,37,28,3,28,28,22,24,28,1,22,24,37,35,24.62,89,3277,2.9e-05,-0.004205,11924.019531,9,600,58,3,"e00fce68e28dcbc9a589be10",2026-08-30 08:20:04.286,2026-08-30 08:20:04.449,2026-08-30 08:20:04.449,2026-08-30
"506","yYZu4Ku4oW","MOOSPMv3Parser",1788078000,14,14,12,21,21,13,13,22,22,13,2848,720,43476,144,96,10,96,96,21,74,96,0,23,23,61,62,0.597,255,1,35.775074,-119.238541,72.846001,8,600,58,3,"e00fce68e88237db75a60608",2026-08-30 08:20:04.351,2026-08-30 08:20:04.517,2026-08-30 08:20:04.517,2026-08-30
"507","POCjHMCNBl","MOOSPMv3Parser",1788078001,3,3,0,5,5,0,0,6,6,0,895,209,0,42,0,4,0,0,21,42,0,2,22,23,50,50,11.657,185,8,36.187569,-119.822517,-11.966,0,600,58,3,"e00fce68e739ecbcf9e91965",2026-08-30 08:20:05.006,2026-08-30 08:20:05.235,2026-08-30 08:20:05.235,2026-08-30
"508","r88G6BuHm5","MOOSPMv3Parser",1788078000,30,25,30,47,39,32,32,50,48,32,5326,1527,247399,312,237,19,238,238,19,79,238,0,18,21,84,74,3.104,113,1,36.523224,-119.278709,129.585007,5,600,58,3,"e00fce68f12da1a0c5de6248",2026-08-30 08:20:05.366,2026-08-30 08:20:05.535,2026-08-30 08:20:05.535,2026-08-30
"509","EPFgQcjFxv","MOOSPMv3Parser",1788078600,5,5,3,6,6,3,3,7,7,3,2579,298,1954,36,22,3,23,23,19,42,23,0,21,21,48,51,20.551,249,2,36.503151,-120.32531,44.800999,6,600,58,3,"e00fce68e77e43df92405fdb",2026-08-30 08:30:02.15,2026-08-30 08:30:02.357,2026-08-30 08:30:02.357,2026-08-30
"510","wXfBG5PioA","MOOSPMv3Parser",1788078600,13,13,9,19,19,9,9,20,20,9,2525,702,151575,116,67,6,67,67,20,63,67,0,21,22,60,57,8.123,199,1,35.949512,-119.049965,129.746994,6,599,58,3,"e00fce6808784ceaf209f949",2026-08-30 08:30:03.164,2026-08-30 08:30:03.327,2026-08-30 08:30:03.327,2026-08-30
"511","dRKbw7MYLT","MOOSPMv3Parser",1788078600,25,23,27,40,36,29,29,43,42,29,4634,1248,118202,275,215,17,216,216,20,37,216,0,24,21,38,46,26.906,165,1,36.138969,-120.368484,171.947006,7,600,58,3,"e00fce6850cac69f647dc199",2026-08-30 08:30:03.138,2026-08-30 08:30:03.361,2026-08-30 08:30:03.361,2026-08-30
"512","oiM5rA09Hr","MOOSPMv3Parser",1788078601,2,2,6,6,6,7,7,6,6,7,404,299,3486,60,49,7,49,49,22,45,49,0,23,24,50,49,0.004,180,1,35.963245,-119.291931,46.401001,5,600,58,3,"e00fce68d6b773b56ce8baa0",2026-08-30 08:30:03.329,2026-08-30 08:30:03.56,2026-08-30 08:30:03.56,2026-08-30
"513","UbEMfpeaK0","MOOSPMv3Parser",1788078601,3,3,3,4,4,3,3,5,5,4,625,191,108827,33,24,3,24,24,0,0,24,0,21,22,52,52,15.782,81,1,36.433647,-119.923393,29.424,6,600,58,3,"e00fce6876826e255108c6bd",2026-08-30 08:30:03.626,2026-08-30 08:30:03.821,2026-08-30 08:30:03.821,2026-08-30
"514","zSmtv1eOZf","MOOSPMv3Parser",1788078601,0,0,2,0,0,2,2,0,0,2,208,122,1897,19,13,2,13,13,21,38,13,0,21,22,43,40,20.592,208,1,36.199146,-120.104347,83.001999,6,600,58,3,"e00fce686dc2ef0a68fa40b0",2026-08-30 08:30:03.779,2026-08-30 08:30:03.985,2026-08-30 08:30:03.985,2026-08-30
"515","AxMcvRRv5h","MOOSPMv3Parser",1788078600,31,26,31,47,40,33,33,51,48,33,5372,1549,247612,306,244,19,244,244,19,79,245,0,18,21,84,73,3.411,112,1,36.523403,-119.278755,106.716003,6,600,58,3,"e00fce68f12da1a0c5de6248",2026-08-30 08:30:03.895,2026-08-30 08:30:04.082,2026-08-30 08:30:04.082,2026-08-30
"516","0JWLuL0PUA","MOOSPMv3Parser",1788078600,14,14,12,21,21,12,12,21,21,12,2816,703,43556,143,92,9,92,92,21,76,92,0,23,23,63,63,0.434,255,1,35.77507,-119.238441,65.330002,6,600,58,3,"e00fce68e88237db75a60608",2026-08-30 08:30:04.175,2026-08-30 08:30:04.361,2026-08-30 08:30:04.361,2026-08-30
"517","Cb21SntJS8","MOOSPMv3Parser",1788078601,3,3,4,5,5,4,4,6,6,4,728,209,137005,39,28,3,28,28,22,24,28,1,22,24,37,36,24.477,113,3277,2.9e-05,-0.004205,11924.019531,9,600,58,3,"e00fce68e28dcbc9a589be10",2026-08-30 08:30:04.278,2026-08-30 08:30:04.438,2026-08-30 08:30:04.438,2026-08-30
"518","iE9y7rEsuv","MOOSPMv3Parser",1788078601,3,3,0,5,5,0,0,7,7,0,915,217,0,41,0,4,0,0,21,43,0,2,22,23,51,51,2.265,245,3,36.187744,-119.822739,-43.209999,6,600,58,3,"e00fce68e739ecbcf9e91965",2026-08-30 08:30:05.009,2026-08-30 08:30:05.273,2026-08-30 08:30:05.273,2026-08-30
"519","ARi89Mf87M","MOOSPMv3Parser",1788079201,0,0,2,0,0,2,2,0,0,2,218,131,1907,21,12,2,12,12,20,39,12,0,21,22,44,42,20.293,207,1,36.198853,-120.104507,87.417,6,600,58,3,"e00fce686dc2ef0a68fa40b0",2026-08-30 08:40:02.826,2026-08-30 08:40:03.022,2026-08-30 08:40:03.022,2026-08-30
"520","O9NwzbKmFm","MOOSPMv3Parser",1788079201,0,0,4,3,3,5,5,3,3,5,314,219,3515,41,34,6,34,34,22,44,34,0,23,24,49,47,5.596,108,1,35.963112,-119.291893,69.968002,7,600,58,3,"e00fce68d6b773b56ce8baa0",2026-08-30 08:40:02.861,2026-08-30 08:40:03.03,2026-08-30 08:40:03.03,2026-08-30
"521","2r4DXvpAt1","MOOSPMv3Parser",1788079200,13,13,8,19,19,9,9,20,20,9,2475,694,151633,117,65,6,66,66,20,62,66,0,21,22,59,57,10.744,175,1,35.949802,-119.049759,167.274002,7,599,58,3,"e00fce6808784ceaf209f949",2026-08-30 08:40:03.165,2026-08-30 08:40:03.337,2026-08-30 08:40:03.337,2026-08-30
"522","jA1vpKUV2j","MOOSPMv3Parser",1788079200,23,21,26,37,34,27,27,39,39,27,4323,1155,118376,255,200,16,201,201,19,34,201,0,24,21,35,42,29.821,131,1,36.138969,-120.368484,171.944,0,600,58,3,"e00fce6850cac69f647dc199",2026-08-30 08:40:03.398,2026-08-30 08:40:03.598,2026-08-30 08:40:03.598,2026-08-30
"523","v75lDanHej","MOOSPMv3Parser",1788079201,2,2,3,4,4,3,4,5,5,4,597,182,108848,29,25,2,25,25,0,0,25,0,21,22,52,52,16.097,82,1,36.433662,-119.923355,24.634001,8,600,58,3,"e00fce6876826e255108c6bd",2026-08-30 08:40:03.443,2026-08-30 08:40:03.609,2026-08-30 08:40:03.609,2026-08-30
"524","eeHEhw6Unh","MOOSPMv3Parser",1788079200,4,4,3,5,5,3,3,6,6,4,1907,250,1975,32,24,2,24,24,19,42,24,0,21,20,48,51,21.085,230,2,36.503185,-120.325363,41.505001,6,600,58,3,"e00fce68e77e43df92405fdb",2026-08-30 08:40:03.922,2026-08-30 08:40:04.111,2026-08-30 08:40:04.111,2026-08-30
"525","5fCu5hRfJD","MOOSPMv3Parser",1788079200,14,14,11,21,21,12,12,22,22,12,2806,703,43634,140,89,10,89,89,21,76,89,0,23,23,63,63,2.291,239,1,35.775108,-119.238495,61.659,8,600,58,3,"e00fce68e88237db75a60608",2026-08-30 08:40:04.249,2026-08-30 08:40:04.432,2026-08-30 08:40:04.432,2026-08-30
"526","NGlaP68xGn","MOOSPMv3Parser",1788079201,3,3,4,6,6,4,4,6,6,4,779,224,137030,46,29,2,30,30,22,24,30,1,22,24,36,35,24.836,104,3277,2.9e-05,-0.004205,11924.019531,9,600,58,3,"e00fce68e28dcbc9a589be10",2026-08-30 08:40:04.455,2026-08-30 08:40:04.637,2026-08-30 08:40:04.637,2026-08-30
"527","K8GTHEJaSA","MOOSPMv3Parser",1788079200,31,26,32,50,41,33,33,53,50,33,5540,1596,247830,329,249,23,250,250,19,81,250,0,19,20,84,76,3.951,115,1,36.523403,-119.278755,106.713997,0,600,58,3,"e00fce68f12da1a0c5de6248",2026-08-30 08:40:04.85,2026-08-30 08:40:05.004,2026-08-30 08:40:05.004,2026-08-30
"528","jQenjX9Ejf","MOOSPMv3Parser",1788079201,4,4,0,6,6,0,0,7,7,0,1020,231,0,44,0,5,0,0,21,44,0,2,22,22,50,51,0.883,244,1,36.187698,-119.822769,-29.982,6,600,58,3,"e00fce68e739ecbcf9e91965",2026-08-30 08:40:05.247,2026-08-30 08:40:05.399,2026-08-30 08:40:05.399,2026-08-30
"529","vY68jl9hTG","MOOSPMv3Parser",1788079800,13,13,8,18,18,9,9,19,19,9,2438,674,151689,115,64,7,65,65,20,62,65,0,21,22,59,57,11.97,164,1,35.949726,-119.050041,112.711998,7,599,58,3,"e00fce6808784ceaf209f949",2026-08-30 08:50:03.1,2026-08-30 08:50:03.309,2026-08-30 08:50:03.309,2026-08-30
"530","kXjnc7oycS","MOOSPMv3Parser",1788079801,0,0,2,0,0,2,2,0,0,2,221,130,1917,19,12,2,13,13,20,39,13,0,21,22,45,42,18.66,234,1,36.198853,-120.104507,87.418999,0,600,58,3,"e00fce686dc2ef0a68fa40b0",2026-08-30 08:50:03.194,2026-08-30 08:50:03.36,2026-08-30 08:50:03.36,2026-08-30
"531","6PIAj8zfp3","MOOSPMv3Parser",1788079801,0,0,4,1,1,4,4,2,2,4,283,193,3539,35,29,4,29,29,22,44,29,0,23,24,49,48,5.269,113,1,35.963192,-119.291885,37.264,7,600,58,3,"e00fce68d6b773b56ce8baa0",2026-08-30 08:50:03.182,2026-08-30 08:50:03.415,2026-08-30 08:50:03.415,2026-08-30
"532","1uwlDr1D9G","MOOSPMv3Parser",1788079801,2,2,3,4,4,3,3,5,5,3,567,172,108869,32,23,4,24,24,0,0,24,0,21,22,53,52,15.8,82,1,36.433567,-119.923462,25.521,5,600,58,3,"e00fce6876826e255108c6bd",2026-08-30 08:50:03.45,2026-08-30 08:50:03.628,2026-08-30 08:50:03.628,2026-08-30
"533","qrzj4pDrcQ","MOOSPMv3Parser",1788079800,23,21,26,38,34,27,27,40,40,27,4327,1162,118552,264,202,17,203,203,19,35,203,0,23,21,36,44,29.517,120,1,36.139076,-120.368416,174.022003,7,600,58,3,"e00fce6850cac69f647dc199",2026-08-30 08:50:03.783,2026-08-30 08:50:03.963,2026-08-30 08:50:03.963,2026-08-30
"534","IGMmMJ8Cv0","MOOSPMv3Parser",1788079800,31,26,31,49,40,33,33,52,49,33,5463,1571,248043,323,244,20,245,245,19,80,245,0,18,20,83,75,2.978,113,1,36.523434,-119.278793,87.365997,6,600,58,3,"e00fce68f12da1a0c5de6248",2026-08-30 08:50:03.978,2026-08-30 08:50:04.246,2026-08-30 08:50:04.246,2026-08-30
"535","XvLrsKLxVq","MOOSPMv3Parser",1788079801,4,4,4,6,6,4,4,6,6,4,822,235,137055,42,30,3,31,31,22,25,31,1,22,24,37,37,24.388,113,3277,2.9e-05,-0.004205,11924.019531,9,600,58,3,"e00fce68e28dcbc9a589be10",2026-08-30 08:50:04.284,2026-08-30 08:50:04.437,2026-08-30 08:50:04.437,2026-08-30
"536","RaZKD1Nt3t","MOOSPMv3Parser",1788079800,14,14,11,20,20,12,12,21,21,12,2843,702,43712,139,89,8,89,89,21,78,89,0,22,23,64,64,2.226,235,1,35.775021,-119.238564,66.431999,6,600,58,3,"e00fce68e88237db75a60608",2026-08-30 08:50:04.253,2026-08-30 08:50:04.447,2026-08-30 08:50:04.447,2026-08-30
"537","Hz4Lg7MM9z","MOOSPMv3Parser",1788079801,3,3,0,6,6,0,0,6,6,0,956,216,0,41,0,3,0,0,21,44,0,2,22,22,50,51,8.186,196,1,36.187527,-119.822083,31.608999,6,600,58,3,"e00fce68e739ecbcf9e91965",2026-08-30 08:50:05.098,2026-08-30 08:50:05.285,2026-08-30 08:50:05.285,2026-08-30
"538","MjHLTwKBdj","MOOSPMv3Parser",1788079800,4,4,3,5,5,3,3,6,6,3,1543,237,1993,34,22,2,22,22,19,43,22,0,21,20,49,51,21.872,214,2,36.503212,-120.325356,47.648998,9,600,58,3,"e00fce68e77e43df92405fdb",2026-08-30 08:50:07.27,2026-08-30 08:50:07.525,2026-08-30 08:50:07.525,2026-08-30
"539","HGs8E4823D","MOOSPMv3Parser",1788080401,0,0,4,2,2,4,5,3,3,5,302,211,3566,38,33,4,33,33,22,44,33,1,23,24,50,48,2.931,141,1,35.9631,-119.291794,60.304001,7,600,58,3,"e00fce68d6b773b56ce8baa0",2026-08-30 09:00:02.85,2026-08-30 09:00:03.126,2026-08-30 09:00:03.126,2026-08-30
"540","QeDGXGw3yo","MOOSPMv3Parser",1788080400,13,13,8,19,19,9,9,19,19,9,2402,669,151745,121,64,7,64,64,20,61,64,0,21,22,61,57,10.012,176,1,35.949554,-119.050011,115.864998,7,599,58,3,"e00fce6808784ceaf209f949",2026-08-30 09:00:03.236,2026-08-30 09:00:03.579,2026-08-30 09:00:03.579,2026-08-30
"541","x5rQsAps02","MOOSPMv3Parser",1788080401,2,2,3,4,4,3,3,5,5,3,571,176,108889,33,23,4,23,23,0,0,23,0,21,22,53,53,15.499,82,1,36.433712,-119.923225,42.625999,7,600,58,3,"e00fce6876826e255108c6bd",2026-08-30 09:00:03.459,2026-08-30 09:00:03.712,2026-08-30 09:00:03.712,2026-08-30
"542","c5qBuUW07k","MOOSPMv3Parser",1788080401,0,0,2,0,0,2,2,0,0,2,223,135,1928,22,13,2,13,13,20,40,13,0,20,22,46,43,18.499,250,1,36.198746,-120.1045,70.004997,5,600,58,3,"e00fce686dc2ef0a68fa40b0",2026-08-30 09:00:03.555,2026-08-30 09:00:03.892,2026-08-30 09:00:03.892,2026-08-30
"543","35ezZ4phSB","MOOSPMv3Parser",1788080400,29,25,30,46,39,32,32,49,47,32,5210,1499,248250,300,236,19,237,237,19,79,237,0,19,20,79,72,3.599,116,1,36.523384,-119.27874,74.762001,7,600,58,3,"e00fce68f12da1a0c5de6248",2026-08-30 09:00:04.04,2026-08-30 09:00:04.252,2026-08-30 09:00:04.252,2026-08-30
"544","gttdH1rhoh","MOOSPMv3Parser",1788080400,23,22,27,38,35,28,28,41,40,28,4387,1181,118733,266,208,17,209,209,19,35,209,0,23,20,37,45,27.312,134,1,36.139042,-120.368408,169.988007,6,600,58,3,"e00fce6850cac69f647dc199",2026-08-30 09:00:04.107,2026-08-30 09:00:04.286,2026-08-30 09:00:04.286,2026-08-30
"545","ciT1PFxWEf","MOOSPMv3Parser",1788080400,14,14,11,22,22,12,12,22,22,12,2857,711,43790,142,89,12,89,89,21,78,89,0,22,22,63,63,2.511,217,1,35.775021,-119.238525,61.377998,8,600,58,3,"e00fce68e88237db75a60608",2026-08-30 09:00:04.348,2026-08-30 09:00:04.527,2026-08-30 09:00:04.527,2026-08-30
"546","OwXZj3gDFh","MOOSPMv3Parser",1788080401,4,4,4,6,6,4,4,7,7,4,826,233,137080,42,30,3,30,30,21,26,30,1,22,23,39,38,21.932,150,3277,2.9e-05,-0.004205,11924.019531,9,600,58,3,"e00fce68e28dcbc9a589be10",2026-08-30 09:00:04.455,2026-08-30 09:00:04.647,2026-08-30 09:00:04.647,2026-08-30
"547","iNkJlfxRnF","MOOSPMv3Parser",1788080401,4,4,0,6,6,0,0,7,7,0,994,229,0,46,0,4,0,0,20,44,0,2,22,22,50,51,13.782,163,3,36.187492,-119.822006,32.945,5,600,58,3,"e00fce68e739ecbcf9e91965",2026-08-30 09:00:04.846,2026-08-30 09:00:05.031,2026-08-30 09:00:05.031,2026-08-30
"548","yMt2arGL4x","MOOSPMv3Parser",1788081000,23,22,27,38,34,28,28,41,40,28,4401,1182,118915,262,208,18,209,209,19,37,209,0,23,20,38,47,25.935,146,1,36.139015,-120.368408,175.350006,10,600,58,3,"e00fce6850cac69f647dc199",2026-08-30 09:10:03.084,2026-08-30 09:10:03.281,2026-08-30 09:10:03.281,2026-08-30
"549","oGO2PBZjbs","MOOSPMv3Parser",1788081000,13,13,8,19,19,8,8,19,19,8,2399,666,151799,120,63,7,63,63,20,61,63,0,20,22,61,57,9.346,184,1,35.949574,-119.049995,116.049004,8,599,58,3,"e00fce6808784ceaf209f949",2026-08-30 09:10:03.097,2026-08-30 09:10:03.32,2026-08-30 09:10:03.32,2026-08-30
"550","xFZt1n6WHE","MOOSPMv3Parser",1788081001,0,0,4,2,2,4,4,2,2,4,287,201,3591,35,30,4,30,30,22,44,30,0,22,23,51,48,6.843,101,1,35.963242,-119.291885,32.285999,7,600,58,3,"e00fce68d6b773b56ce8baa0",2026-08-30 09:10:03.178,2026-08-30 09:10:03.395,2026-08-30 09:10:03.395,2026-08-30
"551","Ui88BHQXeN","MOOSPMv3Parser",1788081001,2,2,3,4,4,3,3,6,6,3,580,178,108909,37,23,4,23,23,0,0,23,0,21,21,53,53,15.569,82,1,36.433716,-119.923462,-8.81,5,600,58,3,"e00fce6876826e255108c6bd",2026-08-30 09:10:03.494,2026-08-30 09:10:03.661,2026-08-30 09:10:03.661,2026-08-30
"552","RbJe8lxMEr","MOOSPMv3Parser",1788081001,0,0,2,0,0,2,2,0,0,2,224,136,1938,22,13,2,13,13,20,41,13,0,20,22,46,43,17.726,264,1,36.198902,-120.104393,89.931999,5,600,58,3,"e00fce686dc2ef0a68fa40b0",2026-08-30 09:10:03.726,2026-08-30 09:10:03.893,2026-08-30 09:10:03.893,2026-08-30
"553","qAJGpbe6Iz","MOOSPMv3Parser",1788081000,3,3,3,5,5,3,3,5,5,3,1423,210,2029,32,20,2,20,20,19,43,20,0,21,20,47,51,23.551,172,2,36.503223,-120.325409,44.660999,9,600,58,3,"e00fce68e77e43df92405fdb",2026-08-30 09:10:03.785,2026-08-30 09:10:03.971,2026-08-30 09:10:03.971,2026-08-30
"554","ekIMsugvaZ","MOOSPMv3Parser",1788081000,24,22,24,36,33,26,26,38,38,26,4256,1222,248417,239,191,13,191,191,19,76,192,0,19,20,75,69,4.613,141,1,36.523277,-119.278778,90.203003,7,600,58,3,"e00fce68f12da1a0c5de6248",2026-08-30 09:10:03.812,2026-08-30 09:10:04.007,2026-08-30 09:10:04.007,2026-08-30
"555","7yUa2kDFLr","MOOSPMv3Parser",1788081001,4,4,4,6,6,4,4,6,6,4,843,238,137106,40,30,2,30,30,21,27,30,1,21,23,39,38,22.067,146,3277,2.9e-05,-0.004205,11924.019531,9,600,58,3,"e00fce68e28dcbc9a589be10",2026-08-30 09:10:04.226,2026-08-30 09:10:04.392,2026-08-30 09:10:04.392,2026-08-30
"556","z0XGeR9XZU","MOOSPMv3Parser",1788081000,11,11,10,17,17,11,11,18,18,11,2481,602,43858,113,79,7,79,79,21,66,79,0,23,22,53,55,2.78,191,1,35.775043,-119.238564,68.448997,6,600,58,3,"e00fce68e88237db75a60608",2026-08-30 09:10:04.348,2026-08-30 09:10:04.481,2026-08-30 09:10:04.481,2026-08-30
"557","xFZuMEdOo6","MOOSPMv3Parser",1788081001,3,3,0,6,6,0,0,6,6,0,968,221,0,42,0,3,0,0,20,44,0,2,22,22,50,51,14.595,164,6,36.187485,-119.82209,26.438,5,600,58,3,"e00fce68e739ecbcf9e91965",2026-08-30 09:10:04.855,2026-08-30 09:10:05.067,2026-08-30 09:10:05.067,2026-08-30
"558","gfzNXP0bi7","MOOSPMv3Parser",1788081601,0,0,2,1,1,2,2,1,1,2,243,150,1950,24,14,2,14,14,20,41,14,0,20,21,47,43,16.96,262,1,36.198891,-120.104568,66.851997,6,600,58,3,"e00fce686dc2ef0a68fa40b0",2026-08-30 09:20:02.865,2026-08-30 09:20:03.094,2026-08-30 09:20:03.094,2026-08-30
"559","7H8dBoripH","MOOSPMv3Parser",1788081601,0,0,4,2,2,4,4,3,3,4,299,206,3617,38,31,4,31,31,21,44,31,0,22,23,51,49,8.242,86,1,35.963242,-119.291885,32.285999,0,600,58,3,"e00fce68d6b773b56ce8baa0",2026-08-30 09:20:03.079,2026-08-30 09:20:03.23,2026-08-30 09:20:03.23,2026-08-30
"560","rK8zMtvn1A","MOOSPMv3Parser",1788081600,13,13,8,19,19,9,9,19,19,9,2446,683,151857,121,65,6,66,66,20,60,66,0,20,21,60,56,8.608,194,1,35.949558,-119.049965,106.036003,6,599,58,3,"e00fce6808784ceaf209f949",2026-08-30 09:20:03.168,2026-08-30 09:20:03.393,2026-08-30 09:20:03.393,2026-08-30
"561","JLcM3Zpxt0","MOOSPMv3Parser",1788081601,2,2,3,4,4,3,3,5,5,3,561,172,108928,32,22,3,22,22,0,0,22,0,21,21,52,52,15.792,82,1,36.43362,-119.923271,56.733002,6,600,58,3,"e00fce6876826e255108c6bd",2026-08-30 09:20:03.396,2026-08-30 09:20:03.572,2026-08-30 09:20:03.572,2026-08-30
"562","ZRxMiXVMJO","MOOSPMv3Parser",1788081600,23,22,26,37,34,28,28,40,40,28,4351,1172,119095,261,207,16,208,208,19,38,208,0,23,20,39,47,23.253,186,1,36.13903,-120.368439,168.498001,8,600,58,3,"e00fce6850cac69f647dc199",2026-08-30 09:20:03.478,2026-08-30 09:20:03.69,2026-08-30 09:20:03.69,2026-08-30
"563","V51bebXPeU","MOOSPMv3Parser",1788081600,8,8,8,13,13,9,9,14,14,9,1981,458,43916,93,66,7,66,66,21,63,66,0,23,22,51,55,5.614,150,1,35.77496,-119.238533,83.706001,5,600,58,3,"e00fce68e88237db75a60608",2026-08-30 09:20:04.095,2026-08-30 09:20:04.313,2026-08-30 09:20:04.313,2026-08-30
"564","HSHWULGL79","MOOSPMv3Parser",1788081600,21,20,20,32,31,21,21,34,34,21,3797,1079,248557,205,160,11,160,160,18,77,160,0,18,20,78,70,6.487,92,1,36.523396,-119.278839,75.176003,6,600,58,3,"e00fce68f12da1a0c5de6248",2026-08-30 09:20:04.134,2026-08-30 09:20:04.333,2026-08-30 09:20:04.333,2026-08-30
"565","K9Rghlyg76","MOOSPMv3Parser",1788081601,4,4,4,6,6,4,4,6,6,4,880,253,137132,43,32,3,32,32,21,26,32,1,22,23,38,38,22.94,124,3277,2.9e-05,-0.004205,11924.019531,9,600,58,3,"e00fce68e28dcbc9a589be10",2026-08-30 09:20:04.278,2026-08-30 09:20:04.467,2026-08-30 09:20:04.467,2026-08-30
"566","L4ylDlY6ym","MOOSPMv3Parser",1788081601,4,4,0,6,6,0,0,7,7,0,1026,234,0,46,0,5,0,0,20,44,0,2,21,22,50,51,15.011,164,8,36.187489,-119.822044,26.756001,8,600,58,3,"e00fce68e739ecbcf9e91965",2026-08-30 09:20:04.847,2026-08-30 09:20:04.991,2026-08-30 09:20:04.991,2026-08-30
"567","IqPhWy9fj5","MOOSPMv3Parser",1788082200,3,3,2,4,4,3,3,5,5,3,1438,202,2063,30,19,2,19,19,19,41,19,0,21,20,46,49,23.191,165,2,36.503155,-120.325363,59.433998,11,600,58,3,"e00fce68e77e43df92405fdb",2026-08-30 09:30:02.136,2026-08-30 09:30:02.466,2026-08-30 09:30:02.466,2026-08-30
"568","A7uJxltuEx","MOOSPMv3Parser",1788082201,0,0,2,0,0,2,2,1,1,2,258,161,1963,25,16,2,16,16,20,41,16,0,20,21,47,44,15.721,256,1,36.198769,-120.104424,72.317001,7,600,58,3,"e00fce686dc2ef0a68fa40b0",2026-08-30 09:30:03.074,2026-08-30 09:30:03.305,2026-08-30 09:30:03.305,2026-08-30
"569","gsi1fucqoh","MOOSPMv3Parser",1788082200,13,13,8,20,20,9,9,20,20,9,2503,703,151913,130,65,6,65,65,20,61,65,0,20,21,61,57,8.153,193,1,35.949589,-119.049973,117.470001,7,599,58,3,"e00fce6808784ceaf209f949",2026-08-30 09:30:03.171,2026-08-30 09:30:03.404,2026-08-30 09:30:03.404,2026-08-30
"570","9mmHVPds8n","MOOSPMv3Parser",1788082201,0,0,4,3,3,5,5,3,3,5,307,214,3646,43,34,5,35,35,21,45,35,0,22,23,52,50,5.152,119,1,35.963131,-119.291977,54.185001,7,600,58,3,"e00fce68d6b773b56ce8baa0",2026-08-30 09:30:03.328,2026-08-30 09:30:03.51,2026-08-30 09:30:03.51,2026-08-30
"571","M62dmXFZDV","MOOSPMv3Parser",1788082201,2,2,3,4,4,3,3,4,4,3,539,166,108947,31,22,4,22,22,0,0,22,0,21,21,52,52,15.413,82,1,36.433643,-119.923271,48.485001,7,600,58,3,"e00fce6876826e255108c6bd",2026-08-30 09:30:03.388,2026-08-30 09:30:03.557,2026-08-30 09:30:03.557,2026-08-30
"572","puVAeOEnl3","MOOSPMv3Parser",1788082200,24,22,27,38,35,28,28,41,41,28,4463,1203,119279,272,212,17,213,213,18,38,213,0,22,20,39,47,25.306,181,1,36.138992,-120.368332,170.639999,8,600,58,3,"e00fce6850cac69f647dc199",2026-08-30 09:30:03.784,2026-08-30 09:30:03.944,2026-08-30 09:30:03.944,2026-08-30
"573","ueLoBydfV3","MOOSPMv3Parser",1788082200,8,8,8,13,13,9,9,14,14,9,1964,459,43972,95,65,6,65,65,21,62,65,0,23,23,52,54,4.827,150,1,35.775078,-119.238495,66.417999,7,600,58,3,"e00fce68e88237db75a60608",2026-08-30 09:30:04.096,2026-08-30 09:30:04.267,2026-08-30 09:30:04.267,2026-08-30
"574","pQqn6jsHJi","MOOSPMv3Parser",1788082200,20,20,19,31,30,20,20,33,33,20,3638,1043,248689,194,151,11,152,152,18,77,152,0,18,20,81,71,5.026,83,1,36.523354,-119.278793,85.459999,6,600,58,3,"e00fce68f12da1a0c5de6248",2026-08-30 09:30:04.094,2026-08-30 09:30:04.278,2026-08-30 09:30:04.278,2026-08-30
"575","29olISHMRz","MOOSPMv3Parser",1788082201,4,4,4,7,7,5,5,7,7,5,932,267,137161,49,33,3,33,33,21,27,33,1,21,23,39,38,23.192,114,3277,2.9e-05,-0.004205,11924.019531,9,600,58,3,"e00fce68e28dcbc9a589be10",2026-08-30 09:30:04.373,2026-08-30 09:30:04.585,2026-08-30 09:30:04.585,2026-08-30
"576","EhRELtMzAh","MOOSPMv3Parser",1788082201,4,4,0,6,6,0,0,7,7,0,1025,238,0,48,0,3,0,0,20,45,0,2,21,22,51,52,14.634,165,9,36.187504,-119.822159,10.033,11,600,58,3,"e00fce68e739ecbcf9e91965",2026-08-30 09:30:04.93,2026-08-30 09:30:05.148,2026-08-30 09:30:05.148,2026-08-30
"577","wnJN8fIiUq","MOOSPMv3Parser",1788082801,0,0,4,3,3,5,5,3,3,5,314,220,3675,41,35,5,35,35,21,44,35,0,22,23,52,49,3.738,128,1,35.963161,-119.291832,52.765999,10,600,58,3,"e00fce68d6b773b56ce8baa0",2026-08-30 09:40:02.919,2026-08-30 09:40:03.096,2026-08-30 09:40:03.096,2026-08-30
"578","AuhAKIsMvI","MOOSPMv3Parser",1788082800,14,14,9,21,21,9,9,21,21,9,2611,731,151973,134,69,7,69,69,20,62,69,0,20,21,61,58,9.069,185,1,35.949589,-119.04995,103.714996,6,599,58,3,"e00fce6808784ceaf209f949",2026-08-30 09:40:03.171,2026-08-30 09:40:03.354,2026-08-30 09:40:03.354,2026-08-30
"579","OpoUMXsNci","MOOSPMv3Parser",1788082801,2,2,3,4,4,3,3,4,4,3,557,171,108966,32,23,2,23,23,0,0,23,0,20,21,53,52,15.21,82,1,36.433449,-119.923454,1.413,4,600,58,3,"e00fce6876826e255108c6bd",2026-08-30 09:40:03.451,2026-08-30 09:40:03.613,2026-08-30 09:40:03.613,2026-08-30
"580","Kgw8PkbCTX","MOOSPMv3Parser",1788082801,0,0,2,1,1,2,2,1,1,2,249,156,1976,25,15,2,16,16,19,41,16,1,19,21,48,44,15.986,260,1,36.198914,-120.104431,76.922997,6,600,58,3,"e00fce686dc2ef0a68fa40b0",2026-08-30 09:40:03.651,2026-08-30 09:40:03.815,2026-08-30 09:40:03.815,2026-08-30
"581","jL6WRz1oAG","MOOSPMv3Parser",1788082800,22,21,22,34,32,23,23,37,37,23,3939,1129,248836,220,169,13,170,170,18,78,170,0,17,19,82,72,4.434,55,1,36.523464,-119.278793,102.457001,6,600,58,3,"e00fce68f12da1a0c5de6248",2026-08-30 09:40:04.061,2026-08-30 09:40:04.246,2026-08-30 09:40:04.246,2026-08-30
"582","c8mVGaZwxu","MOOSPMv3Parser",1788082800,23,22,27,38,34,28,28,40,40,28,4386,1184,119463,264,212,16,213,213,18,41,213,0,22,19,42,50,26.357,136,1,36.13903,-120.368408,186.147003,9,600,58,3,"e00fce6850cac69f647dc199",2026-08-30 09:40:04.178,2026-08-30 09:40:04.402,2026-08-30 09:40:04.402,2026-08-30
"583","tJ91yszcDJ","MOOSPMv3Parser",1788082800,9,9,8,14,14,9,9,14,14,9,2008,467,44028,94,63,7,64,64,21,60,64,0,23,23,51,53,4.532,151,1,35.775051,-119.23851,67.371002,6,600,58,3,"e00fce68e88237db75a60608",2026-08-30 09:40:04.341,2026-08-30 09:40:04.557,2026-08-30 09:40:04.557,2026-08-30
"584","P8e4csxwpE","MOOSPMv3Parser",1788082801,5,5,5,7,7,5,5,7,7,5,966,274,137193,48,37,3,37,37,21,27,37,1,21,23,39,38,22.548,124,3277,2.9e-05,-0.004205,11924.019531,9,600,58,3,"e00fce68e28dcbc9a589be10",2026-08-30 09:40:04.456,2026-08-30 09:40:04.597,2026-08-30 09:40:04.597,2026-08-30
"585","Xy3U3NqHHx","MOOSPMv3Parser",1788082801,4,4,0,7,7,0,0,8,8,0,1075,248,0,48,0,6,0,0,20,45,0,2,21,21,51,52,14.541,175,9,36.187538,-119.822166,25.027,9,600,58,3,"e00fce68e739ecbcf9e91965",2026-08-30 09:40:05.152,2026-08-30 09:40:05.29,2026-08-30 09:40:05.29,2026-08-30
"586","mMWe9LfdLW","MOOSPMv3Parser",1788083401,0,0,4,3,3,4,5,3,3,5,312,217,3702,40,32,5,33,33,21,44,33,0,22,23,48,48,0.976,137,1,35.963154,-119.291939,45.075001,8,600,58,3,"e00fce68d6b773b56ce8baa0",2026-08-30 09:50:03.23,2026-08-30 09:50:03.387,2026-08-30 09:50:03.387,2026-08-30
"587","1ERBY3MHGL","MOOSPMv3Parser",1788083400,23,22,26,38,34,28,28,40,40,28,4417,1189,119642,264,205,15,206,206,18,41,206,0,22,19,41,50,23.606,160,1,36.139111,-120.368393,189.225006,8,600,58,3,"e00fce6850cac69f647dc199",2026-08-30 09:50:03.219,2026-08-30 09:50:03.421,2026-08-30 09:50:03.421,2026-08-30
"588","wUuFiWh8gh","MOOSPMv3Parser",1788083400,15,15,10,22,22,10,10,23,23,10,2703,757,151785,141,75,8,76,76,20,63,76,0,20,21,61,59,8.292,186,1,35.949589,-119.04995,103.710999,0,600,58,3,"e00fce6808784ceaf209f949",2026-08-30 09:50:03.245,2026-08-30 09:50:03.461,2026-08-30 09:50:03.461,2026-08-30
"589","uHoJEzWgit","MOOSPMv3Parser",1788083401,2,2,3,4,4,3,3,5,5,4,556,169,108987,32,24,3,24,24,0,0,24,1,20,21,53,53,15.079,83,1,36.433529,-119.923515,4.414,5,600,58,3,"e00fce6876826e255108c6bd",2026-08-30 09:50:03.458,2026-08-30 09:50:03.691,2026-08-30 09:50:03.691,2026-08-30
"590","SobqZmBoE2","MOOSPMv3Parser",1788083401,0,0,2,1,1,2,2,1,1,2,234,143,1990,23,17,2,17,17,19,42,17,1,19,21,49,45,14,287,1,36.198917,-120.104439,105.261002,8,600,58,3,"e00fce686dc2ef0a68fa40b0",2026-08-30 09:50:03.779,2026-08-30 09:50:04.018,2026-08-30 09:50:04.018,2026-08-30
"591","fkSfk4PIXh","MOOSPMv3Parser",1788083400,22,21,22,35,32,23,23,37,37,23,4022,1154,248990,229,175,13,176,176,18,79,176,0,17,19,82,73,6.064,54,1,36.523384,-119.278801,76.550003,7,600,58,3,"e00fce68f12da1a0c5de6248",2026-08-30 09:50:04.006,2026-08-30 09:50:04.186,2026-08-30 09:50:04.186,2026-08-30
"592","ETCV99t7qP","MOOSPMv3Parser",1788083400,8,8,8,13,13,8,8,13,13,8,1879,439,44079,87,59,7,59,59,21,60,59,0,23,23,52,53,5.937,143,1,35.775063,-119.238518,67.754997,9,600,58,3,"e00fce68e88237db75a60608",2026-08-30 09:50:04.113,2026-08-30 09:50:04.326,2026-08-30 09:50:04.326,2026-08-30
"593","WxwjlnX6Kj","MOOSPMv3Parser",1788083401,5,5,5,8,8,5,6,8,8,6,1011,291,137226,58,39,4,40,40,21,27,40,1,21,22,40,39,22.42,131,3277,2.9e-05,-0.004205,11924.019531,9,600,58,3,"e00fce68e28dcbc9a589be10",2026-08-30 09:50:04.366,2026-08-30 09:50:04.547,2026-08-30 09:50:04.547,2026-08-30
"594","J3kWVbkNa8","MOOSPMv3Parser",1788083401,4,4,0,6,6,0,0,7,7,0,1053,246,0,50,0,4,0,0,20,45,0,2,21,21,51,52,14.365,169,9,36.187538,-119.822166,25.027,0,600,58,3,"e00fce68e739ecbcf9e91965",2026-08-30 09:50:05.009,2026-08-30 09:50:05.155,2026-08-30 09:50:05.155,2026-08-30
"595","oJr0RnJci5","MOOSPMv3Parser",1788084001,0,0,2,0,0,2,2,1,1,2,228,138,2002,24,14,2,14,14,19,43,14,1,19,20,51,47,14.06,291,1,36.198849,-120.104439,91.541,7,600,58,3,"e00fce686dc2ef0a68fa40b0",2026-08-30 10:00:02.763,2026-08-30 10:00:03.656,2026-08-30 10:00:03.656,2026-08-30
"596","tzUW70rvzj","MOOSPMv3Parser",1788084001,0,0,4,2,2,4,4,3,3,5,311,219,3728,41,31,5,32,32,21,43,32,1,22,23,48,48,6.274,83,1,35.963272,-119.291832,51.715,8,600,58,3,"e00fce68d6b773b56ce8baa0",2026-08-30 10:00:03.09,2026-08-30 10:00:03.717,2026-08-30 10:00:03.717,2026-08-30
"597","ivE8utm896","MOOSPMv3Parser",1788084001,2,2,3,4,4,3,3,4,4,3,544,167,109005,31,21,3,21,21,0,0,21,0,20,21,54,53,15.289,83,1,36.433628,-119.923409,29.172001,5,600,58,3,"e00fce6876826e255108c6bd",2026-08-30 10:00:03.452,2026-08-30 10:00:03.978,2026-08-30 10:00:03.978,2026-08-30
"598","0aQTjJBtgk","MOOSPMv3Parser",1788084000,15,15,10,23,23,10,10,24,24,10,2801,787,152106,150,78,9,79,79,19,64,79,0,20,21,62,60,6.703,196,1,35.949581,-119.049881,110.669998,7,599,58,3,"e00fce6808784ceaf209f949",2026-08-30 10:00:03.234,2026-08-30 10:00:04.184,2026-08-30 10:00:04.184,2026-08-30
"599","8P5B1FGP3R","MOOSPMv3Parser",1788084000,23,21,26,37,34,28,28,40,40,28,4348,1164,119822,259,207,16,208,208,18,41,208,0,22,19,41,50,22.237,193,1,36.138977,-120.368355,159.470993,8,600,58,3,"e00fce6850cac69f647dc199",2026-08-30 10:00:03.461,2026-08-30 10:00:04.224,2026-08-30 10:00:04.224,2026-08-30
"600","l5pV5eDXnQ","MOOSPMv3Parser",1788084000,25,23,25,39,35,26,26,41,41,26,4402,1269,249162,254,196,14,197,197,18,79,197,0,17,19,84,74,4.605,50,1,36.523674,-119.278885,98.024002,6,600,58,3,"e00fce68f12da1a0c5de6248",2026-08-30 10:00:04.196,2026-08-30 10:00:04.533,2026-08-30 10:00:04.533,2026-08-30
"601","KNxNCHMtgJ","MOOSPMv3Parser",1788084001,5,5,5,8,8,5,6,8,8,6,1009,289,137259,57,40,4,40,40,20,28,40,1,21,22,41,40,21.554,153,3277,2.9e-05,-0.004205,11924.019531,9,600,58,3,"e00fce68e28dcbc9a589be10",2026-08-30 10:00:04.281,2026-08-30 10:00:04.577,2026-08-30 10:00:04.577,2026-08-30
"602","ZWYZAjtLFv","MOOSPMv3Parser",1788084000,7,7,7,11,11,7,7,12,12,7,1780,417,44126,80,54,5,54,54,21,59,54,0,23,23,51,53,6.517,138,1,35.775063,-119.238518,67.752998,0,600,58,3,"e00fce68e88237db75a60608",2026-08-30 10:00:04.259,2026-08-30 10:00:04.695,2026-08-30 10:00:04.695,2026-08-30
"603","9XLCbGm2vd","MOOSPMv3Parser",1788084001,4,4,0,6,6,0,0,7,7,0,983,230,0,44,0,4,0,0,20,46,0,2,21,21,52,53,13.547,178,9,36.187542,-119.822327,18.671,10,600,58,3,"e00fce68e739ecbcf9e91965",2026-08-30 10:00:05.094,2026-08-30 10:00:05.33,2026-08-30 10:00:05.33,2026-08-30
"604","fia8Za77A6","MOOSPMv3Parser",1788084600,4,4,0,6,6,0,0,7,7,0,1056,244,0,48,0,5,0,0,20,46,0,2,21,21,52,53,13.401,178,9,36.187531,-119.822083,22.16,10,597,58,3,"e00fce68e739ecbcf9e91965",2026-08-30 10:10:02.127,2026-08-30 10:10:02.341,2026-08-30 10:10:02.341,2026-08-30
"605","wzymb9nICe","MOOSPMv3Parser",1788084601,0,0,2,0,0,2,2,0,0,2,222,136,2012,21,13,2,13,13,19,43,13,1,19,20,51,47,14.826,261,1,36.198833,-120.104446,83.167,6,600,58,3,"e00fce686dc2ef0a68fa40b0",2026-08-30 10:10:03.088,2026-08-30 10:10:03.29,2026-08-30 10:10:03.29,2026-08-30
"606","2vZsIEZcqC","MOOSPMv3Parser",1788084601,1,1,4,2,2,4,4,2,2,4,297,205,3753,36,30,5,30,30,21,44,30,0,22,23,49,48,9.085,71,1,35.963181,-119.291817,42.359001,8,600,58,3,"e00fce68d6b773b56ce8baa0",2026-08-30 10:10:03.252,2026-08-30 10:10:03.459,2026-08-30 10:10:03.459,2026-08-30
"607","7DWf5Jsr6M","MOOSPMv3Parser",1788084601,2,2,3,4,4,3,3,5,5,3,503,154,109023,31,21,4,21,21,0,0,21,1,20,21,54,53,15.375,83,1,36.433655,-119.92334,43.887001,5,600,58,3,"e00fce6876826e255108c6bd",2026-08-30 10:10:03.451,2026-08-30 10:10:03.624,2026-08-30 10:10:03.624,2026-08-30
"608","cl8o4d0WBU","MOOSPMv3Parser",1788084600,16,16,10,23,23,11,11,24,24,11,2981,836,152176,150,80,8,81,81,19,65,81,0,20,21,63,60,5.656,202,1,35.949638,-119.049957,120.179001,10,599,58,3,"e00fce6808784ceaf209f949",2026-08-30 10:10:03.414,2026-08-30 10:10:03.657,2026-08-30 10:10:03.657,2026-08-30
"609","y6i65RnrJb","MOOSPMv3Parser",1788084600,23,22,27,38,35,28,28,41,41,28,4389,1181,120004,271,209,17,209,209,18,41,210,0,22,19,41,50,22.82,199,1,36.139065,-120.368416,173.526993,9,600,58,3,"e00fce6850cac69f647dc199",2026-08-30 10:10:03.788,2026-08-30 10:10:03.963,2026-08-30 10:10:03.963,2026-08-30
"610","QEnPZik3ZY","MOOSPMv3Parser",1788084600,6,6,6,10,10,7,7,10,10,7,1598,354,44169,68,49,4,49,49,21,56,50,0,23,22,49,50,8.28,122,1,35.775032,-119.238548,74,10,600,58,3,"e00fce68e88237db75a60608",2026-08-30 10:10:04.333,2026-08-30 10:10:04.491,2026-08-30 10:10:04.491,2026-08-30
"611","vjf1LANCgn","MOOSPMv3Parser",1788084601,5,5,5,8,8,5,5,9,9,5,1009,289,137291,57,37,5,38,38,20,28,38,1,21,22,40,40,22.454,117,3277,2.9e-05,-0.004205,11924.019531,9,600,58,3,"e00fce68e28dcbc9a589be10",2026-08-30 10:10:04.372,2026-08-30 10:10:04.545,2026-08-30 10:10:04.545,2026-08-30
"612","a3dnOMau2v","MOOSPMv3Parser",1788084600,23,22,23,35,33,24,24,38,38,24,4156,1191,249321,231,182,12,182,182,18,79,182,0,17,19,83,74,3.482,59,1,36.523438,-119.278709,106.026001,6,600,58,3,"e00fce68f12da1a0c5de6248",2026-08-30 10:10:04.682,2026-08-30 10:10:04.966,2026-08-30 10:10:04.966,2026-08-30
"613","9KQ4hB38Fy","MOOSPMv3Parser",1788085200,4,4,0,7,7,0,0,7,7,0,1005,234,0,48,0,5,0,0,20,46,0,2,21,21,52,53,13.264,178,9,36.187611,-119.822113,19.847,7,600,58,3,"e00fce68e739ecbcf9e91965",2026-08-30 10:20:01.996,2026-08-30 10:20:02.157,2026-08-30 10:20:02.157,2026-08-30
"614","LjAQNCOnx9","MOOSPMv3Parser",1788085201,0,0,4,2,2,4,4,2,2,4,287,199,3778,36,29,4,29,29,21,44,29,0,22,23,50,48,9.568,86,1,35.963196,-119.291832,28.892,5,600,58,3,"e00fce68d6b773b56ce8baa0",2026-08-30 10:20:02.923,2026-08-30 10:20:03.189,2026-08-30 10:20:03.189,2026-08-30
"615","tahDZ6uCPN","MOOSPMv3Parser",1788085200,3,3,2,4,4,3,3,5,5,3,1297,203,2145,29,19,3,19,19,-10,-10,19,0,20,20,49,50,22.138,177,2,36.503128,-120.325386,49.766998,6,600,58,3,"e00fce68e77e43df92405fdb",2026-08-30 10:20:03.074,2026-08-30 10:20:03.278,2026-08-30 10:20:03.278,2026-08-30
"616","lLoCrqBU71","MOOSPMv3Parser",1788085200,15,15,10,23,23,11,11,24,24,11,2868,802,152247,150,82,9,82,82,19,65,82,0,20,21,63,60,4.972,206,1,35.949516,-119.049988,117.617996,7,599,58,3,"e00fce6808784ceaf209f949",2026-08-30 10:20:03.236,2026-08-30 10:20:03.397,2026-08-30 10:20:03.397,2026-08-30
"617","nVKFPPGjjS","MOOSPMv3Parser",1788085201,2,2,3,4,4,3,3,4,4,3,504,155,109043,32,22,3,23,23,0,0,23,1,19,20,54,53,15.341,83,1,36.433647,-119.923454,37.259998,7,600,58,3,"e00fce6876826e255108c6bd",2026-08-30 10:20:03.394,2026-08-30 10:20:03.547,2026-08-30 10:20:03.547,2026-08-30
"618","sfrFaLLJwe","MOOSPMv3Parser",1788085201,0,0,2,0,0,2,2,0,0,2,221,130,2023,21,12,2,12,12,19,43,12,0,19,20,51,47,13.297,247,1,36.198994,-120.104553,118.222,6,600,58,3,"e00fce686dc2ef0a68fa40b0",2026-08-30 10:20:03.401,2026-08-30 10:20:03.565,2026-08-30 10:20:03.565,2026-08-30
"619","raehRGXn6U","MOOSPMv3Parser",1788085200,19,19,18,29,28,19,19,31,31,19,3469,994,249445,187,142,11,143,143,17,76,143,0,17,19,78,70,5.727,48,1,36.523373,-119.278809,105.401001,6,600,58,3,"e00fce68f12da1a0c5de6248",2026-08-30 10:20:03.913,2026-08-30 10:20:04.131,2026-08-30 10:20:04.131,2026-08-30
"620","hJJOE64aLS","MOOSPMv3Parser",1788085200,24,22,27,38,34,28,28,41,41,28,4440,1197,120189,262,212,17,213,213,18,41,213,0,22,19,41,50,22.468,199,1,36.139065,-120.368416,173.524002,0,600,58,3,"e00fce6850cac69f647dc199",2026-08-30 10:20:04.182,2026-08-30 10:20:04.388,2026-08-30 10:20:04.388,2026-08-30
"621","1ZjkiONplS","MOOSPMv3Parser",1788085201,4,4,4,7,7,4,4,7,7,5,881,253,137318,48,32,3,32,32,20,29,32,1,21,22,40,41,22.881,97,3277,2.9e-05,-0.004205,11924.019531,9,600,58,3,"e00fce68e28dcbc9a589be10",2026-08-30 10:20:04.205,2026-08-30 10:20:04.4,2026-08-30 10:20:04.4,2026-08-30
"622","rMaX3uPYvf","MOOSPMv3Parser",1788085200,5,5,5,8,8,6,6,8,8,6,1409,304,44205,51,41,3,41,41,20,56,41,0,23,22,49,51,10.524,101,1,35.774948,-119.238533,62.855,6,600,58,3,"e00fce68e88237db75a60608",2026-08-30 10:20:04.253,2026-08-30 10:20:04.489,2026-08-30 10:20:04.489,2026-08-30
"623","H3qCaQyAEx","MOOSPMv3Parser",1788085800,3,3,0,6,6,0,0,6,6,0,938,215,0,42,0,3,0,0,20,46,0,2,20,21,52,53,13.09,175,9,36.187725,-119.82209,65.341003,7,600,58,3,"e00fce68e739ecbcf9e91965",2026-08-30 10:30:01.967,2026-08-30 10:30:02.177,2026-08-30 10:30:02.177,2026-08-30
"624","SAij8RYF3o","MOOSPMv3Parser",1788085800,3,3,2,4,4,3,3,5,5,3,1284,198,2162,29,19,2,20,20,19,43,20,0,19,20,49,51,22.706,175,2,36.503147,-120.325378,51.821999,7,600,58,3,"e00fce68e77e43df92405fdb",2026-08-30 10:30:01.966,2026-08-30 10:30:02.186,2026-08-30 10:30:02.186,2026-08-30
"625","OiApxH9dMH","MOOSPMv3Parser",1788085800,4,4,4,6,6,4,4,6,6,4,833,237,137802,41,30,3,30,30,20,29,30,1,21,22,40,41,22.995,97,3277,2.9e-05,-0.004205,11924.019531,9,598,58,3,"e00fce68e28dcbc9a589be10",2026-08-30 10:30:02.448,2026-08-30 10:30:02.667,2026-08-30 10:30:02.667,2026-08-30
"626","cxGG583GYQ","MOOSPMv3Parser",1788085800,24,22,28,39,35,29,29,42,42,29,4508,1217,120378,274,217,18,218,218,18,43,218,0,22,19,42,52,22.933,174,1,36.139015,-120.368408,187.423004,6,600,58,3,"e00fce6850cac69f647dc199",2026-08-30 10:30:03.064,2026-08-30 10:30:03.243,2026-08-30 10:30:03.243,2026-08-30
"627","6vaDgVUCYA","MOOSPMv3Parser",1788085800,15,15,10,22,22,10,10,23,23,10,2805,786,152315,146,78,8,78,78,19,65,78,0,20,21,63,60,4.042,214,1,35.949738,-119.050026,141.360001,8,599,58,3,"e00fce6808784ceaf209f949",2026-08-30 10:30:03.245,2026-08-30 10:30:03.434,2026-08-30 10:30:03.434,2026-08-30
"628","LSkXwFzHWW","MOOSPMv3Parser",1788085801,0,0,4,2,2,4,4,2,2,4,288,197,3803,38,30,4,30,31,21,44,31,0,22,23,53,51,6.639,95,1,35.963257,-119.291618,77.781998,7,600,58,3,"e00fce68d6b773b56ce8baa0",2026-08-30 10:30:03.321,2026-08-30 10:30:03.479,2026-08-30 10:30:03.479,2026-08-30
"629","ZVjGYOH3iI","MOOSPMv3Parser",1788085801,2,2,3,4,4,3,3,4,4,3,511,157,109061,30,22,3,22,22,0,0,22,1,19,20,54,53,15.065,83,1,36.43354,-119.923378,43.855,7,600,58,3,"e00fce6876826e255108c6bd",2026-08-30 10:30:03.559,2026-08-30 10:30:03.719,2026-08-30 10:30:03.719,2026-08-30
"630","F1U2XosBNb","MOOSPMv3Parser",1788085801,0,0,2,0,0,2,2,0,0,2,220,131,2034,22,13,2,13,13,19,43,13,0,18,20,51,47,15.302,229,1,36.199154,-120.105103,141.479996,6,600,58,3,"e00fce686dc2ef0a68fa40b0",2026-08-30 10:30:03.735,2026-08-30 10:30:03.938,2026-08-30 10:30:03.938,2026-08-30
"631","C2m6SIXfc3","MOOSPMv3Parser",1788085800,15,15,13,22,22,14,14,24,24,14,2713,770,249539,142,105,10,106,106,17,76,106,0,17,19,77,70,7.326,55,1,36.523373,-119.278809,105.402,0,600,58,3,"e00fce68f12da1a0c5de6248",2026-08-30 10:30:03.885,2026-08-30 10:30:04.038,2026-08-30 10:30:04.038,2026-08-30
"632","Y9z37a2JvI","MOOSPMv3Parser",1788085800,5,5,5,8,8,5,5,8,8,5,1425,312,44238,54,38,3,38,38,20,56,38,0,22,22,49,51,10.781,97,1,35.775074,-119.238533,71.431999,7,600,58,3,"e00fce68e88237db75a60608",2026-08-30 10:30:04.182,2026-08-30 10:30:04.328,2026-08-30 10:30:04.328,2026-08-30
"633","PwLtFrxGHS","MOOSPMv3Parser",1788086400,3,3,0,6,6,0,0,6,6,0,947,217,0,40,0,2,0,0,19,46,0,2,20,21,52,53,13.137,170,9,36.18758,-119.82209,46.138,6,600,58,3,"e00fce68e739ecbcf9e91965",2026-08-30 10:40:01.9,2026-08-30 10:40:02.058,2026-08-30 10:40:02.058,2026-08-30
"634","jkMSn1AkVD","MOOSPMv3Parser",1788086400,3,3,3,5,5,4,4,5,5,4,752,212,137367,37,27,2,27,27,20,30,27,1,21,22,40,41,22.738,95,3277,2.9e-05,-0.004205,11924.019531,9,600,58,3,"e00fce68e28dcbc9a589be10",2026-08-30 10:40:02.216,2026-08-30 10:40:02.375,2026-08-30 10:40:02.375,2026-08-30
"635","3FRRm81aJ5","MOOSPMv3Parser",1788086401,0,0,4,2,2,4,4,2,2,5,293,203,3828,36,31,5,31,31,21,44,31,1,21,22,53,50,0.202,161,1,35.963074,-119.291702,66.469002,6,600,58,3,"e00fce68d6b773b56ce8baa0",2026-08-30 10:40:02.861,2026-08-30 10:40:02.986,2026-08-30 10:40:02.986,2026-08-30
"636","vOIf7ljpCq","MOOSPMv3Parser",1788086401,0,0,2,0,0,2,2,0,0,2,222,134,2044,20,13,2,13,13,19,44,13,0,18,20,52,48,14.345,221,1,36.199154,-120.105103,141.477005,0,600,58,3,"e00fce686dc2ef0a68fa40b0",2026-08-30 10:40:02.821,2026-08-30 10:40:03.007,2026-08-30 10:40:03.007,2026-08-30
"637","h3fO2IF6df","MOOSPMv3Parser",1788086400,3,3,3,4,4,3,3,4,4,3,1293,194,2179,30,20,2,20,20,18,44,20,0,19,19,50,51,22.006,176,2,36.503139,-120.325409,54.893002,9,600,58,3,"e00fce68e77e43df92405fdb",2026-08-30 10:40:03.033,2026-08-30 10:40:03.28,2026-08-30 10:40:03.28,2026-08-30
"638","X5o1qPKZS6","MOOSPMv3Parser",1788086400,15,15,10,22,22,10,10,23,23,10,2818,790,152381,144,76,8,76,76,19,65,76,0,19,20,63,60,3.982,210,1,35.949677,-119.049957,134.339996,9,599,58,3,"e00fce6808784ceaf209f949",2026-08-30 10:40:03.246,2026-08-30 10:40:03.432,2026-08-30 10:40:03.432,2026-08-30
"639","aB2S4wjsmX","MOOSPMv3Parser",1788086400,24,22,27,38,34,28,28,41,41,28,4410,1192,120562,271,211,17,212,212,18,43,212,0,22,19,42,52,20.616,214,1,36.139084,-120.368385,189.712997,7,600,58,3,"e00fce6850cac69f647dc199",2026-08-30 10:40:03.393,2026-08-30 10:40:03.595,2026-08-30 10:40:03.595,2026-08-30
"640","SC5seTZu7j","MOOSPMv3Parser",1788086401,2,2,3,3,3,3,3,4,4,3,520,161,109081,30,23,3,23,23,0,0,23,1,19,20,56,54,14.582,83,1,36.43354,-119.923325,38.577999,7,600,58,3,"e00fce6876826e255108c6bd",2026-08-30 10:40:03.697,2026-08-30 10:40:03.86,2026-08-30 10:40:03.86,2026-08-30
"641","DsT6gsIVI2","MOOSPMv3Parser",1788086400,16,16,15,25,25,16,16,27,27,16,2981,850,249645,159,120,10,120,120,17,78,120,0,17,18,81,72,5.799,66,1,36.523376,-119.278885,98.529999,7,600,58,3,"e00fce68f12da1a0c5de6248",2026-08-30 10:40:03.914,2026-08-30 10:40:04.141,2026-08-30 10:40:04.141,2026-08-30
"642","SLzuzHS37E","MOOSPMv3Parser",1788086400,5,5,5,8,8,5,5,8,8,5,1351,291,44273,52,40,3,40,40,20,55,40,0,22,22,49,51,9.33,102,1,35.775063,-119.23851,70.362999,6,600,58,3,"e00fce68e88237db75a60608",2026-08-30 10:40:04.174,2026-08-30 10:40:04.39,2026-08-30 10:40:04.39,2026-08-30
"643","nORbyizWCd","MOOSPMv3Parser",1788087000,3,3,0,5,5,0,0,6,6,0,906,205,0,41,0,3,0,0,19,46,0,2,20,21,53,53,12.348,177,9,36.187511,-119.821999,29.603001,9,600,58,3,"e00fce68e739ecbcf9e91965",2026-08-30 10:50:01.964,2026-08-30 10:50:02.123,2026-08-30 10:50:02.123,2026-08-30
"644","4BTaGbaezl","MOOSPMv3Parser",1788087000,3,3,3,4,4,3,3,5,5,3,680,191,137387,33,24,2,24,24,20,30,24,1,21,22,40,41,23.02,94,3277,2.9e-05,-0.004205,11924.019531,9,600,58,3,"e00fce68e28dcbc9a589be10",2026-08-30 10:50:02.39,2026-08-30 10:50:02.595,2026-08-30 10:50:02.595,2026-08-30
"645","vx599irghE","MOOSPMv3Parser",1788087000,3,3,3,4,4,3,3,5,5,3,1291,196,2196,32,20,2,20,20,18,44,20,0,19,19,50,51,21.612,177,2,36.503139,-120.325401,51.278,9,600,58,3,"e00fce68e77e43df92405fdb",2026-08-30 10:50:03.098,2026-08-30 10:50:03.297,2026-08-30 10:50:03.297,2026-08-30
"646","mx58HVK53f","MOOSPMv3Parser",1788087001,0,0,2,1,1,2,2,1,1,2,220,130,2055,21,13,2,13,13,18,44,13,1,18,20,52,48,14.849,223,1,36.198551,-120.104103,21.424,5,600,58,3,"e00fce686dc2ef0a68fa40b0",2026-08-30 10:50:03.071,2026-08-30 10:50:03.316,2026-08-30 10:50:03.316,2026-08-30
"647","tAmby9jUJ5","MOOSPMv3Parser",1788087000,15,15,9,22,22,10,10,23,23,10,2781,779,152446,139,74,8,74,74,19,67,74,0,19,20,65,61,3.707,206,1,35.94949,-119.049942,124.112999,7,599,58,3,"e00fce6808784ceaf209f949",2026-08-30 10:50:03.245,2026-08-30 10:50:03.43,2026-08-30 10:50:03.43,2026-08-30
"648","6lEKnc6kLv","MOOSPMv3Parser",1788087001,0,0,4,1,1,4,4,2,2,4,274,190,3853,32,29,3,30,30,20,45,30,1,21,22,54,51,3.18,128,1,35.963188,-119.291832,39.355,7,600,58,3,"e00fce68d6b773b56ce8baa0",2026-08-30 10:50:03.246,2026-08-30 10:50:03.445,2026-08-30 10:50:03.445,2026-08-30
"649","pee9vKjkPE","MOOSPMv3Parser",1788087001,2,2,3,4,4,3,3,5,5,3,529,164,109100,33,22,5,23,23,0,0,23,0,18,20,57,55,14.458,83,1,36.433567,-119.923325,47.258999,5,600,58,3,"e00fce6876826e255108c6bd",2026-08-30 10:50:03.47,2026-08-30 10:50:03.635,2026-08-30 10:50:03.635,2026-08-30
"650","ohG9RYYpg1","MOOSPMv3Parser",1788087000,23,22,27,37,34,28,28,40,40,28,4338,1168,120743,263,209,16,210,210,17,42,210,0,21,18,41,50,19.534,231,1,36.138962,-120.368401,178.891006,8,600,58,3,"e00fce6850cac69f647dc199",2026-08-30 10:50:03.771,2026-08-30 10:50:03.968,2026-08-30 10:50:03.968,2026-08-30
"651","ZY4JHJiAQm","MOOSPMv3Parser",1788087000,16,16,15,24,24,16,16,26,26,16,2986,852,249751,155,121,9,121,121,17,78,121,0,17,18,81,73,5.583,51,1,36.523319,-119.278778,89.769997,6,600,58,3,"e00fce68f12da1a0c5de6248",2026-08-30 10:50:03.957,2026-08-30 10:50:04.144,2026-08-30 10:50:04.144,2026-08-30
"652","2W0oa7DaEu","MOOSPMv3Parser",1788087000,5,5,5,7,7,5,5,8,8,5,1319,285,44307,51,38,3,39,39,20,55,39,0,22,22,49,51,9.386,106,1,35.775108,-119.238579,75.931,8,600,58,3,"e00fce68e88237db75a60608",2026-08-30 10:50:04.191,2026-08-30 10:50:04.356,2026-08-30 10:50:04.356,2026-08-30
"653","aLgFZbnUUW","MOOSPMv3Parser",1788087600,3,3,0,5,5,0,0,6,6,0,879,197,0,43,0,4,0,0,19,46,0,2,20,20,53,53,11.61,188,8,36.187576,-119.821877,43.615002,7,600,58,3,"e00fce68e739ecbcf9e91965",2026-08-30 11:00:01.898,2026-08-30 11:00:02.151,2026-08-30 11:00:02.151,2026-08-30
"654","9RbuSjXTzo","MOOSPMv3Parser",1788087600,3,3,3,5,5,3,3,5,5,3,726,207,137409,35,25,2,25,25,20,30,25,1,21,22,41,41,22.948,92,3277,2.9e-05,-0.004205,11924.019531,9,600,58,3,"e00fce68e28dcbc9a589be10",2026-08-30 11:00:02.384,2026-08-30 11:00:02.676,2026-08-30 11:00:02.676,2026-08-30
"655","XdsmErU2R9","MOOSPMv3Parser",1788087601,0,0,4,1,1,4,4,2,2,4,282,190,3878,35,30,5,30,30,20,46,30,0,20,22,56,52,5.324,110,1,35.963161,-119.29187,47.067001,7,600,58,3,"e00fce68d6b773b56ce8baa0",2026-08-30 11:00:03.002,2026-08-30 11:00:03.33,2026-08-30 11:00:03.33,2026-08-30
"656","tXCbSE5SSo","MOOSPMv3Parser",1788087600,16,16,9,23,23,10,10,24,24,10,2905,816,152510,147,74,9,74,74,18,71,74,0,19,20,65,63,4.295,197,1,35.949581,-119.049728,146.923004,8,599,58,3,"e00fce6808784ceaf209f949",2026-08-30 11:00:03.245,2026-08-30 11:00:03.765,2026-08-30 11:00:03.765,2026-08-30
"657","deox0gNACY","MOOSPMv3Parser",1788087601,0,0,2,0,0,2,2,0,0,2,229,138,2067,22,14,2,14,14,18,44,14,1,19,20,51,48,14.733,213,1,36.198818,-120.104393,72.035004,6,600,58,3,"e00fce686dc2ef0a68fa40b0",2026-08-30 11:00:03.644,2026-08-30 11:00:04.127,2026-08-30 11:00:04.127,2026-08-30
"658","w0hoSTjK4N","MOOSPMv3Parser",1788087601,2,2,3,4,4,3,3,4,4,3,493,152,109120,30,23,4,23,23,0,0,23,1,18,19,58,56,14.333,84,1,36.433529,-119.923302,23.379999,7,600,58,3,"e00fce6876826e255108c6bd",2026-08-30 11:00:03.537,2026-08-30 11:00:04.155,2026-08-30 11:00:04.155,2026-08-30
"659","kY41NafGrs","MOOSPMv3Parser",1788087600,14,14,13,21,21,14,14,22,22,14,2601,736,249840,134,102,8,102,102,17,79,102,0,17,18,80,73,6.934,50,1,36.523369,-119.278496,153.248993,7,600,58,3,"e00fce68f12da1a0c5de6248",2026-08-30 11:00:04.065,2026-08-30 11:00:04.309,2026-08-30 11:00:04.309,2026-08-30
"660","aCcwWkHbAc","MOOSPMv3Parser",1788087600,23,21,27,37,34,28,28,40,40,28,4316,1161,120927,262,211,17,212,212,17,45,212,0,21,18,44,53,19.313,234,1,36.138977,-120.368332,172.584,6,600,58,3,"e00fce6850cac69f647dc199",2026-08-30 11:00:04.1,2026-08-30 11:00:04.465,2026-08-30 11:00:04.465,2026-08-30
"661","Jh0JqPG5q3","MOOSPMv3Parser",1788087600,4,4,4,7,7,5,5,7,7,5,1255,263,44337,49,35,2,35,35,20,55,35,0,22,22,50,51,9.746,102,1,35.77504,-119.238571,68.606003,7,600,58,3,"e00fce68e88237db75a60608",2026-08-30 11:00:04.265,2026-08-30 11:00:04.592,2026-08-30 11:00:04.592,2026-08-30
"662","J5MzY4FpVw","MOOSPMv3Parser",1788088200,3,3,0,6,6,0,0,7,7,0,965,223,0,46,0,5,0,0,19,46,0,2,20,20,52,52,11.081,194,7,36.187576,-119.821877,43.612999,0,600,58,3,"e00fce68e739ecbcf9e91965",2026-08-30 11:10:02.125,2026-08-30 11:10:02.315,2026-08-30 11:10:02.315,2026-08-30
"663","kfpTHy4iLD","MOOSPMv3Parser",1788088200,3,3,3,5,5,4,4,5,5,4,726,206,137432,40,26,3,26,26,20,29,26,1,21,22,41,41,22.664,98,3277,2.9e-05,-0.004205,11924.019531,9,600,58,3,"e00fce68e28dcbc9a589be10",2026-08-30 11:10:02.533,2026-08-30 11:10:02.737,2026-08-30 11:10:02.737,2026-08-30
"664","ILJecSj3Wj","MOOSPMv3Parser",1788088200,23,22,27,37,34,28,28,40,40,28,4296,1159,121109,261,209,17,210,210,17,41,210,0,21,18,41,50,21.614,198,1,36.139004,-120.36834,173.789993,9,600,58,3,"e00fce6850cac69f647dc199",2026-08-30 11:10:03.14,2026-08-30 11:10:03.318,2026-08-30 11:10:03.318,2026-08-30
"665","fRjyOc3EH5","MOOSPMv3Parser",1788088201,0,0,4,2,2,4,4,2,2,4,278,190,3904,34,30,4,31,31,20,46,31,0,20,22,57,53,2.371,123,1,35.963161,-119.29187,47.071999,0,600,58,3,"e00fce68d6b773b56ce8baa0",2026-08-30 11:10:03.244,2026-08-30 11:10:03.46,2026-08-30 11:10:03.46,2026-08-30
"666","Z7Wnf1jPMg","MOOSPMv3Parser",1788088200,15,15,10,23,23,10,10,24,24,10,2871,801,152576,148,76,9,76,76,18,70,76,0,19,20,65,63,4.824,188,1,35.949509,-119.049934,107.126999,8,599,58,3,"e00fce6808784ceaf209f949",2026-08-30 11:10:03.329,2026-08-30 11:10:03.517,2026-08-30 11:10:03.517,2026-08-30
"667","tRFMefExiE","MOOSPMv3Parser",1788088201,2,2,3,4,4,3,3,4,4,3,512,158,109139,31,23,3,23,23,0,0,23,1,18,19,60,57,14.124,84,1,36.433575,-119.923248,42.563,6,600,58,3,"e00fce6876826e255108c6bd",2026-08-30 11:10:03.559,2026-08-30 11:10:03.737,2026-08-30 11:10:03.737,2026-08-30
"668","SwgyHKHciH","MOOSPMv3Parser",1788088201,0,0,2,0,0,2,2,0,0,2,215,127,2079,22,15,2,15,15,18,44,15,1,19,20,52,49,15.171,206,1,36.198769,-120.104393,83.235001,6,600,58,3,"e00fce686dc2ef0a68fa40b0",2026-08-30 11:10:03.902,2026-08-30 11:10:04.076,2026-08-30 11:10:04.076,2026-08-30
"669","hgFho4qnpO","MOOSPMv3Parser",1788088200,14,14,13,20,20,14,14,22,22,14,2553,723,249929,130,101,7,102,102,17,79,102,0,17,18,80,73,5.457,72,1,36.523399,-119.278336,152.223007,5,600,58,3,"e00fce68f12da1a0c5de6248",2026-08-30 11:10:04.166,2026-08-30 11:10:04.376,2026-08-30 11:10:04.376,2026-08-30
"670","mcHUSuaW2q","MOOSPMv3Parser",1788088200,5,5,5,7,7,5,5,8,8,5,1320,283,44371,51,39,4,39,39,20,56,39,0,22,22,51,52,7.713,108,1,35.775036,-119.238594,67.023003,8,600,58,3,"e00fce68e88237db75a60608",2026-08-30 11:10:04.331,2026-08-30 11:10:04.509,2026-08-30 11:10:04.509,2026-08-30
"671","uWDmNquh3R","MOOSPMv3Parser",1788088800,3,3,0,5,5,0,0,6,6,0,883,201,0,39,0,4,0,0,19,46,0,2,20,20,52,52,10.419,195,6,36.18745,-119.822052,23.459,7,600,58,3,"e00fce68e739ecbcf9e91965",2026-08-30 11:20:02.042,2026-08-30 11:20:02.216,2026-08-30 11:20:02.216,2026-08-30
"672","clElnvwbEk","MOOSPMv3Parser",1788088800,4,4,4,6,6,4,4,6,6,4,813,231,137457,44,30,3,30,30,20,29,30,1,21,22,41,40,22.733,93,3277,2.9e-05,-0.004205,11924.019531,9,600,58,3,"e00fce68e28dcbc9a589be10",2026-08-30 11:20:02.367,2026-08-30 11:20:02.605,2026-08-30 11:20:02.605,2026-08-30
"673","gkFJBI5Ltk","MOOSPMv3Parser",1788088801,0,0,2,0,0,2,2,0,0,2,214,126,2090,20,13,2,13,13,18,44,13,1,19,20,50,48,15.34,200,1,36.198757,-120.104362,84.042999,6,600,58,3,"e00fce686dc2ef0a68fa40b0",2026-08-30 11:20:02.82,2026-08-30 11:20:03.089,2026-08-30 11:20:03.089,2026-08-30
"674","o0CRxK4DDw","MOOSPMv3Parser",1788088801,0,0,4,2,2,4,4,2,2,4,286,200,3930,37,32,5,32,32,20,47,32,1,20,21,56,53,3.567,120,1,35.96315,-119.291809,39.916,6,600,58,3,"e00fce68d6b773b56ce8baa0",2026-08-30 11:20:02.929,2026-08-30 11:20:03.106,2026-08-30 11:20:03.106,2026-08-30
"675","yMIPxKESi2","MOOSPMv3Parser",1788088800,15,15,9,21,21,9,9,22,22,9,2750,768,152638,137,70,7,70,70,18,70,70,0,19,20,65,63,5.442,183,1,35.949558,-119.049942,105.544998,8,599,58,3,"e00fce6808784ceaf209f949",2026-08-30 11:20:03.397,2026-08-30 11:20:03.55,2026-08-30 11:20:03.55,2026-08-30
"676","R6zG6pCyD4","MOOSPMv3Parser",1788088800,23,21,26,37,34,28,28,39,39,28,4226,1135,121288,255,206,17,207,207,17,42,207,0,21,18,42,51,21.739,188,1,36.139011,-120.368378,171.768005,9,600,58,3,"e00fce6850cac69f647dc199",2026-08-30 11:20:03.464,2026-08-30 11:20:03.635,2026-08-30 11:20:03.635,2026-08-30
"677","SDSwOhhWnA","MOOSPMv3Parser",1788088801,2,2,3,4,4,3,3,5,5,4,571,175,109160,33,24,3,24,24,0,0,24,1,18,19,58,56,13.846,84,1,36.433575,-119.923248,42.560001,0,600,58,3,"e00fce6876826e255108c6bd",2026-08-30 11:20:03.531,2026-08-30 11:20:03.679,2026-08-30 11:20:03.679,2026-08-30
"678","LFqny76dGJ","MOOSPMv3Parser",1788088800,14,14,13,22,22,14,14,24,24,14,2691,763,250019,141,103,9,103,103,17,79,103,0,16,18,83,73,5.426,57,1,36.523243,-119.278847,79.402,7,600,58,3,"e00fce68f12da1a0c5de6248",2026-08-30 11:20:03.972,2026-08-30 11:20:04.161,2026-08-30 11:20:04.161,2026-08-30
"679","QaSiZ9Oxun","MOOSPMv3Parser",1788088800,6,6,6,9,9,6,6,10,10,6,1537,341,44412,64,46,4,47,47,20,58,47,0,21,22,52,53,5.029,139,1,35.77507,-119.238487,62.219002,7,600,58,3,"e00fce68e88237db75a60608",2026-08-30 11:20:04.257,2026-08-30 11:20:04.44,2026-08-30 11:20:04.44,2026-08-30
"680","Cw3ZnQyhM0","MOOSPMv3Parser",1788089400,3,3,0,5,5,0,0,6,6,0,857,192,0,42,0,4,0,0,19,46,0,2,19,20,53,52,9.561,218,5,36.187496,-119.821976,28.533001,11,600,58,3,"e00fce68e739ecbcf9e91965",2026-08-30 11:30:01.969,2026-08-30 11:30:02.246,2026-08-30 11:30:02.246,2026-08-30
"681","3C0R4dbcyA","MOOSPMv3Parser",1788089400,4,4,4,6,6,4,4,6,6,4,817,229,137483,44,30,3,30,30,20,29,30,1,20,22,42,41,22.087,105,3277,2.9e-05,-0.004205,11924.019531,9,600,58,3,"e00fce68e28dcbc9a589be10",2026-08-30 11:30:02.599,2026-08-30 11:30:02.878,2026-08-30 11:30:02.878,2026-08-30
"682","dJNe8PpCzh","MOOSPMv3Parser",1788089401,0,0,2,0,0,2,2,0,0,2,213,126,2100,21,12,2,13,13,18,43,13,0,18,20,50,47,14.27,223,1,36.198826,-120.104286,88.192001,7,600,58,3,"e00fce686dc2ef0a68fa40b0",2026-08-30 11:30:03.156,2026-08-30 11:30:03.378,2026-08-30 11:30:03.378,2026-08-30
"683","dDYEfLD3Rl","MOOSPMv3Parser",1788089400,14,14,9,21,21,10,10,22,22,10,2677,743,152700,131,71,8,71,71,18,68,71,0,18,20,65,62,4.453,187,1,35.949566,-119.049973,114.107002,8,599,58,3,"e00fce6808784ceaf209f949",2026-08-30 11:30:03.235,2026-08-30 11:30:03.414,2026-08-30 11:30:03.414,2026-08-30
"684","F4qpNa8ndg","MOOSPMv3Parser",1788089401,0,0,4,2,2,4,4,2,2,4,280,191,3956,38,31,5,31,31,20,47,31,1,20,21,56,53,5.042,108,1,35.963116,-119.291832,58.388,8,600,58,3,"e00fce68d6b773b56ce8baa0",2026-08-30 11:30:03.321,2026-08-30 11:30:03.488,2026-08-30 11:30:03.488,2026-08-30
"685","lSXJfEa7Aw","MOOSPMv3Parser",1788089401,2,2,3,4,4,3,3,5,5,3,539,166,109178,31,22,3,22,22,0,0,22,1,18,19,57,56,14.351,84,1,36.433758,-119.923347,14.037,6,600,58,3,"e00fce6876826e255108c6bd",2026-08-30 11:30:03.528,2026-08-30 11:30:03.7,2026-08-30 11:30:03.7,2026-08-30
"686","2cnz06bBrR","MOOSPMv3Parser",1788089400,14,14,13,21,21,14,14,23,23,14,2664,748,250110,138,104,8,105,105,17,80,105,0,16,18,84,75,4.425,52,1,36.5233,-119.278671,89.133003,5,600,58,3,"e00fce68f12da1a0c5de6248",2026-08-30 11:30:03.905,2026-08-30 11:30:04.14,2026-08-30 11:30:04.14,2026-08-30
"687","pG5pFtFDXL","MOOSPMv3Parser",1788089400,22,21,26,36,33,28,28,39,39,28,4260,1138,121467,253,206,17,207,207,17,43,207,0,21,18,42,51,20.856,198,1,36.138992,-120.368332,190.966003,8,600,58,3,"e00fce6850cac69f647dc199",2026-08-30 11:30:04.011,2026-08-30 11:30:04.256,2026-08-30 11:30:04.256,2026-08-30
"688","9mOUhf24Dc","MOOSPMv3Parser",1788089400,7,7,7,11,11,7,7,12,12,7,1724,400,44459,75,54,5,54,54,20,60,54,0,21,21,54,55,4.36,155,1,35.77507,-119.238487,65.801003,9,600,58,3,"e00fce68e88237db75a60608",2026-08-30 11:30:04.251,2026-08-30 11:30:04.418,2026-08-30 11:30:04.418,2026-08-30
"689","mhwUJvLAH9","MOOSPMv3Parser",1788090000,3,3,0,5,5,0,0,6,6,0,851,190,0,40,0,3,0,0,19,45,0,2,19,20,53,52,6.78,236,3,36.187531,-119.821983,24.388,8,600,58,3,"e00fce68e739ecbcf9e91965",2026-08-30 11:40:01.968,2026-08-30 11:40:02.185,2026-08-30 11:40:02.185,2026-08-30
"690","uFauSaPMEC","MOOSPMv3Parser",1788090000,4,4,4,6,6,4,4,6,6,4,821,235,137509,43,32,3,32,32,20,30,32,1,20,22,41,41,22.623,101,3277,2.9e-05,-0.004205,11924.019531,9,600,58,3,"e00fce68e28dcbc9a589be10",2026-08-30 11:40:02.286,2026-08-30 11:40:02.487,2026-08-30 11:40:02.487,2026-08-30
"691","Se7nIehD9w","MOOSPMv3Parser",1788090001,0,0,4,2,2,4,4,2,2,4,286,197,3983,37,31,5,32,32,20,48,32,1,20,21,58,54,5.859,98,1,35.963131,-119.291893,64.859001,7,600,58,3,"e00fce68d6b773b56ce8baa0",2026-08-30 11:40:02.855,2026-08-30 11:40:02.996,2026-08-30 11:40:02.996,2026-08-30
"692","dhkrgUkcTL","MOOSPMv3Parser",1788090000,15,15,9,22,22,10,10,23,23,10,2767,771,152508,143,72,8,72,72,18,69,72,0,18,19,64,62,4.003,193,1,35.949566,-119.049973,114.109001,0,600,58,3,"e00fce6808784ceaf209f949",2026-08-30 11:40:03.245,2026-08-30 11:40:03.421,2026-08-30 11:40:03.421,2026-08-30
"693","einlM3vlyd","MOOSPMv3Parser",1788090001,0,0,2,0,0,2,2,0,0,2,207,119,2111,19,13,2,13,13,18,43,13,0,18,19,50,47,13.191,235,1,36.19891,-120.10434,89.876999,7,600,58,3,"e00fce686dc2ef0a68fa40b0",2026-08-30 11:40:03.481,2026-08-30 11:40:03.665,2026-08-30 11:40:03.665,2026-08-30
"694","Jk8FqBldk2","MOOSPMv3Parser",1788090001,2,2,3,4,4,3,3,5,5,3,524,161,109198,32,23,4,23,23,0,0,23,0,17,19,58,56,14.249,84,1,36.433605,-119.923309,22.731001,8,600,58,3,"e00fce6876826e255108c6bd",2026-08-30 11:40:03.693,2026-08-30 11:40:03.84,2026-08-30 11:40:03.84,2026-08-30
"695","uGCwi4TGkq","MOOSPMv3Parser",1788090000,13,13,12,20,20,13,13,21,21,13,2501,708,250193,127,95,6,96,96,16,80,96,0,16,18,82,74,5.154,49,1,36.523262,-119.278687,102.946999,9,600,58,3,"e00fce68f12da1a0c5de6248",2026-08-30 11:40:04.166,2026-08-30 11:40:04.318,2026-08-30 11:40:04.318,2026-08-30
"696","WSraDh58Q3","MOOSPMv3Parser",1788090000,23,22,27,38,34,28,28,41,41,28,4356,1167,121649,261,208,18,209,209,17,46,209,0,21,18,44,54,21.883,180,1,36.138992,-120.368332,176.220001,8,600,58,3,"e00fce6850cac69f647dc199",2026-08-30 11:40:04.172,2026-08-30 11:40:04.345,2026-08-30 11:40:04.345,2026-08-30
"697","Osw2HYLmLY","MOOSPMv3Parser",1788090000,9,9,9,15,15,10,10,15,15,10,2082,496,44523,105,73,8,73,73,20,64,73,0,20,21,58,56,1.837,172,1,35.775043,-119.238487,66.205002,6,600,58,3,"e00fce68e88237db75a60608",2026-08-30 11:40:04.181,2026-08-30 11:40:04.437,2026-08-30 11:40:04.437,2026-08-30
"698","2kN0bDHm8D","MOOSPMv3Parser",1788090600,2,2,0,5,5,0,0,5,5,0,847,185,0,39,0,5,0,0,18,45,0,2,19,20,52,51,3.718,245,1,36.18745,-119.82193,23.285999,8,600,58,3,"e00fce68e739ecbcf9e91965",2026-08-30 11:50:01.968,2026-08-30 11:50:02.186,2026-08-30 11:50:02.186,2026-08-30
"699","hAsJxm48Nc","MOOSPMv3Parser",1788090600,4,4,4,6,6,4,4,7,7,4,852,245,137534,47,31,3,31,31,20,30,31,1,20,21,42,41,22.332,103,3277,2.9e-05,-0.004205,11924.019531,9,600,58,3,"e00fce68e28dcbc9a589be10",2026-08-30 11:50:02.36,2026-08-30 11:50:02.523,2026-08-30 11:50:02.523,2026-08-30
"700","Z9OhPYK2PB","MOOSPMv3Parser",1788090601,0,0,4,2,2,4,4,2,2,4,283,195,4010,35,32,4,32,32,19,49,32,0,19,21,60,55,6.423,88,1,35.963142,-119.291756,53.368999,7,600,58,3,"e00fce68d6b773b56ce8baa0",2026-08-30 11:50:03.18,2026-08-30 11:50:03.351,2026-08-30 11:50:03.351,2026-08-30
"701","s0lvjjiY5i","MOOSPMv3Parser",1788090600,15,15,9,21,21,10,10,22,22,10,2741,765,152824,141,71,7,72,72,18,70,72,0,18,19,64,63,3.753,195,1,35.949459,-119.049919,114.223999,7,599,58,3,"e00fce6808784ceaf209f949",2026-08-30 11:50:03.232,2026-08-30 11:50:03.432,2026-08-30 11:50:03.432,2026-08-30
"702","3dPt8rX772","MOOSPMv3Parser",1788090600,22,21,26,36,33,27,27,39,39,27,4177,1125,121825,250,203,17,204,204,17,45,204,0,20,18,44,53,21.499,189,1,36.138981,-120.368286,166.225006,5,600,58,3,"e00fce6850cac69f647dc199",2026-08-30 11:50:03.211,2026-08-30 11:50:03.446,2026-08-30 11:50:03.446,2026-08-30
"703","9VD9lb9w30","MOOSPMv3Parser",1788090601,2,2,3,3,3,3,3,4,4,3,498,152,109216,31,21,3,21,21,0,0,21,1,17,19,58,56,14.255,84,1,36.433659,-119.923386,11.051,6,600,58,3,"e00fce6876826e255108c6bd",2026-08-30 11:50:03.476,2026-08-30 11:50:03.675,2026-08-30 11:50:03.675,2026-08-30
"704","CBUEa4Ziiv","MOOSPMv3Parser",1788090601,0,0,2,0,0,2,2,0,0,2,215,125,2124,20,16,2,16,16,18,43,16,1,18,19,49,46,14.108,228,1,36.198792,-120.104393,85.975998,9,600,58,3,"e00fce686dc2ef0a68fa40b0",2026-08-30 11:50:03.795,2026-08-30 11:50:03.972,2026-08-30 11:50:03.972,2026-08-30
"705","tRmWBosthm","MOOSPMv3Parser",1788090600,12,12,11,18,18,12,12,19,19,12,2307,650,250270,112,88,6,88,88,16,79,88,0,16,18,82,73,4.533,57,1,36.523224,-119.278801,95.375999,6,600,58,3,"e00fce68f12da1a0c5de6248",2026-08-30 11:50:03.899,2026-08-30 11:50:04.041,2026-08-30 11:50:04.041,2026-08-30
"706","YQP7OV8C94","MOOSPMv3Parser",1788090600,9,9,9,14,14,10,10,15,15,10,2019,483,44588,101,74,7,74,74,19,66,74,0,20,21,59,58,2.578,162,1,35.775043,-119.238487,66.205002,0,600,58,3,"e00fce68e88237db75a60608",2026-08-30 11:50:04.255,2026-08-30 11:50:04.44,2026-08-30 11:50:04.44,2026-08-30
"707","Oym7CYHc2Y","MOOSPMv3Parser",1788091200,3,3,0,5,5,0,0,6,6,0,859,190,0,34,0,3,0,0,18,46,0,2,18,19,54,53,2.83,239,1,36.18755,-119.821938,36.756001,8,600,58,3,"e00fce68e739ecbcf9e91965",2026-08-30 12:00:02.049,2026-08-30 12:00:02.569,2026-08-30 12:00:02.569,2026-08-30
"708","FkNsoucF8y","MOOSPMv3Parser",1788091200,4,4,4,6,6,4,4,7,7,4,847,243,137560,44,31,3,32,32,20,30,32,1,20,21,43,41,21.036,126,3277,2.9e-05,-0.004205,11924.019531,9,600,58,3,"e00fce68e28dcbc9a589be10",2026-08-30 12:00:02.287,2026-08-30 12:00:02.725,2026-08-30 12:00:02.725,2026-08-30
"709","ivRx5OTnSn","MOOSPMv3Parser",1788091201,0,0,5,2,2,5,5,3,3,5,298,207,4040,38,36,5,36,36,19,49,36,1,19,20,61,56,5.729,95,1,35.963108,-119.291893,73.997002,6,600,58,3,"e00fce68d6b773b56ce8baa0",2026-08-30 12:00:02.85,2026-08-30 12:00:03.381,2026-08-30 12:00:03.381,2026-08-30
"710","JRZhg08xcA","MOOSPMv3Parser",1788091201,0,0,2,0,0,2,2,0,0,2,212,125,2138,20,16,3,17,17,18,43,17,1,18,19,50,47,15.53,205,1,36.19873,-120.104477,70.723,7,600,58,3,"e00fce686dc2ef0a68fa40b0",2026-08-30 12:00:02.815,2026-08-30 12:00:03.557,2026-08-30 12:00:03.557,2026-08-30
"711","cuqjm0EA3u","MOOSPMv3Parser",1788091200,15,15,9,22,22,10,10,23,23,10,2799,783,152887,143,72,7,73,73,18,70,73,0,18,19,65,63,3.49,195,1,35.949574,-119.049934,111.292,7,599,58,3,"e00fce6808784ceaf209f949",2026-08-30 12:00:03.257,2026-08-30 12:00:03.847,2026-08-30 12:00:03.847,2026-08-30
"712","DM5zI4M3Dn","MOOSPMv3Parser",1788091200,22,21,26,36,33,27,27,39,39,27,4164,1118,122003,251,204,18,205,205,17,47,205,0,20,17,46,56,20.398,209,1,36.138973,-120.368324,176.662003,9,600,58,3,"e00fce6850cac69f647dc199",2026-08-30 12:00:03.454,2026-08-30 12:00:03.862,2026-08-30 12:00:03.862,2026-08-30
"713","8WMHQXAJtx","MOOSPMv3Parser",1788091201,2,2,3,3,3,3,3,4,4,3,494,150,109235,31,22,3,22,22,0,0,22,1,17,18,58,55,13.985,84,1,36.433582,-119.923393,25.927999,5,600,58,3,"e00fce6876826e255108c6bd",2026-08-30 12:00:03.532,2026-08-30 12:00:04.091,2026-08-30 12:00:04.091,2026-08-30
"714","bvgGHAWkwi","MOOSPMv3Parser",1788091200,11,11,9,15,15,10,10,16,16,10,2045,574,250334,97,74,5,74,74,16,79,74,0,16,17,81,73,6.039,39,1,36.523209,-119.278732,87.717003,8,600,58,3,"e00fce68f12da1a0c5de6248",2026-08-30 12:00:04.03,2026-08-30 12:00:04.397,2026-08-30 12:00:04.397,2026-08-30
"715","iVIy8qhNDY","MOOSPMv3Parser",1788091200,9,9,9,14,14,9,9,15,15,9,1997,484,44649,103,70,7,70,70,19,67,70,0,20,21,59,58,3.368,155,1,35.77504,-119.238541,66.071999,9,600,58,3,"e00fce68e88237db75a60608",2026-08-30 12:00:04.265,2026-08-30 12:00:04.69,2026-08-30 12:00:04.69,2026-08-30
"716","NT0AWqo1li","MOOSPMv3Parser",1788091800,4,4,4,6,6,4,4,6,6,4,823,236,137585,45,30,3,30,30,20,30,30,1,20,21,42,41,21.811,111,3277,2.9e-05,-0.004205,11924.019531,9,600,58,3,"e00fce68e28dcbc9a589be10",2026-08-30 12:10:02.287,2026-08-30 12:10:02.454,2026-08-30 12:10:02.454,2026-08-30
"717","zBUJqrWFgA","MOOSPMv3Parser",1788091800,3,3,0,5,5,0,0,6,6,0,848,198,0,41,0,3,0,0,18,47,0,2,18,19,55,54,5.205,254,1,36.187405,-119.821999,26.584,8,600,58,3,"e00fce68e739ecbcf9e91965",2026-08-30 12:10:02.207,2026-08-30 12:10:02.529,2026-08-30 12:10:02.529,2026-08-30
"718","O5w2sDpsd1","MOOSPMv3Parser",1788091801,0,0,2,0,0,2,2,0,0,2,212,122,2150,21,15,2,15,15,18,44,15,1,18,19,51,48,16.078,209,1,36.198784,-120.10437,71.000999,7,600,58,3,"e00fce686dc2ef0a68fa40b0",2026-08-30 12:10:03.233,2026-08-30 12:10:03.384,2026-08-30 12:10:03.384,2026-08-30
"719","5WDQ2G3IPb","MOOSPMv3Parser",1788091801,1,1,5,3,3,5,5,3,3,5,324,234,4073,45,39,5,40,40,19,51,40,0,18,20,64,58,2.679,149,1,35.963089,-119.291862,48.103001,6,600,58,3,"e00fce68d6b773b56ce8baa0",2026-08-30 12:10:03.23,2026-08-30 12:10:03.41,2026-08-30 12:10:03.41,2026-08-30
"720","AQhJMLmYVH","MOOSPMv3Parser",1788091800,16,16,10,23,23,10,10,24,24,10,2878,812,152953,144,76,10,76,76,18,71,76,0,18,19,65,64,4.481,191,1,35.949501,-119.049744,126.457001,10,599,58,3,"e00fce6808784ceaf209f949",2026-08-30 12:10:03.401,2026-08-30 12:10:03.588,2026-08-30 12:10:03.588,2026-08-30
"721","th4SjHpVye","MOOSPMv3Parser",1788091801,2,2,3,4,4,3,3,5,5,3,534,165,109254,32,22,4,22,22,0,0,22,0,17,18,57,55,13.837,84,1,36.433708,-119.923279,42.195,6,600,58,3,"e00fce6876826e255108c6bd",2026-08-30 12:10:03.529,2026-08-30 12:10:03.699,2026-08-30 12:10:03.699,2026-08-30
"722","r9ChhkuOzX","MOOSPMv3Parser",1788091800,22,21,26,37,34,28,28,39,39,28,4236,1142,122183,255,206,16,207,207,17,46,207,0,20,17,44,54,21.468,175,1,36.138973,-120.368324,176.664993,0,600,58,3,"e00fce6850cac69f647dc199",2026-08-30 12:10:03.858,2026-08-30 12:10:04.056,2026-08-30 12:10:04.056,2026-08-30
"723","WKneJTfWo8","MOOSPMv3Parser",1788091800,8,8,7,12,12,8,8,13,13,8,1602,450,250385,68,58,4,58,58,16,76,58,0,16,17,77,68,6.685,39,1,36.523354,-119.27874,59.074001,7,600,58,3,"e00fce68f12da1a0c5de6248",2026-08-30 12:10:04.142,2026-08-30 12:10:04.323,2026-08-30 12:10:04.323,2026-08-30
"724","BFeSeydopv","MOOSPMv3Parser",1788091800,9,9,10,15,15,10,10,16,16,10,1874,486,44714,105,75,9,75,75,19,70,75,0,19,20,62,60,2.658,151,1,35.775032,-119.238548,64.571999,10,600,58,3,"e00fce68e88237db75a60608",2026-08-30 12:10:04.262,2026-08-30 12:10:04.448,2026-08-30 12:10:04.448,2026-08-30
"725","AAayqvNEFn","MOOSPMv3Parser",1788092400,3,3,0,6,6,0,0,6,6,0,908,208,0,42,0,3,0,0,18,49,0,2,18,19,57,56,5.072,238,1,36.187546,-119.821953,36.909,5,600,58,3,"e00fce68e739ecbcf9e91965",2026-08-30 12:20:01.97,2026-08-30 12:20:02.159,2026-08-30 12:20:02.159,2026-08-30
"726","9Xuf2kpVK7","MOOSPMv3Parser",1788092400,4,4,4,6,6,4,4,7,7,4,829,235,137610,45,30,3,31,31,19,30,31,1,20,21,43,42,21.57,108,3277,2.9e-05,-0.004205,11924.019531,9,600,58,3,"e00fce68e28dcbc9a589be10",2026-08-30 12:20:02.537,2026-08-30 12:20:02.733,2026-08-30 12:20:02.733,2026-08-30
"727","PdBFtP8285","MOOSPMv3Parser",1788092401,0,0,5,3,3,6,6,4,4,6,324,232,4107,43,41,6,41,41,19,51,41,0,18,20,67,60,1.611,163,1,35.963127,-119.291847,48.542,5,600,58,3,"e00fce68d6b773b56ce8baa0",2026-08-30 12:20:02.921,2026-08-30 12:20:03.155,2026-08-30 12:20:03.155,2026-08-30
"728","vVYFfTKbbd","MOOSPMv3Parser",1788092400,16,16,10,23,23,10,10,24,24,10,2908,817,153021,147,78,9,78,78,18,71,78,0,18,19,65,64,4.069,188,1,35.94952,-119.049881,107.353996,8,599,58,3,"e00fce6808784ceaf209f949",2026-08-30 12:20:03.39,2026-08-30 12:20:03.561,2026-08-30 12:20:03.561,2026-08-30
"729","tc279nvN2J","MOOSPMv3Parser",1788092401,0,0,2,0,0,2,2,0,0,2,205,118,2162,20,15,2,15,15,18,44,15,1,18,19,50,47,15.696,194,1,36.198769,-120.104439,71.477997,6,600,58,3,"e00fce686dc2ef0a68fa40b0",2026-08-30 12:20:03.466,2026-08-30 12:20:03.615,2026-08-30 12:20:03.615,2026-08-30
"730","sjalyJZtRJ","MOOSPMv3Parser",1788092401,2,2,3,4,4,3,3,5,5,3,522,161,109273,31,22,4,23,23,0,0,23,1,17,18,56,55,14.471,85,1,36.433678,-119.923347,50.043999,5,600,58,3,"e00fce6876826e255108c6bd",2026-08-30 12:20:03.53,2026-08-30 12:20:03.746,2026-08-30 12:20:03.746,2026-08-30
"731","gwmrimmoLA","MOOSPMv3Parser",1788092400,6,6,6,9,9,7,7,10,10,7,1354,379,250429,59,49,3,49,49,16,78,49,0,16,17,78,71,7.436,42,1,36.523354,-119.27874,59.076,0,600,58,3,"e00fce68f12da1a0c5de6248",2026-08-30 12:20:03.922,2026-08-30 12:20:04.175,2026-08-30 12:20:04.175,2026-08-30
"732","pzpSCopBpe","MOOSPMv3Parser",1788092400,22,21,26,36,33,28,28,39,39,28,4189,1125,122363,251,207,16,208,208,16,46,208,0,20,17,44,53,20.379,199,1,36.138992,-120.368362,171.636993,9,600,58,3,"e00fce6850cac69f647dc199",2026-08-30 12:20:04.243,2026-08-30 12:20:04.415,2026-08-30 12:20:04.415,2026-08-30
"733","KsyzvOKZsC","MOOSPMv3Parser",1788092400,11,11,11,18,18,12,12,19,19,12,2211,581,44791,129,88,9,89,89,18,71,89,0,19,20,64,61,2.057,149,1,35.775036,-119.238487,76.782997,8,600,58,3,"e00fce68e88237db75a60608",2026-08-30 12:20:04.266,2026-08-30 12:20:04.466,2026-08-30 12:20:04.466,2026-08-30
"734","yqHckBF1LA","MOOSPMv3Parser",1788093000,4,4,0,7,7,0,0,8,8,0,990,237,0,46,0,6,0,0,17,52,0,2,17,18,61,58,4.705,273,1,36.187443,-119.821899,37.431999,7,600,58,3,"e00fce68e739ecbcf9e91965",2026-08-30 12:30:02.045,2026-08-30 12:30:02.219,2026-08-30 12:30:02.219,2026-08-30
"735","sfKDR5p61j","MOOSPMv3Parser",1788093000,4,4,4,6,6,4,4,6,6,4,801,228,137635,42,30,3,30,30,19,32,30,1,19,21,45,43,19.576,214,3277,2.9e-05,-0.004205,11924.019531,9,600,58,3,"e00fce68e28dcbc9a589be10",2026-08-30 12:30:02.451,2026-08-30 12:30:02.762,2026-08-30 12:30:02.762,2026-08-30
"736","IdvndvM7OG","MOOSPMv3Parser",1788093001,0,0,6,3,3,6,6,4,4,6,323,233,4144,47,44,6,45,45,18,51,45,0,18,19,67,60,0.247,178,1,35.963108,-119.291794,37.817001,5,600,58,3,"e00fce68d6b773b56ce8baa0",2026-08-30 12:30:03.17,2026-08-30 12:30:03.35,2026-08-30 12:30:03.35,2026-08-30
"737","pO4lmdkL80","MOOSPMv3Parser",1788093000,16,16,10,24,24,10,10,25,25,10,2946,832,153089,149,78,8,79,79,17,72,79,0,18,19,65,64,3.584,189,1,35.949547,-119.049812,106.957001,9,599,58,3,"e00fce6808784ceaf209f949",2026-08-30 12:30:03.243,2026-08-30 12:30:03.419,2026-08-30 12:30:03.419,2026-08-30
"738","CRGmeHyciX","MOOSPMv3Parser",1788093000,22,21,26,36,33,28,28,39,39,28,4190,1123,122542,254,206,17,207,207,16,46,207,0,20,17,45,54,20.651,201,1,36.138996,-120.368309,166.279007,10,600,58,3,"e00fce6850cac69f647dc199",2026-08-30 12:30:03.369,2026-08-30 12:30:03.554,2026-08-30 12:30:03.554,2026-08-30
"739","X2jCEaJlGa","MOOSPMv3Parser",1788093001,2,2,3,4,4,4,4,4,4,4,530,164,109295,32,25,3,25,25,0,0,25,1,17,18,57,56,14.104,85,1,36.433445,-119.923332,20.737,8,600,58,3,"e00fce6876826e255108c6bd",2026-08-30 12:30:03.642,2026-08-30 12:30:03.821,2026-08-30 12:30:03.821,2026-08-30
"740","IFfAUsqFsx","MOOSPMv3Parser",1788093001,0,0,2,0,0,2,2,0,0,3,209,121,2175,19,15,2,16,16,18,43,16,1,17,19,50,47,14.432,204,1,36.198769,-120.104439,71.475998,0,600,58,3,"e00fce686dc2ef0a68fa40b0",2026-08-30 12:30:03.782,2026-08-30 12:30:03.955,2026-08-30 12:30:03.955,2026-08-30
"741","d8HGWLjpIc","MOOSPMv3Parser",1788093000,6,6,6,9,9,6,6,9,9,6,1249,348,250469,53,46,3,46,46,16,76,46,0,16,17,77,69,7.119,41,1,36.523323,-119.278725,66.363998,6,600,58,3,"e00fce68f12da1a0c5de6248",2026-08-30 12:30:03.964,2026-08-30 12:30:04.173,2026-08-30 12:30:04.173,2026-08-30
"742","8o5tYovF43","MOOSPMv3Parser",1788093000,11,11,12,19,19,12,12,20,20,12,2256,595,44872,137,92,11,92,92,18,72,92,0,19,19,63,61,1.508,143,1,35.77504,-119.238518,74.750999,5,600,58,3,"e00fce68e88237db75a60608",2026-08-30 12:30:04.191,2026-08-30 12:30:04.345,2026-08-30 12:30:04.345,2026-08-30
"743","ITKdTM35wm","MOOSPMv3Parser",1788093600,4,4,0,6,6,0,0,7,7,0,997,237,0,45,0,2,0,0,17,54,0,2,17,18,61,58,4.19,271,1,36.187504,-119.822083,18.400999,6,600,58,3,"e00fce68e739ecbcf9e91965",2026-08-30 12:40:02.132,2026-08-30 12:40:02.382,2026-08-30 12:40:02.382,2026-08-30
"744","2JZlFFrTyP","MOOSPMv3Parser",1788093600,5,5,5,9,9,6,6,9,9,6,1098,313,137670,64,42,5,42,42,19,31,42,1,19,20,44,42,18.183,235,3277,2.9e-05,-0.004205,11924.019531,9,600,58,3,"e00fce68e28dcbc9a589be10",2026-08-30 12:40:02.31,2026-08-30 12:40:02.619,2026-08-30 12:40:02.619,2026-08-30
"745","FDGBY8mSvM","MOOSPMv3Parser",1788093601,0,0,5,2,2,5,5,3,3,5,295,208,4177,39,39,5,40,40,18,52,40,0,17,19,67,61,2.642,126,1,35.963108,-119.291794,37.817001,0,600,58,3,"e00fce68d6b773b56ce8baa0",2026-08-30 12:40:02.856,2026-08-30 12:40:03.026,2026-08-30 12:40:03.026,2026-08-30
"746","CqfJwTYDIe","MOOSPMv3Parser",1788093601,0,0,2,0,0,2,3,1,1,3,214,127,2188,22,16,2,16,16,18,43,16,1,17,19,51,47,14.4,188,1,36.19883,-120.104408,68.140999,11,600,58,3,"e00fce686dc2ef0a68fa40b0",2026-08-30 12:40:02.851,2026-08-30 12:40:03.047,2026-08-30 12:40:03.047,2026-08-30
"747","TY2TxKoIQv","MOOSPMv3Parser",1788093600,15,15,10,23,23,10,10,24,24,10,2841,800,153154,145,75,9,75,75,17,74,75,0,18,18,66,65,2.914,189,1,35.94957,-119.04966,124.540001,7,599,58,3,"e00fce6808784ceaf209f949",2026-08-30 12:40:03.245,2026-08-30 12:40:03.44,2026-08-30 12:40:03.44,2026-08-30
"748","eiNcQfBgBU","MOOSPMv3Parser",1788093600,23,21,27,37,34,28,28,40,40,28,4273,1153,122722,257,208,17,209,209,16,48,209,0,20,17,45,55,18.805,223,1,36.139034,-120.368431,173.270004,11,600,58,3,"e00fce6850cac69f647dc199",2026-08-30 12:40:03.548,2026-08-30 12:40:03.757,2026-08-30 12:40:03.757,2026-08-30
"749","aNHBGR3iFj","MOOSPMv3Parser",1788093601,2,2,3,4,4,3,3,6,6,3,552,171,109314,37,22,5,22,22,0,0,22,0,17,18,57,56,14.418,85,1,36.433491,-119.92334,42.823002,7,600,58,3,"e00fce6876826e255108c6bd",2026-08-30 12:40:03.622,2026-08-30 12:40:03.79,2026-08-30 12:40:03.79,2026-08-30
"750","uK6mtsmu09","MOOSPMv3Parser",1788093600,6,6,5,8,8,6,6,9,9,6,1183,327,250504,51,42,3,43,43,16,75,43,0,16,17,74,68,8.309,41,1,36.523327,-119.278725,95.260002,7,600,58,3,"e00fce68f12da1a0c5de6248",2026-08-30 12:40:03.969,2026-08-30 12:40:04.186,2026-08-30 12:40:04.186,2026-08-30
"751","a6CG0cQj3p","MOOSPMv3Parser",1788093600,11,11,12,19,19,12,12,20,20,12,2245,601,44953,134,92,12,93,93,18,75,93,0,18,19,65,63,1.646,145,1,35.775055,-119.238518,70.021004,6,600,58,3,"e00fce68e88237db75a60608",2026-08-30 12:40:04.428,2026-08-30 12:40:04.578,2026-08-30 12:40:04.578,2026-08-30
"752","GOOqAdfZDO","MOOSPMv3Parser",1788094200,4,4,0,7,7,0,0,7,7,0,998,239,0,47,0,6,0,0,17,55,0,2,17,18,61,59,5.624,254,1,36.187504,-119.822083,18.403999,0,600,58,3,"e00fce68e739ecbcf9e91965",2026-08-30 12:50:02.235,2026-08-30 12:50:02.38,2026-08-30 12:50:02.38,2026-08-30
"753","YSDDFjXQrN","MOOSPMv3Parser",1788094200,11,11,10,18,18,10,11,19,19,11,2045,590,137734,121,74,8,75,75,19,31,75,1,19,20,44,43,16.424,259,3277,2.9e-05,-0.004205,11924.019531,9,600,58,3,"e00fce68e28dcbc9a589be10",2026-08-30 12:50:02.352,2026-08-30 12:50:02.561,2026-08-30 12:50:02.561,2026-08-30
"754","6AzzoghF8H","MOOSPMv3Parser",1788094201,0,0,2,0,0,2,3,0,0,3,221,131,2202,23,17,2,17,17,18,44,17,1,17,19,52,48,15.159,175,1,36.198772,-120.104332,78.650002,10,600,58,3,"e00fce686dc2ef0a68fa40b0",2026-08-30 12:50:03.137,2026-08-30 12:50:03.317,2026-08-30 12:50:03.317,2026-08-30
"755","VJBuRBFdse","MOOSPMv3Parser",1788094200,15,15,10,22,22,10,10,23,23,10,2769,779,153219,144,76,9,76,76,17,74,76,0,17,18,66,65,2.857,186,1,35.949562,-119.049843,109.806,8,599,58,3,"e00fce6808784ceaf209f949",2026-08-30 12:50:03.243,2026-08-30 12:50:03.407,2026-08-30 12:50:03.407,2026-08-30
"756","PJq4P1POA2","MOOSPMv3Parser",1788094201,0,0,5,2,2,5,5,3,3,5,300,209,4208,40,37,5,37,37,18,52,37,0,17,19,67,62,3.994,110,1,35.963165,-119.291779,38.909,6,600,58,3,"e00fce68d6b773b56ce8baa0",2026-08-30 12:50:03.415,2026-08-30 12:50:03.607,2026-08-30 12:50:03.607,2026-08-30
"757","M79s8sQQHT","MOOSPMv3Parser",1788094201,2,2,3,4,4,3,3,5,5,3,569,175,109334,36,23,5,23,23,0,0,23,0,17,18,58,56,14.274,85,1,36.433556,-119.923264,24.469,7,600,58,3,"e00fce6876826e255108c6bd",2026-08-30 12:50:03.623,2026-08-30 12:50:03.796,2026-08-30 12:50:03.796,2026-08-30
"758","B9NB9U5EG4","MOOSPMv3Parser",1788094200,6,6,5,8,8,5,5,8,8,5,1164,324,250536,47,41,2,41,41,16,75,41,0,16,17,72,68,8.33,47,1,36.523415,-119.278709,70.799004,7,600,58,3,"e00fce68f12da1a0c5de6248",2026-08-30 12:50:03.903,2026-08-30 12:50:04.105,2026-08-30 12:50:04.105,2026-08-30
"759","4j3T4DpiwQ","MOOSPMv3Parser",1788094200,22,21,27,36,33,28,28,39,39,28,4200,1127,122904,249,208,17,209,209,16,48,209,0,20,17,46,56,15.622,256,1,36.139057,-120.36834,162.748001,9,600,58,3,"e00fce6850cac69f647dc199",2026-08-30 12:50:03.972,2026-08-30 12:50:04.13,2026-08-30 12:50:04.13,2026-08-30
"760","oJwIGBcZ4R","MOOSPMv3Parser",1788094200,11,11,12,19,19,13,13,20,20,13,2325,614,45035,136,94,11,95,95,18,78,95,0,18,19,68,65,0.544,175,1,35.775089,-119.238495,75.450996,8,600,58,3,"e00fce68e88237db75a60608",2026-08-30 12:50:04.428,2026-08-30 12:50:04.617,2026-08-30 12:50:04.617,2026-08-30
"761","z0OE6nxSIC","MOOSPMv3Parser",1788094800,4,4,0,6,6,0,0,6,6,0,974,230,0,42,0,3,0,0,17,54,0,2,17,17,60,58,5.746,253,1,36.187473,-119.822067,38.271,9,600,58,3,"e00fce68e739ecbcf9e91965",2026-08-30 13:00:02.051,2026-08-30 13:00:02.26,2026-08-30 13:00:02.26,2026-08-30
"762","NkvkeRjFir","MOOSPMv3Parser",1788094800,6,6,6,9,9,6,6,10,10,6,1161,334,137772,67,44,4,44,44,19,32,44,1,19,20,43,43,19.603,193,3277,2.9e-05,-0.004205,11924.019531,9,600,58,3,"e00fce68e28dcbc9a589be10",2026-08-30 13:00:02.545,2026-08-30 13:00:02.848,2026-08-30 13:00:02.848,2026-08-30
"763","B0RizectTZ","MOOSPMv3Parser",1788094801,1,1,5,3,3,5,5,3,3,5,297,206,4240,40,38,5,38,38,18,53,38,0,17,18,69,63,4.393,106,1,35.963131,-119.291794,41.597,6,600,58,3,"e00fce68d6b773b56ce8baa0",2026-08-30 13:00:02.923,2026-08-30 13:00:03.429,2026-08-30 13:00:03.429,2026-08-30
"764","tiYovA9FL5","MOOSPMv3Parser",1788094800,14,14,10,21,21,10,10,23,23,10,2685,751,153284,141,75,9,75,75,17,75,75,0,17,18,66,66,2.678,183,1,35.949554,-119.049896,125.661003,7,599,58,3,"e00fce6808784ceaf209f949",2026-08-30 13:00:03.245,2026-08-30 13:00:03.49,2026-08-30 13:00:03.49,2026-08-30
"765","n3oDylWMEH","MOOSPMv3Parser",1788094801,0,0,2,0,0,2,2,0,0,2,208,123,2215,19,16,2,16,16,18,44,16,1,18,18,50,48,16.534,146,1,36.19873,-120.104362,58.766998,8,600,58,3,"e00fce686dc2ef0a68fa40b0",2026-08-30 13:00:03.389,2026-08-30 13:00:03.772,2026-08-30 13:00:03.772,2026-08-30
"766","EQzdV2xyl1","MOOSPMv3Parser",1788094801,2,2,3,4,4,3,3,5,5,3,566,172,109354,34,23,3,23,23,0,0,23,1,16,18,60,57,13.454,85,1,36.433594,-119.923302,38.433998,6,600,58,3,"e00fce6876826e255108c6bd",2026-08-30 13:00:03.617,2026-08-30 13:00:03.909,2026-08-30 13:00:03.909,2026-08-30
"767","pxKzvzkHy4","MOOSPMv3Parser",1788094800,4,4,4,6,6,5,5,7,7,5,979,269,250568,42,35,3,35,35,16,75,35,0,16,17,73,68,8.482,58,1,36.523369,-119.278824,82.119003,8,600,58,3,"e00fce68f12da1a0c5de6248",2026-08-30 13:00:04.049,2026-08-30 13:00:04.247,2026-08-30 13:00:04.247,2026-08-30
"768","gZYDxCTfyg","MOOSPMv3Parser",1788094800,23,21,26,37,34,28,28,40,40,28,4296,1155,123084,259,207,16,207,207,16,45,207,0,20,17,43,51,15.609,251,1,36.139,-120.368446,178.345001,7,600,58,3,"e00fce6850cac69f647dc199",2026-08-30 13:00:04.171,2026-08-30 13:00:04.336,2026-08-30 13:00:04.336,2026-08-30
"769","e8bJozmG70","MOOSPMv3Parser",1788094800,12,12,12,21,21,13,13,21,21,13,2399,642,45119,145,96,13,96,96,17,79,96,0,18,18,69,66,0.005,193,1,35.775013,-119.238548,65.758003,5,600,58,3,"e00fce68e88237db75a60608",2026-08-30 13:00:04.251,2026-08-30 13:00:04.455,2026-08-30 13:00:04.455,2026-08-30
"770","bGR6Ymozjb","MOOSPMv3Parser",1788095400,3,3,0,6,6,0,0,7,7,0,914,219,0,44,0,6,0,0,16,54,0,2,17,17,59,58,5.963,241,1,36.1875,-119.822006,39.613998,8,600,58,3,"e00fce68e739ecbcf9e91965",2026-08-30 13:10:02.127,2026-08-30 13:10:02.321,2026-08-30 13:10:02.321,2026-08-30
"771","OInisKge1r","MOOSPMv3Parser",1788095400,7,7,6,11,11,6,7,11,11,7,1333,386,137813,75,47,5,47,47,19,31,47,1,19,20,43,42,20.634,179,3277,2.9e-05,-0.004205,11924.019531,9,600,58,3,"e00fce68e28dcbc9a589be10",2026-08-30 13:10:02.37,2026-08-30 13:10:02.698,2026-08-30 13:10:02.698,2026-08-30
"772","SPgYz188ZV","MOOSPMv3Parser",1788095400,15,15,10,22,22,10,10,23,23,10,2765,777,153352,142,78,9,78,78,17,76,78,0,17,18,67,66,2.841,182,1,35.949448,-119.049835,119.418999,6,599,58,3,"e00fce6808784ceaf209f949",2026-08-30 13:10:03.246,2026-08-30 13:10:03.41,2026-08-30 13:10:03.41,2026-08-30
"773","mNBLrgPljR","MOOSPMv3Parser",1788095401,0,0,5,2,2,5,5,3,3,5,286,198,4271,38,37,5,37,37,17,53,37,1,17,18,69,63,3.909,103,1,35.963081,-119.29184,37.584999,5,600,58,3,"e00fce68d6b773b56ce8baa0",2026-08-30 13:10:03.319,2026-08-30 13:10:03.449,2026-08-30 13:10:03.449,2026-08-30
"774","Gx8QDN6AJH","MOOSPMv3Parser",1788095401,2,2,3,4,4,4,4,5,5,4,563,173,109376,33,26,4,26,26,0,0,26,1,16,18,60,57,13.679,85,1,36.433594,-119.923302,38.436001,0,600,58,3,"e00fce6876826e255108c6bd",2026-08-30 13:10:03.61,2026-08-30 13:10:03.763,2026-08-30 13:10:03.763,2026-08-30
"775","JXZGqSXG9s","MOOSPMv3Parser",1788095401,0,0,2,0,0,2,2,0,0,2,202,115,2226,18,13,2,14,14,18,44,14,1,18,18,50,48,17.565,130,1,36.198734,-120.104378,61.416,9,600,58,3,"e00fce686dc2ef0a68fa40b0",2026-08-30 13:10:03.806,2026-08-30 13:10:03.99,2026-08-30 13:10:03.99,2026-08-30
"776","h6jBgR0gLG","MOOSPMv3Parser",1788095400,12,12,12,20,20,12,12,21,21,12,2334,623,45200,140,93,12,93,93,17,77,93,0,18,18,65,64,0.211,186,1,35.775017,-119.238609,65.334999,7,600,58,3,"e00fce68e88237db75a60608",2026-08-30 13:10:04.336,2026-08-30 13:10:04.517,2026-08-30 13:10:04.517,2026-08-30
"777","lNvrRo9dCK","MOOSPMv3Parser",1788095400,22,21,26,34,32,27,27,37,37,27,4048,1088,123260,238,202,15,202,202,16,47,202,0,19,16,45,55,21.229,174,1,36.139057,-120.368431,167.570007,6,600,58,3,"e00fce6850cac69f647dc199",2026-08-30 13:10:04.357,2026-08-30 13:10:04.611,2026-08-30 13:10:04.611,2026-08-30
"778","2qnJpeCEFO","MOOSPMv3Parser",1788096000,3,3,0,6,6,0,0,6,6,0,931,221,0,42,0,4,0,0,16,53,0,2,16,17,59,58,6.379,227,1,36.1875,-119.821953,27.865999,9,600,58,3,"e00fce68e739ecbcf9e91965",2026-08-30 13:20:02.221,2026-08-30 13:20:02.702,2026-08-30 13:20:02.702,2026-08-30
"779","7eHp8yVuWI","MOOSPMv3Parser",1788096000,4,4,4,6,6,4,4,6,6,4,830,238,137839,43,31,3,31,31,19,31,31,1,19,20,42,42,21.99,129,3277,2.9e-05,-0.004205,11924.019531,9,600,58,3,"e00fce68e28dcbc9a589be10",2026-08-30 13:20:02.546,2026-08-30 13:20:02.741,2026-08-30 13:20:02.741,2026-08-30
"780","EFfHUX3X3V","MOOSPMv3Parser",1788096001,0,0,2,0,0,2,2,0,0,2,199,112,2237,18,13,2,13,14,18,44,14,1,18,18,49,47,16.902,131,1,36.198669,-120.104385,69.112999,9,600,58,3,"e00fce686dc2ef0a68fa40b0",2026-08-30 13:20:02.899,2026-08-30 13:20:03.094,2026-08-30 13:20:03.094,2026-08-30
"781","yDKkJdoUaB","MOOSPMv3Parser",1788096001,0,0,5,2,2,5,5,3,3,5,302,210,4304,40,39,5,39,39,17,53,39,0,16,18,68,62,1.235,131,1,35.963184,-119.291817,39.523998,5,600,58,3,"e00fce68d6b773b56ce8baa0",2026-08-30 13:20:03.079,2026-08-30 13:20:03.23,2026-08-30 13:20:03.23,2026-08-30
"782","cub6RXqtYB","MOOSPMv3Parser",1788096000,15,15,10,22,22,11,11,23,23,11,2761,768,153421,139,79,9,79,79,17,76,79,0,17,18,67,67,2.967,181,1,35.949547,-119.049889,90.676003,6,599,58,3,"e00fce6808784ceaf209f949",2026-08-30 13:20:03.246,2026-08-30 13:20:03.509,2026-08-30 13:20:03.509,2026-08-30
"783","PKhKJHsznI","MOOSPMv3Parser",1788096000,21,20,25,35,33,26,27,37,37,27,4029,1080,123432,240,197,17,198,198,16,45,198,0,19,16,44,53,22.301,168,1,36.138908,-120.368454,158.878998,5,600,58,3,"e00fce6850cac69f647dc199",2026-08-30 13:20:03.458,2026-08-30 13:20:03.65,2026-08-30 13:20:03.65,2026-08-30
"784","lTXWbK1MCd","MOOSPMv3Parser",1788096001,2,2,3,5,5,4,4,6,6,4,617,190,109399,37,26,4,27,27,0,0,27,1,16,18,60,58,13.644,85,1,36.43364,-119.923302,24.542999,9,600,58,3,"e00fce6876826e255108c6bd",2026-08-30 13:20:03.61,2026-08-30 13:20:03.881,2026-08-30 13:20:03.881,2026-08-30
"785","OnQgX8HZYS","MOOSPMv3Parser",1788096000,10,10,10,17,17,11,11,18,18,11,2083,550,45272,120,82,9,82,82,17,72,82,0,19,18,58,60,2.6,147,1,35.775017,-119.238609,65.333,0,600,58,3,"e00fce68e88237db75a60608",2026-08-30 13:20:04.339,2026-08-30 13:20:04.502,2026-08-30 13:20:04.502,2026-08-30
"786","uiLCGbNJwi","MOOSPMv3Parser",1788096600,3,3,0,6,6,0,0,6,6,0,927,217,0,40,0,3,0,0,16,54,0,2,16,17,59,59,6.307,230,1,36.187508,-119.822006,34.085999,8,600,58,3,"e00fce68e739ecbcf9e91965",2026-08-30 13:30:02.055,2026-08-30 13:30:02.241,2026-08-30 13:30:02.241,2026-08-30
"787","742I6ngFJm","MOOSPMv3Parser",1788096600,3,3,3,5,5,4,4,5,5,4,679,192,137862,35,26,2,27,27,19,31,27,1,19,20,42,42,22.351,107,3277,2.9e-05,-0.004205,11924.019531,9,600,58,3,"e00fce68e28dcbc9a589be10",2026-08-30 13:30:02.353,2026-08-30 13:30:02.616,2026-08-30 13:30:02.616,2026-08-30
"788","vb2G0wdMEX","MOOSPMv3Parser",1788096601,0,0,2,0,0,2,2,0,0,2,201,114,2249,20,14,2,15,15,18,43,15,1,17,18,50,46,15.976,173,1,36.198891,-120.104393,67.603996,9,600,58,3,"e00fce686dc2ef0a68fa40b0",2026-08-30 13:30:03.149,2026-08-30 13:30:03.291,2026-08-30 13:30:03.291,2026-08-30
"789","AVsw1qt3yo","MOOSPMv3Parser",1788096601,0,0,5,2,2,5,5,3,3,5,298,211,4337,42,40,5,40,40,17,53,40,0,17,18,66,62,2.181,140,1,35.963387,-119.29187,88.744003,5,600,58,3,"e00fce68d6b773b56ce8baa0",2026-08-30 13:30:03.263,2026-08-30 13:30:03.402,2026-08-30 13:30:03.402,2026-08-30
"790","uMoGofDY7g","MOOSPMv3Parser",1788096600,15,15,10,22,22,10,10,23,23,10,2729,764,153232,142,77,9,77,77,17,76,77,0,17,18,67,66,2.444,182,1,35.949547,-119.049889,90.674004,0,600,58,3,"e00fce6808784ceaf209f949",2026-08-30 13:30:03.246,2026-08-30 13:30:03.417,2026-08-30 13:30:03.417,2026-08-30
"791","u1m2AyV283","MOOSPMv3Parser",1788096601,2,2,4,5,5,5,5,7,7,6,625,195,109423,44,29,7,30,30,0,0,30,1,16,17,61,58,12.873,85,1,36.433552,-119.923378,30.222,6,600,58,3,"e00fce6876826e255108c6bd",2026-08-30 13:30:03.57,2026-08-30 13:30:03.719,2026-08-30 13:30:03.719,2026-08-30
"792","gGMjhTqyjp","MOOSPMv3Parser",1788096600,21,20,25,34,32,27,27,36,36,27,3978,1061,123605,244,198,14,199,199,16,46,199,0,19,16,45,54,22.209,156,1,36.138988,-120.368446,154.294998,13,600,58,3,"e00fce6850cac69f647dc199",2026-08-30 13:30:03.757,2026-08-30 13:30:03.939,2026-08-30 13:30:03.939,2026-08-30
"793","u5BtwMcm7G","MOOSPMv3Parser",1788096600,8,8,9,13,13,9,9,14,14,9,1726,449,45330,94,67,6,67,67,17,67,67,0,19,18,55,58,7.523,94,1,35.77499,-119.238579,62.403999,8,600,58,3,"e00fce68e88237db75a60608",2026-08-30 13:30:04.335,2026-08-30 13:30:04.528,2026-08-30 13:30:04.528,2026-08-30
"794","pZFG6aFwtH","MOOSPMv3Parser",1788097200,3,3,0,6,6,0,0,7,7,0,970,225,0,44,0,4,0,0,16,54,0,2,16,17,59,59,6.52,223,1,36.187515,-119.822006,17.527,9,600,58,3,"e00fce68e739ecbcf9e91965",2026-08-30 13:40:02.127,2026-08-30 13:40:02.331,2026-08-30 13:40:02.331,2026-08-30
"795","unvJNbffW4","MOOSPMv3Parser",1788097200,3,3,3,4,4,3,3,4,4,3,602,172,137880,30,22,2,23,23,19,30,23,1,19,20,41,41,22.965,94,3277,2.9e-05,-0.004205,11924.019531,9,600,58,3,"e00fce68e28dcbc9a589be10",2026-08-30 13:40:02.451,2026-08-30 13:40:02.727,2026-08-30 13:40:02.727,2026-08-30
"796","tCcbzewWud","MOOSPMv3Parser",1788097201,0,0,6,3,3,6,6,3,3,6,319,228,4376,45,46,6,47,47,17,54,47,0,17,17,66,62,5.072,96,1,35.9631,-119.291771,40.931999,6,600,58,3,"e00fce68d6b773b56ce8baa0",2026-08-30 13:40:03.107,2026-08-30 13:40:03.301,2026-08-30 13:40:03.301,2026-08-30
"797","W8oMAp78Yu","MOOSPMv3Parser",1788097201,3,3,3,5,5,3,3,5,5,3,1418,221,2478,32,21,2,21,21,15,55,21,0,16,16,59,60,16.06,206,1,36.503159,-120.325394,60.505001,9,601,58,3,"e00fce68e77e43df92405fdb",2026-08-30 13:40:03.225,2026-08-30 13:40:03.376,2026-08-30 13:40:03.376,2026-08-30
"798","wYfaakwnDj","MOOSPMv3Parser",1788097200,14,14,10,22,22,10,10,23,23,10,2622,737,153553,142,76,9,76,76,17,76,76,0,17,18,67,66,2.168,183,1,35.949593,-119.049957,119.794998,9,599,58,3,"e00fce6808784ceaf209f949",2026-08-30 13:40:03.242,2026-08-30 13:40:03.426,2026-08-30 13:40:03.426,2026-08-30
"799","tqSOkeX98w","MOOSPMv3Parser",1788097201,0,0,2,0,0,2,2,0,0,2,200,112,2260,19,14,2,14,14,17,43,14,1,17,18,48,46,15.512,213,1,36.198784,-120.104477,62.653999,8,600,58,3,"e00fce686dc2ef0a68fa40b0",2026-08-30 13:40:03.439,2026-08-30 13:40:03.615,2026-08-30 13:40:03.615,2026-08-30
"800","EH0ABi5x4B","MOOSPMv3Parser",1788097201,3,3,4,5,5,4,5,6,6,5,626,194,109447,39,28,6,29,29,0,0,29,1,16,17,62,58,12.962,86,1,36.43364,-119.923347,55.558998,8,600,58,3,"e00fce6876826e255108c6bd",2026-08-30 13:40:03.626,2026-08-30 13:40:03.803,2026-08-30 13:40:03.803,2026-08-30
"801","kavWUi4Nn2","MOOSPMv3Parser",1788097200,21,20,26,34,32,27,27,37,37,27,4033,1079,123781,240,203,16,203,203,16,47,203,0,19,16,46,55,21.771,165,1,36.139004,-120.368385,172.800003,9,600,58,3,"e00fce6850cac69f647dc199",2026-08-30 13:40:04.101,2026-08-30 13:40:04.31,2026-08-30 13:40:04.31,2026-08-30
"802","kLlH1Zg9Wi","MOOSPMv3Parser",1788097200,9,9,9,15,15,10,10,16,16,10,1852,480,45394,103,73,10,73,73,17,74,73,0,19,18,63,64,7.647,101,1,35.775074,-119.238472,91.536003,7,600,58,3,"e00fce68e88237db75a60608",2026-08-30 13:40:04.435,2026-08-30 13:40:04.591,2026-08-30 13:40:04.591,2026-08-30
"803","uZ6XehWJyA","MOOSPMv3Parser",1788097800,3,3,0,6,6,0,0,7,7,0,988,238,0,47,0,5,0,0,16,54,0,2,16,17,58,58,6.585,220,1,36.187584,-119.821953,41.255001,10,600,58,3,"e00fce68e739ecbcf9e91965",2026-08-30 13:50:02.042,2026-08-30 13:50:02.28,2026-08-30 13:50:02.28,2026-08-30
"804","LQhInGY7h3","MOOSPMv3Parser",1788097800,2,2,3,4,4,3,3,4,4,3,550,154,137899,27,22,2,22,22,19,30,22,1,20,20,40,41,24.032,72,3277,2.9e-05,-0.004205,11924.019531,9,600,58,3,"e00fce68e28dcbc9a589be10",2026-08-30 13:50:02.353,2026-08-30 13:50:02.523,2026-08-30 13:50:02.523,2026-08-30
"805","1LRONDwP3A","MOOSPMv3Parser",1788097801,1,1,7,4,4,7,7,4,4,7,354,258,4420,53,53,7,53,53,17,53,53,0,17,17,65,62,6.756,78,1,35.963123,-119.291748,33.736,6,600,58,3,"e00fce68d6b773b56ce8baa0",2026-08-30 13:50:03.249,2026-08-30 13:50:03.399,2026-08-30 13:50:03.399,2026-08-30
"806","TTisY1xTdV","MOOSPMv3Parser",1788097800,14,14,10,21,21,10,10,22,22,10,2631,733,153619,142,75,8,76,76,16,76,76,0,17,18,67,66,2.163,183,1,35.949654,-119.049873,141.904999,8,599,58,3,"e00fce6808784ceaf209f949",2026-08-30 13:50:03.41,2026-08-30 13:50:03.688,2026-08-30 13:50:03.688,2026-08-30
"807","jtvQrnHikf","MOOSPMv3Parser",1788097801,3,3,4,6,6,5,6,7,7,6,683,212,109472,42,31,6,32,32,0,0,32,1,16,17,65,61,13.033,98,1,36.433636,-119.923363,21.066999,5,600,58,3,"e00fce6876826e255108c6bd",2026-08-30 13:50:03.683,2026-08-30 13:50:03.897,2026-08-30 13:50:03.897,2026-08-30
"808","iC13bLnNm8","MOOSPMv3Parser",1788097801,0,0,3,0,0,3,3,0,0,3,202,116,2277,20,20,2,21,21,17,42,21,1,17,18,47,45,17.191,141,1,36.198814,-120.104424,72.514999,9,600,58,3,"e00fce686dc2ef0a68fa40b0",2026-08-30 13:50:03.873,2026-08-30 13:50:04.078,2026-08-30 13:50:04.078,2026-08-30
"809","Gr09Ww8VWV","MOOSPMv3Parser",1788097801,3,3,3,5,5,3,3,6,6,3,1400,220,2500,34,20,3,21,21,15,56,21,0,16,16,60,61,16.841,195,1,36.503193,-120.325401,49.027,9,600,58,3,"e00fce68e77e43df92405fdb",2026-08-30 13:50:04.064,2026-08-30 13:50:04.252,2026-08-30 13:50:04.252,2026-08-30
"810","VrWLqJ8Kan","MOOSPMv3Parser",1788097800,21,20,26,34,32,27,27,37,37,27,4001,1072,123955,236,200,16,200,200,16,48,200,0,19,16,46,56,20.72,194,1,36.139004,-120.368385,172.798004,0,600,58,3,"e00fce6850cac69f647dc199",2026-08-30 13:50:04.42,2026-08-30 13:50:04.578,2026-08-30 13:50:04.578,2026-08-30
"811","fqqCpGg7ho","MOOSPMv3Parser",1788097800,12,12,12,20,20,13,13,21,21,13,2363,625,45476,139,94,12,94,94,17,78,94,0,18,18,66,65,1.019,174,1,35.775112,-119.238586,70.961998,8,600,58,3,"e00fce68e88237db75a60608",2026-08-30 13:50:04.414,2026-08-30 13:50:04.586,2026-08-30 13:50:04.586,2026-08-30
"812","bwInOkQFE6","MOOSPMv3Parser",1788098400,4,4,0,7,7,0,0,7,7,0,1025,239,0,47,0,5,0,0,16,53,0,2,17,17,57,58,6.82,222,1,36.187565,-119.822021,35.035,9,600,58,3,"e00fce68e739ecbcf9e91965",2026-08-30 14:00:02.13,2026-08-30 14:00:02.445,2026-08-30 14:00:02.445,2026-08-30
"813","3ilHzlsQpt","MOOSPMv3Parser",1788098400,2,2,3,3,3,3,3,4,4,3,548,155,137915,27,20,2,20,20,19,29,20,1,20,20,39,41,24.811,40,3277,2.9e-05,-0.004205,11924.019531,9,600,58,3,"e00fce68e28dcbc9a589be10",2026-08-30 14:00:02.404,2026-08-30 14:00:02.61,2026-08-30 14:00:02.61,2026-08-30
"814","nA5hPYtYj7","MOOSPMv3Parser",1788098401,1,1,7,4,4,7,7,5,5,7,359,264,4465,55,54,7,54,54,17,54,54,0,16,17,67,64,6.417,80,1,35.963116,-119.291763,29.777,6,600,58,3,"e00fce68d6b773b56ce8baa0",2026-08-30 14:00:02.926,2026-08-30 14:00:03.257,2026-08-30 14:00:03.257,2026-08-30
"815","WpDQ11de6I","MOOSPMv3Parser",1788098401,0,0,2,0,0,3,3,0,0,3,201,115,2291,19,17,2,18,18,17,42,18,1,18,18,46,46,19.112,98,1,36.198948,-120.104424,87.620003,8,600,58,3,"e00fce686dc2ef0a68fa40b0",2026-08-30 14:00:02.787,2026-08-30 14:00:03.282,2026-08-30 14:00:03.282,2026-08-30
"816","KoQX3W3owL","MOOSPMv3Parser",1788098400,13,13,10,20,20,10,10,21,21,10,2455,689,153685,130,75,9,76,76,16,77,76,0,17,18,66,67,2.853,177,1,35.949532,-119.050026,102.444,8,599,58,3,"e00fce6808784ceaf209f949",2026-08-30 14:00:03.246,2026-08-30 14:00:03.455,2026-08-30 14:00:03.455,2026-08-30
"817","XHxErNsO4w","MOOSPMv3Parser",1788098401,4,4,3,5,5,3,3,6,6,3,1443,238,2519,38,22,2,22,22,15,57,22,0,16,16,60,61,17.628,184,1,36.503242,-120.325432,69.589996,8,600,58,3,"e00fce68e77e43df92405fdb",2026-08-30 14:00:03.401,2026-08-30 14:00:03.6,2026-08-30 14:00:03.6,2026-08-30
"818","9zc8NgBInF","MOOSPMv3Parser",1788098401,3,3,4,6,6,5,5,7,7,5,701,218,109498,44,30,5,31,31,0,0,31,1,16,17,63,60,12.992,87,1,36.433613,-119.923309,22.473,6,600,58,3,"e00fce6876826e255108c6bd",2026-08-30 14:00:03.579,2026-08-30 14:00:03.737,2026-08-30 14:00:03.737,2026-08-30
"819","8fD7ZSAgst","MOOSPMv3Parser",1788098400,21,20,26,35,33,27,27,37,37,28,4051,1082,124131,245,203,16,204,204,16,49,204,0,19,16,46,56,18.829,216,1,36.139065,-120.368385,181.136002,8,600,58,3,"e00fce6850cac69f647dc199",2026-08-30 14:00:03.464,2026-08-30 14:00:03.772,2026-08-30 14:00:03.772,2026-08-30
"820","n1DA2gvCKg","MOOSPMv3Parser",1788098400,13,13,13,22,22,14,14,23,23,14,2528,677,45565,154,103,16,103,103,17,79,103,0,18,18,67,66,0.196,187,1,35.775063,-119.238525,67.999001,7,600,58,3,"e00fce68e88237db75a60608",2026-08-30 14:00:04.271,2026-08-30 14:00:04.439,2026-08-30 14:00:04.439,2026-08-30
"821","pYbFT23Fwm","MOOSPMv3Parser",1788099000,3,3,0,6,6,0,0,7,7,0,963,228,0,47,0,4,0,0,16,52,0,2,17,17,56,57,7.11,217,1,36.187466,-119.822098,14.65,6,600,58,3,"e00fce68e739ecbcf9e91965",2026-08-30 14:10:02.047,2026-08-30 14:10:02.259,2026-08-30 14:10:02.259,2026-08-30
"822","yGiD7PxS4w","MOOSPMv3Parser",1788099000,2,2,2,3,3,3,3,3,3,3,488,138,137932,26,19,2,20,20,19,29,20,1,20,20,38,40,24.857,52,3277,2.9e-05,-0.004205,11924.019531,9,600,58,3,"e00fce68e28dcbc9a589be10",2026-08-30 14:10:02.372,2026-08-30 14:10:02.557,2026-08-30 14:10:02.557,2026-08-30
"823","MAomBuiB2b","MOOSPMv3Parser",1788099001,0,0,2,0,0,3,3,0,0,3,212,123,2305,21,17,2,17,17,18,42,17,1,18,18,47,46,17.422,109,1,36.198879,-120.1045,76.834,3,600,58,3,"e00fce686dc2ef0a68fa40b0",2026-08-30 14:10:03.149,2026-08-30 14:10:03.337,2026-08-30 14:10:03.337,2026-08-30
"824","i9vrvaWxk7","MOOSPMv3Parser",1788099000,13,13,9,20,20,10,10,21,21,10,2479,689,153749,129,73,10,73,73,17,77,73,0,17,18,65,67,3.571,171,1,35.949493,-119.049957,117.638,7,599,58,3,"e00fce6808784ceaf209f949",2026-08-30 14:10:03.244,2026-08-30 14:10:03.39,2026-08-30 14:10:03.39,2026-08-30
"825","BnfN5tZYGF","MOOSPMv3Parser",1788099001,3,3,3,5,5,3,3,5,5,3,1424,226,2538,32,22,2,23,23,16,58,23,0,16,16,60,61,17.186,184,1,36.503292,-120.325455,71.728996,7,600,58,3,"e00fce68e77e43df92405fdb",2026-08-30 14:10:03.433,2026-08-30 14:10:03.606,2026-08-30 14:10:03.606,2026-08-30
"826","IcsmILy8tj","MOOSPMv3Parser",1788099001,3,3,4,6,6,5,5,7,7,5,679,208,109525,45,32,5,32,32,0,0,32,1,16,17,62,60,13.006,86,1,36.433613,-119.923309,22.474001,0,600,58,3,"e00fce6876826e255108c6bd",2026-08-30 14:10:03.659,2026-08-30 14:10:03.819,2026-08-30 14:10:03.819,2026-08-30
"827","KHa7AARXpP","MOOSPMv3Parser",1788099000,21,20,26,35,33,27,27,37,37,27,4003,1074,124306,245,201,17,201,201,16,52,201,0,20,16,47,59,17.259,227,1,36.139038,-120.368416,157.085007,6,600,58,3,"e00fce6850cac69f647dc199",2026-08-30 14:10:03.784,2026-08-30 14:10:03.938,2026-08-30 14:10:03.938,2026-08-30
"828","OWDmMhr5K9","MOOSPMv3Parser",1788099000,15,15,15,26,26,15,15,27,27,15,3014,803,45666,182,115,18,115,115,18,79,115,0,18,18,67,65,0.958,173,1,35.774998,-119.238518,71.579002,6,600,58,3,"e00fce68e88237db75a60608",2026-08-30 14:10:04.334,2026-08-30 14:10:04.54,2026-08-30 14:10:04.54,2026-08-30
"829","ZjAj8DbJRP","MOOSPMv3Parser",1788099600,3,3,0,6,6,0,0,6,6,0,961,229,0,43,0,4,0,0,17,52,0,2,17,17,55,57,7.735,209,1,36.18758,-119.82222,10.206,9,600,58,3,"e00fce68e739ecbcf9e91965",2026-08-30 14:20:02.13,2026-08-30 14:20:02.362,2026-08-30 14:20:02.362,2026-08-30
"830","eF7onVmyVQ","MOOSPMv3Parser",1788099600,2,2,3,3,3,3,3,4,4,3,518,147,137948,28,21,2,21,21,19,28,21,1,21,21,37,40,25.608,45,3277,2.9e-05,-0.004205,11924.019531,9,600,58,3,"e00fce68e28dcbc9a589be10",2026-08-30 14:20:02.286,2026-08-30 14:20:02.484,2026-08-30 14:20:02.484,2026-08-30
"831","XVcI5CfuWb","MOOSPMv3Parser",1788099601,0,0,2,0,0,3,3,0,0,3,204,115,2319,19,16,2,17,17,18,43,17,1,18,19,46,47,17.659,128,1,36.198807,-120.104454,83.616997,8,600,58,3,"e00fce686dc2ef0a68fa40b0",2026-08-30 14:20:03.45,2026-08-30 14:20:03.597,2026-08-30 14:20:03.597,2026-08-30
"832","L601EKG6lX","MOOSPMv3Parser",1788099600,12,12,9,20,20,10,10,20,20,10,2430,677,153812,129,73,9,73,73,17,76,73,0,18,18,65,68,3.57,172,1,35.949619,-119.049927,118.360001,9,599,58,3,"e00fce6808784ceaf209f949",2026-08-30 14:20:03.491,2026-08-30 14:20:03.708,2026-08-30 14:20:03.708,2026-08-30
"833","N57u6K5AVl","MOOSPMv3Parser",1788099601,3,3,4,6,6,5,5,7,7,5,724,225,109553,48,32,6,33,33,0,0,33,1,17,17,62,61,12.98,86,1,36.433582,-119.923347,26.455,9,600,58,3,"e00fce6876826e255108c6bd",2026-08-30 14:20:03.612,2026-08-30 14:20:03.828,2026-08-30 14:20:03.828,2026-08-30
"834","Bc1iNk36Rk","MOOSPMv3Parser",1788099600,21,20,26,35,32,27,27,38,38,27,4015,1085,124481,243,201,17,202,202,16,47,202,0,21,17,43,55,17.725,225,1,36.13908,-120.368439,153.085007,9,600,58,3,"e00fce6850cac69f647dc199",2026-08-30 14:20:04.022,2026-08-30 14:20:04.188,2026-08-30 14:20:04.188,2026-08-30
"835","ibAXdNAMlr","MOOSPMv3Parser",1788099600,18,18,18,30,30,19,19,32,32,19,3450,923,45789,206,141,23,141,141,18,77,141,0,18,19,66,64,0.804,165,1,35.775032,-119.238487,62.988998,8,600,58,3,"e00fce68e88237db75a60608",2026-08-30 14:20:04.333,2026-08-30 14:20:04.491,2026-08-30 14:20:04.491,2026-08-30
"836","FHZdK8jRtw","MOOSPMv3Parser",1788099601,3,3,3,5,5,3,3,5,5,3,1342,215,2559,32,24,2,24,24,16,57,24,0,16,16,59,61,17.344,184,1,36.503223,-120.325409,63.801998,8,600,58,3,"e00fce68e77e43df92405fdb",2026-08-30 14:20:18.839,2026-08-30 14:20:19.041,2026-08-30 14:20:19.041,2026-08-30
"837","dfzwE6YhVT","MOOSPMv3Parser",1788100200,3,3,0,6,6,0,0,7,7,0,966,230,0,44,0,6,0,0,17,50,0,2,18,18,54,55,8.137,197,1,36.187569,-119.822121,14.444,11,600,58,3,"e00fce68e739ecbcf9e91965",2026-08-30 14:30:02.066,2026-08-30 14:30:02.234,2026-08-30 14:30:02.234,2026-08-30
"838","2KbZZwqaCS","MOOSPMv3Parser",1788100200,2,2,3,3,3,3,3,3,3,3,514,144,137964,24,19,1,20,20,20,28,20,1,22,21,35,39,26.378,30,3277,2.9e-05,-0.004205,11924.019531,9,600,58,3,"e00fce68e28dcbc9a589be10",2026-08-30 14:30:02.534,2026-08-30 14:30:02.75,2026-08-30 14:30:02.75,2026-08-30
"839","BCNDvn0sYU","MOOSPMv3Parser",1788100200,12,12,9,19,19,9,9,19,19,9,2348,659,153874,124,71,6,71,71,17,74,71,0,18,18,63,65,4.352,169,1,35.949688,-119.04995,106.799004,7,599,58,3,"e00fce6808784ceaf209f949",2026-08-30 14:30:03.244,2026-08-30 14:30:03.457,2026-08-30 14:30:03.457,2026-08-30
"840","ZiYtmfVATR","MOOSPMv3Parser",1788100201,3,3,3,5,5,4,4,5,5,4,1404,223,2580,34,25,2,25,25,16,57,25,0,16,17,59,61,17.803,186,1,36.50309,-120.325371,58.925999,8,600,58,3,"e00fce68e77e43df92405fdb",2026-08-30 14:30:03.501,2026-08-30 14:30:03.684,2026-08-30 14:30:03.684,2026-08-30
"841","PqhHi7kQtA","MOOSPMv3Parser",1788100201,4,4,4,7,7,5,5,8,8,5,798,248,109581,51,34,7,34,34,0,0,34,1,17,18,61,60,12.797,86,1,36.433731,-119.923378,33.984001,11,600,58,3,"e00fce6876826e255108c6bd",2026-08-30 14:30:03.557,2026-08-30 14:30:03.728,2026-08-30 14:30:03.728,2026-08-30
"842","0BTxb1X12B","MOOSPMv3Parser",1788100201,0,0,2,0,0,3,3,0,0,3,199,114,2332,19,16,2,17,17,18,41,17,1,19,19,43,44,20.313,78,1,36.198845,-120.104408,75.987,6,600,58,3,"e00fce686dc2ef0a68fa40b0",2026-08-30 14:30:04.055,2026-08-30 14:30:04.202,2026-08-30 14:30:04.202,2026-08-30
"843","c97FhYiZwW","MOOSPMv3Parser",1788100200,22,21,27,40,35,31,34,43,42,35,4236,1142,45966,270,208,37,212,212,18,73,212,1,19,19,62,61,0.619,167,1,35.775063,-119.23851,59.744999,9,600,58,3,"e00fce68e88237db75a60608",2026-08-30 14:30:04.336,2026-08-30 14:30:04.548,2026-08-30 14:30:04.548,2026-08-30
"844","j6gCDJs48s","MOOSPMv3Parser",1788100200,21,20,25,34,32,26,26,36,36,26,3944,1064,124652,244,197,15,197,198,17,48,198,0,22,18,42,54,17.449,211,1,36.139122,-120.368408,184.345993,10,600,58,3,"e00fce6850cac69f647dc199",2026-08-30 14:30:04.423,2026-08-30 14:30:04.583,2026-08-30 14:30:04.583,2026-08-30
"845","MtKXwuhb4e","MOOSPMv3Parser",1788100800,3,3,0,5,5,0,0,5,5,0,921,215,0,38,0,2,0,0,18,50,0,2,18,19,57,55,7.765,204,1,36.187569,-119.822121,14.447,0,600,58,3,"e00fce68e739ecbcf9e91965",2026-08-30 14:40:02.048,2026-08-30 14:40:02.241,2026-08-30 14:40:02.241,2026-08-30
"846","wCaSR83sOX","MOOSPMv3Parser",1788100800,2,2,3,3,3,3,3,4,4,3,551,156,137982,28,21,2,21,21,20,27,21,1,22,22,35,38,26.341,38,3277,2.9e-05,-0.004205,11924.019531,9,600,58,3,"e00fce68e28dcbc9a589be10",2026-08-30 14:40:02.512,2026-08-30 14:40:02.727,2026-08-30 14:40:02.727,2026-08-30
"847","XEEbDNCbTW","MOOSPMv3Parser",1788100801,0,0,2,0,0,2,3,0,0,3,206,119,2345,19,16,2,17,17,18,41,17,1,19,19,43,44,21.523,73,2,36.198875,-120.104485,70.266998,9,600,58,3,"e00fce686dc2ef0a68fa40b0",2026-08-30 14:40:02.826,2026-08-30 14:40:03.014,2026-08-30 14:40:03.014,2026-08-30
"848","2eDHa3hvph","MOOSPMv3Parser",1788100800,12,12,9,18,18,9,9,19,19,9,2225,622,153934,114,69,8,69,69,18,73,69,0,19,19,61,63,5.075,164,1,35.949699,-119.050026,123.946999,9,599,58,3,"e00fce6808784ceaf209f949",2026-08-30 14:40:03.246,2026-08-30 14:40:03.39,2026-08-30 14:40:03.39,2026-08-30
"849","qJc3tyF7vh","MOOSPMv3Parser",1788100800,20,20,25,34,32,26,26,37,37,26,3911,1053,124823,233,195,17,196,196,18,47,196,0,23,19,41,53,18.459,192,1,36.139057,-120.368416,165.729996,7,600,58,3,"e00fce6850cac69f647dc199",2026-08-30 14:40:03.458,2026-08-30 14:40:03.642,2026-08-30 14:40:03.642,2026-08-30
"850","XDroMjWXA5","MOOSPMv3Parser",1788100801,3,3,3,5,5,3,4,6,6,4,1389,225,2600,37,23,3,24,24,16,56,24,1,17,17,57,59,18.534,179,1,36.50309,-120.325371,58.922001,0,600,58,3,"e00fce68e77e43df92405fdb",2026-08-30 14:40:03.462,2026-08-30 14:40:03.651,2026-08-30 14:40:03.651,2026-08-30
"851","50skx9uNoH","MOOSPMv3Parser",1788100801,3,3,4,6,6,5,5,7,7,5,728,225,109609,45,32,6,33,33,0,0,33,1,17,18,60,60,12.581,95,1,36.433632,-119.923355,30.709999,8,600,58,3,"e00fce6876826e255108c6bd",2026-08-30 14:40:03.552,2026-08-30 14:40:03.733,2026-08-30 14:40:03.733,2026-08-30
"852","oqPGoPtXha","MOOSPMv3Parser",1788100800,25,23,30,45,39,34,36,49,47,37,4825,1310,46163,309,230,41,233,234,19,69,234,1,20,20,60,58,0.3,169,1,35.775013,-119.238525,69.857002,7,600,58,3,"e00fce68e88237db75a60608",2026-08-30 14:40:04.342,2026-08-30 14:40:04.512,2026-08-30 14:40:04.512,2026-08-30
"853","L4481gQXVt","MOOSPMv3Parser",1788101400,3,3,0,6,6,0,0,6,6,0,928,215,0,42,0,4,0,0,18,46,0,2,18,20,52,50,7.632,215,1,36.187592,-119.82222,6.109,8,600,58,3,"e00fce68e739ecbcf9e91965",2026-08-30 14:50:02.128,2026-08-30 14:50:02.311,2026-08-30 14:50:02.311,2026-08-30
"854","k58PfUBckc","MOOSPMv3Parser",1788101400,2,2,3,4,4,3,4,4,4,4,569,164,138002,31,24,3,24,24,21,30,24,1,22,22,38,40,24.316,64,3277,2.9e-05,-0.004205,11924.019531,9,600,58,3,"e00fce68e28dcbc9a589be10",2026-08-30 14:50:02.612,2026-08-30 14:50:02.966,2026-08-30 14:50:02.966,2026-08-30
"855","5DtwVT6u8a","MOOSPMv3Parser",1788101401,0,0,2,0,0,2,2,0,0,2,208,120,2358,21,15,2,15,15,19,41,15,1,20,20,44,45,21.426,70,2,36.198879,-120.104408,65.891998,9,600,58,3,"e00fce686dc2ef0a68fa40b0",2026-08-30 14:50:03.143,2026-08-30 14:50:03.327,2026-08-30 14:50:03.327,2026-08-30
"856","woXht3gNMf","MOOSPMv3Parser",1788101401,3,3,3,5,5,3,4,6,6,4,1385,220,2620,34,23,3,24,24,17,55,24,1,18,18,56,58,18.939,173,2,36.503181,-120.325409,67.538002,7,600,58,3,"e00fce68e77e43df92405fdb",2026-08-30 14:50:03.236,2026-08-30 14:50:03.418,2026-08-30 14:50:03.418,2026-08-30
"857","fscfyB3DZT","MOOSPMv3Parser",1788101400,11,11,8,17,17,9,9,18,18,9,2121,589,153990,116,65,7,65,65,18,71,65,0,19,19,60,62,5.689,158,1,35.949638,-119.049957,119.417,8,599,58,3,"e00fce6808784ceaf209f949",2026-08-30 14:50:03.325,2026-08-30 14:50:03.481,2026-08-30 14:50:03.481,2026-08-30
"858","0nxzIPv9fA","MOOSPMv3Parser",1788101401,4,4,5,6,6,5,6,8,8,6,794,246,109639,51,36,6,36,36,0,0,36,1,18,18,59,60,12.533,90,1,36.433659,-119.923424,28.535,8,600,58,3,"e00fce6876826e255108c6bd",2026-08-30 14:50:03.715,2026-08-30 14:50:03.869,2026-08-30 14:50:03.869,2026-08-30
"859","EqvXbxXJxk","MOOSPMv3Parser",1788101400,19,19,23,32,31,24,24,34,34,24,3736,1009,124981,231,182,13,182,183,19,40,183,0,24,20,36,46,20.945,165,1,36.139107,-120.3685,148.115005,7,600,58,3,"e00fce6850cac69f647dc199",2026-08-30 14:50:03.942,2026-08-30 14:50:04.115,2026-08-30 14:50:04.115,2026-08-30
"860","YgWxjBERsT","MOOSPMv3Parser",1788101400,27,24,31,49,40,37,40,52,49,42,5221,1417,46364,324,238,44,243,244,20,65,244,1,20,21,58,55,0.654,163,1,35.775108,-119.238487,68.18,6,600,58,3,"e00fce68e88237db75a60608",2026-08-30 14:50:04.474,2026-08-30 14:50:04.702,2026-08-30 14:50:04.702,2026-08-30
"861","YT6xk6Do6K","MOOSPMv3Parser",1788102000,3,3,0,5,5,0,0,5,5,0,913,202,0,39,0,2,0,0,19,43,0,2,19,21,50,48,8.981,183,1,36.187584,-119.822159,12.381,8,600,58,3,"e00fce68e739ecbcf9e91965",2026-08-30 15:00:02.217,2026-08-30 15:00:02.606,2026-08-30 15:00:02.606,2026-08-30
"862","VptalpNhxR","MOOSPMv3Parser",1788102000,3,3,4,5,5,5,7,5,5,7,654,187,138025,37,28,3,30,30,21,32,30,1,22,23,43,43,21.235,125,3277,2.9e-05,-0.004205,11924.019531,9,600,58,3,"e00fce68e28dcbc9a589be10",2026-08-30 15:00:02.373,2026-08-30 15:00:02.63,2026-08-30 15:00:02.63,2026-08-30
"863","AdXVtEKSor","MOOSPMv3Parser",1788102001,4,4,3,5,5,3,4,6,6,4,1751,246,2640,33,23,3,24,24,17,53,24,1,18,18,55,56,20.145,158,2,36.503136,-120.325409,52.866001,9,600,58,3,"e00fce68e77e43df92405fdb",2026-08-30 15:00:03.299,2026-08-30 15:00:03.619,2026-08-30 15:00:03.619,2026-08-30
"864","seT2jb4Xre","MOOSPMv3Parser",1788102000,10,10,8,16,16,8,8,16,16,8,2002,560,154044,104,61,7,61,61,18,70,61,0,20,20,59,61,6.512,152,1,35.949612,-119.049973,114.593002,9,599,58,3,"e00fce6808784ceaf209f949",2026-08-30 15:00:03.323,2026-08-30 15:00:03.691,2026-08-30 15:00:03.691,2026-08-30
"865","0aICf35czH","MOOSPMv3Parser",1788102001,0,0,2,0,0,2,2,0,0,2,189,105,2369,16,13,2,13,13,19,42,13,1,20,20,44,45,21.674,56,2,36.198936,-120.104408,68.569,8,600,58,3,"e00fce686dc2ef0a68fa40b0",2026-08-30 15:00:03.45,2026-08-30 15:00:03.713,2026-08-30 15:00:03.713,2026-08-30
"866","mdaTzcbnO2","MOOSPMv3Parser",1788102001,4,4,4,6,6,5,5,8,8,6,817,251,109669,49,35,6,35,35,0,0,35,1,18,18,57,59,12.528,87,1,36.433632,-119.923431,18.378,6,600,58,3,"e00fce6876826e255108c6bd",2026-08-30 15:00:03.612,2026-08-30 15:00:03.856,2026-08-30 15:00:03.856,2026-08-30
"867","tJBeJg82kA","MOOSPMv3Parser",1788102000,18,18,21,30,29,22,22,32,32,22,3519,947,125127,209,168,13,168,168,20,35,168,0,25,21,32,41,26.296,95,1,36.139038,-120.368385,172.479004,8,600,58,3,"e00fce6850cac69f647dc199",2026-08-30 15:00:04.169,2026-08-30 15:00:04.4,2026-08-30 15:00:04.4,2026-08-30
"868","0zHf9XYPjr","MOOSPMv3Parser",1788102000,18,17,20,32,28,23,25,35,33,26,3609,955,46493,212,151,30,154,155,21,55,155,1,21,22,50,48,3.104,132,1,35.775108,-119.238487,68.18,0,600,58,3,"e00fce68e88237db75a60608",2026-08-30 15:00:04.412,2026-08-30 15:00:04.602,2026-08-30 15:00:04.602,2026-08-30
"869","wVADoQt7aO","MOOSPMv3Parser",1788102600,3,3,0,6,6,0,0,7,7,0,917,214,0,41,0,6,0,0,20,41,0,2,20,22,48,46,10.231,167,1,36.187553,-119.822067,18.976999,9,600,58,3,"e00fce68e739ecbcf9e91965",2026-08-30 15:10:02.199,2026-08-30 15:10:02.386,2026-08-30 15:10:02.386,2026-08-30
"870","CC4M4C7xQz","MOOSPMv3Parser",1788102600,2,2,3,4,4,4,5,5,5,5,602,169,138043,29,23,3,24,24,22,26,24,1,23,24,34,34,21.83,135,3277,2.9e-05,-0.004205,11924.019531,9,600,58,3,"e00fce68e28dcbc9a589be10",2026-08-30 15:10:02.444,2026-08-30 15:10:02.6,2026-08-30 15:10:02.6,2026-08-30
"871","zqDLmynFi5","MOOSPMv3Parser",1788102601,3,3,3,5,5,3,4,6,6,4,1459,224,2659,35,23,3,23,23,18,52,23,1,19,19,54,55,21.504,139,2,36.503181,-120.325439,60.382,7,600,58,3,"e00fce68e77e43df92405fdb",2026-08-30 15:10:03.262,2026-08-30 15:10:03.443,2026-08-30 15:10:03.443,2026-08-30
"872","MeVNwosMuk","MOOSPMv3Parser",1788102600,9,9,7,14,14,8,8,15,15,8,1814,502,154094,91,58,7,58,58,19,67,58,0,20,20,58,59,7.914,139,1,35.949627,-119.049995,114.898003,7,599,58,3,"e00fce6808784ceaf209f949",2026-08-30 15:10:03.325,2026-08-30 15:10:03.505,2026-08-30 15:10:03.505,2026-08-30
"873","PeTJZw4VoU","MOOSPMv3Parser",1788102601,4,4,5,7,7,6,6,8,8,6,808,249,109700,49,37,7,37,38,0,0,38,1,19,19,57,58,12.448,87,1,36.433548,-119.92337,13.98,8,600,58,3,"e00fce6876826e255108c6bd",2026-08-30 15:10:03.599,2026-08-30 15:10:03.787,2026-08-30 15:10:03.787,2026-08-30
"874","srvUlv5aNF","MOOSPMv3Parser",1788102601,0,0,2,0,0,2,2,0,0,3,197,111,2380,16,14,2,15,15,19,41,15,1,21,20,44,44,23.026,41,2,36.198875,-120.104362,89.834,6,600,58,3,"e00fce686dc2ef0a68fa40b0",2026-08-30 15:10:03.795,2026-08-30 15:10:03.932,2026-08-30 15:10:03.932,2026-08-30
"875","zvfAlEodUW","MOOSPMv3Parser",1788102600,6,6,6,10,10,6,6,10,10,6,1400,347,46534,67,47,4,47,47,21,51,47,0,22,23,48,46,10.227,69,1,35.775051,-119.23851,67.608002,10,600,58,3,"e00fce68e88237db75a60608",2026-08-30 15:10:04.334,2026-08-30 15:10:04.53,2026-08-30 15:10:04.53,2026-08-30
"876","hpDlXSI0Ww","MOOSPMv3Parser",1788102600,18,18,21,29,29,22,22,32,32,22,3435,926,125267,212,161,14,162,162,21,33,162,0,26,23,31,39,28.899,70,1,36.139091,-120.368546,153.117996,8,600,58,3,"e00fce6850cac69f647dc199",2026-08-30 15:10:04.491,2026-08-30 15:10:04.671,2026-08-30 15:10:04.671,2026-08-30
"877","4aRefaGG3A","MOOSPMv3Parser",1788103200,3,3,0,5,5,0,0,6,6,0,900,206,0,41,0,4,0,0,21,39,0,2,20,23,48,45,11.413,154,1,36.187561,-119.822083,22.625999,10,600,58,3,"e00fce68e739ecbcf9e91965",2026-08-30 15:20:02.13,2026-08-30 15:20:02.267,2026-08-30 15:20:02.267,2026-08-30
"878","91rnZfVTG7","MOOSPMv3Parser",1788103200,2,2,3,4,4,4,4,4,4,4,638,180,138064,34,25,2,25,25,22,24,25,1,24,25,34,33,27.101,39,3277,2.9e-05,-0.004205,11924.019531,9,600,58,3,"e00fce68e28dcbc9a589be10",2026-08-30 15:20:02.365,2026-08-30 15:20:02.724,2026-08-30 15:20:02.724,2026-08-30
"879","cURqcai6k1","MOOSPMv3Parser",1788103201,0,0,2,0,0,2,2,0,0,2,190,108,2390,18,13,2,13,13,20,41,13,1,21,21,43,44,22.457,41,3,36.199139,-120.104469,91.236,7,600,58,3,"e00fce686dc2ef0a68fa40b0",2026-08-30 15:20:02.983,2026-08-30 15:20:03.141,2026-08-30 15:20:03.141,2026-08-30
"880","7ikGOjAIxP","MOOSPMv3Parser",1788103200,8,8,6,13,13,7,7,13,13,7,1646,459,153881,83,51,5,51,51,19,64,51,0,21,21,57,58,8.812,129,1,35.949627,-119.049995,114.898003,0,600,58,3,"e00fce6808784ceaf209f949",2026-08-30 15:20:03.3,2026-08-30 15:20:03.488,2026-08-30 15:20:03.488,2026-08-30
"881","uwLqq8Q0Wn","MOOSPMv3Parser",1788103201,3,3,3,5,5,3,4,6,6,4,1397,218,2679,35,23,2,23,23,18,50,23,1,19,19,52,54,22.246,134,2,36.503132,-120.325401,55.986,8,600,58,3,"e00fce68e77e43df92405fdb",2026-08-30 15:20:03.363,2026-08-30 15:20:03.518,2026-08-30 15:20:03.518,2026-08-30
"882","DTi6VQ08L5","MOOSPMv3Parser",1788103200,17,17,20,29,28,21,21,30,30,21,3374,905,125403,201,157,12,157,157,22,30,157,0,27,24,30,37,27.894,87,2,36.138958,-120.368431,170.376007,10,600,58,3,"e00fce6850cac69f647dc199",2026-08-30 15:20:03.478,2026-08-30 15:20:03.649,2026-08-30 15:20:03.649,2026-08-30
"883","TaYHu1A84D","MOOSPMv3Parser",1788103201,4,4,5,7,7,6,6,9,9,6,840,260,109732,56,38,7,38,39,0,0,39,1,19,19,54,55,11.834,162,1,36.433655,-119.923401,22.105,6,600,58,3,"e00fce6876826e255108c6bd",2026-08-30 15:20:03.72,2026-08-30 15:20:03.917,2026-08-30 15:20:03.917,2026-08-30
"884","qkSD7qxxCI","MOOSPMv3Parser",1788103200,6,6,6,9,9,6,6,10,10,6,1353,337,46574,71,45,4,46,46,22,47,46,0,22,25,46,43,11.726,72,1,35.775154,-119.238472,71.667999,8,600,58,3,"e00fce68e88237db75a60608",2026-08-30 15:20:04.575,2026-08-30 15:20:04.718,2026-08-30 15:20:04.718,2026-08-30
"885","g0VAIyF1Kv","MOOSPMv3Parser",1788103800,3,3,0,6,6,0,0,7,7,0,957,217,0,44,0,5,0,0,21,36,0,2,21,24,45,41,12.01,149,2,36.187611,-119.822037,34.032001,8,600,58,3,"e00fce68e739ecbcf9e91965",2026-08-30 15:30:02.215,2026-08-30 15:30:02.393,2026-08-30 15:30:02.393,2026-08-30
"886","FFMRm2eFan","MOOSPMv3Parser",1788103800,2,2,3,4,4,3,3,4,4,3,585,164,138080,30,21,1,21,21,23,23,21,1,24,26,33,32,27.473,32,3277,2.9e-05,-0.004205,11924.019531,9,600,58,3,"e00fce68e28dcbc9a589be10",2026-08-30 15:30:02.373,2026-08-30 15:30:02.585,2026-08-30 15:30:02.585,2026-08-30
"887","hjyna3Re3S","MOOSPMv3Parser",1788103801,0,0,2,0,0,2,2,0,0,2,188,104,2400,16,12,1,12,12,20,41,12,1,21,21,43,44,23.13,32,3,36.19891,-120.104439,83.254997,6,600,58,3,"e00fce686dc2ef0a68fa40b0",2026-08-30 15:30:03.22,2026-08-30 15:30:03.447,2026-08-30 15:30:03.447,2026-08-30
"888","J7InOrHSRR","MOOSPMv3Parser",1788103801,3,3,3,5,5,3,4,5,5,4,1326,208,2699,33,23,3,24,24,19,47,24,1,20,20,50,52,22.617,130,2,36.503193,-120.325424,69.097,8,600,58,3,"e00fce68e77e43df92405fdb",2026-08-30 15:30:03.246,2026-08-30 15:30:03.466,2026-08-30 15:30:03.466,2026-08-30
"889","XQOE3vmLVv","MOOSPMv3Parser",1788103800,8,8,6,12,12,6,6,13,13,6,1602,443,154180,79,48,5,48,48,20,62,48,0,21,21,54,54,9.06,126,1,35.949657,-119.04998,122.033997,8,599,58,3,"e00fce6808784ceaf209f949",2026-08-30 15:30:03.335,2026-08-30 15:30:03.53,2026-08-30 15:30:03.53,2026-08-30
"890","PzRCxXXblH","MOOSPMv3Parser",1788103801,3,3,5,6,6,6,6,7,7,7,752,231,109762,46,36,6,37,37,0,0,37,1,20,20,53,53,13.043,86,1,36.433662,-119.92337,27.228001,7,600,58,3,"e00fce6876826e255108c6bd",2026-08-30 15:30:03.62,2026-08-30 15:30:03.784,2026-08-30 15:30:03.784,2026-08-30
"891","mV1yG3szZR","MOOSPMv3Parser",1788103800,17,17,19,28,28,20,20,29,29,20,3268,878,125537,196,153,13,153,153,23,30,153,0,27,25,30,37,28.614,86,2,36.138985,-120.36837,173.065002,6,600,58,3,"e00fce6850cac69f647dc199",2026-08-30 15:30:03.851,2026-08-30 15:30:04.018,2026-08-30 15:30:04.018,2026-08-30
"892","a7qCbNyuaE","MOOSPMv3Parser",1788103800,5,5,5,8,8,6,6,9,9,6,1245,306,46611,57,43,4,43,43,23,42,43,0,23,26,43,40,13.045,68,1,35.77499,-119.238548,68.25,7,600,58,3,"e00fce68e88237db75a60608",2026-08-30 15:30:04.422,2026-08-30 15:30:04.575,2026-08-30 15:30:04.575,2026-08-30
"893","qwQbEAxkQL","MOOSPMv3Parser",1788104400,3,3,0,6,6,0,0,6,6,0,966,221,0,42,0,3,0,0,22,34,0,2,22,24,44,41,13.331,145,2,36.187469,-119.822113,17.653,5,600,58,3,"e00fce68e739ecbcf9e91965",2026-08-30 15:40:02.221,2026-08-30 15:40:02.423,2026-08-30 15:40:02.423,2026-08-30
"894","KQukpJheOF","MOOSPMv3Parser",1788104400,2,2,3,3,3,3,3,4,4,3,532,151,138098,26,21,2,21,21,24,21,21,1,25,27,31,30,28.664,20,3277,2.9e-05,-0.004205,11924.019531,9,600,58,3,"e00fce68e28dcbc9a589be10",2026-08-30 15:40:02.447,2026-08-30 15:40:02.646,2026-08-30 15:40:02.646,2026-08-30
"895","AiJPxtjJt2","MOOSPMv3Parser",1788104400,7,7,5,11,11,6,6,11,11,6,1410,390,154217,78,43,5,43,43,20,59,43,0,22,22,52,51,10.646,112,1,35.949894,-119.049927,151.074005,6,599,58,3,"e00fce6808784ceaf209f949",2026-08-30 15:40:03.323,2026-08-30 15:40:03.478,2026-08-30 15:40:03.478,2026-08-30
"896","AApBk4GdNj","MOOSPMv3Parser",1788104401,0,0,1,0,0,2,2,0,0,2,197,109,2409,17,11,2,12,12,20,40,12,1,22,22,42,43,24.592,24,3,36.198982,-120.104393,83.540001,8,600,58,3,"e00fce686dc2ef0a68fa40b0",2026-08-30 15:40:03.389,2026-08-30 15:40:03.529,2026-08-30 15:40:03.529,2026-08-30
"897","JwwL8AciRQ","MOOSPMv3Parser",1788104401,3,3,4,6,6,4,4,7,7,4,717,221,109789,43,31,5,31,31,0,0,31,0,21,21,49,52,13.96,86,1,36.433678,-119.923454,28.471001,7,600,58,3,"e00fce6876826e255108c6bd",2026-08-30 15:40:03.695,2026-08-30 15:40:03.882,2026-08-30 15:40:03.882,2026-08-30
"898","qnfCHFEJju","MOOSPMv3Parser",1788104400,17,17,19,27,27,19,19,28,28,19,3229,867,125663,195,145,11,146,146,24,26,146,0,28,27,27,32,29.44,91,2,36.138985,-120.36837,173.065002,0,600,58,3,"e00fce6850cac69f647dc199",2026-08-30 15:40:04.207,2026-08-30 15:40:04.375,2026-08-30 15:40:04.375,2026-08-30
"899","NBqvNGZcKi","MOOSPMv3Parser",1788104400,5,5,5,8,8,5,5,8,8,5,1203,290,46644,55,38,3,38,38,24,40,38,0,23,26,44,39,13.245,61,1,35.77504,-119.238541,79.188004,7,600,58,3,"e00fce68e88237db75a60608",2026-08-30 15:40:04.421,2026-08-30 15:40:04.586,2026-08-30 15:40:04.586,2026-08-30
"900","7S4brKU9wi","MOOSPMv3Parser",1788105000,3,3,0,5,5,0,0,5,5,0,858,205,0,36,0,3,0,0,23,32,0,2,22,25,42,38,13.994,139,3,36.187511,-119.822105,25.025999,5,600,58,3,"e00fce68e739ecbcf9e91965",2026-08-30 15:50:02.126,2026-08-30 15:50:02.334,2026-08-30 15:50:02.334,2026-08-30
"901","eeDZuIF5EF","MOOSPMv3Parser",1788105000,2,2,2,3,3,3,3,3,3,3,509,144,138114,24,19,2,19,19,24,20,19,1,25,28,30,29,30.07,13,3277,2.9e-05,-0.004205,11924.019531,9,600,58,3,"e00fce68e28dcbc9a589be10",2026-08-30 15:50:02.368,2026-08-30 15:50:02.535,2026-08-30 15:50:02.535,2026-08-30
"902","KPqfpgW1If","MOOSPMv3Parser",1788105000,3,3,3,4,4,3,4,5,5,4,1455,200,2760,31,23,3,23,23,20,43,23,1,21,21,47,48,24.023,107,3,36.503178,-120.325378,57.922001,6,595,58,3,"e00fce68e77e43df92405fdb",2026-08-30 15:50:02.448,2026-08-30 15:50:02.631,2026-08-30 15:50:02.631,2026-08-30
"903","c2Jw4bimKO","MOOSPMv3Parser",1788105001,0,0,5,3,3,6,6,3,3,6,319,229,35,49,42,6,42,42,21,45,42,1,23,24,47,43,7.85,66,2,35.963142,-119.291847,54.868999,6,362,58,3,"e00fce68d6b773b56ce8baa0",2026-08-30 15:50:02.525,2026-08-30 15:50:02.708,2026-08-30 15:50:02.708,2026-08-30
"904","QJBojticQG","MOOSPMv3Parser",1788105000,6,6,5,10,10,5,5,10,10,5,1328,362,153994,66,39,4,39,39,21,53,39,0,22,24,51,48,12.252,97,1,35.949665,-119.049965,116.286003,8,600,58,3,"e00fce6808784ceaf209f949",2026-08-30 15:50:03.255,2026-08-30 15:50:03.432,2026-08-30 15:50:03.432,2026-08-30
"905","FwuyFWy4UA","MOOSPMv3Parser",1788105001,3,3,4,5,5,4,4,6,6,4,670,207,109815,42,29,4,30,30,0,0,30,1,21,21,47,51,14.903,86,1,36.433628,-119.923409,27.152,6,600,58,3,"e00fce6876826e255108c6bd",2026-08-30 15:50:03.839,2026-08-30 15:50:04.014,2026-08-30 15:50:04.014,2026-08-30
"906","xZ9vpMMoQq","MOOSPMv3Parser",1788105001,0,0,1,0,0,2,2,0,0,2,206,119,2418,18,11,2,11,11,21,39,11,1,23,22,39,41,26.163,40,3,36.198982,-120.104393,83.542,0,600,58,3,"e00fce686dc2ef0a68fa40b0",2026-08-30 15:50:03.904,2026-08-30 15:50:04.097,2026-08-30 15:50:04.097,2026-08-30
"907","yfBopkirhF","MOOSPMv3Parser",1788105000,5,5,5,9,9,5,5,9,9,5,1300,316,46680,62,41,5,41,41,24,38,41,0,23,27,43,38,13.741,65,1,35.775101,-119.238503,64.491997,7,600,58,3,"e00fce68e88237db75a60608",2026-08-30 15:50:04.42,2026-08-30 15:50:04.604,2026-08-30 15:50:04.604,2026-08-30
"908","LeDEOzojiS","MOOSPMv3Parser",1788105000,14,14,15,22,22,15,15,24,24,15,2660,712,125763,158,115,9,115,115,25,23,116,0,30,28,26,31,38.881,27,2,36.139072,-120.368385,166.082001,6,600,58,3,"e00fce6850cac69f647dc199",2026-08-30 15:50:04.557,2026-08-30 15:50:04.776,2026-08-30 15:50:04.776,2026-08-30
"909","sEnVOvgmUu","MOOSPMv3Parser",1788105600,3,3,0,5,5,0,0,5,5,0,845,209,0,39,0,2,0,0,23,30,0,2,23,26,41,37,15.268,106,4,36.187439,-119.822098,23.569,7,600,58,3,"e00fce68e739ecbcf9e91965",2026-08-30 16:00:02.194,2026-08-30 16:00:02.451,2026-08-30 16:00:02.451,2026-08-30
"910","ZE2Kwqicwd","MOOSPMv3Parser",1788105600,3,3,3,4,4,3,3,5,5,3,1396,200,2756,30,21,2,21,21,20,42,22,1,21,22,47,48,24.942,94,3,36.503098,-120.325401,53.495998,6,600,58,3,"e00fce68e77e43df92405fdb",2026-08-30 16:00:02.413,2026-08-30 16:00:02.796,2026-08-30 16:00:02.796,2026-08-30
"911","bKfcTD4kra","MOOSPMv3Parser",1788105601,0,0,5,3,3,5,5,3,3,5,332,235,53,45,38,5,39,39,23,40,39,0,24,26,43,40,12.526,98,5,35.9632,-119.29187,45.799999,6,600,58,3,"e00fce68d6b773b56ce8baa0",2026-08-30 16:00:02.37,2026-08-30 16:00:02.845,2026-08-30 16:00:02.845,2026-08-30
"912","aLEVlpGlqC","MOOSPMv3Parser",1788105600,3,3,3,4,4,3,3,5,5,3,666,188,138134,34,24,2,24,24,25,19,24,1,26,28,30,28,29.759,20,3277,2.9e-05,-0.004205,11924.019531,9,600,58,3,"e00fce68e28dcbc9a589be10",2026-08-30 16:00:02.446,2026-08-30 16:00:02.864,2026-08-30 16:00:02.864,2026-08-30
"913","u2Ny5RUoiK","MOOSPMv3Parser",1788105601,0,0,2,0,0,2,2,0,0,2,203,114,2429,17,12,1,13,13,21,37,13,1,23,23,37,39,26.776,43,4,36.19899,-120.104408,95.361,8,600,58,3,"e00fce686dc2ef0a68fa40b0",2026-08-30 16:00:02.874,2026-08-30 16:00:03.264,2026-08-30 16:00:03.264,2026-08-30
"914","TfpVelj38L","MOOSPMv3Parser",1788105600,6,6,5,9,9,5,5,9,9,5,1281,351,154283,60,36,3,37,37,22,48,37,0,23,25,48,44,12.932,88,1,35.949631,-119.049881,114.75,8,599,58,3,"e00fce6808784ceaf209f949",2026-08-30 16:00:03.318,2026-08-30 16:00:03.538,2026-08-30 16:00:03.538,2026-08-30
"915","52VplCs2b4","MOOSPMv3Parser",1788105600,13,13,14,20,20,15,15,22,22,15,2508,666,125862,148,113,8,114,114,26,21,114,0,30,29,25,29,41.27,19,2,36.138996,-120.368423,157.285004,6,600,58,3,"e00fce6850cac69f647dc199",2026-08-30 16:00:03.488,2026-08-30 16:00:03.785,2026-08-30 16:00:03.785,2026-08-30
"916","pM8mUZkYeG","MOOSPMv3Parser",1788105601,2,2,3,5,5,4,4,6,6,4,619,189,109836,42,25,5,26,26,1,0,26,1,22,22,44,47,15.797,86,2,36.433628,-119.923409,27.15,0,600,58,3,"e00fce6876826e255108c6bd",2026-08-30 16:00:03.821,2026-08-30 16:00:04.084,2026-08-30 16:00:04.084,2026-08-30
"917","IZwD7WBU53","MOOSPMv3Parser",1788105600,5,5,5,8,8,5,5,9,9,5,1273,299,46714,65,39,4,40,40,25,36,40,0,24,28,42,36,14.263,67,1,35.775055,-119.238518,75.403,6,600,58,3,"e00fce68e88237db75a60608",2026-08-30 16:00:04.494,2026-08-30 16:00:04.68,2026-08-30 16:00:04.68,2026-08-30
"918","HGTTJU3VYt","MOOSPMv3Parser",1788106200,3,3,0,5,5,0,0,6,6,0,798,196,0,40,0,4,0,0,24,28,0,2,24,27,38,35,15.783,93,6,36.187489,-119.822075,26.629,11,600,58,3,"e00fce68e739ecbcf9e91965",2026-08-30 16:10:02.131,2026-08-30 16:10:02.309,2026-08-30 16:10:02.309,2026-08-30
"919","XTay0w7cg8","MOOSPMv3Parser",1788106200,3,3,3,4,4,3,3,5,5,3,1310,187,2774,30,21,2,22,22,21,40,22,1,22,23,44,45,26.115,83,3,36.503136,-120.325401,59.284,5,600,58,3,"e00fce68e77e43df92405fdb",2026-08-30 16:10:02.27,2026-08-30 16:10:02.467,2026-08-30 16:10:02.467,2026-08-30
"920","71qZcdoqqG","MOOSPMv3Parser",1788106201,1,1,5,3,3,5,6,3,3,6,317,226,84,43,37,6,37,38,24,37,38,1,24,27,41,37,14.383,101,4,35.962997,-119.291786,47.25,6,600,58,3,"e00fce68d6b773b56ce8baa0",2026-08-30 16:10:02.361,2026-08-30 16:10:02.557,2026-08-30 16:10:02.557,2026-08-30
"921","600tDDusGf","MOOSPMv3Parser",1788106200,2,2,2,3,3,2,2,3,3,2,531,151,138150,27,18,2,18,18,26,18,18,1,26,29,29,27,30.267,23,3277,2.9e-05,-0.004205,11924.019531,9,600,58,3,"e00fce68e28dcbc9a589be10",2026-08-30 16:10:02.444,2026-08-30 16:10:02.601,2026-08-30 16:10:02.601,2026-08-30
"922","q8zkKzCFcn","MOOSPMv3Parser",1788106201,0,0,1,0,0,2,2,0,0,2,183,100,2437,15,10,2,10,10,22,35,10,1,24,24,35,36,27.728,18,4,36.198849,-120.104485,92.083,6,600,58,3,"e00fce686dc2ef0a68fa40b0",2026-08-30 16:10:03.125,2026-08-30 16:10:03.292,2026-08-30 16:10:03.292,2026-08-30
"923","4w7Te8dri0","MOOSPMv3Parser",1788106200,6,6,4,9,9,5,5,9,9,5,1244,343,154313,63,35,5,35,35,23,47,35,0,23,26,51,45,13.726,85,1,35.949596,-119.050018,104.324997,7,599,58,3,"e00fce6808784ceaf209f949",2026-08-30 16:10:03.336,2026-08-30 16:10:03.497,2026-08-30 16:10:03.497,2026-08-30
"924","VAEQ6qhbxo","MOOSPMv3Parser",1788106201,2,2,3,4,4,4,4,5,5,4,584,180,109859,34,26,3,26,26,0,0,26,1,23,23,43,45,16.401,86,3,36.433689,-119.923325,24.621,9,600,58,3,"e00fce6876826e255108c6bd",2026-08-30 16:10:03.69,2026-08-30 16:10:03.821,2026-08-30 16:10:03.821,2026-08-30
"925","sPPED9EOME","MOOSPMv3Parser",1788106200,12,12,13,18,18,13,13,19,19,13,2332,617,125948,133,99,7,99,99,26,20,99,0,31,30,23,28,43.308,15,2,36.139072,-120.368423,180.557007,5,600,58,3,"e00fce6850cac69f647dc199",2026-08-30 16:10:03.776,2026-08-30 16:10:03.902,2026-08-30 16:10:03.902,2026-08-30
"926","8zpczqwhYi","MOOSPMv3Parser",1788106200,5,5,5,8,8,5,5,8,8,5,1212,290,46749,56,40,3,40,40,26,34,40,0,24,29,41,35,14.7,67,1,35.775055,-119.238518,63.080002,7,600,58,3,"e00fce68e88237db75a60608",2026-08-30 16:10:04.565,2026-08-30 16:10:04.769,2026-08-30 16:10:04.769,2026-08-30
"927","qyDXA8hRXZ","MOOSPMv3Parser",1788106800,3,3,2,4,4,3,3,4,4,3,1359,186,2790,25,19,2,19,19,22,36,19,1,22,23,42,42,29,64,3,36.503136,-120.325401,59.285,0,600,58,3,"e00fce68e77e43df92405fdb",2026-08-30 16:20:02.013,2026-08-30 16:20:02.207,2026-08-30 16:20:02.207,2026-08-30
"928","ODBtYnOeYl","MOOSPMv3Parser",1788106800,3,3,0,5,5,0,0,6,6,0,808,199,0,38,0,4,0,0,24,27,0,2,24,27,39,35,16.045,84,6,36.187477,-119.821999,34.383999,11,600,58,3,"e00fce68e739ecbcf9e91965",2026-08-30 16:20:02.13,2026-08-30 16:20:02.322,2026-08-30 16:20:02.322,2026-08-30
"929","yhl18tKM8T","MOOSPMv3Parser",1788106800,1,1,2,3,3,2,2,3,3,2,441,125,138165,24,16,2,16,16,26,17,16,1,26,30,28,26,30.814,9,3277,2.9e-05,-0.004205,11924.019531,9,600,58,3,"e00fce68e28dcbc9a589be10",2026-08-30 16:20:02.512,2026-08-30 16:20:02.735,2026-08-30 16:20:02.735,2026-08-30
"930","RF5uXync4n","MOOSPMv3Parser",1788106800,6,6,5,10,10,5,5,10,10,5,1348,369,154347,64,39,5,39,39,24,42,39,0,24,27,47,40,13.897,89,1,35.949665,-119.049995,94.508003,7,599,58,3,"e00fce6808784ceaf209f949",2026-08-30 16:20:03.327,2026-08-30 16:20:03.487,2026-08-30 16:20:03.487,2026-08-30
"931","4zTFMYeJFr","MOOSPMv3Parser",1788106801,0,0,1,0,0,2,2,0,0,2,178,95,2446,14,11,2,11,11,23,35,11,1,24,25,35,35,28.43,16,4,36.198837,-120.10453,35.504002,6,600,58,3,"e00fce686dc2ef0a68fa40b0",2026-08-30 16:20:03.413,2026-08-30 16:20:03.595,2026-08-30 16:20:03.595,2026-08-30
"932","0dG32vCz1G","MOOSPMv3Parser",1788106801,2,2,3,4,4,4,4,6,6,4,613,186,109881,37,26,4,26,26,0,0,26,1,23,24,41,43,16.927,87,4,36.433567,-119.923378,21.535,8,600,58,3,"e00fce6876826e255108c6bd",2026-08-30 16:20:03.688,2026-08-30 16:20:03.908,2026-08-30 16:20:03.908,2026-08-30
"933","qDvcLFc8uQ","MOOSPMv3Parser",1788106800,12,12,12,19,19,13,13,20,20,13,2400,632,126033,131,98,8,98,98,27,18,98,0,32,31,23,27,44.518,14,3,36.139053,-120.368431,155.455002,6,600,58,3,"e00fce6850cac69f647dc199",2026-08-30 16:20:04.19,2026-08-30 16:20:04.385,2026-08-30 16:20:04.385,2026-08-30
"934","XECqlAnINd","MOOSPMv3Parser",1788106800,4,4,4,7,7,5,5,7,7,5,1144,262,46780,49,35,4,35,35,26,31,35,0,25,30,39,32,17.238,62,1,35.775097,-119.238457,62.208,7,600,58,3,"e00fce68e88237db75a60608",2026-08-30 16:20:04.42,2026-08-30 16:20:04.59,2026-08-30 16:20:04.59,2026-08-30
"935","a2OhNj5Rfl","MOOSPMv3Parser",1788107401,0,0,5,2,2,7,9,3,3,10,290,203,141,40,33,6,35,36,25,34,36,1,25,28,38,34,17.18,99,2,35.96307,-119.291786,33.931999,6,600,58,3,"e00fce68d6b773b56ce8baa0",2026-08-30 16:30:02.286,2026-08-30 16:30:02.468,2026-08-30 16:30:02.468,2026-08-30
"936","ROr6w2nnM5","MOOSPMv3Parser",1788107400,2,2,0,5,5,0,0,5,5,0,756,182,0,33,0,4,0,0,25,26,0,2,25,28,37,34,17.66,74,7,36.187477,-119.821999,34.382999,0,600,58,3,"e00fce68e739ecbcf9e91965",2026-08-30 16:30:02.351,2026-08-30 16:30:02.502,2026-08-30 16:30:02.502,2026-08-30
"937","mwsOhBJQJM","MOOSPMv3Parser",1788107400,2,2,3,4,4,3,3,4,4,3,1422,177,2807,26,20,2,20,20,-10,-10,21,1,23,24,39,40,29.109,53,4,36.503159,-120.325409,66.241997,6,600,58,3,"e00fce68e77e43df92405fdb",2026-08-30 16:30:02.305,2026-08-30 16:30:02.518,2026-08-30 16:30:02.518,2026-08-30
"938","MxnBIc3IdG","MOOSPMv3Parser",1788107400,1,1,2,2,2,2,2,3,3,2,458,127,138179,21,15,1,15,15,27,17,15,1,27,31,28,26,31.29,9,3277,2.9e-05,-0.004205,11924.019531,9,600,58,3,"e00fce68e28dcbc9a589be10",2026-08-30 16:30:02.364,2026-08-30 16:30:02.551,2026-08-30 16:30:02.551,2026-08-30
"939","RBKlvZp4Fm","MOOSPMv3Parser",1788107400,7,7,6,11,11,6,6,12,12,6,1514,419,154386,81,45,5,45,45,24,41,45,0,25,28,46,40,14.751,88,1,35.9496,-119.049911,94.193001,6,599,58,3,"e00fce6808784ceaf209f949",2026-08-30 16:30:03.47,2026-08-30 16:30:03.635,2026-08-30 16:30:03.635,2026-08-30
"940","T9HAqXtTJd","MOOSPMv3Parser",1788107401,2,2,3,4,4,4,4,5,5,4,582,180,109902,34,25,4,25,26,0,0,26,1,24,24,39,41,17.343,87,5,36.433395,-119.92337,11.717,9,600,58,3,"e00fce6876826e255108c6bd",2026-08-30 16:30:03.698,2026-08-30 16:30:03.873,2026-08-30 16:30:03.873,2026-08-30
"941","pZuRn7obb5","MOOSPMv3Parser",1788107401,0,0,1,0,0,2,2,0,0,2,180,94,2455,14,11,2,12,12,23,34,12,1,25,26,34,34,27.902,19,4,36.198841,-120.104469,94.022003,7,600,58,3,"e00fce686dc2ef0a68fa40b0",2026-08-30 16:30:04.421,2026-08-30 16:30:04.579,2026-08-30 16:30:04.579,2026-08-30
"942","mjHVTW4yC7","MOOSPMv3Parser",1788107400,3,3,4,6,6,4,4,6,6,4,1024,226,46805,40,29,3,29,29,27,28,29,0,25,31,37,31,18.146,42,1,35.775082,-119.238472,66.135002,8,600,58,3,"e00fce68e88237db75a60608",2026-08-30 16:30:04.422,2026-08-30 16:30:04.589,2026-08-30 16:30:04.589,2026-08-30
"943","qRrU9rH3ss","MOOSPMv3Parser",1788107400,12,12,12,18,18,13,13,20,20,13,2330,621,126118,130,97,7,98,98,28,17,98,0,33,32,21,26,45.729,16,2,36.139057,-120.36837,184.272995,8,600,58,3,"e00fce6850cac69f647dc199",2026-08-30 16:30:04.424,2026-08-30 16:30:04.596,2026-08-30 16:30:04.596,2026-08-30
"944","zajTfmmVI7","MOOSPMv3Parser",1788108000,3,3,0,5,5,0,0,6,6,0,814,199,0,39,0,4,0,0,25,24,0,2,25,29,36,33,18.352,71,9,36.187485,-119.822037,28.271,14,600,58,3,"e00fce68e739ecbcf9e91965",2026-08-30 16:40:02.128,2026-08-30 16:40:02.334,2026-08-30 16:40:02.334,2026-08-30
"945","P53q8Z88WB","MOOSPMv3Parser",1788108000,2,2,2,3,3,2,2,3,3,2,452,128,138194,23,16,2,16,16,27,16,16,1,27,31,29,26,30.912,9,3277,2.9e-05,-0.004205,11924.019531,9,600,58,3,"e00fce68e28dcbc9a589be10",2026-08-30 16:40:02.446,2026-08-30 16:40:02.634,2026-08-30 16:40:02.634,2026-08-30
"946","FHDa2RBcgO","MOOSPMv3Parser",1788108001,0,0,4,2,2,5,6,2,2,7,282,193,165,37,30,6,32,32,26,33,32,1,26,29,35,32,18.428,89,2,35.96307,-119.291786,33.931,0,600,58,3,"e00fce68d6b773b56ce8baa0",2026-08-30 16:40:02.448,2026-08-30 16:40:02.657,2026-08-30 16:40:02.657,2026-08-30
"947","7orkZcPUS7","MOOSPMv3Parser",1788108000,2,2,2,4,4,3,3,4,4,3,1212,172,2824,29,19,2,19,19,22,32,19,0,23,25,39,39,29.454,48,4,36.503178,-120.325401,52.491001,7,600,58,3,"e00fce68e77e43df92405fdb",2026-08-30 16:40:02.45,2026-08-30 16:40:02.707,2026-08-30 16:40:02.707,2026-08-30
"948","Zpf1U2wi9x","MOOSPMv3Parser",1788108001,0,0,2,1,1,2,2,1,1,2,217,129,2467,20,14,2,14,15,24,32,15,1,25,27,33,32,28.92,35,4,36.198814,-120.104424,88.197998,9,600,58,3,"e00fce686dc2ef0a68fa40b0",2026-08-30 16:40:02.905,2026-08-30 16:40:03.077,2026-08-30 16:40:03.077,2026-08-30
"949","BZzXksbPwu","MOOSPMv3Parser",1788108000,8,8,6,12,12,6,6,13,13,6,1622,452,154425,81,45,5,46,46,25,38,46,0,25,29,44,38,15.32,87,1,35.949547,-119.04998,102.206001,6,599,58,3,"e00fce6808784ceaf209f949",2026-08-30 16:40:03.408,2026-08-30 16:40:03.561,2026-08-30 16:40:03.561,2026-08-30
"950","FOtZ8nFndn","MOOSPMv3Parser",1788108000,11,11,11,17,17,12,12,18,18,12,2233,587,126197,123,90,6,90,90,29,15,90,0,33,33,21,24,46.493,16,2,36.138924,-120.368416,166.272003,8,600,58,3,"e00fce6850cac69f647dc199",2026-08-30 16:40:03.473,2026-08-30 16:40:03.7,2026-08-30 16:40:03.7,2026-08-30
"951","BZtVv5sWHm","MOOSPMv3Parser",1788108001,2,2,3,4,4,3,4,5,5,4,546,166,109921,33,23,3,24,24,0,0,24,1,25,25,38,39,18.028,87,6,36.433659,-119.923355,25.17,7,600,58,3,"e00fce6876826e255108c6bd",2026-08-30 16:40:03.676,2026-08-30 16:40:03.855,2026-08-30 16:40:03.855,2026-08-30
"952","8FAgyGIgHK","MOOSPMv3Parser",1788108000,3,3,3,5,5,3,3,5,5,3,967,210,46827,37,26,3,26,26,28,24,26,0,26,32,33,27,21.492,37,1,35.775093,-119.238525,57.881001,6,600,58,3,"e00fce68e88237db75a60608",2026-08-30 16:40:04.422,2026-08-30 16:40:04.614,2026-08-30 16:40:04.614,2026-08-30
"953","LPPZIRcQc9","MOOSPMv3Parser",1788108600,3,3,0,5,5,0,0,6,6,0,795,197,0,42,0,4,0,0,26,24,0,2,26,29,35,32,19.291,55,10,36.187454,-119.821991,51.926998,8,600,58,3,"e00fce68e739ecbcf9e91965",2026-08-30 16:50:02.208,2026-08-30 16:50:02.405,2026-08-30 16:50:02.405,2026-08-30
"954","oqlXH5rj3p","MOOSPMv3Parser",1788108601,0,0,3,1,1,4,4,1,1,4,260,173,184,30,24,4,24,24,27,31,24,1,26,30,34,30,19.28,35,1,35.963005,-119.29174,62.181999,6,600,58,3,"e00fce68d6b773b56ce8baa0",2026-08-30 16:50:02.284,2026-08-30 16:50:02.472,2026-08-30 16:50:02.472,2026-08-30
"955","yDKfAHzY8i","MOOSPMv3Parser",1788108600,1,1,2,2,2,2,2,2,2,2,420,119,138209,21,16,1,16,16,28,16,16,1,27,32,29,26,30.306,13,3277,2.9e-05,-0.004205,11924.019531,9,600,58,3,"e00fce68e28dcbc9a589be10",2026-08-30 16:50:02.456,2026-08-30 16:50:02.642,2026-08-30 16:50:02.642,2026-08-30
"956","K0HByfX23h","MOOSPMv3Parser",1788108600,2,2,3,4,4,3,3,4,4,3,1166,176,2840,26,19,2,20,20,23,30,20,0,24,25,38,38,30.395,46,4,36.503117,-120.325424,60.284,7,600,58,3,"e00fce68e77e43df92405fdb",2026-08-30 16:50:02.43,2026-08-30 16:50:02.805,2026-08-30 16:50:02.805,2026-08-30
"957","WsyvRSrrxg","MOOSPMv3Parser",1788108601,0,0,1,0,0,1,2,0,0,2,172,88,2475,14,10,1,10,10,25,32,10,1,26,28,32,32,28.794,24,4,36.198692,-120.10437,93.051003,6,600,58,3,"e00fce686dc2ef0a68fa40b0",2026-08-30 16:50:03.074,2026-08-30 16:50:03.301,2026-08-30 16:50:03.301,2026-08-30
"958","L2lk9hSXF3","MOOSPMv3Parser",1788108600,7,7,6,9,9,6,6,10,10,6,1377,384,41,55,47,4,47,47,21,58,47,0,25,24,45,48,12.75,72,1,36.523293,-119.278809,82.401001,5,536,58,3,"e00fce68f12da1a0c5de6248",2026-08-30 16:50:03.239,2026-08-30 16:50:03.406,2026-08-30 16:50:03.406,2026-08-30
"959","KP8XPZsBMG","MOOSPMv3Parser",1788108600,7,7,6,11,11,6,6,12,12,6,1527,420,154464,76,44,5,45,45,26,40,45,0,26,29,47,42,16.43,85,2,35.949638,-119.049934,107.724998,7,599,58,3,"e00fce6808784ceaf209f949",2026-08-30 16:50:03.319,2026-08-30 16:50:03.51,2026-08-30 16:50:03.51,2026-08-30
"960","zORDd9BvKo","MOOSPMv3Parser",1788108601,2,2,3,3,3,3,4,4,4,4,493,150,109940,29,22,4,22,22,0,0,22,1,25,26,35,37,18.386,87,7,36.433418,-119.923355,6.997,8,600,58,3,"e00fce6876826e255108c6bd",2026-08-30 16:50:03.628,2026-08-30 16:50:03.86,2026-08-30 16:50:03.86,2026-08-30
"961","Ez1G6mOeTq","MOOSPMv3Parser",1788108600,10,10,10,15,15,11,11,16,16,11,1975,515,126265,110,79,6,79,79,29,15,79,0,34,33,21,25,47.443,17,2,36.139011,-120.368401,178.455002,10,600,58,3,"e00fce6850cac69f647dc199",2026-08-30 16:50:03.95,2026-08-30 16:50:04.168,2026-08-30 16:50:04.168,2026-08-30
"962","7dnCj5QKhf","MOOSPMv3Parser",1788108600,3,3,3,4,4,3,3,5,5,3,958,199,46848,34,24,1,24,24,29,23,24,0,27,33,33,27,23.427,29,2,35.775093,-119.238525,57.886002,0,600,58,3,"e00fce68e88237db75a60608",2026-08-30 16:50:04.58,2026-08-30 16:50:04.767,2026-08-30 16:50:04.767,2026-08-30
"963","b7PWDcD8Wp","MOOSPMv3Parser",1788109200,2,2,2,4,4,3,3,4,4,3,1174,175,2856,28,18,2,19,19,23,29,19,0,24,26,38,37,31.841,39,4,36.503101,-120.325394,61.054001,6,600,58,3,"e00fce68e77e43df92405fdb",2026-08-30 17:00:02.3,2026-08-30 17:00:02.715,2026-08-30 17:00:02.715,2026-08-30
"964","GR5wnNAOLO","MOOSPMv3Parser",1788109200,2,2,2,3,3,2,2,3,3,2,455,130,138223,23,15,1,16,16,28,16,16,1,28,33,29,26,29.828,25,3277,2.9e-05,-0.004205,11924.019531,9,600,58,3,"e00fce68e28dcbc9a589be10",2026-08-30 17:00:02.366,2026-08-30 17:00:02.76,2026-08-30 17:00:02.76,2026-08-30
"965","YHeq88LX6n","MOOSPMv3Parser",1788109200,3,3,0,5,5,0,0,6,6,0,815,198,0,36,0,4,0,0,26,23,0,2,26,29,34,32,20.807,38,11,36.187492,-119.822021,23.264,8,600,58,3,"e00fce68e739ecbcf9e91965",2026-08-30 17:00:02.361,2026-08-30 17:00:02.899,2026-08-30 17:00:02.899,2026-08-30
"966","gUmm8GUbO5","MOOSPMv3Parser",1788109201,1,1,7,4,4,13,18,6,6,20,336,243,217,59,47,12,54,55,27,30,55,1,27,31,32,29,19.552,27,1,35.96299,-119.291748,36.562,7,600,58,3,"e00fce68d6b773b56ce8baa0",2026-08-30 17:00:02.359,2026-08-30 17:00:02.945,2026-08-30 17:00:02.945,2026-08-30
"967","ZGqiUu36DO","MOOSPMv3Parser",1788109201,0,0,1,0,0,1,2,0,0,2,180,95,2483,14,10,1,10,10,25,30,10,1,26,29,31,29,29.776,58,3,36.19878,-120.104408,82.589996,8,600,58,3,"e00fce686dc2ef0a68fa40b0",2026-08-30 17:00:03.624,2026-08-30 17:00:04.009,2026-08-30 17:00:04.009,2026-08-30
"968","YiYifGMU6Y","MOOSPMv3Parser",1788109200,7,7,6,9,9,6,6,10,10,6,1395,385,78,58,48,3,48,48,23,53,48,0,25,26,44,45,17.272,99,2,36.523216,-119.278893,137.998993,7,600,58,3,"e00fce68f12da1a0c5de6248",2026-08-30 17:00:02.861,2026-08-30 17:00:04.159,2026-08-30 17:00:04.159,2026-08-30
"969","QwqZusGsgm","MOOSPMv3Parser",1788109201,2,2,3,3,3,3,4,4,4,4,487,148,109957,29,21,4,21,21,0,0,22,1,26,27,34,36,18.791,87,7,36.433586,-119.92337,15.928,6,600,58,3,"e00fce6876826e255108c6bd",2026-08-30 17:00:03.63,2026-08-30 17:00:04.267,2026-08-30 17:00:04.267,2026-08-30
"970","sGE3HEzfB2","MOOSPMv3Parser",1788109200,7,7,6,11,11,6,6,12,12,6,1505,410,154503,74,45,5,45,45,26,35,45,0,26,30,43,36,17.311,81,2,35.949577,-119.049919,116.096001,8,599,58,3,"e00fce6808784ceaf209f949",2026-08-30 17:00:03.326,2026-08-30 17:00:04.389,2026-08-30 17:00:04.389,2026-08-30
"971","D4YCZz2djp","MOOSPMv3Parser",1788109200,9,9,9,14,14,10,10,15,15,10,1880,486,126328,100,71,6,72,72,30,14,72,0,34,34,21,24,48.642,19,2,36.138992,-120.368347,177.925995,10,600,58,3,"e00fce6850cac69f647dc199",2026-08-30 17:00:04.174,2026-08-30 17:00:04.582,2026-08-30 17:00:04.582,2026-08-30
"972","sjKDbIRscd","MOOSPMv3Parser",1788109200,3,3,3,4,4,3,3,5,5,3,890,186,46870,32,24,2,24,24,29,21,24,0,27,34,32,26,25.015,30,1,35.775021,-119.238533,76.806,6,600,58,3,"e00fce68e88237db75a60608",2026-08-30 17:00:04.574,2026-08-30 17:00:04.797,2026-08-30 17:00:04.797,2026-08-30
"973","oDEfxXyRNj","MOOSPMv3Parser",1788109800,2,2,0,4,4,0,0,5,5,0,733,178,0,34,0,3,0,0,26,23,0,2,26,29,34,32,21.832,32,13,36.187588,-119.82209,22.899,7,600,58,3,"e00fce68e739ecbcf9e91965",2026-08-30 17:10:02.129,2026-08-30 17:10:02.314,2026-08-30 17:10:02.314,2026-08-30
"974","gQzqBQFucu","MOOSPMv3Parser",1788109801,0,0,4,2,2,9,12,3,3,14,275,188,236,40,30,7,35,35,28,28,36,1,27,31,30,28,22.014,17,1,35.96328,-119.291893,34.659,6,600,58,3,"e00fce68d6b773b56ce8baa0",2026-08-30 17:10:02.369,2026-08-30 17:10:02.565,2026-08-30 17:10:02.565,2026-08-30
"975","wKDgBeYwBE","MOOSPMv3Parser",1788109800,1,1,2,2,2,2,3,2,2,3,434,124,138239,21,16,1,16,16,29,15,16,1,29,34,27,23,29.608,28,3277,2.9e-05,-0.004205,11924.019531,9,600,58,3,"e00fce68e28dcbc9a589be10",2026-08-30 17:10:02.361,2026-08-30 17:10:02.585,2026-08-30 17:10:02.585,2026-08-30
"976","JwZEax7FvS","MOOSPMv3Parser",1788109800,7,7,6,10,10,6,6,11,11,6,1486,414,120,67,48,4,48,48,24,48,48,0,26,27,43,41,18.513,101,2,36.52335,-119.278839,102.099998,7,600,58,3,"e00fce68f12da1a0c5de6248",2026-08-30 17:10:02.868,2026-08-30 17:10:03.08,2026-08-30 17:10:03.08,2026-08-30
"977","OydmoAOc8e","MOOSPMv3Parser",1788109800,7,7,6,11,11,6,6,12,12,6,1532,421,154286,80,45,4,46,46,27,34,46,0,27,31,42,35,17.707,77,2,35.949577,-119.049919,116.098999,0,600,58,3,"e00fce6808784ceaf209f949",2026-08-30 17:10:03.325,2026-08-30 17:10:03.486,2026-08-30 17:10:03.486,2026-08-30
"978","NOIcDxpAUQ","MOOSPMv3Parser",1788109801,2,2,3,3,3,3,3,4,4,3,481,148,109975,28,21,3,21,21,0,0,21,1,26,27,36,36,18.88,87,8,36.433701,-119.923355,38.201,5,600,58,3,"e00fce6876826e255108c6bd",2026-08-30 17:10:03.696,2026-08-30 17:10:03.862,2026-08-30 17:10:03.862,2026-08-30
"979","sPP1p9aFN0","MOOSPMv3Parser",1788109801,0,0,1,0,0,1,2,0,0,2,171,86,2491,13,10,1,10,10,26,29,10,1,27,29,29,28,31.06,33,3,36.198814,-120.104385,99.392998,7,600,58,3,"e00fce686dc2ef0a68fa40b0",2026-08-30 17:10:04.174,2026-08-30 17:10:04.324,2026-08-30 17:10:04.324,2026-08-30
"980","vyYwZFJU2x","MOOSPMv3Parser",1788109800,9,9,9,14,14,9,9,14,14,9,1776,460,126386,97,67,5,67,67,30,13,67,0,34,34,20,23,49.395,20,2,36.138981,-120.368431,165.565994,8,600,58,3,"e00fce6850cac69f647dc199",2026-08-30 17:10:04.425,2026-08-30 17:10:04.597,2026-08-30 17:10:04.597,2026-08-30
"981","QmPCfDe1Xq","MOOSPMv3Parser",1788109800,3,3,3,4,4,3,3,5,5,3,951,193,46890,34,24,2,24,24,30,20,24,0,28,34,31,25,25.372,27,1,35.775028,-119.238533,57.373001,6,600,58,3,"e00fce68e88237db75a60608",2026-08-30 17:10:04.42,2026-08-30 17:10:04.613,2026-08-30 17:10:04.613,2026-08-30
"982","7R5HEqukY7","MOOSPMv3Parser",1788110401,0,0,4,1,1,5,6,1,1,6,250,165,257,30,26,5,28,28,29,27,28,1,28,32,30,27,23.8,12,1,35.963314,-119.292068,33.432999,7,600,58,3,"e00fce68d6b773b56ce8baa0",2026-08-30 17:20:02.271,2026-08-30 17:20:02.455,2026-08-30 17:20:02.455,2026-08-30
"983","d1nzBnCud2","MOOSPMv3Parser",1788110400,2,2,0,4,4,0,0,5,5,0,732,175,0,34,0,3,0,0,27,22,0,2,27,30,34,31,22.312,39,15,36.187584,-119.822159,15.947,5,600,58,3,"e00fce68e739ecbcf9e91965",2026-08-30 17:20:02.216,2026-08-30 17:20:02.493,2026-08-30 17:20:02.493,2026-08-30
"984","Q7zyOdqKu5","MOOSPMv3Parser",1788110400,1,1,2,2,2,2,2,2,2,3,375,106,138251,18,14,1,15,15,30,14,15,1,29,34,26,23,32.057,19,3277,2.9e-05,-0.004205,11924.019531,9,600,58,3,"e00fce68e28dcbc9a589be10",2026-08-30 17:20:02.512,2026-08-30 17:20:02.767,2026-08-30 17:20:02.767,2026-08-30
"985","KNWgN2ARsq","MOOSPMv3Parser",1788110400,7,7,6,10,10,6,6,10,10,6,1441,398,161,58,46,3,46,46,25,46,46,0,26,28,42,40,19.412,101,2,36.52335,-119.278839,102.098999,0,600,58,3,"e00fce68f12da1a0c5de6248",2026-08-30 17:20:02.844,2026-08-30 17:20:03.018,2026-08-30 17:20:03.018,2026-08-30
"986","RAdt662xi5","MOOSPMv3Parser",1788110401,0,0,1,0,0,2,2,0,0,2,174,93,2500,14,11,2,11,11,27,27,11,1,27,30,27,26,30.988,38,3,36.198803,-120.104416,102.156998,6,600,58,3,"e00fce686dc2ef0a68fa40b0",2026-08-30 17:20:02.866,2026-08-30 17:20:03.087,2026-08-30 17:20:03.087,2026-08-30
"987","RzSpwPLJ2V","MOOSPMv3Parser",1788110401,2,2,2,3,3,3,3,3,3,3,1235,169,2901,22,18,2,18,18,25,28,18,1,26,27,37,37,32.456,38,4,36.503101,-120.325394,64.529999,7,597,58,3,"e00fce68e77e43df92405fdb",2026-08-30 17:20:03.25,2026-08-30 17:20:03.413,2026-08-30 17:20:03.413,2026-08-30
"988","1yNgnvhySZ","MOOSPMv3Parser",1788110400,9,9,7,13,13,7,7,14,14,7,1744,484,154590,90,53,6,54,54,28,33,54,0,27,32,44,36,18.601,74,2,35.949402,-119.049889,115.306999,6,599,58,3,"e00fce6808784ceaf209f949",2026-08-30 17:20:03.254,2026-08-30 17:20:03.473,2026-08-30 17:20:03.473,2026-08-30
"989","WYAo9CZgmu","MOOSPMv3Parser",1788110400,8,8,8,12,12,8,8,14,14,8,1681,441,126441,91,62,5,62,62,31,12,62,0,35,35,19,22,51.448,18,2,36.139015,-120.368401,170.337006,6,600,58,3,"e00fce6850cac69f647dc199",2026-08-30 17:20:03.716,2026-08-30 17:20:03.894,2026-08-30 17:20:03.894,2026-08-30
"990","Vw1SzfS77h","MOOSPMv3Parser",1788110401,2,2,3,4,4,3,3,5,5,4,504,153,109992,29,21,4,21,21,0,0,21,1,26,28,36,36,19.059,87,8,36.433636,-119.923378,22.330999,5,600,58,3,"e00fce6876826e255108c6bd",2026-08-30 17:20:03.856,2026-08-30 17:20:04.037,2026-08-30 17:20:04.037,2026-08-30
"991","Kw6gLQ6tzN","MOOSPMv3Parser",1788110400,3,3,3,4,4,3,3,4,4,3,934,185,46909,27,22,2,22,22,30,20,22,0,28,34,32,26,24.744,23,1,35.775074,-119.238556,72.113998,6,600,58,3,"e00fce68e88237db75a60608",2026-08-30 17:20:04.412,2026-08-30 17:20:04.612,2026-08-30 17:20:04.612,2026-08-30
"992","WQVHoyEKO7","MOOSPMv3Parser",1788111000,1,1,0,3,3,0,0,3,3,0,708,169,0,32,0,2,0,0,27,21,0,2,27,31,33,30,23.043,39,15,36.187618,-119.822159,19.884001,9,600,58,3,"e00fce68e739ecbcf9e91965",2026-08-30 17:30:02.128,2026-08-30 17:30:02.344,2026-08-30 17:30:02.344,2026-08-30
"993","qKqYZCSbsR","MOOSPMv3Parser",1788111001,0,0,4,1,1,6,8,2,2,9,265,177,277,36,27,6,30,30,29,26,30,1,28,33,28,25,23.378,14,1,35.963081,-119.291771,60.07,7,600,58,3,"e00fce68d6b773b56ce8baa0",2026-08-30 17:30:02.21,2026-08-30 17:30:02.417,2026-08-30 17:30:02.417,2026-08-30
"994","tbQOYF5XTO","MOOSPMv3Parser",1788111000,1,1,2,2,2,2,3,2,2,3,378,105,138264,18,15,1,16,16,30,13,16,1,29,35,26,22,32.301,17,3277,2.9e-05,-0.004205,11924.019531,9,600,58,3,"e00fce68e28dcbc9a589be10",2026-08-30 17:30:02.367,2026-08-30 17:30:02.578,2026-08-30 17:30:02.578,2026-08-30
"995","JXNfuL46Dn","MOOSPMv3Parser",1788111000,7,7,6,9,9,6,6,10,10,6,1414,386,199,57,44,3,44,44,26,44,44,0,27,29,43,39,20.436,102,2,36.523319,-119.278793,80.704002,7,600,58,3,"e00fce68f12da1a0c5de6248",2026-08-30 17:30:02.627,2026-08-30 17:30:02.827,2026-08-30 17:30:02.827,2026-08-30
"996","CIWeGJ2aU9","MOOSPMv3Parser",1788111001,2,2,2,3,3,2,2,3,3,2,912,143,2899,23,15,2,15,15,25,24,15,0,26,28,32,32,34.457,34,4,36.503162,-120.325386,71.652,6,600,58,3,"e00fce68e77e43df92405fdb",2026-08-30 17:30:03.041,2026-08-30 17:30:03.233,2026-08-30 17:30:03.233,2026-08-30
"997","kYLGVpe964","MOOSPMv3Parser",1788111001,0,0,1,0,0,2,2,0,0,2,163,81,2508,12,10,1,10,10,27,28,10,1,28,30,28,27,32.435,15,3,36.198753,-120.104393,94.501999,6,600,58,3,"e00fce686dc2ef0a68fa40b0",2026-08-30 17:30:03.286,2026-08-30 17:30:03.478,2026-08-30 17:30:03.478,2026-08-30
"998","vyvIHF1CLH","MOOSPMv3Parser",1788111000,10,10,7,15,15,8,8,15,15,8,1864,517,154640,102,57,6,57,57,28,32,57,0,28,33,41,36,18.885,74,2,35.949413,-119.049927,105.066002,7,599,58,3,"e00fce6808784ceaf209f949",2026-08-30 17:30:03.475,2026-08-30 17:30:03.625,2026-08-30 17:30:03.625,2026-08-30
"999","nST3VJ826H","MOOSPMv3Parser",1788111001,2,2,3,3,3,3,3,4,4,4,474,145,110011,28,22,3,22,22,0,0,22,1,26,28,35,36,19.019,87,7,36.433571,-119.92337,18.181,5,600,58,3,"e00fce6876826e255108c6bd",2026-08-30 17:30:03.761,2026-08-30 17:30:03.968,2026-08-30 17:30:03.968,2026-08-30
"1000","9rF6sHEjpE","MOOSPMv3Parser",1788111000,8,8,8,12,12,8,8,12,12,8,1594,410,126494,87,61,4,61,61,31,12,61,0,35,35,19,22,51.191,17,2,36.139015,-120.368401,170.335999,0,600,58,3,"e00fce6850cac69f647dc199",2026-08-30 17:30:03.965,2026-08-30 17:30:04.119,2026-08-30 17:30:04.119,2026-08-30
"1001","O3CE4BjoBC","MOOSPMv3Parser",1788111000,3,3,3,4,4,3,3,4,4,3,964,194,46929,28,22,2,22,22,30,19,22,0,28,35,31,25,26.17,22,1,35.775066,-119.238541,71.815002,7,600,58,3,"e00fce68e88237db75a60608",2026-08-30 17:30:04.493,2026-08-30 17:30:04.663,2026-08-30 17:30:04.663,2026-08-30
"1002","NMJXGcLA6y","MOOSPMv3Parser",1788111601,0,0,2,0,0,3,3,0,0,3,225,142,291,22,17,3,18,18,30,25,18,1,29,33,27,24,22.221,22,1,35.963005,-119.291855,41.521999,7,600,58,3,"e00fce68d6b773b56ce8baa0",2026-08-30 17:40:02.216,2026-08-30 17:40:02.361,2026-08-30 17:40:02.361,2026-08-30
"1003","CDiiEtNCyY","MOOSPMv3Parser",1788111600,2,2,0,3,3,0,0,4,4,0,713,169,0,31,0,3,0,0,28,20,0,2,28,32,31,29,23.124,35,15,36.187542,-119.822121,26.492001,5,600,58,3,"e00fce68e739ecbcf9e91965",2026-08-30 17:40:02.359,2026-08-30 17:40:02.531,2026-08-30 17:40:02.531,2026-08-30
"1004","NWrUo6FlbJ","MOOSPMv3Parser",1788111600,1,1,2,2,2,3,3,3,3,3,420,117,138280,22,17,2,17,17,31,13,17,1,30,36,25,21,32.84,18,3277,2.9e-05,-0.004205,11924.019531,9,600,58,3,"e00fce68e28dcbc9a589be10",2026-08-30 17:40:02.445,2026-08-30 17:40:02.623,2026-08-30 17:40:02.623,2026-08-30
"1005","sy3g9kNKjz","MOOSPMv3Parser",1788111601,2,2,2,3,3,2,2,3,3,2,934,144,2911,21,14,2,14,14,26,21,14,1,26,28,30,30,36.025,22,4,36.503139,-120.325401,74.676003,6,600,58,3,"e00fce68e77e43df92405fdb",2026-08-30 17:40:03.371,2026-08-30 17:40:03.548,2026-08-30 17:40:03.548,2026-08-30
"1006","RvKkapgS2w","MOOSPMv3Parser",1788111600,10,10,8,16,16,8,8,17,17,8,2035,564,154693,112,61,8,61,61,29,30,61,0,28,33,41,34,20.339,70,1,35.949539,-119.049942,115.297997,7,599,58,3,"e00fce6808784ceaf209f949",2026-08-30 17:40:03.497,2026-08-30 17:40:03.656,2026-08-30 17:40:03.656,2026-08-30
"1007","gMlhJZLD30","MOOSPMv3Parser",1788111601,2,2,3,3,3,3,3,4,4,4,486,149,110029,26,21,2,21,22,0,0,22,1,27,29,34,35,19.38,87,7,36.433685,-119.923401,17.549999,5,600,58,3,"e00fce6876826e255108c6bd",2026-08-30 17:40:03.709,2026-08-30 17:40:03.854,2026-08-30 17:40:03.854,2026-08-30
"1008","nkbH4JDzn0","MOOSPMv3Parser",1788111601,0,0,1,0,0,1,1,0,0,1,158,77,2515,11,8,1,8,8,28,25,8,1,29,31,23,22,33.419,18,3,36.198753,-120.104393,94.500999,0,600,58,3,"e00fce686dc2ef0a68fa40b0",2026-08-30 17:40:03.699,2026-08-30 17:40:03.863,2026-08-30 17:40:03.863,2026-08-30
"1009","V0cefnQztw","MOOSPMv3Parser",1788111600,6,6,5,9,9,6,6,10,10,6,1336,369,236,56,42,3,42,42,26,39,42,0,27,30,39,36,21.635,88,1,36.523453,-119.278809,95.039001,7,600,58,3,"e00fce68f12da1a0c5de6248",2026-08-30 17:40:03.98,2026-08-30 17:40:04.161,2026-08-30 17:40:04.161,2026-08-30
"1010","oRIZe9BJEJ","MOOSPMv3Parser",1788111600,7,7,8,12,12,8,8,12,12,8,1596,409,126547,85,60,5,60,60,32,11,60,0,36,36,18,21,51.84,18,1,36.139004,-120.368385,162.322998,12,600,58,3,"e00fce6850cac69f647dc199",2026-08-30 17:40:04.283,2026-08-30 17:40:04.436,2026-08-30 17:40:04.436,2026-08-30
"1011","GKDRkqhzzm","MOOSPMv3Parser",1788111600,3,3,3,5,5,3,3,5,5,3,1026,197,46949,34,23,2,23,23,31,18,23,0,28,35,30,24,26.684,25,1,35.775013,-119.238548,64.751999,6,600,58,3,"e00fce68e88237db75a60608",2026-08-30 17:40:04.527,2026-08-30 17:40:04.705,2026-08-30 17:40:04.705,2026-08-30
"1012","TyKszH4HEc","MOOSPMv3Parser",1788112200,2,2,0,4,4,0,0,4,4,0,755,179,0,33,0,3,0,0,28,18,0,2,28,32,30,28,23.755,36,13,36.18755,-119.822182,17.917,5,600,58,3,"e00fce68e739ecbcf9e91965",2026-08-30 17:50:02.372,2026-08-30 17:50:02.629,2026-08-30 17:50:02.629,2026-08-30
"1013","Gasdmos4BC","MOOSPMv3Parser",1788112201,0,0,2,0,0,3,3,0,0,3,230,146,305,23,17,3,18,18,30,25,18,1,29,34,28,25,22.423,30,1,35.963181,-119.291893,48.827999,6,600,58,3,"e00fce68d6b773b56ce8baa0",2026-08-30 17:50:02.456,2026-08-30 17:50:02.756,2026-08-30 17:50:02.756,2026-08-30
"1014","3A0TN3QzAh","MOOSPMv3Parser",1788112200,1,1,2,3,3,3,3,3,3,3,459,127,138295,24,17,2,17,17,32,12,17,1,31,37,24,20,33.631,21,3277,3.5e-05,0.002353,16387.681641,10,600,58,3,"e00fce68e28dcbc9a589be10",2026-08-30 17:50:02.529,2026-08-30 17:50:02.784,2026-08-30 17:50:02.784,2026-08-30
"1015","4qAzFHfebF","MOOSPMv3Parser",1788112200,6,6,5,8,8,5,5,9,9,5,1230,340,269,51,38,2,38,38,27,38,38,0,28,31,37,35,22.879,70,1,36.523552,-119.278816,54.373001,6,600,58,3,"e00fce68f12da1a0c5de6248",2026-08-30 17:50:02.776,2026-08-30 17:50:03.041,2026-08-30 17:50:03.041,2026-08-30
"1016","jgk4DyW90O","MOOSPMv3Parser",1788112201,2,2,2,3,3,2,2,3,3,2,921,142,2924,22,15,1,15,15,26,20,15,1,27,29,29,29,37.839,17,4,36.503178,-120.325371,61.067001,7,600,58,3,"e00fce68e77e43df92405fdb",2026-08-30 17:50:03.294,2026-08-30 17:50:03.471,2026-08-30 17:50:03.471,2026-08-30
"1017","23gMot8Fas","MOOSPMv3Parser",1788112200,10,10,8,16,16,9,9,17,17,9,2044,567,154748,115,64,7,64,64,29,29,64,0,28,34,40,34,20.774,68,1,35.94949,-119.049919,117.741997,7,599,58,3,"e00fce6808784ceaf209f949",2026-08-30 17:50:03.325,2026-08-30 17:50:03.477,2026-08-30 17:50:03.477,2026-08-30
"1018","Z2P83Z8fRb","MOOSPMv3Parser",1788112201,2,2,3,3,3,3,3,5,5,4,484,148,110046,28,20,4,21,21,0,0,21,1,28,29,34,35,19.46,87,7,36.433685,-119.923401,17.552999,0,600,58,3,"e00fce6876826e255108c6bd",2026-08-30 17:50:03.786,2026-08-30 17:50:03.996,2026-08-30 17:50:03.996,2026-08-30
"1019","TjSZXWgccI","MOOSPMv3Parser",1788112201,0,0,1,0,0,1,1,0,0,1,161,78,2521,11,7,1,8,8,28,25,8,1,29,32,23,23,36.538,8,2,36.198818,-120.104424,93.370003,9,600,58,3,"e00fce686dc2ef0a68fa40b0",2026-08-30 17:50:04.028,2026-08-30 17:50:04.231,2026-08-30 17:50:04.231,2026-08-30
"1020","1IRhR0azVl","MOOSPMv3Parser",1788112200,3,3,3,4,4,3,3,4,4,3,970,186,46967,29,21,2,21,21,31,16,21,0,29,36,28,23,27.946,23,1,35.77507,-119.23851,65.388,9,600,58,3,"e00fce68e88237db75a60608",2026-08-30 17:50:04.415,2026-08-30 17:50:04.569,2026-08-30 17:50:04.569,2026-08-30
"1021","jAggCmivNf","MOOSPMv3Parser",1788112200,6,6,7,10,10,7,7,10,10,7,1426,356,126592,72,52,4,52,52,32,11,52,0,37,36,17,21,250.725,17,1,36.139057,-120.368378,172.313004,5,600,58,3,"e00fce6850cac69f647dc199",2026-08-30 17:50:04.665,2026-08-30 17:50:04.853,2026-08-30 17:50:04.853,2026-08-30
"1022","sW49nQ1x79","MOOSPMv3Parser",1788112800,1,1,0,3,3,0,0,3,3,0,697,163,0,32,0,2,0,0,29,17,0,2,29,33,30,27,24.446,30,11,36.187496,-119.822052,20.886999,6,600,58,3,"e00fce68e739ecbcf9e91965",2026-08-30 18:00:02.136,2026-08-30 18:00:02.526,2026-08-30 18:00:02.526,2026-08-30
"1023","xUxCrSROul","MOOSPMv3Parser",1788112800,1,1,2,3,3,3,3,3,3,3,518,145,138312,30,19,2,19,19,32,11,19,1,31,38,23,19,35.058,26,3277,3.5e-05,0.002353,16387.681641,10,600,58,3,"e00fce68e28dcbc9a589be10",2026-08-30 18:00:02.444,2026-08-30 18:00:02.893,2026-08-30 18:00:02.893,2026-08-30
"1024","3EIgqxS29b","MOOSPMv3Parser",1788112801,0,0,3,0,0,4,4,1,1,4,235,150,322,27,21,4,22,22,31,25,22,1,29,34,28,25,22.107,35,1,35.963257,-119.291893,53.493,6,600,58,3,"e00fce68d6b773b56ce8baa0",2026-08-30 18:00:02.528,2026-08-30 18:00:03.008,2026-08-30 18:00:03.008,2026-08-30
"1025","0m0tAVy3OM","MOOSPMv3Parser",1788112800,5,5,4,8,8,5,5,8,8,5,1168,318,299,49,34,2,34,34,27,35,34,0,28,31,38,34,24.419,65,1,36.523262,-119.278809,82.933998,7,600,58,3,"e00fce68f12da1a0c5de6248",2026-08-30 18:00:02.954,2026-08-30 18:00:03.544,2026-08-30 18:00:03.544,2026-08-30
"1026","n1MBm3bYlF","MOOSPMv3Parser",1788112800,11,11,8,17,17,9,9,18,18,9,2120,589,154547,117,65,8,65,65,30,26,65,0,29,34,38,31,21.615,66,1,35.949554,-119.049873,115.373001,8,600,58,3,"e00fce6808784ceaf209f949",2026-08-30 18:00:03.26,2026-08-30 18:00:03.584,2026-08-30 18:00:03.584,2026-08-30
"1027","kT7kw847Jf","MOOSPMv3Parser",1788112801,0,0,1,0,0,1,1,0,0,1,161,78,2528,11,8,1,8,8,29,24,8,1,29,32,23,22,37.44,8,2,36.198875,-120.104439,90.667999,7,600,58,3,"e00fce686dc2ef0a68fa40b0",2026-08-30 18:00:03.004,2026-08-30 18:00:03.675,2026-08-30 18:00:03.675,2026-08-30
"1028","3vEtouRHqf","MOOSPMv3Parser",1788112801,1,1,2,2,2,2,2,2,2,2,832,120,2935,15,13,1,13,13,26,18,13,1,27,30,27,28,40.354,12,4,36.503117,-120.325363,52.953999,8,600,58,3,"e00fce68e77e43df92405fdb",2026-08-30 18:00:03.326,2026-08-30 18:00:03.836,2026-08-30 18:00:03.836,2026-08-30
"1029","osf0ZXMAeZ","MOOSPMv3Parser",1788112800,6,6,6,9,9,6,6,10,10,6,1281,322,126632,67,47,4,47,47,32,10,47,0,37,36,17,21,512.581,14,1,36.138905,-120.368446,163.667007,9,600,58,3,"e00fce6850cac69f647dc199",2026-08-30 18:00:03.471,2026-08-30 18:00:03.88,2026-08-30 18:00:03.88,2026-08-30
"1030","N2zzKVaKIY","MOOSPMv3Parser",1788112801,2,2,3,3,3,3,3,4,4,4,527,162,110064,27,21,3,22,22,0,0,22,1,28,30,33,33,19.614,88,6,36.43364,-119.923294,38.688,6,600,58,3,"e00fce6876826e255108c6bd",2026-08-30 18:00:03.846,2026-08-30 18:00:04.153,2026-08-30 18:00:04.153,2026-08-30
"1031","yt2xm8AK5r","MOOSPMv3Parser",1788112800,2,2,2,4,4,3,3,4,4,3,916,171,46984,23,19,2,19,19,31,15,19,0,29,36,27,22,28.253,20,1,35.77504,-119.238525,58.792,11,600,58,3,"e00fce68e88237db75a60608",2026-08-30 18:00:04.562,2026-08-30 18:00:04.77,2026-08-30 18:00:04.77,2026-08-30
"1032","zWO9zDGD9n","MOOSPMv3Parser",1788113400,1,1,0,3,3,0,0,4,4,0,686,160,0,30,0,3,0,0,30,15,0,2,29,34,28,25,25.244,29,9,36.187428,-119.821983,36.931,10,600,58,3,"e00fce68e739ecbcf9e91965",2026-08-30 18:10:02.133,2026-08-30 18:10:02.305,2026-08-30 18:10:02.305,2026-08-30
"1033","SCkItu90Qy","MOOSPMv3Parser",1788113401,0,0,2,0,0,2,2,0,0,3,221,137,334,21,15,2,15,15,31,24,15,1,29,34,27,24,22.795,27,1,35.963097,-119.291763,48.589001,5,600,58,3,"e00fce68d6b773b56ce8baa0",2026-08-30 18:10:02.209,2026-08-30 18:10:02.365,2026-08-30 18:10:02.365,2026-08-30
"1034","V5eGwFNWRt","MOOSPMv3Parser",1788113400,1,1,3,2,2,3,3,3,3,3,534,150,138328,27,20,2,20,20,33,10,20,1,31,38,23,19,34.945,28,3277,3.5e-05,0.002353,16387.681641,10,600,58,3,"e00fce68e28dcbc9a589be10",2026-08-30 18:10:02.448,2026-08-30 18:10:02.67,2026-08-30 18:10:02.67,2026-08-30
"1035","9HRAq62Bum","MOOSPMv3Parser",1788113400,5,5,4,7,7,4,4,8,8,4,1152,315,326,43,31,2,31,31,28,32,31,0,28,32,35,32,24.596,63,1,36.523327,-119.278824,83.468002,7,600,58,3,"e00fce68f12da1a0c5de6248",2026-08-30 18:10:02.779,2026-08-30 18:10:03.012,2026-08-30 18:10:03.012,2026-08-30
"1036","KMbwEeInVx","MOOSPMv3Parser",1788113400,11,11,8,17,17,9,9,18,18,9,2168,604,154861,117,64,7,65,65,30,25,65,0,29,35,36,30,22.631,63,1,35.949646,-119.049835,124.204002,9,599,58,3,"e00fce6808784ceaf209f949",2026-08-30 18:10:03.246,2026-08-30 18:10:03.415,2026-08-30 18:10:03.415,2026-08-30
"1037","yAQj7MUYM7","MOOSPMv3Parser",1788113401,0,0,1,0,0,1,1,0,0,1,186,102,2536,15,10,1,10,10,30,23,10,0,30,34,21,20,37.402,10,2,36.198887,-120.104378,68.473,6,600,58,3,"e00fce686dc2ef0a68fa40b0",2026-08-30 18:10:03.343,2026-08-30 18:10:03.512,2026-08-30 18:10:03.512,2026-08-30
"1038","x1UsPRsiQg","MOOSPMv3Parser",1788113401,1,1,1,2,2,2,2,2,2,2,833,113,2945,17,12,1,12,12,27,17,12,0,27,30,27,27,43.879,5,3,36.503117,-120.325363,52.953999,0,600,58,3,"e00fce68e77e43df92405fdb",2026-08-30 18:10:03.415,2026-08-30 18:10:03.627,2026-08-30 18:10:03.627,2026-08-30
"1039","Rlpbj3zAAE","MOOSPMv3Parser",1788113401,2,2,3,4,4,3,3,4,4,3,536,164,110081,29,20,3,20,20,0,0,20,1,28,30,32,33,19.987,88,5,36.433475,-119.923378,24.344999,7,600,58,3,"e00fce6876826e255108c6bd",2026-08-30 18:10:03.864,2026-08-30 18:10:04.104,2026-08-30 18:10:04.104,2026-08-30
"1040","x5m136biSu","MOOSPMv3Parser",1788113400,5,5,6,8,8,6,6,9,9,6,1228,310,126670,62,43,4,43,43,32,10,43,0,37,37,17,20,512.582,14,1,36.139004,-120.368492,178.304001,8,600,58,3,"e00fce6850cac69f647dc199",2026-08-30 18:10:03.966,2026-08-30 18:10:04.117,2026-08-30 18:10:04.117,2026-08-30
"1041","UYYSeUVjDI","MOOSPMv3Parser",1788113400,2,2,2,3,3,3,3,3,3,3,922,165,47000,23,19,1,19,19,32,16,19,0,29,36,28,23,29.134,20,1,35.775047,-119.23848,69.080002,10,600,58,3,"e00fce68e88237db75a60608",2026-08-30 18:10:04.497,2026-08-30 18:10:04.707,2026-08-30 18:10:04.707,2026-08-30
"1042","ZYkjzC1WBQ","MOOSPMv3Parser",1788114000,1,1,0,3,3,0,0,3,3,0,690,161,0,28,0,2,0,0,30,15,0,2,30,34,29,26,25.819,26,7,36.187428,-119.821983,36.933998,0,600,58,3,"e00fce68e739ecbcf9e91965",2026-08-30 18:20:01.996,2026-08-30 18:20:02.188,2026-08-30 18:20:02.188,2026-08-30
"1043","92fW6FNBOQ","MOOSPMv3Parser",1788114000,1,1,2,2,2,2,2,2,2,2,514,141,138344,26,17,2,17,17,34,10,17,1,32,39,23,19,34.512,46,3277,3.5e-05,0.002353,16387.681641,10,600,58,3,"e00fce68e28dcbc9a589be10",2026-08-30 18:20:02.634,2026-08-30 18:20:02.795,2026-08-30 18:20:02.795,2026-08-30
"1044","5vUeOJZMMV","MOOSPMv3Parser",1788114000,5,5,4,7,7,4,4,7,7,4,1073,295,352,41,30,2,30,30,28,32,30,0,28,32,36,32,25.684,59,1,36.523354,-119.278862,92.049004,7,600,58,3,"e00fce68f12da1a0c5de6248",2026-08-30 18:20:02.762,2026-08-30 18:20:03.003,2026-08-30 18:20:03.003,2026-08-30
"1045","CypGxdHLEU","MOOSPMv3Parser",1788114001,0,0,2,0,0,2,2,0,0,2,222,138,348,21,16,2,16,16,31,25,16,0,29,35,28,25,24.061,17,1,35.963181,-119.291763,45.330002,9,600,58,3,"e00fce68d6b773b56ce8baa0",2026-08-30 18:20:03.106,2026-08-30 18:20:03.316,2026-08-30 18:20:03.316,2026-08-30
"1046","IvjoJHN0kH","MOOSPMv3Parser",1788114001,1,1,2,2,2,2,2,2,2,2,872,119,2955,18,12,1,12,12,27,18,12,0,28,30,26,28,41.387,5,4,36.503143,-120.325394,56.403,7,600,58,3,"e00fce68e77e43df92405fdb",2026-08-30 18:20:03.255,2026-08-30 18:20:03.432,2026-08-30 18:20:03.432,2026-08-30
"1047","nU1jdqHqUe","MOOSPMv3Parser",1788114000,10,10,8,16,16,8,8,17,17,8,2062,575,154654,106,60,6,60,60,30,22,60,0,30,35,34,28,24.794,52,1,35.949696,-119.050011,97.110001,8,600,58,3,"e00fce6808784ceaf209f949",2026-08-30 18:20:03.317,2026-08-30 18:20:03.484,2026-08-30 18:20:03.484,2026-08-30
"1048","i58sXTr7Lb","MOOSPMv3Parser",1788114001,0,0,1,0,0,1,1,0,0,1,193,105,2545,15,10,1,10,10,30,23,10,0,30,34,22,20,36.312,20,2,36.198868,-120.104446,86.110001,11,600,58,3,"e00fce686dc2ef0a68fa40b0",2026-08-30 18:20:03.573,2026-08-30 18:20:03.762,2026-08-30 18:20:03.762,2026-08-30
"1049","xqSlHLMNLu","MOOSPMv3Parser",1788114001,2,2,3,4,4,3,3,4,4,3,578,176,110099,28,21,2,22,22,0,0,22,1,29,31,32,32,20.281,88,5,36.433582,-119.923378,33.317001,6,600,58,3,"e00fce6876826e255108c6bd",2026-08-30 18:20:03.712,2026-08-30 18:20:03.877,2026-08-30 18:20:03.877,2026-08-30
"1050","SK6wIBkoOG","MOOSPMv3Parser",1788114000,5,5,5,8,8,6,6,9,9,6,1219,304,126707,60,42,4,42,42,33,9,42,0,37,37,17,20,512.573,14,1,36.138916,-120.368446,166.399002,6,600,58,3,"e00fce6850cac69f647dc199",2026-08-30 18:20:04.143,2026-08-30 18:20:04.326,2026-08-30 18:20:04.326,2026-08-30
"1051","zn2DNqwsSp","MOOSPMv3Parser",1788114000,2,2,2,3,3,2,2,3,3,2,905,161,47016,23,18,1,19,19,32,14,19,0,30,37,26,21,31.342,21,1,35.775009,-119.238541,65.070999,11,600,58,3,"e00fce68e88237db75a60608",2026-08-30 18:20:04.573,2026-08-30 18:20:04.741,2026-08-30 18:20:04.741,2026-08-30
"1052","HNHjVRfR37","MOOSPMv3Parser",1788114600,1,1,0,3,3,0,0,4,4,0,673,160,0,31,0,4,0,0,31,13,0,2,30,35,26,23,26.488,24,5,36.187527,-119.822052,31.063,8,600,58,3,"e00fce68e739ecbcf9e91965",2026-08-30 18:30:02.217,2026-08-30 18:30:02.449,2026-08-30 18:30:02.449,2026-08-30
"1053","8dIVDHZwC7","MOOSPMv3Parser",1788114600,1,1,2,3,3,2,2,3,3,2,540,150,138360,27,18,2,18,18,34,9,18,1,32,40,22,18,35.132,59,3277,3.5e-05,0.002353,16387.681641,10,600,58,3,"e00fce68e28dcbc9a589be10",2026-08-30 18:30:02.357,2026-08-30 18:30:02.606,2026-08-30 18:30:02.606,2026-08-30
"1054","ddE8eWXsDH","MOOSPMv3Parser",1788114601,0,0,2,0,0,3,3,1,1,3,233,151,362,25,18,3,18,18,31,25,18,1,30,35,28,25,23.176,30,1,35.963181,-119.291763,45.334,0,600,58,3,"e00fce68d6b773b56ce8baa0",2026-08-30 18:30:02.677,2026-08-30 18:30:02.903,2026-08-30 18:30:02.903,2026-08-30
"1055","q0mxF6SQt4","MOOSPMv3Parser",1788114600,5,5,4,6,6,4,4,7,7,4,1063,289,378,36,29,2,29,29,29,31,29,0,29,33,36,31,26.399,53,1,36.523373,-119.278801,81.095001,7,600,58,3,"e00fce68f12da1a0c5de6248",2026-08-30 18:30:02.75,2026-08-30 18:30:02.959,2026-08-30 18:30:02.959,2026-08-30
"1056","VBMmbHzOiD","MOOSPMv3Parser",1788114600,8,8,6,12,12,6,6,13,13,6,1682,460,154694,87,47,5,47,47,30,21,47,0,29,35,34,28,25.841,32,1,35.949497,-119.050011,108.165001,8,600,58,3,"e00fce6808784ceaf209f949",2026-08-30 18:30:03.325,2026-08-30 18:30:03.521,2026-08-30 18:30:03.521,2026-08-30
"1057","GI5BGqInAw","MOOSPMv3Parser",1788114601,1,1,2,2,2,2,2,2,2,2,826,120,2966,17,12,1,12,12,27,17,12,0,28,30,28,27,41.833,8,3,36.503159,-120.325401,58.264,6,600,58,3,"e00fce68e77e43df92405fdb",2026-08-30 18:30:03.391,2026-08-30 18:30:03.572,2026-08-30 18:30:03.572,2026-08-30
"1058","0k37cBEXgI","MOOSPMv3Parser",1788114601,2,2,3,3,3,3,3,5,5,3,532,164,110117,30,21,3,21,21,0,0,21,1,29,32,31,31,20.117,88,5,36.433495,-119.923386,35.618999,9,600,58,3,"e00fce6876826e255108c6bd",2026-08-30 18:30:03.706,2026-08-30 18:30:03.906,2026-08-30 18:30:03.906,2026-08-30
"1059","PntLGkwFPP","MOOSPMv3Parser",1788114601,0,0,1,0,0,1,1,0,0,1,199,114,2554,17,11,1,11,11,31,23,11,0,31,35,23,21,36.785,26,2,36.198982,-120.104408,59.452999,8,600,58,3,"e00fce686dc2ef0a68fa40b0",2026-08-30 18:30:04.17,2026-08-30 18:30:04.353,2026-08-30 18:30:04.353,2026-08-30
"1060","2P7mSp40cx","MOOSPMv3Parser",1788114600,2,2,2,3,3,2,2,3,3,2,899,154,47032,24,17,1,18,18,32,14,18,0,30,37,26,22,28.973,20,1,35.775017,-119.238564,65.803001,12,600,58,3,"e00fce68e88237db75a60608",2026-08-30 18:30:04.425,2026-08-30 18:30:04.595,2026-08-30 18:30:04.595,2026-08-30
"1061","WEbWOGwWtG","MOOSPMv3Parser",1788114600,5,5,5,8,8,5,5,8,8,5,1144,286,126743,58,40,3,40,40,33,9,40,0,38,38,16,19,512.595,15,1,36.138924,-120.368439,182.425995,11,600,58,3,"e00fce6850cac69f647dc199",2026-08-30 18:30:04.43,2026-08-30 18:30:04.602,2026-08-30 18:30:04.602,2026-08-30
"1062","7DFLyUOXL7","MOOSPMv3Parser",1788115200,1,1,0,3,3,0,0,3,3,0,658,150,0,31,0,2,0,0,31,12,0,2,31,36,26,23,28.231,21,4,36.187454,-119.82206,20.775,10,600,58,3,"e00fce68e739ecbcf9e91965",2026-08-30 18:40:02.128,2026-08-30 18:40:02.351,2026-08-30 18:40:02.351,2026-08-30
"1063","TN18ih5LgQ","MOOSPMv3Parser",1788115200,1,1,2,3,3,2,3,3,3,3,555,155,138376,26,19,2,19,19,34,9,19,1,33,40,21,18,35.39,55,3277,3.5e-05,0.002353,16387.681641,10,600,58,3,"e00fce68e28dcbc9a589be10",2026-08-30 18:40:02.448,2026-08-30 18:40:02.654,2026-08-30 18:40:02.654,2026-08-30
"1064","s81lq2FBic","MOOSPMv3Parser",1788115200,5,5,4,6,6,4,4,7,7,4,1020,278,403,36,29,2,29,29,29,30,29,0,29,33,34,31,26.264,82,1,36.523384,-119.278786,75.071999,7,600,58,3,"e00fce68f12da1a0c5de6248",2026-08-30 18:40:02.76,2026-08-30 18:40:02.94,2026-08-30 18:40:02.94,2026-08-30
"1065","GX2bVfxnaL","MOOSPMv3Parser",1788115201,0,0,1,0,0,2,2,0,0,2,216,128,2563,20,11,2,11,11,32,23,11,0,31,36,22,20,36.383,32,2,36.19878,-120.104446,68.835999,7,600,58,3,"e00fce686dc2ef0a68fa40b0",2026-08-30 18:40:02.894,2026-08-30 18:40:03.092,2026-08-30 18:40:03.092,2026-08-30
"1066","0AHmUDDx13","MOOSPMv3Parser",1788115201,0,0,2,0,0,2,2,0,0,2,230,143,375,22,16,2,16,16,32,25,16,1,30,35,28,25,23.273,30,1,35.963154,-119.291824,50.119999,10,600,58,3,"e00fce68d6b773b56ce8baa0",2026-08-30 18:40:03.007,2026-08-30 18:40:03.195,2026-08-30 18:40:03.195,2026-08-30
"1067","iS2UPVrnZF","MOOSPMv3Parser",1788115201,1,1,2,2,2,2,2,2,2,2,842,119,2978,16,13,1,14,14,27,17,14,0,28,31,27,28,41.272,9,3,36.503082,-120.325394,41.516998,10,600,58,3,"e00fce68e77e43df92405fdb",2026-08-30 18:40:03.434,2026-08-30 18:40:03.618,2026-08-30 18:40:03.618,2026-08-30
"1068","jFLBNJLsYd","MOOSPMv3Parser",1788115200,5,5,5,8,8,5,5,8,8,5,1133,280,126775,58,37,4,37,37,33,9,37,0,38,38,16,20,512.643,18,1,36.138943,-120.368446,166.167999,9,600,58,3,"e00fce6850cac69f647dc199",2026-08-30 18:40:03.484,2026-08-30 18:40:03.699,2026-08-30 18:40:03.699,2026-08-30
"1069","ZkGIe3ypUX","MOOSPMv3Parser",1788115200,5,5,4,8,8,4,4,8,8,4,1179,315,154723,54,32,4,32,32,31,18,32,0,30,35,30,25,25.871,27,1,35.949448,-119.049995,133.117996,9,600,58,3,"e00fce6808784ceaf209f949",2026-08-30 18:40:03.565,2026-08-30 18:40:03.771,2026-08-30 18:40:03.771,2026-08-30
"1070","qNC0JAFJ0Z","MOOSPMv3Parser",1788115201,2,2,2,3,3,3,3,4,4,3,475,145,110133,28,19,4,19,19,0,0,19,1,30,32,30,30,20.5,88,4,36.433563,-119.923363,31.686001,8,600,58,3,"e00fce6876826e255108c6bd",2026-08-30 18:40:03.712,2026-08-30 18:40:03.92,2026-08-30 18:40:03.92,2026-08-30
"1071","7fUEoRSPA8","MOOSPMv3Parser",1788115200,2,2,2,4,4,2,2,4,4,2,959,172,47048,29,18,2,19,19,32,14,19,0,30,38,26,22,30.291,20,1,35.775017,-119.238564,65.804001,0,600,58,3,"e00fce68e88237db75a60608",2026-08-30 18:40:04.587,2026-08-30 18:40:04.815,2026-08-30 18:40:04.815,2026-08-30
"1072","WJHqi4JN7r","MOOSPMv3Parser",1788115800,1,1,0,3,3,0,0,3,3,0,692,156,0,27,0,3,0,0,32,11,0,2,31,36,25,22,28.558,18,3,36.187477,-119.821945,49.292999,8,600,58,3,"e00fce68e739ecbcf9e91965",2026-08-30 18:50:02.28,2026-08-30 18:50:02.491,2026-08-30 18:50:02.491,2026-08-30
"1073","yQer5lolSl","MOOSPMv3Parser",1788115800,1,1,2,2,2,2,2,3,3,2,557,157,138392,24,18,1,18,18,35,9,18,1,33,41,21,17,35.545,75,3277,3.5e-05,0.002353,16387.681641,10,600,58,3,"e00fce68e28dcbc9a589be10",2026-08-30 18:50:02.452,2026-08-30 18:50:02.736,2026-08-30 18:50:02.736,2026-08-30
"1074","qJeQqdAUtD","MOOSPMv3Parser",1788115801,2,2,2,3,3,2,2,4,4,2,980,164,47220,24,17,1,17,17,34,14,17,0,32,38,25,21,31.46,26,1,35.775055,-119.238533,72.370003,9,598,58,3,"e00fce68e88237db75a60608",2026-08-30 18:50:02.601,2026-08-30 18:50:02.856,2026-08-30 18:50:02.856,2026-08-30
"1075","voIzfVJYTr","MOOSPMv3Parser",1788115801,0,0,3,0,0,3,3,0,0,3,245,160,393,26,20,2,21,21,32,25,21,0,31,35,27,25,24.049,24,1,35.963192,-119.291763,52.049999,11,600,58,3,"e00fce68d6b773b56ce8baa0",2026-08-30 18:50:02.62,2026-08-30 18:50:02.895,2026-08-30 18:50:02.895,2026-08-30
"1076","XkkiwHlezI","MOOSPMv3Parser",1788115800,4,4,3,6,6,4,4,7,7,4,1027,278,426,37,27,2,27,27,30,29,27,0,30,34,35,31,27.35,64,1,36.523342,-119.278793,82.921997,7,600,58,3,"e00fce68f12da1a0c5de6248",2026-08-30 18:50:03.237,2026-08-30 18:50:03.419,2026-08-30 18:50:03.419,2026-08-30
"1077","lN17utTyZa","MOOSPMv3Parser",1788115800,4,4,3,6,6,3,3,6,6,3,890,237,154744,42,24,2,24,24,31,16,24,0,30,36,29,25,27.888,18,1,35.949642,-119.050018,90.100998,7,600,58,3,"e00fce6808784ceaf209f949",2026-08-30 18:50:03.417,2026-08-30 18:50:03.563,2026-08-30 18:50:03.563,2026-08-30
"1078","XwdLLMrZBF","MOOSPMv3Parser",1788115800,5,5,5,8,8,5,5,9,9,5,1182,298,126810,57,40,2,40,40,33,9,40,0,38,38,17,20,512.636,28,1,36.138939,-120.368347,172.723999,8,600,58,3,"e00fce6850cac69f647dc199",2026-08-30 18:50:03.784,2026-08-30 18:50:03.93,2026-08-30 18:50:03.93,2026-08-30
"1079","zDxwOFxeZA","MOOSPMv3Parser",1788115801,0,0,1,0,0,2,2,0,0,2,225,133,2573,21,11,2,11,11,32,22,11,0,31,37,24,20,37.637,31,1,36.198799,-120.104401,99.129997,6,600,58,3,"e00fce686dc2ef0a68fa40b0",2026-08-30 18:50:03.773,2026-08-30 18:50:03.948,2026-08-30 18:50:03.948,2026-08-30
"1080","aHDF2uFduW","MOOSPMv3Parser",1788115801,1,1,2,3,3,3,3,4,4,3,457,138,110149,27,18,3,18,18,0,0,18,1,30,33,29,29,20.715,88,5,36.433548,-119.923332,37.044998,6,600,58,3,"e00fce6876826e255108c6bd",2026-08-30 18:50:03.936,2026-08-30 18:50:04.134,2026-08-30 18:50:04.134,2026-08-30
"1081","9f4X8EORWa","MOOSPMv3Parser",1788115801,1,1,2,2,2,2,2,2,2,2,860,125,2990,17,14,1,14,14,28,16,14,1,29,31,26,26,41.547,12,3,36.503197,-120.325325,59.915001,8,600,58,3,"e00fce68e77e43df92405fdb",2026-08-30 18:50:18.099,2026-08-30 18:50:18.316,2026-08-30 18:50:18.316,2026-08-30
"1082","3paeYrqSoB","MOOSPMv3Parser",1788116400,1,1,0,2,2,0,0,3,3,0,658,150,0,28,0,2,0,0,32,11,0,2,31,37,25,22,29.506,18,3,36.187447,-119.821976,39.587002,9,600,58,3,"e00fce68e739ecbcf9e91965",2026-08-30 19:00:02.211,2026-08-30 19:00:02.712,2026-08-30 19:00:02.712,2026-08-30
"1083","iJoLvGMhGX","MOOSPMv3Parser",1788116401,2,2,2,3,3,2,2,3,3,2,844,137,47076,20,15,1,15,15,34,12,15,0,32,39,23,20,32.321,27,1,35.775139,-119.238503,66.639,9,600,58,3,"e00fce68e88237db75a60608",2026-08-30 19:00:02.484,2026-08-30 19:00:02.906,2026-08-30 19:00:02.906,2026-08-30
"1084","COIziVUgx9","MOOSPMv3Parser",1788116400,1,1,3,3,3,3,3,3,3,3,594,163,138409,28,21,1,21,21,35,8,21,1,34,42,20,16,35.277,87,3277,3.5e-05,0.002353,16387.681641,10,600,58,3,"e00fce68e28dcbc9a589be10",2026-08-30 19:00:02.441,2026-08-30 19:00:02.952,2026-08-30 19:00:02.952,2026-08-30
"1085","X6nlEQWdgo","MOOSPMv3Parser",1788116400,5,5,4,7,7,4,4,7,7,4,1077,290,452,39,29,2,29,29,30,27,29,0,30,34,33,29,28.133,61,1,36.523376,-119.278893,76.653999,6,600,58,3,"e00fce68f12da1a0c5de6248",2026-08-30 19:00:02.79,2026-08-30 19:00:03.646,2026-08-30 19:00:03.646,2026-08-30
"1086","iOsZu4wyOe","MOOSPMv3Parser",1788116401,0,0,2,0,0,2,2,0,0,2,235,146,406,23,17,2,17,17,32,24,17,0,31,36,26,24,24.705,22,1,35.963131,-119.291801,47.280998,10,600,58,3,"e00fce68d6b773b56ce8baa0",2026-08-30 19:00:02.934,2026-08-30 19:00:03.707,2026-08-30 19:00:03.707,2026-08-30
"1087","CJhGPMmhU4","MOOSPMv3Parser",1788116400,2,2,2,4,4,3,3,4,4,3,706,188,154760,29,19,2,19,19,31,15,19,0,30,35,27,23,28.596,16,1,35.949642,-119.050018,90.100998,0,600,58,3,"e00fce6808784ceaf209f949",2026-08-30 19:00:03.406,2026-08-30 19:00:03.886,2026-08-30 19:00:03.886,2026-08-30
"1088","2b4WN9uwXe","MOOSPMv3Parser",1788116401,1,1,2,2,2,2,2,2,2,2,908,126,3000,18,13,1,13,13,28,16,13,1,29,31,26,26,41.593,13,3,36.503059,-120.325356,54.432999,7,600,58,3,"e00fce68e77e43df92405fdb",2026-08-30 19:00:03.443,2026-08-30 19:00:03.967,2026-08-30 19:00:03.967,2026-08-30
"1089","xHRilwWFuA","MOOSPMv3Parser",1788116401,1,1,3,3,3,3,3,3,3,3,443,136,110166,24,20,3,20,20,0,0,20,1,31,33,29,29,21.128,88,5,36.433624,-119.923325,27.962999,12,600,58,3,"e00fce6876826e255108c6bd",2026-08-30 19:00:03.775,2026-08-30 19:00:04.031,2026-08-30 19:00:04.031,2026-08-30
"1090","3D3jBUogsL","MOOSPMv3Parser",1788116401,0,0,2,0,0,2,2,0,0,2,240,145,2584,21,14,1,14,14,32,22,14,0,31,37,22,19,37.63,50,1,36.198753,-120.104317,130.682007,6,600,58,3,"e00fce686dc2ef0a68fa40b0",2026-08-30 19:00:03.84,2026-08-30 19:00:04.043,2026-08-30 19:00:04.043,2026-08-30
"1091","kfIVwpTOfw","MOOSPMv3Parser",1788116400,5,5,5,8,8,6,6,9,9,6,1258,308,126847,60,43,4,43,43,34,10,43,0,38,38,18,21,512.648,30,1,36.138977,-120.368401,179.451996,7,600,58,3,"e00fce6850cac69f647dc199",2026-08-30 19:00:04.03,2026-08-30 19:00:04.374,2026-08-30 19:00:04.374,2026-08-30
"1092","N0B8yorh2g","MOOSPMv3Parser",1788117000,1,1,2,2,2,2,2,3,3,2,557,151,138425,26,17,1,17,17,35,9,17,1,34,42,21,17,35.405,63,3277,3.5e-05,0.002353,16387.681641,10,600,58,3,"e00fce68e28dcbc9a589be10",2026-08-30 19:10:02.447,2026-08-30 19:10:02.636,2026-08-30 19:10:02.636,2026-08-30
"1093","zM9xwB0ZC3","MOOSPMv3Parser",1788117001,1,1,2,2,2,2,2,2,2,2,798,116,47088,18,14,1,14,14,34,12,14,0,32,39,23,19,35.752,18,1,35.77512,-119.238457,76.143997,8,600,58,3,"e00fce68e88237db75a60608",2026-08-30 19:10:02.424,2026-08-30 19:10:02.648,2026-08-30 19:10:02.648,2026-08-30
"1094","aNoCb8kfwC","MOOSPMv3Parser",1788117000,1,1,0,3,3,0,0,3,3,0,697,159,0,30,0,2,0,0,32,11,0,2,32,37,24,21,29.974,16,2,36.187508,-119.822044,29.931,10,600,58,3,"e00fce68e739ecbcf9e91965",2026-08-30 19:10:02.36,2026-08-30 19:10:02.672,2026-08-30 19:10:02.672,2026-08-30
"1095","AMQklbAUqW","MOOSPMv3Parser",1788117001,0,0,2,0,0,2,2,0,0,2,227,143,419,21,16,2,16,16,32,24,16,1,31,36,26,24,24.989,16,1,35.963169,-119.29171,52.438999,8,600,58,3,"e00fce68d6b773b56ce8baa0",2026-08-30 19:10:02.599,2026-08-30 19:10:02.847,2026-08-30 19:10:02.847,2026-08-30
"1096","BkKE9Spo4l","MOOSPMv3Parser",1788117000,4,4,4,6,6,4,4,6,6,4,1041,278,476,34,28,2,28,28,30,27,28,0,30,35,34,29,28.773,69,1,36.523376,-119.278893,76.654999,0,600,58,3,"e00fce68f12da1a0c5de6248",2026-08-30 19:10:02.864,2026-08-30 19:10:03.127,2026-08-30 19:10:03.127,2026-08-30
"1097","cLv4Hom21I","MOOSPMv3Parser",1788117001,2,2,2,2,2,2,2,3,3,2,919,136,3011,19,13,1,13,13,28,17,13,0,30,32,27,27,41.745,12,3,36.503094,-120.325424,55.405998,8,600,58,3,"e00fce68e77e43df92405fdb",2026-08-30 19:10:03.251,2026-08-30 19:10:03.496,2026-08-30 19:10:03.496,2026-08-30
"1098","L8aHNhcpke","MOOSPMv3Parser",1788117000,2,2,2,4,4,2,2,4,4,2,640,169,154775,27,16,2,16,16,31,15,16,0,30,36,28,24,29.607,12,1,35.949554,-119.049942,110.612,7,600,58,3,"e00fce6808784ceaf209f949",2026-08-30 19:10:03.406,2026-08-30 19:10:03.657,2026-08-30 19:10:03.657,2026-08-30
"1099","XKKQEZDt4g","MOOSPMv3Parser",1788117001,1,1,2,3,3,3,3,4,4,3,448,139,110181,30,18,4,18,18,0,0,18,1,31,33,30,29,21.719,88,5,36.433537,-119.923355,15.073,10,600,58,3,"e00fce6876826e255108c6bd",2026-08-30 19:10:03.913,2026-08-30 19:10:04.078,2026-08-30 19:10:04.078,2026-08-30
"1100","NDi8bSR7y6","MOOSPMv3Parser",1788117001,0,0,2,0,0,2,2,0,0,2,246,151,2595,23,13,2,13,13,33,22,13,0,32,37,23,19,38.851,47,1,36.198692,-120.104454,62.599998,7,600,58,3,"e00fce686dc2ef0a68fa40b0",2026-08-30 19:10:04.161,2026-08-30 19:10:04.415,2026-08-30 19:10:04.415,2026-08-30
"1101","2Q4KmTM3Ly","MOOSPMv3Parser",1788117000,5,5,5,9,9,6,6,9,9,6,1279,319,126884,64,42,4,43,43,34,10,43,0,39,39,17,20,501.925,29,1,36.138996,-120.368355,196.281998,9,600,58,3,"e00fce6850cac69f647dc199",2026-08-30 19:10:04.495,2026-08-30 19:10:04.685,2026-08-30 19:10:04.685,2026-08-30
"1102","0QjjvwfLAb","MOOSPMv3Parser",1788117600,2,2,0,3,3,0,0,4,4,0,764,174,0,32,0,3,0,0,32,10,0,2,32,37,24,21,30.266,24,2,36.187477,-119.822044,18.393999,11,600,58,3,"e00fce68e739ecbcf9e91965",2026-08-30 19:20:02.352,2026-08-30 19:20:02.518,2026-08-30 19:20:02.518,2026-08-30
"1103","oWbbZZViZl","MOOSPMv3Parser",1788117600,1,1,2,2,2,2,2,3,3,2,557,152,138441,25,17,2,18,18,35,9,18,0,34,41,20,17,35.043,75,3277,3.5e-05,0.002353,16387.681641,10,600,58,3,"e00fce68e28dcbc9a589be10",2026-08-30 19:20:02.461,2026-08-30 19:20:02.774,2026-08-30 19:20:02.774,2026-08-30
"1104","mwP2XxpL92","MOOSPMv3Parser",1788117601,1,1,2,2,2,2,2,3,3,2,815,124,47099,19,13,1,13,13,34,12,13,0,32,39,23,20,33.551,18,1,35.775105,-119.238487,74.836998,5,600,58,3,"e00fce68e88237db75a60608",2026-08-30 19:20:02.577,2026-08-30 19:20:02.797,2026-08-30 19:20:02.797,2026-08-30
"1105","hCG16MhkKa","MOOSPMv3Parser",1788117600,5,5,4,6,6,4,4,7,7,4,1033,279,500,38,28,2,28,28,31,26,28,0,31,36,32,28,29.585,76,1,36.523373,-119.278839,89.685997,6,600,58,3,"e00fce68f12da1a0c5de6248",2026-08-30 19:20:02.795,2026-08-30 19:20:02.968,2026-08-30 19:20:02.968,2026-08-30
"1106","WMFFDxtt3b","MOOSPMv3Parser",1788117601,0,0,2,0,0,2,2,0,0,2,239,151,433,21,16,2,17,17,33,23,17,0,31,36,26,23,25.482,22,1,35.963211,-119.291763,52.166,7,600,58,3,"e00fce68d6b773b56ce8baa0",2026-08-30 19:20:03.095,2026-08-30 19:20:03.307,2026-08-30 19:20:03.307,2026-08-30
"1107","En4wHZULI5","MOOSPMv3Parser",1788117601,1,1,2,2,2,2,2,2,2,2,905,132,3023,17,13,1,14,14,28,16,14,1,29,32,26,26,40.377,19,2,36.50312,-120.325386,57.771,8,600,58,3,"e00fce68e77e43df92405fdb",2026-08-30 19:20:03.384,2026-08-30 19:20:03.596,2026-08-30 19:20:03.596,2026-08-30
"1108","b49jkmU7XN","MOOSPMv3Parser",1788117600,2,2,2,4,4,2,2,4,4,3,637,168,154790,28,17,2,17,17,31,14,17,0,31,36,28,24,29.994,11,1,35.949524,-119.049942,115.755997,10,600,58,3,"e00fce6808784ceaf209f949",2026-08-30 19:20:03.407,2026-08-30 19:20:03.611,2026-08-30 19:20:03.611,2026-08-30
"1109","ArGEZJBKKD","MOOSPMv3Parser",1788117601,0,0,2,0,0,2,2,0,0,2,244,148,2606,23,13,2,13,13,33,21,13,0,32,38,22,19,37.231,59,1,36.198826,-120.104416,57.855,11,600,58,3,"e00fce686dc2ef0a68fa40b0",2026-08-30 19:20:03.527,2026-08-30 19:20:03.705,2026-08-30 19:20:03.705,2026-08-30
"1110","xVEq5BZjFP","MOOSPMv3Parser",1788117600,5,5,5,8,8,5,5,9,9,5,1285,314,126918,59,40,4,40,40,35,9,40,0,40,39,17,20,378.159,40,1,36.138996,-120.368355,196.283997,0,600,58,3,"e00fce6850cac69f647dc199",2026-08-30 19:20:03.53,2026-08-30 19:20:03.719,2026-08-30 19:20:03.719,2026-08-30
"1111","MV5h7aXqo1","MOOSPMv3Parser",1788117601,2,2,2,3,3,3,3,4,4,3,468,144,110197,28,19,3,19,19,0,0,19,1,31,34,28,28,21.504,88,5,36.433609,-119.923378,25.889999,8,600,58,3,"e00fce6876826e255108c6bd",2026-08-30 19:20:03.918,2026-08-30 19:20:04.066,2026-08-30 19:20:04.066,2026-08-30
"1112","A0UigGhtQE","MOOSPMv3Parser",1788118201,1,1,2,2,2,2,2,2,2,2,846,126,47112,19,15,1,15,15,34,11,15,0,33,39,23,19,34.049,18,1,35.775124,-119.238495,60.792,5,600,58,3,"e00fce68e88237db75a60608",2026-08-30 19:30:02.338,2026-08-30 19:30:02.585,2026-08-30 19:30:02.585,2026-08-30
"1113","IIftUXNKn1","MOOSPMv3Parser",1788118200,1,1,0,3,3,0,0,4,4,0,738,171,0,30,0,3,0,0,33,9,0,2,33,37,22,21,31.097,24,1,36.187546,-119.82209,15.606,9,600,58,3,"e00fce68e739ecbcf9e91965",2026-08-30 19:30:02.459,2026-08-30 19:30:02.645,2026-08-30 19:30:02.645,2026-08-30
"1114","tNOP5KvMSy","MOOSPMv3Parser",1788118200,2,2,2,3,3,3,3,3,3,3,606,168,138457,28,19,2,19,19,35,10,19,1,35,41,21,18,35.861,56,3277,3.5e-05,0.002353,16387.681641,10,600,58,3,"e00fce68e28dcbc9a589be10",2026-08-30 19:30:02.529,2026-08-30 19:30:02.713,2026-08-30 19:30:02.713,2026-08-30
"1115","9jKVgIoVST","MOOSPMv3Parser",1788118201,0,0,2,0,0,2,2,0,0,2,226,140,447,21,16,2,17,17,33,23,17,0,32,37,25,23,25.58,20,1,35.963249,-119.29174,55.807999,8,600,58,3,"e00fce68d6b773b56ce8baa0",2026-08-30 19:30:02.789,2026-08-30 19:30:02.936,2026-08-30 19:30:02.936,2026-08-30
"1116","lQHFAGwF1z","MOOSPMv3Parser",1788118200,4,4,3,6,6,4,4,6,6,4,1003,268,523,32,26,2,27,27,31,25,27,0,31,36,32,28,29.359,117,1,36.523338,-119.278824,84.678001,5,600,58,3,"e00fce68f12da1a0c5de6248",2026-08-30 19:30:02.888,2026-08-30 19:30:03.037,2026-08-30 19:30:03.037,2026-08-30
"1117","dtsgxCsXZu","MOOSPMv3Parser",1788118201,0,0,2,0,0,2,2,0,0,2,233,139,2616,20,12,1,12,12,34,22,12,0,33,38,22,19,39.297,60,1,36.198826,-120.104416,57.854,0,600,58,3,"e00fce686dc2ef0a68fa40b0",2026-08-30 19:30:03.212,2026-08-30 19:30:03.404,2026-08-30 19:30:03.404,2026-08-30
"1118","x93fnZfhHm","MOOSPMv3Parser",1788118200,2,2,2,4,4,2,2,4,4,2,638,168,154804,25,16,2,16,16,31,15,16,0,31,36,29,25,29.381,13,1,35.949547,-119.049934,116.330002,6,600,58,3,"e00fce6808784ceaf209f949",2026-08-30 19:30:03.406,2026-08-30 19:30:03.573,2026-08-30 19:30:03.573,2026-08-30
"1119","TGOK2jGwyV","MOOSPMv3Parser",1788118201,2,2,2,2,2,2,2,2,2,2,896,133,3034,16,13,1,13,13,28,17,13,1,30,32,27,28,40.956,19,2,36.503113,-120.325401,54.140999,6,600,58,3,"e00fce68e77e43df92405fdb",2026-08-30 19:30:03.445,2026-08-30 19:30:03.617,2026-08-30 19:30:03.617,2026-08-30
"1120","YSQSJrkCVL","MOOSPMv3Parser",1788118201,1,1,2,3,3,3,3,4,4,3,445,135,110212,22,17,3,18,18,0,0,18,1,31,34,28,27,22.447,89,5,36.4338,-119.923363,30.011,10,600,58,3,"e00fce6876826e255108c6bd",2026-08-30 19:30:03.852,2026-08-30 19:30:04.016,2026-08-30 19:30:04.016,2026-08-30
"1121","YjEVCzDlhd","MOOSPMv3Parser",1788118200,5,5,5,7,7,5,5,8,8,5,1238,306,126951,58,39,3,39,39,35,9,39,0,41,40,16,19,270.496,57,1,36.139027,-120.368439,158.255997,9,600,58,3,"e00fce6850cac69f647dc199",2026-08-30 19:30:03.853,2026-08-30 19:30:04.024,2026-08-30 19:30:04.024,2026-08-30
"1122","X1ZCooxthv","MOOSPMv3Parser",1788118800,1,1,0,3,3,0,0,3,3,0,725,167,0,31,0,2,0,0,33,10,0,2,33,38,23,21,31.216,21,1,36.187546,-119.822021,35.199001,9,600,58,3,"e00fce68e739ecbcf9e91965",2026-08-30 19:40:02.218,2026-08-30 19:40:02.39,2026-08-30 19:40:02.39,2026-08-30
"1123","ZvaoLlyZN6","MOOSPMv3Parser",1788118800,2,2,3,3,3,3,3,3,3,3,629,171,138473,28,20,1,20,20,35,9,20,1,35,41,21,17,36.831,42,3277,3.5e-05,0.002353,16387.681641,10,600,58,3,"e00fce68e28dcbc9a589be10",2026-08-30 19:40:02.451,2026-08-30 19:40:02.641,2026-08-30 19:40:02.641,2026-08-30
"1124","qDPfyD94XT","MOOSPMv3Parser",1788118801,1,1,2,2,2,2,2,2,2,2,847,121,47124,18,14,1,14,14,34,11,14,0,33,39,22,20,35.873,18,1,35.775005,-119.238564,57.751999,5,600,58,3,"e00fce68e88237db75a60608",2026-08-30 19:40:02.676,2026-08-30 19:40:02.923,2026-08-30 19:40:02.923,2026-08-30
"1125","SqQD9XhbQV","MOOSPMv3Parser",1788118800,4,4,3,6,6,3,3,6,6,3,1004,272,545,33,25,2,25,25,32,24,25,0,31,36,31,27,30.999,67,1,36.523361,-119.278793,102.579002,5,600,58,3,"e00fce68f12da1a0c5de6248",2026-08-30 19:40:02.782,2026-08-30 19:40:02.964,2026-08-30 19:40:02.964,2026-08-30
"1126","7BGEWVz6uF","MOOSPMv3Parser",1788118801,0,0,2,0,0,2,2,0,0,2,223,140,459,19,15,2,15,15,33,22,15,1,32,37,25,22,27.282,15,1,35.963284,-119.29187,30.716,7,600,58,3,"e00fce68d6b773b56ce8baa0",2026-08-30 19:40:03.079,2026-08-30 19:40:03.24,2026-08-30 19:40:03.24,2026-08-30
"1127","KuWp1Gic9f","MOOSPMv3Parser",1788118801,2,2,2,2,2,2,2,3,3,2,930,139,3046,19,14,1,14,14,29,16,14,0,30,32,27,27,41.117,18,2,36.503212,-120.325363,69.961998,8,600,58,3,"e00fce68e77e43df92405fdb",2026-08-30 19:40:03.217,2026-08-30 19:40:03.386,2026-08-30 19:40:03.386,2026-08-30
"1128","0A10fdSeGV","MOOSPMv3Parser",1788118800,2,2,2,4,4,2,2,4,4,2,643,167,154818,26,15,2,16,16,32,14,16,0,31,36,28,24,30.667,14,1,35.949459,-119.049919,98.516998,8,600,58,3,"e00fce6808784ceaf209f949",2026-08-30 19:40:03.325,2026-08-30 19:40:03.551,2026-08-30 19:40:03.551,2026-08-30
"1129","Jz40SWZSGW","MOOSPMv3Parser",1788118801,0,0,2,0,0,2,2,0,0,2,250,154,2627,23,13,1,13,13,34,21,13,0,33,38,21,18,39.125,61,1,36.198811,-120.104446,72.170998,13,600,58,3,"e00fce686dc2ef0a68fa40b0",2026-08-30 19:40:03.581,2026-08-30 19:40:03.734,2026-08-30 19:40:03.734,2026-08-30
"1130","rJK4eZMHcA","MOOSPMv3Parser",1788118801,1,1,2,2,2,3,3,3,3,3,402,122,110226,24,17,3,17,17,0,0,17,1,31,34,27,27,22.723,89,6,36.4338,-119.923363,30.009001,0,600,58,3,"e00fce6876826e255108c6bd",2026-08-30 19:40:03.879,2026-08-30 19:40:04.077,2026-08-30 19:40:04.077,2026-08-30
"1131","EcLbydDM8P","MOOSPMv3Parser",1788118800,4,4,5,7,7,5,5,7,7,5,1198,291,126984,55,38,3,38,38,35,8,38,0,41,40,15,19,512.462,55,1,36.139008,-120.368431,164.895004,10,600,58,3,"e00fce6850cac69f647dc199",2026-08-30 19:40:04.282,2026-08-30 19:40:04.491,2026-08-30 19:40:04.491,2026-08-30
"1132","QQ9SQlkEDL","MOOSPMv3Parser",1788119400,2,2,0,3,3,0,0,4,4,0,783,177,0,31,0,2,0,0,33,10,0,2,33,38,23,21,31.655,21,1,36.187584,-119.82222,13.179,9,600,58,3,"e00fce68e739ecbcf9e91965",2026-08-30 19:50:02.218,2026-08-30 19:50:02.373,2026-08-30 19:50:02.373,2026-08-30
"1133","DrmLFXJmxR","MOOSPMv3Parser",1788119401,0,0,2,0,0,2,2,0,0,2,223,137,472,20,15,2,16,16,34,22,16,0,33,38,24,22,28.244,8,1,35.963337,-119.291687,51.926998,7,600,58,3,"e00fce68d6b773b56ce8baa0",2026-08-30 19:50:02.598,2026-08-30 19:50:02.826,2026-08-30 19:50:02.826,2026-08-30
"1134","L9ozPwpYcA","MOOSPMv3Parser",1788119401,0,0,2,0,0,2,2,0,0,2,264,165,2638,25,13,2,14,14,34,21,14,0,33,39,22,19,40.086,62,1,36.198883,-120.104446,76.278999,10,600,58,3,"e00fce686dc2ef0a68fa40b0",2026-08-30 19:50:02.659,2026-08-30 19:50:02.833,2026-08-30 19:50:02.833,2026-08-30
"1135","Z9UAInwwR4","MOOSPMv3Parser",1788119401,2,2,2,2,2,2,2,2,2,2,838,125,47137,17,14,1,14,14,34,12,14,0,33,39,23,20,34.495,17,1,35.775063,-119.238495,60.987,7,600,58,3,"e00fce68e88237db75a60608",2026-08-30 19:50:02.581,2026-08-30 19:50:02.866,2026-08-30 19:50:02.866,2026-08-30
"1136","KkWjIL0zU3","MOOSPMv3Parser",1788119400,2,2,3,3,3,3,3,4,4,3,686,187,138491,30,21,2,21,21,35,9,21,1,35,42,20,17,36.775,53,3277,3.5e-05,0.002353,16387.681641,10,600,58,3,"e00fce68e28dcbc9a589be10",2026-08-30 19:50:02.677,2026-08-30 19:50:03.004,2026-08-30 19:50:03.004,2026-08-30
"1137","CWKQXuFgkA","MOOSPMv3Parser",1788119401,2,2,2,3,3,2,2,3,3,2,942,139,3058,20,14,2,14,14,-10,-10,14,0,30,32,27,27,41.63,24,2,36.503223,-120.325348,67.517998,6,600,58,3,"e00fce68e77e43df92405fdb",2026-08-30 19:50:03.233,2026-08-30 19:50:03.398,2026-08-30 19:50:03.398,2026-08-30
"1138","GQmIdEu4Kt","MOOSPMv3Parser",1788119400,2,2,2,4,4,2,2,4,4,2,632,166,154832,27,16,2,17,17,32,14,17,0,32,37,27,24,31.222,13,1,35.949448,-119.049911,122.617996,8,600,58,3,"e00fce6808784ceaf209f949",2026-08-30 19:50:03.404,2026-08-30 19:50:03.622,2026-08-30 19:50:03.622,2026-08-30
"1139","UAMlOeEK4l","MOOSPMv3Parser",1788119401,1,1,2,3,3,3,3,3,3,3,426,128,110240,22,17,2,18,18,0,0,18,1,32,34,27,27,22.642,89,6,36.433662,-119.923355,23.927,6,600,58,3,"e00fce6876826e255108c6bd",2026-08-30 19:50:03.778,2026-08-30 19:50:03.925,2026-08-30 19:50:03.925,2026-08-30
"1140","uY09FhfUbZ","MOOSPMv3Parser",1788119400,4,4,3,6,6,3,3,6,6,3,988,265,568,33,26,2,26,26,32,24,26,0,31,37,33,28,32.887,63,1,36.523296,-119.278831,75.292,7,600,58,3,"e00fce68f12da1a0c5de6248",2026-08-30 19:50:03.804,2026-08-30 19:50:03.992,2026-08-30 19:50:03.992,2026-08-30
"1141","mIKYm90J6B","MOOSPMv3Parser",1788119400,4,4,5,7,7,5,5,8,8,5,1183,289,127018,56,38,3,39,39,36,8,39,0,41,41,15,19,512.491,47,1,36.138943,-120.368454,150.408005,8,600,58,3,"e00fce6850cac69f647dc199",2026-08-30 19:50:04.445,2026-08-30 19:50:04.593,2026-08-30 19:50:04.593,2026-08-30
"1142","z4O3OEvVQP","MOOSPMv3Parser",1788120000,2,2,0,4,4,0,0,4,4,0,799,183,0,32,0,2,0,0,33,10,0,2,33,39,23,21,32.266,22,1,36.187611,-119.822273,-1.079,7,600,58,3,"e00fce68e739ecbcf9e91965",2026-08-30 20:00:02.284,2026-08-30 20:00:02.541,2026-08-30 20:00:02.541,2026-08-30
"1143","ZmZN4FglVO","MOOSPMv3Parser",1788120001,2,2,2,2,2,2,2,2,2,2,879,130,47150,18,16,1,16,16,34,12,16,0,33,39,22,20,35.553,19,1,35.775108,-119.238525,74.538002,5,600,58,3,"e00fce68e88237db75a60608",2026-08-30 20:00:02.501,2026-08-30 20:00:02.788,2026-08-30 20:00:02.788,2026-08-30
"1144","sOvA7M13aa","MOOSPMv3Parser",1788120001,0,0,3,1,1,3,4,1,1,4,254,166,490,30,22,3,22,22,34,21,23,1,33,38,23,21,27.125,20,1,35.963364,-119.291855,60.957001,7,600,58,3,"e00fce68d6b773b56ce8baa0",2026-08-30 20:00:02.782,2026-08-30 20:00:03.122,2026-08-30 20:00:03.122,2026-08-30
"1145","1wbDSZdgNU","MOOSPMv3Parser",1788120000,4,4,3,6,6,3,3,6,6,3,973,263,591,35,26,2,26,26,32,23,26,0,32,37,30,27,32.993,71,1,36.523384,-119.278671,127.663002,7,600,58,3,"e00fce68f12da1a0c5de6248",2026-08-30 20:00:02.783,2026-08-30 20:00:03.248,2026-08-30 20:00:03.248,2026-08-30
"1146","RqvyOve1JY","MOOSPMv3Parser",1788120000,2,2,3,3,3,3,3,4,4,3,685,188,138508,31,21,1,21,21,36,9,21,1,36,42,20,17,36.92,63,3277,3.5e-05,0.002353,16387.681641,10,600,58,3,"e00fce68e28dcbc9a589be10",2026-08-30 20:00:02.68,2026-08-30 20:00:03.273,2026-08-30 20:00:03.273,2026-08-30
"1147","LWFtm4Jut3","MOOSPMv3Parser",1788120001,0,0,2,0,0,2,2,0,0,2,255,158,2650,23,13,1,13,13,34,21,13,0,33,39,21,18,40.955,47,1,36.198822,-120.104439,70.482002,11,600,58,3,"e00fce686dc2ef0a68fa40b0",2026-08-30 20:00:03.165,2026-08-30 20:00:03.723,2026-08-30 20:00:03.723,2026-08-30
"1148","98k4nJcTu6","MOOSPMv3Parser",1788120001,2,2,2,3,3,2,2,3,3,2,968,141,3070,19,13,1,13,13,29,16,13,0,31,32,25,26,42.21,27,2,36.503223,-120.325348,67.519997,0,600,58,3,"e00fce68e77e43df92405fdb",2026-08-30 20:00:03.39,2026-08-30 20:00:03.952,2026-08-30 20:00:03.952,2026-08-30
"1149","CYVbthcrP3","MOOSPMv3Parser",1788120000,2,2,2,4,4,2,2,4,4,2,631,167,154846,28,16,2,16,16,32,14,16,0,32,37,28,24,31.525,13,1,35.949516,-119.049911,117.694,7,600,58,3,"e00fce6808784ceaf209f949",2026-08-30 20:00:03.329,2026-08-30 20:00:03.976,2026-08-30 20:00:03.976,2026-08-30
"1150","YCmXahi2um","MOOSPMv3Parser",1788120000,4,4,5,7,7,5,5,8,8,5,1192,288,127050,55,37,4,37,37,36,8,37,0,41,41,16,19,512.447,50,1,36.139011,-120.368362,190.067001,7,600,58,3,"e00fce6850cac69f647dc199",2026-08-30 20:00:03.681,2026-08-30 20:00:04.091,2026-08-30 20:00:04.091,2026-08-30
"1151","AdLZTM3cMt","MOOSPMv3Parser",1788120001,1,1,2,3,3,3,3,4,4,3,423,129,110255,27,18,4,18,18,0,0,18,1,32,35,26,27,22.813,89,5,36.433731,-119.923431,27.756001,6,600,58,3,"e00fce6876826e255108c6bd",2026-08-30 20:00:03.84,2026-08-30 20:00:04.278,2026-08-30 20:00:04.278,2026-08-30
"1152","2OzPuRxeJn","MOOSPMv3Parser",1788120600,1,1,0,3,3,0,0,4,4,0,748,166,0,29,0,3,0,0,33,10,0,2,33,39,23,21,33.105,21,1,36.187611,-119.822273,-1.082,0,600,58,3,"e00fce68e739ecbcf9e91965",2026-08-30 20:10:02.217,2026-08-30 20:10:02.398,2026-08-30 20:10:02.398,2026-08-30
"1153","RWGkafCNja","MOOSPMv3Parser",1788120600,2,2,3,3,3,3,3,3,3,3,619,170,138524,30,20,2,20,20,36,8,20,1,36,42,19,16,38.324,45,3277,3.5e-05,0.002353,16387.681641,10,600,58,3,"e00fce68e28dcbc9a589be10",2026-08-30 20:10:02.519,2026-08-30 20:10:02.731,2026-08-30 20:10:02.731,2026-08-30
"1154","DyeZGU0zSR","MOOSPMv3Parser",1788120601,2,2,2,3,3,2,2,3,3,2,956,144,47165,23,17,1,17,17,34,11,17,0,33,39,22,20,37.424,19,1,35.775101,-119.238533,68.370003,8,600,58,3,"e00fce68e88237db75a60608",2026-08-30 20:10:02.527,2026-08-30 20:10:02.736,2026-08-30 20:10:02.736,2026-08-30
"1155","ufRH8vxFAI","MOOSPMv3Parser",1788120601,0,0,2,0,0,3,3,0,0,3,232,146,504,23,17,3,17,17,34,21,17,1,33,38,23,21,28.863,19,1,35.963116,-119.291801,41.530998,5,600,58,3,"e00fce68d6b773b56ce8baa0",2026-08-30 20:10:02.529,2026-08-30 20:10:02.777,2026-08-30 20:10:02.777,2026-08-30
"1156","ywJpaW8TEI","MOOSPMv3Parser",1788120600,23,18,19,35,26,20,20,38,30,20,4136,1183,719,223,147,14,148,148,33,23,148,0,32,38,30,27,31.585,182,1,36.523384,-119.278343,91.749001,7,600,58,3,"e00fce68f12da1a0c5de6248",2026-08-30 20:10:03.137,2026-08-30 20:10:03.325,2026-08-30 20:10:03.325,2026-08-30
"1157","wfM8SuOFQK","MOOSPMv3Parser",1788120600,2,2,2,3,3,2,2,4,4,2,650,167,154861,25,15,1,15,15,32,14,15,0,32,37,26,24,30.895,16,1,35.949501,-119.049927,97.885002,7,600,58,3,"e00fce6808784ceaf209f949",2026-08-30 20:10:03.4,2026-08-30 20:10:03.587,2026-08-30 20:10:03.587,2026-08-30
"1158","FOtvO2NsZM","MOOSPMv3Parser",1788120601,1,1,2,2,2,2,2,2,2,2,877,124,3080,16,12,1,12,12,29,15,12,0,31,33,23,26,43.838,24,2,36.503132,-120.325294,63.257,10,600,58,3,"e00fce68e77e43df92405fdb",2026-08-30 20:10:03.459,2026-08-30 20:10:03.612,2026-08-30 20:10:03.612,2026-08-30
"1159","vvQLNAU9X2","MOOSPMv3Parser",1788120601,0,0,2,0,0,2,2,0,0,2,256,156,2660,23,12,1,13,13,35,21,13,0,34,40,22,18,40.662,60,1,36.198895,-120.104507,54.772999,10,600,58,3,"e00fce686dc2ef0a68fa40b0",2026-08-30 20:10:03.527,2026-08-30 20:10:03.729,2026-08-30 20:10:03.729,2026-08-30
"1160","CFeopTMGYa","MOOSPMv3Parser",1788120601,1,1,2,2,2,3,3,3,3,3,409,124,110269,22,17,2,17,17,0,0,17,1,33,35,24,24,22.993,89,5,36.433582,-119.923401,23.6,5,600,58,3,"e00fce6876826e255108c6bd",2026-08-30 20:10:03.78,2026-08-30 20:10:03.971,2026-08-30 20:10:03.971,2026-08-30
"1161","17OnZwd7Yb","MOOSPMv3Parser",1788120600,4,4,5,7,7,5,5,8,8,5,1241,298,127082,57,36,3,36,36,36,8,36,0,41,41,15,18,512.511,59,1,36.139004,-120.368385,174.481003,7,600,58,3,"e00fce6850cac69f647dc199",2026-08-30 20:10:03.87,2026-08-30 20:10:04.096,2026-08-30 20:10:04.096,2026-08-30
"1162","RSHdu0YaEj","MOOSPMv3Parser",1788121200,2,2,0,3,3,0,0,4,4,0,789,179,0,33,0,2,0,0,34,9,0,2,34,39,22,21,33.431,24,1,36.187447,-119.821915,28.811001,6,600,58,3,"e00fce68e739ecbcf9e91965",2026-08-30 20:20:02.272,2026-08-30 20:20:02.514,2026-08-30 20:20:02.514,2026-08-30
"1163","sHyuwjhtCU","MOOSPMv3Parser",1788121200,2,2,2,3,3,3,3,3,3,3,640,174,138541,29,19,2,19,19,36,8,19,1,36,42,18,16,39.334,38,3277,3.5e-05,0.002353,16387.681641,10,600,58,3,"e00fce68e28dcbc9a589be10",2026-08-30 20:20:02.529,2026-08-30 20:20:02.738,2026-08-30 20:20:02.738,2026-08-30
"1164","MCTJt1HAJh","MOOSPMv3Parser",1788121201,2,2,2,3,3,2,2,3,3,2,939,140,47179,21,16,1,16,16,34,11,16,0,33,39,21,19,33.783,16,1,35.775078,-119.238487,57.105,7,600,58,3,"e00fce68e88237db75a60608",2026-08-30 20:20:02.433,2026-08-30 20:20:02.755,2026-08-30 20:20:02.755,2026-08-30
"1165","9xcwiYr3Ny","MOOSPMv3Parser",1788121201,0,0,2,0,0,2,2,0,0,2,225,138,516,20,15,2,15,15,35,21,15,1,34,39,23,21,29.068,16,1,35.963116,-119.291801,41.534,0,600,58,3,"e00fce68d6b773b56ce8baa0",2026-08-30 20:20:02.934,2026-08-30 20:20:03.239,2026-08-30 20:20:03.239,2026-08-30
"1166","fm6ecEGMJQ","MOOSPMv3Parser",1788121200,23,19,25,37,30,27,27,41,34,27,4299,1208,893,250,199,19,200,200,33,22,200,0,33,38,29,26,29.55,246,1,36.523289,-119.278625,113.665001,7,600,58,3,"e00fce68f12da1a0c5de6248",2026-08-30 20:20:03.037,2026-08-30 20:20:03.248,2026-08-30 20:20:03.248,2026-08-30
"1167","OAzfHPFnUe","MOOSPMv3Parser",1788121201,2,2,2,3,3,2,2,3,3,2,971,141,3092,22,14,2,14,14,30,15,14,0,31,33,24,26,45.527,21,2,36.503159,-120.325447,61.437,6,600,58,3,"e00fce68e77e43df92405fdb",2026-08-30 20:20:03.298,2026-08-30 20:20:03.491,2026-08-30 20:20:03.491,2026-08-30
"1168","2ULO0IvJka","MOOSPMv3Parser",1788121200,2,2,2,3,3,2,2,3,3,2,604,158,154875,25,15,1,16,16,32,13,16,0,32,37,26,23,33.034,14,1,35.949699,-119.049843,113.369003,7,600,58,3,"e00fce6808784ceaf209f949",2026-08-30 20:20:03.406,2026-08-30 20:20:03.584,2026-08-30 20:20:03.584,2026-08-30
"1169","mxTq2w2WD1","MOOSPMv3Parser",1788121201,1,1,2,3,3,2,3,3,3,3,407,122,110283,25,16,3,16,16,0,0,16,1,33,36,25,25,24.027,89,5,36.433636,-119.923347,31.238001,6,600,58,3,"e00fce6876826e255108c6bd",2026-08-30 20:20:03.845,2026-08-30 20:20:04.007,2026-08-30 20:20:04.007,2026-08-30
"1170","KaTQ4rwcCI","MOOSPMv3Parser",1788121201,0,0,2,0,0,2,2,0,0,2,254,156,2672,22,14,2,14,14,35,21,14,0,34,40,21,18,41.013,80,1,36.198818,-120.104393,81.005997,12,600,58,3,"e00fce686dc2ef0a68fa40b0",2026-08-30 20:20:03.845,2026-08-30 20:20:04.068,2026-08-30 20:20:04.068,2026-08-30
"1171","85x2XmKqhj","MOOSPMv3Parser",1788121200,4,4,5,7,7,5,5,8,8,5,1252,297,127115,59,37,3,38,38,36,8,38,0,41,41,16,19,512.589,49,1,36.138992,-120.368423,160.274994,10,600,58,3,"e00fce6850cac69f647dc199",2026-08-30 20:20:04.193,2026-08-30 20:20:04.377,2026-08-30 20:20:04.377,2026-08-30
"1172","W2Yc0G3Uel","MOOSPMv3Parser",1788121800,2,2,0,4,4,0,0,4,4,0,809,184,0,34,0,2,0,0,34,9,0,2,34,39,22,20,33.777,22,1,36.187477,-119.822037,17.834,7,600,58,3,"e00fce68e739ecbcf9e91965",2026-08-30 20:30:02.313,2026-08-30 20:30:02.479,2026-08-30 20:30:02.479,2026-08-30
"1173","ARuhoUagHd","MOOSPMv3Parser",1788121800,2,2,2,3,3,2,2,3,3,2,639,172,138557,29,19,2,19,19,36,8,19,0,37,43,17,16,40.312,40,3277,3.5e-05,0.002353,16387.681641,10,600,58,3,"e00fce68e28dcbc9a589be10",2026-08-30 20:30:02.525,2026-08-30 20:30:02.713,2026-08-30 20:30:02.713,2026-08-30
"1174","xNSjlFof1s","MOOSPMv3Parser",1788121801,2,2,2,3,3,2,2,3,3,2,983,148,47194,22,17,1,17,17,35,11,17,0,34,40,22,20,37.257,21,1,35.775078,-119.238487,57.106998,0,600,58,3,"e00fce68e88237db75a60608",2026-08-30 20:30:02.492,2026-08-30 20:30:02.746,2026-08-30 20:30:02.746,2026-08-30
"1175","ND8OcI01ad","MOOSPMv3Parser",1788121801,0,0,2,0,0,2,2,0,0,2,226,140,528,21,15,2,15,15,35,21,15,1,33,39,23,21,29.528,17,1,35.963139,-119.291801,57.244999,7,600,58,3,"e00fce68d6b773b56ce8baa0",2026-08-30 20:30:02.76,2026-08-30 20:30:03.05,2026-08-30 20:30:03.05,2026-08-30
"1176","UPyzBX0spd","MOOSPMv3Parser",1788121801,2,2,2,3,3,2,2,3,3,2,1023,152,3104,23,14,1,14,14,30,13,14,0,31,33,21,23,44.815,26,2,36.503002,-120.325264,63.410999,7,600,58,3,"e00fce68e77e43df92405fdb",2026-08-30 20:30:03.218,2026-08-30 20:30:03.496,2026-08-30 20:30:03.496,2026-08-30
"1177","H9MGdA4L6A","MOOSPMv3Parser",1788121800,2,2,2,3,3,2,2,3,3,2,609,159,154887,24,15,1,15,15,32,12,15,0,32,37,26,23,32.219,13,1,35.949615,-119.049881,111.268997,7,600,58,3,"e00fce6808784ceaf209f949",2026-08-30 20:30:03.405,2026-08-30 20:30:03.613,2026-08-30 20:30:03.613,2026-08-30
"1178","p4zIvXojYn","MOOSPMv3Parser",1788121801,1,1,2,3,3,2,3,3,3,3,416,126,110296,21,16,3,16,16,0,0,16,1,33,36,23,24,23.58,89,5,36.43351,-119.923355,25.257999,6,600,58,3,"e00fce6876826e255108c6bd",2026-08-30 20:30:03.85,2026-08-30 20:30:04.018,2026-08-30 20:30:04.018,2026-08-30
"1179","lngTaiYycC","MOOSPMv3Parser",1788121801,0,0,2,0,0,2,2,0,0,2,249,151,2682,22,13,2,13,13,35,20,13,0,35,41,20,18,38.976,109,1,36.198856,-120.104477,63.814999,8,600,58,3,"e00fce686dc2ef0a68fa40b0",2026-08-30 20:30:04.019,2026-08-30 20:30:04.172,2026-08-30 20:30:04.172,2026-08-30
"1180","asU4D7u4NA","MOOSPMv3Parser",1788121800,5,5,5,7,7,5,5,8,8,5,1269,312,127148,58,38,3,38,38,36,8,38,0,41,41,15,18,512.618,49,1,36.139076,-120.368423,153.591995,12,600,58,3,"e00fce6850cac69f647dc199",2026-08-30 20:30:04.425,2026-08-30 20:30:04.593,2026-08-30 20:30:04.593,2026-08-30
"1181","74bbGm1ZiJ","MOOSPMv3Parser",1788121800,6,6,4,8,8,5,5,8,8,5,1269,340,923,42,34,2,34,34,33,21,34,0,33,38,30,26,32.545,140,1,36.523247,-119.278648,139.328995,8,600,58,3,"e00fce68f12da1a0c5de6248",2026-08-30 20:30:05.513,2026-08-30 20:30:05.661,2026-08-30 20:30:05.661,2026-08-30
"1182","EV8PjKEv6g","MOOSPMv3Parser",1788122400,2,2,0,4,4,0,0,4,4,0,805,181,0,34,0,3,0,0,34,9,0,2,34,39,22,20,34.225,17,1,36.18745,-119.822014,26.798,8,600,58,3,"e00fce68e739ecbcf9e91965",2026-08-30 20:40:02.295,2026-08-30 20:40:02.445,2026-08-30 20:40:02.445,2026-08-30
"1183","mllRGTLRiP","MOOSPMv3Parser",1788122400,2,2,3,4,4,3,3,4,4,3,765,204,138574,33,21,2,21,21,37,8,21,0,37,43,18,15,40.357,45,3277,3.5e-05,0.002353,16387.681641,10,600,58,3,"e00fce68e28dcbc9a589be10",2026-08-30 20:40:02.512,2026-08-30 20:40:02.794,2026-08-30 20:40:02.794,2026-08-30
"1184","ucN1pi8FtH","MOOSPMv3Parser",1788122401,1,1,2,2,2,2,2,2,2,2,1015,143,47208,20,16,1,16,16,34,11,16,0,34,40,21,19,39.312,26,1,35.775043,-119.238525,62.151001,15,600,58,3,"e00fce68e88237db75a60608",2026-08-30 20:40:02.617,2026-08-30 20:40:02.824,2026-08-30 20:40:02.824,2026-08-30
"1185","gv3m5Nt0qr","MOOSPMv3Parser",1788122401,0,0,2,0,0,2,2,0,0,2,255,153,2693,22,13,1,13,13,35,20,13,0,35,40,20,17,32.458,106,1,36.198795,-120.104408,74.487999,9,600,58,3,"e00fce686dc2ef0a68fa40b0",2026-08-30 20:40:02.813,2026-08-30 20:40:02.987,2026-08-30 20:40:02.987,2026-08-30
"1186","n0K8Vjf2JC","MOOSPMv3Parser",1788122400,4,4,3,5,5,4,4,6,6,4,923,248,946,32,26,2,27,27,34,21,27,0,33,38,29,25,34.397,84,1,36.523285,-119.27874,83.195999,7,600,58,3,"e00fce68f12da1a0c5de6248",2026-08-30 20:40:03.007,2026-08-30 20:40:03.185,2026-08-30 20:40:03.185,2026-08-30
"1187","DW9jgQQRCb","MOOSPMv3Parser",1788122401,0,0,2,0,0,2,2,0,0,2,226,143,540,19,14,2,14,14,35,20,14,0,34,39,22,20,29.638,21,1,35.963097,-119.291801,42.676998,5,600,58,3,"e00fce68d6b773b56ce8baa0",2026-08-30 20:40:02.997,2026-08-30 20:40:03.193,2026-08-30 20:40:03.193,2026-08-30
"1188","XUW0uWbBpa","MOOSPMv3Parser",1788122400,1,1,2,2,2,2,2,2,2,2,529,136,154899,19,14,1,14,14,33,11,14,0,33,37,24,22,32.774,12,1,35.949642,-119.049889,133.294006,7,600,58,3,"e00fce6808784ceaf209f949",2026-08-30 20:40:03.151,2026-08-30 20:40:03.304,2026-08-30 20:40:03.304,2026-08-30
"1189","muCcqdpDt4","MOOSPMv3Parser",1788122401,2,2,2,3,3,2,2,3,3,2,1026,151,3117,21,15,2,15,15,30,14,15,0,31,33,24,24,47.2,15,2,36.503139,-120.325424,50.668999,5,600,58,3,"e00fce68e77e43df92405fdb",2026-08-30 20:40:03.307,2026-08-30 20:40:03.507,2026-08-30 20:40:03.507,2026-08-30
"1190","imUNVJY2QX","MOOSPMv3Parser",1788122401,1,1,2,3,3,3,3,4,4,3,455,140,110310,27,17,4,18,18,0,0,18,1,34,36,23,23,24,89,5,36.433655,-119.923286,28.740999,7,600,58,3,"e00fce6876826e255108c6bd",2026-08-30 20:40:03.851,2026-08-30 20:40:04.033,2026-08-30 20:40:04.033,2026-08-30
"1191","6zrjflFDX7","MOOSPMv3Parser",1788122400,5,5,5,8,8,5,5,8,8,5,1274,310,127181,59,39,4,39,39,36,7,39,0,41,41,15,18,512.653,51,1,36.138992,-120.368332,183.270004,7,600,58,3,"e00fce6850cac69f647dc199",2026-08-30 20:40:05.012,2026-08-30 20:40:05.186,2026-08-30 20:40:05.186,2026-08-30
"1192","xudlLXQel1","MOOSPMv3Parser",1788123000,2,2,0,4,4,0,0,4,4,0,877,205,0,37,0,2,0,0,34,9,0,2,35,40,22,20,34.922,20,1,36.187553,-119.822121,16.194,10,600,58,3,"e00fce68e739ecbcf9e91965",2026-08-30 20:50:02.371,2026-08-30 20:50:02.605,2026-08-30 20:50:02.605,2026-08-30
"1193","vooYu2jh3V","MOOSPMv3Parser",1788123001,0,0,2,0,0,2,2,0,0,2,219,132,551,18,13,2,13,13,35,20,13,0,35,39,21,20,30.657,13,1,35.963097,-119.291771,46.487,6,600,58,3,"e00fce68d6b773b56ce8baa0",2026-08-30 20:50:02.599,2026-08-30 20:50:02.817,2026-08-30 20:50:02.817,2026-08-30
"1194","zKZEmJJbiN","MOOSPMv3Parser",1788123001,1,1,2,2,2,2,2,2,2,2,1066,150,47222,20,17,1,17,17,35,10,17,0,34,40,20,18,36.19,22,1,35.775028,-119.238541,63.868,11,600,58,3,"e00fce68e88237db75a60608",2026-08-30 20:50:02.5,2026-08-30 20:50:02.892,2026-08-30 20:50:02.892,2026-08-30
"1195","hPgk1XcSbo","MOOSPMv3Parser",1788123000,3,3,3,4,4,3,3,5,5,3,783,214,138592,38,21,2,21,21,37,8,21,0,36,44,18,16,41.192,46,3277,3.5e-05,0.002353,16387.681641,10,600,58,3,"e00fce68e28dcbc9a589be10",2026-08-30 20:50:02.677,2026-08-30 20:50:02.899,2026-08-30 20:50:02.899,2026-08-30
"1196","lbQtNnFPH4","MOOSPMv3Parser",1788123000,3,3,3,5,5,3,3,5,5,3,923,246,968,34,25,1,25,25,34,21,25,0,34,39,30,25,35.33,84,1,36.523399,-119.278809,79.530998,7,600,58,3,"e00fce68f12da1a0c5de6248",2026-08-30 20:50:03.05,2026-08-30 20:50:03.239,2026-08-30 20:50:03.239,2026-08-30
"1197","58YgHULGKk","MOOSPMv3Parser",1788123001,2,2,2,3,3,2,2,3,3,2,1042,157,3131,24,15,1,15,15,30,13,15,0,31,33,23,23,47.58,14,2,36.503159,-120.325356,61.696999,7,600,58,3,"e00fce68e77e43df92405fdb",2026-08-30 20:50:03.287,2026-08-30 20:50:03.521,2026-08-30 20:50:03.521,2026-08-30
"1198","JsGOp4o0DY","MOOSPMv3Parser",1788123000,1,1,2,2,2,2,2,2,2,2,535,131,154910,19,13,1,13,13,33,11,13,0,33,37,24,22,32.877,10,1,35.949642,-119.049889,133.291,0,600,58,3,"e00fce6808784ceaf209f949",2026-08-30 20:50:03.489,2026-08-30 20:50:03.642,2026-08-30 20:50:03.642,2026-08-30
"1199","WkK8qkz1tD","MOOSPMv3Parser",1788123001,0,0,2,0,0,2,2,0,0,2,253,151,2703,20,12,1,12,12,35,21,12,0,34,40,21,18,32.535,81,1,36.198887,-120.104469,70.780998,7,600,58,3,"e00fce686dc2ef0a68fa40b0",2026-08-30 20:50:03.646,2026-08-30 20:50:03.804,2026-08-30 20:50:03.804,2026-08-30
"1200","mIES40Gd5u","MOOSPMv3Parser",1788123001,2,2,3,3,3,3,3,4,4,4,486,149,110327,29,20,4,20,20,0,0,20,1,34,37,24,25,24.876,89,5,36.433704,-119.923325,31.709999,8,600,58,3,"e00fce6876826e255108c6bd",2026-08-30 20:50:03.859,2026-08-30 20:50:04.036,2026-08-30 20:50:04.036,2026-08-30
"1201","j2Y9BABS3k","MOOSPMv3Parser",1788123000,5,5,5,8,8,5,5,8,8,5,1348,326,127217,61,40,3,40,40,36,7,40,0,41,41,15,18,512.625,53,1,36.13908,-120.36837,165.660004,9,600,58,3,"e00fce6850cac69f647dc199",2026-08-30 20:50:46.775,2026-08-30 20:50:46.956,2026-08-30 20:50:46.956,2026-08-30
"1202","QIdSqllFBU","MOOSPMv3Parser",1788123600,3,3,0,5,5,0,0,5,5,0,940,219,0,38,0,2,0,0,34,8,0,2,34,40,22,20,35.856,19,1,36.187492,-119.821991,32.337002,8,600,58,3,"e00fce68e739ecbcf9e91965",2026-08-30 21:00:02.281,2026-08-30 21:00:02.57,2026-08-30 21:00:02.57,2026-08-30
"1203","oIxB0ULZwQ","MOOSPMv3Parser",1788123600,3,3,3,4,4,3,3,5,5,3,823,223,138611,38,23,2,23,23,37,7,23,0,37,44,18,16,41.219,49,3277,3.5e-05,0.002353,16387.681641,10,600,58,3,"e00fce68e28dcbc9a589be10",2026-08-30 21:00:02.529,2026-08-30 21:00:02.801,2026-08-30 21:00:02.801,2026-08-30
"1204","pCPbAYPyWz","MOOSPMv3Parser",1788123601,1,1,2,2,2,2,2,3,3,2,1119,157,47236,23,16,1,16,16,35,10,16,0,35,41,21,19,37.067,20,1,35.775105,-119.238548,63.355999,9,600,58,3,"e00fce68e88237db75a60608",2026-08-30 21:00:02.426,2026-08-30 21:00:02.861,2026-08-30 21:00:02.861,2026-08-30
"1205","wCdhWC3yul","MOOSPMv3Parser",1788123601,0,0,2,0,0,2,2,0,0,2,225,140,563,20,15,2,15,15,35,20,15,0,35,39,20,19,30.586,14,1,35.963169,-119.291656,53.789001,6,600,58,3,"e00fce68d6b773b56ce8baa0",2026-08-30 21:00:02.449,2026-08-30 21:00:02.913,2026-08-30 21:00:02.913,2026-08-30
"1206","tyoOaIMbm1","MOOSPMv3Parser",1788123601,2,2,2,3,3,2,2,4,4,2,1113,168,3144,23,15,1,15,15,30,14,15,0,32,34,25,25,48.375,13,2,36.503098,-120.325378,56.109001,8,600,58,3,"e00fce68e77e43df92405fdb",2026-08-30 21:00:03.481,2026-08-30 21:00:03.653,2026-08-30 21:00:03.653,2026-08-30
"1207","hKqn4b3mEt","MOOSPMv3Parser",1788123600,1,1,2,2,2,2,2,2,2,2,507,128,154920,20,13,1,13,13,33,12,13,0,34,38,25,22,32.497,12,1,35.949512,-119.04998,103.745003,6,600,58,3,"e00fce6808784ceaf209f949",2026-08-30 21:00:03.405,2026-08-30 21:00:03.806,2026-08-30 21:00:03.806,2026-08-30
"1208","IyS1DBt3bY","MOOSPMv3Parser",1788123601,2,2,3,4,4,4,4,6,6,4,545,168,110347,34,24,5,24,24,0,0,24,1,34,37,23,23,24.6,89,5,36.433689,-119.923325,21.813,8,600,58,3,"e00fce6876826e255108c6bd",2026-08-30 21:00:03.838,2026-08-30 21:00:04.044,2026-08-30 21:00:04.044,2026-08-30
"1209","pDBEgNdoRT","MOOSPMv3Parser",1788123601,0,0,1,0,0,2,2,0,0,2,246,145,2713,20,12,1,12,12,35,21,12,0,35,40,22,19,33.855,100,1,36.198689,-120.104454,60.234001,7,600,58,3,"e00fce686dc2ef0a68fa40b0",2026-08-30 21:00:03.871,2026-08-30 21:00:04.062,2026-08-30 21:00:04.062,2026-08-30
"1210","QdofCG0LeB","MOOSPMv3Parser",1788123600,6,6,6,10,10,6,6,10,10,6,1489,370,127258,74,47,4,48,48,36,7,48,0,41,41,15,18,512.569,53,1,36.13903,-120.368446,168.561996,7,600,58,3,"e00fce6850cac69f647dc199",2026-08-30 21:00:04.175,2026-08-30 21:00:04.387,2026-08-30 21:00:04.387,2026-08-30
"1211","Xo3AMGpxBW","MOOSPMv3Parser",1788123600,3,3,3,5,5,3,3,5,5,3,941,253,990,34,25,2,25,25,34,20,25,0,34,39,28,24,35.879,73,1,36.523399,-119.278809,79.531998,0,600,58,3,"e00fce68f12da1a0c5de6248",2026-08-30 21:00:08.112,2026-08-30 21:00:08.312,2026-08-30 21:00:08.312,2026-08-30
"1212","vL6Fu60CKV","MOOSPMv3Parser",1788124200,3,3,0,5,5,0,0,5,5,0,941,219,0,41,0,3,0,0,34,9,0,2,35,40,22,21,36.509,13,1,36.187519,-119.822113,23.247999,10,600,58,3,"e00fce68e739ecbcf9e91965",2026-08-30 21:10:02.217,2026-08-30 21:10:02.413,2026-08-30 21:10:02.413,2026-08-30
"1213","Pg17JtDcj7","MOOSPMv3Parser",1788124200,4,4,3,6,6,4,4,6,6,4,961,262,138635,46,27,2,27,27,37,7,27,0,37,44,18,15,41.841,51,3277,3.5e-05,0.002353,16387.681641,10,600,58,3,"e00fce68e28dcbc9a589be10",2026-08-30 21:10:02.524,2026-08-30 21:10:02.745,2026-08-30 21:10:02.745,2026-08-30
"1214","mWhCYooGDm","MOOSPMv3Parser",1788124201,0,0,2,0,0,2,2,0,0,2,211,127,574,16,12,2,12,12,36,20,12,0,34,39,21,20,32.287,8,1,35.963112,-119.29174,48.039001,5,600,58,3,"e00fce68d6b773b56ce8baa0",2026-08-30 21:10:02.604,2026-08-30 21:10:02.793,2026-08-30 21:10:02.793,2026-08-30
"1215","ilgkWTCFlx","MOOSPMv3Parser",1788124200,4,4,3,5,5,3,3,5,5,3,999,270,1013,32,26,1,26,26,35,21,26,0,34,40,29,26,36.977,84,1,36.523354,-119.278831,88.807999,7,600,58,3,"e00fce68f12da1a0c5de6248",2026-08-30 21:10:02.806,2026-08-30 21:10:02.961,2026-08-30 21:10:02.961,2026-08-30
"1216","f4OOKDE7P8","MOOSPMv3Parser",1788124201,1,1,2,2,2,2,2,3,3,2,1058,161,47251,25,17,1,17,17,35,10,17,0,35,41,21,19,39.514,23,1,35.775093,-119.238541,64.171997,10,600,58,3,"e00fce68e88237db75a60608",2026-08-30 21:10:03.068,2026-08-30 21:10:03.23,2026-08-30 21:10:03.23,2026-08-30
"1217","s299gcA0en","MOOSPMv3Parser",1788124201,2,2,2,3,3,2,2,4,4,2,1103,165,3157,24,15,2,15,15,30,14,15,0,32,34,23,24,46.57,19,2,36.503189,-120.325378,61.757999,7,600,58,3,"e00fce68e77e43df92405fdb",2026-08-30 21:10:03.391,2026-08-30 21:10:03.571,2026-08-30 21:10:03.571,2026-08-30
"1218","s5KYP3M0G1","MOOSPMv3Parser",1788124200,1,1,1,2,2,2,2,2,2,2,523,131,154928,19,11,1,11,11,33,11,11,0,34,38,24,22,32.99,18,1,35.949615,-119.04995,121.036003,8,600,58,3,"e00fce6808784ceaf209f949",2026-08-30 21:10:03.406,2026-08-30 21:10:03.576,2026-08-30 21:10:03.576,2026-08-30
"1219","drDxZ9KklJ","MOOSPMv3Parser",1788124201,2,2,3,4,4,4,4,5,5,4,573,174,110368,35,24,4,25,25,0,0,25,1,34,37,24,24,24.875,89,5,36.433689,-119.923325,21.815001,0,600,58,3,"e00fce6876826e255108c6bd",2026-08-30 21:10:04.084,2026-08-30 21:10:04.336,2026-08-30 21:10:04.336,2026-08-30
"1220","Y3gAyQeThP","MOOSPMv3Parser",1788124201,0,0,2,0,0,2,2,0,0,2,266,162,2724,24,13,1,13,13,35,21,13,0,35,41,21,18,32.3,107,1,36.198799,-120.104401,85.829002,8,600,58,3,"e00fce686dc2ef0a68fa40b0",2026-08-30 21:10:04.162,2026-08-30 21:10:04.388,2026-08-30 21:10:04.388,2026-08-30
"1221","6kUxGCgDi0","MOOSPMv3Parser",1788124200,6,6,6,10,10,6,6,10,10,6,1476,368,127298,75,46,4,46,46,36,7,46,0,42,42,15,18,512.632,68,1,36.13903,-120.368446,168.565002,0,600,58,3,"e00fce6850cac69f647dc199",2026-08-30 21:10:04.577,2026-08-30 21:10:04.783,2026-08-30 21:10:04.783,2026-08-30
"1222","8CQWKK34T6","MOOSPMv3Parser",1788124801,0,0,2,0,0,2,2,0,0,2,222,135,585,18,13,2,13,13,36,19,13,0,35,40,21,19,32.102,5,1,35.963104,-119.291702,57.526001,5,600,58,3,"e00fce68d6b773b56ce8baa0",2026-08-30 21:20:02.282,2026-08-30 21:20:02.478,2026-08-30 21:20:02.478,2026-08-30
"1223","rwVvTOOLuD","MOOSPMv3Parser",1788124800,5,5,4,7,7,5,5,8,8,5,1144,318,138666,58,35,3,35,35,38,8,35,0,38,44,18,16,42.065,62,3277,3.5e-05,0.002353,16387.681641,10,600,58,3,"e00fce68e28dcbc9a589be10",2026-08-30 21:20:02.442,2026-08-30 21:20:02.661,2026-08-30 21:20:02.661,2026-08-30
"1224","gHGqgcRDbM","MOOSPMv3Parser",1788124801,1,1,2,2,2,2,2,2,2,2,1026,152,47264,20,15,1,15,15,36,10,15,0,35,41,21,19,41.346,25,1,35.774967,-119.238533,67.888,9,600,58,3,"e00fce68e88237db75a60608",2026-08-30 21:20:02.65,2026-08-30 21:20:02.818,2026-08-30 21:20:02.818,2026-08-30
"1225","UsZKVdbgIr","MOOSPMv3Parser",1788124800,2,2,0,5,5,0,0,5,5,0,932,214,0,41,0,4,0,0,34,9,0,2,35,39,22,21,36.588,20,1,36.187466,-119.822098,11.186,9,600,58,3,"e00fce68e739ecbcf9e91965",2026-08-30 21:20:02.52,2026-08-30 21:20:02.839,2026-08-30 21:20:02.839,2026-08-30
"1226","O605yDKzcG","MOOSPMv3Parser",1788124801,0,0,2,0,0,2,2,0,0,2,249,147,2734,21,12,1,12,12,35,21,12,0,35,41,20,18,31.804,119,1,36.198799,-120.104401,85.828003,0,600,58,3,"e00fce686dc2ef0a68fa40b0",2026-08-30 21:20:03.202,2026-08-30 21:20:03.393,2026-08-30 21:20:03.393,2026-08-30
"1227","5uSpdDQU7M","MOOSPMv3Parser",1788124801,2,2,2,3,3,2,2,4,4,2,1128,174,3170,23,16,1,16,16,30,14,16,0,32,34,22,25,45.677,22,1,36.503143,-120.325401,64.875,10,600,58,3,"e00fce68e77e43df92405fdb",2026-08-30 21:20:03.312,2026-08-30 21:20:03.565,2026-08-30 21:20:03.565,2026-08-30
"1228","xUtHTateLe","MOOSPMv3Parser",1788124800,1,1,2,3,3,2,2,3,3,2,545,139,154939,21,13,1,13,13,33,11,13,0,34,38,24,22,33.615,15,1,35.949539,-119.049919,116.498001,9,600,58,3,"e00fce6808784ceaf209f949",2026-08-30 21:20:03.584,2026-08-30 21:20:03.81,2026-08-30 21:20:03.81,2026-08-30
"1229","r5TFfp5tZs","MOOSPMv3Parser",1788124801,2,2,3,4,4,3,4,5,5,4,608,185,110388,35,24,4,24,24,0,0,24,1,34,37,24,24,24.676,90,4,36.433659,-119.923363,22.844,8,600,58,3,"e00fce6876826e255108c6bd",2026-08-30 21:20:04.026,2026-08-30 21:20:04.207,2026-08-30 21:20:04.207,2026-08-30
"1230","MESXDzQv8j","MOOSPMv3Parser",1788124800,6,6,6,10,10,7,7,11,11,7,1550,380,127342,78,50,4,50,50,36,7,50,0,42,42,14,18,512.552,76,1,36.139008,-120.368416,170.128998,7,600,58,3,"e00fce6850cac69f647dc199",2026-08-30 21:20:04.817,2026-08-30 21:20:04.971,2026-08-30 21:20:04.971,2026-08-30
"1231","8oTU4r4CoC","MOOSPMv3Parser",1788124800,3,3,4,5,5,4,4,5,5,4,983,266,1038,36,28,2,28,28,35,21,28,0,34,40,29,25,37.041,102,1,36.523399,-119.27887,75.517998,7,600,58,3,"e00fce68f12da1a0c5de6248",2026-08-30 21:20:07.335,2026-08-30 21:20:07.515,2026-08-30 21:20:07.515,2026-08-30
"1232","RgFEDjo6YT","MOOSPMv3Parser",1788125401,0,0,2,0,0,2,2,0,0,2,220,132,596,17,14,2,14,14,37,19,14,0,35,40,21,19,32.283,7,1,35.963097,-119.291756,66.385002,7,600,58,3,"e00fce68d6b773b56ce8baa0",2026-08-30 21:30:02.598,2026-08-30 21:30:02.822,2026-08-30 21:30:02.822,2026-08-30
"1233","oxAcKvjy9x","MOOSPMv3Parser",1788125401,1,1,2,3,3,2,2,3,3,2,1114,163,47279,24,17,1,17,17,35,10,17,0,35,41,19,18,37.777,28,1,35.775097,-119.23851,66.831001,13,600,58,3,"e00fce68e88237db75a60608",2026-08-30 21:30:02.562,2026-08-30 21:30:02.913,2026-08-30 21:30:02.913,2026-08-30
"1234","Bu7nFR7Ug3","MOOSPMv3Parser",1788125400,3,3,0,5,5,0,0,5,5,0,981,227,0,42,0,3,0,0,34,9,0,2,35,40,22,20,37.41,16,1,36.187431,-119.822014,12.173,7,600,58,3,"e00fce68e739ecbcf9e91965",2026-08-30 21:30:02.595,2026-08-30 21:30:02.943,2026-08-30 21:30:02.943,2026-08-30
"1235","WLLsLSk6lc","MOOSPMv3Parser",1788125400,7,7,6,10,10,6,6,10,10,6,1492,416,138703,73,44,3,44,44,38,8,44,0,37,44,18,16,42.87,76,3277,3.5e-05,0.002353,16387.681641,10,600,58,3,"e00fce68e28dcbc9a589be10",2026-08-30 21:30:02.592,2026-08-30 21:30:02.963,2026-08-30 21:30:02.963,2026-08-30
"1236","82ZCNdHLRI","MOOSPMv3Parser",1788125400,1,1,2,2,2,2,2,2,2,2,524,135,154947,19,12,1,12,12,33,9,12,0,34,38,20,20,34.801,11,1,35.949482,-119.050003,107.143997,10,600,58,3,"e00fce6808784ceaf209f949",2026-08-30 21:30:03.408,2026-08-30 21:30:03.565,2026-08-30 21:30:03.565,2026-08-30
"1237","i8GyJ5ZFF3","MOOSPMv3Parser",1788125401,2,2,2,3,3,2,2,4,4,2,1122,166,3185,25,17,1,17,17,30,14,17,0,32,34,24,25,45.415,33,1,36.503143,-120.325401,64.874001,0,600,58,3,"e00fce68e77e43df92405fdb",2026-08-30 21:30:03.423,2026-08-30 21:30:03.593,2026-08-30 21:30:03.593,2026-08-30
"1238","uZDk3lEUzg","MOOSPMv3Parser",1788125400,4,4,3,5,5,4,4,6,6,4,996,266,1061,39,26,2,26,26,35,20,27,0,35,40,29,25,35.911,104,1,36.523361,-119.27874,72.556999,7,600,58,3,"e00fce68f12da1a0c5de6248",2026-08-30 21:30:03.707,2026-08-30 21:30:03.906,2026-08-30 21:30:03.906,2026-08-30
"1239","qIEIuxLimH","MOOSPMv3Parser",1788125401,0,0,2,0,0,2,2,0,0,2,273,171,2746,24,14,1,14,14,35,20,14,0,35,41,20,17,33.009,97,1,36.198906,-120.104408,79.893997,9,600,58,3,"e00fce686dc2ef0a68fa40b0",2026-08-30 21:30:03.776,2026-08-30 21:30:04.004,2026-08-30 21:30:04.004,2026-08-30
"1240","f7XQRxxYBP","MOOSPMv3Parser",1788125401,3,3,4,5,5,4,4,6,6,4,679,207,110411,39,27,4,28,28,0,0,28,1,34,37,23,23,24.71,90,4,36.433674,-119.923332,29.462999,9,600,58,3,"e00fce6876826e255108c6bd",2026-08-30 21:30:03.876,2026-08-30 21:30:04.054,2026-08-30 21:30:04.054,2026-08-30
"1241","xzM5CIJncj","MOOSPMv3Parser",1788125400,6,6,6,10,10,7,7,10,10,7,1552,379,127383,77,49,4,49,49,36,7,49,0,42,42,15,18,512.564,79,1,36.139038,-120.368385,171.315994,9,600,58,3,"e00fce6850cac69f647dc199",2026-08-30 21:30:04.515,2026-08-30 21:30:04.683,2026-08-30 21:30:04.683,2026-08-30
"1242","kqfkJuE9w5","MOOSPMv3Parser",1788126001,0,0,2,0,0,2,2,0,0,2,231,144,608,19,14,2,14,14,36,19,14,0,35,40,20,19,31.86,9,1,35.963203,-119.29184,43.591999,7,600,58,3,"e00fce68d6b773b56ce8baa0",2026-08-30 21:40:02.225,2026-08-30 21:40:02.457,2026-08-30 21:40:02.457,2026-08-30
"1243","IHLD6PkR6P","MOOSPMv3Parser",1788126000,3,3,0,5,5,0,0,5,5,0,983,226,0,39,0,2,0,0,34,9,0,2,35,40,22,21,37.772,14,1,36.187523,-119.822052,20.188,10,600,58,3,"e00fce68e739ecbcf9e91965",2026-08-30 21:40:02.368,2026-08-30 21:40:02.581,2026-08-30 21:40:02.581,2026-08-30
"1244","FWvcxfbxAd","MOOSPMv3Parser",1788126001,2,2,2,3,3,2,2,3,3,2,1153,169,47295,24,18,2,18,18,35,10,18,0,35,39,20,19,38.61,21,1,35.775108,-119.23851,64.032997,9,600,58,3,"e00fce68e88237db75a60608",2026-08-30 21:40:02.427,2026-08-30 21:40:02.7,2026-08-30 21:40:02.7,2026-08-30
"1245","tlBbODAgU7","MOOSPMv3Parser",1788126000,8,8,6,12,12,7,7,12,12,7,1683,474,138747,83,51,3,51,51,38,7,51,0,38,44,18,15,43.94,62,3277,3.5e-05,0.002353,16387.681641,10,600,58,3,"e00fce68e28dcbc9a589be10",2026-08-30 21:40:02.637,2026-08-30 21:40:02.879,2026-08-30 21:40:02.879,2026-08-30
"1246","XddTc7yCZi","MOOSPMv3Parser",1788126000,4,4,4,6,6,4,4,7,7,4,1121,305,1087,44,30,3,30,30,35,21,30,0,35,40,29,26,37.1,116,1,36.523369,-119.278717,79.037003,7,600,58,3,"e00fce68f12da1a0c5de6248",2026-08-30 21:40:03.105,2026-08-30 21:40:03.287,2026-08-30 21:40:03.287,2026-08-30
"1247","kwPRdM2SvM","MOOSPMv3Parser",1788126001,2,2,2,3,3,2,2,4,4,2,1152,168,3199,23,16,2,16,16,30,14,16,0,33,34,24,25,45.37,32,1,36.503136,-120.325363,56.088001,12,600,58,3,"e00fce68e77e43df92405fdb",2026-08-30 21:40:03.304,2026-08-30 21:40:03.503,2026-08-30 21:40:03.503,2026-08-30
"1248","hHHTGnKFxb","MOOSPMv3Parser",1788126000,1,1,2,2,2,2,2,2,2,2,504,128,154957,18,12,1,12,12,33,9,12,0,34,38,22,20,36.225,7,1,35.949486,-119.049965,107.078003,7,600,58,3,"e00fce6808784ceaf209f949",2026-08-30 21:40:03.396,2026-08-30 21:40:03.588,2026-08-30 21:40:03.588,2026-08-30
"1249","yxa4kXyPDq","MOOSPMv3Parser",1788126001,0,0,2,0,0,2,2,0,0,2,290,184,2759,28,16,2,16,16,35,21,16,0,35,40,21,18,34.559,87,1,36.198822,-120.104385,73.328003,9,600,58,3,"e00fce686dc2ef0a68fa40b0",2026-08-30 21:40:03.453,2026-08-30 21:40:03.633,2026-08-30 21:40:03.633,2026-08-30
"1250","Q33hnmqVxg","MOOSPMv3Parser",1788126001,2,2,3,4,4,3,3,5,5,3,595,181,110431,34,22,3,22,23,0,0,23,0,34,37,23,24,25.653,90,4,36.433559,-119.923286,10.514,10,600,58,3,"e00fce6876826e255108c6bd",2026-08-30 21:40:03.956,2026-08-30 21:40:04.166,2026-08-30 21:40:04.166,2026-08-30
"1251","dYIgzyrngc","MOOSPMv3Parser",1788126000,6,6,7,10,10,7,7,11,11,7,1618,397,127430,82,54,4,54,54,36,7,54,0,42,42,15,18,512.587,77,1,36.139008,-120.368378,166.906998,13,600,58,3,"e00fce6850cac69f647dc199",2026-08-30 21:40:04.18,2026-08-30 21:40:04.363,2026-08-30 21:40:04.363,2026-08-30
"1252","6KVlR3NZwp","MOOSPMv3Parser",1788126600,3,3,0,6,6,0,0,7,7,0,1088,261,0,51,0,4,0,0,34,9,0,2,35,40,22,21,38.326,15,1,36.187523,-119.822052,20.188999,0,600,58,3,"e00fce68e739ecbcf9e91965",2026-08-30 21:50:02.513,2026-08-30 21:50:02.718,2026-08-30 21:50:02.718,2026-08-30
"1253","2YNDVBIZAE","MOOSPMv3Parser",1788126601,2,2,2,3,3,3,3,3,3,3,1209,187,47312,27,19,2,20,20,34,10,20,0,35,40,20,20,39.492,16,1,35.775078,-119.238487,62.373001,11,600,58,3,"e00fce68e88237db75a60608",2026-08-30 21:50:02.508,2026-08-30 21:50:02.721,2026-08-30 21:50:02.721,2026-08-30
"1254","BIGXxBNYxJ","MOOSPMv3Parser",1788126601,0,0,2,0,0,2,2,0,0,2,225,136,620,19,14,1,14,14,37,19,14,0,35,41,20,19,33.426,7,1,35.963169,-119.291893,48.508999,7,600,58,3,"e00fce68d6b773b56ce8baa0",2026-08-30 21:50:02.591,2026-08-30 21:50:02.844,2026-08-30 21:50:02.844,2026-08-30
"1255","2G9pfBqOOz","MOOSPMv3Parser",1788126600,7,7,6,11,11,6,6,11,11,6,1570,446,138788,83,47,3,47,47,38,7,47,0,38,44,17,15,43.678,54,3277,3.5e-05,0.002353,16387.681641,10,600,58,3,"e00fce68e28dcbc9a589be10",2026-08-30 21:50:02.764,2026-08-30 21:50:02.983,2026-08-30 21:50:02.983,2026-08-30
"1256","soUMFvoh7N","MOOSPMv3Parser",1788126600,2,2,2,3,3,2,2,3,3,2,571,146,154970,21,14,1,14,14,33,9,14,0,34,38,21,21,36.101,5,1,35.949539,-119.049934,111.487,10,600,58,3,"e00fce6808784ceaf209f949",2026-08-30 21:50:03.325,2026-08-30 21:50:03.5,2026-08-30 21:50:03.5,2026-08-30
"1257","5HxGUnBF1N","MOOSPMv3Parser",1788126601,3,3,2,4,4,2,2,5,5,2,1273,197,3215,29,18,2,18,18,30,13,18,0,32,34,23,23,46.661,32,1,36.503185,-120.325371,68.126999,9,600,58,3,"e00fce68e77e43df92405fdb",2026-08-30 21:50:03.337,2026-08-30 21:50:03.555,2026-08-30 21:50:03.555,2026-08-30
"1258","guShSrYskp","MOOSPMv3Parser",1788126601,3,3,3,5,5,3,4,5,5,4,646,197,110452,35,25,2,25,25,0,0,25,0,35,37,22,23,25.117,90,4,36.433624,-119.923355,12.322,9,600,58,3,"e00fce6876826e255108c6bd",2026-08-30 21:50:03.932,2026-08-30 21:50:04.13,2026-08-30 21:50:04.13,2026-08-30
"1259","WZAZTOv8iD","MOOSPMv3Parser",1788126601,0,0,2,0,0,2,2,1,1,2,307,198,2773,31,16,2,16,16,35,21,16,0,36,41,20,18,32.739,107,1,36.198769,-120.1045,45.863998,6,600,58,3,"e00fce686dc2ef0a68fa40b0",2026-08-30 21:50:04.104,2026-08-30 21:50:04.323,2026-08-30 21:50:04.323,2026-08-30
"1260","215Wtjuqp9","MOOSPMv3Parser",1788126600,7,7,8,12,12,8,8,13,13,8,1783,447,127484,94,62,6,62,62,36,7,62,0,42,42,15,18,512.555,72,1,36.139042,-120.368401,172.042007,8,600,58,3,"e00fce6850cac69f647dc199",2026-08-30 21:50:04.678,2026-08-30 21:50:04.855,2026-08-30 21:50:04.855,2026-08-30
"1261","GLYCaxv373","MOOSPMv3Parser",1788126600,5,5,4,7,7,5,5,8,8,5,1246,341,1116,48,34,2,34,34,35,21,34,0,35,40,29,25,38.069,121,1,36.523335,-119.278633,93.945999,8,600,58,3,"e00fce68f12da1a0c5de6248",2026-08-30 21:50:06.967,2026-08-30 21:50:07.131,2026-08-30 21:50:07.131,2026-08-30
"1262","dYvt4BC2f0","MOOSPMv3Parser",1788127201,0,0,2,0,0,2,2,0,0,2,231,143,632,21,15,2,15,15,37,19,15,0,35,41,20,19,31.991,13,1,35.96312,-119.291756,53.744999,6,600,58,3,"e00fce68d6b773b56ce8baa0",2026-08-30 22:00:02.293,2026-08-30 22:00:02.557,2026-08-30 22:00:02.557,2026-08-30
"1263","3c3m5cxH2f","MOOSPMv3Parser",1788127201,2,2,3,4,4,3,3,4,4,3,1188,195,47329,31,20,2,20,20,34,10,20,0,35,39,20,20,41.275,14,1,35.775032,-119.238541,70.214996,13,600,58,3,"e00fce68e88237db75a60608",2026-08-30 22:00:02.672,2026-08-30 22:00:02.949,2026-08-30 22:00:02.949,2026-08-30
"1264","iAkFWAWgMB","MOOSPMv3Parser",1788127200,3,3,0,6,6,0,0,7,7,0,1130,268,0,51,0,4,0,0,34,10,0,2,35,40,23,21,38.889,14,1,36.187511,-119.822006,24.285999,9,600,58,3,"e00fce68e739ecbcf9e91965",2026-08-30 22:00:02.535,2026-08-30 22:00:02.975,2026-08-30 22:00:02.975,2026-08-30
"1265","ks0oqYf9X5","MOOSPMv3Parser",1788127200,5,5,4,8,8,4,4,8,8,4,1309,351,1144,50,33,2,33,33,34,21,33,0,34,40,29,26,39.596,88,1,36.523308,-119.278755,93.363998,7,600,58,3,"e00fce68f12da1a0c5de6248",2026-08-30 22:00:02.717,2026-08-30 22:00:03.266,2026-08-30 22:00:03.266,2026-08-30
"1266","hmeaS0c2YL","MOOSPMv3Parser",1788127200,9,9,7,13,13,8,8,13,13,8,1825,513,138837,96,57,4,58,58,38,7,58,0,38,44,18,16,44.747,47,3277,3.5e-05,0.002353,16387.681641,10,600,58,3,"e00fce68e28dcbc9a589be10",2026-08-30 22:00:02.591,2026-08-30 22:00:03.6,2026-08-30 22:00:03.6,2026-08-30
"1267","yZNY7z7qG9","MOOSPMv3Parser",1788127201,0,0,2,1,1,2,2,1,1,2,322,210,2787,32,18,2,18,18,36,20,18,0,36,41,19,17,33.387,105,1,36.198811,-120.104507,77.134003,6,600,58,3,"e00fce686dc2ef0a68fa40b0",2026-08-30 22:00:02.991,2026-08-30 22:00:03.719,2026-08-30 22:00:03.719,2026-08-30
"1268","M42UyUUAFZ","MOOSPMv3Parser",1788127201,3,3,3,5,5,3,3,5,5,3,1303,207,3233,31,21,2,21,21,31,13,21,0,33,35,22,23,47.509,30,1,36.503075,-120.325378,60.122002,6,600,58,3,"e00fce68e77e43df92405fdb",2026-08-30 22:00:03.324,2026-08-30 22:00:04.078,2026-08-30 22:00:04.078,2026-08-30
"1269","Gv6KrEpBeb","MOOSPMv3Parser",1788127200,2,2,2,3,3,2,2,3,3,2,562,144,154981,22,13,1,13,13,33,10,13,0,34,38,23,22,35.767,7,1,35.949528,-119.050003,117.458,8,600,58,3,"e00fce6808784ceaf209f949",2026-08-30 22:00:03.547,2026-08-30 22:00:04.104,2026-08-30 22:00:04.104,2026-08-30
"1270","4x8PmbVbZ4","MOOSPMv3Parser",1788127201,3,3,3,5,5,3,3,6,6,4,676,205,110473,35,25,4,25,25,0,0,25,0,35,38,21,22,25.223,90,4,36.433685,-119.923264,20.917999,8,600,58,3,"e00fce6876826e255108c6bd",2026-08-30 22:00:03.889,2026-08-30 22:00:04.136,2026-08-30 22:00:04.136,2026-08-30
"1271","PwampEWECI","MOOSPMv3Parser",1788127200,8,8,8,13,13,9,9,14,14,9,1869,469,127542,98,66,7,66,66,36,7,66,0,42,42,15,18,512.581,73,1,36.139011,-120.368401,157.384003,9,600,58,3,"e00fce6850cac69f647dc199",2026-08-30 22:00:04.733,2026-08-30 22:00:04.952,2026-08-30 22:00:04.952,2026-08-30
"1272","zw46S84Ccf","MOOSPMv3Parser",1788127800,4,4,0,7,7,0,0,8,8,0,1226,296,0,57,0,6,0,0,34,9,0,2,36,40,22,21,38.829,15,1,36.187542,-119.821999,38.349998,9,600,58,3,"e00fce68e739ecbcf9e91965",2026-08-30 22:10:02.362,2026-08-30 22:10:02.56,2026-08-30 22:10:02.56,2026-08-30
"1273","gq0kfAyrXv","MOOSPMv3Parser",1788127801,2,2,3,4,4,3,3,4,4,3,1225,205,47348,33,22,2,22,22,34,11,22,0,36,39,20,20,41.885,12,1,35.775013,-119.238564,66.450996,6,600,58,3,"e00fce68e88237db75a60608",2026-08-30 22:10:02.584,2026-08-30 22:10:02.757,2026-08-30 22:10:02.757,2026-08-30
"1274","DajpHvGYgi","MOOSPMv3Parser",1788127801,0,0,2,0,0,2,2,0,0,2,244,153,646,21,16,3,16,16,37,19,16,0,36,41,20,19,32.437,18,1,35.96312,-119.291756,53.745998,0,600,58,3,"e00fce68d6b773b56ce8baa0",2026-08-30 22:10:02.616,2026-08-30 22:10:02.805,2026-08-30 22:10:02.805,2026-08-30
"1275","xDB6n5zJqZ","MOOSPMv3Parser",1788127800,9,9,8,13,13,8,8,14,14,8,1849,523,138889,102,60,5,61,61,37,7,61,0,38,44,17,16,44.344,46,3277,3.5e-05,0.002353,16387.681641,10,600,58,3,"e00fce68e28dcbc9a589be10",2026-08-30 22:10:02.761,2026-08-30 22:10:02.922,2026-08-30 22:10:02.922,2026-08-30
"1276","5oBbocWGwU","MOOSPMv3Parser",1788127801,3,3,3,5,5,3,3,6,6,3,1398,231,3255,36,25,2,25,25,31,13,25,0,33,35,22,24,48.144,29,1,36.503204,-120.325378,62.061001,9,600,58,3,"e00fce68e77e43df92405fdb",2026-08-30 22:10:03.461,2026-08-30 22:10:03.636,2026-08-30 22:10:03.636,2026-08-30
"1277","0j5YaUFDVE","MOOSPMv3Parser",1788127800,2,2,2,3,3,2,2,3,3,2,588,153,154994,24,15,1,15,15,33,10,15,0,34,38,23,22,36.57,8,1,35.949619,-119.049919,122.091003,7,600,58,3,"e00fce6808784ceaf209f949",2026-08-30 22:10:03.487,2026-08-30 22:10:03.646,2026-08-30 22:10:03.646,2026-08-30
"1278","4kFIQifJyX","MOOSPMv3Parser",1788127801,0,0,2,1,1,2,2,1,1,2,320,208,2801,32,16,2,16,16,36,21,16,0,36,41,20,18,34.876,100,1,36.198864,-120.104462,91.757004,6,600,58,3,"e00fce686dc2ef0a68fa40b0",2026-08-30 22:10:03.505,2026-08-30 22:10:03.671,2026-08-30 22:10:03.671,2026-08-30
"1279","CT2uu8CcQm","MOOSPMv3Parser",1788127800,6,6,6,9,9,7,7,10,10,7,1478,364,127586,71,49,4,50,50,36,8,50,0,41,41,15,18,512.483,73,1,36.139069,-120.368362,168.401001,11,600,58,3,"e00fce6850cac69f647dc199",2026-08-30 22:10:03.807,2026-08-30 22:10:03.957,2026-08-30 22:10:03.957,2026-08-30
"1280","DYOigrNK1H","MOOSPMv3Parser",1788127801,2,2,3,4,4,4,4,5,5,4,638,194,110496,35,26,4,26,26,0,0,26,0,35,38,22,22,24.898,90,3,36.433693,-119.923347,37.414001,6,600,58,3,"e00fce6876826e255108c6bd",2026-08-30 22:10:03.801,2026-08-30 22:10:04.049,2026-08-30 22:10:04.049,2026-08-30
"1281","cn4JDBgc5r","MOOSPMv3Parser",1788127800,6,6,5,9,9,5,5,9,9,5,1367,366,1176,50,36,3,36,36,34,22,36,0,34,39,30,27,40.203,87,1,36.523331,-119.278755,71.419998,7,600,58,3,"e00fce68f12da1a0c5de6248",2026-08-30 22:10:07.269,2026-08-30 22:10:07.459,2026-08-30 22:10:07.459,2026-08-30
"1282","fEmiK2kOr9","MOOSPMv3Parser",1788128401,0,0,2,0,0,2,2,0,0,2,238,151,659,23,16,2,16,16,37,19,16,0,36,41,20,19,32.493,15,1,35.963165,-119.291908,71.487999,6,600,58,3,"e00fce68d6b773b56ce8baa0",2026-08-30 22:20:02.209,2026-08-30 22:20:02.397,2026-08-30 22:20:02.397,2026-08-30
"1283","tyGFLH57Cd","MOOSPMv3Parser",1788128400,5,5,0,8,8,0,0,9,9,0,1342,330,0,61,0,7,0,0,34,9,0,2,35,40,22,21,39.314,18,1,36.187538,-119.821938,23.01,9,600,58,3,"e00fce68e739ecbcf9e91965",2026-08-30 22:20:02.366,2026-08-30 22:20:02.52,2026-08-30 22:20:02.52,2026-08-30
"1284","LOH2uqFJZr","MOOSPMv3Parser",1788128400,9,9,7,12,12,8,8,13,13,8,1758,497,138938,95,56,4,56,56,37,7,56,0,38,44,17,16,44.544,45,3277,3.5e-05,0.002353,16387.681641,10,600,58,3,"e00fce68e28dcbc9a589be10",2026-08-30 22:20:02.53,2026-08-30 22:20:02.749,2026-08-30 22:20:02.749,2026-08-30
"1285","Gge6ZhdEAv","MOOSPMv3Parser",1788128401,3,3,3,5,5,3,3,5,5,3,1289,226,47371,36,26,2,26,26,34,11,26,0,35,39,20,20,43.71,11,1,35.775013,-119.238564,66.448997,0,600,58,3,"e00fce68e88237db75a60608",2026-08-30 22:20:02.608,2026-08-30 22:20:02.801,2026-08-30 22:20:02.801,2026-08-30
"1286","7BVsSl6WcX","MOOSPMv3Parser",1788128400,6,6,5,9,9,5,5,9,9,5,1352,367,1208,53,37,3,37,37,33,22,37,0,34,39,31,27,41.208,59,2,36.52322,-119.278831,75.317001,6,600,58,3,"e00fce68f12da1a0c5de6248",2026-08-30 22:20:03.128,2026-08-30 22:20:03.375,2026-08-30 22:20:03.375,2026-08-30
"1287","zC7cv81w9H","MOOSPMv3Parser",1788128401,4,4,3,6,6,4,4,7,7,4,1472,255,3278,42,27,3,27,27,31,13,27,0,33,35,21,23,48.793,31,1,36.503067,-120.325363,47.372002,10,600,58,3,"e00fce68e77e43df92405fdb",2026-08-30 22:20:03.307,2026-08-30 22:20:03.588,2026-08-30 22:20:03.588,2026-08-30
"1288","Idc8KDRhPk","MOOSPMv3Parser",1788128400,2,2,2,3,3,2,2,3,3,2,588,150,155007,21,15,1,15,15,33,10,15,0,34,38,23,22,36.011,7,1,35.949532,-119.049965,111.163002,6,600,58,3,"e00fce6808784ceaf209f949",2026-08-30 22:20:03.467,2026-08-30 22:20:03.618,2026-08-30 22:20:03.618,2026-08-30
"1289","sBcjpAjP9S","MOOSPMv3Parser",1788128401,0,0,2,1,1,2,2,1,1,2,324,213,2815,31,17,2,17,17,36,21,17,0,36,41,20,18,33.081,110,1,36.198742,-120.104446,71.263,5,600,58,3,"e00fce686dc2ef0a68fa40b0",2026-08-30 22:20:03.634,2026-08-30 22:20:03.875,2026-08-30 22:20:03.875,2026-08-30
"1290","sMTznU0JFz","MOOSPMv3Parser",1788128401,3,3,3,5,5,4,4,6,6,4,713,214,110518,39,26,4,26,26,0,0,26,0,35,39,22,22,24.969,90,3,36.433685,-119.923279,23.724001,7,600,58,3,"e00fce6876826e255108c6bd",2026-08-30 22:20:03.98,2026-08-30 22:20:04.186,2026-08-30 22:20:04.186,2026-08-30
"1291","WomGtIYT8j","MOOSPMv3Parser",1788128400,7,7,8,11,11,8,8,12,12,8,1672,420,127637,89,59,4,59,59,36,8,59,0,41,41,16,19,512.497,62,1,36.138981,-120.368423,169.445999,10,600,58,3,"e00fce6850cac69f647dc199",2026-08-30 22:20:04.234,2026-08-30 22:20:04.417,2026-08-30 22:20:04.417,2026-08-30
"1292","D8Af6hmkCx","MOOSPMv3Parser",1788129000,5,5,0,8,8,0,0,9,9,0,1346,333,0,63,0,6,0,0,34,9,0,2,35,39,22,21,39.97,15,1,36.187508,-119.822098,17.371,9,600,58,3,"e00fce68e739ecbcf9e91965",2026-08-30 22:30:02.448,2026-08-30 22:30:02.65,2026-08-30 22:30:02.65,2026-08-30
"1293","3np3EpjhYk","MOOSPMv3Parser",1788129000,9,9,7,13,13,7,7,13,13,7,1800,506,138985,98,55,3,55,55,38,8,55,0,38,44,17,16,43.889,55,3277,3.5e-05,0.002353,16387.681641,10,600,58,3,"e00fce68e28dcbc9a589be10",2026-08-30 22:30:02.603,2026-08-30 22:30:02.824,2026-08-30 22:30:02.824,2026-08-30
"1294","VomjVEnz31","MOOSPMv3Parser",1788129001,3,3,3,5,5,3,3,5,5,3,1173,214,47393,35,25,2,25,25,34,12,25,0,35,39,21,21,45.863,9,1,35.775097,-119.238495,67.278,7,600,58,3,"e00fce68e88237db75a60608",2026-08-30 22:30:02.657,2026-08-30 22:30:02.863,2026-08-30 22:30:02.863,2026-08-30
"1295","rP0juTEtUm","MOOSPMv3Parser",1788129001,0,0,3,1,1,3,3,1,1,3,283,189,676,29,21,3,21,21,37,19,21,0,36,41,20,19,32.819,13,1,35.963181,-119.291939,68.366997,5,600,58,3,"e00fce68d6b773b56ce8baa0",2026-08-30 22:30:02.767,2026-08-30 22:30:02.953,2026-08-30 22:30:02.953,2026-08-30
"1296","BIXQHE1tDu","MOOSPMv3Parser",1788129000,7,7,5,10,10,5,5,10,10,5,1417,391,1241,61,38,2,38,38,33,23,38,0,34,38,30,28,39.355,64,2,36.523365,-119.278793,78.041,6,600,58,3,"e00fce68f12da1a0c5de6248",2026-08-30 22:30:03.112,2026-08-30 22:30:03.301,2026-08-30 22:30:03.301,2026-08-30
"1297","BEtdtj1uMO","MOOSPMv3Parser",1788129000,2,2,2,3,3,2,2,3,3,2,596,157,155020,24,15,1,15,15,33,10,15,0,34,37,22,21,36.46,8,1,35.949612,-119.04995,113.445,6,600,58,3,"e00fce6808784ceaf209f949",2026-08-30 22:30:03.417,2026-08-30 22:30:03.631,2026-08-30 22:30:03.631,2026-08-30
"1298","HEWgVcFwNI","MOOSPMv3Parser",1788129001,5,5,4,7,7,4,4,7,7,4,1613,290,3304,48,29,3,29,29,31,13,29,0,33,35,22,23,49.618,28,1,36.503151,-120.325348,51.705002,7,600,58,3,"e00fce68e77e43df92405fdb",2026-08-30 22:30:03.48,2026-08-30 22:30:03.664,2026-08-30 22:30:03.664,2026-08-30
"1299","L552NDBIRf","MOOSPMv3Parser",1788129001,3,3,4,5,5,4,4,6,6,4,739,227,110543,41,28,3,28,28,0,0,28,0,35,39,21,22,25.755,90,3,36.433495,-119.923386,21.233999,6,600,58,3,"e00fce6876826e255108c6bd",2026-08-30 22:30:03.776,2026-08-30 22:30:03.915,2026-08-30 22:30:03.915,2026-08-30
"1300","yOvHuCxPPL","MOOSPMv3Parser",1788129001,0,0,2,1,1,2,2,1,1,2,342,226,2830,35,17,2,17,17,36,21,17,0,36,41,21,18,34.672,100,1,36.199043,-120.104263,54.040001,5,600,58,3,"e00fce686dc2ef0a68fa40b0",2026-08-30 22:30:04.341,2026-08-30 22:30:04.537,2026-08-30 22:30:04.537,2026-08-30
"1301","deDSbOhroQ","MOOSPMv3Parser",1788129000,5,5,6,9,9,6,6,9,9,6,1412,335,127676,69,44,4,44,44,35,8,44,0,40,41,16,19,512.458,53,1,36.138939,-120.368385,167.550003,8,600,58,3,"e00fce6850cac69f647dc199",2026-08-30 22:30:22.447,2026-08-30 22:30:22.604,2026-08-30 22:30:22.604,2026-08-30
"1302","UWHfTuDcCd","MOOSPMv3Parser",1788129600,6,6,0,10,10,0,0,10,10,0,1630,408,0,75,0,7,0,0,35,9,0,2,36,40,22,21,40.965,11,1,36.187504,-119.822037,19.641001,10,600,58,3,"e00fce68e739ecbcf9e91965",2026-08-30 22:40:02.367,2026-08-30 22:40:02.56,2026-08-30 22:40:02.56,2026-08-30
"1303","BcrOd7GPEx","MOOSPMv3Parser",1788129601,0,0,3,1,1,3,3,1,1,3,293,199,696,33,23,3,23,23,37,19,23,0,36,41,20,19,32.604,10,1,35.963291,-119.291878,73.614998,5,600,58,3,"e00fce68d6b773b56ce8baa0",2026-08-30 22:40:02.444,2026-08-30 22:40:02.608,2026-08-30 22:40:02.608,2026-08-30
"1304","1gRBKgF4x6","MOOSPMv3Parser",1788129600,9,9,7,12,12,7,7,13,13,7,1768,500,139032,93,54,4,54,54,37,7,54,0,38,44,17,16,44.514,53,3277,3.5e-05,0.002353,16387.681641,10,600,58,3,"e00fce68e28dcbc9a589be10",2026-08-30 22:40:02.521,2026-08-30 22:40:02.698,2026-08-30 22:40:02.698,2026-08-30
"1305","60pswF2r3w","MOOSPMv3Parser",1788129601,4,4,3,5,5,4,4,5,5,4,1230,229,47416,37,27,2,27,27,34,12,27,0,36,39,21,21,45.951,9,2,35.775055,-119.23851,61.627998,8,600,58,3,"e00fce68e88237db75a60608",2026-08-30 22:40:02.651,2026-08-30 22:40:02.853,2026-08-30 22:40:02.853,2026-08-30
"1306","3doGgnfldZ","MOOSPMv3Parser",1788129600,6,6,5,9,9,5,5,10,10,5,1344,371,1277,59,40,3,41,41,32,24,41,0,34,38,31,28,39.967,37,2,36.523342,-119.278862,102.560997,5,600,58,3,"e00fce68f12da1a0c5de6248",2026-08-30 22:40:02.926,2026-08-30 22:40:03.115,2026-08-30 22:40:03.115,2026-08-30
"1307","3LC0JuuLos","MOOSPMv3Parser",1788129601,0,0,2,1,1,3,3,1,1,3,348,234,2846,36,19,2,19,19,35,21,19,0,36,41,20,18,34.505,105,1,36.198975,-120.104324,57.722,4,600,58,3,"e00fce686dc2ef0a68fa40b0",2026-08-30 22:40:03.212,2026-08-30 22:40:03.353,2026-08-30 22:40:03.353,2026-08-30
"1308","0meDrLGjT2","MOOSPMv3Parser",1788129601,5,5,4,7,7,4,4,8,8,4,1607,292,3330,47,30,3,31,31,31,13,31,0,33,35,21,24,49.651,35,1,36.503162,-120.325386,57.153,6,600,58,3,"e00fce68e77e43df92405fdb",2026-08-30 22:40:03.293,2026-08-30 22:40:03.45,2026-08-30 22:40:03.45,2026-08-30
"1309","useFvgWV9y","MOOSPMv3Parser",1788129600,2,2,2,4,4,2,2,4,4,2,660,175,155034,29,16,2,16,16,33,10,16,0,34,37,22,21,36.941,6,1,35.949612,-119.04995,113.441002,0,600,58,3,"e00fce6808784ceaf209f949",2026-08-30 22:40:03.478,2026-08-30 22:40:03.674,2026-08-30 22:40:03.674,2026-08-30
"1310","L1OoeR0AgU","MOOSPMv3Parser",1788129601,5,5,4,7,7,4,4,8,8,4,956,294,110572,50,33,3,34,34,0,0,34,0,35,39,21,21,26.339,90,3,36.433636,-119.923347,33.715,10,600,58,3,"e00fce6876826e255108c6bd",2026-08-30 22:40:03.79,2026-08-30 22:40:04.008,2026-08-30 22:40:04.008,2026-08-30
"1311","SqqQQSddmC","MOOSPMv3Parser",1788129600,5,5,7,9,9,7,7,10,10,7,1440,360,127721,77,52,4,53,53,35,8,53,0,40,40,16,19,512.464,46,1,36.138935,-120.368271,179.218002,6,600,58,3,"e00fce6850cac69f647dc199",2026-08-30 22:40:04.813,2026-08-30 22:40:04.986,2026-08-30 22:40:04.986,2026-08-30
"1312","HitDxni2pr","MOOSPMv3Parser",1788130200,7,7,0,12,12,0,0,12,12,0,1839,473,0,89,0,7,0,0,35,9,0,2,36,40,22,21,40.645,17,1,36.187504,-119.822037,19.642,0,600,58,3,"e00fce68e739ecbcf9e91965",2026-08-30 22:50:02.368,2026-08-30 22:50:02.606,2026-08-30 22:50:02.606,2026-08-30
"1313","rsLDHTfn2E","MOOSPMv3Parser",1788130200,9,9,7,13,13,8,8,13,13,8,1783,506,139081,98,56,4,56,56,37,8,56,0,38,44,17,16,44.686,47,3277,3.5e-05,0.002353,16387.681641,10,600,58,3,"e00fce68e28dcbc9a589be10",2026-08-30 22:50:02.521,2026-08-30 22:50:02.72,2026-08-30 22:50:02.72,2026-08-30
"1314","ANqj3S69FL","MOOSPMv3Parser",1788130201,0,0,3,2,2,3,3,2,2,3,309,216,717,35,25,3,25,25,37,19,25,0,36,41,20,19,32.298,13,1,35.96312,-119.291786,51.773998,6,600,58,3,"e00fce68d6b773b56ce8baa0",2026-08-30 22:50:02.529,2026-08-30 22:50:02.722,2026-08-30 22:50:02.722,2026-08-30
"1315","0lryqo6lmp","MOOSPMv3Parser",1788130201,3,3,3,5,5,3,3,5,5,3,1211,215,47438,33,25,1,25,25,34,12,25,0,36,39,21,21,44.787,12,2,35.775055,-119.23848,69.920998,7,600,58,3,"e00fce68e88237db75a60608",2026-08-30 22:50:02.66,2026-08-30 22:50:02.83,2026-08-30 22:50:02.83,2026-08-30
"1316","FGu92ECAQq","MOOSPMv3Parser",1788130200,7,7,5,10,10,6,6,10,10,6,1361,377,1313,61,41,3,41,41,32,23,41,0,34,37,30,28,39.926,32,2,36.523342,-119.278862,102.560997,0,600,58,3,"e00fce68f12da1a0c5de6248",2026-08-30 22:50:03.195,2026-08-30 22:50:03.353,2026-08-30 22:50:03.353,2026-08-30
"1317","A8pVqcd8uU","MOOSPMv3Parser",1788130201,7,7,5,10,10,6,6,11,11,6,1957,393,3366,69,41,4,42,42,-10,-10,42,0,33,36,22,23,51.809,38,1,36.503178,-120.325386,59.172001,7,600,58,3,"e00fce68e77e43df92405fdb",2026-08-30 22:50:03.37,2026-08-30 22:50:03.518,2026-08-30 22:50:03.518,2026-08-30
"1318","e3gJBR7qaJ","MOOSPMv3Parser",1788130200,3,3,2,4,4,2,2,4,4,2,735,193,155050,30,18,1,18,18,32,11,18,0,34,37,23,23,36.849,6,1,35.949596,-119.049904,120.245003,7,600,58,3,"e00fce6808784ceaf209f949",2026-08-30 22:50:03.486,2026-08-30 22:50:03.621,2026-08-30 22:50:03.621,2026-08-30
"1319","2P4UkuH8qz","MOOSPMv3Parser",1788130201,0,0,2,2,2,3,3,2,2,3,367,248,2862,39,19,2,19,19,35,22,19,0,35,41,21,19,35.831,83,1,36.198936,-120.104362,62.172001,5,600,58,3,"e00fce686dc2ef0a68fa40b0",2026-08-30 22:50:03.489,2026-08-30 22:50:03.631,2026-08-30 22:50:03.631,2026-08-30
"1320","3z4ybtJZ24","MOOSPMv3Parser",1788130201,6,6,5,9,9,5,5,10,10,5,1120,348,110606,65,39,3,39,39,0,0,39,0,35,39,22,22,27.343,90,4,36.433609,-119.923347,19.104,9,600,58,3,"e00fce6876826e255108c6bd",2026-08-30 22:50:03.899,2026-08-30 22:50:04.068,2026-08-30 22:50:04.068,2026-08-30
"1321","GjAjS65d4S","MOOSPMv3Parser",1788130200,6,6,7,10,10,7,7,10,10,7,1433,360,127767,79,53,5,53,53,34,8,53,0,40,40,16,19,512.453,35,1,36.138996,-120.368416,173.167007,6,600,58,3,"e00fce6850cac69f647dc199",2026-08-30 22:50:08.186,2026-08-30 22:50:08.362,2026-08-30 22:50:08.362,2026-08-30
"1322","PYY4GEBMN9","MOOSPMv3Parser",1788130801,0,0,3,1,1,3,3,1,1,3,298,200,736,32,22,3,22,22,37,19,22,0,36,41,21,20,33.952,11,1,35.96315,-119.291763,37.098999,5,600,58,3,"e00fce68d6b773b56ce8baa0",2026-08-30 23:00:02.295,2026-08-30 23:00:02.661,2026-08-30 23:00:02.661,2026-08-30
"1323","ZG8CXGBmXI","MOOSPMv3Parser",1788130800,8,8,0,14,14,0,0,15,15,0,2052,539,0,109,0,10,0,0,34,9,0,2,35,40,21,21,41.826,18,1,36.187542,-119.821968,28.716999,9,600,58,3,"e00fce68e739ecbcf9e91965",2026-08-30 23:00:02.447,2026-08-30 23:00:02.892,2026-08-30 23:00:02.892,2026-08-30
"1324","1eoueGRkrS","MOOSPMv3Parser",1788130801,4,4,3,5,5,3,3,5,5,3,1244,220,47460,35,25,1,25,25,34,12,25,0,36,39,21,21,45.091,13,2,35.775032,-119.238503,45.146,7,600,58,3,"e00fce68e88237db75a60608",2026-08-30 23:00:02.501,2026-08-30 23:00:03.135,2026-08-30 23:00:03.135,2026-08-30
"1325","OZbS0pTsTj","MOOSPMv3Parser",1788130800,7,7,6,11,11,7,7,11,11,7,1597,447,139124,81,50,3,50,50,37,8,50,0,38,44,18,17,42.775,73,3277,3.5e-05,0.002353,16387.681641,10,600,58,3,"e00fce68e28dcbc9a589be10",2026-08-30 23:00:02.753,2026-08-30 23:00:03.569,2026-08-30 23:00:03.569,2026-08-30
"1326","W2VaibZrhL","MOOSPMv3Parser",1788130800,3,3,2,4,4,2,2,4,4,2,764,197,155067,34,18,1,18,18,32,11,18,0,34,36,23,23,37.624,5,1,35.949512,-119.049965,102.460999,9,600,58,3,"e00fce6808784ceaf209f949",2026-08-30 23:00:03.407,2026-08-30 23:00:03.901,2026-08-30 23:00:03.901,2026-08-30
"1327","ctTmK494x1","MOOSPMv3Parser",1788130800,8,8,6,11,11,6,6,11,11,6,1610,445,1352,66,45,3,45,45,32,25,45,0,34,37,30,29,40.747,28,2,36.523331,-119.278809,66.238998,6,600,58,3,"e00fce68f12da1a0c5de6248",2026-08-30 23:00:03.101,2026-08-30 23:00:03.936,2026-08-30 23:00:03.936,2026-08-30
"1328","wHOi4fd44l","MOOSPMv3Parser",1788130801,1,1,3,3,3,3,3,3,3,3,388,268,2880,43,21,2,22,22,35,21,22,0,36,41,20,18,35.361,88,1,36.198891,-120.104416,65.211998,8,600,58,3,"e00fce686dc2ef0a68fa40b0",2026-08-30 23:00:03.523,2026-08-30 23:00:04.023,2026-08-30 23:00:04.023,2026-08-30
"1329","kzINK72l2x","MOOSPMv3Parser",1788130801,7,7,5,10,10,6,6,10,10,6,1933,372,3402,66,41,5,41,41,32,12,41,0,34,36,22,23,50.904,42,1,36.503174,-120.325394,64.643997,5,600,58,3,"e00fce68e77e43df92405fdb",2026-08-30 23:00:03.539,2026-08-30 23:00:04.263,2026-08-30 23:00:04.263,2026-08-30
"1330","TcwaHNccMv","MOOSPMv3Parser",1788130801,5,5,5,8,8,5,5,9,9,5,1055,321,110639,58,39,4,39,39,0,0,39,0,36,39,20,21,26.644,90,4,36.433609,-119.923347,19.103001,0,600,58,3,"e00fce6876826e255108c6bd",2026-08-30 23:00:03.85,2026-08-30 23:00:04.3,2026-08-30 23:00:04.3,2026-08-30
"1331","DzydKQuBH7","MOOSPMv3Parser",1788130800,6,6,7,10,10,8,8,11,11,8,1532,381,127816,79,56,4,57,57,34,8,57,0,40,39,16,20,512.472,28,1,36.138996,-120.368416,173.166,0,600,58,3,"e00fce6850cac69f647dc199",2026-08-30 23:00:04.172,2026-08-30 23:00:04.576,2026-08-30 23:00:04.576,2026-08-30
"1332","faOU1IlJNF","MOOSPMv3Parser",1788131401,4,4,3,6,6,3,3,6,6,3,1222,229,47482,38,25,2,25,25,34,12,25,0,35,39,21,21,45.545,16,2,35.77504,-119.238571,64.639,7,600,58,3,"e00fce68e88237db75a60608",2026-08-30 23:10:02.489,2026-08-30 23:10:02.654,2026-08-30 23:10:02.654,2026-08-30
"1333","iktcBqEf02","MOOSPMv3Parser",1788131401,0,0,3,1,1,3,3,1,1,3,302,207,755,33,22,3,22,23,36,21,23,0,37,40,22,22,35.868,9,1,35.963158,-119.291817,45.747002,8,600,58,3,"e00fce68d6b773b56ce8baa0",2026-08-30 23:10:02.56,2026-08-30 23:10:02.703,2026-08-30 23:10:02.703,2026-08-30
"1334","btUVYVAcoz","MOOSPMv3Parser",1788131400,9,9,0,15,15,0,0,16,16,0,2140,563,0,119,0,12,0,0,35,9,0,2,36,40,22,21,41.237,9,1,36.187542,-119.821953,25.804001,9,600,58,3,"e00fce68e739ecbcf9e91965",2026-08-30 23:10:02.593,2026-08-30 23:10:02.784,2026-08-30 23:10:02.784,2026-08-30
"1335","r3mrCaBqGe","MOOSPMv3Parser",1788131400,7,7,6,10,10,6,6,10,10,6,1491,423,139165,74,48,2,48,48,37,9,48,0,38,43,19,17,41.985,102,3277,3.5e-05,0.002353,16387.681641,10,600,58,3,"e00fce68e28dcbc9a589be10",2026-08-30 23:10:02.604,2026-08-30 23:10:02.794,2026-08-30 23:10:02.794,2026-08-30
"1336","dTZZVSBCoB","MOOSPMv3Parser",1788131400,8,8,6,11,11,6,6,11,11,6,1576,435,1391,67,45,3,45,45,32,26,45,0,34,36,30,30,40.968,36,2,36.523335,-119.27874,84.185997,5,600,58,3,"e00fce68f12da1a0c5de6248",2026-08-30 23:10:02.959,2026-08-30 23:10:03.179,2026-08-30 23:10:03.179,2026-08-30
"1337","m04vbI11zG","MOOSPMv3Parser",1788131400,3,3,2,5,5,3,3,5,5,3,817,216,155084,34,20,2,20,20,32,12,20,0,35,36,23,24,37.429,5,1,35.949612,-119.049843,119.672997,7,600,58,3,"e00fce6808784ceaf209f949",2026-08-30 23:10:03.406,2026-08-30 23:10:03.613,2026-08-30 23:10:03.613,2026-08-30
"1338","sJbpgK7MZ2","MOOSPMv3Parser",1788131401,7,7,5,10,10,6,6,11,11,6,1964,384,3439,67,42,4,42,43,32,12,43,0,34,36,22,23,50.969,43,1,36.503124,-120.325363,47.729,5,600,58,3,"e00fce68e77e43df92405fdb",2026-08-30 23:10:03.626,2026-08-30 23:10:03.793,2026-08-30 23:10:03.793,2026-08-30
"1339","bGpf3LYSRH","MOOSPMv3Parser",1788131401,5,5,5,8,8,5,5,9,9,5,1019,312,110673,53,38,3,38,38,0,0,38,0,35,39,21,21,26.92,91,3,36.433586,-119.923355,20.194,9,600,58,3,"e00fce6876826e255108c6bd",2026-08-30 23:10:03.863,2026-08-30 23:10:04.064,2026-08-30 23:10:04.064,2026-08-30
"1340","JJkNqHhIYW","MOOSPMv3Parser",1788131401,0,0,3,2,2,3,3,2,2,3,369,250,2897,38,20,2,20,20,35,21,20,0,36,40,21,18,36.782,76,1,36.198837,-120.104477,60.011002,7,600,58,3,"e00fce686dc2ef0a68fa40b0",2026-08-30 23:10:04.095,2026-08-30 23:10:04.217,2026-08-30 23:10:04.217,2026-08-30
"1341","hWsCd2KjJ2","MOOSPMv3Parser",1788131400,6,6,7,10,10,8,8,11,11,8,1524,383,127866,80,57,4,58,58,34,8,58,0,40,39,16,20,512.51,23,1,36.139027,-120.368362,174.154007,8,600,58,3,"e00fce6850cac69f647dc199",2026-08-30 23:10:07.64,2026-08-30 23:10:07.786,2026-08-30 23:10:07.786,2026-08-30
"1342","Q2Y18K01rv","MOOSPMv3Parser",1788132001,1,1,4,3,3,4,4,3,3,4,362,261,782,46,32,3,32,32,36,21,32,0,36,40,22,22,36.66,5,1,35.9631,-119.291817,58.641998,7,600,58,3,"e00fce68d6b773b56ce8baa0",2026-08-30 23:20:02.357,2026-08-30 23:20:02.556,2026-08-30 23:20:02.556,2026-08-30
"1343","SagfbLsASC","MOOSPMv3Parser",1788132000,9,9,0,15,15,0,0,16,16,0,2179,571,0,114,0,8,0,0,34,9,0,2,36,40,21,21,41.154,12,1,36.187412,-119.822029,3.772,9,600,58,3,"e00fce68e739ecbcf9e91965",2026-08-30 23:20:02.441,2026-08-30 23:20:02.587,2026-08-30 23:20:02.587,2026-08-30
"1344","6fLP4ZqRYz","MOOSPMv3Parser",1788132000,7,7,6,10,10,6,6,10,10,6,1459,408,139206,73,48,3,48,48,37,9,48,0,38,43,19,18,41.809,109,3277,3.5e-05,0.002353,16387.681641,10,600,58,3,"e00fce68e28dcbc9a589be10",2026-08-30 23:20:02.534,2026-08-30 23:20:02.712,2026-08-30 23:20:02.712,2026-08-30
"1345","VAjo8hqn7d","MOOSPMv3Parser",1788132001,4,4,3,6,6,3,3,6,6,3,1264,233,47504,37,25,2,25,25,34,12,25,0,36,39,21,21,45.797,15,2,35.775043,-119.238541,62.612,6,600,58,3,"e00fce68e88237db75a60608",2026-08-30 23:20:02.729,2026-08-30 23:20:02.936,2026-08-30 23:20:02.936,2026-08-30
"1346","W4TvqGngnM","MOOSPMv3Parser",1788132001,0,0,3,2,2,3,3,2,2,3,369,249,2914,37,20,2,20,20,35,22,20,0,35,40,21,20,35.902,64,1,36.198833,-120.104401,71.719002,7,600,58,3,"e00fce686dc2ef0a68fa40b0",2026-08-30 23:20:03.251,2026-08-30 23:20:03.436,2026-08-30 23:20:03.436,2026-08-30
"1347","FuH56TGA7Z","MOOSPMv3Parser",1788132001,8,8,6,12,12,7,7,13,13,7,2182,442,3482,76,49,6,49,49,32,12,49,0,33,36,21,23,52.405,36,1,36.503124,-120.325363,47.724998,0,600,58,3,"e00fce68e77e43df92405fdb",2026-08-30 23:20:03.467,2026-08-30 23:20:03.703,2026-08-30 23:20:03.703,2026-08-30
"1348","JQSQYlrWXB","MOOSPMv3Parser",1788132000,4,4,3,6,6,3,3,6,6,3,882,235,155101,38,20,2,21,21,32,12,21,0,35,36,23,24,38.009,5,2,35.949547,-119.050026,97.695999,7,600,58,3,"e00fce6808784ceaf209f949",2026-08-30 23:20:03.478,2026-08-30 23:20:03.719,2026-08-30 23:20:03.719,2026-08-30
"1349","sv9yFzkxDa","MOOSPMv3Parser",1788132001,6,6,5,8,8,5,5,9,9,5,1070,328,110708,57,41,4,41,41,0,0,41,0,36,39,21,21,26.461,91,3,36.433567,-119.923317,18.26,7,600,58,3,"e00fce6876826e255108c6bd",2026-08-30 23:20:04.048,2026-08-30 23:20:04.233,2026-08-30 23:20:04.233,2026-08-30
"1350","F9KS64bBP3","MOOSPMv3Parser",1788132000,6,6,8,10,10,8,8,11,11,8,1537,384,127919,79,61,5,61,61,33,9,61,0,39,38,17,20,512.588,19,1,36.138893,-120.368179,159.860992,6,600,58,3,"e00fce6850cac69f647dc199",2026-08-30 23:20:04.814,2026-08-30 23:20:04.998,2026-08-30 23:20:04.998,2026-08-30
"1351","6nQ4H52NRz","MOOSPMv3Parser",1788132000,9,9,6,12,12,6,6,13,13,6,1733,482,1434,74,48,3,48,48,32,25,48,0,34,36,30,30,42.064,38,3,36.523308,-119.278885,49.698002,6,600,58,3,"e00fce68f12da1a0c5de6248",2026-08-30 23:20:11.901,2026-08-30 23:20:12.059,2026-08-30 23:20:12.059,2026-08-30
"1352","qarAdXWbPi","MOOSPMv3Parser",1788132600,10,10,0,17,17,0,0,18,18,0,2424,631,0,127,0,12,0,0,35,9,0,2,36,40,23,21,41.326,19,1,36.187439,-119.822144,-2.027,7,600,58,3,"e00fce68e739ecbcf9e91965",2026-08-30 23:30:02.536,2026-08-30 23:30:02.733,2026-08-30 23:30:02.733,2026-08-30
"1353","wCrFeEuEZA","MOOSPMv3Parser",1788132601,4,4,4,6,6,4,4,6,6,4,1318,249,47529,41,29,3,29,29,34,12,29,0,35,39,21,21,45.581,14,2,35.775105,-119.238495,58.441002,5,600,58,3,"e00fce68e88237db75a60608",2026-08-30 23:30:02.66,2026-08-30 23:30:02.859,2026-08-30 23:30:02.859,2026-08-30
"1354","RPGvT4ufSX","MOOSPMv3Parser",1788132600,7,7,6,10,10,6,6,10,10,6,1467,412,139245,75,46,3,46,46,36,9,46,0,38,43,19,18,41.468,107,3277,3.5e-05,0.002353,16387.681641,10,600,58,3,"e00fce68e28dcbc9a589be10",2026-08-30 23:30:02.614,2026-08-30 23:30:02.867,2026-08-30 23:30:02.867,2026-08-30
"1355","4uoOGkCcA8","MOOSPMv3Parser",1788132601,0,0,4,2,2,4,4,3,3,4,350,245,807,41,30,5,30,30,36,21,30,0,36,39,23,23,36.828,4,1,35.963089,-119.291771,48.59,6,600,58,3,"e00fce68d6b773b56ce8baa0",2026-08-30 23:30:02.764,2026-08-30 23:30:03.003,2026-08-30 23:30:03.003,2026-08-30
"1356","tjYIOdLrly","MOOSPMv3Parser",1788132600,8,8,6,11,11,6,6,11,11,6,1535,427,1473,63,45,3,45,46,31,27,46,0,34,36,31,31,42.781,36,3,36.523293,-119.27887,77.535004,5,600,58,3,"e00fce68f12da1a0c5de6248",2026-08-30 23:30:03.249,2026-08-30 23:30:03.414,2026-08-30 23:30:03.414,2026-08-30
"1357","LbpNeqwApN","MOOSPMv3Parser",1788132601,8,8,6,12,12,7,7,13,13,7,2190,443,3525,83,50,6,50,50,32,12,50,0,34,36,22,23,52.702,33,1,36.503181,-120.325409,66.969002,5,600,58,3,"e00fce68e77e43df92405fdb",2026-08-30 23:30:03.375,2026-08-30 23:30:03.529,2026-08-30 23:30:03.529,2026-08-30
"1358","nM1XkUh4p5","MOOSPMv3Parser",1788132600,4,4,3,6,6,3,3,6,6,3,963,257,155119,42,22,2,22,22,32,12,22,0,34,36,23,24,37.523,5,2,35.949547,-119.04998,95.639999,8,600,58,3,"e00fce6808784ceaf209f949",2026-08-30 23:30:03.485,2026-08-30 23:30:03.659,2026-08-30 23:30:03.659,2026-08-30
"1359","pN7AQDrnbB","MOOSPMv3Parser",1788132601,0,0,3,3,3,3,3,3,3,3,393,272,2931,44,21,2,21,21,34,21,21,0,36,40,20,18,37.02,82,1,36.198792,-120.104393,63.316002,7,600,58,3,"e00fce686dc2ef0a68fa40b0",2026-08-30 23:30:03.607,2026-08-30 23:30:03.769,2026-08-30 23:30:03.769,2026-08-30
"1360","cfjKGkpOvM","MOOSPMv3Parser",1788132601,4,4,4,7,7,4,4,8,8,4,865,263,110736,52,32,4,32,32,0,0,32,0,35,39,21,22,27.303,91,3,36.43351,-119.923332,33.654999,8,600,58,3,"e00fce6876826e255108c6bd",2026-08-30 23:30:04.139,2026-08-30 23:30:04.278,2026-08-30 23:30:04.278,2026-08-30
"1361","ORCR5L71p7","MOOSPMv3Parser",1788132600,7,7,8,12,12,8,8,13,13,8,1575,402,127974,88,63,6,63,63,33,9,63,0,39,38,17,20,512.656,17,1,36.139015,-120.368408,167.009995,8,600,58,3,"e00fce6850cac69f647dc199",2026-08-30 23:30:21.128,2026-08-30 23:30:21.325,2026-08-30 23:30:21.325,2026-08-30
"1362","vAt5vCVBTr","MOOSPMv3Parser",1788133201,1,1,4,3,3,4,4,4,4,4,381,275,834,45,33,3,33,33,36,21,33,0,36,40,23,23,35.942,5,1,35.963196,-119.291832,48.615002,7,600,58,3,"e00fce68d6b773b56ce8baa0",2026-08-30 23:40:02.444,2026-08-30 23:40:02.685,2026-08-30 23:40:02.685,2026-08-30
"1363","PD9nmn11AY","MOOSPMv3Parser",1788133200,11,11,0,19,19,0,0,20,20,0,2594,687,0,148,0,14,0,0,35,8,0,2,36,40,20,20,41.61,23,1,36.187481,-119.822075,22.215,5,600,58,3,"e00fce68e739ecbcf9e91965",2026-08-30 23:40:02.606,2026-08-30 23:40:02.793,2026-08-30 23:40:02.793,2026-08-30
"1364","R5RyA4nB9z","MOOSPMv3Parser",1788133200,7,7,6,10,10,6,6,10,10,6,1419,400,139284,73,45,4,45,45,36,9,45,0,38,43,19,17,41.424,96,3277,3.5e-05,0.002353,16387.681641,10,600,58,3,"e00fce68e28dcbc9a589be10",2026-08-30 23:40:02.613,2026-08-30 23:40:02.828,2026-08-30 23:40:02.828,2026-08-30
"1365","MRhaStSgWf","MOOSPMv3Parser",1788133201,4,4,4,6,6,4,4,7,7,4,1305,251,47555,45,30,3,30,30,34,12,30,0,36,39,21,21,44.359,13,2,35.775036,-119.23851,71.454002,6,600,58,3,"e00fce68e88237db75a60608",2026-08-30 23:40:02.766,2026-08-30 23:40:02.937,2026-08-30 23:40:02.937,2026-08-30
"1366","saJIG5Ct7V","MOOSPMv3Parser",1788133200,8,8,6,11,11,6,6,12,12,6,1663,459,1515,64,47,2,48,48,31,24,48,0,34,36,28,28,42.573,35,3,36.523323,-119.278694,88.809998,5,600,58,3,"e00fce68f12da1a0c5de6248",2026-08-30 23:40:03.142,2026-08-30 23:40:03.334,2026-08-30 23:40:03.334,2026-08-30
"1367","R19O9MFlMu","MOOSPMv3Parser",1788133200,4,4,3,7,7,3,3,7,7,3,990,268,155142,45,26,3,26,26,31,13,26,0,34,36,24,24,37.229,5,2,35.949417,-119.049919,107.561996,8,600,58,3,"e00fce6808784ceaf209f949",2026-08-30 23:40:03.492,2026-08-30 23:40:03.713,2026-08-30 23:40:03.713,2026-08-30
"1368","u1Ks3WMIUo","MOOSPMv3Parser",1788133201,7,7,5,10,10,6,6,11,11,6,1927,374,3562,66,42,5,42,42,32,12,42,0,34,36,21,23,52.478,35,1,36.503254,-120.325386,55.791,6,600,58,3,"e00fce68e77e43df92405fdb",2026-08-30 23:40:03.541,2026-08-30 23:40:03.729,2026-08-30 23:40:03.729,2026-08-30
"1369","jlFOAwa0qX","MOOSPMv3Parser",1788133201,0,0,3,3,3,3,3,3,3,3,394,274,2950,43,22,3,23,23,34,22,23,0,35,39,21,19,36.299,55,1,36.198898,-120.104439,50.166,7,600,58,3,"e00fce686dc2ef0a68fa40b0",2026-08-30 23:40:03.88,2026-08-30 23:40:04.034,2026-08-30 23:40:04.034,2026-08-30
"1370","EDW4Ce2H1E","MOOSPMv3Parser",1788133201,4,4,5,7,7,5,5,8,8,5,944,287,110770,49,38,4,38,38,0,0,38,0,36,38,22,22,26.996,91,3,36.433495,-119.923325,23.412001,5,600,58,3,"e00fce6876826e255108c6bd",2026-08-30 23:40:03.881,2026-08-30 23:40:04.093,2026-08-30 23:40:04.093,2026-08-30
"1371","yh6qztZ6MB","MOOSPMv3Parser",1788133200,7,7,8,12,12,8,8,12,12,8,1542,400,128029,86,63,5,63,63,33,9,63,0,39,37,17,21,512.718,13,1,36.139057,-120.368301,169.904007,7,600,58,3,"e00fce6850cac69f647dc199",2026-08-30 23:40:04.172,2026-08-30 23:40:04.429,2026-08-30 23:40:04.429,2026-08-30
"1372","ruIKX2uxdA","MOOSPMv3Parser",1788133800,13,13,0,21,21,0,0,23,23,0,2804,755,0,167,0,15,0,0,35,8,0,2,36,40,21,20,42.533,12,1,36.187496,-119.822113,15.756,7,600,58,3,"e00fce68e739ecbcf9e91965",2026-08-30 23:50:02.2,2026-08-30 23:50:02.355,2026-08-30 23:50:02.355,2026-08-30
"1373","GZpqPKjPlS","MOOSPMv3Parser",1788133801,4,4,4,6,6,4,4,6,6,4,1300,251,47579,42,28,3,28,28,34,12,28,0,36,39,20,21,45.086,17,2,35.775051,-119.238609,55.229,5,600,58,3,"e00fce68e88237db75a60608",2026-08-30 23:50:02.589,2026-08-30 23:50:02.798,2026-08-30 23:50:02.798,2026-08-30
"1374","Sk7ubWEHio","MOOSPMv3Parser",1788133800,6,6,6,10,10,6,6,10,10,6,1398,397,139324,77,45,3,45,45,36,9,45,0,38,42,20,18,42.836,70,3277,3.5e-05,0.002353,16387.681641,10,600,58,3,"e00fce68e28dcbc9a589be10",2026-08-30 23:50:02.77,2026-08-30 23:50:02.933,2026-08-30 23:50:02.933,2026-08-30
"1375","ffMg5wQtso","MOOSPMv3Parser",1788133801,0,0,3,2,2,4,4,2,2,4,329,230,857,37,27,3,27,27,36,21,27,0,36,40,22,22,35.732,7,1,35.963253,-119.29187,30.061001,6,600,58,3,"e00fce68d6b773b56ce8baa0",2026-08-30 23:50:02.758,2026-08-30 23:50:02.934,2026-08-30 23:50:02.934,2026-08-30
"1376","kCrqn8gO3D","MOOSPMv3Parser",1788133801,0,0,3,3,3,3,3,3,3,3,377,260,2970,41,24,3,24,24,34,23,24,0,35,39,21,20,35.304,79,1,36.198826,-120.10453,58.372002,6,600,58,3,"e00fce686dc2ef0a68fa40b0",2026-08-30 23:50:02.89,2026-08-30 23:50:03.081,2026-08-30 23:50:03.081,2026-08-30
"1377","UDd18YLBfu","MOOSPMv3Parser",1788133800,9,9,6,12,12,7,7,13,13,7,1756,486,1559,75,50,3,50,50,31,23,50,0,34,36,28,28,42.512,16,3,36.523155,-119.278992,86.536003,5,600,58,3,"e00fce68f12da1a0c5de6248",2026-08-30 23:50:03.016,2026-08-30 23:50:03.165,2026-08-30 23:50:03.165,2026-08-30
"1378","6rAk0qH8fn","MOOSPMv3Parser",1788133801,7,7,6,10,10,6,6,11,11,6,1970,386,3599,70,43,4,44,44,32,12,44,0,34,36,21,22,52.484,33,1,36.503147,-120.325363,49.421001,5,600,58,3,"e00fce68e77e43df92405fdb",2026-08-30 23:50:03.38,2026-08-30 23:50:03.559,2026-08-30 23:50:03.559,2026-08-30
"1379","s6qsfJwjcl","MOOSPMv3Parser",1788133800,5,5,3,7,7,3,3,7,7,3,1049,286,155164,43,25,3,25,25,31,13,25,0,34,36,24,25,37.395,6,2,35.949516,-119.050003,95.759003,7,600,58,3,"e00fce6808784ceaf209f949",2026-08-30 23:50:03.474,2026-08-30 23:50:03.686,2026-08-30 23:50:03.686,2026-08-30
"1380","fk3JP4tO4R","MOOSPMv3Parser",1788133801,6,6,6,10,10,6,6,11,11,6,1209,368,110812,68,48,5,49,49,0,0,49,0,35,38,22,22,26.382,91,3,36.433571,-119.923409,21.931,7,600,58,3,"e00fce6876826e255108c6bd",2026-08-30 23:50:03.994,2026-08-30 23:50:04.194,2026-08-30 23:50:04.194,2026-08-30
"1381","LXJfA5GovV","MOOSPMv3Parser",1788133800,8,8,9,12,12,9,9,13,13,9,1650,418,128089,88,70,5,70,70,32,10,70,0,39,37,17,21,512.731,13,1,36.138973,-120.368408,166.893997,10,600,58,3,"e00fce6850cac69f647dc199",2026-08-30 23:50:04.421,2026-08-30 23:50:04.583,2026-08-30 23:50:04.583,2026-08-30
